date,close,open,high,low,volume,average,barCount
2000-01-03,32.062557220458984,,,,,,
2000-01-04,30.8519287109375,,,,,,
2000-01-05,30.068288803100582,,,,,,
2000-01-06,30.680892944335938,,,,,,
2000-01-07,31.127588272094727,,,,,,
2000-01-10,31.56151008605957,,,,,,
2000-01-11,31.855056762695312,,,,,,
2000-01-12,31.68913078308105,,,,,,
2000-01-13,31.855056762695312,,,,,,
2000-01-14,32.56973648071289,,,,,,
2000-01-18,30.948894500732425,,,,,,
2000-01-19,30.412887573242188,,,,,,
2000-01-20,30.9169979095459,,,,,,
2000-01-21,30.97443199157715,,,,,,
2000-01-24,31.03824043273925,,,,,,
2000-01-25,32.34000778198242,,,,,,
2000-01-26,32.62079620361328,,,,,,
2000-01-27,33.27167892456055,,,,,,
2000-01-28,32.31448745727539,,,,,,
2000-01-31,33.64178466796875,,,,,,
2000-02-01,34.50962829589844,,,,,,
2000-02-02,33.526912689208984,,,,,,
2000-02-03,33.25890350341797,,,,,,
2000-02-04,32.965370178222656,,,,,,
2000-02-07,33.169559478759766,,,,,,
2000-02-08,33.284446716308594,,,,,,
2000-02-09,31.969911575317383,,,,,,
2000-02-10,31.54874610900879,,,,,,
2000-02-11,31.34453773498535,,,,,,
2000-02-14,31.44663429260254,,,,,,
2000-02-15,32.49318313598633,,,,,,
2000-02-16,31.414735794067383,,,,,,
2000-02-17,30.20867919921875,,,,,,
2000-02-18,28.230514526367188,,,,,,
2000-02-22,28.40918159484864,,,,,,
2000-02-23,28.204986572265625,,,,,,
2000-02-24,26.54587173461914,,,,,,
2000-02-25,25.473812103271484,,,,,,
2000-02-28,27.081897735595703,,,,,,
2000-02-29,27.40095901489257,,,,,,
2000-03-01,27.668954849243164,,,,,,
2000-03-02,27.273305892944336,,,,,,
2000-03-03,27.260557174682617,,,,,,
2000-03-06,26.392711639404297,,,,,,
2000-03-07,25.80565071105957,,,,,,
2000-03-08,25.065418243408203,,,,,,
2000-03-09,25.065418243408203,,,,,,
2000-03-10,25.869461059570312,,,,,,
2000-03-13,25.843929290771484,,,,,,
2000-03-14,26.226791381835938,,,,,,
2000-03-15,27.132946014404297,,,,,,
2000-03-16,29.35360145568848,,,,,,
2000-03-17,29.32807922363281,,,,,,
2000-03-20,28.996257781982425,,,,,,
2000-03-21,29.78753471374512,,,,,,
2000-03-22,30.17040061950684,,,,,,
2000-03-23,31.855056762695312,,,,,,
2000-03-24,31.77846336364746,,,,,,
2000-03-27,30.731958389282227,,,,,,
2000-03-28,31.14034652709961,,,,,,
2000-03-29,30.96166038513184,,,,,,
2000-03-30,30.425642013549805,,,,,,
2000-03-31,30.412887573242188,,,,,,
2000-04-03,31.752918243408203,,,,,,
2000-04-04,30.01724624633789,,,,,,
2000-04-05,29.506744384765625,,,,,,
2000-04-06,28.792068481445312,,,,,,
2000-04-07,28.39643096923828,,,,,,
2000-04-10,29.238733291625977,,,,,,
2000-04-11,29.647136688232425,,,,,,
2000-04-12,30.78299140930176,,,,,,
2000-04-13,29.813066482543945,,,,,,
2000-04-14,27.362659454345703,,,,,,
2000-04-17,27.362659454345703,,,,,,
2000-04-18,28.575103759765625,,,,,,
2000-04-19,28.48575782775879,,,,,,
2000-04-20,29.25078010559082,,,,,,
2000-04-24,30.69543838500977,,,,,,
2000-04-25,32.31903076171875,,,,,,
2000-04-26,31.6286849975586,,,,,,
2000-04-27,31.705381393432617,,,,,,
2000-04-28,30.580366134643555,,,,,,
2000-05-01,30.96390914916992,,,,,,
2000-05-02,30.28631591796875,,,,,,
2000-05-03,29.04621315002441,,,,,,
2000-05-04,29.60875129699707,,,,,,
2000-05-05,29.99228477478028,,,,,,
2000-05-08,31.10452651977539,,,,,,
2000-05-09,30.27350807189941,,,,,,
2000-05-10,29.327482223510746,,,,,,
2000-05-11,30.37579345703125,,,,,,
2000-05-12,30.83606338500977,,,,,,
2000-05-15,32.0250129699707,,,,,,
2000-05-16,31.37299919128418,,,,,,
2000-05-17,31.257930755615234,,,,,,
2000-05-18,31.79491424560547,,,,,,
2000-05-19,30.87439727783203,,,,,,
2000-05-22,30.4525203704834,,,,,,
2000-05-23,31.142881393432617,,,,,,
2000-05-24,30.68264389038086,,,,,,
2000-05-25,29.99228477478028,,,,,,
2000-05-26,30.107336044311523,,,,,,
2000-05-30,31.066162109375,,,,,,
2000-05-31,33.137237548828125,,,,,,
2000-06-01,33.06055450439453,,,,,,
2000-06-02,34.6713752746582,,,,,,
2000-06-05,34.13444137573242,,,,,,
2000-06-06,33.137237548828125,,,,,,
2000-06-07,34.63303756713867,,,,,,
2000-06-08,33.75090026855469,,,,,,
2000-06-09,33.02218246459961,,,,,,
2000-06-12,32.92628479003906,,,,,,
2000-06-13,33.4440803527832,,,,,,
2000-06-14,34.82479476928711,,,,,,
2000-06-15,34.05773162841797,,,,,,
2000-06-16,31.60310935974121,,,,,,
2000-06-19,32.830406188964844,,,,,,
2000-06-20,33.137237548828125,,,,,,
2000-06-21,32.29347610473633,,,,,,
2000-06-22,32.79205703735352,,,,,,
2000-06-23,32.90712356567383,,,,,,
2000-06-26,34.47959899902344,,,,,,
2000-06-27,33.25230026245117,,,,,,
2000-06-28,32.677024841308594,,,,,,
2000-06-29,32.21676254272461,,,,,,
2000-06-30,31.98665237426757,,,,,,
2000-07-03,32.14006423950195,,,,,,
2000-07-05,32.035579681396484,,,,,,
2000-07-06,31.92034912109375,,,,,,
2000-07-07,33.0342903137207,,,,,,
2000-07-10,33.72570037841797,,,,,,
2000-07-11,33.226356506347656,,,,,,
2000-07-12,33.802520751953125,,,,,,
2000-07-13,33.84095001220703,,,,,,
2000-07-14,34.76282501220703,,,,,,
2000-07-17,34.60917282104492,,,,,,
2000-07-18,33.917762756347656,,,,,,
2000-07-19,33.84095001220703,,,,,,
2000-07-20,34.95489501953125,,,,,,
2000-07-21,36.414546966552734,,,,,,
2000-07-24,35.07012939453125,,,,,,
2000-07-25,34.340301513671875,,,,,,
2000-07-26,34.1866455078125,,,,,,
2000-07-27,35.83837127685547,,,,,,
2000-07-28,34.41712188720703,,,,,,
2000-07-31,34.839637756347656,,,,,,
2000-08-01,34.99330139160156,,,,,,
2000-08-02,35.26217269897461,,,,,,
2000-08-03,35.64630508422852,,,,,,
2000-08-04,36.76024627685547,,,,,,
2000-08-07,35.83837127685547,,,,,,
2000-08-08,36.10725402832031,,,,,,
2000-08-09,36.64501953125,,,,,,
2000-08-10,36.030418395996094,,,,,,
2000-08-11,36.72183609008789,,,,,,
2000-08-14,36.87548065185547,,,,,,
2000-08-15,36.37611770629883,,,,,,
2000-08-16,35.22378158569336,,,,,,
2000-08-17,35.95359420776367,,,,,,
2000-08-18,35.95359420776367,,,,,,
2000-08-21,36.33771896362305,,,,,,
2000-08-22,35.60789108276367,,,,,,
2000-08-23,35.22378158569336,,,,,,
2000-08-24,34.724403381347656,,,,,,
2000-08-25,34.76282501220703,,,,,,
2000-08-28,36.79866027832031,,,,,,
2000-08-29,36.414546966552734,,,,,,
2000-08-30,36.22248840332031,,,,,,
2000-08-31,36.270484924316406,,,,,,
2000-09-01,35.91519927978516,,,,,,
2000-09-05,36.72183609008789,,,,,,
2000-09-06,36.87548065185547,,,,,,
2000-09-07,36.45295333862305,,,,,,
2000-09-08,37.25959396362305,,,,,,
2000-09-11,37.98942184448242,,,,,,
2000-09-12,37.72056579589844,,,,,,
2000-09-13,37.68212890625,,,,,,
2000-09-14,37.37484359741211,,,,,,
2000-09-15,36.45295333862305,,,,,,
2000-09-18,35.64630508422852,,,,,,
2000-09-19,36.76024627685547,,,,,,
2000-09-20,35.64630508422852,,,,,,
2000-09-21,35.799949645996094,,,,,,
2000-09-22,36.10725402832031,,,,,,
2000-09-25,36.87548065185547,,,,,,
2000-09-26,36.60660171508789,,,,,,
2000-09-27,36.10725402832031,,,,,,
2000-09-28,37.45166397094727,,,,,,
2000-09-29,37.336421966552734,,,,,,
2000-10-02,38.7192611694336,,,,,,
2000-10-03,37.797359466552734,,,,,,
2000-10-04,37.46199417114258,,,,,,
2000-10-05,37.53891754150391,,,,,,
2000-10-06,35.654266357421875,,,,,,
2000-10-09,34.84657287597656,,,,,,
2000-10-10,34.15425109863281,,,,,,
2000-10-11,33.46194839477539,,,,,,
2000-10-12,31.9234619140625,,,,,,
2000-10-13,33.19268798828125,,,,,,
2000-10-16,34.30810546875,,,,,,
2000-10-17,33.07731628417969,,,,,,
2000-10-18,33.38502502441406,,,,,,
2000-10-19,34.50041198730469,,,,,,
2000-10-20,34.50041198730469,,,,,,
2000-10-23,33.46194839477539,,,,,,
2000-10-24,35.15427017211914,,,,,,
2000-10-25,35.308101654052734,,,,,,
2000-10-26,33.50040817260742,,,,,,
2000-10-27,34.3465690612793,,,,,,
2000-10-30,35.96198272705078,,,,,,
2000-10-31,36.92351531982422,,,,,,
2000-11-01,35.92350769042969,,,,,,
2000-11-02,35.461971282958984,,,,,,
2000-11-03,36.6927490234375,,,,,,
2000-11-06,37.30812454223633,,,,,,
2000-11-07,37.50044631958008,,,,,,
2000-11-08,35.69273376464844,,,,,,
2000-11-09,35.846580505371094,,,,,,
2000-11-10,35.11580276489258,,,,,,
2000-11-13,34.38502883911133,,,,,,
2000-11-14,35.26966094970703,,,,,,
2000-11-15,35.50043869018555,,,,,,
2000-11-16,35.53889083862305,,,,,,
2000-11-17,34.50041198730469,,,,,,
2000-11-20,32.385009765625,,,,,,
2000-11-21,32.7696418762207,,,,,,
2000-11-22,31.88501739501953,,,,,,
2000-11-24,31.61575698852539,,,,,,
2000-11-27,32.61577606201172,,,,,,
2000-11-28,33.92347717285156,,,,,,
2000-11-29,35.03888702392578,,,,,,
2000-11-30,33.80809783935547,,,,,,
2000-12-01,33.38502502441406,,,,,,
2000-12-04,32.000389099121094,,,,,,
2000-12-05,33.231163024902344,,,,,,
2000-12-06,33.07731628417969,,,,,,
2000-12-07,32.88499450683594,,,,,,
2000-12-08,33.73117446899414,,,,,,
2000-12-11,34.76963424682617,,,,,,
2000-12-12,34.57733154296875,,,,,,
2000-12-13,34.76963424682617,,,,,,
2000-12-14,34.11579132080078,,,,,,
2000-12-15,33.61579132080078,,,,,,
2000-12-18,34.92350006103516,,,,,,
2000-12-19,33.80809783935547,,,,,,
2000-12-20,31.65423011779785,,,,,,
2000-12-21,32.346534729003906,,,,,,
2000-12-22,32.73116683959961,,,,,,
2000-12-26,32.7696418762207,,,,,,
2000-12-27,32.73116683959961,,,,,,
2000-12-28,33.231163024902344,,,,,,
2000-12-29,33.80809783935547,,,,,,
2001-01-02,32.000389099121094,,,,,,
2001-01-03,34.476524353027344,,,,,,
2001-01-04,33.39794158935547,,,,,,
2001-01-05,31.78003692626953,,,,,,
2001-01-08,30.162145614624023,,,,,,
2001-01-09,28.92947006225586,,,,,,
2001-01-10,28.77537727355957,,,,,,
2001-01-11,29.50728988647461,,,,,,
2001-01-12,29.545793533325195,,,,,,
2001-01-16,29.77694129943848,,,,,,
2001-01-17,30.470308303833008,,,,,,
2001-01-18,30.585872650146484,,,,,,
2001-01-19,29.96954917907715,,,,,,
2001-01-22,27.735315322875977,,,,,,
2001-01-23,28.659812927246094,,,,,,
2001-01-24,28.505725860595703,,,,,,
2001-01-25,28.582767486572266,,,,,,
2001-01-26,28.73686790466309,,,,,,
2001-01-29,29.343944549560547,,,,,,
2001-01-30,29.52885055541992,,,,,,
2001-01-31,29.02963829040528,,,,,,
2001-02-01,29.269983291625977,,,,,,
2001-02-02,29.65212059020996,,,,,,
2001-02-05,29.837026596069336,,,,,,
2001-02-06,28.961833953857425,,,,,,
2001-02-07,28.5797061920166,,,,,,
2001-02-08,29.02963829040528,,,,,,
2001-02-09,28.986469268798828,,,,,,
2001-02-12,29.65212059020996,,,,,,
2001-02-13,28.832399368286133,,,,,,
2001-02-14,28.746103286743164,,,,,,
2001-02-15,28.881715774536133,,,,,,
2001-02-16,29.10357666015625,,,,,,
2001-02-20,28.339330673217773,,,,,,
2001-02-21,27.10048484802246,,,,,,
2001-02-22,27.427148818969727,,,,,,
2001-02-23,27.673667907714844,,,,,,
2001-02-26,27.85857582092285,,,,,,
2001-02-27,28.00649070739746,,,,,,
2001-02-28,27.044998168945312,,,,,,
2001-03-01,26.50261878967285,,,,,,
2001-03-02,26.964879989624023,,,,,,
2001-03-05,26.681377410888672,,,,,,
2001-03-06,26.49647331237793,,,,,,
2001-03-07,27.24223899841309,,,,,,
2001-03-08,27.38400650024414,,,,,,
2001-03-09,26.33621597290039,,,,,,
2001-03-12,24.90015411376953,,,,,,
2001-03-13,25.658239364624023,,,,,,
2001-03-14,23.716772079467773,,,,,,
2001-03-15,24.53034782409668,,,,,,
2001-03-16,23.53186416625977,,,,,,
2001-03-19,23.889339447021484,,,,,,
2001-03-20,22.970996856689453,,,,,,
2001-03-21,21.56573867797852,,,,,,
2001-03-22,21.38700294494629,,,,,,
2001-03-23,22.68130874633789,,,,,,
2001-03-26,23.28533935546875,,,,,,
2001-03-27,24.437891006469727,,,,,,
2001-03-28,24.04343032836914,,,,,,
2001-03-29,24.012615203857425,,,,,,
2001-03-30,25.45485496520996,,,,,,
2001-04-02,24.474863052368164,,,,,,
2001-04-03,23.41476821899414,,,,,,
2001-04-04,22.35860061645508,,,,,,
2001-04-05,23.66182327270508,,,,,,
2001-04-06,22.67358589172364,,,,,,
2001-04-09,22.933006286621094,,,,,,
2001-04-10,23.57535552978516,,,,,,
2001-04-11,23.748279571533203,,,,,,
2001-04-12,24.205341339111328,,,,,,
2001-04-16,23.79768943786621,,,,,,
2001-04-17,24.07563591003418,,,,,,
2001-04-18,26.29913711547852,,,,,,
2001-04-19,26.533843994140625,,,,,,
2001-04-20,25.63209724426269,,,,,,
2001-04-23,25.02062225341797,,,,,,
2001-04-24,25.16886138916016,,,,,,
2001-04-25,25.38504219055176,,,,,,
2001-04-26,25.879154205322266,,,,,,
2001-04-27,27.015613555908203,,,,,,
2001-04-30,26.21266365051269,,,,,,
2001-05-01,26.0953369140625,,,,,,
2001-05-02,26.706787109375,,,,,,
2001-05-03,26.22503662109375,,,,,,
2001-05-04,27.08353805541992,,,,,,
2001-05-07,26.70061111450196,,,,,,
2001-05-08,25.5085678100586,,,,,,
2001-05-09,25.6938533782959,,,,,,
2001-05-10,26.45973777770996,,,,,,
2001-05-11,26.10768318176269,,,,,,
2001-05-14,26.19413375854492,,,,,,
2001-05-15,25.842098236083984,,,,,,
2001-05-16,27.36148452758789,,,,,,
2001-05-17,27.398548126220703,,,,,,
2001-05-18,26.99089241027832,,,,,,
2001-05-21,27.787660598754883,,,,,,
2001-05-22,28.442365646362305,,,,,,
2001-05-23,27.608543395996094,,,,,,
2001-05-24,27.546781539916992,,,,,,
2001-05-25,26.762386322021484,,,,,,
2001-05-29,26.19413375854492,,,,,,
2001-05-30,26.10768318176269,,,,,,
2001-05-31,26.01502990722656,,,,,,
2001-06-01,26.17561912536621,,,,,,
2001-06-04,26.3979606628418,,,,,,
2001-06-05,26.31149673461914,,,,,,
2001-06-06,25.866811752319336,,,,,,
2001-06-07,25.422090530395508,,,,,,
2001-06-08,25.317110061645508,,,,,,
2001-06-11,25.57650756835937,,,,,,
2001-06-12,25.8173942565918,,,,,,
2001-06-13,25.644437789916992,,,,,,
2001-06-14,24.56357192993164,,,,,,
2001-06-15,24.050928115844727,,,,,,
2001-06-18,23.80388259887696,,,,,,
2001-06-19,23.86563491821289,,,,,,
2001-06-20,24.37209892272949,,,,,,
2001-06-21,24.95270156860352,,,,,,
2001-06-22,25.16886138916016,,,,,,
2001-06-25,24.631521224975582,,,,,,
2001-06-26,24.08799362182617,,,,,,
2001-06-27,23.62476348876953,,,,,,
2001-06-28,24.378286361694336,,,,,,
2001-06-29,23.964454650878903,,,,,,
2001-07-02,24.40299415588379,,,,,,
2001-07-03,24.718618392944336,,,,,,
2001-07-05,24.44011878967285,,,,,,
2001-07-06,23.691261291503903,,,,,,
2001-07-09,23.641742706298828,,,,,,
2001-07-10,22.89908027648925,,,,,,
2001-07-11,23.10331916809082,,,,,,
2001-07-12,23.83979797363281,,,,,,
2001-07-13,24.35967063903809,,,,,,
2001-07-16,23.74077415466309,,,,,,
2001-07-17,24.000703811645508,,,,,,
2001-07-18,23.208526611328125,,,,,,
2001-07-19,23.51795959472656,,,,,,
2001-07-20,23.505596160888672,,,,,,
2001-07-23,23.598432540893555,,,,,,
2001-07-24,23.394193649291992,,,,,,
2001-07-25,23.55510139465332,,,,,,
2001-07-26,23.99452018737793,,,,,,
2001-07-27,24.44011878967285,,,,,,
2001-07-30,24.570087432861328,,,,,,
2001-07-31,24.95999336242676,,,,,,
2001-08-01,25.677913665771484,,,,,,
2001-08-02,25.63458633422852,,,,,,
2001-08-03,25.03426170349121,,,,,,
2001-08-06,24.619606018066406,,,,,,
2001-08-07,24.860973358154297,,,,,,
2001-08-08,24.62579727172852,,,,,,
2001-08-09,24.63816261291504,,,,,,
2001-08-10,24.662925720214844,,,,,,
2001-08-13,24.730995178222656,,,,,,
2001-08-14,24.378232955932617,,,,,,
2001-08-15,23.92643547058105,,,,,,
2001-08-16,23.610801696777344,,,,,,
2001-08-17,23.208526611328125,,,,,,
2001-08-20,23.610801696777344,,,,,,
2001-08-21,22.651519775390625,,,,,,
2001-08-22,23.041423797607425,,,,,,
2001-08-23,23.32610511779785,,,,,,
2001-08-24,23.647933959960938,,,,,,
2001-08-27,23.536540985107425,,,,,,
2001-08-28,22.90526962280273,,,,,,
2001-08-29,22.89908027648925,,,,,,
2001-08-30,22.24924087524414,,,,,,
2001-08-31,22.540117263793945,,,,,,
2001-09-04,22.55867576599121,,,,,,
2001-09-05,22.731979370117188,,,,,,
2001-09-06,21.83458137512207,,,,,,
2001-09-07,21.41373634338379,,,,,,
2001-09-10,21.6674747467041,,,,,,
2001-09-17,18.721548080444336,,,,,,
2001-09-18,16.94532012939453,,,,,,
2001-09-19,16.091243743896484,,,,,,
2001-09-20,16.21502685546875,,,,,,
2001-09-21,15.849872589111328,,,,,,
2001-09-24,17.025774002075195,,,,,,
2001-09-25,16.666824340820312,,,,,,
2001-09-26,16.8834285736084,,,,,,
2001-09-27,16.994827270507812,,,,,,
2001-09-28,17.985055923461914,,,,,,
2001-10-01,18.1831169128418,,,,,,
2001-10-02,17.947927474975586,,,,,,
2001-10-03,18.5809383392334,,,,,,
2001-10-04,17.923105239868164,,,,,,
2001-10-05,17.24664306640625,,,,,,
2001-10-08,17.029428482055664,,,,,,
2001-10-09,17.997573852539062,,,,,,
2001-10-10,18.32029151916504,,,,,,
2001-10-11,18.6181755065918,,,,,,
2001-10-12,18.61197090148925,,,,,,
2001-10-15,19.17051696777344,,,,,,
2001-10-16,19.42497634887696,,,,,,
2001-10-17,18.64920997619629,,,,,,
2001-10-18,18.67403030395508,,,,,,
2001-10-19,18.196168899536133,,,,,,
2001-10-22,18.816768646240234,,,,,,
2001-10-23,18.7795352935791,,,,,,
2001-10-24,18.61197090148925,,,,,,
2001-10-25,19.03399085998535,,,,,,
2001-10-26,19.06501197814941,,,,,,
2001-10-29,18.5809383392334,,,,,,
2001-10-30,18.32029151916504,,,,,,
2001-10-31,18.2644271850586,,,,,,
2001-11-01,18.45682144165039,,,,,,
2001-11-02,18.5809383392334,,,,,,
2001-11-05,18.84779930114746,,,,,,
2001-11-06,18.96571922302246,,,,,,
2001-11-07,19.660795211791992,,,,,,
2001-11-08,20.107635498046875,,,,,,
2001-11-09,20.30002212524414,,,,,,
2001-11-12,19.915254592895508,,,,,,
2001-11-13,19.95247840881348,,,,,,
2001-11-14,20.746856689453125,,,,,,
2001-11-15,21.342639923095703,,,,,,
2001-11-16,20.5606746673584,,,,,,
2001-11-19,21.224721908569336,,,,,,
2001-11-20,20.883384704589844,,,,,,
2001-11-21,20.790298461914062,,,,,,
2001-11-23,21.330224990844727,,,,,,
2001-11-26,21.79568672180176,,,,,,
2001-11-27,21.46055603027344,,,,,,
2001-11-28,20.883384704589844,,,,,,
2001-11-29,20.6785888671875,,,,,,
2001-11-30,20.42414093017578,,,,,,
2001-12-03,19.946277618408203,,,,,,
2001-12-04,20.69721412658692,,,,,,
2001-12-05,21.479183197021484,,,,,,
2001-12-06,21.820507049560547,,,,,,
2001-12-07,21.53502655029297,,,,,,
2001-12-10,21.100605010986328,,,,,,
2001-12-11,21.26195907592773,,,,,,
2001-12-12,20.74064445495605,,,,,,
2001-12-13,20.23175811767578,,,,,,
2001-12-14,20.0207462310791,,,,,,
2001-12-17,20.573087692260746,,,,,,
2001-12-18,20.7158317565918,,,,,,
2001-12-19,21.47296905517578,,,,,,
2001-12-20,20.82132339477539,,,,,,
2001-12-21,20.97648811340332,,,,,,
2001-12-24,21.26195907592773,,,,,,
2001-12-26,21.53502655029297,,,,,,
2001-12-27,21.721206665039062,,,,,,
2001-12-28,22.37284278869629,,,,,,
2001-12-31,22.14942741394043,,,,,,
2002-01-02,22.31737518310547,,,,,,
2002-01-03,22.67190933227539,,,,,,
2002-01-04,23.461854934692383,,,,,,
2002-01-07,23.387205123901367,,,,,,
2002-01-08,23.04511260986328,,,,,,
2002-01-09,23.107311248779297,,,,,,
2002-01-10,23.49294853210449,,,,,,
2002-01-11,23.275245666503903,,,,,,
2002-01-14,22.547502517700195,,,,,,
2002-01-15,23.48050880432129,,,,,,
2002-01-16,22.790084838867188,,,,,,
2002-01-17,23.113534927368164,,,,,,
2002-01-18,23.026456832885746,,,,,,
2002-01-22,23.157072067260746,,,,,,
2002-01-23,22.67190933227539,,,,,,
2002-01-24,22.85850715637207,,,,,,
2002-01-25,23.007789611816406,,,,,,
2002-01-28,22.572383880615234,,,,,,
2002-01-29,21.421693801879883,,,,,,
2002-01-30,21.95660972595215,,,,,,
2002-01-31,22.298707962036133,,,,,,
2002-02-01,21.832218170166016,,,,,,
2002-02-04,20.787250518798828,,,,,,
2002-02-05,21.458999633789062,,,,,,
2002-02-06,20.46381378173828,,,,,,
2002-02-07,20.557111740112305,,,,,,
2002-02-08,21.05470848083496,,,,,,
2002-02-11,20.849449157714844,,,,,,
2002-02-12,20.51978874206543,,,,,,
2002-02-13,21.15423393249512,,,,,,
2002-02-14,21.50877571105957,,,,,,
2002-02-15,20.94897079467773,,,,,,
2002-02-19,20.68150520324707,,,,,,
2002-02-20,21.048484802246094,,,,,,
2002-02-21,20.787250518798828,,,,,,
2002-02-22,20.930307388305664,,,,,,
2002-02-25,21.794893264770508,,,,,,
2002-02-26,21.91928100585937,,,,,,
2002-02-27,22.24895095825196,,,,,,
2002-02-28,22.67190933227539,,,,,,
2002-03-01,23.20682907104492,,,,,,
2002-03-04,24.494367599487305,,,,,,
2002-03-05,24.28911018371582,,,,,,
2002-03-06,24.83024787902832,,,,,,
2002-03-07,24.575231552124023,,,,,,
2002-03-08,25.17235565185547,,,,,,
2002-03-11,25.844104766845703,,,,,,
2002-03-12,25.5579833984375,,,,,,
2002-03-13,25.17235565185547,,,,,,
2002-03-14,25.259428024291992,,,,,,
2002-03-15,26.217294692993164,,,,,,
2002-03-18,26.092905044555664,,,,,,
2002-03-19,26.453672409057617,,,,,,
2002-03-20,26.02449417114257,,,,,,
2002-03-21,25.514453887939453,,,,,,
2002-03-22,25.56421661376953,,,,,,
2002-03-25,25.11637115478516,,,,,,
2002-03-26,25.25320816040039,,,,,,
2002-03-27,25.620189666748047,,,,,,
2002-03-28,25.477128982543945,,,,,,
2002-04-01,24.998197555541992,,,,,,
2002-04-02,24.792930603027344,,,,,,
2002-04-03,24.63087654113769,,,,,,
2002-04-04,25.02353286743164,,,,,,
2002-04-05,25.36630821228028,,,,,,
2002-04-08,25.328935623168945,,,,,,
2002-04-09,25.6966495513916,,,,,,
2002-04-10,25.802600860595703,,,,,,
2002-04-11,25.036001205444336,,,,,,
2002-04-12,25.19804573059082,,,,,,
2002-04-15,25.029769897460938,,,,,,
2002-04-16,25.777664184570312,,,,,,
2002-04-17,25.64678955078125,,,,,,
2002-04-18,26.41960906982422,,,,,,
2002-04-19,27.06780433654785,,,,,,
2002-04-22,26.550506591796875,,,,,,
2002-04-23,26.70008087158203,,,,,,
2002-04-24,26.52556800842285,,,,,,
2002-04-25,26.55672645568848,,,,,,
2002-04-26,26.20771026611328,,,,,,
2002-04-29,25.55328750610352,,,,,,
2002-04-30,25.55952453613281,,,,,,
2002-05-01,26.01450157165528,,,,,,
2002-05-02,26.31367301940918,,,,,,
2002-05-03,26.07682991027832,,,,,,
2002-05-06,25.62185287475586,,,,,,
2002-05-07,25.34139442443848,,,,,,
2002-05-08,26.612802505493164,,,,,,
2002-05-09,26.319900512695312,,,,,,
2002-05-10,25.864925384521484,,,,,,
2002-05-13,26.799787521362305,,,,,,
2002-05-14,27.72844696044922,,,,,,
2002-05-15,27.965272903442383,,,,,,
2002-05-16,27.73468017578125,,,,,,
2002-05-17,27.54146194458008,,,,,,
2002-05-20,26.98677635192871,,,,,,
2002-05-21,26.35729217529297,,,,,,
2002-05-22,26.425844192504883,,,,,,
2002-05-23,26.74370574951172,,,,,,
2002-05-24,26.50687599182129,,,,,,
2002-05-28,25.977100372314453,,,,,,
2002-05-29,26.400909423828125,,,,,,
2002-05-30,26.332359313964844,,,,,,
2002-05-31,26.49441337585449,,,,,,
2002-06-03,25.6093864440918,,,,,,
2002-06-04,24.98613548278809,,,,,,
2002-06-05,25.55952453613281,,,,,,
2002-06-06,25.15442276000977,,,,,,
2002-06-07,24.406518936157227,,,,,,
2002-06-10,24.69944190979004,,,,,,
2002-06-11,24.138511657714844,,,,,,
2002-06-12,23.14754867553711,,,,,,
2002-06-13,22.38717460632324,,,,,,
2002-06-14,22.41211128234864,,,,,,
2002-06-17,23.808189392089844,,,,,,
2002-06-18,24.119815826416016,,,,,,
2002-06-19,23.67107582092285,,,,,,
2002-06-20,23.31582832336425,,,,,,
2002-06-21,23.247270584106445,,,,,,
2002-06-24,23.12261199951172,,,,,,
2002-06-25,22.636474609375,,,,,,
2002-06-26,22.231359481811523,,,,,,
2002-06-27,23.110153198242188,,,,,,
2002-06-28,22.636474609375,,,,,,
2002-07-01,23.128847122192383,,,,,,
2002-07-02,23.003931045532227,,,,,,
2002-07-03,22.604188919067383,,,,,,
2002-07-05,23.328718185424805,,,,,,
2002-07-08,23.1101131439209,,,,,,
2002-07-09,22.585453033447266,,,,,,
2002-07-10,21.75473403930664,,,,,,
2002-07-11,21.87965202331543,,,,,,
2002-07-12,21.848419189453125,,,,,,
2002-07-15,21.0114688873291,,,,,,
2002-07-16,21.16136932373047,,,,,,
2002-07-17,21.2425594329834,,,,,,
2002-07-18,20.94276237487793,,,,,,
2002-07-19,19.768510818481445,,,,,,
2002-07-22,18.09458923339844,,,,,,
2002-07-23,17.900962829589844,,,,,,
2002-07-24,19.006498336791992,,,,,,
2002-07-25,18.90031814575196,,,,,,
2002-07-26,18.844099044799805,,,,,,
2002-07-29,20.91777229309082,,,,,,
2002-07-30,21.186351776123047,,,,,,
2002-07-31,22.023311614990234,,,,,,
2002-08-01,21.46117210388184,,,,,,
2002-08-02,20.624217987060547,,,,,,
2002-08-05,18.962785720825195,,,,,,
2002-08-06,19.98712539672852,,,,,,
2002-08-07,20.65544319152832,,,,,,
2002-08-08,21.892152786254883,,,,,,
2002-08-09,22.45428466796875,,,,,,
2002-08-12,22.160720825195312,,,,,,
2002-08-13,21.75473403930664,,,,,,
2002-08-14,22.716609954833984,,,,,,
2002-08-15,23.39118003845215,,,,,,
2002-08-16,22.98518753051757,,,,,,
2002-08-19,23.503604888916016,,,,,,
2002-08-20,22.810302734375,,,,,,
2002-08-21,23.12884521484375,,,,,,
2002-08-22,23.85338592529297,,,,,,
2002-08-23,23.322479248046875,,,,,,
2002-08-26,23.76593589782715,,,,,,
2002-08-27,23.16632461547852,,,,,,
2002-08-28,22.63541984558105,,,,,,
2002-08-29,22.50425338745117,,,,,,
2002-08-30,22.522994995117188,,,,,,
2002-09-03,20.824073791503903,,,,,,
2002-09-04,21.54861640930176,,,,,,
2002-09-05,21.305025100708008,,,,,,
2002-09-06,21.67353820800781,,,,,,
2002-09-09,21.77346992492676,,,,,,
2002-09-10,21.860912322998047,,,,,,
2002-09-11,21.7297477722168,,,,,,
2002-09-12,21.13637924194336,,,,,,
2002-09-13,21.354995727539062,,,,,,
2002-09-16,21.7609806060791,,,,,,
2002-09-17,20.76787376403809,,,,,,
2002-09-18,20.27443504333496,,,,,,
2002-09-19,19.706052780151367,,,,,,
2002-09-20,19.849714279174805,,,,,,
2002-09-23,19.531169891357425,,,,,,
2002-09-24,19.33753967285156,,,,,,
2002-09-25,19.79973602294922,,,,,,
2002-09-26,20.54301643371582,,,,,,
2002-09-27,19.662334442138672,,,,,,
2002-09-30,19.474958419799805,,,,,,
2002-10-01,20.436824798583984,,,,,,
2002-10-02,19.53521156311035,,,,,,
2002-10-03,18.75880241394043,,,,,,
2002-10-04,17.863447189331055,,,,,,
2002-10-07,16.655019760131836,,,,,,
2002-10-08,17.782045364379883,,,,,,
2002-10-09,17.112089157104492,,,,,,
2002-10-10,18.345563888549805,,,,,,
2002-10-11,19.32857894897461,,,,,,
2002-10-14,19.47259521484375,,,,,,
2002-10-15,21.11305427551269,,,,,,
2002-10-16,20.16133117675781,,,,,,
2002-10-17,21.350980758666992,,,,,,
2002-10-18,21.163145065307617,,,,,,
2002-10-21,21.563865661621094,,,,,,
2002-10-22,21.369762420654297,,,,,,
2002-10-23,21.100526809692383,,,,,,
2002-10-24,20.386737823486328,,,,,,
2002-10-25,20.74363899230957,,,,,,
2002-10-28,21.444902420043945,,,,,,
2002-10-29,21.87065887451172,,,,,,
2002-10-30,22.62202453613281,,,,,,
2002-10-31,22.77228736877441,,,,,,
2002-11-01,22.697145462036133,,,,,,
2002-11-04,23.498598098754883,,,,,,
2002-11-05,22.91631126403809,,,,,,
2002-11-06,23.06031608581543,,,,,,
2002-11-07,22.2275619506836,,,,,,
2002-11-08,22.258872985839844,,,,,,
2002-11-11,22.0084171295166,,,,,,
2002-11-12,21.95207023620605,,,,,,
2002-11-13,22.03971672058105,,,,,,
2002-11-14,23.13544273376465,,,,,,
2002-11-15,23.573740005493164,,,,,,
2002-11-18,23.003963470458984,,,,,,
2002-11-19,23.329553604125977,,,,,,
2002-11-20,24.13098907470703,,,,,,
2002-11-21,24.669458389282227,,,,,,
2002-11-22,24.73834228515625,,,,,,
2002-11-25,24.65692710876465,,,,,,
2002-11-26,23.73653221130371,,,,,,
2002-11-27,24.50666236877441,,,,,,
2002-11-29,24.375185012817383,,,,,,
2002-12-02,24.18107795715332,,,,,,
2002-12-03,23.79914283752441,,,,,,
2002-12-04,23.65513801574707,,,,,,
2002-12-05,23.39216041564941,,,,,,
2002-12-06,23.542430877685547,,,,,,
2002-12-09,22.91631126403809,,,,,,
2002-12-10,23.11039352416992,,,,,,
2002-12-11,22.9538688659668,,,,,,
2002-12-12,22.94760704040528,,,,,,
2002-12-13,22.50305938720703,,,,,,
2002-12-16,23.05405044555664,,,,,,
2002-12-17,23.035268783569336,,,,,,
2002-12-18,22.56567001342773,,,,,,
2002-12-19,22.47174644470215,,,,,,
2002-12-20,23.179271697998047,,,,,,
2002-12-23,23.11039352416992,,,,,,
2002-12-24,22.82864761352539,,,,,,
2002-12-26,22.81612014770508,,,,,,
2002-12-27,22.34026336669922,,,,,,
2002-12-30,22.327741622924805,,,,,,
2002-12-31,22.183406829833984,,,,,,
2003-01-02,23.01175880432129,,,,,,
2003-01-03,23.09333038330078,,,,,,
2003-01-06,23.90286064147949,,,,,,
2003-01-07,23.58281517028809,,,,,,
2003-01-08,23.4071044921875,,,,,,
2003-01-09,23.90286064147949,,,,,,
2003-01-10,23.95932960510254,,,,,,
2003-01-13,24.185243606567383,,,,,,
2003-01-14,24.1162223815918,,,,,,
2003-01-15,23.639291763305664,,,,,,
2003-01-16,23.451026916503903,,,,,,
2003-01-17,23.174909591674805,,,,,,
2003-01-21,22.559932708740234,,,,,,
2003-01-22,22.013978958129883,,,,,,
2003-01-23,22.13320541381836,,,,,,
2003-01-24,21.14796257019043,,,,,,
2003-01-27,20.972257614135746,,,,,,
2003-01-28,21.976318359375,,,,,,
2003-01-29,22.064170837402344,,,,,,
2003-01-30,21.788055419921875,,,,,,
2003-01-31,22.296369552612305,,,,,,
2003-02-03,22.403045654296875,,,,,,
2003-02-04,21.7755184173584,,,,,,
2003-02-05,21.74413108825684,,,,,,
2003-02-06,21.18562889099121,,,,,,
2003-02-07,21.173076629638672,,,,,,
2003-02-10,21.066394805908203,,,,,,
2003-02-11,20.815380096435547,,,,,,
2003-02-12,20.394933700561523,,,,,,
2003-02-13,20.426305770874023,,,,,,
2003-02-14,20.80281639099121,,,,,,
2003-02-18,21.52449607849121,,,,,,
2003-02-19,21.49312210083008,,,,,,
2003-02-20,21.129138946533203,,,,,,
2003-02-21,21.116596221923828,,,,,,
2003-02-24,20.696138381958008,,,,,,
2003-02-25,20.74635124206543,,,,,,
2003-02-26,20.53926658630371,,,,,,
2003-02-27,20.75889205932617,,,,,,
2003-02-28,21.07266998291016,,,,,,
2003-03-03,20.809101104736328,,,,,,
2003-03-04,20.55808448791504,,,,,,
2003-03-05,20.796560287475582,,,,,,
2003-03-06,20.426305770874023,,,,,,
2003-03-07,20.75263023376465,,,,,,
2003-03-10,20.005859375,,,,,,
2003-03-11,19.8238582611084,,,,,,
2003-03-12,19.76111602783203,,,,,,
2003-03-13,20.73380279541016,,,,,,
2003-03-14,21.009910583496094,,,,,,
2003-03-17,22.3779411315918,,,,,,
2003-03-18,22.62896156311035,,,,,,
2003-03-19,22.7795639038086,,,,,,
2003-03-20,23.030580520629883,,,,,,
2003-03-21,23.75853538513184,,,,,,
2003-03-24,22.81094551086425,,,,,,
2003-03-25,22.126924514770508,,,,,,
2003-03-26,22.07672882080078,,,,,,
2003-03-27,21.606067657470703,,,,,,
2003-03-28,21.474294662475582,,,,,,
2003-03-31,20.853025436401367,,,,,,
2003-04-01,21.097766876220703,,,,,,
2003-04-02,21.85260772705078,,,,,,
2003-04-03,21.81486320495605,,,,,,
2003-04-04,22.318090438842773,,,,,,
2003-04-07,22.500518798828125,,,,,,
2003-04-08,22.16082572937012,,,,,,
2003-04-09,21.63874626159668,,,,,,
2003-04-10,21.93437957763672,,,,,,
2003-04-11,21.77712631225586,,,,,,
2003-04-14,22.399864196777344,,,,,,
2003-04-15,23.21131706237793,,,,,,
2003-04-16,22.86534881591797,,,,,,
2003-04-17,23.32455062866211,,,,,,
2003-04-21,22.94083404541016,,,,,,
2003-04-22,23.83406639099121,,,,,,
2003-04-23,23.601327896118164,,,,,,
2003-04-24,23.30568504333496,,,,,,
2003-04-25,23.079225540161133,,,,,,
2003-04-28,23.58245849609375,,,,,,
2003-04-29,23.7334213256836,,,,,,
2003-04-30,23.81519317626953,,,,,,
2003-05-01,23.746002197265625,,,,,,
2003-05-02,24.1926212310791,,,,,,
2003-05-05,24.09825325012207,,,,,,
2003-05-06,24.595195770263672,,,,,,
2003-05-07,24.538589477539062,,,,,,
2003-05-08,24.073097229003903,,,,,,
2003-05-09,25.035512924194336,,,,,,
2003-05-12,25.425518035888672,,,,,,
2003-05-13,25.350032806396484,,,,,,
2003-05-14,25.41923141479492,,,,,,
2003-05-15,25.7840633392334,,,,,,
2003-05-16,25.55132484436035,,,,,,
2003-05-19,24.96632194519043,,,,,,
2003-05-20,24.94745445251465,,,,,,
2003-05-21,25.217931747436523,,,,,,
2003-05-22,25.129867553710938,,,,,,
2003-05-23,25.155029296875,,,,,,
2003-05-27,25.614227294921875,,,,,,
2003-05-28,26.186647415161133,,,,,,
2003-05-29,25.80922508239746,,,,,,
2003-05-30,26.20550537109375,,,,,,
2003-06-02,26.658418655395508,,,,,,
2003-06-03,26.63956069946289,,,,,,
2003-06-04,27.33777236938477,,,,,,
2003-06-05,27.36293029785156,,,,,,
2003-06-06,27.161657333374023,,,,,,
2003-06-09,26.90374183654785,,,,,,
2003-06-10,27.11131858825684,,,,,,
2003-06-11,27.4572982788086,,,,,,
2003-06-12,27.451000213623047,,,,,,
2003-06-13,27.31890106201172,,,,,,
2003-06-16,28.048587799072266,,,,,,
2003-06-17,27.683740615844727,,,,,,
2003-06-18,27.620830535888672,,,,,,
2003-06-19,27.07358169555664,,,,,,
2003-06-20,27.00439453125,,,,,,
2003-06-23,26.50116539001465,,,,,,
2003-06-24,26.75277709960937,,,,,,
2003-06-25,26.71504211425781,,,,,,
2003-06-26,26.790531158447266,,,,,,
2003-06-27,26.683591842651367,,,,,,
2003-06-30,26.29986000061035,,,,,,
2003-07-01,26.42597770690918,,,,,,
2003-07-02,26.66559219360352,,,,,,
2003-07-03,26.652976989746094,,,,,,
2003-07-07,27.47266960144043,,,,,,
2003-07-08,27.88254165649414,,,,,,
2003-07-09,27.624008178710938,,,,,,
2003-07-10,27.29612922668457,,,,,,
2003-07-11,27.71859359741211,,,,,,
2003-07-14,28.626569747924805,,,,,,
2003-07-15,28.462631225585938,,,,,,
2003-07-16,28.71484565734864,,,,,,
2003-07-17,28.260847091674805,,,,,,
2003-07-18,28.71484565734864,,,,,,
2003-07-21,28.03385162353516,,,,,,
2003-07-22,28.229326248168945,,,,,,
2003-07-23,28.17257499694824,,,,,,
2003-07-24,27.996028900146484,,,,,,
2003-07-25,28.752685546875,,,,,,
2003-07-28,28.380645751953125,,,,,,
2003-07-29,28.2797794342041,,,,,,
2003-07-30,27.964500427246094,,,,,,
2003-07-31,27.85102081298828,,,,,,
2003-08-01,27.37809562683105,,,,,,
2003-08-04,27.535720825195312,,,,,,
2003-08-05,26.766475677490234,,,,,,
2003-08-06,27.460084915161133,,,,,,
2003-08-07,27.895153045654297,,,,,,
2003-08-08,27.98342514038086,,,,,,
2003-08-11,27.794248580932617,,,,,,
2003-08-12,28.311288833618164,,,,,,
2003-08-13,28.24193000793457,,,,,,
2003-08-14,28.72113990783692,,,,,,
2003-08-15,28.68963050842285,,,,,,
2003-08-18,28.752685546875,,,,,,
2003-08-19,28.872478485107425,,,,,,
2003-08-20,28.67070579528809,,,,,,
2003-08-21,28.960750579833984,,,,,,
2003-08-22,28.639190673828125,,,,,,
2003-08-25,28.456323623657227,,,,,,
2003-08-26,28.090600967407227,,,,,,
2003-08-27,28.04016876220703,,,,,,
2003-08-28,28.34282875061035,,,,,,
2003-08-29,28.4058780670166,,,,,,
2003-09-02,28.740066528320312,,,,,,
2003-09-03,28.790512084960938,,,,,,
2003-09-04,28.683324813842773,,,,,,
2003-09-05,28.500459671020508,,,,,,
2003-09-08,28.81574058532715,,,,,,
2003-09-09,28.727458953857425,,,,,,
2003-09-10,28.4058780670166,,,,,,
2003-09-11,28.64548683166504,,,,,,
2003-09-12,28.311288833618164,,,,,,
2003-09-15,28.147363662719727,,,,,,
2003-09-16,28.531986236572266,,,,,,
2003-09-17,28.59504127502441,,,,,,
2003-09-18,29.68587112426757,,,,,,
2003-09-19,29.66696548461914,,,,,,
2003-09-22,29.395835876464844,,,,,,
2003-09-23,29.64173698425293,,,,,,
2003-09-24,28.94183349609375,,,,,,
2003-09-25,28.75897216796875,,,,,,
2003-09-26,28.28606414794922,,,,,,
2003-09-29,28.740066528320312,,,,,,
2003-09-30,28.41218376159668,,,,,,
2003-10-01,29.10732650756836,,,,,,
2003-10-02,29.176836013793945,,,,,,
2003-10-03,29.43592071533203,,,,,,
2003-10-06,29.41066169738769,,,,,,
2003-10-07,29.581275939941406,,,,,,
2003-10-08,29.398021697998047,,,,,,
2003-10-09,29.77085876464844,,,,,,
2003-10-10,30.023653030395508,,,,,,
2003-10-13,30.434404373168945,,,,,,
2003-10-14,30.97154998779297,,,,,,
2003-10-15,30.52288818359375,,,,,,
2003-10-16,30.57343101501465,,,,,,
2003-10-17,30.23217391967773,,,,,,
2003-10-20,30.282751083374023,,,,,,
2003-10-21,30.58609390258789,,,,,,
2003-10-22,29.726619720458984,,,,,,
2003-10-23,30.09946250915528,,,,,,
2003-10-24,30.09315299987793,,,,,,
2003-10-27,29.543363571166992,,,,,,
2003-10-28,30.042604446411133,,,,,,
2003-10-29,29.922531127929688,,,,,,
2003-10-30,29.398021697998047,,,,,,
2003-10-31,29.6571102142334,,,,,,
2003-11-03,29.84670639038086,,,,,,
2003-11-04,29.77719116210937,,,,,,
2003-11-05,29.89725875854492,,,,,,
2003-11-06,29.935163497924805,,,,,,
2003-11-07,29.38538360595703,,,,,,
2003-11-10,29.119962692260746,,,,,,
2003-11-11,28.74080276489257,,,,,,
2003-11-12,29.08206558227539,,,,,,
2003-11-13,28.94302749633789,,,,,,
2003-11-14,28.646015167236328,,,,,,
2003-11-17,27.761293411254883,,,,,,
2003-11-18,28.10885238647461,,,,,,
2003-11-19,28.36163711547852,,,,,,
2003-11-20,28.05830955505371,,,,,,
2003-11-21,28.37426376342773,,,,,,
2003-11-24,28.532251358032227,,,,,,
2003-11-25,28.65863800048828,,,,,,
2003-11-26,28.898780822753903,,,,,,
2003-11-28,28.88613510131836,,,,,,
2003-12-01,29.101003646850582,,,,,,
2003-12-02,28.94302749633789,,,,,,
2003-12-03,29.063087463378903,,,,,,
2003-12-04,29.113645553588867,,,,,,
2003-12-05,28.75343894958496,,,,,,
2003-12-08,29.164196014404297,,,,,,
2003-12-09,28.87982749938965,,,,,,
2003-12-10,28.557519912719727,,,,,,
2003-12-11,28.59545135498047,,,,,,
2003-12-12,28.563852310180664,,,,,,
2003-12-15,28.63336753845215,,,,,,
2003-12-16,28.60807609558105,,,,,,
2003-12-17,28.43745994567871,,,,,,
2003-12-18,29.55600547790528,,,,,,
2003-12-19,29.83404541015625,,,,,,
2003-12-22,29.97941017150879,,,,,,
2003-12-23,30.13107109069824,,,,,,
2003-12-24,30.257457733154297,,,,,,
2003-12-26,30.225873947143555,,,,,,
2003-12-29,30.64927101135254,,,,,,
2003-12-30,30.579620361328125,,,,,,
2003-12-31,30.54160118103028,,,,,,
2004-01-02,30.23765182495117,,,,,,
2004-01-05,30.503623962402344,,,,,,
2004-01-06,30.554277420043945,,,,,,
2004-01-07,30.64293670654297,,,,,,
2004-01-08,30.554277420043945,,,,,,
2004-01-09,30.32629776000977,,,,,,
2004-01-12,30.205989837646484,,,,,,
2004-01-13,30.313634872436523,,,,,,
2004-01-14,30.870912551879883,,,,,,
2004-01-15,31.459827423095703,,,,,,
2004-01-16,31.6054744720459,,,,,,
2004-01-20,31.8144645690918,,,,,,
2004-01-21,31.9157657623291,,,,,,
2004-01-22,31.66248321533203,,,,,,
2004-01-23,31.637126922607425,,,,,,
2004-01-26,32.2640380859375,,,,,,
2004-01-27,31.966419219970703,,,,,,
2004-01-28,31.504165649414062,,,,,,
2004-01-29,32.2640380859375,,,,,,
2004-01-30,32.82765197753906,,,,,,
2004-02-02,33.27092361450195,,,,,,
2004-02-03,33.2519416809082,,,,,,
2004-02-04,33.09360885620117,,,,,,
2004-02-05,32.97962188720703,,,,,,
2004-02-06,33.60020446777344,,,,,,
2004-02-09,33.63185119628906,,,,,,
2004-02-10,33.46723937988281,,,,,,
2004-02-11,34.01181411743164,,,,,,
2004-02-12,33.78385925292969,,,,,,
2004-02-13,33.97382354736328,,,,,,
2004-02-17,33.99281311035156,,,,,,
2004-02-18,33.81550979614258,,,,,,
2004-02-19,33.81550979614258,,,,,,
2004-02-20,33.663516998291016,,,,,,
2004-02-23,33.60020446777344,,,,,,
2004-02-24,33.67618560791016,,,,,,
2004-02-25,33.92949295043945,,,,,,
2004-02-26,33.809165954589844,,,,,,
2004-02-27,33.82818603515625,,,,,,
2004-03-01,33.97382354736328,,,,,,
2004-03-02,33.82184600830078,,,,,,
2004-03-03,33.87248992919922,,,,,,
2004-03-04,33.7901725769043,,,,,,
2004-03-05,33.41655731201172,,,,,,
2004-03-08,33.6508674621582,,,,,,
2004-03-09,33.67618560791016,,,,,,
2004-03-10,33.04927444458008,,,,,,
2004-03-11,32.631324768066406,,,,,,
2004-03-12,33.00495529174805,,,,,,
2004-03-15,32.2640380859375,,,,,,
2004-03-16,32.074073791503906,,,,,,
2004-03-17,32.29570388793945,,,,,,
2004-03-18,32.65033721923828,,,,,,
2004-03-19,32.34637451171875,,,,,,
2004-03-22,31.795455932617188,,,,,,
2004-03-23,31.795455932617188,,,,,,
2004-03-24,31.681472778320312,,,,,,
2004-03-25,31.63077735900879,,,,,,
2004-03-26,31.681472778320312,,,,,,
2004-03-29,32.20705032348633,,,,,,
2004-03-30,32.87196731567383,,,,,,
2004-03-31,32.89735412597656,,,,,,
2004-04-01,33.11941146850586,,,,,,
2004-04-02,33.26534652709961,,,,,,
2004-04-05,33.366851806640625,,,,,,
2004-04-06,33.246299743652344,,,,,,
2004-04-07,33.23360824584961,,,,,,
2004-04-08,33.08134841918945,,,,,,
2004-04-12,33.15748977661133,,,,,,
2004-04-13,32.61184310913086,,,,,,
2004-04-14,31.5966911315918,,,,,,
2004-04-15,31.56497001647949,,,,,,
2004-04-16,32.09159469604492,,,,,,
2004-04-19,31.85681533813477,,,,,,
2004-04-20,31.412696838378903,,,,,,
2004-04-21,31.647438049316406,,,,,,
2004-04-22,32.21848678588867,,,,,,
2004-04-23,31.89488983154297,,,,,,
2004-04-26,31.90122985839844,,,,,,
2004-04-27,31.818744659423828,,,,,,
2004-04-28,31.114490509033203,,,,,,
2004-04-29,31.114490509033203,,,,,,
2004-04-30,31.05737495422364,,,,,,
2004-05-03,31.336545944213867,,,,,,
2004-05-04,31.285776138305664,,,,,,
2004-05-05,31.419044494628903,,,,,,
2004-05-06,31.20330047607422,,,,,,
2004-05-07,30.76552391052246,,,,,,
2004-05-10,30.613250732421875,,,,,,
2004-05-11,30.54345893859864,,,,,,
2004-05-12,30.587873458862305,,,,,,
2004-05-13,30.752853393554688,,,,,,
2004-05-14,31.000288009643555,,,,,,
2004-05-17,30.94316864013672,,,,,,
2004-05-18,31.0827579498291,,,,,,
2004-05-19,30.98758316040039,,,,,,
2004-05-20,31.298492431640625,,,,,,
2004-05-21,31.488815307617188,,,,,,
2004-05-24,31.679161071777344,,,,,,
2004-05-25,32.01543426513672,,,,,,
2004-05-26,31.88218879699707,,,,,,
2004-05-27,32.37074279785156,,,,,,
2004-05-28,32.16770935058594,,,,,,
2004-06-01,32.104278564453125,,,,,,
2004-06-02,32.307281494140625,,,,,,
2004-06-03,32.19942855834961,,,,,,
2004-06-04,32.34535217285156,,,,,,
2004-06-07,32.64357376098633,,,,,,
2004-06-08,32.78315734863281,,,,,,
2004-06-09,32.50395202636719,,,,,,
2004-06-10,32.48493576049805,,,,,,
2004-06-14,32.38978576660156,,,,,,
2004-06-15,32.49762344360352,,,,,,
2004-06-16,32.6816291809082,,,,,,
2004-06-17,32.64989471435547,,,,,,
2004-06-18,32.967132568359375,,,,,,
2004-06-21,32.67527770996094,,,,,,
2004-06-22,32.67527770996094,,,,,,
2004-06-23,32.6054801940918,,,,,,
2004-06-24,32.33267593383789,,,,,,
2004-06-25,32.580116271972656,,,,,,
2004-06-28,32.31999206542969,,,,,,
2004-06-29,32.529354095458984,,,,,,
2004-06-30,32.662864685058594,,,,,,
2004-07-01,32.631072998046875,,,,,,
2004-07-02,32.573848724365234,,,,,,
2004-07-06,32.313228607177734,,,,,,
2004-07-07,32.42762756347656,,,,,,
2004-07-08,31.95720672607422,,,,,,
2004-07-09,31.791934967041016,,,,,,
2004-07-12,31.601213455200195,,,,,,
2004-07-13,31.46137046813965,,,,,,
2004-07-14,31.30879592895508,,,,,,
2004-07-15,31.086292266845703,,,,,,
2004-07-16,30.97821807861328,,,,,,
2004-07-19,30.80021858215332,,,,,,
2004-07-20,31.226158142089844,,,,,,
2004-07-21,30.73665237426757,,,,,,
2004-07-22,30.723936080932617,,,,,,
2004-07-23,30.584074020385746,,,,,,
2004-07-26,31.086292266845703,,,,,,
2004-07-27,31.42958641052246,,,,,,
2004-07-28,31.71562957763672,,,,,,
2004-07-29,31.760143280029297,,,,,,
2004-07-30,31.94450187683105,,,,,,
2004-08-02,31.96355628967285,,,,,,
2004-08-03,31.72836685180664,,,,,,
2004-08-04,31.91908073425293,,,,,,
2004-08-05,31.49950408935547,,,,,,
2004-08-06,31.36601829528809,,,,,,
2004-08-09,31.34056854248047,,,,,,
2004-08-10,31.842798233032227,,,,,,
2004-08-11,31.86821556091309,,,,,,
2004-08-12,31.44864082336425,,,,,,
2004-08-13,31.372371673583984,,,,,,
2004-08-16,31.416866302490234,,,,,,
2004-08-17,31.61394119262696,,,,,,
2004-08-18,31.80463981628418,,,,,,
2004-08-19,31.677505493164062,,,,,,
2004-08-20,31.78559112548828,,,,,,
2004-08-23,31.594867706298828,,,,,,
2004-08-24,31.62665748596192,,,,,,
2004-08-25,31.7537899017334,,,,,,
2004-08-26,31.86187171936035,,,,,,
2004-08-27,31.78559112548828,,,,,,
2004-08-30,31.55034446716309,,,,,,
2004-08-31,31.79828453063965,,,,,,
2004-09-01,31.855518341064453,,,,,,
2004-09-02,32.08436584472656,,,,,,
2004-09-03,31.95086669921875,,,,,,
2004-09-07,32.4149284362793,,,,,,
2004-09-08,32.38312911987305,,,,,,
2004-09-09,32.35771179199219,,,,,,
2004-09-10,32.631072998046875,,,,,,
2004-09-13,32.732784271240234,,,,,,
2004-09-14,32.631072998046875,,,,,,
2004-09-15,32.35771179199219,,,,,,
2004-09-16,32.35771179199219,,,,,,
2004-09-17,32.67559051513672,,,,,,
2004-09-20,32.52301025390625,,,,,,
2004-09-21,32.72642135620117,,,,,,
2004-09-22,32.33864974975586,,,,,,
2004-09-23,32.33864974975586,,,,,,
2004-09-24,32.554805755615234,,,,,,
2004-09-27,32.19878005981445,,,,,,
2004-09-28,32.313228607177734,,,,,,
2004-09-29,32.662864685058594,,,,,,
2004-09-30,32.71370315551758,,,,,,
2004-10-01,32.834503173828125,,,,,,
2004-10-04,33.45749282836914,,,,,,
2004-10-05,33.54013442993164,,,,,,
2004-10-06,33.941551208496094,,,,,,
2004-10-07,33.81412887573242,,,,,,
2004-10-08,33.2916374206543,,,,,,
2004-10-11,33.47003936767578,,,,,,
2004-10-12,33.58476257324219,,,,,,
2004-10-13,33.22792053222656,,,,,,
2004-10-14,32.947593688964844,,,,,,
2004-10-15,33.45094299316406,,,,,,
2004-10-18,33.57839584350586,,,,,,
2004-10-19,33.240692138671875,,,,,,
2004-10-20,33.20243835449219,,,,,,
2004-10-21,33.317138671875,,,,,,
2004-10-22,32.9603157043457,,,,,,
2004-10-25,32.59076690673828,,,,,,
2004-10-26,32.992164611816406,,,,,,
2004-10-27,33.4827766418457,,,,,,
2004-10-28,33.6102409362793,,,,,,
2004-10-29,33.81412887573242,,,,,,
2004-11-01,33.712154388427734,,,,,,
2004-11-02,34.40667724609375,,,,,,
2004-11-03,34.62330627441406,,,,,,
2004-11-04,35.01200866699219,,,,,,
2004-11-05,35.120296478271484,,,,,,
2004-11-08,34.890926361083984,,,,,,
2004-11-09,34.80809783935547,,,,,,
2004-11-10,34.89728927612305,,,,,,
2004-11-11,35.29233169555664,,,,,,
2004-11-12,35.445255279541016,,,,,,
2004-11-15,35.68098449707031,,,,,,
2004-11-16,35.5280647277832,,,,,,
2004-11-17,35.70649719238281,,,,,,
2004-11-18,35.70011520385742,,,,,,
2004-11-19,35.48985290527344,,,,,,
2004-11-22,35.75745391845703,,,,,,
2004-11-23,35.80842971801758,,,,,,
2004-11-24,35.840293884277344,,,,,,
2004-11-26,35.751075744628906,,,,,,
2004-11-29,35.56629943847656,,,,,,
2004-11-30,35.49620819091797,,,,,,
2004-12-01,35.967716217041016,,,,,,
2004-12-02,35.77656936645508,,,,,,
2004-12-03,35.840293884277344,,,,,,
2004-12-06,35.8466682434082,,,,,,
2004-12-07,35.3305549621582,,,,,,
2004-12-08,35.47711181640625,,,,,,
2004-12-09,35.23496627807617,,,,,,
2004-12-10,35.15850830078125,,,,,,
2004-12-13,35.069313049316406,,,,,,
2004-12-14,35.649139404296875,,,,,,
2004-12-15,35.770206451416016,,,,,,
2004-12-16,35.64277648925781,,,,,,
2004-12-17,35.62364959716797,,,,,,
2004-12-20,35.58543014526367,,,,,,
2004-12-21,35.96135330200195,,,,,,
2004-12-22,36.267181396484375,,,,,,
2004-12-23,35.95497512817383,,,,,,
2004-12-27,35.840293884277344,,,,,,
2004-12-28,35.903995513916016,,,,,,
2004-12-29,35.85939407348633,,,,,,
2004-12-30,35.77656936645508,,,,,,
2004-12-31,35.916751861572266,,,,,,
2005-01-03,35.62364959716797,,,,,,
2005-01-04,35.08844375610352,,,,,,
2005-01-05,34.76278305053711,,,,,,
2005-01-06,34.584007263183594,,,,,,
2005-01-07,34.32856369018555,,,,,,
2005-01-10,34.39879608154297,,,,,,
2005-01-11,34.07951736450195,,,,,,
2005-01-12,34.00289535522461,,,,,,
2005-01-13,33.76662826538086,,,,,,
2005-01-14,33.664459228515625,,,,,,
2005-01-18,33.93904113769531,,,,,,
2005-01-19,33.8815803527832,,,,,,
2005-01-20,33.46012496948242,,,,,,
2005-01-21,33.160011291503906,,,,,,
2005-01-24,33.587860107421875,,,,,,
2005-01-25,34.12421417236328,,,,,,
2005-01-26,33.9071159362793,,,,,,
2005-01-27,33.70277404785156,,,,,,
2005-01-28,33.71555709838867,,,,,,
2005-01-31,34.06675338745117,,,,,,
2005-02-01,36.23783493041992,,,,,,
2005-02-02,35.61204147338867,,,,,,
2005-02-03,35.382179260253906,,,,,,
2005-02-04,35.64396667480469,,,,,,
2005-02-07,35.47796630859375,,,,,,
2005-02-08,35.16507339477539,,,,,,
2005-02-09,34.9734992980957,,,,,,
2005-02-10,35.190608978271484,,,,,,
2005-02-11,35.241695404052734,,,,,,
2005-02-14,34.86494445800781,,,,,,
2005-02-15,34.80108642578125,,,,,,
2005-02-16,34.87771987915039,,,,,,
2005-02-17,34.80108642578125,,,,,,
2005-02-18,34.5648193359375,,,,,,
2005-02-22,34.341339111328125,,,,,,
2005-02-23,34.47541046142578,,,,,,
2005-02-24,34.7053108215332,,,,,,
2005-02-25,34.852169036865234,,,,,,
2005-02-28,34.57759094238281,,,,,,
2005-03-01,34.896881103515625,,,,,,
2005-03-02,34.92879867553711,,,,,,
2005-03-03,34.935184478759766,,,,,,
2005-03-04,35.08844757080078,,,,,,
2005-03-07,35.08844757080078,,,,,,
2005-03-08,34.75001907348633,,,,,,
2005-03-09,34.258304595947266,,,,,,
2005-03-10,34.50096893310547,,,,,,
2005-03-11,34.18806457519531,,,,,,
2005-03-14,34.386024475097656,,,,,,
2005-03-15,34.162532806396484,,,,,,
2005-03-16,33.63893508911133,,,,,,
2005-03-17,33.492061614990234,,,,,,
2005-03-18,33.46012496948242,,,,,,
2005-03-21,33.3898811340332,,,,,,
2005-03-22,32.68110275268555,,,,,,
2005-03-23,32.19580841064453,,,,,,
2005-03-24,32.10639572143555,,,,,,
2005-03-28,32.62362289428711,,,,,,
2005-03-29,32.50868606567383,,,,,,
2005-03-30,32.94392395019531,,,,,,
2005-03-31,32.87990951538086,,,,,,
2005-04-01,32.57909393310547,,,,,,
2005-04-04,32.83511734008789,,,,,,
2005-04-05,32.783912658691406,,,,,,
2005-04-06,32.98232650756836,,,,,,
2005-04-07,33.12314987182617,,,,,,
2005-04-08,32.98872756958008,,,,,,
2005-04-11,32.847923278808594,,,,,,
2005-04-12,33.38557815551758,,,,,,
2005-04-13,33.33436965942383,,,,,,
2005-04-14,32.71352005004883,,,,,,
2005-04-15,32.46390151977539,,,,,,
2005-04-18,32.59830093383789,,,,,,
2005-04-19,32.35507583618164,,,,,,
2005-04-20,32.02223587036133,,,,,,
2005-04-21,32.25905990600586,,,,,,
2005-04-22,31.88142967224121,,,,,,
2005-04-25,32.623897552490234,,,,,,
2005-04-26,32.99512481689453,,,,,,
2005-04-27,33.3471794128418,,,,,,
2005-04-28,33.09114456176758,,,,,,
2005-04-29,33.731204986572266,,,,,,
2005-05-02,33.95522689819336,,,,,,
2005-05-03,33.9232063293457,,,,,,
2005-05-04,34.256065368652344,,,,,,
2005-05-05,34.0384407043457,,,,,,
2005-05-06,33.9232063293457,,,,,,
2005-05-09,33.7888069152832,,,,,,
2005-05-10,33.590389251708984,,,,,,
2005-05-11,33.52638244628906,,,,,,
2005-05-12,33.372764587402344,,,,,,
2005-05-13,33.12314987182617,,,,,,
2005-05-16,33.57758331298828,,,,,,
2005-05-17,33.69279098510742,,,,,,
2005-05-18,34.26885223388672,,,,,,
2005-05-19,34.07683181762695,,,,,,
2005-05-20,33.961631774902344,,,,,,
2005-05-23,33.95522689819336,,,,,,
2005-05-24,33.859214782714844,,,,,,
2005-05-25,33.68639373779297,,,,,,
2005-05-26,33.846405029296875,,,,,,
2005-05-27,34.08323287963867,,,,,,
2005-05-31,34.467262268066406,,,,,,
2005-06-01,34.61448287963867,,,,,,
2005-06-02,34.723297119140625,,,,,,
2005-06-03,34.67849349975586,,,,,,
2005-06-06,34.65288162231445,,,,,,
2005-06-07,34.99212646484375,,,,,,
2005-06-08,34.915321350097656,,,,,,
2005-06-09,35.00492477416992,,,,,,
2005-06-10,35.01772689819336,,,,,,
2005-06-13,35.177738189697266,,,,,,
2005-06-14,35.20335006713867,,,,,,
2005-06-15,35.19694900512695,,,,,,
2005-06-16,35.152137756347656,,,,,,
2005-06-17,35.09454345703125,,,,,,
2005-06-20,34.96012496948242,,,,,,
2005-06-21,35.04332733154297,,,,,,
2005-06-22,35.06254196166992,,,,,,
2005-06-23,34.35844802856445,,,,,,
2005-06-24,34.31364440917969,,,,,,
2005-06-27,34.160037994384766,,,,,,
2005-06-28,34.563289642333984,,,,,,
2005-06-29,34.325927734375,,,,,,
2005-06-30,34.14630889892578,,,,,,
2005-07-01,34.34517288208008,,,,,,
2005-07-05,34.608184814453125,,,,,,
2005-07-06,34.16556930541992,,,,,,
2005-07-07,34.300289154052734,,,,,,
2005-07-08,34.595359802246094,,,,,,
2005-07-11,34.621028900146484,,,,,,
2005-07-12,34.53120803833008,,,,,,
2005-07-13,34.595359802246094,,,,,,
2005-07-14,34.69157409667969,,,,,,
2005-07-15,34.486305236816406,,,,,,
2005-07-18,33.9987678527832,,,,,,
2005-07-19,34.25538635253906,,,,,,
2005-07-20,34.58251953125,,,,,,
2005-07-21,34.85194396972656,,,,,,
2005-07-22,35.005889892578125,,,,,,
2005-07-25,34.99950408935547,,,,,,
2005-07-26,34.81986999511719,,,,,,
2005-07-27,35.24968719482422,,,,,,
2005-07-28,35.58323669433594,,,,,,
2005-07-29,35.281761169433594,,,,,,
2005-08-01,35.172706604003906,,,,,,
2005-08-02,35.53833770751953,,,,,,
2005-08-03,35.58966064453125,,,,,,
2005-08-04,35.8270149230957,,,,,,
2005-08-05,35.801353454589844,,,,,,
2005-08-08,35.73080062866211,,,,,,
2005-08-09,35.66023254394531,,,,,,
2005-08-10,36.24396514892578,,,,,,
2005-08-11,36.436431884765625,,,,,,
2005-08-12,36.3530387878418,,,,,,
2005-08-15,36.26323699951172,,,,,,
2005-08-16,35.96173477172852,,,,,,
2005-08-17,35.94249725341797,,,,,,
2005-08-18,36.00022506713867,,,,,,
2005-08-19,35.98738098144531,,,,,,
2005-08-22,36.10284423828125,,,,,,
2005-08-23,35.92322540283203,,,,,,
2005-08-24,35.564002990722656,,,,,,
2005-08-25,35.75004577636719,,,,,,
2005-08-26,35.28816223144531,,,,,,
2005-08-29,35.85266876220703,,,,,,
2005-08-30,35.4100456237793,,,,,,
2005-08-31,35.43570327758789,,,,,,
2005-09-01,35.47419357299805,,,,,,
2005-09-02,35.51268768310547,,,,,,
2005-09-06,36.53904724121094,,,,,,
2005-09-07,36.80206680297852,,,,,,
2005-09-08,36.7956657409668,,,,,,
2005-09-09,37.32807922363281,,,,,,
2005-09-12,37.58470153808594,,,,,,
2005-09-13,37.0394287109375,,,,,,
2005-09-14,36.54547119140625,,,,,,
2005-09-15,36.92396545410156,,,,,,
2005-09-16,38.14279174804688,,,,,,
2005-09-19,37.866943359375,,,,,,
2005-09-20,37.52694320678711,,,,,,
2005-09-21,36.56474685668945,,,,,,
2005-09-22,36.56474685668945,,,,,,
2005-09-23,36.50056838989258,,,,,,
2005-09-26,36.56474685668945,,,,,,
2005-09-27,36.37226486206055,,,,,,
2005-09-28,36.32095718383789,,,,,,
2005-09-29,36.891883850097656,,,,,,
2005-09-30,36.84697723388672,,,,,,
2005-10-03,37.193458557128906,,,,,,
2005-10-04,36.59250259399414,,,,,,
2005-10-05,36.78351974487305,,,,,,
2005-10-06,36.78351974487305,,,,,,
2005-10-07,36.59983444213867,,,,,,
2005-10-10,36.0341911315918,,,,,,
2005-10-11,36.129676818847656,,,,,,
2005-10-12,35.41705322265625,,,,,,
2005-10-13,35.44644927978516,,,,,,
2005-10-14,35.22607421875,,,,,,
2005-10-17,35.3509521484375,,,,,,
2005-10-18,35.181976318359375,,,,,,
2005-10-19,35.97539138793945,,,,,,
2005-10-20,34.79261016845703,,,,,,
2005-10-21,34.63835525512695,,,,,,
2005-10-24,36.394142150878906,,,,,,
2005-10-25,36.5263900756836,,,,,,
2005-10-26,36.834938049316406,,,,,,
2005-10-27,35.92398452758789,,,,,,
2005-10-28,36.394142150878906,,,,,,
2005-10-31,36.563114166259766,,,,,,
2005-11-01,36.10763931274414,,,,,,
2005-11-02,36.71003723144531,,,,,,
2005-11-03,36.5337142944336,,,,,,
2005-11-04,36.29130172729492,,,,,,
2005-11-07,36.58516311645508,,,,,,
2005-11-08,36.09294891357422,,,,,,
2005-11-09,36.23987579345703,,,,,,
2005-11-10,36.62923812866211,,,,,,
2005-11-11,37.06266403198242,,,,,,
2005-11-14,37.40060424804688,,,,,,
2005-11-15,37.41529846191406,,,,,,
2005-11-16,36.79084396362305,,,,,,
2005-11-17,36.3647575378418,,,,,,
2005-11-18,36.66596984863281,,,,,,
2005-11-21,37.39326477050781,,,,,,
2005-11-22,38.017704010009766,,,,,,
2005-11-23,38.4952278137207,,,,,,
2005-11-25,38.6568489074707,,,,,,
2005-11-28,38.818458557128906,,,,,,
2005-11-29,38.29685592651367,,,,,,
2005-11-30,37.77524948120117,,,,,,
2005-12-01,38.19401550292969,,,,,,
2005-12-02,37.91486740112305,,,,,,
2005-12-05,37.75323486328125,,,,,,
2005-12-06,37.83404541015625,,,,,,
2005-12-07,37.54754257202149,,,,,,
2005-12-08,37.20960998535156,,,,,,
2005-12-09,37.5769157409668,,,,,,
2005-12-12,37.488746643066406,,,,,,
2005-12-13,37.29776382446289,,,,,,
2005-12-14,37.804649353027344,,,,,,
2005-12-15,37.78261566162109,,,,,,
2005-12-16,38.149932861328125,,,,,,
2005-12-19,37.665077209472656,,,,,,
2005-12-20,38.017704010009766,,,,,,
2005-12-21,38.48786926269531,,,,,,
2005-12-22,38.42174911499024,,,,,,
2005-12-23,38.42911529541016,,,,,,
2005-12-27,37.665077209472656,,,,,,
2005-12-28,37.78261566162109,,,,,,
2005-12-29,37.54754257202149,,,,,,
2005-12-30,37.804649353027344,,,,,,
2006-01-03,38.6274642944336,,,,,,
2006-01-04,38.25192260742188,,,,,,
2006-01-05,38.65690994262695,,,,,,
2006-01-06,38.78945159912109,,,,,,
2006-01-09,39.7540168762207,,,,,,
2006-01-10,39.636226654052734,,,,,,
2006-01-11,39.42269515991211,,,,,,
2006-01-12,39.43003845214844,,,,,,
2006-01-13,39.34904479980469,,,,,,
2006-01-17,38.99560546875,,,,,,
2006-01-18,38.855716705322266,,,,,,
2006-01-19,38.72319030761719,,,,,,
2006-01-20,37.846954345703125,,,,,,
2006-01-23,37.876407623291016,,,,,,
2006-01-24,38.892520904541016,,,,,,
2006-01-25,38.95143508911133,,,,,,
2006-01-26,39.26070785522461,,,,,,
2006-01-27,39.24596786499024,,,,,,
2006-01-30,38.78945159912109,,,,,,
2006-01-31,38.620094299316406,,,,,,
2006-02-01,38.74528503417969,,,,,,
2006-02-02,38.70109558105469,,,,,,
2006-02-03,38.5317268371582,,,,,,
2006-02-06,38.45074081420898,,,,,,
2006-02-07,38.340293884277344,,,,,,
2006-02-08,38.82625579833984,,,,,,
2006-02-09,39.05452728271485,,,,,,
2006-02-10,39.02503967285156,,,,,,
2006-02-13,39.03980255126953,,,,,,
2006-02-14,39.40058898925781,,,,,,
2006-02-15,39.90129089355469,,,,,,
2006-02-16,40.11481475830078,,,,,,
2006-02-17,40.09273147583008,,,,,,
2006-02-21,39.65830993652344,,,,,,
2006-02-22,40.379913330078125,,,,,,
2006-02-23,40.18108749389648,,,,,,
2006-02-24,40.40198516845703,,,,,,
2006-02-27,40.3062629699707,,,,,,
2006-02-28,39.67303466796875,,,,,,
2006-03-01,39.84975051879883,,,,,,
2006-03-02,39.599395751953125,,,,,,
2006-03-03,39.57731246948242,,,,,,
2006-03-06,39.57731246948242,,,,,,
2006-03-07,39.45951461791992,,,,,,
2006-03-08,39.64356994628906,,,,,,
2006-03-09,39.17232894897461,,,,,,
2006-03-10,39.93074035644531,,,,,,
2006-03-13,39.64356994628906,,,,,,
2006-03-14,39.73194122314453,,,,,,
2006-03-15,39.776123046875,,,,,,
2006-03-16,39.84975051879883,,,,,,
2006-03-17,40.2400016784668,,,,,,
2006-03-20,39.84975051879883,,,,,,
2006-03-21,39.45951461791992,,,,,,
2006-03-22,39.43003845214844,,,,,,
2006-03-23,39.09870147705078,,,,,,
2006-03-24,39.15761947631836,,,,,,
2006-03-27,39.290157318115234,,,,,,
2006-03-28,38.70845031738281,,,,,,
2006-03-29,38.65690994262695,,,,,,
2006-03-30,38.38445663452149,,,,,,
2006-03-31,38.69372177124024,,,,,,
2006-04-03,38.605377197265625,,,,,,
2006-04-04,39.194427490234375,,,,,,
2006-04-05,39.03944778442383,,,,,,
2006-04-06,38.574520111083984,,,,,,
2006-04-07,38.15386199951172,,,,,,
2006-04-10,38.26456069946289,,,,,,
2006-04-11,37.8217887878418,,,,,,
2006-04-12,37.77749252319336,,,,,,
2006-04-13,37.79225540161133,,,,,,
2006-04-17,37.63727569580078,,,,,,
2006-04-18,38.59664916992188,,,,,,
2006-04-19,38.27933120727539,,,,,,
2006-04-20,38.69998550415039,,,,,,
2006-04-21,38.55976486206055,,,,,,
2006-04-24,38.21289825439453,,,,,,
2006-04-25,37.866058349609375,,,,,,
2006-04-26,38.30146026611328,,,,,,
2006-04-27,39.62984085083008,,,,,,
2006-04-28,39.71100616455078,,,,,,
2006-05-01,38.9730339050293,,,,,,
2006-05-02,38.76639175415039,,,,,,
2006-05-03,38.65568923950195,,,,,,
2006-05-04,38.92876434326172,,,,,,
2006-05-05,39.66673278808594,,,,,,
2006-05-08,39.55602645874024,,,,,,
2006-05-09,39.53388595581055,,,,,,
2006-05-10,39.57079315185547,,,,,,
2006-05-11,38.89923477172852,,,,,,
2006-05-12,39.03205108642578,,,,,,
2006-05-15,39.20919418334961,,,,,,
2006-05-16,39.09848403930664,,,,,,
2006-05-17,38.375244140625,,,,,,
2006-05-18,38.30884552001953,,,,,,
2006-05-19,38.54499053955078,,,,,,
2006-05-22,38.30146026611328,,,,,,
2006-05-23,38.53761291503906,,,,,,
2006-05-24,39.41581344604492,,,,,,
2006-05-25,39.91765213012695,,,,,,
2006-05-26,40.15380859375,,,,,,
2006-05-30,39.70363235473633,,,,,,
2006-05-31,40.11692428588867,,,,,,
2006-06-01,40.42686080932617,,,,,,
2006-06-02,40.382591247558594,,,,,,
2006-06-05,39.55602645874024,,,,,,
2006-06-06,39.305118560791016,,,,,,
2006-06-07,39.46747970581055,,,,,,
2006-06-08,39.40105438232422,,,,,,
2006-06-09,39.452728271484375,,,,,,
2006-06-12,38.98778533935547,,,,,,
2006-06-13,38.53761291503906,,,,,,
2006-06-14,38.92136001586914,,,,,,
2006-06-15,39.53388595581055,,,,,,
2006-06-16,39.05419921875,,,,,,
2006-06-19,38.53761291503906,,,,,,
2006-06-20,38.91399002075195,,,,,,
2006-06-21,39.20919418334961,,,,,,
2006-06-22,38.92876434326172,,,,,,
2006-06-23,38.810672760009766,,,,,,
2006-06-26,39.10585784912109,,,,,,
2006-06-27,38.604042053222656,,,,,,
2006-06-28,38.508079528808594,,,,,,
2006-06-29,39.77004623413086,,,,,,
2006-06-30,39.27558898925781,,,,,,
2006-07-03,39.60031509399414,,,,,,
2006-07-05,38.85286331176758,,,,,,
2006-07-06,38.8824577331543,,,,,,
2006-07-07,38.46803665161133,,,,,,
2006-07-10,38.55685424804688,,,,,,
2006-07-11,38.84546661376953,,,,,,
2006-07-12,38.630836486816406,,,,,,
2006-07-13,37.92779541015625,,,,,,
2006-07-14,37.94259262084961,,,,,,
2006-07-17,37.92779541015625,,,,,,
2006-07-18,37.70579147338867,,,,,,
2006-07-19,38.55685424804688,,,,,,
2006-07-20,38.327430725097656,,,,,,
2006-07-21,37.4615592956543,,,,,,
2006-07-24,37.491172790527344,,,,,,
2006-07-25,37.62437057495117,,,,,,
2006-07-26,38.29781723022461,,,,,,
2006-07-27,37.9574089050293,,,,,,
2006-07-28,38.62343978881836,,,,,,
2006-07-31,38.52724456787109,,,,,,
2006-08-01,38.56423568725586,,,,,,
2006-08-02,38.31264877319336,,,,,,
2006-08-03,38.57903289794922,,,,,,
2006-08-04,38.63825607299805,,,,,,
2006-08-07,38.55685424804688,,,,,,
2006-08-08,38.68264389038086,,,,,,
2006-08-09,38.52724456787109,,,,,,
2006-08-10,38.46803665161133,,,,,,
2006-08-11,38.33483505249024,,,,,,
2006-08-14,38.33483505249024,,,,,,
2006-08-15,39.08230209350586,,,,,,
2006-08-16,39.24507522583008,,,,,,
2006-08-17,39.600318908691406,,,,,,
2006-08-18,39.41530227661133,,,,,,
2006-08-21,39.444915771484375,,,,,,
2006-08-22,39.289493560791016,,,,,,
2006-08-23,39.2228889465332,,,,,,
2006-08-24,39.31909942626953,,,,,,
2006-08-25,39.16366195678711,,,,,,
2006-08-28,39.1784782409668,,,,,,
2006-08-29,38.88985824584961,,,,,,
2006-08-30,38.83066940307617,,,,,,
2006-08-31,38.8824577331543,,,,,,
2006-09-01,38.88985824584961,,,,,,
2006-09-05,38.96387481689453,,,,,,
2006-09-06,38.71964263916016,,,,,,
2006-09-07,38.70485305786133,,,,,,
2006-09-08,38.941680908203125,,,,,,
2006-09-11,38.83806991577149,,,,,,
2006-09-12,38.93426513671875,,,,,,
2006-09-13,39.52631378173828,,,,,,
2006-09-14,39.578125,,,,,,
2006-09-15,39.77791595458984,,,,,,
2006-09-18,39.58551025390625,,,,,,
2006-09-19,39.52631378173828,,,,,,
2006-09-20,40.15534973144531,,,,,,
2006-09-21,40.14055252075195,,,,,,
2006-09-22,40.04435348510742,,,,,,
2006-09-25,40.65858459472656,,,,,,
2006-09-26,41.413455963134766,,,,,,
2006-09-27,41.46525573730469,,,,,,
2006-09-28,41.43563461303711,,,,,,
2006-09-29,41.502254486083984,,,,,,
2006-10-02,40.83620071411133,,,,,,
2006-10-03,41.43563461303711,,,,,,
2006-10-04,41.969913482666016,,,,,,
2006-10-05,42.03670120239258,,,,,,
2006-10-06,41.99217987060547,,,,,,
2006-10-09,41.94023513793945,,,,,,
2006-10-10,42.78617477416992,,,,,,
2006-10-11,42.630348205566406,,,,,,
2006-10-12,42.956825256347656,,,,,,
2006-10-13,43.05329132080078,,,,,,
2006-10-16,42.77132034301758,,,,,,
2006-10-17,43.1126594543457,,,,,,
2006-10-18,42.98653030395508,,,,,,
2006-10-19,43.016212463378906,,,,,,
2006-10-20,43.06813430786133,,,,,,
2006-10-23,42.03670120239258,,,,,,
2006-10-24,42.07381820678711,,,,,,
2006-10-25,42.19253540039063,,,,,,
2006-10-26,42.90488815307617,,,,,,
2006-10-27,42.49677658081055,,,,,,
2006-10-30,42.52645111083984,,,,,,
2006-10-31,42.89748001098633,,,,,,
2006-11-01,42.77874755859375,,,,,,
2006-11-02,42.63775634765625,,,,,,
2006-11-03,42.34095001220703,,,,,,
2006-11-06,43.15717697143555,,,,,,
2006-11-07,43.372371673583984,,,,,,
2006-11-08,43.83244323730469,,,,,,
2006-11-09,43.71372222900391,,,,,,
2006-11-10,43.67661666870117,,,,,,
2006-11-13,43.75825119018555,,,,,,
2006-11-14,44.03281021118164,,,,,,
2006-11-15,44.13669967651367,,,,,,
2006-11-16,44.20345306396485,,,,,,
2006-11-17,44.40382766723633,,,,,,
2006-11-20,44.210899353027344,,,,,,
2006-11-21,44.084754943847656,,,,,,
2006-11-22,44.4409294128418,,,,,,
2006-11-24,44.448333740234375,,,,,,
2006-11-27,43.64694213867188,,,,,,
2006-11-28,43.7063102722168,,,,,,
2006-11-29,43.60983657836914,,,,,,
2006-11-30,43.572731018066406,,,,,,
2006-12-01,43.44659423828125,,,,,,
2006-12-04,44.4409294128418,,,,,,
2006-12-05,44.41123580932617,,,,,,
2006-12-06,44.27766799926758,,,,,,
2006-12-07,43.90666198730469,,,,,,
2006-12-08,44.39641571044922,,,,,,
2006-12-11,44.010536193847656,,,,,,
2006-12-12,43.869571685791016,,,,,,
2006-12-13,44.50029754638672,,,,,,
2006-12-14,45.93245697021485,,,,,,
2006-12-15,45.73949432373047,,,,,,
2006-12-18,45.8359489440918,,,,,,
2006-12-19,45.6727180480957,,,,,,
2006-12-20,45.509464263916016,,,,,,
2006-12-21,45.16070556640625,,,,,,
2006-12-22,45.153282165527344,,,,,,
2006-12-26,45.3833122253418,,,,,,
2006-12-27,45.68756103515625,,,,,,
2006-12-28,45.36847686767578,,,,,,
2006-12-29,45.01972579956055,,,,,,
2007-01-03,44.90070343017578,,,,,,
2007-01-04,44.573387145996094,,,,,,
2007-01-05,43.985721588134766,,,,,,
2007-01-08,44.402286529541016,,,,,,
2007-01-09,44.11961364746094,,,,,,
2007-01-10,44.08986282348633,,,,,,
2007-01-11,44.22374725341797,,,,,,
2007-01-12,43.89643478393555,,,,,,
2007-01-16,43.985721588134766,,,,,,
2007-01-17,44.05267333984375,,,,,,
2007-01-18,43.88901901245117,,,,,,
2007-01-19,43.21209335327149,,,,,,
2007-01-22,43.18977737426758,,,,,,
2007-01-23,42.80294799804688,,,,,,
2007-01-24,43.83695983886719,,,,,,
2007-01-25,42.97405242919922,,,,,,
2007-01-26,43.03354644775391,,,,,,
2007-01-29,42.87732696533203,,,,,,
2007-01-30,43.152587890625,,,,,,
2007-01-31,43.30879592895508,,,,,,
2007-02-01,43.19721221923828,,,,,,
2007-02-02,43.26414489746094,,,,,,
2007-02-05,43.293922424316406,,,,,,
2007-02-06,43.18977737426758,,,,,,
2007-02-07,43.65098190307617,,,,,,
2007-02-08,43.50963973999024,,,,,,
2007-02-09,42.79551696777344,,,,,,
2007-02-12,42.40126037597656,,,,,,
2007-02-13,42.84757232666016,,,,,,
2007-02-14,43.65839767456055,,,,,,
2007-02-15,43.777435302734375,,,,,,
2007-02-16,43.90389633178711,,,,,,
2007-02-20,43.67327880859375,,,,,,
2007-02-21,43.53939056396485,,,,,,
2007-02-22,43.2567253112793,,,,,,
2007-02-23,43.16000747680664,,,,,,
2007-02-26,42.505401611328125,,,,,,
2007-02-27,41.35239028930664,,,,,,
2007-02-28,42.304534912109375,,,,,,
2007-03-01,42.06650161743164,,,,,,
2007-03-02,41.24079895019531,,,,,,
2007-03-05,40.8390998840332,,,,,,
2007-03-06,41.93259811401367,,,,,,
2007-03-07,41.5532112121582,,,,,,
2007-03-08,42.2673454284668,,,,,,
2007-03-09,42.32686996459961,,,,,,
2007-03-12,42.18552780151367,,,,,,
2007-03-13,40.727516174316406,,,,,,
2007-03-14,41.441650390625,,,,,,
2007-03-15,41.73918533325195,,,,,,
2007-03-16,41.32262802124024,,,,,,
2007-03-19,41.6871337890625,,,,,,
2007-03-20,41.85078048706055,,,,,,
2007-03-21,42.765750885009766,,,,,,
2007-03-22,42.72855758666992,,,,,,
2007-03-23,42.72112274169922,,,,,,
2007-03-26,42.5500373840332,,,,,,
2007-03-27,41.97723388671875,,,,,,
2007-03-28,41.5532112121582,,,,,,
2007-03-29,41.99955749511719,,,,,,
2007-03-30,41.95494079589844,,,,,,
2007-04-02,41.5532112121582,,,,,,
2007-04-03,41.7098503112793,,,,,,
2007-04-04,42.00076675415039,,,,,,
2007-04-05,41.73970031738281,,,,,,
2007-04-09,42.03803253173828,,,,,,
2007-04-10,42.07535934448242,,,,,,
2007-04-11,41.80683517456055,,,,,,
2007-04-12,42.149940490722656,,,,,,
2007-04-13,42.78393173217773,,,,,,
2007-04-16,43.67900848388672,,,,,,
2007-04-17,43.44032287597656,,,,,,
2007-04-18,43.58948516845703,,,,,,
2007-04-19,43.96989440917969,,,,,,
2007-04-20,45.49896240234375,,,,,,
2007-04-23,45.61084747314453,,,,,,
2007-04-24,45.431827545166016,,,,,,
2007-04-25,46.4835319519043,,,,,,
2007-04-26,46.34928131103516,,,,,,
2007-04-27,46.34928131103516,,,,,,
2007-04-30,45.25282287597656,,,,,,
2007-05-01,45.73762893676758,,,,,,
2007-05-02,46.79681015014648,,,,,,
2007-05-03,47.33382797241211,,,,,,
2007-05-04,47.2816276550293,,,,,,
2007-05-07,47.19213485717773,,,,,,
2007-05-08,47.19213485717773,,,,,,
2007-05-09,47.19958114624024,,,,,,
2007-05-10,46.80424499511719,,,,,,
2007-05-11,46.96834945678711,,,,,,
2007-05-14,46.55813217163086,,,,,,
2007-05-15,47.005645751953125,,,,,,
2007-05-16,47.72169494628906,,,,,,
2007-05-17,47.40842819213867,,,,,,
2007-05-18,47.706787109375,,,,,,
2007-05-21,47.93800354003906,,,,,,
2007-05-22,47.93800354003906,,,,,,
2007-05-23,47.72913360595703,,,,,,
2007-05-24,47.75152587890625,,,,,,
2007-05-25,47.460636138916016,,,,,,
2007-05-29,47.990211486816406,,,,,,
2007-05-30,48.48249435424805,,,,,,
2007-05-31,48.46757507324219,,,,,,
2007-06-01,48.53471374511719,,,,,,
2007-06-04,48.49739074707031,,,,,,
2007-06-05,48.32585906982422,,,,,,
2007-06-06,47.54268264770508,,,,,,
2007-06-07,46.79681015014648,,,,,,
2007-06-08,47.02055740356445,,,,,,
2007-06-11,47.03548812866211,,,,,,
2007-06-12,46.33433532714844,,,,,,
2007-06-13,47.10261535644531,,,,,,
2007-06-14,47.09513854980469,,,,,,
2007-06-15,47.56505584716797,,,,,,
2007-06-18,47.09513854980469,,,,,,
2007-06-19,47.10261535644531,,,,,,
2007-06-20,46.28213882446289,,,,,,
2007-06-21,46.73713302612305,,,,,,
2007-06-22,46.08821868896485,,,,,,
2007-06-25,46.09565734863281,,,,,,
2007-06-26,45.745094299316406,,,,,,
2007-06-27,45.89426803588867,,,,,,
2007-06-28,45.66306686401367,,,,,,
2007-06-29,45.63321685791016,,,,,,
2007-07-02,46.08821868896485,,,,,,
2007-07-03,46.6714096069336,,,,,,
2007-07-05,45.89380645751953,,,,,,
2007-07-06,45.990997314453125,,,,,,
2007-07-09,46.68637847900391,,,,,,
2007-07-10,45.086307525634766,,,,,,
2007-07-11,45.07134246826172,,,,,,
2007-07-12,47.35182571411133,,,,,,
2007-07-13,46.97797775268555,,,,,,
2007-07-16,46.26764678955078,,,,,,
2007-07-17,48.40607833862305,,,,,,
2007-07-18,48.63785552978516,,,,,,
2007-07-19,49.0117301940918,,,,,,
2007-07-20,48.23410415649414,,,,,,
2007-07-23,48.34625244140625,,,,,,
2007-07-24,45.73678588867188,,,,,,
2007-07-25,46.15552520751953,,,,,,
2007-07-26,45.0563850402832,,,,,,
2007-07-27,43.77780151367188,,,,,,
2007-07-30,44.96665573120117,,,,,,
2007-07-31,43.77033615112305,,,,,,
2007-08-01,44.5853385925293,,,,,,
2007-08-02,45.54238128662109,,,,,,
2007-08-03,42.98525619506836,,,,,,
2007-08-06,45.03395462036133,,,,,,
2007-08-07,45.18348693847656,,,,,,
2007-08-08,47.07517623901367,,,,,,
2007-08-09,45.347991943359375,,,,,,
2007-08-10,45.44517517089844,,,,,,
2007-08-13,44.45073318481445,,,,,,
2007-08-14,42.84318923950195,,,,,,
2007-08-15,42.42447280883789,,,,,,
2007-08-16,43.4936752319336,,,,,,
2007-08-17,44.03203582763672,,,,,,
2007-08-20,43.8750114440918,,,,,,
2007-08-21,44.21894836425781,,,,,,
2007-08-22,44.95919036865234,,,,,,
2007-08-23,44.8844108581543,,,,,,
2007-08-24,45.52742767333984,,,,,,
2007-08-27,44.83207321166992,,,,,,
2007-08-28,42.88057708740234,,,,,,
2007-08-29,43.47127151489258,,,,,,
2007-08-30,43.157222747802734,,,,,,
2007-08-31,43.83014678955078,,,,,,
2007-09-04,45.43770980834961,,,,,,
2007-09-05,44.35354232788086,,,,,,
2007-09-06,44.41336441040039,,,,,,
2007-09-07,43.179664611816406,,,,,,
2007-09-10,43.89742660522461,,,,,,
2007-09-11,44.39093780517578,,,,,,
2007-09-12,44.473175048828125,,,,,,
2007-09-13,45.31060409545898,,,,,,
2007-09-14,44.06942367553711,,,,,,
2007-09-17,43.51611709594727,,,,,,
2007-09-18,45.46015548706055,,,,,,
2007-09-19,45.57229995727539,,,,,,
2007-09-20,44.95169448852539,,,,,,
2007-09-21,44.32364273071289,,,,,,
2007-09-24,43.65819549560547,,,,,,
2007-09-25,43.9871711730957,,,,,,
2007-09-26,44.12175369262695,,,,,,
2007-09-27,44.540470123291016,,,,,,
2007-09-28,44.39093780517578,,,,,,
2007-10-01,45.33302688598633,,,,,,
2007-10-02,45.3255500793457,,,,,,
2007-10-03,44.86833190917969,,,,,,
2007-10-04,44.79337310791016,,,,,,
2007-10-05,45.79778289794922,,,,,,
2007-10-08,45.49045181274414,,,,,,
2007-10-09,46.862152099609375,,,,,,
2007-10-10,46.38992691040039,,,,,,
2007-10-11,46.80965805053711,,,,,,
2007-10-12,47.39433288574219,,,,,,
2007-10-15,46.32246780395508,,,,,,
2007-10-16,45.14565658569336,,,,,,
2007-10-17,45.03322219848633,,,,,,
2007-10-18,43.96885681152344,,,,,,
2007-10-19,42.80705642700195,,,,,,
2007-10-22,42.62715148925781,,,,,,
2007-10-23,43.96885681152344,,,,,,
2007-10-24,44.1787338256836,,,,,,
2007-10-25,44.79337310791016,,,,,,
2007-10-26,45.475467681884766,,,,,,
2007-10-29,45.35554885864258,,,,,,
2007-10-30,45.198150634765625,,,,,,
2007-10-31,45.68533706665039,,,,,,
2007-11-01,43.76648712158203,,,,,,
2007-11-02,43.78896331787109,,,,,,
2007-11-05,43.60157775878906,,,,,,
2007-11-06,43.9013900756836,,,,,,
2007-11-07,41.50282287597656,,,,,,
2007-11-08,42.05000686645508,,,,,,
2007-11-09,42.342323303222656,,,,,,
2007-11-12,42.04249954223633,,,,,,
2007-11-13,44.343631744384766,,,,,,
2007-11-14,44.29867172241211,,,,,,
2007-11-15,43.65404891967773,,,,,,
2007-11-16,43.976356506347656,,,,,,
2007-11-19,43.00194549560547,,,,,,
2007-11-20,42.72461318969727,,,,,,
2007-11-21,40.73077392578125,,,,,,
2007-11-23,41.69770431518555,,,,,,
2007-11-26,40.131141662597656,,,,,,
2007-11-27,41.690216064453125,,,,,,
2007-11-28,43.03190994262695,,,,,,
2007-11-29,42.64216232299805,,,,,,
2007-11-30,44.20870971679688,,,,,,
2007-12-03,43.92387390136719,,,,,,
2007-12-04,42.80705642700195,,,,,,
2007-12-05,43.42169189453125,,,,,,
2007-12-06,44.62096405029297,,,,,,
2007-12-07,42.69458770751953,,,,,,
2007-12-10,43.159324645996094,,,,,,
2007-12-11,40.89567565917969,,,,,,
2007-12-12,40.53590393066406,,,,,,
2007-12-13,40.35601425170898,,,,,,
2007-12-14,39.19419097900391,,,,,,
2007-12-17,39.11174011230469,,,,,,
2007-12-18,38.81192779541016,,,,,,
2007-12-19,38.90936279296875,,,,,,
2007-12-20,38.249755859375,,,,,,
2007-12-21,38.93933868408203,,,,,,
2007-12-24,39.906280517578125,,,,,,
2007-12-26,39.65142440795898,,,,,,
2007-12-27,38.30223083496094,,,,,,
2007-12-28,38.10735702514648,,,,,,
2007-12-31,38.991817474365234,,,,,,
2008-01-02,38.39008331298828,,,,,,
2008-01-03,37.91624450683594,,,,,,
2008-01-04,36.96098709106445,,,,,,
2008-01-07,37.12646865844727,,,,,,
2008-01-08,36.0659294128418,,,,,,
2008-01-09,36.91585922241211,,,,,,
2008-01-10,36.79551315307617,,,,,,
2008-01-11,33.09492492675781,,,,,,
2008-01-14,33.47100067138672,,,,,,
2008-01-15,32.16974639892578,,,,,,
2008-01-16,33.27543640136719,,,,,,
2008-01-17,32.094539642333984,,,,,,
2008-01-18,32.80155563354492,,,,,,
2008-01-22,32.598487854003906,,,,,,
2008-01-23,34.75717544555664,,,,,,
2008-01-24,35.43410873413086,,,,,,
2008-01-25,34.178009033203125,,,,,,
2008-01-28,35.65224838256836,,,,,,
2008-01-29,35.95309066772461,,,,,,
2008-01-30,35.60710906982422,,,,,,
2008-01-31,36.95347595214844,,,,,,
2008-02-01,37.30699157714844,,,,,,
2008-02-04,35.84778594970703,,,,,,
2008-02-05,34.37358474731445,,,,,,
2008-02-06,34.50144958496094,,,,,,
2008-02-07,34.937679290771484,,,,,,
2008-02-08,33.83202362060547,,,,,,
2008-02-11,33.568756103515625,,,,,,
2008-02-12,33.9072380065918,,,,,,
2008-02-13,35.23855209350586,,,,,,
2008-02-14,34.36605453491211,,,,,,
2008-02-15,33.9297981262207,,,,,,
2008-02-19,33.50861358642578,,,,,,
2008-02-20,34.07270431518555,,,,,,
2008-02-21,33.60637664794922,,,,,,
2008-02-22,33.892181396484375,,,,,,
2008-02-25,34.0050163269043,,,,,,
2008-02-26,34.456302642822266,,,,,,
2008-02-27,34.6518669128418,,,,,,
2008-02-28,33.41081619262695,,,,,,
2008-02-29,31.81623268127441,,,,,,
2008-03-03,31.650779724121094,,,,,,
2008-03-04,32.07948303222656,,,,,,
2008-03-05,31.763591766357425,,,,,,
2008-03-06,31.05657386779785,,,,,,
2008-03-07,31.23708152770996,,,,,,
2008-03-10,30.116369247436523,,,,,,
2008-03-11,32.967044830322266,,,,,,
2008-03-12,32.14720153808594,,,,,,
2008-03-13,32.11711502075195,,,,,,
2008-03-14,30.845951080322266,,,,,,
2008-03-17,31.37247467041016,,,,,,
2008-03-18,32.87677383422852,,,,,,
2008-03-19,31.5905990600586,,,,,,
2008-03-20,34.58417510986328,,,,,,
2008-03-24,35.65974807739258,,,,,,
2008-03-25,35.73497772216797,,,,,,
2008-03-26,34.11783599853516,,,,,,
2008-03-27,33.719181060791016,,,,,,
2008-03-28,32.4555549621582,,,,,,
2008-03-31,32.884300231933594,,,,,,
2008-04-01,35.41905975341797,,,,,,
2008-04-02,35.08811569213867,,,,,,
2008-04-03,35.110694885253906,,,,,,
2008-04-04,34.68194961547852,,,,,,
2008-04-07,35.01288986206055,,,,,,
2008-04-08,34.95273208618164,,,,,,
2008-04-09,34.03909683227539,,,,,,
2008-04-10,34.02397537231445,,,,,,
2008-04-11,32.76298904418945,,,,,,
2008-04-14,32.257102966308594,,,,,,
2008-04-15,32.5817756652832,,,,,,
2008-04-16,33.03483200073242,,,,,,
2008-04-17,33.75216293334961,,,,,,
2008-04-18,34.378883361816406,,,,,,
2008-04-21,34.50723648071289,,,,,,
2008-04-22,33.2009391784668,,,,,,
2008-04-23,33.510528564453125,,,,,,
2008-04-24,34.114585876464844,,,,,,
2008-04-25,36.07025146484375,,,,,,
2008-04-28,36.160865783691406,,,,,,
2008-04-29,36.25148010253906,,,,,,
2008-04-30,36.259033203125,,,,,,
2008-05-01,38.758338928222656,,,,,,
2008-05-02,38.05612182617188,,,,,,
2008-05-05,38.07123565673828,,,,,,
2008-05-06,38.47897720336914,,,,,,
2008-05-07,36.77248764038086,,,,,,
2008-05-08,36.88574981689453,,,,,,
2008-05-09,36.96880340576172,,,,,,
2008-05-12,37.71633529663086,,,,,,
2008-05-13,37.00654602050781,,,,,,
2008-05-14,37.37655258178711,,,,,,
2008-05-15,37.648380279541016,,,,,,
2008-05-16,36.75738906860352,,,,,,
2008-05-19,36.6667594909668,,,,,,
2008-05-20,35.72291946411133,,,,,,
2008-05-21,34.34111022949219,,,,,,
2008-05-22,35.00558853149414,,,,,,
2008-05-23,34.31846618652344,,,,,,
2008-05-27,34.65825653076172,,,,,,
2008-05-28,34.847023010253906,,,,,,
2008-05-29,35.300071716308594,,,,,,
2008-05-30,34.9980354309082,,,,,,
2008-06-02,34.16744613647461,,,,,,
2008-06-03,33.45768356323242,,,,,,
2008-06-04,34.4619140625,,,,,,
2008-06-05,35.81353759765625,,,,,,
2008-06-06,33.71438980102539,,,,,,
2008-06-09,33.306663513183594,,,,,,
2008-06-10,33.48788833618164,,,,,,
2008-06-11,32.158935546875,,,,,,
2008-06-12,32.78564453125,,,,,,
2008-06-13,33.721946716308594,,,,,,
2008-06-16,33.737060546875,,,,,,
2008-06-17,32.28729248046875,,,,,,
2008-06-18,32.03056716918945,,,,,,
2008-06-19,32.18914794921875,,,,,,
2008-06-20,31.09426498413086,,,,,,
2008-06-23,30.86774635314941,,,,,,
2008-06-24,31.78894424438477,,,,,,
2008-06-25,30.91304397583008,,,,,,
2008-06-26,29.365123748779297,,,,,,
2008-06-27,28.72330474853516,,,,,,
2008-06-30,28.44391632080078,,,,,,
2008-07-01,30.218374252319336,,,,,,
2008-07-02,29.91634178161621,,,,,,
2008-07-03,30.38448143005371,,,,,,
2008-07-07,29.8936824798584,,,,,,
2008-07-08,31.3736572265625,,,,,,
2008-07-09,29.58390617370605,,,,,,
2008-07-10,29.606658935546875,,,,,,
2008-07-11,29.735567092895508,,,,,,
2008-07-14,28.446348190307617,,,,,,
2008-07-15,28.074750900268555,,,,,,
2008-07-16,30.084415435791016,,,,,,
2008-07-17,31.6921615600586,,,,,,
2008-07-18,31.995519638061523,,,,,,
2008-07-21,31.0172176361084,,,,,,
2008-07-22,28.81038284301757,,,,,,
2008-07-23,29.83416557312012,,,,,,
2008-07-24,27.612144470214844,,,,,,
2008-07-25,27.77140998840332,,,,,,
2008-07-28,26.82344055175781,,,,,,
2008-07-29,28.45394325256348,,,,,,
2008-07-30,28.469112396240234,,,,,,
2008-07-31,28.150590896606445,,,,,,
2008-08-01,28.203672409057617,,,,,,
2008-08-04,27.945831298828125,,,,,,
2008-08-05,29.363977432250977,,,,,,
2008-08-06,28.81038284301757,,,,,,
2008-08-07,27.60456657409668,,,,,,
2008-08-08,28.673858642578125,,,,,,
2008-08-11,29.705228805541992,,,,,,
2008-08-12,28.855857849121094,,,,,,
2008-08-13,27.976158142089844,,,,,,
2008-08-14,28.969623565673828,,,,,,
2008-08-15,29.629404067993164,,,,,,
2008-08-18,28.81038284301757,,,,,,
2008-08-19,27.854820251464844,,,,,,
2008-08-20,28.385671615600582,,,,,,
2008-08-21,28.067163467407227,,,,,,
2008-08-22,29.417055130004883,,,,,,
2008-08-25,28.673858642578125,,,,,,
2008-08-26,28.855857849121094,,,,,,
2008-08-27,29.4398193359375,,,,,,
2008-08-28,30.630447387695312,,,,,,
2008-08-29,30.09200668334961,,,,,,
2008-09-02,30.81245803833008,,,,,,
2008-09-03,31.024803161621094,,,,,,
2008-09-04,29.3867244720459,,,,,,
2008-09-05,29.87965965270996,,,,,,
2008-09-08,30.729042053222656,,,,,,
2008-09-09,28.99996566772461,,,,,,
2008-09-10,28.93928337097168,,,,,,
2008-09-11,29.394311904907227,,,,,,
2008-09-12,29.53839683532715,,,,,,
2008-09-15,26.90686798095703,,,,,,
2008-09-16,27.35430908203125,,,,,,
2008-09-17,25.056453704833984,,,,,,
2008-09-18,28.60559844970703,,,,,,
2008-09-19,30.63803482055664,,,,,,
2008-09-22,28.27951431274414,,,,,,
2008-09-23,29.03030586242676,,,,,,
2008-09-24,28.438764572143555,,,,,,
2008-09-25,28.68903350830078,,,,,,
2008-09-26,29.955501556396484,,,,,,
2008-09-29,24.684850692749023,,,,,,
2008-09-30,26.86895179748535,,,,,,
2008-10-01,26.937543869018555,,,,,,
2008-10-02,24.498374938964844,,,,,,
2008-10-03,23.530336380004883,,,,,,
2008-10-06,22.920549392700195,,,,,,
2008-10-07,21.533275604248047,,,,,,
2008-10-08,20.67193984985352,,,,,,
2008-10-09,18.293750762939453,,,,,,
2008-10-10,17.645849227905273,,,,,,
2008-10-13,20.809141159057617,,,,,,
2008-10-14,21.48753929138184,,,,,,
2008-10-15,18.60627174377441,,,,,,
2008-10-16,18.019346237182617,,,,,,
2008-10-17,17.783050537109375,,,,,,
2008-10-20,18.56053924560547,,,,,,
2008-10-21,20.11550521850586,,,,,,
2008-10-22,19.07123756408692,,,,,,
2008-10-23,18.69774055480957,,,,,,
2008-10-24,18.331859588623047,,,,,,
2008-10-27,17.592491149902344,,,,,,
2008-10-28,19.414247512817383,,,,,,
2008-10-29,19.216062545776367,,,,,,
2008-10-30,19.863969802856445,,,,,,
2008-10-31,20.961593627929688,,,,,,
2008-11-03,21.58662796020508,,,,,,
2008-11-04,22.72998809814453,,,,,,
2008-11-05,21.21313095092773,,,,,,
2008-11-06,18.995014190673828,,,,,,
2008-11-07,19.29228782653809,,,,,,
2008-11-10,18.278505325317383,,,,,,
2008-11-11,17.074169158935547,,,,,,
2008-11-12,15.282910346984863,,,,,,
2008-11-13,15.839341163635254,,,,,,
2008-11-14,15.237173080444336,,,,,,
2008-11-17,14.764582633972168,,,,,,
2008-11-18,14.772205352783203,,,,,,
2008-11-19,14.28437042236328,,,,,,
2008-11-20,13.13339138031006,,,,,,
2008-11-21,14.246260643005373,,,,,,
2008-11-24,16.14423942565918,,,,,,
2008-11-25,16.28905487060547,,,,,,
2008-11-26,16.997947692871094,,,,,,
2008-11-28,17.767805099487305,,,,,,
2008-12-01,14.970385551452637,,,,,,
2008-12-02,15.824097633361816,,,,,,
2008-12-03,16.670183181762695,,,,,,
2008-12-04,15.885076522827148,,,,,,
2008-12-05,16.60158348083496,,,,,,
2008-12-08,18.62912940979004,,,,,,
2008-12-09,17.752565383911133,,,,,,
2008-12-10,16.43389129638672,,,,,,
2008-12-11,15.34388256072998,,,,,,
2008-12-12,15.503954887390137,,,,,,
2008-12-15,14.74172019958496,,,,,,
2008-12-16,15.290533065795898,,,,,,
2008-12-17,15.099971771240234,,,,,,
2008-12-18,14.406323432922363,,,,,,
2008-12-19,14.810319900512695,,,,,,
2008-12-22,14.040454864501951,,,,,,
2008-12-23,13.689823150634766,,,,,,
2008-12-24,13.697449684143066,,,,,,
2008-12-26,13.651714324951172,,,,,,
2008-12-29,13.491644859313965,,,,,,
2008-12-30,13.72031021118164,,,,,,
2008-12-31,14.13954257965088,,,,,,
2009-01-02,14.734092712402344,,,,,,
2009-01-05,15.206684112548828,,,,,,
2009-01-06,16.060396194458008,,,,,,
2009-01-07,15.383844375610352,,,,,,
2009-01-08,15.406906127929688,,,,,,
2009-01-09,14.78417682647705,,,,,,
2009-01-12,14.476649284362791,,,,,,
2009-01-13,14.59965705871582,,,,,,
2009-01-14,13.707836151123049,,,,,,
2009-01-15,13.315739631652832,,,,,,
2009-01-16,13.07741355895996,,,,,,
2009-01-20,11.993396759033203,,,,,,
2009-01-21,12.9697847366333,,,,,,
2009-01-22,12.347050666809082,,,,,,
2009-01-23,12.300923347473145,,,,,,
2009-01-26,11.685874938964844,,,,,,
2009-01-27,12.823711395263672,,,,,,
2009-01-28,13.72321319580078,,,,,,
2009-01-29,12.84677505493164,,,,,,
2009-01-30,12.86215114593506,,,,,,
2009-02-02,13.054350852966309,,,,,,
2009-02-03,12.370115280151367,,,,,,
2009-02-04,12.577691078186035,,,,,,
2009-02-05,13.09279441833496,,,,,,
2009-02-06,13.784722328186035,,,,,,
2009-02-09,13.646336555480955,,,,,,
2009-02-10,12.277854919433594,,,,,,
2009-02-11,12.577691078186035,,,,,,
2009-02-12,12.44699478149414,,,,,,
2009-02-13,12.101029396057127,,,,,,
2009-02-17,10.732553482055664,,,,,,
2009-02-18,10.840190887451172,,,,,,
2009-02-19,9.894554138183594,,,,,,
2009-02-20,9.97143840789795,,,,,,
2009-02-23,9.341012001037598,,,,,,
2009-02-24,10.47115707397461,,,,,,
2009-02-25,10.04831600189209,,,,,,
2009-02-26,9.663912773132324,,,,,,
2009-02-27,9.27181911468506,,,,,,
2009-03-02,8.503010749816895,,,,,,
2009-03-03,9.087307929992676,,,,,,
2009-03-04,9.002734184265137,,,,,,
2009-03-05,7.941782474517822,,,,,,
2009-03-06,7.887965679168701,,,,,,
2009-03-09,8.180115699768066,,,,,,
2009-03-10,9.356389999389648,,,,,,
2009-03-11,9.171875,,,,,,
2009-03-12,10.109817504882812,,,,,,
2009-03-13,10.063688278198242,,,,,,
2009-03-16,9.733102798461914,,,,,,
2009-03-17,9.932994842529297,,,,,,
2009-03-18,10.83249855041504,,,,,,
2009-03-19,10.04831600189209,,,,,,
2009-03-20,9.425580024719238,,,,,,
2009-03-23,11.19383716583252,,,,,,
2009-03-24,10.686424255371094,,,,,,
2009-03-25,10.84787368774414,,,,,,
2009-03-26,11.632057189941406,,,,,,
2009-03-27,11.10926914215088,,,,,,
2009-03-30,9.848423957824709,,,,,,
2009-03-31,10.47884464263916,,,,,,
2009-04-01,11.250152587890623,,,,,,
2009-04-02,11.67086696624756,,,,,,
2009-04-03,11.943551063537598,,,,,,
2009-04-06,11.81110382080078,,,,,,
2009-04-07,11.694239616394045,,,,,,
2009-04-08,12.247397422790527,,,,,,
2009-04-09,14.670384407043455,,,,,,
2009-04-13,15.940312385559082,,,,,,
2009-04-14,14.35874843597412,,,,,,
2009-04-15,16.064971923828125,,,,,,
2009-04-16,16.119504928588867,,,,,,
2009-04-17,16.992090225219727,,,,,,
2009-04-20,14.78725528717041,,,,,,
2009-04-21,15.246912956237791,,,,,,
2009-04-22,15.137846946716309,,,,,,
2009-04-23,16.337646484375,,,,,,
2009-04-24,19.71113967895508,,,,,,
2009-04-27,18.87750816345215,,,,,,
2009-04-28,18.81517219543457,,,,,,
2009-04-29,19.438457489013672,,,,,,
2009-04-30,19.64880752563477,,,,,,
2009-05-01,18.92424964904785,,,,,,
2009-05-04,21.253755569458008,,,,,,
2009-05-05,20.70058822631836,,,,,,
2009-05-06,21.144676208496094,,,,,,
2009-05-07,20.233129501342773,,,,,,
2009-05-08,22.126338958740234,,,,,,
2009-05-11,20.28767776489257,,,,,,
2009-05-12,19.828004837036133,,,,,,
2009-05-13,18.7684326171875,,,,,,
2009-05-14,19.259262084960938,,,,,,
2009-05-15,18.87750816345215,,,,,,
2009-05-18,20.35779190063477,,,,,,
2009-05-19,19.31380081176757,,,,,,
2009-05-20,18.68273162841797,,,,,,
2009-05-21,18.81517219543457,,,,,,
2009-05-22,18.230854034423828,,,,,,
2009-05-26,19.14239501953125,,,,,,
2009-05-27,18.30876922607422,,,,,,
2009-05-28,18.93204689025879,,,,,,
2009-05-29,19.36054420471192,,,,,,
2009-06-01,20.24871826171875,,,,,,
2009-06-02,19.251474380493164,,,,,,
2009-06-03,19.072275161743164,,,,,,
2009-06-04,19.67218589782715,,,,,,
2009-06-05,19.438457489013672,,,,,,
2009-06-08,19.98382568359375,,,,,,
2009-06-09,20.981067657470703,,,,,,
2009-06-10,20.794086456298828,,,,,,
2009-06-11,19.968244552612305,,,,,,
2009-06-12,19.602069854736328,,,,,,
2009-06-15,19.656604766845703,,,,,,
2009-06-16,19.235889434814453,,,,,,
2009-06-17,18.65937042236328,,,,,,
2009-06-18,18.776227951049805,,,,,,
2009-06-19,19.196941375732425,,,,,,
2009-06-22,18.09840583801269,,,,,,
2009-06-23,18.223068237304688,,,,,,
2009-06-24,17.864681243896484,,,,,,
2009-06-25,19.04111289978028,,,,,,
2009-06-26,18.51133155822754,,,,,,
2009-06-29,18.69831275939941,,,,,,
2009-06-30,18.243024826049805,,,,,,
2009-07-01,18.054630279541016,,,,,,
2009-07-02,17.481590270996094,,,,,,
2009-07-06,18.46282386779785,,,,,,
2009-07-07,17.764188766479492,,,,,,
2009-07-08,17.83482551574707,,,,,,
2009-07-09,17.897632598876953,,,,,,
2009-07-10,18.22732353210449,,,,,,
2009-07-13,19.24780464172364,,,,,,
2009-07-14,19.20070457458496,,,,,,
2009-07-15,21.36725234985352,,,,,,
2009-07-16,22.199338912963867,,,,,,
2009-07-17,22.00309944152832,,,,,,
2009-07-20,22.678184509277344,,,,,,
2009-07-21,23.06282424926757,,,,,,
2009-07-22,22.57613182067871,,,,,,
2009-07-23,23.11776733398437,,,,,,
2009-07-24,23.164878845214844,,,,,,
2009-07-27,22.27784538269043,,,,,,
2009-07-28,21.72834587097168,,,,,,
2009-07-29,21.78330612182617,,,,,,
2009-07-30,22.160099029541016,,,,,,
2009-07-31,22.238597869873047,,,,,,
2009-08-03,22.489784240722656,,,,,,
2009-08-04,22.536884307861328,,,,,,
2009-08-05,23.83211326599121,,,,,,
2009-08-06,24.57784652709961,,,,,,
2009-08-07,25.661121368408203,,,,,,
2009-08-10,25.386375427246094,,,,,,
2009-08-11,24.73484230041504,,,,,,
2009-08-12,24.962480545043945,,,,,,
2009-08-13,25.103784561157227,,,,,,
2009-08-14,24.89968681335449,,,,,,
2009-08-17,23.855663299560547,,,,,,
2009-08-18,24.876140594482425,,,,,,
2009-08-19,24.88398742675781,,,,,,
2009-08-20,25.52767372131348,,,,,,
2009-08-21,25.786714553833008,,,,,,
2009-08-24,25.645416259765625,,,,,,
2009-08-25,25.76317405700684,,,,,,
2009-08-26,26.01436233520508,,,,,,
2009-08-27,26.658048629760746,,,,,,
2009-08-28,26.87784194946289,,,,,,
2009-08-31,26.54815101623535,,,,,,
2009-09-01,25.103784561157227,,,,,,
2009-09-02,25.08024024963379,,,,,,
2009-09-03,25.48056983947754,,,,,,
2009-09-04,25.778871536254883,,,,,,
2009-09-08,26.289112091064453,,,,,,
2009-09-09,26.76010704040528,,,,,,
2009-09-10,27.00343894958496,,,,,,
2009-09-11,26.822904586791992,,,,,,
2009-09-14,26.62664604187012,,,,,,
2009-09-15,27.199684143066406,,,,,,
2009-09-16,28.133825302124023,,,,,,
2009-09-17,27.47441673278809,,,,,,
2009-09-18,27.29389190673828,,,,,,
2009-09-21,26.50104141235352,,,,,,
2009-09-22,26.6658935546875,,,,,,
2009-09-23,26.37545585632324,,,,,,
2009-09-24,26.571697235107425,,,,,,
2009-09-25,25.95941162109375,,,,,,
2009-09-28,27.01129531860352,,,,,,
2009-09-29,26.681596755981445,,,,,,
2009-09-30,26.75263404846192,,,,,,
2009-10-01,25.61622810363769,,,,,,
2009-10-02,25.6399154663086,,,,,,
2009-10-05,26.21599578857422,,,,,,
2009-10-06,26.45274353027344,,,,,,
2009-10-07,26.82364654541016,,,,,,
2009-10-08,27.604923248291016,,,,,,
2009-10-09,27.57335090637207,,,,,,
2009-10-12,27.683837890625,,,,,,
2009-10-13,27.49443244934082,,,,,,
2009-10-14,27.691722869873047,,,,,,
2009-10-15,28.04684066772461,,,,,,
2009-10-16,27.58125877380371,,,,,,
2009-10-19,28.204689025878903,,,,,,
2009-10-20,27.9521484375,,,,,,
2009-10-21,27.69962501525879,,,,,,
2009-10-22,28.757099151611328,,,,,,
2009-10-23,27.289262771606445,,,,,,
2009-10-26,27.5260066986084,,,,,,
2009-10-27,28.370405197143555,,,,,,
2009-10-28,27.360294342041016,,,,,,
2009-10-29,28.757099151611328,,,,,,
2009-10-30,27.49443244934082,,,,,,
2009-11-02,28.15733337402344,,,,,,
2009-11-03,28.44143295288086,,,,,,
2009-11-04,28.3783016204834,,,,,,
2009-11-05,29.783008575439453,,,,,,
2009-11-06,29.364749908447266,,,,,,
2009-11-09,30.81682014465332,,,,,,
2009-11-10,31.313983917236328,,,,,,
2009-11-11,31.60597038269043,,,,,,
2009-11-12,31.171932220458984,,,,,,
2009-11-13,31.84273338317871,,,,,,
2009-11-16,32.70289993286133,,,,,,
2009-11-17,32.63978958129883,,,,,,
2009-11-18,32.805503845214844,,,,,,
2009-11-19,32.466163635253906,,,,,,
2009-11-20,32.300445556640625,,,,,,
2009-11-23,32.85285949707031,,,,,,
2009-11-24,32.70289993286133,,,,,,
2009-11-25,32.92388153076172,,,,,,
2009-11-27,32.22940444946289,,,,,,
2009-11-30,33.01068115234375,,,,,,
2009-12-01,32.59242630004883,,,,,,
2009-12-02,32.38724136352539,,,,,,
2009-12-03,30.674760818481445,,,,,,
2009-12-04,31.014102935791016,,,,,,
2009-12-07,31.10092163085937,,,,,,
2009-12-08,30.879940032958984,,,,,,
2009-12-09,31.47181510925293,,,,,,
2009-12-10,31.74801445007324,,,,,,
2009-12-11,32.14260482788086,,,,,,
2009-12-14,32.5766487121582,,,,,,
2009-12-15,32.32411575317383,,,,,,
2009-12-16,32.568756103515625,,,,,,
2009-12-17,31.921619415283203,,,,,,
2009-12-18,31.968992233276367,,,,,,
2009-12-21,32.3714599609375,,,,,,
2009-12-22,32.68711471557617,,,,,,
2009-12-23,32.52140045166016,,,,,,
2009-12-24,32.892311096191406,,,,,,
2009-12-28,32.3951416015625,,,,,,
2009-12-29,32.26099395751953,,,,,,
2009-12-30,32.19784164428711,,,,,,
2009-12-31,31.97688865661621,,,,,,
2010-01-04,32.29254531860352,,,,,,
2010-01-05,32.22153091430664,,,,,,
2010-01-06,32.74237823486328,,,,,,
2010-01-07,33.273414611816406,,,,,,
2010-01-08,33.2496452331543,,,,,,
2010-01-11,32.869178771972656,,,,,,
2010-01-12,33.30512619018555,,,,,,
2010-01-13,33.40815353393555,,,,,,
2010-01-14,33.8282356262207,,,,,,
2010-01-15,33.5983772277832,,,,,,
2010-01-19,34.050174713134766,,,,,,
2010-01-20,34.066017150878906,,,,,,
2010-01-21,33.41608428955078,,,,,,
2010-01-22,30.58650779724121,,,,,,
2010-01-25,29.95241355895996,,,,,,
2010-01-26,30.19812393188477,,,,,,
2010-01-27,30.64989852905273,,,,,,
2010-01-28,29.66707992553711,,,,,,
2010-01-29,29.8493766784668,,,,,,
2010-02-01,30.28529930114746,,,,,,
2010-02-02,30.927322387695312,,,,,,
2010-02-03,30.38042259216309,,,,,,
2010-02-04,29.74632453918457,,,,,,
2010-02-05,29.99996757507324,,,,,,
2010-02-08,29.159814834594727,,,,,,
2010-02-09,29.754274368286133,,,,,,
2010-02-10,29.92070198059082,,,,,,
2010-02-11,30.348726272583008,,,,,,
2010-02-12,30.45175170898437,,,,,,
2010-02-16,31.402875900268555,,,,,,
2010-02-17,30.95110321044922,,,,,,
2010-02-18,31.03034782409668,,,,,,
2010-02-19,30.95902442932129,,,,,,
2010-02-22,30.855972290039062,,,,,,
2010-02-23,30.063371658325195,,,,,,
2010-02-24,30.443824768066406,,,,,,
2010-02-25,30.15056800842285,,,,,,
2010-02-26,30.269432067871094,,,,,,
2010-03-01,30.2219181060791,,,,,,
2010-03-02,30.427976608276367,,,,,,
2010-03-03,30.340789794921875,,,,,,
2010-03-04,30.824281692504883,,,,,,
2010-03-05,31.86258888244629,,,,,,
2010-03-08,31.47420120239257,,,,,,
2010-03-09,31.46629524230957,,,,,,
2010-03-10,31.482147216796875,,,,,,
2010-03-11,31.791244506835938,,,,,,
2010-03-12,32.30643844604492,,,,,,
2010-03-15,32.25889205932617,,,,,,
2010-03-16,32.433250427246094,,,,,,
2010-03-17,32.50460433959961,,,,,,
2010-03-18,32.496665954589844,,,,,,
2010-03-19,31.96561622619629,,,,,,
2010-03-22,32.56007385253906,,,,,,
2010-03-23,32.686893463134766,,,,,,
2010-03-24,32.50460433959961,,,,,,
2010-03-25,32.82954025268555,,,,,,
2010-03-26,32.5917854309082,,,,,,
2010-03-29,32.87711715698242,,,,,,
2010-03-30,32.869144439697266,,,,,,
2010-03-31,32.84528732299805,,,,,,
2010-04-01,33.19553756713867,,,,,,
2010-04-05,33.967716217041016,,,,,,
2010-04-06,34.32594299316406,,,,,,
2010-04-07,33.7288932800293,,,,,,
2010-04-08,34.77969741821289,,,,,,
2010-04-09,34.930938720703125,,,,,,
2010-04-12,35.456336975097656,,,,,,
2010-04-13,35.8145637512207,,,,,,
2010-04-14,36.98476409912109,,,,,,
2010-04-15,37.15193176269531,,,,,,
2010-04-16,35.90214157104492,,,,,,
2010-04-19,36.42753219604492,,,,,,
2010-04-20,36.77778244018555,,,,,,
2010-04-21,36.61061096191406,,,,,,
2010-04-22,37.23154067993164,,,,,,
2010-04-23,38.2504768371582,,,,,,
2010-04-26,37.52608871459961,,,,,,
2010-04-27,36.4514045715332,,,,,,
2010-04-28,36.68225860595703,,,,,,
2010-04-29,37.89225769042969,,,,,,
2010-04-30,36.71410751342773,,,,,,
2010-05-03,37.57383728027344,,,,,,
2010-05-04,36.507137298583984,,,,,,
2010-05-05,35.36876678466797,,,,,,
2010-05-06,33.83238983154297,,,,,,
2010-05-07,32.31987380981445,,,,,,
2010-05-10,34.302059173583984,,,,,,
2010-05-11,34.493106842041016,,,,,,
2010-05-12,35.106075286865234,,,,,,
2010-05-13,34.07916259765625,,,,,,
2010-05-14,32.35171890258789,,,,,,
2010-05-17,32.81343078613281,,,,,,
2010-05-18,31.714887619018555,,,,,,
2010-05-19,31.9775619506836,,,,,,
2010-05-20,30.743688583374023,,,,,,
2010-05-21,31.69896125793457,,,,,,
2010-05-24,31.078027725219727,,,,,,
2010-05-25,31.04619598388672,,,,,,
2010-05-26,30.385440826416016,,,,,,
2010-05-27,32.104942321777344,,,,,,
2010-05-28,31.73874855041504,,,,,,
2010-06-01,31.19743537902832,,,,,,
2010-06-02,32.61442947387695,,,,,,
2010-06-03,32.27210235595703,,,,,,
2010-06-04,30.576509475708008,,,,,,
2010-06-07,30.019275665283203,,,,,,
2010-06-08,30.592437744140625,,,,,,
2010-06-09,30.337692260742188,,,,,,
2010-06-10,31.86613273620605,,,,,,
2010-06-11,31.94573211669922,,,,,,
2010-06-14,31.75467300415039,,,,,,
2010-06-15,33.10797500610352,,,,,,
2010-06-16,33.705013275146484,,,,,,
2010-06-17,33.482112884521484,,,,,,
2010-06-18,33.45823287963867,,,,,,
2010-06-21,33.91197967529297,,,,,,
2010-06-22,33.3865852355957,,,,,,
2010-06-23,33.56969451904297,,,,,,
2010-06-24,32.686073303222656,,,,,,
2010-06-25,33.967716217041016,,,,,,
2010-06-28,33.52193069458008,,,,,,
2010-06-29,31.91387367248535,,,,,,
2010-06-30,31.7459716796875,,,,,,
2010-07-01,31.570039749145508,,,,,,
2010-07-02,31.522056579589844,,,,,,
2010-07-06,31.354124069213867,,,,,,
2010-07-07,32.905460357666016,,,,,,
2010-07-08,33.68110656738281,,,,,,
2010-07-09,34.0489501953125,,,,,,
2010-07-12,34.24885177612305,,,,,,
2010-07-13,35.32037353515625,,,,,,
2010-07-14,34.944557189941406,,,,,,
2010-07-15,34.728641510009766,,,,,,
2010-07-16,33.0893669128418,,,,,,
2010-07-19,33.24930191040039,,,,,,
2010-07-20,33.63312530517578,,,,,,
2010-07-21,32.905460357666016,,,,,,
2010-07-22,34.53672409057617,,,,,,
2010-07-23,35.81615447998047,,,,,,
2010-07-26,36.32792282104492,,,,,,
2010-07-27,35.62424087524414,,,,,,
2010-07-28,35.64823913574219,,,,,,
2010-07-29,35.63224411010742,,,,,,
2010-07-30,35.69620513916016,,,,,,
2010-08-02,35.9760856628418,,,,,,
2010-08-03,35.66423416137695,,,,,,
2010-08-04,35.27240753173828,,,,,,
2010-08-05,34.56072235107422,,,,,,
2010-08-06,34.784637451171875,,,,,,
2010-08-09,34.98453140258789,,,,,,
2010-08-10,35.25640869140625,,,,,,
2010-08-11,34.35280990600586,,,,,,
2010-08-12,33.70509719848633,,,,,,
2010-08-13,33.36925506591797,,,,,,
2010-08-16,33.21731185913086,,,,,,
2010-08-17,33.37725830078125,,,,,,
2010-08-18,33.3372688293457,,,,,,
2010-08-19,32.753517150878906,,,,,,
2010-08-20,32.59358596801758,,,,,,
2010-08-23,32.14577865600586,,,,,,
2010-08-24,31.64201736450196,,,,,,
2010-08-25,31.8259220123291,,,,,,
2010-08-26,31.769954681396484,,,,,,
2010-08-27,32.713523864746094,,,,,,
2010-08-30,31.89789581298828,,,,,,
2010-08-31,31.88190078735352,,,,,,
2010-09-01,32.84147644042969,,,,,,
2010-09-02,32.689552307128906,,,,,,
2010-09-03,33.42521667480469,,,,,,
2010-09-07,32.057830810546875,,,,,,
2010-09-08,32.04183578491211,,,,,,
2010-09-09,32.53762435913086,,,,,,
2010-09-10,32.13779830932617,,,,,,
2010-09-13,32.9614372253418,,,,,,
2010-09-14,32.28971862792969,,,,,,
2010-09-15,32.66556167602539,,,,,,
2010-09-16,32.753517150878906,,,,,,
2010-09-17,33.081390380859375,,,,,,
2010-09-20,34.48076248168945,,,,,,
2010-09-21,34.208858489990234,,,,,,
2010-09-22,34.21687316894531,,,,,,
2010-09-23,33.873023986816406,,,,,,
2010-09-24,34.48874282836914,,,,,,
2010-09-27,34.73663330078125,,,,,,
2010-09-28,34.93653869628906,,,,,,
2010-09-29,34.39279556274414,,,,,,
2010-09-30,33.609153747558594,,,,,,
2010-10-01,33.40922164916992,,,,,,
2010-10-04,31.226194381713867,,,,,,
2010-10-05,30.61046028137207,,,,,,
2010-10-06,30.546186447143555,,,,,,
2010-10-07,30.385501861572266,,,,,,
2010-10-08,30.522090911865234,,,,,,
2010-10-11,30.481918334960938,,,,,,
2010-10-12,30.963956832885746,,,,,,
2010-10-13,31.54244613647461,,,,,,
2010-10-14,31.68705940246582,,,,,,
2010-10-15,31.4058780670166,,,,,,
2010-10-18,31.775428771972656,,,,,,
2010-10-19,31.582595825195312,,,,,,
2010-10-20,31.9200382232666,,,,,,
2010-10-21,32.35390090942383,,,,,,
2010-10-22,31.357648849487305,,,,,,
2010-10-25,31.574586868286133,,,,,,
2010-10-26,32.21730422973633,,,,,,
2010-10-27,32.68330764770508,,,,,,
2010-10-28,33.11713790893555,,,,,,
2010-10-29,33.30997848510742,,,,,,
2010-11-01,33.39031982421875,,,,,,
2010-11-02,34.057132720947266,,,,,,
2010-11-03,33.8000602722168,,,,,,
2010-11-04,35.13374328613281,,,,,,
2010-11-05,35.40690994262695,,,,,,
2010-11-08,35.27032852172852,,,,,,
2010-11-09,34.83647155761719,,,,,,
2010-11-10,34.99717330932617,,,,,,
2010-11-11,34.828426361083984,,,,,,
2010-11-12,34.30619812011719,,,,,,
2010-11-15,34.30619812011719,,,,,,
2010-11-16,33.68756866455078,,,,,,
2010-11-17,33.269798278808594,,,,,,
2010-11-18,33.9446907043457,,,,,,
2010-11-19,34.34638214111328,,,,,,
2010-11-22,33.92057037353516,,,,,,
2010-11-23,33.703651428222656,,,,,,
2010-11-24,34.547237396240234,,,,,,
2010-11-26,33.960750579833984,,,,,,
2010-11-29,34.8123664855957,,,,,,
2010-11-30,34.72399139404297,,,,,,
2010-12-01,35.591705322265625,,,,,,
2010-12-02,36.138031005859375,,,,,,
2010-12-03,36.05768203735352,,,,,,
2010-12-06,36.15409469604492,,,,,,
2010-12-07,35.977333068847656,,,,,,
2010-12-08,36.660255432128906,,,,,,
2010-12-09,36.80486297607422,,,,,,
2010-12-10,37.1663932800293,,,,,,
2010-12-13,37.25477600097656,,,,,,
2010-12-14,37.11819076538086,,,,,,
2010-12-15,37.05390930175781,,,,,,
2010-12-16,35.80860900878906,,,,,,
2010-12-17,35.358699798583984,,,,,,
2010-12-20,34.1455192565918,,,,,,
2010-12-21,34.73204040527344,,,,,,
2010-12-22,34.39461135864258,,,,,,
2010-12-23,34.36245346069336,,,,,,
2010-12-27,34.58740234375,,,,,,
2010-12-28,34.37852096557617,,,,,,
2010-12-29,34.43476486206055,,,,,,
2010-12-30,34.153568267822266,,,,,,
2010-12-31,34.48298263549805,,,,,,
2011-01-03,34.86861801147461,,,,,,
2011-01-04,35.31049728393555,,,,,,
2011-01-05,36.33504104614258,,,,,,
2011-01-06,36.08496475219727,,,,,,
2011-01-07,35.78645324707031,,,,,,
2011-01-10,35.867130279541016,,,,,,
2011-01-11,36.33504104614258,,,,,,
2011-01-12,36.30278015136719,,,,,,
2011-01-13,36.35116958618164,,,,,,
2011-01-14,37.31118392944336,,,,,,
2011-01-18,37.407981872558594,,,,,,
2011-01-19,36.496395111083984,,,,,,
2011-01-20,36.52058792114258,,,,,,
2011-01-21,37.109500885009766,,,,,,
2011-01-24,36.94008255004883,,,,,,
2011-01-25,36.141414642333984,,,,,,
2011-01-26,35.867130279541016,,,,,,
2011-01-27,35.93168258666992,,,,,,
2011-01-28,35.38310623168945,,,,,,
2011-01-31,34.995872497558594,,,,,,
2011-02-01,35.173362731933594,,,,,,
2011-02-02,35.270164489746094,,,,,,
2011-02-03,35.11688232421875,,,,,,
2011-02-04,35.350826263427734,,,,,,
2011-02-07,36.15755844116211,,,,,,
2011-02-08,37.0126953125,,,,,,
2011-02-09,36.88360977172852,,,,,,
2011-02-10,37.56932830810547,,,,,,
2011-02-11,37.71455383300781,,,,,,
2011-02-14,37.52899932861328,,,,,,
2011-02-15,37.26278305053711,,,,,,
2011-02-16,37.80328750610352,,,,,,
2011-02-17,36.93201446533203,,,,,,
2011-02-18,36.73033905029297,,,,,,
2011-02-22,35.730003356933594,,,,,,
2011-02-23,35.044281005859375,,,,,,
2011-02-24,35.14109420776367,,,,,,
2011-02-25,35.11688232421875,,,,,,
2011-02-28,35.14915084838867,,,,,,
2011-03-01,34.81032180786133,,,,,,
2011-03-02,34.70545196533203,,,,,,
2011-03-03,35.738075256347656,,,,,,
2011-03-04,35.270164489746094,,,,,,
2011-03-07,35.262088775634766,,,,,,
2011-03-08,36.496395111083984,,,,,,
2011-03-09,36.34311676025391,,,,,,
2011-03-10,35.512184143066406,,,,,,
2011-03-11,35.721927642822266,,,,,,
2011-03-14,35.42343521118164,,,,,,
2011-03-15,35.20562744140625,,,,,,
2011-03-16,34.17300033569336,,,,,,
2011-03-17,35.028133392333984,,,,,,
2011-03-18,35.63319778442383,,,,,,
2011-03-21,35.75418472290039,,,,,,
2011-03-22,36.1010856628418,,,,,,
2011-03-23,36.31890106201172,,,,,,
2011-03-24,36.77873611450195,,,,,,
2011-03-25,36.77873611450195,,,,,,
2011-03-28,36.88360977172852,,,,,,
2011-03-29,36.8271484375,,,,,,
2011-03-30,37.036888122558594,,,,,,
2011-03-31,36.46411895751953,,,,,,
2011-04-01,36.59318161010742,,,,,,
2011-04-04,36.6415901184082,,,,,,
2011-04-05,36.6415901184082,,,,,,
2011-04-06,37.48393249511719,,,,,,
2011-04-07,37.38673400878906,,,,,,
2011-04-08,37.48393249511719,,,,,,
2011-04-11,37.564918518066406,,,,,,
2011-04-12,37.27334976196289,,,,,,
2011-04-13,37.33815002441406,,,,,,
2011-04-14,37.15995407104492,,,,,,
2011-04-15,37.45962905883789,,,,,,
2011-04-18,37.30574035644531,,,,,,
2011-04-19,37.775508880615234,,,,,,
2011-04-20,38.06708526611328,,,,,,
2011-04-21,38.15618515014648,,,,,,
2011-04-25,38.10758972167969,,,,,,
2011-04-26,38.1480827331543,,,,,,
2011-04-27,38.56924057006836,,,,,,
2011-04-28,39.29819869995117,,,,,,
2011-04-29,39.75175476074219,,,,,,
2011-05-02,40.21342086791992,,,,,,
2011-05-03,40.41592025756836,,,,,,
2011-05-04,40.25392150878906,,,,,,
2011-05-05,40.10813903808594,,,,,,
2011-05-06,40.65889358520508,,,,,,
2011-05-09,40.65079498291016,,,,,,
2011-05-10,40.634578704833984,,,,,,
2011-05-11,40.35920333862305,,,,,,
2011-05-12,40.12433242797852,,,,,,
2011-05-13,40.08384704589844,,,,,,
2011-05-16,40.55358505249024,,,,,,
2011-05-17,41.11246109008789,,,,,,
2011-05-18,41.355445861816406,,,,,,
2011-05-19,41.97099685668945,,,,,,
2011-05-20,41.46073532104492,,,,,,
2011-05-23,41.40403366088867,,,,,,
2011-05-24,40.950469970703125,,,,,,
2011-05-25,40.828983306884766,,,,,,
2011-05-26,41.04766082763672,,,,,,
2011-05-27,41.41212844848633,,,,,,
2011-05-31,41.79280853271485,,,,,,
2011-06-01,40.42400360107422,,,,,,
2011-06-02,40.56979370117188,,,,,,
2011-06-03,39.91374969482422,,,,,,
2011-06-06,39.50878143310547,,,,,,
2011-06-07,39.59786224365234,,,,,,
2011-06-08,38.95802307128906,,,,,,
2011-06-09,39.14430236816406,,,,,,
2011-06-10,38.666446685791016,,,,,,
2011-06-13,39.071414947509766,,,,,,
2011-06-14,38.99851608276367,,,,,,
2011-06-15,38.29387283325195,,,,,,
2011-06-16,39.2090950012207,,,,,,
2011-06-17,39.28199768066406,,,,,,
2011-06-20,39.58977508544922,,,,,,
2011-06-21,40.1324348449707,,,,,,
2011-06-22,40.37540817260742,,,,,,
2011-06-23,39.85704803466797,,,,,,
2011-06-24,39.15240478515625,,,,,,
2011-06-27,40.12433242797852,,,,,,
2011-06-28,40.35111618041992,,,,,,
2011-06-29,41.39158630371094,,,,,,
2011-06-30,42.02564239501953,,,,,,
2011-07-01,42.54586791992188,,,,,,
2011-07-05,42.53775024414063,,,,,,
2011-07-06,42.88728713989258,,,,,,
2011-07-07,43.56196975708008,,,,,,
2011-07-08,43.13926696777344,,,,,,
2011-07-11,42.48897171020508,,,,,,
2011-07-12,42.59464263916016,,,,,,
2011-07-13,42.228851318359375,,,,,,
2011-07-14,41.76552200317383,,,,,,
2011-07-15,42.11505889892578,,,,,,
2011-07-18,41.72486877441406,,,,,,
2011-07-19,42.11505889892578,,,,,,
2011-07-20,42.34264373779297,,,,,,
2011-07-21,42.74097442626953,,,,,,
2011-07-22,42.46459579467773,,,,,,
2011-07-25,42.11505889892578,,,,,,
2011-07-26,41.91994857788086,,,,,,
2011-07-27,41.03394317626953,,,,,,
2011-07-28,41.09082794189453,,,,,,
2011-07-29,40.67625045776367,,,,,,
2011-08-01,40.66000747680664,,,,,,
2011-08-02,39.44068908691406,,,,,,
2011-08-03,39.717063903808594,,,,,,
2011-08-04,38.07505798339844,,,,,,
2011-08-05,38.37582778930664,,,,,,
2011-08-08,34.98614883422852,,,,,,
2011-08-09,37.47353363037109,,,,,,
2011-08-10,34.79106140136719,,,,,,
2011-08-11,36.636268615722656,,,,,,
2011-08-12,36.48995590209961,,,,,,
2011-08-15,37.24593353271485,,,,,,
2011-08-16,36.48995590209961,,,,,,
2011-08-17,37.2784423828125,,,,,,
2011-08-18,35.99410629272461,,,,,,
2011-08-19,36.14855194091797,,,,,,
2011-08-22,36.25421905517578,,,,,,
2011-08-23,37.73365783691406,,,,,,
2011-08-24,39.08302307128906,,,,,,
2011-08-25,39.09116363525391,,,,,,
2011-08-26,39.408180236816406,,,,,,
2011-08-29,39.4650764465332,,,,,,
2011-08-30,39.554500579833984,,,,,,
2011-08-31,40.40801239013672,,,,,,
2011-09-01,40.23731231689453,,,,,,
2011-09-02,39.43255615234375,,,,,,
2011-09-06,39.0667610168457,,,,,,
2011-09-07,40.62748336791992,,,,,,
2011-09-08,40.26169204711914,,,,,,
2011-09-09,38.4327278137207,,,,,,
2011-09-12,38.57903671264648,,,,,,
2011-09-13,38.93672180175781,,,,,,
2011-09-14,39.822750091552734,,,,,,
2011-09-15,40.12350082397461,,,,,,
2011-09-16,40.74129867553711,,,,,,
2011-09-19,39.57075500488281,,,,,,
2011-09-20,40.05036544799805,,,,,,
2011-09-21,39.20496368408203,,,,,,
2011-09-22,37.90435791015625,,,,,,
2011-09-23,37.7580451965332,,,,,,
2011-09-26,38.66033172607422,,,,,,
2011-09-27,38.27016067504883,,,,,,
2011-09-28,37.77428436279297,,,,,,
2011-09-29,37.9775276184082,,,,,,
2011-09-30,36.49809265136719,,,,,,
2011-10-03,35.34379577636719,,,,,,
2011-10-04,35.30314636230469,,,,,,
2011-10-05,35.43375396728516,,,,,,
2011-10-06,36.26633834838867,,,,,,
2011-10-07,35.4500846862793,,,,,,
2011-10-10,37.09893035888672,,,,,,
2011-10-11,37.351959228515625,,,,,,
2011-10-12,38.38861846923828,,,,,,
2011-10-13,37.81723785400391,,,,,,
2011-10-14,37.62948989868164,,,,,,
2011-10-17,36.829551696777344,,,,,,
2011-10-18,38.10293197631836,,,,,,
2011-10-19,37.653995513916016,,,,,,
2011-10-20,37.70296478271485,,,,,,
2011-10-21,39.55586242675781,,,,,,
2011-10-24,40.74760055541992,,,,,,
2011-10-25,40.33946990966797,,,,,,
2011-10-26,41.1801986694336,,,,,,
2011-10-27,42.4943962097168,,,,,,
2011-10-28,42.52703857421875,,,,,,
2011-10-31,41.31897735595703,,,,,,
2011-11-01,39.98848724365234,,,,,,
2011-11-02,41.074100494384766,,,,,,
2011-11-03,42.1842155456543,,,,,,
2011-11-04,41.77608489990234,,,,,,
2011-11-07,41.833229064941406,,,,,,
2011-11-08,41.90669250488281,,,,,,
2011-11-09,40.16804504394531,,,,,,
2011-11-10,40.070098876953125,,,,,,
2011-11-11,41.11492156982422,,,,,,
2011-11-14,40.363956451416016,,,,,,
2011-11-15,40.77208709716797,,,,,,
2011-11-16,39.2783432006836,,,,,,
2011-11-17,38.11924743652344,,,,,,
2011-11-18,38.26618957519531,,,,,,
2011-11-21,37.59683990478516,,,,,,
2011-11-22,37.5478630065918,,,,,,
2011-11-23,36.813232421875,,,,,,
2011-11-25,36.73162078857422,,,,,,
2011-11-28,37.5560302734375,,,,,,
2011-11-29,37.18054962158203,,,,,,
2011-11-30,39.213035583496094,,,,,,
2011-12-01,39.008975982666016,,,,,,
2011-12-02,39.36812210083008,,,,,,
2011-12-05,39.81707000732422,,,,,,
2011-12-06,39.63747787475586,,,,,,
2011-12-07,40.12724304199219,,,,,,
2011-12-08,39.0252799987793,,,,,,
2011-12-09,39.8333854675293,,,,,,
2011-12-12,39.09058380126953,,,,,,
2011-12-13,38.68246078491211,,,,,,
2011-12-14,38.429420471191406,,,,,,
2011-12-15,37.89069747924805,,,,,,
2011-12-16,38.26618957519531,,,,,,
2011-12-19,37.58052062988281,,,,,,
2011-12-20,39.11509323120117,,,,,,
2011-12-21,38.76410675048828,,,,,,
2011-12-22,38.87835693359375,,,,,,
2011-12-23,39.13957214355469,,,,,,
2011-12-27,38.9028549194336,,,,,,
2011-12-28,38.33964920043945,,,,,,
2011-12-29,38.78858947753906,,,,,,
2011-12-30,38.502891540527344,,,,,,
2012-01-03,39.49872970581055,,,,,,
2012-01-04,39.5233154296875,,,,,,
2012-01-05,39.98210906982422,,,,,,
2012-01-06,39.54787063598633,,,,,,
2012-01-09,39.64620971679688,,,,,,
2012-01-10,39.875614166259766,,,,,,
2012-01-11,40.10500717163086,,,,,,
2012-01-12,40.678524017333984,,,,,,
2012-01-13,40.76864242553711,,,,,,
2012-01-17,41.14552688598633,,,,,,
2012-01-18,41.42409896850586,,,,,,
2012-01-19,41.74362564086914,,,,,,
2012-01-20,40.99806213378906,,,,,,
2012-01-23,40.506473541259766,,,,,,
2012-01-24,40.334415435791016,,,,,,
2012-01-25,41.10456085205078,,,,,,
2012-01-26,40.94888687133789,,,,,,
2012-01-27,40.842384338378906,,,,,,
2012-01-30,40.24428939819336,,,,,,
2012-01-31,41.07997512817383,,,,,,
2012-02-01,41.473243713378906,,,,,,
2012-02-02,41.91566467285156,,,,,,
2012-02-03,42.80870819091797,,,,,,
2012-02-06,42.44822692871094,,,,,,
2012-02-07,42.71041870117188,,,,,,
2012-02-08,42.30894470214844,,,,,,
2012-02-09,42.857872009277344,,,,,,
2012-02-10,42.44822692871094,,,,,,
2012-02-13,42.661251068115234,,,,,,
2012-02-14,42.57112121582031,,,,,,
2012-02-15,42.21062469482422,,,,,,
2012-02-16,43.31670379638672,,,,,,
2012-02-17,43.30849838256836,,,,,,
2012-02-21,43.3003044128418,,,,,,
2012-02-22,43.25112915039063,,,,,,
2012-02-23,43.15281677246094,,,,,,
2012-02-24,43.69356918334961,,,,,,
2012-02-27,44.38999176025391,,,,,,
2012-02-28,44.04588317871094,,,,,,
2012-02-29,43.33307266235352,,,,,,
2012-03-01,43.89021301269531,,,,,,
2012-03-02,43.41501998901367,,,,,,
2012-03-05,43.39863586425781,,,,,,
2012-03-06,42.39086532592773,,,,,,
2012-03-07,42.82511520385742,,,,,,
2012-03-08,43.38224411010742,,,,,,
2012-03-09,43.58707046508789,,,,,,
2012-03-12,43.23476409912109,,,,,,
2012-03-13,44.44733428955078,,,,,,
2012-03-14,46.00402069091797,,,,,,
2012-03-15,46.47101974487305,,,,,,
2012-03-16,46.33173751831055,,,,,,
2012-03-19,46.92164611816406,,,,,,
2012-03-20,46.626686096191406,,,,,,
2012-03-21,46.74139404296875,,,,,,
2012-03-22,46.938018798828125,,,,,,
2012-03-23,46.90524673461914,,,,,,
2012-03-26,48.06046676635742,,,,,,
2012-03-27,47.699981689453125,,,,,,
2012-03-28,48.38820266723633,,,,,,
2012-03-29,47.42959213256836,,,,,,
2012-03-30,47.40502548217773,,,,,,
2012-04-02,47.52791976928711,,,,,,
2012-04-03,48.00475692749024,,,,,,
2012-04-04,47.16617584228516,,,,,,
2012-04-05,47.76635360717773,,,,,,
2012-04-09,46.9935417175293,,,,,,
2012-04-10,46.187835693359375,,,,,,
2012-04-11,46.82088088989258,,,,,,
2012-04-12,47.717018127441406,,,,,,
2012-04-13,47.09218978881836,,,,,,
2012-04-16,47.54435348510742,,,,,,
2012-04-17,47.83211135864258,,,,,,
2012-04-18,47.717018127441406,,,,,,
2012-04-19,47.33060073852539,,,,,,
2012-04-20,47.2319450378418,,,,,,
2012-04-23,47.12506484985352,,,,,,
2012-04-24,47.37994384765625,,,,,,
2012-04-25,48.43225860595703,,,,,,
2012-04-26,48.991336822509766,,,,,,
2012-04-27,49.468170166015625,,,,,,
2012-04-30,49.50104522705078,,,,,,
2012-05-01,50.12586975097656,,,,,,
2012-05-02,50.19164657592773,,,,,,
2012-05-03,50.03545379638672,,,,,,
2012-05-04,49.410621643066406,,,,,,
2012-05-07,49.410621643066406,,,,,,
2012-05-08,49.23797225952149,,,,,,
2012-05-09,48.88444900512695,,,,,,
2012-05-10,48.85156631469727,,,,,,
2012-05-11,49.03242874145508,,,,,,
2012-05-14,48.029441833496094,,,,,,
2012-05-15,47.63479995727539,,,,,,
2012-05-16,47.18262100219727,,,,,,
2012-05-17,45.75210571289063,,,,,,
2012-05-18,45.54656219482422,,,,,,
2012-05-21,46.3111572265625,,,,,,
2012-05-22,46.327598571777344,,,,,,
2012-05-23,46.01519012451172,,,,,,
2012-05-24,46.319374084472656,,,,,,
2012-05-25,45.88364410400391,,,,,,
2012-05-29,46.50025177001953,,,,,,
2012-05-30,45.595890045166016,,,,,,
2012-05-31,45.90010070800781,,,,,,
2012-06-01,43.92693328857422,,,,,,
2012-06-04,43.992706298828125,,,,,,
2012-06-05,44.37913131713867,,,,,,
2012-06-06,45.53011322021485,,,,,,
2012-06-07,45.41501998901367,,,,,,
2012-06-08,45.924747467041016,,,,,,
2012-06-11,45.299922943115234,,,,,,
2012-06-12,46.43447113037109,,,,,,
2012-06-13,45.299922943115234,,,,,,
2012-06-14,45.258819580078125,,,,,,
2012-06-15,46.270050048828125,,,,,,
2012-06-18,45.91651916503906,,,,,,
2012-06-19,46.812644958496094,,,,,,
2012-06-20,47.223724365234375,,,,,,
2012-06-21,46.302921295166016,,,,,,
2012-06-22,46.68933868408203,,,,,,
2012-06-25,46.08094787597656,,,,,,
2012-06-26,46.13029098510742,,,,,,
2012-06-27,46.76333236694336,,,,,,
2012-06-28,46.60712814331055,,,,,,
2012-06-29,47.85678863525391,,,,,,
2012-07-02,48.54737091064453,,,,,,
2012-07-03,49.00932312011719,,,,,,
2012-07-05,48.87734603881836,,,,,,
2012-07-06,48.36590576171875,,,,,,
2012-07-09,48.18441009521485,,,,,,
2012-07-10,48.16789245605469,,,,,,
2012-07-11,47.91217422485352,,,,,,
2012-07-12,46.9635009765625,,,,,,
2012-07-13,47.78843688964844,,,,,,
2012-07-16,48.3741340637207,,,,,,
2012-07-17,48.40714263916016,,,,,,
2012-07-18,48.08542251586914,,,,,,
2012-07-19,46.38605117797852,,,,,,
2012-07-20,46.039581298828125,,,,,,
2012-07-23,45.973575592041016,,,,,,
2012-07-24,45.8911018371582,,,,,,
2012-07-25,46.237552642822266,,,,,,
2012-07-26,47.6482048034668,,,,,,
2012-07-27,48.28339767456055,,,,,,
2012-07-30,48.08542251586914,,,,,,
2012-07-31,47.60694885253906,,,,,,
2012-08-01,46.85626602172852,,,,,,
2012-08-02,46.60052490234375,,,,,,
2012-08-03,47.52444839477539,,,,,,
2012-08-06,47.10374450683594,,,,,,
2012-08-07,47.54920959472656,,,,,,
2012-08-08,47.771934509277344,,,,,,
2012-08-09,46.584022521972656,,,,,,
2012-08-10,46.07257461547852,,,,,,
2012-08-13,46.30356597900391,,,,,,
2012-08-14,46.262306213378906,,,,,,
2012-08-15,46.74077606201172,,,,,,
2012-08-16,47.32646560668945,,,,,,
2012-08-17,47.50795364379883,,,,,,
2012-08-20,46.93873977661133,,,,,,
2012-08-21,46.69127655029297,,,,,,
2012-08-22,46.87274932861328,,,,,,
2012-08-23,46.54278945922852,,,,,,
2012-08-24,47.42546463012695,,,,,,
2012-08-27,47.36771774291992,,,,,,
2012-08-28,47.48320007324219,,,,,,
2012-08-29,47.36771774291992,,,,,,
2012-08-30,47.16148376464844,,,,,,
2012-08-31,48.09366607666016,,,,,,
2012-09-04,48.349388122558594,,,,,,
2012-09-05,47.1779899597168,,,,,,
2012-09-06,47.35947799682617,,,,,,
2012-09-07,47.62343978881836,,,,,,
2012-09-10,47.45021057128906,,,,,,
2012-09-11,47.21097183227539,,,,,,
2012-09-12,47.243988037109375,,,,,,
2012-09-13,48.71235656738281,,,,,,
2012-09-14,48.89384841918945,,,,,,
2012-09-17,48.81960678100586,,,,,,
2012-09-18,48.398887634277344,,,,,,
2012-09-19,48.398887634277344,,,,,,
2012-09-20,48.12665939331055,,,,,,
2012-09-21,47.730690002441406,,,,,,
2012-09-24,47.57393264770508,,,,,,
2012-09-25,47.12850189208984,,,,,,
2012-09-26,46.31182098388672,,,,,,
2012-09-27,46.666534423828125,,,,,,
2012-09-28,46.90575408935547,,,,,,
2012-10-01,47.62343978881836,,,,,,
2012-10-02,47.16972732543945,,,,,,
2012-10-03,47.51741409301758,,,,,,
2012-10-04,48.32041549682617,,,,,,
2012-10-05,48.47770690917969,,,,,,
2012-10-08,48.69294738769531,,,,,,
2012-10-09,48.21282577514648,,,,,,
2012-10-10,47.98928451538086,,,,,,
2012-10-11,48.4031982421875,,,,,,
2012-10-12,47.92304992675781,,,,,,
2012-10-15,47.67471694946289,,,,,,
2012-10-16,48.5356674194336,,,,,,
2012-10-17,49.14824676513672,,,,,,
2012-10-18,47.691253662109375,,,,,,
2012-10-19,47.07038879394531,,,,,,
2012-10-22,46.97105407714844,,,,,,
2012-10-23,45.84520721435547,,,,,,
2012-10-24,45.72102737426758,,,,,,
2012-10-25,45.894866943359375,,,,,,
2012-10-26,46.151512145996094,,,,,,
2012-10-31,46.3336296081543,,,,,,
2012-11-01,47.062110900878906,,,,,,
2012-11-02,46.94622039794922,,,,,,
2012-11-05,46.6564826965332,,,,,,
2012-11-06,47.34357452392578,,,,,,
2012-11-07,46.00250244140625,,,,,,
2012-11-08,45.99422073364258,,,,,,
2012-11-09,46.21774673461914,,,,,,
2012-11-12,45.96109390258789,,,,,,
2012-11-13,45.31539535522461,,,,,,
2012-11-14,44.41305160522461,,,,,,
2012-11-15,44.404781341552734,,,,,,
2012-11-16,44.95114517211914,,,,,,
2012-11-19,45.72102737426758,,,,,,
2012-11-20,46.242557525634766,,,,,,
2012-11-21,46.3419189453125,,,,,,
2012-11-23,46.78066253662109,,,,,,
2012-11-26,46.101829528808594,,,,,,
2012-11-27,45.067039489746094,,,,,,
2012-11-28,45.95283126831055,,,,,,
2012-11-29,46.292240142822266,,,,,,
2012-11-30,46.27567672729492,,,,,,
2012-12-03,46.35020065307617,,,,,,
2012-12-04,46.22602081298828,,,,,,
2012-12-05,46.68959426879883,,,,,,
2012-12-06,46.45780563354492,,,,,,
2012-12-07,46.86343002319336,,,,,,
2012-12-10,46.97933197021485,,,,,,
2012-12-11,47.2359619140625,,,,,,
2012-12-12,47.74092864990234,,,,,,
2012-12-13,47.78234100341797,,,,,,
2012-12-14,46.89655303955078,,,,,,
2012-12-17,47.409812927246094,,,,,,
2012-12-18,47.86510467529297,,,,,,
2012-12-19,47.01244735717773,,,,,,
2012-12-20,47.51741409301758,,,,,,
2012-12-21,47.72438430786133,,,,,,
2012-12-24,47.6250228881836,,,,,,
2012-12-26,47.293922424316406,,,,,,
2012-12-27,46.929664611816406,,,,,,
2012-12-28,46.91310501098633,,,,,,
2012-12-31,47.583641052246094,,,,,,
2013-01-02,48.804813385009766,,,,,,
2013-01-03,49.01248550415039,,,,,,
2013-01-04,49.519229888916016,,,,,,
2013-01-07,49.726898193359375,,,,,,
2013-01-08,50.00935745239258,,,,,,
2013-01-09,50.0592041015625,,,,,,
2013-01-10,50.499488830566406,,,,,,
2013-01-11,50.873294830322266,,,,,,
2013-01-14,50.84836959838867,,,,,,
2013-01-15,50.47454833984375,,,,,,
2013-01-16,50.3582649230957,,,,,,
2013-01-17,50.457950592041016,,,,,,
2013-01-18,49.66044998168945,,,,,,
2013-01-22,49.34478378295898,,,,,,
2013-01-23,48.9543342590332,,,,,,
2013-01-24,49.26170349121094,,,,,,
2013-01-25,49.42784881591797,,,,,,
2013-01-28,49.07063674926758,,,,,,
2013-01-29,49.38631057739258,,,,,,
2013-01-30,49.28663635253906,,,,,,
2013-01-31,48.85465240478516,,,,,,
2013-02-01,49.7684326171875,,,,,,
2013-02-04,49.35307312011719,,,,,,
2013-02-05,50.39148712158203,,,,,,
2013-02-06,50.30841064453125,,,,,,
2013-02-07,51.62093734741211,,,,,,
2013-02-08,51.3385009765625,,,,,,
2013-02-11,51.488040924072266,,,,,,
2013-02-12,51.67079925537109,,,,,,
2013-02-13,51.58772659301758,,,,,,
2013-02-14,51.78709030151367,,,,,,
2013-02-15,51.24713516235352,,,,,,
2013-02-19,51.73725128173828,,,,,,
2013-02-20,51.42988204956055,,,,,,
2013-02-21,51.12251663208008,,,,,,
2013-02-22,51.97817611694336,,,,,,
2013-02-25,51.521270751953125,,,,,,
2013-02-26,51.43819427490234,,,,,,
2013-02-27,51.92001724243164,,,,,,
2013-02-28,51.6292610168457,,,,,,
2013-03-01,51.81201171875,,,,,,
2013-03-04,52.24398040771485,,,,,,
2013-03-05,53.26578140258789,,,,,,
2013-03-06,53.70606231689453,,,,,,
2013-03-07,53.63130187988281,,,,,,
2013-03-08,53.7475700378418,,,,,,
2013-03-11,54.41216278076172,,,,,,
2013-03-12,54.23772811889648,,,,,,
2013-03-13,54.24603271484375,,,,,,
2013-03-14,54.31247329711914,,,,,,
2013-03-15,54.902286529541016,,,,,,
2013-03-18,54.64477157592773,,,,,,
2013-03-19,54.10479736328125,,,,,,
2013-03-20,54.82753753662109,,,,,,
2013-03-21,54.33738708496094,,,,,,
2013-03-22,55.01029968261719,,,,,,
2013-03-25,54.91061019897461,,,,,,
2013-03-26,55.79947280883789,,,,,,
2013-03-27,55.78286743164063,,,,,,
2013-03-28,56.04039001464844,,,,,,
2013-04-01,55.87424087524414,,,,,,
2013-04-02,56.18989944458008,,,,,,
2013-04-03,55.19840621948242,,,,,,
2013-04-04,55.598365783691406,,,,,,
2013-04-05,54.40689849853516,,,,,,
2013-04-08,54.65685272216797,,,,,,
2013-04-09,54.340240478515625,,,,,,
2013-04-10,54.49020767211914,,,,,,
2013-04-11,54.77350234985352,,,,,,
2013-04-12,54.723514556884766,,,,,,
2013-04-15,53.40707015991211,,,,,,
2013-04-16,53.81533432006836,,,,,,
2013-04-17,53.43206787109375,,,,,,
2013-04-18,54.19026947021485,,,,,,
2013-04-19,56.023250579833984,,,,,,
2013-04-22,55.54000854492188,,,,,,
2013-04-23,56.19824981689453,,,,,,
2013-04-24,56.17324447631836,,,,,,
2013-04-25,56.76480102539063,,,,,,
2013-04-26,56.44818878173828,,,,,,
2013-04-29,56.34820556640625,,,,,,
2013-04-30,56.99810791015625,,,,,,
2013-05-01,56.88977813720703,,,,,,
2013-05-02,57.806297302246094,,,,,,
2013-05-03,58.51447677612305,,,,,,
2013-05-06,58.37284851074219,,,,,,
2013-05-07,58.5228157043457,,,,,,
2013-05-08,58.58115005493164,,,,,,
2013-05-09,58.497825622558594,,,,,,
2013-05-10,58.3895149230957,,,,,,
2013-05-13,58.14788818359375,,,,,,
2013-05-14,59.580963134765625,,,,,,
2013-05-15,60.639102935791016,,,,,,
2013-05-16,60.18086624145508,,,,,,
2013-05-17,61.08902359008789,,,,,,
2013-05-20,61.98885345458984,,,,,,
2013-05-21,62.58042526245117,,,,,,
2013-05-22,62.02221298217773,,,,,,
2013-05-23,62.23047256469727,,,,,,
2013-05-24,62.71372985839844,,,,,,
2013-05-28,63.45527267456055,,,,,,
2013-05-29,63.18032455444336,,,,,,
2013-05-30,63.43861770629883,,,,,,
2013-05-31,63.08032989501953,,,,,,
2013-06-03,63.71355438232422,,,,,,
2013-06-04,63.3719482421875,,,,,,
2013-06-05,62.28882598876953,,,,,,
2013-06-06,63.52188873291016,,,,,,
2013-06-07,65.02164459228516,,,,,,
2013-06-10,65.22160339355469,,,,,,
2013-06-11,63.75521469116211,,,,,,
2013-06-12,62.25547409057617,,,,,,
2013-06-13,62.66374206542969,,,,,,
2013-06-14,60.79740905761719,,,,,,
2013-06-17,61.52229690551758,,,,,,
2013-06-18,62.47209167480469,,,,,,
2013-06-19,61.84721374511719,,,,,,
2013-06-20,60.75574493408203,,,,,,
2013-06-21,61.08067321777344,,,,,,
2013-06-24,59.99755859375,,,,,,
2013-06-25,61.014041900634766,,,,,,
2013-06-26,61.572303771972656,,,,,,
2013-06-27,62.58877182006836,,,,,,
2013-06-28,62.28882598876953,,,,,,
2013-07-01,63.02201843261719,,,,,,
2013-07-02,62.36179733276367,,,,,,
2013-07-03,62.32836151123047,,,,,,
2013-07-05,63.77419662475586,,,,,,
2013-07-08,64.38423156738281,,,,,,
2013-07-09,64.86061096191406,,,,,,
2013-07-10,63.79088973999024,,,,,,
2013-07-11,64.30065155029297,,,,,,
2013-07-12,65.46233367919922,,,,,,
2013-07-15,65.06116485595703,,,,,,
2013-07-16,65.41217041015625,,,,,,
2013-07-17,64.1836929321289,,,,,,
2013-07-18,61.85198593139648,,,,,,
2013-07-19,61.89379119873047,,,,,,
2013-07-22,62.44536972045898,,,,,,
2013-07-23,62.18632125854492,,,,,,
2013-07-24,62.980228424072266,,,,,,
2013-07-25,63.322879791259766,,,,,,
2013-07-26,62.963523864746094,,,,,,
2013-07-29,62.7295150756836,,,,,,
2013-07-30,62.83815383911133,,,,,,
2013-07-31,61.65142059326172,,,,,,
2013-08-01,63.20589065551758,,,,,,
2013-08-02,63.2559928894043,,,,,,
2013-08-05,63.45658874511719,,,,,,
2013-08-06,63.356292724609375,,,,,,
2013-08-07,62.79635620117188,,,,,,
2013-08-08,63.67388916015625,,,,,,
2013-08-09,63.09724807739258,,,,,,
2013-08-12,63.08887100219727,,,,,,
2013-08-13,63.70732498168945,,,,,,
2013-08-14,63.414794921875,,,,,,
2013-08-15,62.57908248901367,,,,,,
2013-08-16,62.82144546508789,,,,,,
2013-08-19,62.1277961730957,,,,,,
2013-08-20,62.06928253173828,,,,,,
2013-08-21,61.37562942504883,,,,,,
2013-08-22,61.72661590576172,,,,,,
2013-08-23,61.55112457275391,,,,,,
2013-08-26,61.5177001953125,,,,,,
2013-08-27,60.096981048583984,,,,,,
2013-08-28,60.18056488037109,,,,,,
2013-08-29,60.35603332519531,,,,,,
2013-08-30,60.096981048583984,,,,,,
2013-09-03,60.53154754638672,,,,,,
2013-09-04,61.124908447265625,,,,,,
2013-09-05,61.67648315429688,,,,,,
2013-09-06,61.30044174194336,,,,,,
2013-09-09,61.55950546264648,,,,,,
2013-09-10,62.345096588134766,,,,,,
2013-09-11,62.82982635498047,,,,,,
2013-09-12,62.92171859741211,,,,,,
2013-09-13,62.93008041381836,,,,,,
2013-09-16,63.180789947509766,,,,,,
2013-09-17,64.2839584350586,,,,,,
2013-09-18,64.88568115234375,,,,,,
2013-09-19,64.82716369628906,,,,,,
2013-09-20,64.61825561523438,,,,,,
2013-09-23,63.88281631469727,,,,,,
2013-09-24,63.57358932495117,,,,,,
2013-09-25,63.50673294067383,,,,,,
2013-09-26,63.78255844116211,,,,,,
2013-09-27,63.423152923583984,,,,,,
2013-09-30,63.11394119262695,,,,,,
2013-10-01,63.45658874511719,,,,,,
2013-10-02,62.51773834228516,,,,,,
2013-10-03,62.04830551147461,,,,,,
2013-10-04,62.29140090942383,,,,,,
2013-10-07,61.143009185791016,,,,,,
2013-10-08,60.53941345214844,,,,,,
2013-10-09,60.53941345214844,,,,,,
2013-10-10,62.584808349609375,,,,,,
2013-10-11,63.20512008666992,,,,,,
2013-10-14,63.76675033569336,,,,,,
2013-10-15,63.07939529418945,,,,,,
2013-10-16,63.97633743286133,,,,,,
2013-10-17,67.25394439697266,,,,,,
2013-10-18,67.49703979492188,,,,,,
2013-10-21,67.3964614868164,,,,,,
2013-10-22,67.79042053222656,,,,,,
2013-10-23,67.58922576904297,,,,,,
2013-10-24,67.81556701660156,,,,,,
2013-10-25,69.2490005493164,,,,,,
2013-10-28,69.37476348876953,,,,,,
2013-10-29,70.12916564941406,,,,,,
2013-10-30,69.65974426269531,,,,,,
2013-10-31,68.56999969482422,,,,,,
2013-11-01,68.87178802490234,,,,,,
2013-11-04,68.6789779663086,,,,,,
2013-11-05,68.65382385253906,,,,,,
2013-11-06,68.83824920654297,,,,,,
2013-11-07,67.83232879638672,,,,,,
2013-11-08,68.55326080322266,,,,,,
2013-11-11,68.2347183227539,,,,,,
2013-11-12,67.92455291748047,,,,,,
2013-11-13,68.26822662353516,,,,,,
2013-11-14,68.64543914794922,,,,,,
2013-11-15,69.40827941894531,,,,,,
2013-11-18,69.02267456054688,,,,,,
2013-11-19,69.1232681274414,,,,,,
2013-11-20,68.94721984863281,,,,,,
2013-11-21,70.37226104736328,,,,,,
2013-11-22,70.2884521484375,,,,,,
2013-11-25,70.90876770019531,,,,,,
2013-11-26,71.327880859375,,,,,,
2013-11-27,71.74699401855469,,,,,,
2013-11-29,71.92308044433594,,,,,,
2013-12-02,71.49555969238281,,,,,,
2013-12-03,70.9255142211914,,,,,,
2013-12-04,70.83332824707031,,,,,,
2013-12-05,70.86685943603516,,,,,,
2013-12-06,72.03204345703125,,,,,,
2013-12-09,71.8811264038086,,,,,,
2013-12-10,71.49555969238281,,,,,,
2013-12-11,70.33036804199219,,,,,,
2013-12-12,69.8274154663086,,,,,,
2013-12-13,70.14591979980469,,,,,,
2013-12-16,70.8500747680664,,,,,,
2013-12-17,70.50640869140625,,,,,,
2013-12-18,72.08231353759766,,,,,,
2013-12-19,72.43441009521484,,,,,,
2013-12-20,73.40676879882812,,,,,,
2013-12-23,74.027099609375,,,,,,
2013-12-24,74.34563446044922,,,,,,
2013-12-26,74.60552215576172,,,,,,
2013-12-27,74.7647705078125,,,,,,
2013-12-30,75.10008239746094,,,,,,
2013-12-31,76.05569458007812,,,,,,
2014-01-02,74.98272705078125,,,,,,
2014-01-03,75.22581481933594,,,,,,
2014-01-06,75.19227600097656,,,,,,
2014-01-07,74.90729522705078,,,,,,
2014-01-08,75.14260864257812,,,,,,
2014-01-09,74.69718170166016,,,,,,
2014-01-10,74.41981506347656,,,,,,
2014-01-13,73.10877227783203,,,,,,
2014-01-14,73.21802520751953,,,,,,
2014-01-15,74.167724609375,,,,,,
2014-01-16,73.77271270751953,,,,,,
2014-01-17,76.45366668701172,,,,,,
2014-01-21,76.13430786132812,,,,,,
2014-01-22,76.58811950683594,,,,,,
2014-01-23,74.94091796875,,,,,,
2014-01-24,73.07514953613281,,,,,,
2014-01-27,72.04141235351562,,,,,,
2014-01-28,72.81461334228516,,,,,,
2014-01-29,71.89854431152344,,,,,,
2014-01-30,72.79781341552734,,,,,,
2014-01-31,71.45310974121094,,,,,,
2014-02-03,69.63780212402344,,,,,,
2014-02-04,70.59590148925781,,,,,,
2014-02-05,70.36055755615234,,,,,,
2014-02-06,72.01622009277344,,,,,,
2014-02-07,73.1171646118164,,,,,,
2014-02-10,74.24333190917969,,,,,,
2014-02-11,74.4450454711914,,,,,,
2014-02-12,74.81483459472656,,,,,,
2014-02-13,74.7139663696289,,,,,,
2014-02-14,74.79803466796875,,,,,,
2014-02-18,74.81483459472656,,,,,,
2014-02-19,74.66353607177734,,,,,,
2014-02-20,74.80642700195312,,,,,,
2014-02-21,74.58792114257812,,,,,,
2014-02-24,75.57119750976562,,,,,,
2014-02-25,75.56282043457031,,,,,,
2014-02-26,75.41153717041016,,,,,,
2014-02-27,75.8821792602539,,,,,,
2014-02-28,76.71419525146484,,,,,,
2014-03-03,75.61324310302734,,,,,,
2014-03-04,77.83195495605469,,,,,,
2014-03-05,77.43695831298828,,,,,,
2014-03-06,78.59675598144531,,,,,,
2014-03-07,78.88248443603516,,,,,,
2014-03-10,78.7480239868164,,,,,,
2014-03-11,78.32782745361328,,,,,,
2014-03-12,78.07569885253906,,,,,,
2014-03-13,76.21833038330078,,,,,,
2014-03-14,75.7813720703125,,,,,,
2014-03-17,76.69740295410156,,,,,,
2014-03-18,76.9747543334961,,,,,,
2014-03-19,76.25193786621094,,,,,,
2014-03-20,77.05876922607422,,,,,,
2014-03-21,76.9158935546875,,,,,,
2014-03-24,76.48729705810547,,,,,,
2014-03-25,76.34440612792969,,,,,,
2014-03-26,75.35269927978516,,,,,,
2014-03-27,75.63003540039062,,,,,,
2014-03-28,76.02507019042969,,,,,,
2014-03-31,75.66366577148438,,,,,,
2014-04-01,76.62175750732422,,,,,,
2014-04-02,76.16677856445312,,,,,,
2014-04-03,76.65544891357422,,,,,,
2014-04-04,75.1304702758789,,,,,,
2014-04-07,72.96509552001953,,,,,,
2014-04-08,72.8724136352539,,,,,,
2014-04-09,74.75128173828125,,,,,,
2014-04-10,71.92030334472656,,,,,,
2014-04-11,71.22940826416016,,,,,,
2014-04-14,72.03827667236328,,,,,,
2014-04-15,72.49321746826172,,,,,,
2014-04-16,73.63910675048828,,,,,,
2014-04-17,72.6448974609375,,,,,,
2014-04-21,73.0240707397461,,,,,,
2014-04-22,73.361083984375,,,,,,
2014-04-23,73.41160583496094,,,,,,
2014-04-24,73.6475601196289,,,,,,
2014-04-25,73.32735443115234,,,,,,
2014-04-28,73.3526382446289,,,,,,
2014-04-29,73.96771240234375,,,,,,
2014-04-30,73.66439819335938,,,,,,
2014-05-01,73.15045166015625,,,,,,
2014-05-02,73.24311065673828,,,,,,
2014-05-05,73.60540008544922,,,,,,
2014-05-06,72.6280517578125,,,,,,
2014-05-07,74.12779998779297,,,,,,
2014-05-08,74.6670150756836,,,,,,
2014-05-09,74.85240173339844,,,,,,
2014-05-12,75.54327392578125,,,,,,
2014-05-13,75.06301879882812,,,,,,
2014-05-14,74.5322494506836,,,,,,
2014-05-15,73.80763244628906,,,,,,
2014-05-16,73.72337341308594,,,,,,
2014-05-19,74.24575805664062,,,,,,
2014-05-20,73.3779296875,,,,,,
2014-05-21,74.02667236328125,,,,,,
2014-05-22,74.27104187011719,,,,,,
2014-05-23,74.80184936523438,,,,,,
2014-05-27,77.00088500976562,,,,,,
2014-05-28,76.72284698486328,,,,,,
2014-05-29,76.90821838378906,,,,,,
2014-05-30,77.09356689453125,,,,,,
2014-06-02,77.42219543457031,,,,,,
2014-06-03,77.28738403320312,,,,,,
2014-06-04,77.35476684570312,,,,,,
2014-06-05,78.18891143798828,,,,,,
2014-06-06,79.96665954589844,,,,,,
2014-06-09,80.52278137207031,,,,,,
2014-06-10,80.2784423828125,,,,,,
2014-06-11,80.10993957519531,,,,,,
2014-06-12,79.84032440185547,,,,,,
2014-06-13,79.91610717773438,,,,,,
2014-06-16,79.51171112060547,,,,,,
2014-06-17,79.75607299804688,,,,,,
2014-06-18,80.51435852050781,,,,,,
2014-06-19,80.10148620605469,,,,,,
2014-06-20,80.49749755859375,,,,,,
2014-06-23,80.47220611572266,,,,,,
2014-06-24,79.5622329711914,,,,,,
2014-06-25,79.73919677734375,,,,,,
2014-06-26,79.4527587890625,,,,,,
2014-06-27,79.98355865478516,,,,,,
2014-06-30,79.93299102783203,,,,,,
2014-07-01,80.33740997314453,,,,,,
2014-07-02,80.21945190429688,,,,,,
2014-07-03,80.750244140625,,,,,,
2014-07-07,80.37955474853516,,,,,,
2014-07-08,79.68022918701172,,,,,,
2014-07-09,80.04352569580078,,,,,,
2014-07-10,79.80695343017578,,,,,,
2014-07-11,79.81538391113281,,,,,,
2014-07-14,79.87454223632812,,,,,,
2014-07-15,79.79851531982422,,,,,,
2014-07-16,79.81538391113281,,,,,,
2014-07-17,78.56501007080078,,,,,,
2014-07-18,79.0212173461914,,,,,,
2014-07-21,78.4720230102539,,,,,,
2014-07-22,78.88603973388672,,,,,,
2014-07-23,78.81001281738281,,,,,,
2014-07-24,78.7001724243164,,,,,,
2014-07-25,77.66941833496094,,,,,,
2014-07-28,77.61026763916016,,,,,,
2014-07-29,77.4835433959961,,,,,,
2014-07-30,76.80767059326172,,,,,,
2014-07-31,74.34906768798828,,,,,,
2014-08-01,73.0564193725586,,,,,,
2014-08-04,73.44502258300781,,,,,,
2014-08-05,72.9634780883789,,,,,,
2014-08-06,72.99727630615234,,,,,,
2014-08-07,72.67621612548828,,,,,,
2014-08-08,73.90127563476562,,,,,,
2014-08-11,73.46194458007812,,,,,,
2014-08-12,73.57178497314453,,,,,,
2014-08-13,73.84212493896484,,,,,,
2014-08-14,73.7322998046875,,,,,,
2014-08-15,73.16622924804688,,,,,,
2014-08-18,73.63937377929688,,,,,,
2014-08-19,74.45045471191406,,,,,,
2014-08-20,74.76303100585938,,,,,,
2014-08-21,75.31220245361328,,,,,,
2014-08-22,75.09252166748047,,,,,,
2014-08-25,75.6924057006836,,,,,,
2014-08-26,75.32064056396484,,,,,,
2014-08-27,75.396728515625,,,,,,
2014-08-28,75.2108383178711,,,,,,
2014-08-29,75.65859985351562,,,,,,
2014-09-02,75.80223846435547,,,,,,
2014-09-03,76.1571044921875,,,,,,
2014-09-04,75.74311065673828,,,,,,
2014-09-05,75.70931243896484,,,,,,
2014-09-08,75.13477325439453,,,,,,
2014-09-09,74.26456451416016,,,,,,
2014-09-10,74.6954574584961,,,,,,
2014-09-11,74.70390319824219,,,,,,
2014-09-12,74.04492950439453,,,,,,
2014-09-15,73.8252182006836,,,,,,
2014-09-16,74.65320587158203,,,,,,
2014-09-17,75.25305938720703,,,,,,
2014-09-18,76.12327575683594,,,,,,
2014-09-19,75.78535461425781,,,,,,
2014-09-22,75.18547821044922,,,,,,
2014-09-23,74.61096954345703,,,,,,
2014-09-24,74.78837585449219,,,,,,
2014-09-25,73.3014144897461,,,,,,
2014-09-26,74.66165924072266,,,,,,
2014-09-29,74.30681610107422,,,,,,
2014-09-30,73.9604263305664,,,,,,
2014-10-01,72.71476745605469,,,,,,
2014-10-02,72.76556396484375,,,,,,
2014-10-03,73.85874938964844,,,,,,
2014-10-06,73.74856567382812,,,,,,
2014-10-07,72.32494354248047,,,,,,
2014-10-08,74.07058715820312,,,,,,
2014-10-09,72.78253936767578,,,,,,
2014-10-10,72.0198745727539,,,,,,
2014-10-13,70.14717102050781,,,,,,
2014-10-14,70.11324310302734,,,,,,
2014-10-15,68.57947540283203,,,,,,
2014-10-16,67.99475860595703,,,,,,
2014-10-17,69.97769165039062,,,,,,
2014-10-20,71.18943786621094,,,,,,
2014-10-21,72.57068634033203,,,,,,
2014-10-22,71.14705657958984,,,,,,
2014-10-23,72.54525756835938,,,,,,
2014-10-24,73.21468353271484,,,,,,
2014-10-27,73.40959930419922,,,,,,
2014-10-28,74.57903289794922,,,,,,
2014-10-29,74.85865020751953,,,,,,
2014-10-30,75.19759368896484,,,,,,
2014-10-31,76.22293090820312,,,,,,
2014-11-03,76.98560333251953,,,,,,
2014-11-04,77.4347152709961,,,,,,
2014-11-05,78.31602478027344,,,,,,
2014-11-06,77.60419464111328,,,,,,
2014-11-07,78.1804428100586,,,,,,
2014-11-10,78.299072265625,,,,,,
2014-11-11,77.73979187011719,,,,,,
2014-11-12,77.57879638671875,,,,,,
2014-11-13,77.17204284667969,,,,,,
2014-11-14,76.83306884765625,,,,,,
2014-11-17,76.37550354003906,,,,,,
2014-11-18,76.7568130493164,,,,,,
2014-11-19,76.68901062011719,,,,,,
2014-11-20,76.79070281982422,,,,,,
2014-11-21,76.59579467773438,,,,,,
2014-11-24,77.14659881591797,,,,,,
2014-11-25,77.45167541503906,,,,,,
2014-11-26,77.4940185546875,,,,,,
2014-11-28,78.31602478027344,,,,,,
2014-12-01,78.0787353515625,,,,,,
2014-12-02,78.80751037597656,,,,,,
2014-12-03,77.3245620727539,,,,,,
2014-12-04,77.81605529785156,,,,,,
2014-12-05,78.51091003417969,,,,,,
2014-12-08,79.28202056884766,,,,,,
2014-12-09,79.112548828125,,,,,,
2014-12-10,78.59563446044922,,,,,,
2014-12-11,78.91764831542969,,,,,,
2014-12-12,77.11268615722656,,,,,,
2014-12-15,76.29917907714844,,,,,,
2014-12-16,74.7739028930664,,,,,,
2014-12-17,76.6381607055664,,,,,,
2014-12-18,78.9515609741211,,,,,,
2014-12-19,78.72276306152344,,,,,,
2014-12-22,79.33287048339844,,,,,,
2014-12-23,79.50236511230469,,,,,,
2014-12-24,79.72270202636719,,,,,,
2014-12-26,79.9006118774414,,,,,,
2014-12-29,79.88365936279297,,,,,,
2014-12-30,79.88365936279297,,,,,,
2014-12-31,78.84138488769531,,,,,,
2015-01-02,78.82444763183594,,,,,,
2015-01-05,76.73983764648438,,,,,,
2015-01-06,75.10440826416016,,,,,,
2015-01-07,76.74468994140625,,,,,,
2015-01-08,77.83252716064453,,,,,,
2015-01-09,76.84664916992188,,,,,,
2015-01-12,76.06478118896484,,,,,,
2015-01-13,75.83528900146484,,,,,,
2015-01-14,73.99956512451172,,,,,,
2015-01-15,72.98817443847656,,,,,,
2015-01-16,73.12415313720703,,,,,,
2015-01-20,74.1610107421875,,,,,,
2015-01-21,74.50947570800781,,,,,,
2015-01-22,71.70484924316406,,,,,,
2015-01-23,71.50086975097656,,,,,,
2015-01-26,70.79546356201172,,,,,,
2015-01-27,70.03058624267578,,,,,,
2015-01-28,69.46115112304688,,,,,,
2015-01-29,69.69062805175781,,,,,,
2015-01-30,68.57728576660156,,,,,,
2015-02-02,69.80110931396484,,,,,,
2015-02-03,71.16093444824219,,,,,,
2015-02-04,71.05892944335938,,,,,,
2015-02-05,72.01082611083984,,,,,,
2015-02-06,72.248779296875,,,,,,
2015-02-09,72.22327423095703,,,,,,
2015-02-10,72.95419311523438,,,,,,
2015-02-11,73.0986557006836,,,,,,
2015-02-12,68.39881134033203,,,,,,
2015-02-13,66.35906219482422,,,,,,
2015-02-17,67.20896911621094,,,,,,
2015-02-18,67.80389404296875,,,,,,
2015-02-19,66.63102722167969,,,,,,
2015-02-20,67.84637451171875,,,,,,
2015-02-23,68.24581909179688,,,,,,
2015-02-24,68.72176361083984,,,,,,
2015-02-25,69.83512878417969,,,,,,
2015-02-26,70.75298309326172,,,,,,
2015-02-27,69.34217834472656,,,,,,
2015-03-02,69.71613311767578,,,,,,
2015-03-03,69.61414337158203,,,,,,
2015-03-04,68.52629089355469,,,,,,
2015-03-05,68.96821594238281,,,,,,
2015-03-06,68.25431823730469,,,,,,
2015-03-09,68.42428588867188,,,,,,
2015-03-10,67.23443603515625,,,,,,
2015-03-11,67.5234146118164,,,,,,
2015-03-12,69.31666564941406,,,,,,
2015-03-13,68.50076293945312,,,,,,
2015-03-16,69.26568603515625,,,,,,
2015-03-17,68.89173126220703,,,,,,
2015-03-18,69.57164001464844,,,,,,
2015-03-19,69.29964447021484,,,,,,
2015-03-20,70.28555297851562,,,,,,
2015-03-23,69.86060333251953,,,,,,
2015-03-24,69.15519714355469,,,,,,
2015-03-25,68.08432006835938,,,,,,
2015-03-26,66.69903564453125,,,,,,
2015-03-27,66.26557922363281,,,,,,
2015-03-30,66.33356475830078,,,,,,
2015-03-31,66.614990234375,,,,,,
2015-04-01,67.30567169189453,,,,,,
2015-04-02,67.96226501464844,,,,,,
2015-04-06,67.90259552001953,,,,,,
2015-04-07,66.7940444946289,,,,,,
2015-04-08,67.10102844238281,,,,,,
2015-04-09,67.50179290771484,,,,,,
2015-04-10,67.86845397949219,,,,,,
2015-04-13,67.59561157226562,,,,,,
2015-04-14,67.78321838378906,,,,,,
2015-04-15,68.00491333007812,,,,,,
2015-04-16,68.99407958984375,,,,,,
2015-04-17,65.93279266357422,,,,,,
2015-04-20,65.85606384277344,,,,,,
2015-04-21,65.898681640625,,,,,,
2015-04-22,66.88783264160156,,,,,,
2015-04-23,66.64054870605469,,,,,,
2015-04-24,66.50413513183594,,,,,,
2015-04-27,66.07774353027344,,,,,,
2015-04-28,66.07774353027344,,,,,,
2015-04-29,65.7963638305664,,,,,,
2015-04-30,66.04363250732422,,,,,,
2015-05-01,66.23976135253906,,,,,,
2015-05-04,66.75138092041016,,,,,,
2015-05-05,66.376220703125,,,,,,
2015-05-06,66.3847427368164,,,,,,
2015-05-07,66.87932586669922,,,,,,
2015-05-08,67.34832763671875,,,,,,
2015-05-11,67.96226501464844,,,,,,
2015-05-12,67.43357849121094,,,,,,
2015-05-13,68.09872436523438,,,,,,
2015-05-14,68.85763549804688,,,,,,
2015-05-15,68.40570068359375,,,,,,
2015-05-18,68.36308288574219,,,,,,
2015-05-19,69.37779235839844,,,,,,
2015-05-20,69.03670501708984,,,,,,
2015-05-21,68.86617279052734,,,,,,
2015-05-22,69.28400421142578,,,,,,
2015-05-26,68.3801040649414,,,,,,
2015-05-27,68.3119125366211,,,,,,
2015-05-28,68.29483795166016,,,,,,
2015-05-29,67.97935485839844,,,,,,
2015-06-01,67.76615142822266,,,,,,
2015-06-02,68.20956420898438,,,,,,
2015-06-03,68.729736328125,,,,,,
2015-06-04,67.6723403930664,,,,,,
2015-06-05,67.69794464111328,,,,,,
2015-06-08,67.20333862304688,,,,,,
2015-06-09,67.51033020019531,,,,,,
2015-06-10,68.3801040649414,,,,,,
2015-06-11,68.47389221191406,,,,,,
2015-06-12,67.81732940673828,,,,,,
2015-06-15,67.57857513427734,,,,,,
2015-06-16,67.6723403930664,,,,,,
2015-06-17,68.490966796875,,,,,,
2015-06-18,68.87468719482422,,,,,,
2015-06-19,68.3801040649414,,,,,,
2015-06-22,69.28400421142578,,,,,,
2015-06-23,69.37779235839844,,,,,,
2015-06-24,68.8490982055664,,,,,,
2015-06-25,68.11576843261719,,,,,,
2015-06-26,68.11576843261719,,,,,,
2015-06-29,66.34209442138672,,,,,,
2015-06-30,66.5218505859375,,,,,,
2015-07-01,67.1038818359375,,,,,,
2015-07-02,66.94123840332031,,,,,,
2015-07-06,66.41058349609375,,,,,,
2015-07-07,66.37635040283203,,,,,,
2015-07-08,64.98976135253906,,,,,,
2015-07-09,65.34066009521484,,,,,,
2015-07-10,66.17091369628906,,,,,,
2015-07-13,67.21513366699219,,,,,,
2015-07-14,67.59173583984375,,,,,,
2015-07-15,67.22368621826172,,,,,,
2015-07-16,67.54893493652344,,,,,,
2015-07-17,67.80571746826172,,,,,,
2015-07-20,67.87419891357422,,,,,,
2015-07-21,67.57462310791016,,,,,,
2015-07-22,67.60887145996094,,,,,,
2015-07-23,65.91413116455078,,,,,,
2015-07-24,64.96408081054688,,,,,,
2015-07-27,64.12527465820312,,,,,,
2015-07-28,64.28789520263672,,,,,,
2015-07-29,64.79290771484375,,,,,,
2015-07-30,65.15237426757812,,,,,,
2015-07-31,65.10102081298828,,,,,,
2015-08-03,65.03254699707031,,,,,,
2015-08-04,64.81000518798828,,,,,,
2015-08-05,64.69874572753906,,,,,,
2015-08-06,64.1937255859375,,,,,,
2015-08-07,68.23368072509766,,,,,,
2015-08-10,69.55180358886719,,,,,,
2015-08-11,69.6202621459961,,,,,,
2015-08-12,69.32925415039062,,,,,,
2015-08-13,69.12381744384766,,,,,,
2015-08-14,69.25223541259766,,,,,,
2015-08-17,69.32925415039062,,,,,,
2015-08-18,69.53467559814453,,,,,,
2015-08-19,69.28645324707031,,,,,,
2015-08-20,67.4119873046875,,,,,,
2015-08-21,65.9312744140625,,,,,,
2015-08-24,63.89418029785156,,,,,,
2015-08-25,62.92700958251953,,,,,,
2015-08-26,64.73297882080078,,,,,,
2015-08-27,65.80286407470703,,,,,,
2015-08-28,65.60600280761719,,,,,,
2015-08-31,65.6659164428711,,,,,,
2015-09-01,63.33782958984375,,,,,,
2015-09-02,64.14238739013672,,,,,,
2015-09-03,64.41629028320312,,,,,,
2015-09-04,63.406288146972656,,,,,,
2015-09-08,64.6131362915039,,,,,,
2015-09-09,64.29646301269531,,,,,,
2015-09-10,64.4590835571289,,,,,,
2015-09-11,64.62168884277344,,,,,,
2015-09-14,64.31359100341797,,,,,,
2015-09-15,65.47762298583984,,,,,,
2015-09-16,66.17948150634766,,,,,,
2015-09-17,65.95695495605469,,,,,,
2015-09-18,65.00687408447266,,,,,,
2015-09-21,65.68302917480469,,,,,,
2015-09-22,64.80143737792969,,,,,,
2015-09-23,64.73297882080078,,,,,,
2015-09-24,63.92842102050781,,,,,,
2015-09-25,64.27934265136719,,,,,,
2015-09-28,62.772911071777344,,,,,,
2015-09-29,62.56752395629883,,,,,,
2015-09-30,63.44911575317383,,,,,,
2015-10-01,63.24369430541992,,,,,,
2015-10-02,63.688758850097656,,,,,,
2015-10-05,66.16234588623047,,,,,,
2015-10-06,65.82854461669922,,,,,,
2015-10-07,66.30967712402344,,,,,,
2015-10-08,66.30967712402344,,,,,,
2015-10-09,66.43851470947266,,,,,,
2015-10-12,66.42135620117188,,,,,,
2015-10-13,65.81135559082031,,,,,,
2015-10-14,65.4419174194336,,,,,,
2015-10-15,65.931640625,,,,,,
2015-10-16,66.33543395996094,,,,,,
2015-10-19,66.15505981445312,,,,,,
2015-10-20,66.11206817626953,,,,,,
2015-10-21,65.73403930664062,,,,,,
2015-10-22,62.288818359375,,,,,,
2015-10-23,64.08446502685547,,,,,,
2015-10-26,63.74081039428711,,,,,,
2015-10-27,63.586158752441406,,,,,,
2015-10-28,63.964168548583984,,,,,,
2015-10-29,63.7665901184082,,,,,,
2015-10-30,62.9417839050293,,,,,,
2015-11-02,63.526004791259766,,,,,,
2015-11-03,63.60334396362305,,,,,,
2015-11-04,63.63767623901367,,,,,,
2015-11-05,63.51743698120117,,,,,,
2015-11-06,63.83530044555664,,,,,,
2015-11-09,63.07925033569336,,,,,,
2015-11-10,63.03628921508789,,,,,,
2015-11-11,62.64109802246094,,,,,,
2015-11-12,61.842071533203125,,,,,,
2015-11-13,61.17191696166992,,,,,,
2015-11-16,61.567142486572266,,,,,,
2015-11-17,61.0946159362793,,,,,,
2015-11-18,61.98811340332031,,,,,,
2015-11-19,62.49501800537109,,,,,,
2015-11-20,62.22010040283203,,,,,,
2015-11-23,62.0654525756836,,,,,,
2015-11-24,61.54133987426758,,,,,,
2015-11-25,61.5929069519043,,,,,,
2015-11-27,61.73037338256836,,,,,,
2015-11-30,61.54994201660156,,,,,,
2015-12-01,62.03107070922852,,,,,,
2015-12-02,61.17191696166992,,,,,,
2015-12-03,60.50178146362305,,,,,,
2015-12-04,61.08600616455078,,,,,,
2015-12-07,60.665016174316406,,,,,,
2015-12-08,60.0636100769043,,,,,,
2015-12-09,60.02066040039063,,,,,,
2015-12-10,60.23545455932617,,,,,,
2015-12-11,59.16151428222656,,,,,,
2015-12-14,59.135738372802734,,,,,,
2015-12-15,60.26980972290039,,,,,,
2015-12-16,60.75095748901367,,,,,,
2015-12-17,59.77150344848633,,,,,,
2015-12-18,58.31093215942383,,,,,,
2015-12-21,58.76626968383789,,,,,,
2015-12-22,59.15290451049805,,,,,,
2015-12-23,60.11515808105469,,,,,,
2015-12-24,60.27839279174805,,,,,,
2015-12-28,59.93473434448242,,,,,,
2015-12-29,60.61346054077149,,,,,,
2015-12-30,60.27839279174805,,,,,,
2015-12-31,59.75432586669922,,,,,,
2016-01-04,58.07037353515625,,,,,,
2016-01-05,57.17684555053711,,,,,,
2016-01-06,55.58909225463867,,,,,,
2016-01-07,55.08859634399414,,,,,,
2016-01-08,54.90739440917969,,,,,,
2016-01-11,55.269813537597656,,,,,,
2016-01-12,55.57182693481445,,,,,,
2016-01-13,54.23430633544922,,,,,,
2016-01-14,54.61397552490234,,,,,,
2016-01-15,54.28607177734375,,,,,,
2016-01-19,54.05309295654297,,,,,,
2016-01-20,54.38961410522461,,,,,,
2016-01-21,54.05309295654297,,,,,,
2016-01-22,47.51218032836914,,,,,,
2016-01-25,47.4776725769043,,,,,,
2016-01-26,47.53807067871094,,,,,,
2016-01-27,47.04620742797852,,,,,,
2016-01-28,45.63103103637695,,,,,,
2016-01-29,46.1660385131836,,,,,,
2016-02-01,47.20153427124024,,,,,,
2016-02-02,46.30409240722656,,,,,,
2016-02-03,46.692413330078125,,,,,,
2016-02-04,46.92539978027344,,,,,,
2016-02-05,46.58023452758789,,,,,,
2016-02-08,45.21684646606445,,,,,,
2016-02-09,45.41529083251953,,,,,,
2016-02-10,45.12189102172852,,,,,,
2016-02-11,44.10366439819336,,,,,,
2016-02-12,45.4411735534668,,,,,,
2016-02-16,45.88988494873047,,,,,,
2016-02-17,46.26095199584961,,,,,,
2016-02-18,46.7269287109375,,,,,,
2016-02-19,47.21015930175781,,,,,,
2016-02-22,48.00404739379883,,,,,,
2016-02-23,47.55533218383789,,,,,,
2016-02-24,47.14975357055664,,,,,,
2016-02-25,47.79693984985352,,,,,,
2016-02-26,47.78832244873047,,,,,,
2016-02-29,47.960899353027344,,,,,,
2016-03-01,49.013648986816406,,,,,,
2016-03-02,49.28978729248047,,,,,,
2016-03-03,50.12682342529297,,,,,,
2016-03-04,50.29939270019531,,,,,,
2016-03-07,50.912071228027344,,,,,,
2016-03-08,51.28313064575195,,,,,,
2016-03-09,50.95521926879883,,,,,,
2016-03-10,50.69634246826172,,,,,,
2016-03-11,51.30901718139648,,,,,,
2016-03-14,51.4039306640625,,,,,,
2016-03-15,51.11054992675781,,,,,,
2016-03-16,51.516109466552734,,,,,,
2016-03-17,51.84401321411133,,,,,,
2016-03-18,52.8277473449707,,,,,,
2016-03-21,52.81912612915039,,,,,,
2016-03-22,52.30137634277344,,,,,,
2016-03-23,52.318634033203125,,,,,,
2016-03-24,52.18056869506836,,,,,,
2016-03-28,52.01660919189453,,,,,,
2016-03-29,52.29273223876953,,,,,,
2016-03-30,52.02524566650391,,,,,,
2016-03-31,52.98307418823242,,,,,,
2016-04-01,52.72419738769531,,,,,,
2016-04-04,52.30999374389648,,,,,,
2016-04-05,51.93893432617188,,,,,,
2016-04-06,51.92158889770508,,,,,,
2016-04-07,51.03716659545898,,,,,,
2016-04-08,51.59211730957031,,,,,,
2016-04-11,51.852237701416016,,,,,,
2016-04-12,52.615272521972656,,,,,,
2016-04-13,53.89858627319336,,,,,,
2016-04-14,54.20206832885742,,,,,,
2016-04-15,53.88124084472656,,,,,,
2016-04-18,54.27141952514648,,,,,,
2016-04-19,55.12117385864258,,,,,,
2016-04-20,56.37847137451172,,,,,,
2016-04-21,56.890045166015625,,,,,,
2016-04-22,57.16753005981445,,,,,,
2016-04-25,56.96808242797852,,,,,,
2016-04-26,57.401634216308594,,,,,,
2016-04-27,57.42765808105469,,,,,,
2016-04-28,57.0894775390625,,,,,,
2016-04-29,56.733985900878906,,,,,,
2016-05-02,56.95075225830078,,,,,,
2016-05-03,56.23105239868164,,,,,,
2016-05-04,55.719482421875,,,,,,
2016-05-05,55.42466735839844,,,,,,
2016-05-06,55.93624114990234,,,,,,
2016-05-09,55.4766845703125,,,,,,
2016-05-10,56.22239303588867,,,,,,
2016-05-11,56.005619049072266,,,,,,
2016-05-12,55.78882598876953,,,,,,
2016-05-13,55.59807586669922,,,,,,
2016-05-16,55.55474090576172,,,,,,
2016-05-17,54.41883087158203,,,,,,
2016-05-18,55.07783126831055,,,,,,
2016-05-19,54.40148162841797,,,,,,
2016-05-20,55.42466735839844,,,,,,
2016-05-23,55.13852691650391,,,,,,
2016-05-24,56.24842071533203,,,,,,
2016-05-25,56.6299057006836,,,,,,
2016-05-26,56.5605583190918,,,,,,
2016-05-27,56.81201171875,,,,,,
2016-05-31,57.020111083984375,,,,,,
2016-06-01,57.15018844604492,,,,,,
2016-06-02,57.583717346191406,,,,,,
2016-06-03,56.78600311279297,,,,,,
2016-06-06,57.17620849609375,,,,,,
2016-06-07,57.1328239440918,,,,,,
2016-06-08,57.45367050170898,,,,,,
2016-06-09,56.97677230834961,,,,,,
2016-06-10,56.33510971069336,,,,,,
2016-06-13,55.2078857421875,,,,,,
2016-06-14,52.95344924926758,,,,,,
2016-06-15,53.25693130493164,,,,,,
2016-06-16,53.69915390014648,,,,,,
2016-06-17,53.638450622558594,,,,,,
2016-06-20,54.01996612548828,,,,,,
2016-06-21,54.01129913330078,,,,,,
2016-06-22,53.716495513916016,,,,,,
2016-06-23,54.84370422363281,,,,,,
2016-06-24,52.07768249511719,,,,,,
2016-06-27,50.00531768798828,,,,,,
2016-06-28,50.20475387573242,,,,,,
2016-06-29,51.965118408203125,,,,,,
2016-06-30,52.94984817504883,,,,,,
2016-07-01,52.88885498046875,,,,,,
2016-07-05,51.54681015014648,,,,,,
2016-07-06,51.83438491821289,,,,,,
2016-07-07,52.12197494506836,,,,,,
2016-07-08,53.58601379394531,,,,,,
2016-07-11,54.16990280151367,,,,,,
2016-07-12,54.90192031860352,,,,,,
2016-07-13,54.98906326293945,,,,,,
2016-07-14,55.43352127075195,,,,,,
2016-07-15,55.58165740966797,,,,,,
2016-07-18,55.76465606689453,,,,,,
2016-07-19,55.91282272338867,,,,,,
2016-07-20,56.19167709350586,,,,,,
2016-07-21,55.276641845703125,,,,,,
2016-07-22,56.017372131347656,,,,,,
2016-07-25,56.06095886230469,,,,,,
2016-07-26,56.09581756591797,,,,,,
2016-07-27,56.287540435791016,,,,,,
2016-07-28,56.46182632446289,,,,,,
2016-07-29,56.17425155639648,,,,,,
2016-08-01,55.88667678833008,,,,,,
2016-08-02,55.31150817871094,,,,,,
2016-08-03,55.62522888183594,,,,,,
2016-08-04,55.72109222412109,,,,,,
2016-08-05,57.09799575805664,,,,,,
2016-08-08,57.36814880371094,,,,,,
2016-08-09,56.98471832275391,,,,,,
2016-08-10,56.41826248168945,,,,,,
2016-08-11,57.0631217956543,,,,,,
2016-08-12,56.97599029541016,,,,,,
2016-08-15,57.19385147094727,,,,,,
2016-08-16,56.90627670288086,,,,,,
2016-08-17,57.23743438720703,,,,,,
2016-08-18,57.19385147094727,,,,,,
2016-08-19,57.10670471191406,,,,,,
2016-08-22,56.95856857299805,,,,,,
2016-08-23,57.23743438720703,,,,,,
2016-08-24,56.78428268432617,,,,,,
2016-08-25,56.64485168457031,,,,,,
2016-08-26,56.46182632446289,,,,,,
2016-08-29,57.09799575805664,,,,,,
2016-08-30,57.03699493408203,,,,,,
2016-08-31,57.15028762817383,,,,,,
2016-09-01,56.52283477783203,,,,,,
2016-09-02,56.81042098999024,,,,,,
2016-09-06,57.30713653564453,,,,,,
2016-09-07,57.68187713623047,,,,,,
2016-09-08,57.72544479370117,,,,,,
2016-09-09,56.74941635131836,,,,,,
2016-09-12,57.42915725708008,,,,,,
2016-09-13,56.08710479736328,,,,,,
2016-09-14,55.32022476196289,,,,,,
2016-09-15,55.62522888183594,,,,,,
2016-09-16,55.477081298828125,,,,,,
2016-09-19,55.8256721496582,,,,,,
2016-09-20,55.52937698364258,,,,,,
2016-09-21,56.017372131347656,,,,,,
2016-09-22,56.3223991394043,,,,,,
2016-09-23,55.64266204833984,,,,,,
2016-09-26,55.26792144775391,,,,,,
2016-09-27,56.017372131347656,,,,,,
2016-09-28,55.96510314941406,,,,,,
2016-09-29,55.224365234375,,,,,,
2016-09-30,55.80823516845703,,,,,,
2016-10-03,55.60780334472656,,,,,,
2016-10-04,55.694942474365234,,,,,,
2016-10-05,56.36935424804688,,,,,,
2016-10-06,54.24980926513672,,,,,,
2016-10-07,54.09215927124024,,,,,,
2016-10-10,54.21477127075195,,,,,,
2016-10-11,53.303897857666016,,,,,,
2016-10-12,53.15499877929688,,,,,,
2016-10-13,52.909759521484375,,,,,,
2016-10-14,52.68204498291016,,,,,,
2016-10-17,52.46307373046875,,,,,,
2016-10-18,52.620731353759766,,,,,,
2016-10-19,53.64546585083008,,,,,,
2016-10-20,58.4888916015625,,,,,,
2016-10-21,58.99687576293945,,,,,,
2016-10-24,58.76041793823242,,,,,,
2016-10-25,58.45386505126953,,,,,,
2016-10-26,58.50640106201172,,,,,,
2016-10-27,58.62028121948242,,,,,,
2016-10-28,58.19987106323242,,,,,,
2016-10-31,58.173587799072266,,,,,,
2016-11-01,58.024696350097656,,,,,,
2016-11-02,57.324012756347656,,,,,,
2016-11-03,57.21891784667969,,,,,,
2016-11-04,57.37657928466797,,,,,,
2016-11-07,58.68156814575195,,,,,,
2016-11-08,58.74288940429688,,,,,,
2016-11-09,60.205543518066406,,,,,,
2016-11-10,61.40545654296875,,,,,,
2016-11-11,61.74704360961914,,,,,,
2016-11-14,63.42866516113281,,,,,,
2016-11-15,63.47242736816406,,,,,,
2016-11-16,62.78052520751953,,,,,,
2016-11-17,62.86810302734375,,,,,,
2016-11-18,62.18495941162109,,,,,,
2016-11-21,62.65790939331055,,,,,,
2016-11-22,62.81558227539063,,,,,,
2016-11-23,63.831539154052734,,,,,,
2016-11-25,63.81403350830078,,,,,,
2016-11-28,63.17465591430664,,,,,,
2016-11-29,62.61410140991211,,,,,,
2016-11-30,63.095829010009766,,,,,,
2016-12-01,63.525001525878906,,,,,,
2016-12-02,62.93817901611328,,,,,,
2016-12-05,63.08708190917969,,,,,,
2016-12-06,63.332298278808594,,,,,,
2016-12-07,65.06649017333984,,,,,,
2016-12-08,65.60951232910156,,,,,,
2016-12-09,65.48687744140625,,,,,,
2016-12-12,64.44464874267578,,,,,,
2016-12-13,64.6723403930664,,,,,,
2016-12-14,64.8738021850586,,,,,,
2016-12-15,65.63578796386719,,,,,,
2016-12-16,65.68833923339844,,,,,,
2016-12-19,65.2941665649414,,,,,,
2016-12-20,65.74087524414062,,,,,,
2016-12-21,65.96858978271484,,,,,,
2016-12-22,65.32048034667969,,,,,,
2016-12-23,65.66206359863281,,,,,,
2016-12-27,65.67082214355469,,,,,,
2016-12-28,65.13654327392578,,,,,,
2016-12-29,64.74242401123047,,,,,,
2016-12-30,64.88257598876953,,,,,,
2017-01-03,65.99488830566406,,,,,,
2017-01-04,67.07676696777344,,,,,,
2017-01-05,66.24995422363281,,,,,,
2017-01-06,66.38188934326172,,,,,,
2017-01-09,66.72492980957031,,,,,,
2017-01-10,67.41981506347656,,,,,,
2017-01-11,67.64849090576172,,,,,,
2017-01-12,67.62211608886719,,,,,,
2017-01-13,67.39337921142578,,,,,,
2017-01-17,67.37581634521484,,,,,,
2017-01-18,68.15865325927734,,,,,,
2017-01-19,67.45498657226562,,,,,,
2017-01-20,67.02397918701172,,,,,,
2017-01-23,66.8216781616211,,,,,,
2017-01-24,68.10585021972656,,,,,,
2017-01-25,67.63091278076172,,,,,,
2017-01-26,67.66608428955078,,,,,,
2017-01-27,67.59571838378906,,,,,,
2017-01-30,67.97393035888672,,,,,,
2017-01-31,67.18231964111328,,,,,,
2017-02-01,67.51654815673828,,,,,,
2017-02-02,67.2966537475586,,,,,,
2017-02-03,68.64241790771484,,,,,,
2017-02-06,68.44892883300781,,,,,,
2017-02-07,68.3609619140625,,,,,,
2017-02-08,68.43132019042969,,,,,,
2017-02-09,68.76556396484375,,,,,,
2017-02-10,69.0294189453125,,,,,,
2017-02-13,69.40763092041016,,,,,,
2017-02-14,69.8474349975586,,,,,,
2017-02-15,70.0145492553711,,,,,,
2017-02-16,69.9354019165039,,,,,,
2017-02-17,70.11128997802734,,,,,,
2017-02-21,70.3399887084961,,,,,,
2017-02-22,70.24325561523438,,,,,,
2017-02-23,70.410400390625,,,,,,
2017-02-24,70.15530395507812,,,,,,
2017-02-27,70.51593017578125,,,,,,
2017-02-28,70.41915130615234,,,,,,
2017-03-01,72.05516815185547,,,,,,
2017-03-02,70.45433044433594,,,,,,
2017-03-03,70.26083374023438,,,,,,
2017-03-06,69.92660522460938,,,,,,
2017-03-07,69.99696350097656,,,,,,
2017-03-08,69.52200317382812,,,,,,
2017-03-09,69.75069427490234,,,,,,
2017-03-10,69.82105255126953,,,,,,
2017-03-13,69.67152404785156,,,,,,
2017-03-14,70.0937271118164,,,,,,
2017-03-15,69.68911743164062,,,,,,
2017-03-16,70.1640625,,,,,,
2017-03-17,69.70669555664062,,,,,,
2017-03-20,69.35487365722656,,,,,,
2017-03-21,68.1938247680664,,,,,,
2017-03-22,68.31694793701172,,,,,,
2017-03-23,68.46649932861328,,,,,,
2017-03-24,68.78313446044922,,,,,,
2017-03-27,68.25540161132812,,,,,,
2017-03-28,69.17017364501953,,,,,,
2017-03-29,68.82711029052734,,,,,,
2017-03-30,69.67152404785156,,,,,,
2017-03-31,69.58355712890625,,,,,,
2017-04-03,69.12617492675781,,,,,,
2017-04-04,68.8359146118164,,,,,,
2017-04-05,68.67694854736328,,,,,,
2017-04-06,68.8182601928711,,,,,,
2017-04-07,68.68578338623047,,,,,,
2017-04-10,68.4384994506836,,,,,,
2017-04-11,68.23533630371094,,,,,,
2017-04-12,67.72312927246094,,,,,,
2017-04-13,66.94590759277344,,,,,,
2017-04-17,67.71427917480469,,,,,,
2017-04-18,66.93704986572266,,,,,,
2017-04-19,66.72510528564453,,,,,,
2017-04-20,70.6729507446289,,,,,,
2017-04-21,70.29318237304688,,,,,,
2017-04-24,71.052734375,,,,,,
2017-04-25,71.21170043945312,,,,,,
2017-04-26,71.11454772949219,,,,,,
2017-04-27,70.94676208496094,,,,,,
2017-04-28,69.99288177490234,,,,,,
2017-05-01,69.9752197265625,,,,,,
2017-05-02,70.2490463256836,,,,,,
2017-05-03,69.62195587158203,,,,,,
2017-05-04,69.18035888671875,,,,,,
2017-05-05,69.17152404785156,,,,,,
2017-05-08,69.03024291992188,,,,,,
2017-05-09,69.27752685546875,,,,,,
2017-05-10,69.46297454833984,,,,,,
2017-05-11,68.8182601928711,,,,,,
2017-05-12,68.4384994506836,,,,,,
2017-05-15,69.18035888671875,,,,,,
2017-05-16,69.00373077392578,,,,,,
2017-05-17,67.44929504394531,,,,,,
2017-05-18,67.45814514160156,,,,,,
2017-05-19,67.82910919189453,,,,,,
2017-05-22,67.98804473876953,,,,,,
2017-05-23,68.18233489990234,,,,,,
2017-05-24,68.1116943359375,,,,,,
2017-05-25,68.39431762695312,,,,,,
2017-05-26,68.4119873046875,,,,,,
2017-05-30,68.085205078125,,,,,,
2017-05-31,67.95272064208984,,,,,,
2017-06-01,69.13619995117188,,,,,,
2017-06-02,69.3216781616211,,,,,,
2017-06-05,69.74562072753906,,,,,,
2017-06-06,69.63963317871094,,,,,,
2017-06-07,70.48748016357422,,,,,,
2017-06-08,70.61113739013672,,,,,,
2017-06-09,70.9290771484375,,,,,,
2017-06-12,70.80545043945312,,,,,,
2017-06-13,71.17637634277344,,,,,,
2017-06-14,71.39717102050781,,,,,,
2017-06-15,71.27352142333984,,,,,,
2017-06-16,71.9359130859375,,,,,,
2017-06-19,72.31568908691406,,,,,,
2017-06-20,72.87211608886719,,,,,,
2017-06-21,72.60717010498047,,,,,,
2017-06-22,72.64249420166016,,,,,,
2017-06-23,72.61599731445312,,,,,,
2017-06-26,73.26953887939453,,,,,,
2017-06-27,73.37552642822266,,,,,,
2017-06-28,74.16157531738281,,,,,,
2017-06-29,73.86128234863281,,,,,,
2017-06-30,74.40003204345703,,,,,,
2017-07-03,75.15956115722656,,,,,,
2017-07-05,75.257080078125,,,,,,
2017-07-06,74.23758697509766,,,,,,
2017-07-07,74.7606430053711,,,,,,
2017-07-10,74.73402404785156,,,,,,
2017-07-11,74.60991668701172,,,,,,
2017-07-12,75.19503784179688,,,,,,
2017-07-13,75.6826171875,,,,,,
2017-07-14,75.60283660888672,,,,,,
2017-07-17,75.5496597290039,,,,,,
2017-07-18,75.81556701660156,,,,,,
2017-07-19,76.1790542602539,,,,,,
2017-07-20,75.66490173339844,,,,,,
2017-07-21,75.87764739990234,,,,,,
2017-07-24,75.35459899902344,,,,,,
2017-07-25,75.71808624267578,,,,,,
2017-07-26,75.62055969238281,,,,,,
2017-07-27,74.33509063720703,,,,,,
2017-07-28,75.17727661132812,,,,,,
2017-07-31,75.55850982666016,,,,,,
2017-08-01,75.56737518310547,,,,,,
2017-08-02,75.62055969238281,,,,,,
2017-08-03,75.83334350585938,,,,,,
2017-08-04,76.21453857421875,,,,,,
2017-08-07,76.10813903808594,,,,,,
2017-08-08,76.1879653930664,,,,,,
2017-08-09,75.96631622314453,,,,,,
2017-08-10,74.96453094482422,,,,,,
2017-08-11,74.7251968383789,,,,,,
2017-08-14,75.77127838134766,,,,,,
2017-08-15,76.94149780273438,,,,,,
2017-08-16,77.47338104248047,,,,,,
2017-08-17,76.32090759277344,,,,,,
2017-08-18,75.69148254394531,,,,,,
2017-08-21,75.62055969238281,,,,,,
2017-08-22,75.62055969238281,,,,,,
2017-08-23,75.60283660888672,,,,,,
2017-08-24,75.67375946044922,,,,,,
2017-08-25,75.77127838134766,,,,,,
2017-08-28,75.71808624267578,,,,,,
2017-08-29,75.72694396972656,,,,,,
2017-08-30,75.96631622314453,,,,,,
2017-08-31,76.32978820800781,,,,,,
2017-09-01,76.365234375,,,,,,
2017-09-05,75.62943267822266,,,,,,
2017-09-06,75.55850982666016,,,,,,
2017-09-07,74.83155822753906,,,,,,
2017-09-08,74.6897201538086,,,,,,
2017-09-11,75.96631622314453,,,,,,
2017-09-12,76.72869873046875,,,,,,
2017-09-13,76.80851745605469,,,,,,
2017-09-14,76.40959930419922,,,,,,
2017-09-15,77.11880493164062,,,,,,
2017-09-18,77.89891815185547,,,,,,
2017-09-19,78.90068054199219,,,,,,
2017-09-20,78.39540100097656,,,,,,
2017-09-21,78.38652038574219,,,,,,
2017-09-22,78.36881256103516,,,,,,
2017-09-25,78.20033264160156,,,,,,
2017-09-26,78.62586975097656,,,,,,
2017-09-27,79.3351058959961,,,,,,
2017-09-28,79.91131591796875,,,,,,
2017-09-29,80.19500732421875,,,,,,
2017-10-02,80.26595306396484,,,,,,
2017-10-03,81.0549545288086,,,,,,
2017-10-04,80.68262481689453,,,,,,
2017-10-05,81.1275863647461,,,,,,
2017-10-06,81.47467803955078,,,,,,
2017-10-09,81.5992660522461,,,,,,
2017-10-10,81.7772445678711,,,,,,
2017-10-11,81.83953857421875,,,,,,
2017-10-12,81.528076171875,,,,,,
2017-10-13,82.6405029296875,,,,,,
2017-10-16,81.83953857421875,,,,,,
2017-10-17,81.5992660522461,,,,,,
2017-10-18,81.94633483886719,,,,,,
2017-10-19,81.7861557006836,,,,,,
2017-10-20,81.95523834228516,,,,,,
2017-10-23,82.21333312988281,,,,,,
2017-10-24,83.53045654296875,,,,,,
2017-10-25,83.23677062988281,,,,,,
2017-10-26,85.15904998779297,,,,,,
2017-10-27,85.24805450439453,,,,,,
2017-10-30,84.60729217529297,,,,,,
2017-10-31,85.00777435302734,,,,,,
2017-11-01,85.24805450439453,,,,,,
2017-11-02,85.4171371459961,,,,,,
2017-11-03,85.81761932373047,,,,,,
2017-11-06,85.6930160522461,,,,,,
2017-11-07,84.874267578125,,,,,,
2017-11-08,84.66068267822266,,,,,,
2017-11-09,83.43257141113281,,,,,,
2017-11-10,83.22785949707031,,,,,,
2017-11-13,83.56602478027344,,,,,,
2017-11-14,83.44146728515625,,,,,,
2017-11-15,82.99649047851562,,,,,,
2017-11-16,83.26347351074219,,,,,,
2017-11-17,83.37914276123047,,,,,,
2017-11-20,83.61054229736328,,,,,,
2017-11-21,84.01991271972656,,,,,,
2017-11-22,83.49483489990234,,,,,,
2017-11-24,83.19226837158203,,,,,,
2017-11-27,83.183349609375,,,,,,
2017-11-28,84.7942123413086,,,,,,
2017-11-29,85.9688949584961,,,,,,
2017-11-30,86.95671081542969,,,,,,
2017-12-01,87.09021759033203,,,,,,
2017-12-04,87.73990631103516,,,,,,
2017-12-05,87.84669494628906,,,,,,
2017-12-06,87.40170288085938,,,,,,
2017-12-07,87.73101806640625,,,,,,
2017-12-08,87.70429992675781,,,,,,
2017-12-11,88.1047592163086,,,,,,
2017-12-12,88.43406677246094,,,,,,
2017-12-13,87.01905059814453,,,,,,
2017-12-14,86.45838165283203,,,,,,
2017-12-15,87.67761993408203,,,,,,
2017-12-18,88.7099609375,,,,,,
2017-12-19,88.23827362060547,,,,,,
2017-12-20,87.66869354248047,,,,,,
2017-12-21,87.65980529785156,,,,,,
2017-12-22,87.87339782714844,,,,,,
2017-12-26,87.72209930419922,,,,,,
2017-12-27,88.2204818725586,,,,,,
2017-12-28,88.72773742675781,,,,,,
2017-12-29,88.38066101074219,,,,,,
2018-01-02,88.05139923095703,,,,,,
2018-01-03,88.59423065185547,,,,,,
2018-01-04,90.06784057617188,,,,,,
2018-01-05,90.27326965332033,,,,,,
2018-01-08,89.44268798828125,,,,,,
2018-01-09,89.77313995361328,,,,,,
2018-01-10,90.39828491210938,,,,,,
2018-01-11,89.960693359375,,,,,,
2018-01-12,90.17501068115234,,,,,,
2018-01-16,89.61236572265625,,,,,,
2018-01-17,89.98746490478516,,,,,,
2018-01-18,89.18370056152344,,,,,,
2018-01-19,87.54934692382812,,,,,,
2018-01-22,87.8083267211914,,,,,,
2018-01-23,87.50466918945312,,,,,,
2018-01-24,88.6835708618164,,,,,,
2018-01-25,89.0318603515625,,,,,,
2018-01-26,88.978271484375,,,,,,
2018-01-29,88.78180694580078,,,,,,
2018-01-30,88.15664672851562,,,,,,
2018-01-31,88.77286529541016,,,,,,
2018-02-01,89.30872344970703,,,,,,
2018-02-02,86.34368896484375,,,,,,
2018-02-05,82.17296600341797,,,,,,
2018-02-06,84.11095428466797,,,,,,
2018-02-07,83.6019058227539,,,,,,
2018-02-08,78.89533996582031,,,,,,
2018-02-09,81.9139633178711,,,,,,
2018-02-12,84.57534790039062,,,,,,
2018-02-13,84.45032501220703,,,,,,
2018-02-14,85.9417724609375,,,,,,
2018-02-15,86.23649597167969,,,,,,
2018-02-16,86.4419174194336,,,,,,
2018-02-20,86.79916381835938,,,,,,
2018-02-21,87.07600402832031,,,,,,
2018-02-22,86.94205474853516,,,,,,
2018-02-23,88.23701477050781,,,,,,
2018-02-26,90.7733917236328,,,,,,
2018-02-27,88.93363952636719,,,,,,
2018-02-28,87.0849380493164,,,,,,
2018-03-01,84.96833038330078,,,,,,
2018-03-02,85.379150390625,,,,,,
2018-03-05,86.32584381103516,,,,,,
2018-03-06,85.79888153076172,,,,,,
2018-03-07,85.41484832763672,,,,,,
2018-03-08,86.26327514648438,,,,,,
2018-03-09,88.46029663085938,,,,,,
2018-03-12,87.2278060913086,,,,,,
2018-03-13,85.17373657226562,,,,,,
2018-03-14,84.42354583740234,,,,,,
2018-03-15,84.29849243164062,,,,,,
2018-03-16,85.3880844116211,,,,,,
2018-03-19,84.70040893554688,,,,,,
2018-03-20,84.79862213134766,,,,,,
2018-03-21,84.611083984375,,,,,,
2018-03-22,81.6370849609375,,,,,,
2018-03-23,80.77974700927734,,,,,,
2018-03-26,82.71773529052734,,,,,,
2018-03-27,81.64603424072266,,,,,,
2018-03-28,82.35157775878906,,,,,,
2018-03-29,83.30715942382812,,,,,,
2018-04-02,81.27095031738281,,,,,,
2018-04-03,82.82489776611328,,,,,,
2018-04-04,83.57510375976562,,,,,,
2018-04-05,84.44464874267578,,,,,,
2018-04-06,82.39180755615234,,,,,,
2018-04-09,82.59796905517578,,,,,,
2018-04-10,83.36893463134766,,,,,,
2018-04-11,82.1139144897461,,,,,,
2018-04-12,83.68268585205078,,,,,,
2018-04-13,83.39582824707031,,,,,,
2018-04-16,83.90678405761719,,,,,,
2018-04-17,84.13985443115234,,,,,,
2018-04-18,85.29627227783203,,,,,,
2018-04-19,91.76856994628906,,,,,,
2018-04-20,90.35218811035156,,,,,,
2018-04-23,90.19080352783205,,,,,,
2018-04-24,90.0384521484375,,,,,,
2018-04-25,88.55036163330078,,,,,,
2018-04-26,89.85020446777344,,,,,,
2018-04-27,89.29440307617188,,,,,,
2018-04-30,88.52344512939453,,,,,,
2018-05-01,88.37107849121094,,,,,,
2018-05-02,87.5194320678711,,,,,,
2018-05-03,87.0801773071289,,,,,,
2018-05-04,88.16487121582031,,,,,,
2018-05-07,88.37107849121094,,,,,,
2018-05-08,89.41091918945312,,,,,,
2018-05-09,90.09221649169922,,,,,,
2018-05-10,90.881103515625,,,,,,
2018-05-11,90.9169464111328,,,,,,
2018-05-14,90.80043029785156,,,,,,
2018-05-15,90.307373046875,,,,,,
2018-05-16,90.17288208007812,,,,,,
2018-05-17,90.7376937866211,,,,,,
2018-05-18,90.53148651123048,,,,,,
2018-05-21,91.47274017333984,,,,,,
2018-05-22,92.06437683105467,,,,,,
2018-05-23,91.37413024902344,,,,,,
2018-05-24,91.44583129882812,,,,,,
2018-05-25,90.63008880615234,,,,,,
2018-05-29,87.6001205444336,,,,,,
2018-05-30,88.73860168457031,,,,,,
2018-05-31,88.12005615234375,,,,,,
2018-06-01,88.07523345947266,,,,,,
2018-06-04,89.15095520019531,,,,,,
2018-06-05,89.02546691894531,,,,,,
2018-06-06,90.51354217529295,,,,,,
2018-06-07,90.97073364257812,,,,,,
2018-06-08,90.54044342041016,,,,,,
2018-06-11,90.7197265625,,,,,,
2018-06-12,90.29840850830078,,,,,,
2018-06-13,89.66191864013672,,,,,,
2018-06-14,89.42886352539062,,,,,,
2018-06-15,88.31726837158203,,,,,,
2018-06-18,88.27245330810547,,,,,,
2018-06-19,87.0801773071289,,,,,,
2018-06-20,86.43473052978516,,,,,,
2018-06-21,86.62300109863281,,,,,,
2018-06-22,87.16088104248047,,,,,,
2018-06-25,88.33521270751953,,,,,,
2018-06-26,88.03937530517578,,,,,,
2018-06-27,86.91883087158203,,,,,,
2018-06-28,86.92778778076172,,,,,,
2018-06-29,87.85112762451172,,,,,,
2018-07-02,88.74756622314453,,,,,,
2018-07-03,87.70771026611328,,,,,,
2018-07-05,88.6433334350586,,,,,,
2018-07-06,88.63436126708984,,,,,,
2018-07-09,89.88487243652344,,,,,,
2018-07-10,89.88487243652344,,,,,,
2018-07-11,90.23573303222656,,,,,,
2018-07-12,91.00045013427734,,,,,,
2018-07-13,90.41568756103516,,,,,,
2018-07-16,90.58661651611328,,,,,,
2018-07-17,91.00045013427734,,,,,,
2018-07-18,92.6468276977539,,,,,,
2018-07-19,90.1187744140625,,,,,,
2018-07-20,90.10077667236328,,,,,,
2018-07-23,91.06341552734376,,,,,,
2018-07-24,91.50425720214844,,,,,,
2018-07-25,92.33195495605467,,,,,,
2018-07-26,92.21499633789062,,,,,,
2018-07-27,93.42951202392578,,,,,,
2018-07-30,90.73054504394533,,,,,,
2018-07-31,89.53399658203125,,,,,,
2018-08-01,89.47103881835938,,,,,,
2018-08-02,89.72294616699219,,,,,,
2018-08-03,90.67658996582033,,,,,,
2018-08-06,90.79353332519533,,,,,,
2018-08-07,91.7381591796875,,,,,,
2018-08-08,92.46687316894533,,,,,,
2018-08-09,92.6558074951172,,,,,,
2018-08-10,91.38728332519533,,,,,,
2018-08-13,91.59422302246094,,,,,,
2018-08-14,91.92708587646484,,,,,,
2018-08-15,91.32431030273438,,,,,,
2018-08-16,92.34992980957033,,,,,,
2018-08-17,92.69178009033205,,,,,,
2018-08-20,93.41153717041016,,,,,,
2018-08-21,94.2931900024414,,,,,,
2018-08-22,95.21086120605467,,,,,,
2018-08-23,94.79700469970705,,,,,,
2018-08-24,95.14788818359376,,,,,,
2018-08-27,96.30842590332033,,,,,,
2018-08-28,96.51534271240234,,,,,,
2018-08-29,96.0025405883789,,,,,,
2018-08-30,95.5707015991211,,,,,,
2018-08-31,95.34577941894533,,,,,,
2018-09-04,96.27244567871094,,,,,,
2018-09-05,95.07588958740234,,,,,,
2018-09-06,94.82400512695312,,,,,,
2018-09-07,95.43575286865234,,,,,,
2018-09-10,96.52433776855467,,,,,,
2018-09-11,97.44198608398438,,,,,,
2018-09-12,97.0551528930664,,,,,,
2018-09-13,97.75688934326172,,,,,,
2018-09-14,98.5665512084961,,,,,,
2018-09-17,98.24268341064452,,,,,,
2018-09-18,98.63855743408205,,,,,,
2018-09-19,99.0523910522461,,,,,,
2018-09-20,99.96102905273438,,,,,,
2018-09-21,99.77213287353516,,,,,,
2018-09-24,98.82747650146484,,,,,,
2018-09-25,98.84544372558594,,,,,,
2018-09-26,97.17211151123048,,,,,,
2018-09-27,97.02815246582033,,,,,,
2018-09-28,95.80460357666016,,,,,,
2018-10-01,97.07312774658205,,,,,,
2018-10-02,97.51396942138672,,,,,,
2018-10-03,97.56795501708984,,,,,,
2018-10-04,97.27902221679688,,,,,,
2018-10-05,96.81856536865234,,,,,,
2018-10-08,96.60183715820312,,,,,,
2018-10-09,96.30387878417967,,,,,,
2018-10-10,93.51392364501952,,,,,,
2018-10-11,91.71712493896484,,,,,,
2018-10-12,92.99923706054688,,,,,,
2018-10-15,92.65614318847656,,,,,,
2018-10-16,94.14594268798828,,,,,,
2018-10-17,94.20914459228516,,,,,,
2018-10-18,92.85476684570312,,,,,,
2018-10-19,96.36709594726562,,,,,,
2018-10-22,94.3626480102539,,,,,,
2018-10-23,94.24527740478516,,,,,,
2018-10-24,91.9518814086914,,,,,,
2018-10-25,93.54100036621094,,,,,,
2018-10-26,91.4191665649414,,,,,,
2018-10-29,91.36498260498048,,,,,,
2018-10-30,92.16858673095705,,,,,,
2018-10-31,92.75546264648438,,,,,,
2018-11-01,93.93827056884766,,,,,,
2018-11-02,93.64030456542967,,,,,,
2018-11-05,94.9946746826172,,,,,,
2018-11-06,94.7870101928711,,,,,,
2018-11-07,96.89076232910156,,,,,,
2018-11-08,97.96522521972656,,,,,,
2018-11-09,97.76659393310548,,,,,,
2018-11-12,96.15037536621094,,,,,,
2018-11-13,97.38739013671876,,,,,,
2018-11-14,97.3061065673828,,,,,,
2018-11-15,98.95842742919922,,,,,,
2018-11-16,98.83200073242188,,,,,,
2018-11-19,97.739501953125,,,,,,
2018-11-20,95.78921508789062,,,,,,
2018-11-21,96.15941619873048,,,,,,
2018-11-23,95.47321319580078,,,,,,
2018-11-26,99.03065490722656,,,,,,
2018-11-27,99.41893005371094,,,,,,
2018-11-28,101.92899322509766,,,,,,
2018-11-29,100.50238800048828,,,,,,
2018-11-30,101.36917114257812,,,,,,
2018-12-03,101.45044708251952,,,,,,
2018-12-04,97.18872833251952,,,,,,
2018-12-06,97.739501953125,,,,,,
2018-12-07,96.32194519042967,,,,,,
2018-12-10,95.51837921142578,,,,,,
2018-12-11,95.1662139892578,,,,,,
2018-12-12,97.04425811767578,,,,,,
2018-12-13,96.34001159667967,,,,,,
2018-12-14,95.43709564208984,,,,,,
2018-12-17,91.35597229003906,,,,,,
2018-12-18,91.21149444580078,,,,,,
2018-12-19,89.1799545288086,,,,,,
2018-12-20,86.47123718261719,,,,,,
2018-12-21,82.46234130859375,,,,,,
2018-12-24,80.81001281738281,,,,,,
2018-12-26,84.72862243652344,,,,,,
2018-12-27,85.4870834350586,,,,,,
2018-12-28,85.25231170654297,,,,,,
2018-12-31,86.0649185180664,,,,,,
2019-01-02,86.38996887207031,,,,,,
2019-01-03,84.70370483398438,,,,,,
2019-01-04,88.52047729492188,,,,,,
2019-01-07,89.00098419189453,,,,,,
2019-01-08,89.43614959716797,,,,,,
2019-01-09,89.59934997558594,,,,,,
2019-01-10,89.08259582519531,,,,,,
2019-01-11,89.34550476074219,,,,,,
2019-01-14,89.24576568603516,,,,,,
2019-01-15,88.83778381347656,,,,,,
2019-01-16,90.12520599365234,,,,,,
2019-01-17,90.1977081298828,,,,,,
2019-01-18,91.0952377319336,,,,,,
2019-01-22,90.50595092773438,,,,,,
2019-01-23,90.39715576171876,,,,,,
2019-01-24,90.40624237060548,,,,,,
2019-01-25,91.358154296875,,,,,,
2019-01-28,91.0045928955078,,,,,,
2019-01-29,91.5304183959961,,,,,,
2019-01-30,93.0806655883789,,,,,,
2019-01-31,93.10787200927734,,,,,,
2019-02-01,93.4342803955078,,,,,,
2019-02-04,93.76065063476562,,,,,,
2019-02-05,94.19580078125,,,,,,
2019-02-06,95.15682983398438,,,,,,
2019-02-07,94.64004516601562,,,,,,
2019-02-08,94.7579116821289,,,,,,
2019-02-11,95.56478881835938,,,,,,
2019-02-12,97.00626373291016,,,,,,
2019-02-13,97.51396942138672,,,,,,
2019-02-14,96.6617660522461,,,,,,
2019-02-15,97.35076141357422,,,,,,
2019-02-19,96.55297088623048,,,,,,
2019-02-20,96.80682373046876,,,,,,
2019-02-21,96.65266418457033,,,,,,
2019-02-22,97.40519714355467,,,,,,
2019-02-25,96.94280242919922,,,,,,
2019-02-26,96.95188903808594,,,,,,
2019-02-27,97.3870620727539,,,,,,
2019-02-28,97.67716217041016,,,,,,
2019-03-01,98.72882080078124,,,,,,
2019-03-04,98.81946563720705,,,,,,
2019-03-05,98.6834945678711,,,,,,
2019-03-06,98.80135345458984,,,,,,
2019-03-07,97.78594207763672,,,,,,
2019-03-08,97.89473724365234,,,,,,
2019-03-11,99.32715606689452,,,,,,
2019-03-12,100.11592864990234,,,,,,
2019-03-13,101.66617584228516,,,,,,
2019-03-14,101.85658264160156,,,,,,
2019-03-15,102.91729736328124,,,,,,
2019-03-18,102.94451904296876,,,,,,
2019-03-19,102.1467056274414,,,,,,
2019-03-20,100.42415618896484,,,,,,
2019-03-21,101.3760986328125,,,,,,
2019-03-22,99.23649597167967,,,,,,
2019-03-25,98.85575103759766,,,,,,
2019-03-26,99.27277374267578,,,,,,
2019-03-27,98.80135345458984,,,,,,
2019-03-28,98.96453094482422,,,,,,
2019-03-29,99.09146881103516,,,,,,
2019-04-01,101.26728057861328,,,,,,
2019-04-02,100.6326904296875,,,,,,
2019-04-03,100.2337646484375,,,,,,
2019-04-04,100.18830108642578,,,,,,
2019-04-05,100.95252990722656,,,,,,
2019-04-08,100.71598052978516,,,,,,
2019-04-09,99.94264221191406,,,,,,
2019-04-10,100.22468566894533,,,,,,
2019-04-11,99.94264221191406,,,,,,
2019-04-12,100.90703582763672,,,,,,
2019-04-15,100.56130981445312,,,,,,
2019-04-16,101.78955841064452,,,,,,
2019-04-17,101.6803970336914,,,,,,
2019-04-18,103.41812896728516,,,,,,
2019-04-22,102.19898223876952,,,,,,
2019-04-23,103.6910629272461,,,,,,
2019-04-24,103.7365493774414,,,,,,
2019-04-25,105.42877960205078,,,,,,
2019-04-26,106.9936752319336,,,,,,
2019-04-29,106.22943115234376,,,,,,
2019-04-30,106.65704345703124,,,,,,
2019-05-01,106.4659652709961,,,,,,
2019-05-02,106.67522430419922,,,,,,
2019-05-03,108.58584594726562,,,,,,
2019-05-06,108.57674407958984,,,,,,
2019-05-07,107.5577621459961,,,,,,
2019-05-08,106.89356231689452,,,,,,
2019-05-09,106.684326171875,,,,,,
2019-05-10,107.77611541748048,,,,,,
2019-05-13,105.44699096679688,,,,,,
2019-05-14,106.45687866210938,,,,,,
2019-05-15,107.04826354980467,,,,,,
2019-05-16,109.0316390991211,,,,,,
2019-05-17,108.3310775756836,,,,,,
2019-05-20,109.0316390991211,,,,,,
2019-05-21,109.67759704589844,,,,,,
2019-05-22,109.1863250732422,,,,,,
2019-05-23,107.74878692626952,,,,,,
2019-05-24,108.73139190673828,,,,,,
2019-05-28,107.5122528076172,,,,,,
2019-05-29,106.45687866210938,,,,,,
2019-05-30,106.21124267578124,,,,,,
2019-05-31,104.36431884765624,,,,,,
2019-06-03,104.2824249267578,,,,,,
2019-06-04,106.3113250732422,,,,,,
2019-06-05,107.46676635742188,,,,,,
2019-06-06,108.65862274169922,,,,,,
2019-06-07,110.18710327148438,,,,,,
2019-06-10,111.59729766845705,,,,,,
2019-06-11,112.11589813232422,,,,,,
2019-06-12,111.02413177490234,,,,,,
2019-06-13,110.86945343017578,,,,,,
2019-06-14,110.99684143066406,,,,,,
2019-06-17,110.49642181396484,,,,,,
2019-06-18,112.29785919189452,,,,,,
2019-06-19,113.43511962890624,,,,,,
2019-06-20,113.6534423828125,,,,,,
2019-06-21,113.48060607910156,,,,,,
2019-06-24,112.9438018798828,,,,,,
2019-06-25,112.0522232055664,,,,,,
2019-06-26,112.44342041015624,,,,,,
2019-06-27,112.76183319091795,,,,,,
2019-06-28,112.30697631835938,,,,,,
2019-07-01,113.6534423828125,,,,,,
2019-07-02,113.8172378540039,,,,,,
2019-07-03,114.86677551269533,,,,,,
2019-07-05,114.44699096679688,,,,,,
2019-07-08,113.94500732421876,,,,,,
2019-07-09,114.90328979492188,,,,,,
2019-07-10,115.8068389892578,,,,,,
2019-07-11,116.1627426147461,,,,,,
2019-07-12,116.78335571289062,,,,,,
2019-07-15,117.34011840820312,,,,,,
2019-07-16,116.87464141845705,,,,,,
2019-07-17,115.9802474975586,,,,,,
2019-07-18,117.18492889404295,,,,,,
2019-07-19,113.91766357421876,,,,,,
2019-07-22,114.99455261230467,,,,,,
2019-07-23,117.0023956298828,,,,,,
2019-07-24,116.77423858642578,,,,,,
2019-07-25,116.04411315917967,,,,,,
2019-07-26,115.7064208984375,,,,,,
2019-07-29,116.08061981201172,,,,,,
2019-07-30,115.42353057861328,,,,,,
2019-07-31,113.5069351196289,,,,,,
2019-08-01,113.25138854980467,,,,,,
2019-08-02,113.4521713256836,,,,,,
2019-08-05,110.17574310302734,,,,,,
2019-08-06,111.8459014892578,,,,,,
2019-08-07,112.74943542480467,,,,,,
2019-08-08,114.34658813476562,,,,,,
2019-08-09,115.14971160888672,,,,,,
2019-08-12,113.12360382080078,,,,,,
2019-08-13,115.28660583496094,,,,,,
2019-08-14,111.93717956542967,,,,,,
2019-08-15,111.69075775146484,,,,,,
2019-08-16,113.7442398071289,,,,,,
2019-08-19,113.53431701660156,,,,,,
2019-08-20,110.81461334228516,,,,,,
2019-08-21,111.8002700805664,,,,,,
2019-08-22,111.5903549194336,,,,,,
2019-08-23,107.47428131103516,,,,,,
2019-08-26,108.17704010009766,,,,,,
2019-08-27,107.46514892578124,,,,,,
2019-08-28,108.68811798095705,,,,,,
2019-08-29,110.19400787353516,,,,,,
2019-08-30,109.85633087158205,,,,,,
2019-09-03,107.32827758789062,,,,,,
2019-09-04,108.05838012695312,,,,,,
2019-09-05,110.1301040649414,,,,,,
2019-09-06,109.69203186035156,,,,,,
2019-09-09,109.44562530517578,,,,,,
2019-09-10,107.0635986328125,,,,,,
2019-09-11,107.69332885742188,,,,,,
2019-09-12,108.62423706054688,,,,,,
2019-09-13,108.78852081298828,,,,,,
2019-09-16,107.36476135253906,,,,,,
2019-09-17,108.65162658691406,,,,,,
2019-09-18,108.3686981201172,,,,,,
2019-09-19,107.5016632080078,,,,,,
2019-09-20,106.5981216430664,,,,,,
2019-09-23,107.91236114501952,,,,,,
2019-09-24,107.8484878540039,,,,,,
2019-09-25,108.71549987792967,,,,,,
2019-09-26,108.52384185791016,,,,,,
2019-09-27,108.23178100585938,,,,,,
2019-09-30,107.94884490966795,,,,,,
2019-10-01,106.50687408447266,,,,,,
2019-10-02,103.0022964477539,,,,,,
2019-10-03,103.1122055053711,,,,,,
2019-10-04,104.81625366210938,,,,,,
2019-10-07,104.1199722290039,,,,,,
2019-10-08,103.10305786132812,,,,,,
2019-10-09,104.3673324584961,,,,,,
2019-10-10,105.37509155273438,,,,,,
2019-10-11,106.6393814086914,,,,,,
2019-10-14,106.63020324707033,,,,,,
2019-10-15,107.72957611083984,,,,,,
2019-10-16,107.56468963623048,,,,,,
2019-10-17,109.11296844482422,,,,,,
2019-10-18,106.96920013427734,,,,,,
2019-10-21,109.06715393066406,,,,,,
2019-10-22,108.66407012939452,,,,,,
2019-10-23,106.72183227539062,,,,,,
2019-10-24,106.6485366821289,,,,,,
2019-10-25,108.34342956542967,,,,,,
2019-10-28,108.63658142089844,,,,,,
2019-10-29,107.5738296508789,,,,,,
2019-10-30,108.16934967041016,,,,,,
2019-10-31,107.44558715820312,,,,,,
2019-11-01,109.14962005615234,,,,,,
2019-11-04,109.5893783569336,,,,,,
2019-11-05,108.8106460571289,,,,,,
2019-11-06,109.65348815917967,,,,,,
2019-11-07,111.11016845703124,,,,,,
2019-11-08,111.28424072265624,,,,,,
2019-11-11,110.76205444335938,,,,,,
2019-11-12,110.7528839111328,,,,,,
2019-11-13,110.17568969726562,,,,,,
2019-11-14,110.7895278930664,,,,,,
2019-11-15,110.6337661743164,,,,,,
2019-11-18,109.62601470947266,,,,,,
2019-11-19,109.9375,,,,,,
2019-11-20,109.29619598388672,,,,,,
2019-11-21,108.83815002441406,,,,,,
2019-11-22,109.07633209228516,,,,,,
2019-11-25,110.4871826171875,,,,,,
2019-11-26,109.7450942993164,,,,,,
2019-11-27,110.23982238769533,,,,,,
2019-11-29,110.04743957519533,,,,,,
2019-12-02,107.42726135253906,,,,,,
2019-12-03,106.79513549804688,,,,,,
2019-12-04,108.05023956298828,,,,,,
2019-12-05,108.3617172241211,,,,,,
2019-12-06,110.49634552001952,,,,,,
2019-12-09,110.35892486572266,,,,,,
2019-12-10,110.76205444335938,,,,,,
2019-12-11,110.52383422851562,,,,,,
2019-12-12,112.35610961914062,,,,,,
2019-12-13,114.2616958618164,,,,,,
2019-12-16,113.3089370727539,,,,,,
2019-12-17,114.4724349975586,,,,,,
2019-12-18,113.8402862548828,,,,,,
2019-12-19,114.36248779296876,,,,,,
2019-12-20,115.2236557006836,,,,,,
2019-12-23,114.05098724365234,,,,,,
2019-12-24,114.28003692626952,,,,,,
2019-12-26,114.89382934570312,,,,,,
2019-12-27,114.69229888916016,,,,,,
2019-12-30,113.87693786621094,,,,,,
2019-12-31,114.05098724365234,,,,,,
2020-01-02,115.6965789794922,,,,,,
2020-01-03,114.54743194580078,,,,,,
2020-01-06,114.05098724365234,,,,,,
2020-01-07,113.45344543457033,,,,,,
2020-01-08,115.41158294677734,,,,,,
2020-01-09,117.49846649169922,,,,,,
2020-01-10,117.01122283935548,,,,,,
2020-01-13,118.1695327758789,,,,,,
2020-01-14,118.40857696533205,,,,,,
2020-01-15,119.3462905883789,,,,,,
2020-01-16,120.0173797607422,,,,,,
2020-01-17,120.90914916992188,,,,,,
2020-01-21,119.99899291992188,,,,,,
2020-01-22,120.88156127929688,,,,,,
2020-01-23,120.77122497558594,,,,,,
2020-01-24,124.20946502685548,,,,,,
2020-01-27,120.10013580322266,,,,,,
2020-01-28,121.76407623291016,,,,,,
2020-01-29,121.05621337890624,,,,,,
2020-01-30,122.4719696044922,,,,,,
2020-01-31,119.39225006103516,,,,,,
2020-02-03,120.43108367919922,,,,,,
2020-02-04,121.21253204345705,,,,,,
2020-02-05,122.8213119506836,,,,,,
2020-02-06,122.49954986572266,,,,,,
2020-02-07,121.18492889404295,,,,,,
2020-02-10,121.57102966308594,,,,,,
2020-02-11,121.92961120605467,,,,,,
2020-02-12,122.49034881591795,,,,,,
2020-02-13,123.61194610595705,,,,,,
2020-02-14,124.9081802368164,,,,,,
2020-02-18,124.65998840332033,,,,,,
2020-02-19,125.88267517089844,,,,,,
2020-02-20,125.56089782714844,,,,,,
2020-02-21,124.01641845703124,,,,,,
2020-02-24,117.84779357910156,,,,,,
2020-02-25,111.14595794677734,,,,,,
2020-02-26,108.9395751953125,,,,,,
2020-02-27,103.70863342285156,,,,,,
2020-02-28,101.0609893798828,,,,,,
2020-03-02,104.68311309814452,,,,,,
2020-03-03,99.29589080810548,,,,,,
2020-03-04,106.36546325683594,,,,,,
2020-03-05,101.989501953125,,,,,,
2020-03-06,99.5073471069336,,,,,,
2020-03-09,90.3600616455078,,,,,,
2020-03-10,94.96589660644533,,,,,,
2020-03-11,87.68486785888672,,,,,,
2020-03-12,76.79090881347656,,,,,,
2020-03-13,91.56437683105467,,,,,,
2020-03-16,78.94213104248047,,,,,,
2020-03-17,79.59484100341797,,,,,,
2020-03-18,67.79993438720703,,,,,,
2020-03-19,70.85208892822266,,,,,,
2020-03-20,68.14009857177734,,,,,,
2020-03-23,63.39638137817383,,,,,,
2020-03-24,77.26895141601562,,,,,,
2020-03-25,82.89519500732422,,,,,,
2020-03-26,85.76349639892578,,,,,,
2020-03-27,81.57137298583984,,,,,,
2020-03-30,82.98711395263672,,,,,,
2020-03-31,78.70307159423828,,,,,,
2020-04-01,71.55997467041016,,,,,,
2020-04-02,70.86665344238281,,,,,,
2020-04-03,68.03788757324219,,,,,,
2020-04-06,77.53175354003906,,,,,,
2020-04-07,80.96138000488281,,,,,,
2020-04-08,85.12133026123047,,,,,,
2020-04-09,87.65425872802734,,,,,,
2020-04-13,83.5035629272461,,,,,,
2020-04-14,81.7101821899414,,,,,,
2020-04-15,77.45780944824219,,,,,,
2020-04-16,75.20221710205078,,,,,,
2020-04-17,80.78575134277344,,,,,,
2020-04-20,77.66118621826172,,,,,,
2020-04-21,75.3593521118164,,,,,,
2020-04-22,76.30229187011719,,,,,,
2020-04-23,76.22834777832031,,,,,,
2020-04-24,76.88467407226562,,,,,,
2020-04-27,78.63182830810547,,,,,,
2020-04-28,81.52532196044922,,,,,,
2020-04-29,88.85604095458984,,,,,,
2020-04-30,84.35406494140625,,,,,,
2020-05-01,81.64546966552734,,,,,,
2020-05-04,79.8520736694336,,,,,,
2020-05-05,80.18488311767578,,,,,,
2020-05-06,77.65193939208984,,,,,,
2020-05-07,80.17565155029297,,,,,,
2020-05-08,82.73631286621094,,,,,,
2020-05-11,78.88142395019531,,,,,,
2020-05-12,76.85693359375,,,,,,
2020-05-13,72.13308715820312,,,,,,
2020-05-14,77.47631072998047,,,,,,
2020-05-15,76.0064697265625,,,,,,
2020-05-18,81.72866821289062,,,,,,
2020-05-19,80.66558074951172,,,,,,
2020-05-20,83.87335205078125,,,,,,
2020-05-21,83.04134368896484,,,,,,
2020-05-22,82.57914733886719,,,,,,
2020-05-26,87.1920394897461,,,,,,
2020-05-27,93.57982635498048,,,,,,
2020-05-28,90.64940643310548,,,,,,
2020-05-29,87.8853759765625,,,,,,
2020-06-01,89.43840789794922,,,,,,
2020-06-02,91.58307647705078,,,,,,
2020-06-03,97.4346923828125,,,,,,
2020-06-04,98.48854064941406,,,,,,
2020-06-05,101.43748474121094,,,,,,
2020-06-08,105.07975769042967,,,,,,
2020-06-09,102.11231231689452,,,,,,
2020-06-10,98.13726806640624,,,,,,
2020-06-11,91.14859008789062,,,,,,
2020-06-12,93.995849609375,,,,,,
2020-06-15,96.0942840576172,,,,,,
2020-06-16,97.63807678222656,,,,,,
2020-06-17,96.1035385131836,,,,,,
2020-06-18,94.4395523071289,,,,,,
2020-06-19,93.31175994873048,,,,,,
2020-06-22,91.92511749267578,,,,,,
2020-06-23,91.90660858154295,,,,,,
2020-06-24,88.264404296875,,,,,,
2020-06-25,90.45529174804688,,,,,,
2020-06-26,86.36006927490234,,,,,,
2020-06-29,87.37691497802734,,,,,,
2020-06-30,88.00553894042969,,,,,,
2020-07-01,87.33692932128906,,,,,,
2020-07-02,87.59693908691406,,,,,,
2020-07-06,89.68634796142578,,,,,,
2020-07-07,86.37116241455078,,,,,,
2020-07-08,86.26902770996094,,,,,,
2020-07-09,84.10530090332031,,,,,,
2020-07-10,86.57546997070312,,,,,,
2020-07-13,86.88190460205078,,,,,,
2020-07-14,88.0705337524414,,,,,,
2020-07-15,90.4106674194336,,,,,,
2020-07-16,89.44490051269531,,,,,,
2020-07-17,88.38624572753906,,,,,,
2020-07-20,87.29049682617188,,,,,,
2020-07-21,89.45418548583984,,,,,,
2020-07-22,89.64920806884766,,,,,,
2020-07-23,89.7699203491211,,,,,,
2020-07-24,88.52558135986328,,,,,,
2020-07-27,88.95272827148438,,,,,,
2020-07-28,87.6805191040039,,,,,,
2020-07-29,89.78849029541016,,,,,,
2020-07-30,87.89411163330078,,,,,,
2020-07-31,86.6590347290039,,,,,,
2020-08-03,86.86334991455078,,,,,,
2020-08-04,86.538330078125,,,,,,
2020-08-05,88.5812759399414,,,,,,
2020-08-06,89.07345581054688,,,,,,
2020-08-07,92.08218383789062,,,,,,
2020-08-10,94.36660766601562,,,,,,
2020-08-11,95.8895492553711,,,,,,
2020-08-12,94.4223175048828,,,,,,
2020-08-13,93.25225067138672,,,,,,
2020-08-14,93.24297332763672,,,,,,
2020-08-17,90.58712005615234,,,,,,
2020-08-18,89.7699203491211,,,,,,
2020-08-19,89.9742202758789,,,,,,
2020-08-20,89.81637573242188,,,,,,
2020-08-21,89.28704071044922,,,,,,
2020-08-24,92.24006652832033,,,,,,
2020-08-25,91.98003387451172,,,,,,
2020-08-26,91.37643432617188,,,,,,
2020-08-27,94.28302764892578,,,,,,
2020-08-28,95.22095489501952,,,,,,
2020-08-31,94.3387451171875,,,,,,
2020-09-01,95.15591430664062,,,,,,
2020-09-02,96.94818115234376,,,,,,
2020-09-03,97.0038833618164,,,,,,
2020-09-04,98.12753295898438,,,,,,
2020-09-08,96.2702865600586,,,,,,
2020-09-09,96.37242126464844,,,,,,
2020-09-10,95.43451690673828,,,,,,
2020-09-11,95.98239135742188,,,,,,
2020-09-14,99.6133270263672,,,,,,
2020-09-15,99.06543731689452,,,,,,
2020-09-16,98.41539764404295,,,,,,
2020-09-17,97.18961334228516,,,,,,
2020-09-18,96.05670166015624,,,,,,
2020-09-21,91.162841796875,,,,,,
2020-09-22,91.45072174072266,,,,,,
2020-09-23,88.7391357421875,,,,,,
2020-09-24,88.63699340820312,,,,,,
2020-09-25,89.38919830322266,,,,,,
2020-09-28,91.76646423339844,,,,,,
2020-09-29,90.77281188964844,,,,,,
2020-09-30,93.09440612792967,,,,,,
2020-10-01,94.0972900390625,,,,,,
2020-10-02,94.35731506347656,,,,,,
2020-10-05,96.4745864868164,,,,,,
2020-10-06,94.49659729003906,,,,,,
2020-10-07,96.0009765625,,,,,,
2020-10-08,98.90103149414062,,,,,,
2020-10-09,99.1621551513672,,,,,,
2020-10-12,99.41393280029295,,,,,,
2020-10-13,97.92192840576172,,,,,,
2020-10-14,97.73538970947266,,,,,,
2020-10-15,97.38106536865234,,,,,,
2020-10-16,97.82868957519533,,,,,,
2020-10-19,95.55337524414062,,,,,,
2020-10-20,96.17816925048828,,,,,,
2020-10-21,94.58357238769533,,,,,,
2020-10-22,97.71678924560548,,,,,,
2020-10-23,94.16394805908205,,,,,,
2020-10-26,90.3406753540039,,,,,,
2020-10-27,88.52230834960938,,,,,,
2020-10-28,85.4170913696289,,,,,,
2020-10-29,84.92286682128906,,,,,,
2020-10-30,85.08138275146484,,,,,,
2020-11-02,87.09557342529297,,,,,,
2020-11-03,89.79052734375,,,,,,
2020-11-04,89.89308166503906,,,,,,
2020-11-05,91.48765563964844,,,,,,
2020-11-06,90.16353607177734,,,,,,
2020-11-09,109.44763946533205,,,,,,
2020-11-10,108.12349700927734,,,,,,
2020-11-11,103.61951446533205,,,,,,
2020-11-12,103.60086059570312,,,,,,
2020-11-13,107.22826385498048,,,,,,
2020-11-16,110.65987396240234,,,,,,
2020-11-17,108.61772918701172,,,,,,
2020-11-18,106.52889251708984,,,,,,
2020-11-19,106.4356460571289,,,,,,
2020-11-20,104.98094940185548,,,,,,
2020-11-23,108.25404357910156,,,,,,
2020-11-24,112.26380920410156,,,,,,
2020-11-25,112.44094848632812,,,,,,
2020-11-27,112.45027923583984,,,,,,
2020-11-30,110.58528137207033,,,,,,
2020-12-01,111.8348388671875,,,,,,
2020-12-02,114.07284545898438,,,,,,
2020-12-03,114.80951690673828,,,,,,
2020-12-04,116.59990692138672,,,,,,
2020-12-07,115.57418060302734,,,,,,
2020-12-08,115.1825180053711,,,,,,
2020-12-09,113.47603607177734,,,,,,
2020-12-10,113.6159210205078,,,,,,
2020-12-11,112.11459350585938,,,,,,
2020-12-14,109.43830108642578,,,,,,
2020-12-15,111.06087493896484,,,,,,
2020-12-16,110.96761322021484,,,,,,
2020-12-17,110.94898223876952,,,,,,
2020-12-18,109.57820129394533,,,,,,
2020-12-21,108.55243682861328,,,,,,
2020-12-22,106.8179931640625,,,,,,
2020-12-23,109.05598449707033,,,,,,
2020-12-24,109.42897033691406,,,,,,
2020-12-28,110.37081146240234,,,,,,
2020-12-29,110.16566467285156,,,,,,
2020-12-30,111.3686065673828,,,,,,
2020-12-31,112.74868774414062,,,,,,
2021-01-04,110.07240295410156,,,,,,
2021-01-05,110.65987396240234,,,,,,
2021-01-06,114.7535629272461,,,,,,
2021-01-07,113.84587097167967,,,,,,
2021-01-08,113.9581527709961,,,,,,
2021-01-11,113.28440856933594,,,,,,
2021-01-12,113.80843353271484,,,,,,
2021-01-13,114.53832244873048,,,,,,
2021-01-14,115.82970428466795,,,,,,
2021-01-15,114.3043975830078,,,,,,
2021-01-19,118.60894775390624,,,,,,
2021-01-20,120.65827178955078,,,,,,
2021-01-21,119.24525451660156,,,,,,
2021-01-22,118.0381088256836,,,,,,
2021-01-25,113.36863708496094,,,,,,
2021-01-26,108.68978118896484,,,,,,
2021-01-27,106.7620849609375,,,,,,
2021-01-28,111.32864379882812,,,,,,
2021-01-29,108.79269409179688,,,,,,
2021-02-01,109.51324462890624,,,,,,
2021-02-02,112.9475326538086,,,,,,
2021-02-03,112.70423889160156,,,,,,
2021-02-04,116.87776184082033,,,,,,
2021-02-05,118.16913604736328,,,,,,
2021-02-08,119.76929473876952,,,,,,
2021-02-09,118.54342651367188,,,,,,
2021-02-10,119.9938735961914,,,,,,
2021-02-11,120.06875610351562,,,,,,
2021-02-12,121.29460906982422,,,,,,
2021-02-16,122.2865219116211,,,,,,
2021-02-17,120.30268096923828,,,,,,
2021-02-18,120.2372055053711,,,,,,
2021-02-19,123.25038146972656,,,,,,
2021-02-22,127.2180404663086,,,,,,
2021-02-23,128.1444549560547,,,,,,
2021-02-24,130.90493774414062,,,,,,
2021-02-25,128.27545166015625,,,,,,
2021-02-26,126.57231903076172,,,,,,
2021-03-01,129.80079650878906,,,,,,
2021-03-02,130.30609130859375,,,,,,
2021-03-03,133.4315185546875,,,,,,
2021-03-04,133.5157470703125,,,,,,
2021-03-05,137.86712646484375,,,,,,
2021-03-08,140.6182403564453,,,,,,
2021-03-09,135.78033447265625,,,,,,
2021-03-10,137.3243408203125,,,,,,
2021-03-11,138.2601776123047,,,,,,
2021-03-12,138.99937438964844,,,,,,
2021-03-15,137.5489501953125,,,,,,
2021-03-16,134.095947265625,,,,,,
2021-03-17,135.38729858398438,,,,,,
2021-03-18,133.4221954345703,,,,,,
2021-03-19,131.67227172851562,,,,,,
2021-03-22,130.96112060546875,,,,,,
2021-03-23,127.33968353271484,,,,,,
2021-03-24,129.52938842773438,,,,,,
2021-03-25,133.14146423339844,,,,,,
2021-03-26,134.498291015625,,,,,,
2021-03-29,133.22567749023438,,,,,,
2021-03-30,134.2737274169922,,,,,,
2021-03-31,132.7532196044922,,,,,,
2021-04-01,135.6909942626953,,,,,,
2021-04-05,137.0895233154297,,,,,,
2021-04-06,137.17391967773438,,,,,,
2021-04-07,138.0937957763672,,,,,,
2021-04-08,138.00927734375,,,,,,
2021-04-09,138.70388793945312,,,,,,
2021-04-12,138.5067596435547,,,,,,
2021-04-13,137.02377319335938,,,,,,
2021-04-14,138.36598205566406,,,,,,
2021-04-15,139.40777587890625,,,,,,
2021-04-16,140.77813720703125,,,,,,
2021-04-19,139.41720581054688,,,,,,
2021-04-20,136.18846130371094,,,,,,
2021-04-21,138.1407012939453,,,,,,
2021-04-22,138.12191772460938,,,,,,
2021-04-23,135.4657440185547,,,,,,
2021-04-26,141.1066131591797,,,,,,
2021-04-27,141.12542724609375,,,,,,
2021-04-28,143.17147827148438,,,,,,
2021-04-29,145.13316345214844,,,,,,
2021-04-30,143.93177795410156,,,,,,
2021-05-03,145.292724609375,,,,,,
2021-05-04,145.03929138183594,,,,,,
2021-05-05,146.78506469726562,,,,,,
2021-05-06,147.2449493408203,,,,,,
2021-05-07,149.21600341796875,,,,,,
2021-05-10,148.93443298339844,,,,,,
2021-05-11,144.94540405273438,,,,,,
2021-05-12,142.9462127685547,,,,,,
2021-05-13,144.61692810058594,,,,,,
2021-05-14,147.49838256835938,,,,,,
2021-05-17,147.2261962890625,,,,,,
2021-05-18,145.47105407714844,,,,,,
2021-05-19,145.2270050048828,,,,,,
2021-05-20,145.97787475585938,,,,,,
2021-05-21,147.235595703125,,,,,,
2021-05-24,148.89688110351562,,,,,,
2021-05-25,148.30557250976562,,,,,,
2021-05-26,148.84056091308594,,,,,,
2021-05-27,149.92933654785156,,,,,,
2021-05-28,150.29537963867188,,,,,,
2021-06-01,153.70242309570312,,,,,,
2021-06-02,154.04029846191406,,,,,,
2021-06-03,154.41571044921875,,,,,,
2021-06-04,154.8662872314453,,,,,,
2021-06-07,155.72975158691406,,,,,,
2021-06-08,156.28350830078125,,,,,,
2021-06-09,154.01214599609375,,,,,,
2021-06-10,152.26637268066406,,,,,,
2021-06-11,154.4063720703125,,,,,,
2021-06-14,153.7493438720703,,,,,,
2021-06-15,156.05825805664062,,,,,,
2021-06-16,154.56593322753906,,,,,,
2021-06-17,152.1725311279297,,,,,,
2021-06-18,148.4557342529297,,,,,,
2021-06-21,154.77239990234375,,,,,,
2021-06-22,154.39698791503906,,,,,,
2021-06-23,155.82362365722656,,,,,,
2021-06-24,157.87913513183594,,,,,,
2021-06-25,159.04296875,,,,,,
2021-06-28,154.65975952148438,,,,,,
2021-06-29,154.16229248046875,,,,,,
2021-06-30,155.0821533203125,,,,,,
2021-07-01,157.09597778320312,,,,,,
2021-07-02,158.56396484375,,,,,,
2021-07-06,159.5614776611328,,,,,,
2021-07-07,160.8977508544922,,,,,,
2021-07-08,157.6229248046875,,,,,,
2021-07-09,161.8011016845703,,,,,,
2021-07-12,163.36325073242188,,,,,,
2021-07-13,162.44097900390625,,,,,,
2021-07-14,162.34690856933594,,,,,,
2021-07-15,162.657470703125,,,,,,
2021-07-16,159.9849090576172,,,,,,
2021-07-19,153.20947265625,,,,,,
2021-07-20,158.91213989257812,,,,,,
2021-07-21,162.33749389648438,,,,,,
2021-07-22,160.82244873046875,,,,,,
2021-07-23,162.9679718017578,,,,,,
2021-07-26,162.4315643310547,,,,,,
2021-07-27,162.7421417236328,,,,,,
2021-07-28,159.9943389892578,,,,,,
2021-07-29,161.81051635742188,,,,,,
2021-07-30,160.47425842285156,,,,,,
2021-08-02,159.28855895996094,,,,,,
2021-08-03,159.07211303710938,,,,,,
2021-08-04,158.14990234375,,,,,,
2021-08-05,159.6273193359375,,,,,,
2021-08-06,161.2552947998047,,,,,,
2021-08-09,160.7095184326172,,,,,,
2021-08-10,159.49559020996094,,,,,,
2021-08-11,160.60595703125,,,,,,
2021-08-12,158.582763671875,,,,,,
2021-08-13,156.28665161132812,,,,,,
2021-08-16,155.9761505126953,,,,,,
2021-08-17,154.94097900390625,,,,,,
2021-08-18,152.569580078125,,,,,,
2021-08-19,149.65237426757812,,,,,,
2021-08-20,150.3299102783203,,,,,,
2021-08-23,150.9886474609375,,,,,,
2021-08-24,151.69442749023438,,,,,,
2021-08-25,156.38075256347656,,,,,,
2021-08-26,155.75027465820312,,,,,,
2021-08-27,158.70510864257812,,,,,,
2021-08-30,154.57395935058594,,,,,,
2021-08-31,156.1737518310547,,,,,,
2021-09-01,154.7433624267578,,,,,,
2021-09-02,152.4943084716797,,,,,,
2021-09-03,149.9064483642578,,,,,,
2021-09-07,150.30169677734375,,,,,,
2021-09-08,149.5582733154297,,,,,,
2021-09-09,149.9911346435547,,,,,,
2021-09-10,149.3606414794922,,,,,,
2021-09-13,151.9296875,,,,,,
2021-09-14,150.07582092285156,,,,,,
2021-09-15,151.82614135742188,,,,,,
2021-09-16,153.0401153564453,,,,,,
2021-09-17,154.25405883789062,,,,,,
2021-09-20,151.10159301757812,,,,,,
2021-09-21,153.64234924316406,,,,,,
2021-09-22,157.613525390625,,,,,,
2021-09-23,163.1374053955078,,,,,,
2021-09-24,165.3582305908203,,,,,,
2021-09-27,166.3463134765625,,,,,,
2021-09-28,162.9303741455078,,,,,,
2021-09-29,161.42471313476562,,,,,,
2021-09-30,157.6511688232422,,,,,,
2021-10-01,163.6831512451172,,,,,,
2021-10-04,162.47866821289062,,,,,,
2021-10-05,164.45481872558594,,,,,,
2021-10-06,163.17501831054688,,,,,,
2021-10-07,164.42027282714844,,,,,,
2021-10-08,165.2315673828125,,,,,,
2021-10-11,163.6372833251953,,,,,,
2021-10-12,165.00515747070312,,,,,,
2021-10-13,159.16567993164062,,,,,,
2021-10-14,161.79769897460938,,,,,,
2021-10-15,165.85418701171875,,,,,,
2021-10-18,166.80702209472656,,,,,,
2021-10-19,167.26925659179688,,,,,,
2021-10-20,169.42955017089844,,,,,,
2021-10-21,167.42019653320312,,,,,,
2021-10-22,176.48602294921875,,,,,,
2021-10-25,171.98609924316406,,,,,,
2021-10-26,170.703125,,,,,,
2021-10-27,167.94847106933594,,,,,,
2021-10-28,164.72213745117188,,,,,,
2021-10-29,163.93914794921875,,,,,,
2021-11-01,164.3448028564453,,,,,,
2021-11-02,163.36370849609375,,,,,,
2021-11-03,162.8354034423828,,,,,,
2021-11-04,162.75991821289062,,,,,,
2021-11-05,166.68438720703125,,,,,,
2021-11-08,169.85409545898438,,,,,,
2021-11-09,169.6748504638672,,,,,,
2021-11-10,171.11822509765625,,,,,,
2021-11-11,171.03334045410156,,,,,,
2021-11-12,171.5898895263672,,,,,,
2021-11-15,172.75965881347656,,,,,,
2021-11-16,170.67478942871094,,,,,,
2021-11-17,169.43902587890625,,,,,,
2021-11-18,166.23153686523438,,,,,,
2021-11-19,163.7127685546875,,,,,,
2021-11-22,161.2222442626953,,,,,,
2021-11-23,161.17510986328125,,,,,,
2021-11-24,161.8920440673828,,,,,,
2021-11-26,147.93954467773438,,,,,,
2021-11-29,148.92063903808594,,,,,,
2021-11-30,143.67550659179688,,,,,,
2021-12-01,141.5623779296875,,,,,,
2021-12-02,147.89239501953125,,,,,,
2021-12-03,147.10939025878906,,,,,,
2021-12-06,151.5809783935547,,,,,,
2021-12-07,157.49588012695312,,,,,,
2021-12-08,159.36376953125,,,,,,
2021-12-09,158.50531005859375,,,,,,
2021-12-10,157.5714111328125,,,,,,
2021-12-13,154.05262756347656,,,,,,
2021-12-14,153.62811279296875,,,,,,
2021-12-15,153.05262756347656,,,,,,
2021-12-16,153.76962280273438,,,,,,
2021-12-17,150.9489288330078,,,,,,
2021-12-20,147.0622100830078,,,,,,
2021-12-21,151.79794311523438,,,,,,
2021-12-22,153.2696075439453,,,,,,
2021-12-23,154.89224243164062,,,,,,
2021-12-27,155.0808563232422,,,,,,
2021-12-28,155.09976196289062,,,,,,
2021-12-29,154.5526123046875,,,,,,
2021-12-30,154.86392211914062,,,,,,
2021-12-31,154.33563232421875,,,,,,
2022-01-03,158.68455505371094,,,,,,
2022-01-04,163.77879333496094,,,,,,
2022-01-05,162.03353881835938,,,,,,
2022-01-06,163.51837158203125,,,,,,
2022-01-07,164.91807556152344,,,,,,
2022-01-10,164.31277465820312,,,,,,
2022-01-11,165.8638153076172,,,,,,
2022-01-12,165.00318908691406,,,,,,
2022-01-13,163.88719177246094,,,,,,
2022-01-14,159.26251220703125,,,,,,
2022-01-18,157.15350341796875,,,,,,
2022-01-19,152.63291931152344,,,,,,
2022-01-20,152.1883544921875,,,,,,
2022-01-21,150.126708984375,,,,,,
2022-01-24,150.306396484375,,,,,,
2022-01-25,163.7169647216797,,,,,,
2022-01-26,165.80706787109375,,,,,,
2022-01-27,162.5725860595703,,,,,,
2022-01-28,167.45265197753906,,,,,,
2022-01-31,170.06292724609375,,,,,,
2022-02-01,173.58099365234375,,,,,,
2022-02-02,174.1674041748047,,,,,,
2022-02-03,174.05389404296875,,,,,,
2022-02-04,175.7656707763672,,,,,,
2022-02-07,177.67604064941406,,,,,,
2022-02-08,183.47344970703125,,,,,,
2022-02-09,185.74322509765625,,,,,,
2022-02-10,184.9014892578125,,,,,,
2022-02-11,181.4022979736328,,,,,,
2022-02-14,181.9129943847656,,,,,,
2022-02-15,187.2375030517578,,,,,,
2022-02-16,187.6158447265625,,,,,,
2022-02-17,185.0906524658203,,,,,,
2022-02-18,184.3057098388672,,,,,,
2022-02-22,181.99810791015625,,,,,,
2022-02-23,178.69744873046875,,,,,,
2022-02-24,178.1300506591797,,,,,,
2022-02-25,183.1992034912109,,,,,,
2022-02-28,183.984130859375,,,,,,
2022-03-01,168.39837646484375,,,,,,
2022-03-02,170.52626037597656,,,,,,
2022-03-03,170.12905883789062,,,,,,
2022-03-04,163.56565856933594,,,,,,
2022-03-07,150.4955291748047,,,,,,
2022-03-08,151.36557006835938,,,,,,
2022-03-09,159.4989776611328,,,,,,
2022-03-10,160.3974151611328,,,,,,
2022-03-11,158.7896270751953,,,,,,
2022-03-14,163.414306640625,,,,,,
2022-03-15,166.48797607421875,,,,,,
2022-03-16,170.8099822998047,,,,,,
2022-03-17,176.82492065429688,,,,,,
2022-03-18,180.3714141845703,,,,,,
2022-03-21,178.8298797607422,,,,,,
2022-03-22,180.9483337402344,,,,,,
2022-03-23,175.9264678955078,,,,,,
2022-03-24,178.64073181152344,,,,,,
2022-03-25,179.955322265625,,,,,,
2022-03-28,179.40679931640625,,,,,,
2022-03-29,180.5794982910156,,,,,,
2022-03-30,179.46351623535156,,,,,,
2022-03-31,176.853271484375,,,,,,
2022-04-01,177.01405334472656,,,,,,
2022-04-04,177.47744750976562,,,,,,
2022-04-05,175.340087890625,,,,,,
2022-04-06,173.74180603027344,,,,,,
2022-04-07,172.98304748535156,,,,,,
2022-04-08,174.2255096435547,,,,,,
2022-04-11,168.4116668701172,,,,,,
2022-04-12,166.48629760742188,,,,,,
2022-04-13,170.32748413085938,,,,,,
2022-04-14,171.8165283203125,,,,,,
2022-04-18,174.96522521972656,,,,,,
2022-04-19,177.5165252685547,,,,,,
2022-04-20,178.74002075195312,,,,,,
2022-04-21,176.16026306152344,,,,,,
2022-04-22,171.22850036621094,,,,,,
2022-04-25,174.60488891601562,,,,,,
2022-04-26,169.43594360351562,,,,,,
2022-04-27,168.46853637695312,,,,,,
2022-04-28,172.59420776367188,,,,,,
2022-04-29,165.69915771484375,,,,,,
2022-05-02,162.7685089111328,,,,,,
2022-05-03,163.23324584960938,,,,,,
2022-05-04,168.64878845214844,,,,,,
2022-05-05,162.19000244140625,,,,,,
2022-05-06,158.529052734375,,,,,,
2022-05-09,152.71524047851562,,,,,,
2022-05-10,153.48345947265625,,,,,,
2022-05-11,151.16929626464844,,,,,,
2022-05-12,145.364990234375,,,,,,
2022-05-13,150.5623016357422,,,,,,
2022-05-16,148.36196899414062,,,,,,
2022-05-17,153.50241088867188,,,,,,
2022-05-18,148.0490264892578,,,,,,
2022-05-19,146.05731201171875,,,,,,
2022-05-20,145.33651733398438,,,,,,
2022-05-23,150.83737182617188,,,,,,
2022-05-24,147.6032257080078,,,,,,
2022-05-25,152.23155212402344,,,,,,
2022-05-26,156.8408966064453,,,,,,
2022-05-27,160.85275268554688,,,,,,
2022-05-31,160.11294555664062,,,,,,
2022-06-01,157.21075439453125,,,,,,
2022-06-02,160.4164581298828,,,,,,
2022-06-03,158.2255859375,,,,,,
2022-06-06,158.4058074951172,,,,,,
2022-06-07,159.98965454101562,,,,,,
2022-06-08,157.40040588378906,,,,,,
2022-06-09,152.67730712890625,,,,,,
2022-06-10,146.45562744140625,,,,,,
2022-06-13,138.74496459960938,,,,,,
2022-06-14,137.14212036132812,,,,,,
2022-06-15,138.67855834960938,,,,,,
2022-06-16,130.4083251953125,,,,,,
2022-06-17,136.7437744140625,,,,,,
2022-06-21,137.29383850097656,,,,,,
2022-06-22,136.94293212890625,,,,,,
2022-06-23,134.34426879882812,,,,,,
2022-06-24,138.61215209960938,,,,,,
2022-06-27,136.84811401367188,,,,,,
2022-06-28,134.85643005371094,,,,,,
2022-06-29,132.2767333984375,,,,,,
2022-06-30,131.96253967285156,,,,,,
2022-07-01,133.6570587158203,,,,,,
2022-07-05,132.94308471679688,,,,,,
2022-07-06,131.51512145996094,,,,,,
2022-07-07,134.2567901611328,,,,,,
2022-07-08,134.95175170898438,,,,,,
2022-07-11,133.8284149169922,,,,,,
2022-07-12,132.49562072753906,,,,,,
2022-07-13,132.70506286621094,,,,,,
2022-07-14,129.92530822753906,,,,,,
2022-07-15,135.63714599609375,,,,,,
2022-07-18,135.494384765625,,,,,,
2022-07-19,140.6826171875,,,,,,
2022-07-20,141.7774200439453,,,,,,
2022-07-21,142.96739196777344,,,,,,
2022-07-22,145.66143798828125,,,,,,
2022-07-25,146.40396118164062,,,,,,
2022-07-26,142.63417053222656,,,,,,
2022-07-27,144.34774780273438,,,,,,
2022-07-28,144.83323669433594,,,,,,
2022-07-29,146.6229248046875,,,,,,
2022-08-01,145.96609497070312,,,,,,
2022-08-02,144.31918334960938,,,,,,
2022-08-03,147.96519470214844,,,,,,
2022-08-04,149.3360595703125,,,,,,
2022-08-05,149.9453125,,,,,,
2022-08-08,149.72634887695312,,,,,,
2022-08-09,151.17335510253906,,,,,,
2022-08-10,154.6385498046875,,,,,,
2022-08-11,155.16217041015625,,,,,,
2022-08-12,157.87525939941406,,,,,,
2022-08-15,157.45639038085938,,,,,,
2022-08-16,157.4087677001953,,,,,,
2022-08-17,156.02841186523438,,,,,,
2022-08-18,156.74240112304688,,,,,,
2022-08-19,154.44813537597656,,,,,,
2022-08-22,150.12619018554688,,,,,,
2022-08-23,149.77398681640625,,,,,,
2022-08-24,151.48753356933594,,,,,,
2022-08-25,154.4386444091797,,,,,,
2022-08-26,149.75494384765625,,,,,,
2022-08-29,147.11793518066406,,,,,,
2022-08-30,147.23220825195312,,,,,,
2022-08-31,144.699951171875,,,,,,
2022-09-01,143.85269165039062,,,,,,
2022-09-02,142.59608459472656,,,,,,
2022-09-06,141.46322631835938,,,,,,
2022-09-07,144.93797302246094,,,,,,
2022-09-08,146.14697265625,,,,,,
2022-09-09,150.83067321777344,,,,,,
2022-09-12,154.64805603027344,,,,,,
2022-09-13,147.88906860351562,,,,,,
2022-09-14,148.79344177246094,,,,,,
2022-09-15,148.63160705566406,,,,,,
2022-09-16,145.7280731201172,,,,,,
2022-09-19,147.8986053466797,,,,,,
2022-09-20,146.10888671875,,,,,,
2022-09-21,141.5679931640625,,,,,,
2022-09-22,136.16073608398438,,,,,,
2022-09-23,133.52378845214844,,,,,,
2022-09-26,130.8487091064453,,,,,,
2022-09-27,130.8867950439453,,,,,,
2022-09-28,133.80935668945312,,,,,,
2022-09-29,131.17239379882812,,,,,,
2022-09-30,128.4307098388672,,,,,,
2022-10-03,133.2952880859375,,,,,,
2022-10-04,138.4740447998047,,,,,,
2022-10-05,137.43638610839844,,,,,,
2022-10-06,135.54197692871094,,,,,,
2022-10-07,132.3242950439453,,,,,,
2022-10-10,130.90586853027344,,,,,,
2022-10-11,130.75355529785156,,,,,,
2022-10-12,130.1728515625,,,,,,
2022-10-13,135.26622009277344,,,,,,
2022-10-14,130.73663330078125,,,,,,
2022-10-17,135.25668334960938,,,,,,
2022-10-18,139.50912475585938,,,,,,
2022-10-19,137.5788116455078,,,,,,
2022-10-20,136.09759521484375,,,,,,
2022-10-21,133.8232421875,,,,,,
2022-10-24,135.34268188476562,,,,,,
2022-10-25,140.49339294433594,,,,,,
2022-10-26,140.35960388183594,,,,,,
2022-10-27,140.44561767578125,,,,,,
2022-10-28,143.76158142089844,,,,,,
2022-10-31,141.8599090576172,,,,,,
2022-11-01,140.5507354736328,,,,,,
2022-11-02,137.12965393066406,,,,,,
2022-11-03,133.1256561279297,,,,,,
2022-11-04,138.29550170898438,,,,,,
2022-11-07,140.45518493652344,,,,,,
2022-11-08,143.5322265625,,,,,,
2022-11-09,139.38490295410156,,,,,,
2022-11-10,147.8802490234375,,,,,,
2022-11-11,148.01400756835938,,,,,,
2022-11-14,147.2877960205078,,,,,,
2022-11-15,147.05841064453125,,,,,,
2022-11-16,145.79701232910156,,,,,,
2022-11-17,143.9526824951172,,,,,,
2022-11-18,145.7301483154297,,,,,,
2022-11-21,146.02635192871094,,,,,,
2022-11-22,147.71780395507812,,,,,,
2022-11-23,147.09661865234375,,,,,,
2022-11-25,147.30686950683594,,,,,,
2022-11-28,144.1724853515625,,,,,,
2022-11-29,147.5648651123047,,,,,,
2022-11-30,150.59414672851562,,,,,,
2022-12-01,150.50814819335938,,,,,,
2022-12-02,149.79144287109375,,,,,,
2022-12-05,149.1511993408203,,,,,,
2022-12-06,147.8324432373047,,,,,,
2022-12-07,147.89932250976562,,,,,,
2022-12-08,147.27821350097656,,,,,,
2022-12-09,147.06796264648438,,,,,,
2022-12-12,150.3265838623047,,,,,,
2022-12-13,150.5272674560547,,,,,,
2022-12-14,147.26864624023438,,,,,,
2022-12-15,143.5513458251953,,,,,,
2022-12-16,139.8053436279297,,,,,,
2022-12-19,138.57264709472656,,,,,,
2022-12-20,139.2319793701172,,,,,,
2022-12-21,140.56983947753906,,,,,,
2022-12-22,138.85931396484375,,,,,,
2022-12-23,140.49339294433594,,,,,,
2022-12-27,139.89134216308594,,,,,,
2022-12-28,137.6169891357422,,,,,,
2022-12-29,140.78009033203125,,,,,,
2022-12-30,141.1909942626953,,,,,,
2023-01-03,140.58895874023438,,,,,,
2023-01-04,143.85711669921875,,,,,,
2023-01-05,140.41464233398438,,,,,,
2023-01-06,144.0009765625,,,,,,
2023-01-09,144.22149658203125,,,,,,
2023-01-10,145.75575256347656,,,,,,
2023-01-11,147.59693908691406,,,,,,
2023-01-12,148.55581665039062,,,,,,
2023-01-13,149.36131286621094,,,,,,
2023-01-17,147.43389892578125,,,,,,
2023-01-18,144.24070739746094,,,,,,
2023-01-19,140.81736755371094,,,,,,
2023-01-20,145.37225341796875,,,,,,
2023-01-23,147.6736297607422,,,,,,
2023-01-24,148.9490203857422,,,,,,
2023-01-25,150.32981872558594,,,,,,
2023-01-26,149.4764404296875,,,,,,
2023-01-27,165.2314453125,,,,,,
2023-01-30,165.56707763671875,,,,,,
2023-01-31,167.74378967285156,,,,,,
2023-02-01,166.47805786132812,,,,,,
2023-02-02,166.01776123046875,,,,,,
2023-02-03,171.5123748779297,,,,,,
2023-02-06,169.2301025390625,,,,,,
2023-02-07,171.35894775390625,,,,,,
2023-02-08,171.6466064453125,,,,,,
2023-02-09,172.0014190673828,,,,,,
2023-02-10,171.88636779785156,,,,,,
2023-02-13,173.88088989257812,,,,,,
2023-02-14,173.58363342285156,,,,,,
2023-02-15,173.24801635742188,,,,,,
2023-02-16,170.63015747070312,,,,,,
2023-02-17,170.0164794921875,,,,,,
2023-02-21,166.35337829589844,,,,,,
2023-02-22,167.52325439453125,,,,,,
2023-02-23,167.9451904296875,,,,,,
2023-02-24,167.09173583984375,,,,,,
2023-02-27,166.18075561523438,,,,,,
2023-02-28,166.84243774414062,,,,,,
2023-03-01,168.68356323242188,,,,,,
2023-03-02,168.13697814941406,,,,,,
2023-03-03,171.73289489746094,,,,,,
2023-03-06,171.70416259765625,,,,,,
2023-03-07,168.11782836914062,,,,,,
2023-03-08,167.64796447753906,,,,,,
2023-03-09,165.0492401123047,,,,,,
2023-03-10,158.8929901123047,,,,,,
2023-03-13,151.1544952392578,,,,,,
2023-03-14,157.17654418945312,,,,,,
2023-03-15,153.2449493408203,,,,,,
2023-03-16,154.12718200683594,,,,,,
2023-03-17,150.090087890625,,,,,,
2023-03-20,152.2189483642578,,,,,,
2023-03-21,157.79981994628906,,,,,,
2023-03-22,156.06419372558594,,,,,,
2023-03-23,156.07376098632812,,,,,,
2023-03-24,153.21617126464844,,,,,,
2023-03-27,156.41896057128906,,,,,,
2023-03-28,152.6696014404297,,,,,,
2023-03-29,156.86968994140625,,,,,,
2023-03-30,155.7381591796875,,,,,,
2023-03-31,158.1737823486328,,,,,,
2023-04-03,157.05184936523438,,,,,,
2023-04-04,155.88198852539062,,,,,,
2023-04-05,155.0350341796875,,,,,,
2023-04-06,152.8694305419922,,,,,,
2023-04-10,155.09274291992188,,,,,,
2023-04-11,155.75686645507812,,,,,,
2023-04-12,153.31216430664062,,,,,,
2023-04-13,156.20925903320312,,,,,,
2023-04-14,157.09471130371094,,,,,,
2023-04-17,157.5663299560547,,,,,,
2023-04-18,158.2304229736328,,,,,,
2023-04-19,158.759765625,,,,,,
2023-04-20,157.1524658203125,,,,,,
2023-04-21,157.6336669921875,,,,,,
2023-04-24,154.56338500976562,,,,,,
2023-04-25,150.2611541748047,,,,,,
2023-04-26,149.87619018554688,,,,,,
2023-04-27,152.5037078857422,,,,,,
2023-04-28,155.2852325439453,,,,,,
2023-05-01,153.34104919433594,,,,,,
2023-05-02,147.49884033203125,,,,,,
2023-05-03,146.49789428710938,,,,,,
2023-05-04,143.2254638671875,,,,,,
2023-05-05,146.9213409423828,,,,,,
2023-05-08,147.29672241210938,,,,,,
2023-05-09,147.6239776611328,,,,,,
2023-05-10,143.100341796875,,,,,,
2023-05-11,142.4362335205078,,,,,,
2023-05-12,142.37847900390625,,,,,,
2023-05-15,144.37081909179688,,,,,,
2023-05-16,142.84048461914062,,,,,,
2023-05-17,146.3823699951172,,,,,,
2023-05-18,147.72021484375,,,,,,
2023-05-19,147.21011352539062,,,,,,
2023-05-22,149.6739959716797,,,,,,
2023-05-23,146.83473205566406,,,,,,
2023-05-24,145.06382751464844,,,,,,
2023-05-25,145.4102783203125,,,,,,
2023-05-26,151.33912658691406,,,,,,
2023-05-30,152.08021545410156,,,,,,
2023-05-31,152.60958862304688,,,,,,
2023-06-01,156.6134490966797,,,,,,
2023-06-02,162.23431396484375,,,,,,
2023-06-05,161.146728515625,,,,,,
2023-06-06,165.37196350097656,,,,,,
2023-06-07,165.11209106445312,,,,,,
2023-06-08,164.7174835205078,,,,,,
2023-06-09,165.27572631835938,,,,,,
2023-06-12,167.12367248535156,,,,,,
2023-06-13,168.5673828125,,,,,,
2023-06-14,167.92250061035156,,,,,,
2023-06-15,167.28726196289062,,,,,,
2023-06-16,165.747314453125,,,,,,
2023-06-20,163.0524139404297,,,,,,
2023-06-21,161.6183319091797,,,,,,
2023-06-22,161.945556640625,,,,,,
2023-06-23,161.76268005371094,,,,,,
2023-06-26,160.83871459960938,,,,,,
2023-06-27,161.878173828125,,,,,,
2023-06-28,163.40850830078125,,,,,,
2023-06-29,165.6221923828125,,,,,,
2023-06-30,167.6626739501953,,,,,,
2023-07-03,168.8561248779297,,,,,,
2023-07-05,168.9812469482422,,,,,,
2023-07-06,165.08920288085938,,,,,,
2023-07-07,163.98818969726562,,,,,,
2023-07-10,165.83279418945312,,,,,,
2023-07-11,168.66253662109375,,,,,,
2023-07-12,168.36314392089844,,,,,,
2023-07-13,168.27622985839844,,,,,,
2023-07-14,167.45530700683594,,,,,,
2023-07-17,169.3868408203125,,,,,,
2023-07-18,171.94615173339844,,,,,,
2023-07-19,171.05763244628906,,,,,,
2023-07-20,171.04798889160156,,,,,,
2023-07-21,164.39381408691406,,,,,,
2023-07-24,162.0469512939453,,,,,,
2023-07-25,160.80113220214844,,,,,,
2023-07-26,162.00836181640625,,,,,,
2023-07-27,158.00042724609375,,,,,,
2023-07-28,159.7677459716797,,,,,,
2023-07-31,163.0996856689453,,,,,,
2023-08-01,163.8433074951172,,,,,,
2023-08-02,161.0426025390625,,,,,,
2023-08-03,160.7142333984375,,,,,,
2023-08-04,159.74847412109375,,,,,,
2023-08-07,161.24537658691406,,,,,,
2023-08-08,160.19268798828125,,,,,,
2023-08-09,158.21290588378906,,,,,,
2023-08-10,157.9424285888672,,,,,,
2023-08-11,159.61325073242188,,,,,,
2023-08-14,160.39553833007812,,,,,,
2023-08-15,156.36827087402344,,,,,,
2023-08-16,155.2576141357422,,,,,,
2023-08-17,155.08377075195312,,,,,,
2023-08-18,154.7457275390625,,,,,,
2023-08-21,155.37351989746094,,,,,,
2023-08-22,153.63510131835938,,,,,,
2023-08-23,153.98281860351562,,,,,,
2023-08-24,152.38925170898438,,,,,,
2023-08-25,152.90110778808594,,,,,,
2023-08-28,153.74134826660156,,,,,,
2023-08-29,154.7554168701172,,,,,,
2023-08-30,154.68780517578125,,,,,,
2023-08-31,152.58242797851562,,,,,,
2023-09-01,154.15664672851562,,,,,,
2023-09-05,154.52362060546875,,,,,,
2023-09-06,152.59207153320312,,,,,,
2023-09-07,151.41384887695312,,,,,,
2023-09-08,152.0415802001953,,,,,,
2023-09-11,152.42787170410156,,,,,,
2023-09-12,153.07493591308594,,,,,,
2023-09-13,153.6930389404297,,,,,,
2023-09-14,156.24269104003906,,,,,,
2023-09-15,158.14524841308594,,,,,,
2023-09-18,154.16629028320312,,,,,,
2023-09-19,153.89585876464844,,,,,,
2023-09-20,151.84841918945312,,,,,,
2023-09-21,149.41470336914062,,,,,,
2023-09-22,147.84046936035156,,,,,,
2023-09-25,147.98532104492188,,,,,,
2023-09-26,145.9475555419922,,,,,,
2023-09-27,144.769287109375,,,,,,
2023-09-28,145.08802795410156,,,,,,
2023-09-29,144.08360290527344,,,,,,
2023-10-02,144.3636474609375,,,,,,
2023-10-03,140.0853271484375,,,,,,
2023-10-04,141.61126708984375,,,,,,
2023-10-05,142.63916015625,,,,,,
2023-10-06,144.8016815185547,,,,,,
2023-10-09,144.3168182373047,,,,,,
2023-10-10,146.3629608154297,,,,,,
2023-10-11,146.92539978027344,,,,,,
2023-10-12,146.70237731933594,,,,,,
2023-10-13,146.52780151367188,,,,,,
2023-10-16,148.1666717529297,,,,,,
2023-10-17,149.71826171875,,,,,,
2023-10-18,146.9447784423828,,,,,,
2023-10-19,145.09259033203125,,,,,,
2023-10-20,137.28622436523438,,,,,,
2023-10-23,140.21481323242188,,,,,,
2023-10-24,140.04994201660156,,,,,,
2023-10-25,139.17718505859375,,,,,,
2023-10-26,139.0026092529297,,,,,,
2023-10-27,137.0340576171875,,,,,,
2023-10-30,138.9347686767578,,,,,,
2023-10-31,141.61123657226562,,,,,,
2023-11-01,142.01849365234375,,,,,,
2023-11-02,146.28536987304688,,,,,,
2023-11-03,148.13760375976562,,,,,,
2023-11-06,148.36062622070312,,,,,,
2023-11-07,148.35092163085938,,,,,,
2023-11-08,148.3800048828125,,,,,,
2023-11-09,147.75938415527344,,,,,,
2023-11-10,149.70855712890625,,,,,,
2023-11-13,149.66978454589844,,,,,,
2023-11-14,152.16201782226562,,,,,,
2023-11-15,154.60572814941406,,,,,,
2023-11-16,154.2372589111328,,,,,,
2023-11-17,157.64105224609375,,,,,,
2023-11-20,158.89202880859375,,,,,,
2023-11-21,157.37921142578125,,,,,,
2023-11-22,158.8338165283203,,,,,,
2023-11-24,159.44476318359375,,,,,,
2023-11-27,159.07626342773438,,,,,,
2023-11-28,160.64723205566406,,,,,,
2023-11-29,162.36370849609375,,,,,,
2023-11-30,165.60263061523438,,,,,,
2023-12-01,168.50213623046875,,,,,,
2023-12-04,168.007568359375,,,,,,
2023-12-05,165.51531982421875,,,,,,
2023-12-06,162.44126892089844,,,,,,
2023-12-07,163.51766967773438,,,,,,
2023-12-08,163.33343505859375,,,,,,
2023-12-11,163.2946319580078,,,,,,
2023-12-12,165.8644561767578,,,,,,
2023-12-13,169.27793884277344,,,,,,
2023-12-14,173.44781494140625,,,,,,
2023-12-15,175.04788208007812,,,,,,
2023-12-18,177.2298126220703,,,,,,
2023-12-19,180.1293182373047,,,,,,
2023-12-20,175.18368530273438,,,,,,
2023-12-21,179.1984100341797,,,,,,
2023-12-22,179.95481872558594,,,,,,
2023-12-26,180.3329925537109,,,,,,
2023-12-27,181.3997039794922,,,,,,
2023-12-28,182.1173095703125,,,,,,
2023-12-29,181.6712341308593,,,,,,
2024-01-02,182.61187744140625,,,,,,
2024-01-03,180.6820831298828,,,,,,
2024-01-04,182.0635986328125,,,,,,
2024-01-05,183.9314727783203,,,,,,
2024-01-08,184.07742309570312,,,,,,
2024-01-09,181.70361328125,,,,,,
2024-01-10,179.95242309570312,,,,,,
2024-01-11,180.01080322265625,,,,,,
2024-01-12,177.1019287109375,,,,,,
2024-01-16,176.06092834472656,,,,,,
2024-01-17,176.09011840820312,,,,,,
2024-01-18,174.91293334960938,,,,,,
2024-01-19,178.2012481689453,,,,,,
2024-01-22,179.99134826660156,,,,,,
2024-01-23,180.43885803222656,,,,,,
2024-01-24,180.7793884277344,,,,,,
2024-01-25,182.96832275390625,,,,,,
2024-01-26,195.96592712402344,,,,,,
2024-01-29,195.4113922119141,,,,,,
2024-01-30,198.6121368408203,,,,,,
2024-01-31,195.294662475586,,,,,,
2024-02-01,197.7073669433593,,,,,,
2024-02-02,200.81082153320312,,,,,,
2024-02-05,200.3535919189453,,,,,,
2024-02-06,200.0714569091797,,,,,,
2024-02-07,203.40841674804688,,,,,,
2024-02-08,205.4806365966797,,,,,,
2024-02-09,206.7064514160156,,,,,,
2024-02-12,206.5021209716797,,,,,,
2024-02-13,203.98239135742188,,,,,,
2024-02-14,205.17901611328125,,,,,,
2024-02-15,206.76480102539065,,,,,,
2024-02-16,206.7939910888672,,,,,,
2024-02-20,206.7259216308593,,,,,,
2024-02-21,205.16929626464844,,,,,,
2024-02-22,208.1851959228516,,,,,,
2024-02-23,208.73974609375,,,,,,
2024-02-26,211.0746307373047,,,,,,
2024-02-27,212.0669860839844,,,,,,
2024-02-28,212.1156463623047,,,,,,
2024-02-29,213.46792602539065,,,,,,
2024-03-01,213.701416015625,,,,,,
2024-03-04,212.97178649902344,,,,,,
2024-03-05,211.3081512451172,,,,,,
2024-03-06,212.52423095703125,,,,,,
2024-03-07,217.35943603515625,,,,,,
2024-03-08,217.310775756836,,,,,,
2024-03-11,214.21701049804688,,,,,,
2024-03-12,216.61032104492188,,,,,,
2024-03-13,216.7659606933593,,,,,,
2024-03-14,214.48944091796875,,,,,,
2024-03-15,212.53399658203125,,,,,,
2024-03-18,214.97586059570312,,,,,,
2024-03-19,215.6763610839844,,,,,,
2024-03-20,221.7276306152344,,,,,,
2024-03-21,222.90478515625,,,,,,
2024-03-22,219.83053588867188,,,,,,
2024-03-25,219.8986053466797,,,,,,
2024-03-26,218.3712158203125,,,,,,
2024-03-27,221.57196044921875,,,,,,
2024-03-28,221.5135803222656,,,,,,
2024-04-01,221.43576049804688,,,,,,
2024-04-02,219.4121856689453,,,,,,
2024-04-03,220.4823455810547,,,,,,
2024-04-04,214.29519653320312,,,,,,
2024-04-05,217.0960388183593,,,,,,
2024-04-08,218.70623779296875,,,,,,
2024-04-09,214.5391845703125,,,,,,
2024-04-10,212.4019927978516,,,,,,
2024-04-11,212.938720703125,,,,,,
2024-04-12,212.938720703125,,,,,,
2024-04-15,213.13389587402344,,,,,,
2024-04-16,213.07534790039065,,,,,,
2024-04-17,212.42149353027344,,,,,,
2024-04-18,212.25558471679688,,,,,,
2024-04-19,225.46910095214844,,,,,,
2024-04-22,227.38186645507807,,,,,,
2024-04-23,233.1981658935547,,,,,,
2024-04-24,233.3542938232422,,,,,,
2024-04-25,231.3829803466797,,,,,,
2024-04-26,229.95819091796875,,,,,,
2024-04-29,233.1591339111328,,,,,,
2024-04-30,228.38702392578125,,,,,,
2024-05-01,225.8789978027344,,,,,,
2024-05-02,226.8939208984375,,,,,,
2024-05-03,225.2056427001953,,,,,,
2024-05-06,228.67979431152344,,,,,,
2024-05-07,229.0018310546875,,,,,,
2024-05-08,230.5437469482422,,,,,,
2024-05-09,233.3738250732422,,,,,,
2024-05-10,236.4576110839844,,,,,,
2024-05-13,232.89561462402344,,,,,,
2024-05-14,235.7061767578125,,,,,,
2024-05-15,235.87210083007807,,,,,,
2024-05-16,235.50125122070312,,,,,,
2024-05-17,236.965072631836,,,,,,
2024-05-20,236.4576110839844,,,,,,
2024-05-21,237.2188262939453,,,,,,
2024-05-22,234.3009185791016,,,,,,
2024-05-23,229.78257751464844,,,,,,
2024-05-24,232.4369506835937,,,,,,
2024-05-28,231.5294189453125,,,,,,
2024-05-29,230.25099182128903,,,,,,
2024-05-30,231.5001220703125,,,,,,
2024-05-31,234.21307373046875,,,,,,
2024-06-03,231.1683044433593,,,,,,
2024-06-04,231.5294189453125,,,,,,
2024-06-05,229.0311279296875,,,,,,
2024-06-06,227.7234344482422,,,,,,
2024-06-07,227.05978393554688,,,,,,
2024-06-10,226.8353576660156,,,,,,
2024-06-11,219.1160888671875,,,,,,
2024-06-12,218.63790893554688,,,,,,
2024-06-13,216.83251953125,,,,,,
2024-06-14,219.3991241455078,,,,,,
2024-06-17,222.7659454345703,,,,,,
2024-06-18,223.78086853027344,,,,,,
2024-06-20,224.65914916992188,,,,,,
2024-06-21,224.8250274658203,,,,,,
2024-06-24,225.8887939453125,,,,,,
2024-06-25,225.02999877929688,,,,,,
2024-06-26,225.1177978515625,,,,,,
2024-06-27,222.89276123046875,,,,,,
2024-06-28,225.96681213378903,,,,,,
2024-07-01,228.1723480224609,,,,,,
2024-07-02,230.2802734375,,,,,,
2024-07-03,230.0265350341797,,,,,,
2024-07-05,230.6333770751953,,,,,,
2024-07-08,229.537109375,,,,,,
2024-07-09,232.7084503173828,,,,,,
2024-07-10,233.8634033203125,,,,,,
2024-07-11,233.68719482421875,,,,,,
2024-07-12,233.5697784423828,,,,,,
2024-07-15,238.825912475586,,,,,,
2024-07-16,244.33648681640625,,,,,,
2024-07-17,244.6595001220703,,,,,,
2024-07-18,243.91563415527344,,,,,,
2024-07-19,237.24024963378903,,,,,,
2024-07-22,239.5599822998047,,,,,,
2024-07-23,241.6643981933593,,,,,,
2024-07-24,235.8797149658203,,,,,,
2024-07-25,235.08688354492188,,,,,,
2024-07-26,240.67581176757807,,,,,,
2024-07-29,242.6333923339844,,,,,,
2024-07-30,247.1260681152344,,,,,,
2024-07-31,247.6741943359375,,,,,,
2024-08-01,243.40663146972656,,,,,,
2024-08-02,227.3544464111328,,,,,,
2024-08-05,221.1292724609375,,,,,,
2024-08-06,226.218994140625,,,,,,
2024-08-07,223.94821166992188,,,,,,
2024-08-08,228.5876922607422,,,,,,
2024-08-09,232.8062896728516,,,,,,
2024-08-12,232.0232849121093,,,,,,
2024-08-13,233.922119140625,,,,,,
2024-08-14,238.5909576416016,,,,,,
2024-08-15,244.20925903320312,,,,,,
2024-08-16,246.37242126464844,,,,,,
2024-08-19,248.66278076171875,,,,,,
2024-08-20,247.7133178710937,,,,,,
2024-08-21,241.0771331787109,,,,,,
2024-08-22,242.50616455078125,,,,,,
2024-08-23,245.97108459472656,,,,,,
2024-08-26,248.49639892578125,,,,,,
2024-08-27,249.6220092773437,,,,,,
2024-08-28,251.6383056640625,,,,,,
2024-08-29,254.3300170898437,,,,,,
2024-08-30,253.16522216796875,,,,,,
2024-09-03,248.917236328125,,,,,,
2024-09-04,246.4017639160156,,,,,,
2024-09-05,246.4996337890625,,,,,,
2024-09-06,238.88462829589844,,,,,,
2024-09-09,245.59913635253903,,,,,,
2024-09-10,240.2157745361328,,,,,,
2024-09-11,248.7899932861328,,,,,,
2024-09-12,249.7394256591797,,,,,,
2024-09-13,253.50782775878903,,,,,,
2024-09-16,255.553451538086,,,,,,
2024-09-17,259.7720947265625,,,,,,
2024-09-18,256.620361328125,,,,,,
2024-09-19,263.0510559082031,,,,,,
2024-09-20,263.2860107421875,,,,,,
2024-09-23,261.6318054199219,,,,,,
2024-09-24,260.5648803710937,,,,,,
2024-09-25,260.5257568359375,,,,,,
2024-09-26,262.4637756347656,,,,,,
2024-09-27,265.3120422363281,,,,,,
2024-09-30,265.4490661621094,,,,,,
2024-10-01,262.9042663574219,,,,,,
2024-10-02,265.1750183105469,,,,,,
2024-10-03,262.8944702148437,,,,,,
2024-10-04,270.8238220214844,,,,,,
2024-10-07,268.6844177246094,,,,,,
2024-10-08,264.0916748046875,,,,,,
2024-10-09,266.3586120605469,,,,,,
2024-10-10,265.42633056640625,,,,,,
2024-10-11,271.01025390625,,,,,,
2024-10-14,271.3634948730469,,,,,,
2024-10-15,272.1388244628906,,,,,,
2024-10-16,276.42724609375,,,,,,
2024-10-17,280.4508056640625,,,,,,
2024-10-18,271.6284484863281,,,,,,
2024-10-21,265.6912536621094,,,,,,
2024-10-22,267.3203125,,,,,,
2024-10-23,266.1722106933594,,,,,,
2024-10-24,264.94549560546875,,,,,,
2024-10-25,262.364501953125,,,,,,
2024-10-28,266.40771484375,,,,,,
2024-10-29,265.3870849609375,,,,,,
2024-10-30,268.968994140625,,,,,,
2024-10-31,265.0436096191406,,,,,,
2024-11-01,267.6048889160156,,,,,,
2024-11-04,265.15155029296875,,,,,,
2024-11-05,270.7943420410156,,,,,,
2024-11-06,289.65594482421875,,,,,,
2024-11-07,281.4714660644531,,,,,,
2024-11-08,282.2369384765625,,,,,,
2024-11-11,287.5067749023437,,,,,,
2024-11-12,283.1299743652344,,,,,,
2024-11-13,282.27618408203125,,,,,,
2024-11-14,282.9237976074219,,,,,,
2024-11-15,281.5205078125,,,,,,
2024-11-18,280.21533203125,,,,,,
2024-11-19,280.2251281738281,,,,,,
2024-11-20,282.3448486328125,,,,,,
2024-11-21,287.53619384765625,,,,,,
2024-11-22,295.681396484375,,,,,,
2024-11-25,299.5185241699219,,,,,,
2024-11-26,299.871826171875,,,,,,
2024-11-27,298.5764465332031,,,,,,
2024-11-29,298.99835205078125,,,,,,
2024-12-02,296.62353515625,,,,,,
2024-12-03,296.476318359375,,,,,,
2024-12-04,296.9571838378906,,,,,,
2024-12-05,294.92578125,,,,,,
2024-12-06,298.3212280273437,,,,,,
2024-12-09,291.1867980957031,,,,,,
2024-12-10,296.476318359375,,,,,,
2024-12-11,296.7019958496094,,,,,,
2024-12-12,294.7000427246094,,,,,,
2024-12-13,296.5057983398437,,,,,,
2024-12-16,297.9091186523437,,,,,,
2024-12-17,295.7206420898437,,,,,,
2024-12-18,282.4135437011719,,,,,,
2024-12-19,287.61474609375,,,,,,
2024-12-20,293.080810546875,,,,,,
2024-12-23,293.2280578613281,,,,,,
2024-12-24,297.8011474609375,,,,,,
2024-12-26,298.3212280273437,,,,,,
2024-12-27,295.4360656738281,,,,,,
2024-12-30,291.7854309082031,,,,,,
2024-12-31,291.2555236816406,,,,,,
2025-01-02,292.86492919921875,,,,,,
2025-01-03,298.1275329589844,,,,,,
2025-01-06,296.9471130371094,,,,,,
2025-01-07,297.0848388671875,,,,,,
2025-01-08,297.9012756347656,,,,,,
2025-01-10,288.5072631835937,,,,,,
2025-01-13,292.16650390625,,,,,,
2025-01-14,295.45196533203125,,,,,,
2025-01-15,307.2165222167969,,,,,,
2025-01-16,306.3902587890625,,,,,,
2025-01-17,307.45263671875,,,,,,
2025-01-21,312.7545471191406,,,,,,
2025-01-22,316.9842529296875,,,,,,
2025-01-23,320.5451354980469,,,,,,
2025-01-24,316.0891418457031,,,,,,
2025-01-27,311.24957275390625,,,,,,
2025-01-28,311.8594055175781,,,,,,
2025-01-29,310.0986633300781,,,,,,
2025-01-30,313.7382202148437,,,,,,
2025-01-31,312.26275634765625,,,,,,
2025-02-03,311.3577575683594,,,,,,
2025-02-04,310.669189453125,,,,,,
2025-02-05,315.2923583984375,,,,,,
2025-02-06,314.9185791015625,,,,,,
2025-02-07,311.5938415527344,,,,,,
2025-02-10,305.190185546875,,,,,,
2025-02-11,304.5115051269531,,,,,,
2025-02-12,301.3932800292969,,,,,,
2025-02-13,302.475341796875,,,,,,
2025-02-14,305.9574890136719,,,,,,
2025-02-18,307.7378845214844,,,,,,
2025-02-19,304.8558044433594,,,,,,
2025-02-20,298.894775390625,,,,,,
2025-02-21,290.572998046875,,,,,,
2025-02-24,290.7008972167969,,,,,,
2025-02-25,288.5466613769531,,,,,,
2025-02-26,291.2615661621094,,,,,,
2025-02-27,289.39263916015625,,,,,,
2025-02-28,296.0421447753906,,,,,,
2025-03-03,290.6615295410156,,,,,,
2025-03-04,278.8379821777344,,,,,,
2025-03-05,279.536376953125,,,,,,
2025-03-06,271.1359558105469,,,,,,
2025-03-07,268.74560546875,,,,,,
2025-03-10,257.0499267578125,,,,,,
2025-03-11,251.21682739257807,,,,,,
2025-03-12,256.4892272949219,,,,,,
2025-03-13,252.23980712890625,,,,,,
2025-03-14,261.2894897460937,,,,,,
2025-03-17,260.0599060058594,,,,,,
2025-03-18,258.427001953125,,,,,,
2025-03-19,266.2274780273437,,,,,,
2025-03-20,266.4045104980469,,,,,,
2025-03-21,266.0897521972656,,,,,,
2025-03-24,273.31964111328125,,,,,,
2025-03-25,274.7164306640625,,,,,,
2025-03-26,271.489990234375,,,,,,
2025-03-27,267.5750427246094,,,,,,
2025-03-28,261.14190673828125,,,,,,
2025-03-31,264.653564453125,,,,,,
2025-04-01,266.06024169921875,,,,,,
2025-04-02,270.7523193359375,,,,,,
2025-04-03,243.7705078125,,,,,,
2025-04-04,230.6246337890625,,,,,,
2025-04-07,231.21682739257807,,,,,,
2025-04-08,228.3645935058593,,,,,,
2025-04-09,258.9296569824219,,,,,,
2025-04-10,243.6619415283203,,,,,,
2025-04-11,247.84649658203125,,,,,,
2025-04-14,252.0409240722656,,,,,,
2025-04-15,254.48849487304688,,,,,,
2025-04-16,249.6130828857422,,,,,,
2025-04-17,248.0241241455078,,,,,,
2025-04-21,239.3391876220703,,,,,,
2025-04-22,249.11964416503903,,,,,,
2025-04-23,256.7387084960937,,,,,,
2025-04-24,263.8247985839844,,,,,,
2025-04-25,261.3476257324219,,,,,,
2025-04-28,261.4858093261719,,,,,,
2025-04-29,263.5287170410156,,,,,,
2025-04-30,262.9266967773437,,,,,,
2025-05-01,265.02886962890625,,,,,,
2025-05-02,273.230224609375,,,,,,
2025-05-05,274.394775390625,,,,,,
2025-05-06,271.7695617675781,,,,,,
2025-05-07,272.628173828125,,,,,,
2025-05-08,279.951171875,,,,,,
2025-05-09,280.79010009765625,,,,,,
2025-05-12,295.0116882324219,,,,,,
2025-05-13,298.3474426269531,,,,,,
2025-05-14,296.1762390136719,,,,,,
2025-05-15,295.6334228515625,,,,,,
2025-05-16,295.8011779785156,,,,,,
2025-05-19,295.3866271972656,,,,,,
2025-05-20,292.2976379394531,,,,,,
2025-05-21,282.26055908203125,,,,,,
2025-05-22,283.42510986328125,,,,,,
2025-05-23,281.49078369140625,,,,,,
2025-05-27,289.91912841796875,,,,,,
2025-05-28,289.5243225097656,,,,,,
2025-05-29,291.5179443359375,,,,,,
2025-05-30,290.205322265625,,,,,,
2025-06-02,291.46856689453125,,,,,,
2025-06-03,293.50164794921875,,,,,,
2025-06-04,292.06072998046875,,,,,,
2025-06-05,292.09033203125,,,,,,
2025-06-06,298.5152587890625,,,,,,
2025-06-09,297.6171264648437,,,,,,
2025-06-10,295.6037902832031,,,,,,
2025-06-11,295.1893005371094,,,,,,
2025-06-12,294.09375,,,,,,
2025-06-13,284.02716064453125,,,,,,
2025-06-16,290.3731384277344,,,,,,
2025-06-17,288.9815368652344,,,,,,
2025-06-18,292.5443420410156,,,,,,
2025-06-20,294.6859741210937,,,,,,
2025-06-23,295.7123413085937,,,,,,
2025-06-24,304.34796142578125,,,,,,
2025-06-25,304.55523681640625,,,,,,
2025-06-26,307.34820556640625,,,,,,
2025-06-27,313.04278564453125,,,,,,
2025-06-30,314.809326171875,,,,,,
2025-07-01,318.3129577636719,,,,,,
2025-07-02,321.3526611328125,,,,,,
2025-07-03,324.6573181152344,,,,,,
2025-07-07,319.3144836425781,,,,,,
2025-07-08,313.6253356933594,,,,,,
2025-07-09,313.9914245605469,,,,,,
2025-07-10,321.79791259765625,,,,,,
2025-07-11,316.0889892578125,,,,,,
2025-07-14,317.5236511230469,,,,,,
2025-07-15,307.3623046875,,,,,,
2025-07-16,308.5990600585937,,,,,,
2025-07-17,312.0125732421875,,,,,,
2025-07-18,304.69091796875,,,,,,
2025-07-21,299.7636108398437,,,,,,
2025-07-22,300.9212646484375,,,,,,
2025-07-23,305.39337158203125,,,,,,
2025-07-24,304.9877014160156,,,,,,
2025-07-25,308.3121337890625,,,,,,
2025-07-28,307.45135498046875,,,,,,
2025-07-29,305.2746276855469,,,,,,
2025-07-30,300.198974609375,,,,,,
2025-07-31,296.1423645019531,,,,,,
2025-08-01,291.1556701660156,,,,,,
2025-08-04,295.4299621582031,,,,,,
2025-08-05,293.5006103515625,,,,,,
2025-08-06,292.4122314453125,,,,,,
2025-08-07,291.61083984375,,,,,,
2025-08-08,294.2821960449219,,,,,,
2025-08-11,293.0949401855469,,,,,,
2025-08-12,300.0010681152344,,,,,,
2025-08-13,303.6223449707031,,,,,,
2025-08-14,304.4732360839844,,,,,,
2025-08-15,302.23712158203125,,,,,,
2025-08-18,303.8004150390625,,,,,,
2025-08-19,302.8604736328125,,,,,,
2025-08-20,305.1361389160156,,,,,,
2025-08-21,304.9085998535156,,,,,,
2025-08-22,315.7822570800781,,,,,,
2025-08-25,312.4577941894531,,,,,,
2025-08-26,317.20703125,,,,,,
2025-08-27,319.0473327636719,,,,,,
2025-08-28,323.52935791015625,,,,,,
2025-08-29,327.77398681640625,,,,,,
2025-09-02,327.6750183105469,,,,,,
2025-09-03,320.2841186523437,,,,,,
2025-09-04,327.150634765625,,,,,,
2025-09-05,322.7675476074219,,,,,,
2025-09-08,321.96612548828125,,,,,,
2025-09-09,320.9074401855469,,,,,,
2025-09-10,319.92791748046875,,,,,,
2025-09-11,325.8347473144531,,,,,,
2025-09-12,321.8671875,,,,,,
2025-09-15,323.7965393066406,,,,,,
2025-09-16,323.5788879394531,,,,,,
2025-09-17,332.44403076171875,,,,,,
2025-09-18,338.05401611328125,,,,,,
2025-09-19,337.50982666015625,,,,,,
2025-09-22,337.3713073730469,,,,,,
2025-09-23,337.8561706542969,,,,,,
2025-09-24,336.87664794921875,,,,,,
2025-09-25,336.57977294921875,,,,,,
2025-09-26,338.0639038085937,,,,,,
2025-09-29,338.6872253417969,,,,,,
2025-09-30,328.6446838378906,,,,,,
2025-10-01,325.0827941894531,,,,,,
2025-10-02,326.98248291015625,,,,,,
2025-10-03,326.7450256347656,,,,,,
2025-10-06,328.4764709472656,,,,,,
2025-10-07,324.4990234375,,,,,,
2025-10-08,320.3929748535156,,,,,,
2025-10-09,321.0063781738281,,,,,,
2025-10-10,313.705810546875,,,,,,
2025-10-13,320.5104064941406,,,,,,
2025-10-14,330.1618347167969,,,,,,
2025-10-15,327.9895324707031,,,,,,
2025-10-16,320.5104064941406,,,,,,
2025-10-17,343.82061767578125,,,,,,
2025-10-20,346.6575622558594,,,,,,
2025-10-21,352.3511657714844,,,,,,
2025-10-22,349.1571655273437,,,,,,
2025-10-23,352.0635070800781,,,,,,
2025-10-24,354.6722717285156,,,,,,
2025-10-27,358.74908447265625,,,,,,
2025-10-28,358.1142578125,,,,,,
2025-10-29,355.3269348144531,,,,,,
2025-10-30,355.9815979003906,,,,,,
2025-10-31,357.8166809082031,,,,,,
2025-11-03,358.699462890625,,,,,,
2025-11-04,357.57861328125,,,,,,
2025-11-05,362.8456726074219,,,,,,
2025-11-06,362.77630615234375,,,,,,
2025-11-07,365.5635986328125,,,,,,
2025-11-10,364.908935546875,,,,,,
2025-11-11,367.1705322265625,,,,,,
2025-11-12,369.7594299316406,,,,,,
2025-11-13,361.7843933105469,,,,,,
2025-11-14,354.2953186035156,,,,,,
2025-11-17,338.4940185546875,,,,,,
2025-11-18,337.9087829589844,,,,,,
2025-11-19,341.85662841796875,,,,,,
2025-11-20,341.0233764648437,,,,,,
2025-11-21,350.0400085449219,,,,,,
2025-11-24,353.0554504394531,,,,,,
2025-11-25,359.7112731933594,,,,,,
2025-11-26,361.0304870605469,,,,,,
2025-11-28,362.3200073242188,,,,,,
2025-12-01,357.4000549316406,,,,,,
2025-12-02,357.78692626953125,,,,,,
2025-12-03,365.1569213867188,,,,,,
2025-12-04,368.1524963378906,,,,,,
2025-12-05,367.3590087890625,,,,,,
2025-12-08,359.3541564941406,,,,,,
2025-12-09,360.9710083007813,,,,,,
2025-12-10,372.5368347167969,,,,,,
2025-12-11,381.7815551757813,,,,,,
2025-12-12,379.4703674316406,,,,,,
2025-12-15,379.4802856445313,,,,,,
2025-12-16,377.6749877929688,,,,,,
2025-12-17,372.5764770507813,,,,,,
2025-12-18,372.48724365234375,,,,,,
2025-12-19,373.46923828125,,,,,,
2025-12-22,377.774169921875,,,,,,
2025-12-23,379.1033630371094,,,,,,
2025-12-24,380.0158996582031,,,,,,
2025-12-26,377.9725646972656,,,,,,
2025-12-29,372.288818359375,,,,,,
2025-12-30,370.37445068359375,,,,,,
2025-12-31,366.9622192382813,,,,,,
2026-01-02,370.54107666015625,,,,,,
2026-01-05,377.5695495605469,,,,,,
2026-01-06,381.3074340820313,,,,,,
2026-01-07,375.9988403320313,,,,,,
2026-01-08,380.7308654785156,,,,,,
2026-01-09,373.4041137695313,,,,,,
2026-01-12,357.4782409667969,,,,,,
2026-01-13,355.8975830078125,,,,,,
2026-01-14,356.15606689453125,,,,,,
2026-01-15,355.2712707519531,,,,,,
2026-01-16,362.647705078125,,,,,,
2026-01-20,350.1217041015625,,,,,,
2026-01-21,357.49810791015625,,,,,,
2026-01-22,365.8587036132813,,,,,,
2026-01-23,359.56591796875,,,,,,
2026-01-26,361.1167602539063,,,,,,
2026-01-27,357.33905029296875,,,,,,
2026-01-28,354.8934936523437,,,,,,
2026-01-29,356.3946228027344,,,,,,
2026-01-30,350.1018371582031,,,,,,
2026-02-02,350.7579345703125,,,,,,
2026-02-03,347.57672119140625,,,,,,
2026-02-04,351.593017578125,,,,,,
2026-02-05,352.53741455078125,,,,,,
2026-02-06,357.0408020019531,,,,,,
2026-02-09,357.5478210449219,,,,,,
2026-02-10,361.0670471191406,,,,,,
2026-02-11,351.9309997558594,,,,,,
2026-02-12,340.8663635253906,,,,,,
2026-02-13,335.5179748535156,,,,,,
2026-02-17,342.5066833496094,,,,,,
2026-02-18,344.20660400390625,,,,,,
2026-02-19,340.6376953125,,,,,,
2026-02-20,344.1470031738281,,,,,,
2026-02-23,319.3534545898437,,,,,,
2026-02-24,318.597900390625,,,,,,
2026-02-25,325.1690979003906,,,,,,
2026-02-26,333.35076904296875,,,,,,
2026-02-27,307.0859069824219,,,,,,
2026-03-02,305.6245422363281,,,,,,
2026-03-03,306.01226806640625,,,,,,
2026-03-04,309.3823547363281,,,,,,
2026-03-05,305.4058532714844,,,,,,
2026-03-06,299.2322998046875,,,,,,
2026-03-09,303.58660888671875,,,,,,
2026-03-10,301.36968994140625,,,,,,
2026-03-11,304.1929931640625,,,,,,
2026-03-12,300.1170959472656,,,,,,
2026-03-13,298.1983947753906,,,,,,
2026-03-16,296.4487609863281,,,,,,
2026-03-17,298.506591796875,,,,,,
2026-03-18,292.6611633300781,,,,,,
2026-03-19,293.1979675292969,,,,,,
2026-03-20,293.7646179199219,,,,,,
2026-03-23,300.136962890625,,,,,,
2026-03-24,300.2264404296875,,,,,,
2026-03-25,298.4767761230469,,,,,,
2026-03-26,297.6317749023437,,,,,,
2026-03-27,290.5535888671875,,,,,,
2026-03-30,295.742919921875,,,,,,
2026-03-31,300.70361328125,,,,,,
2026-04-01,299.6796875,,,,,,
2026-04-02,299.36053466796875,,,,,,
2026-04-06,304.8953857421875,,,,,,
2026-04-07,306.1918334960937,,,,,,
2026-04-08,315.4764099121094,,,,,,
2026-04-09,316.9024963378906,,,,,,
2026-04-10,312.6441650390625,,,,,,
2026-04-13,322.9360046386719,,,,,,
2026-04-14,326.0674133300781,,,,,,
2026-04-15,328.1617126464844,,,,,,
2026-04-16,324.8707275390625,,,,,,
2026-04-17,330.7845153808594,,,,,,
2026-04-20,328.969482421875,,,,,,
2026-04-21,328.88970947265625,,,,,,
2026-04-22,331.9912109375,,,,,,
2026-04-23,317.6803894042969,,,,,,
2026-04-24,313.2225952148437,,,,,,
2026-04-27,317.9696044921875,,,,,,
2026-04-28,315.0376281738281,,,,,,
2026-04-29,314.7882995605469,,,,,,
2026-04-30,322.1680908203125,,,,,,
2026-05-01,318.80731201171875,,,,,,
2026-05-04,318.3385925292969,,,,,,
2026-05-05,315.0874938964844,,,,,,
2026-05-06,321.021240234375,,,,,,
2026-05-07,317.82000732421875,,,,,,
2026-05-08,315.1672668457031,,,,,,
2026-05-11,311.4674072265625,,,,,,
2026-05-12,313.45196533203125,,,,,,
2026-05-13,308.7647705078125,,,,,,
2026-05-14,311.9161682128906,,,,,,
2026-05-15,312.6242370605469,,,,,,
2026-05-18,311.3876037597656,,,,,,
2026-05-19,308.4656066894531,,,,,,
2026-05-20,308.9742431640625,,,,,,
2026-05-21,308.85455322265625,,,,,,
2026-05-22,310.9288635253906,,,,,,
2026-05-26,309.87176513671875,,,,,,
2026-05-27,311.6867980957031,,,,,,
2026-05-28,314.259765625,,,,,,
2026-05-29,315.6060791015625,,,,,,
2026-06-01,312.68408203125,,,,,,
2026-06-02,310.12109375,,,,,,
2026-06-03,299.7494812011719,,,,,,
2026-06-04,311.67681884765625,,,,,,
2026-06-05,309.8119201660156,,,,,,
2026-06-08,311.44744873046875,,,,,,
2026-06-09,317.5108642578125,,,,,,
2026-06-10,312.484619140625,,,,,,
2026-06-11,317.6205444335937,,,,,,
2026-06-12,324.55157470703125,,,,,,
2026-06-15,334.4644470214844,,,,,,
2026-06-16,339.809814453125,,,,,,
2026-06-17,339.6103820800781,,,,,,
2026-06-18,337.0773010253906,,,,,,
2026-06-22,337.1471252441406,,,,,,
2026-06-23,336.85791015625,,,,,,
2026-06-24,341.6248474121094,,,,,,
2026-06-25,341.5251159667969,,,,,,
2026-06-26,339.43084716796875,,,,,,
2026-06-29,339.9494323730469,,,,,,
2026-06-30,337.3265991210937,,,,,,
2026-07-01,347.04998779296875,,,,,,
2026-07-02,351.9599914550781,,,,,,
2026-07-06,356.03,,,,,,
2026-07-07,349.58,,,,,,
2026-07-08,336.39,,,,,,
2026-07-09,346.72,,,,,,
2026-07-10,350.58,,,,,,
2026-07-13,354.43,,,,,,
2026-07-14,355.06,,,,,,
2026-07-15,358.44,,,,,,
2026-07-16,361.57,,,,,,
2026-07-17,355.35,,,,,,
2026-07-20,351.93,,,,,,
2026-07-21,350.79,,,,,,
2026-07-22,348.74,,,,,,
2026-07-23,340.84,,,,,,
2026-07-24,326.17,,,,,,
2026-07-27,335.39,,,,,,
2026-07-28,336.63,,,,,,
2026-07-29,331.5,,,,,,
2026-07-30,337.52,,,,,,
2026-07-31,336.25,,,,,,
2026-08-03,344.72,,,,,,
2026-08-04,346.71,,,,,,
2026-08-05,348.99,,,,,,
2026-08-06,342.6,,,,,,
2026-08-07,340.91,,,,,,
2026-08-10,338.86,,,,,,
2026-08-11,340.81,,,,,,
2026-08-12,344.08,,,,,,
2026-08-13,343.65,,,,,,
2026-08-14,342.48,,,,,,
2026-08-17,336.21,,,,,,
2026-08-18,338.52,,,,,,
2026-08-19,339.9,,,,,,
2026-08-20,331.15,,,,,,
2026-08-21,336.0,,,,,,
2026-08-24,337.33,,,,,,
2026-08-25,335.95,,,,,,
2026-08-26,336.15,,,,,,
2026-08-27,334.16,,,,,,
2026-08-28,333.2,,,,,,
2026-08-31,330.17,331.98,332.83,329.63,1040137.0,331.12,13311.0
2026-09-01,324.19,326.96,329.88,323.91,1337121.0,325.991,17018.0
