date,close,open,high,low,volume,average,barCount
2007-05-30,70.37732696533203,,,,,,
2007-05-31,70.37732696533203,,,,,,
2007-06-01,70.39273071289062,,,,,,
2007-06-04,70.40808868408203,,,,,,
2007-06-05,70.40808868408203,,,,,,
2007-06-06,70.43880462646484,,,,,,
2007-06-07,70.42339324951172,,,,,,
2007-06-08,70.43880462646484,,,,,,
2007-06-11,70.46955108642578,,,,,,
2007-06-12,70.40808868408203,,,,,,
2007-06-13,70.46955108642578,,,,,,
2007-06-14,70.50027465820312,,,,,,
2007-06-15,70.56172180175781,,,,,,
2007-06-18,70.57709503173828,,,,,,
2007-06-19,70.57709503173828,,,,,,
2007-06-20,70.59247589111328,,,,,,
2007-06-21,70.59247589111328,,,,,,
2007-06-22,70.65393829345703,,,,,,
2007-06-25,70.62321472167969,,,,,,
2007-06-26,70.6385726928711,,,,,,
2007-06-27,70.62321472167969,,,,,,
2007-06-28,70.65393829345703,,,,,,
2007-06-29,70.68465423583984,,,,,,
2007-07-02,70.70475006103516,,,,,,
2007-07-03,70.70475006103516,,,,,,
2007-07-05,70.70475006103516,,,,,,
2007-07-06,70.73558807373047,,,,,,
2007-07-09,70.7510757446289,,,,,,
2007-07-10,70.76647186279297,,,,,,
2007-07-11,70.76647186279297,,,,,,
2007-07-12,70.78191375732422,,,,,,
2007-07-13,70.79732513427734,,,,,,
2007-07-16,70.81281280517578,,,,,,
2007-07-17,70.84363555908203,,,,,,
2007-07-18,70.82823181152344,,,,,,
2007-07-19,70.84363555908203,,,,,,
2007-07-20,70.87451171875,,,,,,
2007-07-23,70.87451171875,,,,,,
2007-07-24,70.87451171875,,,,,,
2007-07-25,70.88990783691406,,,,,,
2007-07-26,70.9053955078125,,,,,,
2007-07-27,70.9362564086914,,,,,,
2007-07-30,70.87451171875,,,,,,
2007-07-31,70.96709442138672,,,,,,
2007-08-01,70.94387817382812,,,,,,
2007-08-02,70.95938873291016,,,,,,
2007-08-03,70.92838287353516,,,,,,
2007-08-06,71.00584411621094,,,,,,
2007-08-07,71.0213394165039,,,,,,
2007-08-08,70.99039459228516,,,,,,
2007-08-09,71.05233001708984,,,,,,
2007-08-10,71.0988540649414,,,,,,
2007-08-13,71.11430358886719,,,,,,
2007-08-14,71.0988540649414,,,,,,
2007-08-15,71.11430358886719,,,,,,
2007-08-16,71.2072982788086,,,,,,
2007-08-17,71.2537841796875,,,,,,
2007-08-20,71.31574249267578,,,,,,
2007-08-21,71.30032348632812,,,,,,
2007-08-22,71.30032348632812,,,,,,
2007-08-23,71.2537841796875,,,,,,
2007-08-24,71.23831939697266,,,,,,
2007-08-27,71.14533233642578,,,,,,
2007-08-28,71.22284698486328,,,,,,
2007-08-29,71.26930236816406,,,,,,
2007-08-30,71.2848129272461,,,,,,
2007-08-31,71.26930236816406,,,,,,
2007-09-04,71.28023529052734,,,,,,
2007-09-05,71.29574584960938,,,,,,
2007-09-06,71.29574584960938,,,,,,
2007-09-07,71.34239196777344,,,,,,
2007-09-10,71.35797119140625,,,,,,
2007-09-11,71.28023529052734,,,,,,
2007-09-12,71.38907623291016,,,,,,
2007-09-13,71.3735580444336,,,,,,
2007-09-14,71.42021179199219,,,,,,
2007-09-17,71.4512939453125,,,,,,
2007-09-18,71.40465545654297,,,,,,
2007-09-19,71.43578338623047,,,,,,
2007-09-20,71.38907623291016,,,,,,
2007-09-21,71.42021179199219,,,,,,
2007-09-24,71.48239135742188,,,,,,
2007-09-25,71.49799346923828,,,,,,
2007-09-26,71.42021179199219,,,,,,
2007-09-27,71.43578338623047,,,,,,
2007-09-28,71.40465545654297,,,,,,
2007-10-01,71.48270416259766,,,,,,
2007-10-02,71.43590545654297,,,,,,
2007-10-03,71.45149230957031,,,,,,
2007-10-04,71.52957916259766,,,,,,
2007-10-05,71.45149230957031,,,,,,
2007-10-08,71.56073760986328,,,,,,
2007-10-09,71.51396179199219,,,,,,
2007-10-10,71.57636260986328,,,,,,
2007-10-11,71.56073760986328,,,,,,
2007-10-12,71.57636260986328,,,,,,
2007-10-15,71.54512786865234,,,,,,
2007-10-16,71.59197235107422,,,,,,
2007-10-17,71.62323760986328,,,,,,
2007-10-18,71.62323760986328,,,,,,
2007-10-19,71.68563842773438,,,,,,
2007-10-22,71.65443420410156,,,,,,
2007-10-23,71.65443420410156,,,,,,
2007-10-24,71.68563842773438,,,,,,
2007-10-25,71.67005920410156,,,,,,
2007-10-26,71.63882446289062,,,,,,
2007-10-29,71.70123291015625,,,,,,
2007-10-30,71.67005920410156,,,,,,
2007-10-31,71.68563842773438,,,,,,
2007-11-01,71.73420715332031,,,,,,
2007-11-02,71.78118133544922,,,,,,
2007-11-05,71.78118133544922,,,,,,
2007-11-06,71.78118133544922,,,,,,
2007-11-07,71.82815551757812,,,,,,
2007-11-08,71.78118133544922,,,,,,
2007-11-09,71.84384155273438,,,,,,
2007-11-12,71.8751220703125,,,,,,
2007-11-13,71.85952758789062,,,,,,
2007-11-14,71.82815551757812,,,,,,
2007-11-15,71.8751220703125,,,,,,
2007-11-16,71.8751220703125,,,,,,
2007-11-19,71.90653991699219,,,,,,
2007-11-20,71.92216491699219,,,,,,
2007-11-21,71.9534683227539,,,,,,
2007-11-23,71.96910858154297,,,,,,
2007-11-26,71.92216491699219,,,,,,
2007-11-27,71.98480987548828,,,,,,
2007-11-28,72.00045776367188,,,,,,
2007-11-29,71.9534683227539,,,,,,
2007-11-30,71.96910858154297,,,,,,
2007-12-03,71.95185852050781,,,,,,
2007-12-04,71.96759796142578,,,,,,
2007-12-05,71.96759796142578,,,,,,
2007-12-06,71.9832763671875,,,,,,
2007-12-07,72.04612731933594,,,,,,
2007-12-10,71.99897003173828,,,,,,
2007-12-11,72.09323120117188,,,,,,
2007-12-12,72.07756042480469,,,,,,
2007-12-13,72.10897064208984,,,,,,
2007-12-14,72.06184387207031,,,,,,
2007-12-17,72.09323120117188,,,,,,
2007-12-18,72.09323120117188,,,,,,
2007-12-19,72.12464904785156,,,,,,
2007-12-20,72.15604400634766,,,,,,
2007-12-21,72.15604400634766,,,,,,
2007-12-24,72.15604400634766,,,,,,
2007-12-26,72.12464904785156,,,,,,
2007-12-27,72.15604400634766,,,,,,
2007-12-28,72.15448760986328,,,,,,
2007-12-31,72.1387710571289,,,,,,
2008-01-02,72.20175170898438,,,,,,
2008-01-03,72.15448760986328,,,,,,
2008-01-04,72.1387710571289,,,,,,
2008-01-07,72.20175170898438,,,,,,
2008-01-08,72.15448760986328,,,,,,
2008-01-09,72.10722351074219,,,,,,
2008-01-10,72.1387710571289,,,,,,
2008-01-11,72.17028045654297,,,,,,
2008-01-14,72.23326873779297,,,,,,
2008-01-15,72.21753692626953,,,,,,
2008-01-16,72.21753692626953,,,,,,
2008-01-17,72.18607330322266,,,,,,
2008-01-18,72.23326873779297,,,,,,
2008-01-22,72.2647933959961,,,,,,
2008-01-23,72.34355163574219,,,,,,
2008-01-24,72.37508392333984,,,,,,
2008-01-25,72.29627990722656,,,,,,
2008-01-28,72.32780456542969,,,,,,
2008-01-29,72.39081573486328,,,,,,
2008-01-30,72.42230224609375,,,,,,
2008-01-31,72.42230224609375,,,,,,
2008-02-01,72.41439819335938,,,,,,
2008-02-04,72.43023681640625,,,,,,
2008-02-05,72.3828125,,,,,,
2008-02-06,72.44603729248047,,,,,,
2008-02-07,72.43023681640625,,,,,,
2008-02-08,72.43023681640625,,,,,,
2008-02-11,72.44603729248047,,,,,,
2008-02-12,72.43023681640625,,,,,,
2008-02-13,72.44603729248047,,,,,,
2008-02-14,72.46180725097656,,,,,,
2008-02-15,72.46180725097656,,,,,,
2008-02-19,72.46180725097656,,,,,,
2008-02-20,72.43023681640625,,,,,,
2008-02-21,72.49337768554688,,,,,,
2008-02-22,72.49337768554688,,,,,,
2008-02-25,72.46180725097656,,,,,,
2008-02-26,72.50921630859375,,,,,,
2008-02-27,72.52501678466797,,,,,,
2008-02-28,72.52501678466797,,,,,,
2008-02-29,72.540771484375,,,,,,
2008-03-03,72.56771087646484,,,,,,
2008-03-04,72.56771087646484,,,,,,
2008-03-05,72.55187225341797,,,,,,
2008-03-06,72.5835189819336,,,,,,
2008-03-07,72.5835189819336,,,,,,
2008-03-10,72.5835189819336,,,,,,
2008-03-11,72.5835189819336,,,,,,
2008-03-12,72.5993423461914,,,,,,
2008-03-13,72.5835189819336,,,,,,
2008-03-14,72.67843627929688,,,,,,
2008-03-17,72.66261291503906,,,,,,
2008-03-18,72.74171447753906,,,,,,
2008-03-19,72.75758361816406,,,,,,
2008-03-20,72.74171447753906,,,,,,
2008-03-24,72.67843627929688,,,,,,
2008-03-25,72.63101196289062,,,,,,
2008-03-26,72.67843627929688,,,,,,
2008-03-27,72.69429779052734,,,,,,
2008-03-28,72.63101196289062,,,,,,
2008-03-31,72.71009063720703,,,,,,
2008-04-01,72.66255187988281,,,,,,
2008-04-02,72.66255187988281,,,,,,
2008-04-03,72.66255187988281,,,,,,
2008-04-04,72.69425201416016,,,,,,
2008-04-07,72.66255187988281,,,,,,
2008-04-08,72.7100830078125,,,,,,
2008-04-09,72.7100830078125,,,,,,
2008-04-10,72.7100830078125,,,,,,
2008-04-11,72.7100830078125,,,,,,
2008-04-14,72.74179077148438,,,,,,
2008-04-15,72.74179077148438,,,,,,
2008-04-16,72.69425201416016,,,,,,
2008-04-17,72.69425201416016,,,,,,
2008-04-18,72.646728515625,,,,,,
2008-04-21,72.67840576171875,,,,,,
2008-04-22,72.69425201416016,,,,,,
2008-04-23,72.69425201416016,,,,,,
2008-04-24,72.7100830078125,,,,,,
2008-04-25,72.7100830078125,,,,,,
2008-04-28,72.66255187988281,,,,,,
2008-04-29,72.74179077148438,,,,,,
2008-04-30,72.66255187988281,,,,,,
2008-05-01,72.71650695800781,,,,,,
2008-05-02,72.66893005371094,,,,,,
2008-05-05,72.68473815917969,,,,,,
2008-05-06,72.65304565429688,,,,,,
2008-05-07,72.70063018798828,,,,,,
2008-05-08,72.66893005371094,,,,,,
2008-05-09,72.70063018798828,,,,,,
2008-05-12,72.70063018798828,,,,,,
2008-05-13,72.66893005371094,,,,,,
2008-05-14,72.66893005371094,,,,,,
2008-05-15,72.66893005371094,,,,,,
2008-05-16,72.68473815917969,,,,,,
2008-05-19,72.68473815917969,,,,,,
2008-05-20,72.65304565429688,,,,,,
2008-05-21,72.65304565429688,,,,,,
2008-05-22,72.70063018798828,,,,,,
2008-05-23,72.70063018798828,,,,,,
2008-05-27,72.70063018798828,,,,,,
2008-05-28,72.7323989868164,,,,,,
2008-05-29,72.70063018798828,,,,,,
2008-05-30,72.7323989868164,,,,,,
2008-06-02,72.79112243652344,,,,,,
2008-06-03,72.79112243652344,,,,,,
2008-06-04,72.7752456665039,,,,,,
2008-06-05,72.72758483886719,,,,,,
2008-06-06,72.74345397949219,,,,,,
2008-06-09,72.7752456665039,,,,,,
2008-06-10,72.82290649414062,,,,,,
2008-06-11,72.8705062866211,,,,,,
2008-06-12,72.82290649414062,,,,,,
2008-06-13,72.8705062866211,,,,,,
2008-06-16,72.8705062866211,,,,,,
2008-06-17,72.85472106933594,,,,,,
2008-06-18,72.88639831542969,,,,,,
2008-06-19,72.8705062866211,,,,,,
2008-06-20,72.90232849121094,,,,,,
2008-06-23,72.90232849121094,,,,,,
2008-06-24,72.90232849121094,,,,,,
2008-06-25,72.918212890625,,,,,,
2008-06-26,72.918212890625,,,,,,
2008-06-27,72.94996643066406,,,,,,
2008-06-30,72.90232849121094,,,,,,
2008-07-01,72.92779541015625,,,,,,
2008-07-02,72.92779541015625,,,,,,
2008-07-03,72.92779541015625,,,,,,
2008-07-07,72.9118423461914,,,,,,
2008-07-08,72.88005065917969,,,,,,
2008-07-09,72.89596557617188,,,,,,
2008-07-10,72.95957946777344,,,,,,
2008-07-11,73.00726318359375,,,,,,
2008-07-14,73.00726318359375,,,,,,
2008-07-15,73.023193359375,,,,,,
2008-07-16,73.03907012939453,,,,,,
2008-07-17,72.92779541015625,,,,,,
2008-07-18,73.023193359375,,,,,,
2008-07-21,72.95957946777344,,,,,,
2008-07-22,72.99134063720703,,,,,,
2008-07-23,73.023193359375,,,,,,
2008-07-24,73.00726318359375,,,,,,
2008-07-25,73.023193359375,,,,,,
2008-07-28,73.023193359375,,,,,,
2008-07-29,73.023193359375,,,,,,
2008-07-30,73.03907012939453,,,,,,
2008-07-31,73.03907012939453,,,,,,
2008-08-01,73.01679229736328,,,,,,
2008-08-04,73.0326919555664,,,,,,
2008-08-05,73.04865264892578,,,,,,
2008-08-06,73.01679229736328,,,,,,
2008-08-07,73.06453704833984,,,,,,
2008-08-08,73.04865264892578,,,,,,
2008-08-11,73.06453704833984,,,,,,
2008-08-12,73.01679229736328,,,,,,
2008-08-13,73.08045959472656,,,,,,
2008-08-14,73.06453704833984,,,,,,
2008-08-15,73.08045959472656,,,,,,
2008-08-18,73.0326919555664,,,,,,
2008-08-19,73.09637451171875,,,,,,
2008-08-20,73.09637451171875,,,,,,
2008-08-21,73.11234283447266,,,,,,
2008-08-22,73.12825775146484,,,,,,
2008-08-25,73.11234283447266,,,,,,
2008-08-26,73.12825775146484,,,,,,
2008-08-27,73.12825775146484,,,,,,
2008-08-28,73.12825775146484,,,,,,
2008-08-29,73.09637451171875,,,,,,
2008-09-02,73.14901733398438,,,,,,
2008-09-03,73.14901733398438,,,,,,
2008-09-04,73.14901733398438,,,,,,
2008-09-05,73.16496276855469,,,,,,
2008-09-08,73.16496276855469,,,,,,
2008-09-09,73.14901733398438,,,,,,
2008-09-10,73.18091583251953,,,,,,
2008-09-11,73.16496276855469,,,,,,
2008-09-12,73.19685363769531,,,,,,
2008-09-15,73.2766342163086,,,,,,
2008-09-16,73.30852508544922,,,,,,
2008-09-17,73.62747192382812,,,,,,
2008-09-18,73.42015075683594,,,,,,
2008-09-19,73.16496276855469,,,,,,
2008-09-22,73.19685363769531,,,,,,
2008-09-23,73.43610382080078,,,,,,
2008-09-24,73.21282196044922,,,,,,
2008-09-25,73.29255676269531,,,,,,
2008-09-26,73.42015075683594,,,,,,
2008-09-29,73.73906707763672,,,,,,
2008-09-30,73.46798706054688,,,,,,
2008-10-01,73.45679473876953,,,,,,
2008-10-02,73.42486572265625,,,,,,
2008-10-03,73.42486572265625,,,,,,
2008-10-06,73.40888214111328,,,,,,
2008-10-07,73.39291381835938,,,,,,
2008-10-08,73.32902526855469,,,,,,
2008-10-09,73.44081115722656,,,,,,
2008-10-10,73.5046615600586,,,,,,
2008-10-13,73.21724700927734,,,,,,
2008-10-14,73.34498596191406,,,,,,
2008-10-15,73.36097717285156,,,,,,
2008-10-16,73.32902526855469,,,,,,
2008-10-17,73.16932678222656,,,,,,
2008-10-20,73.34498596191406,,,,,,
2008-10-21,73.34498596191406,,,,,,
2008-10-22,73.24917602539062,,,,,,
2008-10-23,73.34498596191406,,,,,,
2008-10-24,73.26518249511719,,,,,,
2008-10-27,73.376953125,,,,,,
2008-10-28,73.36097717285156,,,,,,
2008-10-29,73.2811279296875,,,,,,
2008-10-30,73.376953125,,,,,,
2008-10-31,73.29707336425781,,,,,,
2008-11-03,73.27632904052734,,,,,,
2008-11-04,73.30831146240234,,,,,,
2008-11-05,73.34027862548828,,,,,,
2008-11-06,73.45216369628906,,,,,,
2008-11-07,73.45216369628906,,,,,,
2008-11-10,73.43619537353516,,,,,,
2008-11-11,73.43619537353516,,,,,,
2008-11-12,73.45216369628906,,,,,,
2008-11-13,73.45216369628906,,,,,,
2008-11-14,73.45216369628906,,,,,,
2008-11-17,73.48414611816406,,,,,,
2008-11-18,73.40418243408203,,,,,,
2008-11-19,73.38819885253906,,,,,,
2008-11-20,73.43619537353516,,,,,,
2008-11-21,73.4201889038086,,,,,,
2008-11-24,73.43619537353516,,,,,,
2008-11-25,73.45216369628906,,,,,,
2008-11-26,73.48414611816406,,,,,,
2008-11-28,73.26034545898438,,,,,,
2008-12-01,73.46186065673828,,,,,,
2008-12-02,73.52584075927734,,,,,,
2008-12-03,73.41383361816406,,,,,,
2008-12-04,73.38190460205078,,,,,,
2008-12-05,73.38190460205078,,,,,,
2008-12-08,73.39786529541016,,,,,,
2008-12-09,73.36591339111328,,,,,,
2008-12-10,73.41383361816406,,,,,,
2008-12-11,73.33389282226562,,,,,,
2008-12-12,73.36591339111328,,,,,,
2008-12-15,73.34994506835938,,,,,,
2008-12-16,73.39786529541016,,,,,,
2008-12-17,73.34994506835938,,,,,,
2008-12-18,73.3019790649414,,,,,,
2008-12-19,73.34994506835938,,,,,,
2008-12-22,73.44589233398438,,,,,,
2008-12-23,73.36591339111328,,,,,,
2008-12-24,73.44589233398438,,,,,,
2008-12-26,73.44589233398438,,,,,,
2008-12-29,73.18660736083984,,,,,,
2008-12-30,73.44267272949219,,,,,,
2008-12-31,73.28262329101562,,,,,,
2009-01-02,73.29864501953125,,,,,,
2009-01-05,73.29864501953125,,,,,,
2009-01-06,73.31462860107422,,,,,,
2009-01-07,73.42666625976562,,,,,,
2009-01-08,73.34669494628906,,,,,,
2009-01-09,73.39466094970703,,,,,,
2009-01-12,73.36266326904297,,,,,,
2009-01-13,73.45865631103516,,,,,,
2009-01-14,73.47467041015625,,,,,,
2009-01-15,73.49067687988281,,,,,,
2009-01-16,73.44267272949219,,,,,,
2009-01-20,73.31462860107422,,,,,,
2009-01-21,73.44267272949219,,,,,,
2009-01-22,73.45865631103516,,,,,,
2009-01-23,73.44267272949219,,,,,,
2009-01-26,73.42666625976562,,,,,,
2009-01-27,73.39466094970703,,,,,,
2009-01-28,73.36266326904297,,,,,,
2009-01-29,73.36266326904297,,,,,,
2009-01-30,73.42666625976562,,,,,,
2009-02-02,73.4714584350586,,,,,,
2009-02-03,73.40743255615234,,,,,,
2009-02-04,73.45545959472656,,,,,,
2009-02-05,73.4234619140625,,,,,,
2009-02-06,73.3114242553711,,,,,,
2009-02-09,73.40743255615234,,,,,,
2009-02-10,73.39143371582031,,,,,,
2009-02-11,73.3754653930664,,,,,,
2009-02-12,73.3754653930664,,,,,,
2009-02-13,73.4394760131836,,,,,,
2009-02-17,73.4394760131836,,,,,,
2009-02-18,73.45545959472656,,,,,,
2009-02-19,73.45545959472656,,,,,,
2009-02-20,73.45545959472656,,,,,,
2009-02-23,73.4394760131836,,,,,,
2009-02-24,73.39143371582031,,,,,,
2009-02-25,73.35946655273438,,,,,,
2009-02-26,73.3754653930664,,,,,,
2009-02-27,73.4234619140625,,,,,,
2009-03-02,73.46668243408203,,,,,,
2009-03-03,73.45067596435547,,,,,,
2009-03-04,73.45067596435547,,,,,,
2009-03-05,73.46668243408203,,,,,,
2009-03-06,73.45067596435547,,,,,,
2009-03-09,73.45067596435547,,,,,,
2009-03-10,73.45067596435547,,,,,,
2009-03-11,73.45067596435547,,,,,,
2009-03-12,73.41868591308594,,,,,,
2009-03-13,73.40266418457031,,,,,,
2009-03-16,73.38660430908203,,,,,,
2009-03-17,73.43464660644531,,,,,,
2009-03-18,73.45067596435547,,,,,,
2009-03-19,73.40266418457031,,,,,,
2009-03-20,73.43464660644531,,,,,,
2009-03-23,73.45067596435547,,,,,,
2009-03-24,73.43464660644531,,,,,,
2009-03-25,73.46668243408203,,,,,,
2009-03-26,73.45067596435547,,,,,,
2009-03-27,73.46668243408203,,,,,,
2009-03-30,73.45067596435547,,,,,,
2009-03-31,73.41868591308594,,,,,,
2009-04-01,73.43145751953125,,,,,,
2009-04-02,73.38345336914062,,,,,,
2009-04-03,73.43145751953125,,,,,,
2009-04-06,73.41547393798828,,,,,,
2009-04-07,73.41547393798828,,,,,,
2009-04-08,73.44746398925781,,,,,,
2009-04-09,73.39940643310547,,,,,,
2009-04-13,73.44746398925781,,,,,,
2009-04-14,73.41547393798828,,,,,,
2009-04-15,73.41547393798828,,,,,,
2009-04-16,73.4635009765625,,,,,,
2009-04-17,73.38345336914062,,,,,,
2009-04-20,73.41547393798828,,,,,,
2009-04-21,73.39940643310547,,,,,,
2009-04-22,73.44746398925781,,,,,,
2009-04-23,73.4795150756836,,,,,,
2009-04-24,73.4795150756836,,,,,,
2009-04-27,73.4635009765625,,,,,,
2009-04-28,73.4795150756836,,,,,,
2009-04-29,73.4635009765625,,,,,,
2009-04-30,73.4635009765625,,,,,,
2009-05-01,73.48751831054688,,,,,,
2009-05-04,73.39144134521484,,,,,,
2009-05-05,73.40742492675781,,,,,,
2009-05-06,73.39144134521484,,,,,,
2009-05-07,73.39144134521484,,,,,,
2009-05-08,73.40742492675781,,,,,,
2009-05-11,73.39144134521484,,,,,,
2009-05-12,73.4554443359375,,,,,,
2009-05-13,73.40742492675781,,,,,,
2009-05-14,73.4234848022461,,,,,,
2009-05-15,73.4234848022461,,,,,,
2009-05-18,73.47151947021484,,,,,,
2009-05-19,73.4554443359375,,,,,,
2009-05-20,73.39144134521484,,,,,,
2009-05-21,73.43946075439453,,,,,,
2009-05-22,73.4554443359375,,,,,,
2009-05-26,73.47151947021484,,,,,,
2009-05-27,73.47151947021484,,,,,,
2009-05-28,73.4554443359375,,,,,,
2009-05-29,73.47151947021484,,,,,,
2009-06-01,73.4138412475586,,,,,,
2009-06-02,73.4138412475586,,,,,,
2009-06-03,73.44586944580078,,,,,,
2009-06-04,73.44586944580078,,,,,,
2009-06-05,73.42985534667969,,,,,,
2009-06-08,73.44586944580078,,,,,,
2009-06-09,73.42985534667969,,,,,,
2009-06-10,73.44586944580078,,,,,,
2009-06-11,73.3978271484375,,,,,,
2009-06-12,73.46186828613281,,,,,,
2009-06-15,73.46186828613281,,,,,,
2009-06-16,73.47791290283203,,,,,,
2009-06-17,73.47791290283203,,,,,,
2009-06-18,73.46186828613281,,,,,,
2009-06-19,73.47791290283203,,,,,,
2009-06-22,73.47791290283203,,,,,,
2009-06-23,73.47791290283203,,,,,,
2009-06-24,73.47791290283203,,,,,,
2009-06-25,73.47791290283203,,,,,,
2009-06-26,73.47791290283203,,,,,,
2009-06-29,73.47791290283203,,,,,,
2009-06-30,73.46186828613281,,,,,,
2009-07-01,73.46349334716797,,,,,,
2009-07-02,73.4795150756836,,,,,,
2009-07-06,73.46349334716797,,,,,,
2009-07-07,73.46349334716797,,,,,,
2009-07-08,73.4795150756836,,,,,,
2009-07-09,73.46349334716797,,,,,,
2009-07-10,73.46349334716797,,,,,,
2009-07-13,73.4795150756836,,,,,,
2009-07-14,73.4795150756836,,,,,,
2009-07-15,73.44746398925781,,,,,,
2009-07-16,73.4795150756836,,,,,,
2009-07-17,73.4795150756836,,,,,,
2009-07-20,73.44746398925781,,,,,,
2009-07-21,73.44746398925781,,,,,,
2009-07-22,73.46349334716797,,,,,,
2009-07-23,73.44746398925781,,,,,,
2009-07-24,73.43146514892578,,,,,,
2009-07-27,73.43146514892578,,,,,,
2009-07-28,73.44746398925781,,,,,,
2009-07-29,73.44746398925781,,,,,,
2009-07-30,73.46349334716797,,,,,,
2009-07-31,73.41545104980469,,,,,,
2009-08-03,73.43470001220703,,,,,,
2009-08-04,73.45066833496094,,,,,,
2009-08-05,73.43470001220703,,,,,,
2009-08-06,73.43470001220703,,,,,,
2009-08-07,73.43470001220703,,,,,,
2009-08-10,73.43470001220703,,,,,,
2009-08-11,73.43470001220703,,,,,,
2009-08-12,73.46669006347656,,,,,,
2009-08-13,73.43470001220703,,,,,,
2009-08-14,73.46669006347656,,,,,,
2009-08-17,73.43470001220703,,,,,,
2009-08-18,73.46669006347656,,,,,,
2009-08-19,73.43470001220703,,,,,,
2009-08-20,73.45066833496094,,,,,,
2009-08-21,73.43470001220703,,,,,,
2009-08-24,73.43470001220703,,,,,,
2009-08-25,73.43470001220703,,,,,,
2009-08-26,73.45066833496094,,,,,,
2009-08-27,73.45066833496094,,,,,,
2009-08-28,73.46669006347656,,,,,,
2009-08-31,73.46669006347656,,,,,,
2009-09-01,73.42184448242188,,,,,,
2009-09-02,73.48593139648438,,,,,,
2009-09-03,73.48593139648438,,,,,,
2009-09-04,73.48593139648438,,,,,,
2009-09-08,73.48593139648438,,,,,,
2009-09-09,73.43787384033203,,,,,,
2009-09-10,73.45392608642578,,,,,,
2009-09-11,73.43787384033203,,,,,,
2009-09-14,73.43787384033203,,,,,,
2009-09-15,73.43787384033203,,,,,,
2009-09-16,73.43787384033203,,,,,,
2009-09-17,73.45392608642578,,,,,,
2009-09-18,73.43787384033203,,,,,,
2009-09-21,73.48593139648438,,,,,,
2009-09-22,73.43787384033203,,,,,,
2009-09-23,73.46994018554688,,,,,,
2009-09-24,73.43787384033203,,,,,,
2009-09-25,73.46994018554688,,,,,,
2009-09-28,73.48593139648438,,,,,,
2009-09-29,73.48593139648438,,,,,,
2009-09-30,73.48593139648438,,,,,,
2009-10-01,73.44105529785156,,,,,,
2009-10-02,73.44105529785156,,,,,,
2009-10-05,73.47313690185547,,,,,,
2009-10-06,73.44105529785156,,,,,,
2009-10-07,73.47313690185547,,,,,,
2009-10-08,73.44105529785156,,,,,,
2009-10-09,73.45709228515625,,,,,,
2009-10-12,73.45709228515625,,,,,,
2009-10-13,73.45709228515625,,,,,,
2009-10-14,73.44105529785156,,,,,,
2009-10-15,73.44105529785156,,,,,,
2009-10-16,73.47313690185547,,,,,,
2009-10-19,73.45709228515625,,,,,,
2009-10-20,73.44105529785156,,,,,,
2009-10-21,73.44105529785156,,,,,,
2009-10-22,73.44105529785156,,,,,,
2009-10-23,73.44105529785156,,,,,,
2009-10-26,73.44105529785156,,,,,,
2009-10-27,73.44105529785156,,,,,,
2009-10-28,73.44105529785156,,,,,,
2009-10-29,73.45709228515625,,,,,,
2009-10-30,73.4891586303711,,,,,,
2009-11-02,73.49073028564453,,,,,,
2009-11-03,73.49073028564453,,,,,,
2009-11-04,73.4747085571289,,,,,,
2009-11-05,73.4747085571289,,,,,,
2009-11-06,73.49073028564453,,,,,,
2009-11-09,73.49073028564453,,,,,,
2009-11-10,73.44265747070312,,,,,,
2009-11-11,73.44265747070312,,,,,,
2009-11-12,73.44265747070312,,,,,,
2009-11-13,73.44265747070312,,,,,,
2009-11-16,73.44265747070312,,,,,,
2009-11-17,73.44265747070312,,,,,,
2009-11-18,73.44265747070312,,,,,,
2009-11-19,73.44265747070312,,,,,,
2009-11-20,73.44265747070312,,,,,,
2009-11-23,73.44265747070312,,,,,,
2009-11-24,73.44265747070312,,,,,,
2009-11-25,73.44265747070312,,,,,,
2009-11-27,73.45870208740234,,,,,,
2009-11-30,73.45870208740234,,,,,,
2009-12-01,73.45870208740234,,,,,,
2009-12-02,73.44265747070312,,,,,,
2009-12-03,73.44265747070312,,,,,,
2009-12-04,73.4747085571289,,,,,,
2009-12-07,73.44265747070312,,,,,,
2009-12-08,73.44265747070312,,,,,,
2009-12-09,73.4747085571289,,,,,,
2009-12-10,73.44265747070312,,,,,,
2009-12-11,73.44265747070312,,,,,,
2009-12-14,73.42664337158203,,,,,,
2009-12-15,73.42664337158203,,,,,,
2009-12-16,73.44265747070312,,,,,,
2009-12-17,73.44265747070312,,,,,,
2009-12-18,73.44265747070312,,,,,,
2009-12-21,73.44265747070312,,,,,,
2009-12-22,73.44265747070312,,,,,,
2009-12-23,73.44265747070312,,,,,,
2009-12-24,73.45870208740234,,,,,,
2009-12-28,73.44265747070312,,,,,,
2009-12-29,73.44906616210938,,,,,,
2009-12-30,73.46513366699219,,,,,,
2009-12-31,73.48111724853516,,,,,,
2010-01-04,73.44906616210938,,,,,,
2010-01-05,73.43306732177734,,,,,,
2010-01-06,73.43306732177734,,,,,,
2010-01-07,73.43306732177734,,,,,,
2010-01-08,73.43306732177734,,,,,,
2010-01-11,73.43306732177734,,,,,,
2010-01-12,73.43306732177734,,,,,,
2010-01-13,73.46513366699219,,,,,,
2010-01-14,73.44906616210938,,,,,,
2010-01-15,73.44906616210938,,,,,,
2010-01-19,73.44906616210938,,,,,,
2010-01-20,73.44906616210938,,,,,,
2010-01-21,73.44906616210938,,,,,,
2010-01-22,73.44906616210938,,,,,,
2010-01-25,73.46513366699219,,,,,,
2010-01-26,73.46513366699219,,,,,,
2010-01-27,73.48111724853516,,,,,,
2010-01-28,73.46513366699219,,,,,,
2010-01-29,73.48111724853516,,,,,,
2010-02-01,73.46513366699219,,,,,,
2010-02-02,73.44906616210938,,,,,,
2010-02-03,73.48111724853516,,,,,,
2010-02-04,73.48111724853516,,,,,,
2010-02-05,73.48111724853516,,,,,,
2010-02-08,73.48111724853516,,,,,,
2010-02-09,73.48111724853516,,,,,,
2010-02-10,73.48111724853516,,,,,,
2010-02-11,73.48111724853516,,,,,,
2010-02-12,73.48111724853516,,,,,,
2010-02-16,73.48111724853516,,,,,,
2010-02-17,73.43306732177734,,,,,,
2010-02-18,73.46513366699219,,,,,,
2010-02-19,73.43306732177734,,,,,,
2010-02-22,73.46513366699219,,,,,,
2010-02-23,73.43306732177734,,,,,,
2010-02-24,73.46513366699219,,,,,,
2010-02-25,73.46513366699219,,,,,,
2010-02-26,73.46513366699219,,,,,,
2010-03-01,73.43306732177734,,,,,,
2010-03-02,73.44906616210938,,,,,,
2010-03-03,73.43306732177734,,,,,,
2010-03-04,73.43306732177734,,,,,,
2010-03-05,73.43306732177734,,,,,,
2010-03-08,73.43306732177734,,,,,,
2010-03-09,73.43306732177734,,,,,,
2010-03-10,73.44906616210938,,,,,,
2010-03-11,73.43306732177734,,,,,,
2010-03-12,73.43306732177734,,,,,,
2010-03-15,73.43306732177734,,,,,,
2010-03-16,73.43306732177734,,,,,,
2010-03-17,73.43306732177734,,,,,,
2010-03-18,73.43306732177734,,,,,,
2010-03-19,73.43306732177734,,,,,,
2010-03-22,73.44906616210938,,,,,,
2010-03-23,73.44906616210938,,,,,,
2010-03-24,73.43306732177734,,,,,,
2010-03-25,73.46513366699219,,,,,,
2010-03-26,73.46513366699219,,,,,,
2010-03-29,73.43306732177734,,,,,,
2010-03-30,73.43306732177734,,,,,,
2010-03-31,73.46513366699219,,,,,,
2010-04-01,73.46513366699219,,,,,,
2010-04-05,73.43306732177734,,,,,,
2010-04-06,73.43306732177734,,,,,,
2010-04-07,73.43306732177734,,,,,,
2010-04-08,73.43306732177734,,,,,,
2010-04-09,73.43306732177734,,,,,,
2010-04-12,73.43306732177734,,,,,,
2010-04-13,73.43306732177734,,,,,,
2010-04-14,73.43306732177734,,,,,,
2010-04-15,73.43306732177734,,,,,,
2010-04-16,73.43306732177734,,,,,,
2010-04-19,73.44906616210938,,,,,,
2010-04-20,73.43306732177734,,,,,,
2010-04-21,73.43306732177734,,,,,,
2010-04-22,73.43306732177734,,,,,,
2010-04-23,73.43306732177734,,,,,,
2010-04-26,73.44906616210938,,,,,,
2010-04-27,73.43306732177734,,,,,,
2010-04-28,73.44906616210938,,,,,,
2010-04-29,73.44906616210938,,,,,,
2010-04-30,73.43306732177734,,,,,,
2010-05-03,73.44906616210938,,,,,,
2010-05-04,73.43306732177734,,,,,,
2010-05-05,73.44906616210938,,,,,,
2010-05-06,73.46513366699219,,,,,,
2010-05-07,73.46513366699219,,,,,,
2010-05-10,73.46513366699219,,,,,,
2010-05-11,73.46513366699219,,,,,,
2010-05-12,73.46513366699219,,,,,,
2010-05-13,73.44906616210938,,,,,,
2010-05-14,73.46513366699219,,,,,,
2010-05-17,73.46513366699219,,,,,,
2010-05-18,73.44906616210938,,,,,,
2010-05-19,73.46513366699219,,,,,,
2010-05-20,73.46513366699219,,,,,,
2010-05-21,73.46513366699219,,,,,,
2010-05-24,73.46513366699219,,,,,,
2010-05-25,73.46513366699219,,,,,,
2010-05-26,73.48111724853516,,,,,,
2010-05-27,73.44906616210938,,,,,,
2010-05-28,73.46513366699219,,,,,,
2010-06-01,73.46513366699219,,,,,,
2010-06-02,73.48111724853516,,,,,,
2010-06-03,73.44906616210938,,,,,,
2010-06-04,73.48111724853516,,,,,,
2010-06-07,73.46513366699219,,,,,,
2010-06-08,73.48111724853516,,,,,,
2010-06-09,73.48111724853516,,,,,,
2010-06-10,73.48111724853516,,,,,,
2010-06-11,73.48111724853516,,,,,,
2010-06-14,73.44906616210938,,,,,,
2010-06-15,73.44906616210938,,,,,,
2010-06-16,73.44906616210938,,,,,,
2010-06-17,73.44906616210938,,,,,,
2010-06-18,73.46513366699219,,,,,,
2010-06-21,73.44906616210938,,,,,,
2010-06-22,73.46513366699219,,,,,,
2010-06-23,73.46513366699219,,,,,,
2010-06-24,73.46513366699219,,,,,,
2010-06-25,73.46513366699219,,,,,,
2010-06-28,73.46513366699219,,,,,,
2010-06-29,73.46513366699219,,,,,,
2010-06-30,73.48111724853516,,,,,,
2010-07-01,73.46513366699219,,,,,,
2010-07-02,73.46513366699219,,,,,,
2010-07-06,73.44906616210938,,,,,,
2010-07-07,73.44906616210938,,,,,,
2010-07-08,73.46513366699219,,,,,,
2010-07-09,73.44906616210938,,,,,,
2010-07-12,73.46513366699219,,,,,,
2010-07-13,73.46513366699219,,,,,,
2010-07-14,73.46513366699219,,,,,,
2010-07-15,73.46513366699219,,,,,,
2010-07-16,73.46513366699219,,,,,,
2010-07-19,73.44906616210938,,,,,,
2010-07-20,73.44906616210938,,,,,,
2010-07-21,73.44906616210938,,,,,,
2010-07-22,73.44906616210938,,,,,,
2010-07-23,73.46513366699219,,,,,,
2010-07-26,73.43306732177734,,,,,,
2010-07-27,73.43306732177734,,,,,,
2010-07-28,73.44906616210938,,,,,,
2010-07-29,73.43306732177734,,,,,,
2010-07-30,73.44906616210938,,,,,,
2010-08-02,73.43306732177734,,,,,,
2010-08-03,73.43306732177734,,,,,,
2010-08-04,73.43306732177734,,,,,,
2010-08-05,73.43306732177734,,,,,,
2010-08-06,73.43306732177734,,,,,,
2010-08-09,73.43306732177734,,,,,,
2010-08-10,73.44906616210938,,,,,,
2010-08-11,73.46513366699219,,,,,,
2010-08-12,73.46513366699219,,,,,,
2010-08-13,73.46513366699219,,,,,,
2010-08-16,73.44906616210938,,,,,,
2010-08-17,73.46513366699219,,,,,,
2010-08-18,73.44906616210938,,,,,,
2010-08-19,73.44906616210938,,,,,,
2010-08-20,73.46513366699219,,,,,,
2010-08-23,73.44906616210938,,,,,,
2010-08-24,73.44906616210938,,,,,,
2010-08-25,73.46513366699219,,,,,,
2010-08-26,73.44906616210938,,,,,,
2010-08-27,73.44906616210938,,,,,,
2010-08-30,73.46513366699219,,,,,,
2010-08-31,73.44906616210938,,,,,,
2010-09-01,73.44906616210938,,,,,,
2010-09-02,73.46513366699219,,,,,,
2010-09-03,73.46513366699219,,,,,,
2010-09-07,73.44906616210938,,,,,,
2010-09-08,73.44906616210938,,,,,,
2010-09-09,73.44906616210938,,,,,,
2010-09-10,73.44906616210938,,,,,,
2010-09-13,73.44906616210938,,,,,,
2010-09-14,73.46513366699219,,,,,,
2010-09-15,73.46513366699219,,,,,,
2010-09-16,73.46513366699219,,,,,,
2010-09-17,73.44906616210938,,,,,,
2010-09-20,73.44906616210938,,,,,,
2010-09-21,73.44906616210938,,,,,,
2010-09-22,73.44906616210938,,,,,,
2010-09-23,73.44906616210938,,,,,,
2010-09-24,73.46513366699219,,,,,,
2010-09-27,73.46513366699219,,,,,,
2010-09-28,73.44906616210938,,,,,,
2010-09-29,73.44906616210938,,,,,,
2010-09-30,73.44906616210938,,,,,,
2010-10-01,73.44906616210938,,,,,,
2010-10-04,73.46513366699219,,,,,,
2010-10-05,73.44906616210938,,,,,,
2010-10-06,73.44906616210938,,,,,,
2010-10-07,73.44906616210938,,,,,,
2010-10-08,73.44906616210938,,,,,,
2010-10-11,73.44906616210938,,,,,,
2010-10-12,73.44906616210938,,,,,,
2010-10-13,73.44906616210938,,,,,,
2010-10-14,73.46513366699219,,,,,,
2010-10-15,73.44906616210938,,,,,,
2010-10-18,73.46513366699219,,,,,,
2010-10-19,73.44906616210938,,,,,,
2010-10-20,73.44906616210938,,,,,,
2010-10-21,73.44906616210938,,,,,,
2010-10-22,73.46513366699219,,,,,,
2010-10-25,73.44906616210938,,,,,,
2010-10-26,73.46513366699219,,,,,,
2010-10-27,73.46513366699219,,,,,,
2010-10-28,73.44906616210938,,,,,,
2010-10-29,73.46513366699219,,,,,,
2010-11-01,73.46513366699219,,,,,,
2010-11-02,73.43306732177734,,,,,,
2010-11-03,73.44906616210938,,,,,,
2010-11-04,73.44906616210938,,,,,,
2010-11-05,73.44906616210938,,,,,,
2010-11-08,73.44906616210938,,,,,,
2010-11-09,73.44906616210938,,,,,,
2010-11-10,73.44906616210938,,,,,,
2010-11-11,73.43306732177734,,,,,,
2010-11-12,73.46513366699219,,,,,,
2010-11-15,73.46513366699219,,,,,,
2010-11-16,73.46513366699219,,,,,,
2010-11-17,73.46513366699219,,,,,,
2010-11-18,73.44906616210938,,,,,,
2010-11-19,73.44906616210938,,,,,,
2010-11-22,73.44906616210938,,,,,,
2010-11-23,73.44906616210938,,,,,,
2010-11-24,73.46513366699219,,,,,,
2010-11-26,73.46513366699219,,,,,,
2010-11-29,73.46513366699219,,,,,,
2010-11-30,73.46513366699219,,,,,,
2010-12-01,73.44906616210938,,,,,,
2010-12-02,73.44906616210938,,,,,,
2010-12-03,73.46513366699219,,,,,,
2010-12-06,73.44906616210938,,,,,,
2010-12-07,73.44906616210938,,,,,,
2010-12-08,73.44906616210938,,,,,,
2010-12-09,73.46513366699219,,,,,,
2010-12-10,73.46513366699219,,,,,,
2010-12-13,73.46513366699219,,,,,,
2010-12-14,73.46513366699219,,,,,,
2010-12-15,73.44906616210938,,,,,,
2010-12-16,73.44906616210938,,,,,,
2010-12-17,73.46513366699219,,,,,,
2010-12-20,73.46513366699219,,,,,,
2010-12-21,73.46513366699219,,,,,,
2010-12-22,73.44906616210938,,,,,,
2010-12-23,73.44906616210938,,,,,,
2010-12-27,73.44906616210938,,,,,,
2010-12-28,73.46513366699219,,,,,,
2010-12-29,73.44906616210938,,,,,,
2010-12-30,73.46513366699219,,,,,,
2010-12-31,73.44906616210938,,,,,,
2011-01-03,73.46513366699219,,,,,,
2011-01-04,73.46513366699219,,,,,,
2011-01-05,73.46513366699219,,,,,,
2011-01-06,73.46513366699219,,,,,,
2011-01-07,73.44906616210938,,,,,,
2011-01-10,73.46513366699219,,,,,,
2011-01-11,73.46513366699219,,,,,,
2011-01-12,73.44906616210938,,,,,,
2011-01-13,73.44906616210938,,,,,,
2011-01-14,73.44906616210938,,,,,,
2011-01-18,73.44906616210938,,,,,,
2011-01-19,73.46513366699219,,,,,,
2011-01-20,73.46513366699219,,,,,,
2011-01-21,73.44906616210938,,,,,,
2011-01-24,73.44906616210938,,,,,,
2011-01-25,73.46513366699219,,,,,,
2011-01-26,73.44906616210938,,,,,,
2011-01-27,73.46513366699219,,,,,,
2011-01-28,73.44906616210938,,,,,,
2011-01-31,73.44906616210938,,,,,,
2011-02-01,73.44906616210938,,,,,,
2011-02-02,73.44906616210938,,,,,,
2011-02-03,73.44906616210938,,,,,,
2011-02-04,73.46513366699219,,,,,,
2011-02-07,73.44906616210938,,,,,,
2011-02-08,73.44906616210938,,,,,,
2011-02-09,73.46513366699219,,,,,,
2011-02-10,73.44906616210938,,,,,,
2011-02-11,73.44906616210938,,,,,,
2011-02-14,73.44906616210938,,,,,,
2011-02-15,73.46513366699219,,,,,,
2011-02-16,73.46513366699219,,,,,,
2011-02-17,73.46513366699219,,,,,,
2011-02-18,73.44906616210938,,,,,,
2011-02-22,73.44906616210938,,,,,,
2011-02-23,73.46513366699219,,,,,,
2011-02-24,73.46513366699219,,,,,,
2011-02-25,73.46513366699219,,,,,,
2011-02-28,73.44906616210938,,,,,,
2011-03-01,73.44906616210938,,,,,,
2011-03-02,73.46513366699219,,,,,,
2011-03-03,73.44906616210938,,,,,,
2011-03-04,73.46513366699219,,,,,,
2011-03-07,73.44906616210938,,,,,,
2011-03-08,73.44906616210938,,,,,,
2011-03-09,73.44906616210938,,,,,,
2011-03-10,73.44906616210938,,,,,,
2011-03-11,73.46513366699219,,,,,,
2011-03-14,73.46513366699219,,,,,,
2011-03-15,73.48111724853516,,,,,,
2011-03-16,73.48111724853516,,,,,,
2011-03-17,73.48111724853516,,,,,,
2011-03-18,73.48111724853516,,,,,,
2011-03-21,73.48111724853516,,,,,,
2011-03-22,73.44906616210938,,,,,,
2011-03-23,73.46513366699219,,,,,,
2011-03-24,73.44906616210938,,,,,,
2011-03-25,73.44906616210938,,,,,,
2011-03-28,73.46513366699219,,,,,,
2011-03-29,73.44906616210938,,,,,,
2011-03-30,73.46513366699219,,,,,,
2011-03-31,73.44906616210938,,,,,,
2011-04-01,73.44906616210938,,,,,,
2011-04-04,73.44906616210938,,,,,,
2011-04-05,73.44906616210938,,,,,,
2011-04-06,73.44906616210938,,,,,,
2011-04-07,73.46513366699219,,,,,,
2011-04-08,73.44906616210938,,,,,,
2011-04-11,73.44906616210938,,,,,,
2011-04-12,73.46513366699219,,,,,,
2011-04-13,73.46513366699219,,,,,,
2011-04-14,73.44906616210938,,,,,,
2011-04-15,73.46513366699219,,,,,,
2011-04-18,73.44906616210938,,,,,,
2011-04-19,73.44906616210938,,,,,,
2011-04-20,73.44906616210938,,,,,,
2011-04-21,73.44906616210938,,,,,,
2011-04-25,73.44906616210938,,,,,,
2011-04-26,73.44906616210938,,,,,,
2011-04-27,73.44906616210938,,,,,,
2011-04-28,73.44906616210938,,,,,,
2011-04-29,73.44906616210938,,,,,,
2011-05-02,73.44906616210938,,,,,,
2011-05-03,73.44906616210938,,,,,,
2011-05-04,73.48111724853516,,,,,,
2011-05-05,73.48111724853516,,,,,,
2011-05-06,73.48111724853516,,,,,,
2011-05-09,73.48111724853516,,,,,,
2011-05-10,73.48111724853516,,,,,,
2011-05-11,73.48111724853516,,,,,,
2011-05-12,73.48111724853516,,,,,,
2011-05-13,73.46513366699219,,,,,,
2011-05-16,73.46513366699219,,,,,,
2011-05-17,73.46513366699219,,,,,,
2011-05-18,73.44906616210938,,,,,,
2011-05-19,73.48111724853516,,,,,,
2011-05-20,73.46513366699219,,,,,,
2011-05-23,73.46513366699219,,,,,,
2011-05-24,73.46513366699219,,,,,,
2011-05-25,73.46513366699219,,,,,,
2011-05-26,73.46513366699219,,,,,,
2011-05-27,73.46513366699219,,,,,,
2011-05-31,73.46513366699219,,,,,,
2011-06-01,73.44906616210938,,,,,,
2011-06-02,73.44906616210938,,,,,,
2011-06-03,73.44906616210938,,,,,,
2011-06-06,73.44906616210938,,,,,,
2011-06-07,73.46513366699219,,,,,,
2011-06-08,73.46513366699219,,,,,,
2011-06-09,73.44906616210938,,,,,,
2011-06-10,73.46513366699219,,,,,,
2011-06-13,73.44906616210938,,,,,,
2011-06-14,73.46513366699219,,,,,,
2011-06-15,73.46513366699219,,,,,,
2011-06-16,73.46513366699219,,,,,,
2011-06-17,73.46513366699219,,,,,,
2011-06-20,73.46513366699219,,,,,,
2011-06-21,73.44906616210938,,,,,,
2011-06-22,73.46513366699219,,,,,,
2011-06-23,73.46513366699219,,,,,,
2011-06-24,73.44906616210938,,,,,,
2011-06-27,73.44906616210938,,,,,,
2011-06-28,73.44906616210938,,,,,,
2011-06-29,73.46513366699219,,,,,,
2011-06-30,73.46513366699219,,,,,,
2011-07-01,73.44906616210938,,,,,,
2011-07-05,73.44906616210938,,,,,,
2011-07-06,73.46513366699219,,,,,,
2011-07-07,73.44906616210938,,,,,,
2011-07-08,73.44906616210938,,,,,,
2011-07-11,73.43306732177734,,,,,,
2011-07-12,73.44906616210938,,,,,,
2011-07-13,73.46513366699219,,,,,,
2011-07-14,73.46513366699219,,,,,,
2011-07-15,73.46513366699219,,,,,,
2011-07-18,73.46513366699219,,,,,,
2011-07-19,73.46513366699219,,,,,,
2011-07-20,73.44906616210938,,,,,,
2011-07-21,73.44906616210938,,,,,,
2011-07-22,73.46513366699219,,,,,,
2011-07-25,73.46513366699219,,,,,,
2011-07-26,73.46513366699219,,,,,,
2011-07-27,73.46513366699219,,,,,,
2011-07-28,73.46513366699219,,,,,,
2011-07-29,73.46513366699219,,,,,,
2011-08-01,73.46513366699219,,,,,,
2011-08-02,73.46513366699219,,,,,,
2011-08-03,73.46513366699219,,,,,,
2011-08-04,73.46513366699219,,,,,,
2011-08-05,73.46513366699219,,,,,,
2011-08-08,73.46513366699219,,,,,,
2011-08-09,73.46513366699219,,,,,,
2011-08-10,73.46513366699219,,,,,,
2011-08-11,73.46513366699219,,,,,,
2011-08-12,73.46513366699219,,,,,,
2011-08-15,73.46513366699219,,,,,,
2011-08-16,73.46513366699219,,,,,,
2011-08-17,73.46513366699219,,,,,,
2011-08-18,73.43306732177734,,,,,,
2011-08-19,73.46513366699219,,,,,,
2011-08-22,73.43306732177734,,,,,,
2011-08-23,73.46513366699219,,,,,,
2011-08-24,73.46513366699219,,,,,,
2011-08-25,73.43306732177734,,,,,,
2011-08-26,73.46513366699219,,,,,,
2011-08-29,73.46513366699219,,,,,,
2011-08-30,73.46513366699219,,,,,,
2011-08-31,73.46513366699219,,,,,,
2011-09-01,73.46513366699219,,,,,,
2011-09-02,73.46513366699219,,,,,,
2011-09-06,73.44906616210938,,,,,,
2011-09-07,73.43306732177734,,,,,,
2011-09-08,73.43306732177734,,,,,,
2011-09-09,73.44906616210938,,,,,,
2011-09-12,73.44906616210938,,,,,,
2011-09-13,73.43306732177734,,,,,,
2011-09-14,73.43306732177734,,,,,,
2011-09-15,73.43306732177734,,,,,,
2011-09-16,73.43306732177734,,,,,,
2011-09-19,73.44906616210938,,,,,,
2011-09-20,73.44906616210938,,,,,,
2011-09-21,73.44906616210938,,,,,,
2011-09-22,73.43306732177734,,,,,,
2011-09-23,73.44906616210938,,,,,,
2011-09-26,73.44906616210938,,,,,,
2011-09-27,73.43306732177734,,,,,,
2011-09-28,73.44906616210938,,,,,,
2011-09-29,73.44906616210938,,,,,,
2011-09-30,73.44906616210938,,,,,,
2011-10-03,73.44906616210938,,,,,,
2011-10-04,73.44906616210938,,,,,,
2011-10-05,73.44906616210938,,,,,,
2011-10-06,73.43306732177734,,,,,,
2011-10-07,73.44906616210938,,,,,,
2011-10-10,73.43306732177734,,,,,,
2011-10-11,73.44906616210938,,,,,,
2011-10-12,73.43306732177734,,,,,,
2011-10-13,73.44906616210938,,,,,,
2011-10-14,73.43306732177734,,,,,,
2011-10-17,73.43306732177734,,,,,,
2011-10-18,73.44906616210938,,,,,,
2011-10-19,73.44906616210938,,,,,,
2011-10-20,73.44906616210938,,,,,,
2011-10-21,73.43306732177734,,,,,,
2011-10-24,73.43306732177734,,,,,,
2011-10-25,73.44906616210938,,,,,,
2011-10-26,73.44906616210938,,,,,,
2011-10-27,73.43306732177734,,,,,,
2011-10-28,73.43306732177734,,,,,,
2011-10-31,73.41707611083984,,,,,,
2011-11-01,73.44906616210938,,,,,,
2011-11-02,73.43306732177734,,,,,,
2011-11-03,73.41707611083984,,,,,,
2011-11-04,73.43306732177734,,,,,,
2011-11-07,73.44906616210938,,,,,,
2011-11-08,73.44906616210938,,,,,,
2011-11-09,73.43306732177734,,,,,,
2011-11-10,73.44906616210938,,,,,,
2011-11-11,73.43306732177734,,,,,,
2011-11-14,73.44906616210938,,,,,,
2011-11-15,73.43306732177734,,,,,,
2011-11-16,73.44906616210938,,,,,,
2011-11-17,73.44906616210938,,,,,,
2011-11-18,73.44906616210938,,,,,,
2011-11-21,73.44906616210938,,,,,,
2011-11-22,73.43306732177734,,,,,,
2011-11-23,73.44906616210938,,,,,,
2011-11-25,73.44906616210938,,,,,,
2011-11-28,73.44906616210938,,,,,,
2011-11-29,73.41707611083984,,,,,,
2011-11-30,73.43306732177734,,,,,,
2011-12-01,73.41707611083984,,,,,,
2011-12-02,73.43306732177734,,,,,,
2011-12-05,73.43306732177734,,,,,,
2011-12-06,73.44906616210938,,,,,,
2011-12-07,73.43306732177734,,,,,,
2011-12-08,73.43306732177734,,,,,,
2011-12-09,73.41707611083984,,,,,,
2011-12-12,73.41707611083984,,,,,,
2011-12-13,73.41707611083984,,,,,,
2011-12-14,73.43306732177734,,,,,,
2011-12-15,73.41707611083984,,,,,,
2011-12-16,73.43306732177734,,,,,,
2011-12-19,73.43306732177734,,,,,,
2011-12-20,73.43306732177734,,,,,,
2011-12-21,73.43306732177734,,,,,,
2011-12-22,73.43306732177734,,,,,,
2011-12-23,73.43306732177734,,,,,,
2011-12-27,73.41707611083984,,,,,,
2011-12-28,73.4202880859375,,,,,,
2011-12-29,73.4202880859375,,,,,,
2011-12-30,73.4202880859375,,,,,,
2012-01-03,73.40424346923828,,,,,,
2012-01-04,73.40424346923828,,,,,,
2012-01-05,73.40424346923828,,,,,,
2012-01-06,73.40424346923828,,,,,,
2012-01-09,73.4202880859375,,,,,,
2012-01-10,73.4202880859375,,,,,,
2012-01-11,73.40424346923828,,,,,,
2012-01-12,73.40424346923828,,,,,,
2012-01-13,73.40424346923828,,,,,,
2012-01-17,73.40424346923828,,,,,,
2012-01-18,73.40424346923828,,,,,,
2012-01-19,73.40424346923828,,,,,,
2012-01-20,73.40424346923828,,,,,,
2012-01-23,73.40424346923828,,,,,,
2012-01-24,73.40424346923828,,,,,,
2012-01-25,73.40424346923828,,,,,,
2012-01-26,73.40424346923828,,,,,,
2012-01-27,73.40424346923828,,,,,,
2012-01-30,73.4202880859375,,,,,,
2012-01-31,73.40424346923828,,,,,,
2012-02-01,73.40424346923828,,,,,,
2012-02-02,73.40424346923828,,,,,,
2012-02-03,73.40424346923828,,,,,,
2012-02-06,73.4202880859375,,,,,,
2012-02-07,73.40424346923828,,,,,,
2012-02-08,73.4202880859375,,,,,,
2012-02-09,73.40424346923828,,,,,,
2012-02-10,73.4202880859375,,,,,,
2012-02-13,73.40424346923828,,,,,,
2012-02-14,73.4202880859375,,,,,,
2012-02-15,73.40424346923828,,,,,,
2012-02-16,73.4202880859375,,,,,,
2012-02-17,73.40424346923828,,,,,,
2012-02-21,73.40424346923828,,,,,,
2012-02-22,73.40424346923828,,,,,,
2012-02-23,73.40424346923828,,,,,,
2012-02-24,73.4202880859375,,,,,,
2012-02-27,73.40424346923828,,,,,,
2012-02-28,73.40424346923828,,,,,,
2012-02-29,73.4202880859375,,,,,,
2012-03-01,73.40424346923828,,,,,,
2012-03-02,73.40424346923828,,,,,,
2012-03-05,73.40424346923828,,,,,,
2012-03-06,73.40424346923828,,,,,,
2012-03-07,73.40424346923828,,,,,,
2012-03-08,73.4202880859375,,,,,,
2012-03-09,73.4202880859375,,,,,,
2012-03-12,73.4202880859375,,,,,,
2012-03-13,73.4202880859375,,,,,,
2012-03-14,73.40424346923828,,,,,,
2012-03-15,73.40424346923828,,,,,,
2012-03-16,73.40424346923828,,,,,,
2012-03-19,73.4202880859375,,,,,,
2012-03-20,73.4202880859375,,,,,,
2012-03-21,73.4202880859375,,,,,,
2012-03-22,73.4202880859375,,,,,,
2012-03-23,73.4202880859375,,,,,,
2012-03-26,73.4202880859375,,,,,,
2012-03-27,73.40424346923828,,,,,,
2012-03-28,73.4202880859375,,,,,,
2012-03-29,73.40424346923828,,,,,,
2012-03-30,73.40424346923828,,,,,,
2012-04-02,73.38819885253906,,,,,,
2012-04-03,73.40424346923828,,,,,,
2012-04-04,73.38819885253906,,,,,,
2012-04-05,73.40424346923828,,,,,,
2012-04-09,73.4202880859375,,,,,,
2012-04-10,73.4202880859375,,,,,,
2012-04-11,73.4202880859375,,,,,,
2012-04-12,73.40424346923828,,,,,,
2012-04-13,73.38819885253906,,,,,,
2012-04-16,73.40424346923828,,,,,,
2012-04-17,73.40424346923828,,,,,,
2012-04-18,73.40424346923828,,,,,,
2012-04-19,73.4202880859375,,,,,,
2012-04-20,73.40424346923828,,,,,,
2012-04-23,73.4202880859375,,,,,,
2012-04-24,73.4202880859375,,,,,,
2012-04-25,73.40424346923828,,,,,,
2012-04-26,73.4202880859375,,,,,,
2012-04-27,73.40424346923828,,,,,,
2012-04-30,73.4202880859375,,,,,,
2012-05-01,73.4202880859375,,,,,,
2012-05-02,73.4202880859375,,,,,,
2012-05-03,73.40424346923828,,,,,,
2012-05-04,73.40424346923828,,,,,,
2012-05-07,73.4202880859375,,,,,,
2012-05-08,73.4202880859375,,,,,,
2012-05-09,73.4202880859375,,,,,,
2012-05-10,73.4202880859375,,,,,,
2012-05-11,73.4202880859375,,,,,,
2012-05-14,73.4202880859375,,,,,,
2012-05-15,73.4202880859375,,,,,,
2012-05-16,73.4202880859375,,,,,,
2012-05-17,73.4202880859375,,,,,,
2012-05-18,73.4202880859375,,,,,,
2012-05-21,73.4202880859375,,,,,,
2012-05-22,73.38819885253906,,,,,,
2012-05-23,73.38819885253906,,,,,,
2012-05-24,73.4202880859375,,,,,,
2012-05-25,73.4202880859375,,,,,,
2012-05-29,73.4202880859375,,,,,,
2012-05-30,73.4202880859375,,,,,,
2012-05-31,73.4202880859375,,,,,,
2012-06-01,73.4202880859375,,,,,,
2012-06-04,73.4202880859375,,,,,,
2012-06-05,73.4202880859375,,,,,,
2012-06-06,73.40424346923828,,,,,,
2012-06-07,73.40424346923828,,,,,,
2012-06-08,73.40424346923828,,,,,,
2012-06-11,73.40424346923828,,,,,,
2012-06-12,73.4202880859375,,,,,,
2012-06-13,73.4202880859375,,,,,,
2012-06-14,73.4202880859375,,,,,,
2012-06-15,73.40424346923828,,,,,,
2012-06-18,73.4202880859375,,,,,,
2012-06-19,73.38819885253906,,,,,,
2012-06-20,73.38819885253906,,,,,,
2012-06-21,73.4202880859375,,,,,,
2012-06-22,73.40424346923828,,,,,,
2012-06-25,73.4202880859375,,,,,,
2012-06-26,73.4202880859375,,,,,,
2012-06-27,73.40424346923828,,,,,,
2012-06-28,73.4202880859375,,,,,,
2012-06-29,73.38819885253906,,,,,,
2012-07-02,73.38819885253906,,,,,,
2012-07-03,73.38819885253906,,,,,,
2012-07-05,73.38819885253906,,,,,,
2012-07-06,73.38819885253906,,,,,,
2012-07-09,73.38819885253906,,,,,,
2012-07-10,73.38819885253906,,,,,,
2012-07-11,73.38819885253906,,,,,,
2012-07-12,73.38819885253906,,,,,,
2012-07-13,73.40424346923828,,,,,,
2012-07-16,73.38819885253906,,,,,,
2012-07-17,73.38819885253906,,,,,,
2012-07-18,73.38819885253906,,,,,,
2012-07-19,73.40424346923828,,,,,,
2012-07-20,73.38819885253906,,,,,,
2012-07-23,73.38819885253906,,,,,,
2012-07-24,73.40424346923828,,,,,,
2012-07-25,73.4202880859375,,,,,,
2012-07-26,73.40424346923828,,,,,,
2012-07-27,73.4202880859375,,,,,,
2012-07-30,73.4202880859375,,,,,,
2012-07-31,73.38819885253906,,,,,,
2012-08-01,73.40424346923828,,,,,,
2012-08-02,73.40424346923828,,,,,,
2012-08-03,73.40424346923828,,,,,,
2012-08-06,73.4202880859375,,,,,,
2012-08-07,73.40424346923828,,,,,,
2012-08-08,73.38819885253906,,,,,,
2012-08-09,73.38819885253906,,,,,,
2012-08-10,73.38819885253906,,,,,,
2012-08-13,73.38819885253906,,,,,,
2012-08-14,73.38819885253906,,,,,,
2012-08-15,73.38819885253906,,,,,,
2012-08-16,73.38819885253906,,,,,,
2012-08-17,73.38819885253906,,,,,,
2012-08-20,73.38819885253906,,,,,,
2012-08-21,73.38819885253906,,,,,,
2012-08-22,73.38819885253906,,,,,,
2012-08-23,73.38819885253906,,,,,,
2012-08-24,73.38819885253906,,,,,,
2012-08-27,73.38819885253906,,,,,,
2012-08-28,73.38819885253906,,,,,,
2012-08-29,73.38819885253906,,,,,,
2012-08-30,73.38819885253906,,,,,,
2012-08-31,73.38819885253906,,,,,,
2012-09-04,73.38819885253906,,,,,,
2012-09-05,73.40424346923828,,,,,,
2012-09-06,73.40424346923828,,,,,,
2012-09-07,73.38819885253906,,,,,,
2012-09-10,73.38819885253906,,,,,,
2012-09-11,73.38819885253906,,,,,,
2012-09-12,73.38819885253906,,,,,,
2012-09-13,73.38819885253906,,,,,,
2012-09-14,73.38819885253906,,,,,,
2012-09-17,73.38819885253906,,,,,,
2012-09-18,73.38819885253906,,,,,,
2012-09-19,73.38819885253906,,,,,,
2012-09-20,73.38819885253906,,,,,,
2012-09-21,73.38819885253906,,,,,,
2012-09-24,73.38819885253906,,,,,,
2012-09-25,73.38819885253906,,,,,,
2012-09-26,73.38819885253906,,,,,,
2012-09-27,73.40424346923828,,,,,,
2012-09-28,73.38819885253906,,,,,,
2012-10-01,73.38819885253906,,,,,,
2012-10-02,73.40424346923828,,,,,,
2012-10-03,73.38819885253906,,,,,,
2012-10-04,73.38819885253906,,,,,,
2012-10-05,73.38819885253906,,,,,,
2012-10-08,73.38819885253906,,,,,,
2012-10-09,73.38819885253906,,,,,,
2012-10-10,73.40424346923828,,,,,,
2012-10-11,73.40424346923828,,,,,,
2012-10-12,73.38819885253906,,,,,,
2012-10-15,73.40424346923828,,,,,,
2012-10-16,73.38819885253906,,,,,,
2012-10-17,73.40424346923828,,,,,,
2012-10-18,73.38819885253906,,,,,,
2012-10-19,73.38819885253906,,,,,,
2012-10-22,73.38819885253906,,,,,,
2012-10-23,73.40424346923828,,,,,,
2012-10-24,73.40424346923828,,,,,,
2012-10-25,73.38819885253906,,,,,,
2012-10-26,73.38819885253906,,,,,,
2012-10-31,73.40424346923828,,,,,,
2012-11-01,73.40424346923828,,,,,,
2012-11-02,73.40424346923828,,,,,,
2012-11-05,73.38819885253906,,,,,,
2012-11-06,73.38819885253906,,,,,,
2012-11-07,73.40424346923828,,,,,,
2012-11-08,73.40424346923828,,,,,,
2012-11-09,73.40424346923828,,,,,,
2012-11-12,73.40424346923828,,,,,,
2012-11-13,73.40424346923828,,,,,,
2012-11-14,73.40424346923828,,,,,,
2012-11-15,73.40424346923828,,,,,,
2012-11-16,73.40424346923828,,,,,,
2012-11-19,73.40424346923828,,,,,,
2012-11-20,73.38819885253906,,,,,,
2012-11-21,73.38819885253906,,,,,,
2012-11-23,73.38819885253906,,,,,,
2012-11-26,73.38819885253906,,,,,,
2012-11-27,73.38819885253906,,,,,,
2012-11-28,73.38819885253906,,,,,,
2012-11-29,73.38819885253906,,,,,,
2012-11-30,73.38819885253906,,,,,,
2012-12-03,73.38819885253906,,,,,,
2012-12-04,73.38819885253906,,,,,,
2012-12-05,73.38819885253906,,,,,,
2012-12-06,73.38819885253906,,,,,,
2012-12-07,73.38819885253906,,,,,,
2012-12-10,73.38819885253906,,,,,,
2012-12-11,73.38819885253906,,,,,,
2012-12-12,73.38819885253906,,,,,,
2012-12-13,73.38819885253906,,,,,,
2012-12-14,73.38819885253906,,,,,,
2012-12-17,73.38819885253906,,,,,,
2012-12-18,73.40424346923828,,,,,,
2012-12-19,73.38819885253906,,,,,,
2012-12-20,73.38819885253906,,,,,,
2012-12-21,73.38819885253906,,,,,,
2012-12-24,73.38819885253906,,,,,,
2012-12-26,73.38819885253906,,,,,,
2012-12-27,73.38819885253906,,,,,,
2012-12-28,73.40424346923828,,,,,,
2012-12-31,73.38819885253906,,,,,,
2013-01-02,73.38819885253906,,,,,,
2013-01-03,73.38819885253906,,,,,,
2013-01-04,73.40424346923828,,,,,,
2013-01-07,73.3722152709961,,,,,,
2013-01-08,73.3722152709961,,,,,,
2013-01-09,73.3722152709961,,,,,,
2013-01-10,73.3722152709961,,,,,,
2013-01-11,73.3722152709961,,,,,,
2013-01-14,73.3722152709961,,,,,,
2013-01-15,73.3722152709961,,,,,,
2013-01-16,73.3722152709961,,,,,,
2013-01-17,73.38819885253906,,,,,,
2013-01-18,73.3722152709961,,,,,,
2013-01-22,73.3722152709961,,,,,,
2013-01-23,73.3722152709961,,,,,,
2013-01-24,73.38819885253906,,,,,,
2013-01-25,73.3722152709961,,,,,,
2013-01-28,73.3722152709961,,,,,,
2013-01-29,73.3722152709961,,,,,,
2013-01-30,73.3722152709961,,,,,,
2013-01-31,73.38819885253906,,,,,,
2013-02-01,73.3722152709961,,,,,,
2013-02-04,73.3722152709961,,,,,,
2013-02-05,73.38819885253906,,,,,,
2013-02-06,73.38819885253906,,,,,,
2013-02-07,73.38819885253906,,,,,,
2013-02-08,73.38819885253906,,,,,,
2013-02-11,73.38819885253906,,,,,,
2013-02-12,73.38819885253906,,,,,,
2013-02-13,73.3722152709961,,,,,,
2013-02-14,73.38819885253906,,,,,,
2013-02-15,73.3722152709961,,,,,,
2013-02-19,73.3722152709961,,,,,,
2013-02-20,73.38819885253906,,,,,,
2013-02-21,73.3722152709961,,,,,,
2013-02-22,73.38819885253906,,,,,,
2013-02-25,73.3722152709961,,,,,,
2013-02-26,73.3722152709961,,,,,,
2013-02-27,73.38819885253906,,,,,,
2013-02-28,73.38819885253906,,,,,,
2013-03-01,73.38819885253906,,,,,,
2013-03-04,73.3722152709961,,,,,,
2013-03-05,73.38819885253906,,,,,,
2013-03-06,73.3722152709961,,,,,,
2013-03-07,73.38819885253906,,,,,,
2013-03-08,73.3722152709961,,,,,,
2013-03-11,73.38819885253906,,,,,,
2013-03-12,73.3722152709961,,,,,,
2013-03-13,73.38819885253906,,,,,,
2013-03-14,73.38819885253906,,,,,,
2013-03-15,73.38819885253906,,,,,,
2013-03-18,73.3722152709961,,,,,,
2013-03-19,73.3722152709961,,,,,,
2013-03-20,73.3722152709961,,,,,,
2013-03-21,73.3722152709961,,,,,,
2013-03-22,73.38819885253906,,,,,,
2013-03-25,73.3722152709961,,,,,,
2013-03-26,73.38819885253906,,,,,,
2013-03-27,73.3722152709961,,,,,,
2013-03-28,73.38819885253906,,,,,,
2013-04-01,73.3722152709961,,,,,,
2013-04-02,73.38819885253906,,,,,,
2013-04-03,73.3722152709961,,,,,,
2013-04-04,73.3722152709961,,,,,,
2013-04-05,73.38819885253906,,,,,,
2013-04-08,73.38819885253906,,,,,,
2013-04-09,73.38819885253906,,,,,,
2013-04-10,73.38819885253906,,,,,,
2013-04-11,73.3722152709961,,,,,,
2013-04-12,73.38819885253906,,,,,,
2013-04-15,73.38819885253906,,,,,,
2013-04-16,73.38819885253906,,,,,,
2013-04-17,73.38819885253906,,,,,,
2013-04-18,73.3722152709961,,,,,,
2013-04-19,73.38819885253906,,,,,,
2013-04-22,73.38819885253906,,,,,,
2013-04-23,73.38819885253906,,,,,,
2013-04-24,73.38819885253906,,,,,,
2013-04-25,73.3722152709961,,,,,,
2013-04-26,73.3722152709961,,,,,,
2013-04-29,73.3722152709961,,,,,,
2013-04-30,73.3722152709961,,,,,,
2013-05-01,73.3722152709961,,,,,,
2013-05-02,73.38819885253906,,,,,,
2013-05-03,73.3722152709961,,,,,,
2013-05-06,73.3722152709961,,,,,,
2013-05-07,73.3722152709961,,,,,,
2013-05-08,73.38819885253906,,,,,,
2013-05-09,73.38819885253906,,,,,,
2013-05-10,73.3722152709961,,,,,,
2013-05-13,73.38819885253906,,,,,,
2013-05-14,73.3722152709961,,,,,,
2013-05-15,73.3722152709961,,,,,,
2013-05-16,73.3722152709961,,,,,,
2013-05-17,73.38819885253906,,,,,,
2013-05-20,73.3722152709961,,,,,,
2013-05-21,73.38819885253906,,,,,,
2013-05-22,73.38819885253906,,,,,,
2013-05-23,73.38819885253906,,,,,,
2013-05-24,73.38819885253906,,,,,,
2013-05-28,73.3722152709961,,,,,,
2013-05-29,73.38819885253906,,,,,,
2013-05-30,73.3722152709961,,,,,,
2013-05-31,73.38819885253906,,,,,,
2013-06-03,73.38819885253906,,,,,,
2013-06-04,73.38819885253906,,,,,,
2013-06-05,73.38819885253906,,,,,,
2013-06-06,73.3722152709961,,,,,,
2013-06-07,73.38819885253906,,,,,,
2013-06-10,73.3722152709961,,,,,,
2013-06-11,73.38819885253906,,,,,,
2013-06-12,73.3722152709961,,,,,,
2013-06-13,73.38819885253906,,,,,,
2013-06-14,73.3722152709961,,,,,,
2013-06-17,73.3722152709961,,,,,,
2013-06-18,73.3722152709961,,,,,,
2013-06-19,73.3722152709961,,,,,,
2013-06-20,73.3722152709961,,,,,,
2013-06-21,73.38819885253906,,,,,,
2013-06-24,73.38819885253906,,,,,,
2013-06-25,73.38819885253906,,,,,,
2013-06-26,73.38819885253906,,,,,,
2013-06-27,73.3722152709961,,,,,,
2013-06-28,73.3722152709961,,,,,,
2013-07-01,73.38819885253906,,,,,,
2013-07-02,73.3722152709961,,,,,,
2013-07-03,73.38819885253906,,,,,,
2013-07-05,73.38819885253906,,,,,,
2013-07-08,73.35616302490234,,,,,,
2013-07-09,73.35616302490234,,,,,,
2013-07-10,73.35616302490234,,,,,,
2013-07-11,73.35616302490234,,,,,,
2013-07-12,73.35616302490234,,,,,,
2013-07-15,73.35616302490234,,,,,,
2013-07-16,73.35616302490234,,,,,,
2013-07-17,73.35616302490234,,,,,,
2013-07-18,73.3722152709961,,,,,,
2013-07-19,73.3722152709961,,,,,,
2013-07-22,73.3722152709961,,,,,,
2013-07-23,73.3722152709961,,,,,,
2013-07-24,73.38819885253906,,,,,,
2013-07-25,73.35616302490234,,,,,,
2013-07-26,73.35616302490234,,,,,,
2013-07-29,73.3722152709961,,,,,,
2013-07-30,73.35616302490234,,,,,,
2013-07-31,73.3722152709961,,,,,,
2013-08-01,73.35616302490234,,,,,,
2013-08-02,73.3722152709961,,,,,,
2013-08-05,73.3722152709961,,,,,,
2013-08-06,73.3722152709961,,,,,,
2013-08-07,73.35616302490234,,,,,,
2013-08-08,73.35616302490234,,,,,,
2013-08-09,73.3722152709961,,,,,,
2013-08-12,73.3722152709961,,,,,,
2013-08-13,73.3722152709961,,,,,,
2013-08-14,73.3722152709961,,,,,,
2013-08-15,73.3722152709961,,,,,,
2013-08-16,73.3722152709961,,,,,,
2013-08-19,73.35616302490234,,,,,,
2013-08-20,73.3722152709961,,,,,,
2013-08-21,73.3722152709961,,,,,,
2013-08-22,73.35616302490234,,,,,,
2013-08-23,73.3722152709961,,,,,,
2013-08-26,73.35616302490234,,,,,,
2013-08-27,73.35616302490234,,,,,,
2013-08-28,73.35616302490234,,,,,,
2013-08-29,73.3722152709961,,,,,,
2013-08-30,73.3722152709961,,,,,,
2013-09-03,73.3722152709961,,,,,,
2013-09-04,73.3722152709961,,,,,,
2013-09-05,73.3722152709961,,,,,,
2013-09-06,73.3722152709961,,,,,,
2013-09-09,73.34014892578125,,,,,,
2013-09-10,73.35616302490234,,,,,,
2013-09-11,73.35616302490234,,,,,,
2013-09-12,73.35616302490234,,,,,,
2013-09-13,73.3722152709961,,,,,,
2013-09-16,73.35616302490234,,,,,,
2013-09-17,73.35616302490234,,,,,,
2013-09-18,73.3722152709961,,,,,,
2013-09-19,73.3722152709961,,,,,,
2013-09-20,73.35616302490234,,,,,,
2013-09-23,73.35616302490234,,,,,,
2013-09-24,73.35616302490234,,,,,,
2013-09-25,73.35616302490234,,,,,,
2013-09-26,73.35616302490234,,,,,,
2013-09-27,73.35616302490234,,,,,,
2013-09-30,73.35616302490234,,,,,,
2013-10-01,73.3722152709961,,,,,,
2013-10-02,73.3722152709961,,,,,,
2013-10-03,73.3722152709961,,,,,,
2013-10-04,73.3722152709961,,,,,,
2013-10-07,73.3722152709961,,,,,,
2013-10-08,73.3722152709961,,,,,,
2013-10-09,73.35616302490234,,,,,,
2013-10-10,73.34014892578125,,,,,,
2013-10-11,73.32412719726562,,,,,,
2013-10-14,73.32412719726562,,,,,,
2013-10-15,73.32412719726562,,,,,,
2013-10-16,73.34014892578125,,,,,,
2013-10-17,73.34014892578125,,,,,,
2013-10-18,73.35616302490234,,,,,,
2013-10-21,73.35616302490234,,,,,,
2013-10-22,73.35616302490234,,,,,,
2013-10-23,73.35616302490234,,,,,,
2013-10-24,73.34014892578125,,,,,,
2013-10-25,73.35616302490234,,,,,,
2013-10-28,73.35616302490234,,,,,,
2013-10-29,73.34014892578125,,,,,,
2013-10-30,73.34014892578125,,,,,,
2013-10-31,73.34014892578125,,,,,,
2013-11-01,73.34014892578125,,,,,,
2013-11-04,73.34014892578125,,,,,,
2013-11-05,73.34014892578125,,,,,,
2013-11-06,73.35616302490234,,,,,,
2013-11-07,73.34014892578125,,,,,,
2013-11-08,73.34014892578125,,,,,,
2013-11-11,73.35616302490234,,,,,,
2013-11-12,73.35616302490234,,,,,,
2013-11-13,73.35616302490234,,,,,,
2013-11-14,73.34014892578125,,,,,,
2013-11-15,73.34014892578125,,,,,,
2013-11-18,73.34014892578125,,,,,,
2013-11-19,73.34014892578125,,,,,,
2013-11-20,73.34014892578125,,,,,,
2013-11-21,73.35616302490234,,,,,,
2013-11-22,73.34014892578125,,,,,,
2013-11-25,73.34014892578125,,,,,,
2013-11-26,73.34014892578125,,,,,,
2013-11-27,73.35616302490234,,,,,,
2013-11-29,73.32412719726562,,,,,,
2013-12-02,73.34014892578125,,,,,,
2013-12-03,73.35616302490234,,,,,,
2013-12-04,73.35616302490234,,,,,,
2013-12-05,73.35616302490234,,,,,,
2013-12-06,73.35616302490234,,,,,,
2013-12-09,73.35616302490234,,,,,,
2013-12-10,73.34014892578125,,,,,,
2013-12-11,73.35616302490234,,,,,,
2013-12-12,73.35616302490234,,,,,,
2013-12-13,73.35616302490234,,,,,,
2013-12-16,73.34014892578125,,,,,,
2013-12-17,73.34014892578125,,,,,,
2013-12-18,73.35616302490234,,,,,,
2013-12-19,73.35616302490234,,,,,,
2013-12-20,73.34014892578125,,,,,,
2013-12-23,73.34014892578125,,,,,,
2013-12-24,73.34014892578125,,,,,,
2013-12-26,73.34014892578125,,,,,,
2013-12-27,73.35616302490234,,,,,,
2013-12-30,73.35616302490234,,,,,,
2013-12-31,73.32412719726562,,,,,,
2014-01-02,73.32412719726562,,,,,,
2014-01-03,73.34014892578125,,,,,,
2014-01-06,73.32412719726562,,,,,,
2014-01-07,73.34014892578125,,,,,,
2014-01-08,73.34014892578125,,,,,,
2014-01-09,73.32412719726562,,,,,,
2014-01-10,73.34014892578125,,,,,,
2014-01-13,73.34014892578125,,,,,,
2014-01-14,73.34014892578125,,,,,,
2014-01-15,73.34014892578125,,,,,,
2014-01-16,73.34014892578125,,,,,,
2014-01-17,73.32412719726562,,,,,,
2014-01-21,73.34014892578125,,,,,,
2014-01-22,73.34014892578125,,,,,,
2014-01-23,73.34014892578125,,,,,,
2014-01-24,73.32412719726562,,,,,,
2014-01-27,73.32412719726562,,,,,,
2014-01-28,73.32412719726562,,,,,,
2014-01-29,73.34014892578125,,,,,,
2014-01-30,73.34014892578125,,,,,,
2014-01-31,73.32412719726562,,,,,,
2014-02-03,73.32412719726562,,,,,,
2014-02-04,73.34014892578125,,,,,,
2014-02-05,73.32412719726562,,,,,,
2014-02-06,73.32412719726562,,,,,,
2014-02-07,73.34014892578125,,,,,,
2014-02-10,73.32412719726562,,,,,,
2014-02-11,73.32412719726562,,,,,,
2014-02-12,73.34014892578125,,,,,,
2014-02-13,73.34014892578125,,,,,,
2014-02-14,73.34014892578125,,,,,,
2014-02-18,73.32412719726562,,,,,,
2014-02-19,73.34014892578125,,,,,,
2014-02-20,73.34014892578125,,,,,,
2014-02-21,73.32412719726562,,,,,,
2014-02-24,73.34014892578125,,,,,,
2014-02-25,73.34014892578125,,,,,,
2014-02-26,73.34014892578125,,,,,,
2014-02-27,73.32412719726562,,,,,,
2014-02-28,73.34014892578125,,,,,,
2014-03-03,73.34014892578125,,,,,,
2014-03-04,73.32412719726562,,,,,,
2014-03-05,73.34014892578125,,,,,,
2014-03-06,73.34014892578125,,,,,,
2014-03-07,73.32412719726562,,,,,,
2014-03-10,73.32412719726562,,,,,,
2014-03-11,73.32412719726562,,,,,,
2014-03-12,73.32412719726562,,,,,,
2014-03-13,73.32412719726562,,,,,,
2014-03-14,73.32412719726562,,,,,,
2014-03-17,73.32412719726562,,,,,,
2014-03-18,73.32412719726562,,,,,,
2014-03-19,73.34014892578125,,,,,,
2014-03-20,73.32412719726562,,,,,,
2014-03-21,73.34014892578125,,,,,,
2014-03-24,73.34014892578125,,,,,,
2014-03-25,73.34014892578125,,,,,,
2014-03-26,73.32412719726562,,,,,,
2014-03-27,73.32412719726562,,,,,,
2014-03-28,73.32412719726562,,,,,,
2014-03-31,73.32412719726562,,,,,,
2014-04-01,73.32412719726562,,,,,,
2014-04-02,73.32412719726562,,,,,,
2014-04-03,73.34014892578125,,,,,,
2014-04-04,73.32412719726562,,,,,,
2014-04-07,73.32412719726562,,,,,,
2014-04-08,73.32412719726562,,,,,,
2014-04-09,73.32412719726562,,,,,,
2014-04-10,73.32412719726562,,,,,,
2014-04-11,73.32412719726562,,,,,,
2014-04-14,73.32412719726562,,,,,,
2014-04-15,73.32412719726562,,,,,,
2014-04-16,73.32412719726562,,,,,,
2014-04-17,73.34014892578125,,,,,,
2014-04-21,73.32412719726562,,,,,,
2014-04-22,73.3080825805664,,,,,,
2014-04-23,73.32412719726562,,,,,,
2014-04-24,73.32412719726562,,,,,,
2014-04-25,73.32412719726562,,,,,,
2014-04-28,73.32412719726562,,,,,,
2014-04-29,73.32412719726562,,,,,,
2014-04-30,73.32412719726562,,,,,,
2014-05-01,73.3080825805664,,,,,,
2014-05-02,73.32412719726562,,,,,,
2014-05-05,73.32412719726562,,,,,,
2014-05-06,73.3080825805664,,,,,,
2014-05-07,73.3080825805664,,,,,,
2014-05-08,73.3080825805664,,,,,,
2014-05-09,73.32412719726562,,,,,,
2014-05-12,73.3080825805664,,,,,,
2014-05-13,73.32412719726562,,,,,,
2014-05-14,73.32412719726562,,,,,,
2014-05-15,73.32412719726562,,,,,,
2014-05-16,73.32412719726562,,,,,,
2014-05-19,73.32412719726562,,,,,,
2014-05-20,73.32412719726562,,,,,,
2014-05-21,73.3080825805664,,,,,,
2014-05-22,73.3080825805664,,,,,,
2014-05-23,73.32412719726562,,,,,,
2014-05-27,73.3080825805664,,,,,,
2014-05-28,73.32412719726562,,,,,,
2014-05-29,73.3080825805664,,,,,,
2014-05-30,73.32412719726562,,,,,,
2014-06-02,73.3080825805664,,,,,,
2014-06-03,73.3080825805664,,,,,,
2014-06-04,73.3080825805664,,,,,,
2014-06-05,73.3080825805664,,,,,,
2014-06-06,73.3080825805664,,,,,,
2014-06-09,73.32412719726562,,,,,,
2014-06-10,73.32412719726562,,,,,,
2014-06-11,73.3080825805664,,,,,,
2014-06-12,73.32412719726562,,,,,,
2014-06-13,73.3080825805664,,,,,,
2014-06-16,73.32412719726562,,,,,,
2014-06-17,73.3080825805664,,,,,,
2014-06-18,73.32412719726562,,,,,,
2014-06-19,73.32412719726562,,,,,,
2014-06-20,73.32412719726562,,,,,,
2014-06-23,73.32412719726562,,,,,,
2014-06-24,73.32412719726562,,,,,,
2014-06-25,73.3080825805664,,,,,,
2014-06-26,73.3080825805664,,,,,,
2014-06-27,73.32412719726562,,,,,,
2014-06-30,73.3080825805664,,,,,,
2014-07-01,73.32412719726562,,,,,,
2014-07-02,73.32412719726562,,,,,,
2014-07-03,73.3080825805664,,,,,,
2014-07-07,73.32412719726562,,,,,,
2014-07-08,73.32412719726562,,,,,,
2014-07-09,73.3080825805664,,,,,,
2014-07-10,73.3080825805664,,,,,,
2014-07-11,73.3080825805664,,,,,,
2014-07-14,73.3080825805664,,,,,,
2014-07-15,73.3080825805664,,,,,,
2014-07-16,73.3080825805664,,,,,,
2014-07-17,73.3080825805664,,,,,,
2014-07-18,73.29208374023438,,,,,,
2014-07-21,73.3080825805664,,,,,,
2014-07-22,73.29208374023438,,,,,,
2014-07-23,73.3080825805664,,,,,,
2014-07-24,73.3080825805664,,,,,,
2014-07-25,73.3080825805664,,,,,,
2014-07-28,73.3080825805664,,,,,,
2014-07-29,73.3080825805664,,,,,,
2014-07-30,73.3080825805664,,,,,,
2014-07-31,73.29208374023438,,,,,,
2014-08-01,73.3080825805664,,,,,,
2014-08-04,73.3080825805664,,,,,,
2014-08-05,73.29208374023438,,,,,,
2014-08-06,73.29208374023438,,,,,,
2014-08-07,73.3080825805664,,,,,,
2014-08-08,73.29208374023438,,,,,,
2014-08-11,73.29208374023438,,,,,,
2014-08-12,73.29208374023438,,,,,,
2014-08-13,73.3080825805664,,,,,,
2014-08-14,73.29208374023438,,,,,,
2014-08-15,73.3080825805664,,,,,,
2014-08-18,73.29208374023438,,,,,,
2014-08-19,73.3080825805664,,,,,,
2014-08-20,73.29208374023438,,,,,,
2014-08-21,73.3080825805664,,,,,,
2014-08-22,73.3080825805664,,,,,,
2014-08-25,73.3080825805664,,,,,,
2014-08-26,73.3080825805664,,,,,,
2014-08-27,73.29208374023438,,,,,,
2014-08-28,73.3080825805664,,,,,,
2014-08-29,73.3080825805664,,,,,,
2014-09-02,73.29208374023438,,,,,,
2014-09-03,73.3080825805664,,,,,,
2014-09-04,73.29208374023438,,,,,,
2014-09-05,73.3080825805664,,,,,,
2014-09-08,73.29208374023438,,,,,,
2014-09-09,73.29208374023438,,,,,,
2014-09-10,73.3080825805664,,,,,,
2014-09-11,73.29208374023438,,,,,,
2014-09-12,73.29208374023438,,,,,,
2014-09-15,73.29208374023438,,,,,,
2014-09-16,73.29208374023438,,,,,,
2014-09-17,73.29208374023438,,,,,,
2014-09-18,73.3080825805664,,,,,,
2014-09-19,73.3080825805664,,,,,,
2014-09-22,73.3080825805664,,,,,,
2014-09-23,73.3080825805664,,,,,,
2014-09-24,73.3080825805664,,,,,,
2014-09-25,73.3080825805664,,,,,,
2014-09-26,73.3080825805664,,,,,,
2014-09-29,73.29208374023438,,,,,,
2014-09-30,73.3080825805664,,,,,,
2014-10-01,73.3080825805664,,,,,,
2014-10-02,73.3080825805664,,,,,,
2014-10-03,73.27605438232422,,,,,,
2014-10-06,73.27605438232422,,,,,,
2014-10-07,73.29208374023438,,,,,,
2014-10-08,73.29208374023438,,,,,,
2014-10-09,73.29208374023438,,,,,,
2014-10-10,73.29208374023438,,,,,,
2014-10-13,73.29208374023438,,,,,,
2014-10-14,73.27605438232422,,,,,,
2014-10-15,73.27605438232422,,,,,,
2014-10-16,73.29208374023438,,,,,,
2014-10-17,73.29208374023438,,,,,,
2014-10-20,73.29208374023438,,,,,,
2014-10-21,73.27605438232422,,,,,,
2014-10-22,73.29208374023438,,,,,,
2014-10-23,73.27605438232422,,,,,,
2014-10-24,73.27605438232422,,,,,,
2014-10-27,73.27605438232422,,,,,,
2014-10-28,73.27605438232422,,,,,,
2014-10-29,73.29208374023438,,,,,,
2014-10-30,73.27605438232422,,,,,,
2014-10-31,73.29208374023438,,,,,,
2014-11-03,73.27605438232422,,,,,,
2014-11-04,73.29208374023438,,,,,,
2014-11-05,73.27605438232422,,,,,,
2014-11-06,73.29208374023438,,,,,,
2014-11-07,73.27605438232422,,,,,,
2014-11-10,73.29208374023438,,,,,,
2014-11-11,73.29208374023438,,,,,,
2014-11-12,73.29208374023438,,,,,,
2014-11-13,73.27605438232422,,,,,,
2014-11-14,73.27605438232422,,,,,,
2014-11-17,73.29208374023438,,,,,,
2014-11-18,73.27605438232422,,,,,,
2014-11-19,73.27605438232422,,,,,,
2014-11-20,73.27605438232422,,,,,,
2014-11-21,73.27605438232422,,,,,,
2014-11-24,73.29208374023438,,,,,,
2014-11-25,73.29208374023438,,,,,,
2014-11-26,73.27605438232422,,,,,,
2014-11-28,73.29208374023438,,,,,,
2014-12-01,73.27605438232422,,,,,,
2014-12-02,73.27605438232422,,,,,,
2014-12-03,73.27605438232422,,,,,,
2014-12-04,73.27605438232422,,,,,,
2014-12-05,73.29208374023438,,,,,,
2014-12-08,73.29208374023438,,,,,,
2014-12-09,73.27605438232422,,,,,,
2014-12-10,73.27605438232422,,,,,,
2014-12-11,73.27605438232422,,,,,,
2014-12-12,73.29208374023438,,,,,,
2014-12-15,73.2600326538086,,,,,,
2014-12-16,73.2600326538086,,,,,,
2014-12-17,73.2600326538086,,,,,,
2014-12-18,73.27605438232422,,,,,,
2014-12-19,73.2600326538086,,,,,,
2014-12-22,73.2600326538086,,,,,,
2014-12-23,73.2600326538086,,,,,,
2014-12-24,73.27605438232422,,,,,,
2014-12-26,73.2600326538086,,,,,,
2014-12-29,73.2600326538086,,,,,,
2014-12-30,73.2600326538086,,,,,,
2014-12-31,73.27605438232422,,,,,,
2015-01-02,73.2600326538086,,,,,,
2015-01-05,73.27605438232422,,,,,,
2015-01-06,73.2600326538086,,,,,,
2015-01-07,73.2600326538086,,,,,,
2015-01-08,73.2600326538086,,,,,,
2015-01-09,73.2600326538086,,,,,,
2015-01-12,73.2600326538086,,,,,,
2015-01-13,73.2600326538086,,,,,,
2015-01-14,73.2600326538086,,,,,,
2015-01-15,73.2600326538086,,,,,,
2015-01-16,73.2600326538086,,,,,,
2015-01-20,73.2600326538086,,,,,,
2015-01-21,73.27605438232422,,,,,,
2015-01-22,73.2600326538086,,,,,,
2015-01-23,73.27605438232422,,,,,,
2015-01-26,73.27605438232422,,,,,,
2015-01-27,73.27605438232422,,,,,,
2015-01-28,73.2600326538086,,,,,,
2015-01-29,73.2600326538086,,,,,,
2015-01-30,73.2600326538086,,,,,,
2015-02-02,73.2600326538086,,,,,,
2015-02-03,73.27605438232422,,,,,,
2015-02-04,73.2600326538086,,,,,,
2015-02-05,73.2600326538086,,,,,,
2015-02-06,73.2600326538086,,,,,,
2015-02-09,73.24400329589844,,,,,,
2015-02-10,73.2600326538086,,,,,,
2015-02-11,73.24400329589844,,,,,,
2015-02-12,73.24400329589844,,,,,,
2015-02-13,73.2600326538086,,,,,,
2015-02-17,73.2600326538086,,,,,,
2015-02-18,73.2600326538086,,,,,,
2015-02-19,73.2600326538086,,,,,,
2015-02-20,73.24400329589844,,,,,,
2015-02-23,73.2600326538086,,,,,,
2015-02-24,73.24400329589844,,,,,,
2015-02-25,73.2600326538086,,,,,,
2015-02-26,73.24400329589844,,,,,,
2015-02-27,73.2600326538086,,,,,,
2015-03-02,73.24400329589844,,,,,,
2015-03-03,73.2600326538086,,,,,,
2015-03-04,73.2600326538086,,,,,,
2015-03-05,73.2600326538086,,,,,,
2015-03-06,73.24400329589844,,,,,,
2015-03-09,73.2600326538086,,,,,,
2015-03-10,73.2600326538086,,,,,,
2015-03-11,73.2600326538086,,,,,,
2015-03-12,73.24400329589844,,,,,,
2015-03-13,73.2600326538086,,,,,,
2015-03-16,73.2600326538086,,,,,,
2015-03-17,73.2600326538086,,,,,,
2015-03-18,73.2600326538086,,,,,,
2015-03-19,73.2600326538086,,,,,,
2015-03-20,73.2600326538086,,,,,,
2015-03-23,73.24400329589844,,,,,,
2015-03-24,73.2600326538086,,,,,,
2015-03-25,73.24400329589844,,,,,,
2015-03-26,73.24400329589844,,,,,,
2015-03-27,73.24400329589844,,,,,,
2015-03-30,73.22799682617188,,,,,,
2015-03-31,73.2600326538086,,,,,,
2015-04-01,73.22799682617188,,,,,,
2015-04-02,73.24400329589844,,,,,,
2015-04-06,73.24400329589844,,,,,,
2015-04-07,73.2600326538086,,,,,,
2015-04-08,73.2600326538086,,,,,,
2015-04-09,73.24400329589844,,,,,,
2015-04-10,73.24400329589844,,,,,,
2015-04-13,73.22799682617188,,,,,,
2015-04-14,73.24400329589844,,,,,,
2015-04-15,73.22799682617188,,,,,,
2015-04-16,73.24400329589844,,,,,,
2015-04-17,73.22799682617188,,,,,,
2015-04-20,73.22799682617188,,,,,,
2015-04-21,73.24400329589844,,,,,,
2015-04-22,73.22799682617188,,,,,,
2015-04-23,73.22799682617188,,,,,,
2015-04-24,73.22799682617188,,,,,,
2015-04-27,73.24400329589844,,,,,,
2015-04-28,73.24400329589844,,,,,,
2015-04-29,73.24400329589844,,,,,,
2015-04-30,73.24400329589844,,,,,,
2015-05-01,73.22799682617188,,,,,,
2015-05-04,73.24400329589844,,,,,,
2015-05-05,73.24400329589844,,,,,,
2015-05-06,73.24400329589844,,,,,,
2015-05-07,73.22799682617188,,,,,,
2015-05-08,73.24400329589844,,,,,,
2015-05-11,73.22799682617188,,,,,,
2015-05-12,73.24400329589844,,,,,,
2015-05-13,73.24400329589844,,,,,,
2015-05-14,73.22799682617188,,,,,,
2015-05-15,73.22799682617188,,,,,,
2015-05-18,73.22799682617188,,,,,,
2015-05-19,73.22799682617188,,,,,,
2015-05-20,73.22799682617188,,,,,,
2015-05-21,73.24400329589844,,,,,,
2015-05-22,73.24400329589844,,,,,,
2015-05-26,73.24400329589844,,,,,,
2015-05-27,73.24400329589844,,,,,,
2015-05-28,73.22799682617188,,,,,,
2015-05-29,73.22799682617188,,,,,,
2015-06-01,73.22799682617188,,,,,,
2015-06-02,73.24400329589844,,,,,,
2015-06-03,73.24400329589844,,,,,,
2015-06-04,73.22799682617188,,,,,,
2015-06-05,73.22799682617188,,,,,,
2015-06-08,73.21197509765625,,,,,,
2015-06-09,73.21197509765625,,,,,,
2015-06-10,73.22799682617188,,,,,,
2015-06-11,73.24400329589844,,,,,,
2015-06-12,73.22799682617188,,,,,,
2015-06-15,73.24400329589844,,,,,,
2015-06-16,73.21197509765625,,,,,,
2015-06-17,73.24400329589844,,,,,,
2015-06-18,73.21197509765625,,,,,,
2015-06-19,73.21197509765625,,,,,,
2015-06-22,73.22799682617188,,,,,,
2015-06-23,73.21197509765625,,,,,,
2015-06-24,73.21197509765625,,,,,,
2015-06-25,73.22799682617188,,,,,,
2015-06-26,73.21197509765625,,,,,,
2015-06-29,73.22799682617188,,,,,,
2015-06-30,73.22799682617188,,,,,,
2015-07-01,73.22799682617188,,,,,,
2015-07-02,73.22799682617188,,,,,,
2015-07-06,73.22799682617188,,,,,,
2015-07-07,73.21197509765625,,,,,,
2015-07-08,73.21197509765625,,,,,,
2015-07-09,73.21197509765625,,,,,,
2015-07-10,73.21197509765625,,,,,,
2015-07-13,73.21197509765625,,,,,,
2015-07-14,73.22799682617188,,,,,,
2015-07-15,73.21197509765625,,,,,,
2015-07-16,73.21197509765625,,,,,,
2015-07-17,73.22799682617188,,,,,,
2015-07-20,73.21197509765625,,,,,,
2015-07-21,73.22799682617188,,,,,,
2015-07-22,73.21197509765625,,,,,,
2015-07-23,73.21197509765625,,,,,,
2015-07-24,73.22799682617188,,,,,,
2015-07-27,73.21197509765625,,,,,,
2015-07-28,73.21197509765625,,,,,,
2015-07-29,73.22799682617188,,,,,,
2015-07-30,73.22799682617188,,,,,,
2015-07-31,73.22799682617188,,,,,,
2015-08-03,73.22799682617188,,,,,,
2015-08-04,73.21197509765625,,,,,,
2015-08-05,73.21197509765625,,,,,,
2015-08-06,73.21197509765625,,,,,,
2015-08-07,73.21197509765625,,,,,,
2015-08-10,73.22799682617188,,,,,,
2015-08-11,73.21197509765625,,,,,,
2015-08-12,73.21197509765625,,,,,,
2015-08-13,73.21197509765625,,,,,,
2015-08-14,73.19596099853516,,,,,,
2015-08-17,73.19596099853516,,,,,,
2015-08-18,73.21197509765625,,,,,,
2015-08-19,73.22799682617188,,,,,,
2015-08-20,73.21197509765625,,,,,,
2015-08-21,73.21197509765625,,,,,,
2015-08-24,73.21197509765625,,,,,,
2015-08-25,73.21197509765625,,,,,,
2015-08-26,73.22799682617188,,,,,,
2015-08-27,73.21197509765625,,,,,,
2015-08-28,73.22799682617188,,,,,,
2015-08-31,73.22799682617188,,,,,,
2015-09-01,73.22799682617188,,,,,,
2015-09-02,73.21197509765625,,,,,,
2015-09-03,73.22799682617188,,,,,,
2015-09-04,73.21197509765625,,,,,,
2015-09-08,73.21197509765625,,,,,,
2015-09-09,73.21197509765625,,,,,,
2015-09-10,73.19596099853516,,,,,,
2015-09-11,73.21197509765625,,,,,,
2015-09-14,73.21197509765625,,,,,,
2015-09-15,73.19596099853516,,,,,,
2015-09-16,73.19596099853516,,,,,,
2015-09-17,73.19596099853516,,,,,,
2015-09-18,73.19596099853516,,,,,,
2015-09-21,73.21197509765625,,,,,,
2015-09-22,73.21197509765625,,,,,,
2015-09-23,73.19596099853516,,,,,,
2015-09-24,73.19596099853516,,,,,,
2015-09-25,73.19596099853516,,,,,,
2015-09-28,73.21197509765625,,,,,,
2015-09-29,73.21197509765625,,,,,,
2015-09-30,73.19596099853516,,,,,,
2015-10-01,73.21197509765625,,,,,,
2015-10-02,73.21197509765625,,,,,,
2015-10-05,73.19596099853516,,,,,,
2015-10-06,73.19596099853516,,,,,,
2015-10-07,73.19596099853516,,,,,,
2015-10-08,73.19596099853516,,,,,,
2015-10-09,73.19596099853516,,,,,,
2015-10-12,73.19596099853516,,,,,,
2015-10-13,73.19596099853516,,,,,,
2015-10-14,73.19596099853516,,,,,,
2015-10-15,73.19596099853516,,,,,,
2015-10-16,73.19596099853516,,,,,,
2015-10-19,73.19596099853516,,,,,,
2015-10-20,73.17996215820312,,,,,,
2015-10-21,73.19596099853516,,,,,,
2015-10-22,73.19596099853516,,,,,,
2015-10-23,73.19596099853516,,,,,,
2015-10-26,73.17996215820312,,,,,,
2015-10-27,73.17996215820312,,,,,,
2015-10-28,73.17996215820312,,,,,,
2015-10-29,73.17996215820312,,,,,,
2015-10-30,73.17996215820312,,,,,,
2015-11-02,73.17996215820312,,,,,,
2015-11-03,73.19596099853516,,,,,,
2015-11-04,73.17996215820312,,,,,,
2015-11-05,73.17996215820312,,,,,,
2015-11-06,73.17996215820312,,,,,,
2015-11-09,73.19596099853516,,,,,,
2015-11-10,73.17996215820312,,,,,,
2015-11-11,73.19596099853516,,,,,,
2015-11-12,73.19596099853516,,,,,,
2015-11-13,73.17996215820312,,,,,,
2015-11-16,73.19596099853516,,,,,,
2015-11-17,73.17996215820312,,,,,,
2015-11-18,73.17996215820312,,,,,,
2015-11-19,73.19596099853516,,,,,,
2015-11-20,73.17996215820312,,,,,,
2015-11-23,73.19596099853516,,,,,,
2015-11-24,73.17996215820312,,,,,,
2015-11-25,73.17996215820312,,,,,,
2015-11-27,73.19596099853516,,,,,,
2015-11-30,73.19596099853516,,,,,,
2015-12-01,73.17996215820312,,,,,,
2015-12-02,73.17996215820312,,,,,,
2015-12-03,73.19596099853516,,,,,,
2015-12-04,73.19596099853516,,,,,,
2015-12-07,73.19596099853516,,,,,,
2015-12-08,73.17996215820312,,,,,,
2015-12-09,73.1639404296875,,,,,,
2015-12-10,73.17996215820312,,,,,,
2015-12-11,73.19596099853516,,,,,,
2015-12-14,73.19596099853516,,,,,,
2015-12-15,73.17996215820312,,,,,,
2015-12-16,73.19596099853516,,,,,,
2015-12-17,73.17996215820312,,,,,,
2015-12-18,73.19596099853516,,,,,,
2015-12-21,73.17996215820312,,,,,,
2015-12-22,73.17996215820312,,,,,,
2015-12-23,73.17996215820312,,,,,,
2015-12-24,73.19596099853516,,,,,,
2015-12-28,73.17996215820312,,,,,,
2015-12-29,73.17996215820312,,,,,,
2015-12-30,73.19596099853516,,,,,,
2015-12-31,73.17996215820312,,,,,,
2016-01-04,73.19596099853516,,,,,,
2016-01-05,73.19596099853516,,,,,,
2016-01-06,73.1639404296875,,,,,,
2016-01-07,73.17996215820312,,,,,,
2016-01-08,73.17996215820312,,,,,,
2016-01-11,73.17996215820312,,,,,,
2016-01-12,73.19596099853516,,,,,,
2016-01-13,73.17996215820312,,,,,,
2016-01-14,73.1639404296875,,,,,,
2016-01-15,73.1639404296875,,,,,,
2016-01-19,73.17996215820312,,,,,,
2016-01-20,73.17996215820312,,,,,,
2016-01-21,73.19596099853516,,,,,,
2016-01-22,73.1639404296875,,,,,,
2016-01-25,73.17996215820312,,,,,,
2016-01-26,73.1639404296875,,,,,,
2016-01-27,73.17996215820312,,,,,,
2016-01-28,73.17996215820312,,,,,,
2016-01-29,73.19596099853516,,,,,,
2016-02-01,73.1639404296875,,,,,,
2016-02-02,73.1639404296875,,,,,,
2016-02-03,73.17996215820312,,,,,,
2016-02-04,73.19596099853516,,,,,,
2016-02-05,73.19596099853516,,,,,,
2016-02-08,73.17996215820312,,,,,,
2016-02-09,73.19596099853516,,,,,,
2016-02-10,73.17996215820312,,,,,,
2016-02-11,73.19596099853516,,,,,,
2016-02-12,73.17996215820312,,,,,,
2016-02-16,73.17996215820312,,,,,,
2016-02-17,73.17996215820312,,,,,,
2016-02-18,73.19596099853516,,,,,,
2016-02-19,73.19596099853516,,,,,,
2016-02-22,73.19596099853516,,,,,,
2016-02-23,73.17996215820312,,,,,,
2016-02-24,73.19596099853516,,,,,,
2016-02-25,73.17996215820312,,,,,,
2016-02-26,73.17996215820312,,,,,,
2016-02-29,73.19596099853516,,,,,,
2016-03-01,73.19596099853516,,,,,,
2016-03-02,73.17996215820312,,,,,,
2016-03-03,73.19596099853516,,,,,,
2016-03-04,73.19596099853516,,,,,,
2016-03-07,73.19596099853516,,,,,,
2016-03-08,73.17996215820312,,,,,,
2016-03-09,73.19596099853516,,,,,,
2016-03-10,73.19596099853516,,,,,,
2016-03-11,73.17996215820312,,,,,,
2016-03-14,73.17996215820312,,,,,,
2016-03-15,73.17996215820312,,,,,,
2016-03-16,73.19596099853516,,,,,,
2016-03-17,73.17996215820312,,,,,,
2016-03-18,73.17996215820312,,,,,,
2016-03-21,73.19596099853516,,,,,,
2016-03-22,73.19596099853516,,,,,,
2016-03-23,73.17996215820312,,,,,,
2016-03-24,73.19596099853516,,,,,,
2016-03-28,73.19596099853516,,,,,,
2016-03-29,73.19596099853516,,,,,,
2016-03-30,73.19596099853516,,,,,,
2016-03-31,73.19596099853516,,,,,,
2016-04-01,73.19596099853516,,,,,,
2016-04-04,73.19596099853516,,,,,,
2016-04-05,73.21197509765625,,,,,,
2016-04-06,73.21197509765625,,,,,,
2016-04-07,73.19596099853516,,,,,,
2016-04-08,73.21197509765625,,,,,,
2016-04-11,73.19596099853516,,,,,,
2016-04-12,73.19596099853516,,,,,,
2016-04-13,73.21197509765625,,,,,,
2016-04-14,73.21197509765625,,,,,,
2016-04-15,73.19596099853516,,,,,,
2016-04-18,73.21197509765625,,,,,,
2016-04-19,73.21197509765625,,,,,,
2016-04-20,73.21197509765625,,,,,,
2016-04-21,73.19596099853516,,,,,,
2016-04-22,73.21197509765625,,,,,,
2016-04-25,73.19596099853516,,,,,,
2016-04-26,73.21197509765625,,,,,,
2016-04-27,73.21197509765625,,,,,,
2016-04-28,73.21197509765625,,,,,,
2016-04-29,73.22799682617188,,,,,,
2016-05-02,73.21197509765625,,,,,,
2016-05-03,73.22799682617188,,,,,,
2016-05-04,73.21197509765625,,,,,,
2016-05-05,73.21197509765625,,,,,,
2016-05-06,73.22799682617188,,,,,,
2016-05-09,73.22799682617188,,,,,,
2016-05-10,73.22799682617188,,,,,,
2016-05-11,73.19596099853516,,,,,,
2016-05-12,73.19596099853516,,,,,,
2016-05-13,73.19596099853516,,,,,,
2016-05-16,73.19596099853516,,,,,,
2016-05-17,73.19596099853516,,,,,,
2016-05-18,73.21197509765625,,,,,,
2016-05-19,73.19596099853516,,,,,,
2016-05-20,73.21197509765625,,,,,,
2016-05-23,73.22799682617188,,,,,,
2016-05-24,73.19596099853516,,,,,,
2016-05-25,73.21197509765625,,,,,,
2016-05-26,73.21197509765625,,,,,,
2016-05-27,73.22799682617188,,,,,,
2016-05-31,73.22799682617188,,,,,,
2016-06-01,73.22799682617188,,,,,,
2016-06-02,73.21197509765625,,,,,,
2016-06-03,73.22799682617188,,,,,,
2016-06-06,73.24400329589844,,,,,,
2016-06-07,73.24400329589844,,,,,,
2016-06-08,73.24400329589844,,,,,,
2016-06-09,73.21197509765625,,,,,,
2016-06-10,73.21197509765625,,,,,,
2016-06-13,73.21197509765625,,,,,,
2016-06-14,73.21197509765625,,,,,,
2016-06-15,73.21197509765625,,,,,,
2016-06-16,73.22799682617188,,,,,,
2016-06-17,73.21197509765625,,,,,,
2016-06-20,73.22799682617188,,,,,,
2016-06-21,73.22799682617188,,,,,,
2016-06-22,73.22799682617188,,,,,,
2016-06-23,73.22799682617188,,,,,,
2016-06-24,73.21197509765625,,,,,,
2016-06-27,73.21197509765625,,,,,,
2016-06-28,73.21197509765625,,,,,,
2016-06-29,73.21197509765625,,,,,,
2016-06-30,73.21197509765625,,,,,,
2016-07-01,73.24400329589844,,,,,,
2016-07-05,73.24400329589844,,,,,,
2016-07-06,73.22799682617188,,,,,,
2016-07-07,73.24400329589844,,,,,,
2016-07-08,73.22799682617188,,,,,,
2016-07-11,73.24400329589844,,,,,,
2016-07-12,73.21197509765625,,,,,,
2016-07-13,73.22799682617188,,,,,,
2016-07-14,73.24400329589844,,,,,,
2016-07-15,73.22799682617188,,,,,,
2016-07-18,73.22799682617188,,,,,,
2016-07-19,73.24400329589844,,,,,,
2016-07-20,73.24400329589844,,,,,,
2016-07-21,73.24400329589844,,,,,,
2016-07-22,73.24400329589844,,,,,,
2016-07-25,73.22799682617188,,,,,,
2016-07-26,73.22799682617188,,,,,,
2016-07-27,73.24400329589844,,,,,,
2016-07-28,73.22799682617188,,,,,,
2016-07-29,73.24400329589844,,,,,,
2016-08-01,73.22799682617188,,,,,,
2016-08-02,73.24400329589844,,,,,,
2016-08-03,73.22799682617188,,,,,,
2016-08-04,73.22799682617188,,,,,,
2016-08-05,73.22799682617188,,,,,,
2016-08-08,73.22799682617188,,,,,,
2016-08-09,73.22799682617188,,,,,,
2016-08-10,73.22799682617188,,,,,,
2016-08-11,73.22799682617188,,,,,,
2016-08-12,73.22799682617188,,,,,,
2016-08-15,73.22799682617188,,,,,,
2016-08-16,73.22799682617188,,,,,,
2016-08-17,73.22799682617188,,,,,,
2016-08-18,73.24400329589844,,,,,,
2016-08-19,73.22799682617188,,,,,,
2016-08-22,73.22799682617188,,,,,,
2016-08-23,73.22799682617188,,,,,,
2016-08-24,73.24400329589844,,,,,,
2016-08-25,73.22799682617188,,,,,,
2016-08-26,73.22799682617188,,,,,,
2016-08-29,73.24400329589844,,,,,,
2016-08-30,73.24400329589844,,,,,,
2016-08-31,73.24400329589844,,,,,,
2016-09-01,73.24400329589844,,,,,,
2016-09-02,73.2600326538086,,,,,,
2016-09-06,73.2600326538086,,,,,,
2016-09-07,73.24400329589844,,,,,,
2016-09-08,73.24400329589844,,,,,,
2016-09-09,73.2600326538086,,,,,,
2016-09-12,73.22799682617188,,,,,,
2016-09-13,73.24400329589844,,,,,,
2016-09-14,73.24400329589844,,,,,,
2016-09-15,73.24400329589844,,,,,,
2016-09-16,73.24400329589844,,,,,,
2016-09-19,73.24400329589844,,,,,,
2016-09-20,73.24400329589844,,,,,,
2016-09-21,73.24400329589844,,,,,,
2016-09-22,73.2600326538086,,,,,,
2016-09-23,73.2600326538086,,,,,,
2016-09-26,73.2600326538086,,,,,,
2016-09-27,73.24400329589844,,,,,,
2016-09-28,73.24400329589844,,,,,,
2016-09-29,73.24400329589844,,,,,,
2016-09-30,73.2600326538086,,,,,,
2016-10-03,73.24400329589844,,,,,,
2016-10-04,73.2600326538086,,,,,,
2016-10-05,73.2600326538086,,,,,,
2016-10-06,73.2600326538086,,,,,,
2016-10-07,73.2600326538086,,,,,,
2016-10-10,73.2600326538086,,,,,,
2016-10-11,73.24400329589844,,,,,,
2016-10-12,73.2600326538086,,,,,,
2016-10-13,73.24400329589844,,,,,,
2016-10-14,73.24400329589844,,,,,,
2016-10-17,73.24400329589844,,,,,,
2016-10-18,73.24400329589844,,,,,,
2016-10-19,73.2600326538086,,,,,,
2016-10-20,73.24400329589844,,,,,,
2016-10-21,73.24400329589844,,,,,,
2016-10-24,73.24400329589844,,,,,,
2016-10-25,73.24400329589844,,,,,,
2016-10-26,73.2600326538086,,,,,,
2016-10-27,73.24400329589844,,,,,,
2016-10-28,73.2600326538086,,,,,,
2016-10-31,73.27605438232422,,,,,,
2016-11-01,73.2600326538086,,,,,,
2016-11-02,73.27605438232422,,,,,,
2016-11-03,73.2600326538086,,,,,,
2016-11-04,73.27605438232422,,,,,,
2016-11-07,73.2600326538086,,,,,,
2016-11-08,73.27605438232422,,,,,,
2016-11-09,73.24400329589844,,,,,,
2016-11-10,73.24400329589844,,,,,,
2016-11-11,73.21197509765625,,,,,,
2016-11-14,73.24400329589844,,,,,,
2016-11-15,73.2600326538086,,,,,,
2016-11-16,73.2600326538086,,,,,,
2016-11-17,73.27605438232422,,,,,,
2016-11-18,73.2600326538086,,,,,,
2016-11-21,73.24400329589844,,,,,,
2016-11-22,73.24400329589844,,,,,,
2016-11-23,73.24400329589844,,,,,,
2016-11-25,73.2600326538086,,,,,,
2016-11-28,73.24400329589844,,,,,,
2016-11-29,73.24400329589844,,,,,,
2016-11-30,73.24400329589844,,,,,,
2016-12-01,73.27767181396484,,,,,,
2016-12-02,73.26168823242188,,,,,,
2016-12-05,73.26168823242188,,,,,,
2016-12-06,73.27767181396484,,,,,,
2016-12-07,73.27767181396484,,,,,,
2016-12-08,73.27767181396484,,,,,,
2016-12-09,73.27767181396484,,,,,,
2016-12-12,73.26168823242188,,,,,,
2016-12-13,73.27767181396484,,,,,,
2016-12-14,73.27767181396484,,,,,,
2016-12-15,73.27767181396484,,,,,,
2016-12-16,73.26168823242188,,,,,,
2016-12-19,73.27767181396484,,,,,,
2016-12-20,73.26168823242188,,,,,,
2016-12-21,73.27767181396484,,,,,,
2016-12-22,73.26168823242188,,,,,,
2016-12-23,73.26168823242188,,,,,,
2016-12-27,73.27767181396484,,,,,,
2016-12-28,73.27611541748047,,,,,,
2016-12-29,73.29208374023438,,,,,,
2016-12-30,73.26007080078125,,,,,,
2017-01-03,73.29208374023438,,,,,,
2017-01-04,73.29208374023438,,,,,,
2017-01-05,73.27611541748047,,,,,,
2017-01-06,73.29208374023438,,,,,,
2017-01-09,73.29208374023438,,,,,,
2017-01-10,73.27611541748047,,,,,,
2017-01-11,73.29208374023438,,,,,,
2017-01-12,73.29208374023438,,,,,,
2017-01-13,73.29208374023438,,,,,,
2017-01-17,73.29208374023438,,,,,,
2017-01-18,73.27611541748047,,,,,,
2017-01-19,73.27611541748047,,,,,,
2017-01-20,73.29208374023438,,,,,,
2017-01-23,73.27611541748047,,,,,,
2017-01-24,73.27611541748047,,,,,,
2017-01-25,73.29208374023438,,,,,,
2017-01-26,73.30814361572266,,,,,,
2017-01-27,73.27611541748047,,,,,,
2017-01-30,73.30814361572266,,,,,,
2017-01-31,73.29208374023438,,,,,,
2017-02-01,73.29695892333984,,,,,,
2017-02-02,73.29695892333984,,,,,,
2017-02-03,73.28089904785156,,,,,,
2017-02-06,73.31291961669922,,,,,,
2017-02-07,73.31291961669922,,,,,,
2017-02-08,73.31291961669922,,,,,,
2017-02-09,73.31291961669922,,,,,,
2017-02-10,73.29695892333984,,,,,,
2017-02-13,73.29695892333984,,,,,,
2017-02-14,73.31291961669922,,,,,,
2017-02-15,73.29695892333984,,,,,,
2017-02-16,73.29695892333984,,,,,,
2017-02-17,73.31291961669922,,,,,,
2017-02-21,73.29695892333984,,,,,,
2017-02-22,73.29695892333984,,,,,,
2017-02-23,73.29695892333984,,,,,,
2017-02-24,73.29695892333984,,,,,,
2017-02-27,73.29695892333984,,,,,,
2017-02-28,73.3290023803711,,,,,,
2017-03-01,73.30011749267578,,,,,,
2017-03-02,73.30011749267578,,,,,,
2017-03-03,73.31620025634766,,,,,,
2017-03-06,73.33219146728516,,,,,,
2017-03-07,73.30011749267578,,,,,,
2017-03-08,73.30011749267578,,,,,,
2017-03-09,73.30011749267578,,,,,,
2017-03-10,73.31620025634766,,,,,,
2017-03-13,73.30011749267578,,,,,,
2017-03-14,73.30011749267578,,,,,,
2017-03-15,73.31620025634766,,,,,,
2017-03-16,73.33219146728516,,,,,,
2017-03-17,73.33219146728516,,,,,,
2017-03-20,73.31620025634766,,,,,,
2017-03-21,73.33219146728516,,,,,,
2017-03-22,73.33219146728516,,,,,,
2017-03-23,73.31620025634766,,,,,,
2017-03-24,73.33219146728516,,,,,,
2017-03-27,73.33219146728516,,,,,,
2017-03-28,73.33219146728516,,,,,,
2017-03-29,73.33219146728516,,,,,,
2017-03-30,73.33219146728516,,,,,,
2017-03-31,73.31620025634766,,,,,,
2017-04-03,73.32258605957031,,,,,,
2017-04-04,73.32258605957031,,,,,,
2017-04-05,73.32258605957031,,,,,,
2017-04-06,73.32258605957031,,,,,,
2017-04-07,73.32258605957031,,,,,,
2017-04-10,73.32258605957031,,,,,,
2017-04-11,73.33863830566406,,,,,,
2017-04-12,73.32258605957031,,,,,,
2017-04-13,73.33863830566406,,,,,,
2017-04-17,73.33863830566406,,,,,,
2017-04-18,73.35465240478516,,,,,,
2017-04-19,73.35465240478516,,,,,,
2017-04-20,73.35465240478516,,,,,,
2017-04-21,73.35465240478516,,,,,,
2017-04-24,73.33863830566406,,,,,,
2017-04-25,73.33863830566406,,,,,,
2017-04-26,73.35465240478516,,,,,,
2017-04-27,73.33863830566406,,,,,,
2017-04-28,73.37069702148438,,,,,,
2017-05-01,73.3658676147461,,,,,,
2017-05-02,73.34986877441406,,,,,,
2017-05-03,73.34986877441406,,,,,,
2017-05-04,73.3658676147461,,,,,,
2017-05-05,73.34986877441406,,,,,,
2017-05-08,73.3658676147461,,,,,,
2017-05-09,73.3658676147461,,,,,,
2017-05-10,73.38194274902344,,,,,,
2017-05-11,73.38194274902344,,,,,,
2017-05-12,73.3658676147461,,,,,,
2017-05-15,73.38194274902344,,,,,,
2017-05-16,73.38194274902344,,,,,,
2017-05-17,73.39801025390625,,,,,,
2017-05-18,73.39801025390625,,,,,,
2017-05-19,73.38194274902344,,,,,,
2017-05-22,73.39801025390625,,,,,,
2017-05-23,73.39801025390625,,,,,,
2017-05-24,73.38194274902344,,,,,,
2017-05-25,73.39801025390625,,,,,,
2017-05-26,73.41401672363281,,,,,,
2017-05-30,73.38194274902344,,,,,,
2017-05-31,73.38194274902344,,,,,,
2017-06-01,73.40922546386719,,,,,,
2017-06-02,73.39318084716797,,,,,,
2017-06-05,73.40922546386719,,,,,,
2017-06-06,73.39318084716797,,,,,,
2017-06-07,73.42530822753906,,,,,,
2017-06-08,73.40922546386719,,,,,,
2017-06-09,73.42530822753906,,,,,,
2017-06-12,73.40922546386719,,,,,,
2017-06-13,73.42530822753906,,,,,,
2017-06-14,73.40922546386719,,,,,,
2017-06-15,73.40922546386719,,,,,,
2017-06-16,73.4413833618164,,,,,,
2017-06-19,73.42530822753906,,,,,,
2017-06-20,73.42530822753906,,,,,,
2017-06-21,73.4413833618164,,,,,,
2017-06-22,73.45741271972656,,,,,,
2017-06-23,73.4413833618164,,,,,,
2017-06-26,73.42530822753906,,,,,,
2017-06-27,73.42530822753906,,,,,,
2017-06-28,73.45741271972656,,,,,,
2017-06-29,73.4413833618164,,,,,,
2017-06-30,73.45741271972656,,,,,,
2017-07-03,73.46544647216797,,,,,,
2017-07-05,73.44940185546875,,,,,,
2017-07-06,73.46544647216797,,,,,,
2017-07-07,73.46544647216797,,,,,,
2017-07-10,73.46544647216797,,,,,,
2017-07-11,73.46544647216797,,,,,,
2017-07-12,73.44940185546875,,,,,,
2017-07-13,73.44940185546875,,,,,,
2017-07-14,73.48152160644531,,,,,,
2017-07-17,73.46544647216797,,,,,,
2017-07-18,73.46544647216797,,,,,,
2017-07-19,73.46544647216797,,,,,,
2017-07-20,73.46544647216797,,,,,,
2017-07-21,73.46544647216797,,,,,,
2017-07-24,73.46544647216797,,,,,,
2017-07-25,73.46544647216797,,,,,,
2017-07-26,73.48152160644531,,,,,,
2017-07-27,73.49758911132812,,,,,,
2017-07-28,73.48152160644531,,,,,,
2017-07-31,73.48152160644531,,,,,,
2017-08-01,73.50084686279297,,,,,,
2017-08-02,73.51690673828125,,,,,,
2017-08-03,73.51690673828125,,,,,,
2017-08-04,73.51690673828125,,,,,,
2017-08-07,73.51690673828125,,,,,,
2017-08-08,73.51690673828125,,,,,,
2017-08-09,73.51690673828125,,,,,,
2017-08-10,73.51690673828125,,,,,,
2017-08-11,73.53297424316406,,,,,,
2017-08-14,73.51690673828125,,,,,,
2017-08-15,73.53297424316406,,,,,,
2017-08-16,73.51690673828125,,,,,,
2017-08-17,73.53297424316406,,,,,,
2017-08-18,73.51690673828125,,,,,,
2017-08-21,73.53297424316406,,,,,,
2017-08-22,73.54906463623047,,,,,,
2017-08-23,73.54906463623047,,,,,,
2017-08-24,73.54906463623047,,,,,,
2017-08-25,73.53297424316406,,,,,,
2017-08-28,73.54906463623047,,,,,,
2017-08-29,73.54906463623047,,,,,,
2017-08-30,73.54906463623047,,,,,,
2017-08-31,73.56514739990234,,,,,,
2017-09-01,73.56997680664062,,,,,,
2017-09-05,73.5378189086914,,,,,,
2017-09-06,73.56997680664062,,,,,,
2017-09-07,73.56997680664062,,,,,,
2017-09-08,73.55390167236328,,,,,,
2017-09-11,73.55390167236328,,,,,,
2017-09-12,73.58609771728516,,,,,,
2017-09-13,73.58609771728516,,,,,,
2017-09-14,73.56997680664062,,,,,,
2017-09-15,73.56997680664062,,,,,,
2017-09-18,73.56997680664062,,,,,,
2017-09-19,73.60214233398438,,,,,,
2017-09-20,73.60214233398438,,,,,,
2017-09-21,73.60214233398438,,,,,,
2017-09-22,73.60214233398438,,,,,,
2017-09-25,73.60214233398438,,,,,,
2017-09-26,73.60214233398438,,,,,,
2017-09-27,73.60214233398438,,,,,,
2017-09-28,73.58609771728516,,,,,,
2017-09-29,73.61825561523438,,,,,,
2017-10-02,73.6214599609375,,,,,,
2017-10-03,73.6214599609375,,,,,,
2017-10-04,73.60540008544922,,,,,,
2017-10-05,73.6214599609375,,,,,,
2017-10-06,73.60540008544922,,,,,,
2017-10-09,73.60540008544922,,,,,,
2017-10-10,73.60540008544922,,,,,,
2017-10-11,73.60540008544922,,,,,,
2017-10-12,73.63761138916016,,,,,,
2017-10-13,73.63761138916016,,,,,,
2017-10-16,73.6214599609375,,,,,,
2017-10-17,73.63761138916016,,,,,,
2017-10-18,73.63761138916016,,,,,,
2017-10-19,73.63761138916016,,,,,,
2017-10-20,73.65364837646484,,,,,,
2017-10-23,73.63761138916016,,,,,,
2017-10-24,73.66979217529297,,,,,,
2017-10-25,73.66979217529297,,,,,,
2017-10-26,73.66979217529297,,,,,,
2017-10-27,73.66979217529297,,,,,,
2017-10-30,73.65364837646484,,,,,,
2017-10-31,73.66979217529297,,,,,,
2017-11-01,73.67784881591797,,,,,,
2017-11-02,73.66175079345703,,,,,,
2017-11-03,73.66175079345703,,,,,,
2017-11-06,73.67784881591797,,,,,,
2017-11-07,73.67784881591797,,,,,,
2017-11-08,73.67784881591797,,,,,,
2017-11-09,73.66175079345703,,,,,,
2017-11-10,73.67784881591797,,,,,,
2017-11-13,73.67784881591797,,,,,,
2017-11-14,73.67784881591797,,,,,,
2017-11-15,73.67784881591797,,,,,,
2017-11-16,73.69396209716797,,,,,,
2017-11-17,73.67784881591797,,,,,,
2017-11-20,73.69396209716797,,,,,,
2017-11-21,73.71005249023438,,,,,,
2017-11-22,73.71005249023438,,,,,,
2017-11-24,73.69396209716797,,,,,,
2017-11-27,73.69396209716797,,,,,,
2017-11-28,73.72620391845703,,,,,,
2017-11-29,73.71005249023438,,,,,,
2017-11-30,73.71005249023438,,,,,,
2017-12-01,73.71492004394531,,,,,,
2017-12-04,73.72298431396484,,,,,,
2017-12-05,73.73102569580078,,,,,,
2017-12-06,73.72298431396484,,,,,,
2017-12-07,73.73102569580078,,,,,,
2017-12-08,73.73908996582031,,,,,,
2017-12-11,73.73102569580078,,,,,,
2017-12-12,73.73908996582031,,,,,,
2017-12-13,73.73102569580078,,,,,,
2017-12-14,73.73908996582031,,,,,,
2017-12-15,73.74716186523438,,,,,,
2017-12-18,73.75519561767578,,,,,,
2017-12-19,73.75685119628906,,,,,,
2017-12-20,73.75685119628906,,,,,,
2017-12-21,73.75685119628906,,,,,,
2017-12-22,73.77296447753906,,,,,,
2017-12-26,73.76494598388672,,,,,,
2017-12-27,73.78104400634766,,,,,,
2017-12-28,73.78104400634766,,,,,,
2017-12-29,73.76494598388672,,,,,,
2018-01-02,73.77296447753906,,,,,,
2018-01-03,73.7891616821289,,,,,,
2018-01-04,73.7972183227539,,,,,,
2018-01-05,73.7972183227539,,,,,,
2018-01-08,73.80524444580078,,,,,,
2018-01-09,73.80524444580078,,,,,,
2018-01-10,73.80524444580078,,,,,,
2018-01-11,73.7972183227539,,,,,,
2018-01-12,73.82138061523438,,,,,,
2018-01-16,73.80524444580078,,,,,,
2018-01-17,73.82138061523438,,,,,,
2018-01-18,73.82138061523438,,,,,,
2018-01-19,73.82947540283203,,,,,,
2018-01-22,73.83756256103516,,,,,,
2018-01-23,73.83756256103516,,,,,,
2018-01-24,73.84565734863281,,,,,,
2018-01-25,73.84565734863281,,,,,,
2018-01-26,73.86177825927734,,,,,,
2018-01-29,73.84565734863281,,,,,,
2018-01-30,73.85371398925781,,,,,,
2018-01-31,73.86177825927734,,,,,,
2018-02-01,73.85856628417969,,,,,,
2018-02-02,73.86662292480469,,,,,,
2018-02-05,73.85856628417969,,,,,,
2018-02-06,73.86662292480469,,,,,,
2018-02-07,73.87466430664062,,,,,,
2018-02-08,73.86662292480469,,,,,,
2018-02-09,73.88275146484375,,,,,,
2018-02-12,73.88275146484375,,,,,,
2018-02-13,73.88275146484375,,,,,,
2018-02-14,73.88275146484375,,,,,,
2018-02-15,73.89081573486328,,,,,,
2018-02-16,73.89891052246094,,,,,,
2018-02-20,73.89891052246094,,,,,,
2018-02-21,73.89081573486328,,,,,,
2018-02-22,73.89891052246094,,,,,,
2018-02-23,73.91511535644531,,,,,,
2018-02-26,73.89891052246094,,,,,,
2018-02-27,73.91511535644531,,,,,,
2018-02-28,73.92317199707031,,,,,,
2018-03-01,73.93043518066406,,,,,,
2018-03-02,73.93848419189453,,,,,,
2018-03-05,73.93848419189453,,,,,,
2018-03-06,73.93848419189453,,,,,,
2018-03-07,73.93848419189453,,,,,,
2018-03-08,73.93043518066406,,,,,,
2018-03-09,73.94658660888672,,,,,,
2018-03-12,73.95468139648438,,,,,,
2018-03-13,73.95468139648438,,,,,,
2018-03-14,73.95468139648438,,,,,,
2018-03-15,73.94658660888672,,,,,,
2018-03-16,73.96277618408203,,,,,,
2018-03-19,73.96277618408203,,,,,,
2018-03-20,73.95468139648438,,,,,,
2018-03-21,73.97081756591797,,,,,,
2018-03-22,73.97895050048828,,,,,,
2018-03-23,73.9870376586914,,,,,,
2018-03-26,73.97895050048828,,,,,,
2018-03-27,73.9951171875,,,,,,
2018-03-28,74.00316619873047,,,,,,
2018-03-29,74.0193862915039,,,,,,
2018-04-02,74.01531219482422,,,,,,
2018-04-03,74.00723266601562,,,,,,
2018-04-04,74.02342224121094,,,,,,
2018-04-05,74.03150177001953,,,,,,
2018-04-06,74.03150177001953,,,,,,
2018-04-09,74.03961181640625,,,,,,
2018-04-10,74.03150177001953,,,,,,
2018-04-11,74.04771423339844,,,,,,
2018-04-12,74.04771423339844,,,,,,
2018-04-13,74.04771423339844,,,,,,
2018-04-16,74.06391143798828,,,,,,
2018-04-17,74.06391143798828,,,,,,
2018-04-18,74.05577850341797,,,,,,
2018-04-19,74.07196807861328,,,,,,
2018-04-20,74.07196807861328,,,,,,
2018-04-23,74.07196807861328,,,,,,
2018-04-24,74.08006286621094,,,,,,
2018-04-25,74.08817291259766,,,,,,
2018-04-26,74.09627532958984,,,,,,
2018-04-27,74.1043472290039,,,,,,
2018-04-30,74.09627532958984,,,,,,
2018-05-01,74.10191345214844,,,,,,
2018-05-02,74.11001586914062,,,,,,
2018-05-03,74.11001586914062,,,,,,
2018-05-04,74.12625885009766,,,,,,
2018-05-07,74.12625885009766,,,,,,
2018-05-08,74.13431549072266,,,,,,
2018-05-09,74.13431549072266,,,,,,
2018-05-10,74.13431549072266,,,,,,
2018-05-11,74.13431549072266,,,,,,
2018-05-14,74.13431549072266,,,,,,
2018-05-15,74.15055084228516,,,,,,
2018-05-16,74.15865325927734,,,,,,
2018-05-17,74.15865325927734,,,,,,
2018-05-18,74.16674041748047,,,,,,
2018-05-21,74.16674041748047,,,,,,
2018-05-22,74.16674041748047,,,,,,
2018-05-23,74.17488098144531,,,,,,
2018-05-24,74.19110107421875,,,,,,
2018-05-25,74.19921112060547,,,,,,
2018-05-29,74.19921112060547,,,,,,
2018-05-30,74.19110107421875,,,,,,
2018-05-31,74.20726013183594,,,,,,
2018-06-01,74.21211242675781,,,,,,
2018-06-04,74.22026824951172,,,,,,
2018-06-05,74.22026824951172,,,,,,
2018-06-06,74.21211242675781,,,,,,
2018-06-07,74.22026824951172,,,,,,
2018-06-08,74.23650360107422,,,,,,
2018-06-11,74.24461364746094,,,,,,
2018-06-12,74.24461364746094,,,,,,
2018-06-13,74.23650360107422,,,,,,
2018-06-14,74.2608413696289,,,,,,
2018-06-15,74.2608413696289,,,,,,
2018-06-18,74.25271606445312,,,,,,
2018-06-19,74.2689208984375,,,,,,
2018-06-20,74.2608413696289,,,,,,
2018-06-21,74.2689208984375,,,,,,
2018-06-22,74.27709197998047,,,,,,
2018-06-25,74.29328155517578,,,,,,
2018-06-26,74.28516387939453,,,,,,
2018-06-27,74.3014144897461,,,,,,
2018-06-28,74.3014144897461,,,,,,
2018-06-29,74.31767272949219,,,,,,
2018-07-02,74.30704498291016,,,,,,
2018-07-03,74.3233413696289,,,,,,
2018-07-05,74.3233413696289,,,,,,
2018-07-06,74.33956909179688,,,,,,
2018-07-09,74.33956909179688,,,,,,
2018-07-10,74.34774780273438,,,,,,
2018-07-11,74.34774780273438,,,,,,
2018-07-12,74.34774780273438,,,,,,
2018-07-13,74.35581970214844,,,,,,
2018-07-16,74.36394500732422,,,,,,
2018-07-17,74.36394500732422,,,,,,
2018-07-18,74.3720703125,,,,,,
2018-07-19,74.3802490234375,,,,,,
2018-07-20,74.38833618164062,,,,,,
2018-07-23,74.3802490234375,,,,,,
2018-07-24,74.39647674560547,,,,,,
2018-07-25,74.38833618164062,,,,,,
2018-07-26,74.39647674560547,,,,,,
2018-07-27,74.41270446777344,,,,,,
2018-07-30,74.40459442138672,,,,,,
2018-07-31,74.42088317871094,,,,,,
2018-08-01,74.42488098144531,,,,,,
2018-08-02,74.43305206298828,,,,,,
2018-08-03,74.43305206298828,,,,,,
2018-08-06,74.4411849975586,,,,,,
2018-08-07,74.44932556152344,,,,,,
2018-08-08,74.4411849975586,,,,,,
2018-08-09,74.44932556152344,,,,,,
2018-08-10,74.46559143066406,,,,,,
2018-08-13,74.47374725341797,,,,,,
2018-08-14,74.45747375488281,,,,,,
2018-08-15,74.47374725341797,,,,,,
2018-08-16,74.47374725341797,,,,,,
2018-08-17,74.48185729980469,,,,,,
2018-08-20,74.48185729980469,,,,,,
2018-08-21,74.49004364013672,,,,,,
2018-08-22,74.49004364013672,,,,,,
2018-08-23,74.51445770263672,,,,,,
2018-08-24,74.51445770263672,,,,,,
2018-08-27,74.52256774902344,,,,,,
2018-08-28,74.52256774902344,,,,,,
2018-08-29,74.51445770263672,,,,,,
2018-08-30,74.5469970703125,,,,,,
2018-08-31,74.53886413574219,,,,,,
2018-09-04,74.5453872680664,,,,,,
2018-09-05,74.53719329833984,,,,,,
2018-09-06,74.55352020263672,,,,,,
2018-09-07,74.56981658935547,,,,,,
2018-09-10,74.56981658935547,,,,,,
2018-09-11,74.57796478271484,,,,,,
2018-09-12,74.57796478271484,,,,,,
2018-09-13,74.57796478271484,,,,,,
2018-09-14,74.58610534667969,,,,,,
2018-09-17,74.60243225097656,,,,,,
2018-09-18,74.60243225097656,,,,,,
2018-09-19,74.60243225097656,,,,,,
2018-09-20,74.61873626708984,,,,,,
2018-09-21,74.61873626708984,,,,,,
2018-09-24,74.62689208984375,,,,,,
2018-09-25,74.62689208984375,,,,,,
2018-09-26,74.62689208984375,,,,,,
2018-09-27,74.6432113647461,,,,,,
2018-09-28,74.6432113647461,,,,,,
2018-10-01,74.64803314208984,,,,,,
2018-10-02,74.65621948242188,,,,,,
2018-10-03,74.65621948242188,,,,,,
2018-10-04,74.67256164550781,,,,,,
2018-10-05,74.68070983886719,,,,,,
2018-10-08,74.68070983886719,,,,,,
2018-10-09,74.67256164550781,,,,,,
2018-10-10,74.68889617919922,,,,,,
2018-10-11,74.69705963134766,,,,,,
2018-10-12,74.69705963134766,,,,,,
2018-10-15,74.7052230834961,,,,,,
2018-10-16,74.71334838867188,,,,,,
2018-10-17,74.71334838867188,,,,,,
2018-10-18,74.71334838867188,,,,,,
2018-10-19,74.72156524658203,,,,,,
2018-10-22,74.73786163330078,,,,,,
2018-10-23,74.73786163330078,,,,,,
2018-10-24,74.74604797363281,,,,,,
2018-10-25,74.75418853759766,,,,,,
2018-10-26,74.76241302490234,,,,,,
2018-10-29,74.76241302490234,,,,,,
2018-10-30,74.76241302490234,,,,,,
2018-10-31,74.77053833007812,,,,,,
2018-11-01,74.7868881225586,,,,,,
2018-11-02,74.7868881225586,,,,,,
2018-11-05,74.79509735107422,,,,,,
2018-11-06,74.79509735107422,,,,,,
2018-11-07,74.80323028564453,,,,,,
2018-11-08,74.81138610839844,,,,,,
2018-11-09,74.82778930664062,,,,,,
2018-11-12,74.8196029663086,,,,,,
2018-11-13,74.82778930664062,,,,,,
2018-11-14,74.8196029663086,,,,,,
2018-11-15,74.8441390991211,,,,,,
2018-11-16,74.8522720336914,,,,,,
2018-11-19,74.8441390991211,,,,,,
2018-11-20,74.86048889160156,,,,,,
2018-11-21,74.8768539428711,,,,,,
2018-11-23,74.8768539428711,,,,,,
2018-11-26,74.885009765625,,,,,,
2018-11-27,74.885009765625,,,,,,
2018-11-28,74.89317321777344,,,,,,
2018-11-29,74.90137481689453,,,,,,
2018-11-30,74.9095687866211,,,,,,
2018-12-03,74.90706634521484,,,,,,
2018-12-04,74.91526794433594,,,,,,
2018-12-06,74.93164825439453,,,,,,
2018-12-07,74.9398422241211,,,,,,
2018-12-10,74.94805145263672,,,,,,
2018-12-11,74.9398422241211,,,,,,
2018-12-12,74.95623779296875,,,,,,
2018-12-13,74.96443939208984,,,,,,
2018-12-14,74.9726333618164,,,,,,
2018-12-17,74.98077392578125,,,,,,
2018-12-18,74.98077392578125,,,,,,
2018-12-19,74.97257995605469,,,,,,
2018-12-20,74.98905181884766,,,,,,
2018-12-21,75.00540924072266,,,,,,
2018-12-24,75.01361083984375,,,,,,
2018-12-26,75.00540924072266,,,,,,
2018-12-27,75.030029296875,,,,,,
2018-12-28,75.03822326660156,,,,,,
2018-12-31,75.04644012451172,,,,,,
2019-01-02,75.03822326660156,,,,,,
2019-01-03,75.0628433227539,,,,,,
2019-01-04,75.07105255126953,,,,,,
2019-01-07,75.07105255126953,,,,,,
2019-01-08,75.07105255126953,,,,,,
2019-01-09,75.07105255126953,,,,,,
2019-01-10,75.07927703857422,,,,,,
2019-01-11,75.09569549560547,,,,,,
2019-01-14,75.08747863769531,,,,,,
2019-01-15,75.1039047241211,,,,,,
2019-01-16,75.112060546875,,,,,,
2019-01-17,75.1285171508789,,,,,,
2019-01-18,75.1285171508789,,,,,,
2019-01-22,75.13673400878906,,,,,,
2019-01-23,75.13673400878906,,,,,,
2019-01-24,75.16133117675781,,,,,,
2019-01-25,75.15310668945312,,,,,,
2019-01-28,75.16133117675781,,,,,,
2019-01-29,75.16133117675781,,,,,,
2019-01-30,75.177734375,,,,,,
2019-01-31,75.177734375,,,,,,
2019-02-01,75.18512725830078,,,,,,
2019-02-04,75.19335174560547,,,,,,
2019-02-05,75.19335174560547,,,,,,
2019-02-06,75.20979309082031,,,,,,
2019-02-07,75.20979309082031,,,,,,
2019-02-08,75.22625732421875,,,,,,
2019-02-11,75.21802520751953,,,,,,
2019-02-12,75.23446655273438,,,,,,
2019-02-13,75.23446655273438,,,,,,
2019-02-14,75.25091552734375,,,,,,
2019-02-15,75.25091552734375,,,,,,
2019-02-19,75.26736450195312,,,,,,
2019-02-20,75.26736450195312,,,,,,
2019-02-21,75.27556610107422,,,,,,
2019-02-22,75.29203033447266,,,,,,
2019-02-25,75.28377532958984,,,,,,
2019-02-26,75.29203033447266,,,,,,
2019-02-27,75.30021667480469,,,,,,
2019-02-28,75.31665802001953,,,,,,
2019-03-01,75.32490539550781,,,,,,
2019-03-04,75.31665802001953,,,,,,
2019-03-05,75.32490539550781,,,,,,
2019-03-06,75.33314514160156,,,,,,
2019-03-07,75.3496322631836,,,,,,
2019-03-08,75.35785675048828,,,,,,
2019-03-11,75.35785675048828,,,,,,
2019-03-12,75.36609649658203,,,,,,
2019-03-13,75.37435150146484,,,,,,
2019-03-14,75.37435150146484,,,,,,
2019-03-15,75.38256072998047,,,,,,
2019-03-18,75.39081573486328,,,,,,
2019-03-19,75.39081573486328,,,,,,
2019-03-20,75.39081573486328,,,,,,
2019-03-21,75.41554260253906,,,,,,
2019-03-22,75.41554260253906,,,,,,
2019-03-25,75.41554260253906,,,,,,
2019-03-26,75.42373657226562,,,,,,
2019-03-27,75.43199157714844,,,,,,
2019-03-28,75.44847106933594,,,,,,
2019-03-29,75.44847106933594,,,,,,
2019-04-01,75.46165466308594,,,,,,
2019-04-02,75.45339965820312,,,,,,
2019-04-03,75.46165466308594,,,,,,
2019-04-04,75.4864501953125,,,,,,
2019-04-05,75.4864501953125,,,,,,
2019-04-08,75.4864501953125,,,,,,
2019-04-09,75.49468231201172,,,,,,
2019-04-10,75.49468231201172,,,,,,
2019-04-11,75.51946258544922,,,,,,
2019-04-12,75.51946258544922,,,,,,
2019-04-15,75.52767944335938,,,,,,
2019-04-16,75.52767944335938,,,,,,
2019-04-17,75.54420471191406,,,,,,
2019-04-18,75.55245208740234,,,,,,
2019-04-22,75.55245208740234,,,,,,
2019-04-23,75.55245208740234,,,,,,
2019-04-24,75.5689468383789,,,,,,
2019-04-25,75.58546447753906,,,,,,
2019-04-26,75.57720947265625,,,,,,
2019-04-29,75.58546447753906,,,,,,
2019-04-30,75.59373474121094,,,,,,
2019-05-01,75.59699249267578,,,,,,
2019-05-02,75.60529327392578,,,,,,
2019-05-03,75.613525390625,,,,,,
2019-05-06,75.621826171875,,,,,,
2019-05-07,75.6301040649414,,,,,,
2019-05-08,75.6301040649414,,,,,,
2019-05-09,75.63837432861328,,,,,,
2019-05-10,75.6548843383789,,,,,,
2019-05-13,75.6466064453125,,,,,,
2019-05-14,75.6548843383789,,,,,,
2019-05-15,75.66316986083984,,,,,,
2019-05-16,75.67144012451172,,,,,,
2019-05-17,75.6796875,,,,,,
2019-05-20,75.68799591064453,,,,,,
2019-05-21,75.68799591064453,,,,,,
2019-05-22,75.70450592041016,,,,,,
2019-05-23,75.7210464477539,,,,,,
2019-05-24,75.7210464477539,,,,,,
2019-05-28,75.72931671142578,,,,,,
2019-05-29,75.72931671142578,,,,,,
2019-05-30,75.7541275024414,,,,,,
2019-05-31,75.7541275024414,,,,,,
2019-06-03,75.75080871582031,,,,,,
2019-06-04,75.76737213134766,,,,,,
2019-06-05,75.76737213134766,,,,,,
2019-06-06,75.79218292236328,,,,,,
2019-06-07,75.78395080566406,,,,,,
2019-06-10,75.80049896240234,,,,,,
2019-06-11,75.79218292236328,,,,,,
2019-06-12,75.80049896240234,,,,,,
2019-06-13,75.8253402709961,,,,,,
2019-06-14,75.83366394042969,,,,,,
2019-06-17,75.83366394042969,,,,,,
2019-06-18,75.83366394042969,,,,,,
2019-06-19,75.85021209716797,,,,,,
2019-06-20,75.85845947265625,,,,,,
2019-06-21,75.85845947265625,,,,,,
2019-06-24,75.86677551269531,,,,,,
2019-06-25,75.86677551269531,,,,,,
2019-06-26,75.88335418701172,,,,,,
2019-06-27,75.88335418701172,,,,,,
2019-06-28,75.89161682128906,,,,,,
2019-07-01,75.88751983642578,,,,,,
2019-07-02,75.89579772949219,,,,,,
2019-07-03,75.92071533203125,,,,,,
2019-07-05,75.912353515625,,,,,,
2019-07-08,75.912353515625,,,,,,
2019-07-09,75.92071533203125,,,,,,
2019-07-10,75.92899322509766,,,,,,
2019-07-11,75.94558715820312,,,,,,
2019-07-12,75.95387268066406,,,,,,
2019-07-15,75.95387268066406,,,,,,
2019-07-16,75.96219635009766,,,,,,
2019-07-17,75.96219635009766,,,,,,
2019-07-18,75.98709106445312,,,,,,
2019-07-19,75.98709106445312,,,,,,
2019-07-22,75.98709106445312,,,,,,
2019-07-23,75.97879791259766,,,,,,
2019-07-24,75.99539947509766,,,,,,
2019-07-25,76.01197052001953,,,,,,
2019-07-26,76.00369262695312,,,,,,
2019-07-29,76.0202865600586,,,,,,
2019-07-30,76.0202865600586,,,,,,
2019-07-31,76.02857971191406,,,,,,
2019-08-01,76.04937744140625,,,,,,
2019-08-02,76.04937744140625,,,,,,
2019-08-05,76.04103088378906,,,,,,
2019-08-06,76.04937744140625,,,,,,
2019-08-07,76.06599426269531,,,,,,
2019-08-08,76.07431030273438,,,,,,
2019-08-09,76.06599426269531,,,,,,
2019-08-12,76.08255767822266,,,,,,
2019-08-13,76.09089660644531,,,,,,
2019-08-14,76.08255767822266,,,,,,
2019-08-15,76.11589050292969,,,,,,
2019-08-16,76.10757446289062,,,,,,
2019-08-19,76.10757446289062,,,,,,
2019-08-20,76.11589050292969,,,,,,
2019-08-21,76.10757446289062,,,,,,
2019-08-22,76.13249206542969,,,,,,
2019-08-23,76.12417602539062,,,,,,
2019-08-26,76.13249206542969,,,,,,
2019-08-27,76.14080047607422,,,,,,
2019-08-28,76.13249206542969,,,,,,
2019-08-29,76.14913177490234,,,,,,
2019-08-30,76.15740203857422,,,,,,
2019-09-03,76.17242431640625,,,,,,
2019-09-04,76.16409301757812,,,,,,
2019-09-05,76.17242431640625,,,,,,
2019-09-06,76.18074798583984,,,,,,
2019-09-09,76.18074798583984,,,,,,
2019-09-10,76.19738006591797,,,,,,
2019-09-11,76.18911743164062,,,,,,
2019-09-12,76.20574188232422,,,,,,
2019-09-13,76.20574188232422,,,,,,
2019-09-16,76.20574188232422,,,,,,
2019-09-17,76.21407318115234,,,,,,
2019-09-18,76.23069763183594,,,,,,
2019-09-19,76.23069763183594,,,,,,
2019-09-20,76.23905944824219,,,,,,
2019-09-23,76.2557373046875,,,,,,
2019-09-24,76.2557373046875,,,,,,
2019-09-25,76.2557373046875,,,,,,
2019-09-26,76.2723617553711,,,,,,
2019-09-27,76.2723617553711,,,,,,
2019-09-30,76.28067779541016,,,,,,
2019-10-01,76.27816772460938,,,,,,
2019-10-02,76.27816772460938,,,,,,
2019-10-03,76.3031997680664,,,,,,
2019-10-04,76.3031997680664,,,,,,
2019-10-07,76.31151580810547,,,,,,
2019-10-08,76.31151580810547,,,,,,
2019-10-09,76.31151580810547,,,,,,
2019-10-10,76.3282470703125,,,,,,
2019-10-11,76.3365478515625,,,,,,
2019-10-14,76.3282470703125,,,,,,
2019-10-15,76.3365478515625,,,,,,
2019-10-16,76.34490966796875,,,,,,
2019-10-17,76.35327911376953,,,,,,
2019-10-18,76.35327911376953,,,,,,
2019-10-21,76.3615951538086,,,,,,
2019-10-22,76.3615951538086,,,,,,
2019-10-23,76.3615951538086,,,,,,
2019-10-24,76.37828063964844,,,,,,
2019-10-25,76.37828063964844,,,,,,
2019-10-28,76.36993408203125,,,,,,
2019-10-29,76.3866195678711,,,,,,
2019-10-30,76.39496612548828,,,,,,
2019-10-31,76.40330505371094,,,,,,
2019-11-01,76.40245819091797,,,,,,
2019-11-04,76.41082763671875,,,,,,
2019-11-05,76.40245819091797,,,,,,
2019-11-06,76.41082763671875,,,,,,
2019-11-07,76.42752075195312,,,,,,
2019-11-08,76.42752075195312,,,,,,
2019-11-11,76.42752075195312,,,,,,
2019-11-12,76.43588256835938,,,,,,
2019-11-13,76.43588256835938,,,,,,
2019-11-14,76.44422149658203,,,,,,
2019-11-15,76.43588256835938,,,,,,
2019-11-18,76.45257568359375,,,,,,
2019-11-19,76.44422149658203,,,,,,
2019-11-20,76.45257568359375,,,,,,
2019-11-21,76.45257568359375,,,,,,
2019-11-22,76.4609146118164,,,,,,
2019-11-25,76.4609146118164,,,,,,
2019-11-26,76.46930694580078,,,,,,
2019-11-27,76.4859619140625,,,,,,
2019-11-29,76.4859619140625,,,,,,
2019-12-02,76.49186706542969,,,,,,
2019-12-03,76.48346710205078,,,,,,
2019-12-04,76.49186706542969,,,,,,
2019-12-05,76.50860595703125,,,,,,
2019-12-06,76.50860595703125,,,,,,
2019-12-09,76.51698303222656,,,,,,
2019-12-10,76.51698303222656,,,,,,
2019-12-11,76.51698303222656,,,,,,
2019-12-12,76.53370666503906,,,,,,
2019-12-13,76.51698303222656,,,,,,
2019-12-16,76.53370666503906,,,,,,
2019-12-17,76.5252914428711,,,,,,
2019-12-18,76.54204559326172,,,,,,
2019-12-19,76.55042266845703,,,,,,
2019-12-20,76.55459594726562,,,,,,
2019-12-23,76.55459594726562,,,,,,
2019-12-24,76.56297302246094,,,,,,
2019-12-26,76.57135772705078,,,,,,
2019-12-27,76.56297302246094,,,,,,
2019-12-30,76.57135772705078,,,,,,
2019-12-31,76.57135772705078,,,,,,
2020-01-02,76.59647369384766,,,,,,
2020-01-03,76.59647369384766,,,,,,
2020-01-06,76.58808898925781,,,,,,
2020-01-07,76.58808898925781,,,,,,
2020-01-08,76.60486602783203,,,,,,
2020-01-09,76.61325073242188,,,,,,
2020-01-10,76.61325073242188,,,,,,
2020-01-13,76.61325073242188,,,,,,
2020-01-14,76.61325073242188,,,,,,
2020-01-15,76.62158966064453,,,,,,
2020-01-16,76.63835144042969,,,,,,
2020-01-17,76.62997436523438,,,,,,
2020-01-21,76.63835144042969,,,,,,
2020-01-22,76.63835144042969,,,,,,
2020-01-23,76.646728515625,,,,,,
2020-01-24,76.646728515625,,,,,,
2020-01-27,76.65509033203125,,,,,,
2020-01-28,76.65509033203125,,,,,,
2020-01-29,76.66348266601562,,,,,,
2020-01-30,76.66348266601562,,,,,,
2020-01-31,76.66348266601562,,,,,,
2020-02-03,76.67017364501953,,,,,,
2020-02-04,76.67017364501953,,,,,,
2020-02-05,76.68695831298828,,,,,,
2020-02-06,76.69534301757812,,,,,,
2020-02-07,76.69534301757812,,,,,,
2020-02-10,76.68695831298828,,,,,,
2020-02-11,76.69534301757812,,,,,,
2020-02-12,76.70375061035156,,,,,,
2020-02-13,76.71209716796875,,,,,,
2020-02-14,76.71209716796875,,,,,,
2020-02-18,76.72048950195312,,,,,,
2020-02-19,76.72048950195312,,,,,,
2020-02-20,76.72048950195312,,,,,,
2020-02-21,76.73725891113281,,,,,,
2020-02-24,76.72887420654297,,,,,,
2020-02-25,76.72887420654297,,,,,,
2020-02-26,76.74563598632812,,,,,,
2020-02-27,76.7624282836914,,,,,,
2020-02-28,76.75404357910156,,,,,,
2020-03-02,76.77669525146484,,,,,,
2020-03-03,76.7934799194336,,,,,,
2020-03-04,76.8270263671875,,,,,,
2020-03-05,76.84386444091797,,,,,,
2020-03-06,76.84386444091797,,,,,,
2020-03-09,76.87740325927734,,,,,,
2020-03-10,76.86063385009766,,,,,,
2020-03-11,76.87740325927734,,,,,,
2020-03-12,76.88580322265625,,,,,,
2020-03-13,76.902587890625,,,,,,
2020-03-16,76.9109878540039,,,,,,
2020-03-17,76.9109878540039,,,,,,
2020-03-18,76.92778015136719,,,,,,
2020-03-19,76.9109878540039,,,,,,
2020-03-20,76.93619537353516,,,,,,
2020-03-23,76.91940307617188,,,,,,
2020-03-24,76.91940307617188,,,,,,
2020-03-25,76.91940307617188,,,,,,
2020-03-26,76.91940307617188,,,,,,
2020-03-27,76.902587890625,,,,,,
2020-03-30,76.902587890625,,,,,,
2020-03-31,76.9109878540039,,,,,,
2020-04-01,76.90425872802734,,,,,,
2020-04-02,76.91267395019531,,,,,,
2020-04-03,76.8874740600586,,,,,,
2020-04-06,76.89585876464844,,,,,,
2020-04-07,76.87906646728516,,,,,,
2020-04-08,76.8874740600586,,,,,,
2020-04-09,76.87065124511719,,,,,,
2020-04-13,76.8874740600586,,,,,,
2020-04-14,76.89585876464844,,,,,,
2020-04-15,76.8874740600586,,,,,,
2020-04-16,76.87906646728516,,,,,,
2020-04-17,76.89585876464844,,,,,,
2020-04-20,76.8874740600586,,,,,,
2020-04-21,76.8874740600586,,,,,,
2020-04-22,76.8874740600586,,,,,,
2020-04-23,76.89585876464844,,,,,,
2020-04-24,76.8874740600586,,,,,,
2020-04-27,76.8874740600586,,,,,,
2020-04-28,76.8874740600586,,,,,,
2020-04-29,76.87906646728516,,,,,,
2020-04-30,76.89585876464844,,,,,,
2020-05-01,76.88241577148438,,,,,,
2020-05-04,76.88241577148438,,,,,,
2020-05-05,76.88241577148438,,,,,,
2020-05-06,76.89083099365234,,,,,,
2020-05-07,76.88241577148438,,,,,,
2020-05-08,76.88241577148438,,,,,,
2020-05-11,76.89083099365234,,,,,,
2020-05-12,76.89083099365234,,,,,,
2020-05-13,76.89083099365234,,,,,,
2020-05-14,76.89923858642578,,,,,,
2020-05-15,76.88241577148438,,,,,,
2020-05-18,76.88241577148438,,,,,,
2020-05-19,76.88241577148438,,,,,,
2020-05-20,76.88241577148438,,,,,,
2020-05-21,76.89083099365234,,,,,,
2020-05-22,76.88241577148438,,,,,,
2020-05-26,76.89083099365234,,,,,,
2020-05-27,76.88241577148438,,,,,,
2020-05-28,76.88241577148438,,,,,,
2020-05-29,76.88241577148438,,,,,,
2020-06-01,76.89083099365234,,,,,,
2020-06-02,76.89083099365234,,,,,,
2020-06-03,76.89083099365234,,,,,,
2020-06-04,76.89083099365234,,,,,,
2020-06-05,76.87403106689453,,,,,,
2020-06-08,76.88241577148438,,,,,,
2020-06-09,76.88241577148438,,,,,,
2020-06-10,76.89083099365234,,,,,,
2020-06-11,76.87403106689453,,,,,,
2020-06-12,76.89083099365234,,,,,,
2020-06-15,76.89083099365234,,,,,,
2020-06-16,76.89083099365234,,,,,,
2020-06-17,76.89083099365234,,,,,,
2020-06-18,76.88241577148438,,,,,,
2020-06-19,76.88241577148438,,,,,,
2020-06-22,76.88241577148438,,,,,,
2020-06-23,76.88241577148438,,,,,,
2020-06-24,76.88241577148438,,,,,,
2020-06-25,76.89083099365234,,,,,,
2020-06-26,76.88241577148438,,,,,,
2020-06-29,76.88241577148438,,,,,,
2020-06-30,76.88241577148438,,,,,,
2020-07-01,76.88241577148438,,,,,,
2020-07-02,76.89083099365234,,,,,,
2020-07-06,76.88241577148438,,,,,,
2020-07-07,76.88241577148438,,,,,,
2020-07-08,76.88241577148438,,,,,,
2020-07-09,76.88241577148438,,,,,,
2020-07-10,76.89083099365234,,,,,,
2020-07-13,76.89083099365234,,,,,,
2020-07-14,76.89083099365234,,,,,,
2020-07-15,76.89083099365234,,,,,,
2020-07-16,76.88241577148438,,,,,,
2020-07-17,76.89083099365234,,,,,,
2020-07-20,76.89083099365234,,,,,,
2020-07-21,76.89083099365234,,,,,,
2020-07-22,76.88241577148438,,,,,,
2020-07-23,76.89083099365234,,,,,,
2020-07-24,76.88241577148438,,,,,,
2020-07-27,76.88241577148438,,,,,,
2020-07-28,76.89083099365234,,,,,,
2020-07-29,76.89083099365234,,,,,,
2020-07-30,76.88241577148438,,,,,,
2020-07-31,76.89083099365234,,,,,,
2020-08-03,76.88241577148438,,,,,,
2020-08-04,76.89083099365234,,,,,,
2020-08-05,76.88241577148438,,,,,,
2020-08-06,76.88241577148438,,,,,,
2020-08-07,76.89083099365234,,,,,,
2020-08-10,76.89083099365234,,,,,,
2020-08-11,76.88241577148438,,,,,,
2020-08-12,76.88241577148438,,,,,,
2020-08-13,76.89083099365234,,,,,,
2020-08-14,76.88241577148438,,,,,,
2020-08-17,76.88241577148438,,,,,,
2020-08-18,76.89083099365234,,,,,,
2020-08-19,76.89083099365234,,,,,,
2020-08-20,76.89083099365234,,,,,,
2020-08-21,76.89083099365234,,,,,,
2020-08-24,76.89083099365234,,,,,,
2020-08-25,76.88241577148438,,,,,,
2020-08-26,76.88241577148438,,,,,,
2020-08-27,76.88241577148438,,,,,,
2020-08-28,76.89083099365234,,,,,,
2020-08-31,76.89083099365234,,,,,,
2020-09-01,76.89083099365234,,,,,,
2020-09-02,76.89083099365234,,,,,,
2020-09-03,76.88241577148438,,,,,,
2020-09-04,76.89083099365234,,,,,,
2020-09-08,76.89083099365234,,,,,,
2020-09-09,76.88241577148438,,,,,,
2020-09-10,76.88241577148438,,,,,,
2020-09-11,76.87403106689453,,,,,,
2020-09-14,76.89083099365234,,,,,,
2020-09-15,76.87403106689453,,,,,,
2020-09-16,76.89083099365234,,,,,,
2020-09-17,76.89083099365234,,,,,,
2020-09-18,76.87403106689453,,,,,,
2020-09-21,76.87403106689453,,,,,,
2020-09-22,76.87403106689453,,,,,,
2020-09-23,76.87403106689453,,,,,,
2020-09-24,76.88241577148438,,,,,,
2020-09-25,76.87403106689453,,,,,,
2020-09-28,76.88241577148438,,,,,,
2020-09-29,76.88241577148438,,,,,,
2020-09-30,76.87403106689453,,,,,,
2020-10-01,76.87403106689453,,,,,,
2020-10-02,76.87403106689453,,,,,,
2020-10-05,76.87403106689453,,,,,,
2020-10-06,76.88241577148438,,,,,,
2020-10-07,76.87403106689453,,,,,,
2020-10-08,76.87403106689453,,,,,,
2020-10-09,76.87403106689453,,,,,,
2020-10-12,76.88241577148438,,,,,,
2020-10-13,76.87403106689453,,,,,,
2020-10-14,76.87403106689453,,,,,,
2020-10-15,76.87403106689453,,,,,,
2020-10-16,76.88241577148438,,,,,,
2020-10-19,76.88241577148438,,,,,,
2020-10-20,76.87403106689453,,,,,,
2020-10-21,76.87403106689453,,,,,,
2020-10-22,76.88241577148438,,,,,,
2020-10-23,76.88241577148438,,,,,,
2020-10-26,76.88241577148438,,,,,,
2020-10-27,76.87403106689453,,,,,,
2020-10-28,76.87403106689453,,,,,,
2020-10-29,76.88241577148438,,,,,,
2020-10-30,76.88241577148438,,,,,,
2020-11-02,76.88241577148438,,,,,,
2020-11-03,76.88241577148438,,,,,,
2020-11-04,76.87403106689453,,,,,,
2020-11-05,76.88241577148438,,,,,,
2020-11-06,76.87403106689453,,,,,,
2020-11-09,76.88241577148438,,,,,,
2020-11-10,76.87403106689453,,,,,,
2020-11-11,76.87403106689453,,,,,,
2020-11-12,76.87403106689453,,,,,,
2020-11-13,76.88241577148438,,,,,,
2020-11-16,76.88241577148438,,,,,,
2020-11-17,76.88241577148438,,,,,,
2020-11-18,76.88241577148438,,,,,,
2020-11-19,76.88241577148438,,,,,,
2020-11-20,76.88241577148438,,,,,,
2020-11-23,76.88241577148438,,,,,,
2020-11-24,76.88241577148438,,,,,,
2020-11-25,76.87403106689453,,,,,,
2020-11-27,76.88241577148438,,,,,,
2020-11-30,76.87403106689453,,,,,,
2020-12-01,76.8681411743164,,,,,,
2020-12-02,76.8765640258789,,,,,,
2020-12-03,76.8765640258789,,,,,,
2020-12-04,76.88496398925781,,,,,,
2020-12-07,76.8681411743164,,,,,,
2020-12-08,76.8681411743164,,,,,,
2020-12-09,76.8681411743164,,,,,,
2020-12-10,76.8681411743164,,,,,,
2020-12-11,76.8765640258789,,,,,,
2020-12-14,76.8681411743164,,,,,,
2020-12-15,76.8681411743164,,,,,,
2020-12-16,76.8765640258789,,,,,,
2020-12-17,76.8765640258789,,,,,,
2020-12-18,76.8765640258789,,,,,,
2020-12-21,76.8765640258789,,,,,,
2020-12-22,76.8765640258789,,,,,,
2020-12-23,76.8681411743164,,,,,,
2020-12-24,76.8765640258789,,,,,,
2020-12-28,76.8765640258789,,,,,,
2020-12-29,76.8765640258789,,,,,,
2020-12-30,76.8681411743164,,,,,,
2020-12-31,76.8765640258789,,,,,,
2021-01-04,76.8765640258789,,,,,,
2021-01-05,76.8681411743164,,,,,,
2021-01-06,76.8765640258789,,,,,,
2021-01-07,76.8765640258789,,,,,,
2021-01-08,76.8681411743164,,,,,,
2021-01-11,76.8765640258789,,,,,,
2021-01-12,76.8681411743164,,,,,,
2021-01-13,76.8681411743164,,,,,,
2021-01-14,76.8765640258789,,,,,,
2021-01-15,76.8765640258789,,,,,,
2021-01-19,76.8765640258789,,,,,,
2021-01-20,76.8765640258789,,,,,,
2021-01-21,76.8765640258789,,,,,,
2021-01-22,76.8681411743164,,,,,,
2021-01-25,76.8765640258789,,,,,,
2021-01-26,76.8681411743164,,,,,,
2021-01-27,76.8681411743164,,,,,,
2021-01-28,76.8765640258789,,,,,,
2021-01-29,76.8765640258789,,,,,,
2021-02-01,76.8765640258789,,,,,,
2021-02-02,76.8681411743164,,,,,,
2021-02-03,76.8681411743164,,,,,,
2021-02-04,76.8765640258789,,,,,,
2021-02-05,76.8765640258789,,,,,,
2021-02-08,76.8765640258789,,,,,,
2021-02-09,76.8765640258789,,,,,,
2021-02-10,76.8681411743164,,,,,,
2021-02-11,76.8765640258789,,,,,,
2021-02-12,76.8681411743164,,,,,,
2021-02-16,76.8765640258789,,,,,,
2021-02-17,76.8765640258789,,,,,,
2021-02-18,76.8681411743164,,,,,,
2021-02-19,76.8765640258789,,,,,,
2021-02-22,76.8681411743164,,,,,,
2021-02-23,76.8681411743164,,,,,,
2021-02-24,76.85973358154297,,,,,,
2021-02-25,76.8681411743164,,,,,,
2021-02-26,76.8681411743164,,,,,,
2021-03-01,76.85973358154297,,,,,,
2021-03-02,76.85973358154297,,,,,,
2021-03-03,76.8681411743164,,,,,,
2021-03-04,76.8681411743164,,,,,,
2021-03-05,76.8681411743164,,,,,,
2021-03-08,76.85973358154297,,,,,,
2021-03-09,76.85973358154297,,,,,,
2021-03-10,76.85973358154297,,,,,,
2021-03-11,76.8681411743164,,,,,,
2021-03-12,76.85973358154297,,,,,,
2021-03-15,76.85973358154297,,,,,,
2021-03-16,76.85973358154297,,,,,,
2021-03-17,76.8681411743164,,,,,,
2021-03-18,76.85973358154297,,,,,,
2021-03-19,76.85973358154297,,,,,,
2021-03-22,76.85973358154297,,,,,,
2021-03-23,76.8681411743164,,,,,,
2021-03-24,76.85973358154297,,,,,,
2021-03-25,76.85973358154297,,,,,,
2021-03-26,76.85973358154297,,,,,,
2021-03-29,76.85973358154297,,,,,,
2021-03-30,76.8681411743164,,,,,,
2021-03-31,76.85973358154297,,,,,,
2021-04-01,76.8681411743164,,,,,,
2021-04-05,76.85973358154297,,,,,,
2021-04-06,76.85137939453125,,,,,,
2021-04-07,76.85137939453125,,,,,,
2021-04-08,76.85973358154297,,,,,,
2021-04-09,76.85137939453125,,,,,,
2021-04-12,76.85137939453125,,,,,,
2021-04-13,76.85137939453125,,,,,,
2021-04-14,76.85137939453125,,,,,,
2021-04-15,76.85973358154297,,,,,,
2021-04-16,76.85973358154297,,,,,,
2021-04-19,76.85137939453125,,,,,,
2021-04-20,76.85137939453125,,,,,,
2021-04-21,76.85137939453125,,,,,,
2021-04-22,76.85973358154297,,,,,,
2021-04-23,76.85973358154297,,,,,,
2021-04-26,76.85137939453125,,,,,,
2021-04-27,76.85973358154297,,,,,,
2021-04-28,76.85137939453125,,,,,,
2021-04-29,76.85137939453125,,,,,,
2021-04-30,76.85973358154297,,,,,,
2021-05-03,76.85973358154297,,,,,,
2021-05-04,76.85137939453125,,,,,,
2021-05-05,76.85973358154297,,,,,,
2021-05-06,76.85973358154297,,,,,,
2021-05-07,76.85137939453125,,,,,,
2021-05-10,76.85137939453125,,,,,,
2021-05-11,76.85137939453125,,,,,,
2021-05-12,76.84295654296875,,,,,,
2021-05-13,76.84295654296875,,,,,,
2021-05-14,76.84295654296875,,,,,,
2021-05-17,76.85137939453125,,,,,,
2021-05-18,76.85137939453125,,,,,,
2021-05-19,76.84295654296875,,,,,,
2021-05-20,76.84295654296875,,,,,,
2021-05-21,76.85137939453125,,,,,,
2021-05-24,76.84295654296875,,,,,,
2021-05-25,76.84295654296875,,,,,,
2021-05-26,76.84295654296875,,,,,,
2021-05-27,76.85137939453125,,,,,,
2021-05-28,76.85137939453125,,,,,,
2021-06-01,76.84295654296875,,,,,,
2021-06-02,76.84295654296875,,,,,,
2021-06-03,76.84295654296875,,,,,,
2021-06-04,76.85137939453125,,,,,,
2021-06-07,76.83456420898438,,,,,,
2021-06-08,76.83456420898438,,,,,,
2021-06-09,76.83456420898438,,,,,,
2021-06-10,76.83456420898438,,,,,,
2021-06-11,76.84295654296875,,,,,,
2021-06-14,76.83456420898438,,,,,,
2021-06-15,76.83456420898438,,,,,,
2021-06-16,76.84295654296875,,,,,,
2021-06-17,76.83456420898438,,,,,,
2021-06-18,76.84295654296875,,,,,,
2021-06-21,76.83456420898438,,,,,,
2021-06-22,76.83456420898438,,,,,,
2021-06-23,76.83456420898438,,,,,,
2021-06-24,76.84295654296875,,,,,,
2021-06-25,76.84295654296875,,,,,,
2021-06-28,76.83456420898438,,,,,,
2021-06-29,76.83456420898438,,,,,,
2021-06-30,76.83456420898438,,,,,,
2021-07-01,76.84295654296875,,,,,,
2021-07-02,76.83456420898438,,,,,,
2021-07-06,76.82614135742188,,,,,,
2021-07-07,76.82614135742188,,,,,,
2021-07-08,76.83456420898438,,,,,,
2021-07-09,76.83456420898438,,,,,,
2021-07-12,76.83456420898438,,,,,,
2021-07-13,76.83456420898438,,,,,,
2021-07-14,76.82614135742188,,,,,,
2021-07-15,76.83456420898438,,,,,,
2021-07-16,76.83456420898438,,,,,,
2021-07-19,76.82614135742188,,,,,,
2021-07-20,76.82614135742188,,,,,,
2021-07-21,76.82614135742188,,,,,,
2021-07-22,76.83456420898438,,,,,,
2021-07-23,76.82614135742188,,,,,,
2021-07-26,76.83456420898438,,,,,,
2021-07-27,76.82614135742188,,,,,,
2021-07-28,76.82614135742188,,,,,,
2021-07-29,76.83456420898438,,,,,,
2021-07-30,76.82614135742188,,,,,,
2021-08-02,76.82614135742188,,,,,,
2021-08-03,76.82614135742188,,,,,,
2021-08-04,76.82614135742188,,,,,,
2021-08-05,76.82614135742188,,,,,,
2021-08-06,76.83456420898438,,,,,,
2021-08-09,76.83456420898438,,,,,,
2021-08-10,76.82614135742188,,,,,,
2021-08-11,76.82614135742188,,,,,,
2021-08-12,76.82614135742188,,,,,,
2021-08-13,76.83456420898438,,,,,,
2021-08-16,76.81777954101562,,,,,,
2021-08-17,76.81777954101562,,,,,,
2021-08-18,76.81777954101562,,,,,,
2021-08-19,76.83456420898438,,,,,,
2021-08-20,76.83456420898438,,,,,,
2021-08-23,76.81777954101562,,,,,,
2021-08-24,76.81777954101562,,,,,,
2021-08-25,76.81777954101562,,,,,,
2021-08-26,76.82614135742188,,,,,,
2021-08-27,76.82614135742188,,,,,,
2021-08-30,76.82614135742188,,,,,,
2021-08-31,76.81777954101562,,,,,,
2021-09-01,76.81777954101562,,,,,,
2021-09-02,76.83456420898438,,,,,,
2021-09-03,76.81777954101562,,,,,,
2021-09-07,76.81777954101562,,,,,,
2021-09-08,76.81777954101562,,,,,,
2021-09-09,76.81777954101562,,,,,,
2021-09-10,76.82614135742188,,,,,,
2021-09-13,76.82614135742188,,,,,,
2021-09-14,76.81777954101562,,,,,,
2021-09-15,76.81777954101562,,,,,,
2021-09-16,76.82614135742188,,,,,,
2021-09-17,76.81777954101562,,,,,,
2021-09-20,76.82614135742188,,,,,,
2021-09-21,76.81777954101562,,,,,,
2021-09-22,76.81777954101562,,,,,,
2021-09-23,76.82614135742188,,,,,,
2021-09-24,76.81777954101562,,,,,,
2021-09-27,76.81777954101562,,,,,,
2021-09-28,76.81777954101562,,,,,,
2021-09-29,76.82614135742188,,,,,,
2021-09-30,76.82614135742188,,,,,,
2021-10-01,76.82614135742188,,,,,,
2021-10-04,76.8093490600586,,,,,,
2021-10-05,76.81777954101562,,,,,,
2021-10-06,76.81777954101562,,,,,,
2021-10-07,76.81777954101562,,,,,,
2021-10-08,76.81777954101562,,,,,,
2021-10-11,76.81777954101562,,,,,,
2021-10-12,76.81777954101562,,,,,,
2021-10-13,76.81777954101562,,,,,,
2021-10-14,76.8093490600586,,,,,,
2021-10-15,76.81777954101562,,,,,,
2021-10-18,76.8093490600586,,,,,,
2021-10-19,76.8093490600586,,,,,,
2021-10-20,76.8093490600586,,,,,,
2021-10-21,76.8093490600586,,,,,,
2021-10-22,76.8093490600586,,,,,,
2021-10-25,76.81777954101562,,,,,,
2021-10-26,76.80096435546875,,,,,,
2021-10-27,76.80096435546875,,,,,,
2021-10-28,76.81777954101562,,,,,,
2021-10-29,76.81777954101562,,,,,,
2021-11-01,76.81777954101562,,,,,,
2021-11-02,76.80096435546875,,,,,,
2021-11-03,76.80096435546875,,,,,,
2021-11-04,76.8093490600586,,,,,,
2021-11-05,76.8093490600586,,,,,,
2021-11-08,76.81777954101562,,,,,,
2021-11-09,76.80096435546875,,,,,,
2021-11-10,76.80096435546875,,,,,,
2021-11-11,76.8093490600586,,,,,,
2021-11-12,76.8093490600586,,,,,,
2021-11-15,76.8093490600586,,,,,,
2021-11-16,76.80096435546875,,,,,,
2021-11-17,76.80096435546875,,,,,,
2021-11-18,76.8093490600586,,,,,,
2021-11-19,76.8093490600586,,,,,,
2021-11-22,76.8093490600586,,,,,,
2021-11-23,76.80096435546875,,,,,,
2021-11-24,76.8093490600586,,,,,,
2021-11-26,76.80096435546875,,,,,,
2021-11-29,76.8093490600586,,,,,,
2021-11-30,76.80096435546875,,,,,,
2021-12-01,76.8093490600586,,,,,,
2021-12-02,76.8093490600586,,,,,,
2021-12-03,76.80096435546875,,,,,,
2021-12-06,76.80096435546875,,,,,,
2021-12-07,76.80096435546875,,,,,,
2021-12-08,76.8093490600586,,,,,,
2021-12-09,76.80096435546875,,,,,,
2021-12-10,76.8093490600586,,,,,,
2021-12-13,76.8093490600586,,,,,,
2021-12-14,76.8093490600586,,,,,,
2021-12-15,76.8093490600586,,,,,,
2021-12-16,76.80096435546875,,,,,,
2021-12-17,76.8093490600586,,,,,,
2021-12-20,76.80096435546875,,,,,,
2021-12-21,76.79253387451172,,,,,,
2021-12-22,76.79253387451172,,,,,,
2021-12-23,76.79253387451172,,,,,,
2021-12-27,76.80096435546875,,,,,,
2021-12-28,76.79253387451172,,,,,,
2021-12-29,76.79253387451172,,,,,,
2021-12-30,76.80096435546875,,,,,,
2021-12-31,76.80096435546875,,,,,,
2022-01-03,76.79253387451172,,,,,,
2022-01-04,76.80096435546875,,,,,,
2022-01-05,76.80096435546875,,,,,,
2022-01-06,76.80096435546875,,,,,,
2022-01-07,76.80096435546875,,,,,,
2022-01-10,76.79253387451172,,,,,,
2022-01-11,76.78414916992188,,,,,,
2022-01-12,76.79253387451172,,,,,,
2022-01-13,76.80096435546875,,,,,,
2022-01-14,76.80096435546875,,,,,,
2022-01-18,76.78414916992188,,,,,,
2022-01-19,76.80096435546875,,,,,,
2022-01-20,76.80096435546875,,,,,,
2022-01-21,76.79253387451172,,,,,,
2022-01-24,76.80096435546875,,,,,,
2022-01-25,76.78414916992188,,,,,,
2022-01-26,76.79253387451172,,,,,,
2022-01-27,76.80096435546875,,,,,,
2022-01-28,76.78414916992188,,,,,,
2022-01-31,76.80096435546875,,,,,,
2022-02-01,76.79253387451172,,,,,,
2022-02-02,76.80096435546875,,,,,,
2022-02-03,76.80096435546875,,,,,,
2022-02-04,76.78414916992188,,,,,,
2022-02-07,76.78414916992188,,,,,,
2022-02-08,76.79253387451172,,,,,,
2022-02-09,76.78414916992188,,,,,,
2022-02-10,76.78414916992188,,,,,,
2022-02-11,76.78414916992188,,,,,,
2022-02-14,76.77577209472656,,,,,,
2022-02-15,76.79253387451172,,,,,,
2022-02-16,76.79253387451172,,,,,,
2022-02-17,76.78414916992188,,,,,,
2022-02-18,76.79253387451172,,,,,,
2022-02-22,76.79253387451172,,,,,,
2022-02-23,76.78414916992188,,,,,,
2022-02-24,76.78414916992188,,,,,,
2022-02-25,76.78414916992188,,,,,,
2022-02-28,76.78414916992188,,,,,,
2022-03-01,76.80262756347656,,,,,,
2022-03-02,76.80262756347656,,,,,,
2022-03-03,76.81103515625,,,,,,
2022-03-04,76.81103515625,,,,,,
2022-03-07,76.81103515625,,,,,,
2022-03-08,76.81103515625,,,,,,
2022-03-09,76.81103515625,,,,,,
2022-03-10,76.81103515625,,,,,,
2022-03-11,76.80262756347656,,,,,,
2022-03-14,76.81103515625,,,,,,
2022-03-15,76.79425048828125,,,,,,
2022-03-16,76.81103515625,,,,,,
2022-03-17,76.81103515625,,,,,,
2022-03-18,76.80262756347656,,,,,,
2022-03-21,76.80262756347656,,,,,,
2022-03-22,76.80262756347656,,,,,,
2022-03-23,76.81944274902344,,,,,,
2022-03-24,76.81944274902344,,,,,,
2022-03-25,76.80262756347656,,,,,,
2022-03-28,76.80262756347656,,,,,,
2022-03-29,76.80262756347656,,,,,,
2022-03-30,76.81944274902344,,,,,,
2022-03-31,76.81944274902344,,,,,,
2022-04-01,76.81944274902344,,,,,,
2022-04-04,76.81103515625,,,,,,
2022-04-05,76.80262756347656,,,,,,
2022-04-06,76.81103515625,,,,,,
2022-04-07,76.81103515625,,,,,,
2022-04-08,76.80262756347656,,,,,,
2022-04-11,76.81103515625,,,,,,
2022-04-12,76.81103515625,,,,,,
2022-04-13,76.81103515625,,,,,,
2022-04-14,76.80262756347656,,,,,,
2022-04-18,76.81103515625,,,,,,
2022-04-19,76.80262756347656,,,,,,
2022-04-20,76.81944274902344,,,,,,
2022-04-21,76.81944274902344,,,,,,
2022-04-22,76.81103515625,,,,,,
2022-04-25,76.81944274902344,,,,,,
2022-04-26,76.81103515625,,,,,,
2022-04-27,76.81103515625,,,,,,
2022-04-28,76.82782745361328,,,,,,
2022-04-29,76.81103515625,,,,,,
2022-05-02,76.81944274902344,,,,,,
2022-05-03,76.81103515625,,,,,,
2022-05-04,76.82782745361328,,,,,,
2022-05-05,76.82782745361328,,,,,,
2022-05-06,76.82782745361328,,,,,,
2022-05-09,76.81944274902344,,,,,,
2022-05-10,76.81944274902344,,,,,,
2022-05-11,76.81944274902344,,,,,,
2022-05-12,76.82782745361328,,,,,,
2022-05-13,76.83626556396484,,,,,,
2022-05-16,76.82782745361328,,,,,,
2022-05-17,76.82782745361328,,,,,,
2022-05-18,76.82782745361328,,,,,,
2022-05-19,76.84461975097656,,,,,,
2022-05-20,76.84461975097656,,,,,,
2022-05-23,76.84461975097656,,,,,,
2022-05-24,76.83626556396484,,,,,,
2022-05-25,76.84461975097656,,,,,,
2022-05-26,76.86145782470703,,,,,,
2022-05-27,76.84461975097656,,,,,,
2022-05-31,76.83626556396484,,,,,,
2022-06-01,76.83710479736328,,,,,,
2022-06-02,76.8538818359375,,,,,,
2022-06-03,76.83710479736328,,,,,,
2022-06-06,76.84550476074219,,,,,,
2022-06-07,76.83710479736328,,,,,,
2022-06-08,76.84550476074219,,,,,,
2022-06-09,76.8538818359375,,,,,,
2022-06-10,76.83710479736328,,,,,,
2022-06-13,76.84550476074219,,,,,,
2022-06-14,76.83710479736328,,,,,,
2022-06-15,76.84550476074219,,,,,,
2022-06-16,76.86231994628906,,,,,,
2022-06-17,76.8538818359375,,,,,,
2022-06-21,76.87068939208984,,,,,,
2022-06-22,76.87911987304688,,,,,,
2022-06-23,76.87911987304688,,,,,,
2022-06-24,76.86231994628906,,,,,,
2022-06-27,76.86231994628906,,,,,,
2022-06-28,76.87911987304688,,,,,,
2022-06-29,76.88751983642578,,,,,,
2022-06-30,76.89593505859375,,,,,,
2022-07-01,76.89002990722656,,,,,,
2022-07-05,76.89002990722656,,,,,,
2022-07-06,76.89002990722656,,,,,,
2022-07-07,76.89002990722656,,,,,,
2022-07-08,76.88162231445312,,,,,,
2022-07-11,76.89002990722656,,,,,,
2022-07-12,76.88162231445312,,,,,,
2022-07-13,76.88162231445312,,,,,,
2022-07-14,76.89002990722656,,,,,,
2022-07-15,76.88162231445312,,,,,,
2022-07-18,76.88162231445312,,,,,,
2022-07-19,76.88162231445312,,,,,,
2022-07-20,76.88162231445312,,,,,,
2022-07-21,76.90687561035156,,,,,,
2022-07-22,76.91525268554688,,,,,,
2022-07-25,76.90687561035156,,,,,,
2022-07-26,76.90687561035156,,,,,,
2022-07-27,76.90687561035156,,,,,,
2022-07-28,76.91525268554688,,,,,,
2022-07-29,76.9236831665039,,,,,,
2022-08-01,76.9295425415039,,,,,,
2022-08-02,76.93795776367188,,,,,,
2022-08-03,76.9295425415039,,,,,,
2022-08-04,76.94641876220703,,,,,,
2022-08-05,76.96324157714844,,,,,,
2022-08-08,76.9716567993164,,,,,,
2022-08-09,76.96324157714844,,,,,,
2022-08-10,76.9716567993164,,,,,,
2022-08-11,76.9716567993164,,,,,,
2022-08-12,76.988525390625,,,,,,
2022-08-15,76.98008728027344,,,,,,
2022-08-16,76.988525390625,,,,,,
2022-08-17,76.988525390625,,,,,,
2022-08-18,77.02217102050781,,,,,,
2022-08-19,77.02217102050781,,,,,,
2022-08-22,77.03057861328125,,,,,,
2022-08-23,77.0137710571289,,,,,,
2022-08-24,77.03900909423828,,,,,,
2022-08-25,77.04742431640625,,,,,,
2022-08-26,77.04742431640625,,,,,,
2022-08-29,77.04742431640625,,,,,,
2022-08-30,77.05584716796875,,,,,,
2022-08-31,77.07268524169922,,,,,,
2022-09-01,77.08870697021484,,,,,,
2022-09-02,77.0971450805664,,,,,,
2022-09-06,77.0971450805664,,,,,,
2022-09-07,77.1055679321289,,,,,,
2022-09-08,77.1224365234375,,,,,,
2022-09-09,77.1224365234375,,,,,,
2022-09-12,77.114013671875,,,,,,
2022-09-13,77.13085174560547,,,,,,
2022-09-14,77.13085174560547,,,,,,
2022-09-15,77.15615844726562,,,,,,
2022-09-16,77.15615844726562,,,,,,
2022-09-19,77.15615844726562,,,,,,
2022-09-20,77.147705078125,,,,,,
2022-09-21,77.16458892822266,,,,,,
2022-09-22,77.19833374023438,,,,,,
2022-09-23,77.19833374023438,,,,,,
2022-09-26,77.18144226074219,,,,,,
2022-09-27,77.20672607421875,,,,,,
2022-09-28,77.2151870727539,,,,,,
2022-09-29,77.2320327758789,,,,,,
2022-09-30,77.2320327758789,,,,,,
2022-10-03,77.21092224121094,,,,,,
2022-10-04,77.23624420166016,,,,,,
2022-10-05,77.23624420166016,,,,,,
2022-10-06,77.25313568115234,,,,,,
2022-10-07,77.25313568115234,,,,,,
2022-10-10,77.26158905029297,,,,,,
2022-10-11,77.26158905029297,,,,,,
2022-10-12,77.26158905029297,,,,,,
2022-10-13,77.28693389892578,,,,,,
2022-10-14,77.28693389892578,,,,,,
2022-10-17,77.28693389892578,,,,,,
2022-10-18,77.28693389892578,,,,,,
2022-10-19,77.28693389892578,,,,,,
2022-10-20,77.32070922851562,,,,,,
2022-10-21,77.32915496826172,,,,,,
2022-10-24,77.32070922851562,,,,,,
2022-10-25,77.32070922851562,,,,,,
2022-10-26,77.33760070800781,,,,,,
2022-10-27,77.36292266845703,,,,,,
2022-10-28,77.3544921875,,,,,,
2022-10-31,77.3544921875,,,,,,
2022-11-01,77.36127471923828,,,,,,
2022-11-02,77.38666534423828,,,,,,
2022-11-03,77.41204833984375,,,,,,
2022-11-04,77.42898559570312,,,,,,
2022-11-07,77.4205322265625,,,,,,
2022-11-08,77.42898559570312,,,,,,
2022-11-09,77.4713134765625,,,,,,
2022-11-10,77.47976684570312,,,,,,
2022-11-11,77.4713134765625,,,,,,
2022-11-14,77.4713134765625,,,,,,
2022-11-15,77.48825073242188,,,,,,
2022-11-16,77.4967041015625,,,,,,
2022-11-17,77.52212524414062,,,,,,
2022-11-18,77.52212524414062,,,,,,
2022-11-21,77.53056335449219,,,,,,
2022-11-22,77.54750061035156,,,,,,
2022-11-23,77.5644302368164,,,,,,
2022-11-25,77.5644302368164,,,,,,
2022-11-28,77.5728988647461,,,,,,
2022-11-29,77.5982666015625,,,,,,
2022-11-30,77.5982666015625,,,,,,
2022-12-01,77.61527252197266,,,,,,
2022-12-02,77.6237564086914,,,,,,
2022-12-05,77.63224792480469,,,,,,
2022-12-06,77.65769958496094,,,,,,
2022-12-07,77.65769958496094,,,,,,
2022-12-08,77.70864868164062,,,,,,
2022-12-09,77.7001724243164,,,,,,
2022-12-12,77.70864868164062,,,,,,
2022-12-13,77.70864868164062,,,,,,
2022-12-14,77.7341079711914,,,,,,
2022-12-15,77.7510986328125,,,,,,
2022-12-16,77.7510986328125,,,,,,
2022-12-19,77.76045227050781,,,,,,
2022-12-20,77.7689437866211,,,,,,
2022-12-21,77.77745819091797,,,,,,
2022-12-22,77.82857513427734,,,,,,
2022-12-23,77.82857513427734,,,,,,
2022-12-27,77.82857513427734,,,,,,
2022-12-28,77.85411071777344,,,,,,
2022-12-29,77.88815307617188,,,,,,
2022-12-30,77.87964630126953,,,,,,
2023-01-03,77.88815307617188,,,,,,
2023-01-04,77.87964630126953,,,,,,
2023-01-05,77.90519714355469,,,,,,
2023-01-06,77.8967056274414,,,,,,
2023-01-09,77.91370391845703,,,,,,
2023-01-10,77.90519714355469,,,,,,
2023-01-11,77.90519714355469,,,,,,
2023-01-12,77.96479797363281,,,,,,
2023-01-13,77.97334289550781,,,,,,
2023-01-17,77.97334289550781,,,,,,
2023-01-18,77.9818344116211,,,,,,
2023-01-19,78.0158920288086,,,,,,
2023-01-20,78.0243911743164,,,,,,
2023-01-23,78.0243911743164,,,,,,
2023-01-24,78.03292846679688,,,,,,
2023-01-25,78.04147338867188,,,,,,
2023-01-26,78.08399200439453,,,,,,
2023-01-27,78.0925064086914,,,,,,
2023-01-30,78.0925064086914,,,,,,
2023-01-31,78.10105895996094,,,,,,
2023-02-01,78.10616302490234,,,,,,
2023-02-02,78.14034271240234,,,,,,
2023-02-03,78.15743255615234,,,,,,
2023-02-06,78.16597747802734,,,,,,
2023-02-07,78.17453002929688,,,,,,
2023-02-08,78.17453002929688,,,,,,
2023-02-09,78.2001724243164,,,,,,
2023-02-10,78.20870971679688,,,,,,
2023-02-13,78.22582244873047,,,,,,
2023-02-14,78.22582244873047,,,,,,
2023-02-15,78.24288940429688,,,,,,
2023-02-16,78.2856216430664,,,,,,
2023-02-17,78.29412841796875,,,,,,
2023-02-21,78.29412841796875,,,,,,
2023-02-22,78.31980895996094,,,,,,
2023-02-23,78.34542846679688,,,,,,
2023-02-24,78.3539810180664,,,,,,
2023-02-27,78.3625259399414,,,,,,
2023-02-28,78.37108612060547,,,,,,
2023-03-01,78.3753433227539,,,,,,
2023-03-02,78.40108489990234,,,,,,
2023-03-03,78.41822052001953,,,,,,
2023-03-06,78.42676544189453,,,,,,
2023-03-07,78.42676544189453,,,,,,
2023-03-08,78.44390869140625,,,,,,
2023-03-09,78.4610595703125,,,,,,
2023-03-10,78.47819519042969,,,,,,
2023-03-13,78.49531555175781,,,,,,
2023-03-14,78.50389862060547,,,,,,
2023-03-15,78.5467300415039,,,,,,
2023-03-16,78.58101654052734,,,,,,
2023-03-17,78.5981674194336,,,,,,
2023-03-20,78.60674285888672,,,,,,
2023-03-21,78.60674285888672,,,,,,
2023-03-22,78.6238784790039,,,,,,
2023-03-23,78.65813446044922,,,,,,
2023-03-24,78.67528533935547,,,,,,
2023-03-27,78.66669464111328,,,,,,
2023-03-28,78.68383026123047,,,,,,
2023-03-29,78.68383026123047,,,,,,
2023-03-30,78.70098114013672,,,,,,
2023-03-31,78.68383026123047,,,,,,
2023-04-03,78.70277404785156,,,,,,
2023-04-04,78.71139526367188,,,,,,
2023-04-05,78.75439453125,,,,,,
2023-04-06,78.76300048828125,,,,,,
2023-04-10,78.7716064453125,,,,,,
2023-04-11,78.78021240234375,,,,,,
2023-04-12,78.79742431640625,,,,,,
2023-04-13,78.84046173095703,,,,,,
2023-04-14,78.84046173095703,,,,,,
2023-04-17,78.8576889038086,,,,,,
2023-04-18,78.86627197265625,,,,,,
2023-04-19,78.8748779296875,,,,,,
2023-04-20,78.93510437011719,,,,,,
2023-04-21,78.92649841308594,,,,,,
2023-04-24,78.93510437011719,,,,,,
2023-04-25,78.92649841308594,,,,,,
2023-04-26,78.94371032714844,,,,,,
2023-04-27,78.96952819824219,,,,,,
2023-04-28,78.96952819824219,,,,,,
2023-05-01,78.97211456298828,,,,,,
2023-05-02,78.95484161376953,,,,,,
2023-05-03,78.96343231201172,,,,,,
2023-05-04,78.98936462402344,,,,,,
2023-05-05,79.00662994384766,,,,,,
2023-05-08,79.01529693603516,,,,,,
2023-05-09,79.02391052246094,,,,,,
2023-05-10,79.03254699707031,,,,,,
2023-05-11,79.08438873291016,,,,,,
2023-05-12,79.1016616821289,,,,,,
2023-05-15,79.11032104492188,,,,,,
2023-05-16,79.1016616821289,,,,,,
2023-05-17,79.11892700195312,,,,,,
2023-05-18,79.16214752197266,,,,,,
2023-05-19,79.16214752197266,,,,,,
2023-05-22,79.17076873779297,,,,,,
2023-05-23,79.17076873779297,,,,,,
2023-05-24,79.17076873779297,,,,,,
2023-05-25,79.22258758544922,,,,,,
2023-05-26,79.23986053466797,,,,,,
2023-05-30,79.24850463867188,,,,,,
2023-05-31,79.2657699584961,,,,,,
2023-06-01,79.31000518798828,,,,,,
2023-06-02,79.31867218017578,,,,,,
2023-06-05,79.31867218017578,,,,,,
2023-06-06,79.33602905273438,,,,,,
2023-06-07,79.34471130371094,,,,,,
2023-06-08,79.38807678222656,,,,,,
2023-06-09,79.39673614501953,,,,,,
2023-06-12,79.4053955078125,,,,,,
2023-06-13,79.42276000976562,,,,,,
2023-06-14,79.4400863647461,,,,,,
2023-06-15,79.47477722167969,,,,,,
2023-06-16,79.48347473144531,,,,,,
2023-06-20,79.50080108642578,,,,,,
2023-06-21,79.50080108642578,,,,,,
2023-06-22,79.53546905517578,,,,,,
2023-06-23,79.5441665649414,,,,,,
2023-06-26,79.55281829833984,,,,,,
2023-06-27,79.57018280029297,,,,,,
2023-06-28,79.57886505126953,,,,,,
2023-06-29,79.60487365722656,,,,,,
2023-06-30,79.63086700439453,,,,,,
2023-07-03,79.65090942382812,,,,,,
2023-07-05,79.65963745117188,,,,,,
2023-07-06,79.68574523925781,,,,,,
2023-07-07,79.69444274902344,,,,,,
2023-07-10,79.71187591552734,,,,,,
2023-07-11,79.72061157226562,,,,,,
2023-07-12,79.73798370361328,,,,,,
2023-07-13,79.77281188964844,,,,,,
2023-07-14,79.78153228759766,,,,,,
2023-07-17,79.79022979736328,,,,,,
2023-07-18,79.79022979736328,,,,,,
2023-07-19,79.80767822265625,,,,,,
2023-07-20,79.85120391845703,,,,,,
2023-07-21,79.85120391845703,,,,,,
2023-07-24,79.85987854003906,,,,,,
2023-07-25,79.86862182617188,,,,,,
2023-07-26,79.87731170654297,,,,,,
2023-07-27,79.92085266113281,,,,,,
2023-07-28,79.9295654296875,,,,,,
2023-07-31,79.93828582763672,,,,,,
2023-08-01,79.95928192138672,,,,,,
2023-08-02,79.96800994873047,,,,,,
2023-08-03,80.00299835205078,,,,,,
2023-08-04,80.0204849243164,,,,,,
2023-08-07,80.0204849243164,,,,,,
2023-08-08,80.0379867553711,,,,,,
2023-08-09,80.04672241210938,,,,,,
2023-08-10,80.09046173095703,,,,,,
2023-08-11,80.09919738769531,,,,,,
2023-08-14,80.10791778564453,,,,,,
2023-08-15,80.11669921875,,,,,,
2023-08-16,80.13417053222656,,,,,,
2023-08-17,80.16915130615234,,,,,,
2023-08-18,80.17788696289062,,,,,,
2023-08-21,80.18666076660156,,,,,,
2023-08-22,80.1954116821289,,,,,,
2023-08-23,80.21289825439453,,,,,,
2023-08-24,80.23912048339844,,,,,,
2023-08-25,80.25659942626953,,,,,,
2023-08-28,80.27411651611328,,,,,,
2023-08-29,80.265380859375,,,,,,
2023-08-30,80.2828369140625,,,,,,
2023-08-31,80.3353042602539,,,,,,
2023-09-01,80.34848022460938,,,,,,
2023-09-05,80.36605834960938,,,,,,
2023-09-06,80.36605834960938,,,,,,
2023-09-07,80.40998840332031,,,,,,
2023-09-08,80.41877746582031,,,,,,
2023-09-11,80.41877746582031,,,,,,
2023-09-12,80.44513702392578,,,,,,
2023-09-13,80.45391082763672,,,,,,
2023-09-14,80.48026275634766,,,,,,
2023-09-15,80.49783325195312,,,,,,
2023-09-18,80.50662994384766,,,,,,
2023-09-19,80.51541137695312,,,,,,
2023-09-20,80.52417755126953,,,,,,
2023-09-21,80.56809997558594,,,,,,
2023-09-22,80.576904296875,,,,,,
2023-09-25,80.5856704711914,,,,,,
2023-09-26,80.5944595336914,,,,,,
2023-09-27,80.6208267211914,,,,,,
2023-09-28,80.64715576171875,,,,,,
2023-09-29,80.65592956542969,,,,,,
2023-10-02,80.66830444335938,,,,,,
2023-10-03,80.6859359741211,,,,,,
2023-10-04,80.69474792480469,,,,,,
2023-10-05,80.7476806640625,,,,,,
2023-10-06,80.7476806640625,,,,,,
2023-10-09,80.75652313232422,,,,,,
2023-10-10,80.75652313232422,,,,,,
2023-10-11,80.77415466308594,,,,,,
2023-10-12,80.80941009521484,,,,,,
2023-10-13,80.82707977294922,,,,,,
2023-10-16,80.83590698242188,,,,,,
2023-10-17,80.84471893310547,,,,,,
2023-10-18,80.85358428955078,,,,,,
2023-10-19,80.88884735107422,,,,,,
2023-10-20,80.90648651123047,,,,,,
2023-10-23,80.91531372070312,,,,,,
2023-10-24,80.92411804199219,,,,,,
2023-10-25,80.93293762207031,,,,,,
2023-10-26,80.96824645996094,,,,,,
2023-10-27,80.99468994140625,,,,,,
2023-10-30,81.00353240966797,,,,,,
2023-10-31,81.00353240966797,,,,,,
2023-11-01,81.0283432006836,,,,,,
2023-11-02,81.05493927001953,,,,,,
2023-11-03,81.06377410888672,,,,,,
2023-11-06,81.07264709472656,,,,,,
2023-11-07,81.09037780761719,,,,,,
2023-11-08,81.09921264648438,,,,,,
2023-11-09,81.14352416992188,,,,,,
2023-11-10,81.15241241455078,,,,,,
2023-11-13,81.16127014160156,,,,,,
2023-11-14,81.17010498046875,,,,,,
2023-11-15,81.18783569335938,,,,,,
2023-11-16,81.22327423095703,,,,,,
2023-11-17,81.24099731445312,,,,,,
2023-11-20,81.24099731445312,,,,,,
2023-11-21,81.2676010131836,,,,,,
2023-11-22,81.30302429199219,,,,,,
2023-11-24,81.31192016601562,,,,,,
2023-11-27,81.32075500488281,,,,,,
2023-11-28,81.3384780883789,,,,,,
2023-11-29,81.34736633300781,,,,,,
2023-11-30,81.38279724121094,,,,,,
2023-12-01,81.39971923828125,,,,,,
2023-12-04,81.39971923828125,,,,,,
2023-12-05,81.41751861572266,,,,,,
2023-12-06,81.42642974853516,,,,,,
2023-12-07,81.46202087402344,,,,,,
2023-12-08,81.47982025146484,,,,,,
2023-12-11,81.49760437011719,,,,,,
2023-12-12,81.49760437011719,,,,,,
2023-12-13,81.50653839111328,,,,,,
2023-12-14,81.54212951660156,,,,,,
2023-12-15,81.56884765625,,,,,,
2023-12-18,81.57870483398438,,,,,,
2023-12-19,81.57870483398438,,,,,,
2023-12-20,81.5965805053711,,,,,,
2023-12-21,81.65021514892578,,,,,,
2023-12-22,81.65916442871094,,,,,,
2023-12-26,81.67705535888672,,,,,,
2023-12-27,81.67705535888672,,,,,,
2023-12-28,81.73072052001953,,,,,,
2023-12-29,81.73072052001953,,,,,,
2024-01-02,81.7396469116211,,,,,,
2024-01-03,81.7665023803711,,,,,,
2024-01-04,81.79331970214844,,,,,,
2024-01-05,81.80227661132812,,,,,,
2024-01-08,81.81123352050781,,,,,,
2024-01-09,81.82014465332031,,,,,,
2024-01-10,81.83804321289062,,,,,,
2024-01-11,81.88275146484375,,,,,,
2024-01-12,81.90061950683594,,,,,,
2024-01-16,81.90957641601562,,,,,,
2024-01-17,81.92748260498047,,,,,,
2024-01-18,81.9632568359375,,,,,,
2024-01-19,81.97217559814453,,,,,,
2024-01-22,81.98112487792969,,,,,,
2024-01-23,81.99006652832031,,,,,,
2024-01-24,81.99900817871094,,,,,,
2024-01-25,82.0437240600586,,,,,,
2024-01-26,82.05267333984375,,,,,,
2024-01-29,82.06159973144531,,,,,,
2024-01-30,82.07054138183594,,,,,,
2024-01-31,82.07947540283203,,,,,,
2024-02-01,82.12081146240234,,,,,,
2024-02-02,82.1387939453125,,,,,,
2024-02-05,82.1387939453125,,,,,,
2024-02-06,82.15675354003906,,,,,,
2024-02-07,82.16573333740234,,,,,,
2024-02-08,82.20166778564453,,,,,,
2024-02-09,82.21063995361328,,,,,,
2024-02-12,82.22858428955078,,,,,,
2024-02-13,82.22858428955078,,,,,,
2024-02-14,82.24658203125,,,,,,
2024-02-15,82.29148864746094,,,,,,
2024-02-16,82.30946350097656,,,,,,
2024-02-20,82.31844329833984,,,,,,
2024-02-21,82.32745361328125,,,,,,
2024-02-22,82.37234497070312,,,,,,
2024-02-23,82.38128662109375,,,,,,
2024-02-26,82.38128662109375,,,,,,
2024-02-27,82.39927673339844,,,,,,
2024-02-28,82.40824890136719,,,,,,
2024-02-29,82.44417572021484,,,,,,
2024-03-01,82.46672821044922,,,,,,
2024-03-04,82.47576141357422,,,,,,
2024-03-05,82.47576141357422,,,,,,
2024-03-06,82.49381256103516,,,,,,
2024-03-07,82.52985382080078,,,,,,
2024-03-08,82.53887939453125,,,,,,
2024-03-11,82.54788208007812,,,,,,
2024-03-12,82.57493591308594,,,,,,
2024-03-13,82.57493591308594,,,,,,
2024-03-14,82.61102294921875,,,,,,
2024-03-15,82.62907409667969,,,,,,
2024-03-18,82.63806915283203,,,,,,
2024-03-19,82.65612030029297,,,,,,
2024-03-20,82.66513061523438,,,,,,
2024-03-21,82.69219207763672,,,,,,
2024-03-22,82.701171875,,,,,,
2024-03-25,82.71923065185547,,,,,,
2024-03-26,82.7282485961914,,,,,,
2024-03-27,82.78236389160156,,,,,,
2024-03-28,82.78236389160156,,,,,,
2024-04-01,82.80497741699219,,,,,,
2024-04-02,82.8231201171875,,,,,,
2024-04-03,82.8231201171875,,,,,,
2024-04-04,82.8593521118164,,,,,,
2024-04-05,82.87744140625,,,,,,
2024-04-08,82.88653564453125,,,,,,
2024-04-09,82.89556884765625,,,,,,
2024-04-10,82.91368103027344,,,,,,
2024-04-11,82.94085693359375,,,,,,
2024-04-12,82.94992065429688,,,,,,
2024-04-15,82.96800994873047,,,,,,
2024-04-16,82.97709655761719,,,,,,
2024-04-17,82.98616790771484,,,,,,
2024-04-18,83.03144073486328,,,,,,
2024-04-19,83.0405044555664,,,,,,
2024-04-22,83.05860900878906,,,,,,
2024-04-23,83.06766510009766,,,,,,
2024-04-24,83.06766510009766,,,,,,
2024-04-25,83.11296844482422,,,,,,
2024-04-26,83.11296844482422,,,,,,
2024-04-29,83.1310806274414,,,,,,
2024-04-30,83.14015197753906,,,,,,
2024-05-01,83.156494140625,,,,,,
2024-05-02,83.20199584960938,,,,,,
2024-05-03,83.21109008789062,,,,,,
2024-05-06,83.21109008789062,,,,,,
2024-05-07,83.22016906738281,,,,,,
2024-05-08,83.23835754394531,,,,,,
2024-05-09,83.28385925292969,,,,,,
2024-05-10,83.28385925292969,,,,,,
2024-05-13,83.30203247070312,,,,,,
2024-05-14,83.31114196777344,,,,,,
2024-05-15,83.32023620605469,,,,,,
2024-05-16,83.35661315917969,,,,,,
2024-05-17,83.36571502685547,,,,,,
2024-05-20,83.3838882446289,,,,,,
2024-05-21,83.39298248291016,,,,,,
2024-05-22,83.41119384765625,,,,,,
2024-05-23,83.46577453613281,,,,,,
2024-05-24,83.47486877441406,,,,,,
2024-05-28,83.46577453613281,,,,,,
2024-05-29,83.48394775390625,,,,,,
2024-05-30,83.50215911865234,,,,,,
2024-05-31,83.52033996582031,,,,,,
2024-06-03,83.53406524658203,,,,,,
2024-06-04,83.55229949951172,,,,,,
2024-06-05,83.56147766113281,,,,,,
2024-06-06,83.57060241699219,,,,,,
2024-06-07,83.60713195800781,,,,,,
2024-06-10,83.62541961669922,,,,,,
2024-06-11,83.634521484375,,,,,,
2024-06-12,83.65283203125,,,,,,
2024-06-13,83.66194915771484,,,,,,
2024-06-14,83.70762634277344,,,,,,
2024-06-17,83.71678161621094,,,,,,
2024-06-18,83.73504638671875,,,,,,
2024-06-20,83.7532958984375,,,,,,
2024-06-21,83.7807388305664,,,,,,
2024-06-24,83.79901885986328,,,,,,
2024-06-25,83.79901885986328,,,,,,
2024-06-26,83.80815124511719,,,,,,
2024-06-27,83.82640838623047,,,,,,
2024-06-28,83.85382080078125,,,,,,
2024-07-01,83.88316345214844,,,,,,
2024-07-02,83.89237213134766,,,,,,
2024-07-03,83.91991424560547,,,,,,
2024-07-05,83.94740295410156,,,,,,
2024-07-08,83.96577453613281,,,,,,
2024-07-09,83.96577453613281,,,,,,
2024-07-10,83.98409271240234,,,,,,
2024-07-11,83.99327850341797,,,,,,
2024-07-12,84.02998352050781,,,,,,
2024-07-15,84.04833221435547,,,,,,
2024-07-16,84.04833221435547,,,,,,
2024-07-17,84.07588195800781,,,,,,
2024-07-18,84.08505249023438,,,,,,
2024-07-19,84.11256408691406,,,,,,
2024-07-22,84.13092041015625,,,,,,
2024-07-23,84.13092041015625,,,,,,
2024-07-24,84.1584701538086,,,,,,
2024-07-25,84.1584701538086,,,,,,
2024-07-26,84.20433807373047,,,,,,
2024-07-29,84.20433807373047,,,,,,
2024-07-30,84.21351623535156,,,,,,
2024-07-31,84.23188018798828,,,,,,
2024-08-01,84.25212860107422,,,,,,
2024-08-02,84.29822540283203,,,,,,
2024-08-05,84.29822540283203,,,,,,
2024-08-06,84.31663513183594,,,,,,
2024-08-07,84.33507537841797,,,,,,
2024-08-08,84.34429168701172,,,,,,
2024-08-09,84.36271667480469,,,,,,
2024-08-12,84.39037322998047,,,,,,
2024-08-13,84.39958953857422,,,,,,
2024-08-14,84.4088134765625,,,,,,
2024-08-15,84.41801452636719,,,,,,
2024-08-16,84.464111328125,,,,,,
2024-08-19,84.464111328125,,,,,,
2024-08-20,84.4825210571289,,,,,,
2024-08-21,84.5009765625,,,,,,
2024-08-22,84.5009765625,,,,,,
2024-08-23,84.537841796875,,,,,,
2024-08-26,84.54703521728516,,,,,,
2024-08-27,84.56548309326172,,,,,,
2024-08-28,84.57472229003906,,,,,,
2024-08-29,84.57472229003906,,,,,,
2024-08-30,84.62075805664062,,,,,,
2024-09-03,84.65410614013672,,,,,,
2024-09-04,84.66336059570312,,,,,,
2024-09-05,84.67262268066406,,,,,,
2024-09-06,84.71887969970703,,,,,,
2024-09-09,84.71887969970703,,,,,,
2024-09-10,84.74667358398438,,,,,,
2024-09-11,84.74667358398438,,,,,,
2024-09-12,84.75590515136719,,,,,,
2024-09-13,84.80220031738281,,,,,,
2024-09-16,84.82069396972656,,,,,,
2024-09-17,84.82996368408203,,,,,,
2024-09-18,84.84845733642578,,,,,,
2024-09-19,84.86698913574219,,,,,,
2024-09-20,84.90400695800781,,,,,,
2024-09-23,84.91326904296875,,,,,,
2024-09-24,84.92251586914062,,,,,,
2024-09-25,84.94103240966797,,,,,,
2024-09-26,84.94103240966797,,,,,,
2024-09-27,84.96881866455078,,,,,,
2024-09-30,84.97805786132812,,,,,,
2024-10-01,84.99756622314453,,,,,,
2024-10-02,85.0068588256836,,,,,,
2024-10-03,85.02544403076172,,,,,,
2024-10-04,85.04403686523438,,,,,,
2024-10-07,85.06262969970703,,,,,,
2024-10-08,85.06262969970703,,,,,,
2024-10-09,85.0719223022461,,,,,,
2024-10-10,85.08122253417969,,,,,,
2024-10-11,85.127685546875,,,,,,
2024-10-14,85.11837768554688,,,,,,
2024-10-15,85.1462631225586,,,,,,
2024-10-16,85.1462631225586,,,,,,
2024-10-17,85.16487884521484,,,,,,
2024-10-18,85.1927490234375,,,,,,
2024-10-21,85.21131896972656,,,,,,
2024-10-22,85.22061157226562,,,,,,
2024-10-23,85.22061157226562,,,,,,
2024-10-24,85.22991180419922,,,,,,
2024-10-25,85.2670669555664,,,,,,
2024-10-28,85.2670669555664,,,,,,
2024-10-29,85.28568267822266,,,,,,
2024-10-30,85.29495239257812,,,,,,
2024-10-31,85.31355285644531,,,,,,
2024-11-01,85.34992218017578,,,,,,
2024-11-04,85.36860656738281,,,,,,
2024-11-05,85.36860656738281,,,,,,
2024-11-06,85.38724517822266,,,,,,
2024-11-07,85.39657592773438,,,,,,
2024-11-08,85.4432373046875,,,,,,
2024-11-11,85.43390655517578,,,,,,
2024-11-12,85.4432373046875,,,,,,
2024-11-13,85.46188354492188,,,,,,
2024-11-14,85.46188354492188,,,,,,
2024-11-15,85.48986053466797,,,,,,
2024-11-18,85.49922943115234,,,,,,
2024-11-19,85.52721405029297,,,,,,
2024-11-20,85.53652954101562,,,,,,
2024-11-21,85.54585266113281,,,,,,
2024-11-22,85.57386016845703,,,,,,
2024-11-25,85.58316040039062,,,,,,
2024-11-26,85.58316040039062,,,,,,
2024-11-27,85.61117553710938,,,,,,
2024-11-29,85.62981414794922,,,,,,
2024-12-02,85.65321350097656,,,,,,
2024-12-03,85.6719741821289,,,,,,
2024-12-04,85.68132781982422,,,,,,
2024-12-05,85.6906967163086,,,,,,
2024-12-06,85.72815704345703,,,,,,
2024-12-09,85.73751831054688,,,,,,
2024-12-10,85.75624084472656,,,,,,
2024-12-11,85.76560974121094,,,,,,
2024-12-12,85.78433990478516,,,,,,
2024-12-13,85.81244659423828,,,,,,
2024-12-16,85.82178497314453,,,,,,
2024-12-17,85.83116149902344,,,,,,
2024-12-18,85.83116149902344,,,,,,
2024-12-19,85.84337615966797,,,,,,
2024-12-20,85.88098907470703,,,,,,
2024-12-23,85.88098907470703,,,,,,
2024-12-24,85.8997802734375,,,,,,
2024-12-26,85.91859436035156,,,,,,
2024-12-27,85.95623779296875,,,,,,
2024-12-30,85.95623779296875,,,,,,
2024-12-31,85.97503662109375,,,,,,
2025-01-02,85.99382019042969,,,,,,
2025-01-03,86.00321960449219,,,,,,
2025-01-06,86.01263427734375,,,,,,
2025-01-07,86.03142547607422,,,,,,
2025-01-08,86.05024719238281,,,,,,
2025-01-10,86.07848358154297,,,,,,
2025-01-13,86.08786010742188,,,,,,
2025-01-14,86.10668182373047,,,,,,
2025-01-15,86.11607360839844,,,,,,
2025-01-16,86.11607360839844,,,,,,
2025-01-17,86.16307830810547,,,,,,
2025-01-21,86.16307830810547,,,,,,
2025-01-22,86.18190002441406,,,,,,
2025-01-23,86.18190002441406,,,,,,
2025-01-24,86.21951293945312,,,,,,
2025-01-27,86.22891998291016,,,,,,
2025-01-28,86.22891998291016,,,,,,
2025-01-29,86.23831939697266,,,,,,
2025-01-30,86.24771118164062,,,,,,
2025-01-31,86.27593231201172,,,,,,
2025-02-03,86.30046844482422,,,,,,
2025-02-04,86.30046844482422,,,,,,
2025-02-05,86.3099136352539,,,,,,
2025-02-06,86.32878875732422,,,,,,
2025-02-07,86.3476333618164,,,,,,
2025-02-10,86.35708618164062,,,,,,
2025-02-11,86.36653137207031,,,,,,
2025-02-12,86.37596893310547,,,,,,
2025-02-13,86.39484405517578,,,,,,
2025-02-14,86.42314910888672,,,,,,
2025-02-18,86.44203186035156,,,,,,
2025-02-19,86.45146179199219,,,,,,
2025-02-20,86.47034454345703,,,,,,
2025-02-21,86.49864196777344,,,,,,
2025-02-24,86.5080795288086,,,,,,
2025-02-25,86.5080795288086,,,,,,
2025-02-26,86.5269546508789,,,,,,
2025-02-27,86.5363998413086,,,,,,
2025-02-28,86.5552749633789,,,,,,
2025-03-03,86.57325744628906,,,,,,
2025-03-04,86.57325744628906,,,,,,
2025-03-05,86.58272552490234,,,,,,
2025-03-06,86.59220886230469,,,,,,
2025-03-07,86.63003540039062,,,,,,
2025-03-10,86.6395263671875,,,,,,
2025-03-11,86.64897918701172,,,,,,
2025-03-12,86.658447265625,,,,,,
2025-03-13,86.67739868164062,,,,,,
2025-03-14,86.69631958007812,,,,,,
2025-03-17,86.71526336669922,,,,,,
2025-03-18,86.71526336669922,,,,,,
2025-03-19,86.72471618652344,,,,,,
2025-03-20,86.74366760253906,,,,,,
2025-03-21,86.77204895019531,,,,,,
2025-03-24,86.77204895019531,,,,,,
2025-03-25,86.7815170288086,,,,,,
2025-03-26,86.79098510742188,,,,,,
2025-03-27,86.80992889404297,,,,,,
2025-03-28,86.83833312988281,,,,,,
2025-03-31,86.83833312988281,,,,,,
2025-04-01,86.85826110839844,,,,,,
2025-04-02,86.86778259277344,,,,,,
2025-04-03,86.87726593017578,,,,,,
2025-04-04,86.90577697753906,,,,,,
2025-04-07,86.91526794433594,,,,,,
2025-04-08,86.93425750732422,,,,,,
2025-04-09,86.93425750732422,,,,,,
2025-04-10,86.94377136230469,,,,,,
2025-04-11,86.98177337646484,,,,,,
2025-04-14,86.98177337646484,,,,,,
2025-04-15,87.00077056884766,,,,,,
2025-04-16,87.01026153564453,,,,,,
2025-04-17,87.04828643798828,,,,,,
2025-04-21,87.05776977539062,,,,,,
2025-04-22,87.05776977539062,,,,,,
2025-04-23,87.0767593383789,,,,,,
2025-04-24,87.0767593383789,,,,,,
2025-04-25,87.11477661132812,,,,,,
2025-04-28,87.124267578125,,,,,,
2025-04-29,87.124267578125,,,,,,
2025-04-30,87.13377380371094,,,,,,
2025-05-01,87.15473175048828,,,,,,
2025-05-02,87.18334197998047,,,,,,
2025-05-05,87.18334197998047,,,,,,
2025-05-06,87.20240783691406,,,,,,
2025-05-07,87.20240783691406,,,,,,
2025-05-08,87.221435546875,,,,,,
2025-05-09,87.25006103515625,,,,,,
2025-05-12,87.25006103515625,,,,,,
2025-05-13,87.2691421508789,,,,,,
2025-05-14,87.2691421508789,,,,,,
2025-05-15,87.27867889404297,,,,,,
2025-05-16,87.31680297851562,,,,,,
2025-05-19,87.31680297851562,,,,,,
2025-05-20,87.33585357666016,,,,,,
2025-05-21,87.34539031982422,,,,,,
2025-05-22,87.36445617675781,,,,,,
2025-05-23,87.402587890625,,,,,,
2025-05-27,87.402587890625,,,,,,
2025-05-28,87.41211700439453,,,,,,
2025-05-29,87.42163848876953,,,,,,
2025-05-30,87.45024108886719,,,,,,
2025-06-02,87.46554565429688,,,,,,
2025-06-03,87.48468017578125,,,,,,
2025-06-04,87.48468017578125,,,,,,
2025-06-05,87.49425506591797,,,,,,
2025-06-06,87.52291870117188,,,,,,
2025-06-09,87.54206085205078,,,,,,
2025-06-10,87.55162811279297,,,,,,
2025-06-11,87.55162811279297,,,,,,
2025-06-12,87.56119537353516,,,,,,
2025-06-13,87.59945678710938,,,,,,
2025-06-16,87.59945678710938,,,,,,
2025-06-17,87.61859893798828,,,,,,
2025-06-18,87.63772583007812,,,,,,
2025-06-20,87.65686798095703,,,,,,
2025-06-23,87.67597961425781,,,,,,
2025-06-24,87.67597961425781,,,,,,
2025-06-25,87.68553924560547,,,,,,
2025-06-26,87.69511413574219,,,,,,
2025-06-27,87.73338317871094,,,,,,
2025-06-30,87.74295806884766,,,,,,
2025-07-01,87.75830841064453,,,,,,
2025-07-02,87.76789093017578,,,,,,
2025-07-03,87.81587219238281,,,,,,
2025-07-07,87.82547760009766,,,,,,
2025-07-08,87.82547760009766,,,,,,
2025-07-09,87.83507537841797,,,,,,
2025-07-10,87.8542709350586,,,,,,
2025-07-11,87.87346649169922,,,,,,
2025-07-14,87.88307189941406,,,,,,
2025-07-15,87.89266967773438,,,,,,
2025-07-16,87.91185760498047,,,,,,
2025-07-17,87.91185760498047,,,,,,
2025-07-18,87.95024871826172,,,,,,
2025-07-21,87.96945190429688,,,,,,
2025-07-22,87.9790267944336,,,,,,
2025-07-23,87.98861694335938,,,,,,
2025-07-24,87.98861694335938,,,,,,
2025-07-25,88.0174331665039,,,,,,
2025-07-28,88.02702331542969,,,,,,
2025-07-29,88.03662872314453,,,,,,
2025-07-30,88.04621124267578,,,,,,
2025-07-31,88.05581665039062,,,,,,
2025-08-01,88.09339141845703,,,,,,
2025-08-04,88.10301208496094,,,,,,
2025-08-05,88.10301208496094,,,,,,
2025-08-06,88.13189697265625,,,,,,
2025-08-07,88.13189697265625,,,,,,
2025-08-08,88.1607894897461,,,,,,
2025-08-11,88.17041778564453,,,,,,
2025-08-12,88.18006134033203,,,,,,
2025-08-13,88.18968963623047,,,,,,
2025-08-14,88.19933319091797,,,,,,
2025-08-15,88.23785400390625,,,,,,
2025-08-18,88.23785400390625,,,,,,
2025-08-19,88.25711059570312,,,,,,
2025-08-20,88.2763671875,,,,,,
2025-08-21,88.2763671875,,,,,,
2025-08-22,88.30525970458984,,,,,,
2025-08-25,88.31488800048828,,,,,,
2025-08-26,88.32453155517578,,,,,,
2025-08-27,88.33415222167969,,,,,,
2025-08-28,88.34378814697266,,,,,,
2025-08-29,88.3823013305664,,,,,,
2025-09-02,88.40357208251953,,,,,,
2025-09-03,88.4132308959961,,,,,,
2025-09-04,88.43254852294922,,,,,,
2025-09-05,88.46156311035156,,,,,,
2025-09-08,88.47122192382812,,,,,,
2025-09-09,88.48087310791016,,,,,,
2025-09-10,88.49054718017578,,,,,,
2025-09-11,88.50021362304688,,,,,,
2025-09-12,88.52920532226562,,,,,,
2025-09-15,88.53887176513672,,,,,,
2025-09-16,88.54854583740234,,,,,,
2025-09-17,88.55819702148438,,,,,,
2025-09-18,88.56787109375,,,,,,
2025-09-19,88.60651397705078,,,,,,
2025-09-22,88.6161880493164,,,,,,
2025-09-23,88.6161880493164,,,,,,
2025-09-24,88.63552856445312,,,,,,
2025-09-25,88.63552856445312,,,,,,
2025-09-26,88.66451263427734,,,,,,
2025-09-29,88.67417907714844,,,,,,
2025-09-30,88.67417907714844,,,,,,
2025-10-01,88.69454193115234,,,,,,
2025-10-02,88.7042465209961,,,,,,
2025-10-03,88.72364044189453,,,,,,
2025-10-06,88.74302673339844,,,,,,
2025-10-07,88.74302673339844,,,,,,
2025-10-08,88.76243591308594,,,,,,
2025-10-09,88.76243591308594,,,,,,
2025-10-10,88.80120849609375,,,,,,
2025-10-13,88.81092834472656,,,,,,
2025-10-14,88.81092834472656,,,,,,
2025-10-15,88.82060241699219,,,,,,
2025-10-16,88.83030700683594,,,,,,
2025-10-17,88.8497085571289,,,,,,
2025-10-20,88.86911010742188,,,,,,
2025-10-21,88.86911010742188,,,,,,
2025-10-22,88.88848876953125,,,,,,
2025-10-23,88.89818572998047,,,,,,
2025-10-24,88.92729187011719,,,,,,
2025-10-27,88.92729187011719,,,,,,
2025-10-28,88.9369888305664,,,,,,
2025-10-29,88.96607971191406,,,,,,
2025-10-30,88.96607971191406,,,,,,
2025-10-31,88.9854736328125,,,,,,
2025-11-03,88.99813079833984,,,,,,
2025-11-04,89.00785064697266,,,,,,
2025-11-05,89.01758575439453,,,,,,
2025-11-06,89.02730560302734,,,,,,
2025-11-07,89.05651092529297,,,,,,
2025-11-10,89.07595825195312,,,,,,
2025-11-11,89.06623077392578,,,,,,
2025-11-12,89.07595825195312,,,,,,
2025-11-13,89.085693359375,,,,,,
2025-11-14,89.12460327148438,,,,,,
2025-11-17,89.12460327148438,,,,,,
2025-11-18,89.14407348632812,,,,,,
2025-11-19,89.14407348632812,,,,,,
2025-11-20,89.16353607177734,,,,,,
2025-11-21,89.1829833984375,,,,,,
2025-11-24,89.1829833984375,,,,,,
2025-11-25,89.20243835449219,,,,,,
2025-11-26,89.21217346191406,,,,,,
2025-11-28,89.24136352539062,,,,,,
2025-12-01,89.25210571289062,,,,,,
2025-12-02,89.28138732910156,,,,,,
2025-12-03,89.2911376953125,,,,,,
2025-12-04,89.30089569091797,,,,,,
2025-12-05,89.3204116821289,,,,,,
2025-12-08,89.33018493652344,,,,,,
2025-12-09,89.34970092773438,,,,,,
2025-12-10,89.34970092773438,,,,,,
2025-12-11,89.35945892333984,,,,,,
2025-12-12,89.39849853515625,,,,,,
2025-12-15,89.39849853515625,,,,,,
2025-12-16,89.40825653076172,,,,,,
2025-12-17,89.41802215576172,,,,,,
2025-12-18,89.43270874023438,,,,,,
2025-12-19,89.46211242675781,,,,,,
2025-12-22,89.46211242675781,,,,,,
2025-12-23,89.46211242675781,,,,,,
2025-12-24,89.49150085449219,,,,,,
2025-12-26,89.52091217041016,,,,,,
2025-12-29,89.52091217041016,,,,,,
2025-12-30,89.53070068359375,,,,,,
2025-12-31,89.54049682617188,,,,,,
2026-01-02,89.5796890258789,,,,,,
2026-01-05,89.5796890258789,,,,,,
2026-01-06,89.58948516845703,,,,,,
2026-01-07,89.60908508300781,,,,,,
2026-01-08,89.60908508300781,,,,,,
2026-01-09,89.62870025634766,,,,,,
2026-01-12,89.63848876953125,,,,,,
2026-01-13,89.64828491210938,,,,,,
2026-01-14,89.65807342529297,,,,,,
2026-01-15,89.65807342529297,,,,,,
2026-01-16,89.69728088378906,,,,,,
2026-01-20,89.69728088378906,,,,,,
2026-01-21,89.70707702636719,,,,,,
2026-01-22,89.71688079833984,,,,,,
2026-01-23,89.74626922607422,,,,,,
2026-01-26,89.74626922607422,,,,,,
2026-01-27,89.75607299804688,,,,,,
2026-01-28,89.76587677001953,,,,,,
2026-01-29,89.78545379638672,,,,,,
2026-01-30,89.80506896972656,,,,,,
2026-02-02,89.81881713867188,,,,,,
2026-02-03,89.81881713867188,,,,,,
2026-02-04,89.83848571777344,,,,,,
2026-02-05,89.83848571777344,,,,,,
2026-02-06,89.86796569824219,,,,,,
2026-02-09,89.86796569824219,,,,,,
2026-02-10,89.8777847290039,,,,,,
2026-02-11,89.89746856689453,,,,,,
2026-02-12,89.89746856689453,,,,,,
2026-02-13,89.93675994873047,,,,,,
2026-02-17,89.94658660888672,,,,,,
2026-02-18,89.9564208984375,,,,,,
2026-02-19,89.9564208984375,,,,,,
2026-02-20,89.98590087890625,,,,,,
2026-02-23,89.98590087890625,,,,,,
2026-02-24,90.00556945800781,,,,,,
2026-02-25,90.015380859375,,,,,,
2026-02-26,90.02521514892578,,,,,,
2026-02-27,90.04487609863281,,,,,,
2026-03-02,90.05768585205078,,,,,,
2026-03-03,90.06755065917969,,,,,,
2026-03-04,90.07740020751952,,,,,,
2026-03-05,90.08724212646484,,,,,,
2026-03-06,90.1069564819336,,,,,,
2026-03-09,90.11680603027344,,,,,,
2026-03-10,90.12667083740234,,,,,,
2026-03-11,90.12667083740234,,,,,,
2026-03-12,90.14637756347656,,,,,,
2026-03-13,90.17593383789062,,,,,,
2026-03-16,90.17593383789062,,,,,,
2026-03-17,90.18579864501952,,,,,,
2026-03-18,90.20549774169922,,,,,,
2026-03-19,90.20549774169922,,,,,,
2026-03-20,90.2350616455078,,,,,,
2026-03-23,90.2449188232422,,,,,,
2026-03-24,90.25476837158205,,,,,,
2026-03-25,90.2449188232422,,,,,,
2026-03-26,90.2646255493164,,,,,,
2026-03-27,90.29418182373048,,,,,,
2026-03-30,90.30404663085938,,,,,,
2026-03-31,90.30404663085938,,,,,,
2026-04-01,90.32776641845705,,,,,,
2026-04-02,90.34751892089844,,,,,,
2026-04-06,90.3672866821289,,,,,,
2026-04-07,90.37715911865234,,,,,,
2026-04-08,90.37715911865234,,,,,,
2026-04-09,90.3870620727539,,,,,,
2026-04-10,90.41669464111328,,,,,,
2026-04-13,90.41669464111328,,,,,,
2026-04-14,90.42657470703124,,,,,,
2026-04-15,90.43646240234376,,,,,,
2026-04-16,90.44635772705078,,,,,,
2026-04-17,90.47599792480467,,,,,,
2026-04-20,90.48587036132812,,,,,,
2026-04-21,90.4957504272461,,,,,,
2026-04-22,90.4957504272461,,,,,,
2026-04-23,90.51553344726562,,,,,,
2026-04-24,90.53529357910156,,,,,,
2026-04-27,90.54517364501952,,,,,,
2026-04-28,90.55504608154295,,,,,,
2026-04-29,90.55504608154295,,,,,,
2026-04-30,90.56494140625,,,,,,
2026-05-01,90.59468841552734,,,,,,
2026-05-04,90.614501953125,,,,,,
2026-05-05,90.6244125366211,,,,,,
2026-05-06,90.614501953125,,,,,,
2026-05-07,90.6343231201172,,,,,,
2026-05-08,90.6541519165039,,,,,,
2026-05-11,90.67398071289062,,,,,,
2026-05-12,90.6838836669922,,,,,,
2026-05-13,90.6838836669922,,,,,,
2026-05-14,90.70370483398438,,,,,,
2026-05-15,90.7235336303711,,,,,,
2026-05-18,90.7235336303711,,,,,,
2026-05-19,90.74335479736328,,,,,,
2026-05-20,90.76317596435548,,,,,,
2026-05-21,90.76317596435548,,,,,,
2026-05-22,90.7830047607422,,,,,,
2026-05-26,90.80282592773438,,,,,,
2026-05-27,90.81273651123048,,,,,,
2026-05-28,90.82263946533205,,,,,,
2026-05-29,90.8523941040039,,,,,,
2026-06-01,90.86133575439452,,,,,,
2026-06-02,90.85138702392578,,,,,,
2026-06-03,90.87127685546876,,,,,,
2026-06-04,90.87127685546876,,,,,,
2026-06-05,90.9110336303711,,,,,,
2026-06-08,90.92098236083984,,,,,,
2026-06-09,90.92098236083984,,,,,,
2026-06-10,90.93092346191406,,,,,,
2026-06-11,90.94086456298828,,,,,,
2026-06-12,90.9706802368164,,,,,,
2026-06-15,90.9706802368164,,,,,,
2026-06-16,90.98062133789062,,,,,,
2026-06-17,90.99057006835938,,,,,,
2026-06-18,91.03032684326172,,,,,,
2026-06-22,91.03032684326172,,,,,,
2026-06-23,91.04027557373048,,,,,,
2026-06-24,91.05020904541016,,,,,,
2026-06-25,91.06015014648438,,,,,,
2026-06-26,91.08997344970705,,,,,,
2026-06-29,91.09992218017578,,,,,,
2026-06-30,91.09992218017578,,,,,,
2026-07-01,91.12783813476562,,,,,,
2026-07-02,91.16771697998048,,,,,,
2026-07-06,91.15774536132812,,,,,,
2026-07-07,91.17768096923828,,,,,,
2026-07-08,91.17768096923828,,,,,,
2026-07-09,91.18765258789062,,,,,,
2026-07-10,91.2275390625,,,,,,
2026-07-13,91.2275390625,,,,,,
2026-07-14,91.23751068115234,,,,,,
2026-07-15,91.24747467041016,,,,,,
2026-07-16,91.2574462890625,,,,,,
2026-07-17,91.2773895263672,,,,,,
2026-07-20,91.287353515625,,,,,,
2026-07-21,91.287353515625,,,,,,
2026-07-22,91.30730438232422,,,,,,
2026-07-23,91.30730438232422,,,,,,
2026-07-24,91.33721160888672,,,,,,
2026-07-27,91.34718322753906,,,,,,
2026-07-28,91.35714721679688,,,,,,
2026-07-29,91.36711883544922,,,,,,
2026-07-30,91.37709045410156,,,,,,
2026-07-31,91.4070053100586,,,,,,
2026-08-03,91.41999816894533,,,,,,
2026-08-04,91.41999816894533,,,,,,
2026-08-05,91.43000030517578,,,,,,
2026-08-06,91.4499969482422,,,,,,
2026-08-07,91.4800033569336,,,,,,
2026-08-10,91.4800033569336,,,,,,
2026-08-11,91.48999786376952,,,,,,
2026-08-12,91.51000213623048,,,,,,
2026-08-13,91.51000213623048,,,,,,
2026-08-14,91.52999877929688,,,,,,
2026-08-17,91.5500030517578,,,,,,
2026-08-25,91.34,91.33,91.34,91.33,6928022.0,91.3363343137683,6075.0
2026-08-26,91.35,91.34,91.35,91.34,6751515.0,91.34630378791188,6522.0
2026-08-27,91.62999725341795,,,,,,
2026-08-28,91.37,91.38,91.38,91.37,5846455.0,91.37720915775694,7777.0
2026-08-31,91.38,91.38,91.39,91.38,12287357.0,91.3832,9907.0
2026-09-01,91.39,91.4,91.4,91.39,13445908.0,91.395,9691.0
