date,close,open,high,low,volume,average,barCount
2010-12-08,2093638.625,,,,,,
2010-12-09,2069504.375,,,,,,
2010-12-10,2056935.125,,,,,,
2010-12-13,2019225.25,,,,,,
2010-12-14,2018722.375,,,,,,
2010-12-15,2093638.625,,,,,,
2010-12-16,2157493.5,,,,,,
2010-12-17,2155483.0,,,,,,
2010-12-20,2121795.25,,,,,,
2010-12-21,2128834.25,,,,,,
2010-12-22,2174086.75,,,,,,
2010-12-23,2141404.5,,,,,,
2010-12-27,2168554.25,,,,,,
2010-12-28,2052911.75,,,,,,
2010-12-29,2039839.625,,,,,,
2010-12-30,2071012.375,,,,,,
2010-12-31,2030286.875,,,,,,
2011-01-03,2076543.5,,,,,,
2011-01-04,2193191.75,,,,,,
2011-01-05,2249505.25,,,,,,
2011-01-06,2365147.75,,,,,,
2011-01-07,2366154.0,,,,,,
2011-01-10,2350566.5,,,,,,
2011-01-11,2257550.25,,,,,,
2011-01-12,2264086.75,,,,,,
2011-01-13,2415929.75,,,,,,
2011-01-14,2513471.75,,,,,,
2011-01-18,2430511.0,,,,,,
2011-01-19,2475259.5,,,,,,
2011-01-20,2540121.25,,,,,,
2011-01-21,2594422.25,,,,,,
2011-01-24,2647719.5,,,,,,
2011-01-25,2683417.75,,,,,,
2011-01-26,2470231.75,,,,,,
2011-01-27,2599451.25,,,,,,
2011-01-28,2542634.25,,,,,,
2011-01-31,2578835.25,,,,,,
2011-02-01,2431014.5,,,,,,
2011-02-02,2475259.5,,,,,,
2011-02-03,2331460.75,,,,,,
2011-02-04,2365147.75,,,,,,
2011-02-07,2369170.5,,,,,,
2011-02-08,2262075.0,,,,,,
2011-02-09,2331460.75,,,,,,
2011-02-10,2374198.25,,,,,,
2011-02-11,2404869.0,,,,,,
2011-02-14,2334477.75,,,,,,
2011-02-15,2248499.5,,,,,,
2011-02-16,2221851.5,,,,,,
2011-02-17,2178611.25,,,,,,
2011-02-18,2130846.0,,,,,,
2011-02-22,2165538.75,,,,,,
2011-02-23,2085090.75,,,,,,
2011-02-24,2216823.5,,,,,,
2011-02-25,2122801.0,,,,,,
2011-02-28,2056935.125,,,,,,
2011-03-01,1994085.25,,,,,,
2011-03-02,1985035.375,,,,,,
2011-03-03,2043359.625,,,,,,
2011-03-04,2014699.5,,,,,,
2011-03-07,2041851.125,,,,,,
2011-03-08,2078555.375,,,,,,
2011-03-09,2116264.5,,,,,,
2011-03-10,2264588.5,,,,,,
2011-03-11,2182633.0,,,,,,
2011-03-14,2192689.5,,,,,,
2011-03-15,2288723.25,,,,,,
2011-03-16,2389784.75,,,,,,
2011-03-17,2350064.0,,,,,,
2011-03-18,2272633.25,,,,,,
2011-03-21,2157996.0,,,,,,
2011-03-22,2141404.5,,,,,,
2011-03-23,1993079.75,,,,,,
2011-03-24,2007158.125,,,,,,
2011-03-25,2041347.625,,,,,,
2011-03-28,2112241.75,,,,,,
2011-03-29,2107214.0,,,,,,
2011-03-30,2025258.625,,,,,,
2011-03-31,1996599.25,,,,,,
2011-04-01,2018219.25,,,,,,
2011-04-04,2013191.25,,,,,,
2011-04-05,1820621.125,,,,,,
2011-04-06,1812576.25,,,,,,
2011-04-07,1826151.5,,,,,,
2011-04-08,1749726.625,,,,,,
2011-04-11,1846263.125,,,,,,
2011-04-12,1906599.5,,,,,,
2011-04-13,1919671.625,,,,,,
2011-04-14,1872911.625,,,,,,
2011-04-15,1884475.875,,,,,,
2011-04-18,1921179.75,,,,,,
2011-04-19,1869392.125,,,,,,
2011-04-20,1841738.125,,,,,,
2011-04-21,1809056.375,,,,,,
2011-04-25,1898554.625,,,,,,
2011-04-26,1955369.75,,,,,,
2011-04-27,1861347.375,,,,,,
2011-04-28,1881458.875,,,,,,
2011-04-29,1826654.75,,,,,,
2011-05-02,1946822.5,,,,,,
2011-05-03,2070007.0,,,,,,
2011-05-04,2064979.375,,,,,,
2011-05-05,2221851.5,,,,,,
2011-05-06,2211292.5,,,,,,
2011-05-09,2130343.0,,,,,,
2011-05-10,2159002.0,,,,,,
2011-05-11,2298276.0,,,,,,
2011-05-12,2329952.75,,,,,,
2011-05-13,2367159.25,,,,,,
2011-05-16,2343527.5,,,,,,
2011-05-17,2298276.0,,,,,,
2011-05-18,2267605.0,,,,,,
2011-05-19,2246991.0,,,,,,
2011-05-20,2231906.75,,,,,,
2011-05-23,2269114.0,,,,,,
2011-05-24,2164533.25,,,,,,
2011-05-25,2133359.75,,,,,,
2011-05-26,2129337.75,,,,,,
2011-05-27,2064476.625,,,,,,
2011-05-31,2048386.625,,,,,,
2011-06-01,2124812.0,,,,,,
2011-06-02,2156488.0,,,,,,
2011-06-03,2167047.0,,,,,,
2011-06-06,2296265.25,,,,,,
2011-06-07,2310342.75,,,,,,
2011-06-08,2410902.0,,,,,,
2011-06-09,2325930.25,,,,,,
2011-06-10,2409896.75,,,,,,
2011-06-13,2487829.5,,,,,,
2011-06-14,2408891.25,,,,,,
2011-06-15,2437550.5,,,,,,
2011-06-16,2553193.0,,,,,,
2011-06-17,2533584.75,,,,,,
2011-06-20,2507942.0,,,,,,
2011-06-21,2337494.25,,,,,,
2011-06-22,2280678.75,,,,,,
2011-06-23,2339505.25,,,,,,
2011-06-24,2459673.0,,,,,,
2011-06-27,2464701.5,,,,,,
2011-06-28,2393304.5,,,,,,
2011-06-29,2291237.0,,,,,,
2011-06-30,2273639.5,,,,,,
2011-07-01,2347048.0,,,,,,
2011-07-05,2197214.75,,,,,,
2011-07-06,2139896.0,,,,,,
2011-07-07,2130846.0,,,,,,
2011-07-08,2131348.25,,,,,,
2011-07-11,2177605.25,,,,,,
2011-07-12,2043862.0,,,,,,
2011-07-13,1906096.25,,,,,,
2011-07-14,1930229.75,,,,,,
2011-07-15,1878945.0,,,,,,
2011-07-18,1818609.625,,,,,,
2011-07-19,1875928.5,,,,,,
2011-07-20,1835704.75,,,,,,
2011-07-21,1852799.875,,,,,,
2011-07-22,1808553.75,,,,,,
2011-07-25,1838721.625,,,,,,
2011-07-26,1837716.0,,,,,,
2011-07-27,1948331.0,,,,,,
2011-07-28,1970957.0,,,,,,
2011-07-29,2052911.75,,,,,,
2011-08-01,2015705.125,,,,,,
2011-08-02,1945314.25,,,,,,
2011-08-03,1892017.875,,,,,,
2011-08-04,2105202.75,,,,,,
2011-08-05,2139392.75,,,,,,
2011-08-08,2144924.0,,,,,,
2011-08-09,1963413.875,,,,,,
2011-08-10,1835201.875,,,,,,
2011-08-11,1816599.125,,,,,,
2011-08-12,1854811.125,,,,,,
2011-08-15,1750732.625,,,,,,
2011-08-16,1786431.25,,,,,,
2011-08-17,1757268.5,,,,,,
2011-08-18,1817604.25,,,,,,
2011-08-19,1725592.25,,,,,,
2011-08-22,1588832.5,,,,,,
2011-08-23,1698944.5,,,,,,
2011-08-24,1782408.375,,,,,,
2011-08-25,1718553.625,,,,,,
2011-08-26,1634084.25,,,,,,
2011-08-29,1663246.0,,,,,,
2011-08-30,1608441.625,,,,,,
2011-08-31,1615480.625,,,,,,
2011-09-01,1586821.375,,,,,,
2011-09-02,1507882.25,,,,,,
2011-09-06,1493301.5,,,,,,
2011-09-07,1484754.0,,,,,,
2011-09-08,1430452.125,,,,,,
2011-09-09,1465647.375,,,,,,
2011-09-12,1549111.5,,,,,,
2011-09-13,1525983.125,,,,,,
2011-09-14,1586821.375,,,,,,
2011-09-15,1602407.625,,,,,,
2011-09-16,1545592.0,,,,,,
2011-09-19,1564698.25,,,,,,
2011-09-20,1459614.25,,,,,,
2011-09-21,1518441.25,,,,,,
2011-09-22,1749726.625,,,,,,
2011-09-23,1927213.625,,,,,,
2011-09-26,1861347.375,,,,,,
2011-09-27,1877939.5,,,,,,
2011-09-28,2040845.375,,,,,,
2011-09-29,2017214.125,,,,,,
2011-09-30,1997101.875,,,,,,
2011-10-03,2049392.625,,,,,,
2011-10-04,2190175.25,,,,,,
2011-10-05,1994085.25,,,,,,
2011-10-06,1896543.375,,,,,,
2011-10-07,1988052.125,,,,,,
2011-10-10,1846766.5,,,,,,
2011-10-11,1840230.0,,,,,,
2011-10-12,1809559.625,,,,,,
2011-10-13,1877437.25,,,,,,
2011-10-14,1766319.25,,,,,,
2011-10-17,1848274.875,,,,,,
2011-10-18,1830174.0,,,,,,
2011-10-19,2043862.0,,,,,,
2011-10-20,2076543.5,,,,,,
2011-10-21,2012688.75,,,,,,
2011-10-24,1853302.875,,,,,,
2011-10-25,1760788.0,,,,,,
2011-10-26,1727604.0,,,,,,
2011-10-27,1660732.25,,,,,,
2011-10-28,1580284.75,,,,,,
2011-10-31,1673302.0,,,,,,
2011-11-01,1681849.375,,,,,,
2011-11-02,1607435.75,,,,,,
2011-11-03,1506876.75,,,,,,
2011-11-04,1526988.375,,,,,,
2011-11-07,1431457.375,,,,,,
2011-11-08,1464139.375,,,,,,
2011-11-09,1548609.0,,,,,,
2011-11-10,1574251.5,,,,,,
2011-11-11,1463133.875,,,,,,
2011-11-14,1514921.75,,,,,,
2011-11-15,1508887.875,,,,,,
2011-11-16,1559167.625,,,,,,
2011-11-17,1682855.125,,,,,,
2011-11-18,1729615.25,,,,,,
2011-11-21,1792967.375,,,,,,
2011-11-22,1730620.75,,,,,,
2011-11-23,1823637.875,,,,,,
2011-11-25,1871906.0,,,,,,
2011-11-28,1775369.625,,,,,,
2011-11-29,1757771.375,,,,,,
2011-11-30,1515927.125,,,,,,
2011-12-01,1519446.75,,,,,,
2011-12-02,1668776.75,,,,,,
2011-12-05,1707492.25,,,,,,
2011-12-06,1613469.25,,,,,,
2011-12-07,1606430.25,,,,,,
2011-12-08,1747716.0,,,,,,
2011-12-09,1696430.625,,,,,,
2011-12-12,1878945.0,,,,,,
2011-12-13,2059816.25,,,,,,
2011-12-14,2230229.25,,,,,,
2011-12-15,2325256.25,,,,,,
2011-12-16,2195191.0,,,,,,
2011-12-19,2379405.75,,,,,,
2011-12-20,2124053.25,,,,,,
2011-12-21,2133608.5,,,,,,
2011-12-22,2185635.0,,,,,,
2011-12-23,2136793.75,,,,,,
2011-12-27,2230229.25,,,,,,
2011-12-28,2463285.25,,,,,,
2011-12-29,2318354.25,,,,,,
2011-12-30,2261551.25,,,,,,
2012-01-03,1953109.5,,,,,,
2012-01-04,1956294.375,,,,,,
2012-01-05,1952578.375,,,,,,
2012-01-06,2001420.0,,,,,,
2012-01-09,1976467.875,,,,,,
2012-01-10,1878785.625,,,,,,
2012-01-11,1894712.25,,,,,,
2012-01-12,1849587.125,,,,,,
2012-01-13,1919133.125,,,,,,
2012-01-17,2006728.25,,,,,,
2012-01-18,1999826.75,,,,,,
2012-01-19,2122459.5,,,,,,
2012-01-20,2117150.75,,,,,,
2012-01-23,2021592.875,,,,,,
2012-01-24,2154313.0,,,,,,
2012-01-25,1736510.125,,,,,,
2012-01-26,1676520.375,,,,,,
2012-01-27,1562912.0,,,,,,
2012-01-30,1611753.0,,,,,,
2012-01-31,1609629.5,,,,,,
2012-02-01,1600604.375,,,,,,
2012-02-02,1523096.0,,,,,,
2012-02-03,1601135.5,,,,,,
2012-02-06,1621308.875,,,,,,
2012-02-07,1648915.0,,,,,,
2012-02-08,1687669.0,,,,,,
2012-02-09,1697755.625,,,,,,
2012-02-10,1776326.375,,,,,,
2012-02-13,1791721.625,,,,,,
2012-02-14,1847994.75,,,,,,
2012-02-15,1868699.125,,,,,,
2012-02-16,1722176.25,,,,,,
2012-02-17,1796499.5,,,,,,
2012-02-21,1636173.5,,,,,,
2012-02-22,1553356.25,,,,,,
2012-02-23,1521503.375,,,,,,
2012-02-24,1569813.375,,,,,,
2012-02-27,1603789.875,,,,,,
2012-02-28,1497613.75,,,,,,
2012-02-29,1647852.625,,,,,,
2012-03-01,1608567.5,,,,,,
2012-03-02,1695632.25,,,,,,
2012-03-05,1802869.875,,,,,,
2012-03-06,1919133.125,,,,,,
2012-03-07,1902144.5,,,,,,
2012-03-08,1834722.75,,,,,,
2012-03-09,1829945.25,,,,,,
2012-03-12,1922318.125,,,,,,
2012-03-13,1958417.75,,,,,,
2012-03-14,2179263.75,,,,,,
2012-03-15,2177671.75,,,,,,
2012-03-16,2205808.0,,,,,,
2012-03-19,2242969.5,,,,,,
2012-03-20,2211116.5,,,,,,
2012-03-21,2228105.5,,,,,,
2012-03-22,2353923.75,,,,,,
2012-03-23,2215364.75,,,,,,
2012-03-26,2096447.0,,,,,,
2012-03-27,2186165.5,,,,,,
2012-03-28,2312515.5,,,,,,
2012-03-29,2297650.75,,,,,,
2012-03-30,2228105.5,,,,,,
2012-04-02,2115558.25,,,,,,
2012-04-03,2318354.25,,,,,,
2012-04-04,2612462.75,,,,,,
2012-04-05,2693687.25,,,,,,
2012-04-09,2651217.5,,,,,,
2012-04-10,2552473.5,,,,,,
2012-04-11,2641661.25,,,,,,
2012-04-12,2357640.0,,,,,,
2012-04-13,2451075.0,,,,,,
2012-04-16,2580079.25,,,,,,
2012-04-17,2505224.5,,,,,,
2012-04-18,2582202.25,,,,,,
2012-04-19,2585387.5,,,,,,
2012-04-20,2667674.25,,,,,,
2012-04-23,2846581.25,,,,,,
2012-04-24,2838618.0,,,,,,
2012-04-25,2618833.0,,,,,,
2012-04-26,2619364.0,,,,,,
2012-04-27,2529645.5,,,,,,
2012-04-30,2597597.75,,,,,,
2012-05-01,2583264.5,,,,,,
2012-05-02,2718107.5,,,,,,
2012-05-03,3026550.25,,,,,,
2012-05-04,3002129.5,,,,,,
2012-05-07,3076982.75,,,,,,
2012-05-08,3387017.25,,,,,,
2012-05-09,3193776.5,,,,,,
2012-05-10,3177319.5,,,,,,
2012-05-11,3329151.0,,,,,,
2012-05-14,3655112.75,,,,,,
2012-05-15,4088842.5,,,,,,
2012-05-16,4036814.25,,,,,,
2012-05-17,3485761.25,,,,,,
2012-05-18,3413561.5,,,,,,
2012-05-21,3058402.5,,,,,,
2012-05-22,3159800.25,,,,,,
2012-05-23,2752084.5,,,,,,
2012-05-24,2706428.75,,,,,,
2012-05-25,2649624.0,,,,,,
2012-05-29,2788715.0,,,,,,
2012-05-30,2769603.25,,,,,,
2012-05-31,2857198.75,,,,,,
2012-06-01,2308799.5,,,,,,
2012-06-04,2195721.75,,,,,,
2012-06-05,2164930.0,,,,,,
2012-06-06,2147411.25,,,,,,
2012-06-07,2367727.0,,,,,,
2012-06-08,2319416.75,,,,,,
2012-06-11,2416037.25,,,,,,
2012-06-12,2240846.25,,,,,,
2012-06-13,2239784.75,,,,,,
2012-06-14,2218019.0,,,,,,
2012-06-15,2222796.75,,,,,,
2012-06-18,2104410.25,,,,,,
2012-06-19,2115027.75,,,,,,
2012-06-20,2170770.0,,,,,,
2012-06-21,2505224.5,,,,,,
2012-06-22,2601314.0,,,,,,
2012-06-25,2444173.0,,,,,,
2012-06-26,2556189.75,,,,,,
2012-06-27,2591227.25,,,,,,
2012-06-28,2753146.5,,,,,,
2012-06-29,2483990.0,,,,,,
2012-07-02,2479211.75,,,,,,
2012-07-03,2195721.75,,,,,,
2012-07-05,2294996.0,,,,,,
2012-07-06,2491953.0,,,,,,
2012-07-09,2530707.25,,,,,,
2012-07-10,2777566.75,,,,,,
2012-07-11,2942140.0,,,,,,
2012-07-12,2995227.5,,,,,,
2012-07-13,2865161.25,,,,,,
2012-07-16,2888521.0,,,,,,
2012-07-17,2985141.0,,,,,,
2012-07-18,3097156.5,,,,,,
2012-07-19,3008499.5,,,,,,
2012-07-20,2979831.75,,,,,,
2012-07-23,3190060.75,,,,,,
2012-07-24,3191653.5,,,,,,
2012-07-25,2893829.5,,,,,,
2012-07-26,2720232.0,,,,,,
2012-07-27,2656525.5,,,,,,
2012-07-30,2558313.25,,,,,,
2012-07-31,2697403.75,,,,,,
2012-08-01,2808888.75,,,,,,
2012-08-02,2866754.75,,,,,,
2012-08-03,2715984.5,,,,,,
2012-08-06,2537608.5,,,,,,
2012-08-07,2437272.0,,,,,,
2012-08-08,2477619.0,,,,,,
2012-08-09,2392678.0,,,,,,
2012-08-10,2340120.75,,,,,,
2012-08-13,2428778.25,,,,,,
2012-08-14,2473903.25,,,,,,
2012-08-15,2449482.25,,,,,,
2012-08-16,2199437.75,,,,,,
2012-08-17,2239784.75,,,,,,
2012-08-20,2196783.25,,,,,,
2012-08-21,2085298.5,,,,,,
2012-08-22,1943022.25,,,,,,
2012-08-23,1942491.25,,,,,,
2012-08-24,1930281.25,,,,,,
2012-08-27,1993456.0,,,,,,
2012-08-28,2006197.125,,,,,,
2012-08-29,2075211.5,,,,,,
2012-08-30,2118212.75,,,,,,
2012-08-31,1851180.25,,,,,,
2012-09-04,1874007.875,,,,,,
2012-09-05,1859674.25,,,,,,
2012-09-06,1721114.5,,,,,,
2012-09-07,1575122.375,,,,,,
2012-09-10,1662186.625,,,,,,
2012-09-11,1635642.625,,,,,,
2012-09-12,1616000.125,,,,,,
2012-09-13,1376042.25,,,,,,
2012-09-14,1267742.75,,,,,,
2012-09-17,1258186.875,,,,,,
2012-09-18,1236951.625,,,,,,
2012-09-19,1202443.875,,,,,,
2012-09-20,1228457.625,,,,,,
2012-09-21,1200320.75,,,,,,
2012-09-24,1306497.0,,,,,,
2012-09-25,1378696.625,,,,,,
2012-09-26,1359584.875,,,,,,
2012-09-27,1243321.625,,,,,,
2012-09-28,1258717.625,,,,,,
2012-10-01,1242260.25,,,,,,
2012-10-02,1257125.125,,,,,,
2012-10-03,1322954.25,,,,,,
2012-10-04,1214123.75,,,,,,
2012-10-05,1249162.0,,,,,,
2012-10-08,1275174.75,,,,,,
2012-10-09,1367017.0,,,,,,
2012-10-10,1337819.0,,,,,,
2012-10-11,1325608.75,,,,,,
2012-10-12,1393030.5,,,,,,
2012-10-15,1393030.5,,,,,,
2012-10-16,1313398.25,,,,,,
2012-10-17,1276767.375,,,,,,
2012-10-18,1391437.5,,,,,,
2012-10-19,1373918.5,,,,,,
2012-10-22,1314991.125,,,,,,
2012-10-23,1429661.125,,,,,,
2012-10-24,1505046.0,,,,,,
2012-10-25,1367017.0,,,,,,
2012-10-26,1396746.375,,,,,,
2012-10-31,1260310.125,,,,,,
2012-11-01,1317645.25,,,,,,
2012-11-02,1481156.625,,,,,,
2012-11-05,1519379.875,,,,,,
2012-11-06,1435500.625,,,,,,
2012-11-07,1379758.5,,,,,,
2012-11-08,1345782.125,,,,,,
2012-11-09,1404178.625,,,,,,
2012-11-12,1455674.25,,,,,,
2012-11-13,1503984.5,,,,,,
2012-11-14,1713682.375,,,,,,
2012-11-15,1852772.875,,,,,,
2012-11-16,1791190.5,,,,,,
2012-11-19,1638828.125,,,,,,
2012-11-20,1682891.0,,,,,,
2012-11-21,1608037.25,,,,,,
2012-11-23,1539022.5,,,,,,
2012-11-26,1540084.25,,,,,,
2012-11-27,1656878.125,,,,,,
2012-11-28,1612814.75,,,,,,
2012-11-29,1598481.25,,,,,,
2012-11-30,1647322.0,,,,,,
2012-12-03,1759868.875,,,,,,
2012-12-04,1737572.0,,,,,,
2012-12-05,1882502.25,,,,,,
2012-12-06,1856488.75,,,,,,
2012-12-07,1811894.875,,,,,,
2012-12-10,1740226.25,,,,,,
2012-12-11,1764646.5,,,,,,
2012-12-12,1618123.625,,,,,,
2012-12-13,1740757.125,,,,,,
2012-12-14,1730139.625,,,,,,
2012-12-17,1724299.625,,,,,,
2012-12-18,1804993.5,,,,,,
2012-12-19,1854896.5,,,,,,
2012-12-20,1885156.375,,,,,,
2012-12-21,1879847.875,,,,,,
2012-12-24,1858081.5,,,,,,
2012-12-26,1832068.375,,,,,,
2012-12-27,1798091.875,,,,,,
2012-12-28,1847464.125,,,,,,
2012-12-31,1672804.5,,,,,,
2013-01-02,1585739.875,,,,,,
2013-01-03,1784289.375,,,,,,
2013-01-04,1767832.0,,,,,,
2013-01-07,1860205.25,,,,,,
2013-01-08,1845871.5,,,,,,
2013-01-09,1876131.875,,,,,,
2013-01-10,1742880.625,,,,,,
2013-01-11,1750312.625,,,,,,
2013-01-14,1764115.75,,,,,,
2013-01-15,1729077.5,,,,,,
2013-01-16,1762523.125,,,,,,
2013-01-17,1785351.0,,,,,,
2013-01-18,1777918.375,,,,,,
2013-01-22,1695101.125,,,,,,
2013-01-23,1828352.25,,,,,,
2013-01-24,2000357.75,,,,,,
2013-01-25,2170238.75,,,,,,
2013-01-28,2241908.5,,,,,,
2013-01-29,2124583.25,,,,,,
2013-01-30,2160683.75,,,,,,
2013-01-31,2222796.75,,,,,,
2013-02-01,2117150.75,,,,,,
2013-02-04,2099632.5,,,,,,
2013-02-05,2110249.75,,,,,,
2013-02-06,2072026.375,,,,,,
2013-02-07,2057692.625,,,,,,
2013-02-08,2094854.625,,,,,,
2013-02-11,2222265.5,,,,,,
2013-02-12,2161214.25,,,,,,
2013-02-13,2262081.5,,,,,,
2013-02-14,2234475.5,,,,,,
2013-02-15,2466470.5,,,,,,
2013-02-19,2567337.75,,,,,,
2013-02-20,2944793.75,,,,,,
2013-02-21,2800925.25,,,,,,
2013-02-22,2833308.75,,,,,,
2013-02-25,2702712.25,,,,,,
2013-02-26,2595474.75,,,,,,
2013-02-27,2744121.25,,,,,,
2013-02-28,2938423.0,,,,,,
2013-03-01,3004783.25,,,,,,
2013-03-04,3281372.0,,,,,,
2013-03-05,3291459.25,,,,,,
2013-03-06,2877371.75,,,,,,
2013-03-07,2975053.75,,,,,,
2013-03-08,2951695.0,,,,,,
2013-03-11,2967622.25,,,,,,
2013-03-12,2743590.0,,,,,,
2013-03-13,2976647.25,,,,,,
2013-03-14,2886927.5,,,,,,
2013-03-15,2864631.5,,,,,,
2013-03-18,2834371.0,,,,,,
2013-03-19,2814197.25,,,,,,
2013-03-20,2832778.25,,,,,,
2013-03-21,2603969.0,,,,,,
2013-03-22,2659180.75,,,,,,
2013-03-25,2757393.25,,,,,,
2013-03-26,2828000.0,,,,,,
2013-03-27,2686255.25,,,,,,
2013-03-28,2717577.5,,,,,,
2013-04-01,2809950.5,,,,,,
2013-04-02,3167232.75,,,,,,
2013-04-03,3592999.0,,,,,,
2013-04-04,3284557.0,,,,,,
2013-04-05,3325966.5,,,,,,
2013-04-08,3443821.0,,,,,,
2013-04-09,3038228.75,,,,,,
2013-04-10,3386486.75,,,,,,
2013-04-11,3514429.0,,,,,,
2013-04-12,4144583.5,,,,,,
2013-04-15,5347559.5,,,,,,
2013-04-16,5459042.5,,,,,,
2013-04-17,6274476.5,,,,,,
2013-04-18,5697940.0,,,,,,
2013-04-19,5464352.5,,,,,,
2013-04-22,5242445.5,,,,,,
2013-04-23,5582207.0,,,,,,
2013-04-24,4537435.0,,,,,,
2013-04-25,4294292.5,,,,,,
2013-04-26,4778456.5,,,,,,
2013-04-29,4574067.0,,,,,,
2013-04-30,4368614.5,,,,,,
2013-05-01,4660068.5,,,,,,
2013-05-02,4703069.0,,,,,,
2013-05-03,4673341.0,,,,,,
2013-05-06,4655290.0,,,,,,
2013-05-07,5043364.5,,,,,,
2013-05-08,4247044.0,,,,,,
2013-05-09,4442408.0,,,,,,
2013-05-10,4471606.5,,,,,,
2013-05-13,4806591.0,,,,,,
2013-05-14,4983906.0,,,,,,
2013-05-15,5662901.5,,,,,,
2013-05-16,5605566.5,,,,,,
2013-05-17,6302612.5,,,,,,
2013-05-20,5188826.0,,,,,,
2013-05-21,5515317.0,,,,,,
2013-05-22,5290754.0,,,,,,
2013-05-23,5176085.0,,,,,,
2013-05-24,5430907.0,,,,,,
2013-05-28,5523280.0,,,,,,
2013-05-29,4772615.5,,,,,,
2013-05-30,3981604.5,,,,,,
2013-05-31,4200326.5,,,,,,
2013-06-03,3835079.5,,,,,,
2013-06-04,4050087.25,,,,,,
2013-06-05,3984789.0,,,,,,
2013-06-06,3833488.75,,,,,,
2013-06-07,4308094.5,,,,,,
2013-06-10,4315527.5,,,,,,
2013-06-11,4711563.5,,,,,,
2013-06-12,4611758.0,,,,,,
2013-06-13,4470013.5,,,,,,
2013-06-14,4697761.5,,,,,,
2013-06-17,4672810.0,,,,,,
2013-06-18,5059820.5,,,,,,
2013-06-19,5539206.5,,,,,,
2013-06-20,6739527.5,,,,,,
2013-06-21,6532484.5,,,,,,
2013-06-24,7394103.0,,,,,,
2013-06-25,7496031.5,,,,,,
2013-06-26,8796688.0,,,,,,
2013-06-27,8166535.5,,,,,,
2013-06-28,6484704.5,,,,,,
2013-07-01,6025493.0,,,,,,
2013-07-02,6811727.0,,,,,,
2013-07-03,6449136.5,,,,,,
2013-07-05,7109020.0,,,,,,
2013-07-08,7520983.5,,,,,,
2013-07-09,7246519.0,,,,,,
2013-07-10,7219974.0,,,,,,
2013-07-11,5601850.5,,,,,,
2013-07-12,5914008.0,,,,,,
2013-07-15,6021245.0,,,,,,
2013-07-16,5043896.5,,,,,,
2013-07-17,5473378.0,,,,,,
2013-07-18,5531244.0,,,,,,
2013-07-19,4847469.5,,,,,,
2013-07-22,3931700.5,,,,,,
2013-07-23,3566985.5,,,,,,
2013-07-24,4077161.75,,,,,,
2013-07-25,3930108.25,,,,,,
2013-07-26,3789955.25,,,,,,
2013-07-29,3905687.25,,,,,,
2013-07-30,3978418.5,,,,,,
2013-07-31,4034160.0,,,,,,
2013-08-01,4424888.0,,,,,,
2013-08-02,4711563.5,,,,,,
2013-08-05,4784825.0,,,,,,
2013-08-06,5558849.0,,,,,,
2013-08-07,5636358.0,,,,,,
2013-08-08,4167410.75,,,,,,
2013-08-09,3897724.5,,,,,,
2013-08-12,3279249.0,,,,,,
2013-08-13,3542034.25,,,,,,
2013-08-14,2969215.0,,,,,,
2013-08-15,2439395.5,,,,,,
2013-08-16,2580079.25,,,,,,
2013-08-19,2719700.75,,,,,,
2013-08-20,2420814.75,,,,,,
2013-08-21,2739343.0,,,,,,
2013-08-22,2623611.25,,,,,,
2013-08-23,2390023.75,,,,,,
2013-08-26,2342244.0,,,,,,
2013-08-27,2650155.0,,,,,,
2013-08-28,2862507.0,,,,,,
2013-08-29,2800925.25,,,,,,
2013-08-30,2913472.25,,,,,,
2013-09-03,2829592.25,,,,,,
2013-09-04,2792430.75,,,,,,
2013-09-05,3079106.75,,,,,,
2013-09-06,2930460.5,,,,,,
2013-09-09,3028141.75,,,,,,
2013-09-10,3383832.0,,,,,,
2013-09-11,3316940.5,,,,,,
2013-09-12,3852069.75,,,,,,
2013-09-13,3708730.75,,,,,,
2013-09-16,3797919.5,,,,,,
2013-09-17,3584505.0,,,,,,
2013-09-18,2601314.0,,,,,,
2013-09-19,2848704.5,,,,,,
2013-09-20,3382770.5,,,,,,
2013-09-23,3573887.25,,,,,,
2013-09-24,3603616.75,,,,,,
2013-09-25,3437982.25,,,,,,
2013-09-26,3578134.5,,,,,,
2013-09-27,3563269.25,,,,,,
2013-09-30,3616358.5,,,,,,
2013-10-01,3875427.25,,,,,,
2013-10-02,3842512.25,,,,,,
2013-10-03,3944442.0,,,,,,
2013-10-04,3977356.25,,,,,,
2013-10-07,3803227.5,,,,,,
2013-10-08,4158919.25,,,,,,
2013-10-09,4087778.75,,,,,,
2013-10-10,4281019.5,,,,,,
2013-10-11,4563449.0,,,,,,
2013-10-14,4535842.5,,,,,,
2013-10-15,4148300.5,,,,,,
2013-10-16,4375517.0,,,,,,
2013-10-17,3679001.75,,,,,,
2013-10-18,3743769.0,,,,,,
2013-10-21,3491070.25,,,,,,
2013-10-22,3045130.0,,,,,,
2013-10-23,3332868.0,,,,,,
2013-10-24,2955942.75,,,,,,
2013-10-25,2881619.25,,,,,,
2013-10-28,2824284.0,,,,,,
2013-10-29,3061056.25,,,,,,
2013-10-30,2891174.5,,,,,,
2013-10-31,3261729.5,,,,,,
2013-11-01,3657766.5,,,,,,
2013-11-04,3336052.5,,,,,,
2013-11-05,3454970.5,,,,,,
2013-11-06,3336052.5,,,,,,
2013-11-07,3572825.0,,,,,,
2013-11-08,3518675.5,,,,,,
2013-11-11,3509119.5,,,,,,
2013-11-12,3752263.75,,,,,,
2013-11-13,3697051.5,,,,,,
2013-11-14,3391264.5,,,,,,
2013-11-15,3544157.75,,,,,,
2013-11-18,3748015.75,,,,,,
2013-11-19,3728904.25,,,,,,
2013-11-20,4146175.75,,,,,,
2013-11-21,4316058.5,,,,,,
2013-11-22,4459396.5,,,,,,
2013-11-25,4487001.0,,,,,,
2013-11-26,4833136.0,,,,,,
2013-11-27,4741825.0,,,,,,
2013-11-29,4444531.0,,,,,,
2013-12-02,5225988.0,,,,,,
2013-12-03,5483995.5,,,,,,
2013-12-04,4995584.5,,,,,,
2013-12-05,5347028.0,,,,,,
2013-12-06,5350213.0,,,,,,
2013-12-09,4974350.0,,,,,,
2013-12-10,4396751.5,,,,,,
2013-12-11,4848001.0,,,,,,
2013-12-12,4990275.5,,,,,,
2013-12-13,4931879.0,,,,,,
2013-12-16,4741825.0,,,,,,
2013-12-17,4850123.5,,,,,,
2013-12-18,5090082.0,,,,,,
2013-12-19,5332163.5,,,,,,
2013-12-20,5334287.5,,,,,,
2013-12-23,5303496.5,,,,,,
2013-12-24,4829950.0,,,,,,
2013-12-26,4757750.5,,,,,,
2013-12-27,4629277.0,,,,,,
2013-12-30,5011510.5,,,,,,
2013-12-31,4677057.5,,,,,,
2014-01-02,4097335.25,,,,,,
2014-01-03,4186523.0,,,,,,
2014-01-06,4126002.25,,,,,,
2014-01-07,4102644.75,,,,,,
2014-01-08,4302254.5,,,,,,
2014-01-09,4509298.0,,,,,,
2014-01-10,4044247.25,,,,,,
2014-01-13,3668384.0,,,,,,
2014-01-14,3935947.75,,,,,,
2014-01-15,3806413.5,,,,,,
2014-01-16,3679001.75,,,,,,
2014-01-17,3343485.0,,,,,,
2014-01-21,3170418.75,,,,,,
2014-01-22,3401882.25,,,,,,
2014-01-23,3135380.25,,,,,,
2014-01-24,3138565.25,,,,,,
2014-01-27,3461340.5,,,,,,
2014-01-28,3263852.75,,,,,,
2014-01-29,2980362.75,,,,,,
2014-01-30,3166170.5,,,,,,
2014-01-31,3187406.25,,,,,,
2014-02-03,3234123.75,,,,,,
2014-02-04,3133256.5,,,,,,
2014-02-05,3274470.25,,,,,,
2014-02-06,3287211.75,,,,,,
2014-02-07,2980362.75,,,,,,
2014-02-10,2696872.5,,,,,,
2014-02-11,2390023.75,,,,,,
2014-02-12,2611932.0,,,,,,
2014-02-13,2282786.0,,,,,,
2014-02-14,2147942.5,,,,,,
2014-02-18,2109718.75,,,,,,
2014-02-19,2296588.75,,,,,,
2014-02-20,2053445.75,,,,,,
2014-02-21,2048136.625,,,,,,
2014-02-24,2021592.875,,,,,,
2014-02-25,2104410.25,,,,,,
2014-02-26,2172362.75,,,,,,
2014-02-27,2196783.25,,,,,,
2014-02-28,2216956.75,,,,,,
2014-03-03,2113966.5,,,,,,
2014-03-04,2159622.0,,,,,,
2014-03-05,2070434.0,,,,,,
2014-03-06,1996110.625,,,,,,
2014-03-07,2123522.0,,,,,,
2014-03-10,2173425.0,,,,,,
2014-03-11,2142634.0,,,,,,
2014-03-12,1949392.875,,,,,,
2014-03-13,1798623.0,,,,,,
2014-03-14,1773140.75,,,,,,
2014-03-17,1940899.25,,,,,,
2014-03-18,2022654.25,,,,,,
2014-03-19,2254118.5,,,,,,
2014-03-20,2248809.75,,,,,,
2014-03-21,2239253.5,,,,,,
2014-03-24,2538671.0,,,,,,
2014-03-25,2499385.5,,,,,,
2014-03-26,2800925.25,,,,,,
2014-03-27,2692625.75,,,,,,
2014-03-28,2596005.0,,,,,,
2014-03-31,2743590.0,,,,,,
2014-04-01,2726602.0,,,,,,
2014-04-02,2526991.25,,,,,,
2014-04-03,2574769.75,,,,,,
2014-04-04,2522744.0,,,,,,
2014-04-07,2510003.0,,,,,,
2014-04-08,2329503.25,,,,,,
2014-04-09,2276415.0,,,,,,
2014-04-10,2401703.25,,,,,,
2014-04-11,2503632.25,,,,,,
2014-04-14,2418691.25,,,,,,
2014-04-15,2565214.25,,,,,,
2014-04-16,2633167.0,,,,,,
2014-04-17,2713860.75,,,,,,
2014-04-21,2735096.25,,,,,,
2014-04-22,2622549.5,,,,,,
2014-04-23,2469656.75,,,,,,
2014-04-24,2573708.5,,,,,,
2014-04-25,2403826.25,,,,,,
2014-04-28,2537608.5,,,,,,
2014-04-29,2447358.75,,,,,,
2014-04-30,2501508.5,,,,,,
2014-05-01,2599190.75,,,,,,
2014-05-02,2424000.5,,,,,,
2014-05-05,2398518.0,,,,,,
2014-05-06,2433555.75,,,,,,
2014-05-07,2594943.0,,,,,,
2014-05-08,2590696.5,,,,,,
2014-05-09,2603437.75,,,,,,
2014-05-12,2539732.25,,,,,,
2014-05-13,2594943.0,,,,,,
2014-05-14,2520620.25,,,,,,
2014-05-15,2634228.75,,,,,,
2014-05-16,2705367.75,,,,,,
2014-05-19,2702181.5,,,,,,
2014-05-20,2714922.0,,,,,,
2014-05-21,2677761.5,,,,,,
2014-05-22,2700057.75,,,,,,
2014-05-23,2730849.5,,,,,,
2014-05-27,3039821.25,,,,,,
2014-05-28,3190591.5,,,,,,
2014-05-29,3125824.0,,,,,,
2014-05-30,3009030.5,,,,,,
2014-06-02,3096095.0,,,,,,
2014-06-03,3055748.5,,,,,,
2014-06-04,3083353.5,,,,,,
2014-06-05,2941077.5,,,,,,
2014-06-06,2938953.5,,,,,,
2014-06-09,2988857.0,,,,,,
2014-06-10,2797739.75,,,,,,
2014-06-11,2656525.5,,,,,,
2014-06-12,2442049.25,,,,,,
2014-06-13,2417629.0,,,,,,
2014-06-16,2448420.5,,,,,,
2014-06-17,2410197.75,,,,,,
2014-06-18,2223327.25,,,,,,
2014-06-19,1863390.5,,,,,,
2014-06-20,1913293.5,,,,,,
2014-06-23,1820920.0,,,,,,
2014-06-24,1976999.0,,,,,,
2014-06-25,1915416.375,,,,,,
2014-06-26,1871884.5,,,,,,
2014-06-27,1871884.5,,,,,,
2014-06-30,1766770.375,,,,,,
2014-07-01,1804993.5,,,,,,
2014-07-02,1761461.375,,,,,,
2014-07-03,1755090.75,,,,,,
2014-07-07,1838970.0,,,,,,
2014-07-08,1757214.5,,,,,,
2014-07-09,1620247.25,,,,,,
2014-07-10,1698817.625,,,,,,
2014-07-11,1576714.875,,,,,,
2014-07-14,1700941.125,,,,,,
2014-07-15,1857020.0,,,,,,
2014-07-16,1750843.625,,,,,,
2014-07-17,1608567.5,,,,,,
2014-07-18,1627679.5,,,,,,
2014-07-21,1624494.25,,,,,,
2014-07-22,1676520.375,,,,,,
2014-07-23,1694570.375,,,,,,
2014-07-24,1777387.625,,,,,,
2014-07-25,1629803.125,,,,,,
2014-07-28,1599011.875,,,,,,
2014-07-29,1635111.875,,,,,,
2014-07-30,1682891.0,,,,,,
2014-07-31,1796499.5,,,,,,
2014-08-01,1734917.5,,,,,,
2014-08-04,1784820.0,,,,,,
2014-08-05,1755090.75,,,,,,
2014-08-06,1636173.5,,,,,,
2014-08-07,1628741.375,,,,,,
2014-08-08,1623432.375,,,,,,
2014-08-11,1587332.875,,,,,,
2014-08-12,1505576.875,,,,,,
2014-08-13,1507700.25,,,,,,
2014-08-14,1551232.625,,,,,,
2014-08-15,1600073.875,,,,,,
2014-08-18,1575653.125,,,,,,
2014-08-19,1623432.375,,,,,,
2014-08-20,1630864.75,,,,,,
2014-08-21,1735979.0,,,,,,
2014-08-22,1733855.625,,,,,,
2014-08-25,1827290.25,,,,,,
2014-08-26,1708373.5,,,,,,
2014-08-27,1722176.25,,,,,,
2014-08-28,1654223.375,,,,,,
2014-08-29,1614938.25,,,,,,
2014-09-02,1771017.125,,,,,,
2014-09-03,1774202.25,,,,,,
2014-09-04,1958948.875,,,,,,
2014-09-05,1919663.625,,,,,,
2014-09-08,2112904.5,,,,,,
2014-09-09,2017345.375,,,,,,
2014-09-10,2132015.5,,,,,,
2014-09-11,2087421.375,,,,,,
2014-09-12,2184042.5,,,,,,
2014-09-15,2178734.0,,,,,,
2014-09-16,2160683.75,,,,,,
2014-09-17,2299774.0,,,,,,
2014-09-18,2391086.0,,,,,,
2014-09-19,2547164.5,,,,,,
2014-09-22,2688378.5,,,,,,
2014-09-23,2586449.75,,,,,,
2014-09-24,2688378.5,,,,,,
2014-09-25,2636352.25,,,,,,
2014-09-26,2766949.0,,,,,,
2014-09-29,2854013.5,,,,,,
2014-09-30,3013277.5,,,,,,
2014-10-01,2992043.0,,,,,,
2014-10-02,2898607.5,,,,,,
2014-10-03,3280841.25,,,,,,
2014-10-06,3048316.25,,,,,,
2014-10-07,3366844.0,,,,,,
2014-10-08,2609808.0,,,,,,
2014-10-09,2850828.25,,,,,,
2014-10-10,3038759.75,,,,,,
2014-10-13,2861445.5,,,,,,
2014-10-14,2789247.0,,,,,,
2014-10-15,2732972.25,,,,,,
2014-10-16,2777566.75,,,,,,
2014-10-17,3050439.0,,,,,,
2014-10-20,2839149.0,,,,,,
2014-10-21,2864631.5,,,,,,
2014-10-22,3142813.0,,,,,,
2014-10-23,3079106.75,,,,,,
2014-10-24,3114144.5,,,,,,
2014-10-27,3291459.25,,,,,,
2014-10-28,3090786.0,,,,,,
2014-10-29,3477267.0,,,,,,
2014-10-30,4247044.0,,,,,,
2014-10-31,5016820.0,,,,,,
2014-11-03,4345787.5,,,,,,
2014-11-04,4821455.5,,,,,,
2014-11-05,5343842.5,,,,,,
2014-11-06,4753504.5,,,,,,
2014-11-07,3600431.75,,,,,,
2014-11-10,4234301.5,,,,,,
2014-11-11,3699174.25,,,,,,
2014-11-12,3674754.25,,,,,,
2014-11-13,3846759.5,,,,,,
2014-11-14,3162986.0,,,,,,
2014-11-17,2982486.0,,,,,,
2014-11-18,2557782.25,,,,,,
2014-11-19,2962313.25,,,,,,
2014-11-20,2734034.0,,,,,,
2014-11-21,2657587.25,,,,,,
2014-11-24,2768010.5,,,,,,
2014-11-25,2436740.5,,,,,,
2014-11-26,2524867.5,,,,,,
2014-11-28,3202271.0,,,,,,
2014-12-01,2473903.25,,,,,,
2014-12-02,2651217.5,,,,,,
2014-12-03,2581141.25,,,,,,
2014-12-04,2624673.0,,,,,,
2014-12-05,2816851.5,,,,,,
2014-12-08,2773319.75,,,,,,
2014-12-09,2381530.25,,,,,,
2014-12-10,2575832.0,,,,,,
2014-12-11,2670328.25,,,,,,
2014-12-12,2827469.25,,,,,,
2014-12-15,3407190.5,,,,,,
2014-12-16,3556899.5,,,,,,
2014-12-17,3026019.0,,,,,,
2014-12-18,2628920.0,,,,,,
2014-12-19,2707490.75,,,,,,
2014-12-22,3118391.5,,,,,,
2014-12-23,3204394.75,,,,,,
2014-12-24,2944263.25,,,,,,
2014-12-26,2713860.75,,,,,,
2014-12-29,2887990.0,,,,,,
2014-12-30,2601314.0,,,,,,
2014-12-31,2618302.75,,,,,,
2015-01-02,2395333.5,,,,,,
2015-01-05,2190412.75,,,,,,
2015-01-06,1854896.5,,,,,,
2015-01-07,1949392.875,,,,,,
2015-01-08,2038580.875,,,,,,
2015-01-09,1752967.375,,,,,,
2015-01-12,1565035.75,,,,,,
2015-01-13,1744473.5,,,,,,
2015-01-14,1818796.75,,,,,,
2015-01-15,1522565.0,,,,,,
2015-01-16,1355868.375,,,,,,
2015-01-20,1213592.75,,,,,,
2015-01-21,1283668.875,,,,,,
2015-01-22,1299595.375,,,,,,
2015-01-23,1411080.25,,,,,,
2015-01-26,1342065.75,,,,,,
2015-01-27,1215716.25,,,,,,
2015-01-28,1352683.875,,,,,,
2015-01-29,1420636.125,,,,,,
2015-01-30,1285792.375,,,,,,
2015-02-02,1256063.0,,,,,,
2015-02-03,1350560.0,,,,,,
2015-02-04,1267742.75,,,,,,
2015-02-05,1223148.75,,,,,,
2015-02-06,1428068.125,,,,,,
2015-02-09,1347374.625,,,,,,
2015-02-10,1434439.0,,,,,,
2015-02-11,1505576.875,,,,,,
2015-02-12,1450365.5,,,,,,
2015-02-13,1429130.375,,,,,,
2015-02-17,1567159.125,,,,,,
2015-02-18,1465230.25,,,,,,
2015-02-19,1561850.125,,,,,,
2015-02-20,1580961.875,,,,,,
2015-02-23,1561850.125,,,,,,
2015-02-24,1591579.5,,,,,,
2015-02-25,1501330.0,,,,,,
2015-02-26,1468415.375,,,,,,
2015-02-27,1402586.25,,,,,,
2015-03-02,1504515.25,,,,,,
2015-03-03,1578838.25,,,,,,
2015-03-04,1658470.25,,,,,,
2015-03-05,1646791.0,,,,,,
2015-03-06,2020531.25,,,,,,
2015-03-09,2233944.5,,,,,,
2015-03-10,2337997.25,,,,,,
2015-03-11,2120336.75,,,,,,
2015-03-12,2177671.75,,,,,,
2015-03-13,2161745.5,,,,,,
2015-03-16,2154313.0,,,,,,
2015-03-17,2218019.0,,,,,,
2015-03-18,1890995.875,,,,,,
2015-03-19,1924972.25,,,,,,
2015-03-20,1725361.5,,,,,,
2015-03-23,1625555.75,,,,,,
2015-03-24,1636173.5,,,,,,
2015-03-25,1704126.125,,,,,,
2015-03-26,1786943.625,,,,,,
2015-03-27,1852772.875,,,,,,
2015-03-30,1965319.75,,,,,,
2015-03-31,2038580.875,,,,,,
2015-04-01,1709434.75,,,,,,
2015-04-02,1765708.375,,,,,,
2015-04-06,1572467.875,,,,,,
2015-04-07,1690323.375,,,,,,
2015-04-08,1721114.5,,,,,,
2015-04-09,1761461.375,,,,,,
2015-04-10,1610691.375,,,,,,
2015-04-13,1662717.625,,,,,,
2015-04-14,1623432.375,,,,,,
2015-04-15,1482218.25,,,,,,
2015-04-16,1539553.375,,,,,,
2015-04-17,1534244.25,,,,,,
2015-04-20,1513009.5,,,,,,
2015-04-21,1485403.5,,,,,,
2015-04-22,1623432.375,,,,,,
2015-04-23,1518318.125,,,,,,
2015-04-24,1603259.0,,,,,,
2015-04-27,1508762.625,,,,,,
2015-04-28,1336757.0,,,,,,
2015-04-29,1294286.5,,,,,,
2015-04-30,1406833.375,,,,,,
2015-05-01,1373918.5,,,,,,
2015-05-04,1341004.125,,,,,,
2015-05-05,1380289.125,,,,,,
2015-05-06,1486465.625,,,,,,
2015-05-07,1457797.625,,,,,,
2015-05-08,1427006.75,,,,,,
2015-05-11,1415327.5,,,,,,
2015-05-12,1364362.875,,,,,,
2015-05-13,1263495.625,,,,,,
2015-05-14,1255001.5,,,,,,
2015-05-15,1266680.625,,,,,,
2015-05-18,1266680.625,,,,,,
2015-05-19,1399400.875,,,,,,
2015-05-20,1386659.875,,,,,,
2015-05-21,1414265.75,,,,,,
2015-05-22,1433377.375,,,,,,
2015-05-26,1562912.0,,,,,,
2015-05-27,1518318.125,,,,,,
2015-05-28,1486465.625,,,,,,
2015-05-29,1484341.625,,,,,,
2015-06-01,1500267.875,,,,,,
2015-06-02,1440809.625,,,,,,
2015-06-03,1522565.0,,,,,,
2015-06-04,1592641.5,,,,,,
2015-06-05,1655285.375,,,,,,
2015-06-08,1606444.125,,,,,,
2015-06-09,1670150.125,,,,,,
2015-06-10,1621308.875,,,,,,
2015-06-11,1676520.375,,,,,,
2015-06-12,1725361.5,,,,,,
2015-06-15,1715805.625,,,,,,
2015-06-16,1783758.375,,,,,,
2015-06-17,1640420.625,,,,,,
2015-06-18,1573529.5,,,,,,
2015-06-19,1679705.75,,,,,,
2015-06-22,1765708.375,,,,,,
2015-06-23,1761461.375,,,,,,
2015-06-24,1754028.875,,,,,,
2015-06-25,1806055.5,,,,,,
2015-06-26,1829414.125,,,,,,
2015-06-29,1889934.125,,,,,,
2015-06-30,1946207.75,,,,,,
2015-07-01,2088483.5,,,,,,
2015-07-02,1972751.625,,,,,,
2015-07-06,1899490.25,,,,,,
2015-07-07,2163868.5,,,,,,
2015-07-08,2215895.0,,,,,,
2015-07-09,2191474.25,,,,,,
2015-07-10,2250934.0,,,,,,
2015-07-13,2241377.25,,,,,,
2015-07-14,2276415.0,,,,,,
2015-07-15,2436740.5,,,,,,
2015-07-16,2508940.75,,,,,,
2015-07-17,2839149.0,,,,,,
2015-07-20,3760756.75,,,,,,
2015-07-21,3478328.5,,,,,,
2015-07-22,3501687.25,,,,,,
2015-07-23,3873304.25,,,,,,
2015-07-24,3462402.5,,,,,,
2015-07-27,3828709.5,,,,,,
2015-07-28,3734212.25,,,,,,
2015-07-29,3515489.75,,,,,,
2015-07-30,3861624.5,,,,,,
2015-07-31,3645025.25,,,,,,
2015-08-03,3999653.5,,,,,,
2015-08-04,3994344.0,,,,,,
2015-08-05,4171659.0,,,,,,
2015-08-06,3915774.75,,,,,,
2015-08-07,3874366.0,,,,,,
2015-08-10,3147059.0,,,,,,
2015-08-11,2954880.5,,,,,,
2015-08-12,2376220.75,,,,,,
2015-08-13,2732972.25,,,,,,
2015-08-14,2834902.0,,,,,,
2015-08-17,2525929.0,,,,,,
2015-08-18,2627858.5,,,,,,
2015-08-19,2411259.25,,,,,,
2015-08-20,2106534.0,,,,,,
2015-08-21,2279600.75,,,,,,
2015-08-24,2827469.25,,,,,,
2015-08-25,3103527.25,,,,,,
2015-08-26,3537787.5,,,,,,
2015-08-27,2960189.75,,,,,,
2015-08-28,2662897.0,,,,,,
2015-08-31,2712799.25,,,,,,
2015-09-01,2952756.75,,,,,,
2015-09-02,2999474.25,,,,,,
2015-09-03,3154491.75,,,,,,
2015-09-04,3155553.25,,,,,,
2015-09-08,3058933.5,,,,,,
2015-09-09,3310570.75,,,,,,
2015-09-10,3325435.25,,,,,,
2015-09-11,3290397.25,,,,,,
2015-09-14,3366844.0,,,,,,
2015-09-15,3329682.5,,,,,,
2015-09-16,2755270.25,,,,,,
2015-09-17,2521682.25,,,,,,
2015-09-18,2418691.25,,,,,,
2015-09-21,2642723.0,,,,,,
2015-09-22,3004783.25,,,,,,
2015-09-23,3071674.75,,,,,,
2015-09-24,2432494.5,,,,,,
2015-09-25,2522744.0,,,,,,
2015-09-28,2857198.75,,,,,,
2015-09-29,2843396.0,,,,,,
2015-09-30,2644846.25,,,,,,
2015-10-01,2801986.75,,,,,,
2015-10-02,2144757.25,,,,,,
2015-10-05,1849587.125,,,,,,
2015-10-06,1649976.5,,,,,,
2015-10-07,1665902.75,,,,,,
2015-10-08,1729608.75,,,,,,
2015-10-09,1445056.75,,,,,,
2015-10-12,1569282.625,,,,,,
2015-10-13,1543800.625,,,,,,
2015-10-14,1252877.625,,,,,,
2015-10-15,1247568.875,,,,,,
2015-10-16,1359053.75,,,,,,
2015-10-19,1522565.0,,,,,,
2015-10-20,1342065.75,,,,,,
2015-10-21,1459921.25,,,,,,
2015-10-22,1386659.875,,,,,,
2015-10-23,1285792.375,,,,,,
2015-10-26,1397277.375,,,,,,
2015-10-27,1389844.75,,,,,,
2015-10-28,1448241.75,,,,,,
2015-10-29,1632988.5,,,,,,
2015-10-30,1687138.0,,,,,,
2015-11-02,1666964.75,,,,,,
2015-11-03,1698817.625,,,,,,
2015-11-04,1804993.5,,,,,,
2015-11-05,2001420.0,,,,,,
2015-11-06,2259427.5,,,,,,
2015-11-09,2089545.75,,,,,,
2015-11-10,2239253.5,,,,,,
2015-11-11,2161745.5,,,,,,
2015-11-12,2243500.5,,,,,,
2015-11-13,2170238.75,,,,,,
2015-11-16,2116089.5,,,,,,
2015-11-17,2403826.25,,,,,,
2015-11-18,2192536.75,,,,,,
2015-11-19,1965319.75,,,,,,
2015-11-20,2176609.75,,,,,,
2015-11-23,2226512.75,,,,,,
2015-11-24,1976999.0,,,,,,
2015-11-25,2022654.25,,,,,,
2015-11-27,2126707.75,,,,,,
2015-11-30,2001420.0,,,,,,
2015-12-01,1823043.375,,,,,,
2015-12-02,1958948.875,,,,,,
2015-12-03,1842155.375,,,,,,
2015-12-04,1556541.875,,,,,,
2015-12-07,1738102.75,,,,,,
2015-12-08,1777387.625,,,,,,
2015-12-09,1713682.375,,,,,,
2015-12-10,1727485.25,,,,,,
2015-12-11,1674397.375,,,,,,
2015-12-14,1950454.875,,,,,,
2015-12-15,1923911.125,,,,,,
2015-12-16,1698817.625,,,,,,
2015-12-17,1996110.625,,,,,,
2015-12-18,1862328.625,,,,,,
2015-12-21,1758276.25,,,,,,
2015-12-22,1786943.625,,,,,,
2015-12-23,1676520.375,,,,,,
2015-12-24,1569282.625,,,,,,
2015-12-28,1713682.375,,,,,,
2015-12-29,1664841.25,,,,,,
2015-12-30,1766770.375,,,,,,
2015-12-31,1754028.875,,,,,,
2016-01-04,1608567.5,,,,,,
2016-01-05,1627679.5,,,,,,
2016-01-06,1544862.0,,,,,,
2016-01-07,1344189.25,,,,,,
2016-01-08,1438685.875,,,,,,
2016-01-11,1610691.375,,,,,,
2016-01-12,1714743.875,,,,,,
2016-01-13,1721114.5,,,,,,
2016-01-14,1895243.125,,,,,,
2016-01-15,1918602.0,,,,,,
2016-01-19,2171301.0,,,,,,
2016-01-20,1976999.0,,,,,,
2016-01-21,1973813.375,,,,,,
2016-01-22,1916478.125,,,,,,
2016-01-25,1766770.375,,,,,,
2016-01-26,1536367.875,,,,,,
2016-01-27,1451427.5,,,,,,
2016-01-28,1545924.0,,,,,,
2016-01-29,1442933.125,,,,,,
2016-02-01,1310212.875,,,,,,
2016-02-02,1390906.875,,,,,,
2016-02-03,1095737.125,,,,,,
2016-02-04,919485.0,,,,,,
2016-02-05,766591.375,,,,,,
2016-02-08,712441.4375,,,,,,
2016-02-09,789950.0625,,,,,,
2016-02-10,741109.125,,,,,,
2016-02-11,580783.1875,,,,,,
2016-02-12,537251.125,,,,,,
2016-02-16,672094.625,,,,,,
2016-02-17,603080.1875,,,,,,
2016-02-18,496904.15625,,,,,,
2016-02-19,530880.5,,,,,,
2016-02-22,519201.15625,,,,,,
2016-02-23,489471.84375,,,,,,
2016-02-24,473545.4375,,,,,,
2016-02-25,452310.21875,,,,,,
2016-02-26,500089.4375,,,,,,
2016-02-29,445939.59375,,,,,,
2016-03-01,501151.15625,,,,,,
2016-03-02,462927.8125,,,,,,
2016-03-03,408777.96875,,,,,,
2016-03-04,411963.15625,,,,,,
2016-03-07,370554.5625,,,,,,
2016-03-08,421519.03125,,,,,,
2016-03-09,416210.3125,,,,,,
2016-03-10,362060.4375,,,,,,
2016-03-11,382233.84375,,,,,,
2016-03-14,430013.125,,,,,,
2016-03-15,403469.15625,,,,,,
2016-03-16,321713.5625,,,,,,
2016-03-17,337640.0,,,,,,
2016-03-18,333392.96875,,,,,,
2016-03-21,333392.96875,,,,,,
2016-03-22,332331.1875,,,,,,
2016-03-23,407716.1875,,,,,,
2016-03-24,381172.21875,,,,,,
2016-03-28,382233.84375,,,,,,
2016-03-29,319590.0,,,,,,
2016-03-30,330207.65625,,,,,,
2016-03-31,342948.75,,,,,,
2016-04-01,335516.4375,,,,,,
2016-04-04,363122.21875,,,,,,
2016-04-05,331269.375,,,,,,
2016-04-06,329145.875,,,,,,
2016-04-07,301540.09375,,,,,,
2016-04-08,271810.8125,,,,,,
2016-04-11,224031.5625,,,,,,
2016-04-12,218722.765625,,,,,,
2016-04-13,235710.921875,,,,,,
2016-04-14,255884.40625,,,,,,
2016-04-15,234649.125,,,,,,
2016-04-18,234649.125,,,,,,
2016-04-19,201734.578125,,,,,,
2016-04-20,211290.421875,,,,,,
2016-04-21,200672.8125,,,,,,
2016-04-22,216599.1875,,,,,,
2016-04-25,220846.296875,,,,,,
2016-04-26,205981.578125,,,,,,
2016-04-27,198549.3125,,,,,,
2016-04-28,173067.015625,,,,,,
2016-04-29,140152.4375,,,,,,
2016-05-02,146523.015625,,,,,,
2016-05-03,158202.34375,,,,,,
2016-05-04,182622.875,,,,,,
2016-05-05,166696.484375,,,,,,
2016-05-06,146523.015625,,,,,,
2016-05-09,172005.28125,,,,,,
2016-05-10,155017.078125,,,,,,
2016-05-11,142275.9375,,,,,,
2016-05-12,149708.34375,,,,,,
2016-05-13,145461.234375,,,,,,
2016-05-16,136967.140625,,,,,,
2016-05-17,132720.125,,,,,,
2016-05-18,163298.84375,,,,,,
2016-05-19,155335.640625,,,,,,
2016-05-20,153742.984375,,,,,,
2016-05-23,158627.109375,,,,,,
2016-05-24,184746.421875,,,,,,
2016-05-25,171580.53125,,,,,,
2016-05-26,172323.765625,,,,,,
2016-05-27,187719.328125,,,,,,
2016-05-31,180499.375,,,,,,
2016-06-01,176252.3125,,,,,,
2016-06-02,175933.78125,,,,,,
2016-06-03,117006.046875,,,,,,
2016-06-06,114882.5546875,,,,,,
2016-06-07,119235.7578125,,,,,,
2016-06-08,107450.1796875,,,,,,
2016-06-09,102778.453125,,,,,,
2016-06-10,107025.5,,,,,,
2016-06-13,107662.546875,,,,,,
2016-06-14,114776.3671875,,,,,,
2016-06-15,101716.6953125,,,,,,
2016-06-16,110954.0234375,,,,,,
2016-06-17,106919.3359375,,,,,,
2016-06-20,109042.859375,,,,,,
2016-06-21,118067.828125,,,,,,
2016-06-22,110316.9609375,,,,,,
2016-06-23,113077.5546875,,,,,,
2016-06-24,93116.4296875,,,,,,
2016-06-27,89931.1640625,,,,,,
2016-06-28,94284.3671875,,,,,,
2016-06-29,88444.7109375,,,,,,
2016-06-30,83135.875,,,,,,
2016-07-01,71137.96875,,,,,,
2016-07-05,66678.59375,,,,,,
2016-07-06,60308.0078125,,,,,,
2016-07-07,65935.359375,,,,,,
2016-07-08,59883.32421875,,,,,,
2016-07-11,59352.4296875,,,,,,
2016-07-12,66147.7109375,,,,,,
2016-07-13,59777.13671875,,,,,,
2016-07-14,60838.90234375,,,,,,
2016-07-15,62750.0859375,,,,,,
2016-07-18,61794.484375,,,,,,
2016-07-19,63811.83984375,,,,,,
2016-07-20,74854.171875,,,,,,
2016-07-21,67846.53125,,,,,,
2016-07-22,68271.2265625,,,,,,
2016-07-25,75809.734375,,,,,,
2016-07-26,69757.6875,,,,,,
2016-07-27,60308.0078125,,,,,,
2016-07-28,60414.19921875,,,,,,
2016-07-29,55317.74609375,,,,,,
2016-08-01,53194.21875,,,,,,
2016-08-02,51283.05859375,,,,,,
2016-08-03,53088.05078125,,,,,,
2016-08-04,51920.1015625,,,,,,
2016-08-05,56591.8671875,,,,,,
2016-08-08,55317.74609375,,,,,,
2016-08-09,53725.08984375,,,,,,
2016-08-10,51070.69921875,,,,,,
2016-08-11,52132.45703125,,,,,,
2016-08-12,52026.2890625,,,,,,
2016-08-15,53088.05078125,,,,,,
2016-08-16,53406.5859375,,,,,,
2016-08-17,55636.27734375,,,,,,
2016-08-18,53831.2734375,,,,,,
2016-08-19,57653.625,,,,,,
2016-08-22,60520.37890625,,,,,,
2016-08-23,63068.58984375,,,,,,
2016-08-24,76552.9609375,,,,,,
2016-08-25,73771.15625,,,,,,
2016-08-26,74960.3125,,,,,,
2016-08-29,74514.390625,,,,,,
2016-08-30,85089.5234375,,,,,,
2016-08-31,89633.859375,,,,,,
2016-09-01,79504.6484375,,,,,,
2016-09-02,71244.15625,,,,,,
2016-09-06,61051.25,,,,,,
2016-09-07,61603.37109375,,,,,,
2016-09-08,65786.7109375,,,,,,
2016-09-09,76637.9140625,,,,,,
2016-09-12,70692.0390625,,,,,,
2016-09-13,78910.078125,,,,,,
2016-09-14,78740.203125,,,,,,
2016-09-15,77296.1953125,,,,,,
2016-09-16,79271.046875,,,,,,
2016-09-19,78039.4296875,,,,,,
2016-09-20,78357.9453125,,,,,,
2016-09-21,62240.41796875,,,,,,
2016-09-22,62622.6640625,,,,,,
2016-09-23,67612.9296875,,,,,,
2016-09-26,69375.4609375,,,,,,
2016-09-27,73261.5078125,,,,,,
2016-09-28,68250.0,,,,,,
2016-09-29,69778.9140625,,,,,,
2016-09-30,71498.984375,,,,,,
2016-10-03,75639.8359375,,,,,,
2016-10-04,97851.8828125,,,,,,
2016-10-05,96131.8359375,,,,,,
2016-10-06,104073.8125,,,,,,
2016-10-07,102820.9296875,,,,,,
2016-10-10,100761.1015625,,,,,,
2016-10-11,108066.03125,,,,,,
2016-10-12,100888.5390625,,,,,,
2016-10-13,95558.4609375,,,,,,
2016-10-14,101164.578125,,,,,,
2016-10-17,96641.4921875,,,,,,
2016-10-18,86597.2265625,,,,,,
2016-10-19,79207.3671875,,,,,,
2016-10-20,79632.078125,,,,,,
2016-10-21,81097.296875,,,,,,
2016-10-24,86512.2890625,,,,,,
2016-10-25,80651.34375,,,,,,
2016-10-26,85641.6328125,,,,,,
2016-10-27,90037.328125,,,,,,
2016-10-28,88826.90625,,,,,,
2016-10-31,81118.53125,,,,,,
2016-11-01,74960.3125,,,,,,
2016-11-02,78209.3203125,,,,,,
2016-11-03,73282.7421875,,,,,,
2016-11-04,75618.6328125,,,,,,
2016-11-07,83879.109375,,,,,,
2016-11-08,85216.9453125,,,,,,
2016-11-09,78697.71875,,,,,,
2016-11-10,95261.1796875,,,,,,
2016-11-11,119490.5859375,,,,,,
2016-11-14,115689.4609375,,,,,,
2016-11-15,101440.6484375,,,,,,
2016-11-16,103840.203125,,,,,,
2016-11-17,111251.3125,,,,,,
2016-11-18,114585.234375,,,,,,
2016-11-21,108299.59375,,,,,,
2016-11-22,107025.5,,,,,,
2016-11-23,122633.3828125,,,,,,
2016-11-25,120722.203125,,,,,,
2016-11-28,107216.625,,,,,,
2016-11-29,109510.015625,,,,,,
2016-11-30,115816.875,,,,,,
2016-12-01,118789.8125,,,,,,
2016-12-02,106345.9609375,,,,,,
2016-12-05,107004.2578125,,,,,,
2016-12-06,109000.375,,,,,,
2016-12-07,104795.8125,,,,,,
2016-12-08,105156.8125,,,,,,
2016-12-09,116453.9375,,,,,,
2016-12-12,115052.421875,,,,,,
2016-12-13,110529.3125,,,,,,
2016-12-14,127963.4140625,,,,,,
2016-12-15,144420.6875,,,,,,
2016-12-16,144038.5,,,,,,
2016-12-19,142424.609375,,,,,,
2016-12-20,141426.5625,,,,,,
2016-12-21,141702.671875,,,,,,
2016-12-22,142339.6875,,,,,,
2016-12-23,136648.625,,,,,,
2016-12-27,125924.84375,,,,,,
2016-12-28,118917.2109375,,,,,,
2016-12-29,92054.6875,,,,,,
2016-12-30,102714.75,,,,,,
2017-01-03,90462.03125,,,,,,
2017-01-04,88529.6171875,,,,,,
2017-01-05,72858.015625,,,,,,
2017-01-06,80205.421875,,,,,,
2017-01-09,79398.4765625,,,,,,
2017-01-10,77869.5390625,,,,,,
2017-01-11,78357.9453125,,,,,,
2017-01-12,77699.6640625,,,,,,
2017-01-13,76531.7265625,,,,,,
2017-01-17,70415.9765625,,,,,,
2017-01-18,73495.09375,,,,,,
2017-01-19,74939.1015625,,,,,,
2017-01-20,72454.5625,,,,,,
2017-01-23,66296.34375,,,,,,
2017-01-24,65723.0078125,,,,,,
2017-01-25,68717.1796875,,,,,,
2017-01-26,73941.046875,,,,,,
2017-01-27,70564.640625,,,,,,
2017-01-30,71137.96875,,,,,,
2017-01-31,64385.18359375,,,,,,
2017-02-01,64703.6875,,,,,,
2017-02-02,60520.37890625,,,,,,
2017-02-03,59501.09375,,,,,,
2017-02-06,53109.28515625,,,,,,
2017-02-07,53682.62109375,,,,,,
2017-02-08,51813.9453125,,,,,,
2017-02-09,55742.44921875,,,,,,
2017-02-10,53470.28125,,,,,,
2017-02-13,55466.38671875,,,,,,
2017-02-14,55615.03515625,,,,,,
2017-02-15,55721.21484375,,,,,,
2017-02-16,53852.51953125,,,,,,
2017-02-17,56421.97265625,,,,,,
2017-02-21,57589.8984375,,,,,,
2017-02-22,59734.6484375,,,,,,
2017-02-23,59501.09375,,,,,,
2017-02-24,61072.484375,,,,,,
2017-02-27,70883.15625,,,,,,
2017-02-28,70776.9921875,,,,,,
2017-03-01,69226.8125,,,,,,
2017-03-02,79143.6640625,,,,,,
2017-03-03,76425.5546875,,,,,,
2017-03-06,82180.296875,,,,,,
2017-03-07,83581.84375,,,,,,
2017-03-08,85216.9453125,,,,,,
2017-03-09,87743.921875,,,,,,
2017-03-10,80587.640625,,,,,,
2017-03-13,77678.4296875,,,,,,
2017-03-14,84367.53125,,,,,,
2017-03-15,64958.546875,,,,,,
2017-03-16,66848.453125,,,,,,
2017-03-17,67804.0546875,,,,,,
2017-03-20,65807.953125,,,,,,
2017-03-21,62728.828125,,,,,,
2017-03-22,62495.2421875,,,,,,
2017-03-23,64555.0703125,,,,,,
2017-03-24,65192.125,,,,,,
2017-03-27,61051.25,,,,,,
2017-03-28,65723.0078125,,,,,,
2017-03-29,64979.7734375,,,,,,
2017-03-30,67931.4765625,,,,,,
2017-03-31,65956.59375,,,,,,
2017-04-03,62665.1328125,,,,,,
2017-04-04,60371.7265625,,,,,,
2017-04-05,60031.95703125,,,,,,
2017-04-06,60201.84765625,,,,,,
2017-04-07,59968.265625,,,,,,
2017-04-10,58970.19921875,,,,,,
2017-04-11,53788.80078125,,,,,,
2017-04-12,52450.9921875,,,,,,
2017-04-13,52493.46484375,,,,,,
2017-04-17,52896.9296875,,,,,,
2017-04-18,53937.45703125,,,,,,
2017-04-19,59840.828125,,,,,,
2017-04-20,58672.90625,,,,,,
2017-04-21,58163.2578125,,,,,,
2017-04-24,61157.4296875,,,,,,
2017-04-25,69120.6328125,,,,,,
2017-04-26,68717.1796875,,,,,,
2017-04-27,72730.6171875,,,,,,
2017-04-28,68483.5703125,,,,,,
2017-05-01,73792.3828125,,,,,,
2017-05-02,73134.0859375,,,,,,
2017-05-03,75172.671875,,,,,,
2017-05-04,79844.390625,,,,,,
2017-05-05,74429.4375,,,,,,
2017-05-08,74790.4453125,,,,,,
2017-05-09,75087.734375,,,,,,
2017-05-10,70713.28125,,,,,,
2017-05-11,66275.1328125,,,,,,
2017-05-12,63323.4140625,,,,,,
2017-05-15,62771.3125,,,,,,
2017-05-16,61539.66796875,,,,,,
2017-05-17,58290.671875,,,,,,
2017-05-18,63429.59375,,,,,,
2017-05-19,61688.30859375,,,,,,
2017-05-22,59373.671875,,,,,,
2017-05-23,63450.83203125,,,,,,
2017-05-24,60732.73046875,,,,,,
2017-05-25,62601.42578125,,,,,,
2017-05-26,61008.77734375,,,,,,
2017-05-30,63365.89453125,,,,,,
2017-05-31,62558.9609375,,,,,,
2017-06-01,63450.83203125,,,,,,
2017-06-02,62367.84375,,,,,,
2017-06-05,62282.91015625,,,,,,
2017-06-06,53512.75,,,,,,
2017-06-07,54723.16015625,,,,,,
2017-06-08,57568.66796875,,,,,,
2017-06-09,60371.7265625,,,,,,
2017-06-12,61072.484375,,,,,,
2017-06-13,59267.5,,,,,,
2017-06-14,64894.8203125,,,,,,
2017-06-15,66296.34375,,,,,,
2017-06-16,66699.8046875,,,,,,
2017-06-19,67634.1796875,,,,,,
2017-06-20,69056.9375,,,,,,
2017-06-21,66147.7109375,,,,,,
2017-06-22,63705.65234375,,,,,,
2017-06-23,60456.66015625,,,,,,
2017-06-26,62070.53515625,,,,,,
2017-06-27,64406.4140625,,,,,,
2017-06-28,63068.58984375,,,,,,
2017-06-29,66933.4140625,,,,,,
2017-06-30,65999.0546875,,,,,,
2017-07-03,71222.9296875,,,,,,
2017-07-05,68526.0546875,,,,,,
2017-07-06,71010.5703125,,,,,,
2017-07-07,73898.546875,,,,,,
2017-07-10,70543.3984375,,,,,,
2017-07-11,69205.578125,,,,,,
2017-07-12,68568.5078125,,,,,,
2017-07-13,70734.5,,,,,,
2017-07-14,67485.5390625,,,,,,
2017-07-17,66020.3125,,,,,,
2017-07-18,64470.1171875,,,,,,
2017-07-19,64448.890625,,,,,,
2017-07-20,63153.52734375,,,,,,
2017-07-21,62558.9609375,,,,,,
2017-07-24,65383.24609375,,,,,,
2017-07-25,63429.59375,,,,,,
2017-07-26,58439.32421875,,,,,,
2017-07-27,60647.76953125,,,,,,
2017-07-28,57993.375,,,,,,
2017-07-31,58333.14453125,,,,,,
2017-08-01,58587.97265625,,,,,,
2017-08-02,58927.73046875,,,,,,
2017-08-03,59394.90625,,,,,,
2017-08-04,62537.69921875,,,,,,
2017-08-07,63429.59375,,,,,,
2017-08-08,63196.01171875,,,,,,
2017-08-09,60201.84765625,,,,,,
2017-08-10,56506.91015625,,,,,,
2017-08-11,55933.57421875,,,,,,
2017-08-14,58057.078125,,,,,,
2017-08-15,60180.6015625,,,,,,
2017-08-16,56188.38671875,,,,,,
2017-08-17,56443.2109375,,,,,,
2017-08-18,57228.92578125,,,,,,
2017-08-21,54574.51171875,,,,,,
2017-08-22,55869.8515625,,,,,,
2017-08-23,54532.0390625,,,,,,
2017-08-24,54149.796875,,,,,,
2017-08-25,53512.75,,,,,,
2017-08-28,48119.00390625,,,,,,
2017-08-29,46993.5390625,,,,,,
2017-08-30,48310.125,,,,,,
2017-08-31,44997.42578125,,,,,,
2017-09-01,44636.44140625,,,,,,
2017-09-05,41982.01953125,,,,,,
2017-09-06,43680.84375,,,,,,
2017-09-07,40814.0859375,,,,,,
2017-09-08,41918.32421875,,,,,,
2017-09-11,45337.19140625,,,,,,
2017-09-12,44721.375,,,,,,
2017-09-13,47354.5390625,,,,,,
2017-09-14,46377.71484375,,,,,,
2017-09-15,47736.76953125,,,,,,
2017-09-18,50178.8203125,,,,,,
2017-09-19,49371.87890625,,,,,,
2017-09-20,51686.5234375,,,,,,
2017-09-21,53512.75,,,,,,
2017-09-22,51835.16796875,,,,,,
2017-09-25,49286.9375,,,,,,
2017-09-26,52366.0390625,,,,,,
2017-09-27,54638.21875,,,,,,
2017-09-28,53597.69140625,,,,,,
2017-09-29,54914.27734375,,,,,,
2017-10-02,54468.33203125,,,,,,
2017-10-03,52684.5859375,,,,,,
2017-10-04,51728.98828125,,,,,,
2017-10-05,52896.9296875,,,,,,
2017-10-06,50667.23046875,,,,,,
2017-10-09,49456.81640625,,,,,,
2017-10-10,50454.87890625,,,,,,
2017-10-11,49138.30078125,,,,,,
2017-10-12,49584.23828125,,,,,,
2017-10-13,48883.47265625,,,,,,
2017-10-16,51304.27734375,,,,,,
2017-10-17,51367.9921875,,,,,,
2017-10-18,51962.578125,,,,,,
2017-10-19,51452.9296875,,,,,,
2017-10-20,52748.2734375,,,,,,
2017-10-23,53300.39453125,,,,,,
2017-10-24,54595.73828125,,,,,,
2017-10-25,55615.03515625,,,,,,
2017-10-26,58630.43359375,,,,,,
2017-10-27,57335.0859375,,,,,,
2017-10-30,56082.2265625,,,,,,
2017-10-31,57972.14453125,,,,,,
2017-11-01,57887.19921875,,,,,,
2017-11-02,57207.6796875,,,,,,
2017-11-03,58418.078125,,,,,,
2017-11-06,54701.92578125,,,,,,
2017-11-07,55763.68359375,,,,,,
2017-11-08,54829.3359375,,,,,,
2017-11-09,55190.3359375,,,,,,
2017-11-10,57504.97265625,,,,,,
2017-11-13,57186.44921875,,,,,,
2017-11-14,56974.09765625,,,,,,
2017-11-15,56506.91015625,,,,,,
2017-11-16,56761.73828125,,,,,,
2017-11-17,55402.68359375,,,,,,
2017-11-20,57377.55859375,,,,,,
2017-11-21,56082.2265625,,,,,,
2017-11-22,54447.09765625,,,,,,
2017-11-24,55211.57421875,,,,,,
2017-11-27,53576.4609375,,,,,,
2017-11-28,54362.15625,,,,,,
2017-11-29,57398.80078125,,,,,,
2017-11-30,57929.67578125,,,,,,
2017-12-01,57526.2109375,,,,,,
2017-12-04,59798.375,,,,,,
2017-12-05,61688.30859375,,,,,,
2017-12-06,64066.6640625,,,,,,
2017-12-07,65128.42578125,,,,,,
2017-12-08,64279.01953125,,,,,,
2017-12-11,65701.765625,,,,,,
2017-12-12,66614.8828125,,,,,,
2017-12-13,59670.96875,,,,,,
2017-12-14,60265.5546875,,,,,,
2017-12-15,60860.12109375,,,,,,
2017-12-18,58290.671875,,,,,,
2017-12-19,58375.609375,,,,,,
2017-12-20,55296.51171875,,,,,,
2017-12-21,54574.51171875,,,,,,
2017-12-22,52578.40625,,,,,,
2017-12-26,50476.12109375,,,,,,
2017-12-27,50646.0,,,,,,
2017-12-28,50433.64453125,,,,,,
2017-12-29,50327.46484375,,,,,,
2018-01-02,46675.015625,,,,,,
2018-01-03,48076.52734375,,,,,,
2018-01-04,47163.42578125,,,,,,
2018-01-05,47418.2421875,,,,,,
2018-01-08,48883.47265625,,,,,,
2018-01-09,50815.8828125,,,,,,
2018-01-10,50008.94140625,,,,,,
2018-01-11,49244.48046875,,,,,,
2018-01-12,45231.015625,,,,,,
2018-01-16,43128.73828125,,,,,,
2018-01-17,45400.8984375,,,,,,
2018-01-18,47354.5390625,,,,,,
2018-01-19,47142.18359375,,,,,,
2018-01-22,46759.9453125,,,,,,
2018-01-23,44424.078125,,,,,,
2018-01-24,41642.26953125,,,,,,
2018-01-25,44063.078125,,,,,,
2018-01-26,43043.796875,,,,,,
2018-01-29,46568.8359375,,,,,,
2018-01-30,47736.76953125,,,,,,
2018-01-31,46080.421875,,,,,,
2018-02-01,46229.0703125,,,,,,
2018-02-02,50900.81640625,,,,,,
2018-02-05,52174.93359375,,,,,,
2018-02-06,56379.5,,,,,,
2018-02-07,58757.859375,,,,,,
2018-02-08,59989.48828125,,,,,,
2018-02-09,62304.125,,,,,,
2018-02-12,57462.49609375,,,,,,
2018-02-13,57122.734375,,,,,,
2018-02-14,49095.82421875,,,,,,
2018-02-15,49265.69921875,,,,,,
2018-02-16,52642.10546875,,,,,,
2018-02-20,56995.33203125,,,,,,
2018-02-21,57738.5546875,,,,,,
2018-02-22,58184.484375,,,,,,
2018-02-23,56358.2734375,,,,,,
2018-02-26,54638.21875,,,,,,
2018-02-27,59649.73046875,,,,,,
2018-02-28,60881.3828125,,,,,,
2018-03-01,59055.16015625,,,,,,
2018-03-02,59670.96875,,,,,,
2018-03-05,58609.19921875,,,,,,
2018-03-06,55338.9765625,,,,,,
2018-03-07,58800.31640625,,,,,,
2018-03-08,58205.7421875,,,,,,
2018-03-09,58885.2578125,,,,,,
2018-03-12,57292.6171875,,,,,,
2018-03-13,57908.4375,,,,,,
2018-03-14,57653.625,,,,,,
2018-03-15,59777.13671875,,,,,,
2018-03-16,60116.90625,,,,,,
2018-03-19,59586.0234375,,,,,,
2018-03-20,61265.3984375,,,,,,
2018-03-21,56312.296875,,,,,,
2018-03-22,58884.49609375,,,,,,
2018-03-23,53995.18359375,,,,,,
2018-03-26,51678.06640625,,,,,,
2018-03-27,54675.43359375,,,,,,
2018-03-28,57162.62109375,,,,,,
2018-03-29,54739.21484375,,,,,,
2018-04-02,53017.3125,,,,,,
2018-04-03,55079.33203125,,,,,,
2018-04-04,55568.2734375,,,,,,
2018-04-05,54802.984375,,,,,,
2018-04-06,53931.41015625,,,,,,
2018-04-09,54590.40234375,,,,,,
2018-04-10,52592.15234375,,,,,,
2018-04-11,49297.1875,,,,,,
2018-04-12,50912.77734375,,,,,,
2018-04-13,48106.734375,,,,,,
2018-04-16,48659.43359375,,,,,,
2018-04-17,47809.12109375,,,,,,
2018-04-18,47596.55078125,,,,,,
2018-04-19,47128.859375,,,,,,
2018-04-20,49233.41015625,,,,,,
2018-04-23,51104.09375,,,,,,
2018-04-24,49212.140625,,,,,,
2018-04-25,50530.14453125,,,,,,
2018-04-26,49828.62890625,,,,,,
2018-04-27,48978.3046875,,,,,,
2018-04-30,51890.64453125,,,,,,
2018-05-01,51550.5078125,,,,,,
2018-05-02,51252.90625,,,,,,
2018-05-03,49573.52734375,,,,,,
2018-05-04,49552.265625,,,,,,
2018-05-07,49424.71875,,,,,,
2018-05-08,49339.69140625,,,,,,
2018-05-09,49679.8203125,,,,,,
2018-05-10,47490.24609375,,,,,,
2018-05-11,48042.96484375,,,,,,
2018-05-14,48680.69140625,,,,,,
2018-05-15,51954.42578125,,,,,,
2018-05-16,51805.60546875,,,,,,
2018-05-17,52358.33203125,,,,,,
2018-05-18,52464.61328125,,,,,,
2018-05-21,51571.77734375,,,,,,
2018-05-22,52974.796875,,,,,,
2018-05-23,51380.4609375,,,,,,
2018-05-24,49360.9453125,,,,,,
2018-05-25,51529.26171875,,,,,,
2018-05-29,52507.12890625,,,,,,
2018-05-30,50593.9140625,,,,,,
2018-05-31,51295.421875,,,,,,
2018-06-01,51529.26171875,,,,,,
2018-06-04,51826.87109375,,,,,,
2018-06-05,50721.4609375,,,,,,
2018-06-06,49849.8828125,,,,,,
2018-06-07,50487.62109375,,,,,,
2018-06-08,51295.421875,,,,,,
2018-06-11,49998.6953125,,,,,,
2018-06-12,50402.58984375,,,,,,
2018-06-13,50466.359375,,,,,,
2018-06-14,49190.890625,,,,,,
2018-06-15,51911.91015625,,,,,,
2018-06-18,51571.77734375,,,,,,
2018-06-19,52932.2890625,,,,,,
2018-06-20,54165.24609375,,,,,,
2018-06-21,54292.7890625,,,,,,
2018-06-22,52167.0,,,,,,
2018-06-25,53697.56640625,,,,,,
2018-06-26,53782.58984375,,,,,,
2018-06-27,55121.85546875,,,,,,
2018-06-28,54122.7265625,,,,,,
2018-06-29,51486.75,,,,,,
2018-07-02,53208.64453125,,,,,,
2018-07-03,50062.46484375,,,,,,
2018-07-05,48680.69140625,,,,,,
2018-07-06,49297.1875,,,,,,
2018-07-09,49573.52734375,,,,,,
2018-07-10,49509.75,,,,,,
2018-07-11,53081.08984375,,,,,,
2018-07-12,52081.97265625,,,,,,
2018-07-13,53740.078125,,,,,,
2018-07-16,54356.5703125,,,,,,
2018-07-17,54207.75,,,,,,
2018-07-18,54335.30859375,,,,,,
2018-07-19,56439.83984375,,,,,,
2018-07-20,55121.85546875,,,,,,
2018-07-23,58183.0,,,,,,
2018-07-24,56099.71484375,,,,,,
2018-07-25,54930.52734375,,,,,,
2018-07-26,57672.8125,,,,,,
2018-07-27,58246.76171875,,,,,,
2018-07-30,58756.96484375,,,,,,
2018-07-31,58353.05859375,,,,,,
2018-08-01,59777.3515625,,,,,,
2018-08-02,61350.4296875,,,,,,
2018-08-03,59734.83203125,,,,,,
2018-08-06,61669.3046875,,,,,,
2018-08-07,63880.13671875,,,,,,
2018-08-08,62987.28515625,,,,,,
2018-08-09,63476.23046875,,,,,,
2018-08-10,64857.984375,,,,,,
2018-08-13,70470.1171875,,,,,,
2018-08-14,72638.3984375,,,,,,
2018-08-15,85818.328125,,,,,,
2018-08-16,91770.5546875,,,,,,
2018-08-17,83522.4765625,,,,,,
2018-08-20,82183.2421875,,,,,,
2018-08-21,80546.3671875,,,,,,
2018-08-22,78994.53125,,,,,,
2018-08-23,86200.96875,,,,,,
2018-08-24,79419.6953125,,,,,,
2018-08-27,75380.6953125,,,,,,
2018-08-28,79589.7421875,,,,,,
2018-08-29,79079.546875,,,,,,
2018-08-30,82629.625,,,,,,
2018-08-31,84479.0703125,,,,,,
2018-09-04,91515.453125,,,,,,
2018-09-05,93598.7265625,,,,,,
2018-09-06,94342.78125,,,,,,
2018-09-07,93832.5859375,,,,,,
2018-09-10,98020.3984375,,,,,,
2018-09-11,98573.0859375,,,,,,
2018-09-12,89623.515625,,,,,,
2018-09-13,90431.3046875,,,,,,
2018-09-14,91876.828125,,,,,,
2018-09-17,86881.2265625,,,,,,
2018-09-18,85882.0859375,,,,,,
2018-09-19,80503.84375,,,,,,
2018-09-20,78378.0390625,,,,,,
2018-09-21,80184.953125,,,,,,
2018-09-24,80503.84375,,,,,,
2018-09-25,79293.2578125,,,,,,
2018-09-26,84739.7578125,,,,,,
2018-09-27,85782.265625,,,,,,
2018-09-28,83590.8984375,,,,,,
2018-10-01,83314.3125,,,,,,
2018-10-02,76442.3671875,,,,,,
2018-10-03,79506.015625,,,,,,
2018-10-04,80123.03125,,,,,,
2018-10-05,81548.46875,,,,,,
2018-10-08,80357.046875,,,,,,
2018-10-09,84718.4765625,,,,,,
2018-10-10,81335.7265625,,,,,,
2018-10-11,65570.65625,,,,,,
2018-10-12,66379.125,,,,,,
2018-10-15,63358.02734375,,,,,,
2018-10-16,63804.81640625,,,,,,
2018-10-17,64996.23828125,,,,,,
2018-10-18,63953.74609375,,,,,,
2018-10-19,63655.90625,,,,,,
2018-10-22,65251.54296875,,,,,,
2018-10-23,62953.8046875,,,,,,
2018-10-24,65336.62890625,,,,,,
2018-10-25,73634.046875,,,,,,
2018-10-26,73080.8671875,,,,,,
2018-10-29,73421.2890625,,,,,,
2018-10-30,72123.484375,,,,,,
2018-10-31,74825.4453125,,,,,,
2018-11-01,67293.96875,,,,,,
2018-11-02,66676.9921875,,,,,,
2018-11-05,66974.84375,,,,,,
2018-11-06,68613.0625,,,,,,
2018-11-07,69740.6328125,,,,,,
2018-11-08,68974.7421875,,,,,,
2018-11-09,72889.390625,,,,,,
2018-11-12,77527.4296875,,,,,,
2018-11-13,79974.09375,,,,,,
2018-11-14,74931.8359375,,,,,,
2018-11-15,71612.8671875,,,,,,
2018-11-16,68464.125,,,,,,
2018-11-19,68272.6328125,,,,,,
2018-11-20,69144.921875,,,,,,
2018-11-21,63783.52734375,,,,,,
2018-11-23,68272.6328125,,,,,,
2018-11-26,69315.1328125,,,,,,
2018-11-27,73293.625,,,,,,
2018-11-28,67974.8046875,,,,,,
2018-11-29,69612.9921875,,,,,,
2018-11-30,70740.59375,,,,,,
2018-12-03,66889.75,,,,,,
2018-12-04,65102.61328125,,,,,,
2018-12-06,64209.04296875,,,,,,
2018-12-07,59230.6015625,,,,,,
2018-12-10,59805.04296875,,,,,,
2018-12-11,60932.625,,,,,,
2018-12-12,57188.17578125,,,,,,
2018-12-13,56932.859375,,,,,,
2018-12-14,59762.4921875,,,,,,
2018-12-17,55507.41796875,,,,,,
2018-12-18,51677.859375,,,,,,
2018-12-19,59783.76171875,,,,,,
2018-12-20,52401.21875,,,,,,
2018-12-21,54273.4453125,,,,,,
2018-12-24,49337.5625,,,,,,
2018-12-26,52358.65625,,,,,,
2018-12-27,49809.62890625,,,,,,
2018-12-28,52578.0,,,,,,
2018-12-31,48680.97265625,,,,,,
2019-01-02,48979.1171875,,,,,,
2019-01-03,46040.3671875,,,,,,
2019-01-04,47296.7890625,,,,,,
2019-01-07,48957.8125,,,,,,
2019-01-08,48872.62890625,,,,,,
2019-01-09,47147.71484375,,,,,,
2019-01-10,49170.76953125,,,,,,
2019-01-11,48787.453125,,,,,,
2019-01-14,49490.19140625,,,,,,
2019-01-15,51981.73046875,,,,,,
2019-01-16,52301.17578125,,,,,,
2019-01-17,51406.77734375,,,,,,
2019-01-18,54473.28515625,,,,,,
2019-01-22,53323.3359375,,,,,,
2019-01-23,52769.66796875,,,,,,
2019-01-24,52918.734375,,,,,,
2019-01-25,47807.87890625,,,,,,
2019-01-28,45827.40625,,,,,,
2019-01-29,42675.70703125,,,,,,
2019-01-30,41334.109375,,,,,,
2019-01-31,38544.42578125,,,,,,
2019-02-01,39161.98828125,,,,,,
2019-02-04,39566.6015625,,,,,,
2019-02-05,39055.515625,,,,,,
2019-02-06,40908.203125,,,,,,
2019-02-07,42015.55078125,,,,,,
2019-02-08,40141.578125,,,,,,
2019-02-11,41674.828125,,,,,,
2019-02-12,41717.4296875,,,,,,
2019-02-13,42526.64453125,,,,,,
2019-02-14,41376.69921875,,,,,,
2019-02-15,39864.734375,,,,,,
2019-02-19,35989.0,,,,,,
2019-02-20,34966.81640625,,,,,,
2019-02-21,36606.55859375,,,,,,
2019-02-22,36436.1953125,,,,,,
2019-02-25,37777.796875,,,,,,
2019-02-26,37948.15234375,,,,,,
2019-02-27,39864.734375,,,,,,
2019-02-28,40461.0078125,,,,,,
2019-03-01,43250.6796875,,,,,,
2019-03-04,42569.234375,,,,,,
2019-03-05,41972.96484375,,,,,,
2019-03-06,44336.74609375,,,,,,
2019-03-07,42846.078125,,,,,,
2019-03-08,39481.421875,,,,,,
2019-03-11,39736.96875,,,,,,
2019-03-12,37692.61328125,,,,,,
2019-03-13,36947.28125,,,,,,
2019-03-14,39779.55078125,,,,,,
2019-03-15,39609.1875,,,,,,
2019-03-18,40886.9140625,,,,,,
2019-03-19,40491.40625,,,,,,
2019-03-20,37819.05859375,,,,,,
2019-03-21,37284.578125,,,,,,
2019-03-22,37049.41796875,,,,,,
2019-03-25,34868.77734375,,,,,,
2019-03-26,34398.44140625,,,,,,
2019-03-27,35745.31640625,,,,,,
2019-03-28,38631.44921875,,,,,,
2019-03-29,38652.828125,,,,,,
2019-04-01,40961.73046875,,,,,,
2019-04-02,40234.86328125,,,,,,
2019-04-03,40256.23828125,,,,,,
2019-04-04,38011.46875,,,,,,
2019-04-05,38396.28125,,,,,,
2019-04-08,37049.41796875,,,,,,
2019-04-09,36493.56640625,,,,,,
2019-04-10,37370.1015625,,,,,,
2019-04-11,39208.6640625,,,,,,
2019-04-12,39550.734375,,,,,,
2019-04-15,39315.5703125,,,,,,
2019-04-16,41560.34375,,,,,,
2019-04-17,42415.48828125,,,,,,
2019-04-18,44467.859375,,,,,,
2019-04-22,46712.625,,,,,,
2019-04-23,47845.6953125,,,,,,
2019-04-24,46498.83203125,,,,,,
2019-04-25,47375.36328125,,,,,,
2019-04-26,44510.60546875,,,,,,
2019-04-29,47439.49609375,,,,,,
2019-04-30,46990.55078125,,,,,,
2019-05-01,49598.765625,,,,,,
2019-05-02,52228.34765625,,,,,,
2019-05-03,51309.05859375,,,,,,
2019-05-06,51287.6875,,,,,,
2019-05-07,48187.75390625,,,,,,
2019-05-08,49769.79296875,,,,,,
2019-05-09,50047.7109375,,,,,,
2019-05-10,51266.3046875,,,,,,
2019-05-13,46413.3203125,,,,,,
2019-05-14,46905.03125,,,,,,
2019-05-15,47311.234375,,,,,,
2019-05-16,48850.5,,,,,,
2019-05-17,47931.21484375,,,,,,
2019-05-20,48080.8671875,,,,,,
2019-05-21,47909.8359375,,,,,,
2019-05-22,50368.390625,,,,,,
2019-05-23,49556.0078125,,,,,,
2019-05-24,48893.26171875,,,,,,
2019-05-28,49684.2734375,,,,,,
2019-05-29,49791.171875,,,,,,
2019-05-30,47439.49609375,,,,,,
2019-05-31,41774.12109375,,,,,,
2019-06-03,36771.49609375,,,,,,
2019-06-04,36087.375,,,,,,
2019-06-05,36065.9921875,,,,,,
2019-06-06,34975.6796875,,,,,,
2019-06-07,34761.890625,,,,,,
2019-06-10,36600.4609375,,,,,,
2019-06-11,36108.75390625,,,,,,
2019-06-12,34377.06640625,,,,,,
2019-06-13,33243.99609375,,,,,,
2019-06-14,32773.6640625,,,,,,
2019-06-17,32303.326171875,,,,,,
2019-06-18,31448.1796875,,,,,,
2019-06-19,30165.453125,,,,,,
2019-06-20,26210.37890625,,,,,,
2019-06-21,25675.91015625,,,,,,
2019-06-24,23003.564453125,,,,,,
2019-06-25,24095.91015625,,,,,,
2019-06-26,24374.3515625,,,,,,
2019-06-27,24931.236328125,,,,,,
2019-06-28,24352.9296875,,,,,,
2019-07-01,27008.83984375,,,,,,
2019-07-02,23967.396484375,,,,,,
2019-07-03,23667.5390625,,,,,,
2019-07-05,24331.509765625,,,,,,
2019-07-08,24417.189453125,,,,,,
2019-07-09,23624.69921875,,,,,,
2019-07-10,22103.984375,,,,,,
2019-07-11,22789.375,,,,,,
2019-07-12,22061.142578125,,,,,,
2019-07-15,22103.984375,,,,,,
2019-07-16,22446.677734375,,,,,,
2019-07-17,19833.611328125,,,,,,
2019-07-18,17306.216796875,,,,,,
2019-07-19,17734.587890625,,,,,,
2019-07-22,17349.05859375,,,,,,
2019-07-23,17927.359375,,,,,,
2019-07-24,17434.73046875,,,,,,
2019-07-25,18719.845703125,,,,,,
2019-07-26,19041.126953125,,,,,,
2019-07-29,18055.869140625,,,,,,
2019-07-30,17905.94140625,,,,,,
2019-07-31,20433.33203125,,,,,,
2019-08-01,17434.73046875,,,,,,
2019-08-02,17520.40625,,,,,,
2019-08-05,15978.2646484375,,,,,,
2019-08-06,15806.916015625,,,,,,
2019-08-07,14950.1748046875,,,,,,
2019-08-08,14114.8486328125,,,,,,
2019-08-09,14650.3125,,,,,,
2019-08-12,15207.197265625,,,,,,
2019-08-13,16063.94140625,,,,,,
2019-08-14,16213.8681640625,,,,,,
2019-08-15,15699.822265625,,,,,,
2019-08-16,16363.7998046875,,,,,,
2019-08-19,16963.51953125,,,,,,
2019-08-20,15399.962890625,,,,,,
2019-08-21,15549.8916015625,,,,,,
2019-08-22,15935.427734375,,,,,,
2019-08-23,14072.009765625,,,,,,
2019-08-26,14007.7568359375,,,,,,
2019-08-27,12744.0576171875,,,,,,
2019-08-28,12893.9892578125,,,,,,
2019-08-29,13772.15234375,,,,,,
2019-08-30,13536.5458984375,,,,,,
2019-09-03,12915.4072265625,,,,,,
2019-09-04,12187.17578125,,,,,,
2019-09-05,14007.7568359375,,,,,,
2019-09-06,15250.033203125,,,,,,
2019-09-09,16470.89453125,,,,,,
2019-09-10,16877.841796875,,,,,,
2019-09-11,16492.310546875,,,,,,
2019-09-12,17263.3828125,,,,,,
2019-09-13,18441.404296875,,,,,,
2019-09-16,17134.8671875,,,,,,
2019-09-17,15635.5673828125,,,,,,
2019-09-18,16470.89453125,,,,,,
2019-09-19,15614.146484375,,,,,,
2019-09-20,14714.56640625,,,,,,
2019-09-23,13943.4990234375,,,,,,
2019-09-24,13450.66796875,,,,,,
2019-09-25,14828.0166015625,,,,,,
2019-09-26,15323.0,,,,,,
2019-09-27,16442.095703125,,,,,,
2019-09-30,17711.83984375,,,,,,
2019-10-01,17345.982421875,,,,,,
2019-10-02,16442.095703125,,,,,,
2019-10-03,16700.3515625,,,,,,
2019-10-04,15602.775390625,,,,,,
2019-10-07,16054.716796875,,,,,,
2019-10-08,14741.93359375,,,,,,
2019-10-09,15193.8701171875,,,,,,
2019-10-10,15215.392578125,,,,,,
2019-10-11,16958.599609375,,,,,,
2019-10-14,16872.517578125,,,,,,
2019-10-15,18443.560546875,,,,,,
2019-10-16,17389.021484375,,,,,,
2019-10-17,16635.787109375,,,,,,
2019-10-18,16528.1796875,,,,,,
2019-10-21,17496.62890625,,,,,,
2019-10-22,17604.234375,,,,,,
2019-10-23,17087.7265625,,,,,,
2019-10-24,15817.98828125,,,,,,
2019-10-25,15452.1279296875,,,,,,
2019-10-28,16485.140625,,,,,,
2019-10-29,16269.9267578125,,,,,,
2019-10-30,15774.94140625,,,,,,
2019-10-31,14655.8466796875,,,,,,
2019-11-01,14806.498046875,,,,,,
2019-11-04,15602.775390625,,,,,,
2019-11-05,16528.1796875,,,,,,
2019-11-06,15947.1103515625,,,,,,
2019-11-07,17302.9375,,,,,,
2019-11-08,17819.44140625,,,,,,
2019-11-11,17840.96484375,,,,,,
2019-11-12,17173.810546875,,,,,,
2019-11-13,16829.478515625,,,,,,
2019-11-14,16420.576171875,,,,,,
2019-11-15,16807.95703125,,,,,,
2019-11-18,16033.1923828125,,,,,,
2019-11-19,15904.072265625,,,,,,
2019-11-20,15796.4638671875,,,,,,
2019-11-21,16678.828125,,,,,,
2019-11-22,16721.873046875,,,,,,
2019-11-25,17819.44140625,,,,,,
2019-11-26,16635.787109375,,,,,,
2019-11-27,16850.994140625,,,,,,
2019-11-29,16054.716796875,,,,,,
2019-12-02,15990.154296875,,,,,,
2019-12-03,14978.66015625,,,,,,
2019-12-04,15301.4765625,,,,,,
2019-12-05,15107.7880859375,,,,,,
2019-12-06,16140.802734375,,,,,,
2019-12-09,16291.4462890625,,,,,,
2019-12-10,15904.072265625,,,,,,
2019-12-11,14849.5380859375,,,,,,
2019-12-12,15021.70703125,,,,,,
2019-12-13,14892.5791015625,,,,,,
2019-12-16,15452.1279296875,,,,,,
2019-12-17,15796.4638671875,,,,,,
2019-12-18,15279.9599609375,,,,,,
2019-12-19,15258.4404296875,,,,,,
2019-12-20,15774.94140625,,,,,,
2019-12-23,14444.734375,,,,,,
2019-12-24,13086.498046875,,,,,,
2019-12-26,12504.396484375,,,,,,
2019-12-27,12698.4296875,,,,,,
2019-12-30,11943.8544921875,,,,,,
2019-12-31,12116.3291015625,,,,,,
2020-01-02,12116.3291015625,,,,,,
2020-01-03,12310.3623046875,,,,,,
2020-01-06,12288.802734375,,,,,,
2020-01-07,11922.296875,,,,,,
2020-01-08,13280.53125,,,,,,
2020-01-09,13711.716796875,,,,,,
2020-01-10,13108.0576171875,,,,,,
2020-01-13,14099.78515625,,,,,,
2020-01-14,13345.208984375,,,,,,
2020-01-15,12590.634765625,,,,,,
2020-01-16,12719.990234375,,,,,,
2020-01-17,13043.37890625,,,,,,
2020-01-21,12353.48046875,,,,,,
2020-01-22,12504.396484375,,,,,,
2020-01-23,12698.4296875,,,,,,
2020-01-24,11965.412109375,,,,,,
2020-01-27,12181.0068359375,,,,,,
2020-01-28,13108.0576171875,,,,,,
2020-01-29,12396.599609375,,,,,,
2020-01-30,12569.0751953125,,,,,,
2020-01-31,12202.56640625,,,,,,
2020-02-03,12784.6689453125,,,,,,
2020-02-04,13431.4453125,,,,,,
2020-02-05,13366.7685546875,,,,,,
2020-02-06,12978.69921875,,,,,,
2020-02-07,13582.36328125,,,,,,
2020-02-10,12935.5810546875,,,,,,
2020-02-11,12870.9052734375,,,,,,
2020-02-12,13258.9736328125,,,,,,
2020-02-13,13021.8193359375,,,,,,
2020-02-14,13043.37890625,,,,,,
2020-02-18,11836.0595703125,,,,,,
2020-02-19,11146.16015625,,,,,,
2020-02-20,11124.599609375,,,,,,
2020-02-21,10111.3134765625,,,,,,
2020-02-24,9787.923828125,,,,,,
2020-02-25,10758.09375,,,,,,
2020-02-26,10822.7724609375,,,,,,
2020-02-27,12655.3095703125,,,,,,
2020-02-28,15307.10546875,,,,,,
2020-03-02,13409.888671875,,,,,,
2020-03-03,11534.2294921875,,,,,,
2020-03-04,10909.0078125,,,,,,
2020-03-05,10219.1103515625,,,,,,
2020-03-06,10542.501953125,,,,,,
2020-03-09,12827.787109375,,,,,,
2020-03-10,12590.634765625,,,,,,
2020-03-11,15414.9033203125,,,,,,
2020-03-12,20783.169921875,,,,,,
2020-03-13,30204.583984375,,,,,,
2020-03-16,16514.427734375,,,,,,
2020-03-17,9292.060546875,,,,,,
2020-03-18,12245.685546875,,,,,,
2020-03-19,11081.48046875,,,,,,
2020-03-20,12504.396484375,,,,,,
2020-03-23,10348.466796875,,,,,,
2020-03-24,5509.3486328125,,,,,,
2020-03-25,4641.73583984375,,,,,,
2020-03-26,4967.08935546875,,,,,,
2020-03-27,5943.15576171875,,,,,,
2020-03-30,6181.75,,,,,,
2020-03-31,6528.79541015625,,,,,,
2020-04-01,5964.8466796875,,,,,,
2020-04-02,5487.65869140625,,,,,,
2020-04-03,5552.72998046875,,,,,,
2020-04-06,4967.08935546875,,,,,,
2020-04-07,5053.85205078125,,,,,,
2020-04-08,4988.78076171875,,,,,,
2020-04-09,3991.024658203125,,,,,,
2020-04-13,3383.694580078125,,,,,,
2020-04-14,3448.76513671875,,,,,,
2020-04-15,3557.21728515625,,,,,,
2020-04-16,3405.384765625,,,,,,
2020-04-17,3578.90771484375,,,,,,
2020-04-20,3405.384765625,,,,,,
2020-04-21,3470.4560546875,,,,,,
2020-04-22,2993.2685546875,,,,,,
2020-04-23,2846.641357421875,,,,,,
2020-04-24,2767.68896484375,,,,,,
2020-04-27,2770.2919921875,,,,,,
2020-04-28,2783.3056640625,,,,,,
2020-04-29,2748.60107421875,,,,,,
2020-04-30,3023.634765625,,,,,,
2020-05-01,2824.083740234375,,,,,,
2020-05-04,2713.896484375,,,,,,
2020-05-05,2584.621826171875,,,,,,
2020-05-06,2748.60107421875,,,,,,
2020-05-07,2531.697998046875,,,,,,
2020-05-08,2555.12353515625,,,,,,
2020-05-11,2685.26513671875,,,,,,
2020-05-12,2702.61767578125,,,,,,
2020-05-13,2665.310302734375,,,,,,
2020-05-14,2496.12548828125,,,,,,
2020-05-15,2293.103759765625,,,,,,
2020-05-18,2377.2626953125,,,,,,
2020-05-19,2206.3427734375,,,,,,
2020-05-20,2271.41357421875,,,,,,
2020-05-21,2397.21728515625,,,,,,
2020-05-22,2411.09912109375,,,,,,
2020-05-26,2613.253173828125,,,,,,
2020-05-27,2658.368896484375,,,,,,
2020-05-28,2622.797119140625,,,,,,
2020-05-29,2562.932373046875,,,,,,
2020-06-01,2408.49658203125,,,,,,
2020-06-02,2575.078125,,,,,,
2020-06-03,2781.57080078125,,,,,,
2020-06-04,2729.513671875,,,,,,
2020-06-05,2852.715087890625,,,,,,
2020-06-08,2778.100341796875,,,,,,
2020-06-09,2739.057373046875,,,,,,
2020-06-10,2496.12548828125,,,,,,
2020-06-11,2731.249267578125,,,,,,
2020-06-12,2762.48291015625,,,,,,
2020-06-15,2616.723876953125,,,,,,
2020-06-16,2753.806884765625,,,,,,
2020-06-17,2721.705322265625,,,,,,
2020-06-18,2788.511474609375,,,,,,
2020-06-19,2594.166015625,,,,,,
2020-06-22,2393.7470703125,,,,,,
2020-06-23,2329.543701171875,,,,,,
2020-06-24,2398.0849609375,,,,,,
2020-06-25,2381.6005859375,,,,,,
2020-06-26,2341.690185546875,,,,,,
2020-06-29,2298.3095703125,,,,,,
2020-06-30,2157.756591796875,,,,,,
2020-07-01,2169.902587890625,,,,,,
2020-07-02,2212.415283203125,,,,,,
2020-07-06,2131.7275390625,,,,,,
2020-07-07,2018.93798828125,,,,,,
2020-07-08,1899.207275390625,,,,,,
2020-07-09,1913.9564208984373,,,,,,
2020-07-10,1948.6610107421875,,,,,,
2020-07-13,2077.068115234375,,,,,,
2020-07-14,1917.4267578125,,,,,,
2020-07-15,1907.8834228515625,,,,,,
2020-07-16,1965.145751953125,,,,,,
2020-07-17,1836.7386474609373,,,,,,
2020-07-20,1739.566162109375,,,,,,
2020-07-21,1697.052978515625,,,,,,
2020-07-22,1623.3056640625,,,,,,
2020-07-23,1682.3037109375,,,,,,
2020-07-24,1614.6295166015625,,,,,,
2020-07-27,1454.98876953125,,,,,,
2020-07-28,1474.076171875,,,,,,
2020-07-29,1503.5748291015625,,,,,,
2020-07-30,1604.21826171875,,,,,,
2020-07-31,1510.5159912109375,,,,,,
2020-08-03,1540.014892578125,,,,,,
2020-08-04,1398.5936279296875,,,,,,
2020-08-05,1394.2557373046875,,,,,,
2020-08-06,1412.4755859375,,,,,,
2020-08-07,1500.972412109375,,,,,,
2020-08-10,1530.47119140625,,,,,,
2020-08-11,1774.270751953125,,,,,,
2020-08-12,1752.580322265625,,,,,,
2020-08-13,1631.9820556640625,,,,,,
2020-08-14,1651.9371337890625,,,,,,
2020-08-17,1441.9744873046875,,,,,,
2020-08-18,1461.0618896484375,,,,,,
2020-08-19,1570.381591796875,,,,,,
2020-08-20,1497.5018310546875,,,,,,
2020-08-21,1573.8516845703125,,,,,,
2020-08-24,1589.468994140625,,,,,,
2020-08-25,1598.1448974609375,,,,,,
2020-08-26,1517.45703125,,,,,,
2020-08-27,1592.071533203125,,,,,,
2020-08-28,1482.75244140625,,,,,,
2020-08-31,1467.1351318359375,,,,,,
2020-09-01,1502.7073974609375,,,,,,
2020-09-02,1498.369384765625,,,,,,
2020-09-03,1530.47119140625,,,,,,
2020-09-04,1563.4405517578125,,,,,,
2020-09-08,1588.601318359375,,,,,,
2020-09-09,1446.3125,,,,,,
2020-09-10,1498.369384765625,,,,,,
2020-09-11,1533.9417724609375,,,,,,
2020-09-14,1408.1376953125,,,,,,
2020-09-15,1408.1376953125,,,,,,
2020-09-16,1405.53466796875,,,,,,
2020-09-17,1451.5181884765625,,,,,,
2020-09-18,1501.8399658203125,,,,,,
2020-09-21,1614.6295166015625,,,,,,
2020-09-22,1599.0125732421875,,,,,,
2020-09-23,1787.2847900390625,,,,,,
2020-09-24,1693.5826416015625,,,,,,
2020-09-25,1714.4053955078125,,,,,,
2020-09-28,1674.4952392578125,,,,,,
2020-09-29,1631.9820556640625,,,,,,
2020-09-30,1649.3341064453125,,,,,,
2020-10-01,1614.6295166015625,,,,,,
2020-10-02,1665.818603515625,,,,,,
2020-10-05,1610.291748046875,,,,,,
2020-10-06,1731.7576904296875,,,,,,
2020-10-07,1704.861328125,,,,,,
2020-10-08,1650.201904296875,,,,,,
2020-10-09,1499.2369384765625,,,,,,
2020-10-12,1504.442626953125,,,,,,
2020-10-13,1533.9417724609375,,,,,,
2020-10-14,1483.6199951171875,,,,,,
2020-10-15,1525.26513671875,,,,,,
2020-10-16,1564.3079833984375,,,,,,
2020-10-19,1618.967529296875,,,,,,
2020-10-20,1596.40966796875,,,,,,
2020-10-21,1561.7052001953125,,,,,,
2020-10-22,1613.7618408203125,,,,,,
2020-10-23,1644.1285400390625,,,,,,
2020-10-26,1693.5826416015625,,,,,,
2020-10-27,1644.1285400390625,,,,,,
2020-10-28,1835.00390625,,,,,,
2020-10-29,1795.9610595703125,,,,,,
2020-10-30,1735.22802734375,,,,,,
2020-11-02,1633.71728515625,,,,,,
2020-11-03,1569.513916015625,,,,,,
2020-11-04,1639.79052734375,,,,,,
2020-11-05,1406.402587890625,,,,,,
2020-11-06,1395.1234130859375,,,,,,
2020-11-09,1570.381591796875,,,,,,
2020-11-10,1674.4952392578125,,,,,,
2020-11-11,1711.8026123046875,,,,,,
2020-11-12,1677.09814453125,,,,,,
2020-11-13,1634.584716796875,,,,,,
2020-11-16,1653.67236328125,,,,,,
2020-11-17,1722.2137451171875,,,,,,
2020-11-18,1823.7247314453125,,,,,,
2020-11-19,1856.694091796875,,,,,,
2020-11-20,1831.5333251953125,,,,,,
2020-11-23,1972.0865478515625,,,,,,
2020-11-24,2078.80322265625,,,,,,
2020-11-25,2011.9967041015625,,,,,,
2020-11-27,1985.968505859375,,,,,,
2020-11-30,1940.8524169921875,,,,,,
2020-12-01,1791.6229248046875,,,,,,
2020-12-02,1784.68212890625,,,,,,
2020-12-03,1834.135986328125,,,,,,
2020-12-04,1854.0911865234373,,,,,,
2020-12-07,1725.684326171875,,,,,,
2020-12-08,1738.6986083984375,,,,,,
2020-12-09,1833.2685546875,,,,,,
2020-12-10,1843.6796875,,,,,,
2020-12-11,1872.3109130859373,,,,,,
2020-12-14,1948.6610107421875,,,,,,
2020-12-15,1827.1949462890625,,,,,,
2020-12-16,1765.5943603515625,,,,,,
2020-12-17,1642.3931884765625,,,,,,
2020-12-18,1702.2586669921875,,,,,,
2020-12-21,1705.729248046875,,,,,,
2020-12-22,1803.7696533203125,,,,,,
2020-12-23,1745.639404296875,,,,,,
2020-12-24,1726.5516357421875,,,,,,
2020-12-28,1760.388671875,,,,,,
2020-12-29,1758.6536865234375,,,,,,
2020-12-30,1675.3624267578125,,,,,,
2020-12-31,1726.5516357421875,,,,,,
2021-01-04,1482.75244140625,,,,,,
2021-01-05,1487.9580078125,,,,,,
2021-01-06,1490.560791015625,,,,,,
2021-01-07,1499.2369384765625,,,,,,
2021-01-08,1642.3931884765625,,,,,,
2021-01-11,1703.9940185546875,,,,,,
2021-01-12,1682.3037109375,,,,,,
2021-01-13,1719.611083984375,,,,,,
2021-01-14,1713.53759765625,,,,,,
2021-01-15,1828.93017578125,,,,,,
2021-01-19,1786.4173583984375,,,,,,
2021-01-20,1661.48095703125,,,,,,
2021-01-21,1703.126220703125,,,,,,
2021-01-22,1743.904052734375,,,,,,
2021-01-25,1748.2420654296875,,,,,,
2021-01-26,1754.3155517578125,,,,,,
2021-01-27,1888.79541015625,,,,,,
2021-01-28,1800.299072265625,,,,,,
2021-01-29,1811.578125,,,,,,
2021-02-01,1688.376953125,,,,,,
2021-02-02,1782.9466552734375,,,,,,
2021-02-03,1787.2847900390625,,,,,,
2021-02-04,1862.767333984375,,,,,,
2021-02-05,1782.9466552734375,,,,,,
2021-02-08,1724.81640625,,,,,,
2021-02-09,1726.5516357421875,,,,,,
2021-02-10,1711.8026123046875,,,,,,
2021-02-11,1756.91845703125,,,,,,
2021-02-12,1762.9915771484375,,,,,,
2021-02-16,1828.0628662109373,,,,,,
2021-02-17,1921.764892578125,,,,,,
2021-02-18,1971.218994140625,,,,,,
2021-02-19,1981.630615234375,,,,,,
2021-02-22,1800.299072265625,,,,,,
2021-02-23,1883.5899658203125,,,,,,
2021-02-24,1853.2235107421875,,,,,,
2021-02-25,1998.982421875,,,,,,
2021-02-26,2154.285400390625,,,,,,
2021-03-01,2186.386962890625,,,,,,
2021-03-02,2037.15771484375,,,,,,
2021-03-03,2115.243408203125,,,,,,
2021-03-04,2117.845947265625,,,,,,
2021-03-05,2051.03955078125,,,,,,
2021-03-08,2109.169921875,,,,,,
2021-03-09,1985.968505859375,,,,,,
2021-03-10,1968.6160888671875,,,,,,
2021-03-11,1899.207275390625,,,,,,
2021-03-12,1892.2664794921875,,,,,,
2021-03-15,1826.3275146484373,,,,,,
2021-03-16,1840.209228515625,,,,,,
2021-03-17,1763.859375,,,,,,
2021-03-18,1825.4595947265625,,,,,,
2021-03-19,1799.431396484375,,,,,,
2021-03-22,1831.5333251953125,,,,,,
2021-03-23,1928.705810546875,,,,,,
2021-03-24,1968.6160888671875,,,,,,
2021-03-25,1977.2923583984373,,,,,,
2021-03-26,1913.9564208984373,,,,,,
2021-03-29,1893.1336669921875,,,,,,
2021-03-30,2021.540771484375,,,,,,
2021-03-31,1937.3818359375,,,,,,
2021-04-01,1803.7696533203125,,,,,,
2021-04-05,1794.22607421875,,,,,,
2021-04-06,1734.3603515625,,,,,,
2021-04-07,1766.4619140625,,,,,,
2021-04-08,1684.90625,,,,,,
2021-04-09,1681.435791015625,,,,,,
2021-04-12,1754.3155517578125,,,,,,
2021-04-13,1698.7882080078125,,,,,,
2021-04-14,1719.611083984375,,,,,,
2021-04-15,1580.7926025390625,,,,,,
2021-04-16,1553.896728515625,,,,,,
2021-04-19,1569.513916015625,,,,,,
2021-04-20,1533.073974609375,,,,,,
2021-04-21,1484.4874267578125,,,,,,
2021-04-22,1528.7357177734375,,,,,,
2021-04-23,1545.2203369140625,,,,,,
2021-04-26,1546.08837890625,,,,,,
2021-04-27,1608.556640625,,,,,,
2021-04-28,1597.2772216796875,,,,,,
2021-04-29,1656.275146484375,,,,,,
2021-04-30,1695.317626953125,,,,,,
2021-05-03,1566.0435791015625,,,,,,
2021-05-04,1595.542236328125,,,,,,
2021-05-05,1573.8516845703125,,,,,,
2021-05-06,1468.002685546875,,,,,,
2021-05-07,1418.5489501953125,,,,,,
2021-05-10,1421.1517333984375,,,,,,
2021-05-11,1401.1966552734375,,,,,,
2021-05-12,1452.3858642578125,,,,,,
2021-05-13,1453.2535400390625,,,,,,
2021-05-14,1378.638671875,,,,,,
2021-05-17,1247.62890625,,,,,,
2021-05-18,1251.0994873046875,,,,,,
2021-05-19,1285.8038330078125,,,,,,
2021-05-20,1257.172607421875,,,,,,
2021-05-21,1271.9222412109375,,,,,,
2021-05-24,1261.5107421875,,,,,,
2021-05-25,1257.172607421875,,,,,,
2021-05-26,1258.907958984375,,,,,,
2021-05-27,1278.863037109375,,,,,,
2021-05-28,1262.378173828125,,,,,,
2021-06-01,1252.8345947265625,,,,,,
2021-06-02,1253.702392578125,,,,,,
2021-06-03,1339.59619140625,,,,,,
2021-06-04,1304.891357421875,,,,,,
2021-06-07,1306.6265869140625,,,,,,
2021-06-08,1345.6695556640625,,,,,,
2021-06-09,1350.8748779296875,,,,,,
2021-06-10,1282.3333740234375,,,,,,
2021-06-11,1326.58203125,,,,,,
2021-06-14,1343.06640625,,,,,,
2021-06-15,1373.432861328125,,,,,,
2021-06-16,1435.9012451171875,,,,,,
2021-06-17,1578.1898193359375,,,,,,
2021-06-18,1652.8045654296875,,,,,,
2021-06-21,1589.468994140625,,,,,,
2021-06-22,1609.423828125,,,,,,
2021-06-23,1625.9088134765625,,,,,,
2021-06-24,1623.3056640625,,,,,,
2021-06-25,1628.511474609375,,,,,,
2021-06-28,1664.083740234375,,,,,,
2021-06-29,1697.052978515625,,,,,,
2021-06-30,1662.3482666015625,,,,,,
2021-07-01,1664.083740234375,,,,,,
2021-07-02,1619.8353271484375,,,,,,
2021-07-06,1612.0269775390625,,,,,,
2021-07-07,1605.95361328125,,,,,,
2021-07-08,1688.376953125,,,,,,
2021-07-09,1619.8353271484375,,,,,,
2021-07-12,1663.216064453125,,,,,,
2021-07-13,1623.3056640625,,,,,,
2021-07-14,1578.1898193359375,,,,,,
2021-07-15,1561.7052001953125,,,,,,
2021-07-16,1656.275146484375,,,,,,
2021-07-19,1725.684326171875,,,,,,
2021-07-20,1717.008056640625,,,,,,
2021-07-21,1685.7740478515625,,,,,,
2021-07-22,1700.5235595703125,,,,,,
2021-07-23,1729.1546630859375,,,,,,
2021-07-26,1689.244384765625,,,,,,
2021-07-27,1676.2303466796875,,,,,,
2021-07-28,1626.776123046875,,,,,,
2021-07-29,1541.7501220703125,,,,,,
2021-07-30,1551.2938232421875,,,,,,
2021-08-02,1561.7052001953125,,,,,,
2021-08-03,1540.014892578125,,,,,,
2021-08-04,1563.4405517578125,,,,,,
2021-08-05,1609.423828125,,,,,,
2021-08-06,1706.5966796875,,,,,,
2021-08-09,1789.02001953125,,,,,,
2021-08-10,1836.7386474609373,,,,,,
2021-08-11,1762.1241455078125,,,,,,
2021-08-12,1815.048583984375,,,,,,
2021-08-13,1742.1689453125,,,,,,
2021-08-16,1762.1241455078125,,,,,,
2021-08-17,1804.636962890625,,,,,,
2021-08-18,1888.79541015625,,,,,,
2021-08-19,1952.9984130859373,,,,,,
2021-08-20,1962.5426025390625,,,,,,
2021-08-23,1803.7696533203125,,,,,,
2021-08-24,1806.3724365234373,,,,,,
2021-08-25,1855.8262939453125,,,,,,
2021-08-26,1875.7813720703125,,,,,,
2021-08-27,1738.6986083984375,,,,,,
2021-08-30,1789.02001953125,,,,,,
2021-08-31,1736.0955810546875,,,,,,
2021-09-01,1762.9915771484375,,,,,,
2021-09-02,1749.9774169921875,,,,,,
2021-09-03,1665.818603515625,,,,,,
2021-09-07,1760.388671875,,,,,,
2021-09-08,1773.40283203125,,,,,,
2021-09-09,1802.0343017578125,,,,,,
2021-09-10,1852.35595703125,,,,,,
2021-09-13,1779.4761962890625,,,,,,
2021-09-14,1762.9915771484375,,,,,,
2021-09-15,1763.859375,,,,,,
2021-09-16,1907.015380859375,,,,,,
2021-09-17,1958.2049560546875,,,,,,
2021-09-20,1970.3516845703125,,,,,,
2021-09-21,1962.5426025390625,,,,,,
2021-09-22,1965.145751953125,,,,,,
2021-09-23,2041.4957275390625,,,,,,
2021-09-24,2068.3916015625,,,,,,
2021-09-27,2074.46533203125,,,,,,
2021-09-28,2110.90478515625,,,,,,
2021-09-29,2178.578857421875,,,,,,
2021-09-30,2099.6259765625,,,,,,
2021-10-01,2116.1103515625,,,,,,
2021-10-04,2070.126953125,,,,,,
2021-10-05,2053.642578125,,,,,,
2021-10-06,1986.8363037109373,,,,,,
2021-10-07,1966.0128173828125,,,,,,
2021-10-08,1934.7791748046875,,,,,,
2021-10-11,1944.3228759765625,,,,,,
2021-10-12,1876.6488037109373,,,,,,
2021-10-13,1750.844970703125,,,,,,
2021-10-14,1673.62744140625,,,,,,
2021-10-15,1710.9346923828125,,,,,,
2021-10-18,1739.566162109375,,,,,,
2021-10-19,1710.067138671875,,,,,,
2021-10-20,1671.0247802734375,,,,,,
2021-10-21,1684.90625,,,,,,
2021-10-22,1658.0103759765625,,,,,,
2021-10-25,1610.291748046875,,,,,,
2021-10-26,1631.1141357421875,,,,,,
2021-10-27,1643.2607421875,,,,,,
2021-10-28,1695.317626953125,,,,,,
2021-10-29,1788.1527099609375,,,,,,
2021-11-01,1774.270751953125,,,,,,
2021-11-02,1801.166748046875,,,,,,
2021-11-03,1769.0648193359375,,,,,,
2021-11-04,1778.608642578125,,,,,,
2021-11-05,1673.62744140625,,,,,,
2021-11-08,1654.539794921875,,,,,,
2021-11-09,1613.7618408203125,,,,,,
2021-11-10,1553.0291748046875,,,,,,
2021-11-11,1481.0169677734375,,,,,,
2021-11-12,1477.546875,,,,,,
2021-11-15,1465.400146484375,,,,,,
2021-11-16,1514.85400390625,,,,,,
2021-11-17,1493.16357421875,,,,,,
2021-11-18,1520.0595703125,,,,,,
2021-11-19,1570.381591796875,,,,,,
2021-11-22,1634.584716796875,,,,,,
2021-11-23,1683.1710205078125,,,,,,
2021-11-24,1690.9794921875,,,,,,
2021-11-26,1721.3463134765625,,,,,,
2021-11-29,1724.81640625,,,,,,
2021-11-30,1756.0506591796875,,,,,,
2021-12-01,1863.6348876953125,,,,,,
2021-12-02,1910.486083984375,,,,,,
2021-12-03,1881.854736328125,,,,,,
2021-12-06,1835.87109375,,,,,,
2021-12-07,1803.7696533203125,,,,,,
2021-12-08,1789.8875732421875,,,,,,
2021-12-09,1874.91357421875,,,,,,
2021-12-10,1899.207275390625,,,,,,
2021-12-13,1898.339599609375,,,,,,
2021-12-14,1942.5880126953125,,,,,,
2021-12-15,1998.1148681640625,,,,,,
2021-12-16,1794.22607421875,,,,,,
2021-12-17,1805.5047607421875,,,,,,
2021-12-20,1800.299072265625,,,,,,
2021-12-21,1780.3438720703125,,,,,,
2021-12-22,1737.8309326171875,,,,,,
2021-12-23,1722.2137451171875,,,,,,
2021-12-27,1721.3463134765625,,,,,,
2021-12-28,1743.904052734375,,,,,,
2021-12-29,1731.7576904296875,,,,,,
2021-12-30,1670.156982421875,,,,,,
2021-12-31,1643.2607421875,,,,,,
2022-01-03,1723.0814208984375,,,,,,
2022-01-04,1707.4642333984375,,,,,,
2022-01-05,1769.9326171875,,,,,,
2022-01-06,1887.060302734375,,,,,,
2022-01-07,1856.694091796875,,,,,,
2022-01-10,1792.490478515625,,,,,,
2022-01-11,1721.3463134765625,,,,,,
2022-01-12,1658.8780517578125,,,,,,
2022-01-13,1706.5966796875,,,,,,
2022-01-14,1739.566162109375,,,,,,
2022-01-18,1780.3438720703125,,,,,,
2022-01-19,1518.3245849609375,,,,,,
2022-01-20,1567.7784423828125,,,,,,
2022-01-21,1631.9820556640625,,,,,,
2022-01-24,1651.9371337890625,,,,,,
2022-01-25,1635.4522705078125,,,,,,
2022-01-26,1739.566162109375,,,,,,
2022-01-27,1844.54736328125,,,,,,
2022-01-28,1893.1336669921875,,,,,,
2022-01-31,1775.13818359375,,,,,,
2022-02-01,1744.771728515625,,,,,,
2022-02-02,1726.5516357421875,,,,,,
2022-02-03,1770.80029296875,,,,,,
2022-02-04,1751.712646484375,,,,,,
2022-02-07,1648.466552734375,,,,,,
2022-02-08,1614.6295166015625,,,,,,
2022-02-09,1616.3648681640625,,,,,,
2022-02-10,1705.729248046875,,,,,,
2022-02-11,1513.986572265625,,,,,,
2022-02-14,1455.8563232421875,,,,,,
2022-02-15,1505.3101806640625,,,,,,
2022-02-16,1409.8729248046875,,,,,,
2022-02-17,1302.2886962890625,,,,,,
2022-02-18,1323.97900390625,,,,,,
2022-02-22,1353.4779052734375,,,,,,
2022-02-23,1308.3619384765625,,,,,,
2022-02-24,1356.9482421875,,,,,,
2022-02-25,1333.5225830078125,,,,,,
2022-02-28,1330.0523681640625,,,,,,
2022-03-01,1218.9976806640625,,,,,,
2022-03-02,1225.07080078125,,,,,,
2022-03-03,1206.8509521484375,,,,,,
2022-03-04,1114.8841552734375,,,,,,
2022-03-07,1055.0186767578125,,,,,,
2022-03-08,1038.5340576171875,,,,,,
2022-03-09,1068.03271484375,,,,,,
2022-03-10,1023.7845458984376,,,,,,
2022-03-11,1058.4888916015625,,,,,,
2022-03-14,1141.7801513671875,,,,,,
2022-03-15,1133.9716796875,,,,,,
2022-03-16,1129.6336669921875,,,,,,
2022-03-17,1081.9146728515625,,,,,,
2022-03-18,1107.075439453125,,,,,,
2022-03-21,1056.7537841796875,,,,,,
2022-03-22,1078.4442138671875,,,,,,
2022-03-23,1022.0491943359376,,,,,,
2022-03-24,1030.7255859375,,,,,,
2022-03-25,1022.0491943359376,,,,,,
2022-03-28,1072.3709716796875,,,,,,
2022-03-29,1046.342529296875,,,,,,
2022-03-30,1022.0491943359376,,,,,,
2022-03-31,1040.2694091796875,,,,,,
2022-04-01,976.933349609375,,,,,,
2022-04-04,995.1533203125,,,,,,
2022-04-05,1040.2694091796875,,,,,,
2022-04-06,1043.7396240234375,,,,,,
2022-04-07,1011.6377563476562,,,,,,
2022-04-08,966.52197265625,,,,,,
2022-04-11,975.1981811523438,,,,,,
2022-04-12,955.2430419921876,,,,,,
2022-04-13,915.3327026367188,,,,,,
2022-04-14,908.391845703125,,,,,,
2022-04-18,909.259521484375,,,,,,
2022-04-19,960.4487915039062,,,,,,
2022-04-20,936.1554565429688,,,,,,
2022-04-21,1028.12255859375,,,,,,
2022-04-22,1098.399169921875,,,,,,
2022-04-25,1170.4112548828125,,,,,,
2022-04-26,1220.73291015625,,,,,,
2022-04-27,1237.2176513671875,,,,,,
2022-04-28,1186.0284423828125,,,,,,
2022-04-29,1212.9244384765625,,,,,,
2022-05-02,1243.2906494140625,,,,,,
2022-05-03,1204.248291015625,,,,,,
2022-05-04,1155.661865234375,,,,,,
2022-05-05,1232.011962890625,,,,,,
2022-05-06,1258.04052734375,,,,,,
2022-05-09,1411.60791015625,,,,,,
2022-05-10,1454.98876953125,,,,,,
2022-05-11,1460.1942138671875,,,,,,
2022-05-12,1596.40966796875,,,,,,
2022-05-13,1525.26513671875,,,,,,
2022-05-16,1494.03125,,,,,,
2022-05-17,1487.09033203125,,,,,,
2022-05-18,1562.5726318359375,,,,,,
2022-05-19,1387.3148193359375,,,,,,
2022-05-20,1394.2557373046875,,,,,,
2022-05-23,1381.241455078125,,,,,,
2022-05-24,1334.390380859375,,,,,,
2022-05-25,1348.2720947265625,,,,,,
2022-05-26,1367.359619140625,,,,,,
2022-05-27,1358.68359375,,,,,,
2022-05-31,1418.5489501953125,,,,,,
2022-06-01,1396.858642578125,,,,,,
2022-06-02,1277.995361328125,,,,,,
2022-06-03,1337.8607177734375,,,,,,
2022-06-06,1367.359619140625,,,,,,
2022-06-07,1343.06640625,,,,,,
2022-06-08,1356.08056640625,,,,,,
2022-06-09,1460.1942138671875,,,,,,
2022-06-10,1324.8466796875,,,,,,
2022-06-13,1493.16357421875,,,,,,
2022-06-14,1567.7784423828125,,,,,,
2022-06-15,1521.7952880859375,,,,,,
2022-06-16,1461.929443359375,,,,,,
2022-06-17,1499.2369384765625,,,,,,
2022-06-21,1485.3548583984375,,,,,,
2022-06-22,1527.0006103515625,,,,,,
2022-06-23,1644.1285400390625,,,,,,
2022-06-24,1558.234619140625,,,,,,
2022-06-27,1579.0574951171875,,,,,,
2022-06-28,1645.8638916015625,,,,,,
2022-06-29,1684.90625,,,,,,
2022-06-30,1818.51904296875,,,,,,
2022-07-01,1719.611083984375,,,,,,
2022-07-05,1861.8995361328125,,,,,,
2022-07-06,1888.79541015625,,,,,,
2022-07-07,1833.2685546875,,,,,,
2022-07-08,1844.54736328125,,,,,,
2022-07-11,1907.015380859375,,,,,,
2022-07-12,1963.4102783203125,,,,,,
2022-07-13,1875.7813720703125,,,,,,
2022-07-14,2034.55517578125,,,,,,
2022-07-15,2058.84814453125,,,,,,
2022-07-18,2033.6873779296875,,,,,,
2022-07-19,1991.1744384765625,,,,,,
2022-07-20,2105.69921875,,,,,,
2022-07-21,2021.540771484375,,,,,,
2022-07-22,2072.730224609375,,,,,,
2022-07-25,2212.415283203125,,,,,,
2022-07-26,2120.44921875,,,,,,
2022-07-27,2051.90673828125,,,,,,
2022-07-28,1972.0865478515625,,,,,,
2022-07-29,1932.1768798828125,,,,,,
2022-08-01,1938.2496337890625,,,,,,
2022-08-02,1988.5711669921875,,,,,,
2022-08-03,2046.701416015625,,,,,,
2022-08-04,1904.4129638671875,,,,,,
2022-08-05,1925.2353515625,,,,,,
2022-08-08,1820.2542724609373,,,,,,
2022-08-09,1827.1949462890625,,,,,,
2022-08-10,1802.0343017578125,,,,,,
2022-08-11,1862.767333984375,,,,,,
2022-08-12,1789.8875732421875,,,,,,
2022-08-15,1860.1646728515625,,,,,,
2022-08-16,1850.62060546875,,,,,,
2022-08-17,1981.630615234375,,,,,,
2022-08-18,1978.159912109375,,,,,,
2022-08-19,2063.18603515625,,,,,,
2022-08-22,2058.84814453125,,,,,,
2022-08-23,1992.0419921875,,,,,,
2022-08-24,1952.9984130859373,,,,,,
2022-08-25,1927.838134765625,,,,,,
2022-08-26,2109.169921875,,,,,,
2022-08-29,2159.4912109375,,,,,,
2022-08-30,2251.45849609375,,,,,,
2022-08-31,2300.045166015625,,,,,,
2022-09-01,2445.804443359375,,,,,,
2022-09-02,2288.76611328125,,,,,,
2022-09-06,2364.248046875,,,,,,
2022-09-07,2180.31396484375,,,,,,
2022-09-08,2177.7109375,,,,,,
2022-09-09,2047.569091796875,,,,,,
2022-09-12,1996.379638671875,,,,,,
2022-09-13,2151.6826171875,,,,,,
2022-09-14,2142.13916015625,,,,,,
2022-09-15,2273.148681640625,,,,,,
2022-09-16,2229.768310546875,,,,,,
2022-09-19,2149.947509765625,,,,,,
2022-09-20,2262.737060546875,,,,,,
2022-09-21,2255.796630859375,,,,,,
2022-09-22,2272.280517578125,,,,,,
2022-09-23,2505.669189453125,,,,,,
2022-09-26,2643.61962890625,,,,,,
2022-09-27,2610.650146484375,,,,,,
2022-09-28,2247.1201171875,,,,,,
2022-09-29,2217.621826171875,,,,,,
2022-09-30,2144.741943359375,,,,,,
2022-10-03,1979.02734375,,,,,,
2022-10-04,1865.369873046875,,,,,,
2022-10-05,1918.2943115234373,,,,,,
2022-10-06,1882.722412109375,,,,,,
2022-10-07,2057.98046875,,,,,,
2022-10-10,2131.7275390625,,,,,,
2022-10-11,2162.96142578125,,,,,,
2022-10-12,2129.12451171875,,,,,,
2022-10-13,2183.78466796875,,,,,,
2022-10-14,2367.718505859375,,,,,,
2022-10-17,2215.01904296875,,,,,,
2022-10-18,2187.2548828125,,,,,,
2022-10-19,2319.132080078125,,,,,,
2022-10-20,2259.267333984375,,,,,,
2022-10-21,2046.701416015625,,,,,,
2022-10-24,2104.831787109375,,,,,,
2022-10-25,2024.1434326171875,,,,,,
2022-10-26,1904.4129638671875,,,,,,
2022-10-27,1944.3228759765625,,,,,,
2022-10-28,1971.218994140625,,,,,,
2022-10-31,2054.509765625,,,,,,
2022-11-01,1971.218994140625,,,,,,
2022-11-02,2188.122314453125,,,,,,
2022-11-03,2310.455810546875,,,,,,
2022-11-04,1849.7530517578125,,,,,,
2022-11-07,1821.98974609375,,,,,,
2022-11-08,1605.0859375,,,,,,
2022-11-09,1649.3341064453125,,,,,,
2022-11-10,1404.6669921875,,,,,,
2022-11-11,1393.387939453125,,,,,,
2022-11-14,1409.0050048828125,,,,,,
2022-11-15,1440.239501953125,,,,,,
2022-11-16,1472.341064453125,,,,,,
2022-11-17,1519.192138671875,,,,,,
2022-11-18,1490.560791015625,,,,,,
2022-11-21,1511.383544921875,,,,,,
2022-11-22,1395.1234130859375,,,,,,
2022-11-23,1350.8748779296875,,,,,,
2022-11-25,1376.9034423828125,,,,,,
2022-11-28,1485.3548583984375,,,,,,
2022-11-29,1397.725830078125,,,,,,
2022-11-30,1304.891357421875,,,,,,
2022-12-01,1220.73291015625,,,,,,
2022-12-02,1226.805908203125,,,,,,
2022-12-05,1317.0379638671875,,,,,,
2022-12-06,1317.0379638671875,,,,,,
2022-12-07,1268.45166015625,,,,,,
2022-12-08,1265.8489990234375,,,,,,
2022-12-09,1293.6124267578125,,,,,,
2022-12-12,1305.759033203125,,,,,,
2022-12-13,1232.011962890625,,,,,,
2022-12-14,1246.76123046875,,,,,,
2022-12-15,1349.1397705078125,,,,,,
2022-12-16,1330.0523681640625,,,,,,
2022-12-19,1370.8302001953125,,,,,,
2022-12-20,1269.319091796875,,,,,,
2022-12-21,1238.952880859375,,,,,,
2022-12-22,1263.2457275390625,,,,,,
2022-12-23,1257.172607421875,,,,,,
2022-12-27,1192.1015625,,,,,,
2022-12-28,1264.1136474609375,,,,,,
2022-12-29,1252.8345947265625,,,,,,
2022-12-30,1270.1868896484375,,,,,,
2023-01-03,1186.0284423828125,,,,,,
2023-01-04,1082.7823486328125,,,,,,
2023-01-05,1101.8699951171875,,,,,,
2023-01-06,1041.13671875,,,,,,
2023-01-09,1057.6217041015625,,,,,,
2023-01-10,1019.4463500976562,,,,,,
2023-01-11,1035.0634765625,,,,,,
2023-01-12,998.6235961914062,,,,,,
2023-01-13,969.992431640625,,,,,,
2023-01-17,1034.19580078125,,,,,,
2023-01-18,1057.6217041015625,,,,,,
2023-01-19,1003.8294677734376,,,,,,
2023-01-20,978.668701171875,,,,,,
2023-01-23,981.2713012695312,,,,,,
2023-01-24,959.5811767578124,,,,,,
2023-01-25,930.0823364257812,,,,,,
2023-01-26,958.71337890625,,,,,,
2023-01-27,982.1389770507812,,,,,,
2023-01-30,1012.50537109375,,,,,,
2023-01-31,1005.5643920898438,,,,,,
2023-02-01,958.71337890625,,,,,,
2023-02-02,1021.1818237304688,,,,,,
2023-02-03,1107.075439453125,,,,,,
2023-02-06,1117.48681640625,,,,,,
2023-02-07,1087.98779296875,,,,,,
2023-02-08,1106.2076416015625,,,,,,
2023-02-09,1151.3238525390625,,,,,,
2023-02-10,1163.470458984375,,,,,,
2023-02-13,1162.6024169921875,,,,,,
2023-02-14,1161.735107421875,,,,,,
2023-02-15,1227.6737060546875,,,,,,
2023-02-16,1237.2176513671875,,,,,,
2023-02-17,1266.71630859375,,,,,,
2023-02-21,1291.009765625,,,,,,
2023-02-22,1350.8748779296875,,,,,,
2023-02-23,1366.4921875,,,,,,
2023-02-24,1400.3289794921875,,,,,,
2023-02-27,1382.109130859375,,,,,,
2023-02-28,1353.4779052734375,,,,,,
2023-03-01,1285.8038330078125,,,,,,
2023-03-02,1279.730712890625,,,,,,
2023-03-03,1249.3641357421875,,,,,,
2023-03-06,1294.480224609375,,,,,,
2023-03-07,1406.402587890625,,,,,,
2023-03-08,1409.0050048828125,,,,,,
2023-03-09,1428.0928955078125,,,,,,
2023-03-10,1369.9625244140625,,,,,,
2023-03-13,1184.293212890625,,,,,,
2023-03-14,1168.6761474609375,,,,,,
2023-03-15,1161.735107421875,,,,,,
2023-03-16,1176.4844970703125,,,,,,
2023-03-17,1067.1650390625,,,,,,
2023-03-20,1028.12255859375,,,,,,
2023-03-21,1103.4752197265625,,,,,,
2023-03-22,1063.90869140625,,,,,,
2023-03-23,1012.031982421875,,,,,,
2023-03-24,996.205322265625,,,,,,
2023-03-27,998.8431396484376,,,,,,
2023-03-28,950.4835815429688,,,,,,
2023-03-29,966.3102416992188,,,,,,
2023-03-30,938.1740112304688,,,,,,
2023-03-31,946.9663696289062,,,,,,
2023-04-03,907.399658203125,,,,,,
2023-04-04,846.7306518554688,,,,,,
2023-04-05,839.696533203125,,,,,,
2023-04-06,833.5416870117188,,,,,,
2023-04-10,855.523193359375,,,,,,
2023-04-11,825.628173828125,,,,,,
2023-04-12,811.56005859375,,,,,,
2023-04-13,766.7175903320312,,,,,,
2023-04-14,798.37109375,,,,,,
2023-04-17,836.179443359375,,,,,,
2023-04-18,823.8696899414062,,,,,,
2023-04-19,849.3683471679688,,,,,,
2023-04-20,850.24755859375,,,,,,
2023-04-21,872.2291259765625,,,,,,
2023-04-24,866.0743408203125,,,,,,
2023-04-25,866.0743408203125,,,,,,
2023-04-26,883.65966796875,,,,,,
2023-04-27,861.6780395507812,,,,,,
2023-04-28,874.8670043945312,,,,,,
2023-05-01,884.5388793945312,,,,,,
2023-05-02,816.835693359375,,,,,,
2023-05-03,808.92236328125,,,,,,
2023-05-04,771.1138916015625,,,,,,
2023-05-05,785.18212890625,,,,,,
2023-05-08,786.940673828125,,,,,,
2023-05-09,790.4577026367188,,,,,,
2023-05-10,803.6466674804688,,,,,,
2023-05-11,870.470703125,,,,,,
2023-05-12,868.7120971679688,,,,,,
2023-05-15,852.8853149414062,,,,,,
2023-05-16,898.6071166992188,,,,,,
2023-05-17,914.4337768554688,,,,,,
2023-05-18,962.7932739257812,,,,,,
2023-05-19,946.087158203125,,,,,,
2023-05-22,961.0347290039062,,,,,,
2023-05-23,975.1032104492188,,,,,,
2023-05-24,1018.18701171875,,,,,,
2023-05-25,1065.6669921875,,,,,,
2023-05-26,1057.7535400390625,,,,,,
2023-05-30,1070.0635986328125,,,,,,
2023-05-31,1021.7039184570312,,,,,,
2023-06-01,953.1214599609376,,,,,,
2023-06-02,983.0164184570312,,,,,,
2023-06-05,975.1032104492188,,,,,,
2023-06-06,973.3445434570312,,,,,,
2023-06-07,1010.2734985351562,,,,,,
2023-06-08,980.378662109375,,,,,,
2023-06-09,1004.1187744140624,,,,,,
2023-06-12,1000.6016235351562,,,,,,
2023-06-13,1016.4282836914062,,,,,,
2023-06-14,1021.7039184570312,,,,,,
2023-06-15,1012.9110107421876,,,,,,
2023-06-16,990.9297485351562,,,,,,
2023-06-20,1063.90869140625,,,,,,
2023-06-21,1077.028076171875,,,,,,
2023-06-22,1092.09716796875,,,,,,
2023-06-23,1096.5299072265625,,,,,,
2023-06-26,1075.2550048828125,,,,,,
2023-06-27,1106.28076171875,,,,,,
2023-06-28,1140.851806640625,,,,,,
2023-06-29,1112.4854736328125,,,,,,
2023-06-30,1073.4820556640625,,,,,,
2023-07-03,1030.0465087890625,,,,,,
2023-07-05,1092.98388671875,,,,,,
2023-07-06,1149.7161865234375,,,,,,
2023-07-07,1117.8043212890625,,,,,,
2023-07-10,1075.2550048828125,,,,,,
2023-07-11,1062.8448486328125,,,,,,
2023-07-12,949.3802490234376,,,,,,
2023-07-13,930.7650146484376,,,,,,
2023-07-14,942.2886962890624,,,,,,
2023-07-17,940.5158081054688,,,,,,
2023-07-18,907.7174682617188,,,,,,
2023-07-19,916.5819091796876,,,,,,
2023-07-20,974.2005004882812,,,,,,
2023-07-21,972.4276733398438,,,,,,
2023-07-24,981.2921752929688,,,,,,
2023-07-25,952.9259033203124,,,,,,
2023-07-26,960.9039916992188,,,,,,
2023-07-27,1037.1383056640625,,,,,,
2023-07-28,1015.8633422851562,,,,,,
2023-07-31,971.5411987304688,,,,,,
2023-08-01,1042.4566650390625,,,,,,
2023-08-02,1109.8262939453125,,,,,,
2023-08-03,1112.4854736328125,,,,,,
2023-08-04,1092.09716796875,,,,,,
2023-08-07,1109.8262939453125,,,,,,
2023-08-08,1122.2366943359375,,,,,,
2023-08-09,1123.123046875,,,,,,
2023-08-10,1121.3502197265625,,,,,,
2023-08-11,1100.9620361328125,,,,,,
2023-08-14,1139.0789794921875,,,,,,
2023-08-15,1201.1298828125,,,,,,
2023-08-16,1227.72314453125,,,,,,
2023-08-17,1254.31640625,,,,,,
2023-08-18,1267.61328125,,,,,,
2023-08-21,1246.33837890625,,,,,,
2023-08-22,1222.404541015625,,,,,,
2023-08-23,1154.1484375,,,,,,
2023-08-24,1163.0128173828125,,,,,,
2023-08-25,1186.060546875,,,,,,
2023-08-28,1135.532958984375,,,,,,
2023-08-29,1095.6431884765625,,,,,,
2023-08-30,1090.3245849609375,,,,,,
2023-08-31,1115.1448974609375,,,,,,
2023-09-01,1127.5550537109375,,,,,,
2023-09-05,1178.082275390625,,,,,,
2023-09-06,1178.082275390625,,,,,,
2023-09-07,1193.15185546875,,,,,,
2023-09-08,1188.719970703125,,,,,,
2023-09-11,1157.6942138671875,,,,,,
2023-09-12,1154.1484375,,,,,,
2023-09-13,1157.6942138671875,,,,,,
2023-09-14,1131.9873046875,,,,,,
2023-09-15,1083.2332763671875,,,,,,
2023-09-18,1079.6873779296875,,,,,,
2023-09-19,1105.41748046875,,,,,,
2023-09-20,1084.7974853515625,,,,,,
2023-09-21,1142.1751708984375,,,,,,
2023-09-22,1146.65771484375,,,,,,
2023-09-25,1172.6571044921875,,,,,,
2023-09-26,1237.20703125,,,,,,
2023-09-27,1314.3082275390625,,,,,,
2023-09-28,1302.6534423828125,,,,,,
2023-09-29,1322.376953125,,,,,,
2023-10-02,1404.8575439453125,,,,,,
2023-10-03,1398.581787109375,,,,,,
2023-10-04,1419.201904296875,,,,,,
2023-10-05,1372.58251953125,,,,,,
2023-10-06,1317.89453125,,,,,,
2023-10-09,1255.1375732421875,,,,,,
2023-10-10,1231.827880859375,,,,,,
2023-10-11,1188.794677734375,,,,,,
2023-10-12,1228.2418212890625,,,,,,
2023-10-13,1128.727294921875,,,,,,
2023-10-16,1125.14111328125,,,,,,
2023-10-17,1083.0045166015625,,,,,,
2023-10-18,1092.8663330078125,,,,,,
2023-10-19,1084.7974853515625,,,,,,
2023-10-20,1090.1767578125,,,,,,
2023-10-23,1109.00390625,,,,,,
2023-10-24,1102.7279052734375,,,,,,
2023-10-25,1143.9681396484375,,,,,,
2023-10-26,1166.381591796875,,,,,,
2023-10-27,1110.7967529296875,,,,,,
2023-10-30,1145.7613525390625,,,,,,
2023-10-31,1204.93212890625,,,,,,
2023-11-01,1198.65625,,,,,,
2023-11-02,1184.31201171875,,,,,,
2023-11-03,1082.10791015625,,,,,,
2023-11-06,1104.5208740234375,,,,,,
2023-11-07,1153.830078125,,,,,,
2023-11-08,1222.86279296875,,,,,,
2023-11-09,1235.4139404296875,,,,,,
2023-11-10,1265.8958740234375,,,,,,
2023-11-13,1279.3438720703125,,,,,,
2023-11-14,1161.898681640625,,,,,,
2023-11-15,1172.6571044921875,,,,,,
2023-11-16,1139.4857177734375,,,,,,
2023-11-17,1156.51953125,,,,,,
2023-11-20,1147.5543212890625,,,,,,
2023-11-21,1095.5560302734375,,,,,,
2023-11-22,1095.5560302734375,,,,,,
2023-11-24,1086.5904541015625,,,,,,
2023-11-27,1057.9017333984375,,,,,,
2023-11-28,957.4907836914062,,,,,,
2023-11-29,953.9046630859376,,,,,,
2023-11-30,945.8358764648438,,,,,,
2023-12-01,918.0435791015624,,,,,,
2023-12-04,964.6627807617188,,,,,,
2023-12-05,1001.4205932617188,,,,,,
2023-12-06,1005.0067749023438,,,,,,
2023-12-07,1013.0753784179688,,,,,,
2023-12-08,1053.4188232421875,,,,,,
2023-12-11,1064.1776123046875,,,,,,
2023-12-12,1113.4864501953125,,,,,,
2023-12-13,972.7316284179688,,,,,,
2023-12-14,935.0775146484376,,,,,,
2023-12-15,953.0079956054688,,,,,,
2023-12-18,940.456787109375,,,,,,
2023-12-19,889.3546142578125,,,,,,
2023-12-20,935.0775146484376,,,,,,
2023-12-21,902.06201171875,,,,,,
2023-12-22,888.5310668945312,,,,,,
2023-12-26,883.1187744140625,,,,,,
2023-12-27,865.9794921875,,,,,,
2023-12-28,908.37646484375,,,,,,
2023-12-29,919.201171875,,,,,,
2024-01-02,946.262939453125,,,,,,
2024-01-03,996.7784423828124,,,,,,
2024-01-04,998.5827026367188,,,,,,
2024-01-05,1001.2887573242188,,,,,,
2024-01-08,1007.603271484375,,,,,,
2024-01-09,1043.6856689453125,,,,,,
2024-01-10,1047.2940673828125,,,,,,
2024-01-11,1062.6290283203125,,,,,,
2024-01-12,1004.8969116210938,,,,,,
2024-01-16,1093.2991943359375,,,,,,
2024-01-17,1162.7578125,,,,,,
2024-01-18,1155.5416259765625,,,,,,
2024-01-19,1152.8353271484375,,,,,,
2024-01-22,1157.3455810546875,,,,,,
2024-01-23,1104.1240234375,,,,,,
2024-01-24,1147.423095703125,,,,,,
2024-01-25,1102.3197021484375,,,,,,
2024-01-26,1115.8507080078125,,,,,,
2024-01-29,1094.2010498046875,,,,,,
2024-01-30,1112.2425537109375,,,,,,
2024-01-31,1127.57763671875,,,,,,
2024-02-01,1043.6856689453125,,,,,,
2024-02-02,1115.8507080078125,,,,,,
2024-02-05,1170.87646484375,,,,,,
2024-02-06,1139.304443359375,,,,,,
2024-02-07,1160.0517578125,,,,,,
2024-02-08,1173.58251953125,,,,,,
2024-02-09,1204.2528076171875,,,,,,
2024-02-12,1174.4847412109375,,,,,,
2024-02-13,1298.0673828125,,,,,,
2024-02-14,1280.9281005859375,,,,,,
2024-02-15,1210.567138671875,,,,,,
2024-02-16,1202.4488525390625,,,,,,
2024-02-20,1191.6239013671875,,,,,,
2024-02-21,1206.9591064453125,,,,,,
2024-02-22,1271.00537109375,,,,,,
2024-02-23,1224.098388671875,,,,,,
2024-02-26,1261.0828857421875,,,,,,
2024-02-27,1281.830078125,,,,,,
2024-02-28,1304.3817138671875,,,,,,
2024-02-29,1246.6497802734375,,,,,,
2024-03-01,1159.1495361328125,,,,,,
2024-03-04,1059.9228515625,,,,,,
2024-03-05,1049.097900390625,,,,,,
2024-03-06,1013.0155639648438,,,,,,
2024-03-07,985.0516967773438,,,,,,
2024-03-08,981.4434204101562,,,,,,
2024-03-11,948.067138671875,,,,,,
2024-03-12,982.345458984375,,,,,,
2024-03-13,938.1444091796876,,,,,,
2024-03-14,957.9899291992188,,,,,,
2024-03-15,960.6961059570312,,,,,,
2024-03-18,973.3248901367188,,,,,,
2024-03-19,1014.6806640625,,,,,,
2024-03-20,935.079833984375,,,,,,
2024-03-21,951.549072265625,,,,,,
2024-03-22,977.167724609375,,,,,,
2024-03-25,960.6986694335938,,,,,,
2024-03-26,961.6135864257812,,,,,,
2024-03-27,892.9922485351562,,,,,,
2024-03-28,854.564208984375,,,,,,
2024-04-01,832.60546875,,,,,,
2024-04-02,814.3064575195312,,,,,,
2024-04-03,775.8785400390625,,,,,,
2024-04-04,794.1774291992188,,,,,,
2024-04-05,742.9403076171875,,,,,,
2024-04-08,755.7495727539062,,,,,,
2024-04-09,726.4711303710938,,,,,,
2024-04-10,751.1747436523438,,,,,,
2024-04-11,716.4066162109375,,,,,,
2024-04-12,747.5150146484375,,,,,,
2024-04-15,756.6644897460938,,,,,,
2024-04-16,780.4533081054688,,,,,,
2024-04-17,756.6644897460938,,,,,,
2024-04-18,748.429931640625,,,,,,
2024-04-19,731.0458984375,,,,,,
2024-04-22,796.0073852539062,,,,,,
2024-04-23,773.1336059570312,,,,,,
2024-04-24,772.2186279296875,,,,,,
2024-04-25,715.4917602539062,,,,,,
2024-04-26,705.4273071289062,,,,,,
2024-04-29,699.0225830078125,,,,,,
2024-04-30,759.4093017578125,,,,,,
2024-05-01,753.0047607421875,,,,,,
2024-05-02,746.5999755859375,,,,,,
2024-05-03,750.2598876953125,,,,,,
2024-05-06,717.3216552734375,,,,,,
2024-05-07,720.9814453125,,,,,,
2024-05-08,720.0665283203125,,,,,,
2024-05-09,670.6591796875,,,,,,
2024-05-10,677.0637817382812,,,,,,
2024-05-13,686.21337890625,,,,,,
2024-05-14,668.8291015625,,,,,,
2024-05-15,650.5302124023438,,,,,,
2024-05-16,660.5946044921875,,,,,,
2024-05-17,614.8471069335938,,,,,,
2024-05-20,602.9527587890625,,,,,,
2024-05-21,612.1023559570312,,,,,,
2024-05-22,662.4246215820312,,,,,,
2024-05-23,688.0431518554688,,,,,,
2024-05-24,670.6591796875,,,,,,
2024-05-28,639.5508422851562,,,,,,
2024-05-29,668.8291015625,,,,,,
2024-05-30,659.6797485351562,,,,,,
2024-05-31,667.9143676757812,,,,,,
2024-06-03,658.7648315429688,,,,,,
2024-06-04,704.5122680664062,,,,,,
2024-06-05,681.6385498046875,,,,,,
2024-06-06,638.6358032226562,,,,,,
2024-06-07,723.726318359375,,,,,,
2024-06-10,704.5122680664062,,,,,,
2024-06-11,714.5767822265625,,,,,,
2024-06-12,705.4273071289062,,,,,,
2024-06-13,742.0252685546875,,,,,,
2024-06-14,731.9607543945312,,,,,,
2024-06-17,740.1954345703125,,,,,,
2024-06-18,719.1514892578125,,,,,,
2024-06-20,682.5534057617188,,,,,,
2024-06-21,706.3421630859375,,,,,,
2024-06-24,696.2777709960938,,,,,,
2024-06-25,712.5866088867188,,,,,,
2024-06-26,713.5133056640625,,,,,,
2024-06-27,698.6870727539062,,,,,,
2024-06-28,706.1001586914062,,,,,,
2024-07-01,713.5133056640625,,,,,,
2024-07-02,706.1001586914062,,,,,,
2024-07-03,655.1349487304688,,,,,,
2024-07-05,618.9959716796875,,,,,,
2024-07-08,627.3357543945312,,,,,,
2024-07-09,624.5557861328125,,,,,,
2024-07-10,593.9766235351562,,,,,,
2024-07-11,559.6910400390625,,,,,,
2024-07-12,558.7642211914062,,,,,,
2024-07-15,566.1774291992188,,,,,,
2024-07-16,526.331787109375,,,,,,
2024-07-17,547.6444702148438,,,,,,
2024-07-18,564.3240966796875,,,,,,
2024-07-19,579.1503295898438,,,,,,
2024-07-22,578.2236938476562,,,,,,
2024-07-23,577.297119140625,,,,,,
2024-07-24,585.6368408203125,,,,,,
2024-07-25,618.0692749023438,,,,,,
2024-07-26,608.8029174804688,,,,,,
2024-07-29,604.1696166992188,,,,,,
2024-07-30,595.8299560546875,,,,,,
2024-07-31,564.3240966796875,,,,,,
2024-08-01,584.710205078125,,,,,,
2024-08-02,607.876220703125,,,,,,
2024-08-05,644.94189453125,,,,,,
2024-08-06,636.60205078125,,,,,,
2024-08-07,669.9611206054688,,,,,,
2024-08-08,638.4553833007812,,,,,,
2024-08-09,627.3357543945312,,,,,,
2024-08-12,590.27001953125,,,,,,
2024-08-13,576.3704223632812,,,,,,
2024-08-14,583.7836303710938,,,,,,
2024-08-15,578.2236938476562,,,,,,
2024-08-16,543.9380493164062,,,,,,
2024-08-19,521.6986694335938,,,,,,
2024-08-20,517.9920654296875,,,,,,
2024-08-21,508.7256774902344,,,,,,
2024-08-22,532.8184204101562,,,,,,
2024-08-23,518.9187622070312,,,,,,
2024-08-26,521.6986694335938,,,,,,
2024-08-27,521.6986694335938,,,,,,
2024-08-28,544.8646240234375,,,,,,
2024-08-29,531.8916625976562,,,,,,
2024-08-30,539.3048706054688,,,,,,
2024-09-03,576.3704223632812,,,,,,
2024-09-04,587.4901733398438,,,,,,
2024-09-05,575.4437866210938,,,,,,
2024-09-06,606.02294921875,,,,,,
2024-09-09,593.0499267578125,,,,,,
2024-09-10,578.2236938476562,,,,,,
2024-09-11,573.5906372070312,,,,,,
2024-09-12,517.9920654296875,,,,,,
2024-09-13,494.8260498046875,,,,,,
2024-09-16,501.31256103515625,,,,,,
2024-09-17,509.6523132324219,,,,,,
2024-09-18,520.77197265625,,,,,,
2024-09-19,505.0190734863281,,,,,,
2024-09-20,485.55963134765625,,,,,,
2024-09-23,490.19287109375,,,,,,
2024-09-24,463.8605346679688,,,,,,
2024-09-25,464.7976989746094,,,,,,
2024-09-26,457.3009338378906,,,,,,
2024-09-27,482.6023864746094,,,,,,
2024-09-30,500.40716552734375,,,,,,
2024-10-01,483.5394592285156,,,,,,
2024-10-02,485.4136657714844,,,,,,
2024-10-03,505.0925903320313,,,,,,
2024-10-04,506.96685791015625,,,,,,
2024-10-07,519.1488647460938,,,,,,
2024-10-08,521.023193359375,,,,,,
2024-10-09,527.5828857421875,,,,,,
2024-10-10,496.6587829589844,,,,,,
2024-10-11,493.8474731445313,,,,,,
2024-10-14,491.9733276367188,,,,,,
2024-10-15,478.8540344238281,,,,,,
2024-10-16,471.3573303222656,,,,,,
2024-10-17,461.0492858886719,,,,,,
2024-10-18,425.4397583007813,,,,,,
2024-10-21,423.5656127929688,,,,,,
2024-10-22,405.7608947753906,,,,,,
2024-10-23,422.6285095214844,,,,,,
2024-10-24,444.18170166015625,,,,,,
2024-10-25,457.3009338378906,,,,,,
2024-10-28,460.1122131347656,,,,,,
2024-10-29,446.0557861328125,,,,,,
2024-10-30,458.2380676269531,,,,,,
2024-10-31,482.6023864746094,,,,,,
2024-11-01,494.7846374511719,,,,,,
2024-11-04,494.4097595214844,,,,,,
2024-11-05,489.8180236816406,,,,,,
2024-11-06,524.2093505859375,,,,,,
2024-11-07,500.3134765625,,,,,,
2024-11-08,514.4635009765625,,,,,,
2024-11-11,573.5003662109375,,,,,,
2024-11-12,595.8969116210938,,,,,,
2024-11-13,613.3267211914062,,,,,,
2024-11-14,607.0482177734375,,,,,,
2024-11-15,616.8876953125,,,,,,
2024-11-18,562.7238159179688,,,,,,
2024-11-19,538.2657470703125,,,,,,
2024-11-20,543.6070556640625,,,,,,
2024-11-21,530.6752319335938,,,,,,
2024-11-22,527.7703247070312,,,,,,
2024-11-25,559.2565307617188,,,,,,
2024-11-26,554.9459228515625,,,,,,
2024-11-27,550.82275390625,,,,,,
2024-11-29,544.544189453125,,,,,,
2024-12-02,570.407958984375,,,,,,
2024-12-03,541.4518432617188,,,,,,
2024-12-04,545.1064453125,,,,,,
2024-12-05,547.6366577148438,,,,,,
2024-12-06,569.8456420898438,,,,,,
2024-12-09,534.7984619140625,,,,,,
2024-12-10,535.07958984375,,,,,,
2024-12-11,502.1876831054688,,,,,,
2024-12-12,540.2335205078125,,,,,,
2024-12-13,570.2206420898438,,,,,,
2024-12-16,576.9676513671875,,,,,,
2024-12-17,584.5579833984375,,,,,,
2024-12-18,636.9414672851562,,,,,,
2024-12-19,649.40478515625,,,,,,
2024-12-20,630.0070190429688,,,,,,
2024-12-23,630.0257568359375,,,,,,
2024-12-24,629.7431640625,,,,,,
2024-12-26,625.973876953125,,,,,,
2024-12-27,634.9258422851562,,,,,,
2024-12-30,655.2796020507812,,,,,,
2024-12-31,648.0239868164062,,,,,,
2025-01-02,595.2546997070312,,,,,,
2025-01-03,605.8085327148438,,,,,,
2025-01-06,623.052734375,,,,,,
2025-01-07,605.431640625,,,,,,
2025-01-08,576.1259155273438,,,,,,
2025-01-10,577.3508911132812,,,,,,
2025-01-13,593.65283203125,,,,,,
2025-01-14,560.483642578125,,,,,,
2025-01-15,550.4952392578125,,,,,,
2025-01-16,554.0759887695312,,,,,,
2025-01-17,548.422119140625,,,,,,
2025-01-21,523.4510498046875,,,,,,
2025-01-22,527.7855224609375,,,,,,
2025-01-23,527.9740600585938,,,,,,
2025-01-24,515.4414672851562,,,,,,
2025-01-27,532.9683227539062,,,,,,
2025-01-28,522.7913208007812,,,,,,
2025-01-29,517.3259887695312,,,,,,
2025-01-30,475.9587707519531,,,,,,
2025-01-31,487.6434020996094,,,,,,
2025-02-03,472.6607055664063,,,,,,
2025-02-04,462.1069030761719,,,,,,
2025-02-05,437.7954406738281,,,,,,
2025-02-06,436.2877197265625,,,,,,
2025-02-07,440.8107299804688,,,,,,
2025-02-10,417.4415588378906,,,,,,
2025-02-11,429.8800354003906,,,,,,
2025-02-12,414.70892333984375,,,,,,
2025-02-13,408.30120849609375,,,,,,
2025-02-14,435.9107971191406,,,,,,
2025-02-18,425.8280944824219,,,,,,
2025-02-19,426.4877624511719,,,,,,
2025-02-20,413.10693359375,,,,,,
2025-02-21,440.9049987792969,,,,,,
2025-02-24,436.8530578613281,,,,,,
2025-02-25,450.42230224609375,,,,,,
2025-02-26,439.3030700683594,,,,,,
2025-02-27,469.8338317871094,,,,,,
2025-02-28,465.1222534179688,,,,,,
2025-03-03,464.0857238769531,,,,,,
2025-03-04,451.6472778320313,,,,,,
2025-03-05,420.45697021484375,,,,,,
2025-03-06,427.2415466308594,,,,,,
2025-03-07,421.8704223632813,,,,,,
2025-03-10,444.4858093261719,,,,,,
2025-03-11,416.593505859375,,,,,,
2025-03-12,413.6723327636719,,,,,,
2025-03-13,389.455078125,,,,,,
2025-03-14,382.5762939453125,,,,,,
2025-03-17,365.8031921386719,,,,,,
2025-03-18,360.8089904785156,,,,,,
2025-03-19,355.90899658203125,,,,,,
2025-03-20,356.7570495605469,,,,,,
2025-03-21,367.2166748046875,,,,,,
2025-03-24,371.1743774414063,,,,,,
2025-03-25,358.1658020019531,,,,,,
2025-03-26,363.2278442382813,,,,,,
2025-03-27,346.2269287109375,,,,,,
2025-03-28,348.90118408203125,,,,,,
2025-03-31,343.4571533203125,,,,,,
2025-04-01,345.9403991699219,,,,,,
2025-04-02,346.9909973144531,,,,,,
2025-04-03,347.08648681640625,,,,,,
2025-04-04,409.0730590820313,,,,,,
2025-04-07,412.4159240722656,,,,,,
2025-04-08,412.5114440917969,,,,,,
2025-04-09,345.0807800292969,,,,,,
2025-04-10,310.8879089355469,,,,,,
2025-04-11,277.5546264648437,,,,,,
2025-04-14,274.97576904296875,,,,,,
2025-04-15,269.1496276855469,,,,,,
2025-04-16,253.96337890625,,,,,,
2025-04-17,263.9920349121094,,,,,,
2025-04-21,256.9242553710937,,,,,,
2025-04-22,270.7733154296875,,,,,,
2025-04-23,286.341552734375,,,,,,
2025-04-24,275.07135009765625,,,,,,
2025-04-25,285.6730041503906,,,,,,
2025-04-28,279.3692932128906,,,,,,
2025-04-29,289.3979797363281,,,,,,
2025-04-30,283.1897277832031,,,,,,
2025-05-01,304.7751770019531,,,,,,
2025-05-02,305.8258056640625,,,,,,
2025-05-05,284.6224060058594,,,,,,
2025-05-06,261.3177490234375,,,,,,
2025-05-07,270.20025634765625,,,,,,
2025-05-08,281.7570495605469,,,,,,
2025-05-09,263.9920349121094,,,,,,
2025-05-12,303.2470397949219,,,,,,
2025-05-13,304.2021484375,,,,,,
2025-05-14,317.6691589355469,,,,,,
2025-05-15,303.8200988769531,,,,,,
2025-05-16,307.06744384765625,,,,,,
2025-05-19,293.3139038085937,,,,,,
2025-05-20,276.1219482421875,,,,,,
2025-05-21,268.0989990234375,,,,,,
2025-05-22,271.9194641113281,,,,,,
2025-05-23,256.9242553710937,,,,,,
2025-05-27,264.5650939941406,,,,,,
2025-05-28,259.4075622558594,,,,,,
2025-05-29,259.6940612792969,,,,,,
2025-05-30,256.8287353515625,,,,,,
2025-06-02,224.83258056640625,,,,,,
2025-06-03,230.9453125,,,,,,
2025-06-04,229.22610473632807,,,,,,
2025-06-05,229.70364379882807,,,,,,
2025-06-06,243.17068481445312,,,,,,
2025-06-09,239.063720703125,,,,,,
2025-06-10,244.6988677978516,,,,,,
2025-06-11,240.30535888671875,,,,,,
2025-06-12,226.2652587890625,,,,,,
2025-06-13,218.05133056640625,,,,,,
2025-06-16,225.69219970703125,,,,,,
2025-06-17,226.2652587890625,,,,,,
2025-06-18,230.4677581787109,,,,,,
2025-06-20,236.67596435546875,,,,,,
2025-06-23,230.085678100586,,,,,,
2025-06-24,240.2512969970703,,,,,,
2025-06-25,240.2512969970703,,,,,,
2025-06-26,233.9821929931641,,,,,,
2025-06-27,251.05343627929688,,,,,,
2025-06-30,237.93653869628903,,,,,,
2025-07-01,237.647201538086,,,,,,
2025-07-02,232.43902587890625,,,,,,
2025-07-03,230.51007080078125,,,,,,
2025-07-07,228.19532775878903,,,,,,
2025-07-08,248.9315948486328,,,,,,
2025-07-09,242.37315368652344,,,,,,
2025-07-10,238.90103149414065,,,,,,
2025-07-11,233.3070526123047,,,,,,
2025-07-14,233.5963897705078,,,,,,
2025-07-15,241.505111694336,,,,,,
2025-07-16,239.3832550048828,,,,,,
2025-07-17,244.5914306640625,,,,,,
2025-07-18,245.45947265625,,,,,,
2025-07-21,228.3882293701172,,,,,,
2025-07-22,215.3677673339844,,,,,,
2025-07-23,220.47952270507807,,,,,,
2025-07-24,224.43386840820312,,,,,,
2025-07-25,220.2866058349609,,,,,,
2025-07-28,230.99229431152344,,,,,,
2025-07-29,225.6876678466797,,,,,,
2025-07-30,237.06851196289065,,,,,,
2025-07-31,238.80458068847656,,,,,,
2025-08-01,232.34255981445312,,,,,,
2025-08-04,209.87026977539065,,,,,,
2025-08-05,198.4894256591797,,,,,,
2025-08-06,192.4132232666016,,,,,,
2025-08-07,188.2659606933593,,,,,,
2025-08-08,187.78372192382807,,,,,,
2025-08-11,190.0984802246093,,,,,,
2025-08-12,186.6263427734375,,,,,,
2025-08-13,187.59083557128903,,,,,,
2025-08-14,190.48426818847656,,,,,,
2025-08-15,186.04766845703125,,,,,,
2025-08-18,187.68728637695312,,,,,,
2025-08-19,197.52493286132807,,,,,,
2025-08-20,185.6618804931641,,,,,,
2025-08-21,179.68212890625,,,,,,
2025-08-22,174.28103637695312,,,,,,
2025-08-25,174.08815002441406,,,,,,
2025-08-26,166.6616668701172,,,,,,
2025-08-27,167.14390563964844,,,,,,
2025-08-28,168.4941864013672,,,,,,
2025-08-29,158.07781982421875,,,,,,
2025-09-02,150.16909790039062,,,,,,
2025-09-03,148.3365936279297,,,,,,
2025-09-04,150.84422302246094,,,,,,
2025-09-05,143.12843322753906,,,,,,
2025-09-08,139.07762145996094,,,,,,
2025-09-09,140.52432250976562,,,,,,
2025-09-10,133.8694610595703,,,,,,
2025-09-11,129.1435089111328,,,,,,
2025-09-12,129.23995971679688,,,,,,
2025-09-15,126.34652709960938,,,,,,
2025-09-16,131.55470275878906,,,,,,
2025-09-17,133.09786987304688,,,,,,
2025-09-18,132.4227294921875,,,,,,
2025-09-19,119.30584716796876,,,,,,
2025-09-22,112.9402847290039,,,,,,
2025-09-23,112.77487182617188,,,,,,
2025-09-24,118.80769348144533,,,,,,
2025-09-25,116.472412109375,,,,,,
2025-09-26,111.21802520751952,,,,,,
2025-09-29,108.49352264404295,,,,,,
2025-09-30,106.35284423828124,,,,,,
2025-10-01,104.212158203125,,,,,,
2025-10-02,104.50406646728516,,,,,,
2025-10-03,104.99058532714844,,,,,,
2025-10-06,100.61192321777344,,,,,,
2025-10-07,104.79597473144533,,,,,,
2025-10-08,99.05506896972656,,,,,,
2025-10-09,107.9096908569336,,,,,,
2025-10-10,107.32587432861328,,,,,,
2025-10-13,97.10899353027344,,,,,,
2025-10-14,99.44427490234376,,,,,,
2025-10-15,92.04920196533205,,,,,,
2025-10-16,85.04335021972656,,,,,,
2025-10-17,97.30359649658205,,,,,,
2025-10-20,92.63301849365234,,,,,,
2025-10-21,110.34228515625,,,,,,
2025-10-22,110.24497985839844,,,,,,
2025-10-23,107.32587432861328,,,,,,
2025-10-24,110.05036926269533,,,,,,
2025-10-27,119.2942123413086,,,,,,
2025-10-28,115.30477142333984,,,,,,
2025-10-29,115.11016082763672,,,,,,
2025-10-30,109.36925506591795,,,,,,
2025-10-31,111.99644470214844,,,,,,
2025-11-03,114.42903137207033,,,,,,
2025-11-04,123.96479034423828,,,,,,
2025-11-05,115.5966796875,,,,,,
2025-11-06,114.81824493408205,,,,,,
2025-11-07,109.85576629638672,,,,,,
2025-11-10,99.15237426757812,,,,,,
2025-11-11,97.40090942382812,,,,,,
2025-11-12,90.8815689086914,,,,,,
2025-11-13,96.03865051269533,,,,,,
2025-11-14,98.27664184570312,,,,,,
2025-11-17,101.48766326904295,,,,,,
2025-11-18,99.44427490234376,,,,,,
2025-11-19,97.69281768798828,,,,,,
2025-11-20,106.15823364257812,,,,,,
2025-11-21,104.30945587158205,,,,,,
2025-11-24,92.63301849365234,,,,,,
2025-11-25,92.82763671875,,,,,,
2025-11-26,84.0703125,,,,,,
2025-11-28,80.66468811035156,,,,,,
2025-12-01,81.24850463867188,,,,,,
2025-12-02,83.97300720214844,,,,,,
2025-12-03,84.7514419555664,,,,,,
2025-12-04,84.2649154663086,,,,,,
2025-12-05,84.84873962402344,,,,,,
2025-12-08,88.93549346923828,,,,,,
2025-12-09,82.90266418457031,,,,,,
2025-12-10,79.88624572753906,,,,,,
2025-12-11,74.33995819091797,,,,,,
2025-12-12,75.41029357910156,,,,,,
2025-12-15,76.67524719238281,,,,,,
2025-12-16,76.9671401977539,,,,,,
2025-12-17,75.11837768554688,,,,,,
2025-12-18,75.60489654541016,,,,,,
2025-12-19,71.81006622314453,,,,,,
2025-12-22,67.04218292236328,,,,,,
2025-12-23,66.60015106201172,,,,,,
2025-12-24,67.58245086669922,,,,,,
2025-12-26,65.42138671875,,,,,,
2025-12-29,73.2798080444336,,,,,,
2025-12-30,71.4134292602539,,,,,,
2025-12-31,73.0833511352539,,,,,,
2026-01-02,73.3780288696289,,,,,,
2026-01-05,68.85944366455078,,,,,,
2026-01-06,63.358543395996094,,,,,,
2026-01-07,64.43907928466797,,,,,,
2026-01-08,63.849700927734375,,,,,,
2026-01-09,62.67093276977539,,,,,,
2026-01-12,58.44702911376953,,,,,,
2026-01-13,57.36649703979492,,,,,,
2026-01-14,56.973575592041016,,,,,,
2026-01-15,56.58065414428711,,,,,,
2026-01-16,56.48242568969727,,,,,,
2026-01-20,50.195682525634766,,,,,,
2026-01-21,51.57090759277344,,,,,,
2026-01-22,47.73992538452149,,,,,,
2026-01-23,46.07001495361328,,,,,,
2026-01-26,45.677093505859375,,,,,,
2026-01-27,44.10540771484375,,,,,,
2026-01-28,41.84610748291016,,,,,,
2026-01-29,45.08771133422852,,,,,,
2026-01-30,56.48242568969727,,,,,,
2026-02-02,56.48242568969727,,,,,,
2026-02-03,51.767372131347656,,,,,,
2026-02-04,51.27621841430664,,,,,,
2026-02-05,57.75941848754883,,,,,,
2026-02-06,51.57090759277344,,,,,,
2026-02-09,45.77532196044922,,,,,,
2026-02-10,45.677093505859375,,,,,,
2026-02-11,43.02487182617188,,,,,,
2026-02-12,49.21337890625,,,,,,
2026-02-13,43.6142578125,,,,,,
2026-02-17,46.85585403442383,,,,,,
2026-02-18,44.69478988647461,,,,,,
2026-02-19,43.22133255004883,,,,,,
2026-02-20,41.55141830444336,,,,,,
2026-02-23,38.50627899169922,,,,,,
2026-02-24,38.21158981323242,,,,,,
2026-02-25,37.81866836547852,,,,,,
2026-02-26,36.05052185058594,,,,,,
2026-02-27,34.773529052734375,,,,,,
2026-03-02,35.16645050048828,,,,,,
2026-03-03,41.354957580566406,,,,,,
2026-03-04,40.6673469543457,,,,,,
2026-03-05,43.85983276367188,,,,,,
2026-03-06,44.282222747802734,,,,,,
2026-03-09,43.39815139770508,,,,,,
2026-03-10,42.56319046020508,,,,,,
2026-03-11,44.25275421142578,,,,,,
2026-03-12,46.168243408203125,,,,,,
2026-03-13,51.66913986206055,,,,,,
2026-03-16,50.48055267333984,,,,,,
2026-03-17,50.863651275634766,,,,,,
2026-03-18,57.24861907958984,,,,,,
2026-03-19,63.98721694946289,,,,,,
2026-03-20,68.39775848388672,,,,,,
2026-03-23,62.79863357543945,,,,,,
2026-03-24,62.88612747192383,,,,,,
2026-03-25,58.66057586669922,,,,,,
2026-03-26,63.70140838623047,,,,,,
2026-03-27,58.94890975952149,,,,,,
2026-03-30,58.779884338378906,,,,,,
2026-03-31,50.68671417236328,,,,,,
2026-04-01,46.01375198364258,,,,,,
2026-04-02,47.3261604309082,,,,,,
2026-04-06,48.03207778930664,,,,,,
2026-04-07,46.87874984741211,,,,,,
2026-04-08,43.74687194824219,,,,,,
2026-04-09,43.66733169555664,,,,,,
2026-04-10,42.79239654541016,,,,,,
2026-04-13,43.28952026367188,,,,,,
2026-04-14,41.55952835083008,,,,,,
2026-04-15,43.975547790527344,,,,,,
2026-04-16,44.2241096496582,,,,,,
2026-04-17,41.72854995727539,,,,,,
2026-04-20,42.852046966552734,,,,,,
2026-04-21,48.00224685668945,,,,,,
2026-04-22,46.63018798828125,,,,,,
2026-04-23,49.02632522583008,,,,,,
2026-04-24,46.68984222412109,,,,,,
2026-04-27,48.38006210327149,,,,,,
2026-04-28,52.55590057373047,,,,,,
2026-04-29,55.40938949584961,,,,,,
2026-04-30,52.70503616333008,,,,,,
2026-05-01,54.22623825073242,,,,,,
2026-05-04,56.0158805847168,,,,,,
2026-05-05,55.82697677612305,,,,,,
2026-05-06,47.395755767822266,,,,,,
2026-05-07,47.95253753662109,,,,,,
2026-05-08,45.07916259765625,,,,,,
2026-05-11,42.19584655761719,,,,,,
2026-05-12,42.51400375366211,,,,,,
2026-05-13,43.38894271850586,,,,,,
2026-05-14,45.42714691162109,,,,,,
2026-05-15,51.75056076049805,,,,,,
2026-05-18,52.158199310302734,,,,,,
2026-05-19,56.125247955322266,,,,,,
2026-05-20,52.784576416015625,,,,,,
2026-05-21,53.23199081420898,,,,,,
2026-05-22,54.38531494140625,,,,,,
2026-05-26,50.1398811340332,,,,,,
2026-05-27,53.40100860595703,,,,,,
2026-05-28,51.39263153076172,,,,,,
2026-05-29,48.75787734985352,,,,,,
2026-06-01,51.64119338989258,,,,,,
2026-06-02,50.1398811340332,,,,,,
2026-06-03,53.560089111328125,,,,,,
2026-06-04,51.82015609741211,,,,,,
2026-06-05,60.79821014404297,,,,,,
2026-06-08,61.18596649169922,,,,,,
2026-06-09,62.87618637084961,,,,,,
2026-06-10,69.07034301757812,,,,,,
2026-06-11,61.69303131103516,,,,,,
2026-06-12,58.23305130004883,,,,,,
2026-06-15,50.62705993652344,,,,,,
2026-06-16,48.2607536315918,,,,,,
2026-06-17,51.39263153076172,,,,,,
2026-06-18,53.7291145324707,,,,,,
2026-06-22,55.13100051879883,,,,,,
2026-06-23,60.290000915527344,,,,,,
2026-06-24,65.04000091552734,,,,,,
2026-06-25,63.150001525878906,,,,,,
2026-06-26,61.15999984741211,,,,,,
2026-06-29,63.11000061035156,,,,,,
2026-06-30,63.560001373291016,,,,,,
2026-07-01,64.13999938964844,,,,,,
2026-07-02,58.25,,,,,,
2026-07-06,58.15,,,,,,
2026-07-07,62.42,,,,,,
2026-07-08,66.33,,,,,,
2026-07-09,62.29,,,,,,
2026-07-10,62.7,,,,,,
2026-07-13,66.29,,,,,,
2026-07-14,63.62,,,,,,
2026-07-15,65.0,,,,,,
2026-07-16,69.58,,,,,,
2026-07-17,69.85,,,,,,
2026-07-20,71.14,,,,,,
2026-07-21,64.13,,,,,,
2026-07-22,59.87,,,,,,
2026-07-23,62.59,,,,,,
2026-07-24,62.13,,,,,,
2026-07-27,61.41,,,,,,
2026-07-28,63.68,,,,,,
2026-07-29,65.01,,,,,,
2026-07-30,59.48,,,,,,
2026-07-31,63.42,,,,,,
2026-08-03,60.25,,,,,,
2026-08-04,57.41,,,,,,
2026-08-05,48.93,,,,,,
2026-08-06,48.55,,,,,,
2026-08-07,41.75,,,,,,
2026-08-10,41.13,,,,,,
2026-08-11,41.42,,,,,,
2026-08-12,40.76,,,,,,
2026-08-13,43.13,,,,,,
2026-08-14,41.54,,,,,,
2026-08-17,39.78,,,,,,
2026-08-18,42.15,,,,,,
2026-08-19,34.29,,,,,,
2026-08-20,32.54,,,,,,
2026-08-21,30.61,,,,,,
2026-08-24,30.22,,,,,,
2026-08-25,29.08,,,,,,
2026-08-26,30.77,,,,,,
2026-08-27,30.03,,,,,,
2026-08-28,32.36,,,,,,
2026-08-31,33.13,32.7,34.1,32.44,1252837.0,33.51,3619.0
2026-09-01,35.7,35.41,35.84,33.32,1613437.0,34.735,5292.0
