date,close,open,high,low,volume,average,barCount
2008-12-03,2043.199951171875,,,,,,
2008-12-04,2080.0,,,,,,
2008-12-05,2106.39990234375,,,,,,
2008-12-08,2012.800048828125,,,,,,
2008-12-09,2012.800048828125,,,,,,
2008-12-10,1828.800048828125,,,,,,
2008-12-11,1784.0,,,,,,
2008-12-12,1773.5999755859375,,,,,,
2008-12-15,1695.199951171875,,,,,,
2008-12-16,1604.800048828125,,,,,,
2008-12-17,1583.199951171875,,,,,,
2008-12-18,1641.5999755859375,,,,,,
2008-12-19,1696.800048828125,,,,,,
2008-12-22,1656.0,,,,,,
2008-12-23,1685.5999755859375,,,,,,
2008-12-24,1648.800048828125,,,,,,
2008-12-26,1562.4000244140625,,,,,,
2008-12-29,1530.4000244140625,,,,,,
2008-12-30,1542.4000244140625,,,,,,
2008-12-31,1528.0,,,,,,
2009-01-02,1541.5999755859375,,,,,,
2009-01-05,1604.0,,,,,,
2009-01-06,1568.0,,,,,,
2009-01-07,1668.0,,,,,,
2009-01-08,1600.800048828125,,,,,,
2009-01-09,1601.5999755859375,,,,,,
2009-01-12,1731.199951171875,,,,,,
2009-01-13,1730.4000244140625,,,,,,
2009-01-14,1783.199951171875,,,,,,
2009-01-15,1744.800048828125,,,,,,
2009-01-16,1638.4000244140625,,,,,,
2009-01-20,1589.5999755859375,,,,,,
2009-01-21,1595.199951171875,,,,,,
2009-01-22,1576.800048828125,,,,,,
2009-01-23,1435.199951171875,,,,,,
2009-01-26,1408.0,,,,,,
2009-01-27,1438.4000244140625,,,,,,
2009-01-28,1478.4000244140625,,,,,,
2009-01-29,1397.5999755859375,,,,,,
2009-01-30,1339.199951171875,,,,,,
2009-02-02,1412.800048828125,,,,,,
2009-02-03,1420.0,,,,,,
2009-02-04,1403.199951171875,,,,,,
2009-02-05,1360.0,,,,,,
2009-02-06,1376.800048828125,,,,,,
2009-02-09,1424.0,,,,,,
2009-02-10,1360.800048828125,,,,,,
2009-02-11,1292.800048828125,,,,,,
2009-02-12,1268.800048828125,,,,,,
2009-02-13,1284.0,,,,,,
2009-02-17,1208.0,,,,,,
2009-02-18,1175.199951171875,,,,,,
2009-02-19,1201.5999755859375,,,,,,
2009-02-20,1150.4000244140625,,,,,,
2009-02-23,1156.0,,,,,,
2009-02-24,1217.5999755859375,,,,,,
2009-02-25,1253.5999755859375,,,,,,
2009-02-26,1256.0,,,,,,
2009-02-27,1272.0,,,,,,
2009-03-02,1313.5999755859375,,,,,,
2009-03-03,1342.4000244140625,,,,,,
2009-03-04,1364.0,,,,,,
2009-03-05,1276.800048828125,,,,,,
2009-03-06,1268.800048828125,,,,,,
2009-03-09,1312.0,,,,,,
2009-03-10,1387.199951171875,,,,,,
2009-03-11,1353.5999755859375,,,,,,
2009-03-12,1300.0,,,,,,
2009-03-13,1288.800048828125,,,,,,
2009-03-16,1300.0,,,,,,
2009-03-17,1329.5999755859375,,,,,,
2009-03-18,1222.4000244140625,,,,,,
2009-03-19,1188.800048828125,,,,,,
2009-03-20,1204.800048828125,,,,,,
2009-03-23,1252.0,,,,,,
2009-03-24,1272.0,,,,,,
2009-03-25,1240.0,,,,,,
2009-03-26,1251.199951171875,,,,,,
2009-03-27,1280.0,,,,,,
2009-03-30,1296.800048828125,,,,,,
2009-03-31,1293.5999755859375,,,,,,
2009-04-01,1271.199951171875,,,,,,
2009-04-02,1332.800048828125,,,,,,
2009-04-03,1365.5999755859375,,,,,,
2009-04-06,1439.199951171875,,,,,,
2009-04-07,1389.5999755859375,,,,,,
2009-04-08,1392.800048828125,,,,,,
2009-04-09,1402.4000244140625,,,,,,
2009-04-13,1348.0,,,,,,
2009-04-14,1365.5999755859375,,,,,,
2009-04-15,1356.800048828125,,,,,,
2009-04-16,1412.800048828125,,,,,,
2009-04-17,1432.800048828125,,,,,,
2009-04-20,1372.0,,,,,,
2009-04-21,1374.4000244140625,,,,,,
2009-04-22,1359.199951171875,,,,,,
2009-04-23,1318.4000244140625,,,,,,
2009-04-24,1287.199951171875,,,,,,
2009-04-27,1308.0,,,,,,
2009-04-28,1344.0,,,,,,
2009-04-29,1329.5999755859375,,,,,,
2009-04-30,1360.800048828125,,,,,,
2009-05-01,1370.4000244140625,,,,,,
2009-05-04,1317.5999755859375,,,,,,
2009-05-05,1322.4000244140625,,,,,,
2009-05-06,1286.4000244140625,,,,,,
2009-05-07,1291.199951171875,,,,,,
2009-05-08,1272.800048828125,,,,,,
2009-05-11,1279.199951171875,,,,,,
2009-05-12,1248.800048828125,,,,,,
2009-05-13,1245.5999755859375,,,,,,
2009-05-14,1244.0,,,,,,
2009-05-15,1229.5999755859375,,,,,,
2009-05-18,1259.199951171875,,,,,,
2009-05-19,1244.0,,,,,,
2009-05-20,1207.199951171875,,,,,,
2009-05-21,1168.0,,,,,,
2009-05-22,1159.199951171875,,,,,,
2009-05-26,1168.0,,,,,,
2009-05-27,1173.5999755859375,,,,,,
2009-05-28,1156.0,,,,,,
2009-05-29,1106.4000244140625,,,,,,
2009-06-01,1117.5999755859375,,,,,,
2009-06-02,1103.199951171875,,,,,,
2009-06-03,1144.800048828125,,,,,,
2009-06-04,1104.0,,,,,,
2009-06-05,1163.199951171875,,,,,,
2009-06-08,1165.5999755859375,,,,,,
2009-06-09,1159.199951171875,,,,,,
2009-06-10,1159.199951171875,,,,,,
2009-06-11,1164.0,,,,,,
2009-06-12,1201.5999755859375,,,,,,
2009-06-15,1226.4000244140625,,,,,,
2009-06-16,1208.0,,,,,,
2009-06-17,1197.5999755859375,,,,,,
2009-06-18,1207.199951171875,,,,,,
2009-06-19,1204.800048828125,,,,,,
2009-06-22,1239.199951171875,,,,,,
2009-06-23,1227.199951171875,,,,,,
2009-06-24,1212.800048828125,,,,,,
2009-06-25,1190.4000244140625,,,,,,
2009-06-26,1190.4000244140625,,,,,,
2009-06-29,1196.0,,,,,,
2009-06-30,1220.800048828125,,,,,,
2009-07-01,1188.0,,,,,,
2009-07-02,1217.5999755859375,,,,,,
2009-07-06,1228.800048828125,,,,,,
2009-07-07,1232.800048828125,,,,,,
2009-07-08,1272.800048828125,,,,,,
2009-07-09,1264.0,,,,,,
2009-07-10,1262.4000244140625,,,,,,
2009-07-13,1243.199951171875,,,,,,
2009-07-14,1225.5999755859375,,,,,,
2009-07-15,1189.5999755859375,,,,,,
2009-07-16,1193.5999755859375,,,,,,
2009-07-17,1197.5999755859375,,,,,,
2009-07-20,1160.0,,,,,,
2009-07-21,1161.5999755859375,,,,,,
2009-07-22,1157.5999755859375,,,,,,
2009-07-23,1158.4000244140625,,,,,,
2009-07-24,1156.0,,,,,,
2009-07-27,1148.0,,,,,,
2009-07-28,1188.0,,,,,,
2009-07-29,1210.4000244140625,,,,,,
2009-07-30,1199.199951171875,,,,,,
2009-07-31,1155.199951171875,,,,,,
2009-08-03,1140.0,,,,,,
2009-08-04,1118.4000244140625,,,,,,
2009-08-05,1121.5999755859375,,,,,,
2009-08-06,1123.199951171875,,,,,,
2009-08-07,1144.0,,,,,,
2009-08-10,1162.4000244140625,,,,,,
2009-08-11,1168.0,,,,,,
2009-08-12,1164.0,,,,,,
2009-08-13,1141.5999755859375,,,,,,
2009-08-14,1158.4000244140625,,,,,,
2009-08-17,1194.4000244140625,,,,,,
2009-08-18,1185.5999755859375,,,,,,
2009-08-19,1169.5999755859375,,,,,,
2009-08-20,1175.199951171875,,,,,,
2009-08-21,1143.199951171875,,,,,,
2009-08-24,1172.800048828125,,,,,,
2009-08-25,1161.5999755859375,,,,,,
2009-08-26,1160.800048828125,,,,,,
2009-08-27,1152.800048828125,,,,,,
2009-08-28,1136.0,,,,,,
2009-08-31,1144.800048828125,,,,,,
2009-09-01,1131.199951171875,,,,,,
2009-09-02,1075.199951171875,,,,,,
2009-09-03,1050.4000244140625,,,,,,
2009-09-04,1047.199951171875,,,,,,
2009-09-08,1050.4000244140625,,,,,,
2009-09-09,1056.800048828125,,,,,,
2009-09-10,1047.199951171875,,,,,,
2009-09-11,1020.7999877929688,,,,,,
2009-09-14,1038.4000244140625,,,,,,
2009-09-15,1018.4000244140624,,,,,,
2009-09-16,994.4000244140624,,,,,,
2009-09-17,1008.0,,,,,,
2009-09-18,1020.7999877929688,,,,,,
2009-09-21,1026.4000244140625,,,,,,
2009-09-22,1000.0,,,,,,
2009-09-23,1016.0,,,,,,
2009-09-24,1042.4000244140625,,,,,,
2009-09-25,1050.4000244140625,,,,,,
2009-09-28,1049.5999755859375,,,,,,
2009-09-29,1043.199951171875,,,,,,
2009-09-30,1012.7999877929688,,,,,,
2009-10-01,1030.4000244140625,,,,,,
2009-10-02,1022.4000244140624,,,,,,
2009-10-05,991.2000122070312,,,,,,
2009-10-06,944.0,,,,,,
2009-10-07,942.4000244140624,,,,,,
2009-10-08,917.5999755859376,,,,,,
2009-10-09,929.5999755859376,,,,,,
2009-10-12,918.4000244140624,,,,,,
2009-10-13,906.4000244140624,,,,,,
2009-10-14,908.0,,,,,,
2009-10-15,928.7999877929688,,,,,,
2009-10-16,923.2000122070312,,,,,,
2009-10-19,905.5999755859376,,,,,,
2009-10-20,917.5999755859376,,,,,,
2009-10-21,913.5999755859376,,,,,,
2009-10-22,910.4000244140624,,,,,,
2009-10-23,916.0,,,,,,
2009-10-26,945.5999755859376,,,,,,
2009-10-27,944.0,,,,,,
2009-10-28,964.0,,,,,,
2009-10-29,928.0,,,,,,
2009-10-30,932.7999877929688,,,,,,
2009-11-02,906.4000244140624,,,,,,
2009-11-03,862.4000244140625,,,,,,
2009-11-04,852.7999877929688,,,,,,
2009-11-05,855.2000122070312,,,,,,
2009-11-06,847.2000122070312,,,,,,
2009-11-09,836.0,,,,,,
2009-11-10,831.2000122070312,,,,,,
2009-11-11,813.5999755859375,,,,,,
2009-11-12,833.5999755859375,,,,,,
2009-11-13,810.4000244140625,,,,,,
2009-11-16,782.4000244140625,,,,,,
2009-11-17,777.5999755859375,,,,,,
2009-11-18,773.5999755859375,,,,,,
2009-11-19,772.0,,,,,,
2009-11-20,764.7999877929688,,,,,,
2009-11-23,744.0,,,,,,
2009-11-24,738.4000244140625,,,,,,
2009-11-25,713.5999755859375,,,,,,
2009-11-27,731.2000122070312,,,,,,
2009-11-30,724.7999877929688,,,,,,
2009-12-01,703.2000122070312,,,,,,
2009-12-02,682.4000244140625,,,,,,
2009-12-03,685.5999755859375,,,,,,
2009-12-04,744.7999877929688,,,,,,
2009-12-07,749.5999755859375,,,,,,
2009-12-08,780.0,,,,,,
2009-12-09,782.4000244140625,,,,,,
2009-12-10,780.7999877929688,,,,,,
2009-12-11,802.4000244140625,,,,,,
2009-12-14,789.5999755859375,,,,,,
2009-12-15,789.5999755859375,,,,,,
2009-12-16,769.5999755859375,,,,,,
2009-12-17,829.5999755859375,,,,,,
2009-12-18,805.5999755859375,,,,,,
2009-12-21,833.5999755859375,,,,,,
2009-12-22,847.2000122070312,,,,,,
2009-12-23,840.7999877929688,,,,,,
2009-12-24,812.7999877929688,,,,,,
2009-12-28,808.7999877929688,,,,,,
2009-12-29,825.5999755859375,,,,,,
2009-12-30,831.2000122070312,,,,,,
2009-12-31,828.0,,,,,,
2010-01-04,788.0,,,,,,
2010-01-05,789.5999755859375,,,,,,
2010-01-06,764.0,,,,,,
2010-01-07,772.0,,,,,,
2010-01-08,765.5999755859375,,,,,,
2010-01-11,744.7999877929688,,,,,,
2010-01-12,776.0,,,,,,
2010-01-13,761.5999755859375,,,,,,
2010-01-14,753.5999755859375,,,,,,
2010-01-15,770.4000244140625,,,,,,
2010-01-19,760.0,,,,,,
2010-01-20,795.2000122070312,,,,,,
2010-01-21,819.2000122070312,,,,,,
2010-01-22,821.5999755859375,,,,,,
2010-01-25,815.2000122070312,,,,,,
2010-01-26,816.0,,,,,,
2010-01-27,831.2000122070312,,,,,,
2010-01-28,832.7999877929688,,,,,,
2010-01-29,838.4000244140625,,,,,,
2010-02-01,801.5999755859375,,,,,,
2010-02-02,789.5999755859375,,,,,,
2010-02-03,796.7999877929688,,,,,,
2010-02-04,860.0,,,,,,
2010-02-05,853.5999755859375,,,,,,
2010-02-08,864.0,,,,,,
2010-02-09,841.5999755859375,,,,,,
2010-02-10,848.0,,,,,,
2010-02-11,814.4000244140625,,,,,,
2010-02-12,816.7999877929688,,,,,,
2010-02-16,775.2000122070312,,,,,,
2010-02-17,781.5999755859375,,,,,,
2010-02-18,772.0,,,,,,
2010-02-19,778.4000244140625,,,,,,
2010-02-22,784.0,,,,,,
2010-02-23,800.7999877929688,,,,,,
2010-02-24,808.7999877929688,,,,,,
2010-02-25,792.7999877929688,,,,,,
2010-02-26,776.0,,,,,,
2010-03-01,776.0,,,,,,
2010-03-02,753.5999755859375,,,,,,
2010-03-03,746.4000244140625,,,,,,
2010-03-04,754.4000244140625,,,,,,
2010-03-05,756.0,,,,,,
2010-03-08,768.0,,,,,,
2010-03-09,770.4000244140625,,,,,,
2010-03-10,787.2000122070312,,,,,,
2010-03-11,784.7999877929688,,,,,,
2010-03-12,793.5999755859375,,,,,,
2010-03-15,788.0,,,,,,
2010-03-16,758.4000244140625,,,,,,
2010-03-17,769.5999755859375,,,,,,
2010-03-18,760.7999877929688,,,,,,
2010-03-19,787.2000122070312,,,,,,
2010-03-22,796.0,,,,,,
2010-03-23,788.7999877929688,,,,,,
2010-03-24,815.2000122070312,,,,,,
2010-03-25,809.5999755859375,,,,,,
2010-03-26,782.4000244140625,,,,,,
2010-03-29,780.7999877929688,,,,,,
2010-03-30,791.2000122070312,,,,,,
2010-03-31,776.7999877929688,,,,,,
2010-04-01,760.0,,,,,,
2010-04-05,749.5999755859375,,,,,,
2010-04-06,748.7999877929688,,,,,,
2010-04-07,729.5999755859375,,,,,,
2010-04-08,727.2000122070312,,,,,,
2010-04-09,713.5999755859375,,,,,,
2010-04-12,721.5999755859375,,,,,,
2010-04-13,724.7999877929688,,,,,,
2010-04-14,720.0,,,,,,
2010-04-15,712.1599731445312,,,,,,
2010-04-16,743.3599853515625,,,,,,
2010-04-19,745.1199951171875,,,,,,
2010-04-20,739.8400268554688,,,,,,
2010-04-21,728.7999877929688,,,,,,
2010-04-22,734.719970703125,,,,,,
2010-04-23,716.47998046875,,,,,,
2010-04-26,721.5999755859375,,,,,,
2010-04-27,698.4000244140625,,,,,,
2010-04-28,701.9199829101562,,,,,,
2010-04-29,703.3599853515625,,,,,,
2010-04-30,689.280029296875,,,,,,
2010-05-03,684.6400146484375,,,,,,
2010-05-04,694.8800048828125,,,,,,
2010-05-05,691.52001953125,,,,,,
2010-05-06,650.4000244140625,,,,,,
2010-05-07,653.4400024414062,,,,,,
2010-05-10,660.47998046875,,,,,,
2010-05-11,627.52001953125,,,,,,
2010-05-12,619.3599853515625,,,,,,
2010-05-13,627.6799926757812,,,,,,
2010-05-14,629.4400024414062,,,,,,
2010-05-17,639.0399780273438,,,,,,
2010-05-18,639.0399780273438,,,,,,
2010-05-19,668.9600219726562,,,,,,
2010-05-20,678.239990234375,,,,,,
2010-05-21,684.9600219726562,,,,,,
2010-05-24,666.0800170898438,,,,,,
2010-05-25,660.6400146484375,,,,,,
2010-05-26,646.8800048828125,,,,,,
2010-05-27,644.9600219726562,,,,,,
2010-05-28,643.8400268554688,,,,,,
2010-06-01,631.8400268554688,,,,,,
2010-06-02,632.7999877929688,,,,,,
2010-06-03,651.3599853515625,,,,,,
2010-06-04,638.4000244140625,,,,,,
2010-06-07,613.280029296875,,,,,,
2010-06-08,617.9199829101562,,,,,,
2010-06-09,622.239990234375,,,,,,
2010-06-10,638.4000244140625,,,,,,
2010-06-11,626.8800048828125,,,,,,
2010-06-14,631.3599853515625,,,,,,
2010-06-15,617.1199951171875,,,,,,
2010-06-16,623.6799926757812,,,,,,
2010-06-17,608.0,,,,,,
2010-06-18,597.9199829101562,,,,,,
2010-06-21,621.5999755859375,,,,,,
2010-06-22,611.2000122070312,,,,,,
2010-06-23,615.6799926757812,,,,,,
2010-06-24,612.3200073242188,,,,,,
2010-06-25,598.0800170898438,,,,,,
2010-06-28,613.5999755859375,,,,,,
2010-06-29,611.2000122070312,,,,,,
2010-06-30,607.2000122070312,,,,,,
2010-07-01,654.5599975585938,,,,,,
2010-07-02,639.0399780273438,,,,,,
2010-07-06,659.52001953125,,,,,,
2010-07-07,646.5599975585938,,,,,,
2010-07-08,652.0,,,,,,
2010-07-09,639.52001953125,,,,,,
2010-07-12,649.9199829101562,,,,,,
2010-07-13,638.8800048828125,,,,,,
2010-07-14,639.3599853515625,,,,,,
2010-07-15,640.0,,,,,,
2010-07-16,656.7999877929688,,,,,,
2010-07-19,666.8800048828125,,,,,,
2010-07-20,657.5999755859375,,,,,,
2010-07-21,665.4400024414062,,,,,,
2010-07-22,654.4000244140625,,,,,,
2010-07-23,662.8800048828125,,,,,,
2010-07-26,669.280029296875,,,,,,
2010-07-27,692.3200073242188,,,,,,
2010-07-28,689.4400024414062,,,,,,
2010-07-29,683.6799926757812,,,,,,
2010-07-30,668.9600219726562,,,,,,
2010-08-02,667.2000122070312,,,,,,
2010-08-03,662.239990234375,,,,,,
2010-08-04,654.0800170898438,,,,,,
2010-08-05,650.239990234375,,,,,,
2010-08-06,640.47998046875,,,,,,
2010-08-09,644.6400146484375,,,,,,
2010-08-10,641.5999755859375,,,,,,
2010-08-11,645.5999755859375,,,,,,
2010-08-12,630.239990234375,,,,,,
2010-08-13,630.239990234375,,,,,,
2010-08-16,619.6799926757812,,,,,,
2010-08-17,619.52001953125,,,,,,
2010-08-18,614.8800048828125,,,,,,
2010-08-19,612.6400146484375,,,,,,
2010-08-20,616.3200073242188,,,,,,
2010-08-23,618.0800170898438,,,,,,
2010-08-24,612.0,,,,,,
2010-08-25,601.5999755859375,,,,,,
2010-08-26,605.760009765625,,,,,,
2010-08-27,605.1199951171875,,,,,,
2010-08-30,606.5599975585938,,,,,,
2010-08-31,594.0800170898438,,,,,,
2010-09-01,597.760009765625,,,,,,
2010-09-02,592.1599731445312,,,,,,
2010-09-03,596.1599731445312,,,,,,
2010-09-07,587.8400268554688,,,,,,
2010-09-08,587.8400268554688,,,,,,
2010-09-09,599.0399780273438,,,,,,
2010-09-10,597.280029296875,,,,,,
2010-09-13,597.760009765625,,,,,,
2010-09-14,574.719970703125,,,,,,
2010-09-15,575.6799926757812,,,,,,
2010-09-16,568.47998046875,,,,,,
2010-09-17,569.280029296875,,,,,,
2010-09-20,566.4000244140625,,,,,,
2010-09-21,556.0,,,,,,
2010-09-22,554.4000244140625,,,,,,
2010-09-23,553.5999755859375,,,,,,
2010-09-24,550.0800170898438,,,,,,
2010-09-27,549.5999755859375,,,,,,
2010-09-28,539.0399780273438,,,,,,
2010-09-29,538.4000244140625,,,,,,
2010-09-30,539.0399780273438,,,,,,
2010-10-01,530.4000244140625,,,,,,
2010-10-04,533.4400024414062,,,,,,
2010-10-05,513.4400024414062,,,,,,
2010-10-06,506.55999755859375,,,,,,
2010-10-07,517.4400024414062,,,,,,
2010-10-08,507.8399963378906,,,,,,
2010-10-11,503.2000122070313,,,,,,
2010-10-12,505.6000061035156,,,,,,
2010-10-13,488.9599914550781,,,,,,
2010-10-14,483.8399963378906,,,,,,
2010-10-15,491.8399963378906,,,,,,
2010-10-18,488.0,,,,,,
2010-10-19,518.239990234375,,,,,,
2010-10-20,508.6400146484375,,,,,,
2010-10-21,523.2000122070312,,,,,,
2010-10-22,520.6400146484375,,,,,,
2010-10-25,511.3599853515625,,,,,,
2010-10-26,511.0400085449219,,,,,,
2010-10-27,521.760009765625,,,,,,
2010-10-28,508.0,,,,,,
2010-10-29,497.2799987792969,,,,,,
2010-11-01,502.8800048828125,,,,,,
2010-11-02,498.0799865722656,,,,,,
2010-11-03,504.9599914550781,,,,,,
2010-11-04,472.1600036621094,,,,,,
2010-11-05,469.6000061035156,,,,,,
2010-11-08,459.0400085449219,,,,,,
2010-11-09,472.9599914550781,,,,,,
2010-11-10,462.7200012207031,,,,,,
2010-11-11,458.8800048828125,,,,,,
2010-11-12,486.3999938964844,,,,,,
2010-11-15,495.3599853515625,,,,,,
2010-11-16,505.6000061035156,,,,,,
2010-11-17,509.9200134277344,,,,,,
2010-11-18,496.9599914550781,,,,,,
2010-11-19,496.0,,,,,,
2010-11-22,486.3999938964844,,,,,,
2010-11-23,479.8399963378906,,,,,,
2010-11-24,481.2799987792969,,,,,,
2010-11-26,491.2000122070313,,,,,,
2010-11-29,485.1199951171875,,,,,,
2010-11-30,471.2000122070313,,,,,,
2010-12-01,471.5199890136719,,,,,,
2010-12-02,472.9599914550781,,,,,,
2010-12-03,453.1199951171875,,,,,,
2010-12-06,445.6000061035156,,,,,,
2010-12-07,463.3599853515625,,,,,,
2010-12-08,474.3999938964844,,,,,,
2010-12-09,470.0799865722656,,,,,,
2010-12-10,470.0799865722656,,,,,,
2010-12-13,464.7999877929688,,,,,,
2010-12-14,463.8399963378906,,,,,,
2010-12-15,473.4400024414063,,,,,,
2010-12-16,480.0,,,,,,
2010-12-17,477.1199951171875,,,,,,
2010-12-20,470.3999938964844,,,,,,
2010-12-21,469.2799987792969,,,,,,
2010-12-22,470.3999938964844,,,,,,
2010-12-23,473.1199951171875,,,,,,
2010-12-27,470.7200012207031,,,,,,
2010-12-28,455.2000122070313,,,,,,
2010-12-29,451.5199890136719,,,,,,
2010-12-30,455.3599853515625,,,,,,
2010-12-31,444.7999877929688,,,,,,
2011-01-03,449.1199951171875,,,,,,
2011-01-04,470.7200012207031,,,,,,
2011-01-05,473.6000061035156,,,,,,
2011-01-06,476.9599914550781,,,,,,
2011-01-07,478.8800048828125,,,,,,
2011-01-10,474.7200012207031,,,,,,
2011-01-11,469.6000061035156,,,,,,
2011-01-12,465.6000061035156,,,,,,
2011-01-13,475.5199890136719,,,,,,
2011-01-14,484.9599914550781,,,,,,
2011-01-18,479.2000122070313,,,,,,
2011-01-19,477.760009765625,,,,,,
2011-01-20,495.5199890136719,,,,,,
2011-01-21,496.4800109863281,,,,,,
2011-01-24,502.0799865722656,,,,,,
2011-01-25,503.0400085449219,,,,,,
2011-01-26,495.0400085449219,,,,,,
2011-01-27,519.52001953125,,,,,,
2011-01-28,501.2799987792969,,,,,,
2011-01-31,504.4800109863281,,,,,,
2011-02-01,496.4800109863281,,,,,,
2011-02-02,499.8399963378906,,,,,,
2011-02-03,486.0799865722656,,,,,,
2011-02-04,489.6000061035156,,,,,,
2011-02-07,489.2799987792969,,,,,,
2011-02-08,478.3999938964844,,,,,,
2011-02-09,478.7200012207031,,,,,,
2011-02-10,480.0,,,,,,
2011-02-11,484.1600036621094,,,,,,
2011-02-14,479.6799926757813,,,,,,
2011-02-15,471.8399963378906,,,,,,
2011-02-16,470.7200012207031,,,,,,
2011-02-17,464.7999877929688,,,,,,
2011-02-18,462.0799865722656,,,,,,
2011-02-22,455.0400085449219,,,,,,
2011-02-23,446.7200012207031,,,,,,
2011-02-24,454.3999938964844,,,,,,
2011-02-25,448.3200073242188,,,,,,
2011-02-28,446.55999755859375,,,,,,
2011-03-01,431.0400085449219,,,,,,
2011-03-02,431.3599853515625,,,,,,
2011-03-03,442.3999938964844,,,,,,
2011-03-04,435.0400085449219,,,,,,
2011-03-07,432.1600036621094,,,,,,
2011-03-08,434.3999938964844,,,,,,
2011-03-09,434.0799865722656,,,,,,
2011-03-10,444.1600036621094,,,,,,
2011-03-11,441.760009765625,,,,,,
2011-03-14,437.4400024414063,,,,,,
2011-03-15,453.1199951171875,,,,,,
2011-03-16,453.760009765625,,,,,,
2011-03-17,449.6000061035156,,,,,,
2011-03-18,439.5199890136719,,,,,,
2011-03-21,434.55999755859375,,,,,,
2011-03-22,435.2000122070313,,,,,,
2011-03-23,427.3599853515625,,,,,,
2011-03-24,433.6000061035156,,,,,,
2011-03-25,433.2799987792969,,,,,,
2011-03-28,437.760009765625,,,,,,
2011-03-29,439.6799926757813,,,,,,
2011-03-30,436.6400146484375,,,,,,
2011-03-31,429.6000061035156,,,,,,
2011-04-01,433.4400024414063,,,,,,
2011-04-04,429.1199951171875,,,,,,
2011-04-05,415.5199890136719,,,,,,
2011-04-06,413.1199951171875,,,,,,
2011-04-07,412.4800109863281,,,,,,
2011-04-08,405.760009765625,,,,,,
2011-04-11,411.2000122070313,,,,,,
2011-04-12,416.9599914550781,,,,,,
2011-04-13,415.3599853515625,,,,,,
2011-04-14,404.6400146484375,,,,,,
2011-04-15,397.6000061035156,,,,,,
2011-04-18,392.4800109863281,,,,,,
2011-04-19,392.4800109863281,,,,,,
2011-04-20,389.6000061035156,,,,,,
2011-04-21,388.4800109863281,,,,,,
2011-04-25,387.0400085449219,,,,,,
2011-04-26,390.0799865722656,,,,,,
2011-04-27,375.2000122070313,,,,,,
2011-04-28,372.0,,,,,,
2011-04-29,359.5199890136719,,,,,,
2011-05-02,368.9599914550781,,,,,,
2011-05-03,371.2000122070313,,,,,,
2011-05-04,382.0799865722656,,,,,,
2011-05-05,404.6400146484375,,,,,,
2011-05-06,394.55999755859375,,,,,,
2011-05-09,383.2000122070313,,,,,,
2011-05-10,380.7999877929688,,,,,,
2011-05-11,387.6799926757813,,,,,,
2011-05-12,387.3599853515625,,,,,,
2011-05-13,392.4800109863281,,,,,,
2011-05-16,393.1199951171875,,,,,,
2011-05-17,396.4800109863281,,,,,,
2011-05-18,391.8399963378906,,,,,,
2011-05-19,391.0400085449219,,,,,,
2011-05-20,380.9599914550781,,,,,,
2011-05-23,379.5199890136719,,,,,,
2011-05-24,375.2000122070313,,,,,,
2011-05-25,375.2000122070313,,,,,,
2011-05-26,376.6400146484375,,,,,,
2011-05-27,369.2799987792969,,,,,,
2011-05-31,369.9200134277344,,,,,,
2011-06-01,368.1600036621094,,,,,,
2011-06-02,370.3999938964844,,,,,,
2011-06-03,366.7200012207031,,,,,,
2011-06-06,365.2799987792969,,,,,,
2011-06-07,365.9200134277344,,,,,,
2011-06-08,368.4800109863281,,,,,,
2011-06-09,364.9599914550781,,,,,,
2011-06-10,371.6799926757813,,,,,,
2011-06-13,379.0400085449219,,,,,,
2011-06-14,373.6000061035156,,,,,,
2011-06-15,371.8399963378906,,,,,,
2011-06-16,372.4800109863281,,,,,,
2011-06-17,367.3599853515625,,,,,,
2011-06-20,367.0400085449219,,,,,,
2011-06-21,363.5199890136719,,,,,,
2011-06-22,362.0799865722656,,,,,,
2011-06-23,374.55999755859375,,,,,,
2011-06-24,385.9200134277344,,,,,,
2011-06-27,387.8399963378906,,,,,,
2011-06-28,385.1199951171875,,,,,,
2011-06-29,380.1600036621094,,,,,,
2011-06-30,386.239990234375,,,,,,
2011-07-01,392.3200073242188,,,,,,
2011-07-05,377.1199951171875,,,,,,
2011-07-06,370.7200012207031,,,,,,
2011-07-07,369.1199951171875,,,,,,
2011-07-08,363.8399963378906,,,,,,
2011-07-11,357.2799987792969,,,,,,
2011-07-12,351.5199890136719,,,,,,
2011-07-13,345.44000244140625,,,,,,
2011-07-14,343.3599853515625,,,,,,
2011-07-15,340.1600036621094,,,,,,
2011-07-18,334.239990234375,,,,,,
2011-07-19,342.5599975585937,,,,,,
2011-07-20,336.6400146484375,,,,,,
2011-07-21,341.2799987792969,,,,,,
2011-07-22,336.1600036621094,,,,,,
2011-07-25,330.8800048828125,,,,,,
2011-07-26,328.9599914550781,,,,,,
2011-07-27,331.20001220703125,,,,,,
2011-07-28,330.8800048828125,,,,,,
2011-07-29,326.7200012207031,,,,,,
2011-08-01,329.1199951171875,,,,,,
2011-08-02,313.2799987792969,,,,,,
2011-08-03,313.1199951171875,,,,,,
2011-08-04,316.1600036621094,,,,,,
2011-08-05,311.3599853515625,,,,,,
2011-08-08,291.3599853515625,,,,,,
2011-08-09,285.9200134277344,,,,,,
2011-08-10,266.3999938964844,,,,,,
2011-08-11,278.239990234375,,,,,,
2011-08-12,280.6400146484375,,,,,,
2011-08-15,274.3999938964844,,,,,,
2011-08-16,267.3599853515625,,,,,,
2011-08-17,265.760009765625,,,,,,
2011-08-18,255.67999267578125,,,,,,
2011-08-19,249.44000244140625,,,,,,
2011-08-22,236.8000030517578,,,,,,
2011-08-23,255.1999969482422,,,,,,
2011-08-24,271.20001220703125,,,,,,
2011-08-25,267.8399963378906,,,,,,
2011-08-26,252.32000732421875,,,,,,
2011-08-29,262.5599975585937,,,,,,
2011-08-30,247.5200042724609,,,,,,
2011-08-31,251.1999969482422,,,,,,
2011-09-01,250.5599975585937,,,,,,
2011-09-02,235.67999267578125,,,,,,
2011-09-06,236.32000732421875,,,,,,
2011-09-07,250.3999938964844,,,,,,
2011-09-08,237.1199951171875,,,,,,
2011-09-09,240.47999572753903,,,,,,
2011-09-12,250.8800048828125,,,,,,
2011-09-13,245.759994506836,,,,,,
2011-09-14,249.759994506836,,,,,,
2011-09-15,257.760009765625,,,,,,
2011-09-16,252.8000030517578,,,,,,
2011-09-19,260.4800109863281,,,,,,
2011-09-20,253.1199951171875,,,,,,
2011-09-21,260.0,,,,,,
2011-09-22,272.1600036621094,,,,,,
2011-09-23,303.5199890136719,,,,,,
2011-09-26,310.239990234375,,,,,,
2011-09-27,297.1199951171875,,,,,,
2011-09-28,314.0799865722656,,,,,,
2011-09-29,308.0,,,,,,
2011-09-30,306.7200012207031,,,,,,
2011-10-03,295.20001220703125,,,,,,
2011-10-04,307.3599853515625,,,,,,
2011-10-05,300.4800109863281,,,,,,
2011-10-06,296.0,,,,,,
2011-10-07,301.1199951171875,,,,,,
2011-10-10,286.0799865722656,,,,,,
2011-10-11,290.0799865722656,,,,,,
2011-10-12,286.3999938964844,,,,,,
2011-10-13,289.760009765625,,,,,,
2011-10-14,285.1199951171875,,,,,,
2011-10-17,288.1600036621094,,,,,,
2011-10-18,289.44000244140625,,,,,,
2011-10-19,297.44000244140625,,,,,,
2011-10-20,304.79998779296875,,,,,,
2011-10-21,298.0799865722656,,,,,,
2011-10-24,292.32000732421875,,,,,,
2011-10-25,275.5199890136719,,,,,,
2011-10-26,269.44000244140625,,,,,,
2011-10-27,262.239990234375,,,,,,
2011-10-28,262.0799865722656,,,,,,
2011-10-31,269.6000061035156,,,,,,
2011-11-01,268.6400146484375,,,,,,
2011-11-02,263.3599853515625,,,,,,
2011-11-03,254.8800048828125,,,,,,
2011-11-04,257.6000061035156,,,,,,
2011-11-07,244.9600067138672,,,,,,
2011-11-08,248.9600067138672,,,,,,
2011-11-09,253.27999877929688,,,,,,
2011-11-10,255.83999633789065,,,,,,
2011-11-11,247.3600006103516,,,,,,
2011-11-14,249.6000061035156,,,,,,
2011-11-15,248.9600067138672,,,,,,
2011-11-16,254.3999938964844,,,,,,
2011-11-17,267.67999267578125,,,,,,
2011-11-18,265.760009765625,,,,,,
2011-11-21,279.20001220703125,,,,,,
2011-11-22,273.6000061035156,,,,,,
2011-11-23,274.8800048828125,,,,,,
2011-11-25,279.5199890136719,,,,,,
2011-11-28,268.6400146484375,,,,,,
2011-11-29,267.67999267578125,,,,,,
2011-11-30,257.760009765625,,,,,,
2011-12-01,258.8800048828125,,,,,,
2011-12-02,258.5599975585937,,,,,,
2011-12-05,265.9200134277344,,,,,,
2011-12-06,262.7200012207031,,,,,,
2011-12-07,259.3599853515625,,,,,,
2011-12-08,269.6000061035156,,,,,,
2011-12-09,268.32000732421875,,,,,,
2011-12-12,282.239990234375,,,,,,
2011-12-13,294.3999938964844,,,,,,
2011-12-14,315.20001220703125,,,,,,
2011-12-15,317.44000244140625,,,,,,
2011-12-16,305.1199951171875,,,,,,
2011-12-19,307.3599853515625,,,,,,
2011-12-20,298.8800048828125,,,,,,
2011-12-21,298.239990234375,,,,,,
2011-12-22,302.7200012207031,,,,,,
2011-12-23,301.2799987792969,,,,,,
2011-12-27,306.7200012207031,,,,,,
2011-12-28,321.760009765625,,,,,,
2011-12-29,324.4800109863281,,,,,,
2011-12-30,316.9599914550781,,,,,,
2012-01-03,299.5199890136719,,,,,,
2012-01-04,296.32000732421875,,,,,,
2012-01-05,292.1600036621094,,,,,,
2012-01-06,294.3999938964844,,,,,,
2012-01-09,296.9599914550781,,,,,,
2012-01-10,288.6400146484375,,,,,,
2012-01-11,285.1199951171875,,,,,,
2012-01-12,282.239990234375,,,,,,
2012-01-13,285.9200134277344,,,,,,
2012-01-17,281.44000244140625,,,,,,
2012-01-18,277.6000061035156,,,,,,
2012-01-19,278.8800048828125,,,,,,
2012-01-20,276.1600036621094,,,,,,
2012-01-23,272.1600036621094,,,,,,
2012-01-24,276.1600036621094,,,,,,
2012-01-25,260.32000732421875,,,,,,
2012-01-26,257.1199951171875,,,,,,
2012-01-27,251.83999633789065,,,,,,
2012-01-30,254.5599975585937,,,,,,
2012-01-31,250.8800048828125,,,,,,
2012-02-01,249.9199981689453,,,,,,
2012-02-02,245.6000061035156,,,,,,
2012-02-03,255.5200042724609,,,,,,
2012-02-06,256.9599914550781,,,,,,
2012-02-07,249.44000244140625,,,,,,
2012-02-08,252.8000030517578,,,,,,
2012-02-09,254.3999938964844,,,,,,
2012-02-10,256.79998779296875,,,,,,
2012-02-13,255.3600006103516,,,,,,
2012-02-14,256.9599914550781,,,,,,
2012-02-15,253.759994506836,,,,,,
2012-02-16,253.759994506836,,,,,,
2012-02-17,255.83999633789065,,,,,,
2012-02-21,244.63999938964844,,,,,,
2012-02-22,239.1999969482422,,,,,,
2012-02-23,238.72000122070312,,,,,,
2012-02-24,240.9600067138672,,,,,,
2012-02-27,242.2400054931641,,,,,,
2012-02-28,237.27999877929688,,,,,,
2012-02-29,263.20001220703125,,,,,,
2012-03-01,256.6400146484375,,,,,,
2012-03-02,257.2799987792969,,,,,,
2012-03-05,259.20001220703125,,,,,,
2012-03-06,268.79998779296875,,,,,,
2012-03-07,265.44000244140625,,,,,,
2012-03-08,260.32000732421875,,,,,,
2012-03-09,256.79998779296875,,,,,,
2012-03-12,260.9599914550781,,,,,,
2012-03-13,269.760009765625,,,,,,
2012-03-14,278.5599975585937,,,,,,
2012-03-15,272.9599914550781,,,,,,
2012-03-16,272.4800109863281,,,,,,
2012-03-19,271.5199890136719,,,,,,
2012-03-20,276.4800109863281,,,,,,
2012-03-21,276.0,,,,,,
2012-03-22,278.239990234375,,,,,,
2012-03-23,271.20001220703125,,,,,,
2012-03-26,261.760009765625,,,,,,
2012-03-27,265.44000244140625,,,,,,
2012-03-28,270.5599975585937,,,,,,
2012-03-29,271.3599853515625,,,,,,
2012-03-30,268.9599914550781,,,,,,
2012-04-02,265.9200134277344,,,,,,
2012-04-03,275.5199890136719,,,,,,
2012-04-04,284.6400146484375,,,,,,
2012-04-05,280.32000732421875,,,,,,
2012-04-09,276.6400146484375,,,,,,
2012-04-10,270.5599975585937,,,,,,
2012-04-11,271.3599853515625,,,,,,
2012-04-12,265.44000244140625,,,,,,
2012-04-13,271.67999267578125,,,,,,
2012-04-16,272.9599914550781,,,,,,
2012-04-17,273.6000061035156,,,,,,
2012-04-18,276.9599914550781,,,,,,
2012-04-19,276.32000732421875,,,,,,
2012-04-20,276.0,,,,,,
2012-04-23,277.2799987792969,,,,,,
2012-04-24,276.4800109863281,,,,,,
2012-04-25,275.0400085449219,,,,,,
2012-04-26,270.3999938964844,,,,,,
2012-04-27,269.1199951171875,,,,,,
2012-04-30,267.3599853515625,,,,,,
2012-05-01,268.9599914550781,,,,,,
2012-05-02,271.67999267578125,,,,,,
2012-05-03,277.1199951171875,,,,,,
2012-05-04,275.20001220703125,,,,,,
2012-05-07,276.6400146484375,,,,,,
2012-05-08,286.8800048828125,,,,,,
2012-05-09,292.4800109863281,,,,,,
2012-05-10,291.5199890136719,,,,,,
2012-05-11,296.1600036621094,,,,,,
2012-05-14,304.32000732421875,,,,,,
2012-05-15,311.0400085449219,,,,,,
2012-05-16,311.8399963378906,,,,,,
2012-05-17,298.3999938964844,,,,,,
2012-05-18,291.3599853515625,,,,,,
2012-05-21,290.5599975585937,,,,,,
2012-05-22,300.32000732421875,,,,,,
2012-05-23,302.239990234375,,,,,,
2012-05-24,302.5599975585937,,,,,,
2012-05-25,297.6000061035156,,,,,,
2012-05-29,303.67999267578125,,,,,,
2012-05-30,299.67999267578125,,,,,,
2012-05-31,300.79998779296875,,,,,,
2012-06-01,278.239990234375,,,,,,
2012-06-04,278.5599975585937,,,,,,
2012-06-05,279.20001220703125,,,,,,
2012-06-06,278.7200012207031,,,,,,
2012-06-07,288.1600036621094,,,,,,
2012-06-08,286.5599975585937,,,,,,
2012-06-11,284.79998779296875,,,,,,
2012-06-12,280.4800109863281,,,,,,
2012-06-13,278.0799865722656,,,,,,
2012-06-14,275.8399963378906,,,,,,
2012-06-15,275.3599853515625,,,,,,
2012-06-18,274.8800048828125,,,,,,
2012-06-19,277.760009765625,,,,,,
2012-06-20,282.239990234375,,,,,,
2012-06-21,296.32000732421875,,,,,,
2012-06-22,294.0799865722656,,,,,,
2012-06-25,289.6000061035156,,,,,,
2012-06-26,293.9200134277344,,,,,,
2012-06-27,293.2799987792969,,,,,,
2012-06-28,300.0,,,,,,
2012-06-29,283.67999267578125,,,,,,
2012-07-02,283.8399963378906,,,,,,
2012-07-03,275.5199890136719,,,,,,
2012-07-05,281.2799987792969,,,,,,
2012-07-06,288.4800109863281,,,,,,
2012-07-09,287.20001220703125,,,,,,
2012-07-10,294.0799865722656,,,,,,
2012-07-11,291.3599853515625,,,,,,
2012-07-12,292.4800109863281,,,,,,
2012-07-13,285.9200134277344,,,,,,
2012-07-16,285.6000061035156,,,,,,
2012-07-17,288.4800109863281,,,,,,
2012-07-18,289.760009765625,,,,,,
2012-07-19,288.4800109863281,,,,,,
2012-07-20,287.3599853515625,,,,,,
2012-07-23,289.6000061035156,,,,,,
2012-07-24,287.8399963378906,,,,,,
2012-07-25,280.0,,,,,,
2012-07-26,275.67999267578125,,,,,,
2012-07-27,272.79998779296875,,,,,,
2012-07-30,273.44000244140625,,,,,,
2012-07-31,276.4800109863281,,,,,,
2012-08-01,281.1199951171875,,,,,,
2012-08-02,285.1199951171875,,,,,,
2012-08-03,280.1600036621094,,,,,,
2012-08-06,277.2799987792969,,,,,,
2012-08-07,277.1199951171875,,,,,,
2012-08-08,276.4800109863281,,,,,,
2012-08-09,274.8800048828125,,,,,,
2012-08-10,273.9200134277344,,,,,,
2012-08-13,277.760009765625,,,,,,
2012-08-14,280.79998779296875,,,,,,
2012-08-15,279.20001220703125,,,,,,
2012-08-16,275.67999267578125,,,,,,
2012-08-17,275.20001220703125,,,,,,
2012-08-20,273.2799987792969,,,,,,
2012-08-21,267.5199890136719,,,,,,
2012-08-22,262.0799865722656,,,,,,
2012-08-23,257.2799987792969,,,,,,
2012-08-24,257.1199951171875,,,,,,
2012-08-27,258.8800048828125,,,,,,
2012-08-28,258.239990234375,,,,,,
2012-08-29,261.2799987792969,,,,,,
2012-08-30,261.6000061035156,,,,,,
2012-08-31,249.759994506836,,,,,,
2012-09-04,248.47999572753903,,,,,,
2012-09-05,249.27999877929688,,,,,,
2012-09-06,247.0399932861328,,,,,,
2012-09-07,236.8000030517578,,,,,,
2012-09-10,239.67999267578125,,,,,,
2012-09-11,237.9199981689453,,,,,,
2012-09-12,238.3999938964844,,,,,,
2012-09-13,228.47999572753903,,,,,,
2012-09-14,226.8800048828125,,,,,,
2012-09-17,230.72000122070312,,,,,,
2012-09-18,227.0399932861328,,,,,,
2012-09-19,226.8800048828125,,,,,,
2012-09-20,227.67999267578125,,,,,,
2012-09-21,226.2400054931641,,,,,,
2012-09-24,228.63999938964844,,,,,,
2012-09-25,229.44000244140625,,,,,,
2012-09-26,231.67999267578125,,,,,,
2012-09-27,224.9600067138672,,,,,,
2012-09-28,225.9199981689453,,,,,,
2012-10-01,224.8000030517578,,,,,,
2012-10-02,225.1199951171875,,,,,,
2012-10-03,224.32000732421875,,,,,,
2012-10-04,221.27999877929688,,,,,,
2012-10-05,223.9199981689453,,,,,,
2012-10-08,225.44000244140625,,,,,,
2012-10-09,228.0,,,,,,
2012-10-10,228.3999938964844,,,,,,
2012-10-11,227.2400054931641,,,,,,
2012-10-12,230.5599975585937,,,,,,
2012-10-15,235.1199951171875,,,,,,
2012-10-16,232.0399932861328,,,,,,
2012-10-17,231.8000030517578,,,,,,
2012-10-18,233.9600067138672,,,,,,
2012-10-19,238.83999633789065,,,,,,
2012-10-22,237.0800018310547,,,,,,
2012-10-23,243.0800018310547,,,,,,
2012-10-24,244.759994506836,,,,,,
2012-10-25,241.3600006103516,,,,,,
2012-10-26,241.5200042724609,,,,,,
2012-10-31,239.1600036621093,,,,,,
2012-11-01,241.0800018310547,,,,,,
2012-11-02,251.27999877929688,,,,,,
2012-11-05,249.44000244140625,,,,,,
2012-11-06,240.0,,,,,,
2012-11-07,239.3600006103516,,,,,,
2012-11-08,235.1999969482422,,,,,,
2012-11-09,235.5599975585937,,,,,,
2012-11-12,236.5599975585937,,,,,,
2012-11-13,237.3600006103516,,,,,,
2012-11-14,237.32000732421875,,,,,,
2012-11-15,240.1999969482422,,,,,,
2012-11-16,240.9600067138672,,,,,,
2012-11-19,235.0,,,,,,
2012-11-20,236.32000732421875,,,,,,
2012-11-21,235.8800048828125,,,,,,
2012-11-23,230.1999969482422,,,,,,
2012-11-26,230.5200042724609,,,,,,
2012-11-27,232.63999938964844,,,,,,
2012-11-28,238.2400054931641,,,,,,
2012-11-29,236.3999938964844,,,,,,
2012-11-30,239.759994506836,,,,,,
2012-12-03,239.3600006103516,,,,,,
2012-12-04,244.1600036621093,,,,,,
2012-12-05,245.1600036621093,,,,,,
2012-12-06,243.8800048828125,,,,,,
2012-12-07,242.0,,,,,,
2012-12-10,240.0,,,,,,
2012-12-11,240.5200042724609,,,,,,
2012-12-12,240.1199951171875,,,,,,
2012-12-13,244.0399932861328,,,,,,
2012-12-14,244.83999633789065,,,,,,
2012-12-17,243.759994506836,,,,,,
2012-12-18,250.9199981689453,,,,,,
2012-12-19,251.9199981689453,,,,,,
2012-12-20,258.0799865722656,,,,,,
2012-12-21,256.1600036621094,,,,,,
2012-12-24,255.1999969482422,,,,,,
2012-12-26,254.67999267578125,,,,,,
2012-12-27,253.44000244140625,,,,,,
2012-12-28,255.5200042724609,,,,,,
2012-12-31,250.3999938964844,,,,,,
2013-01-02,246.759994506836,,,,,,
2013-01-03,252.67999267578125,,,,,,
2013-01-04,254.759994506836,,,,,,
2013-01-07,258.0799865722656,,,,,,
2013-01-08,254.3999938964844,,,,,,
2013-01-09,254.67999267578125,,,,,,
2013-01-10,249.83999633789065,,,,,,
2013-01-11,252.63999938964844,,,,,,
2013-01-14,251.0800018310547,,,,,,
2013-01-15,247.8000030517578,,,,,,
2013-01-16,247.5599975585937,,,,,,
2013-01-17,245.3999938964844,,,,,,
2013-01-18,246.1600036621093,,,,,,
2013-01-22,244.3600006103516,,,,,,
2013-01-23,245.72000122070312,,,,,,
2013-01-24,251.0399932861328,,,,,,
2013-01-25,253.5200042724609,,,,,,
2013-01-28,254.759994506836,,,,,,
2013-01-29,252.3999938964844,,,,,,
2013-01-30,248.5200042724609,,,,,,
2013-01-31,251.63999938964844,,,,,,
2013-02-01,250.83999633789065,,,,,,
2013-02-04,249.1600036621093,,,,,,
2013-02-05,249.0399932861328,,,,,,
2013-02-06,247.8000030517578,,,,,,
2013-02-07,249.3999938964844,,,,,,
2013-02-08,250.44000244140625,,,,,,
2013-02-11,256.239990234375,,,,,,
2013-02-12,255.5599975585937,,,,,,
2013-02-13,258.2799987792969,,,,,,
2013-02-14,260.4800109863281,,,,,,
2013-02-15,268.9200134277344,,,,,,
2013-02-19,270.2799987792969,,,,,,
2013-02-20,284.0799865722656,,,,,,
2013-02-21,279.7200012207031,,,,,,
2013-02-22,278.5199890136719,,,,,,
2013-02-25,273.44000244140625,,,,,,
2013-02-26,266.6400146484375,,,,,,
2013-02-27,272.4800109863281,,,,,,
2013-02-28,278.32000732421875,,,,,,
2013-03-01,280.0,,,,,,
2013-03-04,280.5199890136719,,,,,,
2013-03-05,280.0,,,,,,
2013-03-06,277.0400085449219,,,,,,
2013-03-07,279.0400085449219,,,,,,
2013-03-08,278.9599914550781,,,,,,
2013-03-11,277.8399963378906,,,,,,
2013-03-12,273.5599975585937,,,,,,
2013-03-13,275.2799987792969,,,,,,
2013-03-14,275.20001220703125,,,,,,
2013-03-15,274.0400085449219,,,,,,
2013-03-18,269.3599853515625,,,,,,
2013-03-19,266.7200012207031,,,,,,
2013-03-20,269.20001220703125,,,,,,
2013-03-21,266.1199951171875,,,,,,
2013-03-22,268.5199890136719,,,,,,
2013-03-25,269.3999938964844,,,,,,
2013-03-26,271.1600036621094,,,,,,
2013-03-27,269.0,,,,,,
2013-03-28,272.0400085449219,,,,,,
2013-04-01,271.20001220703125,,,,,,
2013-04-02,279.1600036621094,,,,,,
2013-04-03,285.3999938964844,,,,,,
2013-04-04,287.0799865722656,,,,,,
2013-04-05,277.44000244140625,,,,,,
2013-04-08,279.67999267578125,,,,,,
2013-04-09,275.3999938964844,,,,,,
2013-04-10,284.7200012207031,,,,,,
2013-04-11,283.8399963378906,,,,,,
2013-04-12,311.20001220703125,,,,,,
2013-04-15,365.1600036621094,,,,,,
2013-04-16,357.2799987792969,,,,,,
2013-04-17,357.32000732421875,,,,,,
2013-04-18,349.6000061035156,,,,,,
2013-04-19,343.44000244140625,,,,,,
2013-04-22,331.239990234375,,,,,,
2013-04-23,336.0400085449219,,,,,,
2013-04-24,328.5599975585937,,,,,,
2013-04-25,313.3999938964844,,,,,,
2013-04-26,316.3999938964844,,,,,,
2013-04-29,310.5199890136719,,,,,,
2013-04-30,308.2799987792969,,,,,,
2013-05-01,315.44000244140625,,,,,,
2013-05-02,311.7200012207031,,,,,,
2013-05-03,311.20001220703125,,,,,,
2013-05-06,310.8399963378906,,,,,,
2013-05-07,318.0799865722656,,,,,,
2013-05-08,308.7200012207031,,,,,,
2013-05-09,316.0400085449219,,,,,,
2013-05-10,320.3999938964844,,,,,,
2013-05-13,326.3599853515625,,,,,,
2013-05-14,329.1199951171875,,,,,,
2013-05-15,344.44000244140625,,,,,,
2013-05-16,346.760009765625,,,,,,
2013-05-17,363.0400085449219,,,,,,
2013-05-20,342.1199951171875,,,,,,
2013-05-21,352.5199890136719,,,,,,
2013-05-22,354.9599914550781,,,,,,
2013-05-23,341.760009765625,,,,,,
2013-05-24,345.8800048828125,,,,,,
2013-05-28,347.32000732421875,,,,,,
2013-05-29,340.3599853515625,,,,,,
2013-05-30,330.7200012207031,,,,,,
2013-05-31,344.3599853515625,,,,,,
2013-06-03,331.239990234375,,,,,,
2013-06-04,337.79998779296875,,,,,,
2013-06-05,336.0,,,,,,
2013-06-06,331.1199951171875,,,,,,
2013-06-07,347.2799987792969,,,,,,
2013-06-10,343.9599914550781,,,,,,
2013-06-11,347.239990234375,,,,,,
2013-06-12,342.1199951171875,,,,,,
2013-06-13,345.0400085449219,,,,,,
2013-06-14,341.3599853515625,,,,,,
2013-06-17,344.32000732421875,,,,,,
2013-06-18,352.67999267578125,,,,,,
2013-06-19,360.6000061035156,,,,,,
2013-06-20,398.9599914550781,,,,,,
2013-06-21,390.0799865722656,,,,,,
2013-06-24,396.7200012207031,,,,,,
2013-06-25,400.3200073242188,,,,,,
2013-06-26,434.1600036621094,,,,,,
2013-06-27,450.7999877929688,,,,,,
2013-06-28,426.0,,,,,,
2013-07-01,410.1199951171875,,,,,,
2013-07-02,417.3200073242188,,,,,,
2013-07-03,412.9200134277344,,,,,,
2013-07-05,430.5199890136719,,,,,,
2013-07-08,419.760009765625,,,,,,
2013-07-09,411.4800109863281,,,,,,
2013-07-10,409.7999877929688,,,,,,
2013-07-11,387.6400146484375,,,,,,
2013-07-12,388.3999938964844,,,,,,
2013-07-15,387.5199890136719,,,,,,
2013-07-16,383.2000122070313,,,,,,
2013-07-17,392.3999938964844,,,,,,
2013-07-18,388.2000122070313,,,,,,
2013-07-19,381.3999938964844,,,,,,
2013-07-22,359.0,,,,,,
2013-07-23,353.8399963378906,,,,,,
2013-07-24,366.0799865722656,,,,,,
2013-07-25,360.4400024414063,,,,,,
2013-07-26,359.20001220703125,,,,,,
2013-07-29,360.6000061035156,,,,,,
2013-07-30,362.7200012207031,,,,,,
2013-07-31,364.0799865722656,,,,,,
2013-08-01,371.6400146484375,,,,,,
2013-08-02,373.1199951171875,,,,,,
2013-08-05,376.6000061035156,,,,,,
2013-08-06,386.55999755859375,,,,,,
2013-08-07,385.6799926757813,,,,,,
2013-08-08,368.9599914550781,,,,,,
2013-08-09,369.2799987792969,,,,,,
2013-08-12,355.6000061035156,,,,,,
2013-08-13,363.2000122070313,,,,,,
2013-08-14,356.1199951171875,,,,,,
2013-08-15,341.0,,,,,,
2013-08-16,335.6000061035156,,,,,,
2013-08-19,338.9599914550781,,,,,,
2013-08-20,336.760009765625,,,,,,
2013-08-21,337.6400146484375,,,,,,
2013-08-22,334.8800048828125,,,,,,
2013-08-23,324.1600036621094,,,,,,
2013-08-26,320.8399963378906,,,,,,
2013-08-27,314.6400146484375,,,,,,
2013-08-28,314.4800109863281,,,,,,
2013-08-29,318.3599853515625,,,,,,
2013-08-30,324.0,,,,,,
2013-09-03,315.5599975585937,,,,,,
2013-09-04,323.4800109863281,,,,,,
2013-09-05,335.9200134277344,,,,,,
2013-09-06,326.6000061035156,,,,,,
2013-09-09,327.3599853515625,,,,,,
2013-09-10,337.8800048828125,,,,,,
2013-09-11,337.9599914550781,,,,,,
2013-09-12,358.8800048828125,,,,,,
2013-09-13,357.8800048828125,,,,,,
2013-09-16,365.6000061035156,,,,,,
2013-09-17,365.1600036621094,,,,,,
2013-09-18,333.1199951171875,,,,,,
2013-09-19,334.32000732421875,,,,,,
2013-09-20,353.5199890136719,,,,,,
2013-09-23,355.9599914550781,,,,,,
2013-09-24,354.6400146484375,,,,,,
2013-09-25,348.6000061035156,,,,,,
2013-09-26,353.8399963378906,,,,,,
2013-09-27,347.44000244140625,,,,,,
2013-09-30,351.5199890136719,,,,,,
2013-10-01,371.9200134277344,,,,,,
2013-10-02,356.79998779296875,,,,,,
2013-10-03,356.1199951171875,,,,,,
2013-10-04,360.0,,,,,,
2013-10-07,353.44000244140625,,,,,,
2013-10-08,354.7200012207031,,,,,,
2013-10-09,361.7999877929688,,,,,,
2013-10-10,372.3999938964844,,,,,,
2013-10-11,381.8399963378906,,,,,,
2013-10-14,380.2000122070313,,,,,,
2013-10-15,374.2000122070313,,,,,,
2013-10-16,375.2799987792969,,,,,,
2013-10-17,351.7200012207031,,,,,,
2013-10-18,354.9200134277344,,,,,,
2013-10-21,353.79998779296875,,,,,,
2013-10-22,340.67999267578125,,,,,,
2013-10-23,344.32000732421875,,,,,,
2013-10-24,337.79998779296875,,,,,,
2013-10-25,334.8800048828125,,,,,,
2013-10-28,334.0799865722656,,,,,,
2013-10-29,338.1600036621094,,,,,,
2013-10-30,339.20001220703125,,,,,,
2013-10-31,348.20001220703125,,,,,,
2013-11-01,352.6400146484375,,,,,,
2013-11-04,353.20001220703125,,,,,,
2013-11-05,354.44000244140625,,,,,,
2013-11-06,351.0400085449219,,,,,,
2013-11-07,356.4800109863281,,,,,,
2013-11-08,367.0400085449219,,,,,,
2013-11-11,369.1600036621094,,,,,,
2013-11-12,377.239990234375,,,,,,
2013-11-13,375.6000061035156,,,,,,
2013-11-14,366.8399963378906,,,,,,
2013-11-15,366.6400146484375,,,,,,
2013-11-18,374.9200134277344,,,,,,
2013-11-19,375.0400085449219,,,,,,
2013-11-20,392.4400024414063,,,,,,
2013-11-21,393.2000122070313,,,,,,
2013-11-22,393.1199951171875,,,,,,
2013-11-25,389.4800109863281,,,,,,
2013-11-26,393.760009765625,,,,,,
2013-11-27,396.0400085449219,,,,,,
2013-11-29,387.7999877929688,,,,,,
2013-12-02,407.9599914550781,,,,,,
2013-12-03,405.760009765625,,,,,,
2013-12-04,391.6000061035156,,,,,,
2013-12-05,402.7200012207031,,,,,,
2013-12-06,401.0400085449219,,,,,,
2013-12-09,393.239990234375,,,,,,
2013-12-10,379.3200073242188,,,,,,
2013-12-11,385.0799865722656,,,,,,
2013-12-12,400.7999877929688,,,,,,
2013-12-13,393.6799926757813,,,,,,
2013-12-16,391.8399963378906,,,,,,
2013-12-17,398.1600036621094,,,,,,
2013-12-18,404.9599914550781,,,,,,
2013-12-19,424.3200073242188,,,,,,
2013-12-20,416.0799865722656,,,,,,
2013-12-23,418.4800109863281,,,,,,
2013-12-24,414.8800048828125,,,,,,
2013-12-26,410.4800109863281,,,,,,
2013-12-27,407.6400146484375,,,,,,
2013-12-30,419.6400146484375,,,,,,
2013-12-31,414.1199951171875,,,,,,
2014-01-02,402.239990234375,,,,,,
2014-01-03,391.9200134277344,,,,,,
2014-01-06,391.0799865722656,,,,,,
2014-01-07,394.6000061035156,,,,,,
2014-01-08,398.760009765625,,,,,,
2014-01-09,397.239990234375,,,,,,
2014-01-10,385.2000122070313,,,,,,
2014-01-13,379.9200134277344,,,,,,
2014-01-14,387.2799987792969,,,,,,
2014-01-15,388.760009765625,,,,,,
2014-01-16,387.9200134277344,,,,,,
2014-01-17,380.4800109863281,,,,,,
2014-01-21,388.1199951171875,,,,,,
2014-01-22,391.3200073242188,,,,,,
2014-01-23,374.5199890136719,,,,,,
2014-01-24,371.0,,,,,,
2014-01-27,379.3599853515625,,,,,,
2014-01-28,379.6799926757813,,,,,,
2014-01-29,369.9200134277344,,,,,,
2014-01-30,386.2799987792969,,,,,,
2014-01-31,384.3999938964844,,,,,,
2014-02-03,376.3200073242188,,,,,,
2014-02-04,378.3599853515625,,,,,,
2014-02-05,375.7200012207031,,,,,,
2014-02-06,376.7200012207031,,,,,,
2014-02-07,370.6000061035156,,,,,,
2014-02-10,366.2000122070313,,,,,,
2014-02-11,358.20001220703125,,,,,,
2014-02-12,357.3999938964844,,,,,,
2014-02-13,351.0799865722656,,,,,,
2014-02-14,341.6000061035156,,,,,,
2014-02-18,340.3599853515625,,,,,,
2014-02-19,346.1600036621094,,,,,,
2014-02-20,339.239990234375,,,,,,
2014-02-21,338.6000061035156,,,,,,
2014-02-24,332.44000244140625,,,,,,
2014-02-25,331.0,,,,,,
2014-02-26,336.0799865722656,,,,,,
2014-02-27,335.6400146484375,,,,,,
2014-02-28,338.760009765625,,,,,,
2014-03-03,324.4800109863281,,,,,,
2014-03-04,332.44000244140625,,,,,,
2014-03-05,331.8399963378906,,,,,,
2014-03-06,325.20001220703125,,,,,,
2014-03-07,329.8399963378906,,,,,,
2014-03-10,329.8399963378906,,,,,,
2014-03-11,326.6000061035156,,,,,,
2014-03-12,317.1199951171875,,,,,,
2014-03-13,315.20001220703125,,,,,,
2014-03-14,310.44000244140625,,,,,,
2014-03-17,316.760009765625,,,,,,
2014-03-18,321.79998779296875,,,,,,
2014-03-19,334.9599914550781,,,,,,
2014-03-20,335.1600036621094,,,,,,
2014-03-21,332.239990234375,,,,,,
2014-03-24,343.7200012207031,,,,,,
2014-03-25,342.79998779296875,,,,,,
2014-03-26,348.0799865722656,,,,,,
2014-03-27,352.6000061035156,,,,,,
2014-03-28,351.4800109863281,,,,,,
2014-03-31,357.79998779296875,,,,,,
2014-04-01,359.0799865722656,,,,,,
2014-04-02,354.0,,,,,,
2014-04-03,355.67999267578125,,,,,,
2014-04-04,346.6000061035156,,,,,,
2014-04-07,350.0799865722656,,,,,,
2014-04-08,343.6400146484375,,,,,,
2014-04-09,342.0,,,,,,
2014-04-10,338.2799987792969,,,,,,
2014-04-11,338.5599975585937,,,,,,
2014-04-14,333.760009765625,,,,,,
2014-04-15,345.760009765625,,,,,,
2014-04-16,345.79998779296875,,,,,,
2014-04-17,350.0400085449219,,,,,,
2014-04-21,352.67999267578125,,,,,,
2014-04-22,355.239990234375,,,,,,
2014-04-23,355.3999938964844,,,,,,
2014-04-24,350.9200134277344,,,,,,
2014-04-25,345.7200012207031,,,,,,
2014-04-28,348.760009765625,,,,,,
2014-04-29,349.0400085449219,,,,,,
2014-04-30,352.1600036621094,,,,,,
2014-05-01,354.8399963378906,,,,,,
2014-05-02,347.5199890136719,,,,,,
2014-05-05,340.4800109863281,,,,,,
2014-05-06,342.1600036621094,,,,,,
2014-05-07,351.9200134277344,,,,,,
2014-05-08,351.8800048828125,,,,,,
2014-05-09,352.0,,,,,,
2014-05-12,347.5199890136719,,,,,,
2014-05-13,349.32000732421875,,,,,,
2014-05-14,342.760009765625,,,,,,
2014-05-15,348.20001220703125,,,,,,
2014-05-16,349.5599975585937,,,,,,
2014-05-19,349.0,,,,,,
2014-05-20,348.7200012207031,,,,,,
2014-05-21,350.2799987792969,,,,,,
2014-05-22,348.1600036621094,,,,,,
2014-05-23,349.32000732421875,,,,,,
2014-05-27,364.3200073242188,,,,,,
2014-05-28,368.4400024414063,,,,,,
2014-05-29,369.9200134277344,,,,,,
2014-05-30,373.0400085449219,,,,,,
2014-06-02,377.6000061035156,,,,,,
2014-06-03,375.7200012207031,,,,,,
2014-06-04,377.1600036621094,,,,,,
2014-06-05,371.4400024414063,,,,,,
2014-06-06,371.2000122070313,,,,,,
2014-06-09,370.8800048828125,,,,,,
2014-06-10,366.4400024414063,,,,,,
2014-06-11,366.4400024414063,,,,,,
2014-06-12,358.8800048828125,,,,,,
2014-06-13,357.1199951171875,,,,,,
2014-06-16,359.8800048828125,,,,,,
2014-06-17,360.7999877929688,,,,,,
2014-06-18,358.6000061035156,,,,,,
2014-06-19,334.1199951171875,,,,,,
2014-06-20,336.32000732421875,,,,,,
2014-06-23,334.1600036621094,,,,,,
2014-06-24,334.1199951171875,,,,,,
2014-06-25,334.0400085449219,,,,,,
2014-06-26,335.4800109863281,,,,,,
2014-06-27,335.3999938964844,,,,,,
2014-06-30,328.44000244140625,,,,,,
2014-07-01,329.8800048828125,,,,,,
2014-07-02,330.0400085449219,,,,,,
2014-07-03,333.3599853515625,,,,,,
2014-07-07,333.32000732421875,,,,,,
2014-07-08,333.1199951171875,,,,,,
2014-07-09,329.20001220703125,,,,,,
2014-07-10,324.7200012207031,,,,,,
2014-07-11,324.2799987792969,,,,,,
2014-07-14,338.760009765625,,,,,,
2014-07-15,345.6000061035156,,,,,,
2014-07-16,343.7200012207031,,,,,,
2014-07-17,332.0799865722656,,,,,,
2014-07-18,336.8399963378906,,,,,,
2014-07-21,335.8399963378906,,,,,,
2014-07-22,339.0,,,,,,
2014-07-23,339.7200012207031,,,,,,
2014-07-24,346.1199951171875,,,,,,
2014-07-25,338.239990234375,,,,,,
2014-07-28,339.3599853515625,,,,,,
2014-07-29,341.6400146484375,,,,,,
2014-07-30,343.4800109863281,,,,,,
2014-07-31,350.6400146484375,,,,,,
2014-08-01,345.8800048828125,,,,,,
2014-08-04,347.7200012207031,,,,,,
2014-08-05,348.3999938964844,,,,,,
2014-08-06,338.1600036621094,,,,,,
2014-08-07,335.3599853515625,,,,,,
2014-08-08,335.3599853515625,,,,,,
2014-08-11,336.3999938964844,,,,,,
2014-08-12,336.2799987792969,,,,,,
2014-08-13,335.3999938964844,,,,,,
2014-08-14,334.9599914550781,,,,,,
2014-08-15,338.2799987792969,,,,,,
2014-08-18,341.79998779296875,,,,,,
2014-08-19,343.0400085449219,,,,,,
2014-08-20,345.6000061035156,,,,,,
2014-08-21,352.9599914550781,,,,,,
2014-08-22,351.0799865722656,,,,,,
2014-08-25,353.8800048828125,,,,,,
2014-08-26,350.1600036621094,,,,,,
2014-08-27,350.3599853515625,,,,,,
2014-08-28,345.8800048828125,,,,,,
2014-08-29,348.0799865722656,,,,,,
2014-09-02,359.4800109863281,,,,,,
2014-09-03,356.7200012207031,,,,,,
2014-09-04,360.9200134277344,,,,,,
2014-09-05,357.0799865722656,,,,,,
2014-09-08,364.5199890136719,,,,,,
2014-09-09,364.239990234375,,,,,,
2014-09-10,368.0,,,,,,
2014-09-11,372.4400024414063,,,,,,
2014-09-12,379.6400146484375,,,,,,
2014-09-15,377.3599853515625,,,,,,
2014-09-16,376.6000061035156,,,,,,
2014-09-17,384.7200012207031,,,,,,
2014-09-18,382.7200012207031,,,,,,
2014-09-19,387.760009765625,,,,,,
2014-09-22,388.9599914550781,,,,,,
2014-09-23,384.239990234375,,,,,,
2014-09-24,387.7999877929688,,,,,,
2014-09-25,384.4400024414063,,,,,,
2014-09-26,387.7200012207031,,,,,,
2014-09-29,388.2000122070313,,,,,,
2014-09-30,392.9599914550781,,,,,,
2014-10-01,389.0799865722656,,,,,,
2014-10-02,390.0799865722656,,,,,,
2014-10-03,404.0,,,,,,
2014-10-06,393.2000122070313,,,,,,
2014-10-07,391.8800048828125,,,,,,
2014-10-08,383.7999877929688,,,,,,
2014-10-09,382.55999755859375,,,,,,
2014-10-10,382.4800109863281,,,,,,
2014-10-13,376.239990234375,,,,,,
2014-10-14,376.3999938964844,,,,,,
2014-10-15,373.6400146484375,,,,,,
2014-10-16,372.6799926757813,,,,,,
2014-10-17,373.9200134277344,,,,,,
2014-10-20,368.4800109863281,,,,,,
2014-10-21,367.2000122070313,,,,,,
2014-10-22,371.2799987792969,,,,,,
2014-10-23,376.6000061035156,,,,,,
2014-10-24,377.55999755859375,,,,,,
2014-10-27,378.8399963378906,,,,,,
2014-10-28,379.1600036621094,,,,,,
2014-10-29,390.2000122070313,,,,,,
2014-10-30,398.1199951171875,,,,,,
2014-10-31,415.0,,,,,,
2014-11-03,418.3999938964844,,,,,,
2014-11-04,418.1199951171875,,,,,,
2014-11-05,436.2000122070313,,,,,,
2014-11-06,435.3200073242188,,,,,,
2014-11-07,411.3200073242188,,,,,,
2014-11-10,429.9599914550781,,,,,,
2014-11-11,417.4400024414063,,,,,,
2014-11-12,421.8399963378906,,,,,,
2014-11-13,421.1600036621094,,,,,,
2014-11-14,399.4800109863281,,,,,,
2014-11-17,403.0,,,,,,
2014-11-18,395.6799926757813,,,,,,
2014-11-19,405.3599853515625,,,,,,
2014-11-20,397.6799926757813,,,,,,
2014-11-21,393.7200012207031,,,,,,
2014-11-24,395.0,,,,,,
2014-11-25,393.4400024414063,,,,,,
2014-11-26,395.0,,,,,,
2014-11-28,416.2000122070313,,,,,,
2014-12-01,384.6000061035156,,,,,,
2014-12-02,394.0,,,,,,
2014-12-03,386.7999877929688,,,,,,
2014-12-04,389.2799987792969,,,,,,
2014-12-05,398.6400146484375,,,,,,
2014-12-08,389.239990234375,,,,,,
2014-12-09,373.4400024414063,,,,,,
2014-12-10,374.3999938964844,,,,,,
2014-12-11,376.0799865722656,,,,,,
2014-12-12,377.1199951171875,,,,,,
2014-12-15,396.3200073242188,,,,,,
2014-12-16,393.4800109863281,,,,,,
2014-12-17,398.7999877929688,,,,,,
2014-12-18,392.3599853515625,,,,,,
2014-12-19,394.7200012207031,,,,,,
2014-12-22,409.0799865722656,,,,,,
2014-12-23,408.7200012207031,,,,,,
2014-12-24,407.9200134277344,,,,,,
2014-12-26,394.1600036621094,,,,,,
2014-12-29,401.8800048828125,,,,,,
2014-12-30,391.760009765625,,,,,,
2014-12-31,400.8800048828125,,,,,,
2015-01-02,398.6799926757813,,,,,,
2015-01-05,386.1600036621094,,,,,,
2015-01-06,376.239990234375,,,,,,
2015-01-07,380.4400024414063,,,,,,
2015-01-08,383.6000061035156,,,,,,
2015-01-09,375.3599853515625,,,,,,
2015-01-12,366.9599914550781,,,,,,
2015-01-13,369.4800109863281,,,,,,
2015-01-14,370.4400024414063,,,,,,
2015-01-15,352.3999938964844,,,,,,
2015-01-16,343.0400085449219,,,,,,
2015-01-20,333.9599914550781,,,,,,
2015-01-21,333.6000061035156,,,,,,
2015-01-22,328.3999938964844,,,,,,
2015-01-23,333.5199890136719,,,,,,
2015-01-26,340.5199890136719,,,,,,
2015-01-27,332.8800048828125,,,,,,
2015-01-28,338.1600036621094,,,,,,
2015-01-29,353.0,,,,,,
2015-01-30,336.8800048828125,,,,,,
2015-02-02,342.5199890136719,,,,,,
2015-02-03,349.8399963378906,,,,,,
2015-02-04,346.8399963378906,,,,,,
2015-02-05,346.5599975585937,,,,,,
2015-02-06,364.2000122070313,,,,,,
2015-02-09,361.239990234375,,,,,,
2015-02-10,365.4800109863281,,,,,,
2015-02-11,373.9200134277344,,,,,,
2015-02-12,372.2000122070313,,,,,,
2015-02-13,368.1199951171875,,,,,,
2015-02-17,380.2000122070313,,,,,,
2015-02-18,378.239990234375,,,,,,
2015-02-19,381.2000122070313,,,,,,
2015-02-20,385.3599853515625,,,,,,
2015-02-23,384.0,,,,,,
2015-02-24,384.760009765625,,,,,,
2015-02-25,381.9599914550781,,,,,,
2015-02-26,379.4400024414063,,,,,,
2015-02-27,378.6400146484375,,,,,,
2015-03-02,381.4800109863281,,,,,,
2015-03-03,383.3599853515625,,,,,,
2015-03-04,384.9599914550781,,,,,,
2015-03-05,385.9599914550781,,,,,,
2015-03-06,407.0,,,,,,
2015-03-09,406.55999755859375,,,,,,
2015-03-10,410.3200073242188,,,,,,
2015-03-11,415.0400085449219,,,,,,
2015-03-12,415.1199951171875,,,,,,
2015-03-13,414.4400024414063,,,,,,
2015-03-16,415.4400024414063,,,,,,
2015-03-17,418.55999755859375,,,,,,
2015-03-18,403.0,,,,,,
2015-03-19,403.1199951171875,,,,,,
2015-03-20,394.2000122070313,,,,,,
2015-03-23,389.3999938964844,,,,,,
2015-03-24,386.9599914550781,,,,,,
2015-03-25,385.6000061035156,,,,,,
2015-03-26,380.7200012207031,,,,,,
2015-03-27,384.2000122070313,,,,,,
2015-03-30,392.2799987792969,,,,,,
2015-03-31,392.7200012207031,,,,,,
2015-04-01,379.760009765625,,,,,,
2015-04-02,381.760009765625,,,,,,
2015-04-06,373.0799865722656,,,,,,
2015-04-07,375.6799926757813,,,,,,
2015-04-08,380.760009765625,,,,,,
2015-04-09,385.3200073242188,,,,,,
2015-04-10,377.3200073242188,,,,,,
2015-04-13,381.9599914550781,,,,,,
2015-04-14,386.760009765625,,,,,,
2015-04-15,380.1199951171875,,,,,,
2015-04-16,383.3599853515625,,,,,,
2015-04-17,379.9599914550781,,,,,,
2015-04-20,385.239990234375,,,,,,
2015-04-21,380.55999755859375,,,,,,
2015-04-22,390.760009765625,,,,,,
2015-04-23,385.4400024414063,,,,,,
2015-04-24,395.5199890136719,,,,,,
2015-04-27,379.6000061035156,,,,,,
2015-04-28,373.6000061035156,,,,,,
2015-04-29,378.6400146484375,,,,,,
2015-04-30,391.760009765625,,,,,,
2015-05-01,394.6000061035156,,,,,,
2015-05-04,387.55999755859375,,,,,,
2015-05-05,384.7200012207031,,,,,,
2015-05-06,385.2799987792969,,,,,,
2015-05-07,391.2799987792969,,,,,,
2015-05-08,387.4800109863281,,,,,,
2015-05-11,390.2799987792969,,,,,,
2015-05-12,384.4400024414063,,,,,,
2015-05-13,370.0400085449219,,,,,,
2015-05-14,366.0799865722656,,,,,,
2015-05-15,364.1199951171875,,,,,,
2015-05-18,364.6000061035156,,,,,,
2015-05-19,374.0400085449219,,,,,,
2015-05-20,372.6400146484375,,,,,,
2015-05-21,375.3599853515625,,,,,,
2015-05-22,375.8399963378906,,,,,,
2015-05-26,386.6000061035156,,,,,,
2015-05-27,387.3200073242188,,,,,,
2015-05-28,386.6000061035156,,,,,,
2015-05-29,385.9200134277344,,,,,,
2015-06-01,385.9200134277344,,,,,,
2015-06-02,382.6000061035156,,,,,,
2015-06-03,388.3599853515625,,,,,,
2015-06-04,393.6799926757813,,,,,,
2015-06-05,397.6000061035156,,,,,,
2015-06-08,395.6400146484375,,,,,,
2015-06-09,392.6400146484375,,,,,,
2015-06-10,386.8800048828125,,,,,,
2015-06-11,390.239990234375,,,,,,
2015-06-12,390.9200134277344,,,,,,
2015-06-15,387.0,,,,,,
2015-06-16,389.760009765625,,,,,,
2015-06-17,386.8399963378906,,,,,,
2015-06-18,375.7999877929688,,,,,,
2015-06-19,377.3599853515625,,,,,,
2015-06-22,385.760009765625,,,,,,
2015-06-23,391.1600036621094,,,,,,
2015-06-24,393.7999877929688,,,,,,
2015-06-25,394.55999755859375,,,,,,
2015-06-26,393.0799865722656,,,,,,
2015-06-29,389.6799926757813,,,,,,
2015-06-30,395.2799987792969,,,,,,
2015-07-01,397.8399963378906,,,,,,
2015-07-02,399.2000122070313,,,,,,
2015-07-06,396.760009765625,,,,,,
2015-07-07,405.760009765625,,,,,,
2015-07-08,403.55999755859375,,,,,,
2015-07-09,402.0799865722656,,,,,,
2015-07-10,401.3999938964844,,,,,,
2015-07-13,404.6799926757813,,,,,,
2015-07-14,406.55999755859375,,,,,,
2015-07-15,410.55999755859375,,,,,,
2015-07-16,413.4800109863281,,,,,,
2015-07-17,421.7999877929688,,,,,,
2015-07-20,444.9200134277344,,,,,,
2015-07-21,447.0400085449219,,,,,,
2015-07-22,452.2799987792969,,,,,,
2015-07-23,456.0799865722656,,,,,,
2015-07-24,447.4800109863281,,,,,,
2015-07-27,451.6799926757813,,,,,,
2015-07-28,449.55999755859375,,,,,,
2015-07-29,448.0,,,,,,
2015-07-30,455.9599914550781,,,,,,
2015-07-31,449.0,,,,,,
2015-08-03,456.3999938964844,,,,,,
2015-08-04,455.6000061035156,,,,,,
2015-08-05,458.8800048828125,,,,,,
2015-08-06,454.2799987792969,,,,,,
2015-08-07,451.5199890136719,,,,,,
2015-08-10,442.7200012207031,,,,,,
2015-08-11,438.239990234375,,,,,,
2015-08-12,426.239990234375,,,,,,
2015-08-13,432.6000061035156,,,,,,
2015-08-14,433.0400085449219,,,,,,
2015-08-17,430.9599914550781,,,,,,
2015-08-18,430.8800048828125,,,,,,
2015-08-19,419.4400024414063,,,,,,
2015-08-20,405.0,,,,,,
2015-08-21,399.7200012207031,,,,,,
2015-08-24,404.4800109863281,,,,,,
2015-08-25,413.2000122070313,,,,,,
2015-08-26,424.1600036621094,,,,,,
2015-08-27,423.8399963378906,,,,,,
2015-08-28,416.1600036621094,,,,,,
2015-08-31,414.3999938964844,,,,,,
2015-09-01,411.5199890136719,,,,,,
2015-09-02,416.3200073242188,,,,,,
2015-09-03,422.5199890136719,,,,,,
2015-09-04,424.7999877929688,,,,,,
2015-09-08,424.6000061035156,,,,,,
2015-09-09,435.9599914550781,,,,,,
2015-09-10,433.6000061035156,,,,,,
2015-09-11,435.3999938964844,,,,,,
2015-09-14,434.8399963378906,,,,,,
2015-09-15,437.0799865722656,,,,,,
2015-09-16,425.8399963378906,,,,,,
2015-09-17,416.6799926757813,,,,,,
2015-09-18,410.1199951171875,,,,,,
2015-09-21,414.9200134277344,,,,,,
2015-09-22,420.3200073242188,,,,,,
2015-09-23,416.760009765625,,,,,,
2015-09-24,400.0400085449219,,,,,,
2015-09-25,404.3200073242188,,,,,,
2015-09-28,414.8399963378906,,,,,,
2015-09-29,416.9200134277344,,,,,,
2015-09-30,426.5199890136719,,,,,,
2015-10-01,427.2000122070313,,,,,,
2015-10-02,409.4800109863281,,,,,,
2015-10-05,411.8399963378906,,,,,,
2015-10-06,403.239990234375,,,,,,
2015-10-07,402.6000061035156,,,,,,
2015-10-08,408.0799865722656,,,,,,
2015-10-09,395.0400085449219,,,,,,
2015-10-12,392.1600036621094,,,,,,
2015-10-13,388.2000122070313,,,,,,
2015-10-14,374.8399963378906,,,,,,
2015-10-15,378.6000061035156,,,,,,
2015-10-16,383.6400146484375,,,,,,
2015-10-19,386.3999938964844,,,,,,
2015-10-20,382.2000122070313,,,,,,
2015-10-21,388.760009765625,,,,,,
2015-10-22,389.2799987792969,,,,,,
2015-10-23,390.7200012207031,,,,,,
2015-10-26,390.9200134277344,,,,,,
2015-10-27,388.7999877929688,,,,,,
2015-10-28,394.7999877929688,,,,,,
2015-10-29,401.8800048828125,,,,,,
2015-10-30,404.8800048828125,,,,,,
2015-11-02,409.9599914550781,,,,,,
2015-11-03,422.0,,,,,,
2015-11-04,429.7200012207031,,,,,,
2015-11-05,432.3999938964844,,,,,,
2015-11-06,444.6000061035156,,,,,,
2015-11-09,441.0799865722656,,,,,,
2015-11-10,444.6799926757813,,,,,,
2015-11-11,446.7999877929688,,,,,,
2015-11-12,446.9599914550781,,,,,,
2015-11-13,450.2000122070313,,,,,,
2015-11-16,448.4400024414063,,,,,,
2015-11-17,459.4800109863281,,,,,,
2015-11-18,459.8800048828125,,,,,,
2015-11-19,448.4400024414063,,,,,,
2015-11-20,452.9200134277344,,,,,,
2015-11-23,460.0799865722656,,,,,,
2015-11-24,453.9200134277344,,,,,,
2015-11-25,458.1600036621094,,,,,,
2015-11-27,468.6000061035156,,,,,,
2015-11-30,462.8399963378906,,,,,,
2015-12-01,459.0799865722656,,,,,,
2015-12-02,473.1199951171875,,,,,,
2015-12-03,464.0400085449219,,,,,,
2015-12-04,442.760009765625,,,,,,
2015-12-07,455.3599853515625,,,,,,
2015-12-08,452.9599914550781,,,,,,
2015-12-09,454.9200134277344,,,,,,
2015-12-10,455.0,,,,,,
2015-12-11,451.55999755859375,,,,,,
2015-12-14,461.6400146484375,,,,,,
2015-12-15,465.0,,,,,,
2015-12-16,454.0400085449219,,,,,,
2015-12-17,471.6000061035156,,,,,,
2015-12-18,459.4400024414063,,,,,,
2015-12-21,448.0400085449219,,,,,,
2015-12-22,453.2799987792969,,,,,,
2015-12-23,455.5199890136719,,,,,,
2015-12-24,449.4400024414063,,,,,,
2015-12-28,456.4400024414063,,,,,,
2015-12-29,456.0,,,,,,
2015-12-30,463.3999938964844,,,,,,
2015-12-31,463.3200073242188,,,,,,
2016-01-04,449.3599853515625,,,,,,
2016-01-05,447.1600036621094,,,,,,
2016-01-06,433.0799865722656,,,,,,
2016-01-07,421.239990234375,,,,,,
2016-01-08,425.3200073242188,,,,,,
2016-01-11,432.0,,,,,,
2016-01-12,437.4800109863281,,,,,,
2016-01-13,433.1600036621094,,,,,,
2016-01-14,446.6400146484375,,,,,,
2016-01-15,438.0400085449219,,,,,,
2016-01-19,439.0799865722656,,,,,,
2016-01-20,427.2799987792969,,,,,,
2016-01-21,427.6799926757813,,,,,,
2016-01-22,428.9200134277344,,,,,,
2016-01-25,424.3200073242188,,,,,,
2016-01-26,411.4400024414063,,,,,,
2016-01-27,407.4800109863281,,,,,,
2016-01-28,416.0400085449219,,,,,,
2016-01-29,414.6000061035156,,,,,,
2016-02-01,405.7999877929688,,,,,,
2016-02-02,404.7200012207031,,,,,,
2016-02-03,396.7999877929688,,,,,,
2016-02-04,385.8800048828125,,,,,,
2016-02-05,373.1600036621094,,,,,,
2016-02-08,363.1600036621094,,,,,,
2016-02-09,362.6400146484375,,,,,,
2016-02-10,358.44000244140625,,,,,,
2016-02-11,329.3999938964844,,,,,,
2016-02-12,333.3999938964844,,,,,,
2016-02-16,354.32000732421875,,,,,,
2016-02-17,349.5599975585937,,,,,,
2016-02-18,332.0400085449219,,,,,,
2016-02-19,337.3599853515625,,,,,,
2016-02-22,349.20001220703125,,,,,,
2016-02-23,339.1600036621094,,,,,,
2016-02-24,335.8399963378906,,,,,,
2016-02-25,334.3599853515625,,,,,,
2016-02-26,339.239990234375,,,,,,
2016-02-29,329.67999267578125,,,,,,
2016-03-01,334.3999938964844,,,,,,
2016-03-02,330.1199951171875,,,,,,
2016-03-03,318.0400085449219,,,,,,
2016-03-04,318.6000061035156,,,,,,
2016-03-07,314.6400146484375,,,,,,
2016-03-08,319.4800109863281,,,,,,
2016-03-09,323.2799987792969,,,,,,
2016-03-10,313.6400146484375,,,,,,
2016-03-11,324.3999938964844,,,,,,
2016-03-14,332.7200012207031,,,,,,
2016-03-15,332.8399963378906,,,,,,
2016-03-16,316.0400085449219,,,,,,
2016-03-17,320.3999938964844,,,,,,
2016-03-18,321.4800109863281,,,,,,
2016-03-21,326.7200012207031,,,,,,
2016-03-22,323.3599853515625,,,,,,
2016-03-23,337.9599914550781,,,,,,
2016-03-24,339.4800109863281,,,,,,
2016-03-28,337.8800048828125,,,,,,
2016-03-29,326.0799865722656,,,,,,
2016-03-30,334.67999267578125,,,,,,
2016-03-31,332.1199951171875,,,,,,
2016-04-01,335.1199951171875,,,,,,
2016-04-04,339.79998779296875,,,,,,
2016-04-05,330.7200012207031,,,,,,
2016-04-06,334.9599914550781,,,,,,
2016-04-07,325.3599853515625,,,,,,
2016-04-08,325.6000061035156,,,,,,
2016-04-11,317.0400085449219,,,,,,
2016-04-12,316.79998779296875,,,,,,
2016-04-13,323.8800048828125,,,,,,
2016-04-14,333.6000061035156,,,,,,
2016-04-15,328.5599975585937,,,,,,
2016-04-18,329.79998779296875,,,,,,
2016-04-19,318.8399963378906,,,,,,
2016-04-20,322.2799987792969,,,,,,
2016-04-21,319.9599914550781,,,,,,
2016-04-22,328.1600036621094,,,,,,
2016-04-25,326.0799865722656,,,,,,
2016-04-26,323.5599975585937,,,,,,
2016-04-27,322.3599853515625,,,,,,
2016-04-28,310.79998779296875,,,,,,
2016-04-29,297.3599853515625,,,,,,
2016-05-02,299.79998779296875,,,,,,
2016-05-03,301.0799865722656,,,,,,
2016-05-04,304.44000244140625,,,,,,
2016-05-05,305.4800109863281,,,,,,
2016-05-06,300.79998779296875,,,,,,
2016-05-09,312.5199890136719,,,,,,
2016-05-10,310.239990234375,,,,,,
2016-05-11,305.0400085449219,,,,,,
2016-05-12,309.7200012207031,,,,,,
2016-05-13,306.79998779296875,,,,,,
2016-05-16,306.1600036621094,,,,,,
2016-05-17,303.8399963378906,,,,,,
2016-05-18,314.9200134277344,,,,,,
2016-05-19,315.9200134277344,,,,,,
2016-05-20,316.3599853515625,,,,,,
2016-05-23,317.760009765625,,,,,,
2016-05-24,329.32000732421875,,,,,,
2016-05-25,331.5199890136719,,,,,,
2016-05-26,333.6400146484375,,,,,,
2016-05-27,339.0,,,,,,
2016-05-31,335.0,,,,,,
2016-06-01,335.67999267578125,,,,,,
2016-06-02,338.44000244140625,,,,,,
2016-06-03,320.0799865722656,,,,,,
2016-06-06,319.3599853515625,,,,,,
2016-06-07,319.9599914550781,,,,,,
2016-06-08,310.6000061035156,,,,,,
2016-06-09,306.9200134277344,,,,,,
2016-06-10,304.6400146484375,,,,,,
2016-06-13,299.67999267578125,,,,,,
2016-06-14,299.5199890136719,,,,,,
2016-06-15,295.20001220703125,,,,,,
2016-06-16,300.8399963378906,,,,,,
2016-06-17,292.5599975585937,,,,,,
2016-06-20,296.44000244140625,,,,,,
2016-06-21,308.2799987792969,,,,,,
2016-06-22,307.3599853515625,,,,,,
2016-06-23,311.6400146484375,,,,,,
2016-06-24,281.760009765625,,,,,,
2016-06-27,278.8800048828125,,,,,,
2016-06-28,284.6000061035156,,,,,,
2016-06-29,282.5199890136719,,,,,,
2016-06-30,280.0,,,,,,
2016-07-01,270.79998779296875,,,,,,
2016-07-05,266.5199890136719,,,,,,
2016-07-06,263.20001220703125,,,,,,
2016-07-07,264.79998779296875,,,,,,
2016-07-08,262.5599975585937,,,,,,
2016-07-11,267.32000732421875,,,,,,
2016-07-12,275.79998779296875,,,,,,
2016-07-13,271.9200134277344,,,,,,
2016-07-14,274.6000061035156,,,,,,
2016-07-15,277.3999938964844,,,,,,
2016-07-18,277.0400085449219,,,,,,
2016-07-19,275.8800048828125,,,,,,
2016-07-20,283.8800048828125,,,,,,
2016-07-21,275.0,,,,,,
2016-07-22,279.20001220703125,,,,,,
2016-07-25,283.6400146484375,,,,,,
2016-07-26,281.67999267578125,,,,,,
2016-07-27,272.1600036621094,,,,,,
2016-07-28,274.5599975585937,,,,,,
2016-07-29,266.6400146484375,,,,,,
2016-08-01,266.8399963378906,,,,,,
2016-08-02,262.2799987792969,,,,,,
2016-08-03,264.760009765625,,,,,,
2016-08-04,263.9599914550781,,,,,,
2016-08-05,273.2799987792969,,,,,,
2016-08-08,274.0400085449219,,,,,,
2016-08-09,271.7200012207031,,,,,,
2016-08-10,268.9200134277344,,,,,,
2016-08-11,272.760009765625,,,,,,
2016-08-12,274.0,,,,,,
2016-08-15,271.9200134277344,,,,,,
2016-08-16,269.67999267578125,,,,,,
2016-08-17,270.2799987792969,,,,,,
2016-08-18,266.3999938964844,,,,,,
2016-08-19,271.67999267578125,,,,,,
2016-08-22,272.67999267578125,,,,,,
2016-08-23,272.44000244140625,,,,,,
2016-08-24,278.3999938964844,,,,,,
2016-08-25,279.239990234375,,,,,,
2016-08-26,279.6400146484375,,,,,,
2016-08-29,278.7200012207031,,,,,,
2016-08-30,284.0,,,,,,
2016-08-31,285.1199951171875,,,,,,
2016-09-01,283.0400085449219,,,,,,
2016-09-02,277.67999267578125,,,,,,
2016-09-06,267.79998779296875,,,,,,
2016-09-07,269.4800109863281,,,,,,
2016-09-08,272.3999938964844,,,,,,
2016-09-09,275.6000061035156,,,,,,
2016-09-12,276.4800109863281,,,,,,
2016-09-13,280.32000732421875,,,,,,
2016-09-14,278.9599914550781,,,,,,
2016-09-15,282.20001220703125,,,,,,
2016-09-16,284.0799865722656,,,,,,
2016-09-19,282.3599853515625,,,,,,
2016-09-20,282.1600036621094,,,,,,
2016-09-21,274.32000732421875,,,,,,
2016-09-22,272.239990234375,,,,,,
2016-09-23,272.5599975585937,,,,,,
2016-09-26,272.67999267578125,,,,,,
2016-09-27,276.20001220703125,,,,,,
2016-09-28,278.2799987792969,,,,,,
2016-09-29,278.6400146484375,,,,,,
2016-09-30,280.760009765625,,,,,,
2016-10-03,282.20001220703125,,,,,,
2016-10-04,301.6400146484375,,,,,,
2016-10-05,302.79998779296875,,,,,,
2016-10-06,308.8399963378906,,,,,,
2016-10-07,308.0400085449219,,,,,,
2016-10-10,306.0,,,,,,
2016-10-11,308.7200012207031,,,,,,
2016-10-12,308.0799865722656,,,,,,
2016-10-13,306.0400085449219,,,,,,
2016-10-14,309.2799987792969,,,,,,
2016-10-17,308.5199890136719,,,,,,
2016-10-18,304.44000244140625,,,,,,
2016-10-19,301.3999938964844,,,,,,
2016-10-20,302.6400146484375,,,,,,
2016-10-21,302.3999938964844,,,,,,
2016-10-24,303.8800048828125,,,,,,
2016-10-25,299.0,,,,,,
2016-10-26,302.79998779296875,,,,,,
2016-10-27,301.3599853515625,,,,,,
2016-10-28,298.2799987792969,,,,,,
2016-10-31,296.9599914550781,,,,,,
2016-11-01,292.79998779296875,,,,,,
2016-11-02,288.32000732421875,,,,,,
2016-11-03,285.6000061035156,,,,,,
2016-11-04,284.9599914550781,,,,,,
2016-11-07,295.2799987792969,,,,,,
2016-11-08,297.67999267578125,,,,,,
2016-11-09,298.3999938964844,,,,,,
2016-11-10,307.20001220703125,,,,,,
2016-11-11,321.0400085449219,,,,,,
2016-11-14,325.7200012207031,,,,,,
2016-11-15,320.20001220703125,,,,,,
2016-11-16,322.239990234375,,,,,,
2016-11-17,325.9599914550781,,,,,,
2016-11-18,330.8399963378906,,,,,,
2016-11-21,328.6000061035156,,,,,,
2016-11-22,328.0799865722656,,,,,,
2016-11-23,341.6000061035156,,,,,,
2016-11-25,345.5599975585937,,,,,,
2016-11-28,338.20001220703125,,,,,,
2016-11-29,341.20001220703125,,,,,,
2016-11-30,350.6400146484375,,,,,,
2016-12-01,351.3999938964844,,,,,,
2016-12-02,349.20001220703125,,,,,,
2016-12-05,351.4800109863281,,,,,,
2016-12-06,352.3999938964844,,,,,,
2016-12-07,349.5599975585937,,,,,,
2016-12-08,351.239990234375,,,,,,
2016-12-09,358.6000061035156,,,,,,
2016-12-12,356.2799987792969,,,,,,
2016-12-13,358.6400146484375,,,,,,
2016-12-14,368.4400024414063,,,,,,
2016-12-15,377.9200134277344,,,,,,
2016-12-16,373.0799865722656,,,,,,
2016-12-19,369.7200012207031,,,,,,
2016-12-20,374.6799926757813,,,,,,
2016-12-21,374.5199890136719,,,,,,
2016-12-22,376.239990234375,,,,,,
2016-12-23,374.0,,,,,,
2016-12-27,369.3200073242188,,,,,,
2016-12-28,367.3200073242188,,,,,,
2016-12-29,358.1199951171875,,,,,,
2016-12-30,362.1600036621094,,,,,,
2017-01-03,356.6400146484375,,,,,,
2017-01-04,353.9200134277344,,,,,,
2017-01-05,343.44000244140625,,,,,,
2017-01-06,348.0400085449219,,,,,,
2017-01-09,342.7200012207031,,,,,,
2017-01-10,339.5199890136719,,,,,,
2017-01-11,337.3599853515625,,,,,,
2017-01-12,334.239990234375,,,,,,
2017-01-13,332.6000061035156,,,,,,
2017-01-17,323.0799865722656,,,,,,
2017-01-18,328.32000732421875,,,,,,
2017-01-19,328.20001220703125,,,,,,
2017-01-20,326.8399963378906,,,,,,
2017-01-23,322.8399963378906,,,,,,
2017-01-24,325.8399963378906,,,,,,
2017-01-25,331.1600036621094,,,,,,
2017-01-26,336.760009765625,,,,,,
2017-01-27,336.3599853515625,,,,,,
2017-01-30,333.239990234375,,,,,,
2017-01-31,324.1199951171875,,,,,,
2017-02-01,325.0799865722656,,,,,,
2017-02-02,321.44000244140625,,,,,,
2017-02-03,319.7200012207031,,,,,,
2017-02-06,311.3999938964844,,,,,,
2017-02-07,312.8399963378906,,,,,,
2017-02-08,308.9200134277344,,,,,,
2017-02-09,313.79998779296875,,,,,,
2017-02-10,312.2799987792969,,,,,,
2017-02-13,316.0799865722656,,,,,,
2017-02-14,315.32000732421875,,,,,,
2017-02-15,312.44000244140625,,,,,,
2017-02-16,309.1199951171875,,,,,,
2017-02-17,310.8800048828125,,,,,,
2017-02-21,310.79998779296875,,,,,,
2017-02-22,309.760009765625,,,,,,
2017-02-23,304.6400146484375,,,,,,
2017-02-24,300.6000061035156,,,,,,
2017-02-27,303.2799987792969,,,,,,
2017-02-28,303.0799865722656,,,,,,
2017-03-01,304.0400085449219,,,,,,
2017-03-02,311.44000244140625,,,,,,
2017-03-03,311.6000061035156,,,,,,
2017-03-06,316.1199951171875,,,,,,
2017-03-07,321.0400085449219,,,,,,
2017-03-08,324.8399963378906,,,,,,
2017-03-09,328.67999267578125,,,,,,
2017-03-10,327.239990234375,,,,,,
2017-03-13,327.0799865722656,,,,,,
2017-03-14,330.0799865722656,,,,,,
2017-03-15,318.0799865722656,,,,,,
2017-03-16,314.8800048828125,,,,,,
2017-03-17,313.67999267578125,,,,,,
2017-03-20,310.6400146484375,,,,,,
2017-03-21,305.44000244140625,,,,,,
2017-03-22,304.0400085449219,,,,,,
2017-03-23,305.0,,,,,,
2017-03-24,303.79998779296875,,,,,,
2017-03-27,300.4800109863281,,,,,,
2017-03-28,302.79998779296875,,,,,,
2017-03-29,301.3599853515625,,,,,,
2017-03-30,305.760009765625,,,,,,
2017-03-31,303.7200012207031,,,,,,
2017-04-03,301.5599975585937,,,,,,
2017-04-04,300.0,,,,,,
2017-04-05,299.9599914550781,,,,,,
2017-04-06,301.9599914550781,,,,,,
2017-04-07,300.67999267578125,,,,,,
2017-04-10,300.4800109863281,,,,,,
2017-04-11,291.9200134277344,,,,,,
2017-04-12,287.67999267578125,,,,,,
2017-04-13,285.0799865722656,,,,,,
2017-04-17,286.79998779296875,,,,,,
2017-04-18,284.0,,,,,,
2017-04-19,289.239990234375,,,,,,
2017-04-20,288.1600036621094,,,,,,
2017-04-21,286.3999938964844,,,,,,
2017-04-24,290.0,,,,,,
2017-04-25,296.1600036621094,,,,,,
2017-04-26,293.0,,,,,,
2017-04-27,295.32000732421875,,,,,,
2017-04-28,293.44000244140625,,,,,,
2017-05-01,298.9599914550781,,,,,,
2017-05-02,298.8399963378906,,,,,,
2017-05-03,306.9599914550781,,,,,,
2017-05-04,313.0400085449219,,,,,,
2017-05-05,312.2799987792969,,,,,,
2017-05-08,313.3999938964844,,,,,,
2017-05-09,316.9200134277344,,,,,,
2017-05-10,317.1199951171875,,,,,,
2017-05-11,315.1199951171875,,,,,,
2017-05-12,313.0799865722656,,,,,,
2017-05-15,311.3999938964844,,,,,,
2017-05-16,308.7200012207031,,,,,,
2017-05-17,297.3999938964844,,,,,,
2017-05-18,302.20001220703125,,,,,,
2017-05-19,299.20001220703125,,,,,,
2017-05-22,297.0799865722656,,,,,,
2017-05-23,300.9200134277344,,,,,,
2017-05-24,297.9599914550781,,,,,,
2017-05-25,298.8800048828125,,,,,,
2017-05-26,293.760009765625,,,,,,
2017-05-30,295.5599975585937,,,,,,
2017-05-31,293.1199951171875,,,,,,
2017-06-01,293.44000244140625,,,,,,
2017-06-02,288.8399963378906,,,,,,
2017-06-05,288.0,,,,,,
2017-06-06,281.7200012207031,,,,,,
2017-06-07,285.0,,,,,,
2017-06-08,288.6000061035156,,,,,,
2017-06-09,293.67999267578125,,,,,,
2017-06-12,293.8800048828125,,,,,,
2017-06-13,293.9599914550781,,,,,,
2017-06-14,296.8800048828125,,,,,,
2017-06-15,299.239990234375,,,,,,
2017-06-16,299.5599975585937,,,,,,
2017-06-19,303.6000061035156,,,,,,
2017-06-20,305.239990234375,,,,,,
2017-06-21,302.6400146484375,,,,,,
2017-06-22,302.20001220703125,,,,,,
2017-06-23,298.3599853515625,,,,,,
2017-06-26,304.1199951171875,,,,,,
2017-06-27,301.3599853515625,,,,,,
2017-06-28,301.0400085449219,,,,,,
2017-06-29,304.0,,,,,,
2017-06-30,305.4800109863281,,,,,,
2017-07-03,316.3599853515625,,,,,,
2017-07-05,313.3999938964844,,,,,,
2017-07-06,313.5599975585937,,,,,,
2017-07-07,320.0400085449219,,,,,,
2017-07-10,319.2799987792969,,,,,,
2017-07-11,318.239990234375,,,,,,
2017-07-12,316.32000732421875,,,,,,
2017-07-13,317.1199951171875,,,,,,
2017-07-14,312.0,,,,,,
2017-07-17,309.2799987792969,,,,,,
2017-07-18,305.5599975585937,,,,,,
2017-07-19,305.2799987792969,,,,,,
2017-07-20,304.44000244140625,,,,,,
2017-07-21,298.9599914550781,,,,,,
2017-07-24,298.9599914550781,,,,,,
2017-07-25,301.0400085449219,,,,,,
2017-07-26,295.9599914550781,,,,,,
2017-07-27,295.9200134277344,,,,,,
2017-07-28,291.8800048828125,,,,,,
2017-07-31,291.67999267578125,,,,,,
2017-08-01,292.0,,,,,,
2017-08-02,293.1600036621094,,,,,,
2017-08-03,292.44000244140625,,,,,,
2017-08-04,297.0799865722656,,,,,,
2017-08-07,298.0,,,,,,
2017-08-08,296.1600036621094,,,,,,
2017-08-09,288.8399963378906,,,,,,
2017-08-10,284.6000061035156,,,,,,
2017-08-11,282.32000732421875,,,,,,
2017-08-14,286.3999938964844,,,,,,
2017-08-15,289.9599914550781,,,,,,
2017-08-16,286.1199951171875,,,,,,
2017-08-17,283.32000732421875,,,,,,
2017-08-18,284.1199951171875,,,,,,
2017-08-21,282.0799865722656,,,,,,
2017-08-22,285.1199951171875,,,,,,
2017-08-23,282.7200012207031,,,,,,
2017-08-24,284.2799987792969,,,,,,
2017-08-25,282.1600036621094,,,,,,
2017-08-28,273.0799865722656,,,,,,
2017-08-29,274.20001220703125,,,,,,
2017-08-30,274.6000061035156,,,,,,
2017-08-31,267.79998779296875,,,,,,
2017-09-01,266.8800048828125,,,,,,
2017-09-05,261.0400085449219,,,,,,
2017-09-06,264.1600036621094,,,,,,
2017-09-07,258.32000732421875,,,,,,
2017-09-08,259.1600036621094,,,,,,
2017-09-11,266.6000061035156,,,,,,
2017-09-12,264.7200012207031,,,,,,
2017-09-13,269.0,,,,,,
2017-09-14,266.6000061035156,,,,,,
2017-09-15,269.32000732421875,,,,,,
2017-09-18,274.44000244140625,,,,,,
2017-09-19,272.8800048828125,,,,,,
2017-09-20,277.4800109863281,,,,,,
2017-09-21,281.6400146484375,,,,,,
2017-09-22,279.0,,,,,,
2017-09-25,273.0400085449219,,,,,,
2017-09-26,279.3999938964844,,,,,,
2017-09-27,285.0,,,,,,
2017-09-28,283.67999267578125,,,,,,
2017-09-29,286.20001220703125,,,,,,
2017-10-02,290.3599853515625,,,,,,
2017-10-03,290.0400085449219,,,,,,
2017-10-04,288.3999938964844,,,,,,
2017-10-05,292.1600036621094,,,,,,
2017-10-06,288.6400146484375,,,,,,
2017-10-09,284.0,,,,,,
2017-10-10,282.7200012207031,,,,,,
2017-10-11,280.32000732421875,,,,,,
2017-10-12,280.44000244140625,,,,,,
2017-10-13,275.9200134277344,,,,,,
2017-10-16,280.0,,,,,,
2017-10-17,283.67999267578125,,,,,,
2017-10-18,285.6400146484375,,,,,,
2017-10-19,282.1199951171875,,,,,,
2017-10-20,286.3599853515625,,,,,,
2017-10-23,284.8399963378906,,,,,,
2017-10-24,287.239990234375,,,,,,
2017-10-25,287.1199951171875,,,,,,
2017-10-26,292.0400085449219,,,,,,
2017-10-27,289.44000244140625,,,,,,
2017-10-30,287.8399963378906,,,,,,
2017-10-31,290.1600036621094,,,,,,
2017-11-01,287.9599914550781,,,,,,
2017-11-02,287.7200012207031,,,,,,
2017-11-03,290.79998779296875,,,,,,
2017-11-06,285.6400146484375,,,,,,
2017-11-07,288.20001220703125,,,,,,
2017-11-08,285.4800109863281,,,,,,
2017-11-09,283.239990234375,,,,,,
2017-11-10,287.5199890136719,,,,,,
2017-11-13,287.2799987792969,,,,,,
2017-11-14,285.67999267578125,,,,,,
2017-11-15,287.0400085449219,,,,,,
2017-11-16,286.8399963378906,,,,,,
2017-11-17,280.1199951171875,,,,,,
2017-11-20,287.1600036621094,,,,,,
2017-11-21,286.0,,,,,,
2017-11-22,281.9599914550781,,,,,,
2017-11-24,282.79998779296875,,,,,,
2017-11-27,280.4800109863281,,,,,,
2017-11-28,280.1199951171875,,,,,,
2017-11-29,284.1199951171875,,,,,,
2017-11-30,288.4800109863281,,,,,,
2017-12-01,286.32000732421875,,,,,,
2017-12-04,288.32000732421875,,,,,,
2017-12-05,292.5199890136719,,,,,,
2017-12-06,293.67999267578125,,,,,,
2017-12-07,301.3999938964844,,,,,,
2017-12-08,301.1600036621094,,,,,,
2017-12-11,304.32000732421875,,,,,,
2017-12-12,303.4800109863281,,,,,,
2017-12-13,297.6400146484375,,,,,,
2017-12-14,299.1199951171875,,,,,,
2017-12-15,297.2799987792969,,,,,,
2017-12-18,294.67999267578125,,,,,,
2017-12-19,294.8800048828125,,,,,,
2017-12-20,293.0799865722656,,,,,,
2017-12-21,292.239990234375,,,,,,
2017-12-22,288.6000061035156,,,,,,
2017-12-26,284.79998779296875,,,,,,
2017-12-27,282.8399963378906,,,,,,
2017-12-28,280.0400085449219,,,,,,
2017-12-29,276.44000244140625,,,,,,
2018-01-02,270.0799865722656,,,,,,
2018-01-03,271.6400146484375,,,,,,
2018-01-04,268.760009765625,,,,,,
2018-01-05,269.2799987792969,,,,,,
2018-01-08,269.6000061035156,,,,,,
2018-01-09,272.1199951171875,,,,,,
2018-01-10,270.5199890136719,,,,,,
2018-01-11,268.8800048828125,,,,,,
2018-01-12,262.3599853515625,,,,,,
2018-01-16,261.8399963378906,,,,,,
2018-01-17,266.0400085449219,,,,,,
2018-01-18,267.0799865722656,,,,,,
2018-01-19,264.5599975585937,,,,,,
2018-01-22,263.7200012207031,,,,,,
2018-01-23,261.7200012207031,,,,,,
2018-01-24,254.83999633789065,,,,,,
2018-01-25,258.5599975585937,,,,,,
2018-01-26,258.0400085449219,,,,,,
2018-01-29,260.9200134277344,,,,,,
2018-01-30,262.79998779296875,,,,,,
2018-01-31,259.3599853515625,,,,,,
2018-02-01,257.67999267578125,,,,,,
2018-02-02,265.0,,,,,,
2018-02-05,263.2799987792969,,,,,,
2018-02-06,269.0400085449219,,,,,,
2018-02-07,271.8800048828125,,,,,,
2018-02-08,270.8800048828125,,,,,,
2018-02-09,272.1600036621094,,,,,,
2018-02-12,268.79998779296875,,,,,,
2018-02-13,266.0,,,,,,
2018-02-14,257.1199951171875,,,,,,
2018-02-15,256.7200012207031,,,,,,
2018-02-16,258.9599914550781,,,,,,
2018-02-20,265.3599853515625,,,,,,
2018-02-21,268.2799987792969,,,,,,
2018-02-22,265.3599853515625,,,,,,
2018-02-23,265.9599914550781,,,,,,
2018-02-26,264.5199890136719,,,,,,
2018-02-27,270.760009765625,,,,,,
2018-02-28,271.0400085449219,,,,,,
2018-03-01,271.0400085449219,,,,,,
2018-03-02,269.20001220703125,,,,,,
2018-03-05,270.20001220703125,,,,,,
2018-03-06,264.44000244140625,,,,,,
2018-03-07,268.2799987792969,,,,,,
2018-03-08,268.760009765625,,,,,,
2018-03-09,268.44000244140625,,,,,,
2018-03-12,268.2799987792969,,,,,,
2018-03-13,267.44000244140625,,,,,,
2018-03-14,267.7200012207031,,,,,,
2018-03-15,271.3999938964844,,,,,,
2018-03-16,273.0799865722656,,,,,,
2018-03-19,271.2799987792969,,,,,,
2018-03-20,274.2799987792969,,,,,,
2018-03-21,264.8399963378906,,,,,,
2018-03-22,266.5199890136719,,,,,,
2018-03-23,259.79998779296875,,,,,,
2018-03-26,256.9599914550781,,,,,,
2018-03-27,260.3999938964844,,,,,,
2018-03-28,267.5199890136719,,,,,,
2018-03-29,267.9200134277344,,,,,,
2018-04-02,260.79998779296875,,,,,,
2018-04-03,265.0400085449219,,,,,,
2018-04-04,264.760009765625,,,,,,
2018-04-05,267.5199890136719,,,,,,
2018-04-06,264.9200134277344,,,,,,
2018-04-09,262.9200134277344,,,,,,
2018-04-10,261.760009765625,,,,,,
2018-04-11,258.32000732421875,,,,,,
2018-04-12,264.20001220703125,,,,,,
2018-04-13,260.44000244140625,,,,,,
2018-04-16,260.0,,,,,,
2018-04-17,259.44000244140625,,,,,,
2018-04-18,258.8800048828125,,,,,,
2018-04-19,259.8399963378906,,,,,,
2018-04-20,264.760009765625,,,,,,
2018-04-23,268.9200134277344,,,,,,
2018-04-24,265.6000061035156,,,,,,
2018-04-25,269.1199951171875,,,,,,
2018-04-26,271.3999938964844,,,,,,
2018-04-27,268.9599914550781,,,,,,
2018-04-30,272.5599975585937,,,,,,
2018-05-01,276.6000061035156,,,,,,
2018-05-02,277.1600036621094,,,,,,
2018-05-03,273.5599975585937,,,,,,
2018-05-04,272.6000061035156,,,,,,
2018-05-07,272.8399963378906,,,,,,
2018-05-08,272.79998779296875,,,,,,
2018-05-09,273.7200012207031,,,,,,
2018-05-10,270.5599975585937,,,,,,
2018-05-11,270.8800048828125,,,,,,
2018-05-14,273.239990234375,,,,,,
2018-05-15,282.1199951171875,,,,,,
2018-05-16,282.9599914550781,,,,,,
2018-05-17,282.9599914550781,,,,,,
2018-05-18,281.9599914550781,,,,,,
2018-05-21,282.32000732421875,,,,,,
2018-05-22,283.5199890136719,,,,,,
2018-05-23,281.9599914550781,,,,,,
2018-05-24,276.79998779296875,,,,,,
2018-05-25,278.6000061035156,,,,,,
2018-05-29,278.32000732421875,,,,,,
2018-05-30,278.4800109863281,,,,,,
2018-05-31,279.44000244140625,,,,,,
2018-06-01,282.20001220703125,,,,,,
2018-06-04,282.6000061035156,,,,,,
2018-06-05,280.32000732421875,,,,,,
2018-06-06,280.1199951171875,,,,,,
2018-06-07,280.0400085449219,,,,,,
2018-06-08,280.1199951171875,,,,,,
2018-06-11,279.5199890136719,,,,,,
2018-06-12,281.0,,,,,,
2018-06-13,279.0799865722656,,,,,,
2018-06-14,278.20001220703125,,,,,,
2018-06-15,288.0799865722656,,,,,,
2018-06-18,288.8399963378906,,,,,,
2018-06-19,290.1199951171875,,,,,,
2018-06-20,292.9599914550781,,,,,,
2018-06-21,292.6000061035156,,,,,,
2018-06-22,293.1600036621094,,,,,,
2018-06-25,295.0400085449219,,,,,,
2018-06-26,298.3999938964844,,,,,,
2018-06-27,301.3599853515625,,,,,,
2018-06-28,303.6000061035156,,,,,,
2018-06-29,301.5599975585937,,,,,,
2018-07-02,307.1600036621094,,,,,,
2018-07-03,301.20001220703125,,,,,,
2018-07-05,299.44000244140625,,,,,,
2018-07-06,300.4800109863281,,,,,,
2018-07-09,298.239990234375,,,,,,
2018-07-10,299.67999267578125,,,,,,
2018-07-11,306.4800109863281,,,,,,
2018-07-12,304.5599975585937,,,,,,
2018-07-13,307.1199951171875,,,,,,
2018-07-16,308.1600036621094,,,,,,
2018-07-17,314.0,,,,,,
2018-07-18,313.7200012207031,,,,,,
2018-07-19,317.0,,,,,,
2018-07-20,312.6400146484375,,,,,,
2018-07-23,315.8800048828125,,,,,,
2018-07-24,315.79998779296875,,,,,,
2018-07-25,312.3599853515625,,,,,,
2018-07-26,316.8399963378906,,,,,,
2018-07-27,317.2799987792969,,,,,,
2018-07-30,317.3999938964844,,,,,,
2018-07-31,316.0,,,,,,
2018-08-01,320.6000061035156,,,,,,
2018-08-02,324.3999938964844,,,,,,
2018-08-03,322.0,,,,,,
2018-08-06,325.2799987792969,,,,,,
2018-08-07,324.0400085449219,,,,,,
2018-08-08,324.0,,,,,,
2018-08-09,323.2799987792969,,,,,,
2018-08-10,323.67999267578125,,,,,,
2018-08-13,333.20001220703125,,,,,,
2018-08-14,332.3999938964844,,,,,,
2018-08-15,344.2799987792969,,,,,,
2018-08-16,344.760009765625,,,,,,
2018-08-17,338.239990234375,,,,,,
2018-08-20,335.6400146484375,,,,,,
2018-08-21,333.1199951171875,,,,,,
2018-08-22,332.0,,,,,,
2018-08-23,337.67999267578125,,,,,,
2018-08-24,326.67999267578125,,,,,,
2018-08-27,324.79998779296875,,,,,,
2018-08-28,329.7200012207031,,,,,,
2018-08-29,326.8399963378906,,,,,,
2018-08-30,329.6000061035156,,,,,,
2018-08-31,330.0400085449219,,,,,,
2018-09-04,333.7200012207031,,,,,,
2018-09-05,331.79998779296875,,,,,,
2018-09-06,330.3999938964844,,,,,,
2018-09-07,331.9599914550781,,,,,,
2018-09-10,333.0,,,,,,
2018-09-11,332.0,,,,,,
2018-09-12,327.0400085449219,,,,,,
2018-09-13,328.8399963378906,,,,,,
2018-09-14,333.1600036621094,,,,,,
2018-09-17,329.79998779296875,,,,,,
2018-09-18,331.4800109863281,,,,,,
2018-09-19,328.1600036621094,,,,,,
2018-09-20,326.32000732421875,,,,,,
2018-09-21,332.0,,,,,,
2018-09-24,330.79998779296875,,,,,,
2018-09-25,330.0400085449219,,,,,,
2018-09-26,333.239990234375,,,,,,
2018-09-27,339.0400085449219,,,,,,
2018-09-28,335.0,,,,,,
2018-10-01,336.239990234375,,,,,,
2018-10-02,328.5599975585937,,,,,,
2018-10-03,331.3599853515625,,,,,,
2018-10-04,330.5199890136719,,,,,,
2018-10-05,328.79998779296875,,,,,,
2018-10-08,337.239990234375,,,,,,
2018-10-09,335.7200012207031,,,,,,
2018-10-10,334.1199951171875,,,,,,
2018-10-11,318.32000732421875,,,,,,
2018-10-12,320.3999938964844,,,,,,
2018-10-15,316.6400146484375,,,,,,
2018-10-16,316.9599914550781,,,,,,
2018-10-17,317.8800048828125,,,,,,
2018-10-18,316.7200012207031,,,,,,
2018-10-19,316.67999267578125,,,,,,
2018-10-22,318.67999267578125,,,,,,
2018-10-23,314.5599975585937,,,,,,
2018-10-24,313.20001220703125,,,,,,
2018-10-25,314.44000244140625,,,,,,
2018-10-26,312.5199890136719,,,,,,
2018-10-29,315.0400085449219,,,,,,
2018-10-30,316.760009765625,,,,,,
2018-10-31,322.3599853515625,,,,,,
2018-11-01,312.79998779296875,,,,,,
2018-11-02,313.5199890136719,,,,,,
2018-11-05,314.5199890136719,,,,,,
2018-11-06,316.9599914550781,,,,,,
2018-11-07,316.3599853515625,,,,,,
2018-11-08,318.6000061035156,,,,,,
2018-11-09,325.2799987792969,,,,,,
2018-11-12,330.1600036621094,,,,,,
2018-11-13,330.0400085449219,,,,,,
2018-11-14,324.9200134277344,,,,,,
2018-11-15,323.760009765625,,,,,,
2018-11-16,319.32000732421875,,,,,,
2018-11-19,318.760009765625,,,,,,
2018-11-20,320.0,,,,,,
2018-11-21,317.20001220703125,,,,,,
2018-11-23,318.9599914550781,,,,,,
2018-11-26,319.3599853515625,,,,,,
2018-11-27,323.44000244140625,,,,,,
2018-11-28,319.7200012207031,,,,,,
2018-11-29,318.4800109863281,,,,,,
2018-11-30,319.67999267578125,,,,,,
2018-12-03,314.9200134277344,,,,,,
2018-12-04,311.5599975585937,,,,,,
2018-12-06,312.32000732421875,,,,,,
2018-12-07,306.4800109863281,,,,,,
2018-12-10,308.6000061035156,,,,,,
2018-12-11,309.1199951171875,,,,,,
2018-12-12,307.8399963378906,,,,,,
2018-12-13,309.239990234375,,,,,,
2018-12-14,311.6000061035156,,,,,,
2018-12-17,307.9599914550781,,,,,,
2018-12-18,306.5599975585937,,,,,,
2018-12-19,310.239990234375,,,,,,
2018-12-20,301.0,,,,,,
2018-12-21,303.6400146484375,,,,,,
2018-12-24,297.1199951171875,,,,,,
2018-12-26,300.0799865722656,,,,,,
2018-12-27,292.20001220703125,,,,,,
2018-12-28,291.9200134277344,,,,,,
2018-12-31,291.3599853515625,,,,,,
2019-01-02,290.44000244140625,,,,,,
2019-01-03,286.1600036621094,,,,,,
2019-01-04,290.3599853515625,,,,,,
2019-01-07,289.3599853515625,,,,,,
2019-01-08,290.9200134277344,,,,,,
2019-01-09,287.32000732421875,,,,,,
2019-01-10,290.6000061035156,,,,,,
2019-01-11,289.8399963378906,,,,,,
2019-01-14,288.3599853515625,,,,,,
2019-01-15,289.760009765625,,,,,,
2019-01-16,287.79998779296875,,,,,,
2019-01-17,288.67999267578125,,,,,,
2019-01-18,293.67999267578125,,,,,,
2019-01-22,292.1600036621094,,,,,,
2019-01-23,292.7200012207031,,,,,,
2019-01-24,293.9599914550781,,,,,,
2019-01-25,285.239990234375,,,,,,
2019-01-28,283.5599975585937,,,,,,
2019-01-29,280.3999938964844,,,,,,
2019-01-30,277.239990234375,,,,,,
2019-01-31,277.0400085449219,,,,,,
2019-02-01,277.6000061035156,,,,,,
2019-02-04,280.0799865722656,,,,,,
2019-02-05,279.1199951171875,,,,,,
2019-02-06,282.6000061035156,,,,,,
2019-02-07,281.3999938964844,,,,,,
2019-02-08,279.5599975585937,,,,,,
2019-02-11,282.0,,,,,,
2019-02-12,281.1199951171875,,,,,,
2019-02-13,283.4800109863281,,,,,,
2019-02-14,280.6400146484375,,,,,,
2019-02-15,276.44000244140625,,,,,,
2019-02-19,268.7200012207031,,,,,,
2019-02-20,269.3599853515625,,,,,,
2019-02-21,275.5599975585937,,,,,,
2019-02-22,273.79998779296875,,,,,,
2019-02-25,274.3599853515625,,,,,,
2019-02-26,273.6400146484375,,,,,,
2019-02-27,277.2799987792969,,,,,,
2019-02-28,280.6400146484375,,,,,,
2019-03-01,290.5599975585937,,,,,,
2019-03-04,291.9599914550781,,,,,,
2019-03-05,291.44000244140625,,,,,,
2019-03-06,291.8399963378906,,,,,,
2019-03-07,292.9200134277344,,,,,,
2019-03-08,286.3999938964844,,,,,,
2019-03-11,289.4800109863281,,,,,,
2019-03-12,285.8800048828125,,,,,,
2019-03-13,281.9200134277344,,,,,,
2019-03-14,288.3999938964844,,,,,,
2019-03-15,285.79998779296875,,,,,,
2019-03-18,285.2799987792969,,,,,,
2019-03-19,283.7200012207031,,,,,,
2019-03-20,280.32000732421875,,,,,,
2019-03-21,282.67999267578125,,,,,,
2019-03-22,281.0799865722656,,,,,,
2019-03-25,277.0400085449219,,,,,,
2019-03-26,279.79998779296875,,,,,,
2019-03-27,282.6000061035156,,,,,,
2019-03-28,290.8399963378906,,,,,,
2019-03-29,290.44000244140625,,,,,,
2019-04-01,292.7200012207031,,,,,,
2019-04-02,290.9200134277344,,,,,,
2019-04-03,291.44000244140625,,,,,,
2019-04-04,290.1600036621094,,,,,,
2019-04-05,290.8399963378906,,,,,,
2019-04-08,288.239990234375,,,,,,
2019-04-09,285.3999938964844,,,,,,
2019-04-10,283.6000061035156,,,,,,
2019-04-11,290.9599914550781,,,,,,
2019-04-12,291.6000061035156,,,,,,
2019-04-15,292.8399963378906,,,,,,
2019-04-16,298.0,,,,,,
2019-04-17,299.44000244140625,,,,,,
2019-04-18,299.32000732421875,,,,,,
2019-04-22,299.1199951171875,,,,,,
2019-04-23,300.8800048828125,,,,,,
2019-04-24,298.7200012207031,,,,,,
2019-04-25,298.0799865722656,,,,,,
2019-04-26,294.20001220703125,,,,,,
2019-04-29,296.8800048828125,,,,,,
2019-04-30,295.0799865722656,,,,,,
2019-05-01,299.1199951171875,,,,,,
2019-05-02,301.3999938964844,,,,,,
2019-05-03,297.8399963378906,,,,,,
2019-05-06,296.9200134277344,,,,,,
2019-05-07,295.0400085449219,,,,,,
2019-05-08,296.6400146484375,,,,,,
2019-05-09,295.4800109863281,,,,,,
2019-05-10,294.6000061035156,,,,,,
2019-05-13,288.44000244140625,,,,,,
2019-05-14,289.5599975585937,,,,,,
2019-05-15,289.8399963378906,,,,,,
2019-05-16,294.239990234375,,,,,,
2019-05-17,298.32000732421875,,,,,,
2019-05-20,298.5199890136719,,,,,,
2019-05-21,300.0799865722656,,,,,,
2019-05-22,300.7200012207031,,,,,,
2019-05-23,296.0,,,,,,
2019-05-24,295.4800109863281,,,,,,
2019-05-28,298.1600036621094,,,,,,
2019-05-29,297.67999267578125,,,,,,
2019-05-30,293.8800048828125,,,,,,
2019-05-31,285.8399963378906,,,,,,
2019-06-03,277.3999938964844,,,,,,
2019-06-04,277.0,,,,,,
2019-06-05,276.0799865722656,,,,,,
2019-06-06,274.3599853515625,,,,,,
2019-06-07,271.3599853515625,,,,,,
2019-06-10,276.6000061035156,,,,,,
2019-06-11,277.2799987792969,,,,,,
2019-06-12,274.7200012207031,,,,,,
2019-06-13,271.44000244140625,,,,,,
2019-06-14,271.44000244140625,,,,,,
2019-06-17,271.9599914550781,,,,,,
2019-06-18,269.3999938964844,,,,,,
2019-06-19,266.239990234375,,,,,,
2019-06-20,251.759994506836,,,,,,
2019-06-21,248.44000244140625,,,,,,
2019-06-24,241.32000732421875,,,,,,
2019-06-25,240.3600006103516,,,,,,
2019-06-26,244.9199981689453,,,,,,
2019-06-27,245.32000732421875,,,,,,
2019-06-28,244.3999938964844,,,,,,
2019-07-01,253.67999267578125,,,,,,
2019-07-02,243.2400054931641,,,,,,
2019-07-03,242.1600036621093,,,,,,
2019-07-05,247.72000122070312,,,,,,
2019-07-08,250.9199981689453,,,,,,
2019-07-09,249.27999877929688,,,,,,
2019-07-10,241.6000061035156,,,,,,
2019-07-11,245.63999938964844,,,,,,
2019-07-12,242.8000030517578,,,,,,
2019-07-15,242.9199981689453,,,,,,
2019-07-16,247.0399932861328,,,,,,
2019-07-17,239.27999877929688,,,,,,
2019-07-18,232.5599975585937,,,,,,
2019-07-19,239.6000061035156,,,,,,
2019-07-22,239.9600067138672,,,,,,
2019-07-23,242.83999633789065,,,,,,
2019-07-24,240.1199951171875,,,,,,
2019-07-25,243.67999267578125,,,,,,
2019-07-26,242.759994506836,,,,,,
2019-07-29,239.759994506836,,,,,,
2019-07-30,238.1199951171875,,,,,,
2019-07-31,244.3600006103516,,,,,,
2019-08-01,232.8800048828125,,,,,,
2019-08-02,234.67999267578125,,,,,,
2019-08-05,228.3999938964844,,,,,,
2019-08-06,224.72000122070312,,,,,,
2019-08-07,217.8000030517578,,,,,,
2019-08-08,215.44000244140625,,,,,,
2019-08-09,216.9600067138672,,,,,,
2019-08-12,213.1199951171875,,,,,,
2019-08-13,215.759994506836,,,,,,
2019-08-14,212.8000030517578,,,,,,
2019-08-15,210.1600036621093,,,,,,
2019-08-16,212.8000030517578,,,,,,
2019-08-19,217.8800048828125,,,,,,
2019-08-20,214.5200042724609,,,,,,
2019-08-21,216.0800018310547,,,,,,
2019-08-22,217.1199951171875,,,,,,
2019-08-23,208.67999267578125,,,,,,
2019-08-26,208.47999572753903,,,,,,
2019-08-27,204.8000030517578,,,,,,
2019-08-28,205.83999633789065,,,,,,
2019-08-29,208.8000030517578,,,,,,
2019-08-30,210.0800018310547,,,,,,
2019-09-03,204.1999969482422,,,,,,
2019-09-04,201.67999267578125,,,,,,
2019-09-05,211.32000732421875,,,,,,
2019-09-06,214.8000030517578,,,,,,
2019-09-09,216.5599975585937,,,,,,
2019-09-10,220.32000732421875,,,,,,
2019-09-11,217.5200042724609,,,,,,
2019-09-12,216.9199981689453,,,,,,
2019-09-13,220.32000732421875,,,,,,
2019-09-16,216.67999267578125,,,,,,
2019-09-17,215.9199981689453,,,,,,
2019-09-18,218.5200042724609,,,,,,
2019-09-19,217.1199951171875,,,,,,
2019-09-20,212.0800018310547,,,,,,
2019-09-23,209.72000122070312,,,,,,
2019-09-24,207.1999969482422,,,,,,
2019-09-25,215.0800018310547,,,,,,
2019-09-26,215.0800018310547,,,,,,
2019-09-27,217.44000244140625,,,,,,
2019-09-30,224.0399932861328,,,,,,
2019-10-01,221.67999267578125,,,,,,
2019-10-02,216.47999572753903,,,,,,
2019-10-03,214.63999938964844,,,,,,
2019-10-04,214.72000122070312,,,,,,
2019-10-07,218.3999938964844,,,,,,
2019-10-08,214.5200042724609,,,,,,
2019-10-09,214.63999938964844,,,,,,
2019-10-10,218.32000732421875,,,,,,
2019-10-11,220.67999267578125,,,,,,
2019-10-14,218.9199981689453,,,,,,
2019-10-15,222.1999969482422,,,,,,
2019-10-16,219.5599975585937,,,,,,
2019-10-17,219.0800018310547,,,,,,
2019-10-18,219.1600036621093,,,,,,
2019-10-21,221.72000122070312,,,,,,
2019-10-22,220.44000244140625,,,,,,
2019-10-23,219.3600006103516,,,,,,
2019-10-24,216.2400054931641,,,,,,
2019-10-25,215.44000244140625,,,,,,
2019-10-28,219.1600036621093,,,,,,
2019-10-29,220.27999877929688,,,,,,
2019-10-30,218.1199951171875,,,,,,
2019-10-31,213.72000122070312,,,,,,
2019-11-01,213.1199951171875,,,,,,
2019-11-04,214.3999938964844,,,,,,
2019-11-05,221.5200042724609,,,,,,
2019-11-06,219.44000244140625,,,,,,
2019-11-07,226.27999877929688,,,,,,
2019-11-08,229.2400054931641,,,,,,
2019-11-11,230.32000732421875,,,,,,
2019-11-12,229.27999877929688,,,,,,
2019-11-13,227.759994506836,,,,,,
2019-11-14,225.72000122070312,,,,,,
2019-11-15,227.0399932861328,,,,,,
2019-11-18,225.3600006103516,,,,,,
2019-11-19,225.1600036621093,,,,,,
2019-11-20,225.0800018310547,,,,,,
2019-11-21,227.5599975585937,,,,,,
2019-11-22,228.2400054931641,,,,,,
2019-11-25,230.72000122070312,,,,,,
2019-11-26,228.27999877929688,,,,,,
2019-11-27,230.72000122070312,,,,,,
2019-11-29,227.8800048828125,,,,,,
2019-12-02,228.1600036621093,,,,,,
2019-12-03,223.9199981689453,,,,,,
2019-12-04,224.63999938964844,,,,,,
2019-12-05,224.5599975585937,,,,,,
2019-12-06,229.44000244140625,,,,,,
2019-12-09,229.3600006103516,,,,,,
2019-12-10,228.1199951171875,,,,,,
2019-12-11,224.8800048828125,,,,,,
2019-12-12,226.5599975585937,,,,,,
2019-12-13,224.5200042724609,,,,,,
2019-12-16,224.44000244140625,,,,,,
2019-12-17,224.67999267578125,,,,,,
2019-12-18,224.8000030517578,,,,,,
2019-12-19,223.72000122070312,,,,,,
2019-12-20,224.32000732421875,,,,,,
2019-12-23,221.83999633789065,,,,,,
2019-12-24,217.3999938964844,,,,,,
2019-12-26,213.9199981689453,,,,,,
2019-12-27,214.3600006103516,,,,,,
2019-12-30,213.6000061035156,,,,,,
2019-12-31,212.83999633789065,,,,,,
2020-01-02,209.9600067138672,,,,,,
2020-01-03,204.32000732421875,,,,,,
2020-01-06,199.9199981689453,,,,,,
2020-01-07,198.47999572753903,,,,,,
2020-01-08,201.47999572753903,,,,,,
2020-01-09,204.0399932861328,,,,,,
2020-01-10,201.63999938964844,,,,,,
2020-01-13,204.47999572753903,,,,,,
2020-01-14,205.1199951171875,,,,,,
2020-01-15,202.759994506836,,,,,,
2020-01-16,203.5599975585937,,,,,,
2020-01-17,202.5599975585937,,,,,,
2020-01-21,202.2400054931641,,,,,,
2020-01-22,202.1999969482422,,,,,,
2020-01-23,201.27999877929688,,,,,,
2020-01-24,199.0,,,,,,
2020-01-27,196.1999969482422,,,,,,
2020-01-28,199.8000030517578,,,,,,
2020-01-29,197.759994506836,,,,,,
2020-01-30,197.72000122070312,,,,,,
2020-01-31,195.32000732421875,,,,,,
2020-02-03,198.0399932861328,,,,,,
2020-02-04,203.47999572753903,,,,,,
2020-02-05,202.83999633789065,,,,,,
2020-02-06,200.63999938964844,,,,,,
2020-02-07,199.5200042724609,,,,,,
2020-02-10,198.8000030517578,,,,,,
2020-02-11,200.1999969482422,,,,,,
2020-02-12,200.5599975585937,,,,,,
2020-02-13,198.27999877929688,,,,,,
2020-02-14,196.5599975585937,,,,,,
2020-02-18,191.63999938964844,,,,,,
2020-02-19,189.44000244140625,,,,,,
2020-02-20,187.759994506836,,,,,,
2020-02-21,182.0399932861328,,,,,,
2020-02-24,178.75999450683594,,,,,,
2020-02-25,184.9199981689453,,,,,,
2020-02-26,183.5599975585937,,,,,,
2020-02-27,183.44000244140625,,,,,,
2020-02-28,196.1199951171875,,,,,,
2020-03-02,194.2400054931641,,,,,,
2020-03-03,182.0,,,,,,
2020-03-04,181.5599975585937,,,,,,
2020-03-05,173.9600067138672,,,,,,
2020-03-06,174.0,,,,,,
2020-03-09,172.9199981689453,,,,,,
2020-03-10,180.47999572753903,,,,,,
2020-03-11,181.83999633789065,,,,,,
2020-03-12,196.32000732421875,,,,,,
2020-03-13,208.1600036621093,,,,,,
2020-03-16,211.9199981689453,,,,,,
2020-03-17,205.5599975585937,,,,,,
2020-03-18,214.44000244140625,,,,,,
2020-03-19,221.1600036621093,,,,,,
2020-03-20,215.27999877929688,,,,,,
2020-03-23,194.1999969482422,,,,,,
2020-03-24,170.8000030517578,,,,,,
2020-03-25,175.16000366210938,,,,,,
2020-03-26,172.47999572753906,,,,,,
2020-03-27,172.83999633789062,,,,,,
2020-03-30,174.60000610351562,,,,,,
2020-03-31,185.1199951171875,,,,,,
2020-04-01,182.9199981689453,,,,,,
2020-04-02,174.36000061035156,,,,,,
2020-04-03,172.0,,,,,,
2020-04-06,159.8000030517578,,,,,,
2020-04-07,164.63999938964844,,,,,,
2020-04-08,165.39999389648438,,,,,,
2020-04-09,154.44000244140625,,,,,,
2020-04-13,149.16000366210938,,,,,,
2020-04-14,150.67999267578125,,,,,,
2020-04-15,151.9600067138672,,,,,,
2020-04-16,153.9199981689453,,,,,,
2020-04-17,160.9600067138672,,,,,,
2020-04-20,158.39999389648438,,,,,,
2020-04-21,159.9600067138672,,,,,,
2020-04-22,152.83999633789062,,,,,,
2020-04-23,150.63999938964844,,,,,,
2020-04-24,152.0,,,,,,
2020-04-27,154.39999389648438,,,,,,
2020-04-28,155.67999267578125,,,,,,
2020-04-29,154.0,,,,,,
2020-04-30,159.83999633789062,,,,,,
2020-05-01,157.72000122070312,,,,,,
2020-05-04,156.9199981689453,,,,,,
2020-05-05,156.27999877929688,,,,,,
2020-05-06,160.75999450683594,,,,,,
2020-05-07,154.32000732421875,,,,,,
2020-05-08,157.16000366210938,,,,,,
2020-05-11,158.9600067138672,,,,,,
2020-05-12,158.0,,,,,,
2020-05-13,154.63999938964844,,,,,,
2020-05-14,151.60000610351562,,,,,,
2020-05-15,149.16000366210938,,,,,,
2020-05-18,152.60000610351562,,,,,,
2020-05-19,149.63999938964844,,,,,,
2020-05-20,148.9199981689453,,,,,,
2020-05-21,153.1999969482422,,,,,,
2020-05-22,151.0,,,,,,
2020-05-26,155.63999938964844,,,,,,
2020-05-27,155.39999389648438,,,,,,
2020-05-28,154.47999572753906,,,,,,
2020-05-29,152.1199951171875,,,,,,
2020-06-01,151.16000366210938,,,,,,
2020-06-02,153.8000030517578,,,,,,
2020-06-03,160.0800018310547,,,,,,
2020-06-04,155.83999633789062,,,,,,
2020-06-05,162.27999877929688,,,,,,
2020-06-08,158.47999572753906,,,,,,
2020-06-09,155.8000030517578,,,,,,
2020-06-10,150.8800048828125,,,,,,
2020-06-11,153.24000549316406,,,,,,
2020-06-12,152.63999938964844,,,,,,
2020-06-15,153.27999877929688,,,,,,
2020-06-16,153.0800018310547,,,,,,
2020-06-17,152.63999938964844,,,,,,
2020-06-18,153.44000244140625,,,,,,
2020-06-19,149.16000366210938,,,,,,
2020-06-22,147.60000610351562,,,,,,
2020-06-23,144.36000061035156,,,,,,
2020-06-24,145.9199981689453,,,,,,
2020-06-25,146.47999572753906,,,,,,
2020-06-26,144.32000732421875,,,,,,
2020-06-29,144.60000610351562,,,,,,
2020-06-30,142.27999877929688,,,,,,
2020-07-01,144.67999267578125,,,,,,
2020-07-02,143.75999450683594,,,,,,
2020-07-06,142.47999572753906,,,,,,
2020-07-07,140.36000061035156,,,,,,
2020-07-08,138.9600067138672,,,,,,
2020-07-09,140.27999877929688,,,,,,
2020-07-10,141.27999877929688,,,,,,
2020-07-13,140.9199981689453,,,,,,
2020-07-14,139.9600067138672,,,,,,
2020-07-15,139.63999938964844,,,,,,
2020-07-16,143.0800018310547,,,,,,
2020-07-17,140.47999572753906,,,,,,
2020-07-20,139.52000427246094,,,,,,
2020-07-21,135.72000122070312,,,,,,
2020-07-22,131.72000122070312,,,,,,
2020-07-23,129.47999572753906,,,,,,
2020-07-24,127.16000366210938,,,,,,
2020-07-27,123.0,,,,,,
2020-07-28,121.55999755859376,,,,,,
2020-07-29,119.83999633789062,,,,,,
2020-07-30,121.5199966430664,,,,,,
2020-07-31,119.04000091552734,,,,,,
2020-08-03,118.91999816894533,,,,,,
2020-08-04,114.08000183105467,,,,,,
2020-08-05,111.95999908447266,,,,,,
2020-08-06,109.4800033569336,,,,,,
2020-08-07,112.87999725341795,,,,,,
2020-08-10,113.5999984741211,,,,,,
2020-08-11,125.72000122070312,,,,,,
2020-08-12,126.5199966430664,,,,,,
2020-08-13,121.4800033569336,,,,,,
2020-08-14,122.63999938964844,,,,,,
2020-08-17,117.27999877929688,,,,,,
2020-08-18,115.12000274658205,,,,,,
2020-08-19,122.76000213623048,,,,,,
2020-08-20,121.04000091552734,,,,,,
2020-08-21,122.83999633789062,,,,,,
2020-08-24,124.27999877929688,,,,,,
2020-08-25,124.08000183105467,,,,,,
2020-08-26,121.04000091552734,,,,,,
2020-08-27,123.83999633789062,,,,,,
2020-08-28,119.44000244140624,,,,,,
2020-08-31,119.04000091552734,,,,,,
2020-09-01,118.5999984741211,,,,,,
2020-09-02,121.83999633789062,,,,,,
2020-09-03,123.5999984741211,,,,,,
2020-09-04,122.87999725341795,,,,,,
2020-09-08,123.27999877929688,,,,,,
2020-09-09,120.87999725341795,,,,,,
2020-09-10,121.63999938964844,,,,,,
2020-09-11,121.72000122070312,,,,,,
2020-09-14,119.55999755859376,,,,,,
2020-09-15,120.27999877929688,,,,,,
2020-09-16,119.8000030517578,,,,,,
2020-09-17,120.95999908447266,,,,,,
2020-09-18,120.72000122070312,,,,,,
2020-09-21,125.5999984741211,,,,,,
2020-09-22,126.87999725341795,,,,,,
2020-09-23,132.52000427246094,,,,,,
2020-09-24,131.47999572753906,,,,,,
2020-09-25,132.27999877929688,,,,,,
2020-09-28,129.67999267578125,,,,,,
2020-09-29,127.23999786376952,,,,,,
2020-09-30,128.75999450683594,,,,,,
2020-10-01,126.1999969482422,,,,,,
2020-10-02,126.55999755859376,,,,,,
2020-10-05,125.1999969482422,,,,,,
2020-10-06,128.67999267578125,,,,,,
2020-10-07,128.75999450683594,,,,,,
2020-10-08,127.5999984741211,,,,,,
2020-10-09,122.72000122070312,,,,,,
2020-10-12,123.5199966430664,,,,,,
2020-10-13,127.5999984741211,,,,,,
2020-10-14,126.68000030517578,,,,,,
2020-10-15,125.72000122070312,,,,,,
2020-10-16,126.68000030517578,,,,,,
2020-10-19,126.5999984741211,,,,,,
2020-10-20,125.27999877929688,,,,,,
2020-10-21,123.4000015258789,,,,,,
2020-10-22,126.08000183105467,,,,,,
2020-10-23,126.31999969482422,,,,,,
2020-10-26,126.44000244140624,,,,,,
2020-10-27,125.68000030517578,,,,,,
2020-10-28,129.9199981689453,,,,,,
2020-10-29,130.9600067138672,,,,,,
2020-10-30,129.8000030517578,,,,,,
2020-11-02,127.31999969482422,,,,,,
2020-11-03,125.76000213623048,,,,,,
2020-11-04,126.0,,,,,,
2020-11-05,120.12000274658205,,,,,,
2020-11-06,119.63999938964844,,,,,,
2020-11-09,130.1999969482422,,,,,,
2020-11-10,129.36000061035156,,,,,,
2020-11-11,130.55999755859375,,,,,,
2020-11-12,128.8000030517578,,,,,,
2020-11-13,127.16000366210938,,,,,,
2020-11-16,127.23999786376952,,,,,,
2020-11-17,128.0399932861328,,,,,,
2020-11-18,129.72000122070312,,,,,,
2020-11-19,130.27999877929688,,,,,,
2020-11-20,129.27999877929688,,,,,,
2020-11-23,134.39999389648438,,,,,,
2020-11-24,138.55999755859375,,,,,,
2020-11-25,138.52000427246094,,,,,,
2020-11-27,141.8000030517578,,,,,,
2020-11-30,143.44000244140625,,,,,,
2020-12-01,137.24000549316406,,,,,,
2020-12-02,135.1999969482422,,,,,,
2020-12-03,133.1199951171875,,,,,,
2020-12-04,133.9199981689453,,,,,,
2020-12-07,130.0,,,,,,
2020-12-08,128.9199981689453,,,,,,
2020-12-09,133.52000427246094,,,,,,
2020-12-10,133.9199981689453,,,,,,
2020-12-11,133.24000549316406,,,,,,
2020-12-14,134.9199981689453,,,,,,
2020-12-15,131.0,,,,,,
2020-12-16,129.52000427246094,,,,,,
2020-12-17,126.55999755859376,,,,,,
2020-12-18,126.87999725341795,,,,,,
2020-12-21,127.68000030517578,,,,,,
2020-12-22,130.0,,,,,,
2020-12-23,128.24000549316406,,,,,,
2020-12-24,127.4000015258789,,,,,,
2020-12-28,128.1199951171875,,,,,,
2020-12-29,127.4000015258789,,,,,,
2020-12-30,125.4000015258789,,,,,,
2020-12-31,124.55999755859376,,,,,,
2021-01-04,118.76000213623048,,,,,,
2021-01-05,118.16000366210938,,,,,,
2021-01-06,122.0,,,,,,
2021-01-07,122.68000030517578,,,,,,
2021-01-08,131.0,,,,,,
2021-01-11,131.27999877929688,,,,,,
2021-01-12,129.8800048828125,,,,,,
2021-01-13,130.9600067138672,,,,,,
2021-01-14,131.0,,,,,,
2021-01-15,134.16000366210938,,,,,,
2021-01-19,132.16000366210938,,,,,,
2021-01-20,127.8000030517578,,,,,,
2021-01-21,127.95999908447266,,,,,,
2021-01-22,130.0,,,,,,
2021-01-25,129.83999633789062,,,,,,
2021-01-26,130.47999572753906,,,,,,
2021-01-27,131.8800048828125,,,,,,
2021-01-28,131.67999267578125,,,,,,
2021-01-29,131.75999450683594,,,,,,
2021-02-01,129.24000549316406,,,,,,
2021-02-02,132.72000122070312,,,,,,
2021-02-03,133.0800018310547,,,,,,
2021-02-04,138.8800048828125,,,,,,
2021-02-05,136.0800018310547,,,,,,
2021-02-08,133.1999969482422,,,,,,
2021-02-09,132.44000244140625,,,,,,
2021-02-10,131.52000427246094,,,,,,
2021-02-11,133.8800048828125,,,,,,
2021-02-12,134.52000427246094,,,,,,
2021-02-16,138.47999572753906,,,,,,
2021-02-17,141.67999267578125,,,,,,
2021-02-18,141.72000122070312,,,,,,
2021-02-19,140.52000427246094,,,,,,
2021-02-22,136.1999969482422,,,,,,
2021-02-23,136.75999450683594,,,,,,
2021-02-24,137.1199951171875,,,,,,
2021-02-25,142.27999877929688,,,,,,
2021-02-26,149.0800018310547,,,,,,
2021-03-01,149.8000030517578,,,,,,
2021-03-02,148.0800018310547,,,,,,
2021-03-03,151.1999969482422,,,,,,
2021-03-04,154.44000244140625,,,,,,
2021-03-05,154.1999969482422,,,,,,
2021-03-08,157.60000610351562,,,,,,
2021-03-09,150.63999938964844,,,,,,
2021-03-10,149.0,,,,,,
2021-03-11,149.32000732421875,,,,,,
2021-03-12,149.24000549316406,,,,,,
2021-03-15,147.8800048828125,,,,,,
2021-03-16,147.72000122070312,,,,,,
2021-03-17,145.55999755859375,,,,,,
2021-03-18,147.47999572753906,,,,,,
2021-03-19,145.9600067138672,,,,,,
2021-03-22,146.36000061035156,,,,,,
2021-03-23,148.47999572753906,,,,,,
2021-03-24,147.32000732421875,,,,,,
2021-03-25,148.75999450683594,,,,,,
2021-03-26,147.75999450683594,,,,,,
2021-03-29,151.36000061035156,,,,,,
2021-03-30,156.32000732421875,,,,,,
2021-03-31,151.55999755859375,,,,,,
2021-04-01,147.83999633789062,,,,,,
2021-04-05,148.0399932861328,,,,,,
2021-04-06,145.55999755859375,,,,,,
2021-04-07,146.39999389648438,,,,,,
2021-04-08,143.24000549316406,,,,,,
2021-04-09,145.36000061035156,,,,,,
2021-04-12,147.27999877929688,,,,,,
2021-04-13,145.0399932861328,,,,,,
2021-04-14,146.47999572753906,,,,,,
2021-04-15,141.63999938964844,,,,,,
2021-04-16,139.8000030517578,,,,,,
2021-04-19,140.75999450683594,,,,,,
2021-04-20,139.55999755859375,,,,,,
2021-04-21,136.9199981689453,,,,,,
2021-04-22,138.60000610351562,,,,,,
2021-04-23,139.67999267578125,,,,,,
2021-04-26,139.0399932861328,,,,,,
2021-04-27,139.8000030517578,,,,,,
2021-04-28,138.9199981689453,,,,,,
2021-04-29,140.1199951171875,,,,,,
2021-04-30,141.1199951171875,,,,,,
2021-05-03,137.27999877929688,,,,,,
2021-05-04,139.36000061035156,,,,,,
2021-05-05,138.0800018310547,,,,,,
2021-05-06,133.52000427246094,,,,,,
2021-05-07,130.8800048828125,,,,,,
2021-05-10,130.16000366210938,,,,,,
2021-05-11,130.16000366210938,,,,,,
2021-05-12,132.72000122070312,,,,,,
2021-05-13,131.63999938964844,,,,,,
2021-05-14,129.36000061035156,,,,,,
2021-05-17,126.04000091552734,,,,,,
2021-05-18,125.68000030517578,,,,,,
2021-05-19,125.5199966430664,,,,,,
2021-05-20,124.44000244140624,,,,,,
2021-05-21,124.1999969482422,,,,,,
2021-05-24,123.68000030517578,,,,,,
2021-05-25,121.4800033569336,,,,,,
2021-05-26,122.0,,,,,,
2021-05-27,121.76000213623048,,,,,,
2021-05-28,120.95999908447266,,,,,,
2021-06-01,121.5199966430664,,,,,,
2021-06-02,120.36000061035156,,,,,,
2021-06-03,125.16000366210938,,,,,,
2021-06-04,122.36000061035156,,,,,,
2021-06-07,121.1999969482422,,,,,,
2021-06-08,122.16000366210938,,,,,,
2021-06-09,122.5199966430664,,,,,,
2021-06-10,121.44000244140624,,,,,,
2021-06-11,124.31999969482422,,,,,,
2021-06-14,125.76000213623048,,,,,,
2021-06-15,126.72000122070312,,,,,,
2021-06-16,131.0399932861328,,,,,,
2021-06-17,138.55999755859375,,,,,,
2021-06-18,140.27999877929688,,,,,,
2021-06-21,137.0,,,,,,
2021-06-22,138.0399932861328,,,,,,
2021-06-23,138.1999969482422,,,,,,
2021-06-24,138.27999877929688,,,,,,
2021-06-25,137.52000427246094,,,,,,
2021-06-28,137.47999572753906,,,,,,
2021-06-29,140.32000732421875,,,,,,
2021-06-30,138.75999450683594,,,,,,
2021-07-01,137.9199981689453,,,,,,
2021-07-02,136.1199951171875,,,,,,
2021-07-06,134.8000030517578,,,,,,
2021-07-07,133.63999938964844,,,,,,
2021-07-08,133.9199981689453,,,,,,
2021-07-09,132.9199981689453,,,,,,
2021-07-12,133.27999877929688,,,,,,
2021-07-13,132.8800048828125,,,,,,
2021-07-14,130.0800018310547,,,,,,
2021-07-15,130.0,,,,,,
2021-07-16,132.47999572753906,,,,,,
2021-07-19,132.27999877929688,,,,,,
2021-07-20,132.63999938964844,,,,,,
2021-07-21,133.47999572753906,,,,,,
2021-07-22,133.0800018310547,,,,,,
2021-07-23,133.9199981689453,,,,,,
2021-07-26,134.52000427246094,,,,,,
2021-07-27,134.0800018310547,,,,,,
2021-07-28,132.67999267578125,,,,,,
2021-07-29,129.75999450683594,,,,,,
2021-07-30,131.9600067138672,,,,,,
2021-08-02,131.9600067138672,,,,,,
2021-08-03,132.44000244140625,,,,,,
2021-08-04,132.32000732421875,,,,,,
2021-08-05,133.44000244140625,,,,,,
2021-08-06,140.24000549316406,,,,,,
2021-08-09,145.0399932861328,,,,,,
2021-08-10,145.0800018310547,,,,,,
2021-08-11,141.0800018310547,,,,,,
2021-08-12,140.8800048828125,,,,,,
2021-08-13,136.8800048828125,,,,,,
2021-08-16,135.52000427246094,,,,,,
2021-08-17,135.75999450683594,,,,,,
2021-08-18,135.52000427246094,,,,,,
2021-08-19,136.39999389648438,,,,,,
2021-08-20,136.1999969482422,,,,,,
2021-08-23,132.83999633789062,,,,,,
2021-08-24,132.8000030517578,,,,,,
2021-08-25,134.8000030517578,,,,,,
2021-08-26,134.39999389648438,,,,,,
2021-08-27,130.44000244140625,,,,,,
2021-08-30,131.63999938964844,,,,,,
2021-08-31,131.0,,,,,,
2021-09-01,131.0399932861328,,,,,,
2021-09-02,131.75999450683594,,,,,,
2021-09-03,129.0,,,,,,
2021-09-07,134.0,,,,,,
2021-09-08,134.63999938964844,,,,,,
2021-09-09,133.63999938964844,,,,,,
2021-09-10,134.9600067138672,,,,,,
2021-09-13,134.0800018310547,,,,,,
2021-09-14,132.1199951171875,,,,,,
2021-09-15,133.9199981689453,,,,,,
2021-09-16,140.0399932861328,,,,,,
2021-09-17,140.52000427246094,,,,,,
2021-09-20,138.36000061035156,,,,,,
2021-09-21,136.60000610351562,,,,,,
2021-09-22,137.63999938964844,,,,,,
2021-09-23,140.75999450683594,,,,,,
2021-09-24,141.0800018310547,,,,,,
2021-09-27,140.44000244140625,,,,,,
2021-09-28,143.24000549316406,,,,,,
2021-09-29,144.52000427246094,,,,,,
2021-09-30,139.27999877929688,,,,,,
2021-10-01,138.67999267578125,,,,,,
2021-10-04,137.1999969482422,,,,,,
2021-10-05,138.47999572753906,,,,,,
2021-10-06,137.83999633789062,,,,,,
2021-10-07,139.27999877929688,,,,,,
2021-10-08,139.16000366210938,,,,,,
2021-10-11,139.63999938964844,,,,,,
2021-10-12,138.32000732421875,,,,,,
2021-10-13,133.39999389648438,,,,,,
2021-10-14,132.63999938964844,,,,,,
2021-10-15,136.9199981689453,,,,,,
2021-10-18,137.52000427246094,,,,,,
2021-10-19,136.67999267578125,,,,,,
2021-10-20,134.27999877929688,,,,,,
2021-10-21,134.27999877929688,,,,,,
2021-10-22,132.9199981689453,,,,,,
2021-10-25,130.9600067138672,,,,,,
2021-10-26,132.9600067138672,,,,,,
2021-10-27,132.16000366210938,,,,,,
2021-10-28,132.0399932861328,,,,,,
2021-10-29,134.44000244140625,,,,,,
2021-11-01,132.9600067138672,,,,,,
2021-11-02,133.60000610351562,,,,,,
2021-11-03,135.72000122070312,,,,,,
2021-11-04,132.52000427246094,,,,,,
2021-11-05,129.0800018310547,,,,,,
2021-11-08,128.0399932861328,,,,,,
2021-11-09,126.83999633789062,,,,,,
2021-11-10,124.04000091552734,,,,,,
2021-11-11,122.5199966430664,,,,,,
2021-11-12,122.08000183105467,,,,,,
2021-11-15,122.44000244140624,,,,,,
2021-11-16,124.31999969482422,,,,,,
2021-11-17,122.0,,,,,,
2021-11-18,122.76000213623048,,,,,,
2021-11-19,124.72000122070312,,,,,,
2021-11-22,130.32000732421875,,,,,,
2021-11-23,132.47999572753906,,,,,,
2021-11-24,132.8800048828125,,,,,,
2021-11-26,133.36000061035156,,,,,,
2021-11-29,133.75999450683594,,,,,,
2021-11-30,135.52000427246094,,,,,,
2021-12-01,134.47999572753906,,,,,,
2021-12-02,135.9600067138672,,,,,,
2021-12-03,133.75999450683594,,,,,,
2021-12-06,134.27999877929688,,,,,,
2021-12-07,133.36000061035156,,,,,,
2021-12-08,133.27999877929688,,,,,,
2021-12-09,134.9199981689453,,,,,,
2021-12-10,133.8000030517578,,,,,,
2021-12-13,133.1199951171875,,,,,,
2021-12-14,135.55999755859375,,,,,,
2021-12-15,134.44000244140625,,,,,,
2021-12-16,131.0399932861328,,,,,,
2021-12-17,131.47999572753906,,,,,,
2021-12-20,132.60000610351562,,,,,,
2021-12-21,132.67999267578125,,,,,,
2021-12-22,130.0800018310547,,,,,,
2021-12-23,129.52000427246094,,,,,,
2021-12-27,129.1199951171875,,,,,,
2021-12-28,130.1199951171875,,,,,,
2021-12-29,130.27999877929688,,,,,,
2021-12-30,128.44000244140625,,,,,,
2021-12-31,126.63999938964844,,,,,,
2022-01-03,130.52000427246094,,,,,,
2022-01-04,128.52000427246094,,,,,,
2022-01-05,129.24000549316406,,,,,,
2022-01-06,132.39999389648438,,,,,,
2022-01-07,131.1999969482422,,,,,,
2022-01-10,130.47999572753906,,,,,,
2022-01-11,127.36000061035156,,,,,,
2022-01-12,126.72000122070312,,,,,,
2022-01-13,127.5199966430664,,,,,,
2022-01-14,128.1999969482422,,,,,,
2022-01-18,128.52000427246094,,,,,,
2022-01-19,124.36000061035156,,,,,,
2022-01-20,125.04000091552734,,,,,,
2022-01-21,125.87999725341795,,,,,,
2022-01-24,124.5199966430664,,,,,,
2022-01-25,123.5999984741211,,,,,,
2022-01-26,127.76000213623048,,,,,,
2022-01-27,131.0399932861328,,,,,,
2022-01-28,132.0,,,,,,
2022-01-31,130.39999389648438,,,,,,
2022-02-01,130.1199951171875,,,,,,
2022-02-02,129.1999969482422,,,,,,
2022-02-03,129.44000244140625,,,,,,
2022-02-04,129.1999969482422,,,,,,
2022-02-07,127.12000274658205,,,,,,
2022-02-08,126.27999877929688,,,,,,
2022-02-09,125.4800033569336,,,,,,
2022-02-10,126.31999969482422,,,,,,
2022-02-11,121.5999984741211,,,,,,
2022-02-14,120.1999969482422,,,,,,
2022-02-15,122.55999755859376,,,,,,
2022-02-16,120.0,,,,,,
2022-02-17,116.5199966430664,,,,,,
2022-02-18,116.8000030517578,,,,,,
2022-02-22,116.44000244140624,,,,,,
2022-02-23,115.36000061035156,,,,,,
2022-02-24,116.5999984741211,,,,,,
2022-02-25,117.44000244140624,,,,,,
2022-02-28,115.08000183105467,,,,,,
2022-03-01,110.63999938964844,,,,,,
2022-03-02,112.91999816894533,,,,,,
2022-03-03,111.55999755859376,,,,,,
2022-03-04,107.87999725341795,,,,,,
2022-03-07,104.68000030517578,,,,,,
2022-03-08,98.72000122070312,,,,,,
2022-03-09,104.8000030517578,,,,,,
2022-03-10,104.12000274658205,,,,,,
2022-03-11,105.44000244140624,,,,,,
2022-03-14,108.95999908447266,,,,,,
2022-03-15,113.12000274658205,,,,,,
2022-03-16,111.76000213623048,,,,,,
2022-03-17,110.76000213623048,,,,,,
2022-03-18,112.83999633789062,,,,,,
2022-03-21,110.76000213623048,,,,,,
2022-03-22,112.55999755859376,,,,,,
2022-03-23,109.4000015258789,,,,,,
2022-03-24,107.72000122070312,,,,,,
2022-03-25,108.5999984741211,,,,,,
2022-03-28,112.72000122070312,,,,,,
2022-03-29,112.5999984741211,,,,,,
2022-03-30,110.83999633789062,,,,,,
2022-03-31,110.44000244140624,,,,,,
2022-04-01,112.12000274658205,,,,,,
2022-04-04,110.91999816894533,,,,,,
2022-04-05,112.4800033569336,,,,,,
2022-04-06,111.87999725341795,,,,,,
2022-04-07,111.04000091552734,,,,,,
2022-04-08,109.5999984741211,,,,,,
2022-04-11,108.5199966430664,,,,,,
2022-04-12,106.76000213623048,,,,,,
2022-04-13,105.83999633789062,,,,,,
2022-04-14,106.5999984741211,,,,,,
2022-04-18,105.83999633789062,,,,,,
2022-04-19,109.12000274658205,,,,,,
2022-04-20,108.08000183105467,,,,,,
2022-04-21,108.87999725341795,,,,,,
2022-04-22,111.0,,,,,,
2022-04-25,115.0,,,,,,
2022-04-26,114.5999984741211,,,,,,
2022-04-27,116.4800033569336,,,,,,
2022-04-28,115.16000366210938,,,,,,
2022-04-29,114.95999908447266,,,,,,
2022-05-02,119.23999786376952,,,,,,
2022-05-03,118.68000030517578,,,,,,
2022-05-04,116.36000061035156,,,,,,
2022-05-05,117.16000366210938,,,,,,
2022-05-06,116.76000213623048,,,,,,
2022-05-09,120.36000061035156,,,,,,
2022-05-10,122.5999984741211,,,,,,
2022-05-11,120.23999786376952,,,,,,
2022-05-12,124.27999877929688,,,,,,
2022-05-13,126.23999786376952,,,,,,
2022-05-16,123.83999633789062,,,,,,
2022-05-17,125.4000015258789,,,,,,
2022-05-18,125.31999969482422,,,,,,
2022-05-19,121.68000030517578,,,,,,
2022-05-20,121.36000061035156,,,,,,
2022-05-23,120.36000061035156,,,,,,
2022-05-24,118.55999755859376,,,,,,
2022-05-25,120.0,,,,,,
2022-05-26,120.4800033569336,,,,,,
2022-05-27,120.4000015258789,,,,,,
2022-05-31,122.87999725341795,,,,,,
2022-06-01,121.16000366210938,,,,,,
2022-06-02,118.1999969482422,,,,,,
2022-06-03,120.72000122070312,,,,,,
2022-06-06,121.8000030517578,,,,,,
2022-06-07,120.36000061035156,,,,,,
2022-06-08,120.4800033569336,,,,,,
2022-06-09,121.16000366210938,,,,,,
2022-06-10,117.72000122070312,,,,,,
2022-06-13,124.27999877929688,,,,,,
2022-06-14,126.23999786376952,,,,,,
2022-06-15,122.91999816894533,,,,,,
2022-06-16,120.12000274658205,,,,,,
2022-06-17,122.04000091552734,,,,,,
2022-06-21,123.0,,,,,,
2022-06-22,122.08000183105467,,,,,,
2022-06-23,123.63999938964844,,,,,,
2022-06-24,123.91999816894533,,,,,,
2022-06-27,124.1999969482422,,,,,,
2022-06-28,124.55999755859376,,,,,,
2022-06-29,124.72000122070312,,,,,,
2022-06-30,126.36000061035156,,,,,,
2022-07-01,126.5199966430664,,,,,,
2022-07-05,132.24000549316406,,,,,,
2022-07-06,136.47999572753906,,,,,,
2022-07-07,136.0800018310547,,,,,,
2022-07-08,136.1199951171875,,,,,,
2022-07-11,137.60000610351562,,,,,,
2022-07-12,138.67999267578125,,,,,,
2022-07-13,137.32000732421875,,,,,,
2022-07-14,141.16000366210938,,,,,,
2022-07-15,141.72000122070312,,,,,,
2022-07-18,141.67999267578125,,,,,,
2022-07-19,141.0,,,,,,
2022-07-20,143.55999755859375,,,,,,
2022-07-21,139.52000427246094,,,,,,
2022-07-22,138.8800048828125,,,,,,
2022-07-25,139.52000427246094,,,,,,
2022-07-26,139.8800048828125,,,,,,
2022-07-27,137.0399932861328,,,,,,
2022-07-28,133.75999450683594,,,,,,
2022-07-29,132.67999267578125,,,,,,
2022-08-01,131.39999389648438,,,,,,
2022-08-02,132.9199981689453,,,,,,
2022-08-03,132.24000549316406,,,,,,
2022-08-04,128.0,,,,,,
2022-08-05,130.83999633789062,,,,,,
2022-08-08,128.60000610351562,,,,,,
2022-08-09,127.83999633789062,,,,,,
2022-08-10,128.52000427246094,,,,,,
2022-08-11,129.1999969482422,,,,,,
2022-08-12,126.8000030517578,,,,,,
2022-08-15,130.1199951171875,,,,,,
2022-08-16,130.75999450683594,,,,,,
2022-08-17,132.36000061035156,,,,,,
2022-08-18,133.24000549316406,,,,,,
2022-08-19,135.0800018310547,,,,,,
2022-08-22,137.0399932861328,,,,,,
2022-08-23,135.1999969482422,,,,,,
2022-08-24,134.32000732421875,,,,,,
2022-08-25,133.60000610351562,,,,,,
2022-08-26,136.72000122070312,,,,,,
2022-08-29,136.60000610351562,,,,,,
2022-08-30,139.0,,,,,,
2022-08-31,141.1999969482422,,,,,,
2022-09-01,143.67999267578125,,,,,,
2022-09-02,141.1999969482422,,,,,,
2022-09-06,142.83999633789062,,,,,,
2022-09-07,139.9199981689453,,,,,,
2022-09-08,141.55999755859375,,,,,,
2022-09-09,140.0399932861328,,,,,,
2022-09-12,138.72000122070312,,,,,,
2022-09-13,142.44000244140625,,,,,,
2022-09-14,143.60000610351562,,,,,,
2022-09-15,149.1199951171875,,,,,,
2022-09-16,147.44000244140625,,,,,,
2022-09-19,147.1199951171875,,,,,,
2022-09-20,149.0,,,,,,
2022-09-21,147.55999755859375,,,,,,
2022-09-22,147.72000122070312,,,,,,
2022-09-23,153.0,,,,,,
2022-09-26,156.39999389648438,,,,,,
2022-09-27,155.83999633789062,,,,,,
2022-09-28,149.1999969482422,,,,,,
2022-09-29,149.1999969482422,,,,,,
2022-09-30,149.1999969482422,,,,,,
2022-10-03,142.1999969482422,,,,,,
2022-10-04,138.1999969482422,,,,,,
2022-10-05,139.52000427246094,,,,,,
2022-10-06,139.9199981689453,,,,,,
2022-10-07,143.16000366210938,,,,,,
2022-10-10,147.60000610351562,,,,,,
2022-10-11,148.0800018310547,,,,,,
2022-10-12,146.47999572753906,,,,,,
2022-10-13,148.47999572753906,,,,,,
2022-10-14,152.32000732421875,,,,,,
2022-10-17,151.36000061035156,,,,,,
2022-10-18,150.8800048828125,,,,,,
2022-10-19,155.0,,,,,,
2022-10-20,155.52000427246094,,,,,,
2022-10-21,150.1199951171875,,,,,,
2022-10-24,151.1199951171875,,,,,,
2022-10-25,150.47999572753906,,,,,,
2022-10-26,148.52000427246094,,,,,,
2022-10-27,149.0399932861328,,,,,,
2022-10-28,152.16000366210938,,,,,,
2022-10-31,154.63999938964844,,,,,,
2022-11-01,151.55999755859375,,,,,,
2022-11-02,153.83999633789062,,,,,,
2022-11-03,155.0,,,,,,
2022-11-04,145.32000732421875,,,,,,
2022-11-07,146.55999755859375,,,,,,
2022-11-08,139.9600067138672,,,,,,
2022-11-09,141.27999877929688,,,,,,
2022-11-10,132.9199981689453,,,,,,
2022-11-11,131.0800018310547,,,,,,
2022-11-14,130.44000244140625,,,,,,
2022-11-15,129.52000427246094,,,,,,
2022-11-16,130.1199951171875,,,,,,
2022-11-17,132.1999969482422,,,,,,
2022-11-18,134.1199951171875,,,,,,
2022-11-21,135.52000427246094,,,,,,
2022-11-22,135.55999755859375,,,,,,
2022-11-23,133.83999633789062,,,,,,
2022-11-25,133.75999450683594,,,,,,
2022-11-28,135.8000030517578,,,,,,
2022-11-29,134.47999572753906,,,,,,
2022-11-30,131.1999969482422,,,,,,
2022-12-01,126.12000274658205,,,,,,
2022-12-02,127.0,,,,,,
2022-12-05,131.47999572753906,,,,,,
2022-12-06,130.8000030517578,,,,,,
2022-12-07,128.52000427246094,,,,,,
2022-12-08,128.39999389648438,,,,,,
2022-12-09,127.5199966430664,,,,,,
2022-12-12,129.55999755859375,,,,,,
2022-12-13,125.16000366210938,,,,,,
2022-12-14,125.76000213623048,,,,,,
2022-12-15,130.0399932861328,,,,,,
2022-12-16,127.91999816894533,,,,,,
2022-12-19,128.75999450683594,,,,,,
2022-12-20,124.36000061035156,,,,,,
2022-12-21,124.83999633789062,,,,,,
2022-12-22,128.0800018310547,,,,,,
2022-12-23,127.31999969482422,,,,,,
2022-12-27,125.04000091552734,,,,,,
2022-12-28,126.1999969482422,,,,,,
2022-12-29,125.04000091552734,,,,,,
2022-12-30,123.95999908447266,,,,,,
2023-01-03,122.04000091552734,,,,,,
2023-01-04,119.76000213623048,,,,,,
2023-01-05,122.72000122070312,,,,,,
2023-01-06,118.27999877929688,,,,,,
2023-01-09,117.76000213623048,,,,,,
2023-01-10,117.0,,,,,,
2023-01-11,117.1999969482422,,,,,,
2023-01-12,114.5999984741211,,,,,,
2023-01-13,111.91999816894533,,,,,,
2023-01-17,113.36000061035156,,,,,,
2023-01-18,114.08000183105467,,,,,,
2023-01-19,110.68000030517578,,,,,,
2023-01-20,111.31999969482422,,,,,,
2023-01-23,111.0,,,,,,
2023-01-24,110.23999786376952,,,,,,
2023-01-25,109.27999877929688,,,,,,
2023-01-26,111.27999877929688,,,,,,
2023-01-27,111.72000122070312,,,,,,
2023-01-30,112.36000061035156,,,,,,
2023-01-31,111.5999984741211,,,,,,
2023-02-01,108.68000030517578,,,,,,
2023-02-02,113.55999755859376,,,,,,
2023-02-03,119.1999969482422,,,,,,
2023-02-06,118.76000213623048,,,,,,
2023-02-07,118.68000030517578,,,,,,
2023-02-08,118.04000091552734,,,,,,
2023-02-09,120.0,,,,,,
2023-02-10,119.63999938964844,,,,,,
2023-02-13,120.91999816894533,,,,,,
2023-02-14,120.8000030517578,,,,,,
2023-02-15,123.08000183105467,,,,,,
2023-02-16,123.44000244140624,,,,,,
2023-02-17,122.76000213623048,,,,,,
2023-02-21,123.68000030517578,,,,,,
2023-02-22,125.1999969482422,,,,,,
2023-02-23,125.55999755859376,,,,,,
2023-02-24,127.27999877929688,,,,,,
2023-02-27,126.4000015258789,,,,,,
2023-02-28,125.08000183105467,,,,,,
2023-03-01,123.5999984741211,,,,,,
2023-03-02,123.91999816894533,,,,,,
2023-03-03,121.36000061035156,,,,,,
2023-03-06,122.68000030517578,,,,,,
2023-03-07,127.08000183105467,,,,,,
2023-03-08,127.23999786376952,,,,,,
2023-03-09,124.91999816894533,,,,,,
2023-03-10,119.5999984741211,,,,,,
2023-03-13,114.0,,,,,,
2023-03-14,115.44000244140624,,,,,,
2023-03-15,113.5199966430664,,,,,,
2023-03-16,113.23999786376952,,,,,,
2023-03-17,106.63999938964844,,,,,,
2023-03-20,106.5999984741211,,,,,,
2023-03-21,110.68000030517578,,,,,,
2023-03-22,107.0,,,,,,
2023-03-23,104.27999877929688,,,,,,
2023-03-24,106.4800033569336,,,,,,
2023-03-27,108.68000030517578,,,,,,
2023-03-28,106.8000030517578,,,,,,
2023-03-29,107.95999908447266,,,,,,
2023-03-30,106.1999969482422,,,,,,
2023-03-31,107.36000061035156,,,,,,
2023-04-03,105.8000030517578,,,,,,
2023-04-04,101.95999908447266,,,,,,
2023-04-05,102.16000366210938,,,,,,
2023-04-06,103.72000122070312,,,,,,
2023-04-10,105.27999877929688,,,,,,
2023-04-11,103.95999908447266,,,,,,
2023-04-12,103.04000091552734,,,,,,
2023-04-13,100.31999969482422,,,,,,
2023-04-14,103.83999633789062,,,,,,
2023-04-17,104.83999633789062,,,,,,
2023-04-18,104.08000183105467,,,,,,
2023-04-19,105.12000274658205,,,,,,
2023-04-20,104.1999969482422,,,,,,
2023-04-21,106.5199966430664,,,,,,
2023-04-24,105.91999816894533,,,,,,
2023-04-25,104.8000030517578,,,,,,
2023-04-26,106.0,,,,,,
2023-04-27,106.0,,,,,,
2023-04-28,105.95999908447266,,,,,,
2023-05-01,107.04000091552734,,,,,,
2023-05-02,102.83999633789062,,,,,,
2023-05-03,101.23999786376952,,,,,,
2023-05-04,99.87999725341795,,,,,,
2023-05-05,103.0,,,,,,
2023-05-08,102.8000030517578,,,,,,
2023-05-09,101.36000061035156,,,,,,
2023-05-10,101.83999633789062,,,,,,
2023-05-11,103.5999984741211,,,,,,
2023-05-12,104.0,,,,,,
2023-05-15,103.63999938964844,,,,,,
2023-05-16,106.31999969482422,,,,,,
2023-05-17,107.08000183105467,,,,,,
2023-05-18,109.95999908447266,,,,,,
2023-05-19,107.95999908447266,,,,,,
2023-05-22,108.4000015258789,,,,,,
2023-05-23,108.08000183105467,,,,,,
2023-05-24,109.87999725341795,,,,,,
2023-05-25,112.04000091552734,,,,,,
2023-05-26,111.36000061035156,,,,,,
2023-05-30,110.0,,,,,,
2023-05-31,109.63999938964844,,,,,,
2023-06-01,108.04000091552734,,,,,,
2023-06-02,111.44000244140624,,,,,,
2023-06-05,110.0,,,,,,
2023-06-06,109.91999816894533,,,,,,
2023-06-07,112.44000244140624,,,,,,
2023-06-08,109.72000122070312,,,,,,
2023-06-09,110.36000061035156,,,,,,
2023-06-12,110.63999938964844,,,,,,
2023-06-13,112.4000015258789,,,,,,
2023-06-14,112.1999969482422,,,,,,
2023-06-15,110.76000213623048,,,,,,
2023-06-16,111.12000274658205,,,,,,
2023-06-20,113.44000244140624,,,,,,
2023-06-21,113.8000030517578,,,,,,
2023-06-22,116.23999786376952,,,,,,
2023-06-23,115.55999755859376,,,,,,
2023-06-26,115.16000366210938,,,,,,
2023-06-27,116.27999877929688,,,,,,
2023-06-28,116.91999816894533,,,,,,
2023-06-29,117.27999877929688,,,,,,
2023-06-30,115.83999633789062,,,,,,
2023-07-03,115.5199966430664,,,,,,
2023-07-05,116.44000244140624,,,,,,
2023-07-06,117.27999877929688,,,,,,
2023-07-07,115.4000015258789,,,,,,
2023-07-10,115.4800033569336,,,,,,
2023-07-11,114.68000030517578,,,,,,
2023-07-12,111.5999984741211,,,,,,
2023-07-13,111.5999984741211,,,,,,
2023-07-14,112.23999786376952,,,,,,
2023-07-17,112.16000366210938,,,,,,
2023-07-18,109.68000030517578,,,,,,
2023-07-19,109.63999938964844,,,,,,
2023-07-20,110.72000122070312,,,,,,
2023-07-21,111.5199966430664,,,,,,
2023-07-24,112.55999755859376,,,,,,
2023-07-25,111.4000015258789,,,,,,
2023-07-26,110.27999877929688,,,,,,
2023-07-27,113.87999725341795,,,,,,
2023-07-28,112.1999969482422,,,,,,
2023-07-31,111.5999984741211,,,,,,
2023-08-01,114.0,,,,,,
2023-08-02,115.08000183105467,,,,,,
2023-08-03,115.36000061035156,,,,,,
2023-08-04,114.5999984741211,,,,,,
2023-08-07,115.1999969482422,,,,,,
2023-08-08,116.68000030517578,,,,,,
2023-08-09,117.83999633789062,,,,,,
2023-08-10,118.23999786376952,,,,,,
2023-08-11,118.23999786376952,,,,,,
2023-08-14,119.04000091552734,,,,,,
2023-08-15,119.63999938964844,,,,,,
2023-08-16,121.08000183105467,,,,,,
2023-08-17,121.5999984741211,,,,,,
2023-08-18,121.68000030517578,,,,,,
2023-08-21,121.12000274658205,,,,,,
2023-08-22,120.76000213623048,,,,,,
2023-08-23,118.1999969482422,,,,,,
2023-08-24,118.4000015258789,,,,,,
2023-08-25,118.76000213623048,,,,,,
2023-08-28,118.04000091552734,,,,,,
2023-08-29,115.83999633789062,,,,,,
2023-08-30,115.27999877929688,,,,,,
2023-08-31,115.76000213623048,,,,,,
2023-09-01,115.83999633789062,,,,,,
2023-09-05,117.5999984741211,,,,,,
2023-09-06,118.8000030517578,,,,,,
2023-09-07,118.68000030517578,,,,,,
2023-09-08,118.63999938964844,,,,,,
2023-09-11,118.31999969482422,,,,,,
2023-09-12,119.55999755859376,,,,,,
2023-09-13,120.16000366210938,,,,,,
2023-09-14,120.4000015258789,,,,,,
2023-09-15,118.63999938964844,,,,,,
2023-09-18,117.27999877929688,,,,,,
2023-09-19,117.5199966430664,,,,,,
2023-09-20,117.36000061035156,,,,,,
2023-09-21,119.04000091552734,,,,,,
2023-09-22,118.44000244140624,,,,,,
2023-09-25,119.63999938964844,,,,,,
2023-09-26,121.68000030517578,,,,,,
2023-09-27,124.63999938964844,,,,,,
2023-09-28,126.04000091552734,,,,,,
2023-09-29,128.8000030517578,,,,,,
2023-10-02,131.39999389648438,,,,,,
2023-10-03,132.32000732421875,,,,,,
2023-10-04,132.44000244140625,,,,,,
2023-10-05,132.83999633789062,,,,,,
2023-10-06,131.67999267578125,,,,,,
2023-10-09,127.08000183105467,,,,,,
2023-10-10,127.36000061035156,,,,,,
2023-10-11,125.5199966430664,,,,,,
2023-10-12,126.55999755859376,,,,,,
2023-10-13,118.36000061035156,,,,,,
2023-10-16,119.5999984741211,,,,,,
2023-10-17,119.16000366210938,,,,,,
2023-10-18,115.72000122070312,,,,,,
2023-10-19,113.0,,,,,,
2023-10-20,112.44000244140624,,,,,,
2023-10-23,113.23999786376952,,,,,,
2023-10-24,113.36000061035156,,,,,,
2023-10-25,112.44000244140624,,,,,,
2023-10-26,112.08000183105467,,,,,,
2023-10-27,109.68000030517578,,,,,,
2023-10-30,111.0,,,,,,
2023-10-31,112.31999969482422,,,,,,
2023-11-01,113.0,,,,,,
2023-11-02,112.36000061035156,,,,,,
2023-11-03,111.5999984741211,,,,,,
2023-11-06,113.27999877929688,,,,,,
2023-11-07,114.4000015258789,,,,,,
2023-11-08,116.68000030517578,,,,,,
2023-11-09,115.87999725341795,,,,,,
2023-11-10,118.5199966430664,,,,,,
2023-11-13,117.1999969482422,,,,,,
2023-11-14,115.0,,,,,,
2023-11-15,115.72000122070312,,,,,,
2023-11-16,113.31999969482422,,,,,,
2023-11-17,113.31999969482422,,,,,,
2023-11-20,113.76000213623048,,,,,,
2023-11-21,111.4000015258789,,,,,,
2023-11-22,112.44000244140624,,,,,,
2023-11-24,111.31999969482422,,,,,,
2023-11-27,109.91999816894533,,,,,,
2023-11-28,106.95999908447266,,,,,,
2023-11-29,106.63999938964844,,,,,,
2023-11-30,107.68000030517578,,,,,,
2023-12-01,104.04000091552734,,,,,,
2023-12-04,108.5999984741211,,,,,,
2023-12-05,109.4000015258789,,,,,,
2023-12-06,108.63999938964844,,,,,,
2023-12-07,108.5199966430664,,,,,,
2023-12-08,111.36000061035156,,,,,,
2023-12-11,113.83999633789062,,,,,,
2023-12-12,114.0,,,,,,
2023-12-13,109.0,,,,,,
2023-12-14,107.72000122070312,,,,,,
2023-12-15,109.68000030517578,,,,,,
2023-12-18,108.83999633789062,,,,,,
2023-12-19,107.4000015258789,,,,,,
2023-12-20,108.5199966430664,,,,,,
2023-12-21,107.12000274658205,,,,,,
2023-12-22,106.16000366210938,,,,,,
2023-12-26,104.83999633789062,,,,,,
2023-12-27,103.76000213623048,,,,,,
2023-12-28,105.16000366210938,,,,,,
2023-12-29,105.4800033569336,,,,,,
2024-01-02,106.04000091552734,,,,,,
2024-01-03,107.87999725341795,,,,,,
2024-01-04,107.68000030517578,,,,,,
2024-01-05,107.72000122070312,,,,,,
2024-01-08,109.5199966430664,,,,,,
2024-01-09,109.4000015258789,,,,,,
2024-01-10,110.0,,,,,,
2024-01-11,109.72000122070312,,,,,,
2024-01-12,107.55999755859376,,,,,,
2024-01-16,109.8000030517578,,,,,,
2024-01-17,112.1999969482422,,,,,,
2024-01-18,110.44000244140624,,,,,,
2024-01-19,109.8000030517578,,,,,,
2024-01-22,110.76000213623048,,,,,,
2024-01-23,109.91999816894533,,,,,,
2024-01-24,111.8000030517578,,,,,,
2024-01-25,110.91999816894533,,,,,,
2024-01-26,111.23999786376952,,,,,,
2024-01-29,109.76000213623048,,,,,,
2024-01-30,109.36000061035156,,,,,,
2024-01-31,109.55999755859376,,,,,,
2024-02-01,107.4800033569336,,,,,,
2024-02-02,109.5199966430664,,,,,,
2024-02-05,110.8000030517578,,,,,,
2024-02-06,109.68000030517578,,,,,,
2024-02-07,109.83999633789062,,,,,,
2024-02-08,110.12000274658205,,,,,,
2024-02-09,111.08000183105467,,,,,,
2024-02-12,111.5199966430664,,,,,,
2024-02-13,114.8000030517578,,,,,,
2024-02-14,115.0,,,,,,
2024-02-15,113.55999755859376,,,,,,
2024-02-16,112.68000030517578,,,,,,
2024-02-20,111.27999877929688,,,,,,
2024-02-21,111.5199966430664,,,,,,
2024-02-22,111.63999938964844,,,,,,
2024-02-23,110.23999786376952,,,,,,
2024-02-26,110.72000122070312,,,,,,
2024-02-27,111.0,,,,,,
2024-02-28,110.63999938964844,,,,,,
2024-02-29,109.76000213623048,,,,,,
2024-03-01,105.4000015258789,,,,,,
2024-03-04,102.08000183105467,,,,,,
2024-03-05,100.83999633789062,,,,,,
2024-03-06,99.31999969482422,,,,,,
2024-03-07,98.31999969482422,,,,,,
2024-03-08,96.63999938964844,,,,,,
2024-03-11,96.36000061035156,,,,,,
2024-03-12,98.5199966430664,,,,,,
2024-03-13,97.1999969482422,,,,,,
2024-03-14,98.08000183105467,,,,,,
2024-03-15,98.72000122070312,,,,,,
2024-03-18,98.4000015258789,,,,,,
2024-03-19,98.72000122070312,,,,,,
2024-03-20,96.4800033569336,,,,,,
2024-03-21,96.83999633789062,,,,,,
2024-03-22,98.27999877929688,,,,,,
2024-03-25,97.63999938964844,,,,,,
2024-03-26,97.04000091552734,,,,,,
2024-03-27,95.87999725341795,,,,,,
2024-03-28,93.5199966430664,,,,,,
2024-04-01,91.55999755859376,,,,,,
2024-04-02,88.87999725341797,,,,,,
2024-04-03,87.4000015258789,,,,,,
2024-04-04,88.44000244140625,,,,,,
2024-04-05,85.4800033569336,,,,,,
2024-04-08,84.4000015258789,,,,,,
2024-04-09,83.5199966430664,,,,,,
2024-04-10,85.12000274658203,,,,,,
2024-04-11,82.04000091552734,,,,,,
2024-04-12,84.19999694824219,,,,,,
2024-04-15,81.19999694824219,,,,,,
2024-04-16,81.0,,,,,,
2024-04-17,82.16000366210938,,,,,,
2024-04-18,81.72000122070312,,,,,,
2024-04-19,81.23999786376953,,,,,,
2024-04-22,85.23999786376953,,,,,,
2024-04-23,85.80000305175781,,,,,,
2024-04-24,86.08000183105469,,,,,,
2024-04-25,85.16000366210938,,,,,,
2024-04-26,84.63999938964844,,,,,,
2024-04-29,85.04000091552734,,,,,,
2024-04-30,88.31999969482422,,,,,,
2024-05-01,86.83999633789062,,,,,,
2024-05-02,87.5199966430664,,,,,,
2024-05-03,87.68000030517578,,,,,,
2024-05-06,85.91999816894531,,,,,,
2024-05-07,86.63999938964844,,,,,,
2024-05-08,87.16000366210938,,,,,,
2024-05-09,84.5999984741211,,,,,,
2024-05-10,83.27999877929688,,,,,,
2024-05-13,85.12000274658203,,,,,,
2024-05-14,83.76000213623047,,,,,,
2024-05-15,81.63999938964844,,,,,,
2024-05-16,82.31999969482422,,,,,,
2024-05-17,79.68000030517578,,,,,,
2024-05-20,79.04000091552734,,,,,,
2024-05-21,79.23999786376953,,,,,,
2024-05-22,82.27999877929688,,,,,,
2024-05-23,85.68000030517578,,,,,,
2024-05-24,85.44000244140625,,,,,,
2024-05-28,83.80000305175781,,,,,,
2024-05-29,85.31999969482422,,,,,,
2024-05-30,85.08000183105469,,,,,,
2024-05-31,86.16000366210938,,,,,,
2024-06-03,84.76000213623047,,,,,,
2024-06-04,86.19999694824219,,,,,,
2024-06-05,84.23999786376953,,,,,,
2024-06-06,83.04000091552734,,,,,,
2024-06-07,89.12000274658203,,,,,,
2024-06-10,87.5999984741211,,,,,,
2024-06-11,87.08000183105469,,,,,,
2024-06-12,86.72000122070312,,,,,,
2024-06-13,88.04000091552734,,,,,,
2024-06-14,85.83999633789062,,,,,,
2024-06-17,86.83999633789062,,,,,,
2024-06-18,86.0,,,,,,
2024-06-20,84.04000091552734,,,,,,
2024-06-21,86.68000030517578,,,,,,
2024-06-24,86.04000091552734,,,,,,
2024-06-25,86.95999908447266,,,,,,
2024-06-26,88.55999755859375,,,,,,
2024-06-27,86.55999755859375,,,,,,
2024-06-28,86.68000030517578,,,,,,
2024-07-01,86.31999969482422,,,,,,
2024-07-02,86.36000061035156,,,,,,
2024-07-03,84.4800033569336,,,,,,
2024-07-05,82.16000366210938,,,,,,
2024-07-08,84.36000061035156,,,,,,
2024-07-09,84.08000183105469,,,,,,
2024-07-10,83.5199966430664,,,,,,
2024-07-11,80.5999984741211,,,,,,
2024-07-12,80.76000213623047,,,,,,
2024-07-15,80.27999877929688,,,,,,
2024-07-16,77.19999694824219,,,,,,
2024-07-17,77.83999633789062,,,,,,
2024-07-18,78.87999725341797,,,,,,
2024-07-19,81.80000305175781,,,,,,
2024-07-22,81.80000305175781,,,,,,
2024-07-23,81.23999786376953,,,,,,
2024-07-24,81.83999633789062,,,,,,
2024-07-25,84.4000015258789,,,,,,
2024-07-26,82.68000030517578,,,,,,
2024-07-29,82.91999816894531,,,,,,
2024-07-30,81.36000061035156,,,,,,
2024-07-31,78.4800033569336,,,,,,
2024-08-01,79.0,,,,,,
2024-08-02,79.4800033569336,,,,,,
2024-08-05,81.4800033569336,,,,,,
2024-08-06,82.95999908447266,,,,,,
2024-08-07,83.12000274658203,,,,,,
2024-08-08,80.55999755859375,,,,,,
2024-08-09,80.27999877929688,,,,,,
2024-08-12,77.5199966430664,,,,,,
2024-08-13,77.83999633789062,,,,,,
2024-08-14,79.16000366210938,,,,,,
2024-08-15,78.63999938964844,,,,,,
2024-08-16,75.36000061035156,,,,,,
2024-08-19,75.4800033569336,,,,,,
2024-08-20,74.95999908447266,,,,,,
2024-08-21,75.19999694824219,,,,,,
2024-08-22,76.95999908447266,,,,,,
2024-08-23,75.31999969482422,,,,,,
2024-08-26,74.91999816894531,,,,,,
2024-08-27,74.5199966430664,,,,,,
2024-08-28,75.5999984741211,,,,,,
2024-08-29,74.83999633789062,,,,,,
2024-08-30,75.91999816894531,,,,,,
2024-09-03,76.68000030517578,,,,,,
2024-09-04,76.63999938964844,,,,,,
2024-09-05,75.4000015258789,,,,,,
2024-09-06,76.5999984741211,,,,,,
2024-09-09,76.0,,,,,,
2024-09-10,75.36000061035156,,,,,,
2024-09-11,75.63999938964844,,,,,,
2024-09-12,73.0,,,,,,
2024-09-13,71.55999755859375,,,,,,
2024-09-16,71.63999938964844,,,,,,
2024-09-17,72.4800033569336,,,,,,
2024-09-18,73.5999984741211,,,,,,
2024-09-19,71.44000244140625,,,,,,
2024-09-20,69.63999938964844,,,,,,
2024-09-23,69.4800033569336,,,,,,
2024-09-24,67.5199966430664,,,,,,
2024-09-25,67.76000213623047,,,,,,
2024-09-26,67.16000366210938,,,,,,
2024-09-27,68.23999786376953,,,,,,
2024-09-30,69.31999969482422,,,,,,
2024-10-01,67.95999908447266,,,,,,
2024-10-02,67.95999908447266,,,,,,
2024-10-03,68.08000183105469,,,,,,
2024-10-04,68.4000015258789,,,,,,
2024-10-07,68.76000213623047,,,,,,
2024-10-08,69.91999816894531,,,,,,
2024-10-09,70.68000030517578,,,,,,
2024-10-10,69.63999938964844,,,,,,
2024-10-11,68.19999694824219,,,,,,
2024-10-14,68.4000015258789,,,,,,
2024-10-15,67.91999816894531,,,,,,
2024-10-16,67.36000061035156,,,,,,
2024-10-17,66.5199966430664,,,,,,
2024-10-18,65.19999694824219,,,,,,
2024-10-21,65.23999786376953,,,,,,
2024-10-22,63.880001068115234,,,,,,
2024-10-23,65.44000244140625,,,,,,
2024-10-24,64.4800033569336,,,,,,
2024-10-25,64.23999786376953,,,,,,
2024-10-28,64.19999694824219,,,,,,
2024-10-29,62.91999816894531,,,,,,
2024-10-30,62.27999877929688,,,,,,
2024-10-31,64.12000274658203,,,,,,
2024-11-01,64.72000122070312,,,,,,
2024-11-04,64.5999984741211,,,,,,
2024-11-05,64.36000061035156,,,,,,
2024-11-06,68.19999694824219,,,,,,
2024-11-07,66.12000274658203,,,,,,
2024-11-08,67.08000183105469,,,,,,
2024-11-11,70.19999694824219,,,,,,
2024-11-12,71.4000015258789,,,,,,
2024-11-13,72.91999816894531,,,,,,
2024-11-14,73.36000061035156,,,,,,
2024-11-15,73.5999984741211,,,,,,
2024-11-18,70.91999816894531,,,,,,
2024-11-19,69.76000213623047,,,,,,
2024-11-20,68.87999725341797,,,,,,
2024-11-21,67.72000122070312,,,,,,
2024-11-22,66.04000091552734,,,,,,
2024-11-25,69.87999725341797,,,,,,
2024-11-26,69.68000030517578,,,,,,
2024-11-27,69.31999969482422,,,,,,
2024-11-29,68.19999694824219,,,,,,
2024-12-02,69.4800033569336,,,,,,
2024-12-03,69.23999786376953,,,,,,
2024-12-04,68.72000122070312,,,,,,
2024-12-05,69.72000122070312,,,,,,
2024-12-06,69.83999633789062,,,,,,
2024-12-09,68.36000061035156,,,,,,
2024-12-10,66.44000244140625,,,,,,
2024-12-11,64.76000213623047,,,,,,
2024-12-12,67.04000091552734,,,,,,
2024-12-13,69.04000091552734,,,,,,
2024-12-16,68.83999633789062,,,,,,
2024-12-17,69.23999786376953,,,,,,
2024-12-18,72.16000366210938,,,,,,
2024-12-19,71.83999633789062,,,,,,
2024-12-20,70.08000183105469,,,,,,
2024-12-23,71.04000091552734,,,,,,
2024-12-24,70.5999984741211,,,,,,
2024-12-26,69.55999755859375,,,,,,
2024-12-27,70.68000030517578,,,,,,
2024-12-30,71.27999877929688,,,,,,
2024-12-31,70.31999969482422,,,,,,
2025-01-02,68.55999755859375,,,,,,
2025-01-03,69.55999755859375,,,,,,
2025-01-06,70.0,,,,,,
2025-01-07,68.95999908447266,,,,,,
2025-01-08,68.12000274658203,,,,,,
2025-01-10,66.36000061035156,,,,,,
2025-01-13,68.16000366210938,,,,,,
2025-01-14,67.5999984741211,,,,,,
2025-01-15,66.12000274658203,,,,,,
2025-01-16,64.83999633789062,,,,,,
2025-01-17,65.27999877929688,,,,,,
2025-01-21,64.5199966430664,,,,,,
2025-01-22,64.0,,,,,,
2025-01-23,64.19999694824219,,,,,,
2025-01-24,63.43999862670898,,,,,,
2025-01-27,64.95999908447266,,,,,,
2025-01-28,63.59999847412109,,,,,,
2025-01-29,63.91999816894531,,,,,,
2025-01-30,61.400001525878906,,,,,,
2025-01-31,62.20000076293945,,,,,,
2025-02-03,61.08000183105469,,,,,,
2025-02-04,60.31999969482422,,,,,,
2025-02-05,60.0,,,,,,
2025-02-06,60.040000915527344,,,,,,
2025-02-07,59.79999923706055,,,,,,
2025-02-10,57.79999923706055,,,,,,
2025-02-11,58.15999984741211,,,,,,
2025-02-12,58.2400016784668,,,,,,
2025-02-13,56.880001068115234,,,,,,
2025-02-14,59.2400016784668,,,,,,
2025-02-18,57.119998931884766,,,,,,
2025-02-19,57.040000915527344,,,,,,
2025-02-20,57.0,,,,,,
2025-02-21,57.15999984741211,,,,,,
2025-02-24,56.52000045776367,,,,,,
2025-02-25,58.08000183105469,,,,,,
2025-02-26,57.84000015258789,,,,,,
2025-02-27,59.68000030517578,,,,,,
2025-02-28,60.47999954223633,,,,,,
2025-03-03,58.91999816894531,,,,,,
2025-03-04,57.84000015258789,,,,,,
2025-03-05,57.68000030517578,,,,,,
2025-03-06,58.27999877929688,,,,,,
2025-03-07,58.20000076293945,,,,,,
2025-03-10,59.43999862670898,,,,,,
2025-03-11,58.0,,,,,,
2025-03-12,57.36000061035156,,,,,,
2025-03-13,55.2400016784668,,,,,,
2025-03-14,55.36000061035156,,,,,,
2025-03-17,54.79999923706055,,,,,,
2025-03-18,53.63999938964844,,,,,,
2025-03-19,53.15999984741211,,,,,,
2025-03-20,53.27999877929688,,,,,,
2025-03-21,54.15999984741211,,,,,,
2025-03-24,54.63999938964844,,,,,,
2025-03-25,54.20000076293945,,,,,,
2025-03-26,54.2400016784668,,,,,,
2025-03-27,52.63999938964844,,,,,,
2025-03-28,52.040000915527344,,,,,,
2025-03-31,50.68000030517578,,,,,,
2025-04-01,50.91999816894531,,,,,,
2025-04-02,50.47999954223633,,,,,,
2025-04-03,51.59999847412109,,,,,,
2025-04-04,53.79999923706055,,,,,,
2025-04-07,56.2400016784668,,,,,,
2025-04-08,55.91999816894531,,,,,,
2025-04-09,51.79999923706055,,,,,,
2025-04-10,49.2400016784668,,,,,,
2025-04-11,47.400001525878906,,,,,,
2025-04-14,47.959999084472656,,,,,,
2025-04-15,47.400001525878906,,,,,,
2025-04-16,44.36000061035156,,,,,,
2025-04-17,44.79999923706055,,,,,,
2025-04-21,42.119998931884766,,,,,,
2025-04-22,43.31999969482422,,,,,,
2025-04-23,45.31999969482422,,,,,,
2025-04-24,43.959999084472656,,,,,,
2025-04-25,44.91999816894531,,,,,,
2025-04-28,43.720001220703125,,,,,,
2025-04-29,44.560001373291016,,,,,,
2025-04-30,45.20000076293945,,,,,,
2025-05-01,47.0,,,,,,
2025-05-02,46.880001068115234,,,,,,
2025-05-05,44.119998931884766,,,,,,
2025-05-06,41.59999847412109,,,,,,
2025-05-07,42.959999084472656,,,,,,
2025-05-08,44.63999938964844,,,,,,
2025-05-09,44.08000183105469,,,,,,
2025-05-12,46.43999862670898,,,,,,
2025-05-13,46.08000183105469,,,,,,
2025-05-14,48.040000915527344,,,,,,
2025-05-15,46.560001373291016,,,,,,
2025-05-16,47.7599983215332,,,,,,
2025-05-19,46.47999954223633,,,,,,
2025-05-20,44.720001220703125,,,,,,
2025-05-21,44.08000183105469,,,,,,
2025-05-22,44.91999816894531,,,,,,
2025-05-23,43.040000915527344,,,,,,
2025-05-27,44.47999954223633,,,,,,
2025-05-28,44.7599983215332,,,,,,
2025-05-29,44.27999877929688,,,,,,
2025-05-30,44.84000015258789,,,,,,
2025-06-02,42.47999954223633,,,,,,
2025-06-03,43.20000076293945,,,,,,
2025-06-04,42.720001220703125,,,,,,
2025-06-05,43.08000183105469,,,,,,
2025-06-06,44.27999877929688,,,,,,
2025-06-09,43.959999084472656,,,,,,
2025-06-10,43.91999816894531,,,,,,
2025-06-11,43.43999862670898,,,,,,
2025-06-12,42.400001525878906,,,,,,
2025-06-13,41.29999923706055,,,,,,
2025-06-16,42.47999954223633,,,,,,
2025-06-17,42.459999084472656,,,,,,
2025-06-18,42.93999862670898,,,,,,
2025-06-20,43.02000045776367,,,,,,
2025-06-23,42.7599983215332,,,,,,
2025-06-24,44.13999938964844,,,,,,
2025-06-25,43.84000015258789,,,,,,
2025-06-26,43.91999816894531,,,,,,
2025-06-27,45.560001373291016,,,,,,
2025-06-30,44.52000045776367,,,,,,
2025-07-01,43.7400016784668,,,,,,
2025-07-02,43.2400016784668,,,,,,
2025-07-03,43.900001525878906,,,,,,
2025-07-07,43.84000015258789,,,,,,
2025-07-08,44.7599983215332,,,,,,
2025-07-09,44.41999816894531,,,,,,
2025-07-10,44.15999984741211,,,,,,
2025-07-11,43.20000076293945,,,,,,
2025-07-14,43.65999984741211,,,,,,
2025-07-15,44.08000183105469,,,,,,
2025-07-16,43.59999847412109,,,,,,
2025-07-17,43.86000061035156,,,,,,
2025-07-18,43.65999984741211,,,,,,
2025-07-21,42.20000076293945,,,,,,
2025-07-22,41.36000061035156,,,,,,
2025-07-23,42.380001068115234,,,,,,
2025-07-24,43.0,,,,,,
2025-07-25,43.900001525878906,,,,,,
2025-07-28,44.47999954223633,,,,,,
2025-07-29,44.29999923706055,,,,,,
2025-07-30,45.880001068115234,,,,,,
2025-07-31,45.2599983215332,,,,,,
2025-08-01,43.540000915527344,,,,,,
2025-08-04,43.02000045776367,,,,,,
2025-08-05,42.93999862670898,,,,,,
2025-08-06,42.91999816894531,,,,,,
2025-08-07,42.119998931884766,,,,,,
2025-08-08,42.31999969482422,,,,,,
2025-08-11,43.619998931884766,,,,,,
2025-08-12,43.720001220703125,,,,,,
2025-08-13,43.47999954223633,,,,,,
2025-08-14,44.060001373291016,,,,,,
2025-08-15,44.08000183105469,,,,,,
2025-08-18,44.2400016784668,,,,,,
2025-08-19,44.7599983215332,,,,,,
2025-08-20,43.91999816894531,,,,,,
2025-08-21,44.119998931884766,,,,,,
2025-08-22,43.2400016784668,,,,,,
2025-08-25,43.41999816894531,,,,,,
2025-08-26,42.720001220703125,,,,,,
2025-08-27,42.41999816894531,,,,,,
2025-08-28,41.720001220703125,,,,,,
2025-08-29,40.84000015258789,,,,,,
2025-09-02,38.93999862670898,,,,,,
2025-09-03,38.47999954223633,,,,,,
2025-09-04,38.720001220703125,,,,,,
2025-09-05,37.86000061035156,,,,,,
2025-09-08,37.2599983215332,,,,,,
2025-09-09,37.41999816894531,,,,,,
2025-09-10,37.13999938964844,,,,,,
2025-09-11,37.2599983215332,,,,,,
2025-09-12,37.119998931884766,,,,,,
2025-09-15,36.380001068115234,,,,,,
2025-09-16,36.2599983215332,,,,,,
2025-09-17,36.880001068115234,,,,,,
2025-09-18,37.15999984741211,,,,,,
2025-09-19,36.41999816894531,,,,,,
2025-09-22,35.18000030517578,,,,,,
2025-09-23,34.880001068115234,,,,,,
2025-09-24,35.5,,,,,,
2025-09-25,35.220001220703125,,,,,,
2025-09-26,34.900001525878906,,,,,,
2025-09-29,33.779998779296875,,,,,,
2025-09-30,33.279998779296875,,,,,,
2025-10-01,33.119998931884766,,,,,,
2025-10-02,33.36000061035156,,,,,,
2025-10-03,32.84000015258789,,,,,,
2025-10-06,31.63999938964844,,,,,,
2025-10-07,31.34000015258789,,,,,,
2025-10-08,30.36000061035156,,,,,,
2025-10-09,31.440000534057617,,,,,,
2025-10-10,30.81999969482422,,,,,,
2025-10-13,29.280000686645508,,,,,,
2025-10-14,28.81999969482422,,,,,,
2025-10-15,27.920000076293945,,,,,,
2025-10-16,26.6200008392334,,,,,,
2025-10-17,27.6200008392334,,,,,,
2025-10-20,25.63999938964844,,,,,,
2025-10-21,28.84000015258789,,,,,,
2025-10-22,28.86000061035156,,,,,,
2025-10-23,28.68000030517578,,,,,,
2025-10-24,28.8799991607666,,,,,,
2025-10-27,30.459999084472656,,,,,,
2025-10-28,30.920000076293945,,,,,,
2025-10-29,31.15999984741211,,,,,,
2025-10-30,30.0,,,,,,
2025-10-31,30.36000061035156,,,,,,
2025-11-03,30.21999931335449,,,,,,
2025-11-04,31.34000015258789,,,,,,
2025-11-05,30.6200008392334,,,,,,
2025-11-06,30.71999931335449,,,,,,
2025-11-07,30.36000061035156,,,,,,
2025-11-10,28.780000686645508,,,,,,
2025-11-11,28.5,,,,,,
2025-11-12,27.57999992370605,,,,,,
2025-11-13,28.020000457763672,,,,,,
2025-11-14,29.07999992370605,,,,,,
2025-11-17,29.780000686645508,,,,,,
2025-11-18,29.36000061035156,,,,,,
2025-11-19,29.21999931335449,,,,,,
2025-11-20,29.21999931335449,,,,,,
2025-11-21,29.38999938964844,,,,,,
2025-11-24,28.459999084472656,,,,,,
2025-11-25,28.479999542236328,,,,,,
2025-11-26,28.06999969482422,,,,,,
2025-11-28,27.36000061035156,,,,,,
2025-12-01,27.09000015258789,,,,,,
2025-12-02,27.450000762939453,,,,,,
2025-12-03,27.51000022888184,,,,,,
2025-12-04,27.459999084472656,,,,,,
2025-12-05,27.57999992370605,,,,,,
2025-12-08,27.71999931335449,,,,,,
2025-12-09,27.459999084472656,,,,,,
2025-12-10,27.21999931335449,,,,,,
2025-12-11,26.6299991607666,,,,,,
2025-12-12,26.31999969482422,,,,,,
2025-12-15,26.270000457763672,,,,,,
2025-12-16,26.270000457763672,,,,,,
2025-12-17,25.790000915527344,,,,,,
2025-12-18,25.88999938964844,,,,,,
2025-12-19,25.82999992370605,,,,,,
2025-12-22,24.63999938964844,,,,,,
2025-12-23,24.09000015258789,,,,,,
2025-12-24,24.280000686645508,,,,,,
2025-12-26,23.690000534057617,,,,,,
2025-12-29,25.82999992370605,,,,,,
2025-12-30,25.770000457763672,,,,,,
2025-12-31,26.14999961853028,,,,,,
2026-01-02,25.979999542236328,,,,,,
2026-01-05,24.61000061035156,,,,,,
2026-01-06,24.06999969482422,,,,,,
2026-01-07,24.520000457763672,,,,,,
2026-01-08,24.26000022888184,,,,,,
2026-01-09,23.920000076293945,,,,,,
2026-01-12,23.0,,,,,,
2026-01-13,23.07999992370605,,,,,,
2026-01-14,22.6299991607666,,,,,,
2026-01-15,22.93000030517578,,,,,,
2026-01-16,23.13999938964844,,,,,,
2026-01-20,21.40999984741211,,,,,,
2026-01-21,20.799999237060547,,,,,,
2026-01-22,20.030000686645508,,,,,,
2026-01-23,19.51000022888184,,,,,,
2026-01-26,18.959999084472656,,,,,,
2026-01-27,18.040000915527344,,,,,,
2026-01-28,16.690000534057617,,,,,,
2026-01-29,16.579999923706055,,,,,,
2026-01-30,19.780000686645508,,,,,,
2026-02-02,21.489999771118164,,,,,,
2026-02-03,18.84000015258789,,,,,,
2026-02-04,18.8700008392334,,,,,,
2026-02-05,19.8799991607666,,,,,,
2026-02-06,18.739999771118164,,,,,,
2026-02-09,17.799999237060547,,,,,,
2026-02-10,18.15999984741211,,,,,,
2026-02-11,17.729999542236328,,,,,,
2026-02-12,18.979999542236328,,,,,,
2026-02-13,18.07999992370605,,,,,,
2026-02-17,19.21999931335449,,,,,,
2026-02-18,18.3700008392334,,,,,,
2026-02-19,18.25,,,,,,
2026-02-20,17.540000915527344,,,,,,
2026-02-23,16.600000381469727,,,,,,
2026-02-24,17.06999969482422,,,,,,
2026-02-25,17.139999389648438,,,,,,
2026-02-26,16.860000610351562,,,,,,
2026-02-27,16.420000076293945,,,,,,
2026-03-02,16.010000228881836,,,,,,
2026-03-03,17.489999771118164,,,,,,
2026-03-04,17.229999542236328,,,,,,
2026-03-05,17.639999389648438,,,,,,
2026-03-06,17.1200008392334,,,,,,
2026-03-09,17.18000030517578,,,,,,
2026-03-10,16.780000686645508,,,,,,
2026-03-11,16.8799991607666,,,,,,
2026-03-12,17.540000915527344,,,,,,
2026-03-13,18.010000228881836,,,,,,
2026-03-16,18.030000686645508,,,,,,
2026-03-17,18.1299991607666,,,,,,
2026-03-18,19.290000915527344,,,,,,
2026-03-19,20.780000686645508,,,,,,
2026-03-20,22.100000381469727,,,,,,
2026-03-23,23.100000381469727,,,,,,
2026-03-24,23.09000015258789,,,,,,
2026-03-25,21.739999771118164,,,,,,
2026-03-26,23.34000015258789,,,,,,
2026-03-27,21.770000457763672,,,,,,
2026-03-30,21.770000457763672,,,,,,
2026-03-31,20.18000030517578,,,,,,
2026-04-01,19.489999771118164,,,,,,
2026-04-02,20.209999084472656,,,,,,
2026-04-06,20.36000061035156,,,,,,
2026-04-07,19.989999771118164,,,,,,
2026-04-08,19.729999542236328,,,,,,
2026-04-09,19.40999984741211,,,,,,
2026-04-10,19.489999771118164,,,,,,
2026-04-13,19.63999938964844,,,,,,
2026-04-14,18.809999465942383,,,,,,
2026-04-15,19.190000534057617,,,,,,
2026-04-16,19.21999931335449,,,,,,
2026-04-17,18.729999542236328,,,,,,
2026-04-20,19.059999465942383,,,,,,
2026-04-21,20.13999938964844,,,,,,
2026-04-22,19.6299991607666,,,,,,
2026-04-23,20.030000686645508,,,,,,
2026-04-24,19.86000061035156,,,,,,
2026-04-27,20.15999984741211,,,,,,
2026-04-28,20.89999961853028,,,,,,
2026-04-29,21.36000061035156,,,,,,
2026-04-30,20.700000762939453,,,,,,
2026-05-01,20.770000457763672,,,,,,
2026-05-04,21.6299991607666,,,,,,
2026-05-05,21.26000022888184,,,,,,
2026-05-06,19.979999542236328,,,,,,
2026-05-07,19.920000076293945,,,,,,
2026-05-08,19.729999542236328,,,,,,
2026-05-11,19.65999984741211,,,,,,
2026-05-12,19.82999992370605,,,,,,
2026-05-13,20.049999237060547,,,,,,
2026-05-14,20.36000061035156,,,,,,
2026-05-15,21.31999969482422,,,,,,
2026-05-18,21.200000762939453,,,,,,
2026-05-19,21.920000076293945,,,,,,
2026-05-20,21.31999969482422,,,,,,
2026-05-21,21.3799991607666,,,,,,
2026-05-22,21.709999084472656,,,,,,
2026-05-26,21.729999542236328,,,,,,
2026-05-27,22.290000915527344,,,,,,
2026-05-28,21.84000015258789,,,,,,
2026-05-29,21.3700008392334,,,,,,
2026-06-01,21.96999931335449,,,,,,
2026-06-02,21.90999984741211,,,,,,
2026-06-03,22.36000061035156,,,,,,
2026-06-04,21.979999542236328,,,,,,
2026-06-05,23.6299991607666,,,,,,
2026-06-08,23.549999237060547,,,,,,
2026-06-09,24.280000686645508,,,,,,
2026-06-10,26.31999969482422,,,,,,
2026-06-11,24.71999931335449,,,,,,
2026-06-12,24.71999931335449,,,,,,
2026-06-15,23.420000076293945,,,,,,
2026-06-16,23.280000686645508,,,,,,
2026-06-17,24.36000061035156,,,,,,
2026-06-18,24.540000915527344,,,,,,
2026-06-22,24.86000061035156,,,,,,
2026-06-23,25.809999465942383,,,,,,
2026-06-24,27.350000381469727,,,,,,
2026-06-25,26.850000381469727,,,,,,
2026-06-26,26.26000022888184,,,,,,
2026-06-29,26.979999542236328,,,,,,
2026-06-30,26.979999542236328,,,,,,
2026-07-01,26.68000030517578,,,,,,
2026-07-02,25.6299991607666,,,,,,
2026-07-06,25.12,,,,,,
2026-07-07,25.74,,,,,,
2026-07-08,26.16,,,,,,
2026-07-09,25.62,,,,,,
2026-07-10,25.81,,,,,,
2026-07-13,27.16,,,,,,
2026-07-14,26.45,,,,,,
2026-07-15,26.44,,,,,,
2026-07-16,27.47,,,,,,
2026-07-17,26.99,,,,,,
2026-07-20,27.08,,,,,,
2026-07-21,26.09,,,,,,
2026-07-22,25.45,,,,,,
2026-07-23,26.48,,,,,,
2026-07-24,26.4,,,,,,
2026-07-27,26.03,,,,,,
2026-07-28,26.79,,,,,,
2026-07-29,26.55,,,,,,
2026-07-30,25.69,,,,,,
2026-07-31,26.5,,,,,,
2026-08-03,26.48,,,,,,
2026-08-04,26.12,,,,,,
2026-08-05,23.97,,,,,,
2026-08-06,23.97,,,,,,
2026-08-07,22.91,,,,,,
2026-08-10,22.47,,,,,,
2026-08-11,22.63,,,,,,
2026-08-12,22.19,,,,,,
2026-08-13,22.88,,,,,,
2026-08-14,22.62,,,,,,
2026-08-17,22.16,,,,,,
2026-08-18,22.94,,,,,,
2026-08-19,21.22,,,,,,
2026-08-20,21.06,,,,,,
2026-08-21,20.23,,,,,,
2026-08-24,19.96,,,,,,
2026-08-25,19.82,,,,,,
2026-08-26,20.46,,,,,,
2026-08-27,20.34,,,,,,
2026-08-28,21.72,,,,,,
2026-08-31,21.76,21.81,22.11,21.75,1695995.0,21.942,2760.0
2026-09-01,23.02,22.84,23.07,22.52,2879581.0,22.787,5078.0
