date,close,open,high,low,volume,average,barCount
2010-03-11,140.75732421875,,,,,,
2010-03-12,141.18772888183594,,,,,,
2010-03-15,139.50177001953125,,,,,,
2010-03-16,145.88677978515625,,,,,,
2010-03-17,147.57276916503906,,,,,,
2010-03-18,146.28138732910156,,,,,,
2010-03-19,143.62693786621094,,,,,,
2010-03-22,146.2455291748047,,,,,,
2010-03-23,148.25424194335938,,,,,,
2010-03-24,145.99441528320312,,,,,,
2010-03-25,146.89120483398438,,,,,,
2010-03-26,148.54124450683594,,,,,,
2010-03-29,153.63491821289062,,,,,,
2010-03-30,152.09249877929688,,,,,,
2010-03-31,152.7740020751953,,,,,,
2010-04-01,154.96212768554688,,,,,,
2010-04-05,163.3559112548828,,,,,,
2010-04-06,162.8537139892578,,,,,,
2010-04-07,158.47747802734375,,,,,,
2010-04-08,158.76441955566406,,,,,,
2010-04-09,161.06021118164062,,,,,,
2010-04-12,158.44154357910156,,,,,,
2010-04-13,157.9752960205078,,,,,,
2010-04-14,161.9569854736328,,,,,,
2010-04-15,157.2937469482422,,,,,,
2010-04-16,149.72500610351562,,,,,,
2010-04-19,150.69349670410156,,,,,,
2010-04-20,152.9892578125,,,,,,
2010-04-21,151.41091918945312,,,,,,
2010-04-22,155.14149475097656,,,,,,
2010-04-23,156.5763397216797,,,,,,
2010-04-26,154.63926696777344,,,,,,
2010-04-27,147.6085968017578,,,,,,
2010-04-28,149.72500610351562,,,,,,
2010-04-29,152.7022705078125,,,,,,
2010-04-30,150.15541076660156,,,,,,
2010-05-03,153.56317138671875,,,,,,
2010-05-04,140.29098510742188,,,,,,
2010-05-05,138.89198303222656,,,,,,
2010-05-06,126.44481658935548,,,,,,
2010-05-07,129.74488830566406,,,,,,
2010-05-10,145.56398010253906,,,,,,
2010-05-11,141.0801544189453,,,,,,
2010-05-12,143.33999633789062,,,,,,
2010-05-13,140.0757293701172,,,,,,
2010-05-14,133.22438049316406,,,,,,
2010-05-17,131.0362548828125,,,,,,
2010-05-18,129.81666564941406,,,,,,
2010-05-19,124.29254913330078,,,,,,
2010-05-20,115.32484436035156,,,,,,
2010-05-21,122.28377532958984,,,,,,
2010-05-24,121.02828979492188,,,,,,
2010-05-25,116.58033752441406,,,,,,
2010-05-26,113.88998413085938,,,,,,
2010-05-27,125.90674591064452,,,,,,
2010-05-28,128.41769409179688,,,,,,
2010-06-01,121.9250717163086,,,,,,
2010-06-02,129.9601593017578,,,,,,
2010-06-03,131.25148010253906,,,,,,
2010-06-04,126.69591522216795,,,,,,
2010-06-07,126.66002655029295,,,,,,
2010-06-08,122.4990005493164,,,,,,
2010-06-09,124.83059692382812,,,,,,
2010-06-10,132.6863555908203,,,,,,
2010-06-11,131.82542419433594,,,,,,
2010-06-14,134.9820556640625,,,,,,
2010-06-15,141.2594451904297,,,,,,
2010-06-16,139.89634704589844,,,,,,
2010-06-17,140.90074157714844,,,,,,
2010-06-18,141.90516662597656,,,,,,
2010-06-21,144.7030792236328,,,,,,
2010-06-22,140.0757293701172,,,,,,
2010-06-23,140.64967346191406,,,,,,
2010-06-24,140.14747619628906,,,,,,
2010-06-25,145.59982299804688,,,,,,
2010-06-28,149.509765625,,,,,,
2010-06-29,139.9681396484375,,,,,,
2010-06-30,146.64010620117188,,,,,,
2010-07-01,143.01712036132812,,,,,,
2010-07-02,141.51055908203125,,,,,,
2010-07-06,143.69866943359375,,,,,,
2010-07-07,144.7748260498047,,,,,,
2010-07-08,143.84214782714844,,,,,,
2010-07-09,146.71185302734375,,,,,,
2010-07-12,146.67596435546875,,,,,,
2010-07-13,149.8325653076172,,,,,,
2010-07-14,144.9183349609375,,,,,,
2010-07-15,144.09324645996094,,,,,,
2010-07-16,137.77999877929688,,,,,,
2010-07-19,141.18772888183594,,,,,,
2010-07-20,142.8736572265625,,,,,,
2010-07-21,141.18772888183594,,,,,,
2010-07-22,146.60418701171875,,,,,,
2010-07-23,145.88677978515625,,,,,,
2010-07-26,145.09765625,,,,,,
2010-07-27,144.16502380371094,,,,,,
2010-07-28,141.58230590820312,,,,,,
2010-07-29,143.48348999023438,,,,,,
2010-07-30,144.4878387451172,,,,,,
2010-08-02,149.509765625,,,,,,
2010-08-03,148.0390625,,,,,,
2010-08-04,149.8684844970703,,,,,,
2010-08-05,147.5009765625,,,,,,
2010-08-06,147.21405029296875,,,,,,
2010-08-09,149.36627197265625,,,,,,
2010-08-10,146.81942749023438,,,,,,
2010-08-11,139.53762817382812,,,,,,
2010-08-12,141.33119201660156,,,,,,
2010-08-13,142.83778381347656,,,,,,
2010-08-16,142.44320678710938,,,,,,
2010-08-17,143.124755859375,,,,,,
2010-08-18,143.124755859375,,,,,,
2010-08-19,145.4204559326172,,,,,,
2010-08-20,145.7074737548828,,,,,,
2010-08-23,146.64010620117188,,,,,,
2010-08-24,142.33560180664062,,,,,,
2010-08-25,139.93223571777344,,,,,,
2010-08-26,140.4344482421875,,,,,,
2010-08-27,141.54644775390625,,,,,,
2010-08-30,137.85169982910156,,,,,,
2010-08-31,138.78436279296875,,,,,,
2010-09-01,147.3216552734375,,,,,,
2010-09-02,142.0845184326172,,,,,,
2010-09-03,147.71627807617188,,,,,,
2010-09-07,149.25868225097656,,,,,,
2010-09-08,153.95779418945312,,,,,,
2010-09-09,154.2805633544922,,,,,,
2010-09-10,156.32525634765625,,,,,,
2010-09-13,162.20803833007812,,,,,,
2010-09-14,165.40054321289062,,,,,,
2010-09-15,167.40933227539062,,,,,,
2010-09-16,165.65164184570312,,,,,,
2010-09-17,168.91590881347656,,,,,,
2010-09-20,177.8118896484375,,,,,,
2010-09-21,178.67274475097656,,,,,,
2010-09-22,175.62376403808594,,,,,,
2010-09-23,172.5747528076172,,,,,,
2010-09-24,184.1251220703125,,,,,,
2010-09-27,182.6544647216797,,,,,,
2010-09-28,184.3403778076172,,,,,,
2010-09-29,182.29571533203125,,,,,,
2010-09-30,181.50656127929688,,,,,,
2010-10-01,193.02114868164065,,,,,,
2010-10-04,192.805892944336,,,,,,
2010-10-05,197.1103973388672,,,,,,
2010-10-06,196.64407348632807,,,,,,
2010-10-07,193.0569610595703,,,,,,
2010-10-08,194.5635528564453,,,,,,
2010-10-11,193.0928955078125,,,,,,
2010-10-12,190.1155548095703,,,,,,
2010-10-13,198.294174194336,,,,,,
2010-10-14,194.24073791503903,,,,,,
2010-10-15,189.9720916748047,,,,,,
2010-10-18,192.1960906982422,,,,,,
2010-10-19,180.9326171875,,,,,,
2010-10-20,184.59149169921875,,,,,,
2010-10-21,188.2502899169922,,,,,,
2010-10-22,187.2459259033203,,,,,,
2010-10-25,188.2502899169922,,,,,,
2010-10-26,186.02633666992188,,,,,,
2010-10-27,180.6815185546875,,,,,,
2010-10-28,181.57833862304688,,,,,,
2010-10-29,182.0087432861328,,,,,,
2010-11-01,184.37625122070312,,,,,,
2010-11-02,188.3220672607422,,,,,,
2010-11-03,188.3938140869141,,,,,,
2010-11-04,198.9039306640625,,,,,,
2010-11-05,200.9844512939453,,,,,,
2010-11-08,195.0299072265625,,,,,,
2010-11-09,191.9449615478516,,,,,,
2010-11-10,194.52769470214844,,,,,,
2010-11-11,187.8198699951172,,,,,,
2010-11-12,175.76722717285156,,,,,,
2010-11-15,174.79873657226562,,,,,,
2010-11-16,162.42327880859375,,,,,,
2010-11-17,165.723388671875,,,,,,
2010-11-18,170.96058654785156,,,,,,
2010-11-19,163.4993896484375,,,,,,
2010-11-22,167.30172729492188,,,,,,
2010-11-23,157.2220001220703,,,,,,
2010-11-24,160.52212524414062,,,,,,
2010-11-26,151.1957244873047,,,,,,
2010-11-29,153.59901428222656,,,,,,
2010-11-30,154.42408752441406,,,,,,
2010-12-01,166.65602111816406,,,,,,
2010-12-02,170.7094268798828,,,,,,
2010-12-03,171.03228759765625,,,,,,
2010-12-06,171.2474822998047,,,,,,
2010-12-07,171.4985809326172,,,,,,
2010-12-08,168.23439025878906,,,,,,
2010-12-09,157.2937469482422,,,,,,
2010-12-10,163.3559112548828,,,,,,
2010-12-13,166.22560119628906,,,,,,
2010-12-14,169.2252960205078,,,,,,
2010-12-15,163.6302032470703,,,,,,
2010-12-16,168.82818603515625,,,,,,
2010-12-17,168.86428833007812,,,,,,
2010-12-20,166.55404663085938,,,,,,
2010-12-21,171.82432556152344,,,,,,
2010-12-22,172.47409057617188,,,,,,
2010-12-23,172.36578369140625,,,,,,
2010-12-27,170.92185974121094,,,,,,
2010-12-28,170.19993591308594,,,,,,
2010-12-29,176.0477294921875,,,,,,
2010-12-30,178.3940887451172,,,,,,
2010-12-31,181.5345764160156,,,,,,
2011-01-03,185.9384613037109,,,,,,
2011-01-04,181.67898559570312,,,,,,
2011-01-05,178.6467742919922,,,,,,
2011-01-06,172.94337463378906,,,,,,
2011-01-07,165.32676696777344,,,,,,
2011-01-10,157.74630737304688,,,,,,
2011-01-11,158.8291473388672,,,,,,
2011-01-12,164.7130584716797,,,,,,
2011-01-13,158.39602661132812,,,,,,
2011-01-14,153.4867401123047,,,,,,
2011-01-18,155.8692169189453,,,,,,
2011-01-19,150.92384338378906,,,,,,
2011-01-20,151.93458557128906,,,,,,
2011-01-21,152.11502075195312,,,,,,
2011-01-24,155.32774353027344,,,,,,
2011-01-25,149.29940795898438,,,,,,
2011-01-26,151.1043243408203,,,,,,
2011-01-27,146.73654174804688,,,,,,
2011-01-28,136.62921142578125,,,,,,
2011-01-31,139.58921813964844,,,,,,
2011-02-01,140.34722900390625,,,,,,
2011-02-02,138.25360107421875,,,,,,
2011-02-03,141.10531616210938,,,,,,
2011-02-04,135.36581420898438,,,,,,
2011-02-07,138.90333557128906,,,,,,
2011-02-08,134.89654541015625,,,,,,
2011-02-09,129.4097137451172,,,,,,
2011-02-10,128.03802490234375,,,,,,
2011-02-11,133.99407958984375,,,,,,
2011-02-14,136.8818817138672,,,,,,
2011-02-15,138.25360107421875,,,,,,
2011-02-16,137.96482849121094,,,,,,
2011-02-17,141.64675903320312,,,,,,
2011-02-18,139.58921813964844,,,,,,
2011-02-22,135.54624938964844,,,,,,
2011-02-23,135.0408935546875,,,,,,
2011-02-24,131.46725463867188,,,,,,
2011-02-25,132.55020141601562,,,,,,
2011-02-28,134.31893920898438,,,,,,
2011-03-01,138.21749877929688,,,,,,
2011-03-02,139.0116424560547,,,,,,
2011-03-03,144.4984588623047,,,,,,
2011-03-04,141.43016052246094,,,,,,
2011-03-07,136.41259765625,,,,,,
2011-03-08,143.2711181640625,,,,,,
2011-03-09,142.58529663085938,,,,,,
2011-03-10,136.3765411376953,,,,,,
2011-03-11,140.02236938476562,,,,,,
2011-03-14,143.05453491210938,,,,,,
2011-03-15,139.04774475097656,,,,,,
2011-03-16,136.3043212890625,,,,,,
2011-03-17,138.65069580078125,,,,,,
2011-03-18,134.8243408203125,,,,,,
2011-03-21,136.9541015625,,,,,,
2011-03-22,137.6038360595703,,,,,,
2011-03-23,143.2350616455078,,,,,,
2011-03-24,146.77259826660156,,,,,,
2011-03-25,148.32481384277344,,,,,,
2011-03-28,147.92771911621094,,,,,,
2011-03-29,155.65255737304688,,,,,,
2011-03-30,156.62722778320312,,,,,,
2011-03-31,159.37066650390625,,,,,,
2011-04-01,162.3667449951172,,,,,,
2011-04-04,167.02334594726562,,,,,,
2011-04-05,165.9765167236328,,,,,,
2011-04-06,165.1462860107422,,,,,,
2011-04-07,164.46041870117188,,,,,,
2011-04-08,161.2838134765625,,,,,,
2011-04-11,156.157958984375,,,,,,
2011-04-12,153.66726684570312,,,,,,
2011-04-13,161.31991577148438,,,,,,
2011-04-14,162.5472412109375,,,,,,
2011-04-15,156.59117126464844,,,,,,
2011-04-18,151.1404266357422,,,,,,
2011-04-19,155.68870544433594,,,,,,
2011-04-20,161.75314331054688,,,,,,
2011-04-21,161.3921661376953,,,,,,
2011-04-25,159.0457763671875,,,,,,
2011-04-26,161.78916931152344,,,,,,
2011-04-27,160.67013549804688,,,,,,
2011-04-28,157.49359130859375,,,,,,
2011-04-29,158.1072540283203,,,,,,
2011-05-02,153.7394256591797,,,,,,
2011-05-03,145.9784698486328,,,,,,
2011-05-04,143.81259155273438,,,,,,
2011-05-05,140.38331604003906,,,,,,
2011-05-06,145.03990173339844,,,,,,
2011-05-09,145.9784698486328,,,,,,
2011-05-10,146.9530792236328,,,,,,
2011-05-11,144.02919006347656,,,,,,
2011-05-12,143.5960235595703,,,,,,
2011-05-13,141.7550506591797,,,,,,
2011-05-16,140.34722900390625,,,,,,
2011-05-17,136.73751831054688,,,,,,
2011-05-18,137.96482849121094,,,,,,
2011-05-19,137.38726806640625,,,,,,
2011-05-20,136.8818817138672,,,,,,
2011-05-23,131.90042114257812,,,,,,
2011-05-24,132.11700439453125,,,,,,
2011-05-25,130.13165283203125,,,,,,
2011-05-26,135.47409057617188,,,,,,
2011-05-27,138.8311767578125,,,,,,
2011-05-31,143.19894409179688,,,,,,
2011-06-01,141.2497100830078,,,,,,
2011-06-02,144.02919006347656,,,,,,
2011-06-03,141.682861328125,,,,,,
2011-06-06,140.96092224121094,,,,,,
2011-06-07,143.41554260253906,,,,,,
2011-06-08,142.40481567382812,,,,,,
2011-06-09,145.2926025390625,,,,,,
2011-06-10,138.68675231933594,,,,,,
2011-06-13,139.84188842773438,,,,,,
2011-06-14,143.81259155273438,,,,,,
2011-06-15,136.8457794189453,,,,,,
2011-06-16,136.3765411376953,,,,,,
2011-06-17,135.65460205078125,,,,,,
2011-06-20,130.02334594726562,,,,,,
2011-06-21,133.5970001220703,,,,,,
2011-06-22,129.951171875,,,,,,
2011-06-23,133.2360382080078,,,,,,
2011-06-24,137.06239318847656,,,,,,
2011-06-27,142.8740997314453,,,,,,
2011-06-28,145.36483764648438,,,,,,
2011-06-29,146.51992797851562,,,,,,
2011-06-30,149.91307067871094,,,,,,
2011-07-01,150.38232421875,,,,,,
2011-07-05,147.63897705078125,,,,,,
2011-07-06,145.94235229492188,,,,,,
2011-07-07,154.82235717773438,,,,,,
2011-07-08,149.7686767578125,,,,,,
2011-07-11,144.6067352294922,,,,,,
2011-07-12,141.10531616210938,,,,,,
2011-07-13,144.31796264648438,,,,,,
2011-07-14,143.01844787597656,,,,,,
2011-07-15,144.46234130859375,,,,,,
2011-07-18,142.2243194580078,,,,,,
2011-07-19,148.90235900878906,,,,,,
2011-07-20,145.4009246826172,,,,,,
2011-07-21,146.80868530273438,,,,,,
2011-07-22,146.70040893554688,,,,,,
2011-07-25,148.649658203125,,,,,,
2011-07-26,146.44775390625,,,,,,
2011-07-27,142.54922485351562,,,,,,
2011-07-28,141.1414031982422,,,,,,
2011-07-29,142.9823760986328,,,,,,
2011-08-01,142.9462890625,,,,,,
2011-08-02,136.9541015625,,,,,,
2011-08-03,137.35113525390625,,,,,,
2011-08-04,124.86141967773438,,,,,,
2011-08-05,125.72774505615234,,,,,,
2011-08-08,109.37554931640624,,,,,,
2011-08-09,121.46826934814452,,,,,,
2011-08-10,111.61360931396484,,,,,,
2011-08-11,120.16870880126952,,,,,,
2011-08-12,116.27018737792967,,,,,,
2011-08-15,118.03897094726562,,,,,,
2011-08-16,110.85556030273438,,,,,,
2011-08-17,113.12969207763672,,,,,,
2011-08-18,102.76970672607422,,,,,,
2011-08-19,100.71215057373048,,,,,,
2011-08-22,104.43020629882812,,,,,,
2011-08-23,108.2204360961914,,,,,,
2011-08-24,105.62142181396484,,,,,,
2011-08-25,100.53166198730467,,,,,,
2011-08-26,99.44873809814452,,,,,,
2011-08-29,107.13751220703124,,,,,,
2011-08-30,107.49848175048828,,,,,,
2011-08-31,110.49457550048828,,,,,,
2011-09-01,109.62825775146484,,,,,,
2011-09-02,106.55995178222656,,,,,,
2011-09-06,106.6682357788086,,,,,,
2011-09-07,112.58821868896484,,,,,,
2011-09-08,109.62825775146484,,,,,,
2011-09-09,102.08387756347656,,,,,,
2011-09-12,100.67605590820312,,,,,,
2011-09-13,100.38726806640624,,,,,,
2011-09-14,102.4087371826172,,,,,,
2011-09-15,105.29654693603516,,,,,,
2011-09-16,106.12679290771484,,,,,,
2011-09-19,102.0116729736328,,,,,,
2011-09-20,103.38337707519533,,,,,,
2011-09-21,99.52091217041016,,,,,,
2011-09-22,86.20094299316406,,,,,,
2011-09-23,89.63020324707031,,,,,,
2011-09-26,90.06338500976562,,,,,,
2011-09-27,95.69461059570312,,,,,,
2011-09-28,91.25460052490234,,,,,,
2011-09-29,93.6009521484375,,,,,,
2011-09-30,87.10338592529297,,,,,,
2011-10-03,87.10338592529297,,,,,,
2011-10-04,88.51117706298828,,,,,,
2011-10-05,88.58336639404297,,,,,,
2011-10-06,91.57947540283205,,,,,,
2011-10-07,90.38824462890624,,,,,,
2011-10-10,96.52482604980467,,,,,,
2011-10-11,92.73458862304688,,,,,,
2011-10-12,99.52091217041016,,,,,,
2011-10-13,95.58628845214844,,,,,,
2011-10-14,99.5570297241211,,,,,,
2011-10-17,93.3121566772461,,,,,,
2011-10-18,94.97264862060548,,,,,,
2011-10-19,95.0809326171875,,,,,,
2011-10-20,91.57947540283205,,,,,,
2011-10-21,93.78141784667967,,,,,,
2011-10-24,97.03020477294922,,,,,,
2011-10-25,96.19995880126952,,,,,,
2011-10-26,98.5462875366211,,,,,,
2011-10-27,109.3394546508789,,,,,,
2011-10-28,108.32872772216795,,,,,,
2011-10-31,103.02238464355467,,,,,,
2011-11-01,98.51020050048828,,,,,,
2011-11-02,102.6975326538086,,,,,,
2011-11-03,105.11605072021484,,,,,,
2011-11-04,101.25360870361328,,,,,,
2011-11-07,103.3111801147461,,,,,,
2011-11-08,104.39409637451172,,,,,,
2011-11-09,92.66239166259766,,,,,,
2011-11-10,93.0594711303711,,,,,,
2011-11-11,97.28289031982422,,,,,,
2011-11-14,91.25460052490234,,,,,,
2011-11-15,90.24386596679688,,,,,,
2011-11-16,85.9843521118164,,,,,,
2011-11-17,81.36385345458984,,,,,,
2011-11-18,81.36385345458984,,,,,,
2011-11-21,74.07217407226562,,,,,,
2011-11-22,74.83020782470703,,,,,,
2011-11-23,70.93167877197266,,,,,,
2011-11-25,72.19512176513672,,,,,,
2011-11-28,78.04287719726562,,,,,,
2011-11-29,75.47996520996094,,,,,,
2011-11-30,83.02436828613281,,,,,,
2011-12-01,80.06434631347656,,,,,,
2011-12-02,85.73167419433594,,,,,,
2011-12-05,85.73167419433594,,,,,,
2011-12-06,83.7463150024414,,,,,,
2011-12-07,83.67411041259766,,,,,,
2011-12-08,71.87020874023438,,,,,,
2011-12-09,74.75801849365234,,,,,,
2011-12-12,63.78435897827149,,,,,,
2011-12-13,63.0985107421875,,,,,,
2011-12-14,57.719974517822266,,,,,,
2011-12-15,60.78825759887695,,,,,,
2011-12-16,60.679969787597656,,,,,,
2011-12-19,56.31217193603516,,,,,,
2011-12-20,61.365840911865234,,,,,,
2011-12-21,62.91802597045898,,,,,,
2011-12-22,66.23898315429688,,,,,,
2011-12-23,64.43412017822266,,,,,,
2011-12-27,63.35118103027344,,,,,,
2011-12-28,60.21070861816406,,,,,,
2011-12-29,60.96874237060547,,,,,,
2011-12-30,59.633148193359375,,,,,,
2012-01-03,66.8165512084961,,,,,,
2012-01-04,65.01167297363281,,,,,,
2012-01-05,65.5531234741211,,,,,,
2012-01-06,65.6975326538086,,,,,,
2012-01-09,67.03313446044922,,,,,,
2012-01-10,75.37165832519531,,,,,,
2012-01-11,74.14434814453125,,,,,,
2012-01-12,73.60287475585938,,,,,,
2012-01-13,72.80875396728516,,,,,,
2012-01-17,80.8224105834961,,,,,,
2012-01-18,84.8653335571289,,,,,,
2012-01-19,87.7170181274414,,,,,,
2012-01-20,88.07798767089844,,,,,,
2012-01-23,89.1970443725586,,,,,,
2012-01-24,92.5901870727539,,,,,,
2012-01-25,96.88580322265624,,,,,,
2012-01-26,96.63312530517578,,,,,,
2012-01-27,97.86046600341795,,,,,,
2012-01-30,91.83216857910156,,,,,,
2012-01-31,96.66921997070312,,,,,,
2012-02-01,103.52775573730467,,,,,,
2012-02-02,105.62142181396484,,,,,,
2012-02-03,113.85165405273438,,,,,,
2012-02-06,110.4223861694336,,,,,,
2012-02-07,106.3433609008789,,,,,,
2012-02-08,107.06531524658205,,,,,,
2012-02-09,109.44776153564452,,,,,,
2012-02-10,103.27508544921876,,,,,,
2012-02-13,108.83407592773438,,,,,,
2012-02-14,108.1482162475586,,,,,,
2012-02-15,112.94921112060548,,,,,,
2012-02-16,116.88384246826172,,,,,,
2012-02-17,118.21946716308594,,,,,,
2012-02-21,121.2155532836914,,,,,,
2012-02-22,115.54823303222656,,,,,,
2012-02-23,114.93457794189452,,,,,,
2012-02-24,113.707275390625,,,,,,
2012-02-27,104.39409637451172,,,,,,
2012-02-28,109.953125,,,,,,
2012-02-29,107.13751220703124,,,,,,
2012-03-01,109.19506072998048,,,,,,
2012-03-02,105.40481567382812,,,,,,
2012-03-05,99.26824188232422,,,,,,
2012-03-06,88.51117706298828,,,,,,
2012-03-07,92.7707061767578,,,,,,
2012-03-08,97.46337127685548,,,,,,
2012-03-09,102.5892333984375,,,,,,
2012-03-12,98.65460205078124,,,,,,
2012-03-13,107.49848175048828,,,,,,
2012-03-14,101.75897979736328,,,,,,
2012-03-15,98.36579132080078,,,,,,
2012-03-16,93.3482666015625,,,,,,
2012-03-19,90.71311950683594,,,,,,
2012-03-20,88.25849914550781,,,,,,
2012-03-21,92.01263427734376,,,,,,
2012-03-22,82.12191009521484,,,,,,
2012-03-23,85.6955795288086,,,,,,
2012-03-26,83.56582641601562,,,,,,
2012-03-27,84.9375228881836,,,,,,
2012-03-28,80.60581970214844,,,,,,
2012-03-29,80.02825164794922,,,,,,
2012-03-30,86.4536361694336,,,,,,
2012-04-02,90.85752868652344,,,,,,
2012-04-03,89.91897583007812,,,,,,
2012-04-04,85.11801147460938,,,,,,
2012-04-05,86.12873840332031,,,,,,
2012-04-09,81.21946716308594,,,,,,
2012-04-10,77.24874114990234,,,,,,
2012-04-11,80.20873260498047,,,,,,
2012-04-12,85.80386352539062,,,,,,
2012-04-13,75.29947662353516,,,,,,
2012-04-16,75.37165832519531,,,,,,
2012-04-17,82.59117889404297,,,,,,
2012-04-18,79.34239959716797,,,,,,
2012-04-19,77.82627868652344,,,,,,
2012-04-20,78.15118408203125,,,,,,
2012-04-23,71.50922393798828,,,,,,
2012-04-24,72.05071258544922,,,,,,
2012-04-25,72.3033676147461,,,,,,
2012-04-26,71.94239044189453,,,,,,
2012-04-27,71.3287353515625,,,,,,
2012-04-30,72.05071258544922,,,,,,
2012-05-01,72.88095092773438,,,,,,
2012-05-02,69.77654266357422,,,,,,
2012-05-03,66.13070678710938,,,,,,
2012-05-04,62.37654495239258,,,,,,
2012-05-07,67.32191467285156,,,,,,
2012-05-08,61.76289749145508,,,,,,
2012-05-09,58.91119384765625,,,,,,
2012-05-10,61.004859924316406,,,,,,
2012-05-11,57.79216384887695,,,,,,
2012-05-14,54.43508529663086,,,,,,
2012-05-15,55.30144119262695,,,,,,
2012-05-16,52.70240783691406,,,,,,
2012-05-17,51.43899917602539,,,,,,
2012-05-18,52.774600982666016,,,,,,
2012-05-21,54.86826705932617,,,,,,
2012-05-22,50.2116813659668,,,,,,
2012-05-23,48.80388641357422,,,,,,
2012-05-24,50.71704864501953,,,,,,
2012-05-25,51.43899917602539,,,,,,
2012-05-29,53.27997589111328,,,,,,
2012-05-30,49.27314376831055,,,,,,
2012-05-31,50.50046920776367,,,,,,
2012-06-01,48.15412139892578,,,,,,
2012-06-04,50.53656005859375,,,,,,
2012-06-05,50.572662353515625,,,,,,
2012-06-06,56.67314529418945,,,,,,
2012-06-07,56.96191787719727,,,,,,
2012-06-08,56.45656204223633,,,,,,
2012-06-11,50.82535552978516,,,,,,
2012-06-12,56.167781829833984,,,,,,
2012-06-13,54.90437316894531,,,,,,
2012-06-14,54.723880767822266,,,,,,
2012-06-15,58.80290603637695,,,,,,
2012-06-18,54.326805114746094,,,,,,
2012-06-19,55.95119094848633,,,,,,
2012-06-20,54.326805114746094,,,,,,
2012-06-21,51.40290069580078,,,,,,
2012-06-22,51.944366455078125,,,,,,
2012-06-25,50.78924179077149,,,,,,
2012-06-26,52.16094970703125,,,,,,
2012-06-27,53.857540130615234,,,,,,
2012-06-28,52.88290786743164,,,,,,
2012-06-29,62.8458251953125,,,,,,
2012-07-02,61.690711975097656,,,,,,
2012-07-03,66.70828247070312,,,,,,
2012-07-05,61.690711975097656,,,,,,
2012-07-06,58.80290603637695,,,,,,
2012-07-09,58.55021286010742,,,,,,
2012-07-10,60.21070861816406,,,,,,
2012-07-11,59.74142074584961,,,,,,
2012-07-12,55.7346076965332,,,,,,
2012-07-13,59.199974060058594,,,,,,
2012-07-16,57.683868408203125,,,,,,
2012-07-17,57.286808013916016,,,,,,
2012-07-18,56.88973617553711,,,,,,
2012-07-19,58.2253303527832,,,,,,
2012-07-20,55.66241455078125,,,,,,
2012-07-23,51.47510147094727,,,,,,
2012-07-24,51.727783203125,,,,,,
2012-07-25,51.3668098449707,,,,,,
2012-07-26,52.66632461547852,,,,,,
2012-07-27,54.290714263916016,,,,,,
2012-07-30,55.55413055419922,,,,,,
2012-07-31,54.326805114746094,,,,,,
2012-08-01,55.12095642089844,,,,,,
2012-08-02,52.66632461547852,,,,,,
2012-08-03,57.75606155395508,,,,,,
2012-08-06,58.36972427368164,,,,,,
2012-08-07,60.31900787353516,,,,,,
2012-08-08,60.06630325317383,,,,,,
2012-08-09,58.26143264770508,,,,,,
2012-08-10,59.56095123291016,,,,,,
2012-08-13,58.65851974487305,,,,,,
2012-08-14,59.199974060058594,,,,,,
2012-08-15,58.80290603637695,,,,,,
2012-08-16,59.52486038208008,,,,,,
2012-08-17,58.62240982055664,,,,,,
2012-08-20,59.38046646118164,,,,,,
2012-08-21,62.48484802246094,,,,,,
2012-08-22,62.8458251953125,,,,,,
2012-08-23,61.25753021240234,,,,,,
2012-08-24,61.54632186889648,,,,,,
2012-08-27,59.05558395385742,,,,,,
2012-08-28,58.51411819458008,,,,,,
2012-08-29,57.14241027832031,,,,,,
2012-08-30,57.719974517822266,,,,,,
2012-08-31,57.250709533691406,,,,,,
2012-09-04,57.250709533691406,,,,,,
2012-09-05,55.9872932434082,,,,,,
2012-09-06,59.41656494140625,,,,,,
2012-09-07,61.79898834228516,,,,,,
2012-09-10,60.355079650878906,,,,,,
2012-09-11,63.27900695800781,,,,,,
2012-09-12,63.71216583251953,,,,,,
2012-09-13,67.35800170898438,,,,,,
2012-09-14,72.91703796386719,,,,,,
2012-09-17,71.47314453125,,,,,,
2012-09-18,69.55997467041016,,,,,,
2012-09-19,70.96776580810547,,,,,,
2012-09-20,69.48777770996094,,,,,,
2012-09-21,78.15118408203125,,,,,,
2012-09-24,76.3463134765625,,,,,,
2012-09-25,74.1082534790039,,,,,,
2012-09-26,73.53068542480469,,,,,,
2012-09-27,76.41850280761719,,,,,,
2012-09-28,77.93460845947266,,,,,,
2012-10-01,81.72483825683594,,,,,,
2012-10-02,82.01362609863281,,,,,,
2012-10-03,83.42141723632812,,,,,,
2012-10-04,89.52191162109375,,,,,,
2012-10-05,84.8653335571289,,,,,,
2012-10-08,79.08971405029297,,,,,,
2012-10-09,76.59899139404297,,,,,,
2012-10-10,73.56680297851562,,,,,,
2012-10-11,78.1150894165039,,,,,,
2012-10-12,74.36092376708984,,,,,,
2012-10-15,75.80484771728516,,,,,,
2012-10-16,75.3355712890625,,,,,,
2012-10-17,75.51606750488281,,,,,,
2012-10-18,72.77262115478516,,,,,,
2012-10-19,68.87409973144531,,,,,,
2012-10-22,72.9892349243164,,,,,,
2012-10-23,69.52387237548828,,,,,,
2012-10-24,69.19900512695312,,,,,,
2012-10-25,71.29264831542969,,,,,,
2012-10-26,70.7511978149414,,,,,,
2012-10-31,66.78047943115234,,,,,,
2012-11-01,70.71508026123047,,,,,,
2012-11-02,70.6067886352539,,,,,,
2012-11-05,68.26044464111328,,,,,,
2012-11-06,69.70433807373047,,,,,,
2012-11-07,67.97167205810547,,,,,,
2012-11-08,67.75509643554688,,,,,,
2012-11-09,65.26435089111328,,,,,,
2012-11-12,64.39801025390625,,,,,,
2012-11-13,63.603885650634766,,,,,,
2012-11-14,62.26826095581055,,,,,,
2012-11-15,62.77362060546875,,,,,,
2012-11-16,61.72679901123047,,,,,,
2012-11-19,63.856536865234375,,,,,,
2012-11-20,61.87120056152344,,,,,,
2012-11-21,62.66533660888672,,,,,,
2012-11-23,62.520938873291016,,,,,,
2012-11-26,62.26826095581055,,,,,,
2012-11-27,63.74826049804688,,,,,,
2012-11-28,64.10924530029297,,,,,,
2012-11-29,70.46240997314453,,,,,,
2012-11-30,72.41166687011719,,,,,,
2012-12-03,71.3287353515625,,,,,,
2012-12-04,71.87020874023438,,,,,,
2012-12-05,72.77262115478516,,,,,,
2012-12-06,75.15508270263672,,,,,,
2012-12-07,72.95314025878906,,,,,,
2012-12-10,73.06143951416016,,,,,,
2012-12-11,72.44776153564453,,,,,,
2012-12-12,71.3287353515625,,,,,,
2012-12-13,68.76583862304688,,,,,,
2012-12-14,69.84871673583984,,,,,,
2012-12-17,69.01850128173828,,,,,,
2012-12-18,69.53504180908203,,,,,,
2012-12-19,71.59400177001953,,,,,,
2012-12-20,71.37728118896484,,,,,,
2012-12-21,67.33160400390625,,,,,,
2012-12-24,66.89811706542969,,,,,,
2012-12-26,70.4380874633789,,,,,,
2012-12-27,68.12630462646484,,,,,,
2012-12-28,71.05220031738281,,,,,,
2012-12-31,72.74993133544922,,,,,,
2013-01-02,78.45719146728516,,,,,,
2013-01-03,76.18151092529297,,,,,,
2013-01-04,75.71192169189453,,,,,,
2013-01-07,73.54460906982422,,,,,,
2013-01-08,74.15869140625,,,,,,
2013-01-09,74.95338439941406,,,,,,
2013-01-10,76.36213684082031,,,,,,
2013-01-11,75.0256118774414,,,,,,
2013-01-14,80.01046752929688,,,,,,
2013-01-15,80.11882781982422,,,,,,
2013-01-16,78.1682357788086,,,,,,
2013-01-17,84.41734313964844,,,,,,
2013-01-18,88.31854248046875,,,,,,
2013-01-22,87.52384948730469,,,,,,
2013-01-23,86.1150894165039,,,,,,
2013-01-24,84.02000427246094,,,,,,
2013-01-25,86.94589233398438,,,,,,
2013-01-28,83.80327606201172,,,,,,
2013-01-29,85.75385284423828,,,,,,
2013-01-30,87.27100372314453,,,,,,
2013-01-31,87.34325408935547,,,,,,
2013-02-01,88.06568908691406,,,,,,
2013-02-04,82.50289154052734,,,,,,
2013-02-05,83.55042266845703,,,,,,
2013-02-06,83.22532653808594,,,,,,
2013-02-07,80.55229949951172,,,,,,
2013-02-08,79.39637756347656,,,,,,
2013-02-11,77.5180435180664,,,,,,
2013-02-12,79.79373931884766,,,,,,
2013-02-13,79.07127380371094,,,,,,
2013-02-14,76.2176284790039,,,,,,
2013-02-15,74.66438293457031,,,,,,
2013-02-19,79.21575927734375,,,,,,
2013-02-20,77.08456420898438,,,,,,
2013-02-21,72.24421691894531,,,,,,
2013-02-22,75.49520874023438,,,,,,
2013-02-25,72.9666519165039,,,,,,
2013-02-26,73.07502746582031,,,,,,
2013-02-27,75.49520874023438,,,,,,
2013-02-28,68.01792907714844,,,,,,
2013-03-01,66.42855834960938,,,,,,
2013-03-04,65.63386535644531,,,,,,
2013-03-05,69.53504180908203,,,,,,
2013-03-06,70.83546447753906,,,,,,
2013-03-07,73.3278579711914,,,,,,
2013-03-08,77.84314727783203,,,,,,
2013-03-11,76.25376892089844,,,,,,
2013-03-12,74.26704406738281,,,,,,
2013-03-13,71.55786895751953,,,,,,
2013-03-14,75.49520874023438,,,,,,
2013-03-15,74.80887603759766,,,,,,
2013-03-18,72.9666519165039,,,,,,
2013-03-19,67.00650024414062,,,,,,
2013-03-20,66.46466827392578,,,,,,
2013-03-21,63.79163360595703,,,,,,
2013-03-22,64.94754028320312,,,,,,
2013-03-25,64.51408386230469,,,,,,
2013-03-26,64.80304718017578,,,,,,
2013-03-27,65.4532470703125,,,,,,
2013-03-28,66.89811706542969,,,,,,
2013-04-01,66.10345458984375,,,,,,
2013-04-02,68.8126220703125,,,,,,
2013-04-03,65.16429138183594,,,,,,
2013-04-04,62.31063461303711,,,,,,
2013-04-05,62.99694442749024,,,,,,
2013-04-08,64.00835418701172,,,,,,
2013-04-09,62.13002395629883,,,,,,
2013-04-10,64.98365783691406,,,,,,
2013-04-11,64.51408386230469,,,,,,
2013-04-12,58.80679321289063,,,,,,
2013-04-15,58.26495361328125,,,,,,
2013-04-16,65.66999816894531,,,,,,
2013-04-17,63.57490158081055,,,,,,
2013-04-18,65.8144760131836,,,,,,
2013-04-19,68.48750305175781,,,,,,
2013-04-22,67.72895050048828,,,,,,
2013-04-23,69.53504180908203,,,,,,
2013-04-24,70.14910888671875,,,,,,
2013-04-25,69.35444641113281,,,,,,
2013-04-26,66.03121948242188,,,,,,
2013-04-29,70.11299133300781,,,,,,
2013-04-30,75.20621490478516,,,,,,
2013-05-01,72.4609375,,,,,,
2013-05-02,75.56744384765625,,,,,,
2013-05-03,77.44579315185547,,,,,,
2013-05-06,74.41152954101562,,,,,,
2013-05-07,75.71192169189453,,,,,,
2013-05-08,76.68722534179688,,,,,,
2013-05-09,72.9666519165039,,,,,,
2013-05-10,72.85829162597656,,,,,,
2013-05-13,68.7042465209961,,,,,,
2013-05-14,71.30502319335938,,,,,,
2013-05-15,74.55602264404297,,,,,,
2013-05-16,74.48377990722656,,,,,,
2013-05-17,75.748046875,,,,,,
2013-05-20,73.7613296508789,,,,,,
2013-05-21,71.12444305419922,,,,,,
2013-05-22,67.76509094238281,,,,,,
2013-05-23,64.26121520996094,,,,,,
2013-05-24,63.14144134521485,,,,,,
2013-05-28,68.01792907714844,,,,,,
2013-05-29,65.055908203125,,,,,,
2013-05-30,65.09203338623047,,,,,,
2013-05-31,60.034934997558594,,,,,,
2013-06-03,62.635719299316406,,,,,,
2013-06-04,60.72124862670898,,,,,,
2013-06-05,59.24025344848633,,,,,,
2013-06-06,60.68512725830078,,,,,,
2013-06-07,58.12047576904297,,,,,,
2013-06-10,54.58049392700195,,,,,,
2013-06-11,50.71543884277344,,,,,,
2013-06-12,50.679317474365234,,,,,,
2013-06-13,52.44929504394531,,,,,,
2013-06-14,52.557655334472656,,,,,,
2013-06-17,53.605201721191406,,,,,,
2013-06-18,52.66603088378906,,,,,,
2013-06-19,47.356075286865234,,,,,,
2013-06-20,41.54042816162109,,,,,,
2013-06-21,45.54997253417969,,,,,,
2013-06-24,42.11837387084961,,,,,,
2013-06-25,44.972015380859375,,,,,,
2013-06-26,43.5993766784668,,,,,,
2013-06-27,47.60894012451172,,,,,,
2013-06-28,49.16218948364258,,,,,,
2013-07-01,50.137489318847656,,,,,,
2013-07-02,47.93402862548828,,,,,,
2013-07-03,45.26100540161133,,,,,,
2013-07-05,45.188751220703125,,,,,,
2013-07-08,45.98344802856445,,,,,,
2013-07-09,47.356075286865234,,,,,,
2013-07-10,45.58609771728516,,,,,,
2013-07-11,51.04052734375,,,,,,
2013-07-12,51.51010894775391,,,,,,
2013-07-15,54.32764434814453,,,,,,
2013-07-16,55.33906936645508,,,,,,
2013-07-17,55.70029067993164,,,,,,
2013-07-18,56.16986846923828,,,,,,
2013-07-19,55.664154052734375,,,,,,
2013-07-22,56.60334014892578,,,,,,
2013-07-23,55.12234115600586,,,,,,
2013-07-24,55.08620071411133,,,,,,
2013-07-25,54.97784423828125,,,,,,
2013-07-26,54.18315124511719,,,,,,
2013-07-29,51.221153259277344,,,,,,
2013-07-30,45.513858795166016,,,,,,
2013-07-31,46.0556755065918,,,,,,
2013-08-01,47.89791488647461,,,,,,
2013-08-02,45.44160461425781,,,,,,
2013-08-05,43.45487976074219,,,,,,
2013-08-06,40.85409927368164,,,,,,
2013-08-07,40.34838485717773,,,,,,
2013-08-08,43.56325912475586,,,,,,
2013-08-09,43.238162994384766,,,,,,
2013-08-12,43.165924072265625,,,,,,
2013-08-13,44.86366271972656,,,,,,
2013-08-14,46.30854415893555,,,,,,
2013-08-15,44.46631240844727,,,,,,
2013-08-16,38.43391799926758,,,,,,
2013-08-19,33.3768310546875,,,,,,
2013-08-20,35.67058181762695,,,,,,
2013-08-21,29.55691146850586,,,,,,
2013-08-22,32.871116638183594,,,,,,
2013-08-23,34.94813919067383,,,,,,
2013-08-26,32.564083099365234,,,,,,
2013-08-27,26.96514892578125,,,,,,
2013-08-28,27.1006088256836,,,,,,
2013-08-29,27.90432357788086,,,,,,
2013-08-30,30.676700592041016,,,,,,
2013-09-03,26.775508880615234,,,,,,
2013-09-04,31.922910690307617,,,,,,
2013-09-05,34.37921905517578,,,,,,
2013-09-06,37.35025787353516,,,,,,
2013-09-09,40.57415390014648,,,,,,
2013-09-10,42.79566192626953,,,,,,
2013-09-11,43.25622177124024,,,,,,
2013-09-12,40.00523376464844,,,,,,
2013-09-13,42.30801010131836,,,,,,
2013-09-16,41.90163803100586,,,,,,
2013-09-17,42.055152893066406,,,,,,
2013-09-18,48.83708572387695,,,,,,
2013-09-19,47.99724960327149,,,,,,
2013-09-20,43.46392822265625,,,,,,
2013-09-23,42.8679084777832,,,,,,
2013-09-24,42.65117645263672,,,,,,
2013-09-25,42.33509826660156,,,,,,
2013-09-26,43.98768997192383,,,,,,
2013-09-27,39.029930114746094,,,,,,
2013-09-30,38.87641143798828,,,,,,
2013-10-01,40.90827941894531,,,,,,
2013-10-02,41.892608642578125,,,,,,
2013-10-03,42.949180603027344,,,,,,
2013-10-04,44.972015380859375,,,,,,
2013-10-07,44.529518127441406,,,,,,
2013-10-08,41.23337936401367,,,,,,
2013-10-09,44.60176849365234,,,,,,
2013-10-10,49.415035247802734,,,,,,
2013-10-11,48.31331253051758,,,,,,
2013-10-14,50.9863395690918,,,,,,
2013-10-15,46.61557769775391,,,,,,
2013-10-16,48.62035751342773,,,,,,
2013-10-17,49.38795471191406,,,,,,
2013-10-18,50.1826286315918,,,,,,
2013-10-21,49.604679107666016,,,,,,
2013-10-22,51.726844787597656,,,,,,
2013-10-23,47.83469772338867,,,,,,
2013-10-24,47.121280670166016,,,,,,
2013-10-25,47.92500305175781,,,,,,
2013-10-28,46.97679901123047,,,,,,
2013-10-29,49.25249481201172,,,,,,
2013-10-30,48.86418533325195,,,,,,
2013-10-31,48.38556289672852,,,,,,
2013-11-01,48.927391052246094,,,,,,
2013-11-04,50.1645622253418,,,,,,
2013-11-05,47.50056457519531,,,,,,
2013-11-06,47.13031768798828,,,,,,
2013-11-07,43.6084098815918,,,,,,
2013-11-08,42.53377532958984,,,,,,
2013-11-11,40.94440841674805,,,,,,
2013-11-12,38.36167907714844,,,,,,
2013-11-13,41.1611328125,,,,,,
2013-11-14,42.64214706420898,,,,,,
2013-11-15,44.14121627807617,,,,,,
2013-11-18,46.1459846496582,,,,,,
2013-11-19,45.03523254394531,,,,,,
2013-11-20,42.172550201416016,,,,,,
2013-11-21,40.45676040649414,,,,,,
2013-11-22,42.127403259277344,,,,,,
2013-11-25,41.639747619628906,,,,,,
2013-11-26,42.11837387084961,,,,,,
2013-11-27,41.76618194580078,,,,,,
2013-11-29,44.26763916015625,,,,,,
2013-12-02,42.94015121459961,,,,,,
2013-12-03,42.99433898925781,,,,,,
2013-12-04,46.66976165771485,,,,,,
2013-12-05,45.7667121887207,,,,,,
2013-12-06,50.119422912597656,,,,,,
2013-12-09,51.18502807617188,,,,,,
2013-12-10,49.95686721801758,,,,,,
2013-12-11,46.71491622924805,,,,,,
2013-12-12,44.068965911865234,,,,,,
2013-12-13,43.84321212768555,,,,,,
2013-12-16,45.24293899536133,,,,,,
2013-12-17,44.28570175170898,,,,,,
2013-12-18,47.464447021484375,,,,,,
2013-12-19,43.36458969116211,,,,,,
2013-12-20,47.645057678222656,,,,,,
2013-12-23,47.88888168334961,,,,,,
2013-12-24,48.06047058105469,,,,,,
2013-12-26,46.94972229003906,,,,,,
2013-12-27,48.1868896484375,,,,,,
2013-12-30,49.108009338378906,,,,,,
2013-12-31,49.64982986450195,,,,,,
2014-01-02,43.42780303955078,,,,,,
2014-01-03,45.28810119628906,,,,,,
2014-01-06,44.39406204223633,,,,,,
2014-01-07,43.98768997192383,,,,,,
2014-01-08,44.33988952636719,,,,,,
2014-01-09,44.78237915039063,,,,,,
2014-01-10,47.87081909179688,,,,,,
2014-01-13,47.23867416381836,,,,,,
2014-01-14,49.21636581420898,,,,,,
2014-01-15,49.27055358886719,,,,,,
2014-01-16,49.19831466674805,,,,,,
2014-01-17,47.52765655517578,,,,,,
2014-01-21,47.617958068847656,,,,,,
2014-01-22,49.34280014038086,,,,,,
2014-01-23,47.7353630065918,,,,,,
2014-01-24,42.62408447265625,,,,,,
2014-01-27,40.81798553466797,,,,,,
2014-01-28,42.33509826660156,,,,,,
2014-01-29,39.69818878173828,,,,,,
2014-01-30,42.317039489746094,,,,,,
2014-01-31,42.06419372558594,,,,,,
2014-02-03,38.19913101196289,,,,,,
2014-02-04,41.34174346923828,,,,,,
2014-02-05,40.17681503295898,,,,,,
2014-02-06,42.714385986328125,,,,,,
2014-02-07,42.66923904418945,,,,,,
2014-02-10,40.51996612548828,,,,,,
2014-02-11,43.39168167114258,,,,,,
2014-02-12,43.34653091430664,,,,,,
2014-02-13,41.45011520385742,,,,,,
2014-02-14,43.12075424194336,,,,,,
2014-02-18,41.6036262512207,,,,,,
2014-02-19,41.34174346923828,,,,,,
2014-02-20,42.7324447631836,,,,,,
2014-02-21,42.90402603149414,,,,,,
2014-02-24,43.43682861328125,,,,,,
2014-02-25,42.27188873291016,,,,,,
2014-02-26,42.19964599609375,,,,,,
2014-02-27,44.24055099487305,,,,,,
2014-02-28,43.47294616699219,,,,,,
2014-03-03,41.31465530395508,,,,,,
2014-03-04,45.42355346679688,,,,,,
2014-03-05,46.94972229003906,,,,,,
2014-03-06,50.254878997802734,,,,,,
2014-03-07,48.53907012939453,,,,,,
2014-03-10,50.092323303222656,,,,,,
2014-03-11,48.12367630004883,,,,,,
2014-03-12,49.20734024047852,,,,,,
2014-03-13,46.11889266967773,,,,,,
2014-03-14,47.121280670166016,,,,,,
2014-03-17,48.683555603027344,,,,,,
2014-03-18,50.57997512817383,,,,,,
2014-03-19,46.24532318115234,,,,,,
2014-03-20,48.674537658691406,,,,,,
2014-03-21,47.26577758789063,,,,,,
2014-03-24,50.70640563964844,,,,,,
2014-03-25,52.37705612182617,,,,,,
2014-03-26,52.386077880859375,,,,,,
2014-03-27,54.21025085449219,,,,,,
2014-03-28,56.46788024902344,,,,,,
2014-03-31,56.94649505615234,,,,,,
2014-04-01,58.62617874145508,,,,,,
2014-04-02,60.016883850097656,,,,,,
2014-04-03,57.70505905151367,,,,,,
2014-04-04,57.361907958984375,,,,,,
2014-04-07,56.84716033935547,,,,,,
2014-04-08,58.662296295166016,,,,,,
2014-04-09,61.3082389831543,,,,,,
2014-04-10,56.395633697509766,,,,,,
2014-04-11,57.49736404418945,,,,,,
2014-04-14,58.21077346801758,,,,,,
2014-04-15,55.98023986816406,,,,,,
2014-04-16,55.5467643737793,,,,,,
2014-04-17,58.48169708251953,,,,,,
2014-04-21,57.27159118652344,,,,,,
2014-04-22,56.48594665527344,,,,,,
2014-04-23,55.29391479492188,,,,,,
2014-04-24,55.998291015625,,,,,,
2014-04-25,55.348087310791016,,,,,,
2014-04-28,56.070533752441406,,,,,,
2014-04-29,57.02777099609375,,,,,,
2014-04-30,55.77252578735352,,,,,,
2014-05-01,55.989253997802734,,,,,,
2014-05-02,56.66654968261719,,,,,,
2014-05-05,55.47452545166016,,,,,,
2014-05-06,56.46788024902344,,,,,,
2014-05-07,55.28487396240234,,,,,,
2014-05-08,54.19218063354492,,,,,,
2014-05-09,59.980751037597656,,,,,,
2014-05-12,66.05828094482422,,,,,,
2014-05-13,68.09918975830078,,,,,,
2014-05-14,66.39242553710938,,,,,,
2014-05-15,65.74223327636719,,,,,,
2014-05-16,75.6848373413086,,,,,,
2014-05-19,78.06889343261719,,,,,,
2014-05-20,77.31937408447266,,,,,,
2014-05-21,78.68296813964844,,,,,,
2014-05-22,81.22956848144531,,,,,,
2014-05-23,84.95015716552734,,,,,,
2014-05-27,77.86119842529297,,,,,,
2014-05-28,77.21099853515625,,,,,,
2014-05-29,74.72758483886719,,,,,,
2014-05-30,73.36399841308594,,,,,,
2014-06-02,80.01046752929688,,,,,,
2014-06-03,82.29517364501953,,,,,,
2014-06-04,80.89546966552734,,,,,,
2014-06-05,88.91455078125,,,,,,
2014-06-06,92.64415740966795,,,,,,
2014-06-09,92.01202392578124,,,,,,
2014-06-10,90.9374008178711,,,,,,
2014-06-11,87.261962890625,,,,,,
2014-06-12,87.93925476074219,,,,,,
2014-06-13,82.62931060791016,,,,,,
2014-06-16,80.66065979003906,,,,,,
2014-06-17,85.11270141601562,,,,,,
2014-06-18,86.0157470703125,,,,,,
2014-06-19,80.5703353881836,,,,,,
2014-06-20,80.687744140625,,,,,,
2014-06-23,81.63597106933594,,,,,,
2014-06-24,82.59318542480469,,,,,,
2014-06-25,84.4354019165039,,,,,,
2014-06-26,79.98336791992188,,,,,,
2014-06-27,82.35840606689453,,,,,,
2014-06-30,83.75813293457031,,,,,,
2014-07-01,86.68400573730469,,,,,,
2014-07-02,90.58519744873048,,,,,,
2014-07-03,89.17644500732422,,,,,,
2014-07-07,89.57379150390625,,,,,,
2014-07-08,81.5546875,,,,,,
2014-07-09,83.2072525024414,,,,,,
2014-07-10,79.73954772949219,,,,,,
2014-07-11,77.55415344238281,,,,,,
2014-07-14,77.55415344238281,,,,,,
2014-07-15,78.64686584472656,,,,,,
2014-07-16,81.5907974243164,,,,,,
2014-07-17,77.3464584350586,,,,,,
2014-07-18,81.35601043701172,,,,,,
2014-07-21,82.04232788085938,,,,,,
2014-07-22,87.03621673583984,,,,,,
2014-07-23,86.9007568359375,,,,,,
2014-07-24,88.28243255615234,,,,,,
2014-07-25,85.51904296875,,,,,,
2014-07-28,87.13555145263672,,,,,,
2014-07-29,84.76050567626953,,,,,,
2014-07-30,85.69065856933594,,,,,,
2014-07-31,80.32652282714844,,,,,,
2014-08-01,80.37167358398438,,,,,,
2014-08-04,82.75572967529297,,,,,,
2014-08-05,81.85266876220703,,,,,,
2014-08-06,78.25855255126953,,,,,,
2014-08-07,76.72335815429688,,,,,,
2014-08-08,78.97195434570312,,,,,,
2014-08-11,80.7509765625,,,,,,
2014-08-12,80.27234649658203,,,,,,
2014-08-13,82.08749389648438,,,,,,
2014-08-14,85.56423950195312,,,,,,
2014-08-15,84.02000427246094,,,,,,
2014-08-18,88.76104736328125,,,,,,
2014-08-19,89.66410064697266,,,,,,
2014-08-20,89.38414764404297,,,,,,
2014-08-21,89.25770568847656,,,,,,
2014-08-22,88.78812408447266,,,,,,
2014-08-25,88.95067596435547,,,,,,
2014-08-26,88.26435089111328,,,,,,
2014-08-27,89.7002182006836,,,,,,
2014-08-28,88.30953216552734,,,,,,
2014-08-29,89.39317321777344,,,,,,
2014-09-02,92.6622314453125,,,,,,
2014-09-03,95.73261260986328,,,,,,
2014-09-04,94.5676727294922,,,,,,
2014-09-05,98.9384307861328,,,,,,
2014-09-08,99.34481811523438,,,,,,
2014-09-09,95.0914535522461,,,,,,
2014-09-10,95.23591613769533,,,,,,
2014-09-11,92.1113510131836,,,,,,
2014-09-12,91.63275146484376,,,,,,
2014-09-15,88.58946228027344,,,,,,
2014-09-16,86.8375473022461,,,,,,
2014-09-17,85.6003646850586,,,,,,
2014-09-18,92.62611389160156,,,,,,
2014-09-19,89.08613586425781,,,,,,
2014-09-22,88.22824096679688,,,,,,
2014-09-23,84.16449737548828,,,,,,
2014-09-24,88.39982604980469,,,,,,
2014-09-25,79.38735961914062,,,,,,
2014-09-26,83.54139709472656,,,,,,
2014-09-29,81.63597106933594,,,,,,
2014-09-30,82.52093505859375,,,,,,
2014-10-01,78.77328491210938,,,,,,
2014-10-02,80.33556365966797,,,,,,
2014-10-03,82.52999114990234,,,,,,
2014-10-06,84.1374282836914,,,,,,
2014-10-07,78.76424407958984,,,,,,
2014-10-08,84.0290756225586,,,,,,
2014-10-09,80.82320404052734,,,,,,
2014-10-10,78.25855255126953,,,,,,
2014-10-13,80.52519226074219,,,,,,
2014-10-14,81.25667572021484,,,,,,
2014-10-15,80.78709411621094,,,,,,
2014-10-16,75.56744384765625,,,,,,
2014-10-17,77.54513549804688,,,,,,
2014-10-20,81.97911834716797,,,,,,
2014-10-21,84.04710388183594,,,,,,
2014-10-22,81.4372787475586,,,,,,
2014-10-23,82.7105712890625,,,,,,
2014-10-24,84.88694763183594,,,,,,
2014-10-27,81.42825317382812,,,,,,
2014-10-28,84.82373809814453,,,,,,
2014-10-29,83.62266540527344,,,,,,
2014-10-30,87.70446014404297,,,,,,
2014-10-31,91.98493957519533,,,,,,
2014-11-03,91.25345611572266,,,,,,
2014-11-04,92.5538558959961,,,,,,
2014-11-05,90.39556121826172,,,,,,
2014-11-06,89.89888000488281,,,,,,
2014-11-07,91.05479431152344,,,,,,
2014-11-10,89.4292984008789,,,,,,
2014-11-11,89.83566284179688,,,,,,
2014-11-12,89.81763458251953,,,,,,
2014-11-13,88.01151275634766,,,,,,
2014-11-14,89.71825408935547,,,,,,
2014-11-17,89.39317321777344,,,,,,
2014-11-18,91.28958129882812,,,,,,
2014-11-19,87.43354797363281,,,,,,
2014-11-20,88.28243255615234,,,,,,
2014-11-21,92.7254409790039,,,,,,
2014-11-24,90.30525970458984,,,,,,
2014-11-25,88.21017456054688,,,,,,
2014-11-26,90.69357299804688,,,,,,
2014-11-28,88.81523895263672,,,,,,
2014-12-01,86.78336334228516,,,,,,
2014-12-02,89.09517669677734,,,,,,
2014-12-03,90.58519744873048,,,,,,
2014-12-04,90.2781753540039,,,,,,
2014-12-05,87.97537994384766,,,,,,
2014-12-08,84.12838745117188,,,,,,
2014-12-09,79.26092529296875,,,,,,
2014-12-10,77.9153823852539,,,,,,
2014-12-11,75.71192169189453,,,,,,
2014-12-12,71.47660827636719,,,,,,
2014-12-15,65.92285919189453,,,,,,
2014-12-16,63.692291259765625,,,,,,
2014-12-17,68.8126220703125,,,,,,
2014-12-18,72.8311996459961,,,,,,
2014-12-19,71.72946166992188,,,,,,
2014-12-22,74.91724395751953,,,,,,
2014-12-23,70.8896255493164,,,,,,
2014-12-24,69.34540557861328,,,,,,
2014-12-26,68.343017578125,,,,,,
2014-12-29,71.16056060791016,,,,,,
2014-12-30,72.8402099609375,,,,,,
2014-12-31,72.66864776611328,,,,,,
2015-01-02,76.01897430419922,,,,,,
2015-01-05,72.28031158447266,,,,,,
2015-01-06,66.02217864990234,,,,,,
2015-01-07,71.08830261230469,,,,,,
2015-01-08,76.0821762084961,,,,,,
2015-01-09,77.20195770263672,,,,,,
2015-01-12,78.53848266601562,,,,,,
2015-01-13,76.94007873535156,,,,,,
2015-01-14,76.62401580810547,,,,,,
2015-01-15,83.16211700439453,,,,,,
2015-01-16,87.76768493652344,,,,,,
2015-01-20,89.14936065673828,,,,,,
2015-01-21,94.03487396240234,,,,,,
2015-01-22,98.784912109375,,,,,,
2015-01-23,94.29676055908205,,,,,,
2015-01-26,96.33763885498048,,,,,,
2015-01-27,95.38043212890624,,,,,,
2015-01-28,94.33287811279295,,,,,,
2015-01-29,96.69886779785156,,,,,,
2015-01-30,87.95733642578125,,,,,,
2015-02-02,92.45452880859376,,,,,,
2015-02-03,94.03487396240234,,,,,,
2015-02-04,90.07949829101562,,,,,,
2015-02-05,90.5400619506836,,,,,,
2015-02-06,86.7652816772461,,,,,,
2015-02-09,83.93873596191406,,,,,,
2015-02-10,85.78097534179688,,,,,,
2015-02-11,86.58467102050781,,,,,,
2015-02-12,90.9916000366211,,,,,,
2015-02-13,92.8608856201172,,,,,,
2015-02-17,92.20167541503906,,,,,,
2015-02-18,94.15226745605467,,,,,,
2015-02-19,94.8205337524414,,,,,,
2015-02-20,93.34855651855467,,,,,,
2015-02-23,87.97537994384766,,,,,,
2015-02-24,89.95307159423828,,,,,,
2015-02-25,91.0457763671875,,,,,,
2015-02-26,89.37512969970703,,,,,,
2015-02-27,94.72117614746094,,,,,,
2015-03-02,96.21121978759766,,,,,,
2015-03-03,97.39421081542967,,,,,,
2015-03-04,94.61282348632812,,,,,,
2015-03-05,95.1094970703125,,,,,,
2015-03-06,89.49251556396484,,,,,,
2015-03-09,87.5689926147461,,,,,,
2015-03-10,84.90499114990234,,,,,,
2015-03-11,87.11747741699219,,,,,,
2015-03-12,93.14987182617188,,,,,,
2015-03-13,85.70873260498047,,,,,,
2015-03-16,87.93023681640625,,,,,,
2015-03-17,90.6484375,,,,,,
2015-03-18,95.32623291015624,,,,,,
2015-03-19,87.17166137695312,,,,,,
2015-03-20,87.77669525146484,,,,,,
2015-03-23,86.59371185302734,,,,,,
2015-03-24,87.45159912109375,,,,,,
2015-03-25,82.94538879394531,,,,,,
2015-03-26,80.33556365966797,,,,,,
2015-03-27,79.46864318847656,,,,,,
2015-03-30,85.3113784790039,,,,,,
2015-03-31,85.7719497680664,,,,,,
2015-04-01,89.57379150390625,,,,,,
2015-04-02,90.84710693359376,,,,,,
2015-04-06,92.28295135498048,,,,,,
2015-04-07,91.6688461303711,,,,,,
2015-04-08,94.72117614746094,,,,,,
2015-04-09,96.26541900634766,,,,,,
2015-04-10,97.8909149169922,,,,,,
2015-04-13,96.373779296875,,,,,,
2015-04-14,97.80060577392578,,,,,,
2015-04-15,95.79582977294922,,,,,,
2015-04-16,93.21308135986328,,,,,,
2015-04-17,88.29143524169922,,,,,,
2015-04-20,81.95201110839844,,,,,,
2015-04-21,80.16397857666016,,,,,,
2015-04-22,82.07845306396484,,,,,,
2015-04-23,79.05323791503906,,,,,,
2015-04-24,73.35497283935547,,,,,,
2015-04-27,71.72946166992188,,,,,,
2015-04-28,74.0322494506836,,,,,,
2015-04-29,70.67288208007812,,,,,,
2015-04-30,68.63200378417969,,,,,,
2015-05-01,71.06121063232422,,,,,,
2015-05-04,75.40489959716797,,,,,,
2015-05-05,76.45244598388672,,,,,,
2015-05-06,68.92097473144531,,,,,,
2015-05-07,69.00225830078125,,,,,,
2015-05-08,73.21949768066406,,,,,,
2015-05-11,72.01844024658203,,,,,,
2015-05-12,67.12388610839844,,,,,,
2015-05-13,69.21898651123047,,,,,,
2015-05-14,72.34354400634766,,,,,,
2015-05-15,72.59638214111328,,,,,,
2015-05-18,73.29175567626953,,,,,,
2015-05-19,73.45429992675781,,,,,,
2015-05-20,76.57886505126953,,,,,,
2015-05-21,76.00090789794922,,,,,,
2015-05-22,76.47048950195312,,,,,,
2015-05-26,72.06360626220703,,,,,,
2015-05-27,73.14727783203125,,,,,,
2015-05-28,71.23278045654297,,,,,,
2015-05-29,74.44766235351562,,,,,,
2015-06-01,73.65296936035156,,,,,,
2015-06-02,70.07688903808594,,,,,,
2015-06-03,66.60916137695312,,,,,,
2015-06-04,65.8144760131836,,,,,,
2015-06-05,66.2840576171875,,,,,,
2015-06-08,63.61103057861328,,,,,,
2015-06-09,61.84103775024414,,,,,,
2015-06-10,67.0426254272461,,,,,,
2015-06-11,61.22695541381836,,,,,,
2015-06-12,61.40758895874024,,,,,,
2015-06-15,62.70798110961914,,,,,,
2015-06-16,63.43041610717773,,,,,,
2015-06-17,66.46466827392578,,,,,,
2015-06-18,70.58258819580078,,,,,,
2015-06-19,71.19667053222656,,,,,,
2015-06-22,73.54460906982422,,,,,,
2015-06-23,74.5198974609375,,,,,,
2015-06-24,72.38868713378906,,,,,,
2015-06-25,73.21949768066406,,,,,,
2015-06-26,73.97807312011719,,,,,,
2015-06-29,68.8126220703125,,,,,,
2015-06-30,71.702392578125,,,,,,
2015-07-01,74.12257385253906,,,,,,
2015-07-02,75.38682556152344,,,,,,
2015-07-06,76.54273986816406,,,,,,
2015-07-07,75.67581939697266,,,,,,
2015-07-08,70.61870574951172,,,,,,
2015-07-09,70.47422790527344,,,,,,
2015-07-10,72.56930541992188,,,,,,
2015-07-13,74.12257385253906,,,,,,
2015-07-14,75.63969421386719,,,,,,
2015-07-15,75.20621490478516,,,,,,
2015-07-16,79.17965698242188,,,,,,
2015-07-17,79.28802490234375,,,,,,
2015-07-20,77.3374252319336,,,,,,
2015-07-21,75.8925552368164,,,,,,
2015-07-22,78.05986022949219,,,,,,
2015-07-23,75.8564224243164,,,,,,
2015-07-24,73.07502746582031,,,,,,
2015-07-27,68.74036407470703,,,,,,
2015-07-28,70.004638671875,,,,,,
2015-07-29,71.44953918457031,,,,,,
2015-07-30,71.99136352539062,,,,,,
2015-07-31,74.41152954101562,,,,,,
2015-08-03,72.9666519165039,,,,,,
2015-08-04,74.30315399169922,,,,,,
2015-08-05,76.03702545166016,,,,,,
2015-08-06,74.80887603759766,,,,,,
2015-08-07,74.95338439941406,,,,,,
2015-08-10,74.77276611328125,,,,,,
2015-08-11,70.22138214111328,,,,,,
2015-08-12,65.56163024902344,,,,,,
2015-08-13,65.59774017333984,,,,,,
2015-08-14,68.74036407470703,,,,,,
2015-08-17,66.753662109375,,,,,,
2015-08-18,65.66999816894531,,,,,,
2015-08-19,66.93425750732422,,,,,,
2015-08-20,61.29919052124024,,,,,,
2015-08-21,55.73640823364258,,,,,,
2015-08-24,43.96060180664063,,,,,,
2015-08-25,46.70589065551758,,,,,,
2015-08-26,50.570945739746094,,,,,,
2015-08-27,54.14702606201172,,,,,,
2015-08-28,52.77439880371094,,,,,,
2015-08-31,51.54623031616211,,,,,,
2015-09-01,46.633636474609375,,,,,,
2015-09-02,48.98157501220703,,,,,,
2015-09-03,49.74014663696289,,,,,,
2015-09-04,45.26100540161133,,,,,,
2015-09-08,46.74200820922852,,,,,,
2015-09-09,45.44160461425781,,,,,,
2015-09-10,46.814247131347656,,,,,,
2015-09-11,48.223026275634766,,,,,,
2015-09-14,48.5842399597168,,,,,,
2015-09-15,49.95686721801758,,,,,,
2015-09-16,51.690731048583984,,,,,,
2015-09-17,52.73827362060547,,,,,,
2015-09-18,50.60707092285156,,,,,,
2015-09-21,51.76298141479492,,,,,,
2015-09-22,48.25912857055664,,,,,,
2015-09-23,47.71731185913086,,,,,,
2015-09-24,48.62035751342773,,,,,,
2015-09-25,48.47584915161133,,,,,,
2015-09-28,45.40548324584961,,,,,,
2015-09-29,47.283836364746094,,,,,,
2015-09-30,52.62990951538086,,,,,,
2015-10-01,51.54623031616211,,,,,,
2015-10-02,54.0025520324707,,,,,,
2015-10-05,57.83149337768555,,,,,,
2015-10-06,55.989253997802734,,,,,,
2015-10-07,58.48169708251953,,,,,,
2015-10-08,58.22883987426758,,,,,,
2015-10-09,58.59004592895508,,,,,,
2015-10-12,56.31436538696289,,,,,,
2015-10-13,54.61662292480469,,,,,,
2015-10-14,54.724979400634766,,,,,,
2015-10-15,56.96455001831055,,,,,,
2015-10-16,58.553932189941406,,,,,,
2015-10-19,58.01210021972656,,,,,,
2015-10-20,58.048221588134766,,,,,,
2015-10-21,56.60334014892578,,,,,,
2015-10-22,59.99882125854492,,,,,,
2015-10-23,60.5045166015625,,,,,,
2015-10-26,58.301082611083984,,,,,,
2015-10-27,56.747825622558594,,,,,,
2015-10-28,54.90559005737305,,,,,,
2015-10-29,53.64131927490234,,,,,,
2015-10-30,52.66603088378906,,,,,,
2015-11-02,53.9302978515625,,,,,,
2015-11-03,54.3998908996582,,,,,,
2015-11-04,52.59378433227539,,,,,,
2015-11-05,51.00441360473633,,,,,,
2015-11-06,50.751564025878906,,,,,,
2015-11-09,47.428321838378906,,,,,,
2015-11-10,46.45302200317383,,,,,,
2015-11-11,46.30854415893555,,,,,,
2015-11-12,45.54997253417969,,,,,,
2015-11-13,45.08038711547852,,,,,,
2015-11-16,47.71731185913086,,,,,,
2015-11-17,46.88649368286133,,,,,,
2015-11-18,46.0556755065918,,,,,,
2015-11-19,46.59751892089844,,,,,,
2015-11-20,47.464447021484375,,,,,,
2015-11-23,46.09181213378906,,,,,,
2015-11-24,46.88649368286133,,,,,,
2015-11-25,46.59751892089844,,,,,,
2015-11-27,46.34466552734375,,,,,,
2015-11-30,47.283836364746094,,,,,,
2015-12-01,48.04240036010742,,,,,,
2015-12-02,45.91120147705078,,,,,,
2015-12-03,44.068965911865234,,,,,,
2015-12-04,45.802833557128906,,,,,,
2015-12-07,43.707740783691406,,,,,,
2015-12-08,42.371219635009766,,,,,,
2015-12-09,40.92633438110352,,,,,,
2015-12-10,41.973880767822266,,,,,,
2015-12-11,39.553707122802734,,,,,,
2015-12-14,41.43204879760742,,,,,,
2015-12-15,43.27428436279297,,,,,,
2015-12-16,45.69446563720703,,,,,,
2015-12-17,46.019561767578125,,,,,,
2015-12-18,45.54997253417969,,,,,,
2015-12-21,46.778133392333984,,,,,,
2015-12-22,46.85036849975586,,,,,,
2015-12-23,48.87320327758789,,,,,,
2015-12-24,48.5842399597168,,,,,,
2015-12-28,48.5842399597168,,,,,,
2015-12-29,48.80096054077149,,,,,,
2015-12-30,47.139347076416016,,,,,,
2015-12-31,48.65647888183594,,,,,,
2016-01-04,45.22487258911133,,,,,,
2016-01-05,46.99485778808594,,,,,,
2016-01-06,45.04426956176758,,,,,,
2016-01-07,41.25144577026367,,,,,,
2016-01-08,40.56512069702149,,,,,,
2016-01-11,42.15449523925781,,,,,,
2016-01-12,41.973880767822266,,,,,,
2016-01-13,40.24002456665039,,,,,,
2016-01-14,41.25144577026367,,,,,,
2016-01-15,37.458621978759766,,,,,,
2016-01-19,37.27801132202149,,,,,,
2016-01-20,35.68864059448242,,,,,,
2016-01-21,34.96619415283203,,,,,,
2016-01-22,37.60310745239258,,,,,,
2016-01-25,36.15822982788086,,,,,,
2016-01-26,37.4224967956543,,,,,,
2016-01-27,36.48332595825195,,,,,,
2016-01-28,37.06128692626953,,,,,,
2016-01-29,40.31227493286133,,,,,,
2016-02-01,39.553707122802734,,,,,,
2016-02-02,36.08598709106445,,,,,,
2016-02-03,37.53086853027344,,,,,,
2016-02-04,37.38638305664063,,,,,,
2016-02-05,37.16963958740234,,,,,,
2016-02-08,35.94150161743164,,,,,,
2016-02-09,34.604976654052734,,,,,,
2016-02-10,33.23233413696289,,,,,,
2016-02-11,30.16196060180664,,,,,,
2016-02-12,31.101131439208984,,,,,,
2016-02-16,31.35399055480957,,,,,,
2016-02-17,33.08784866333008,,,,,,
2016-02-18,32.22091293334961,,,,,,
2016-02-19,32.29316329956055,,,,,,
2016-02-22,34.279884338378906,,,,,,
2016-02-23,31.751331329345703,,,,,,
2016-02-24,31.715208053588867,,,,,,
2016-02-25,31.39010238647461,,,,,,
2016-02-26,30.4509334564209,,,,,,
2016-02-29,31.13724899291992,,,,,,
2016-03-01,35.3635368347168,,,,,,
2016-03-02,37.49474334716797,,,,,,
2016-03-03,38.506160736083984,,,,,,
2016-03-04,40.49288558959961,,,,,,
2016-03-07,39.73432159423828,,,,,,
2016-03-08,37.60310745239258,,,,,,
2016-03-09,39.30085372924805,,,,,,
2016-03-10,38.2533073425293,,,,,,
2016-03-11,39.8787956237793,,,,,,
2016-03-14,39.33697509765625,,,,,,
2016-03-15,37.4224967956543,,,,,,
2016-03-16,40.167781829833984,,,,,,
2016-03-17,40.45676040649414,,,,,,
2016-03-18,41.43204879760742,,,,,,
2016-03-21,42.949180603027344,,,,,,
2016-03-22,42.26286315917969,,,,,,
2016-03-23,41.54042816162109,,,,,,
2016-03-24,41.504302978515625,,,,,,
2016-03-28,41.09791564941406,,,,,,
2016-03-29,42.43444442749024,,,,,,
2016-03-30,43.87932205200195,,,,,,
2016-03-31,43.87932205200195,,,,,,
2016-04-01,43.47294616699219,,,,,,
2016-04-04,42.90402603149414,,,,,,
2016-04-05,40.27614974975586,,,,,,
2016-04-06,41.72103118896485,,,,,,
2016-04-07,38.51520156860352,,,,,,
2016-04-08,39.49048614501953,,,,,,
2016-04-11,41.67586898803711,,,,,,
2016-04-12,43.1839714050293,,,,,,
2016-04-13,44.89977645874024,,,,,,
2016-04-14,44.99007415771485,,,,,,
2016-04-15,45.09844970703125,,,,,,
2016-04-18,45.84797668457031,,,,,,
2016-04-19,47.762454986572266,,,,,,
2016-04-20,46.001502990722656,,,,,,
2016-04-21,44.71917343139648,,,,,,
2016-04-22,44.5385627746582,,,,,,
2016-04-25,43.31040191650391,,,,,,
2016-04-26,45.86603927612305,,,,,,
2016-04-27,46.87746047973633,,,,,,
2016-04-28,43.54520034790039,,,,,,
2016-04-29,43.12075424194336,,,,,,
2016-05-02,43.30137634277344,,,,,,
2016-05-03,40.772830963134766,,,,,,
2016-05-04,39.95104598999024,,,,,,
2016-05-05,40.61930847167969,,,,,,
2016-05-06,41.2153205871582,,,,,,
2016-05-09,41.52235794067383,,,,,,
2016-05-10,42.705352783203125,,,,,,
2016-05-11,41.78424835205078,,,,,,
2016-05-12,42.07321548461914,,,,,,
2016-05-13,39.78849411010742,,,,,,
2016-05-16,41.35078430175781,,,,,,
2016-05-17,40.76378631591797,,,,,,
2016-05-18,40.15874099731445,,,,,,
2016-05-19,38.22622299194336,,,,,,
2016-05-20,38.27136993408203,,,,,,
2016-05-23,37.56698226928711,,,,,,
2016-05-24,38.37974166870117,,,,,,
2016-05-25,40.80895233154297,,,,,,
2016-05-26,42.64214706420898,,,,,,
2016-05-27,44.20441436767578,,,,,,
2016-05-31,43.62647247314453,,,,,,
2016-06-01,43.554229736328125,,,,,,
2016-06-02,45.01716613769531,,,,,,
2016-06-03,45.7215576171875,,,,,,
2016-06-06,45.685428619384766,,,,,,
2016-06-07,46.45302200317383,,,,,,
2016-06-08,47.40122604370117,,,,,,
2016-06-09,45.66737365722656,,,,,,
2016-06-10,43.734840393066406,,,,,,
2016-06-13,42.30801010131836,,,,,,
2016-06-14,42.425411224365234,,,,,,
2016-06-15,44.502437591552734,,,,,,
2016-06-16,43.743873596191406,,,,,,
2016-06-17,44.05993270874024,,,,,,
2016-06-20,44.69207382202149,,,,,,
2016-06-21,44.42115783691406,,,,,,
2016-06-22,43.91545104980469,,,,,,
2016-06-23,46.48915100097656,,,,,,
2016-06-24,40.09553527832031,,,,,,
2016-06-27,39.88782501220703,,,,,,
2016-06-28,42.380252838134766,,,,,,
2016-06-29,45.05329513549805,,,,,,
2016-06-30,45.53191375732422,,,,,,
2016-07-01,47.27479934692383,,,,,,
2016-07-05,45.7125244140625,,,,,,
2016-07-06,46.200172424316406,,,,,,
2016-07-07,45.90216445922852,,,,,,
2016-07-08,48.26816177368164,,,,,,
2016-07-11,49.8394775390625,,,,,,
2016-07-12,51.10374450683594,,,,,,
2016-07-13,50.661251068115234,,,,,,
2016-07-14,52.06098175048828,,,,,,
2016-07-15,50.44452667236328,,,,,,
2016-07-18,49.53244018554688,,,,,,
2016-07-19,49.32473373413086,,,,,,
2016-07-20,50.08329772949219,,,,,,
2016-07-21,49.306671142578125,,,,,,
2016-07-22,50.6431999206543,,,,,,
2016-07-25,50.932167053222656,,,,,,
2016-07-26,50.932167053222656,,,,,,
2016-07-27,52.46735382080078,,,,,,
2016-07-28,53.50586318969727,,,,,,
2016-07-29,53.80387496948242,,,,,,
2016-08-01,53.30719757080078,,,,,,
2016-08-02,52.75632858276367,,,,,,
2016-08-03,52.44026565551758,,,,,,
2016-08-04,52.36802291870117,,,,,,
2016-08-05,54.63467788696289,,,,,,
2016-08-08,54.77917098999024,,,,,,
2016-08-09,54.55341339111328,,,,,,
2016-08-10,51.99776840209961,,,,,,
2016-08-11,53.858055114746094,,,,,,
2016-08-12,54.0025520324707,,,,,,
2016-08-15,54.49922561645508,,,,,,
2016-08-16,52.783424377441406,,,,,,
2016-08-17,52.828575134277344,,,,,,
2016-08-18,53.713565826416016,,,,,,
2016-08-19,53.28009796142578,,,,,,
2016-08-22,51.15793228149414,,,,,,
2016-08-23,51.52817916870117,,,,,,
2016-08-24,53.01820755004883,,,,,,
2016-08-25,51.68169784545898,,,,,,
2016-08-26,50.61609649658203,,,,,,
2016-08-29,52.42219543457031,,,,,,
2016-08-30,53.37041091918945,,,,,,
2016-08-31,53.29817581176758,,,,,,
2016-09-01,53.65937805175781,,,,,,
2016-09-02,55.83574676513672,,,,,,
2016-09-06,57.97597503662109,,,,,,
2016-09-07,57.46123504638672,,,,,,
2016-09-08,56.684608459472656,,,,,,
2016-09-09,52.386077880859375,,,,,,
2016-09-12,54.3998908996582,,,,,,
2016-09-13,50.83283615112305,,,,,,
2016-09-14,52.18741226196289,,,,,,
2016-09-15,53.72260284423828,,,,,,
2016-09-16,52.557655334472656,,,,,,
2016-09-19,53.036277770996094,,,,,,
2016-09-20,53.1085205078125,,,,,,
2016-09-21,55.9350814819336,,,,,,
2016-09-22,56.77490997314453,,,,,,
2016-09-23,54.81529235839844,,,,,,
2016-09-26,53.50586318969727,,,,,,
2016-09-27,54.45407104492188,,,,,,
2016-09-28,56.31436538696289,,,,,,
2016-09-29,50.02008438110352,,,,,,
2016-09-30,52.84664535522461,,,,,,
2016-10-03,55.85379409790039,,,,,,
2016-10-04,55.08620071411133,,,,,,
2016-10-05,55.9170150756836,,,,,,
2016-10-06,55.49258804321289,,,,,,
2016-10-07,55.077186584472656,,,,,,
2016-10-10,55.80864715576172,,,,,,
2016-10-11,54.029632568359375,,,,,,
2016-10-12,53.65937805175781,,,,,,
2016-10-13,52.03388595581055,,,,,,
2016-10-14,52.42219543457031,,,,,,
2016-10-17,51.27532958984375,,,,,,
2016-10-18,54.01157760620117,,,,,,
2016-10-19,54.58952713012695,,,,,,
2016-10-20,54.07478713989258,,,,,,
2016-10-21,53.9302978515625,,,,,,
2016-10-24,54.20121765136719,,,,,,
2016-10-25,53.54199600219727,,,,,,
2016-10-26,52.34092330932617,,,,,,
2016-10-27,51.35660171508789,,,,,,
2016-10-28,51.717811584472656,,,,,,
2016-10-31,52.04291915893555,,,,,,
2016-11-01,52.03388595581055,,,,,,
2016-11-02,49.52340316772461,,,,,,
2016-11-03,48.80096054077149,,,,,,
2016-11-04,46.1550178527832,,,,,,
2016-11-07,49.97492980957031,,,,,,
2016-11-08,46.61557769775391,,,,,,
2016-11-09,47.33802032470703,,,,,,
2016-11-10,45.179718017578125,,,,,,
2016-11-11,40.00523376464844,,,,,,
2016-11-14,39.60787963867188,,,,,,
2016-11-15,40.45676040649414,,,,,,
2016-11-16,38.43391799926758,,,,,,
2016-11-17,38.59646987915039,,,,,,
2016-11-18,38.15397644042969,,,,,,
2016-11-21,37.09739685058594,,,,,,
2016-11-22,38.03656768798828,,,,,,
2016-11-23,37.21479797363281,,,,,,
2016-11-25,39.716251373291016,,,,,,
2016-11-28,40.2851676940918,,,,,,
2016-11-29,40.70057678222656,,,,,,
2016-11-30,41.77521133422852,,,,,,
2016-12-01,40.989559173583984,,,,,,
2016-12-02,40.05941390991211,,,,,,
2016-12-05,41.43204879760742,,,,,,
2016-12-06,42.59697723388672,,,,,,
2016-12-07,43.44586181640625,,,,,,
2016-12-08,44.84559631347656,,,,,,
2016-12-09,44.38503646850586,,,,,,
2016-12-12,43.238162994384766,,,,,,
2016-12-13,44.068965911865234,,,,,,
2016-12-14,40.89020538330078,,,,,,
2016-12-15,42.08224868774414,,,,,,
2016-12-16,41.57653427124024,,,,,,
2016-12-19,40.81798553466797,,,,,,
2016-12-20,40.27614974975586,,,,,,
2016-12-21,39.83365631103516,,,,,,
2016-12-22,38.18106842041016,,,,,,
2016-12-23,38.54228210449219,,,,,,
2016-12-27,38.87641143798828,,,,,,
2016-12-28,38.37070083618164,,,,,,
2016-12-29,40.38451766967773,,,,,,
2016-12-30,40.57415390014648,,,,,,
2017-01-03,41.04374694824219,,,,,,
2017-01-04,41.77521133422852,,,,,,
2017-01-05,43.500030517578125,,,,,,
2017-01-06,41.94680404663086,,,,,,
2017-01-09,41.76618194580078,,,,,,
2017-01-10,42.28996276855469,,,,,,
2017-01-11,44.0960693359375,,,,,,
2017-01-12,44.5204963684082,,,,,,
2017-01-13,44.43018341064453,,,,,,
2017-01-17,43.75289535522461,,,,,,
2017-01-18,43.94253540039063,,,,,,
2017-01-19,43.91545104980469,,,,,,
2017-01-20,42.831787109375,,,,,,
2017-01-23,44.38503646850586,,,,,,
2017-01-24,45.7215576171875,,,,,,
2017-01-25,47.92500305175781,,,,,,
2017-01-26,47.21159362792969,,,,,,
2017-01-27,47.247703552246094,,,,,,
2017-01-30,47.780517578125,,,,,,
2017-01-31,47.63602066040039,,,,,,
2017-02-01,49.28861618041992,,,,,,
2017-02-02,50.19166564941406,,,,,,
2017-02-03,51.18502807617188,,,,,,
2017-02-06,51.32048416137695,,,,,,
2017-02-07,50.69738006591797,,,,,,
2017-02-08,52.15128707885742,,,,,,
2017-02-09,53.1085205078125,,,,,,
2017-02-10,53.36137390136719,,,,,,
2017-02-13,53.20785903930664,,,,,,
2017-02-14,52.6750602722168,,,,,,
2017-02-15,51.20307922363281,,,,,,
2017-02-16,51.88037109375,,,,,,
2017-02-17,52.10612869262695,,,,,,
2017-02-21,54.46310424804688,,,,,,
2017-02-22,54.27345275878906,,,,,,
2017-02-23,55.48354721069336,,,,,,
2017-02-24,54.3095817565918,,,,,,
2017-02-27,54.345703125,,,,,,
2017-02-28,54.381832122802734,,,,,,
2017-03-01,56.94649505615234,,,,,,
2017-03-02,53.8851432800293,,,,,,
2017-03-03,55.1403923034668,,,,,,
2017-03-06,55.67320251464844,,,,,,
2017-03-07,55.44742584228516,,,,,,
2017-03-08,54.381832122802734,,,,,,
2017-03-09,55.05912780761719,,,,,,
2017-03-10,56.20598983764648,,,,,,
2017-03-13,60.59481430053711,,,,,,
2017-03-14,60.41423416137695,,,,,,
2017-03-15,63.81873321533203,,,,,,
2017-03-16,63.40332412719727,,,,,,
2017-03-17,62.635719299316406,,,,,,
2017-03-20,63.73745727539063,,,,,,
2017-03-21,60.67611312866211,,,,,,
2017-03-22,60.91090393066406,,,,,,
2017-03-23,61.55207061767578,,,,,,
2017-03-24,61.58818817138672,,,,,,
2017-03-27,62.21128845214844,,,,,,
2017-03-28,63.44848251342773,,,,,,
2017-03-29,65.09203338623047,,,,,,
2017-03-30,64.89334869384766,,,,,,
2017-03-31,64.68566131591797,,,,,,
2017-04-03,66.41951751708984,,,,,,
2017-04-04,65.98605346679688,,,,,,
2017-04-05,65.18234252929688,,,,,,
2017-04-06,67.54833984375,,,,,,
2017-04-07,67.25032043457031,,,,,,
2017-04-10,65.95895385742188,,,,,,
2017-04-11,66.15763092041016,,,,,,
2017-04-12,65.4081039428711,,,,,,
2017-04-13,63.99030303955078,,,,,,
2017-04-17,65.31779479980469,,,,,,
2017-04-18,62.34675979614258,,,,,,
2017-04-19,62.464141845703125,,,,,,
2017-04-20,64.03546142578125,,,,,,
2017-04-21,62.184200286865234,,,,,,
2017-04-24,65.51646423339844,,,,,,
2017-04-25,68.10820770263672,,,,,,
2017-04-26,68.74938201904297,,,,,,
2017-04-27,67.8734359741211,,,,,,
2017-04-28,67.66572570800781,,,,,,
2017-05-01,67.71092224121094,,,,,,
2017-05-02,69.12869262695312,,,,,,
2017-05-03,67.85537719726562,,,,,,
2017-05-04,67.4489974975586,,,,,,
2017-05-05,67.28643035888672,,,,,,
2017-05-08,66.29310607910156,,,,,,
2017-05-09,66.77171325683594,,,,,,
2017-05-10,69.37249755859375,,,,,,
2017-05-11,70.07688903808594,,,,,,
2017-05-12,70.30262756347656,,,,,,
2017-05-15,71.79266357421875,,,,,,
2017-05-16,72.53317260742188,,,,,,
2017-05-17,69.54408264160156,,,,,,
2017-05-18,66.91620635986328,,,,,,
2017-05-19,68.27079772949219,,,,,,
2017-05-22,67.48512268066406,,,,,,
2017-05-23,64.5863265991211,,,,,,
2017-05-24,65.03784942626953,,,,,,
2017-05-25,67.01554107666016,,,,,,
2017-05-26,68.7042465209961,,,,,,
2017-05-30,69.98657989501953,,,,,,
2017-05-31,69.99560546875,,,,,,
2017-06-01,71.80169677734375,,,,,,
2017-06-02,72.46998596191406,,,,,,
2017-06-05,72.80410766601562,,,,,,
2017-06-06,71.91910552978516,,,,,,
2017-06-07,72.14486694335938,,,,,,
2017-06-08,72.5873794555664,,,,,,
2017-06-09,70.97994995117188,,,,,,
2017-06-12,70.77223205566406,,,,,,
2017-06-13,71.47660827636719,,,,,,
2017-06-14,72.0003890991211,,,,,,
2017-06-15,69.53504180908203,,,,,,
2017-06-16,70.30262756347656,,,,,,
2017-06-19,71.37728118896484,,,,,,
2017-06-20,69.86014556884766,,,,,,
2017-06-21,70.36585998535156,,,,,,
2017-06-22,69.54408264160156,,,,,,
2017-06-23,69.33637237548828,,,,,,
2017-06-26,70.16718292236328,,,,,,
2017-06-27,66.86202239990234,,,,,,
2017-06-28,67.88248443603516,,,,,,
2017-06-29,65.85057830810547,,,,,,
2017-06-30,67.41287231445312,,,,,,
2017-07-03,69.30927276611328,,,,,,
2017-07-05,70.82640838623047,,,,,,
2017-07-06,69.59828186035156,,,,,,
2017-07-07,70.70903015136719,,,,,,
2017-07-10,73.89678955078125,,,,,,
2017-07-11,74.0322494506836,,,,,,
2017-07-12,77.22004699707031,,,,,,
2017-07-13,77.53609466552734,,,,,,
2017-07-14,79.46864318847656,,,,,,
2017-07-17,78.5926742553711,,,,,,
2017-07-18,77.17486572265625,,,,,,
2017-07-19,79.18869018554688,,,,,,
2017-07-20,78.44819641113281,,,,,,
2017-07-21,78.52041625976562,,,,,,
2017-07-24,80.29943084716797,,,,,,
2017-07-25,80.54326629638672,,,,,,
2017-07-26,82.73767852783203,,,,,,
2017-07-27,80.63356018066406,,,,,,
2017-07-28,81.59984588623047,,,,,,
2017-07-31,82.47579956054688,,,,,,
2017-08-01,84.69731903076172,,,,,,
2017-08-02,84.8598403930664,,,,,,
2017-08-03,83.72200775146484,,,,,,
2017-08-04,85.2481689453125,,,,,,
2017-08-07,84.79664611816406,,,,,,
2017-08-08,82.8279800415039,,,,,,
2017-08-09,78.75521850585938,,,,,,
2017-08-10,71.91910552978516,,,,,,
2017-08-11,73.45429992675781,,,,,,
2017-08-14,76.30795288085938,,,,,,
2017-08-15,75.51325988769531,,,,,,
2017-08-16,78.58362579345703,,,,,,
2017-08-17,76.0821762084961,,,,,,
2017-08-18,76.91297912597656,,,,,,
2017-08-21,74.65535736083984,,,,,,
2017-08-22,75.75708770751953,,,,,,
2017-08-23,77.3554916381836,,,,,,
2017-08-24,78.07792663574219,,,,,,
2017-08-25,79.07127380371094,,,,,,
2017-08-28,80.46199798583984,,,,,,
2017-08-29,77.59933471679688,,,,,,
2017-08-30,78.09598541259766,,,,,,
2017-08-31,79.46864318847656,,,,,,
2017-09-01,82.28616333007812,,,,,,
2017-09-05,79.06226348876953,,,,,,
2017-09-06,80.03755187988281,,,,,,
2017-09-07,80.57939147949219,,,,,,
2017-09-08,79.63116455078125,,,,,,
2017-09-11,80.96769714355469,,,,,,
2017-09-12,82.14166259765625,,,,,,
2017-09-13,80.44391632080078,,,,,,
2017-09-14,81.24764251708984,,,,,,
2017-09-15,81.69014739990234,,,,,,
2017-09-18,82.3132553100586,,,,,,
2017-09-19,82.83702087402344,,,,,,
2017-09-20,80.40779876708984,,,,,,
2017-09-21,78.78228759765625,,,,,,
2017-09-22,75.17008209228516,,,,,,
2017-09-25,70.24847412109375,,,,,,
2017-09-26,70.51034545898438,,,,,,
2017-09-27,67.07875061035156,,,,,,
2017-09-28,68.47846984863281,,,,,,
2017-09-29,70.32972717285156,,,,,,
2017-10-02,69.32734680175781,,,,,,
2017-10-03,71.1153793334961,,,,,,
2017-10-04,73.56267547607422,,,,,,
2017-10-05,73.46332550048828,,,,,,
2017-10-06,73.58975982666016,,,,,,
2017-10-09,74.31220245361328,,,,,,
2017-10-10,76.6511001586914,,,,,,
2017-10-11,76.0821762084961,,,,,,
2017-10-12,78.1321029663086,,,,,,
2017-10-13,81.71723937988281,,,,,,
2017-10-16,82.51192474365234,,,,,,
2017-10-17,80.92255401611328,,,,,,
2017-10-18,80.37167358398438,,,,,,
2017-10-19,79.08936309814453,,,,,,
2017-10-20,79.47765350341797,,,,,,
2017-10-23,79.86597442626953,,,,,,
2017-10-24,81.37406158447266,,,,,,
2017-10-25,81.72625732421875,,,,,,
2017-10-26,82.64736938476562,,,,,,
2017-10-27,85.09465026855469,,,,,,
2017-10-30,84.65215301513672,,,,,,
2017-10-31,85.87125396728516,,,,,,
2017-11-01,88.70684814453125,,,,,,
2017-11-02,89.05903625488281,,,,,,
2017-11-03,88.88745880126953,,,,,,
2017-11-06,90.07949829101562,,,,,,
2017-11-07,83.97484588623047,,,,,,
2017-11-08,84.67924499511719,,,,,,
2017-11-09,82.8731460571289,,,,,,
2017-11-10,81.5546875,,,,,,
2017-11-13,78.68296813964844,,,,,,
2017-11-14,77.77090454101562,,,,,,
2017-11-15,75.81127166748047,,,,,,
2017-11-16,80.45294952392578,,,,,,
2017-11-17,82.6925277709961,,,,,,
2017-11-20,82.79186248779297,,,,,,
2017-11-21,85.00434875488281,,,,,,
2017-11-22,84.54377746582031,,,,,,
2017-11-24,86.8014144897461,,,,,,
2017-11-27,85.90740203857422,,,,,,
2017-11-28,86.77433013916016,,,,,,
2017-11-29,83.9026107788086,,,,,,
2017-11-30,82.04232788085938,,,,,,
2017-12-01,78.21338653564453,,,,,,
2017-12-04,78.97195434570312,,,,,,
2017-12-05,79.45056915283203,,,,,,
2017-12-06,77.427734375,,,,,,
2017-12-07,81.40115356445312,,,,,,
2017-12-08,84.48959350585938,,,,,,
2017-12-11,85.75385284423828,,,,,,
2017-12-12,82.74671936035156,,,,,,
2017-12-13,83.92070007324219,,,,,,
2017-12-14,84.7334213256836,,,,,,
2017-12-15,86.44922637939453,,,,,,
2017-12-18,87.88507080078125,,,,,,
2017-12-19,88.48755645751953,,,,,,
2017-12-20,88.9314956665039,,,,,,
2017-12-21,89.03116607666016,,,,,,
2017-12-22,91.23270416259766,,,,,,
2017-12-26,92.21115112304688,,,,,,
2017-12-27,90.58039093017578,,,,,,
2017-12-28,89.9643325805664,,,,,,
2017-12-29,92.50108337402344,,,,,,
2018-01-02,92.98123931884766,,,,,,
2018-01-03,93.97784423828124,,,,,,
2018-01-04,95.39117431640624,,,,,,
2018-01-05,99.96636962890624,,,,,,
2018-01-08,99.65836334228516,,,,,,
2018-01-09,99.01510620117188,,,,,,
2018-01-10,97.44776153564452,,,,,,
2018-01-11,100.14759826660156,,,,,,
2018-01-12,100.98109436035156,,,,,,
2018-01-16,96.47834777832033,,,,,,
2018-01-17,102.72059631347656,,,,,,
2018-01-18,99.16911315917967,,,,,,
2018-01-19,102.92897033691406,,,,,,
2018-01-22,105.3841781616211,,,,,,
2018-01-23,108.1112060546875,,,,,,
2018-01-24,107.63101959228516,,,,,,
2018-01-25,105.329833984375,,,,,,
2018-01-26,107.49513244628906,,,,,,
2018-01-29,105.76470184326172,,,,,,
2018-01-30,100.37407684326172,,,,,,
2018-01-31,101.45220184326172,,,,,,
2018-02-01,96.06159973144533,,,,,,
2018-02-02,86.33131408691406,,,,,,
2018-02-05,80.6507797241211,,,,,,
2018-02-06,88.98585510253906,,,,,,
2018-02-07,82.5171127319336,,,,,,
2018-02-08,77.99625396728516,,,,,,
2018-02-09,84.48312377929688,,,,,,
2018-02-12,85.95081329345703,,,,,,
2018-02-13,85.9598617553711,,,,,,
2018-02-14,87.0379638671875,,,,,,
2018-02-15,88.9767837524414,,,,,,
2018-02-16,83.4955825805664,,,,,,
2018-02-20,80.70513916015625,,,,,,
2018-02-21,79.02001190185547,,,,,,
2018-02-22,78.36770629882812,,,,,,
2018-02-23,84.09353637695312,,,,,,
2018-02-26,85.7514877319336,,,,,,
2018-02-27,80.27932739257812,,,,,,
2018-02-28,77.12651062011719,,,,,,
2018-03-01,76.66447448730469,,,,,,
2018-03-02,77.61573791503906,,,,,,
2018-03-05,77.9509506225586,,,,,,
2018-03-06,74.97932434082031,,,,,,
2018-03-07,74.60787200927734,,,,,,
2018-03-08,74.78905487060547,,,,,,
2018-03-09,77.96001434326172,,,,,,
2018-03-12,79.82634735107422,,,,,,
2018-03-13,79.50018310546875,,,,,,
2018-03-14,79.21932983398438,,,,,,
2018-03-15,76.80939483642578,,,,,,
2018-03-16,74.13674926757812,,,,,,
2018-03-19,70.66682434082031,,,,,,
2018-03-20,72.40634155273438,,,,,,
2018-03-21,75.15145874023438,,,,,,
2018-03-22,69.71554565429688,,,,,,
2018-03-23,67.55024719238281,,,,,,
2018-03-26,73.83778381347656,,,,,,
2018-03-27,71.86273193359375,,,,,,
2018-03-28,71.5547103881836,,,,,,
2018-03-29,74.20015716552734,,,,,,
2018-04-02,72.6237564086914,,,,,,
2018-04-03,76.04839324951172,,,,,,
2018-04-04,75.7403564453125,,,,,,
2018-04-05,77.4798355102539,,,,,,
2018-04-06,75.0880355834961,,,,,,
2018-04-09,76.88189697265625,,,,,,
2018-04-10,78.6938705444336,,,,,,
2018-04-11,78.45830535888672,,,,,,
2018-04-12,79.3008804321289,,,,,,
2018-04-13,77.96001434326172,,,,,,
2018-04-16,78.95661926269531,,,,,,
2018-04-17,79.36429595947266,,,,,,
2018-04-18,79.273681640625,,,,,,
2018-04-19,76.69163513183594,,,,,,
2018-04-20,76.14805603027344,,,,,,
2018-04-23,75.76752471923828,,,,,,
2018-04-24,75.42325592041016,,,,,,
2018-04-25,74.42668914794922,,,,,,
2018-04-26,76.89095306396484,,,,,,
2018-04-27,79.2646255493164,,,,,,
2018-04-30,78.97471618652344,,,,,,
2018-05-01,78.30429077148438,,,,,,
2018-05-02,76.09368896484375,,,,,,
2018-05-03,75.38701629638672,,,,,,
2018-05-04,74.52632904052734,,,,,,
2018-05-07,74.20015716552734,,,,,,
2018-05-08,73.85589599609375,,,,,,
2018-05-09,74.09144592285156,,,,,,
2018-05-10,74.89778137207031,,,,,,
2018-05-11,73.95555114746094,,,,,,
2018-05-14,72.24325561523438,,,,,,
2018-05-15,68.96358489990234,,,,,,
2018-05-16,71.3463134765625,,,,,,
2018-05-17,68.9726333618164,,,,,,
2018-05-18,66.08255767822266,,,,,,
2018-05-21,64.75076293945312,,,,,,
2018-05-22,65.51178741455078,,,,,,
2018-05-23,64.31586456298828,,,,,,
2018-05-24,65.40306854248047,,,,,,
2018-05-25,68.646484375,,,,,,
2018-05-29,67.28750610351562,,,,,,
2018-05-30,69.85144805908203,,,,,,
2018-05-31,69.75178527832031,,,,,,
2018-06-01,70.63963317871094,,,,,,
2018-06-04,68.07572937011719,,,,,,
2018-06-05,67.80392456054688,,,,,,
2018-06-06,72.54222106933594,,,,,,
2018-06-07,69.32598114013672,,,,,,
2018-06-08,70.88426971435547,,,,,,
2018-06-11,71.19231414794922,,,,,,
2018-06-12,72.02580261230469,,,,,,
2018-06-13,71.25572204589844,,,,,,
2018-06-14,70.37690734863281,,,,,,
2018-06-15,69.91487884521484,,,,,,
2018-06-18,68.85486602783203,,,,,,
2018-06-19,68.04853057861328,,,,,,
2018-06-20,68.93641662597656,,,,,,
2018-06-21,68.18444061279297,,,,,,
2018-06-22,70.03265380859375,,,,,,
2018-06-25,67.70426940917969,,,,,,
2018-06-26,67.38717651367188,,,,,,
2018-06-27,63.56393051147461,,,,,,
2018-06-28,63.1199836730957,,,,,,
2018-06-29,66.87982940673828,,,,,,
2018-07-02,65.53895568847656,,,,,,
2018-07-03,66.26376342773438,,,,,,
2018-07-05,64.64202117919922,,,,,,
2018-07-06,67.07913970947266,,,,,,
2018-07-09,69.4346923828125,,,,,,
2018-07-10,71.01111602783203,,,,,,
2018-07-11,69.896728515625,,,,,,
2018-07-12,72.61470031738281,,,,,,
2018-07-13,71.880859375,,,,,,
2018-07-16,69.53433227539062,,,,,,
2018-07-17,73.11299896240234,,,,,,
2018-07-18,71.48223876953125,,,,,,
2018-07-19,69.30785369873047,,,,,,
2018-07-20,71.31914520263672,,,,,,
2018-07-23,71.6362533569336,,,,,,
2018-07-24,74.27265167236328,,,,,,
2018-07-25,75.77658081054688,,,,,,
2018-07-26,75.8762435913086,,,,,,
2018-07-27,78.1412124633789,,,,,,
2018-07-30,79.14683532714844,,,,,,
2018-07-31,81.23968505859375,,,,,,
2018-08-01,81.3302993774414,,,,,,
2018-08-02,78.97471618652344,,,,,,
2018-08-03,82.02789306640625,,,,,,
2018-08-06,80.69609832763672,,,,,,
2018-08-07,80.69609832763672,,,,,,
2018-08-08,82.77079772949219,,,,,,
2018-08-09,81.79232025146484,,,,,,
2018-08-10,78.76634216308594,,,,,,
2018-08-13,74.66223907470703,,,,,,
2018-08-14,77.83319091796875,,,,,,
2018-08-15,73.31232452392578,,,,,,
2018-08-16,75.46855163574219,,,,,,
2018-08-17,78.86602020263672,,,,,,
2018-08-20,79.83540344238281,,,,,,
2018-08-21,81.06753540039062,,,,,,
2018-08-22,81.6292495727539,,,,,,
2018-08-23,78.54891204833984,,,,,,
2018-08-24,82.26344299316406,,,,,,
2018-08-27,83.75831604003906,,,,,,
2018-08-28,82.7526626586914,,,,,,
2018-08-29,81.92822265625,,,,,,
2018-08-30,79.11063385009766,,,,,,
2018-08-31,80.55113983154297,,,,,,
2018-09-04,73.5387954711914,,,,,,
2018-09-05,73.67469787597656,,,,,,
2018-09-06,74.20015716552734,,,,,,
2018-09-07,73.19453430175781,,,,,,
2018-09-10,69.3169174194336,,,,,,
2018-09-11,68.03947448730469,,,,,,
2018-09-12,71.40067291259766,,,,,,
2018-09-13,73.4210205078125,,,,,,
2018-09-14,72.73248291015625,,,,,,
2018-09-17,68.41092681884766,,,,,,
2018-09-18,66.95230865478516,,,,,,
2018-09-19,69.17195129394531,,,,,,
2018-09-20,71.42786407470703,,,,,,
2018-09-21,66.09160614013672,,,,,,
2018-09-24,60.95466613769531,,,,,,
2018-09-25,63.06562042236328,,,,,,
2018-09-26,63.61827850341797,,,,,,
2018-09-27,61.770057678222656,,,,,,
2018-09-28,59.73159408569336,,,,,,
2018-10-01,59.41449737548828,,,,,,
2018-10-02,58.55381393432617,,,,,,
2018-10-03,54.17790985107422,,,,,,
2018-10-04,49.16780853271485,,,,,,
2018-10-05,45.12710952758789,,,,,,
2018-10-08,47.19276428222656,,,,,,
2018-10-09,45.33549118041992,,,,,,
2018-10-10,44.728477478027344,,,,,,
2018-10-11,45.37173080444336,,,,,,
2018-10-12,49.2584114074707,,,,,,
2018-10-15,48.959434509277344,,,,,,
2018-10-16,52.791751861572266,,,,,,
2018-10-17,48.25277328491211,,,,,,
2018-10-18,44.873443603515625,,,,,,
2018-10-19,45.45328140258789,,,,,,
2018-10-22,43.69566345214844,,,,,,
2018-10-23,44.34796142578125,,,,,,
2018-10-24,42.55411529541016,,,,,,
2018-10-25,43.64128875732422,,,,,,
2018-10-26,42.844032287597656,,,,,,
2018-10-29,43.858734130859375,,,,,,
2018-10-30,45.20866012573242,,,,,,
2018-10-31,46.35926055908203,,,,,,
2018-11-01,50.52679061889648,,,,,,
2018-11-02,51.43276596069336,,,,,,
2018-11-05,52.95482635498047,,,,,,
2018-11-06,51.74080657958984,,,,,,
2018-11-07,55.55500793457031,,,,,,
2018-11-08,51.98542404174805,,,,,,
2018-11-09,51.48713684082031,,,,,,
2018-11-12,49.13157653808594,,,,,,
2018-11-13,53.28097915649414,,,,,,
2018-11-14,53.59807586669922,,,,,,
2018-11-15,55.47346878051758,,,,,,
2018-11-16,56.43380737304688,,,,,,
2018-11-19,56.769020080566406,,,,,,
2018-11-20,53.80645751953125,,,,,,
2018-11-21,55.82679748535156,,,,,,
2018-11-23,55.33756637573242,,,,,,
2018-11-26,55.94457626342773,,,,,,
2018-11-27,57.27638626098633,,,,,,
2018-11-28,60.61041259765625,,,,,,
2018-11-29,62.703224182128906,,,,,,
2018-11-30,61.8334846496582,,,,,,
2018-12-03,61.1358642578125,,,,,,
2018-12-04,58.71689987182617,,,,,,
2018-12-06,56.70560073852539,,,,,,
2018-12-07,52.719276428222656,,,,,,
2018-12-10,46.22336196899414,,,,,,
2018-12-11,50.27311325073242,,,,,,
2018-12-12,55.210723876953125,,,,,,
2018-12-13,55.7362060546875,,,,,,
2018-12-14,54.875518798828125,,,,,,
2018-12-17,55.89928436279297,,,,,,
2018-12-18,61.090579986572266,,,,,,
2018-12-19,58.61723327636719,,,,,,
2018-12-20,61.97844314575195,,,,,,
2018-12-21,57.25825881958008,,,,,,
2018-12-24,55.8720932006836,,,,,,
2018-12-26,58.39072799682617,,,,,,
2018-12-27,59.48087692260742,,,,,,
2018-12-28,61.53226089477539,,,,,,
2018-12-31,60.77886962890625,,,,,,
2019-01-02,59.36286163330078,,,,,,
2019-01-03,55.38719940185547,,,,,,
2019-01-04,60.379486083984375,,,,,,
2019-01-07,57.98318862915039,,,,,,
2019-01-08,58.54595184326172,,,,,,
2019-01-09,58.73656463623047,,,,,,
2019-01-10,58.79103088378906,,,,,,
2019-01-11,57.7471923828125,,,,,,
2019-01-14,55.378116607666016,,,,,,
2019-01-15,56.55811309814453,,,,,,
2019-01-16,58.210105895996094,,,,,,
2019-01-17,58.9453353881836,,,,,,
2019-01-18,57.71088790893555,,,,,,
2019-01-22,56.37657928466797,,,,,,
2019-01-23,56.44917678833008,,,,,,
2019-01-24,58.019493103027344,,,,,,
2019-01-25,57.02103042602539,,,,,,
2019-01-28,53.925819396972656,,,,,,
2019-01-29,53.38119888305664,,,,,,
2019-01-30,55.033199310302734,,,,,,
2019-01-31,57.34780883789063,,,,,,
2019-02-01,55.74118423461914,,,,,,
2019-02-04,55.91365051269531,,,,,,
2019-02-05,57.34780883789063,,,,,,
2019-02-06,57.91057205200195,,,,,,
2019-02-07,59.40825653076172,,,,,,
2019-02-08,56.58534240722656,,,,,,
2019-02-11,55.4870491027832,,,,,,
2019-02-12,56.82134628295898,,,,,,
2019-02-13,54.09828186035156,,,,,,
2019-02-14,54.63381576538086,,,,,,
2019-02-15,52.67321014404297,,,,,,
2019-02-19,51.357059478759766,,,,,,
2019-02-20,53.29043197631836,,,,,,
2019-02-21,53.64442825317383,,,,,,
2019-02-22,54.851661682128906,,,,,,
2019-02-25,56.97565460205078,,,,,,
2019-02-26,56.18596649169922,,,,,,
2019-02-27,54.90612030029297,,,,,,
2019-02-28,55.88642883300781,,,,,,
2019-03-01,55.63226318359375,,,,,,
2019-03-04,54.878883361816406,,,,,,
2019-03-05,59.93470764160156,,,,,,
2019-03-06,61.53226089477539,,,,,,
2019-03-07,59.69871139526367,,,,,,
2019-03-08,59.680572509765625,,,,,,
2019-03-11,64.72730255126953,,,,,,
2019-03-12,66.2522201538086,,,,,,
2019-03-13,65.71669006347656,,,,,,
2019-03-14,66.3702392578125,,,,,,
2019-03-15,69.01161193847656,,,,,,
2019-03-18,71.05389404296875,,,,,,
2019-03-19,70.65596008300781,,,,,,
2019-03-20,72.04602813720703,,,,,,
2019-03-21,71.37369537353516,,,,,,
2019-03-22,66.20421600341797,,,,,,
2019-03-25,65.72267150878906,,,,,,
2019-03-26,67.676025390625,,,,,,
2019-03-27,65.91349029541016,,,,,,
2019-03-28,68.54820251464844,,,,,,
2019-03-29,69.35678100585938,,,,,,
2019-04-01,71.52814483642578,,,,,,
2019-04-02,72.51844787597656,,,,,,
2019-04-03,73.19984436035156,,,,,,
2019-04-04,70.93760681152344,,,,,,
2019-04-05,72.00970458984375,,,,,,
2019-04-08,69.5566635131836,,,,,,
2019-04-09,70.80133056640625,,,,,,
2019-04-10,70.46517944335938,,,,,,
2019-04-11,70.07452392578125,,,,,,
2019-04-12,70.13812255859375,,,,,,
2019-04-15,70.57420349121094,,,,,,
2019-04-16,71.75527954101562,,,,,,
2019-04-17,72.66381072998047,,,,,,
2019-04-18,72.2367935180664,,,,,,
2019-04-22,67.54882049560547,,,,,,
2019-04-23,67.44888305664062,,,,,,
2019-04-24,68.03942108154297,,,,,,
2019-04-25,67.6124267578125,,,,,,
2019-04-26,70.17444610595703,,,,,,
2019-04-29,70.4742660522461,,,,,,
2019-04-30,70.25623321533203,,,,,,
2019-05-01,69.72016906738281,,,,,,
2019-05-02,68.4209976196289,,,,,,
2019-05-03,70.28347778320312,,,,,,
2019-05-06,67.62151336669922,,,,,,
2019-05-07,62.451995849609375,,,,,,
2019-05-08,60.87116622924805,,,,,,
2019-05-09,58.80881881713867,,,,,,
2019-05-10,59.05411911010742,,,,,,
2019-05-13,54.46606063842773,,,,,,
2019-05-14,57.97298049926758,,,,,,
2019-05-15,56.72829055786133,,,,,,
2019-05-16,58.67253875732422,,,,,,
2019-05-17,59.499290466308594,,,,,,
2019-05-20,67.02185821533203,,,,,,
2019-05-21,66.84017944335938,,,,,,
2019-05-22,66.09519958496094,,,,,,
2019-05-23,65.72267150878906,,,,,,
2019-05-24,68.53909301757812,,,,,,
2019-05-28,69.31135559082031,,,,,,
2019-05-29,67.94856262207031,,,,,,
2019-05-30,69.78378295898438,,,,,,
2019-05-31,71.28286743164062,,,,,,
2019-06-03,73.71770477294922,,,,,,
2019-06-04,73.19984436035156,,,,,,
2019-06-05,71.4736557006836,,,,,,
2019-06-06,69.80195617675781,,,,,,
2019-06-07,70.13812255859375,,,,,,
2019-06-10,70.18354034423828,,,,,,
2019-06-11,70.8285903930664,,,,,,
2019-06-12,69.76560974121094,,,,,,
2019-06-13,69.03878784179688,,,,,,
2019-06-14,66.43133544921875,,,,,,
2019-06-17,65.18666076660156,,,,,,
2019-06-18,67.12181091308594,,,,,,
2019-06-19,65.931640625,,,,,,
2019-06-20,67.98492431640625,,,,,,
2019-06-21,66.4494857788086,,,,,,
2019-06-24,66.04973602294922,,,,,,
2019-06-25,66.83854675292969,,,,,,
2019-06-26,68.90188598632812,,,,,,
2019-06-27,69.78746032714844,,,,,,
2019-06-28,68.71015167236328,,,,,,
2019-07-01,70.46305084228516,,,,,,
2019-07-02,71.9055404663086,,,,,,
2019-07-03,71.4308090209961,,,,,,
2019-07-05,68.94752502441406,,,,,,
2019-07-08,65.90733337402344,,,,,,
2019-07-09,66.03514099121094,,,,,,
2019-07-10,65.23172760009766,,,,,,
2019-07-11,65.18608856201172,,,,,,
2019-07-12,65.26824951171875,,,,,,
2019-07-15,66.08993530273438,,,,,,
2019-07-16,66.86595153808594,,,,,,
2019-07-17,66.45511627197266,,,,,,
2019-07-18,66.13558197021484,,,,,,
2019-07-19,62.00896453857422,,,,,,
2019-07-22,61.97243881225586,,,,,,
2019-07-23,60.520809173583984,,,,,,
2019-07-24,60.03693771362305,,,,,,
2019-07-25,59.06005096435547,,,,,,
2019-07-26,60.41126251220703,,,,,,
2019-07-29,58.99614715576172,,,,,,
2019-07-30,56.00160217285156,,,,,,
2019-07-31,55.627288818359375,,,,,,
2019-08-01,53.08922576904297,,,,,,
2019-08-02,52.71491241455078,,,,,,
2019-08-05,47.67531967163086,,,,,,
2019-08-06,49.848182678222656,,,,,,
2019-08-07,49.108680725097656,,,,,,
2019-08-08,53.14400863647461,,,,,,
2019-08-09,51.765419006347656,,,,,,
2019-08-12,51.05330657958984,,,,,,
2019-08-13,50.13120269775391,,,,,,
2019-08-14,48.204837799072266,,,,,,
2019-08-15,48.61567687988281,,,,,,
2019-08-16,50.74289321899414,,,,,,
2019-08-19,49.848182678222656,,,,,,
2019-08-20,49.483001708984375,,,,,,
2019-08-21,48.91694641113281,,,,,,
2019-08-22,45.50244140625,,,,,,
2019-08-23,48.204837799072266,,,,,,
2019-08-26,50.350318908691406,,,,,,
2019-08-27,51.30893707275391,,,,,,
2019-08-28,49.8573112487793,,,,,,
2019-08-29,49.5560302734375,,,,,,
2019-08-30,50.43249130249024,,,,,,
2019-09-03,46.74409484863281,,,,,,
2019-09-04,47.68444061279297,,,,,,
2019-09-05,48.07701110839844,,,,,,
2019-09-06,49.519508361816406,,,,,,
2019-09-09,49.91209411621094,,,,,,
2019-09-10,49.69297790527344,,,,,,
2019-09-11,51.23589324951172,,,,,,
2019-09-12,51.071571350097656,,,,,,
2019-09-13,52.65099334716797,,,,,,
2019-09-16,49.09954452514648,,,,,,
2019-09-17,49.1178092956543,,,,,,
2019-09-18,48.85304641723633,,,,,,
2019-09-19,46.65279006958008,,,,,,
2019-09-20,54.139137268066406,,,,,,
2019-09-23,58.1470832824707,,,,,,
2019-09-24,56.33500671386719,,,,,,
2019-09-25,54.89192962646485,,,,,,
2019-09-26,56.02447509765625,,,,,,
2019-09-27,55.46733093261719,,,,,,
2019-09-30,56.03360748291016,,,,,,
2019-10-01,52.20670318603516,,,,,,
2019-10-02,51.466888427734375,,,,,,
2019-10-03,53.00130844116211,,,,,,
2019-10-04,51.9052963256836,,,,,,
2019-10-07,50.297813415527344,,,,,,
2019-10-08,49.119606018066406,,,,,,
2019-10-09,51.1015510559082,,,,,,
2019-10-10,51.85963439941406,,,,,,
2019-10-11,52.57204055786133,,,,,,
2019-10-14,51.92355346679688,,,,,,
2019-10-15,53.22051239013672,,,,,,
2019-10-16,54.015113830566406,,,,,,
2019-10-17,55.86007690429688,,,,,,
2019-10-18,57.81462097167969,,,,,,
2019-10-21,57.67762756347656,,,,,,
2019-10-22,56.67295455932617,,,,,,
2019-10-23,57.5862922668457,,,,,,
2019-10-24,56.68207550048828,,,,,,
2019-10-25,57.96076965332031,,,,,,
2019-10-28,58.25303649902344,,,,,,
2019-10-29,60.23499298095703,,,,,,
2019-10-30,61.92467880249024,,,,,,
2019-10-31,61.10266876220703,,,,,,
2019-11-01,63.07546615600586,,,,,,
2019-11-04,62.454402923583984,,,,,,
2019-11-05,62.33567810058594,,,,,,
2019-11-06,62.72842788696289,,,,,,
2019-11-07,62.62794876098633,,,,,,
2019-11-08,59.60478210449219,,,,,,
2019-11-11,59.23943710327149,,,,,,
2019-11-12,58.07949447631836,,,,,,
2019-11-13,56.70034790039063,,,,,,
2019-11-14,57.15702438354492,,,,,,
2019-11-15,58.16169738769531,,,,,,
2019-11-18,57.52235794067383,,,,,,
2019-11-19,58.45397186279297,,,,,,
2019-11-20,59.54997634887695,,,,,,
2019-11-21,58.86497497558594,,,,,,
2019-11-22,58.28043746948242,,,,,,
2019-11-25,61.77852249145508,,,,,,
2019-11-26,61.2031364440918,,,,,,
2019-11-27,62.54573822021485,,,,,,
2019-11-29,59.54997634887695,,,,,,
2019-12-02,60.64598846435547,,,,,,
2019-12-03,58.910640716552734,,,,,,
2019-12-04,61.05699157714844,,,,,,
2019-12-05,61.06614303588867,,,,,,
2019-12-06,59.19376754760742,,,,,,
2019-12-09,60.07058334350586,,,,,,
2019-12-10,59.26684188842773,,,,,,
2019-12-11,61.03872680664063,,,,,,
2019-12-12,62.00687026977539,,,,,,
2019-12-13,62.85628128051758,,,,,,
2019-12-16,61.95207595825195,,,,,,
2019-12-17,63.31295776367188,,,,,,
2019-12-18,63.413421630859375,,,,,,
2019-12-19,64.10755157470703,,,,,,
2019-12-20,64.4181137084961,,,,,,
2019-12-23,63.97502136230469,,,,,,
2019-12-24,63.06150436401367,,,,,,
2019-12-26,62.32152938842773,,,,,,
2019-12-27,63.5639533996582,,,,,,
2019-12-30,62.85138702392578,,,,,,
2019-12-31,62.696067810058594,,,,,,
2020-01-02,64.89769744873047,,,,,,
2020-01-03,61.773414611816406,,,,,,
2020-01-06,59.57178497314453,,,,,,
2020-01-07,59.178955078125,,,,,,
2020-01-08,61.4262580871582,,,,,,
2020-01-09,63.89281845092773,,,,,,
2020-01-10,64.82463073730469,,,,,,
2020-01-13,67.3551254272461,,,,,,
2020-01-14,67.0262451171875,,,,,,
2020-01-15,66.61515808105469,,,,,,
2020-01-16,66.53294372558594,,,,,,
2020-01-17,67.73881530761719,,,,,,
2020-01-21,63.48173141479492,,,,,,
2020-01-22,63.8745346069336,,,,,,
2020-01-23,63.64616012573242,,,,,,
2020-01-24,64.48661041259766,,,,,,
2020-01-27,61.99264907836914,,,,,,
2020-01-28,62.915340423583984,,,,,,
2020-01-29,63.06150436401367,,,,,,
2020-01-30,60.68630599975586,,,,,,
2020-01-31,58.67652130126953,,,,,,
2020-02-03,56.36527633666992,,,,,,
2020-02-04,60.26607131958008,,,,,,
2020-02-05,61.84648895263672,,,,,,
2020-02-06,63.125450134277344,,,,,,
2020-02-07,61.2070198059082,,,,,,
2020-02-10,62.084014892578125,,,,,,
2020-02-11,63.390384674072266,,,,,,
2020-02-12,64.46833801269531,,,,,,
2020-02-13,62.78744125366211,,,,,,
2020-02-14,61.27096557617188,,,,,,
2020-02-18,60.2477912902832,,,,,,
2020-02-19,62.24845123291016,,,,,,
2020-02-20,59.982872009277344,,,,,,
2020-02-21,59.59005737304688,,,,,,
2020-02-24,54.95842361450195,,,,,,
2020-02-25,54.21845245361328,,,,,,
2020-02-26,54.37374877929688,,,,,,
2020-02-27,51.63313293457031,,,,,,
2020-02-28,47.15681076049805,,,,,,
2020-03-02,46.15191650390625,,,,,,
2020-03-03,45.86871719360352,,,,,,
2020-03-04,46.04229736328125,,,,,,
2020-03-05,40.76205062866211,,,,,,
2020-03-06,40.25046920776367,,,,,,
2020-03-09,34.184574127197266,,,,,,
2020-03-10,36.97087478637695,,,,,,
2020-03-11,32.211326599121094,,,,,,
2020-03-12,21.39504814147949,,,,,,
2020-03-13,26.949357986450195,,,,,,
2020-03-16,18.215940475463867,,,,,,
2020-03-17,19.27564239501953,,,,,,
2020-03-18,13.456403732299805,,,,,,
2020-03-19,12.150049209594728,,,,,,
2020-03-20,12.23226547241211,,,,,,
2020-03-23,8.696877479553223,,,,,,
2020-03-24,9.5830078125,,,,,,
2020-03-25,11.738957405090332,,,,,,
2020-03-26,14.735357284545898,,,,,,
2020-03-27,12.332756042480469,,,,,,
2020-03-30,11.86685276031494,,,,,,
2020-03-31,12.515463829040527,,,,,,
2020-04-01,9.966693878173828,,,,,,
2020-04-02,10.478275299072266,,,,,,
2020-04-03,9.445978164672852,,,,,,
2020-04-06,11.382678985595703,,,,,,
2020-04-07,12.396702766418455,,,,,,
2020-04-08,13.60257339477539,,,,,,
2020-04-09,14.105019569396973,,,,,,
2020-04-13,13.785282135009766,,,,,,
2020-04-14,14.9363374710083,,,,,,
2020-04-15,12.862607955932615,,,,,,
2020-04-16,13.200616836547852,,,,,,
2020-04-17,14.698820114135742,,,,,,
2020-04-20,13.995393753051758,,,,,,
2020-04-21,12.634224891662598,,,,,,
2020-04-22,14.4887056350708,,,,,,
2020-04-23,14.817578315734863,,,,,,
2020-04-24,14.342536926269531,,,,,,
2020-04-27,15.59408473968506,,,,,,
2020-04-28,15.493597984313965,,,,,,
2020-04-29,17.448570251464844,,,,,,
2020-04-30,16.553302764892578,,,,,,
2020-05-01,14.854122161865234,,,,,,
2020-05-04,15.411375045776367,,,,,,
2020-05-05,14.5709228515625,,,,,,
2020-05-06,13.931447982788086,,,,,,
2020-05-07,14.662277221679688,,,,,,
2020-05-08,15.530136108398438,,,,,,
2020-05-11,14.817578315734863,,,,,,
2020-05-12,16.63551902770996,,,,,,
2020-05-13,15.109911918640137,,,,,,
2020-05-14,15.082505226135254,,,,,,
2020-05-15,14.196372985839844,,,,,,
2020-05-18,14.65314483642578,,,,,,
2020-05-19,13.492948532104492,,,,,,
2020-05-20,14.61660099029541,,,,,,
2020-05-21,14.42475700378418,,,,,,
2020-05-22,14.26945686340332,,,,,,
2020-05-26,14.232912063598633,,,,,,
2020-05-27,14.808441162109377,,,,,,
2020-05-28,15.347430229187012,,,,,,
2020-05-29,16.44367218017578,,,,,,
2020-06-01,17.832256317138672,,,,,,
2020-06-02,19.00157928466797,,,,,,
2020-06-03,19.357860565185547,,,,,,
2020-06-04,18.53567314147949,,,,,,
2020-06-05,19.768949508666992,,,,,,
2020-06-08,19.915117263793945,,,,,,
2020-06-09,18.937631607055664,,,,,,
2020-06-10,19.357860565185547,,,,,,
2020-06-11,15.009419441223145,,,,,,
2020-06-12,17.274995803833008,,,,,,
2020-06-15,17.402889251708984,,,,,,
2020-06-16,16.489351272583008,,,,,,
2020-06-17,16.84563446044922,,,,,,
2020-06-18,17.302400588989258,,,,,,
2020-06-19,18.12458610534668,,,,,,
2020-06-22,19.458345413208008,,,,,,
2020-06-23,20.00647354125977,,,,,,
2020-06-24,18.70011329650879,,,,,,
2020-06-25,19.330455780029297,,,,,,
2020-06-26,18.873682022094727,,,,,,
2020-06-29,19.175153732299805,,,,,,
2020-06-30,18.791465759277344,,,,,,
2020-07-01,19.89684295654297,,,,,,
2020-07-02,21.404186248779297,,,,,,
2020-07-06,22.82929801940918,,,,,,
2020-07-07,22.32685852050781,,,,,,
2020-07-08,22.2446346282959,,,,,,
2020-07-09,22.14414596557617,,,,,,
2020-07-10,22.317720413208008,,,,,,
2020-07-13,22.262910842895508,,,,,,
2020-07-14,21.87922477722168,,,,,,
2020-07-15,22.16241836547852,,,,,,
2020-07-16,22.737951278686523,,,,,,
2020-07-17,23.82505798339844,,,,,,
2020-07-20,24.88476181030273,,,,,,
2020-07-21,25.32325935363769,,,,,,
2020-07-22,25.2136344909668,,,,,,
2020-07-23,24.866493225097656,,,,,,
2020-07-24,25.38720893859864,,,,,,
2020-07-27,25.999277114868164,,,,,,
2020-07-28,26.191123962402344,,,,,,
2020-07-29,26.373825073242188,,,,,,
2020-07-30,25.487695693969727,,,,,,
2020-07-31,24.81168365478516,,,,,,
2020-08-03,24.437129974365234,,,,,,
2020-08-04,25.789161682128903,,,,,,
2020-08-05,26.081493377685547,,,,,,
2020-08-06,26.8945426940918,,,,,,
2020-08-07,26.547401428222656,,,,,,
2020-08-10,27.44266700744629,,,,,,
2020-08-11,26.86713409423828,,,,,,
2020-08-12,27.71673011779785,,,,,,
2020-08-13,27.32390785217285,,,,,,
2020-08-14,27.10465812683105,,,,,,
2020-08-17,27.59796714782715,,,,,,
2020-08-18,28.38361167907715,,,,,,
2020-08-19,27.46093940734864,,,,,,
2020-08-20,27.607101440429688,,,,,,
2020-08-21,27.38785171508789,,,,,,
2020-08-24,28.602859497070312,,,,,,
2020-08-25,28.776430130004883,,,,,,
2020-08-26,29.30628967285156,,,,,,
2020-08-27,29.415910720825195,,,,,,
2020-08-28,31.096818923950195,,,,,,
2020-08-31,27.890300750732425,,,,,,
2020-09-01,29.479854583740234,,,,,,
2020-09-02,29.543800354003903,,,,,,
2020-09-03,28.44755744934082,,,,,,
2020-09-04,27.95425033569336,,,,,,
2020-09-08,26.87627220153809,,,,,,
2020-09-09,28.40188217163086,,,,,,
2020-09-10,28.67594337463379,,,,,,
2020-09-11,29.150983810424805,,,,,,
2020-09-14,29.991436004638672,,,,,,
2020-09-15,30.356853485107425,,,,,,
2020-09-16,30.93238067626953,,,,,,
2020-09-17,30.73139953613281,,,,,,
2020-09-18,30.10106468200684,,,,,,
2020-09-21,28.76729965209961,,,,,,
2020-09-22,27.83548355102539,,,,,,
2020-09-23,26.520000457763672,,,,,,
2020-09-24,25.32325935363769,,,,,,
2020-09-25,26.921953201293945,,,,,,
2020-09-28,28.15522766113281,,,,,,
2020-09-29,28.13695335388184,,,,,,
2020-09-30,28.776430130004883,,,,,,
2020-10-01,30.11932945251465,,,,,,
2020-10-02,29.342823028564453,,,,,,
2020-10-05,30.96891975402832,,,,,,
2020-10-06,31.25211524963379,,,,,,
2020-10-07,32.19306564331055,,,,,,
2020-10-08,32.25701141357422,,,,,,
2020-10-09,33.38979721069336,,,,,,
2020-10-12,32.978702545166016,,,,,,
2020-10-13,32.12910842895508,,,,,,
2020-10-14,32.896484375,,,,,,
2020-10-15,31.051143646240234,,,,,,
2020-10-16,31.24298858642578,,,,,,
2020-10-19,31.39828491210937,,,,,,
2020-10-20,31.79110717773437,,,,,,
2020-10-21,31.66321182250977,,,,,,
2020-10-22,31.14249610900879,,,,,,
2020-10-23,31.68147850036621,,,,,,
2020-10-26,29.72651481628418,,,,,,
2020-10-27,30.265501022338867,,,,,,
2020-10-28,27.917707443237305,,,,,,
2020-10-29,28.18263816833496,,,,,,
2020-10-30,28.082143783569336,,,,,,
2020-11-02,28.210039138793945,,,,,,
2020-11-03,28.65767478942871,,,,,,
2020-11-04,30.1467342376709,,,,,,
2020-11-05,30.91411018371582,,,,,,
2020-11-06,31.41655921936035,,,,,,
2020-11-09,32.914764404296875,,,,,,
2020-11-10,32.12910842895508,,,,,,
2020-11-11,32.47625732421875,,,,,,
2020-11-12,31.65407943725586,,,,,,
2020-11-13,32.686370849609375,,,,,,
2020-11-16,33.36238098144531,,,,,,
2020-11-17,33.25277328491211,,,,,,
2020-11-18,33.17054748535156,,,,,,
2020-11-19,32.90563201904297,,,,,,
2020-11-20,32.98783493041992,,,,,,
2020-11-23,33.17054748535156,,,,,,
2020-11-24,34.257659912109375,,,,,,
2020-11-25,33.5724983215332,,,,,,
2020-11-27,33.782615661621094,,,,,,
2020-11-30,32.88734436035156,,,,,,
2020-12-01,34.924537658691406,,,,,,
2020-12-02,34.7966423034668,,,,,,
2020-12-03,35.025020599365234,,,,,,
2020-12-04,35.67363739013672,,,,,,
2020-12-07,36.23089599609375,,,,,,
2020-12-08,36.41360855102539,,,,,,
2020-12-09,36.34053039550781,,,,,,
2020-12-10,36.86124038696289,,,,,,
2020-12-11,36.55063629150391,,,,,,
2020-12-14,36.587181091308594,,,,,,
2020-12-15,37.72909927368164,,,,,,
2020-12-16,37.58293151855469,,,,,,
2020-12-17,38.11278533935547,,,,,,
2020-12-18,38.249813079833984,,,,,,
2020-12-21,35.61882781982422,,,,,,
2020-12-22,36.24003601074219,,,,,,
2020-12-23,37.436771392822266,,,,,,
2020-12-24,38.21327972412109,,,,,,
2020-12-28,38.880157470703125,,,,,,
2020-12-29,39.163352966308594,,,,,,
2020-12-30,39.620113372802734,,,,,,
2020-12-31,39.85763931274414,,,,,,
2021-01-04,40.04948043823242,,,,,,
2021-01-05,41.41066360473633,,,,,,
2021-01-06,41.21881103515625,,,,,,
2021-01-07,40.953887939453125,,,,,,
2021-01-08,42.69874954223633,,,,,,
2021-01-11,42.29678726196289,,,,,,
2021-01-12,43.06415557861328,,,,,,
2021-01-13,42.66220474243164,,,,,,
2021-01-14,43.01848602294922,,,,,,
2021-01-15,41.3101692199707,,,,,,
2021-01-19,41.675575256347656,,,,,,
2021-01-20,43.30168151855469,,,,,,
2021-01-21,43.01848602294922,,,,,,
2021-01-22,41.99532318115234,,,,,,
2021-01-25,40.65241622924805,,,,,,
2021-01-26,40.588478088378906,,,,,,
2021-01-27,38.86188888549805,,,,,,
2021-01-28,40.14997863769531,,,,,,
2021-01-29,37.62860870361328,,,,,,
2021-02-01,40.5702018737793,,,,,,
2021-02-02,42.37900924682617,,,,,,
2021-02-03,43.13724136352539,,,,,,
2021-02-04,43.51179504394531,,,,,,
2021-02-05,43.6031494140625,,,,,,
2021-02-08,44.4984245300293,,,,,,
2021-02-09,44.24262237548828,,,,,,
2021-02-10,44.17866897583008,,,,,,
2021-02-11,45.22010803222656,,,,,,
2021-02-12,45.22924041748047,,,,,,
2021-02-16,45.0648078918457,,,,,,
2021-02-17,45.28404998779297,,,,,,
2021-02-18,45.000858306884766,,,,,,
2021-02-19,44.525821685791016,,,,,,
2021-02-22,42.9271354675293,,,,,,
2021-02-23,43.80412292480469,,,,,,
2021-02-24,44.58062744140625,,,,,,
2021-02-25,43.13724136352539,,,,,,
2021-02-26,40.99042892456055,,,,,,
2021-03-01,43.0367546081543,,,,,,
2021-03-02,43.83152770996094,,,,,,
2021-03-03,44.635440826416016,,,,,,
2021-03-04,43.657958984375,,,,,,
2021-03-05,44.18781280517578,,,,,,
2021-03-08,43.75844955444336,,,,,,
2021-03-09,45.156158447265625,,,,,,
2021-03-10,45.40281677246094,,,,,,
2021-03-11,46.53559494018555,,,,,,
2021-03-12,44.7176628112793,,,,,,
2021-03-15,44.43446350097656,,,,,,
2021-03-16,45.03740310668945,,,,,,
2021-03-17,43.99596405029297,,,,,,
2021-03-18,41.62990188598633,,,,,,
2021-03-19,43.70363235473633,,,,,,
2021-03-22,43.86808395385742,,,,,,
2021-03-23,43.42957305908203,,,,,,
2021-03-24,42.34246063232422,,,,,,
2021-03-25,41.766937255859375,,,,,,
2021-03-26,43.74018096923828,,,,,,
2021-03-29,42.82663345336914,,,,,,
2021-03-30,42.68960571289063,,,,,,
2021-03-31,43.00934982299805,,,,,,
2021-04-01,43.51179504394531,,,,,,
2021-04-05,42.57084274291992,,,,,,
2021-04-06,42.74441909790039,,,,,,
2021-04-07,42.05012893676758,,,,,,
2021-04-08,42.50689697265625,,,,,,
2021-04-09,42.07753372192383,,,,,,
2021-04-12,39.03544616699219,,,,,,
2021-04-13,39.48309326171875,,,,,,
2021-04-14,40.314414978027344,,,,,,
2021-04-15,40.76205062866211,,,,,,
2021-04-16,40.93561553955078,,,,,,
2021-04-19,38.989776611328125,,,,,,
2021-04-20,37.820457458496094,,,,,,
2021-04-21,37.86612701416016,,,,,,
2021-04-22,38.22240829467773,,,,,,
2021-04-23,38.63350296020508,,,,,,
2021-04-26,39.75716018676758,,,,,,
2021-04-27,40.5793342590332,,,,,,
2021-04-28,41.639041900634766,,,,,,
2021-04-29,41.83088302612305,,,,,,
2021-04-30,40.55192565917969,,,,,,
2021-05-03,41.5294189453125,,,,,,
2021-05-04,40.49711608886719,,,,,,
2021-05-05,41.79434967041016,,,,,,
2021-05-06,42.83578109741211,,,,,,
2021-05-07,43.83152770996094,,,,,,
2021-05-10,43.11896896362305,,,,,,
2021-05-11,43.32908630371094,,,,,,
2021-05-12,41.081787109375,,,,,,
2021-05-13,42.16889190673828,,,,,,
2021-05-14,43.36562347412109,,,,,,
2021-05-17,44.14213562011719,,,,,,
2021-05-18,44.69939041137695,,,,,,
2021-05-19,44.72679901123047,,,,,,
2021-05-20,44.79988479614258,,,,,,
2021-05-21,44.5532341003418,,,,,,
2021-05-24,45.65859603881836,,,,,,
2021-05-25,45.539852142333984,,,,,,
2021-05-26,46.617820739746094,,,,,,
2021-05-27,46.98323440551758,,,,,,
2021-05-28,47.092864990234375,,,,,,
2021-06-01,47.86936950683594,,,,,,
2021-06-02,48.62760543823242,,,,,,
2021-06-03,48.49970626831055,,,,,,
2021-06-04,49.33102416992188,,,,,,
2021-06-07,49.46805953979492,,,,,,
2021-06-08,49.30362701416016,,,,,,
2021-06-09,48.83771514892578,,,,,,
2021-06-10,49.33102416992188,,,,,,
2021-06-11,49.14832305908203,,,,,,
2021-06-14,49.05697250366211,,,,,,
2021-06-15,48.67327880859375,,,,,,
2021-06-16,47.66839599609375,,,,,,
2021-06-17,47.30297470092773,,,,,,
2021-06-18,46.45337677001953,,,,,,
2021-06-21,47.68666076660156,,,,,,
2021-06-22,47.49481964111328,,,,,,
2021-06-23,47.00150680541992,,,,,,
2021-06-24,47.394325256347656,,,,,,
2021-06-25,47.48567962646485,,,,,,
2021-06-28,47.59530258178711,,,,,,
2021-06-29,47.394325256347656,,,,,,
2021-06-30,47.00150680541992,,,,,,
2021-07-01,46.63608169555664,,,,,,
2021-07-02,47.1842155456543,,,,,,
2021-07-06,46.40769958496094,,,,,,
2021-07-07,46.86447525024414,,,,,,
2021-07-08,46.09710693359375,,,,,,
2021-07-09,46.97409439086914,,,,,,
2021-07-12,47.10199737548828,,,,,,
2021-07-13,46.71830749511719,,,,,,
2021-07-14,47.27556610107422,,,,,,
2021-07-15,47.476539611816406,,,,,,
2021-07-16,46.86447525024414,,,,,,
2021-07-19,46.00574493408203,,,,,,
2021-07-20,46.5721435546875,,,,,,
2021-07-21,46.71830749511719,,,,,,
2021-07-22,47.29384231567383,,,,,,
2021-07-23,47.42173385620117,,,,,,
2021-07-26,48.03379821777344,,,,,,
2021-07-27,46.84620666503906,,,,,,
2021-07-28,47.13853073120117,,,,,,
2021-07-29,47.6318473815918,,,,,,
2021-07-30,47.7414665222168,,,,,,
2021-08-02,47.969852447509766,,,,,,
2021-08-03,50.15321350097656,,,,,,
2021-08-04,49.91568756103516,,,,,,
2021-08-05,50.56430816650391,,,,,,
2021-08-06,49.79693222045898,,,,,,
2021-08-09,49.22140121459961,,,,,,
2021-08-10,49.34929656982422,,,,,,
2021-08-11,49.97964096069336,,,,,,
2021-08-12,50.21715545654297,,,,,,
2021-08-13,50.97539138793945,,,,,,
2021-08-16,51.56919479370117,,,,,,
2021-08-17,51.31339645385742,,,,,,
2021-08-18,50.4272689819336,,,,,,
2021-08-19,49.988765716552734,,,,,,
2021-08-20,51.112422943115234,,,,,,
2021-08-23,51.24945068359375,,,,,,
2021-08-24,51.86152267456055,,,,,,
2021-08-25,51.843257904052734,,,,,,
2021-08-26,51.80670928955078,,,,,,
2021-08-27,53.94438934326172,,,,,,
2021-08-30,54.97669219970703,,,,,,
2021-08-31,56.36527633666992,,,,,,
2021-09-01,56.86770248413086,,,,,,
2021-09-02,57.6168098449707,,,,,,
2021-09-03,58.85922622680664,,,,,,
2021-09-07,58.09184646606445,,,,,,
2021-09-08,57.150909423828125,,,,,,
2021-09-09,57.79951858520508,,,,,,
2021-09-10,57.81778717041016,,,,,,
2021-09-13,58.03704452514648,,,,,,
2021-09-14,57.87260055541992,,,,,,
2021-09-15,59.19723892211914,,,,,,
2021-09-16,59.279441833496094,,,,,,
2021-09-17,57.87260055541992,,,,,,
2021-09-20,56.81290435791016,,,,,,
2021-09-21,57.62594985961914,,,,,,
2021-09-22,58.41158676147461,,,,,,
2021-09-23,59.5809211730957,,,,,,
2021-09-24,59.31599426269531,,,,,,
2021-09-27,59.16069412231445,,,,,,
2021-09-28,57.05042266845703,,,,,,
2021-09-29,56.97733688354492,,,,,,
2021-09-30,56.27390670776367,,,,,,
2021-10-01,57.30620574951172,,,,,,
2021-10-04,56.758094787597656,,,,,,
2021-10-05,58.201473236083984,,,,,,
2021-10-06,57.06868362426758,,,,,,
2021-10-07,57.70816040039063,,,,,,
2021-10-08,57.6076774597168,,,,,,
2021-10-11,57.37929534912109,,,,,,
2021-10-12,57.79038619995117,,,,,,
2021-10-13,59.22464370727539,,,,,,
2021-10-14,60.18384552001953,,,,,,
2021-10-15,60.53100204467773,,,,,,
2021-10-18,60.61321258544922,,,,,,
2021-10-19,60.1290397644043,,,,,,
2021-10-20,59.72707748413086,,,,,,
2021-10-21,58.9505729675293,,,,,,
2021-10-22,57.81778717041016,,,,,,
2021-10-25,57.81778717041016,,,,,,
2021-10-26,58.9414291381836,,,,,,
2021-10-27,58.51209259033203,,,,,,
2021-10-28,57.23312759399414,,,,,,
2021-10-29,56.56624221801758,,,,,,
2021-11-01,57.845191955566406,,,,,,
2021-11-02,57.9456787109375,,,,,,
2021-11-03,58.27456283569336,,,,,,
2021-11-04,58.26542282104492,,,,,,
2021-11-05,59.1150016784668,,,,,,
2021-11-08,60.92382049560547,,,,,,
2021-11-09,59.690528869628906,,,,,,
2021-11-10,59.279441833496094,,,,,,
2021-11-11,59.66313171386719,,,,,,
2021-11-12,61.0151596069336,,,,,,
2021-11-15,60.67716598510742,,,,,,
2021-11-16,59.836692810058594,,,,,,
2021-11-17,59.38908386230469,,,,,,
2021-11-18,58.685646057128906,,,,,,
2021-11-19,58.10099029541016,,,,,,
2021-11-22,55.972442626953125,,,,,,
2021-11-23,57.35188674926758,,,,,,
2021-11-24,55.88109588623047,,,,,,
2021-11-26,52.57408142089844,,,,,,
2021-11-29,53.0217170715332,,,,,,
2021-11-30,53.34146118164063,,,,,,
2021-12-01,53.55156707763672,,,,,,
2021-12-02,55.62529373168945,,,,,,
2021-12-03,53.83477020263672,,,,,,
2021-12-06,52.44618988037109,,,,,,
2021-12-07,54.15450668334961,,,,,,
2021-12-08,55.25074768066406,,,,,,
2021-12-09,55.0863037109375,,,,,,
2021-12-10,55.4334602355957,,,,,,
2021-12-13,53.66119003295898,,,,,,
2021-12-14,53.65205764770508,,,,,,
2021-12-15,53.16788482666016,,,,,,
2021-12-16,53.131343841552734,,,,,,
2021-12-17,51.66968536376953,,,,,,
2021-12-20,50.70132827758789,,,,,,
2021-12-21,51.92253875732422,,,,,,
2021-12-22,53.46896362304688,,,,,,
2021-12-23,54.143775939941406,,,,,,
2021-12-27,54.82796478271485,,,,,,
2021-12-28,55.13724899291992,,,,,,
2021-12-29,55.87765502929688,,,,,,
2021-12-30,55.952632904052734,,,,,,
2021-12-31,55.90577697753906,,,,,,
2022-01-03,57.808353424072266,,,,,,
2022-01-04,58.27696228027344,,,,,,
2022-01-05,58.06139373779297,,,,,,
2022-01-06,58.2301025390625,,,,,,
2022-01-07,59.31728744506836,,,,,,
2022-01-10,59.6172103881836,,,,,,
2022-01-11,61.72596740722656,,,,,,
2022-01-12,62.74755096435547,,,,,,
2022-01-13,62.185203552246094,,,,,,
2022-01-14,61.491661071777344,,,,,,
2022-01-18,59.94523239135742,,,,,,
2022-01-19,58.989253997802734,,,,,,
2022-01-20,57.96767425537109,,,,,,
2022-01-21,56.08384704589844,,,,,,
2022-01-24,52.86914443969727,,,,,,
2022-01-25,54.04067611694336,,,,,,
2022-01-26,52.69107437133789,,,,,,
2022-01-27,52.05375671386719,,,,,,
2022-01-28,53.19717788696289,,,,,,
2022-01-31,55.88702392578125,,,,,,
2022-02-01,55.80268096923828,,,,,,
2022-02-02,56.65555953979492,,,,,,
2022-02-03,55.05288696289063,,,,,,
2022-02-04,54.73423004150391,,,,,,
2022-02-07,53.54395294189453,,,,,,
2022-02-08,53.90010070800781,,,,,,
2022-02-09,55.26845550537109,,,,,,
2022-02-10,53.87197494506836,,,,,,
2022-02-11,51.74446868896485,,,,,,
2022-02-14,49.84189987182617,,,,,,
2022-02-15,53.45022201538086,,,,,,
2022-02-16,53.32838439941406,,,,,,
2022-02-17,52.5786018371582,,,,,,
2022-02-18,52.53174209594727,,,,,,
2022-02-22,52.07249450683594,,,,,,
2022-02-23,50.87284851074219,,,,,,
2022-02-24,48.07989883422852,,,,,,
2022-02-25,51.36957931518555,,,,,,
2022-02-28,50.56356430053711,,,,,,
2022-03-01,47.8924560546875,,,,,,
2022-03-02,49.37327194213867,,,,,,
2022-03-03,47.60191345214844,,,,,,
2022-03-04,45.41815948486328,,,,,,
2022-03-07,42.53150177001953,,,,,,
2022-03-08,44.00294876098633,,,,,,
2022-03-09,47.60191345214844,,,,,,
2022-03-10,47.4332160949707,,,,,,
2022-03-11,46.55221176147461,,,,,,
2022-03-14,47.86434173583984,,,,,,
2022-03-15,49.148345947265625,,,,,,
2022-03-16,51.40706253051758,,,,,,
2022-03-17,51.80070495605469,,,,,,
2022-03-18,52.35366439819336,,,,,,
2022-03-21,50.49795150756836,,,,,,
2022-03-22,51.58514022827149,,,,,,
2022-03-23,49.72942733764648,,,,,,
2022-03-24,51.247745513916016,,,,,,
2022-03-25,51.17276382446289,,,,,,
2022-03-28,51.91316604614258,,,,,,
2022-03-29,53.8813591003418,,,,,,
2022-03-30,52.71919250488281,,,,,,
2022-03-31,51.96940612792969,,,,,,
2022-04-01,53.79701232910156,,,,,,
2022-04-04,56.308780670166016,,,,,,
2022-04-05,55.16536331176758,,,,,,
2022-04-06,54.25624847412109,,,,,,
2022-04-07,54.1344108581543,,,,,,
2022-04-08,54.84669494628906,,,,,,
2022-04-11,54.01256942749024,,,,,,
2022-04-12,53.00973510742188,,,,,,
2022-04-13,52.81290817260742,,,,,,
2022-04-14,52.091251373291016,,,,,,
2022-04-18,52.01626586914063,,,,,,
2022-04-19,50.85409927368164,,,,,,
2022-04-20,52.091251373291016,,,,,,
2022-04-21,52.10061264038086,,,,,,
2022-04-22,50.85409927368164,,,,,,
2022-04-25,50.89158630371094,,,,,,
2022-04-26,50.13243865966797,,,,,,
2022-04-27,50.28239440917969,,,,,,
2022-04-28,51.71635055541992,,,,,,
2022-04-29,49.56072998046875,,,,,,
2022-05-02,50.17929458618164,,,,,,
2022-05-03,50.15117263793945,,,,,,
2022-05-04,50.01996994018555,,,,,,
2022-05-05,47.18016052246094,,,,,,
2022-05-06,46.01798629760742,,,,,,
2022-05-09,44.52779769897461,,,,,,
2022-05-10,43.71240997314453,,,,,,
2022-05-11,42.80329132080078,,,,,,
2022-05-12,42.49401092529297,,,,,,
2022-05-13,42.51274871826172,,,,,,
2022-05-16,42.119117736816406,,,,,,
2022-05-17,44.62151718139648,,,,,,
2022-05-18,42.36279296875,,,,,,
2022-05-19,43.018856048583984,,,,,,
2022-05-20,43.41249847412109,,,,,,
2022-05-23,44.05917739868164,,,,,,
2022-05-24,43.365631103515625,,,,,,
2022-05-25,42.87827682495117,,,,,,
2022-05-26,43.68429183959961,,,,,,
2022-05-27,44.218505859375,,,,,,
2022-05-31,44.46218490600586,,,,,,
2022-06-01,44.46218490600586,,,,,,
2022-06-02,46.39289093017578,,,,,,
2022-06-03,44.26537704467773,,,,,,
2022-06-06,44.19976425170898,,,,,,
2022-06-07,44.41532897949219,,,,,,
2022-06-08,43.41249847412109,,,,,,
2022-06-09,42.88764190673828,,,,,,
2022-06-10,41.73485565185547,,,,,,
2022-06-13,40.27278137207031,,,,,,
2022-06-14,40.66640853881836,,,,,,
2022-06-15,41.359954833984375,,,,,,
2022-06-16,38.95127487182617,,,,,,
2022-06-17,38.810691833496094,,,,,,
2022-06-21,40.507083892822266,,,,,,
2022-06-22,39.09185791015625,,,,,,
2022-06-23,39.90726089477539,,,,,,
2022-06-24,41.022560119628906,,,,,,
2022-06-27,40.4227294921875,,,,,,
2022-06-28,39.29804992675781,,,,,,
2022-06-29,39.916622161865234,,,,,,
2022-06-30,39.76667022705078,,,,,,
2022-07-01,40.047828674316406,,,,,,
2022-07-05,40.057220458984375,,,,,,
2022-07-06,41.359954833984375,,,,,,
2022-07-07,41.71611022949219,,,,,,
2022-07-08,41.50054550170898,,,,,,
2022-07-11,41.19126129150391,,,,,,
2022-07-12,41.088157653808594,,,,,,
2022-07-13,40.14155960083008,,,,,,
2022-07-14,40.413360595703125,,,,,,
2022-07-15,41.519287109375,,,,,,
2022-07-18,41.05066680908203,,,,,,
2022-07-19,42.615840911865234,,,,,,
2022-07-20,41.70673751831055,,,,,,
2022-07-21,43.6280632019043,,,,,,
2022-07-22,43.29065704345703,,,,,,
2022-07-25,43.0750846862793,,,,,,
2022-07-26,42.034767150878906,,,,,,
2022-07-27,43.6655502319336,,,,,,
2022-07-28,45.16511535644531,,,,,,
2022-07-29,46.48660659790039,,,,,,
2022-08-01,47.18953704833984,,,,,,
2022-08-02,47.92057418823242,,,,,,
2022-08-03,47.8549690246582,,,,,,
2022-08-04,47.292625427246094,,,,,,
2022-08-05,46.77715301513672,,,,,,
2022-08-08,47.45195770263672,,,,,,
2022-08-09,47.05831527709961,,,,,,
2022-08-10,48.77345275878906,,,,,,
2022-08-11,47.770606994628906,,,,,,
2022-08-12,48.6890983581543,,,,,,
2022-08-15,48.74533081054688,,,,,,
2022-08-16,49.58884048461914,,,,,,
2022-08-17,49.56072998046875,,,,,,
2022-08-18,49.28893280029297,,,,,,
2022-08-19,47.69563674926758,,,,,,
2022-08-22,46.47724151611328,,,,,,
2022-08-23,47.32074737548828,,,,,,
2022-08-24,47.92057418823242,,,,,,
2022-08-25,47.3863525390625,,,,,,
2022-08-26,46.16794967651367,,,,,,
2022-08-29,46.35539245605469,,,,,,
2022-08-30,47.52692413330078,,,,,,
2022-08-31,47.0114631652832,,,,,,
2022-09-01,47.60191345214844,,,,,,
2022-09-02,46.7115478515625,,,,,,
2022-09-06,46.7115478515625,,,,,,
2022-09-07,48.35169982910156,,,,,,
2022-09-08,48.64224624633789,,,,,,
2022-09-09,48.69846725463867,,,,,,
2022-09-12,50.11368942260742,,,,,,
2022-09-13,47.92993927001953,,,,,,
2022-09-14,49.18583297729492,,,,,,
2022-09-15,48.2767219543457,,,,,,
2022-09-16,47.10517883300781,,,,,,
2022-09-19,48.12675476074219,,,,,,
2022-09-20,47.7612533569336,,,,,,
2022-09-21,46.69280624389648,,,,,,
2022-09-22,45.73682403564453,,,,,,
2022-09-23,43.73115158081055,,,,,,
2022-09-26,42.12848281860352,,,,,,
2022-09-27,41.97853088378906,,,,,,
2022-09-28,43.1594352722168,,,,,,
2022-09-29,41.341217041015625,,,,,,
2022-09-30,41.98790740966797,,,,,,
2022-10-03,42.269073486328125,,,,,,
2022-10-04,43.834251403808594,,,,,,
2022-10-05,43.70304107666016,,,,,,
2022-10-06,42.62522506713867,,,,,,
2022-10-07,41.14440536499024,,,,,,
2022-10-10,41.94104766845703,,,,,,
2022-10-11,41.01319122314453,,,,,,
2022-10-12,41.369327545166016,,,,,,
2022-10-13,41.96915435791016,,,,,,
2022-10-14,40.872596740722656,,,,,,
2022-10-17,42.7002067565918,,,,,,
2022-10-18,42.456520080566406,,,,,,
2022-10-19,41.678619384765625,,,,,,
2022-10-20,42.55024719238281,,,,,,
2022-10-21,43.72178649902344,,,,,,
2022-10-24,43.70304107666016,,,,,,
2022-10-25,43.899845123291016,,,,,,
2022-10-26,44.83708953857422,,,,,,
2022-10-27,43.85299301147461,,,,,,
2022-10-28,44.87457656860352,,,,,,
2022-10-31,44.68712615966797,,,,,,
2022-11-01,45.21197891235352,,,,,,
2022-11-02,44.10604476928711,,,,,,
2022-11-03,44.59339904785156,,,,,,
2022-11-04,46.280418395996094,,,,,,
2022-11-07,46.57095718383789,,,,,,
2022-11-08,47.30199432373047,,,,,,
2022-11-09,45.91490173339844,,,,,,
2022-11-10,48.25796890258789,,,,,,
2022-11-11,48.26734161376953,,,,,,
2022-11-14,47.33011245727539,,,,,,
2022-11-15,47.56441879272461,,,,,,
2022-11-16,46.39289093017578,,,,,,
2022-11-17,46.05548477172852,,,,,,
2022-11-18,45.952392578125,,,,,,
2022-11-21,45.305702209472656,,,,,,
2022-11-22,45.73682403564453,,,,,,
2022-11-23,45.821170806884766,,,,,,
2022-11-25,46.7115478515625,,,,,,
2022-11-28,46.48660659790039,,,,,,
2022-11-29,47.21764755249024,,,,,,
2022-11-30,48.70784759521485,,,,,,
2022-12-01,48.75470352172852,,,,,,
2022-12-02,48.07052612304688,,,,,,
2022-12-05,46.90835952758789,,,,,,
2022-12-06,46.3272819519043,,,,,,
2022-12-07,46.39289093017578,,,,,,
2022-12-08,46.72091674804688,,,,,,
2022-12-09,45.50251770019531,,,,,,
2022-12-12,45.6993293762207,,,,,,
2022-12-13,46.33665084838867,,,,,,
2022-12-14,45.97113037109375,,,,,,
2022-12-15,44.24662780761719,,,,,,
2022-12-16,44.04980850219727,,,,,,
2022-12-19,44.89331817626953,,,,,,
2022-12-20,44.7920150756836,,,,,,
2022-12-21,43.93837738037109,,,,,,
2022-12-22,43.04723358154297,,,,,,
2022-12-23,42.01537704467773,,,,,,
2022-12-27,43.25360107421875,,,,,,
2022-12-28,43.22546005249024,,,,,,
2022-12-29,44.1447639465332,,,,,,
2022-12-30,43.112892150878906,,,,,,
2023-01-03,43.38493347167969,,,,,,
2023-01-04,43.29112243652344,,,,,,
2023-01-05,42.59696960449219,,,,,,
2023-01-06,43.638214111328125,,,,,,
2023-01-09,43.86334228515625,,,,,,
2023-01-10,43.83520126342773,,,,,,
2023-01-11,43.97590255737305,,,,,,
2023-01-12,44.50121307373047,,,,,,
2023-01-13,44.52935028076172,,,,,,
2023-01-17,44.44493103027344,,,,,,
2023-01-18,44.3698844909668,,,,,,
2023-01-19,44.50121307373047,,,,,,
2023-01-20,44.679443359375,,,,,,
2023-01-23,44.50121307373047,,,,,,
2023-01-24,43.61006927490234,,,,,,
2023-01-25,42.859619140625,,,,,,
2023-01-26,43.1598014831543,,,,,,
2023-01-27,41.00228500366211,,,,,,
2023-01-30,40.81466293334961,,,,,,
2023-01-31,41.15236282348633,,,,,,
2023-02-01,39.538909912109375,,,,,,
2023-02-02,39.59519958496094,,,,,,
2023-02-03,39.38882827758789,,,,,,
2023-02-06,39.19183349609375,,,,,,
2023-02-07,39.15431594848633,,,,,,
2023-02-08,40.13927459716797,,,,,,
2023-02-09,39.71714782714844,,,,,,
2023-02-10,39.829715728759766,,,,,,
2023-02-13,39.36067962646485,,,,,,
2023-02-14,39.341922760009766,,,,,,
2023-02-15,40.05484008789063,,,,,,
2023-02-16,40.07360458374024,,,,,,
2023-02-17,39.78281021118164,,,,,,
2023-02-21,38.88227844238281,,,,,,
2023-02-22,37.72846984863281,,,,,,
2023-02-23,37.887943267822266,,,,,,
2023-02-24,37.0999755859375,,,,,,
2023-02-27,37.08121109008789,,,,,,
2023-02-28,36.7341423034668,,,,,,
2023-03-01,37.44705581665039,,,,,,
2023-03-02,37.709716796875,,,,,,
2023-03-03,39.15431594848633,,,,,,
2023-03-06,39.32316589355469,,,,,,
2023-03-07,38.70404815673828,,,,,,
2023-03-08,39.3325424194336,,,,,,
2023-03-09,38.1881217956543,,,,,,
2023-03-10,37.55023956298828,,,,,,
2023-03-13,36.56528472900391,,,,,,
2023-03-14,36.781036376953125,,,,,,
2023-03-15,35.13007736206055,,,,,,
2023-03-16,36.33077239990234,,,,,,
2023-03-17,35.824222564697266,,,,,,
2023-03-20,35.9461669921875,,,,,,
2023-03-21,36.08660125732422,,,,,,
2023-03-22,35.95465469360352,,,,,,
2023-03-23,36.38818740844727,,,,,,
2023-03-24,35.935813903808594,,,,,,
2023-03-27,36.13372039794922,,,,,,
2023-03-28,35.67192077636719,,,,,,
2023-03-29,36.20911407470703,,,,,,
2023-03-30,36.50128173828125,,,,,,
2023-03-31,37.50970077514648,,,,,,
2023-04-03,37.66049957275391,,,,,,
2023-04-04,37.83956909179688,,,,,,
2023-04-05,38.06575393676758,,,,,,
2023-04-06,38.52756118774414,,,,,,
2023-04-10,38.546417236328125,,,,,,
2023-04-11,38.74431610107422,,,,,,
2023-04-12,38.93281555175781,,,,,,
2023-04-13,39.19669723510742,,,,,,
2023-04-14,38.87627029418945,,,,,,
2023-04-17,38.59353256225586,,,,,,
2023-04-18,38.3579216003418,,,,,,
2023-04-19,38.22597503662109,,,,,,
2023-04-20,38.20712661743164,,,,,,
2023-04-21,38.19771194458008,,,,,,
2023-04-24,38.81029891967773,,,,,,
2023-04-25,38.50870513916016,,,,,,
2023-04-26,39.01763534545898,,,,,,
2023-04-27,39.88469314575195,,,,,,
2023-04-28,40.59153747558594,,,,,,
2023-05-01,40.6386604309082,,,,,,
2023-05-02,40.44074630737305,,,,,,
2023-05-03,40.28052520751953,,,,,,
2023-05-04,40.751747131347656,,,,,,
2023-05-05,41.13816452026367,,,,,,
2023-05-08,41.42089080810547,,,,,,
2023-05-09,41.27010726928711,,,,,,
2023-05-10,41.76017379760742,,,,,,
2023-05-11,41.222991943359375,,,,,,
2023-05-12,40.90254592895508,,,,,,
2023-05-15,41.57168960571289,,,,,,
2023-05-16,40.86484909057617,,,,,,
2023-05-17,40.62922286987305,,,,,,
2023-05-18,40.082611083984375,,,,,,
2023-05-19,39.96009063720703,,,,,,
2023-05-22,40.6857795715332,,,,,,
2023-05-23,40.43132019042969,,,,,,
2023-05-24,40.56326675415039,,,,,,
2023-05-25,40.98736572265625,,,,,,
2023-05-26,42.08061599731445,,,,,,
2023-05-30,41.71306228637695,,,,,,
2023-05-31,41.49628448486328,,,,,,
2023-06-01,42.231407165527344,,,,,,
2023-06-02,42.60838317871094,,,,,,
2023-06-05,42.335079193115234,,,,,,
2023-06-06,42.56127548217773,,,,,,
2023-06-07,42.86285018920898,,,,,,
2023-06-08,42.67436599731445,,,,,,
2023-06-09,42.382205963134766,,,,,,
2023-06-12,42.72148513793945,,,,,,
2023-06-13,43.37177276611328,,,,,,
2023-06-14,43.767608642578125,,,,,,
2023-06-15,44.15401840209961,,,,,,
2023-06-16,44.38020706176758,,,,,,
2023-06-20,44.18228530883789,,,,,,
2023-06-21,44.24293899536133,,,,,,
2023-06-22,44.00599670410156,,,,,,
2023-06-23,43.266719818115234,,,,,,
2023-06-26,43.55105209350586,,,,,,
2023-06-27,44.12921142578125,,,,,,
2023-06-28,44.78318786621094,,,,,,
2023-06-29,44.71683883666992,,,,,,
2023-06-30,45.47508239746094,,,,,,
2023-07-03,45.702545166015625,,,,,,
2023-07-05,45.66463851928711,,,,,,
2023-07-06,45.21917724609375,,,,,,
2023-07-07,45.18125915527344,,,,,,
2023-07-10,45.33290863037109,,,,,,
2023-07-11,45.90158462524414,,,,,,
2023-07-12,46.47026443481445,,,,,,
2023-07-13,46.28070068359375,,,,,,
2023-07-14,46.55555725097656,,,,,,
2023-07-17,47.19058609008789,,,,,,
2023-07-18,47.12422561645508,,,,,,
2023-07-19,47.36118316650391,,,,,,
2023-07-20,47.06736755371094,,,,,,
2023-07-21,46.67877578735352,,,,,,
2023-07-24,46.94415664672852,,,,,,
2023-07-25,46.991546630859375,,,,,,
2023-07-26,47.23796844482422,,,,,,
2023-07-27,46.261749267578125,,,,,,
2023-07-28,46.83041763305664,,,,,,
2023-07-31,47.37065887451172,,,,,,
2023-08-01,46.72616195678711,,,,,,
2023-08-02,45.08647918701172,,,,,,
2023-08-03,44.95378875732422,,,,,,
2023-08-04,45.78784942626953,,,,,,
2023-08-07,46.02479934692383,,,,,,
2023-08-08,45.5793342590332,,,,,,
2023-08-09,45.5224609375,,,,,,
2023-08-10,45.36134338378906,,,,,,
2023-08-11,44.86848831176758,,,,,,
2023-08-14,44.4893684387207,,,,,,
2023-08-15,43.94913482666016,,,,,,
2023-08-16,44.29981994628906,,,,,,
2023-08-17,43.96808242797852,,,,,,
2023-08-18,44.21451568603516,,,,,,
2023-08-21,44.67892837524414,,,,,,
2023-08-22,44.574668884277344,,,,,,
2023-08-23,45.92053985595703,,,,,,
2023-08-24,45.07700347900391,,,,,,
2023-08-25,44.95378875732422,,,,,,
2023-08-28,45.16230773925781,,,,,,
2023-08-29,45.83523941040039,,,,,,
2023-08-30,45.66463851928711,,,,,,
2023-08-31,45.29499816894531,,,,,,
2023-09-01,45.8636589050293,,,,,,
2023-09-05,46.16696166992188,,,,,,
2023-09-06,45.8447151184082,,,,,,
2023-09-07,46.51765060424805,,,,,,
2023-09-08,47.437007904052734,,,,,,
2023-09-11,48.38479232788086,,,,,,
2023-09-12,47.5696907043457,,,,,,
2023-09-13,47.62657165527344,,,,,,
2023-09-14,48.00568008422852,,,,,,
2023-09-15,47.60760498046875,,,,,,
2023-09-18,47.61709213256836,,,,,,
2023-09-19,47.270599365234375,,,,,,
2023-09-20,47.13733673095703,,,,,,
2023-09-21,46.15689468383789,,,,,,
2023-09-22,46.10929870605469,,,,,,
2023-09-25,46.47100830078125,,,,,,
2023-09-26,45.84277725219727,,,,,,
2023-09-27,46.41390228271485,,,,,,
2023-09-28,45.66191482543945,,,,,,
2023-09-29,45.60479736328125,,,,,,
2023-10-02,45.58576583862305,,,,,,
2023-10-03,44.99559783935547,,,,,,
2023-10-04,44.83376693725586,,,,,,
2023-10-05,45.50961685180664,,,,,,
2023-10-06,46.2330436706543,,,,,,
2023-10-09,45.26211929321289,,,,,,
2023-10-10,46.20449066162109,,,,,,
2023-10-11,46.33774948120117,,,,,,
2023-10-12,45.64288330078125,,,,,,
2023-10-13,45.92844009399414,,,,,,
2023-10-16,46.54717254638672,,,,,,
2023-10-17,46.53765106201172,,,,,,
2023-10-18,45.45249938964844,,,,,,
2023-10-19,45.67143630981445,,,,,,
2023-10-20,44.9099235534668,,,,,,
2023-10-23,44.12937927246094,,,,,,
2023-10-24,44.38639068603516,,,,,,
2023-10-25,43.33931350708008,,,,,,
2023-10-26,42.339839935302734,,,,,,
2023-10-27,42.7205924987793,,,,,,
2023-10-30,43.52017211914063,,,,,,
2023-10-31,43.37739562988281,,,,,,
2023-11-01,43.6058464050293,,,,,,
2023-11-02,44.37686538696289,,,,,,
2023-11-03,45.06222915649414,,,,,,
2023-11-06,45.08126449584961,,,,,,
2023-11-07,45.17645263671875,,,,,,
2023-11-08,45.30971908569336,,,,,,
2023-11-09,44.83376693725586,,,,,,
2023-11-10,45.65240097045898,,,,,,
2023-11-13,45.56672286987305,,,,,,
2023-11-14,46.81369400024414,,,,,,
2023-11-15,46.53765106201172,,,,,,
2023-11-16,46.63283920288086,,,,,,
2023-11-17,46.737548828125,,,,,,
2023-11-20,46.78514099121094,,,,,,
2023-11-21,46.69947814941406,,,,,,
2023-11-22,46.98503494262695,,,,,,
2023-11-24,46.90888595581055,,,,,,
2023-11-27,46.737548828125,,,,,,
2023-11-28,47.62279891967773,,,,,,
2023-11-29,47.95595932006836,,,,,,
2023-11-30,48.66986846923828,,,,,,
2023-12-01,49.49800491333008,,,,,,
2023-12-04,50.40229797363281,,,,,,
2023-12-05,51.23995590209961,,,,,,
2023-12-06,51.54457092285156,,,,,,
2023-12-07,51.68734359741211,,,,,,
2023-12-08,51.39226531982422,,,,,,
2023-12-11,51.81109237670898,,,,,,
2023-12-12,51.49696350097656,,,,,,
2023-12-13,52.582122802734375,,,,,,
2023-12-14,53.49592208862305,,,,,,
2023-12-15,53.49592208862305,,,,,,
2023-12-18,53.77197647094727,,,,,,
2023-12-19,54.34310150146485,,,,,,
2023-12-20,51.29707717895508,,,,,,
2023-12-21,53.07187271118164,,,,,,
2023-12-22,53.41632461547852,,,,,,
2023-12-26,53.84685516357422,,,,,,
2023-12-27,54.43048095703125,,,,,,
2023-12-28,54.95671081542969,,,,,,
2023-12-29,54.34437561035156,,,,,,
2024-01-02,54.019081115722656,,,,,,
2024-01-03,53.95210266113281,,,,,,
2024-01-04,54.72708511352539,,,,,,
2024-01-05,54.93756484985352,,,,,,
2024-01-08,54.8705940246582,,,,,,
2024-01-09,54.392215728759766,,,,,,
2024-01-10,55.01411819458008,,,,,,
2024-01-11,55.01411819458008,,,,,,
2024-01-12,56.78413009643555,,,,,,
2024-01-16,55.53076934814453,,,,,,
2024-01-17,54.18172454833984,,,,,,
2024-01-18,54.688812255859375,,,,,,
2024-01-19,55.78909683227539,,,,,,
2024-01-22,56.33445358276367,,,,,,
2024-01-23,53.73204803466797,,,,,,
2024-01-24,54.85146713256836,,,,,,
2024-01-25,54.60270309448242,,,,,,
2024-01-26,54.803619384765625,,,,,,
2024-01-29,56.58320617675781,,,,,,
2024-01-30,55.61687850952149,,,,,,
2024-01-31,56.22920608520508,,,,,,
2024-02-01,56.98505783081055,,,,,,
2024-02-02,57.38689804077149,,,,,,
2024-02-05,56.75543594360352,,,,,,
2024-02-06,58.27668762207031,,,,,,
2024-02-07,58.63068771362305,,,,,,
2024-02-08,57.63565444946289,,,,,,
2024-02-09,58.01836395263672,,,,,,
2024-02-12,57.0711669921875,,,,,,
2024-02-13,56.26747894287109,,,,,,
2024-02-14,58.20014953613281,,,,,,
2024-02-15,58.77421188354492,,,,,,
2024-02-16,59.0421028137207,,,,,,
2024-02-20,59.80751800537109,,,,,,
2024-02-21,59.00383377075195,,,,,,
2024-02-22,60.151954650878906,,,,,,
2024-02-23,60.3815803527832,,,,,,
2024-02-26,59.76924896240234,,,,,,
2024-02-27,59.90319442749024,,,,,,
2024-02-28,58.69766616821289,,,,,,
2024-02-29,58.75507736206055,,,,,,
2024-03-01,60.410274505615234,,,,,,
2024-03-04,60.50595474243164,,,,,,
2024-03-05,60.037147521972656,,,,,,
2024-03-06,60.946067810058594,,,,,,
2024-03-07,61.2713737487793,,,,,,
2024-03-08,61.26180648803711,,,,,,
2024-03-11,60.410274505615234,,,,,,
2024-03-12,59.91276168823242,,,,,,
2024-03-13,57.00419616699219,,,,,,
2024-03-14,57.55911636352539,,,,,,
2024-03-15,57.090293884277344,,,,,,
2024-03-18,57.49214172363281,,,,,,
2024-03-19,56.23062515258789,,,,,,
2024-03-20,56.90266418457031,,,,,,
2024-03-21,57.06587600708008,,,,,,
2024-03-22,56.92186737060547,,,,,,
2024-03-25,57.104278564453125,,,,,,
2024-03-26,57.56510543823242,,,,,,
2024-03-27,58.333152770996094,,,,,,
2024-03-28,59.36041641235352,,,,,,
2024-04-01,59.17800521850586,,,,,,
2024-04-02,59.274017333984375,,,,,,
2024-04-03,59.57162857055664,,,,,,
2024-04-04,59.25481033325195,,,,,,
2024-04-05,60.30127716064453,,,,,,
2024-04-08,61.088523864746094,,,,,,
2024-04-09,61.11732482910156,,,,,,
2024-04-10,60.656497955322266,,,,,,
2024-04-11,60.86771011352539,,,,,,
2024-04-12,59.274017333984375,,,,,,
2024-04-15,58.34275817871094,,,,,,
2024-04-16,58.18914413452149,,,,,,
2024-04-17,57.57471466064453,,,,,,
2024-04-18,57.82432556152344,,,,,,
2024-04-19,58.40996170043945,,,,,,
2024-04-22,59.78285217285156,,,,,,
2024-04-23,59.98445892333984,,,,,,
2024-04-24,59.98445892333984,,,,,,
2024-04-25,60.58929443359375,,,,,,
2024-04-26,60.66608810424805,,,,,,
2024-04-29,61.05011749267578,,,,,,
2024-04-30,60.8485107421875,,,,,,
2024-05-01,60.93491744995117,,,,,,
2024-05-02,62.12538528442383,,,,,,
2024-05-03,61.49174880981445,,,,,,
2024-05-06,60.72370147705078,,,,,,
2024-05-07,59.600433349609375,,,,,,
2024-05-08,59.79243850708008,,,,,,
2024-05-09,58.86118698120117,,,,,,
2024-05-10,58.22754669189453,,,,,,
2024-05-13,59.08200073242188,,,,,,
2024-05-14,60.10926055908203,,,,,,
2024-05-15,60.41647338867188,,,,,,
2024-05-16,60.94451522827149,,,,,,
2024-05-17,61.8277702331543,,,,,,
2024-05-20,62.26939392089844,,,,,,
2024-05-21,62.50940704345703,,,,,,
2024-05-22,62.67262268066406,,,,,,
2024-05-23,63.853492736816406,,,,,,
2024-05-24,64.39112854003906,,,,,,
2024-05-28,63.10464477539063,,,,,,
2024-05-29,62.51901245117188,,,,,,
2024-05-30,61.85657501220703,,,,,,
2024-05-31,61.76056289672852,,,,,,
2024-06-03,66.07122039794922,,,,,,
2024-06-04,57.93952560424805,,,,,,
2024-06-05,61.597354888916016,,,,,,
2024-06-06,62.278995513916016,,,,,,
2024-06-07,63.65188217163086,,,,,,
2024-06-10,63.86308288574219,,,,,,
2024-06-11,64.21831512451172,,,,,,
2024-06-12,65.06316375732422,,,,,,
2024-06-13,64.9095458984375,,,,,,
2024-06-14,66.34004974365234,,,,,,
2024-06-17,66.54165649414062,,,,,,
2024-06-18,67.06968688964844,,,,,,
2024-06-20,65.63919830322266,,,,,,
2024-06-21,64.98636627197266,,,,,,
2024-06-24,66.13842010498047,,,,,,
2024-06-25,66.14420318603516,,,,,,
2024-06-26,66.15383911132812,,,,,,
2024-06-27,67.69430541992188,,,,,,
2024-06-28,67.52101135253906,,,,,,
2024-07-01,68.5126953125,,,,,,
2024-07-02,68.55120086669922,,,,,,
2024-07-03,69.11924743652344,,,,,,
2024-07-05,69.67768096923828,,,,,,
2024-07-08,69.54288482666016,,,,,,
2024-07-09,70.09168243408203,,,,,,
2024-07-10,69.74508666992188,,,,,,
2024-07-11,70.20721435546875,,,,,,
2024-07-12,70.59233093261719,,,,,,
2024-07-15,70.72711944580078,,,,,,
2024-07-16,71.2374038696289,,,,,,
2024-07-17,70.59233093261719,,,,,,
2024-07-18,70.65009307861328,,,,,,
2024-07-19,68.16607666015625,,,,,,
2024-07-22,69.31179809570312,,,,,,
2024-07-23,67.1455078125,,,,,,
2024-07-24,66.37528228759766,,,,,,
2024-07-25,67.16476440429688,,,,,,
2024-07-26,69.7258071899414,,,,,,
2024-07-29,69.61028289794922,,,,,,
2024-07-30,69.84135437011719,,,,,,
2024-07-31,71.11223602294922,,,,,,
2024-08-01,69.46586608886719,,,,,,
2024-08-02,68.10832214355469,,,,,,
2024-08-05,64.76740264892578,,,,,,
2024-08-06,65.13327026367188,,,,,,
2024-08-07,65.74944305419922,,,,,,
2024-08-08,66.82778930664062,,,,,,
2024-08-09,66.87593078613281,,,,,,
2024-08-12,66.52932739257812,,,,,,
2024-08-13,66.24048614501953,,,,,,
2024-08-14,65.78797149658203,,,,,,
2024-08-15,66.99147033691406,,,,,,
2024-08-16,68.16607666015625,,,,,,
2024-08-19,68.4164047241211,,,,,,
2024-08-20,68.74375915527344,,,,,,
2024-08-21,69.5043716430664,,,,,,
2024-08-22,69.17700958251953,,,,,,
2024-08-23,69.79320526123047,,,,,,
2024-08-26,70.12055969238281,,,,,,
2024-08-27,69.92799377441406,,,,,,
2024-08-28,69.84135437011719,,,,,,
2024-08-29,70.1783218383789,,,,,,
2024-08-30,71.15076446533203,,,,,,
2024-09-03,70.09168243408203,,,,,,
2024-09-04,70.69823455810547,,,,,,
2024-09-05,69.98576354980469,,,,,,
2024-09-06,68.1468276977539,,,,,,
2024-09-09,69.3214340209961,,,,,,
2024-09-10,69.82209777832031,,,,,,
2024-09-11,69.61028289794922,,,,,,
2024-09-12,71.18927764892578,,,,,,
2024-09-13,71.46849060058594,,,,,,
2024-09-16,72.10391998291016,,,,,,
2024-09-17,71.55512237548828,,,,,,
2024-09-18,70.81378173828125,,,,,,
2024-09-19,71.97876739501953,,,,,,
2024-09-20,73.37480163574219,,,,,,
2024-09-23,74.5590591430664,,,,,,
2024-09-24,73.85293579101562,,,,,,
2024-09-25,73.94940948486328,,,,,,
2024-09-26,74.54747772216797,,,,,,
2024-09-27,74.33526611328125,,,,,,
2024-09-30,72.73396301269531,,,,,,
2024-10-01,71.89471435546875,,,,,,
2024-10-02,71.50885772705078,,,,,,
2024-10-03,70.0233154296875,,,,,,
2024-10-04,69.16478729248047,,,,,,
2024-10-07,66.77247619628906,,,,,,
2024-10-08,69.03937530517578,,,,,,
2024-10-09,69.6470947265625,,,,,,
2024-10-10,69.1358413696289,,,,,,
2024-10-11,69.20336151123047,,,,,,
2024-10-14,69.6470947265625,,,,,,
2024-10-15,68.79821014404297,,,,,,
2024-10-16,68.92362213134766,,,,,,
2024-10-17,67.26445007324219,,,,,,
2024-10-18,67.66959381103516,,,,,,
2024-10-21,66.89788055419922,,,,,,
2024-10-22,65.32550811767578,,,,,,
2024-10-23,65.14222717285156,,,,,,
2024-10-24,64.87213134765625,,,,,,
2024-10-25,63.29976272583008,,,,,,
2024-10-28,64.30299377441406,,,,,,
2024-10-29,64.48627471923828,,,,,,
2024-10-30,63.70491790771485,,,,,,
2024-10-31,63.425174713134766,,,,,,
2024-11-01,63.41552734375,,,,,,
2024-11-04,62.21936798095703,,,,,,
2024-11-05,63.14542007446289,,,,,,
2024-11-06,64.09076690673828,,,,,,
2024-11-07,63.68561172485352,,,,,,
2024-11-08,62.142189025878906,,,,,,
2024-11-11,62.45088577270508,,,,,,
2024-11-12,60.79169464111328,,,,,,
2024-11-13,59.60519027709961,,,,,,
2024-11-14,60.01033782958984,,,,,,
2024-11-15,59.10358047485352,,,,,,
2024-11-18,59.65342330932617,,,,,,
2024-11-19,60.29972839355469,,,,,,
2024-11-20,60.33831405639648,,,,,,
2024-11-21,59.2868537902832,,,,,,
2024-11-22,61.7370491027832,,,,,,
2024-11-25,63.135780334472656,,,,,,
2024-11-26,62.71134185791016,,,,,,
2024-11-27,63.03931427001953,,,,,,
2024-11-29,62.83674240112305,,,,,,
2024-12-02,62.942848205566406,,,,,,
2024-12-03,63.51198196411133,,,,,,
2024-12-04,63.58916091918945,,,,,,
2024-12-05,64.96858978271484,,,,,,
2024-12-06,64.78531646728516,,,,,,
2024-12-09,64.47661590576172,,,,,,
2024-12-10,64.45733642578125,,,,,,
2024-12-11,64.83354949951172,,,,,,
2024-12-12,63.942657470703125,,,,,,
2024-12-13,64.4403076171875,,,,,,
2024-12-16,64.46956634521484,,,,,,
2024-12-17,63.02542495727539,,,,,,
2024-12-18,60.65428924560547,,,,,,
2024-12-19,61.04460144042969,,,,,,
2024-12-20,60.37131881713867,,,,,,
2024-12-23,59.94642639160156,,,,,,
2024-12-24,60.12305450439453,,,,,,
2024-12-26,59.84829711914063,,,,,,
2024-12-27,59.54409408569336,,,,,,
2024-12-30,58.44506454467773,,,,,,
2024-12-31,58.45487594604492,,,,,,
2025-01-02,60.27024459838867,,,,,,
2025-01-03,60.0739860534668,,,,,,
2025-01-06,58.26844024658203,,,,,,
2025-01-07,57.90535736083984,,,,,,
2025-01-08,57.64041519165039,,,,,,
2025-01-10,55.17739868164063,,,,,,
2025-01-13,53.94098281860352,,,,,,
2025-01-14,54.59844207763672,,,,,,
2025-01-15,55.197025299072266,,,,,,
2025-01-16,54.765262603759766,,,,,,
2025-01-17,54.95170211791992,,,,,,
2025-01-21,54.23537063598633,,,,,,
2025-01-22,53.75454711914063,,,,,,
2025-01-23,54.82413864135742,,,,,,
2025-01-24,53.90174102783203,,,,,,
2025-01-27,52.59663391113281,,,,,,
2025-01-28,52.69475936889648,,,,,,
2025-01-29,53.45034408569336,,,,,,
2025-01-30,54.39237976074219,,,,,,
2025-01-31,54.53956985473633,,,,,,
2025-02-03,54.23537063598633,,,,,,
2025-02-04,55.46197128295898,,,,,,
2025-02-05,55.000770568847656,,,,,,
2025-02-06,54.1077995300293,,,,,,
2025-02-07,53.2639045715332,,,,,,
2025-02-10,53.43072128295898,,,,,,
2025-02-11,52.459251403808594,,,,,,
2025-02-12,51.83123397827149,,,,,,
2025-02-13,53.07745742797852,,,,,,
2025-02-14,51.34059143066406,,,,,,
2025-02-18,51.32096862792969,,,,,,
2025-02-19,51.6644172668457,,,,,,
2025-02-20,52.331687927246094,,,,,,
2025-02-21,50.63407516479492,,,,,,
2025-02-24,50.54575729370117,,,,,,
2025-02-25,50.51631546020508,,,,,,
2025-02-26,50.12380599975586,,,,,,
2025-02-27,49.09346008300781,,,,,,
2025-02-28,48.10237121582031,,,,,,
2025-03-03,47.56266784667969,,,,,,
2025-03-04,47.61172866821289,,,,,,
2025-03-05,49.623348236083984,,,,,,
2025-03-06,49.68223190307617,,,,,,
2025-03-07,49.96680068969727,,,,,,
2025-03-10,48.46543884277344,,,,,,
2025-03-11,49.11309051513672,,,,,,
2025-03-12,49.24065399169922,,,,,,
2025-03-13,48.7500114440918,,,,,,
2025-03-14,49.49578475952149,,,,,,
2025-03-17,50.63407516479492,,,,,,
2025-03-18,51.615352630615234,,,,,,
2025-03-19,53.05783081054688,,,,,,
2025-03-20,53.28352737426758,,,,,,
2025-03-21,54.784889221191406,,,,,,
2025-03-24,56.21755599975586,,,,,,
2025-03-25,55.93498229980469,,,,,,
2025-03-26,54.56638717651367,,,,,,
2025-03-27,55.46237182617188,,,,,,
2025-03-28,54.30055236816406,,,,,,
2025-03-31,54.71408081054688,,,,,,
2025-04-01,53.83778762817383,,,,,,
2025-04-02,54.87161636352539,,,,,,
2025-04-03,54.02486038208008,,,,,,
2025-04-04,49.76155090332031,,,,,,
2025-04-07,49.80093765258789,,,,,,
2025-04-08,49.80093765258789,,,,,,
2025-04-09,53.27656936645508,,,,,,
2025-04-10,52.4593505859375,,,,,,
2025-04-11,52.78426742553711,,,,,,
2025-04-14,53.35533142089844,,,,,,
2025-04-15,53.65071868896485,,,,,,
2025-04-16,53.68025588989258,,,,,,
2025-04-17,56.05313491821289,,,,,,
2025-04-21,57.53986740112305,,,,,,
2025-04-22,58.57369995117188,,,,,,
2025-04-23,57.88447952270508,,,,,,
2025-04-24,59.06600570678711,,,,,,
2025-04-25,57.04757690429688,,,,,,
2025-04-28,57.96324920654297,,,,,,
2025-04-29,58.52447128295898,,,,,,
2025-04-30,58.60323715209961,,,,,,
2025-05-01,58.59339141845703,,,,,,
2025-05-02,59.262916564941406,,,,,,
2025-05-05,60.15889739990234,,,,,,
2025-05-06,58.849388122558594,,,,,,
2025-05-07,57.81555938720703,,,,,,
2025-05-08,54.064239501953125,,,,,,
2025-05-09,55.70852279663086,,,,,,
2025-05-12,59.863529205322266,,,,,,
2025-05-13,59.22353363037109,,,,,,
2025-05-14,59.09553909301758,,,,,,
2025-05-15,60.87765884399414,,,,,,
2025-05-16,60.65119934082031,,,,,,
2025-05-19,60.9268913269043,,,,,,
2025-05-20,59.34168243408203,,,,,,
2025-05-21,59.15461730957031,,,,,,
2025-05-22,58.59339141845703,,,,,,
2025-05-23,60.27705383300781,,,,,,
2025-05-27,60.227821350097656,,,,,,
2025-05-28,59.7158317565918,,,,,,
2025-05-29,60.34597396850586,,,,,,
2025-05-30,59.75521469116211,,,,,,
2025-06-02,60.227821350097656,,,,,,
2025-06-03,58.888771057128906,,,,,,
2025-06-04,58.85923385620117,,,,,,
2025-06-05,59.292457580566406,,,,,,
2025-06-06,61.02534484863281,,,,,,
2025-06-09,61.65549087524414,,,,,,
2025-06-10,61.70471954345703,,,,,,
2025-06-11,61.7637939453125,,,,,,
2025-06-12,60.57243347167969,,,,,,
2025-06-13,58.977386474609375,,,,,,
2025-06-16,60.05059814453125,,,,,,
2025-06-17,58.386627197265625,,,,,,
2025-06-18,58.248783111572266,,,,,,
2025-06-20,58.53432083129883,,,,,,
2025-06-23,59.30229949951172,,,,,,
2025-06-24,60.42747497558594,,,,,,
2025-06-25,60.89177322387695,,,,,,
2025-06-26,62.47235107421875,,,,,,
2025-06-27,62.77858352661133,,,,,,
2025-06-30,62.30441284179688,,,,,,
2025-07-01,62.709434509277344,,,,,,
2025-07-02,62.22538375854492,,,,,,
2025-07-03,62.59089279174805,,,,,,
2025-07-07,61.52400207519531,,,,,,
2025-07-08,62.11671829223633,,,,,,
2025-07-09,62.1463508605957,,,,,,
2025-07-10,61.27703475952149,,,,,,
2025-07-11,60.37808227539063,,,,,,
2025-07-14,60.56577682495117,,,,,,
2025-07-15,60.318809509277344,,,,,,
2025-07-16,61.178253173828125,,,,,,
2025-07-17,60.66456604003906,,,,,,
2025-07-18,59.45936965942383,,,,,,
2025-07-21,60.02244567871094,,,,,,
2025-07-22,59.64706802368164,,,,,,
2025-07-23,59.91378784179688,,,,,,
2025-07-24,58.49126815795898,,,,,,
2025-07-25,57.74049377441406,,,,,,
2025-07-28,56.61433029174805,,,,,,
2025-07-29,57.08850860595703,,,,,,
2025-07-30,55.498046875,,,,,,
2025-07-31,55.35974884033203,,,,,,
2025-08-01,55.5079231262207,,,,,,
2025-08-04,54.9547233581543,,,,,,
2025-08-05,54.81642532348633,,,,,,
2025-08-06,54.46079635620117,,,,,,
2025-08-07,55.11278533935547,,,,,,
2025-08-08,54.10516357421875,,,,,,
2025-08-11,54.52006530761719,,,,,,
2025-08-12,54.88557815551758,,,,,,
2025-08-13,55.43877410888672,,,,,,
2025-08-14,54.796669006347656,,,,,,
2025-08-15,55.409141540527344,,,,,,
2025-08-18,56.960079193115234,,,,,,
2025-08-19,57.40462112426758,,,,,,
2025-08-20,57.64170837402344,,,,,,
2025-08-21,57.0786247253418,,,,,,
2025-08-22,57.04899215698242,,,,,,
2025-08-25,56.28833770751953,,,,,,
2025-08-26,54.88557815551758,,,,,,
2025-08-27,55.13253784179688,,,,,,
2025-08-28,54.87569427490234,,,,,,
2025-08-29,53.66062545776367,,,,,,
2025-09-02,54.40152359008789,,,,,,
2025-09-03,54.9547233581543,,,,,,
2025-09-04,54.8460578918457,,,,,,
2025-09-05,54.55957794189453,,,,,,
2025-09-08,55.46841430664063,,,,,,
2025-09-09,55.04363250732422,,,,,,
2025-09-10,55.97222518920898,,,,,,
2025-09-11,56.159915924072266,,,,,,
2025-09-12,55.95246124267578,,,,,,
2025-09-15,56.525428771972656,,,,,,
2025-09-16,57.42437744140625,,,,,,
2025-09-17,57.73060989379883,,,,,,
2025-09-18,57.16753005981445,,,,,,
2025-09-19,57.50340270996094,,,,,,
2025-09-22,56.59457778930664,,,,,,
2025-09-23,55.63379669189453,,,,,,
2025-09-24,54.74143600463867,,,,,,
2025-09-25,54.43406677246094,,,,,,
2025-09-26,53.92839431762695,,,,,,
2025-09-29,53.62102890014648,,,,,,
2025-09-30,53.53179550170898,,,,,,
2025-10-01,54.15644454956055,,,,,,
2025-10-02,54.00771713256836,,,,,,
2025-10-03,54.2655143737793,,,,,,
2025-10-06,54.87033462524414,,,,,,
2025-10-07,55.10829925537109,,,,,,
2025-10-08,54.59271240234375,,,,,,
2025-10-09,54.8802490234375,,,,,,
2025-10-10,54.83067321777344,,,,,,
2025-10-13,55.24711227416992,,,,,,
2025-10-14,54.761268615722656,,,,,,
2025-10-15,56.84344482421875,,,,,,
2025-10-16,57.40860748291016,,,,,,
2025-10-17,58.291053771972656,,,,,,
2025-10-20,58.86612701416016,,,,,,
2025-10-21,58.27122497558594,,,,,,
2025-10-22,59.90721893310547,,,,,,
2025-10-23,58.8463020324707,,,,,,
2025-10-24,58.27122497558594,,,,,,
2025-10-27,58.776893615722656,,,,,,
2025-10-28,58.35054397583008,,,,,,
2025-10-29,58.4496955871582,,,,,,
2025-10-30,57.78538131713867,,,,,,
2025-10-31,57.16073226928711,,,,,,
2025-11-03,57.69614791870117,,,,,,
2025-11-04,57.18055725097656,,,,,,
2025-11-05,57.73580551147461,,,,,,
2025-11-06,56.23862457275391,,,,,,
2025-11-07,56.46667098999024,,,,,,
2025-11-10,57.43835067749024,,,,,,
2025-11-11,58.69757461547852,,,,,,
2025-11-12,58.21173095703125,,,,,,
2025-11-13,57.28962707519531,,,,,,
2025-11-14,58.32080078125,,,,,,
2025-11-17,58.38029479980469,,,,,,
2025-11-18,58.21173095703125,,,,,,
2025-11-19,58.64800262451172,,,,,,
2025-11-20,58.21173095703125,,,,,,
2025-11-21,57.28962707519531,,,,,,
2025-11-24,57.309452056884766,,,,,,
2025-11-25,57.40860748291016,,,,,,
2025-11-26,58.25139236450195,,,,,,
2025-11-28,58.33071517944336,,,,,,
2025-12-01,57.42843627929688,,,,,,
2025-12-02,56.48649978637695,,,,,,
2025-12-03,55.61397171020508,,,,,,
2025-12-04,56.2881965637207,,,,,,
2025-12-05,56.71455001831055,,,,,,
2025-12-08,54.65219879150391,,,,,,
2025-12-09,55.20745086669922,,,,,,
2025-12-10,55.37600326538086,,,,,,
2025-12-11,55.851932525634766,,,,,,
2025-12-12,54.771183013916016,,,,,,
2025-12-15,54.84059143066406,,,,,,
2025-12-16,54.49355697631836,,,,,,
2025-12-17,54.572879791259766,,,,,,
2025-12-18,55.09838104248047,,,,,,
2025-12-19,56.88310241699219,,,,,,
2025-12-22,57.012001037597656,,,,,,
2025-12-23,57.46375274658203,,,,,,
2025-12-24,56.51845932006836,,,,,,
2025-12-26,56.18014526367188,,,,,,
2025-12-29,55.38410949707031,,,,,,
2025-12-30,55.75227737426758,,,,,,
2025-12-31,56.57816696166992,,,,,,
2026-01-02,57.61301040649414,,,,,,
2026-01-05,57.1353874206543,,,,,,
2026-01-06,56.54831314086914,,,,,,
2026-01-07,56.83687210083008,,,,,,
2026-01-08,55.802032470703125,,,,,,
2026-01-09,54.65773010253906,,,,,,
2026-01-12,55.20500183105469,,,,,,
2026-01-13,54.35921859741211,,,,,,
2026-01-14,54.81693649291992,,,,,,
2026-01-15,54.68758010864258,,,,,,
2026-01-16,53.85174560546875,,,,,,
2026-01-20,51.722354888916016,,,,,,
2026-01-21,51.214881896972656,,,,,,
2026-01-22,51.78205490112305,,,,,,
2026-01-23,50.65765380859375,,,,,,
2026-01-26,51.03577423095703,,,,,,
2026-01-27,51.583045959472656,,,,,,
2026-01-28,51.025821685791016,,,,,,
2026-01-29,51.34423828125,,,,,,
2026-01-30,51.583045959472656,,,,,,
2026-02-02,54.6378288269043,,,,,,
2026-02-03,54.35921859741211,,,,,,
2026-02-04,54.85674285888672,,,,,,
2026-02-05,53.94129943847656,,,,,,
2026-02-06,54.53832626342773,,,,,,
2026-02-09,54.906494140625,,,,,,
2026-02-10,55.44381713867188,,,,,,
2026-02-11,55.01594543457031,,,,,,
2026-02-12,54.06070709228516,,,,,,
2026-02-13,53.62288665771485,,,,,,
2026-02-17,54.399017333984375,,,,,,
2026-02-18,54.4786262512207,,,,,,
2026-02-19,52.40893173217773,,,,,,
2026-02-20,54.62788009643555,,,,,,
2026-02-23,52.97610855102539,,,,,,
2026-02-24,53.07561492919922,,,,,,
2026-02-25,53.23481750488281,,,,,,
2026-02-26,52.94625473022461,,,,,,
2026-02-27,52.32933044433594,,,,,,
2026-03-02,49.602909088134766,,,,,,
2026-03-03,48.23970031738281,,,,,,
2026-03-04,48.28945159912109,,,,,,
2026-03-05,48.48846435546875,,,,,,
2026-03-06,47.73223114013672,,,,,,
2026-03-09,47.58297348022461,,,,,,
2026-03-10,47.59292602539063,,,,,,
2026-03-11,46.23966598510742,,,,,,
2026-03-12,44.8764533996582,,,,,,
2026-03-13,43.94111633300781,,,,,,
2026-03-16,44.966007232666016,,,,,,
2026-03-17,44.88640213012695,,,,,,
2026-03-18,43.28438568115234,,,,,,
2026-03-19,42.90626907348633,,,,,,
2026-03-20,41.224647521972656,,,,,,
2026-03-23,43.13512802124024,,,,,,
2026-03-24,40.754302978515625,,,,,,
2026-03-25,42.64938735961914,,,,,,
2026-03-26,41.23306274414063,,,,,,
2026-03-27,39.74691390991211,,,,,,
2026-03-30,39.03875350952149,,,,,,
2026-03-31,41.43254470825195,,,,,,
2026-04-01,41.39264678955078,,,,,,
2026-04-02,41.16324234008789,,,,,,
2026-04-06,42.25042343139648,,,,,,
2026-04-07,42.45988082885742,,,,,,
2026-04-08,45.91093063354492,,,,,,
2026-04-09,45.40224838256836,,,,,,
2026-04-10,45.94085311889648,,,,,,
2026-04-13,45.9608039855957,,,,,,
2026-04-14,46.50938034057617,,,,,,
2026-04-15,47.12777328491211,,,,,,
2026-04-16,47.177642822265625,,,,,,
2026-04-17,49.491641998291016,,,,,,
2026-04-20,48.015472412109375,,,,,,
2026-04-21,46.67893600463867,,,,,,
2026-04-22,47.09785461425781,,,,,,
2026-04-23,45.9608039855957,,,,,,
2026-04-24,46.11041259765625,,,,,,
2026-04-27,45.871036529541016,,,,,,
2026-04-28,45.511966705322266,,,,,,
2026-04-29,45.10302734375,,,,,,
2026-04-30,45.81118774414063,,,,,,
2026-05-01,45.30250549316406,,,,,,
2026-05-04,44.3848876953125,,,,,,
2026-05-05,45.29253387451172,,,,,,
2026-05-06,46.95821762084961,,,,,,
2026-05-07,46.479454040527344,,,,,,
2026-05-08,46.48942947387695,,,,,,
2026-05-11,43.96597671508789,,,,,,
2026-05-12,42.31026840209961,,,,,,
2026-05-13,43.09822463989258,,,,,,
2026-05-14,43.83631134033203,,,,,,
2026-05-15,43.08825302124024,,,,,,
2026-05-18,42.74913024902344,,,,,,
2026-05-19,41.821537017822266,,,,,,
2026-05-20,43.07827377319336,,,,,,
2026-05-21,43.128150939941406,,,,,,
2026-05-22,43.68669891357422,,,,,,
2026-05-26,43.98591995239258,,,,,,
2026-05-27,43.97594833374024,,,,,,
2026-05-28,44.16545486450195,,,,,,
2026-05-29,43.98591995239258,,,,,,
2026-06-01,43.068302154541016,,,,,,
2026-06-02,42.99848556518555,,,,,,
2026-06-03,41.78163909912109,,,,,,
2026-06-04,42.92866516113281,,,,,,
2026-06-05,41.78163909912109,,,,,,
2026-06-08,41.43254470825195,,,,,,
2026-06-09,42.11078643798828,,,,,,
2026-06-10,41.64200210571289,,,,,,
2026-06-11,42.41001129150391,,,,,,
2026-06-12,43.3575553894043,,,,,,
2026-06-15,45.16286849975586,,,,,,
2026-06-16,45.37232971191406,,,,,,
2026-06-17,44.71403503417969,,,,,,
2026-06-18,45.64162826538086,,,,,,
2026-06-22,46.27000045776367,,,,,,
2026-06-23,44.65999984741211,,,,,,
2026-06-24,45.63999938964844,,,,,,
2026-06-25,45.31999969482422,,,,,,
2026-06-26,45.52000045776367,,,,,,
2026-06-29,44.81999969482422,,,,,,
2026-06-30,45.13999938964844,,,,,,
2026-07-01,44.75,,,,,,
2026-07-02,45.45000076293945,,,,,,
2026-07-06,46.0,,,,,,
2026-07-07,44.99,,,,,,
2026-07-08,43.72,,,,,,
2026-07-09,44.49,,,,,,
2026-07-10,44.88,,,,,,
2026-07-13,43.99,,,,,,
2026-07-14,43.8,,,,,,
2026-07-15,43.88,,,,,,
2026-07-16,43.71,,,,,,
2026-07-17,44.19,,,,,,
2026-07-20,43.54,,,,,,
2026-07-21,43.82,,,,,,
2026-07-22,42.84,,,,,,
2026-07-23,41.8,,,,,,
2026-07-24,42.48,,,,,,
2026-07-27,44.06,,,,,,
2026-07-28,44.83,,,,,,
2026-07-29,44.38,,,,,,
2026-07-30,45.37,,,,,,
2026-07-31,45.74,,,,,,
2026-08-03,46.23,,,,,,
2026-08-04,46.87,,,,,,
2026-08-05,46.48,,,,,,
2026-08-06,46.1,,,,,,
2026-08-07,46.57,,,,,,
2026-08-10,46.16,,,,,,
2026-08-11,46.02,,,,,,
2026-08-12,45.72,,,,,,
2026-08-13,45.84,,,,,,
2026-08-14,45.5,,,,,,
2026-08-17,45.13,,,,,,
2026-08-18,44.77,,,,,,
2026-08-19,45.05,,,,,,
2026-08-20,45.04,,,,,,
2026-08-21,45.2,,,,,,
2026-08-24,44.65,,,,,,
2026-08-25,46.22,,,,,,
2026-08-26,45.29,,,,,,
2026-08-27,44.91,,,,,,
2026-08-28,44.99,,,,,,
2026-08-31,45.21,45.56,45.56,45.07,9228.0,45.215,32.0
2026-09-01,44.95,44.84,45.35,44.84,14116.0,45.262,32.0
