date,close,open,high,low,volume,average,barCount
2000-05-26,32.59064865112305,,,,,,
2000-05-30,33.7935676574707,,,,,,
2000-05-31,33.91610336303711,,,,,,
2000-06-01,34.68462371826172,,,,,,
2000-06-02,36.48903274536133,,,,,,
2000-06-05,36.35538864135742,,,,,,
2000-06-06,36.71180725097656,,,,,,
2000-06-07,36.75636672973633,,,,,,
2000-06-08,36.667259216308594,,,,,,
2000-06-09,37.31326675415039,,,,,,
2000-06-12,36.205020904541016,,,,,,
2000-06-13,36.667259216308594,,,,,,
2000-06-14,36.48903274536133,,,,,,
2000-06-15,36.53359603881836,,,,,,
2000-06-16,36.33311462402344,,,,,,
2000-06-19,37.24644470214844,,,,,,
2000-06-20,37.49148178100586,,,,,,
2000-06-21,37.691192626953125,,,,,,
2000-06-22,36.554443359375,,,,,,
2000-06-23,36.30925750732422,,,,,,
2000-06-26,36.75506210327149,,,,,,
2000-06-27,36.17552947998047,,,,,,
2000-06-28,37.08938980102539,,,,,,
2000-06-29,36.50984573364258,,,,,,
2000-06-30,36.86092376708984,,,,,,
2000-07-03,37.379154205322266,,,,,,
2000-07-05,36.95565414428711,,,,,,
2000-07-06,37.39029693603516,,,,,,
2000-07-07,37.62433624267578,,,,,,
2000-07-10,37.86953353881836,,,,,,
2000-07-11,37.82495880126953,,,,,,
2000-07-12,38.58277130126953,,,,,,
2000-07-13,38.70534133911133,,,,,,
2000-07-14,38.7387924194336,,,,,,
2000-07-17,38.87251663208008,,,,,,
2000-07-18,38.203857421875,,,,,,
2000-07-19,37.53515625,,,,,,
2000-07-20,38.15928268432617,,,,,,
2000-07-21,37.11167144775391,,,,,,
2000-07-24,36.57114028930664,,,,,,
2000-07-25,36.64360046386719,,,,,,
2000-07-26,36.57674026489258,,,,,,
2000-07-27,35.573707580566406,,,,,,
2000-07-28,34.949607849121094,,,,,,
2000-07-31,35.841182708740234,,,,,,
2000-08-01,35.60716247558594,,,,,,
2000-08-02,35.66286087036133,,,,,,
2000-08-03,35.640567779541016,,,,,,
2000-08-04,35.81888961791992,,,,,,
2000-08-07,36.48199462890625,,,,,,
2000-08-08,36.30925750732422,,,,,,
2000-08-09,36.047359466552734,,,,,,
2000-08-10,35.841182708740234,,,,,,
2000-08-11,36.465274810791016,,,,,,
2000-08-14,36.84419631958008,,,,,,
2000-08-15,36.30925750732422,,,,,,
2000-08-16,36.48755645751953,,,,,,
2000-08-17,36.8219108581543,,,,,,
2000-08-18,36.76618194580078,,,,,,
2000-08-21,36.8999252319336,,,,,,
2000-08-22,36.84419631958008,,,,,,
2000-08-23,36.78848648071289,,,,,,
2000-08-24,37.334571838378906,,,,,,
2000-08-25,37.4905891418457,,,,,,
2000-08-28,37.55745697021485,,,,,,
2000-08-29,37.914100646972656,,,,,,
2000-08-30,37.95867156982422,,,,,,
2000-08-31,38.33756637573242,,,,,,
2000-09-01,38.649635314941406,,,,,,
2000-09-05,38.38216400146485,,,,,,
2000-09-06,38.21498107910156,,,,,,
2000-09-07,38.78337478637695,,,,,,
2000-09-08,38.11467742919922,,,,,,
2000-09-11,38.15928268432617,,,,,,
2000-09-12,38.03669357299805,,,,,,
2000-09-13,38.22614288330078,,,,,,
2000-09-14,38.44902420043945,,,,,,
2000-09-15,37.73577499389648,,,,,,
2000-09-18,36.84419631958008,,,,,,
2000-09-19,37.446022033691406,,,,,,
2000-09-20,37.1484603881836,,,,,,
2000-09-21,36.45515060424805,,,,,,
2000-09-22,36.92481231689453,,,,,,
2000-09-25,36.96954727172852,,,,,,
2000-09-26,36.44396209716797,,,,,,
2000-09-27,36.27623748779297,,,,,,
2000-09-28,37.26029968261719,,,,,,
2000-09-29,37.08137893676758,,,,,,
2000-10-02,36.477535247802734,,,,,,
2000-10-03,35.94635009765625,,,,,,
2000-10-04,36.19795227050781,,,,,,
2000-10-05,35.82890701293945,,,,,,
2000-10-06,34.95668411254883,,,,,,
2000-10-09,34.87841796875,,,,,,
2000-10-10,34.03972625732422,,,,,,
2000-10-11,33.92788314819336,,,,,,
2000-10-12,32.89910125732422,,,,,,
2000-10-13,34.17390823364258,,,,,,
2000-10-16,34.44229507446289,,,,,,
2000-10-17,33.575645446777344,,,,,,
2000-10-18,33.30167388916016,,,,,,
2000-10-19,34.33046340942383,,,,,,
2000-10-20,34.766578674316406,,,,,,
2000-10-23,35.11323928833008,,,,,,
2000-10-24,34.59884262084961,,,,,,
2000-10-25,33.82725143432617,,,,,,
2000-10-26,34.35282897949219,,,,,,
2000-10-27,34.37517166137695,,,,,,
2000-10-30,34.531761169433594,,,,,,
2000-10-31,35.42635726928711,,,,,,
2000-11-01,35.4487190246582,,,,,,
2000-11-02,36.29860305786133,,,,,,
2000-11-03,36.25386428833008,,,,,,
2000-11-06,35.974300384521484,,,,,,
2000-11-07,36.27623748779297,,,,,,
2000-11-08,35.627662658691406,,,,,,
2000-11-09,35.2474365234375,,,,,,
2000-11-10,34.35282897949219,,,,,,
2000-11-13,34.00615692138672,,,,,,
2000-11-14,34.82248306274414,,,,,,
2000-11-15,35.26980209350586,,,,,,
2000-11-16,34.2465934753418,,,,,,
2000-11-17,34.46466445922852,,,,,,
2000-11-20,33.5700569152832,,,,,,
2000-11-21,33.374351501464844,,,,,,
2000-11-22,32.67543029785156,,,,,,
2000-11-24,33.59241485595703,,,,,,
2000-11-27,33.687461853027344,,,,,,
2000-11-28,32.67543029785156,,,,,,
2000-11-29,32.585975646972656,,,,,,
2000-11-30,31.89266967773437,,,,,,
2000-12-01,32.608341217041016,,,,,,
2000-12-04,32.250492095947266,,,,,,
2000-12-05,33.81605911254883,,,,,,
2000-12-06,33.033294677734375,,,,,,
2000-12-07,32.94384002685547,,,,,,
2000-12-08,33.39113998413086,,,,,,
2000-12-11,34.911949157714844,,,,,,
2000-12-12,34.151554107666016,,,,,,
2000-12-13,33.51557922363281,,,,,,
2000-12-14,32.981990814208984,,,,,,
2000-12-15,32.80225372314453,,,,,,
2000-12-18,33.29652404785156,,,,,,
2000-12-19,32.712379455566406,,,,,,
2000-12-20,31.67887306213379,,,,,,
2000-12-21,31.92601203918457,,,,,,
2000-12-22,33.25159454345703,,,,,,
2000-12-26,33.442569732666016,,,,,,
2000-12-27,34.33002471923828,,,,,,
2000-12-28,35.43092346191406,,,,,,
2000-12-29,34.41988754272461,,,,,,
2001-01-02,33.2178955078125,,,,,,
2001-01-03,34.594017028808594,,,,,,
2001-01-04,34.1502799987793,,,,,,
2001-01-05,33.09433364868164,,,,,,
2001-01-08,33.20665740966797,,,,,,
2001-01-09,33.156105041503906,,,,,,
2001-01-10,34.217708587646484,,,,,,
2001-01-11,34.68390655517578,,,,,,
2001-01-12,34.77936935424805,,,,,,
2001-01-16,35.475852966308594,,,,,,
2001-01-17,35.453407287597656,,,,,,
2001-01-18,35.58818435668945,,,,,,
2001-01-19,34.9591064453125,,,,,,
2001-01-22,35.20624542236328,,,,,,
2001-01-23,36.082462310791016,,,,,,
2001-01-24,35.94765853881836,,,,,,
2001-01-25,35.8128547668457,,,,,,
2001-01-26,35.8128547668457,,,,,,
2001-01-29,36.54080581665039,,,,,,
2001-01-30,36.778053283691406,,,,,,
2001-01-31,36.27120971679688,,,,,,
2001-02-01,36.53721618652344,,,,,,
2001-02-02,35.72119903564453,,,,,,
2001-02-05,35.7930908203125,,,,,,
2001-02-06,36.36107635498047,,,,,,
2001-02-07,36.450958251953125,,,,,,
2001-02-08,35.90451431274414,,,,,,
2001-02-09,35.444419860839844,,,,,,
2001-02-12,36.23526382446289,,,,,,
2001-02-13,35.89374542236328,,,,,,
2001-02-14,36.27120971679688,,,,,,
2001-02-15,36.450958251953125,,,,,,
2001-02-16,35.663673400878906,,,,,,
2001-02-20,35.250301361083984,,,,,,
2001-02-21,34.63556671142578,,,,,,
2001-02-22,34.1502799987793,,,,,,
2001-02-23,34.222171783447266,,,,,,
2001-02-26,34.977088928222656,,,,,,
2001-02-27,34.34800720214844,,,,,,
2001-02-28,33.844730377197266,,,,,,
2001-03-01,34.078407287597656,,,,,,
2001-03-02,34.16826629638672,,,,,,
2001-03-05,34.04244613647461,,,,,,
2001-03-06,34.54571533203125,,,,,,
2001-03-07,34.72544479370117,,,,,,
2001-03-08,34.437870025634766,,,,,,
2001-03-09,33.82696914672852,,,,,,
2001-03-12,32.86881256103516,,,,,,
2001-03-13,33.21098327636719,,,,,,
2001-03-14,32.41853713989258,,,,,,
2001-03-15,32.292484283447266,,,,,,
2001-03-16,31.698148727416992,,,,,,
2001-03-19,32.526615142822266,,,,,,
2001-03-20,31.770174026489254,,,,,,
2001-03-21,31.283897399902344,,,,,,
2001-03-22,30.97772789001465,,,,,,
2001-03-23,31.788179397583008,,,,,,
2001-03-26,32.22044372558594,,,,,,
2001-03-27,32.47978973388672,,,,,,
2001-03-28,31.608097076416016,,,,,,
2001-03-29,31.662109375,,,,,,
2001-03-30,32.27447891235352,,,,,,
2001-04-02,31.518035888671875,,,,,,
2001-04-03,30.44822883605957,,,,,,
2001-04-04,30.545488357543945,,,,,,
2001-04-05,32.022342681884766,,,,,,
2001-04-06,31.12179183959961,,,,,,
2001-04-09,31.806215286254883,,,,,,
2001-04-10,32.56262969970703,,,,,,
2001-04-11,32.34650421142578,,,,,,
2001-04-12,32.74274444580078,,,,,,
2001-04-16,32.15199661254883,,,,,,
2001-04-17,32.670684814453125,,,,,,
2001-04-18,33.6252326965332,,,,,,
2001-04-19,33.99984359741211,,,,,,
2001-04-20,33.603641510009766,,,,,,
2001-04-23,32.99488830566406,,,,,,
2001-04-24,33.24702072143555,,,,,,
2001-04-25,33.96744537353516,,,,,,
2001-04-26,34.4537239074707,,,,,,
2001-04-27,34.903961181640625,,,,,,
2001-04-30,34.93999481201172,,,,,,
2001-05-01,35.37223434448242,,,,,,
2001-05-02,35.28219985961914,,,,,,
2001-05-03,34.84636688232422,,,,,,
2001-05-04,35.33620071411133,,,,,,
2001-05-07,35.12010192871094,,,,,,
2001-05-08,35.30022048950195,,,,,,
2001-05-09,35.084083557128906,,,,,,
2001-05-10,35.12010192871094,,,,,,
2001-05-11,34.91115951538086,,,,,,
2001-05-14,34.903961181640625,,,,,,
2001-05-15,35.24615859985352,,,,,,
2001-05-16,35.9233512878418,,,,,,
2001-05-17,36.29436111450195,,,,,,
2001-05-18,36.434844970703125,,,,,,
2001-05-21,37.06520462036133,,,,,,
2001-05-22,37.24532699584961,,,,,,
2001-05-23,36.38081741333008,,,,,,
2001-05-24,36.759033203125,,,,,,
2001-05-25,36.488895416259766,,,,,,
2001-05-29,36.02061080932617,,,,,,
2001-05-30,35.55234146118164,,,,,,
2001-05-31,35.69641876220703,,,,,,
2001-06-01,36.11786651611328,,,,,,
2001-06-04,36.58973693847656,,,,,,
2001-06-05,37.10124206542969,,,,,,
2001-06-06,36.86709213256836,,,,,,
2001-06-07,37.0219955444336,,,,,,
2001-06-08,36.80670928955078,,,,,,
2001-06-11,36.319091796875,,,,,,
2001-06-12,36.40938949584961,,,,,,
2001-06-13,36.35882186889648,,,,,,
2001-06-14,35.45220947265625,,,,,,
2001-06-15,35.66891860961914,,,,,,
2001-06-18,35.39801788330078,,,,,,
2001-06-19,35.28966522216797,,,,,,
2001-06-20,35.70503616333008,,,,,,
2001-06-21,35.755592346191406,,,,,,
2001-06-22,35.10904312133789,,,,,,
2001-06-25,34.86344909667969,,,,,,
2001-06-26,35.39801788330078,,,,,,
2001-06-27,35.74116516113281,,,,,,
2001-06-28,36.19266891479492,,,,,,
2001-06-29,36.80670928955078,,,,,,
2001-07-02,35.975929260253906,,,,,,
2001-07-03,35.75922393798828,,,,,,
2001-07-05,35.28966522216797,,,,,,
2001-07-06,34.63947677612305,,,,,,
2001-07-09,34.964576721191406,,,,,,
2001-07-10,34.31439971923828,,,,,,
2001-07-11,34.31439971923828,,,,,,
2001-07-12,35.15599822998047,,,,,,
2001-07-13,35.325775146484375,,,,,,
2001-07-16,34.729774475097656,,,,,,
2001-07-17,35.41607666015625,,,,,,
2001-07-18,34.74784469604492,,,,,,
2001-07-19,35.03682327270508,,,,,,
2001-07-20,35.03682327270508,,,,,,
2001-07-23,34.783973693847656,,,,,,
2001-07-24,34.20603942871094,,,,,,
2001-07-25,34.40469741821289,,,,,,
2001-07-26,34.91039276123047,,,,,,
2001-07-27,34.8562126159668,,,,,,
2001-07-30,34.80202102661133,,,,,,
2001-07-31,34.758697509765625,,,,,,
2001-08-01,35.28966522216797,,,,,,
2001-08-02,35.18128204345703,,,,,,
2001-08-03,35.09097671508789,,,,,,
2001-08-06,34.60336685180664,,,,,,
2001-08-07,34.63947677612305,,,,,,
2001-08-08,33.862892150878906,,,,,,
2001-08-09,34.20603942871094,,,,,,
2001-08-10,34.1699104309082,,,,,,
2001-08-13,34.45888900756836,,,,,,
2001-08-14,34.56724166870117,,,,,,
2001-08-15,34.523895263671875,,,,,,
2001-08-16,34.74784469604492,,,,,,
2001-08-17,34.20603942871094,,,,,,
2001-08-20,34.58529281616211,,,,,,
2001-08-21,33.98932266235352,,,,,,
2001-08-22,34.44083404541016,,,,,,
2001-08-23,33.98932266235352,,,,,,
2001-08-24,34.71169662475586,,,,,,
2001-08-27,34.58529281616211,,,,,,
2001-08-28,34.20603942871094,,,,,,
2001-08-29,34.06155014038086,,,,,,
2001-08-30,33.63173294067383,,,,,,
2001-08-31,33.91345977783203,,,,,,
2001-09-04,33.591983795166016,,,,,,
2001-09-05,33.35721969604492,,,,,,
2001-09-06,32.58062744140625,,,,,,
2001-09-07,31.97739601135254,,,,,,
2001-09-10,31.731809616088867,,,,,,
2001-09-17,30.16056632995605,,,,,,
2001-09-18,29.67293739318848,,,,,,
2001-09-19,28.954139709472656,,,,,,
2001-09-20,27.85247230529785,,,,,,
2001-09-21,27.32871437072754,,,,,,
2001-09-24,28.173927307128903,,,,,,
2001-09-25,28.517070770263672,,,,,,
2001-09-26,28.09446907043457,,,,,,
2001-09-27,28.54597282409668,,,,,,
2001-09-28,28.96857261657715,,,,,,
2001-10-01,28.821382522583008,,,,,,
2001-10-02,29.136798858642575,,,,,,
2001-10-03,29.800243377685547,,,,,,
2001-10-04,30.097501754760746,,,,,,
2001-10-05,29.94522857666016,,,,,,
2001-10-08,29.67334747314453,,,,,,
2001-10-09,29.426816940307617,,,,,,
2001-10-10,30.45279312133789,,,,,,
2001-10-11,30.94220352172852,,,,,,
2001-10-12,30.844327926635746,,,,,,
2001-10-15,30.9603328704834,,,,,,
2001-10-16,31.37724876403809,,,,,,
2001-10-17,30.489032745361328,,,,,,
2001-10-18,30.29327392578125,,,,,,
2001-10-19,30.67032241821289,,,,,,
2001-10-22,30.945838928222656,,,,,,
2001-10-23,30.742807388305664,,,,,,
2001-10-24,30.94220352172852,,,,,,
2001-10-25,31.63102912902832,,,,,,
2001-10-26,31.63102912902832,,,,,,
2001-10-29,30.996606826782227,,,,,,
2001-10-30,30.34402847290039,,,,,,
2001-10-31,30.85157012939453,,,,,,
2001-11-01,31.39536666870117,,,,,,
2001-11-02,31.177854537963867,,,,,,
2001-11-05,31.63102912902832,,,,,,
2001-11-06,32.08418655395508,,,,,,
2001-11-07,31.866668701171875,,,,,,
2001-11-08,31.794160842895508,,,,,,
2001-11-09,31.685401916503903,,,,,,
2001-11-12,31.812299728393555,,,,,,
2001-11-13,32.392333984375,,,,,,
2001-11-14,32.71500396728516,,,,,,
2001-11-15,32.591739654541016,,,,,,
2001-11-16,32.62436294555664,,,,,,
2001-11-19,32.990516662597656,,,,,,
2001-11-20,32.802005767822266,,,,,,
2001-11-21,32.68960189819336,,,,,,
2001-11-23,33.1645393371582,,,,,,
2001-11-26,33.33493423461914,,,,,,
2001-11-27,33.226158142089844,,,,,,
2001-11-28,32.64609909057617,,,,,,
2001-11-29,33.6068229675293,,,,,,
2001-11-30,33.208045959472656,,,,,,
2001-12-03,32.990516662597656,,,,,,
2001-12-04,33.751834869384766,,,,,,
2001-12-05,34.49504089355469,,,,,,
2001-12-06,34.98445129394531,,,,,,
2001-12-07,34.71980667114258,,,,,,
2001-12-10,34.11798858642578,,,,,,
2001-12-11,34.31378173828125,,,,,,
2001-12-12,34.368160247802734,,,,,,
2001-12-13,33.755470275878906,,,,,,
2001-12-14,34.14087677001953,,,,,,
2001-12-17,34.795310974121094,,,,,,
2001-12-18,35.104400634765625,,,,,,
2001-12-19,34.831687927246094,,,,,,
2001-12-20,34.28630065917969,,,,,,
2001-12-21,34.977134704589844,,,,,,
2001-12-24,35.14072799682617,,,,,,
2001-12-26,35.44978713989258,,,,,,
2001-12-27,35.59521484375,,,,,,
2001-12-28,35.631591796875,,,,,,
2001-12-31,35.03166580200195,,,,,,
2002-01-02,35.35525131225586,,,,,,
2002-01-03,35.84609603881836,,,,,,
2002-01-04,36.15878677368164,,,,,,
2002-01-07,35.57703399658203,,,,,,
2002-01-08,35.99515914916992,,,,,,
2002-01-09,35.631591796875,,,,,,
2002-01-10,35.84972381591797,,,,,,
2002-01-11,35.4134407043457,,,,,,
2002-01-14,34.88622283935547,,,,,,
2002-01-15,35.12255859375,,,,,,
2002-01-16,34.409908294677734,,,,,,
2002-01-17,34.577171325683594,,,,,,
2002-01-18,34.14087677001953,,,,,,
2002-01-22,33.922733306884766,,,,,,
2002-01-23,34.39537811279297,,,,,,
2002-01-24,34.668067932128906,,,,,,
2002-01-25,34.64262008666992,,,,,,
2002-01-28,34.868038177490234,,,,,,
2002-01-29,34.25358963012695,,,,,,
2002-01-30,34.68262481689453,,,,,,
2002-01-31,34.977134704589844,,,,,,
2002-02-01,34.77715301513672,,,,,,
2002-02-04,33.95907974243164,,,,,,
2002-02-05,33.82817840576172,,,,,,
2002-02-06,33.45005798339844,,,,,,
2002-02-07,33.01374435424805,,,,,,
2002-02-08,33.8863525390625,,,,,,
2002-02-11,34.035423278808594,,,,,,
2002-02-12,34.108158111572266,,,,,,
2002-02-13,34.431732177734375,,,,,,
2002-02-14,33.99543762207031,,,,,,
2002-02-15,33.94453811645508,,,,,,
2002-02-19,33.28644561767578,,,,,,
2002-02-20,33.84999465942383,,,,,,
2002-02-21,33.126441955566406,,,,,,
2002-02-22,33.722755432128906,,,,,,
2002-02-25,33.933624267578125,,,,,,
2002-02-26,34.093597412109375,,,,,,
2002-02-27,34.24995803833008,,,,,,
2002-02-28,33.8863525390625,,,,,,
2002-03-01,34.72262191772461,,,,,,
2002-03-04,35.268001556396484,,,,,,
2002-03-05,35.34796524047852,,,,,,
2002-03-06,35.77701568603516,,,,,,
2002-03-07,35.81338119506836,,,,,,
2002-03-08,36.175575256347656,,,,,,
2002-03-11,36.18282699584961,,,,,,
2002-03-12,36.12459182739258,,,,,,
2002-03-13,35.81884002685547,,,,,,
2002-03-14,35.98264694213867,,,,,,
2002-03-15,36.12822723388672,,,,,,
2002-03-18,36.33208847045898,,,,,,
2002-03-19,36.5650634765625,,,,,,
2002-03-20,35.989925384521484,,,,,,
2002-03-21,36.59416198730469,,,,,,
2002-03-22,36.32846450805664,,,,,,
2002-03-25,35.88798904418945,,,,,,
2002-03-26,36.29205703735352,,,,,,
2002-03-27,36.63058853149414,,,,,,
2002-03-28,36.43764877319336,,,,,,
2002-04-01,36.47405624389648,,,,,,
2002-04-02,36.24108505249024,,,,,,
2002-04-03,35.98264694213867,,,,,,
2002-04-04,36.12459182739258,,,,,,
2002-04-05,36.07365417480469,,,,,,
2002-04-08,36.5250244140625,,,,,,
2002-04-09,36.39033889770508,,,,,,
2002-04-10,37.09285736083984,,,,,,
2002-04-11,36.49953079223633,,,,,,
2002-04-12,37.31127548217773,,,,,,
2002-04-15,37.03827667236328,,,,,,
2002-04-16,37.96650695800781,,,,,,
2002-04-17,37.64616394042969,,,,,,
2002-04-18,37.48601531982422,,,,,,
2002-04-19,37.4568977355957,,,,,,
2002-04-22,36.96183776855469,,,,,,
2002-04-23,37.09285736083984,,,,,,
2002-04-24,36.77982711791992,,,,,,
2002-04-25,36.87812042236328,,,,,,
2002-04-26,36.17193222045898,,,,,,
2002-04-29,36.28112030029297,,,,,,
2002-04-30,36.874488830566406,,,,,,
2002-05-01,37.1292724609375,,,,,,
2002-05-02,37.25666809082031,,,,,,
2002-05-03,37.09285736083984,,,,,,
2002-05-06,36.38307189941406,,,,,,
2002-05-07,36.120975494384766,,,,,,
2002-05-08,36.98367691040039,,,,,,
2002-05-09,36.31026458740234,,,,,,
2002-05-10,35.72055435180664,,,,,,
2002-05-13,36.18282699584961,,,,,,
2002-05-14,37.27488708496094,,,,,,
2002-05-15,37.23849487304688,,,,,,
2002-05-16,36.79801559448242,,,,,,
2002-05-17,36.9108772277832,,,,,,
2002-05-20,36.44495391845703,,,,,,
2002-05-21,35.89162063598633,,,,,,
2002-05-22,35.67323684692383,,,,,,
2002-05-23,36.38307189941406,,,,,,
2002-05-24,35.80791473388672,,,,,,
2002-05-28,35.7169075012207,,,,,,
2002-05-29,35.261898040771484,,,,,,
2002-05-30,35.38928985595703,,,,,,
2002-05-31,35.127220153808594,,,,,,
2002-06-03,34.30819320678711,,,,,,
2002-06-04,34.31546401977539,,,,,,
2002-06-05,34.435577392578125,,,,,,
2002-06-06,33.765804290771484,,,,,,
2002-06-07,34.07156753540039,,,,,,
2002-06-10,34.035179138183594,,,,,,
2002-06-11,33.48916244506836,,,,,,
2002-06-12,33.59834671020508,,,,,,
2002-06-13,33.12513732910156,,,,,,
2002-06-14,33.395591735839844,,,,,,
2002-06-17,34.17300796508789,,,,,,
2002-06-18,34.26791000366211,,,,,,
2002-06-19,33.57809066772461,,,,,,
2002-06-20,33.50508117675781,,,,,,
2002-06-21,33.43207931518555,,,,,,
2002-06-24,33.32623672485352,,,,,,
2002-06-25,32.855411529541016,,,,,,
2002-06-26,32.83718490600586,,,,,,
2002-06-27,33.46859359741211,,,,,,
2002-06-28,33.08536911010742,,,,,,
2002-07-01,32.41014862060547,,,,,,
2002-07-02,31.435657501220703,,,,,,
2002-07-03,31.05973625183105,,,,,,
2002-07-05,32.0889778137207,,,,,,
2002-07-08,31.424707412719727,,,,,,
2002-07-09,31.30425453186035,,,,,,
2002-07-10,30.442934036254883,,,,,,
2002-07-11,30.205659866333008,,,,,,
2002-07-12,29.946563720703125,,,,,,
2002-07-15,29.76041412353516,,,,,,
2002-07-16,29.56331443786621,,,,,,
2002-07-17,29.83704948425293,,,,,,
2002-07-18,28.796838760375977,,,,,,
2002-07-19,28.194637298583984,,,,,,
2002-07-22,27.632568359375,,,,,,
2002-07-23,26.1872615814209,,,,,,
2002-07-24,27.73842430114746,,,,,,
2002-07-25,27.519432067871094,,,,,,
2002-07-26,27.957408905029297,,,,,,
2002-07-29,29.03409767150879,,,,,,
2002-07-30,29.121694564819336,,,,,,
2002-07-31,28.669103622436523,,,,,,
2002-08-01,28.249380111694336,,,,,,
2002-08-02,27.362491607666016,,,,,,
2002-08-05,26.63251495361328,,,,,,
2002-08-06,27.793176651000977,,,,,,
2002-08-07,27.899005889892575,,,,,,
2002-08-08,28.34793281555176,,,,,,
2002-08-09,28.1070556640625,,,,,,
2002-08-12,28.1763916015625,,,,,,
2002-08-13,27.37342834472656,,,,,,
2002-08-14,28.35159492492676,,,,,,
2002-08-15,28.380783081054688,,,,,,
2002-08-16,28.815105438232425,,,,,,
2002-08-19,29.21656990051269,,,,,,
2002-08-20,29.07058334350586,,,,,,
2002-08-21,29.665504455566406,,,,,,
2002-08-22,29.85529899597168,,,,,,
2002-08-23,29.07058334350586,,,,,,
2002-08-26,29.599796295166016,,,,,,
2002-08-27,29.03409767150879,,,,,,
2002-08-28,28.468374252319336,,,,,,
2002-08-29,28.680051803588867,,,,,,
2002-08-30,28.486616134643555,,,,,,
2002-09-03,27.64716911315918,,,,,,
2002-09-04,28.231136322021484,,,,,,
2002-09-05,27.665414810180664,,,,,,
2002-09-06,28.577869415283203,,,,,,
2002-09-09,28.490270614624023,,,,,,
2002-09-10,28.669103622436523,,,,,,
2002-09-11,28.577869415283203,,,,,,
2002-09-12,28.103391647338867,,,,,,
2002-09-13,28.453466415405277,,,,,,
2002-09-16,28.123899459838867,,,,,,
2002-09-17,27.739398956298828,,,,,,
2002-09-18,27.666162490844727,,,,,,
2002-09-19,26.655447006225582,,,,,,
2002-09-20,26.768972396850582,,,,,,
2002-09-23,26.109819412231445,,,,,,
2002-09-24,25.90842628479004,,,,,,
2002-09-25,26.69573402404785,,,,,,
2002-09-26,27.04728507995605,,,,,,
2002-09-27,26.38446807861328,,,,,,
2002-09-30,26.20137405395508,,,,,,
2002-10-01,27.04362678527832,,,,,,
2002-10-02,26.38446807861328,,,,,,
2002-10-03,26.098827362060547,,,,,,
2002-10-04,25.377416610717773,,,,,,
2002-10-07,24.69629669189453,,,,,,
2002-10-08,24.88305282592773,,,,,,
2002-10-09,23.83939743041992,,,,,,
2002-10-10,24.53518867492676,,,,,,
2002-10-11,25.15770530700684,,,,,,
2002-10-14,25.32616806030273,,,,,,
2002-10-15,26.34784698486328,,,,,,
2002-10-16,25.688692092895508,,,,,,
2002-10-17,26.457704544067383,,,,,,
2002-10-18,26.512636184692383,,,,,,
2002-10-21,26.86052131652832,,,,,,
2002-10-22,26.51630210876465,,,,,,
2002-10-23,26.93742561340332,,,,,,
2002-10-24,26.67742729187012,,,,,,
2002-10-25,27.259679794311523,,,,,,
2002-10-28,26.95206642150879,,,,,,
2002-10-29,26.87517738342285,,,,,,
2002-10-30,27.33657455444336,,,,,,
2002-10-31,27.281648635864254,,,,,,
2002-11-01,27.9224853515625,,,,,,
2002-11-04,28.16418838500977,,,,,,
2002-11-05,28.21179580688477,,,,,,
2002-11-06,28.691505432128903,,,,,,
2002-11-07,28.010387420654297,,,,,,
2002-11-08,27.629535675048828,,,,,,
2002-11-11,26.959407806396484,,,,,,
2002-11-12,27.391510009765625,,,,,,
2002-11-13,27.537981033325195,,,,,,
2002-11-14,28.134883880615234,,,,,,
2002-11-15,28.123899459838867,,,,,,
2002-11-18,27.907846450805664,,,,,,
2002-11-19,27.80897521972656,,,,,,
2002-11-20,28.545021057128903,,,,,,
2002-11-21,29.10164451599121,,,,,,
2002-11-22,29.30306434631348,,,,,,
2002-11-25,29.49713134765625,,,,,,
2002-11-26,29.167560577392575,,,,,,
2002-11-27,29.96221351623535,,,,,,
2002-11-29,29.592348098754883,,,,,,
2002-12-02,29.819398880004883,,,,,,
2002-12-03,29.29573631286621,,,,,,
2002-12-04,29.006458282470703,,,,,,
2002-12-05,28.87094116210937,,,,,,
2002-12-06,28.988126754760746,,,,,,
2002-12-09,28.219114303588867,,,,,,
2002-12-10,28.768407821655277,,,,,,
2002-12-11,28.801368713378903,,,,,,
2002-12-12,28.91856384277344,,,,,,
2002-12-13,28.35187530517578,,,,,,
2002-12-16,28.85968589782715,,,,,,
2002-12-17,28.554248809814453,,,,,,
2002-12-18,28.097972869873047,,,,,,
2002-12-19,28.02806663513184,,,,,,
2002-12-20,28.34451103210449,,,,,,
2002-12-23,28.535860061645508,,,,,,
2002-12-24,28.480663299560547,,,,,,
2002-12-26,28.480663299560547,,,,,,
2002-12-27,28.017030715942383,,,,,,
2002-12-30,27.928712844848636,,,,,,
2002-12-31,27.895601272583008,,,,,,
2003-01-02,28.664663314819336,,,,,,
2003-01-03,28.616804122924805,,,,,,
2003-01-06,28.9516544342041,,,,,,
2003-01-07,28.800796508789062,,,,,,
2003-01-08,28.51377296447754,,,,,,
2003-01-09,28.93326568603516,,,,,,
2003-01-10,28.995813369750977,,,,,,
2003-01-13,29.062057495117188,,,,,,
2003-01-14,29.080463409423828,,,,,,
2003-01-15,29.01423072814941,,,,,,
2003-01-16,28.973743438720703,,,,,,
2003-01-17,28.429149627685547,,,,,,
2003-01-21,28.017030715942383,,,,,,
2003-01-22,27.77416229248047,,,,,,
2003-01-23,27.94710922241211,,,,,,
2003-01-24,27.369407653808597,,,,,,
2003-01-27,26.953598022460938,,,,,,
2003-01-28,27.17438697814941,,,,,,
2003-01-29,27.380449295043945,,,,,,
2003-01-30,26.935203552246094,,,,,,
2003-01-31,27.31787872314453,,,,,,
2003-02-03,27.08238410949707,,,,,,
2003-02-04,27.08238410949707,,,,,,
2003-02-05,26.880016326904297,,,,,,
2003-02-06,26.732818603515625,,,,,,
2003-02-07,26.24342536926269,,,,,,
2003-02-10,26.515724182128903,,,,,,
2003-02-11,26.4421329498291,,,,,,
2003-02-12,26.070476531982425,,,,,,
2003-02-13,26.000566482543945,,,,,,
2003-02-14,26.236064910888672,,,,,,
2003-02-18,26.76225852966309,,,,,,
2003-02-19,26.43844985961914,,,,,,
2003-02-20,26.38324737548828,,,,,,
2003-02-21,26.61139297485352,,,,,,
2003-02-24,26.20294952392578,,,,,,
2003-02-25,26.4421329498291,,,,,,
2003-02-26,26.309659957885746,,,,,,
2003-02-27,26.45317268371582,,,,,,
2003-02-28,26.49732780456543,,,,,,
2003-03-03,26.416378021240234,,,,,,
2003-03-04,26.07415771484375,,,,,,
2003-03-05,26.12567710876465,,,,,,
2003-03-06,25.912248611450195,,,,,,
2003-03-07,25.982332229614254,,,,,,
2003-03-10,25.536073684692383,,,,,,
2003-03-11,25.3553524017334,,,,,,
2003-03-12,25.41068458557129,,,,,,
2003-03-13,26.096660614013672,,,,,,
2003-03-14,26.129844665527344,,,,,,
2003-03-17,26.734703063964844,,,,,,
2003-03-18,27.08505249023437,,,,,,
2003-03-19,27.01866149902344,,,,,,
2003-03-20,27.19569396972656,,,,,,
2003-03-21,27.575578689575195,,,,,,
2003-03-24,26.985483169555664,,,,,,
2003-03-25,27.27313804626465,,,,,,
2003-03-26,26.93752861022949,,,,,,
2003-03-27,27.118242263793945,,,,,,
2003-03-28,27.107179641723636,,,,,,
2003-03-31,26.553974151611328,,,,,,
2003-04-01,27.014970779418945,,,,,,
2003-04-02,27.553451538085938,,,,,,
2003-04-03,27.56820297241211,,,,,,
2003-04-04,27.4870548248291,,,,,,
2003-04-07,27.505489349365234,,,,,,
2003-04-08,27.527624130249023,,,,,,
2003-04-09,27.376420974731445,,,,,,
2003-04-10,27.38378524780273,,,,,,
2003-04-11,27.232585906982425,,,,,,
2003-04-14,27.72678565979004,,,,,,
2003-04-15,28.025514602661133,,,,,,
2003-04-16,27.734149932861328,,,,,,
2003-04-17,28.15827751159668,,,,,,
2003-04-21,28.350061416625977,,,,,,
2003-04-22,28.740985870361328,,,,,,
2003-04-23,29.043405532836918,,,,,,
2003-04-24,28.89589500427246,,,,,,
2003-04-25,28.49020195007324,,,,,,
2003-04-28,28.995466232299805,,,,,,
2003-04-29,29.190933227539062,,,,,,
2003-04-30,29.28314208984375,,,,,,
2003-05-01,29.24625587463379,,,,,,
2003-05-02,29.983875274658203,,,,,,
2003-05-05,30.12031555175781,,,,,,
2003-05-06,30.407997131347656,,,,,,
2003-05-07,30.22357940673828,,,,,,
2003-05-08,29.97279167175293,,,,,,
2003-05-09,30.404306411743164,,,,,,
2003-05-12,30.736228942871094,,,,,,
2003-05-13,30.916942596435547,,,,,,
2003-05-14,30.898500442504883,,,,,,
2003-05-15,31.02020835876465,,,,,,
2003-05-16,30.636653900146484,,,,,,
2003-05-19,30.105567932128903,,,,,,
2003-05-20,30.098180770874023,,,,,,
2003-05-21,30.21251678466797,,,,,,
2003-05-22,30.51862144470215,,,,,,
2003-05-23,30.75835418701172,,,,,,
2003-05-27,31.48122215270996,,,,,,
2003-05-28,31.695125579833984,,,,,,
2003-05-29,31.89796257019043,,,,,,
2003-05-30,32.465938568115234,,,,,,
2003-06-02,32.635581970214844,,,,,,
2003-06-03,32.73884582519531,,,,,,
2003-06-04,33.18510055541992,,,,,,
2003-06-05,33.72724533081055,,,,,,
2003-06-06,33.34000396728516,,,,,,
2003-06-09,32.720401763916016,,,,,,
2003-06-10,33.210906982421875,,,,,,
2003-06-11,33.52439880371094,,,,,,
2003-06-12,33.71248245239258,,,,,,
2003-06-13,33.114036560058594,,,,,,
2003-06-16,33.67185974121094,,,,,,
2003-06-17,33.74205017089844,,,,,,
2003-06-18,33.71988677978516,,,,,,
2003-06-19,33.26179504394531,,,,,,
2003-06-20,32.977352142333984,,,,,,
2003-06-23,32.38998794555664,,,,,,
2003-06-24,32.37892150878906,,,,,,
2003-06-25,32.596866607666016,,,,,,
2003-06-26,33.1546745300293,,,,,,
2003-06-27,32.944114685058594,,,,,,
2003-06-30,32.8406867980957,,,,,,
2003-07-01,33.066009521484375,,,,,,
2003-07-02,33.89349365234375,,,,,,
2003-07-03,33.60166931152344,,,,,,
2003-07-07,34.29985809326172,,,,,,
2003-07-08,34.90937042236328,,,,,,
2003-07-09,35.16796875,,,,,,
2003-07-10,34.4808464050293,,,,,,
2003-07-11,34.95741271972656,,,,,,
2003-07-14,35.24553680419922,,,,,,
2003-07-15,35.149497985839844,,,,,,
2003-07-16,34.95741271972656,,,,,,
2003-07-17,33.84917068481445,,,,,,
2003-07-18,34.078208923339844,,,,,,
2003-07-21,33.78266906738281,,,,,,
2003-07-22,34.17794418334961,,,,,,
2003-07-23,34.410682678222656,,,,,,
2003-07-24,34.34419631958008,,,,,,
2003-07-25,34.59538650512695,,,,,,
2003-07-28,35.020198822021484,,,,,,
2003-07-29,35.038665771484375,,,,,,
2003-07-30,34.90570068359375,,,,,,
2003-07-31,34.975852966308594,,,,,,
2003-08-01,34.484561920166016,,,,,,
2003-08-04,34.13731384277344,,,,,,
2003-08-05,33.54625701904297,,,,,,
2003-08-06,33.39479064941406,,,,,,
2003-08-07,33.50564193725586,,,,,,
2003-08-08,33.431739807128906,,,,,,
2003-08-11,33.89349365234375,,,,,,
2003-08-12,34.4623908996582,,,,,,
2003-08-13,34.57691192626953,,,,,,
2003-08-14,34.80225372314453,,,,,,
2003-08-15,34.81333541870117,,,,,,
2003-08-18,35.50411605834961,,,,,,
2003-08-19,36.1690788269043,,,,,,
2003-08-20,36.15061569213867,,,,,,
2003-08-21,36.44612884521485,,,,,,
2003-08-22,35.803348541259766,,,,,,
2003-08-25,35.77010726928711,,,,,,
2003-08-26,35.90678787231445,,,,,,
2003-08-27,36.25774765014648,,,,,,
2003-08-28,36.49784469604492,,,,,,
2003-08-29,36.64931106567383,,,,,,
2003-09-02,37.49526596069336,,,,,,
2003-09-03,37.65409469604492,,,,,,
2003-09-04,37.80924987792969,,,,,,
2003-09-05,37.56915664672852,,,,,,
2003-09-08,38.09001541137695,,,,,,
2003-09-09,37.80924987792969,,,,,,
2003-09-10,37.06304550170898,,,,,,
2003-09-11,37.384422302246094,,,,,,
2003-09-12,37.54994583129883,,,,,,
2003-09-15,37.45737075805664,,,,,,
2003-09-16,38.016510009765625,,,,,,
2003-09-17,38.00539779663086,,,,,,
2003-09-18,38.401588439941406,,,,,,
2003-09-19,38.360877990722656,,,,,,
2003-09-22,37.83506774902344,,,,,,
2003-09-23,38.34976959228516,,,,,,
2003-09-24,37.40184020996094,,,,,,
2003-09-25,36.39097213745117,,,,,,
2003-09-26,35.7689208984375,,,,,,
2003-09-29,36.40948486328125,,,,,,
2003-09-30,35.935546875,,,,,,
2003-10-01,36.90566635131836,,,,,,
2003-10-02,37.26112747192383,,,,,,
2003-10-03,37.84986877441406,,,,,,
2003-10-06,38.175724029541016,,,,,,
2003-10-07,38.39049530029297,,,,,,
2003-10-08,38.0905647277832,,,,,,
2003-10-09,38.49045181274414,,,,,,
2003-10-10,38.442325592041016,,,,,,
2003-10-13,39.04587173461914,,,,,,
2003-10-14,39.30137634277344,,,,,,
2003-10-15,38.808895111083984,,,,,,
2003-10-16,39.15695571899414,,,,,,
2003-10-17,38.397891998291016,,,,,,
2003-10-20,38.59044647216797,,,,,,
2003-10-21,38.764461517333984,,,,,,
2003-10-22,37.91653823852539,,,,,,
2003-10-23,37.583274841308594,,,,,,
2003-10-24,37.49069213867188,,,,,,
2003-10-27,38.03871154785156,,,,,,
2003-10-28,38.95329666137695,,,,,,
2003-10-29,39.21249008178711,,,,,,
2003-10-30,39.32358551025391,,,,,,
2003-10-31,39.064395904541016,,,,,,
2003-11-03,39.7271842956543,,,,,,
2003-11-04,39.7827377319336,,,,,,
2003-11-05,39.97898483276367,,,,,,
2003-11-06,40.29371643066406,,,,,,
2003-11-07,39.98638534545898,,,,,,
2003-11-10,39.34210205078125,,,,,,
2003-11-11,39.0718002319336,,,,,,
2003-11-12,39.97526168823242,,,,,,
2003-11-13,40.082645416259766,,,,,,
2003-11-14,39.32358551025391,,,,,,
2003-11-17,38.84590530395508,,,,,,
2003-11-18,38.42013168334961,,,,,,
2003-11-19,38.82371520996094,,,,,,
2003-11-20,38.56080627441406,,,,,,
2003-11-21,38.986629486083984,,,,,,
2003-11-24,39.878997802734375,,,,,,
2003-11-25,40.11967849731445,,,,,,
2003-11-26,40.33444595336914,,,,,,
2003-11-28,40.52700805664063,,,,,,
2003-12-01,41.04909896850586,,,,,,
2003-12-02,40.98614501953125,,,,,,
2003-12-03,40.249290466308594,,,,,,
2003-12-04,40.34186172485352,,,,,,
2003-12-05,39.84197235107422,,,,,,
2003-12-08,40.13819885253906,,,,,,
2003-12-09,39.460594177246094,,,,,,
2003-12-10,39.10511779785156,,,,,,
2003-12-11,40.19743347167969,,,,,,
2003-12-12,40.48539733886719,,,,,,
2003-12-15,39.53792190551758,,,,,,
2003-12-16,39.8879508972168,,,,,,
2003-12-17,39.8804931640625,,,,,,
2003-12-18,40.49489974975586,,,,,,
2003-12-19,40.36458206176758,,,,,,
2003-12-22,40.81515502929688,,,,,,
2003-12-23,41.03856658935547,,,,,,
2003-12-24,40.99016189575195,,,,,,
2003-12-26,41.135372161865234,,,,,,
2003-12-29,41.76095199584961,,,,,,
2003-12-30,41.868927001953125,,,,,,
2003-12-31,41.25825119018555,,,,,,
2004-01-02,41.70137023925781,,,,,,
2004-01-05,42.18917846679688,,,,,,
2004-01-06,42.13331604003906,,,,,,
2004-01-07,42.58016204833984,,,,,,
2004-01-08,42.90412902832031,,,,,,
2004-01-09,42.561519622802734,,,,,,
2004-01-12,43.3584213256836,,,,,,
2004-01-13,43.17596054077149,,,,,,
2004-01-14,43.399356842041016,,,,,,
2004-01-15,43.51108551025391,,,,,,
2004-01-16,43.753116607666016,,,,,,
2004-01-20,44.27814865112305,,,,,,
2004-01-21,44.21857452392578,,,,,,
2004-01-22,43.96908187866211,,,,,,
2004-01-23,44.207401275634766,,,,,,
2004-01-26,44.64678955078125,,,,,,
2004-01-27,44.08825302124024,,,,,,
2004-01-28,43.399356842041016,,,,,,
2004-01-29,42.9897689819336,,,,,,
2004-01-30,43.04561614990234,,,,,,
2004-02-02,43.157325744628906,,,,,,
2004-02-03,42.915287017822266,,,,,,
2004-02-04,41.854042053222656,,,,,,
2004-02-05,42.24501037597656,,,,,,
2004-02-06,43.31372833251953,,,,,,
2004-02-09,43.399356842041016,,,,,,
2004-02-10,43.92068099975586,,,,,,
2004-02-11,44.188777923583984,,,,,,
2004-02-12,43.88716125488281,,,,,,
2004-02-13,43.43660354614258,,,,,,
2004-02-17,44.19994354248047,,,,,,
2004-02-18,43.87598419189453,,,,,,
2004-02-19,43.101470947265625,,,,,,
2004-02-20,43.02699661254883,,,,,,
2004-02-23,42.37908172607422,,,,,,
2004-02-24,42.37535095214844,,,,,,
2004-02-25,42.97114562988281,,,,,,
2004-02-26,43.23179244995117,,,,,,
2004-02-27,43.455223083496094,,,,,,
2004-03-01,44.14410781860352,,,,,,
2004-03-02,43.7940788269043,,,,,,
2004-03-03,43.8387451171875,,,,,,
2004-03-04,44.39358139038086,,,,,,
2004-03-05,44.49410629272461,,,,,,
2004-03-08,43.86483001708984,,,,,,
2004-03-09,43.49247360229492,,,,,,
2004-03-10,42.58016204833984,,,,,,
2004-03-11,42.15194320678711,,,,,,
2004-03-12,43.28765487670898,,,,,,
2004-03-15,42.17056274414063,,,,,,
2004-03-16,42.18917846679688,,,,,,
2004-03-17,42.97114562988281,,,,,,
2004-03-18,42.71049880981445,,,,,,
2004-03-19,42.3381233215332,,,,,,
2004-03-22,41.52262496948242,,,,,,
2004-03-23,41.59339141845703,,,,,,
2004-03-24,41.53755187988281,,,,,,
2004-03-25,42.4945182800293,,,,,,
2004-03-26,42.602325439453125,,,,,,
2004-03-29,43.41929244995117,,,,,,
2004-03-30,43.77369689941406,,,,,,
2004-03-31,43.87070083618164,,,,,,
2004-04-01,44.35192489624024,,,,,,
2004-04-02,44.91524124145508,,,,,,
2004-04-05,45.045806884765625,,,,,,
2004-04-06,44.497406005859375,,,,,,
2004-04-07,44.83316802978516,,,,,,
2004-04-08,44.433990478515625,,,,,,
2004-04-12,44.54964828491211,,,,,,
2004-04-13,43.51255798339844,,,,,,
2004-04-14,43.37826919555664,,,,,,
2004-04-15,43.04253768920898,,,,,,
2004-04-16,43.37082290649414,,,,,,
2004-04-19,43.69164657592773,,,,,,
2004-04-20,42.72542953491211,,,,,,
2004-04-21,43.42302703857422,,,,,,
2004-04-22,44.01991653442383,,,,,,
2004-04-23,43.9266471862793,,,,,,
2004-04-26,44.01991653442383,,,,,,
2004-04-27,43.907997131347656,,,,,,
2004-04-28,42.99028778076172,,,,,,
2004-04-29,42.13602066040039,,,,,,
2004-04-30,41.4495849609375,,,,,,
2004-05-03,41.994232177734375,,,,,,
2004-05-04,42.22927474975586,,,,,,
2004-05-05,42.41578674316406,,,,,,
2004-05-06,41.796531677246094,,,,,,
2004-05-07,40.60652160644531,,,,,,
2004-05-10,39.886531829833984,,,,,,
2004-05-11,40.755741119384766,,,,,,
2004-05-12,41.065372467041016,,,,,,
2004-05-13,40.50205993652344,,,,,,
2004-05-14,40.34537506103516,,,,,,
2004-05-17,39.96114349365234,,,,,,
2004-05-18,40.41252899169922,,,,,,
2004-05-19,40.12527084350586,,,,,,
2004-05-20,40.207332611083984,,,,,,
2004-05-21,40.58412551879883,,,,,,
2004-05-24,41.11013412475586,,,,,,
2004-05-25,41.9681282043457,,,,,,
2004-05-26,42.25538635253906,,,,,,
2004-05-27,42.26658248901367,,,,,,
2004-05-28,42.3411979675293,,,,,,
2004-06-01,42.74409103393555,,,,,,
2004-06-02,42.602325439453125,,,,,,
2004-06-03,41.781620025634766,,,,,,
2004-06-04,42.30389022827149,,,,,,
2004-06-07,43.068634033203125,,,,,,
2004-06-08,43.02759552001953,,,,,,
2004-06-09,42.2479133605957,,,,,,
2004-06-10,42.41578674316406,,,,,,
2004-06-14,41.58390426635742,,,,,,
2004-06-15,42.3411979675293,,,,,,
2004-06-16,42.423248291015625,,,,,,
2004-06-17,42.31509017944336,,,,,,
2004-06-18,42.460575103759766,,,,,,
2004-06-21,42.29269790649414,,,,,,
2004-06-22,42.62097930908203,,,,,,
2004-06-23,43.26262283325195,,,,,,
2004-06-24,43.1059455871582,,,,,,
2004-06-25,43.61274337768555,,,,,,
2004-06-28,43.52299880981445,,,,,,
2004-06-29,43.88580322265625,,,,,,
2004-06-30,44.13267135620117,,,,,,
2004-07-01,43.3284912109375,,,,,,
2004-07-02,43.4631462097168,,,,,,
2004-07-06,42.68516159057617,,,,,,
2004-07-07,42.63278579711914,,,,,,
2004-07-08,41.85853958129883,,,,,,
2004-07-09,42.13533782958984,,,,,,
2004-07-12,41.892189025878906,,,,,,
2004-07-13,41.94828796386719,,,,,,
2004-07-14,41.70518493652344,,,,,,
2004-07-15,41.79867935180664,,,,,,
2004-07-16,41.33114242553711,,,,,,
2004-07-19,41.27875900268555,,,,,,
2004-07-20,42.09791946411133,,,,,,
2004-07-21,40.77755355834961,,,,,,
2004-07-22,40.84487915039063,,,,,,
2004-07-23,40.26138687133789,,,,,,
2004-07-26,39.73399353027344,,,,,,
2004-07-27,40.47459030151367,,,,,,
2004-07-28,40.44092559814453,,,,,,
2004-07-29,40.91969680786133,,,,,,
2004-07-30,41.14411163330078,,,,,,
2004-08-02,40.99450302124024,,,,,,
2004-08-03,40.40726089477539,,,,,,
2004-08-04,40.37360000610352,,,,,,
2004-08-05,39.6292610168457,,,,,,
2004-08-06,38.79890441894531,,,,,,
2004-08-09,38.675479888916016,,,,,,
2004-08-10,39.28141784667969,,,,,,
2004-08-11,39.22903823852539,,,,,,
2004-08-12,38.66423416137695,,,,,,
2004-08-13,38.65678405761719,,,,,,
2004-08-16,39.318824768066406,,,,,,
2004-08-17,39.56567001342773,,,,,,
2004-08-18,40.41099548339844,,,,,,
2004-08-19,40.06690216064453,,,,,,
2004-08-20,40.77755355834961,,,,,,
2004-08-23,40.62794494628906,,,,,,
2004-08-24,40.740142822265625,,,,,,
2004-08-25,40.9720573425293,,,,,,
2004-08-26,40.7326774597168,,,,,,
2004-08-27,41.054344177246094,,,,,,
2004-08-30,40.58679962158203,,,,,,
2004-08-31,40.52321243286133,,,,,,
2004-09-01,41.23763275146485,,,,,,
2004-09-02,41.96325302124024,,,,,,
2004-09-03,41.49945068359375,,,,,,
2004-09-07,42.02311325073242,,,,,,
2004-09-08,41.79867935180664,,,,,,
2004-09-09,42.14653396606445,,,,,,
2004-09-10,42.53553009033203,,,,,,
2004-09-13,42.76369857788086,,,,,,
2004-09-14,42.67766952514648,,,,,,
2004-09-15,42.41959762573242,,,,,,
2004-09-16,42.87591552734375,,,,,,
2004-09-17,42.80110168457031,,,,,,
2004-09-20,42.61035537719727,,,,,,
2004-09-21,42.9320182800293,,,,,,
2004-09-22,42.20639419555664,,,,,,
2004-09-23,42.16523361206055,,,,,,
2004-09-24,42.2420768737793,,,,,,
2004-09-27,41.79218673706055,,,,,,
2004-09-28,42.290828704833984,,,,,,
2004-09-29,42.68449020385742,,,,,,
2004-09-30,42.68449020385742,,,,,,
2004-10-01,43.76050567626953,,,,,,
2004-10-04,44.00795364379883,,,,,,
2004-10-05,43.96671676635742,,,,,,
2004-10-06,44.25165557861328,,,,,,
2004-10-07,43.51305770874024,,,,,,
2004-10-08,42.96569061279297,,,,,,
2004-10-11,43.16814804077149,,,,,,
2004-10-12,43.06692123413086,,,,,,
2004-10-13,42.4408073425293,,,,,,
2004-10-14,42.16337203979492,,,,,,
2004-10-15,42.59827423095703,,,,,,
2004-10-18,42.77823257446289,,,,,,
2004-10-19,42.3358268737793,,,,,,
2004-10-20,42.5570182800293,,,,,,
2004-10-21,43.09690856933594,,,,,,
2004-10-22,42.36205291748047,,,,,,
2004-10-25,42.81571578979492,,,,,,
2004-10-26,43.37810134887695,,,,,,
2004-10-27,43.8017463684082,,,,,,
2004-10-28,43.64053726196289,,,,,,
2004-10-29,43.56180191040039,,,,,,
2004-11-01,43.9067497253418,,,,,,
2004-11-02,43.73427581787109,,,,,,
2004-11-03,44.43913269042969,,,,,,
2004-11-04,44.98276901245117,,,,,,
2004-11-05,45.18523025512695,,,,,,
2004-11-08,45.02775573730469,,,,,,
2004-11-09,45.18896865844727,,,,,,
2004-11-10,45.5151481628418,,,,,,
2004-11-11,45.965030670166016,,,,,,
2004-11-12,46.43368148803711,,,,,,
2004-11-15,46.69612884521485,,,,,,
2004-11-16,46.28374099731445,,,,,,
2004-11-17,46.53117370605469,,,,,,
2004-11-18,46.45994567871094,,,,,,
2004-11-19,45.965030670166016,,,,,,
2004-11-22,46.45243453979492,,,,,,
2004-11-23,46.74110794067383,,,,,,
2004-11-24,47.02231216430664,,,,,,
2004-11-26,47.05229187011719,,,,,,
2004-11-29,47.22100830078125,,,,,,
2004-11-30,47.569705963134766,,,,,,
2004-12-01,48.01210021972656,,,,,,
2004-12-02,47.94462585449219,,,,,,
2004-12-03,47.85463333129883,,,,,,
2004-12-06,47.62968063354492,,,,,,
2004-12-07,46.793601989746094,,,,,,
2004-12-08,47.31474685668945,,,,,,
2004-12-09,46.954837799072266,,,,,,
2004-12-10,47.31474685668945,,,,,,
2004-12-13,47.83213806152344,,,,,,
2004-12-14,48.09082412719727,,,,,,
2004-12-15,48.49199676513672,,,,,,
2004-12-16,48.11333847045898,,,,,,
2004-12-17,47.9183464050293,,,,,,
2004-12-20,47.86214065551758,,,,,,
2004-12-21,48.3682746887207,,,,,,
2004-12-22,48.46199417114258,,,,,,
2004-12-23,48.58649063110352,,,,,,
2004-12-27,48.27433013916016,,,,,,
2004-12-28,48.91372299194336,,,,,,
2004-12-29,48.90995407104492,,,,,,
2004-12-30,48.73694610595703,,,,,,
2004-12-31,48.70685577392578,,,,,,
2005-01-03,48.074981689453125,,,,,,
2005-01-04,47.044429779052734,,,,,,
2005-01-05,46.104129791259766,,,,,,
2005-01-06,46.3486328125,,,,,,
2005-01-07,45.83332061767578,,,,,,
2005-01-10,46.29972076416016,,,,,,
2005-01-11,45.73554611206055,,,,,,
2005-01-12,45.92359161376953,,,,,,
2005-01-13,45.78443908691406,,,,,,
2005-01-14,46.220741271972656,,,,,,
2005-01-18,46.76985549926758,,,,,,
2005-01-19,46.10036849975586,,,,,,
2005-01-20,45.825809478759766,,,,,,
2005-01-21,45.720516204833984,,,,,,
2005-01-24,45.370704650878906,,,,,,
2005-01-25,45.48731231689453,,,,,,
2005-01-26,46.09286117553711,,,,,,
2005-01-27,46.224491119384766,,,,,,
2005-01-28,46.1868896484375,,,,,,
2005-01-31,46.72848892211914,,,,,,
2005-02-01,46.99176025390625,,,,,,
2005-02-02,47.34906768798828,,,,,,
2005-02-03,47.08954620361328,,,,,,
2005-02-04,47.68380737304688,,,,,,
2005-02-07,47.672550201416016,,,,,,
2005-02-08,47.78911590576172,,,,,,
2005-02-09,46.76985549926758,,,,,,
2005-02-10,46.85260009765625,,,,,,
2005-02-11,47.616119384765625,,,,,,
2005-02-14,47.57475662231445,,,,,,
2005-02-15,47.616119384765625,,,,,,
2005-02-16,47.75902938842773,,,,,,
2005-02-17,47.33778762817383,,,,,,
2005-02-18,47.221187591552734,,,,,,
2005-02-22,46.29972076416016,,,,,,
2005-02-23,46.57428741455078,,,,,,
2005-02-24,47.010555267333984,,,,,,
2005-02-25,47.79290008544922,,,,,,
2005-02-28,47.49575805664063,,,,,,
2005-03-01,47.860595703125,,,,,,
2005-03-02,47.77407836914063,,,,,,
2005-03-03,47.81544494628906,,,,,,
2005-03-04,48.40217971801758,,,,,,
2005-03-07,48.2818489074707,,,,,,
2005-03-08,47.822975158691406,,,,,,
2005-03-09,47.2813835144043,,,,,,
2005-03-10,47.07827377319336,,,,,,
2005-03-11,47.044429779052734,,,,,,
2005-03-14,47.39797592163086,,,,,,
2005-03-15,47.07827377319336,,,,,,
2005-03-16,46.81499099731445,,,,,,
2005-03-17,46.81499099731445,,,,,,
2005-03-18,46.56299209594727,,,,,,
2005-03-21,46.619407653808594,,,,,,
2005-03-22,46.29972076416016,,,,,,
2005-03-23,45.96119689941406,,,,,,
2005-03-24,46.130462646484375,,,,,,
2005-03-28,46.149375915527344,,,,,,
2005-03-29,45.48819351196289,,,,,,
2005-03-30,46.15692901611328,,,,,,
2005-03-31,46.149375915527344,,,,,,
2005-04-01,45.95667266845703,,,,,,
2005-04-04,46.12668991088867,,,,,,
2005-04-05,46.209808349609375,,,,,,
2005-04-06,46.353363037109375,,,,,,
2005-04-07,46.53472900390625,,,,,,
2005-04-08,45.828224182128906,,,,,,
2005-04-11,45.60154342651367,,,,,,
2005-04-12,46.02846145629883,,,,,,
2005-04-13,45.20485305786133,,,,,,
2005-04-14,44.29810333251953,,,,,,
2005-04-15,43.6898193359375,,,,,,
2005-04-18,43.96939086914063,,,,,,
2005-04-19,44.69480895996094,,,,,,
2005-04-20,43.995853424072266,,,,,,
2005-04-21,45.07261657714844,,,,,,
2005-04-22,44.34343338012695,,,,,,
2005-04-25,44.7514762878418,,,,,,
2005-04-26,44.120548248291016,,,,,,
2005-04-27,44.10165023803711,,,,,,
2005-04-28,42.97575759887695,,,,,,
2005-04-29,43.53870391845703,,,,,,
2005-05-02,43.984519958496094,,,,,,
2005-05-03,44.20364761352539,,,,,,
2005-05-04,44.69480895996094,,,,,,
2005-05-05,44.6872444152832,,,,,,
2005-05-06,44.84592056274414,,,,,,
2005-05-09,45.2766227722168,,,,,,
2005-05-10,44.73637771606445,,,,,,
2005-05-11,44.759033203125,,,,,,
2005-05-12,44.052520751953125,,,,,,
2005-05-13,43.893836975097656,,,,,,
2005-05-16,44.57011413574219,,,,,,
2005-05-17,44.83456802368164,,,,,,
2005-05-18,45.73378372192383,,,,,,
2005-05-19,45.84710693359375,,,,,,
2005-05-20,45.79043960571289,,,,,,
2005-05-23,46.09267807006836,,,,,,
2005-05-24,45.90378952026367,,,,,,
2005-05-25,45.55997848510742,,,,,,
2005-05-26,46.19468307495117,,,,,,
2005-05-27,46.45160675048828,,,,,,
2005-05-31,46.353363037109375,,,,,,
2005-06-01,46.878543853759766,,,,,,
2005-06-02,47.00699615478516,,,,,,
2005-06-03,46.663177490234375,,,,,,
2005-06-06,46.83697128295898,,,,,,
2005-06-07,46.93141174316406,,,,,,
2005-06-08,46.6329460144043,,,,,,
2005-06-09,47.09010696411133,,,,,,
2005-06-10,47.18833541870117,,,,,,
2005-06-13,47.399898529052734,,,,,,
2005-06-14,47.807952880859375,,,,,,
2005-06-15,47.93639373779297,,,,,,
2005-06-16,48.404876708984375,,,,,,
2005-06-17,48.37466812133789,,,,,,
2005-06-20,48.227725982666016,,,,,,
2005-06-21,48.364051818847656,,,,,,
2005-06-22,48.47764587402344,,,,,,
2005-06-23,47.62186050415039,,,,,,
2005-06-24,47.11443710327149,,,,,,
2005-06-27,47.2356071472168,,,,,,
2005-06-28,47.97024154663086,,,,,,
2005-06-29,48.348899841308594,,,,,,
2005-06-30,48.24288940429688,,,,,,
2005-07-01,48.4549446105957,,,,,,
2005-07-05,49.2198486328125,,,,,,
2005-07-06,48.77302551269531,,,,,,
2005-07-07,48.90933609008789,,,,,,
2005-07-08,49.96206283569336,,,,,,
2005-07-11,50.57550048828125,,,,,,
2005-07-12,50.416465759277344,,,,,,
2005-07-13,50.302833557128906,,,,,,
2005-07-14,49.939334869384766,,,,,,
2005-07-15,49.98476028442383,,,,,,
2005-07-18,49.69698715209961,,,,,,
2005-07-19,50.39374923706055,,,,,,
2005-07-20,51.007171630859375,,,,,,
2005-07-21,50.21199417114258,,,,,,
2005-07-22,50.98447799682617,,,,,,
2005-07-25,50.6512451171875,,,,,,
2005-07-26,50.80271911621094,,,,,,
2005-07-27,50.94660568237305,,,,,,
2005-07-28,51.46915435791016,,,,,,
2005-07-29,51.4161491394043,,,,,,
2005-08-01,51.39345550537109,,,,,,
2005-08-02,51.77967834472656,,,,,,
2005-08-03,51.52217864990234,,,,,,
2005-08-04,50.65880584716797,,,,,,
2005-08-05,49.96206283569336,,,,,,
2005-08-08,49.78786849975586,,,,,,
2005-08-09,49.86359786987305,,,,,,
2005-08-10,49.79543685913086,,,,,,
2005-08-11,50.22713470458984,,,,,,
2005-08-12,49.62125396728516,,,,,,
2005-08-15,50.1513671875,,,,,,
2005-08-16,49.27287673950195,,,,,,
2005-08-17,49.2122688293457,,,,,,
2005-08-18,49.05322265625,,,,,,
2005-08-19,49.31072998046875,,,,,,
2005-08-22,49.59096145629883,,,,,,
2005-08-23,49.58337020874024,,,,,,
2005-08-24,49.38648986816406,,,,,,
2005-08-25,49.65911102294922,,,,,,
2005-08-26,48.848758697509766,,,,,,
2005-08-29,49.50764846801758,,,,,,
2005-08-30,49.28800582885742,,,,,,
2005-08-31,50.38615798950195,,,,,,
2005-09-01,50.38615798950195,,,,,,
2005-09-02,50.11352157592773,,,,,,
2005-09-06,50.86328506469727,,,,,,
2005-09-07,51.014774322509766,,,,,,
2005-09-08,50.72696685791016,,,,,,
2005-09-09,51.03746795654297,,,,,,
2005-09-12,51.26469802856445,,,,,,
2005-09-13,50.870872497558594,,,,,,
2005-09-14,50.28771209716797,,,,,,
2005-09-15,50.11352157592773,,,,,,
2005-09-16,50.69668197631836,,,,,,
2005-09-19,50.45433044433594,,,,,,
2005-09-20,49.72727966308594,,,,,,
2005-09-21,48.92449188232422,,,,,,
2005-09-22,49.17441177368164,,,,,,
2005-09-23,49.514747619628906,,,,,,
2005-09-26,49.84898376464844,,,,,,
2005-09-27,49.68187713623047,,,,,,
2005-09-28,49.61349105834961,,,,,,
2005-09-29,50.160457611083984,,,,,,
2005-09-30,50.43391799926758,,,,,,
2005-10-03,50.73779296875,,,,,,
2005-10-04,49.97054290771485,,,,,,
2005-10-05,48.69431686401367,,,,,,
2005-10-06,48.26129531860352,,,,,,
2005-10-07,48.69431686401367,,,,,,
2005-10-10,48.14734649658203,,,,,,
2005-10-11,47.47884750366211,,,,,,
2005-10-12,46.81035614013672,,,,,,
2005-10-13,47.00026321411133,,,,,,
2005-10-14,47.79031753540039,,,,,,
2005-10-17,47.87386703491211,,,,,,
2005-10-18,47.22815704345703,,,,,,
2005-10-19,48.24611282348633,,,,,,
2005-10-20,47.349700927734375,,,,,,
2005-10-21,47.87386703491211,,,,,,
2005-10-24,48.92219924926758,,,,,,
2005-10-25,48.504390716552734,,,,,,
2005-10-26,48.25370788574219,,,,,,
2005-10-27,47.24336624145508,,,,,,
2005-10-28,47.90426254272461,,,,,,
2005-10-31,48.45120620727539,,,,,,
2005-11-01,48.69431686401367,,,,,,
2005-11-02,49.67428588867188,,,,,,
2005-11-03,49.84898376464844,,,,,,
2005-11-04,49.742637634277344,,,,,,
2005-11-07,49.92496109008789,,,,,,
2005-11-08,49.742637634277344,,,,,,
2005-11-09,49.90975189208984,,,,,,
2005-11-10,50.17566680908203,,,,,,
2005-11-11,50.46432876586914,,,,,,
2005-11-14,50.28200912475586,,,,,,
2005-11-15,49.5527229309082,,,,,,
2005-11-16,49.567901611328125,,,,,,
2005-11-17,50.42634201049805,,,,,,
2005-11-18,50.81374740600586,,,,,,
2005-11-21,51.330326080322266,,,,,,
2005-11-22,51.603816986083984,,,,,,
2005-11-23,51.66458511352539,,,,,,
2005-11-25,51.62660598754883,,,,,,
2005-11-28,50.94288635253906,,,,,,
2005-11-29,51.01887512207031,,,,,,
2005-11-30,51.23917770385742,,,,,,
2005-12-01,52.07480239868164,,,,,,
2005-12-02,52.279911041259766,,,,,,
2005-12-05,51.90767288208008,,,,,,
2005-12-06,52.06721496582031,,,,,,
2005-12-07,51.7481575012207,,,,,,
2005-12-08,51.884883880615234,,,,,,
2005-12-09,52.14314270019531,,,,,,
2005-12-12,52.30268096923828,,,,,,
2005-12-13,52.3102912902832,,,,,,
2005-12-14,52.24954605102539,,,,,,
2005-12-15,51.71774673461914,,,,,,
2005-12-16,51.53544998168945,,,,,,
2005-12-19,50.89733123779297,,,,,,
2005-12-20,50.88215255737305,,,,,,
2005-12-21,51.49747467041016,,,,,,
2005-12-22,51.83377456665039,,,,,,
2005-12-23,51.95578002929688,,,,,,
2005-12-27,51.17795181274414,,,,,,
2005-12-28,51.48296356201172,,,,,,
2005-12-29,51.20843124389648,,,,,,
2005-12-30,50.88051223754883,,,,,,
2006-01-03,51.89477157592773,,,,,,
2006-01-04,52.17691040039063,,,,,,
2006-01-05,52.45909118652344,,,,,,
2006-01-06,53.08443069458008,,,,,,
2006-01-09,53.43523406982422,,,,,,
2006-01-10,53.91564178466797,,,,,,
2006-01-11,53.82415390014648,,,,,,
2006-01-12,53.63347625732422,,,,,,
2006-01-13,53.6563606262207,,,,,,
2006-01-17,53.40470504760742,,,,,,
2006-01-18,53.29032897949219,,,,,,
2006-01-19,54.14445114135742,,,,,,
2006-01-20,53.52671813964844,,,,,,
2006-01-23,53.69451141357422,,,,,,
2006-01-24,54.296966552734375,,,,,,
2006-01-25,54.43423843383789,,,,,,
2006-01-26,55.21971893310547,,,,,,
2006-01-27,55.49422836303711,,,,,,
2006-01-30,55.3340950012207,,,,,,
2006-01-31,55.173927307128906,,,,,,
2006-02-01,55.74588394165039,,,,,,
2006-02-02,54.90703201293945,,,,,,
2006-02-03,54.73926162719727,,,,,,
2006-02-06,55.227325439453125,,,,,,
2006-02-07,54.33510971069336,,,,,,
2006-02-08,54.6782455444336,,,,,,
2006-02-09,54.39608383178711,,,,,,
2006-02-10,54.281700134277344,,,,,,
2006-02-13,53.92327880859375,,,,,,
2006-02-14,54.54860305786133,,,,,,
2006-02-15,55.02903747558594,,,,,,
2006-02-16,55.51711654663086,,,,,,
2006-02-17,55.40271759033203,,,,,,
2006-02-21,55.158687591552734,,,,,,
2006-02-22,55.53234100341797,,,,,,
2006-02-23,55.49422836303711,,,,,,
2006-02-24,55.936519622802734,,,,,,
2006-02-27,56.08904266357422,,,,,,
2006-02-28,55.34934616088867,,,,,,
2006-03-01,56.35596084594727,,,,,,
2006-03-02,56.11955642700195,,,,,,
2006-03-03,55.83740234375,,,,,,
2006-03-06,55.40271759033203,,,,,,
2006-03-07,54.60198593139648,,,,,,
2006-03-08,54.79264831542969,,,,,,
2006-03-09,54.31219482421875,,,,,,
2006-03-10,55.15108108520508,,,,,,
2006-03-13,55.26546859741211,,,,,,
2006-03-14,55.875518798828125,,,,,,
2006-03-15,56.38648223876953,,,,,,
2006-03-16,56.256813049316406,,,,,,
2006-03-17,56.485595703125,,,,,,
2006-03-20,56.45507049560547,,,,,,
2006-03-21,55.66962432861328,,,,,,
2006-03-22,56.531375885009766,,,,,,
2006-03-23,56.77538299560547,,,,,,
2006-03-24,57.24850082397461,,,,,,
2006-03-27,57.256160736083984,,,,,,
2006-03-28,56.95806503295898,,,,,,
2006-03-29,58.01280975341797,,,,,,
2006-03-30,57.859989166259766,,,,,,
2006-03-31,58.06634521484375,,,,,,
2006-04-03,57.58482360839844,,,,,,
2006-04-04,57.84471130371094,,,,,,
2006-04-05,58.14277648925781,,,,,,
2006-04-06,58.26506042480469,,,,,,
2006-04-07,57.33259582519531,,,,,,
2006-04-10,57.271446228027344,,,,,,
2006-04-11,56.2548828125,,,,,,
2006-04-12,56.84342956542969,,,,,,
2006-04-13,56.98862457275391,,,,,,
2006-04-17,57.0268669128418,,,,,,
2006-04-18,58.624324798583984,,,,,,
2006-04-19,59.05234146118164,,,,,,
2006-04-20,58.738956451416016,,,,,,
2006-04-21,58.609031677246094,,,,,,
2006-04-24,58.14277648925781,,,,,,
2006-04-25,58.18103790283203,,,,,,
2006-04-26,58.13514709472656,,,,,,
2006-04-27,57.653621673583984,,,,,,
2006-04-28,58.24213409423828,,,,,,
2006-05-01,57.52370071411133,,,,,,
2006-05-02,58.31093215942383,,,,,,
2006-05-03,58.211570739746094,,,,,,
2006-05-04,58.92242050170898,,,,,,
2006-05-05,59.25101852416992,,,,,,
2006-05-08,59.33511352539063,,,,,,
2006-05-09,59.25101852416992,,,,,,
2006-05-10,58.8918571472168,,,,,,
2006-05-11,57.561893463134766,,,,,,
2006-05-12,56.17844009399414,,,,,,
2006-05-15,55.92619323730469,,,,,,
2006-05-16,56.01796340942383,,,,,,
2006-05-17,54.99372482299805,,,,,,
2006-05-18,54.4739990234375,,,,,,
2006-05-19,54.955509185791016,,,,,,
2006-05-22,54.34407043457031,,,,,,
2006-05-23,53.640869140625,,,,,,
2006-05-24,54.0535888671875,,,,,,
2006-05-25,55.19244003295898,,,,,,
2006-05-26,55.52113342285156,,,,,,
2006-05-30,53.99245071411133,,,,,,
2006-05-31,54.932579040527344,,,,,,
2006-06-01,56.00265121459961,,,,,,
2006-06-02,55.96443939208984,,,,,,
2006-06-05,54.33640670776367,,,,,,
2006-06-06,54.10710144042969,,,,,,
2006-06-07,53.5797233581543,,,,,,
2006-06-08,53.625579833984375,,,,,,
2006-06-09,53.15169906616211,,,,,,
2006-06-12,51.92877197265625,,,,,,
2006-06-13,50.94279098510742,,,,,,
2006-06-14,51.55424499511719,,,,,,
2006-06-15,53.31985092163086,,,,,,
2006-06-16,52.62428665161133,,,,,,
2006-06-19,51.59243774414063,,,,,,
2006-06-20,51.53132247924805,,,,,,
2006-06-21,52.4332389831543,,,,,,
2006-06-22,52.23802947998047,,,,,,
2006-06-23,52.5518798828125,,,,,,
2006-06-26,53.20255661010742,,,,,,
2006-06-27,52.28395080566406,,,,,,
2006-06-28,52.51361083984375,,,,,,
2006-06-29,54.54220581054688,,,,,,
2006-06-30,54.90962600708008,,,,,,
2006-07-03,55.59859085083008,,,,,,
2006-07-05,54.78715896606445,,,,,,
2006-07-06,54.77184295654297,,,,,,
2006-07-07,53.96039962768555,,,,,,
2006-07-10,53.96805191040039,,,,,,
2006-07-11,54.44267272949219,,,,,,
2006-07-12,53.31739044189453,,,,,,
2006-07-13,52.1078987121582,,,,,,
2006-07-14,51.69450759887695,,,,,,
2006-07-17,51.625614166259766,,,,,,
2006-07-18,51.97774124145508,,,,,,
2006-07-19,53.20255661010742,,,,,,
2006-07-20,51.839942932128906,,,,,,
2006-07-21,51.097415924072266,,,,,,
2006-07-24,52.72793960571289,,,,,,
2006-07-25,52.85807037353516,,,,,,
2006-07-26,52.74325180053711,,,,,,
2006-07-27,52.23802947998047,,,,,,
2006-07-28,53.33269882202149,,,,,,
2006-07-31,53.34035873413086,,,,,,
2006-08-01,52.505958557128906,,,,,,
2006-08-02,53.20255661010742,,,,,,
2006-08-03,53.84557342529297,,,,,,
2006-08-04,53.294376373291016,,,,,,
2006-08-07,53.087738037109375,,,,,,
2006-08-08,52.35283660888672,,,,,,
2006-08-09,51.82464218139648,,,,,,
2006-08-10,52.28395080566406,,,,,,
2006-08-11,51.74809646606445,,,,,,
2006-08-14,52.05428314208984,,,,,,
2006-08-15,53.14131927490234,,,,,,
2006-08-16,53.90679550170898,,,,,,
2006-08-17,53.991024017333984,,,,,,
2006-08-18,54.30486679077149,,,,,,
2006-08-21,53.72309112548828,,,,,,
2006-08-22,53.89915466308594,,,,,,
2006-08-23,53.279109954833984,,,,,,
2006-08-24,53.18725204467773,,,,,,
2006-08-25,53.279109954833984,,,,,,
2006-08-28,53.84557342529297,,,,,,
2006-08-29,54.54220581054688,,,,,,
2006-08-30,54.963226318359375,,,,,,
2006-08-31,54.94023132324219,,,,,,
2006-09-01,54.97850799560547,,,,,,
2006-09-05,55.476104736328125,,,,,,
2006-09-06,54.29720687866211,,,,,,
2006-09-07,53.81494140625,,,,,,
2006-09-08,54.02162170410156,,,,,,
2006-09-11,53.9527702331543,,,,,,
2006-09-12,55.2234992980957,,,,,,
2006-09-13,55.69043731689453,,,,,,
2006-09-14,55.49138641357422,,,,,,
2006-09-15,55.62154769897461,,,,,,
2006-09-18,55.606239318847656,,,,,,
2006-09-19,55.36128234863281,,,,,,
2006-09-20,56.10383224487305,,,,,,
2006-09-21,55.49908065795898,,,,,,
2006-09-22,54.764198303222656,,,,,,
2006-09-25,55.414852142333984,,,,,,
2006-09-26,55.59225082397461,,,,,,
2006-09-27,55.99928283691406,,,,,,
2006-09-28,55.77658081054688,,,,,,
2006-09-29,55.29276657104492,,,,,,
2006-10-02,54.77055358886719,,,,,,
2006-10-03,54.69375228881836,,,,,,
2006-10-04,56.02232360839844,,,,,,
2006-10-05,56.73649597167969,,,,,,
2006-10-06,56.444671630859375,,,,,,
2006-10-09,56.87473678588867,,,,,,
2006-10-10,56.90546798706055,,,,,,
2006-10-11,56.682735443115234,,,,,,
2006-10-12,57.8270378112793,,,,,,
2006-10-13,58.28777313232422,,,,,,
2006-10-16,58.63337326049805,,,,,,
2006-10-17,58.34151077270508,,,,,,
2006-10-18,58.34920883178711,,,,,,
2006-10-19,58.63337326049805,,,,,,
2006-10-20,58.05740737915039,,,,,,
2006-10-23,58.17256927490234,,,,,,
2006-10-24,58.28777313232422,,,,,,
2006-10-25,58.67174530029297,,,,,,
2006-10-26,59.16325759887695,,,,,,
2006-10-27,58.472110748291016,,,,,,
2006-10-30,58.725528717041016,,,,,,
2006-10-31,58.54122161865234,,,,,,
2006-11-01,57.2740478515625,,,,,,
2006-11-02,57.18960952758789,,,,,,
2006-11-03,57.466102600097656,,,,,,
2006-11-06,58.134159088134766,,,,,,
2006-11-07,58.518184661865234,,,,,,
2006-11-08,58.817684173583984,,,,,,
2006-11-09,58.28009796142578,,,,,,
2006-11-10,58.7639274597168,,,,,,
2006-11-13,58.84838104248047,,,,,,
2006-11-14,59.98495864868164,,,,,,
2006-11-15,60.43804550170898,,,,,,
2006-11-16,60.39197540283203,,,,,,
2006-11-17,60.35357284545898,,,,,,
2006-11-20,60.43804550170898,,,,,,
2006-11-21,60.537872314453125,,,,,,
2006-11-22,60.60699081420898,,,,,,
2006-11-24,60.33053207397461,,,,,,
2006-11-27,58.97895812988281,,,,,,
2006-11-28,59.1786003112793,,,,,,
2006-11-29,59.94654846191406,,,,,,
2006-11-30,59.954227447509766,,,,,,
2006-12-01,59.73152542114258,,,,,,
2006-12-04,60.91420364379883,,,,,,
2006-12-05,60.96029281616211,,,,,,
2006-12-06,60.75289916992188,,,,,,
2006-12-07,60.49181365966797,,,,,,
2006-12-08,60.49948501586914,,,,,,
2006-12-11,60.65309143066406,,,,,,
2006-12-12,60.32283782958984,,,,,,
2006-12-13,60.39967727661133,,,,,,
2006-12-14,60.64540863037109,,,,,,
2006-12-15,60.59165191650391,,,,,,
2006-12-18,59.83136749267578,,,,,,
2006-12-19,59.792964935302734,,,,,,
2006-12-20,60.1392707824707,,,,,,
2006-12-21,59.86164093017578,,,,,,
2006-12-22,59.46829605102539,,,,,,
2006-12-26,60.31661224365234,,,,,,
2006-12-27,61.0338134765625,,,,,,
2006-12-28,60.75621795654297,,,,,,
2006-12-29,60.17779922485352,,,,,,
2007-01-03,60.2780876159668,,,,,,
2007-01-04,60.4400520324707,,,,,,
2007-01-05,59.17522811889648,,,,,,
2007-01-08,58.94386291503906,,,,,,
2007-01-09,59.49913787841797,,,,,,
2007-01-10,59.96186447143555,,,,,,
2007-01-11,60.33205032348633,,,,,,
2007-01-12,60.91047668457031,,,,,,
2007-01-16,60.50170516967773,,,,,,
2007-01-17,60.239501953125,,,,,,
2007-01-18,59.73819351196289,,,,,,
2007-01-19,59.96955108642578,,,,,,
2007-01-22,59.53000259399414,,,,,,
2007-01-23,60.09297180175781,,,,,,
2007-01-24,60.748512268066406,,,,,,
2007-01-25,59.9849967956543,,,,,,
2007-01-26,60.208641052246094,,,,,,
2007-01-29,60.73306655883789,,,,,,
2007-01-30,61.06469345092773,,,,,,
2007-01-31,61.19580459594727,,,,,,
2007-02-01,61.85131454467773,,,,,,
2007-02-02,61.88991928100586,,,,,,
2007-02-05,61.882171630859375,,,,,,
2007-02-06,62.03644180297852,,,,,,
2007-02-07,62.60714340209961,,,,,,
2007-02-08,62.5068473815918,,,,,,
2007-02-09,61.936161041259766,,,,,,
2007-02-12,61.76650619506836,,,,,,
2007-02-13,62.22154235839844,,,,,,
2007-02-14,62.31403350830078,,,,,,
2007-02-15,62.36035537719727,,,,,,
2007-02-16,62.59941482543945,,,,,,
2007-02-20,63.200958251953125,,,,,,
2007-02-21,63.31663131713867,,,,,,
2007-02-22,63.54033279418945,,,,,,
2007-02-23,63.200958251953125,,,,,,
2007-02-26,63.154693603515625,,,,,,
2007-02-27,60.1932258605957,,,,,,
2007-02-28,60.794769287109375,,,,,,
2007-03-01,60.47861862182617,,,,,,
2007-03-02,59.27549362182617,,,,,,
2007-03-05,57.97213363647461,,,,,,
2007-03-06,59.553104400634766,,,,,,
2007-03-07,59.360313415527344,,,,,,
2007-03-08,59.80762100219727,,,,,,
2007-03-09,60.29349136352539,,,,,,
2007-03-12,60.463165283203125,,,,,,
2007-03-13,58.91303253173828,,,,,,
2007-03-14,59.537696838378906,,,,,,
2007-03-15,60.00042343139648,,,,,,
2007-03-16,59.591678619384766,,,,,,
2007-03-19,60.33205032348633,,,,,,
2007-03-20,60.81019592285156,,,,,,
2007-03-21,61.90533065795898,,,,,,
2007-03-22,61.90533065795898,,,,,,
2007-03-23,62.00117111206055,,,,,,
2007-03-26,61.86979293823242,,,,,,
2007-03-27,61.5838508605957,,,,,,
2007-03-28,61.15888977050781,,,,,,
2007-03-29,61.23616027832031,,,,,,
2007-03-30,61.39068984985352,,,,,,
2007-04-02,61.54528427124024,,,,,,
2007-04-03,62.20204162597656,,,,,,
2007-04-04,62.194313049316406,,,,,,
2007-04-05,62.15567779541016,,,,,,
2007-04-09,62.24067306518555,,,,,,
2007-04-10,62.433841705322266,,,,,,
2007-04-11,62.04749298095703,,,,,,
2007-04-12,62.46474075317383,,,,,,
2007-04-13,62.86653518676758,,,,,,
2007-04-16,63.73200988769531,,,,,,
2007-04-17,63.538818359375,,,,,,
2007-04-18,63.16788864135742,,,,,,
2007-04-19,62.86653518676758,,,,,,
2007-04-20,63.60063552856445,,,,,,
2007-04-23,63.53108596801758,,,,,,
2007-04-24,63.50015640258789,,,,,,
2007-04-25,63.67789459228516,,,,,,
2007-04-26,64.0333480834961,,,,,,
2007-04-27,63.76290512084961,,,,,,
2007-04-30,62.387508392333984,,,,,,
2007-05-01,62.6424674987793,,,,,,
2007-05-02,63.47698593139648,,,,,,
2007-05-03,63.592918395996094,,,,,,
2007-05-04,63.99468994140625,,,,,,
2007-05-07,63.80929565429688,,,,,,
2007-05-08,63.58516311645508,,,,,,
2007-05-09,63.840179443359375,,,,,,
2007-05-10,63.0520133972168,,,,,,
2007-05-11,63.623817443847656,,,,,,
2007-05-14,63.06748962402344,,,,,,
2007-05-15,62.56523513793945,,,,,,
2007-05-16,62.90519332885742,,,,,,
2007-05-17,62.41839218139648,,,,,,
2007-05-18,63.152488708496094,,,,,,
2007-05-21,63.948333740234375,,,,,,
2007-05-22,64.3424072265625,,,,,,
2007-05-23,64.17239379882812,,,,,,
2007-05-24,63.330204010009766,,,,,,
2007-05-25,63.73972702026367,,,,,,
2007-05-29,64.32695770263672,,,,,,
2007-05-30,64.75967407226562,,,,,,
2007-05-31,65.1150894165039,,,,,,
2007-06-01,65.44735717773438,,,,,,
2007-06-04,65.51687622070312,,,,,,
2007-06-05,65.25419616699219,,,,,,
2007-06-06,64.52786254882812,,,,,,
2007-06-07,63.19108963012695,,,,,,
2007-06-08,64.01785278320312,,,,,,
2007-06-11,64.0333480834961,,,,,,
2007-06-12,62.97473907470703,,,,,,
2007-06-13,63.81696701049805,,,,,,
2007-06-14,64.3965072631836,,,,,,
2007-06-15,65.16148376464844,,,,,,
2007-06-18,65.03784942626953,,,,,,
2007-06-19,65.20782470703125,,,,,,
2007-06-20,64.07969665527344,,,,,,
2007-06-21,64.58193969726562,,,,,,
2007-06-22,64.07196807861328,,,,,,
2007-06-25,63.73972702026367,,,,,,
2007-06-26,63.26835250854492,,,,,,
2007-06-27,64.58966064453125,,,,,,
2007-06-28,64.58118438720703,,,,,,
2007-06-29,64.17859649658203,,,,,,
2007-07-02,65.0069351196289,,,,,,
2007-07-03,65.3166275024414,,,,,,
2007-07-05,65.42504119873047,,,,,,
2007-07-06,65.64952850341797,,,,,,
2007-07-09,65.58759307861328,,,,,,
2007-07-10,64.51148986816406,,,,,,
2007-07-11,64.89857482910156,,,,,,
2007-07-12,65.66498565673828,,,,,,
2007-07-13,65.72693634033203,,,,,,
2007-07-16,65.40179443359375,,,,,,
2007-07-17,65.44822692871094,,,,,,
2007-07-18,65.23918151855469,,,,,,
2007-07-19,65.42504119873047,,,,,,
2007-07-20,64.44954681396484,,,,,,
2007-07-23,64.20956420898438,,,,,,
2007-07-24,62.70769119262695,,,,,,
2007-07-25,62.47541046142578,,,,,,
2007-07-26,60.80319595336914,,,,,,
2007-07-27,59.32456588745117,,,,,,
2007-07-30,60.35417938232422,,,,,,
2007-07-31,59.688419342041016,,,,,,
2007-08-01,60.01352691650391,,,,,,
2007-08-02,60.48579025268555,,,,,,
2007-08-03,58.333614349365234,,,,,,
2007-08-06,58.86006164550781,,,,,,
2007-08-07,59.76580810546875,,,,,,
2007-08-08,61.56189727783203,,,,,,
2007-08-09,60.145137786865234,,,,,,
2007-08-10,60.43160629272461,,,,,,
2007-08-13,60.1064682006836,,,,,,
2007-08-14,59.07680892944336,,,,,,
2007-08-15,58.217472076416016,,,,,,
2007-08-16,59.5103759765625,,,,,,
2007-08-17,60.70259094238281,,,,,,
2007-08-20,60.7490119934082,,,,,,
2007-08-21,60.91935348510742,,,,,,
2007-08-22,61.647071838378906,,,,,,
2007-08-23,60.85741424560547,,,,,,
2007-08-24,61.647071838378906,,,,,,
2007-08-27,60.79549789428711,,,,,,
2007-08-28,59.26262283325195,,,,,,
2007-08-29,60.81870269775391,,,,,,
2007-08-30,60.40838241577149,,,,,,
2007-08-31,60.95805740356445,,,,,,
2007-09-04,61.73998260498047,,,,,,
2007-09-05,61.167091369628906,,,,,,
2007-09-06,61.18254852294922,,,,,,
2007-09-07,60.17613983154297,,,,,,
2007-09-10,59.340030670166016,,,,,,
2007-09-11,60.37744140625,,,,,,
2007-09-12,59.99805068969727,,,,,,
2007-09-13,60.145137786865234,,,,,,
2007-09-14,60.454837799072266,,,,,,
2007-09-17,59.7890510559082,,,,,,
2007-09-18,62.33607482910156,,,,,,
2007-09-19,63.172176361083984,,,,,,
2007-09-20,62.54510498046875,,,,,,
2007-09-21,62.67671585083008,,,,,,
2007-09-24,62.19671249389648,,,,,,
2007-09-25,61.94448852539063,,,,,,
2007-09-26,62.48771667480469,,,,,,
2007-09-27,62.86024475097656,,,,,,
2007-09-28,62.11523818969727,,,,,,
2007-10-01,63.65958023071289,,,,,,
2007-10-02,64.07088470458984,,,,,,
2007-10-03,63.89239501953125,,,,,,
2007-10-04,63.993282318115234,,,,,,
2007-10-05,65.289306640625,,,,,,
2007-10-08,64.80039978027344,,,,,,
2007-10-09,65.32807922363281,,,,,,
2007-10-10,65.27375793457031,,,,,,
2007-10-11,64.5365219116211,,,,,,
2007-10-12,65.04869842529297,,,,,,
2007-10-15,64.29592895507812,,,,,,
2007-10-16,63.55867767333984,,,,,,
2007-10-17,63.80702209472656,,,,,,
2007-10-18,63.65180969238281,,,,,,
2007-10-19,61.377967834472656,,,,,,
2007-10-22,62.67400741577149,,,,,,
2007-10-23,63.15514373779297,,,,,,
2007-10-24,62.7515869140625,,,,,,
2007-10-25,62.59638595581055,,,,,,
2007-10-26,63.6440658569336,,,,,,
2007-10-29,63.57419204711914,,,,,,
2007-10-30,63.069766998291016,,,,,,
2007-10-31,63.884613037109375,,,,,,
2007-11-01,61.41678237915039,,,,,,
2007-11-02,61.719425201416016,,,,,,
2007-11-05,60.904598236083984,,,,,,
2007-11-06,62.05312728881836,,,,,,
2007-11-07,60.1285514831543,,,,,,
2007-11-08,60.30702590942383,,,,,,
2007-11-09,59.639591217041016,,,,,,
2007-11-12,59.06534576416016,,,,,,
2007-11-13,60.92012405395508,,,,,,
2007-11-14,60.57088088989258,,,,,,
2007-11-15,59.70945739746094,,,,,,
2007-11-16,59.205020904541016,,,,,,
2007-11-19,57.92455291748047,,,,,,
2007-11-20,58.25825881958008,,,,,,
2007-11-21,57.039852142333984,,,,,,
2007-11-23,58.250465393066406,,,,,,
2007-11-26,56.729434967041016,,,,,,
2007-11-27,57.38904571533203,,,,,,
2007-11-28,59.6551399230957,,,,,,
2007-11-29,59.1429557800293,,,,,,
2007-11-30,59.48441696166992,,,,,,
2007-12-03,58.78594970703125,,,,,,
2007-12-04,58.16511154174805,,,,,,
2007-12-05,59.32145309448242,,,,,,
2007-12-06,60.72608947753906,,,,,,
2007-12-07,60.91232299804688,,,,,,
2007-12-10,61.39350509643555,,,,,,
2007-12-11,59.25160598754883,,,,,,
2007-12-12,59.68617630004883,,,,,,
2007-12-13,59.36025238037109,,,,,,
2007-12-14,58.20393371582031,,,,,,
2007-12-17,57.31147384643555,,,,,,
2007-12-18,58.33585739135742,,,,,,
2007-12-19,58.74717712402344,,,,,,
2007-12-20,59.631866455078125,,,,,,
2007-12-21,60.99771881103516,,,,,,
2007-12-24,61.44003677368164,,,,,,
2007-12-26,61.7271842956543,,,,,,
2007-12-27,60.26095199584961,,,,,,
2007-12-28,59.61470413208008,,,,,,
2007-12-31,59.10076522827149,,,,,,
2008-01-02,58.52457427978516,,,,,,
2008-01-03,57.87826919555664,,,,,,
2008-01-04,56.134056091308594,,,,,,
2008-01-07,56.25862121582031,,,,,,
2008-01-08,54.52221298217773,,,,,,
2008-01-09,55.07505798339844,,,,,,
2008-01-10,55.83035659790039,,,,,,
2008-01-11,54.67793273925781,,,,,,
2008-01-14,55.12956237792969,,,,,,
2008-01-15,54.1172981262207,,,,,,
2008-01-16,54.171817779541016,,,,,,
2008-01-17,52.85586929321289,,,,,,
2008-01-18,52.341941833496094,,,,,,
2008-01-22,51.96818542480469,,,,,,
2008-01-23,53.7435417175293,,,,,,
2008-01-24,53.704620361328125,,,,,,
2008-01-25,53.31527328491211,,,,,,
2008-01-28,54.444374084472656,,,,,,
2008-01-29,54.58452224731445,,,,,,
2008-01-30,53.89928817749024,,,,,,
2008-01-31,55.23857116699219,,,,,,
2008-02-01,56.5389518737793,,,,,,
2008-02-04,55.90045928955078,,,,,,
2008-02-05,54.46772003173828,,,,,,
2008-02-06,53.7435417175293,,,,,,
2008-02-07,54.59228897094727,,,,,,
2008-02-08,54.24969482421875,,,,,,
2008-02-11,54.27302932739258,,,,,,
2008-02-12,54.701290130615234,,,,,,
2008-02-13,55.93938064575195,,,,,,
2008-02-14,54.64680862426758,,,,,,
2008-02-15,54.405399322509766,,,,,,
2008-02-19,55.07505798339844,,,,,,
2008-02-20,55.10619735717773,,,,,,
2008-02-21,54.05500411987305,,,,,,
2008-02-22,54.05500411987305,,,,,,
2008-02-25,55.10619735717773,,,,,,
2008-02-26,55.62012100219727,,,,,,
2008-02-27,55.59678268432617,,,,,,
2008-02-28,54.75579071044922,,,,,,
2008-02-29,53.61896133422852,,,,,,
2008-03-03,53.10503768920898,,,,,,
2008-03-04,52.79356384277344,,,,,,
2008-03-05,53.29970169067383,,,,,,
2008-03-06,51.52434158325195,,,,,,
2008-03-07,51.36082077026367,,,,,,
2008-03-10,50.22397994995117,,,,,,
2008-03-11,52.40423202514648,,,,,,
2008-03-12,51.796875,,,,,,
2008-03-13,52.832515716552734,,,,,,
2008-03-14,51.50099563598633,,,,,,
2008-03-17,50.66001129150391,,,,,,
2008-03-18,52.98824691772461,,,,,,
2008-03-19,51.664512634277344,,,,,,
2008-03-20,52.54437255859375,,,,,,
2008-03-24,54.58782577514648,,,,,,
2008-03-25,54.767208099365234,,,,,,
2008-03-26,54.31486892700195,,,,,,
2008-03-27,53.81568145751953,,,,,,
2008-03-28,53.18393707275391,,,,,,
2008-03-31,53.261940002441406,,,,,,
2008-04-01,55.2117805480957,,,,,,
2008-04-02,55.344383239746094,,,,,,
2008-04-03,55.51595687866211,,,,,,
2008-04-04,55.50034713745117,,,,,,
2008-04-07,55.40676498413086,,,,,,
2008-04-08,55.3521728515625,,,,,,
2008-04-09,54.44744110107422,,,,,,
2008-04-10,55.024600982666016,,,,,,
2008-04-11,53.6129150390625,,,,,,
2008-04-14,53.44913101196289,,,,,,
2008-04-15,53.79231262207031,,,,,,
2008-04-16,55.53157424926758,,,,,,
2008-04-17,55.31318664550781,,,,,,
2008-04-18,55.89811325073242,,,,,,
2008-04-21,55.90591049194336,,,,,,
2008-04-22,54.88420104980469,,,,,,
2008-04-23,55.024600982666016,,,,,,
2008-04-24,55.554954528808594,,,,,,
2008-04-25,56.07753372192383,,,,,,
2008-04-28,56.4519157409668,,,,,,
2008-04-29,55.95273971557617,,,,,,
2008-04-30,55.68754959106445,,,,,,
2008-05-01,56.64685821533203,,,,,,
2008-05-02,56.58447647094727,,,,,,
2008-05-05,56.36608505249024,,,,,,
2008-05-06,56.82624816894531,,,,,,
2008-05-07,55.812347412109375,,,,,,
2008-05-08,55.92931365966797,,,,,,
2008-05-09,55.76552581787109,,,,,,
2008-05-12,56.99003601074219,,,,,,
2008-05-13,57.31759262084961,,,,,,
2008-05-14,57.2474250793457,,,,,,
2008-05-15,57.36441040039063,,,,,,
2008-05-16,57.67638397216797,,,,,,
2008-05-19,57.69198226928711,,,,,,
2008-05-20,57.48141479492188,,,,,,
2008-05-21,56.6624641418457,,,,,,
2008-05-22,57.06802368164063,,,,,,
2008-05-23,56.319313049316406,,,,,,
2008-05-27,57.185020446777344,,,,,,
2008-05-28,57.45021057128906,,,,,,
2008-05-29,58.03515625,,,,,,
2008-05-30,58.237918853759766,,,,,,
2008-06-02,57.70757293701172,,,,,,
2008-06-03,57.590579986572266,,,,,,
2008-06-04,57.94936752319336,,,,,,
2008-06-05,59.43126678466797,,,,,,
2008-06-06,57.65299224853516,,,,,,
2008-06-09,57.4658088684082,,,,,,
2008-06-10,57.04464721679688,,,,,,
2008-06-11,56.05413055419922,,,,,,
2008-06-12,56.17111587524414,,,,,,
2008-06-13,57.185020446777344,,,,,,
2008-06-16,57.54379653930664,,,,,,
2008-06-17,57.49702453613281,,,,,,
2008-06-18,57.0368537902832,,,,,,
2008-06-19,57.51261520385742,,,,,,
2008-06-20,56.60007858276367,,,,,,
2008-06-23,56.06972503662109,,,,,,
2008-06-24,55.14157485961914,,,,,,
2008-06-25,55.76552581787109,,,,,,
2008-06-26,54.33044052124024,,,,,,
2008-06-27,54.38505935668945,,,,,,
2008-06-30,53.85469436645508,,,,,,
2008-07-01,53.893699645996094,,,,,,
2008-07-02,52.364776611328125,,,,,,
2008-07-03,52.08295822143555,,,,,,
2008-07-07,51.42537689208984,,,,,,
2008-07-08,53.288551330566406,,,,,,
2008-07-09,51.86375427246094,,,,,,
2008-07-10,52.37262344360352,,,,,,
2008-07-11,52.66225051879883,,,,,,
2008-07-14,51.79330062866211,,,,,,
2008-07-15,51.5740852355957,,,,,,
2008-07-16,53.46860504150391,,,,,,
2008-07-17,53.5468978881836,,,,,,
2008-07-18,53.92266845703125,,,,,,
2008-07-21,54.58024978637695,,,,,,
2008-07-22,55.95023727416992,,,,,,
2008-07-23,56.31034469604492,,,,,,
2008-07-24,54.885555267333984,,,,,,
2008-07-25,55.33176803588867,,,,,,
2008-07-28,54.3923454284668,,,,,,
2008-07-29,55.72320175170898,,,,,,
2008-07-30,56.05981063842773,,,,,,
2008-07-31,55.83280944824219,,,,,,
2008-08-01,55.90325164794922,,,,,,
2008-08-04,55.38656234741211,,,,,,
2008-08-05,56.33382797241211,,,,,,
2008-08-06,56.61563873291016,,,,,,
2008-08-07,55.77017211914063,,,,,,
2008-08-08,57.241966247558594,,,,,,
2008-08-11,58.61192321777344,,,,,,
2008-08-12,58.17353057861328,,,,,,
2008-08-13,58.384891510009766,,,,,,
2008-08-14,58.94855499267578,,,,,,
2008-08-15,58.79197311401367,,,,,,
2008-08-18,58.03261566162109,,,,,,
2008-08-19,57.06971740722656,,,,,,
2008-08-20,57.14800643920898,,,,,,
2008-08-21,56.49037551879883,,,,,,
2008-08-22,57.68032836914063,,,,,,
2008-08-25,56.41211700439453,,,,,,
2008-08-26,56.49825286865234,,,,,,
2008-08-27,57.1714973449707,,,,,,
2008-08-28,58.33012008666992,,,,,,
2008-08-29,57.829063415527344,,,,,,
2008-09-02,57.81339263916016,,,,,,
2008-09-03,58.048282623291016,,,,,,
2008-09-04,56.22427368164063,,,,,,
2008-09-05,56.08333587646485,,,,,,
2008-09-08,56.74091339111328,,,,,,
2008-09-09,55.43357467651367,,,,,,
2008-09-10,55.95023727416992,,,,,,
2008-09-11,56.30252456665039,,,,,,
2008-09-12,56.56085205078125,,,,,,
2008-09-15,54.02442932128906,,,,,,
2008-09-16,55.58230209350586,,,,,,
2008-09-17,53.0771713256836,,,,,,
2008-09-18,56.20856094360352,,,,,,
2008-09-19,58.71369171142578,,,,,,
2008-09-22,56.32601547241211,,,,,,
2008-09-23,55.57444381713867,,,,,,
2008-09-24,54.868412017822266,,,,,,
2008-09-25,55.15082931518555,,,,,,
2008-09-26,55.40972900390625,,,,,,
2008-09-29,51.03217697143555,,,,,,
2008-09-30,53.34646224975586,,,,,,
2008-10-01,52.5776481628418,,,,,,
2008-10-02,49.87893295288086,,,,,,
2008-10-03,49.18857955932617,,,,,,
2008-10-06,46.85075378417969,,,,,,
2008-10-07,43.775489807128906,,,,,,
2008-10-08,42.7242546081543,,,,,,
2008-10-09,39.21751022338867,,,,,,
2008-10-10,41.14737701416016,,,,,,
2008-10-13,44.7011947631836,,,,,,
2008-10-14,43.44598007202149,,,,,,
2008-10-15,39.547000885009766,,,,,,
2008-10-16,42.1358642578125,,,,,,
2008-10-17,40.951263427734375,,,,,,
2008-10-20,42.90467834472656,,,,,,
2008-10-21,41.7200813293457,,,,,,
2008-10-22,39.6097412109375,,,,,,
2008-10-23,38.43297958374024,,,,,,
2008-10-24,37.005184173583984,,,,,,
2008-10-27,35.19297790527344,,,,,,
2008-10-28,38.00935745239258,,,,,,
2008-10-29,38.20549011230469,,,,,,
2008-10-30,40.347198486328125,,,,,,
2008-10-31,42.1672477722168,,,,,,
2008-11-03,42.22216796875,,,,,,
2008-11-04,42.70854568481445,,,,,,
2008-11-05,40.47269058227539,,,,,,
2008-11-06,38.90370178222656,,,,,,
2008-11-07,39.71175765991211,,,,,,
2008-11-10,38.79385757446289,,,,,,
2008-11-11,37.95444107055664,,,,,,
2008-11-12,35.742122650146484,,,,,,
2008-11-13,38.68403244018555,,,,,,
2008-11-14,35.804901123046875,,,,,,
2008-11-17,35.49893951416016,,,,,,
2008-11-18,35.32633590698242,,,,,,
2008-11-19,32.447200775146484,,,,,,
2008-11-20,30.227054595947266,,,,,,
2008-11-21,31.882360458374023,,,,,,
2008-11-24,34.126033782958984,,,,,,
2008-11-25,34.69089126586914,,,,,,
2008-11-26,36.76983642578125,,,,,,
2008-11-28,37.13856506347656,,,,,,
2008-12-01,32.9649658203125,,,,,,
2008-12-02,34.698734283447266,,,,,,
2008-12-03,35.749996185302734,,,,,,
2008-12-04,34.56538391113281,,,,,,
2008-12-05,36.16576385498047,,,,,,
2008-12-08,37.766151428222656,,,,,,
2008-12-09,36.59724807739258,,,,,,
2008-12-10,37.460208892822266,,,,,,
2008-12-11,35.56169509887695,,,,,,
2008-12-12,36.785526275634766,,,,,,
2008-12-15,35.60093307495117,,,,,,
2008-12-16,37.91522979736328,,,,,,
2008-12-17,38.260398864746094,,,,,,
2008-12-18,38.017189025878906,,,,,,
2008-12-19,38.20549011230469,,,,,,
2008-12-22,37.468048095703125,,,,,,
2008-12-23,36.92342376708984,,,,,,
2008-12-24,37.05780029296875,,,,,,
2008-12-26,37.5874137878418,,,,,,
2008-12-29,37.01034927368164,,,,,,
2008-12-30,38.03800201416016,,,,,,
2008-12-31,38.9233283996582,,,,,,
2009-01-02,39.698001861572266,,,,,,
2009-01-05,39.840274810791016,,,,,,
2009-01-06,40.51219940185547,,,,,,
2009-01-07,39.31855773925781,,,,,,
2009-01-08,39.50828170776367,,,,,,
2009-01-09,38.045894622802734,,,,,,
2009-01-12,36.91550827026367,,,,,,
2009-01-13,37.40561676025391,,,,,,
2009-01-14,35.76138687133789,,,,,,
2009-01-15,36.33845138549805,,,,,,
2009-01-16,36.74159622192383,,,,,,
2009-01-20,34.25157165527344,,,,,,
2009-01-21,35.95903015136719,,,,,,
2009-01-22,34.91557312011719,,,,,,
2009-01-23,35.089473724365234,,,,,,
2009-01-26,35.48473358154297,,,,,,
2009-01-27,35.87207794189453,,,,,,
2009-01-28,37.35027313232422,,,,,,
2009-01-29,35.887882232666016,,,,,,
2009-01-30,35.160621643066406,,,,,,
2009-02-02,35.445213317871094,,,,,,
2009-02-03,35.69815444946289,,,,,,
2009-02-04,35.43730163574219,,,,,,
2009-02-05,35.848358154296875,,,,,,
2009-02-06,37.12103271484375,,,,,,
2009-02-09,36.95502853393555,,,,,,
2009-02-10,35.247581481933594,,,,,,
2009-02-11,35.38197708129883,,,,,,
2009-02-12,35.68235397338867,,,,,,
2009-02-13,35.31084442138672,,,,,,
2009-02-17,33.91166687011719,,,,,,
2009-02-18,33.429481506347656,,,,,,
2009-02-19,32.96308135986328,,,,,,
2009-02-20,32.52042007446289,,,,,,
2009-02-23,31.271459579467773,,,,,,
2009-02-24,32.42556381225586,,,,,,
2009-02-25,31.753646850585938,,,,,,
2009-02-26,31.160802841186523,,,,,,
2009-02-27,30.94735145568848,,,,,,
2009-03-02,29.200401306152344,,,,,,
2009-03-03,28.647066116333008,,,,,,
2009-03-04,29.23993682861328,,,,,,
2009-03-05,27.682674407958984,,,,,,
2009-03-06,27.82495880126953,,,,,,
2009-03-09,27.18467330932617,,,,,,
2009-03-10,28.95535469055176,,,,,,
2009-03-11,28.994888305664062,,,,,,
2009-03-12,30.79717445373535,,,,,,
2009-03-13,31.12127113342285,,,,,,
2009-03-16,30.560033798217773,,,,,,
2009-03-17,31.9749813079834,,,,,,
2009-03-18,33.0816650390625,,,,,,
2009-03-19,32.73386001586914,,,,,,
2009-03-20,31.60346031188965,,,,,,
2009-03-23,34.291107177734375,,,,,,
2009-03-24,32.95956802368164,,,,,,
2009-03-25,33.88743591308594,,,,,,
2009-03-26,35.195980072021484,,,,,,
2009-03-27,34.01431655883789,,,,,,
2009-03-30,33.03886413574219,,,,,,
2009-03-31,33.34814453125,,,,,,
2009-04-01,33.927085876464844,,,,,,
2009-04-02,35.624229431152344,,,,,,
2009-04-03,36.18730545043945,,,,,,
2009-04-06,35.5687141418457,,,,,,
2009-04-07,34.30774688720703,,,,,,
2009-04-08,34.942222595214844,,,,,,
2009-04-09,36.98828887939453,,,,,,
2009-04-13,37.00416564941406,,,,,,
2009-04-14,35.93353271484375,,,,,,
2009-04-15,36.48072814941406,,,,,,
2009-04-16,37.53551483154297,,,,,,
2009-04-17,37.86860275268555,,,,,,
2009-04-20,35.92560577392578,,,,,,
2009-04-21,37.170692443847656,,,,,,
2009-04-22,37.16278076171875,,,,,,
2009-04-23,37.07554626464844,,,,,,
2009-04-24,37.76548385620117,,,,,,
2009-04-27,37.36103820800781,,,,,,
2009-04-28,37.41655731201172,,,,,,
2009-04-29,38.83612060546875,,,,,,
2009-04-30,38.47926712036133,,,,,,
2009-05-01,38.71718215942383,,,,,,
2009-05-04,40.128814697265625,,,,,,
2009-05-05,39.930545806884766,,,,,,
2009-05-06,40.04158020019531,,,,,,
2009-05-07,39.09782791137695,,,,,,
2009-05-08,40.45396423339844,,,,,,
2009-05-11,39.85917663574219,,,,,,
2009-05-12,39.29610061645508,,,,,,
2009-05-13,37.495849609375,,,,,,
2009-05-14,38.0192756652832,,,,,,
2009-05-15,37.87653350830078,,,,,,
2009-05-18,39.145416259765625,,,,,,
2009-05-19,39.16128540039063,,,,,,
2009-05-20,38.79649353027344,,,,,,
2009-05-21,38.29684448242188,,,,,,
2009-05-22,37.90032958984375,,,,,,
2009-05-26,39.70851135253906,,,,,,
2009-05-27,38.93922805786133,,,,,,
2009-05-28,38.98681640625,,,,,,
2009-05-29,39.78779602050781,,,,,,
2009-06-01,41.34219741821289,,,,,,
2009-06-02,41.85768508911133,,,,,,
2009-06-03,41.58012008666992,,,,,,
2009-06-04,42.17490768432617,,,,,,
2009-06-05,42.19077682495117,,,,,,
2009-06-08,41.69114303588867,,,,,,
2009-06-09,41.8814811706543,,,,,,
2009-06-10,41.714942932128906,,,,,,
2009-06-11,41.73080825805664,,,,,,
2009-06-12,41.85768508911133,,,,,,
2009-06-15,40.73154067993164,,,,,,
2009-06-16,40.04951095581055,,,,,,
2009-06-17,40.263648986816406,,,,,,
2009-06-18,40.44604110717773,,,,,,
2009-06-19,40.691890716552734,,,,,,
2009-06-22,39.2485237121582,,,,,,
2009-06-23,38.931297302246094,,,,,,
2009-06-24,39.35161590576172,,,,,,
2009-06-25,40.48569107055664,,,,,,
2009-06-26,40.62843704223633,,,,,,
2009-06-29,40.62843704223633,,,,,,
2009-06-30,40.50947189331055,,,,,,
2009-07-01,41.1359977722168,,,,,,
2009-07-02,39.72021865844727,,,,,,
2009-07-06,39.37003707885742,,,,,,
2009-07-07,38.51850128173828,,,,,,
2009-07-08,38.25586700439453,,,,,,
2009-07-09,38.0966911315918,,,,,,
2009-07-10,38.27975463867188,,,,,,
2009-07-13,39.20291519165039,,,,,,
2009-07-14,39.43370819091797,,,,,,
2009-07-15,40.95375442504883,,,,,,
2009-07-16,41.46309280395508,,,,,,
2009-07-17,41.303932189941406,,,,,,
2009-07-20,41.813262939453125,,,,,,
2009-07-21,41.74163818359375,,,,,,
2009-07-22,42.06793594360352,,,,,,
2009-07-23,43.39697265625,,,,,,
2009-07-24,43.61981201171875,,,,,,
2009-07-27,43.84262847900391,,,,,,
2009-07-28,43.866512298583984,,,,,,
2009-07-29,43.643680572509766,,,,,,
2009-07-30,44.40768051147461,,,,,,
2009-07-31,44.22465133666992,,,,,,
2009-08-03,44.9966049194336,,,,,,
2009-08-04,45.4502182006836,,,,,,
2009-08-05,44.9966049194336,,,,,,
2009-08-06,44.36789321899414,,,,,,
2009-08-07,45.43431091308594,,,,,,
2009-08-10,45.51390838623047,,,,,,
2009-08-11,44.78174209594727,,,,,,
2009-08-12,45.45819091796875,,,,,,
2009-08-13,45.83223724365234,,,,,,
2009-08-14,44.89314270019531,,,,,,
2009-08-17,43.62775802612305,,,,,,
2009-08-18,44.20872497558594,,,,,,
2009-08-19,44.74989318847656,,,,,,
2009-08-20,45.2353515625,,,,,,
2009-08-21,46.27791213989258,,,,,,
2009-08-24,46.261993408203125,,,,,,
2009-08-25,46.4609489440918,,,,,,
2009-08-26,46.56440353393555,,,,,,
2009-08-27,46.49275207519531,,,,,,
2009-08-28,46.19832229614258,,,,,,
2009-08-31,45.52186584472656,,,,,,
2009-09-01,44.50319290161133,,,,,,
2009-09-02,44.28035736083984,,,,,,
2009-09-03,44.773773193359375,,,,,,
2009-09-04,45.40249633789063,,,,,,
2009-09-08,45.90385055541992,,,,,,
2009-09-09,46.69173812866211,,,,,,
2009-09-10,47.27270126342773,,,,,,
2009-09-11,47.28860855102539,,,,,,
2009-09-14,47.78998947143555,,,,,,
2009-09-15,48.179962158203125,,,,,,
2009-09-16,49.174747467041016,,,,,,
2009-09-17,49.07129287719727,,,,,,
2009-09-18,49.270240783691406,,,,,,
2009-09-21,49.13496398925781,,,,,,
2009-09-22,49.47398376464844,,,,,,
2009-09-23,49.00332260131836,,,,,,
2009-09-24,48.02216339111328,,,,,,
2009-09-25,47.727012634277344,,,,,,
2009-09-28,48.86772155761719,,,,,,
2009-09-29,48.65233612060547,,,,,,
2009-09-30,48.0540771484375,,,,,,
2009-10-01,46.61818313598633,,,,,,
2009-10-02,46.26720428466797,,,,,,
2009-10-05,47.09680938720703,,,,,,
2009-10-06,47.97427368164063,,,,,,
2009-10-07,47.990234375,,,,,,
2009-10-08,48.428985595703125,,,,,,
2009-10-09,48.9953727722168,,,,,,
2009-10-12,49.00332260131836,,,,,,
2009-10-13,48.795928955078125,,,,,,
2009-10-14,49.7292594909668,,,,,,
2009-10-15,49.69733810424805,,,,,,
2009-10-16,49.2027702331543,,,,,,
2009-10-19,49.60958480834961,,,,,,
2009-10-20,48.92356872558594,,,,,,
2009-10-21,48.26145553588867,,,,,,
2009-10-22,48.93153381347656,,,,,,
2009-10-23,47.910457611083984,,,,,,
2009-10-26,47.47970962524414,,,,,,
2009-10-27,46.89738082885742,,,,,,
2009-10-28,45.33385848999024,,,,,,
2009-10-29,46.19537734985352,,,,,,
2009-10-30,44.93500518798828,,,,,,
2009-11-02,44.847267150878906,,,,,,
2009-11-03,45.52532577514648,,,,,,
2009-11-04,44.87120056152344,,,,,,
2009-11-05,46.29909133911133,,,,,,
2009-11-06,46.33099365234375,,,,,,
2009-11-09,47.24040603637695,,,,,,
2009-11-10,46.94523620605469,,,,,,
2009-11-11,47.27228927612305,,,,,,
2009-11-12,46.40280532836914,,,,,,
2009-11-13,46.84951400756836,,,,,,
2009-11-16,48.08596420288086,,,,,,
2009-11-17,48.08596420288086,,,,,,
2009-11-18,47.990234375,,,,,,
2009-11-19,46.79367065429688,,,,,,
2009-11-20,46.73783493041992,,,,,,
2009-11-23,47.55150985717773,,,,,,
2009-11-24,47.33610534667969,,,,,,
2009-11-25,47.32815170288086,,,,,,
2009-11-27,45.9321403503418,,,,,,
2009-11-30,46.33897399902344,,,,,,
2009-12-01,47.056922912597656,,,,,,
2009-12-02,47.61531829833984,,,,,,
2009-12-03,47.03300476074219,,,,,,
2009-12-04,48.19763946533203,,,,,,
2009-12-07,48.26944732666016,,,,,,
2009-12-08,47.89451599121094,,,,,,
2009-12-09,47.742950439453125,,,,,,
2009-12-10,47.55150985717773,,,,,,
2009-12-11,47.99821853637695,,,,,,
2009-12-14,48.724117279052734,,,,,,
2009-12-15,48.58853149414063,,,,,,
2009-12-16,48.89962387084961,,,,,,
2009-12-17,48.3571891784668,,,,,,
2009-12-18,48.803897857666016,,,,,,
2009-12-21,49.4500617980957,,,,,,
2009-12-22,49.912715911865234,,,,,,
2009-12-23,50.55587768554688,,,,,,
2009-12-24,50.74811172485352,,,,,,
2009-12-28,50.66802215576172,,,,,,
2009-12-29,50.64399337768555,,,,,,
2009-12-30,50.61195373535156,,,,,,
2009-12-31,50.01123046875,,,,,,
2010-01-04,51.24468994140625,,,,,,
2010-01-05,51.068477630615234,,,,,,
2010-01-06,51.02043533325195,,,,,,
2010-01-07,51.39687347412109,,,,,,
2010-01-08,51.677188873291016,,,,,,
2010-01-11,51.46895599365234,,,,,,
2010-01-12,50.908302307128906,,,,,,
2010-01-13,51.56507873535156,,,,,,
2010-01-14,51.75731658935547,,,,,,
2010-01-15,51.0044174194336,,,,,,
2010-01-19,51.94151306152344,,,,,,
2010-01-20,51.18864059448242,,,,,,
2010-01-21,50.34763717651367,,,,,,
2010-01-22,49.44255828857422,,,,,,
2010-01-25,49.49861907958984,,,,,,
2010-01-26,49.010047912597656,,,,,,
2010-01-27,49.5306510925293,,,,,,
2010-01-28,48.68165969848633,,,,,,
2010-01-29,48.14503479003906,,,,,,
2010-02-01,48.71369552612305,,,,,,
2010-02-02,49.25033950805664,,,,,,
2010-02-03,48.92194747924805,,,,,,
2010-02-04,47.28802108764648,,,,,,
2010-02-05,47.47223281860352,,,,,,
2010-02-08,46.99967956542969,,,,,,
2010-02-09,47.6484489440918,,,,,,
2010-02-10,47.76058197021485,,,,,,
2010-02-11,48.5214729309082,,,,,,
2010-02-12,48.87389373779297,,,,,,
2010-02-16,49.69887161254883,,,,,,
2010-02-17,50.035255432128906,,,,,,
2010-02-18,50.44373321533203,,,,,,
2010-02-19,50.507843017578125,,,,,,
2010-02-22,50.66001892089844,,,,,,
2010-02-23,50.06730651855469,,,,,,
2010-02-24,50.4918098449707,,,,,,
2010-02-25,50.507843017578125,,,,,,
2010-02-26,50.29957962036133,,,,,,
2010-03-01,51.46895599365234,,,,,,
2010-03-02,51.8614387512207,,,,,,
2010-03-03,52.15777587890625,,,,,,
2010-03-04,52.2939338684082,,,,,,
2010-03-05,53.35920333862305,,,,,,
2010-03-08,53.45531463623047,,,,,,
2010-03-09,53.64756393432617,,,,,,
2010-03-10,54.10407638549805,,,,,,
2010-03-11,54.264286041259766,,,,,,
2010-03-12,54.2402458190918,,,,,,
2010-03-15,54.05602645874024,,,,,,
2010-03-16,54.52057266235352,,,,,,
2010-03-17,54.84096145629883,,,,,,
2010-03-18,54.67275619506836,,,,,,
2010-03-19,53.99196243286133,,,,,,
2010-03-22,54.75286102294922,,,,,,
2010-03-23,55.44967269897461,,,,,,
2010-03-24,54.81694412231445,,,,,,
2010-03-25,54.4717025756836,,,,,,
2010-03-26,54.447601318359375,,,,,,
2010-03-29,54.74468994140625,,,,,,
2010-03-30,54.91332244873047,,,,,,
2010-03-31,54.439579010009766,,,,,,
2010-04-01,54.945430755615234,,,,,,
2010-04-05,55.97320556640625,,,,,,
2010-04-06,56.30240631103516,,,,,,
2010-04-07,56.125755310058594,,,,,,
2010-04-08,56.069580078125,,,,,,
2010-04-09,56.40678787231445,,,,,,
2010-04-12,56.63964080810547,,,,,,
2010-04-13,56.76811218261719,,,,,,
2010-04-14,57.98057556152344,,,,,,
2010-04-15,58.157188415527344,,,,,,
2010-04-16,57.37836837768555,,,,,,
2010-04-19,57.09730529785156,,,,,,
2010-04-20,57.87618255615234,,,,,,
2010-04-21,58.27763748168945,,,,,,
2010-04-22,58.89589691162109,,,,,,
2010-04-23,59.52217864990234,,,,,,
2010-04-26,59.29739761352539,,,,,,
2010-04-27,57.940406799316406,,,,,,
2010-04-28,58.03675079345703,,,,,,
2010-04-29,59.26526641845703,,,,,,
2010-04-30,57.53091430664063,,,,,,
2010-05-03,58.82364654541016,,,,,,
2010-05-04,56.97687530517578,,,,,,
2010-05-05,56.14181518554688,,,,,,
2010-05-06,54.03810501098633,,,,,,
2010-05-07,52.480411529541016,,,,,,
2010-05-10,55.42719650268555,,,,,,
2010-05-11,55.79655075073242,,,,,,
2010-05-12,57.50682067871094,,,,,,
2010-05-13,56.95278549194336,,,,,,
2010-05-14,55.852760314941406,,,,,,
2010-05-17,55.95714569091797,,,,,,
2010-05-18,54.88118362426758,,,,,,
2010-05-19,54.23081588745117,,,,,,
2010-05-20,51.4847526550293,,,,,,
2010-05-21,52.24755096435547,,,,,,
2010-05-24,51.548973083496094,,,,,,
2010-05-25,51.54094696044922,,,,,,
2010-05-26,51.669429779052734,,,,,,
2010-05-27,53.88554763793945,,,,,,
2010-05-28,53.19500732421875,,,,,,
2010-06-01,51.58110046386719,,,,,,
2010-06-02,53.05046081542969,,,,,,
2010-06-03,53.73297882080078,,,,,,
2010-06-04,51.03510665893555,,,,,,
2010-06-07,49.7182731628418,,,,,,
2010-06-08,49.69416809082031,,,,,,
2010-06-09,49.72630310058594,,,,,,
2010-06-10,51.444602966308594,,,,,,
2010-06-11,52.14316940307617,,,,,,
2010-06-14,52.47238159179688,,,,,,
2010-06-15,53.789188385009766,,,,,,
2010-06-16,53.540287017822266,,,,,,
2010-06-17,53.60451889038086,,,,,,
2010-06-18,53.63665390014648,,,,,,
2010-06-21,53.08259201049805,,,,,,
2010-06-22,51.99059295654297,,,,,,
2010-06-23,51.84607696533203,,,,,,
2010-06-24,51.01902389526367,,,,,,
2010-06-25,51.89425659179688,,,,,,
2010-06-28,51.5971794128418,,,,,,
2010-06-29,49.6460075378418,,,,,,
2010-06-30,49.075904846191406,,,,,,
2010-07-01,48.72261047363281,,,,,,
2010-07-02,48.19014358520508,,,,,,
2010-07-06,47.561771392822266,,,,,,
2010-07-07,49.22128677368164,,,,,,
2010-07-08,49.9301986694336,,,,,,
2010-07-09,50.703556060791016,,,,,,
2010-07-12,50.13159942626953,,,,,,
2010-07-13,51.71858978271485,,,,,,
2010-07-14,51.533302307128906,,,,,,
2010-07-15,51.0579948425293,,,,,,
2010-07-16,49.197113037109375,,,,,,
2010-07-19,49.40656280517578,,,,,,
2010-07-20,50.23631286621094,,,,,,
2010-07-21,49.33407211303711,,,,,,
2010-07-22,51.090240478515625,,,,,,
2010-07-23,52.34696960449219,,,,,,
2010-07-26,53.53921508789063,,,,,,
2010-07-27,53.34588241577149,,,,,,
2010-07-28,52.48389053344727,,,,,,
2010-07-29,52.34696960449219,,,,,,
2010-07-30,52.37916946411133,,,,,,
2010-08-02,53.28947448730469,,,,,,
2010-08-03,52.862525939941406,,,,,,
2010-08-04,53.41837692260742,,,,,,
2010-08-05,52.79000854492188,,,,,,
2010-08-06,52.47582626342773,,,,,,
2010-08-09,53.05586242675781,,,,,,
2010-08-10,52.05693817138672,,,,,,
2010-08-11,50.01075744628906,,,,,,
2010-08-12,49.76103210449219,,,,,,
2010-08-13,49.197113037109375,,,,,,
2010-08-16,49.59185028076172,,,,,,
2010-08-17,50.445762634277344,,,,,,
2010-08-18,50.598819732666016,,,,,,
2010-08-19,49.21323394775391,,,,,,
2010-08-20,49.26155853271485,,,,,,
2010-08-23,48.59292602539063,,,,,,
2010-08-24,48.03707885742188,,,,,,
2010-08-25,48.76209259033203,,,,,,
2010-08-26,48.39959335327149,,,,,,
2010-08-27,49.66435241699219,,,,,,
2010-08-30,48.57680892944336,,,,,,
2010-08-31,48.48013687133789,,,,,,
2010-09-01,50.357154846191406,,,,,,
2010-09-02,50.91300964355469,,,,,,
2010-09-03,51.82331848144531,,,,,,
2010-09-07,50.840518951416016,,,,,,
2010-09-08,51.13856887817383,,,,,,
2010-09-09,51.1707763671875,,,,,,
2010-09-10,51.33191680908203,,,,,,
2010-09-13,52.580562591552734,,,,,,
2010-09-14,52.35499954223633,,,,,,
2010-09-15,52.65308380126953,,,,,,
2010-09-16,52.31472396850586,,,,,,
2010-09-17,52.53223037719727,,,,,,
2010-09-20,53.99032974243164,,,,,,
2010-09-21,53.676151275634766,,,,,,
2010-09-22,53.03974914550781,,,,,,
2010-09-23,52.39771270751953,,,,,,
2010-09-24,54.10174560546875,,,,,,
2010-09-27,53.964473724365234,,,,,,
2010-09-28,54.497501373291016,,,,,,
2010-09-29,54.65092086791992,,,,,,
2010-09-30,54.51365280151367,,,,,,
2010-10-01,54.80439376831055,,,,,,
2010-10-04,54.06138610839844,,,,,,
2010-10-05,55.59583282470703,,,,,,
2010-10-06,55.41005706787109,,,,,,
2010-10-07,55.24858093261719,,,,,,
2010-10-08,55.9511833190918,,,,,,
2010-10-11,55.99962615966797,,,,,,
2010-10-12,56.14500045776367,,,,,,
2010-10-13,57.0010986328125,,,,,,
2010-10-14,56.96068954467773,,,,,,
2010-10-15,56.76687240600586,,,,,,
2010-10-18,57.243350982666016,,,,,,
2010-10-19,56.12885665893555,,,,,,
2010-10-20,56.70226287841797,,,,,,
2010-10-21,56.42767333984375,,,,,,
2010-10-22,56.79109191894531,,,,,,
2010-10-25,57.13029098510742,,,,,,
2010-10-26,57.08992004394531,,,,,,
2010-10-27,56.944557189941406,,,,,,
2010-10-28,56.5972900390625,,,,,,
2010-10-29,56.77494430541992,,,,,,
2010-11-01,56.387306213378906,,,,,,
2010-11-02,57.55833053588867,,,,,,
2010-11-03,57.784454345703125,,,,,,
2010-11-04,59.24624633789063,,,,,,
2010-11-05,59.57734680175781,,,,,,
2010-11-08,59.52888107299805,,,,,,
2010-11-09,58.73745346069336,,,,,,
2010-11-10,59.39160919189453,,,,,,
2010-11-11,59.15740203857422,,,,,,
2010-11-12,58.17212677001953,,,,,,
2010-11-15,58.18018341064453,,,,,,
2010-11-16,57.04953002929688,,,,,,
2010-11-17,57.202972412109375,,,,,,
2010-11-18,58.31748962402344,,,,,,
2010-11-19,58.51130294799805,,,,,,
2010-11-22,58.7939682006836,,,,,,
2010-11-23,58.23671340942383,,,,,,
2010-11-24,59.545040130615234,,,,,,
2010-11-26,59.13317108154297,,,,,,
2010-11-29,59.22199249267578,,,,,,
2010-11-30,58.75359725952149,,,,,,
2010-12-01,60.06997680664063,,,,,,
2010-12-02,60.67569351196289,,,,,,
2010-12-03,61.111812591552734,,,,,,
2010-12-06,61.49140167236328,,,,,,
2010-12-07,61.846717834472656,,,,,,
2010-12-08,61.80631637573242,,,,,,
2010-12-09,62.016361236572266,,,,,,
2010-12-10,62.79165649414063,,,,,,
2010-12-13,62.46858215332031,,,,,,
2010-12-14,62.43627548217773,,,,,,
2010-12-15,62.242469787597656,,,,,,
2010-12-16,62.81584548950195,,,,,,
2010-12-17,63.00968933105469,,,,,,
2010-12-20,63.26006317138672,,,,,,
2010-12-21,63.96268081665039,,,,,,
2010-12-22,63.94400405883789,,,,,,
2010-12-23,63.86290740966797,,,,,,
2010-12-27,64.05760192871094,,,,,,
2010-12-28,63.87910079956055,,,,,,
2010-12-29,64.01704406738281,,,,,,
2010-12-30,63.89534759521485,,,,,,
2010-12-31,63.47346115112305,,,,,,
2011-01-03,64.57678985595703,,,,,,
2011-01-04,63.6195182800293,,,,,,
2011-01-05,64.36587524414062,,,,,,
2011-01-06,64.06570434570312,,,,,,
2011-01-07,63.70063781738281,,,,,,
2011-01-10,64.06570434570312,,,,,,
2011-01-11,64.32530212402344,,,,,,
2011-01-12,64.87696838378906,,,,,,
2011-01-13,64.85264587402344,,,,,,
2011-01-14,65.33939361572266,,,,,,
2011-01-18,65.38805389404297,,,,,,
2011-01-19,63.7087287902832,,,,,,
2011-01-20,63.043487548828125,,,,,,
2011-01-21,62.62165069580078,,,,,,
2011-01-24,63.08407211303711,,,,,,
2011-01-25,63.1814079284668,,,,,,
2011-01-26,64.1874008178711,,,,,,
2011-01-27,64.3740005493164,,,,,,
2011-01-28,62.80013656616211,,,,,,
2011-01-31,63.23823165893555,,,,,,
2011-02-01,64.69847869873047,,,,,,
2011-02-02,64.45510864257812,,,,,,
2011-02-03,64.68226623535156,,,,,,
2011-02-04,64.79585266113281,,,,,,
2011-02-07,65.43673706054688,,,,,,
2011-02-08,65.899169921875,,,,,,
2011-02-09,65.60714721679688,,,,,,
2011-02-10,65.8666763305664,,,,,,
2011-02-11,66.58065795898438,,,,,,
2011-02-14,66.92137908935547,,,,,,
2011-02-15,66.5400619506836,,,,,,
2011-02-16,67.07550811767578,,,,,,
2011-02-17,67.5460433959961,,,,,,
2011-02-18,67.61904907226562,,,,,,
2011-02-22,65.88294219970703,,,,,,
2011-02-23,64.74713897705078,,,,,,
2011-02-24,65.16092681884766,,,,,,
2011-02-25,66.66987609863281,,,,,,
2011-02-28,66.74288177490234,,,,,,
2011-03-01,65.4042739868164,,,,,,
2011-03-02,65.68012237548828,,,,,,
2011-03-03,67.17281341552734,,,,,,
2011-03-04,66.88076782226562,,,,,,
2011-03-07,65.78557586669922,,,,,,
2011-03-08,66.85646057128906,,,,,,
2011-03-09,66.5887451171875,,,,,,
2011-03-10,64.87696838378906,,,,,,
2011-03-11,65.04733276367188,,,,,,
2011-03-14,64.69847869873047,,,,,,
2011-03-15,64.12246704101562,,,,,,
2011-03-16,63.481590270996094,,,,,,
2011-03-17,63.6195182800293,,,,,,
2011-03-18,64.46321105957031,,,,,,
2011-03-21,65.95594024658203,,,,,,
2011-03-22,65.60714721679688,,,,,,
2011-03-23,65.80989837646484,,,,,,
2011-03-24,66.26436614990234,,,,,,
2011-03-25,66.84156799316406,,,,,,
2011-03-28,66.69523620605469,,,,,,
2011-03-29,67.32125091552734,,,,,,
2011-03-30,68.19107818603516,,,,,,
2011-03-31,68.42684936523438,,,,,,
2011-04-01,68.72763061523438,,,,,,
2011-04-04,68.88206481933594,,,,,,
2011-04-05,69.2560806274414,,,,,,
2011-04-06,69.4105453491211,,,,,,
2011-04-07,68.99594116210938,,,,,,
2011-04-08,68.27239227294922,,,,,,
2011-04-11,67.66268920898438,,,,,,
2011-04-12,66.77655029296875,,,,,,
2011-04-13,66.86597442626953,,,,,,
2011-04-14,67.17488098144531,,,,,,
2011-04-15,67.8902816772461,,,,,,
2011-04-18,66.7684097290039,,,,,,
2011-04-19,66.78465270996094,,,,,,
2011-04-20,68.15043640136719,,,,,,
2011-04-21,68.65445709228516,,,,,,
2011-04-25,68.5650634765625,,,,,,
2011-04-26,69.2479248046875,,,,,,
2011-04-27,69.66255950927734,,,,,,
2011-04-28,69.97962188720703,,,,,,
2011-04-29,70.23160552978516,,,,,,
2011-05-02,69.4105453491211,,,,,,
2011-05-03,68.5324935913086,,,,,,
2011-05-04,67.64642333984375,,,,,,
2011-05-05,67.3375015258789,,,,,,
2011-05-06,67.6951904296875,,,,,,
2011-05-09,68.4837417602539,,,,,,
2011-05-10,69.53246307373047,,,,,,
2011-05-11,68.24800109863281,,,,,,
2011-05-12,68.84957122802734,,,,,,
2011-05-13,67.8902816772461,,,,,,
2011-05-16,66.89848327636719,,,,,,
2011-05-17,66.68711853027344,,,,,,
2011-05-18,67.71143341064453,,,,,,
2011-05-19,67.85778045654297,,,,,,
2011-05-20,67.36187744140625,,,,,,
2011-05-23,66.1505355834961,,,,,,
2011-05-24,65.83353424072266,,,,,,
2011-05-25,66.66275024414062,,,,,,
2011-05-26,67.54071807861328,,,,,,
2011-05-27,68.00409698486328,,,,,,
2011-05-31,68.9715347290039,,,,,,
2011-06-01,66.75216674804688,,,,,,
2011-06-02,66.72776794433594,,,,,,
2011-06-03,65.75220489501953,,,,,,
2011-06-06,64.67098999023438,,,,,,
2011-06-07,64.82540893554688,,,,,,
2011-06-08,64.10188293457031,,,,,,
2011-06-09,64.44334411621094,,,,,,
2011-06-10,63.4109001159668,,,,,,
2011-06-13,63.23200225830078,,,,,,
2011-06-14,64.58967590332031,,,,,,
2011-06-15,63.43526458740234,,,,,,
2011-06-16,63.58161163330078,,,,,,
2011-06-17,63.59787368774414,,,,,,
2011-06-20,64.18315887451172,,,,,,
2011-06-21,65.57334899902344,,,,,,
2011-06-22,65.0693130493164,,,,,,
2011-06-23,65.32136535644531,,,,,,
2011-06-24,64.988037109375,,,,,,
2011-06-27,65.49205017089844,,,,,,
2011-06-28,66.50827026367188,,,,,,
2011-06-29,66.82530975341797,,,,,,
2011-06-30,67.31305694580078,,,,,,
2011-07-01,68.36180114746094,,,,,,
2011-07-05,68.52651977539062,,,,,,
2011-07-06,68.80376434326172,,,,,,
2011-07-07,69.83934020996094,,,,,,
2011-07-08,69.4153060913086,,,,,,
2011-07-11,67.93944549560547,,,,,,
2011-07-12,67.55622863769531,,,,,,
2011-07-13,68.15960693359375,,,,,,
2011-07-14,67.0750961303711,,,,,,
2011-07-15,67.52360534667969,,,,,,
2011-07-18,66.4390869140625,,,,,,
2011-07-19,67.93944549560547,,,,,,
2011-07-20,67.82527923583984,,,,,,
2011-07-21,68.44497680664062,,,,,,
2011-07-22,68.53467559814453,,,,,,
2011-07-25,67.7273941040039,,,,,,
2011-07-26,67.21376037597656,,,,,,
2011-07-27,65.20783996582031,,,,,,
2011-07-28,65.101806640625,,,,,,
2011-07-29,65.02025604248047,,,,,,
2011-08-01,64.59627532958984,,,,,,
2011-08-02,62.58224868774414,,,,,,
2011-08-03,62.998085021972656,,,,,,
2011-08-04,59.19831085205078,,,,,,
2011-08-05,58.16275405883789,,,,,,
2011-08-08,53.09908676147461,,,,,,
2011-08-09,56.63792419433594,,,,,,
2011-08-10,53.86554336547852,,,,,,
2011-08-11,56.55639266967773,,,,,,
2011-08-12,56.90704727172852,,,,,,
2011-08-15,58.51336669921875,,,,,,
2011-08-16,57.43703842163086,,,,,,
2011-08-17,57.45335388183594,,,,,,
2011-08-18,54.18355941772461,,,,,,
2011-08-19,53.22954559326172,,,,,,
2011-08-22,53.0420036315918,,,,,,
2011-08-23,55.602386474609375,,,,,,
2011-08-24,56.425926208496094,,,,,,
2011-08-25,55.03974914550781,,,,,,
2011-08-26,56.35255432128906,,,,,,
2011-08-29,59.018890380859375,,,,,,
2011-08-30,59.36139297485352,,,,,,
2011-08-31,59.23907470703125,,,,,,
2011-09-01,57.967044830322266,,,,,,
2011-09-02,55.822547912597656,,,,,,
2011-09-06,55.66758346557617,,,,,,
2011-09-07,57.77132034301758,,,,,,
2011-09-08,56.711334228515625,,,,,,
2011-09-09,55.03974914550781,,,,,,
2011-09-12,55.51270294189453,,,,,,
2011-09-13,56.40961837768555,,,,,,
2011-09-14,57.42073822021485,,,,,,
2011-09-15,58.22800064086914,,,,,,
2011-09-16,58.31769943237305,,,,,,
2011-09-19,57.27396774291992,,,,,,
2011-09-20,56.38516998291016,,,,,,
2011-09-21,54.2977294921875,,,,,,
2011-09-22,52.78107452392578,,,,,,
2011-09-23,53.32133102416992,,,,,,
2011-09-26,54.32817459106445,,,,,,
2011-09-27,55.49871826171875,,,,,,
2011-09-28,53.370452880859375,,,,,,
2011-09-29,54.29542541503906,,,,,,
2011-09-30,52.63373565673828,,,,,,
2011-10-03,49.92428588867188,,,,,,
2011-10-04,53.03483581542969,,,,,,
2011-10-05,53.76336669921875,,,,,,
2011-10-06,54.958457946777344,,,,,,
2011-10-07,53.61601638793945,,,,,,
2011-10-10,55.96529006958008,,,,,,
2011-10-11,56.35001754760742,,,,,,
2011-10-12,57.15222930908203,,,,,,
2011-10-13,57.103118896484375,,,,,,
2011-10-14,58.23271942138672,,,,,,
2011-10-17,56.46465301513672,,,,,,
2011-10-18,57.962589263916016,,,,,,
2011-10-19,56.83298110961914,,,,,,
2011-10-20,56.988502502441406,,,,,,
2011-10-21,58.22453308105469,,,,,,
2011-10-24,60.09904479980469,,,,,,
2011-10-25,58.41279220581055,,,,,,
2011-10-26,59.41966247558594,,,,,,
2011-10-27,62.55472183227539,,,,,,
2011-10-28,62.2354850769043,,,,,,
2011-10-31,60.58201599121094,,,,,,
2011-11-01,58.43737411499024,,,,,,
2011-11-02,59.87804412841797,,,,,,
2011-11-03,61.36783599853516,,,,,,
2011-11-04,61.0649528503418,,,,,,
2011-11-07,60.94218444824219,,,,,,
2011-11-08,61.83439636230469,,,,,,
2011-11-09,58.8875846862793,,,,,,
2011-11-10,59.32144165039063,,,,,,
2011-11-11,60.88486862182617,,,,,,
2011-11-14,60.00900650024414,,,,,,
2011-11-15,60.770286560058594,,,,,,
2011-11-16,59.78799057006836,,,,,,
2011-11-17,58.93669891357422,,,,,,
2011-11-18,58.92033004760742,,,,,,
2011-11-21,57.51240539550781,,,,,,
2011-11-22,57.029441833496094,,,,,,
2011-11-23,55.236778259277344,,,,,,
2011-11-25,54.53282928466797,,,,,,
2011-11-28,57.12767791748047,,,,,,
2011-11-29,57.021244049072266,,,,,,
2011-11-30,60.3527946472168,,,,,,
2011-12-01,59.91896438598633,,,,,,
2011-12-02,60.1645393371582,,,,,,
2011-12-05,61.19590759277344,,,,,,
2011-12-06,61.25324249267578,,,,,,
2011-12-07,61.13042449951172,,,,,,
2011-12-08,59.23136138916016,,,,,,
2011-12-09,61.01584243774414,,,,,,
2011-12-12,60.13997650146485,,,,,,
2011-12-13,58.8875846862793,,,,,,
2011-12-14,58.15088272094727,,,,,,
2011-12-15,58.69112777709961,,,,,,
2011-12-16,59.14949798583984,,,,,,
2011-12-19,58.12629699707031,,,,,,
2011-12-20,60.459232330322266,,,,,,
2011-12-21,60.70480728149414,,,,,,
2011-12-22,61.09138870239258,,,,,,
2011-12-23,61.321720123291016,,,,,,
2011-12-27,61.50266647338867,,,,,,
2011-12-28,60.38399887084961,,,,,,
2011-12-29,60.99271011352539,,,,,,
2011-12-30,60.663673400878906,,,,,,
2012-01-03,61.66719055175781,,,,,,
2012-01-04,61.32991027832031,,,,,,
2012-01-05,61.6754035949707,,,,,,
2012-01-06,61.519134521484375,,,,,,
2012-01-09,61.83169555664063,,,,,,
2012-01-10,62.73652648925781,,,,,,
2012-01-11,62.983280181884766,,,,,,
2012-01-12,63.17245101928711,,,,,,
2012-01-13,62.83523178100586,,,,,,
2012-01-17,62.81053924560547,,,,,,
2012-01-18,63.92921829223633,,,,,,
2012-01-19,64.32404327392578,,,,,,
2012-01-20,64.36515045166016,,,,,,
2012-01-23,64.28292083740234,,,,,,
2012-01-24,64.65306854248047,,,,,,
2012-01-25,65.20417022705078,,,,,,
2012-01-26,65.1301498413086,,,,,,
2012-01-27,65.5743408203125,,,,,,
2012-01-30,65.0643539428711,,,,,,
2012-01-31,64.99856567382812,,,,,,
2012-02-01,66.39688873291016,,,,,,
2012-02-02,66.77526092529297,,,,,,
2012-02-03,68.23118591308594,,,,,,
2012-02-06,68.00910949707031,,,,,,
2012-02-07,67.96797943115234,,,,,,
2012-02-08,68.11608123779297,,,,,,
2012-02-09,67.77881622314453,,,,,,
2012-02-10,66.84928131103516,,,,,,
2012-02-13,67.71298217773438,,,,,,
2012-02-14,67.40864562988281,,,,,,
2012-02-15,66.84928131103516,,,,,,
2012-02-16,68.1077880859375,,,,,,
2012-02-17,68.099609375,,,,,,
2012-02-21,67.6389389038086,,,,,,
2012-02-22,67.10430145263672,,,,,,
2012-02-23,68.1077880859375,,,,,,
2012-02-24,67.97620391845703,,,,,,
2012-02-27,67.86102294921875,,,,,,
2012-02-28,67.6800765991211,,,,,,
2012-02-29,66.6683578491211,,,,,,
2012-03-01,67.0138168334961,,,,,,
2012-03-02,66.01029205322266,,,,,,
2012-03-05,66.0843276977539,,,,,,
2012-03-06,64.7682113647461,,,,,,
2012-03-07,65.37693786621094,,,,,,
2012-03-08,66.22417449951172,,,,,,
2012-03-09,67.12076568603516,,,,,,
2012-03-12,66.9891357421875,,,,,,
2012-03-13,68.32162475585938,,,,,,
2012-03-14,67.76233673095703,,,,,,
2012-03-15,68.32990264892578,,,,,,
2012-03-16,68.27230072021484,,,,,,
2012-03-19,68.84811401367188,,,,,,
2012-03-20,68.23118591308594,,,,,,
2012-03-21,68.2147445678711,,,,,,
2012-03-22,67.55669403076172,,,,,,
2012-03-23,68.21757507324219,,,,,,
2012-03-26,69.63673400878906,,,,,,
2012-03-27,69.14994049072266,,,,,,
2012-03-28,68.74566650390625,,,,,,
2012-03-29,68.54762268066406,,,,,,
2012-03-30,68.32487487792969,,,,,,
2012-04-02,69.16641235351562,,,,,,
2012-04-03,68.70436096191406,,,,,,
2012-04-04,67.60701751708984,,,,,,
2012-04-05,67.31000518798828,,,,,,
2012-04-09,66.20437622070312,,,,,,
2012-04-10,64.64497375488281,,,,,,
2012-04-11,65.56084442138672,,,,,,
2012-04-12,66.50143432617188,,,,,,
2012-04-13,65.62683868408203,,,,,,
2012-04-16,65.73410034179688,,,,,,
2012-04-17,66.68291473388672,,,,,,
2012-04-18,66.17964172363281,,,,,,
2012-04-19,65.80008697509766,,,,,,
2012-04-20,66.17964172363281,,,,,,
2012-04-23,65.26380920410156,,,,,,
2012-04-24,65.75885772705078,,,,,,
2012-04-25,66.78195190429688,,,,,,
2012-04-26,67.44200134277344,,,,,,
2012-04-27,67.97005462646484,,,,,,
2012-04-30,67.21923065185547,,,,,,
2012-05-01,67.2852554321289,,,,,,
2012-05-02,67.46675872802734,,,,,,
2012-05-03,66.51791381835938,,,,,,
2012-05-04,65.25555419921875,,,,,,
2012-05-07,65.42881774902344,,,,,,
2012-05-08,65.38758087158203,,,,,,
2012-05-09,65.0162582397461,,,,,,
2012-05-10,65.26380920410156,,,,,,
2012-05-11,65.09882354736328,,,,,,
2012-05-14,64.23243713378906,,,,,,
2012-05-15,64.116943359375,,,,,,
2012-05-16,63.654903411865234,,,,,,
2012-05-17,62.21101379394531,,,,,,
2012-05-18,61.62520980834961,,,,,,
2012-05-21,63.07733917236328,,,,,,
2012-05-22,62.69783020019531,,,,,,
2012-05-23,63.10210037231445,,,,,,
2012-05-24,63.234107971191406,,,,,,
2012-05-25,63.19286346435547,,,,,,
2012-05-29,64.10868072509766,,,,,,
2012-05-30,62.87932968139648,,,,,,
2012-05-31,62.79679870605469,,,,,,
2012-06-01,60.90739440917969,,,,,,
2012-06-04,60.767120361328125,,,,,,
2012-06-05,61.550968170166016,,,,,,
2012-06-06,63.06911087036133,,,,,,
2012-06-07,62.65656280517578,,,,,,
2012-06-08,63.50637435913086,,,,,,
2012-06-11,62.10371780395508,,,,,,
2012-06-12,62.88758087158203,,,,,,
2012-06-13,62.16149139404297,,,,,,
2012-06-14,62.87107467651367,,,,,,
2012-06-15,63.7126579284668,,,,,,
2012-06-18,63.786888122558594,,,,,,
2012-06-19,64.89253997802734,,,,,,
2012-06-20,64.79351043701172,,,,,,
2012-06-21,63.217586517333984,,,,,,
2012-06-22,63.9354362487793,,,,,,
2012-06-25,62.93708801269531,,,,,,
2012-06-26,63.18334579467773,,,,,,
2012-06-27,64.21150207519531,,,,,,
2012-06-28,64.10370635986328,,,,,,
2012-06-29,65.96936798095703,,,,,,
2012-07-02,66.73221588134766,,,,,,
2012-07-03,67.60285949707031,,,,,,
2012-07-05,67.52822875976562,,,,,,
2012-07-06,66.77368927001953,,,,,,
2012-07-09,66.5166244506836,,,,,,
2012-07-10,65.77865600585938,,,,,,
2012-07-11,65.55477905273438,,,,,,
2012-07-12,65.33091735839844,,,,,,
2012-07-13,66.14350128173828,,,,,,
2012-07-16,65.87816619873047,,,,,,
2012-07-17,66.1103515625,,,,,,
2012-07-18,66.5166244506836,,,,,,
2012-07-19,66.29275512695312,,,,,,
2012-07-20,65.4469985961914,,,,,,
2012-07-23,64.40223693847656,,,,,,
2012-07-24,63.55648422241211,,,,,,
2012-07-25,63.69742584228516,,,,,,
2012-07-26,64.24468994140625,,,,,,
2012-07-27,65.77037811279297,,,,,,
2012-07-30,65.54649353027344,,,,,,
2012-07-31,64.96605682373047,,,,,,
2012-08-01,63.89643096923828,,,,,,
2012-08-02,63.66426467895508,,,,,,
2012-08-03,65.18165588378906,,,,,,
2012-08-06,65.68744659423828,,,,,,
2012-08-07,66.28449249267578,,,,,,
2012-08-08,66.18496704101562,,,,,,
2012-08-09,66.50004577636719,,,,,,
2012-08-10,66.26788330078125,,,,,,
2012-08-13,66.16009521484375,,,,,,
2012-08-14,66.00254821777344,,,,,,
2012-08-15,66.5829849243164,,,,,,
2012-08-16,67.27948760986328,,,,,,
2012-08-17,67.75209045410156,,,,,,
2012-08-20,67.60285949707031,,,,,,
2012-08-21,67.5614013671875,,,,,,
2012-08-22,67.2380142211914,,,,,,
2012-08-23,66.765380859375,,,,,,
2012-08-24,66.94778442382812,,,,,,
2012-08-27,67.14683532714844,,,,,,
2012-08-28,67.45362854003906,,,,,,
2012-08-29,67.66091918945312,,,,,,
2012-08-30,66.9892807006836,,,,,,
2012-08-31,67.26290130615234,,,,,,
2012-09-04,68.08378601074219,,,,,,
2012-09-05,68.10035705566406,,,,,,
2012-09-06,69.3523941040039,,,,,,
2012-09-07,69.86653137207031,,,,,,
2012-09-10,69.55139923095703,,,,,,
2012-09-11,69.70065307617188,,,,,,
2012-09-12,70.05723571777344,,,,,,
2012-09-13,70.97759246826172,,,,,,
2012-09-14,71.64094543457031,,,,,,
2012-09-17,71.30928802490234,,,,,,
2012-09-18,71.07711791992188,,,,,,
2012-09-19,70.95272827148438,,,,,,
2012-09-20,70.63764953613281,,,,,,
2012-09-21,70.89469909667969,,,,,,
2012-09-24,70.66329956054688,,,,,,
2012-09-25,69.6477279663086,,,,,,
2012-09-26,69.20657348632812,,,,,,
2012-09-27,69.95576477050781,,,,,,
2012-09-28,69.45630645751953,,,,,,
2012-10-01,69.68934631347656,,,,,,
2012-10-02,69.82252502441406,,,,,,
2012-10-03,69.62275695800781,,,,,,
2012-10-04,70.09723663330078,,,,,,
2012-10-05,70.01403045654297,,,,,,
2012-10-08,69.57284545898438,,,,,,
2012-10-09,68.75704956054688,,,,,,
2012-10-10,68.64888000488281,,,,,,
2012-10-11,68.8985824584961,,,,,,
2012-10-12,68.34087371826172,,,,,,
2012-10-15,68.79037475585938,,,,,,
2012-10-16,69.29812622070312,,,,,,
2012-10-17,69.92243957519531,,,,,,
2012-10-18,69.53952026367188,,,,,,
2012-10-19,68.13276672363281,,,,,,
2012-10-22,68.11612701416016,,,,,,
2012-10-23,67.77481079101562,,,,,,
2012-10-24,67.59168243408203,,,,,,
2012-10-25,67.86639404296875,,,,,,
2012-10-26,67.541748046875,,,,,,
2012-10-31,67.94961547851562,,,,,,
2012-11-01,68.66548156738281,,,,,,
2012-11-02,67.5833740234375,,,,,,
2012-11-05,68.03289031982422,,,,,,
2012-11-06,68.54063415527344,,,,,,
2012-11-07,66.8758316040039,,,,,,
2012-11-08,65.93519592285156,,,,,,
2012-11-09,66.07673645019531,,,,,,
2012-11-12,65.88522338867188,,,,,,
2012-11-13,65.5106430053711,,,,,,
2012-11-14,64.29535675048828,,,,,,
2012-11-15,63.9623908996582,,,,,,
2012-11-16,64.49513244628906,,,,,,
2012-11-19,65.86026763916016,,,,,,
2012-11-20,65.97683715820312,,,,,,
2012-11-21,66.32640838623047,,,,,,
2012-11-23,66.98407745361328,,,,,,
2012-11-26,67.20047760009766,,,,,,
2012-11-27,67.11722564697266,,,,,,
2012-11-28,67.68327331542969,,,,,,
2012-11-29,68.45744323730469,,,,,,
2012-11-30,68.32421875,,,,,,
2012-12-03,68.2492904663086,,,,,,
2012-12-04,68.33252716064453,,,,,,
2012-12-05,68.2492904663086,,,,,,
2012-12-06,68.3575210571289,,,,,,
2012-12-07,68.40746307373047,,,,,,
2012-12-10,68.70711517333984,,,,,,
2012-12-11,69.43130493164062,,,,,,
2012-12-12,69.04009246826172,,,,,,
2012-12-13,68.5988998413086,,,,,,
2012-12-14,68.55731964111328,,,,,,
2012-12-17,69.52288818359375,,,,,,
2012-12-18,70.47181701660156,,,,,,
2012-12-19,70.62882995605469,,,,,,
2012-12-20,70.98147583007812,,,,,,
2012-12-21,70.68760681152344,,,,,,
2012-12-24,70.34335327148438,,,,,,
2012-12-26,69.83960723876953,,,,,,
2012-12-27,69.7892074584961,,,,,,
2012-12-28,69.29383850097656,,,,,,
2012-12-31,70.79676818847656,,,,,,
2013-01-02,72.87901306152344,,,,,,
2013-01-03,72.71110534667969,,,,,,
2013-01-04,73.24847412109375,,,,,,
2013-01-07,72.97138214111328,,,,,,
2013-01-08,72.92098999023438,,,,,,
2013-01-09,73.27365112304688,,,,,,
2013-01-10,73.44158935546875,,,,,,
2013-01-11,73.33240509033203,,,,,,
2013-01-14,73.37439727783203,,,,,,
2013-01-15,73.69344329833984,,,,,,
2013-01-16,73.47516632080078,,,,,,
2013-01-17,74.15528106689453,,,,,,
2013-01-18,74.36512756347656,,,,,,
2013-01-22,74.90249633789062,,,,,,
2013-01-23,74.72618103027344,,,,,,
2013-01-24,74.96967315673828,,,,,,
2013-01-25,75.51543426513672,,,,,,
2013-01-28,75.56580352783203,,,,,,
2013-01-29,75.60778045654297,,,,,,
2013-01-30,74.70101165771484,,,,,,
2013-01-31,75.21318054199219,,,,,,
2013-02-01,75.87648010253906,,,,,,
2013-02-04,74.96129608154297,,,,,,
2013-02-05,75.63301086425781,,,,,,
2013-02-06,75.95203399658203,,,,,,
2013-02-07,75.7001724243164,,,,,,
2013-02-08,76.23746490478516,,,,,,
2013-02-11,76.15353393554688,,,,,,
2013-02-12,76.48938751220703,,,,,,
2013-02-13,76.80844116210938,,,,,,
2013-02-14,77.00153350830078,,,,,,
2013-02-15,77.02674102783203,,,,,,
2013-02-19,77.70683288574219,,,,,,
2013-02-20,76.26268005371094,,,,,,
2013-02-21,75.52381134033203,,,,,,
2013-02-22,76.43061828613281,,,,,,
2013-02-25,74.74295806884766,,,,,,
2013-02-26,75.03682708740234,,,,,,
2013-02-27,75.82609558105469,,,,,,
2013-02-28,75.96883392333984,,,,,,
2013-03-01,76.31305694580078,,,,,,
2013-03-04,76.51457214355469,,,,,,
2013-03-05,77.40459442138672,,,,,,
2013-03-06,77.60611724853516,,,,,,
2013-03-07,77.97553253173828,,,,,,
2013-03-08,78.69758605957031,,,,,,
2013-03-11,78.67240142822266,,,,,,
2013-03-12,78.51289367675781,,,,,,
2013-03-13,78.80671691894531,,,,,,
2013-03-14,79.59597778320312,,,,,,
2013-03-15,79.5539779663086,,,,,,
2013-03-18,79.11742401123047,,,,,,
2013-03-19,78.78153991699219,,,,,,
2013-03-20,79.51202392578125,,,,,,
2013-03-21,78.81517028808594,,,,,,
2013-03-22,79.05860137939453,,,,,,
2013-03-25,79.10409545898438,,,,,,
2013-03-26,79.35669708251953,,,,,,
2013-03-27,79.40719604492188,,,,,,
2013-03-28,79.50823974609375,,,,,,
2013-04-01,78.4389419555664,,,,,,
2013-04-02,77.9505844116211,,,,,,
2013-04-03,76.72970581054688,,,,,,
2013-04-04,77.38644409179688,,,,,,
2013-04-05,77.23490142822266,,,,,,
2013-04-08,77.87480163574219,,,,,,
2013-04-09,77.6474609375,,,,,,
2013-04-10,79.05358123779297,,,,,,
2013-04-11,79.16303253173828,,,,,,
2013-04-12,78.84307098388672,,,,,,
2013-04-15,75.87092590332031,,,,,,
2013-04-16,77.18436431884766,,,,,,
2013-04-17,75.84564971923828,,,,,,
2013-04-18,75.42461395263672,,,,,,
2013-04-19,76.29188537597656,,,,,,
2013-04-22,76.51080322265625,,,,,,
2013-04-23,77.72325134277344,,,,,,
2013-04-24,78.12738037109375,,,,,,
2013-04-25,78.64099884033203,,,,,,
2013-04-26,78.22000885009766,,,,,,
2013-04-29,78.7841567993164,,,,,,
2013-04-30,79.2303466796875,,,,,,
2013-05-01,77.3106918334961,,,,,,
2013-05-02,78.53994750976562,,,,,,
2013-05-03,79.78608703613281,,,,,,
2013-05-06,80.29971313476562,,,,,,
2013-05-07,80.95646667480469,,,,,,
2013-05-08,81.19219207763672,,,,,,
2013-05-09,80.91436004638672,,,,,,
2013-05-10,81.52901458740234,,,,,,
2013-05-13,81.47002410888672,,,,,,
2013-05-14,82.51412200927734,,,,,,
2013-05-15,82.68250274658203,,,,,,
2013-05-16,82.47201538085938,,,,,,
2013-05-17,83.3982162475586,,,,,,
2013-05-20,83.53291320800781,,,,,,
2013-05-21,83.54975891113281,,,,,,
2013-05-22,82.32889556884766,,,,,,
2013-05-23,82.429931640625,,,,,,
2013-05-24,82.41307830810547,,,,,,
2013-05-28,83.48240661621094,,,,,,
2013-05-29,82.7077865600586,,,,,,
2013-05-30,83.2634506225586,,,,,,
2013-05-31,82.345703125,,,,,,
2013-06-03,83.12874603271484,,,,,,
2013-06-04,82.24468994140625,,,,,,
2013-06-05,81.19219207763672,,,,,,
2013-06-06,82.05104064941406,,,,,,
2013-06-07,82.68250274658203,,,,,,
2013-06-10,83.18769073486328,,,,,,
2013-06-11,82.28675079345703,,,,,,
2013-06-12,81.47002410888672,,,,,,
2013-06-13,82.90984344482422,,,,,,
2013-06-14,82.26992797851562,,,,,,
2013-06-17,82.8088150024414,,,,,,
2013-06-18,83.78546905517578,,,,,,
2013-06-19,82.7582778930664,,,,,,
2013-06-20,80.56914520263672,,,,,,
2013-06-21,80.8049087524414,,,,,,
2013-06-24,79.74400329589844,,,,,,
2013-06-25,80.51021575927734,,,,,,
2013-06-26,80.88909912109375,,,,,,
2013-06-27,82.14364624023438,,,,,,
2013-06-28,81.672119140625,,,,,,
2013-07-01,83.00244903564453,,,,,,
2013-07-02,82.94326782226562,,,,,,
2013-07-03,83.11241912841797,,,,,,
2013-07-05,84.28787231445312,,,,,,
2013-07-08,84.62616729736328,,,,,,
2013-07-09,85.41263580322266,,,,,,
2013-07-10,85.64940643310547,,,,,,
2013-07-11,86.65574645996094,,,,,,
2013-07-12,86.8333511352539,,,,,,
2013-07-15,87.59443664550781,,,,,,
2013-07-16,87.15470123291016,,,,,,
2013-07-17,87.49296569824219,,,,,,
2013-07-18,88.07650756835938,,,,,,
2013-07-19,88.21178436279297,,,,,,
2013-07-22,88.39781951904297,,,,,,
2013-07-23,88.33863067626953,,,,,,
2013-07-24,87.60291290283203,,,,,,
2013-07-25,88.40631866455078,,,,,,
2013-07-26,88.05113220214844,,,,,,
2013-07-29,87.4337387084961,,,,,,
2013-07-30,87.50985717773438,,,,,,
2013-07-31,87.66211700439453,,,,,,
2013-08-01,88.85448455810547,,,,,,
2013-08-02,88.93061065673828,,,,,,
2013-08-05,89.23502349853516,,,,,,
2013-08-06,88.33863067626953,,,,,,
2013-08-07,87.71284484863281,,,,,,
2013-08-08,88.07650756835938,,,,,,
2013-08-09,87.98347473144531,,,,,,
2013-08-12,88.44855499267578,,,,,,
2013-08-13,88.3301773071289,,,,,,
2013-08-14,87.98347473144531,,,,,,
2013-08-15,86.35130310058594,,,,,,
2013-08-16,85.9876708984375,,,,,,
2013-08-19,85.11663055419922,,,,,,
2013-08-20,86.34284210205078,,,,,,
2013-08-21,85.81855010986328,,,,,,
2013-08-22,87.02783203125,,,,,,
2013-08-23,87.24774169921875,,,,,,
2013-08-26,87.25616455078125,,,,,,
2013-08-27,85.20965576171875,,,,,,
2013-08-28,85.3788070678711,,,,,,
2013-08-29,86.23292541503906,,,,,,
2013-08-30,84.88829040527344,,,,,,
2013-09-03,85.46337127685547,,,,,,
2013-09-04,86.21601867675781,,,,,,
2013-09-05,86.35130310058594,,,,,,
2013-09-06,86.58808135986328,,,,,,
2013-09-09,87.89889526367188,,,,,,
2013-09-10,88.7614517211914,,,,,,
2013-09-11,88.80377197265625,,,,,,
2013-09-12,88.15260314941406,,,,,,
2013-09-13,88.63462829589844,,,,,,
2013-09-16,88.82914733886719,,,,,,
2013-09-17,89.70861053466797,,,,,,
2013-09-18,90.56275177001952,,,,,,
2013-09-19,90.46973419189452,,,,,,
2013-09-20,90.13992309570312,,,,,,
2013-09-23,90.14834594726562,,,,,,
2013-09-24,90.44769287109376,,,,,,
2013-09-25,90.27808380126952,,,,,,
2013-09-26,90.77838134765624,,,,,,
2013-09-27,90.3713607788086,,,,,,
2013-09-30,90.39681243896484,,,,,,
2013-10-01,91.4482192993164,,,,,,
2013-10-02,91.07515716552734,,,,,,
2013-10-03,90.1424331665039,,,,,,
2013-10-04,90.74446105957033,,,,,,
2013-10-07,89.68453979492188,,,,,,
2013-10-08,88.23462677001953,,,,,,
2013-10-09,87.87847137451172,,,,,,
2013-10-10,89.99827575683594,,,,,,
2013-10-11,91.3040771484375,,,,,,
2013-10-14,91.7619857788086,,,,,,
2013-10-15,90.8631820678711,,,,,,
2013-10-16,91.99089050292967,,,,,,
2013-10-17,92.79644775390624,,,,,,
2013-10-18,93.85635375976562,,,,,,
2013-10-21,93.66976928710938,,,,,,
2013-10-22,93.91566467285156,,,,,,
2013-10-23,93.60195922851562,,,,,,
2013-10-24,94.10223388671876,,,,,,
2013-10-25,94.18702697753906,,,,,,
2013-10-28,94.14462280273438,,,,,,
2013-10-29,94.41593170166016,,,,,,
2013-10-30,93.1270980834961,,,,,,
2013-10-31,92.58446502685548,,,,,,
2013-11-01,92.1859130859375,,,,,,
2013-11-04,93.24584197998048,,,,,,
2013-11-05,92.92363739013672,,,,,,
2013-11-06,92.5251007080078,,,,,,
2013-11-07,90.96493530273438,,,,,,
2013-11-08,92.61837005615234,,,,,,
2013-11-11,92.74553680419922,,,,,,
2013-11-12,92.8218765258789,,,,,,
2013-11-13,93.71218872070312,,,,,,
2013-11-14,93.61891174316406,,,,,,
2013-11-15,93.97504425048828,,,,,,
2013-11-18,93.3136749267578,,,,,,
2013-11-19,92.73709869384766,,,,,,
2013-11-20,92.70315551757812,,,,,,
2013-11-21,94.37356567382812,,,,,,
2013-11-22,94.8398895263672,,,,,,
2013-11-25,94.95861053466795,,,,,,
2013-11-26,95.6623992919922,,,,,,
2013-11-27,96.19658660888672,,,,,,
2013-11-29,96.24745178222656,,,,,,
2013-12-02,95.28082275390624,,,,,,
2013-12-03,94.82299041748048,,,,,,
2013-12-04,94.56859588623048,,,,,,
2013-12-05,94.63640594482422,,,,,,
2013-12-06,95.37411499023438,,,,,,
2013-12-09,95.34866333007812,,,,,,
2013-12-10,94.48379516601562,,,,,,
2013-12-11,92.93209075927734,,,,,,
2013-12-12,93.1355972290039,,,,,,
2013-12-13,93.44084930419922,,,,,,
2013-12-16,94.5516128540039,,,,,,
2013-12-17,94.41593170166016,,,,,,
2013-12-18,95.71327209472656,,,,,,
2013-12-19,95.00102996826172,,,,,,
2013-12-20,96.60359954833984,,,,,,
2013-12-23,97.69908142089844,,,,,,
2013-12-24,98.07359313964844,,,,,,
2013-12-26,98.08211517333984,,,,,,
2013-12-27,98.02252197265624,,,,,,
2013-12-30,97.9629135131836,,,,,,
2013-12-31,98.19275665283205,,,,,,
2014-01-02,97.12877655029295,,,,,,
2014-01-03,97.62244415283205,,,,,,
2014-01-06,96.83084106445312,,,,,,
2014-01-07,97.63948822021484,,,,,,
2014-01-08,97.76714324951172,,,,,,
2014-01-09,97.79270935058594,,,,,,
2014-01-10,98.32892608642578,,,,,,
2014-01-13,96.98410034179688,,,,,,
2014-01-14,98.17571258544922,,,,,,
2014-01-15,98.9077377319336,,,,,,
2014-01-16,99.02692413330078,,,,,,
2014-01-17,98.67794036865234,,,,,,
2014-01-21,99.26521301269533,,,,,,
2014-01-22,99.76744079589844,,,,,,
2014-01-23,99.09500122070312,,,,,,
2014-01-24,96.56697845458984,,,,,,
2014-01-27,95.15403747558594,,,,,,
2014-01-28,96.15840911865234,,,,,,
2014-01-29,94.77100372314452,,,,,,
2014-01-30,96.18396759033205,,,,,,
2014-01-31,95.46895599365234,,,,,,
2014-02-03,92.48129272460938,,,,,,
2014-02-04,93.17927551269533,,,,,,
2014-02-05,92.48129272460938,,,,,,
2014-02-06,93.21332550048828,,,,,,
2014-02-07,94.26878356933594,,,,,,
2014-02-10,94.51563262939452,,,,,,
2014-02-11,95.35828399658205,,,,,,
2014-02-12,95.73283386230467,,,,,,
2014-02-13,96.95001983642578,,,,,,
2014-02-14,97.08621978759766,,,,,,
2014-02-18,98.09912109375,,,,,,
2014-02-19,97.0947265625,,,,,,
2014-02-20,98.14167022705078,,,,,,
2014-02-21,98.44808959960938,,,,,,
2014-02-24,99.17160034179688,,,,,,
2014-02-25,99.27376556396484,,,,,,
2014-02-26,99.88662719726562,,,,,,
2014-02-27,100.4313507080078,,,,,,
2014-02-28,100.03131103515624,,,,,,
2014-03-03,99.4950714111328,,,,,,
2014-03-04,101.99756622314452,,,,,,
2014-03-05,101.93797302246094,,,,,,
2014-03-06,101.92093658447266,,,,,,
2014-03-07,101.88688659667967,,,,,,
2014-03-10,101.54640197753906,,,,,,
2014-03-11,100.49092864990234,,,,,,
2014-03-12,100.79737854003906,,,,,,
2014-03-13,99.63124084472656,,,,,,
2014-03-14,100.04834747314452,,,,,,
2014-03-17,100.49092864990234,,,,,,
2014-03-18,101.9549789428711,,,,,,
2014-03-19,101.29106903076172,,,,,,
2014-03-20,101.4272689819336,,,,,,
2014-03-21,100.95909881591795,,,,,,
2014-03-24,99.8100128173828,,,,,,
2014-03-25,99.78611755371094,,,,,,
2014-03-26,97.87451934814452,,,,,,
2014-03-27,97.6270751953125,,,,,,
2014-03-28,97.5331573486328,,,,,,
2014-03-31,99.28262329101562,,,,,,
2014-04-01,100.58827209472656,,,,,,
2014-04-02,101.04055786132812,,,,,,
2014-04-03,100.01653289794922,,,,,,
2014-04-04,97.70386505126952,,,,,,
2014-04-07,96.2786865234375,,,,,,
2014-04-08,96.952880859375,,,,,,
2014-04-09,98.35242462158205,,,,,,
2014-04-10,95.5447998046875,,,,,,
2014-04-11,94.22205352783205,,,,,,
2014-04-14,94.48660278320312,,,,,,
2014-04-15,94.8535385131836,,,,,,
2014-04-16,95.8861312866211,,,,,,
2014-04-17,96.3640365600586,,,,,,
2014-04-21,96.81632232666016,,,,,,
2014-04-22,97.8148193359375,,,,,,
2014-04-23,97.20035552978516,,,,,,
2014-04-24,96.952880859375,,,,,,
2014-04-25,95.24612426757812,,,,,,
2014-04-28,94.69140625,,,,,,
2014-04-29,94.93031311035156,,,,,,
2014-04-30,95.5618896484375,,,,,,
2014-05-01,95.52772521972656,,,,,,
2014-05-02,95.60450744628906,,,,,,
2014-05-05,95.4850616455078,,,,,,
2014-05-06,93.93189239501952,,,,,,
2014-05-07,93.99163055419922,,,,,,
2014-05-08,93.0444107055664,,,,,,
2014-05-09,93.89776611328124,,,,,,
2014-05-12,96.0312042236328,,,,,,
2014-05-13,95.09253692626952,,,,,,
2014-05-14,93.5478744506836,,,,,,
2014-05-15,92.91639709472656,,,,,,
2014-05-16,93.50518798828124,,,,,,
2014-05-19,94.51219940185548,,,,,,
2014-05-20,93.06998443603516,,,,,,
2014-05-21,93.5478744506836,,,,,,
2014-05-22,94.52073669433594,,,,,,
2014-05-23,95.55335998535156,,,,,,
2014-05-27,96.92729949951172,,,,,,
2014-05-28,96.42376708984376,,,,,,
2014-05-29,96.74803924560548,,,,,,
2014-05-30,96.31282043457033,,,,,,
2014-06-02,95.79229736328124,,,,,,
2014-06-03,95.5618896484375,,,,,,
2014-06-04,95.93734741210938,,,,,,
2014-06-05,97.95134735107422,,,,,,
2014-06-06,98.89006805419922,,,,,,
2014-06-09,99.760498046875,,,,,,
2014-06-10,99.56423950195312,,,,,,
2014-06-11,99.07779693603516,,,,,,
2014-06-12,98.47191619873048,,,,,,
2014-06-13,98.64257049560548,,,,,,
2014-06-16,99.12047576904295,,,,,,
2014-06-17,99.82022094726562,,,,,,
2014-06-18,100.4944305419922,,,,,,
2014-06-19,100.57975006103516,,,,,,
2014-06-20,100.9125747680664,,,,,,
2014-06-23,100.71627807617188,,,,,,
2014-06-24,99.64102172851562,,,,,,
2014-06-25,100.48589324951172,,,,,,
2014-06-26,100.31520080566406,,,,,,
2014-06-27,100.98939514160156,,,,,,
2014-06-30,101.39044952392578,,,,,,
2014-07-01,102.42308807373048,,,,,,
2014-07-02,102.02815246582033,,,,,,
2014-07-03,102.64496612548828,,,,,,
2014-07-07,100.88876342773438,,,,,,
2014-07-08,99.6637725830078,,,,,,
2014-07-09,99.79224395751952,,,,,,
2014-07-10,98.72998809814452,,,,,,
2014-07-11,98.6015167236328,,,,,,
2014-07-14,99.10693359375,,,,,,
2014-07-15,98.13037872314452,,,,,,
2014-07-16,97.86477661132812,,,,,,
2014-07-17,96.3570785522461,,,,,,
2014-07-18,97.856201171875,,,,,,
2014-07-21,97.46215057373048,,,,,,
2014-07-22,98.28453826904295,,,,,,
2014-07-23,98.40447998046876,,,,,,
2014-07-24,98.20743560791016,,,,,,
2014-07-25,97.31651306152344,,,,,,
2014-07-28,96.82823181152344,,,,,,
2014-07-29,97.09376525878906,,,,,,
2014-07-30,97.47927856445312,,,,,,
2014-07-31,95.25196075439452,,,,,,
2014-08-01,94.8150863647461,,,,,,
2014-08-04,95.6545639038086,,,,,,
2014-08-05,95.41471862792967,,,,,,
2014-08-06,95.71456909179688,,,,,,
2014-08-07,95.25196075439452,,,,,,
2014-08-08,96.17717742919922,,,,,,
2014-08-11,97.09376525878906,,,,,,
2014-08-12,96.42561340332033,,,,,,
2014-08-13,97.17945861816406,,,,,,
2014-08-14,97.32508850097656,,,,,,
2014-08-15,97.13660430908205,,,,,,
2014-08-18,98.55012512207033,,,,,,
2014-08-19,98.89276885986328,,,,,,
2014-08-20,98.47300720214844,,,,,,
2014-08-21,98.6871337890625,,,,,,
2014-08-22,98.69573974609376,,,,,,
2014-08-25,99.1583480834961,,,,,,
2014-08-26,100.0578155517578,,,,,,
2014-08-27,99.80937957763672,,,,,,
2014-08-28,99.29539489746094,,,,,,
2014-08-29,99.85222625732422,,,,,,
2014-09-02,100.40049743652344,,,,,,
2014-09-03,99.76654052734376,,,,,,
2014-09-04,99.3810577392578,,,,,,
2014-09-05,99.6980209350586,,,,,,
2014-09-08,99.85222625732422,,,,,,
2014-09-09,98.67000579833984,,,,,,
2014-09-10,99.2525863647461,,,,,,
2014-09-11,99.8950653076172,,,,,,
2014-09-12,98.83281707763672,,,,,,
2014-09-15,97.75342559814452,,,,,,
2014-09-16,98.02754974365234,,,,,,
2014-09-17,98.28453826904295,,,,,,
2014-09-18,98.88420867919922,,,,,,
2014-09-19,97.63345336914062,,,,,,
2014-09-22,96.26282501220705,,,,,,
2014-09-23,95.36336517333984,,,,,,
2014-09-24,96.22665405273438,,,,,,
2014-09-25,94.60310363769533,,,,,,
2014-09-26,95.45353698730467,,,,,,
2014-09-29,95.3761978149414,,,,,,
2014-09-30,93.93309020996094,,,,,,
2014-10-01,92.60162353515624,,,,,,
2014-10-02,93.48639678955078,,,,,,
2014-10-03,94.19078063964844,,,,,,
2014-10-06,93.38330078125,,,,,,
2014-10-07,91.84567260742188,,,,,,
2014-10-08,93.6066436767578,,,,,,
2014-10-09,91.0811538696289,,,,,,
2014-10-10,89.97300720214844,,,,,,
2014-10-13,89.61222839355469,,,,,,
2014-10-14,90.66024017333984,,,,,,
2014-10-15,91.57078552246094,,,,,,
2014-10-16,92.60162353515624,,,,,,
2014-10-17,92.32672119140624,,,,,,
2014-10-20,93.4090805053711,,,,,,
2014-10-21,94.94669342041016,,,,,,
2014-10-22,93.58944702148438,,,,,,
2014-10-23,95.24735260009766,,,,,,
2014-10-24,95.41059112548828,,,,,,
2014-10-27,95.35904693603516,,,,,,
2014-10-28,98.07351684570312,,,,,,
2014-10-29,97.8415985107422,,,,,,
2014-10-30,98.67483520507812,,,,,,
2014-10-31,100.12655639648438,,,,,,
2014-11-03,99.95475769042967,,,,,,
2014-11-04,99.49090576171876,,,,,,
2014-11-05,99.67129516601562,,,,,,
2014-11-06,100.10079193115234,,,,,,
2014-11-07,100.25543212890624,,,,,,
2014-11-10,100.75363159179688,,,,,,
2014-11-11,100.82234954833984,,,,,,
2014-11-12,101.2776336669922,,,,,,
2014-11-13,100.41860961914062,,,,,,
2014-11-14,100.23822021484376,,,,,,
2014-11-17,99.40499114990234,,,,,,
2014-11-18,99.9805145263672,,,,,,
2014-11-19,98.91534423828124,,,,,,
2014-11-20,100.0234832763672,,,,,,
2014-11-21,100.14373016357422,,,,,,
2014-11-24,101.33777618408205,,,,,,
2014-11-25,101.41507720947266,,,,,,
2014-11-26,101.7500991821289,,,,,,
2014-11-28,100.23822021484376,,,,,,
2014-12-01,98.67483520507812,,,,,,
2014-12-02,99.86023712158205,,,,,,
2014-12-03,100.82234954833984,,,,,,
2014-12-04,100.34131622314452,,,,,,
2014-12-05,101.09725952148438,,,,,,
2014-12-08,99.8345184326172,,,,,,
2014-12-09,101.5095443725586,,,,,,
2014-12-10,99.35344696044922,,,,,,
2014-12-11,99.74862670898438,,,,,,
2014-12-12,98.5373764038086,,,,,,
2014-12-15,97.54092407226562,,,,,,
2014-12-16,97.40349578857422,,,,,,
2014-12-17,100.4100570678711,,,,,,
2014-12-18,101.90470123291016,,,,,,
2014-12-19,102.13664245605467,,,,,,
2014-12-22,102.83245849609376,,,,,,
2014-12-23,102.96128845214844,,,,,,
2014-12-24,103.2587890625,,,,,,
2014-12-26,103.9312973022461,,,,,,
2014-12-29,104.37100982666016,,,,,,
2014-12-30,103.75881958007812,,,,,,
2014-12-31,103.1380844116211,,,,,,
2015-01-02,102.5431137084961,,,,,,
2015-01-05,101.17220306396484,,,,,,
2015-01-06,99.42192840576172,,,,,,
2015-01-07,100.64627075195312,,,,,,
2015-01-08,102.35344696044922,,,,,,
2015-01-09,101.3705062866211,,,,,,
2015-01-12,101.03426361083984,,,,,,
2015-01-13,101.11184692382812,,,,,,
2015-01-14,100.70661163330078,,,,,,
2015-01-15,99.00804138183594,,,,,,
2015-01-16,100.6203842163086,,,,,,
2015-01-20,100.19789123535156,,,,,,
2015-01-21,99.8788604736328,,,,,,
2015-01-22,101.91368865966795,,,,,,
2015-01-23,101.84475708007812,,,,,,
2015-01-26,102.82765197753906,,,,,,
2015-01-27,102.33619689941406,,,,,,
2015-01-28,100.61176300048828,,,,,,
2015-01-29,101.9999542236328,,,,,,
2015-01-30,99.75818634033205,,,,,,
2015-02-02,100.67211151123048,,,,,,
2015-02-03,102.47413635253906,,,,,,
2015-02-04,102.0947723388672,,,,,,
2015-02-05,103.4139633178711,,,,,,
2015-02-06,103.30186462402344,,,,,,
2015-02-09,102.48277282714844,,,,,,
2015-02-10,103.1380844116211,,,,,,
2015-02-11,102.99147033691406,,,,,,
2015-02-12,104.16409301757812,,,,,,
2015-02-13,104.78487396240234,,,,,,
2015-02-17,105.11254119873048,,,,,,
2015-02-18,105.2245864868164,,,,,,
2015-02-19,105.23323059082033,,,,,,
2015-02-20,105.51776885986328,,,,,,
2015-02-23,105.62120819091795,,,,,,
2015-02-24,105.75919342041016,,,,,,
2015-02-25,105.8799057006836,,,,,,
2015-02-26,106.26789855957033,,,,,,
2015-02-27,105.6902084350586,,,,,,
2015-03-02,106.45759582519533,,,,,,
2015-03-03,105.8281707763672,,,,,,
2015-03-04,105.50051879882812,,,,,,
2015-03-05,105.8109130859375,,,,,,
2015-03-06,104.47449493408205,,,,,,
2015-03-09,104.93146514892578,,,,,,
2015-03-10,103.72434997558594,,,,,,
2015-03-11,104.3624038696289,,,,,,
2015-03-12,106.09545135498048,,,,,,
2015-03-13,105.71609497070312,,,,,,
2015-03-16,106.3368682861328,,,,,,
2015-03-17,106.62140655517578,,,,,,
2015-03-18,107.47498321533205,,,,,,
2015-03-19,107.68195343017578,,,,,,
2015-03-20,108.63037109375,,,,,,
2015-03-23,108.53550720214844,,,,,,
2015-03-24,108.5096206665039,,,,,,
2015-03-25,105.91770935058594,,,,,,
2015-03-26,105.78797912597656,,,,,,
2015-03-27,106.46257781982422,,,,,,
2015-03-30,107.90682983398438,,,,,,
2015-03-31,107.56092071533205,,,,,,
2015-04-01,107.60417175292967,,,,,,
2015-04-02,107.80305480957033,,,,,,
2015-04-06,108.27873992919922,,,,,,
2015-04-07,107.58684539794922,,,,,,
2015-04-08,108.51223754882812,,,,,,
2015-04-09,108.12305450439452,,,,,,
2015-04-10,108.64198303222656,,,,,,
2015-04-13,108.71114349365234,,,,,,
2015-04-14,108.68521881103516,,,,,,
2015-04-15,109.4462661743164,,,,,,
2015-04-16,109.38574981689452,,,,,,
2015-04-17,107.61278533935548,,,,,,
2015-04-20,108.6679229736328,,,,,,
2015-04-21,108.55548858642578,,,,,,
2015-04-22,108.71981048583984,,,,,,
2015-04-23,109.21278381347656,,,,,,
2015-04-24,108.84951782226562,,,,,,
2015-04-27,107.64738464355467,,,,,,
2015-04-28,108.24412536621094,,,,,,
2015-04-29,107.06793975830078,,,,,,
2015-04-30,104.80206298828124,,,,,,
2015-05-01,105.48527526855467,,,,,,
2015-05-04,105.86582946777344,,,,,,
2015-05-05,104.51665496826172,,,,,,
2015-05-06,104.87987518310548,,,,,,
2015-05-07,105.27771759033205,,,,,,
2015-05-08,106.06472778320312,,,,,,
2015-05-11,106.12528228759766,,,,,,
2015-05-12,105.93500518798828,,,,,,
2015-05-13,105.93500518798828,,,,,,
2015-05-14,107.0593032836914,,,,,,
2015-05-15,106.93824005126952,,,,,,
2015-05-18,108.14897918701172,,,,,,
2015-05-19,108.0019989013672,,,,,,
2015-05-20,108.2008819580078,,,,,,
2015-05-21,108.079833984375,,,,,,
2015-05-22,107.61278533935548,,,,,,
2015-05-26,106.5836410522461,,,,,,
2015-05-27,107.8895492553711,,,,,,
2015-05-28,107.79441833496094,,,,,,
2015-05-29,107.14578247070312,,,,,,
2015-06-01,107.48309326171876,,,,,,
2015-06-02,107.6906509399414,,,,,,
2015-06-03,108.76305389404295,,,,,,
2015-06-04,107.67332458496094,,,,,,
2015-06-05,108.45171356201172,,,,,,
2015-06-08,107.95011901855467,,,,,,
2015-06-09,107.62145233154295,,,,,,
2015-06-10,108.96198272705078,,,,,,
2015-06-11,109.23870849609376,,,,,,
2015-06-12,108.91008758544922,,,,,,
2015-06-15,108.56414031982422,,,,,,
2015-06-16,109.33385467529295,,,,,,
2015-06-17,109.1695327758789,,,,,,
2015-06-18,110.63113403320312,,,,,,
2015-06-19,110.57921600341795,,,,,,
2015-06-22,111.34027862548828,,,,,,
2015-06-23,111.57378387451172,,,,,,
2015-06-24,110.63113403320312,,,,,,
2015-06-25,110.57056427001952,,,,,,
2015-06-26,110.26790618896484,,,,,,
2015-06-29,107.48309326171876,,,,,,
2015-06-30,107.98468780517578,,,,,,
2015-07-01,108.30469512939452,,,,,,
2015-07-02,107.50476837158205,,,,,,
2015-07-06,107.47004699707033,,,,,,
2015-07-07,107.59160614013672,,,,,,
2015-07-08,105.95014190673828,,,,,,
2015-07-09,106.33228302001952,,,,,,
2015-07-10,107.80875396728516,,,,,,
2015-07-13,109.02469635009766,,,,,,
2015-07-14,109.63262939453124,,,,,,
2015-07-15,109.05070495605467,,,,,,
2015-07-16,109.70211029052734,,,,,,
2015-07-17,109.22444915771484,,,,,,
2015-07-20,108.63385772705078,,,,,,
2015-07-21,108.12145233154295,,,,,,
2015-07-22,108.52094268798828,,,,,,
2015-07-23,107.32239532470705,,,,,,
2015-07-24,105.59400939941406,,,,,,
2015-07-27,104.71685028076172,,,,,,
2015-07-28,105.6114273071289,,,,,,
2015-07-29,105.9067153930664,,,,,,
2015-07-30,106.210693359375,,,,,,
2015-07-31,106.79257202148438,,,,,,
2015-08-03,106.26277923583984,,,,,,
2015-08-04,106.0109405517578,,,,,,
2015-08-05,106.25414276123048,,,,,,
2015-08-06,104.8210678100586,,,,,,
2015-08-07,104.11756134033205,,,,,,
2015-08-10,105.31612396240234,,,,,,
2015-08-11,104.41287994384766,,,,,,
2015-08-12,104.21309661865234,,,,,,
2015-08-13,103.86570739746094,,,,,,
2015-08-14,104.53446197509766,,,,,,
2015-08-17,105.6374740600586,,,,,,
2015-08-18,104.79499053955078,,,,,,
2015-08-19,103.70938110351562,,,,,,
2015-08-20,101.08642578125,,,,,,
2015-08-21,99.90528106689452,,,,,,
2015-08-24,96.0056610107422,,,,,,
2015-08-25,95.26740264892578,,,,,,
2015-08-26,97.69055938720705,,,,,,
2015-08-27,99.436279296875,,,,,,
2015-08-28,100.4177017211914,,,,,,
2015-08-31,100.05294036865234,,,,,,
2015-09-01,97.18682861328124,,,,,,
2015-09-02,98.93253326416016,,,,,,
2015-09-03,98.77620697021484,,,,,,
2015-09-04,98.02928924560548,,,,,,
2015-09-08,100.2700424194336,,,,,,
2015-09-09,99.11489868164062,,,,,,
2015-09-10,99.5665512084961,,,,,,
2015-09-11,100.03553771972656,,,,,,
2015-09-14,99.57523345947266,,,,,,
2015-09-15,100.69561767578124,,,,,,
2015-09-16,101.56414794921876,,,,,,
2015-09-17,101.91153717041016,,,,,,
2015-09-18,100.50455474853516,,,,,,
2015-09-21,100.32217407226562,,,,,,
2015-09-22,98.80223083496094,,,,,,
2015-09-23,98.50695037841795,,,,,,
2015-09-24,98.34194946289062,,,,,,
2015-09-25,97.04764556884766,,,,,,
2015-09-28,94.3301010131836,,,,,,
2015-09-29,93.65941619873048,,,,,,
2015-09-30,95.11402893066406,,,,,,
2015-10-01,94.94849395751952,,,,,,
2015-10-02,96.35954284667967,,,,,,
2015-10-05,98.65901184082033,,,,,,
2015-10-06,97.9796142578125,,,,,,
2015-10-07,99.71294403076172,,,,,,
2015-10-08,100.6100616455078,,,,,,
2015-10-09,100.81037139892578,,,,,,
2015-10-12,100.66231536865234,,,,,,
2015-10-13,99.28612518310548,,,,,,
2015-10-14,98.31060028076172,,,,,,
2015-10-15,100.66231536865234,,,,,,
2015-10-16,100.53165435791016,,,,,,
2015-10-19,100.72328186035156,,,,,,
2015-10-20,100.58389282226562,,,,,,
2015-10-21,99.05093383789062,,,,,,
2015-10-22,99.9219741821289,,,,,,
2015-10-23,100.90617370605467,,,,,,
2015-10-26,100.21810913085938,,,,,,
2015-10-27,99.12064361572266,,,,,,
2015-10-28,102.0123519897461,,,,,,
2015-10-29,100.92362213134766,,,,,,
2015-10-30,100.46196746826172,,,,,,
2015-11-02,102.55239868164062,,,,,,
2015-11-03,103.0837173461914,,,,,,
2015-11-04,103.03145599365234,,,,,,
2015-11-05,103.10980987548828,,,,,,
2015-11-06,103.84149932861328,,,,,,
2015-11-09,102.62207794189452,,,,,,
2015-11-10,102.9269027709961,,,,,,
2015-11-11,102.02976989746094,,,,,,
2015-11-12,100.07872772216795,,,,,,
2015-11-13,99.35580444335938,,,,,,
2015-11-16,100.2093734741211,,,,,,
2015-11-17,99.82614135742188,,,,,,
2015-11-18,101.5158920288086,,,,,,
2015-11-19,101.08908081054688,,,,,,
2015-11-20,101.74236297607422,,,,,,
2015-11-23,102.24756622314452,,,,,,
2015-11-24,102.99663543701172,,,,,,
2015-11-25,103.79793548583984,,,,,,
2015-11-27,104.18990325927734,,,,,,
2015-11-30,103.73696899414062,,,,,,
2015-12-01,104.425048828125,,,,,,
2015-12-02,103.30143737792967,,,,,,
2015-12-03,101.55946350097656,,,,,,
2015-12-04,102.5872573852539,,,,,,
2015-12-07,101.04557037353516,,,,,,
2015-12-08,100.48811340332033,,,,,,
2015-12-09,99.36451721191406,,,,,,
2015-12-10,99.69549560546876,,,,,,
2015-12-11,97.4744110107422,,,,,,
2015-12-14,96.7776336669922,,,,,,
2015-12-15,98.17121887207033,,,,,,
2015-12-16,99.66936492919922,,,,,,
2015-12-17,98.60674285888672,,,,,,
2015-12-18,97.09991455078124,,,,,,
2015-12-21,97.83151245117188,,,,,,
2015-12-22,98.72868347167967,,,,,,
2015-12-23,99.97421264648438,,,,,,
2015-12-24,100.16316986083984,,,,,,
2015-12-28,99.69953155517578,,,,,,
2015-12-29,100.77552795410156,,,,,,
2015-12-30,99.76074981689452,,,,,,
2015-12-31,98.5185546875,,,,,,
2016-01-04,96.23538208007812,,,,,,
2016-01-05,96.4453125,,,,,,
2016-01-06,94.97567749023438,,,,,,
2016-01-07,92.43878173828124,,,,,,
2016-01-08,90.84667205810548,,,,,,
2016-01-11,90.45304107666016,,,,,,
2016-01-12,90.72418975830078,,,,,,
2016-01-13,87.8111801147461,,,,,,
2016-01-14,89.0271224975586,,,,,,
2016-01-15,87.5837173461914,,,,,,
2016-01-19,86.40274810791016,,,,,,
2016-01-20,86.7614517211914,,,,,,
2016-01-21,86.56021118164062,,,,,,
2016-01-22,88.67720794677734,,,,,,
2016-01-25,86.70893096923828,,,,,,
2016-01-26,88.44103240966797,,,,,,
2016-01-27,87.22505950927734,,,,,,
2016-01-28,87.20756530761719,,,,,,
2016-01-29,90.06813049316406,,,,,,
2016-02-01,89.65697479248047,,,,,,
2016-02-02,87.72370147705078,,,,,,
2016-02-03,87.83740234375,,,,,,
2016-02-04,88.17857360839844,,,,,,
2016-02-05,85.76417541503906,,,,,,
2016-02-08,84.35578155517578,,,,,,
2016-02-09,83.78715515136719,,,,,,
2016-02-10,83.83089447021484,,,,,,
2016-02-11,82.92109680175781,,,,,,
2016-02-12,84.49571228027344,,,,,,
2016-02-16,86.49898529052734,,,,,,
2016-02-17,87.85491180419922,,,,,,
2016-02-18,87.43500518798828,,,,,,
2016-02-19,87.87242126464844,,,,,,
2016-02-22,88.85215759277344,,,,,,
2016-02-23,88.03862762451172,,,,,,
2016-02-24,88.88716888427734,,,,,,
2016-02-25,89.70069885253906,,,,,,
2016-02-26,90.26934051513672,,,,,,
2016-02-29,89.866943359375,,,,,,
2016-03-01,91.80021667480467,,,,,,
2016-03-02,92.7449722290039,,,,,,
2016-03-03,93.71598052978516,,,,,,
2016-03-04,94.23210144042967,,,,,,
2016-03-07,95.255615234375,,,,,,
2016-03-08,92.95494842529295,,,,,,
2016-03-09,93.4272918701172,,,,,,
2016-03-10,92.66624450683594,,,,,,
2016-03-11,94.65201568603516,,,,,,
2016-03-14,94.40707397460938,,,,,,
2016-03-15,92.93743133544922,,,,,,
2016-03-16,93.59352111816406,,,,,,
2016-03-17,95.02816772460938,,,,,,
2016-03-18,95.88544464111328,,,,,,
2016-03-21,95.65802001953124,,,,,,
2016-03-22,95.54427337646484,,,,,,
2016-03-23,93.7780532836914,,,,,,
2016-03-24,94.05883026123048,,,,,,
2016-03-28,94.1728744506836,,,,,,
2016-03-29,96.78758239746094,,,,,,
2016-03-30,96.79635620117188,,,,,,
2016-03-31,97.06836700439452,,,,,,
2016-04-01,97.49832916259766,,,,,,
2016-04-04,96.68231201171876,,,,,,
2016-04-05,95.58554077148438,,,,,,
2016-04-06,96.6647491455078,,,,,,
2016-04-07,95.35741424560548,,,,,,
2016-04-08,95.73470306396484,,,,,,
2016-04-11,95.4364013671875,,,,,,
2016-04-12,96.46296691894533,,,,,,
2016-04-13,98.54240417480467,,,,,,
2016-04-14,98.41959381103516,,,,,,
2016-04-15,98.6652603149414,,,,,,
2016-04-18,99.41104888916016,,,,,,
2016-04-19,99.49000549316406,,,,,,
2016-04-20,99.63916778564452,,,,,,
2016-04-21,99.13905334472656,,,,,,
2016-04-22,100.12177276611328,,,,,,
2016-04-25,99.41104888916016,,,,,,
2016-04-26,100.38500213623048,,,,,,
2016-04-27,100.73594665527344,,,,,,
2016-04-28,99.5865478515625,,,,,,
2016-04-29,98.69157409667967,,,,,,
2016-05-02,99.5689926147461,,,,,,
2016-05-03,97.93699645996094,,,,,,
2016-05-04,97.1297836303711,,,,,,
2016-05-05,96.74372100830078,,,,,,
2016-05-06,97.3140640258789,,,,,,
2016-05-09,97.59481811523438,,,,,,
2016-05-10,98.57749938964844,,,,,,
2016-05-11,97.35791778564452,,,,,,
2016-05-12,96.84024810791016,,,,,,
2016-05-13,96.19972229003906,,,,,,
2016-05-16,97.41932678222656,,,,,,
2016-05-17,95.87509155273438,,,,,,
2016-05-18,96.37519073486328,,,,,,
2016-05-19,95.60311126708984,,,,,,
2016-05-20,97.20873260498048,,,,,,
2016-05-23,97.09466552734376,,,,,,
2016-05-24,99.0951919555664,,,,,,
2016-05-25,99.67425537109376,,,,,,
2016-05-26,99.56021118164062,,,,,,
2016-05-27,100.55168914794922,,,,,,
2016-05-31,100.90264129638672,,,,,,
2016-06-01,101.58706665039062,,,,,,
2016-06-02,102.36795043945312,,,,,,
2016-06-03,101.7537612915039,,,,,,
2016-06-06,102.85052490234376,,,,,,
2016-06-07,103.14885711669922,,,,,,
2016-06-08,103.91217803955078,,,,,,
2016-06-09,103.24537658691406,,,,,,
2016-06-10,101.84149932861328,,,,,,
2016-06-13,100.73594665527344,,,,,,
2016-06-14,100.44642639160156,,,,,,
2016-06-15,100.51660919189452,,,,,,
2016-06-16,100.5078582763672,,,,,,
2016-06-17,100.07789611816406,,,,,,
2016-06-20,101.16587829589844,,,,,,
2016-06-21,100.9728546142578,,,,,,
2016-06-22,100.57803344726562,,,,,,
2016-06-23,102.49954223632812,,,,,,
2016-06-24,98.60383605957033,,,,,,
2016-06-27,95.3661880493164,,,,,,
2016-06-28,96.84024810791016,,,,,,
2016-06-29,99.04253387451172,,,,,,
2016-06-30,100.8851089477539,,,,,,
2016-07-01,101.24486541748048,,,,,,
2016-07-05,99.75323486328124,,,,,,
2016-07-06,100.4775619506836,,,,,,
2016-07-07,100.68928527832033,,,,,,
2016-07-08,103.0360336303711,,,,,,
2016-07-11,104.22705841064452,,,,,,
2016-07-12,105.62100982666016,,,,,,
2016-07-13,105.20635223388672,,,,,,
2016-07-14,105.31217956542967,,,,,,
2016-07-15,105.60333251953124,,,,,,
2016-07-18,105.77979278564452,,,,,,
2016-07-19,105.25045013427734,,,,,,
2016-07-20,105.9385986328125,,,,,,
2016-07-21,105.43570709228516,,,,,,
2016-07-22,106.2209014892578,,,,,,
2016-07-25,106.0621109008789,,,,,,
2016-07-26,106.57381439208984,,,,,,
2016-07-27,106.87374877929688,,,,,,
2016-07-28,106.60025787353516,,,,,,
2016-07-29,106.81199645996094,,,,,,
2016-08-01,106.90019989013672,,,,,,
2016-08-02,105.40923309326172,,,,,,
2016-08-03,106.26502227783205,,,,,,
2016-08-04,106.36206817626952,,,,,,
2016-08-05,107.89714050292967,,,,,,
2016-08-08,107.84420013427734,,,,,,
2016-08-09,107.95890808105467,,,,,,
2016-08-10,107.18254089355467,,,,,,
2016-08-11,107.69422912597656,,,,,,
2016-08-12,107.80013275146484,,,,,,
2016-08-15,108.86760711669922,,,,,,
2016-08-16,107.98535919189452,,,,,,
2016-08-17,107.66773986816406,,,,,,
2016-08-18,108.46177673339844,,,,,,
2016-08-19,108.46177673339844,,,,,,
2016-08-22,108.70882415771484,,,,,,
2016-08-23,109.46752166748048,,,,,,
2016-08-24,108.57645416259766,,,,,,
2016-08-25,108.78817749023438,,,,,,
2016-08-26,108.56766510009766,,,,,,
2016-08-29,109.13224792480467,,,,,,
2016-08-30,109.33519744873048,,,,,,
2016-08-31,108.71762084960938,,,,,,
2016-09-01,108.79701232910156,,,,,,
2016-09-02,109.8468780517578,,,,,,
2016-09-06,109.95274353027344,,,,,,
2016-09-07,110.64089965820312,,,,,,
2016-09-08,110.42034149169922,,,,,,
2016-09-09,106.97079467773438,,,,,,
2016-09-12,108.46177673339844,,,,,,
2016-09-13,106.37973022460938,,,,,,
2016-09-14,106.39733123779295,,,,,,
2016-09-15,107.66773986816406,,,,,,
2016-09-16,107.50897216796876,,,,,,
2016-09-19,108.22359466552734,,,,,,
2016-09-20,107.76481628417967,,,,,,
2016-09-21,109.3263702392578,,,,,,
2016-09-22,110.89673614501952,,,,,,
2016-09-23,110.11154174804688,,,,,,
2016-09-26,109.01808166503906,,,,,,
2016-09-27,109.46041870117188,,,,,,
2016-09-28,110.30084991455078,,,,,,
2016-09-29,108.69076538085938,,,,,,
2016-09-30,109.88507843017578,,,,,,
2016-10-03,109.54005432128906,,,,,,
2016-10-04,109.00041961669922,,,,,,
2016-10-05,109.6550521850586,,,,,,
2016-10-06,109.54005432128906,,,,,,
2016-10-07,108.66423797607422,,,,,,
2016-10-10,109.96468353271484,,,,,,
2016-10-11,107.95646667480467,,,,,,
2016-10-12,107.86802673339844,,,,,,
2016-10-13,106.97449493408205,,,,,,
2016-10-14,106.54102325439452,,,,,,
2016-10-17,106.41714477539062,,,,,,
2016-10-18,107.027587890625,,,,,,
2016-10-19,107.47875213623048,,,,,,
2016-10-20,107.1602783203125,,,,,,
2016-10-21,107.1072006225586,,,,,,
2016-10-24,107.78839874267578,,,,,,
2016-10-25,106.9833526611328,,,,,,
2016-10-26,105.9217529296875,,,,,,
2016-10-27,104.7097625732422,,,,,,
2016-10-28,104.41781616210938,,,,,,
2016-10-31,104.83358764648438,,,,,,
2016-11-01,103.55084228515624,,,,,,
2016-11-02,102.23265075683594,,,,,,
2016-11-03,101.73724365234376,,,,,,
2016-11-04,102.39188385009766,,,,,,
2016-11-07,104.8955078125,,,,,,
2016-11-08,105.16976165771484,,,,,,
2016-11-09,108.40768432617188,,,,,,
2016-11-10,110.14160919189452,,,,,,
2016-11-11,112.67176818847656,,,,,,
2016-11-14,114.25533294677734,,,,,,
2016-11-15,114.60922241210938,,,,,,
2016-11-16,114.60037231445312,,,,,,
2016-11-17,115.272705078125,,,,,,
2016-11-18,115.88317108154295,,,,,,
2016-11-21,116.4228057861328,,,,,,
2016-11-22,117.48441314697266,,,,,,
2016-11-23,118.21866607666016,,,,,,
2016-11-25,118.6079330444336,,,,,,
2016-11-28,117.0685806274414,,,,,,
2016-11-29,117.00667572021484,,,,,,
2016-11-30,116.43162536621094,,,,,,
2016-12-01,115.86544799804688,,,,,,
2016-12-02,115.80352020263672,,,,,,
2016-12-05,117.79402923583984,,,,,,
2016-12-06,119.06794738769533,,,,,,
2016-12-07,120.2269058227539,,,,,,
2016-12-08,122.12007904052734,,,,,,
2016-12-09,122.35894012451172,,,,,,
2016-12-12,121.06732940673828,,,,,,
2016-12-13,121.07621002197266,,,,,,
2016-12-14,119.5633544921875,,,,,,
2016-12-15,120.4568862915039,,,,,,
2016-12-16,120.2357177734375,,,,,,
2016-12-19,121.02310943603516,,,,,,
2016-12-20,122.04933166503906,,,,,,
2016-12-21,121.25311279296876,,,,,,
2016-12-22,120.20757293701172,,,,,,
2016-12-23,120.84713745117188,,,,,,
2016-12-27,121.38900756835938,,,,,,
2016-12-28,120.1453857421875,,,,,,
2016-12-29,120.25196075439452,,,,,,
2016-12-30,119.7900619506836,,,,,,
2017-01-03,120.3852310180664,,,,,,
2017-01-04,122.39282989501952,,,,,,
2017-01-05,120.98037719726562,,,,,,
2017-01-06,120.53623962402344,,,,,,
2017-01-09,119.74559020996094,,,,,,
2017-01-10,120.89154052734376,,,,,,
2017-01-11,121.10477447509766,,,,,,
2017-01-12,120.17202758789062,,,,,,
2017-01-13,121.04259490966795,,,,,,
2017-01-17,119.39916229248048,,,,,,
2017-01-18,119.7900619506836,,,,,,
2017-01-19,118.81290435791016,,,,,,
2017-01-20,119.4258270263672,,,,,,
2017-01-23,118.92838287353516,,,,,,
2017-01-24,120.7494125366211,,,,,,
2017-01-25,121.88650512695312,,,,,,
2017-01-26,121.3979263305664,,,,,,
2017-01-27,120.98037719726562,,,,,,
2017-01-30,119.29254150390624,,,,,,
2017-01-31,120.1275863647461,,,,,,
2017-02-01,120.05651092529295,,,,,,
2017-02-02,119.75453186035156,,,,,,
2017-02-03,121.58446502685548,,,,,,
2017-02-06,120.66947174072266,,,,,,
2017-02-07,120.1364974975586,,,,,,
2017-02-08,119.9233169555664,,,,,,
2017-02-09,121.61112213134766,,,,,,
2017-02-10,122.53496551513672,,,,,,
2017-02-13,122.8547592163086,,,,,,
2017-02-14,123.26338958740234,,,,,,
2017-02-15,124.00064086914062,,,,,,
2017-02-16,123.65420532226562,,,,,,
2017-02-17,123.57427215576172,,,,,,
2017-02-21,124.5425796508789,,,,,,
2017-02-22,123.9918212890625,,,,,,
2017-02-23,123.25448608398438,,,,,,
2017-02-24,123.16565704345705,,,,,,
2017-02-27,124.36491394042967,,,,,,
2017-02-28,122.44617462158205,,,,,,
2017-03-01,124.6847152709961,,,,,,
2017-03-02,123.25448608398438,,,,,,
2017-03-03,123.16565704345705,,,,,,
2017-03-06,122.3217544555664,,,,,,
2017-03-07,121.52227020263672,,,,,,
2017-03-08,120.72280883789062,,,,,,
2017-03-09,120.24307250976562,,,,,,
2017-03-10,120.77611541748048,,,,,,
2017-03-13,121.06038665771484,,,,,,
2017-03-14,120.48291778564452,,,,,,
2017-03-15,122.3484115600586,,,,,,
2017-03-16,122.50830078125,,,,,,
2017-03-17,122.99690246582033,,,,,,
2017-03-20,122.4639129638672,,,,,,
2017-03-21,119.00833892822266,,,,,,
2017-03-22,119.0349578857422,,,,,,
2017-03-23,119.72786712646484,,,,,,
2017-03-24,119.81427001953124,,,,,,
2017-03-27,120.0370101928711,,,,,,
2017-03-28,120.97239685058594,,,,,,
2017-03-29,121.36441040039062,,,,,,
2017-03-30,122.281982421875,,,,,,
2017-03-31,122.4780044555664,,,,,,
2017-04-03,121.18621826171876,,,,,,
2017-04-04,121.04368591308594,,,,,,
2017-04-05,119.67174530029295,,,,,,
2017-04-06,120.78534698486328,,,,,,
2017-04-07,120.73189544677734,,,,,,
2017-04-10,120.99918365478516,,,,,,
2017-04-11,121.96131134033205,,,,,,
2017-04-12,120.30428314208984,,,,,,
2017-04-13,119.12831115722656,,,,,,
2017-04-17,120.52696228027344,,,,,,
2017-04-18,120.55374145507812,,,,,,
2017-04-19,120.97239685058594,,,,,,
2017-04-20,122.51361846923828,,,,,,
2017-04-21,122.23749542236328,,,,,,
2017-04-24,123.7608413696289,,,,,,
2017-04-25,124.96355438232422,,,,,,
2017-04-26,125.6049575805664,,,,,,
2017-04-27,125.5693130493164,,,,,,
2017-04-28,123.88557434082033,,,,,,
2017-05-01,124.5982894897461,,,,,,
2017-05-02,123.96574401855467,,,,,,
2017-05-03,123.19961547851562,,,,,,
2017-05-04,123.03038024902344,,,,,,
2017-05-05,123.82323455810548,,,,,,
2017-05-08,123.30652618408205,,,,,,
2017-05-09,123.25308227539062,,,,,,
2017-05-10,124.0192642211914,,,,,,
2017-05-11,123.1550750732422,,,,,,
2017-05-12,122.50469207763672,,,,,,
2017-05-15,123.45797729492188,,,,,,
2017-05-16,123.50251007080078,,,,,,
2017-05-17,120.1706314086914,,,,,,
2017-05-18,120.60716247558594,,,,,,
2017-05-19,121.18621826171876,,,,,,
2017-05-22,122.0058364868164,,,,,,
2017-05-23,122.40672302246094,,,,,,
2017-05-24,122.4869155883789,,,,,,
2017-05-25,122.5671157836914,,,,,,
2017-05-26,122.53146362304688,,,,,,
2017-05-30,121.56929779052734,,,,,,
2017-05-31,121.444580078125,,,,,,
2017-06-01,123.78759002685548,,,,,,
2017-06-02,124.5894012451172,,,,,,
2017-06-05,123.81430053710938,,,,,,
2017-06-06,123.69854736328124,,,,,,
2017-06-07,123.81430053710938,,,,,,
2017-06-08,125.50699615478516,,,,,,
2017-06-09,126.15731048583984,,,,,,
2017-06-12,125.9524383544922,,,,,,
2017-06-13,126.5938720703125,,,,,,
2017-06-14,125.84548950195312,,,,,,
2017-06-15,125.20410919189452,,,,,,
2017-06-16,124.89228057861328,,,,,,
2017-06-19,125.81877899169922,,,,,,
2017-06-20,124.54488372802734,,,,,,
2017-06-21,124.2330322265625,,,,,,
2017-06-22,124.7051773071289,,,,,,
2017-06-23,125.53370666503906,,,,,,
2017-06-26,125.6852035522461,,,,,,
2017-06-27,124.58045959472656,,,,,,
2017-06-28,126.48696899414062,,,,,,
2017-06-29,125.73863220214844,,,,,,
2017-06-30,125.54263305664062,,,,,,
2017-07-03,126.5938720703125,,,,,,
2017-07-05,126.1395034790039,,,,,,
2017-07-06,124.49232482910156,,,,,,
2017-07-07,125.7001953125,,,,,,
2017-07-10,125.1544418334961,,,,,,
2017-07-11,125.52123260498048,,,,,,
2017-07-12,126.48756408691406,,,,,,
2017-07-13,126.59490966796876,,,,,,
2017-07-14,126.8096694946289,,,,,,
2017-07-17,127.10490417480467,,,,,,
2017-07-18,126.77385711669922,,,,,,
2017-07-19,128.03543090820312,,,,,,
2017-07-20,128.12489318847656,,,,,,
2017-07-21,127.54334259033205,,,,,,
2017-07-24,127.72228240966795,,,,,,
2017-07-25,128.8854217529297,,,,,,
2017-07-26,128.16964721679688,,,,,,
2017-07-27,127.35543060302734,,,,,,
2017-07-28,127.01544189453124,,,,,,
2017-07-31,126.61279296875,,,,,,
2017-08-01,126.85441589355467,,,,,,
2017-08-02,125.46758270263672,,,,,,
2017-08-03,124.84132385253906,,,,,,
2017-08-04,125.4496841430664,,,,,,
2017-08-07,125.65547943115234,,,,,,
2017-08-08,125.26179504394533,,,,,,
2017-08-09,124.17916870117188,,,,,,
2017-08-10,121.92445373535156,,,,,,
2017-08-11,122.10340881347656,,,,,,
2017-08-14,123.9554672241211,,,,,,
2017-08-15,122.9355010986328,,,,,,
2017-08-16,122.97125244140624,,,,,,
2017-08-17,120.72553253173828,,,,,,
2017-08-18,120.71653747558594,,,,,,
2017-08-21,120.63605499267578,,,,,,
2017-08-22,121.94235229492188,,,,,,
2017-08-23,121.7454833984375,,,,,,
2017-08-24,122.1213150024414,,,,,,
2017-08-25,122.47023010253906,,,,,,
2017-08-28,122.9892120361328,,,,,,
2017-08-29,123.01603698730467,,,,,,
2017-08-30,123.80338287353516,,,,,,
2017-08-31,125.02022552490234,,,,,,
2017-09-01,125.72705078125,,,,,,
2017-09-05,124.5191650390625,,,,,,
2017-09-06,124.77863311767578,,,,,,
2017-09-07,124.4654769897461,,,,,,
2017-09-08,124.56390380859376,,,,,,
2017-09-11,125.87017059326172,,,,,,
2017-09-12,126.63965606689452,,,,,,
2017-09-13,127.01544189453124,,,,,,
2017-09-14,126.89911651611328,,,,,,
2017-09-15,127.4180679321289,,,,,,
2017-09-18,128.28599548339844,,,,,,
2017-09-19,128.28599548339844,,,,,,
2017-09-20,128.697509765625,,,,,,
2017-09-21,128.56333923339844,,,,,,
2017-09-22,129.10911560058594,,,,,,
2017-09-25,129.2880401611328,,,,,,
2017-09-26,129.69969177246094,,,,,,
2017-09-27,132.23794555664062,,,,,,
2017-09-28,132.58773803710938,,,,,,
2017-09-29,132.9016876220703,,,,,,
2017-10-02,134.53396606445312,,,,,,
2017-10-03,134.82994079589844,,,,,,
2017-10-04,134.3994598388672,,,,,,
2017-10-05,134.7671356201172,,,,,,
2017-10-06,134.578857421875,,,,,,
2017-10-09,134.02276611328125,,,,,,
2017-10-10,134.40838623046875,,,,,,
2017-10-11,134.3097686767578,,,,,,
2017-10-12,134.21107482910156,,,,,,
2017-10-13,133.96897888183594,,,,,,
2017-10-16,133.85235595703125,,,,,,
2017-10-17,133.4666748046875,,,,,,
2017-10-18,134.1034698486328,,,,,,
2017-10-19,133.89720153808594,,,,,,
2017-10-20,134.51602172851562,,,,,,
2017-10-23,133.51153564453125,,,,,,
2017-10-24,133.78956604003906,,,,,,
2017-10-25,133.14381408691406,,,,,,
2017-10-26,133.4218292236328,,,,,,
2017-10-27,134.34564208984375,,,,,,
2017-10-30,132.92849731445312,,,,,,
2017-10-31,133.87025451660156,,,,,,
2017-11-01,132.9823455810547,,,,,,
2017-11-02,133.37701416015625,,,,,,
2017-11-03,133.28729248046875,,,,,,
2017-11-06,133.43978881835938,,,,,,
2017-11-07,131.84329223632812,,,,,,
2017-11-08,132.022705078125,,,,,,
2017-11-09,131.55628967285156,,,,,,
2017-11-10,131.45770263671875,,,,,,
2017-11-13,131.49349975585938,,,,,,
2017-11-14,131.13478088378906,,,,,,
2017-11-15,130.61456298828125,,,,,,
2017-11-16,132.53392028808594,,,,,,
2017-11-17,133.14381408691406,,,,,,
2017-11-20,134.11244201660156,,,,,,
2017-11-21,135.51158142089844,,,,,,
2017-11-22,135.33221435546875,,,,,,
2017-11-24,135.38600158691406,,,,,,
2017-11-27,134.97344970703125,,,,,,
2017-11-28,137.09910583496094,,,,,,
2017-11-29,137.55653381347656,,,,,,
2017-11-30,137.80767822265625,,,,,,
2017-12-01,137.24264526367188,,,,,,
2017-12-04,136.73143005371094,,,,,,
2017-12-05,135.36807250976562,,,,,,
2017-12-06,134.7312774658203,,,,,,
2017-12-07,135.6730194091797,,,,,,
2017-12-08,135.79861450195312,,,,,,
2017-12-11,135.7448272705078,,,,,,
2017-12-12,135.32322692871094,,,,,,
2017-12-13,136.1304931640625,,,,,,
2017-12-14,134.62368774414062,,,,,,
2017-12-15,136.5430145263672,,,,,,
2017-12-18,138.39065551757812,,,,,,
2017-12-19,137.29638671875,,,,,,
2017-12-20,137.5655517578125,,,,,,
2017-12-21,138.16775512695312,,,,,,
2017-12-22,137.9156494140625,,,,,,
2017-12-26,137.9967498779297,,,,,,
2017-12-27,137.86172485351562,,,,,,
2017-12-28,138.40185546875,,,,,,
2017-12-29,137.2584991455078,,,,,,
2018-01-02,138.55491638183594,,,,,,
2018-01-03,138.6989288330078,,,,,,
2018-01-04,139.06809997558594,,,,,,
2018-01-05,139.3561553955078,,,,,,
2018-01-08,139.5722198486328,,,,,,
2018-01-09,139.38316345214844,,,,,,
2018-01-10,139.4011993408203,,,,,,
2018-01-11,141.79598999023438,,,,,,
2018-01-12,142.39015197753906,,,,,,
2018-01-16,140.57156372070312,,,,,,
2018-01-17,141.9039764404297,,,,,,
2018-01-18,140.931640625,,,,,,
2018-01-19,142.7863006591797,,,,,,
2018-01-22,143.55154418945312,,,,,,
2018-01-23,144.01063537597656,,,,,,
2018-01-24,143.11940002441406,,,,,,
2018-01-25,143.17343139648438,,,,,,
2018-01-26,143.6865997314453,,,,,,
2018-01-29,142.87631225585938,,,,,,
2018-01-30,141.50784301757812,,,,,,
2018-01-31,140.76966857910156,,,,,,
2018-02-01,141.21075439453125,,,,,,
2018-02-02,138.4918670654297,,,,,,
2018-02-05,133.17115783691406,,,,,,
2018-02-06,134.7646942138672,,,,,,
2018-02-07,134.89971923828125,,,,,,
2018-02-08,130.9384765625,,,,,,
2018-02-09,132.1358184814453,,,,,,
2018-02-12,133.38723754882812,,,,,,
2018-02-13,133.67529296875,,,,,,
2018-02-14,136.07911682128906,,,,,,
2018-02-15,137.5645751953125,,,,,,
2018-02-16,138.05075073242188,,,,,,
2018-02-20,136.91636657714844,,,,,,
2018-02-21,137.06040954589844,,,,,,
2018-02-22,136.8443603515625,,,,,,
2018-02-23,138.62692260742188,,,,,,
2018-02-26,139.53623962402344,,,,,,
2018-02-27,137.52859497070312,,,,,,
2018-02-28,135.35891723632812,,,,,,
2018-03-01,134.99874877929688,,,,,,
2018-03-02,137.1594696044922,,,,,,
2018-03-05,138.3838348388672,,,,,,
2018-03-06,139.8783416748047,,,,,,
2018-03-07,141.11175537109375,,,,,,
2018-03-08,140.8236541748047,,,,,,
2018-03-09,143.0743865966797,,,,,,
2018-03-12,143.32644653320312,,,,,,
2018-03-13,142.66026306152344,,,,,,
2018-03-14,141.98504638671875,,,,,,
2018-03-15,141.27378845214844,,,,,,
2018-03-16,142.06607055664062,,,,,,
2018-03-19,140.69760131835938,,,,,,
2018-03-20,140.66159057617188,,,,,,
2018-03-21,141.48089599609375,,,,,,
2018-03-22,138.37850952148438,,,,,,
2018-03-23,135.4007110595703,,,,,,
2018-03-26,138.3604736328125,,,,,,
2018-03-27,135.68040466308594,,,,,,
2018-03-28,135.63531494140625,,,,,,
2018-03-29,137.0069122314453,,,,,,
2018-04-02,133.66807556152344,,,,,,
2018-04-03,135.5811767578125,,,,,,
2018-04-04,137.30465698242188,,,,,,
2018-04-05,138.44168090820312,,,,,,
2018-04-06,135.68040466308594,,,,,,
2018-04-09,135.8428497314453,,,,,,
2018-04-10,138.40567016601562,,,,,,
2018-04-11,138.70333862304688,,,,,,
2018-04-12,139.65084838867188,,,,,,
2018-04-13,138.9199981689453,,,,,,
2018-04-16,140.20132446289062,,,,,,
2018-04-17,141.7262725830078,,,,,,
2018-04-18,142.10531616210938,,,,,,
2018-04-19,141.12168884277344,,,,,,
2018-04-20,140.36373901367188,,,,,,
2018-04-23,140.15618896484375,,,,,,
2018-04-24,139.35304260253906,,,,,,
2018-04-25,139.14553833007812,,,,,,
2018-04-26,139.78622436523438,,,,,,
2018-04-27,139.5876922607422,,,,,,
2018-04-30,138.3514404296875,,,,,,
2018-05-01,139.02821350097656,,,,,,
2018-05-02,139.55160522460938,,,,,,
2018-05-03,138.7935791015625,,,,,,
2018-05-04,140.52615356445312,,,,,,
2018-05-07,141.71730041503906,,,,,,
2018-05-08,142.4210662841797,,,,,,
2018-05-09,143.18817138671875,,,,,,
2018-05-10,143.9551239013672,,,,,,
2018-05-11,144.23489379882812,,,,,,
2018-05-14,143.68447875976562,,,,,,
2018-05-15,143.7115020751953,,,,,,
2018-05-16,145.20945739746094,,,,,,
2018-05-17,145.877197265625,,,,,,
2018-05-18,146.06674194335938,,,,,,
2018-05-21,147.03221130371094,,,,,,
2018-05-22,145.9674530029297,,,,,,
2018-05-23,146.15695190429688,,,,,,
2018-05-24,146.2111053466797,,,,,,
2018-05-25,145.9493865966797,,,,,,
2018-05-29,145.7509002685547,,,,,,
2018-05-30,148.06092834472656,,,,,,
2018-05-31,146.87881469726562,,,,,,
2018-06-01,147.84439086914062,,,,,,
2018-06-04,148.62940979003906,,,,,,
2018-06-05,149.5498046875,,,,,,
2018-06-06,150.6326904296875,,,,,,
2018-06-07,149.8115692138672,,,,,,
2018-06-08,150.26272583007812,,,,,,
2018-06-11,150.48837280273438,,,,,,
2018-06-12,151.1741180419922,,,,,,
2018-06-13,150.57858276367188,,,,,,
2018-06-14,151.38165283203125,,,,,,
2018-06-15,151.42677307128906,,,,,,
2018-06-18,152.13966369628906,,,,,,
2018-06-19,152.14866638183594,,,,,,
2018-06-20,153.3759002685547,,,,,,
2018-06-21,151.941162109375,,,,,,
2018-06-22,151.43577575683594,,,,,,
2018-06-25,148.9633026123047,,,,,,
2018-06-26,149.82955932617188,,,,,,
2018-06-27,147.42926025390625,,,,,,
2018-06-28,147.88046264648438,,,,,,
2018-06-29,147.78121948242188,,,,,,
2018-07-02,148.80091857910156,,,,,,
2018-07-03,149.3940887451172,,,,,,
2018-07-05,151.09666442871094,,,,,,
2018-07-06,152.37362670898438,,,,,,
2018-07-09,153.33360290527344,,,,,,
2018-07-10,152.63626098632812,,,,,,
2018-07-11,151.34120178222656,,,,,,
2018-07-12,152.07476806640625,,,,,,
2018-07-13,151.6219482421875,,,,,,
2018-07-16,151.03329467773438,,,,,,
2018-07-17,151.70346069335938,,,,,,
2018-07-18,152.12911987304688,,,,,,
2018-07-19,153.20681762695312,,,,,,
2018-07-20,152.58189392089844,,,,,,
2018-07-23,152.7720947265625,,,,,,
2018-07-24,151.14198303222656,,,,,,
2018-07-25,151.69439697265625,,,,,,
2018-07-26,152.50946044921875,,,,,,
2018-07-27,149.66575622558594,,,,,,
2018-07-30,148.70584106445312,,,,,,
2018-07-31,150.2181854248047,,,,,,
2018-08-01,150.11859130859375,,,,,,
2018-08-02,151.2144317626953,,,,,,
2018-08-03,150.6890869140625,,,,,,
2018-08-06,151.53138732910156,,,,,,
2018-08-07,151.89364624023438,,,,,,
2018-08-08,151.75779724121094,,,,,,
2018-08-09,152.14724731445312,,,,,,
2018-08-10,151.72158813476562,,,,,,
2018-08-13,150.83409118652344,,,,,,
2018-08-14,152.328369140625,,,,,,
2018-08-15,150.41746520996094,,,,,,
2018-08-16,151.81216430664062,,,,,,
2018-08-17,152.4641876220703,,,,,,
2018-08-20,152.88983154296875,,,,,,
2018-08-21,154.64674377441406,,,,,,
2018-08-22,155.02711486816406,,,,,,
2018-08-23,154.55624389648438,,,,,,
2018-08-24,155.39846801757812,,,,,,
2018-08-27,155.62489318847656,,,,,,
2018-08-28,155.76979064941406,,,,,,
2018-08-29,156.22254943847656,,,,,,
2018-08-30,156.09579467773438,,,,,,
2018-08-31,156.69346618652344,,,,,,
2018-09-04,155.99620056152344,,,,,,
2018-09-05,155.57957458496094,,,,,,
2018-09-06,154.52903747558594,,,,,,
2018-09-07,154.44752502441406,,,,,,
2018-09-10,154.63766479492188,,,,,,
2018-09-11,154.89126586914062,,,,,,
2018-09-12,154.51995849609375,,,,,,
2018-09-13,154.55624389648438,,,,,,
2018-09-14,155.20826721191406,,,,,,
2018-09-17,153.56002807617188,,,,,,
2018-09-18,154.20301818847656,,,,,,
2018-09-19,153.6414794921875,,,,,,
2018-09-20,155.0633544921875,,,,,,
2018-09-21,154.32070922851562,,,,,,
2018-09-24,153.75021362304688,,,,,,
2018-09-25,153.9856719970703,,,,,,
2018-09-26,152.5781707763672,,,,,,
2018-09-27,152.5872802734375,,,,,,
2018-09-28,153.0503692626953,,,,,,
2018-10-01,151.03453063964844,,,,,,
2018-10-02,149.40005493164062,,,,,,
2018-10-03,150.7076416015625,,,,,,
2018-10-04,148.59185791015625,,,,,,
2018-10-05,147.24795532226562,,,,,,
2018-10-08,146.93927001953125,,,,,,
2018-10-09,146.36715698242188,,,,,,
2018-10-10,142.1629638671875,,,,,,
2018-10-11,139.4479217529297,,,,,,
2018-10-12,139.47515869140625,,,,,,
2018-10-15,139.9927215576172,,,,,,
2018-10-16,144.0517120361328,,,,,,
2018-10-17,143.43423461914062,,,,,,
2018-10-18,140.74644470214844,,,,,,
2018-10-19,139.2572021484375,,,,,,
2018-10-22,138.9575653076172,,,,,,
2018-10-23,137.7135772705078,,,,,,
2018-10-24,132.5286102294922,,,,,,
2018-10-25,135.3980712890625,,,,,,
2018-10-26,133.91795349121094,,,,,,
2018-10-29,133.18246459960938,,,,,,
2018-10-30,135.96107482910156,,,,,,
2018-10-31,136.2334442138672,,,,,,
2018-11-01,139.37533569335938,,,,,,
2018-11-02,139.83837890625,,,,,,
2018-11-05,139.7294158935547,,,,,,
2018-11-06,140.4195098876953,,,,,,
2018-11-07,142.934814453125,,,,,,
2018-11-08,142.55340576171875,,,,,,
2018-11-09,139.9110107421875,,,,,,
2018-11-12,137.1415252685547,,,,,,
2018-11-13,136.70562744140625,,,,,,
2018-11-14,135.70677185058594,,,,,,
2018-11-15,137.64093017578125,,,,,,
2018-11-16,137.96778869628906,,,,,,
2018-11-19,135.17103576660156,,,,,,
2018-11-20,132.5649871826172,,,,,,
2018-11-21,134.4173583984375,,,,,,
2018-11-23,134.2902069091797,,,,,,
2018-11-26,136.03372192382812,,,,,,
2018-11-27,134.90768432617188,,,,,,
2018-11-28,138.24021911621094,,,,,,
2018-11-29,137.86795043945312,,,,,,
2018-11-30,138.58523559570312,,,,,,
2018-12-03,139.9110107421875,,,,,,
2018-12-04,133.95423889160156,,,,,,
2018-12-06,133.6636962890625,,,,,,
2018-12-07,130.77609252929688,,,,,,
2018-12-10,130.39474487304688,,,,,,
2018-12-11,130.25856018066406,,,,,,
2018-12-12,131.50254821777344,,,,,,
2018-12-13,129.6410675048828,,,,,,
2018-12-14,127.67970275878906,,,,,,
2018-12-17,124.8362274169922,,,,,,
2018-12-18,124.68134307861328,,,,,,
2018-12-19,122.08474731445312,,,,,,
2018-12-20,120.0712432861328,,,,,,
2018-12-21,116.95536041259766,,,,,,
2018-12-24,114.68679809570312,,,,,,
2018-12-26,120.19886016845705,,,,,,
2018-12-27,120.69993591308594,,,,,,
2018-12-28,121.04612731933594,,,,,,
2018-12-31,121.99368286132812,,,,,,
2019-01-02,122.68607330322266,,,,,,
2019-01-03,120.49036407470705,,,,,,
2019-01-04,124.99114227294922,,,,,,
2019-01-07,127.1777114868164,,,,,,
2019-01-08,129.12742614746094,,,,,,
2019-01-09,130.19337463378906,,,,,,
2019-01-10,130.86756896972656,,,,,,
2019-01-11,130.90402221679688,,,,,,
2019-01-14,129.60116577148438,,,,,,
2019-01-15,130.6944580078125,,,,,,
2019-01-16,131.66932678222656,,,,,,
2019-01-17,132.8628387451172,,,,,,
2019-01-18,134.2294464111328,,,,,,
2019-01-22,132.10659790039062,,,,,,
2019-01-23,131.74221801757812,,,,,,
2019-01-24,132.5348358154297,,,,,,
2019-01-25,134.238525390625,,,,,,
2019-01-28,133.51881408691406,,,,,,
2019-01-29,133.19989013671875,,,,,,
2019-01-30,134.6576385498047,,,,,,
2019-01-31,135.80563354492188,,,,,,
2019-02-01,135.9149627685547,,,,,,
2019-02-04,137.53665161132812,,,,,,
2019-02-05,137.68246459960938,,,,,,
2019-02-06,137.5093536376953,,,,,,
2019-02-07,136.37960815429688,,,,,,
2019-02-08,136.52542114257812,,,,,,
2019-02-11,137.6642303466797,,,,,,
2019-02-12,139.38621520996094,,,,,,
2019-02-13,139.77798461914062,,,,,,
2019-02-14,140.0968475341797,,,,,,
2019-02-15,142.32896423339844,,,,,,
2019-02-19,142.72067260742188,,,,,,
2019-02-20,143.39492797851562,,,,,,
2019-02-21,142.84823608398438,,,,,,
2019-02-22,144.0873260498047,,,,,,
2019-02-25,144.1238250732422,,,,,,
2019-02-26,143.1307373046875,,,,,,
2019-02-27,143.33116149902344,,,,,,
2019-02-28,142.8391571044922,,,,,,
2019-03-01,144.1693572998047,,,,,,
2019-03-04,142.8665008544922,,,,,,
2019-03-05,142.201416015625,,,,,,
2019-03-06,139.41351318359375,,,,,,
2019-03-07,138.1926727294922,,,,,,
2019-03-08,138.15618896484375,,,,,,
2019-03-11,140.570556640625,,,,,,
2019-03-12,140.64346313476562,,,,,,
2019-03-13,141.19920349121094,,,,,,
2019-03-14,140.62522888183594,,,,,,
2019-03-15,140.99876403808594,,,,,,
2019-03-18,141.90078735351562,,,,,,
2019-03-19,141.1810302734375,,,,,,
2019-03-20,140.00442504882812,,,,,,
2019-03-21,141.84056091308594,,,,,,
2019-03-22,136.6792449951172,,,,,,
2019-03-25,137.28211975097656,,,,,,
2019-03-26,138.7254638671875,,,,,,
2019-03-27,138.18650817871094,,,,,,
2019-03-28,139.4197235107422,,,,,,
2019-03-29,139.84910583496094,,,,,,
2019-04-01,141.37466430664062,,,,,,
2019-04-02,141.0092315673828,,,,,,
2019-04-03,141.74008178710938,,,,,,
2019-04-04,142.43429565429688,,,,,,
2019-04-05,143.7680206298828,,,,,,
2019-04-08,143.5305633544922,,,,,,
2019-04-09,141.77664184570312,,,,,,
2019-04-10,143.7041015625,,,,,,
2019-04-11,143.52142333984375,,,,,,
2019-04-12,144.04209899902344,,,,,,
2019-04-15,143.5762176513672,,,,,,
2019-04-16,143.91419982910156,,,,,,
2019-04-17,142.5987548828125,,,,,,
2019-04-18,142.1785125732422,,,,,,
2019-04-22,141.80397033691406,,,,,,
2019-04-23,143.9416046142578,,,,,,
2019-04-24,144.38925170898438,,,,,,
2019-04-25,143.19253540039062,,,,,,
2019-04-26,144.5810546875,,,,,,
2019-04-29,145.2753448486328,,,,,,
2019-04-30,144.599365234375,,,,,,
2019-05-01,143.22906494140625,,,,,,
2019-05-02,143.89598083496094,,,,,,
2019-05-03,146.64561462402344,,,,,,
2019-05-06,146.81004333496094,,,,,,
2019-05-07,143.90505981445312,,,,,,
2019-05-08,143.20167541503906,,,,,,
2019-05-09,142.68096923828125,,,,,,
2019-05-10,143.07376098632812,,,,,,
2019-05-13,138.51539611816406,,,,,,
2019-05-14,140.26016235351562,,,,,,
2019-05-15,140.71693420410156,,,,,,
2019-05-16,141.59393310546875,,,,,,
2019-05-17,139.6207275390625,,,,,,
2019-05-20,138.6523895263672,,,,,,
2019-05-21,140.5159912109375,,,,,,
2019-05-22,139.33753967285156,,,,,,
2019-05-23,136.4691162109375,,,,,,
2019-05-24,137.7480010986328,,,,,,
2019-05-28,136.65184020996094,,,,,,
2019-05-29,135.5099334716797,,,,,,
2019-05-30,135.13540649414062,,,,,,
2019-05-31,133.24444580078125,,,,,,
2019-06-03,133.7103271484375,,,,,,
2019-06-04,137.17251586914062,,,,,,
2019-06-05,137.199951171875,,,,,,
2019-06-06,136.84365844726562,,,,,,
2019-06-07,137.81199645996094,,,,,,
2019-06-10,138.625,,,,,,
2019-06-11,138.21392822265625,,,,,,
2019-06-12,138.36923217773438,,,,,,
2019-06-13,139.83087158203125,,,,,,
2019-06-14,138.606689453125,,,,,,
2019-06-17,139.56288146972656,,,,,,
2019-06-18,141.18545532226562,,,,,,
2019-06-19,141.689697265625,,,,,,
2019-06-20,142.35887145996094,,,,,,
2019-06-21,141.13047790527344,,,,,,
2019-06-24,139.41619873046875,,,,,,
2019-06-25,138.56362915039062,,,,,,
2019-06-26,138.2427520751953,,,,,,
2019-06-27,140.83712768554688,,,,,,
2019-06-28,142.5514678955078,,,,,,
2019-07-01,143.1014404296875,,,,,,
2019-07-02,142.23056030273438,,,,,,
2019-07-03,143.2480926513672,,,,,,
2019-07-05,143.6331329345703,,,,,,
2019-07-08,142.26724243164062,,,,,,
2019-07-09,142.4597625732422,,,,,,
2019-07-10,142.707275390625,,,,,,
2019-07-11,142.010498046875,,,,,,
2019-07-12,143.110595703125,,,,,,
2019-07-15,142.35887145996094,,,,,,
2019-07-16,142.31304931640625,,,,,,
2019-07-17,141.2955322265625,,,,,,
2019-07-18,141.8272247314453,,,,,,
2019-07-19,141.0113525390625,,,,,,
2019-07-22,140.88294982910156,,,,,,
2019-07-23,141.81808471679688,,,,,,
2019-07-24,144.16485595703125,,,,,,
2019-07-25,142.4230499267578,,,,,,
2019-07-26,144.10984802246094,,,,,,
2019-07-29,143.14727783203125,,,,,,
2019-07-30,144.69651794433594,,,,,,
2019-07-31,143.52310180664062,,,,,,
2019-08-01,141.44212341308594,,,,,,
2019-08-02,139.8745574951172,,,,,,
2019-08-05,135.67596435546875,,,,,,
2019-08-06,136.92271423339844,,,,,,
2019-08-07,136.885986328125,,,,,,
2019-08-08,139.837890625,,,,,,
2019-08-09,138.0778045654297,,,,,,
2019-08-12,136.29010009765625,,,,,,
2019-08-13,137.75694274902344,,,,,,
2019-08-14,133.90664672851562,,,,,,
2019-08-15,133.37498474121094,,,,,,
2019-08-16,136.2535400390625,,,,,,
2019-08-19,137.6285858154297,,,,,,
2019-08-20,136.7301483154297,,,,,,
2019-08-21,137.85777282714844,,,,,,
2019-08-22,137.53689575195312,,,,,,
2019-08-23,133.31997680664062,,,,,,
2019-08-26,134.7866973876953,,,,,,
2019-08-27,132.7882537841797,,,,,,
2019-08-28,134.33753967285156,,,,,,
2019-08-29,136.69351196289062,,,,,,
2019-08-30,136.44601440429688,,,,,,
2019-09-03,134.44752502441406,,,,,,
2019-09-04,135.5292510986328,,,,,,
2019-09-05,138.05026245117188,,,,,,
2019-09-06,137.41773986816406,,,,,,
2019-09-09,139.26036071777344,,,,,,
2019-09-10,141.038818359375,,,,,,
2019-09-11,143.9264678955078,,,,,,
2019-09-12,143.9631805419922,,,,,,
2019-09-13,144.210693359375,,,,,,
2019-09-16,144.7515411376953,,,,,,
2019-09-17,144.3756866455078,,,,,,
2019-09-18,143.48648071289062,,,,,,
2019-09-19,142.7897186279297,,,,,,
2019-09-20,142.48724365234375,,,,,,
2019-09-23,142.37721252441406,,,,,,
2019-09-24,140.22821044921875,,,,,,
2019-09-25,141.76454162597656,,,,,,
2019-09-26,140.1822509765625,,,,,,
2019-09-27,139.05990600585938,,,,,,
2019-09-30,139.2254638671875,,,,,,
2019-10-01,136.49319458007812,,,,,,
2019-10-02,135.462890625,,,,,,
2019-10-03,135.91363525390625,,,,,,
2019-10-04,137.20159912109375,,,,,,
2019-10-07,136.96241760253906,,,,,,
2019-10-08,134.73614501953125,,,,,,
2019-10-09,135.35250854492188,,,,,,
2019-10-10,135.8952178955078,,,,,,
2019-10-11,138.1951446533203,,,,,,
2019-10-14,137.68919372558594,,,,,,
2019-10-15,139.27149963378906,,,,,,
2019-10-16,139.418701171875,,,,,,
2019-10-17,141.0653839111328,,,,,,
2019-10-18,140.393798828125,,,,,,
2019-10-21,141.70936584472656,,,,,,
2019-10-22,141.8657684326172,,,,,,
2019-10-23,142.04054260253906,,,,,,
2019-10-24,141.83811950683594,,,,,,
2019-10-25,142.59249877929688,,,,,,
2019-10-28,143.8252410888672,,,,,,
2019-10-29,144.29440307617188,,,,,,
2019-10-30,143.81602478027344,,,,,,
2019-10-31,143.0064697265625,,,,,,
2019-11-01,145.44435119628906,,,,,,
2019-11-04,146.22630310058594,,,,,,
2019-11-05,146.4102325439453,,,,,,
2019-11-06,145.56394958496094,,,,,,
2019-11-07,145.95033264160156,,,,,,
2019-11-08,146.34588623046875,,,,,,
2019-11-11,146.0698699951172,,,,,,
2019-11-12,146.1159210205078,,,,,,
2019-11-13,145.49034118652344,,,,,,
2019-11-14,145.44435119628906,,,,,,
2019-11-15,146.19876098632812,,,,,,
2019-11-18,145.83078002929688,,,,,,
2019-11-19,146.37350463867188,,,,,,
2019-11-20,145.82154846191406,,,,,,
2019-11-21,145.10394287109375,,,,,,
2019-11-22,145.55474853515625,,,,,,
2019-11-25,148.64581298828125,,,,,,
2019-11-26,148.74696350097656,,,,,,
2019-11-27,149.79571533203125,,,,,,
2019-11-29,148.82057189941406,,,,,,
2019-12-02,147.3670654296875,,,,,,
2019-12-03,146.89784240722656,,,,,,
2019-12-04,147.90982055664062,,,,,,
2019-12-05,148.0570526123047,,,,,,
2019-12-06,149.78651428222656,,,,,,
2019-12-09,149.50131225585938,,,,,,
2019-12-10,149.5933380126953,,,,,,
2019-12-11,149.54733276367188,,,,,,
2019-12-12,150.83526611328125,,,,,,
2019-12-13,150.25570678710938,,,,,,
2019-12-16,151.31475830078125,,,,,,
2019-12-17,152.07191467285156,,,,,,
2019-12-18,152.36737060546875,,,,,,
2019-12-19,153.0228729248047,,,,,,
2019-12-20,153.2445068359375,,,,,,
2019-12-23,153.5492401123047,,,,,,
2019-12-24,153.90005493164062,,,,,,
2019-12-26,153.90005493164062,,,,,,
2019-12-27,153.14292907714844,,,,,,
2019-12-30,152.75514221191406,,,,,,
2019-12-31,152.96749877929688,,,,,,
2020-01-02,153.0690460205078,,,,,,
2020-01-03,152.4689178466797,,,,,,
2020-01-06,152.67205810546875,,,,,,
2020-01-07,152.16419982910156,,,,,,
2020-01-08,152.63507080078125,,,,,,
2020-01-09,152.8197784423828,,,,,,
2020-01-10,152.24729919433594,,,,,,
2020-01-13,153.2352752685547,,,,,,
2020-01-14,153.7985076904297,,,,,,
2020-01-15,154.53713989257812,,,,,,
2020-01-16,156.53152465820312,,,,,,
2020-01-17,156.10684204101562,,,,,,
2020-01-21,154.81419372558594,,,,,,
2020-01-22,154.7125701904297,,,,,,
2020-01-23,154.61102294921875,,,,,,
2020-01-24,152.708984375,,,,,,
2020-01-27,150.97311401367188,,,,,,
2020-01-28,152.22885131835938,,,,,,
2020-01-29,151.36090087890625,,,,,,
2020-01-30,151.36090087890625,,,,,,
2020-01-31,148.22157287597656,,,,,,
2020-02-03,149.87440490722656,,,,,,
2020-02-04,152.13650512695312,,,,,,
2020-02-05,154.48178100585938,,,,,,
2020-02-06,154.13087463378906,,,,,,
2020-02-07,152.23809814453125,,,,,,
2020-02-10,153.09678649902344,,,,,,
2020-02-11,154.15863037109375,,,,,,
2020-02-12,155.22042846679688,,,,,,
2020-02-13,155.62669372558594,,,,,,
2020-02-14,155.02651977539062,,,,,,
2020-02-18,154.694091796875,,,,,,
2020-02-19,155.48818969726562,,,,,,
2020-02-20,155.8667449951172,,,,,,
2020-02-21,154.2879180908203,,,,,,
2020-02-24,149.64352416992188,,,,,,
2020-02-25,144.32518005371094,,,,,,
2020-02-26,142.65394592285156,,,,,,
2020-02-27,137.63104248046875,,,,,,
2020-02-28,135.11038208007812,,,,,,
2020-03-02,139.4500274658203,,,,,,
2020-03-03,136.60614013671875,,,,,,
2020-03-04,140.49334716796875,,,,,,
2020-03-05,136.02444458007812,,,,,,
2020-03-06,133.32835388183594,,,,,,
2020-03-09,120.36487579345705,,,,,,
2020-03-10,124.1227569580078,,,,,,
2020-03-11,116.2283706665039,,,,,,
2020-03-12,103.3848648071289,,,,,,
2020-03-13,110.30982208251952,,,,,,
2020-03-16,95.67510986328124,,,,,,
2020-03-17,100.0608901977539,,,,,,
2020-03-18,92.30493927001952,,,,,,
2020-03-19,95.90593719482422,,,,,,
2020-03-20,93.62530517578124,,,,,,
2020-03-23,92.24031829833984,,,,,,
2020-03-24,100.67953491210938,,,,,,
2020-03-25,101.93083953857422,,,,,,
2020-03-26,108.27080535888672,,,,,,
2020-03-27,104.33148193359376,,,,,,
2020-03-30,106.63021850585938,,,,,,
2020-03-31,106.09259796142578,,,,,,
2020-04-01,98.86282348632812,,,,,,
2020-04-02,99.79896545410156,,,,,,
2020-04-03,96.9719467163086,,,,,,
2020-04-06,104.3963851928711,,,,,,
2020-04-07,104.66516876220705,,,,,,
2020-04-08,109.4386978149414,,,,,,
2020-04-09,114.67567443847656,,,,,,
2020-04-13,111.57056427001952,,,,,,
2020-04-14,113.83219146728516,,,,,,
2020-04-15,109.18842315673828,,,,,,
2020-04-16,108.36348724365234,,,,,,
2020-04-17,113.13702392578124,,,,,,
2020-04-20,111.80227661132812,,,,,,
2020-04-21,109.1328125,,,,,,
2020-04-22,110.45828247070312,,,,,,
2020-04-23,111.5427474975586,,,,,,
2020-04-24,113.46144104003906,,,,,,
2020-04-27,117.95687103271484,,,,,,
2020-04-28,119.6716537475586,,,,,,
2020-04-29,125.55744934082033,,,,,,
2020-04-30,120.78392028808594,,,,,,
2020-05-01,115.99185180664062,,,,,,
2020-05-04,116.49240112304688,,,,,,
2020-05-05,117.39146423339844,,,,,,
2020-05-06,116.52944946289062,,,,,,
2020-05-07,118.12371063232422,,,,,,
2020-05-08,122.6840591430664,,,,,,
2020-05-11,122.07229614257812,,,,,,
2020-05-12,117.68807220458984,,,,,,
2020-05-13,113.748779296875,,,,,,
2020-05-14,114.11953735351562,,,,,,
2020-05-15,115.93624114990234,,,,,,
2020-05-18,122.98065185546876,,,,,,
2020-05-19,120.55219268798828,,,,,,
2020-05-20,124.20416259765624,,,,,,
2020-05-21,124.42662048339844,,,,,,
2020-05-22,125.02911376953124,,,,,,
2020-05-26,128.63475036621094,,,,,,
2020-05-27,132.62962341308594,,,,,,
2020-05-28,129.4874725341797,,,,,,
2020-05-29,128.74595642089844,,,,,,
2020-06-01,129.97874450683594,,,,,,
2020-06-02,131.0538787841797,,,,,,
2020-06-03,134.2146759033203,,,,,,
2020-06-04,134.01998901367188,,,,,,
2020-06-05,139.20135498046875,,,,,,
2020-06-08,141.89862060546875,,,,,,
2020-06-09,139.27548217773438,,,,,,
2020-06-10,135.49374389648438,,,,,,
2020-06-11,125.15888214111328,,,,,,
2020-06-12,128.16204833984375,,,,,,
2020-06-15,131.12510681152344,,,,,,
2020-06-16,134.2778778076172,,,,,,
2020-06-17,131.8505096435547,,,,,,
2020-06-18,131.8040313720703,,,,,,
2020-06-19,131.12510681152344,,,,,,
2020-06-22,132.43643188476562,,,,,,
2020-06-23,132.9944610595703,,,,,,
2020-06-24,128.6791229248047,,,,,,
2020-06-25,130.62286376953125,,,,,,
2020-06-26,127.1073226928711,,,,,,
2020-06-29,131.26458740234375,,,,,,
2020-06-30,133.161865234375,,,,,,
2020-07-01,131.89703369140625,,,,,,
2020-07-02,132.43643188476562,,,,,,
2020-07-06,133.39434814453125,,,,,,
2020-07-07,131.03207397460938,,,,,,
2020-07-08,132.0086669921875,,,,,,
2020-07-09,129.3394317626953,,,,,,
2020-07-10,131.42269897460938,,,,,,
2020-07-13,129.7579345703125,,,,,,
2020-07-14,131.9063262939453,,,,,,
2020-07-15,136.74249267578125,,,,,,
2020-07-16,135.93333435058594,,,,,,
2020-07-17,136.33323669433594,,,,,,
2020-07-20,135.7473602294922,,,,,,
2020-07-21,137.67250061035156,,,,,,
2020-07-22,137.7468719482422,,,,,,
2020-07-23,137.8863983154297,,,,,,
2020-07-24,135.8589324951172,,,,,,
2020-07-27,137.27261352539062,,,,,,
2020-07-28,135.90548706054688,,,,,,
2020-07-29,138.90016174316406,,,,,,
2020-07-30,138.35145568847656,,,,,,
2020-07-31,137.0493927001953,,,,,,
2020-08-03,139.28146362304688,,,,,,
2020-08-04,140.2393798828125,,,,,,
2020-08-05,143.02951049804688,,,,,,
2020-08-06,142.97372436523438,,,,,,
2020-08-07,145.24295043945312,,,,,,
2020-08-10,146.74960327148438,,,,,,
2020-08-11,145.90330505371094,,,,,,
2020-08-12,146.49850463867188,,,,,,
2020-08-13,146.19161987304688,,,,,,
2020-08-14,146.09861755371094,,,,,,
2020-08-17,146.85189819335938,,,,,,
2020-08-18,145.44757080078125,,,,,,
2020-08-19,145.4568634033203,,,,,,
2020-08-20,144.8616180419922,,,,,,
2020-08-21,143.79212951660156,,,,,,
2020-08-24,145.29876708984375,,,,,,
2020-08-25,145.4568634033203,,,,,,
2020-08-26,144.54544067382812,,,,,,
2020-08-27,144.89889526367188,,,,,,
2020-08-28,146.1265106201172,,,,,,
2020-08-31,144.55474853515625,,,,,,
2020-09-01,146.21018981933594,,,,,,
2020-09-02,147.37274169921875,,,,,,
2020-09-03,143.0201873779297,,,,,,
2020-09-04,142.10877990722656,,,,,,
2020-09-08,139.37449645996094,,,,,,
2020-09-09,141.48565673828125,,,,,,
2020-09-10,139.64414978027344,,,,,,
2020-09-11,138.71412658691406,,,,,,
2020-09-14,142.3691864013672,,,,,,
2020-09-15,142.63888549804688,,,,,,
2020-09-16,143.98741149902344,,,,,,
2020-09-17,142.93649291992188,,,,,,
2020-09-18,142.56446838378906,,,,,,
2020-09-21,137.57017517089844,,,,,,
2020-09-22,138.6304473876953,,,,,,
2020-09-23,134.50033569335938,,,,,,
2020-09-24,134.50033569335938,,,,,,
2020-09-25,136.6848602294922,,,,,,
2020-09-28,140.05506896972656,,,,,,
2020-09-29,139.42027282714844,,,,,,
2020-09-30,139.84031677246094,,,,,,
2020-10-01,142.0716094970703,,,,,,
2020-10-02,142.6970977783203,,,,,,
2020-10-05,146.63681030273438,,,,,,
2020-10-06,146.21665954589844,,,,,,
2020-10-07,149.40948486328125,,,,,,
2020-10-08,151.108642578125,,,,,,
2020-10-09,151.89283752441406,,,,,,
2020-10-12,152.9104461669922,,,,,,
2020-10-13,151.89283752441406,,,,,,
2020-10-14,150.38973999023438,,,,,,
2020-10-15,151.9394989013672,,,,,,
2020-10-16,151.56607055664062,,,,,,
2020-10-19,149.75494384765625,,,,,,
2020-10-20,150.08169555664062,,,,,,
2020-10-21,148.79336547851562,,,,,,
2020-10-22,151.3606719970703,,,,,,
2020-10-23,152.23828125,,,,,,
2020-10-26,148.9521026611328,,,,,,
2020-10-27,147.67306518554688,,,,,,
2020-10-28,143.12652587890625,,,,,,
2020-10-29,144.83499145507812,,,,,,
2020-10-30,142.92112731933594,,,,,,
2020-11-02,145.46981811523438,,,,,,
2020-11-03,149.59625244140625,,,,,,
2020-11-04,149.76425170898438,,,,,,
2020-11-05,153.9560089111328,,,,,,
2020-11-06,152.75169372558594,,,,,,
2020-11-09,158.28782653808594,,,,,,
2020-11-10,161.2285919189453,,,,,,
2020-11-11,161.16322326660156,,,,,,
2020-11-12,158.689208984375,,,,,,
2020-11-13,161.97547912597656,,,,,,
2020-11-16,165.83111572265625,,,,,,
2020-11-17,166.6060028076172,,,,,,
2020-11-18,164.27206420898438,,,,,,
2020-11-19,165.53236389160156,,,,,,
2020-11-20,165.70974731445312,,,,,,
2020-11-23,168.80923461914062,,,,,,
2020-11-24,171.9833984375,,,,,,
2020-11-25,171.3952178955078,,,,,,
2020-11-27,172.1234130859375,,,,,,
2020-11-30,168.9959259033203,,,,,,
2020-12-01,170.56436157226562,,,,,,
2020-12-02,170.74168395996094,,,,,,
2020-12-03,171.7033233642578,,,,,,
2020-12-04,175.69903564453125,,,,,,
2020-12-07,175.86709594726562,,,,,,
2020-12-08,178.12631225585938,,,,,,
2020-12-09,176.82862854003906,,,,,,
2020-12-10,178.537109375,,,,,,
2020-12-11,177.65953063964844,,,,,,
2020-12-14,177.86740112304688,,,,,,
2020-12-15,182.31573486328125,,,,,,
2020-12-16,181.66021728515625,,,,,,
2020-12-17,183.82347106933597,,,,,,
2020-12-18,182.93380737304688,,,,,,
2020-12-21,182.8402099609375,,,,,,
2020-12-22,184.91915893554688,,,,,,
2020-12-23,186.49252319335935,,,,,,
2020-12-24,186.3707427978516,,,,,,
2020-12-28,185.6777191162109,,,,,,
2020-12-29,182.0816192626953,,,,,,
2020-12-30,183.9358673095703,,,,,,
2020-12-31,183.60809326171875,,,,,,
2021-01-04,181.21067810058597,,,,,,
2021-01-05,184.0108337402344,,,,,,
2021-01-06,191.5401611328125,,,,,,
2021-01-07,194.9490203857422,,,,,,
2021-01-08,194.52755737304688,,,,,,
2021-01-11,194.35899353027344,,,,,,
2021-01-12,197.84274291992188,,,,,,
2021-01-13,196.42864990234372,,,,,,
2021-01-14,200.3525390625,,,,,,
2021-01-15,197.3651123046875,,,,,,
2021-01-19,199.8936767578125,,,,,,
2021-01-20,200.77394104003903,,,,,,
2021-01-21,199.03208923339844,,,,,,
2021-01-22,201.34521484375,,,,,,
2021-01-25,201.1485290527344,,,,,,
2021-01-26,199.7532196044922,,,,,,
2021-01-27,196.09149169921875,,,,,,
2021-01-28,195.46405029296875,,,,,,
2021-01-29,192.50473022460935,,,,,,
2021-02-01,197.2340240478516,,,,,,
2021-02-02,200.04347229003903,,,,,,
2021-02-03,200.64285278320312,,,,,,
2021-02-04,204.7353057861328,,,,,,
2021-02-05,207.57286071777344,,,,,,
2021-02-08,212.87338256835935,,,,,,
2021-02-09,213.8754119873047,,,,,,
2021-02-10,212.4706878662109,,,,,,
2021-02-11,212.2272186279297,,,,,,
2021-02-12,212.82655334472656,,,,,,
2021-02-16,211.4873962402344,,,,,,
2021-02-17,209.82980346679688,,,,,,
2021-02-18,206.58018493652344,,,,,,
2021-02-19,210.8880157470703,,,,,,
2021-02-22,209.52073669433597,,,,,,
2021-02-23,207.6758728027344,,,,,,
2021-02-24,212.5830841064453,,,,,,
2021-02-25,204.72589111328125,,,,,,
2021-02-26,204.44497680664065,,,,,,
2021-03-01,211.71214294433597,,,,,,
2021-03-02,207.6384429931641,,,,,,
2021-03-03,205.39085388183597,,,,,,
2021-03-04,199.65017700195312,,,,,,
2021-03-05,203.8831024169922,,,,,,
2021-03-08,204.84768676757807,,,,,,
2021-03-09,209.15550231933597,,,,,,
2021-03-10,212.7891387939453,,,,,,
2021-03-11,217.47154235839844,,,,,,
2021-03-12,218.75450134277344,,,,,,
2021-03-15,219.53184509277344,,,,,,
2021-03-16,215.86080932617188,,,,,,
2021-03-17,217.5558624267578,,,,,,
2021-03-18,210.93484497070312,,,,,,
2021-03-19,212.5269012451172,,,,,,
2021-03-22,210.92552185058597,,,,,,
2021-03-23,203.2743682861328,,,,,,
2021-03-24,198.5731964111328,,,,,,
2021-03-25,203.2813415527344,,,,,,
2021-03-26,206.98745727539065,,,,,,
2021-03-29,201.160888671875,,,,,,
2021-03-30,204.5479888916016,,,,,,
2021-03-31,207.2970733642578,,,,,,
2021-04-01,209.9241485595703,,,,,,
2021-04-05,211.0782165527344,,,,,,
2021-04-06,210.4589691162109,,,,,,
2021-04-07,207.0625,,,,,,
2021-04-08,208.8170318603516,,,,,,
2021-04-09,208.8451385498047,,,,,,
2021-04-12,208.02891540527344,,,,,,
2021-04-13,207.48471069335935,,,,,,
2021-04-14,209.53013610839844,,,,,,
2021-04-15,210.4402008056641,,,,,,
2021-04-16,210.77793884277344,,,,,,
2021-04-19,208.03826904296875,,,,,,
2021-04-20,203.77862548828125,,,,,,
2021-04-21,208.7607421875,,,,,,
2021-04-22,207.8975524902344,,,,,,
2021-04-23,211.81944274902344,,,,,,
2021-04-26,214.0243225097656,,,,,,
2021-04-27,214.34332275390625,,,,,,
2021-04-28,214.70921325683597,,,,,,
2021-04-29,213.9117126464844,,,,,,
2021-04-30,211.00314331054688,,,,,,
2021-05-03,212.03521728515625,,,,,,
2021-05-04,209.50192260742188,,,,,,
2021-05-05,208.6669158935547,,,,,,
2021-05-06,208.8451385498047,,,,,,
2021-05-07,211.4722595214844,,,,,,
2021-05-10,206.09608459472656,,,,,,
2021-05-11,205.4393310546875,,,,,,
2021-05-12,198.76840209960935,,,,,,
2021-05-13,202.4275054931641,,,,,,
2021-05-14,207.3721160888672,,,,,,
2021-05-17,207.6536102294922,,,,,,
2021-05-18,206.0773162841797,,,,,,
2021-05-19,204.49172973632807,,,,,,
2021-05-20,205.85215759277344,,,,,,
2021-05-21,206.38694763183597,,,,,,
2021-05-24,207.72862243652344,,,,,,
2021-05-25,205.7207794189453,,,,,,
2021-05-26,209.5582427978516,,,,,,
2021-05-27,211.7161865234375,,,,,,
2021-05-28,211.5755157470703,,,,,,
2021-06-01,213.9773712158203,,,,,,
2021-06-02,214.23074340820312,,,,,,
2021-06-03,212.4386749267578,,,,,,
2021-06-04,213.358154296875,,,,,,
2021-06-07,216.2197723388672,,,,,,
2021-06-08,218.50917053222656,,,,,,
2021-06-09,217.0548248291016,,,,,,
2021-06-10,215.4452209472656,,,,,,
2021-06-11,217.71920776367188,,,,,,
2021-06-14,217.0802154541016,,,,,,
2021-06-15,216.46006774902344,,,,,,
2021-06-16,215.99961853027344,,,,,,
2021-06-17,213.5752868652344,,,,,,
2021-06-18,208.7266540527344,,,,,,
2021-06-21,213.19004821777344,,,,,,
2021-06-22,214.15789794921875,,,,,,
2021-06-23,214.86264038085935,,,,,,
2021-06-24,217.8977203369141,,,,,,
2021-06-25,218.2642059326172,,,,,,
2021-06-28,216.5352325439453,,,,,,
2021-06-29,215.5015869140625,,,,,,
2021-06-30,215.52978515625,,,,,,
2021-07-01,217.42788696289065,,,,,,
2021-07-02,215.36065673828125,,,,,,
2021-07-06,212.2315826416016,,,,,,
2021-07-07,210.25830078125,,,,,,
2021-07-08,208.32260131835935,,,,,,
2021-07-09,212.72024536132807,,,,,,
2021-07-12,212.8987579345703,,,,,,
2021-07-13,208.8863983154297,,,,,,
2021-07-14,205.66336059570312,,,,,,
2021-07-15,204.49819946289065,,,,,,
2021-07-16,201.97991943359372,,,,,,
2021-07-19,198.95416259765625,,,,,,
2021-07-20,205.1277618408203,,,,,,
2021-07-21,208.660888671875,,,,,,
2021-07-22,205.3438720703125,,,,,,
2021-07-23,206.3023376464844,,,,,,
2021-07-26,206.90370178222656,,,,,,
2021-07-27,204.48878479003903,,,,,,
2021-07-28,207.49571228027344,,,,,,
2021-07-29,209.0931396484375,,,,,,
2021-07-30,207.7117919921875,,,,,,
2021-08-02,206.67819213867188,,,,,,
2021-08-03,207.5332946777344,,,,,,
2021-08-04,204.94918823242188,,,,,,
2021-08-05,208.6326904296875,,,,,,
2021-08-06,209.91067504882807,,,,,,
2021-08-09,208.7548370361328,,,,,,
2021-08-10,209.16830444335935,,,,,,
2021-08-11,210.1925048828125,,,,,,
2021-08-12,209.69451904296875,,,,,,
2021-08-13,207.7870178222656,,,,,,
2021-08-16,205.85130310058597,,,,,,
2021-08-17,203.3424072265625,,,,,,
2021-08-18,201.5664520263672,,,,,,
2021-08-19,199.1514892578125,,,,,,
2021-08-20,202.51551818847656,,,,,,
2021-08-23,206.36810302734372,,,,,,
2021-08-24,208.39776611328125,,,,,,
2021-08-25,209.1307373046875,,,,,,
2021-08-26,206.91314697265625,,,,,,
2021-08-27,212.74839782714844,,,,,,
2021-08-30,211.87451171875,,,,,,
2021-08-31,212.2879943847656,,,,,,
2021-09-01,213.7162933349609,,,,,,
2021-09-02,215.20091247558597,,,,,,
2021-09-03,214.2048797607422,,,,,,
2021-09-07,212.7296295166016,,,,,,
2021-09-08,210.4086151123047,,,,,,
2021-09-09,210.30528259277344,,,,,,
2021-09-10,208.24742126464844,,,,,,
2021-09-13,209.431396484375,,,,,,
2021-09-14,206.7627410888672,,,,,,
2021-09-15,208.6326904296875,,,,,,
2021-09-16,208.78306579589844,,,,,,
2021-09-17,209.05552673339844,,,,,,
2021-09-20,204.084716796875,,,,,,
2021-09-21,204.3948516845703,,,,,,
2021-09-22,207.5708923339844,,,,,,
2021-09-23,211.2449493408203,,,,,,
2021-09-24,210.2261199951172,,,,,,
2021-09-27,213.42123413085935,,,,,,
2021-09-28,208.5672912597656,,,,,,
2021-09-29,208.12432861328125,,,,,,
2021-09-30,206.1733245849609,,,,,,
2021-10-01,209.5004119873047,,,,,,
2021-10-04,207.59652709960935,,,,,,
2021-10-05,208.3128204345703,,,,,,
2021-10-06,207.2289123535156,,,,,,
2021-10-07,210.42401123046875,,,,,,
2021-10-08,208.8406219482422,,,,,,
2021-10-11,207.6436309814453,,,,,,
2021-10-12,208.7840576171875,,,,,,
2021-10-13,209.7736968994141,,,,,,
2021-10-14,212.88394165039065,,,,,,
2021-10-15,212.21478271484372,,,,,,
2021-10-18,212.09230041503903,,,,,,
2021-10-19,212.88394165039065,,,,,,
2021-10-20,214.29769897460935,,,,,,
2021-10-21,214.8443756103516,,,,,,
2021-10-22,214.33541870117188,,,,,,
2021-10-25,216.3712615966797,,,,,,
2021-10-26,214.74072265625,,,,,,
2021-10-27,210.7915802001953,,,,,,
2021-10-28,214.99517822265625,,,,,,
2021-10-29,214.93865966796875,,,,,,
2021-11-01,220.50885009765625,,,,,,
2021-11-02,220.9706573486328,,,,,,
2021-11-03,224.9197998046875,,,,,,
2021-11-04,224.83493041992188,,,,,,
2021-11-05,227.9075469970703,,,,,,
2021-11-08,228.6143951416016,,,,,,
2021-11-09,227.28549194335935,,,,,,
2021-11-10,223.70394897460935,,,,,,
2021-11-11,225.50411987304688,,,,,,
2021-11-12,225.73031616210935,,,,,,
2021-11-15,224.83493041992188,,,,,,
2021-11-16,225.2496337890625,,,,,,
2021-11-17,222.2996063232422,,,,,,
2021-11-18,221.3571014404297,,,,,,
2021-11-19,219.34014892578125,,,,,,
2021-11-22,218.40704345703125,,,,,,
2021-11-23,218.0300750732422,,,,,,
2021-11-24,218.2657165527344,,,,,,
2021-11-26,210.0375518798828,,,,,,
2021-11-29,209.90565490722656,,,,,,
2021-11-30,205.62667846679688,,,,,,
2021-12-01,200.9989318847656,,,,,,
2021-12-02,206.6068878173828,,,,,,
2021-12-03,202.3656005859375,,,,,,
2021-12-06,206.4277801513672,,,,,,
2021-12-07,211.2157287597656,,,,,,
2021-12-08,212.6577606201172,,,,,,
2021-12-09,207.84158325195312,,,,,,
2021-12-10,207.26663208007807,,,,,,
2021-12-13,204.2376708984375,,,,,,
2021-12-14,202.4792938232422,,,,,,
2021-12-15,205.69354248046875,,,,,,
2021-12-16,201.53390502929688,,,,,,
2021-12-17,203.3868408203125,,,,,,
2021-12-20,200.5317840576172,,,,,,
2021-12-21,206.2606964111328,,,,,,
2021-12-22,208.2460479736328,,,,,,
2021-12-23,209.90989685058597,,,,,,
2021-12-27,211.876220703125,,,,,,
2021-12-28,210.58108520507807,,,,,,
2021-12-29,210.8079833984375,,,,,,
2021-12-30,210.75125122070312,,,,,,
2021-12-31,210.2974395751953,,,,,,
2022-01-03,213.01068115234372,,,,,,
2022-01-04,212.6892547607422,,,,,,
2022-01-05,205.4855499267578,,,,,,
2022-01-06,206.6578369140625,,,,,,
2022-01-07,204.2660217285156,,,,,,
2022-01-10,203.55697631835935,,,,,,
2022-01-11,205.72190856933597,,,,,,
2022-01-12,204.19039916992188,,,,,,
2022-01-13,202.318603515625,,,,,,
2022-01-14,202.60215759277344,,,,,,
2022-01-18,196.4762115478516,,,,,,
2022-01-19,193.2808380126953,,,,,,
2022-01-20,189.78292846679688,,,,,,
2022-01-21,186.22837829589844,,,,,,
2022-01-24,190.5203094482422,,,,,,
2022-01-25,187.9773406982422,,,,,,
2022-01-26,185.26409912109372,,,,,,
2022-01-27,181.05723571777344,,,,,,
2022-01-28,184.5834045410156,,,,,,
2022-01-31,190.24620056152344,,,,,,
2022-02-01,192.2503662109375,,,,,,
2022-02-02,190.3407287597656,,,,,,
2022-02-03,186.73887634277344,,,,,,
2022-02-04,187.5424041748047,,,,,,
2022-02-07,188.4688720703125,,,,,,
2022-02-08,191.68313598632807,,,,,,
2022-02-09,195.3228454589844,,,,,,
2022-02-10,192.32598876953125,,,,,,
2022-02-11,190.37852478027344,,,,,,
2022-02-14,189.7167816162109,,,,,,
2022-02-15,194.80288696289065,,,,,,
2022-02-16,195.2093811035156,,,,,,
2022-02-17,190.2083740234375,,,,,,
2022-02-18,188.5728912353516,,,,,,
2022-02-22,185.91639709472656,,,,,,
2022-02-23,182.43743896484372,,,,,,
2022-02-24,187.22097778320312,,,,,,
2022-02-25,191.43739318847656,,,,,,
2022-02-28,192.2125701904297,,,,,,
2022-03-01,188.591796875,,,,,,
2022-03-02,193.0823211669922,,,,,,
2022-03-03,190.7945251464844,,,,,,
2022-03-04,187.8071746826172,,,,,,
2022-03-07,183.1370086669922,,,,,,
2022-03-08,184.1485595703125,,,,,,
2022-03-09,189.3386383056641,,,,,,
2022-03-10,188.99832153320312,,,,,,
2022-03-11,185.9825592041016,,,,,,
2022-03-14,182.18218994140625,,,,,,
2022-03-15,185.08447265625,,,,,,
2022-03-16,190.90792846679688,,,,,,
2022-03-17,193.90478515625,,,,,,
2022-03-18,195.94677734375,,,,,,
2022-03-21,194.21673583984372,,,,,,
2022-03-22,196.1642303466797,,,,,,
2022-03-23,192.7608642578125,,,,,,
2022-03-24,194.97738647460935,,,,,,
2022-03-25,195.24261474609372,,,,,,
2022-03-28,195.3089141845703,,,,,,
2022-03-29,200.53765869140625,,,,,,
2022-03-30,196.51190185546875,,,,,,
2022-03-31,194.4375,,,,,,
2022-04-01,196.61607360839844,,,,,,
2022-04-04,196.9381866455078,,,,,,
2022-04-05,192.2778167724609,,,,,,
2022-04-06,189.54977416992188,,,,,,
2022-04-07,188.9340667724609,,,,,,
2022-04-08,187.427978515625,,,,,,
2022-04-11,186.16815185546875,,,,,,
2022-04-12,186.7554473876953,,,,,,
2022-04-13,190.3075714111328,,,,,,
2022-04-14,188.46047973632807,,,,,,
2022-04-18,187.191162109375,,,,,,
2022-04-19,190.92327880859372,,,,,,
2022-04-20,191.65264892578125,,,,,,
2022-04-21,187.36167907714844,,,,,,
2022-04-22,182.51187133789065,,,,,,
2022-04-25,183.62013244628903,,,,,,
2022-04-26,177.8325958251953,,,,,,
2022-04-27,177.09371948242188,,,,,,
2022-04-28,180.3995361328125,,,,,,
2022-04-29,175.18980407714844,,,,,,
2022-05-02,177.02743530273438,,,,,,
2022-05-03,178.54299926757812,,,,,,
2022-05-04,183.3075408935547,,,,,,
2022-05-05,175.87181091308594,,,,,,
2022-05-06,172.94488525390625,,,,,,
2022-05-09,165.670166015625,,,,,,
2022-05-10,165.71749877929688,,,,,,
2022-05-11,161.59710693359375,,,,,,
2022-05-12,163.49156188964844,,,,,,
2022-05-13,168.67288208007812,,,,,,
2022-05-16,167.86773681640625,,,,,,
2022-05-17,173.001708984375,,,,,,
2022-05-18,166.93946838378906,,,,,,
2022-05-19,167.21417236328125,,,,,,
2022-05-20,166.78787231445312,,,,,,
2022-05-23,168.80551147460938,,,,,,
2022-05-24,166.3048095703125,,,,,,
2022-05-25,169.29803466796875,,,,,,
2022-05-26,173.07748413085938,,,,,,
2022-05-27,177.7378692626953,,,,,,
2022-05-31,175.53082275390625,,,,,,
2022-06-01,174.53619384765625,,,,,,
2022-06-02,178.79873657226562,,,,,,
2022-06-03,177.18844604492188,,,,,,
2022-06-06,177.95570373535156,,,,,,
2022-06-07,180.8258209228516,,,,,,
2022-06-08,178.03147888183594,,,,,,
2022-06-09,174.3408660888672,,,,,,
2022-06-10,169.61122131347656,,,,,,
2022-06-13,161.64305114746094,,,,,,
2022-06-14,160.86428833007812,,,,,,
2022-06-15,163.21958923339844,,,,,,
2022-06-16,155.65980529785156,,,,,,
2022-06-17,156.87542724609375,,,,,,
2022-06-21,159.68661499023438,,,,,,
2022-06-22,159.38272094726562,,,,,,
2022-06-23,161.29165649414062,,,,,,
2022-06-24,166.2871856689453,,,,,,
2022-06-27,166.90452575683594,,,,,,
2022-06-28,163.77041625976562,,,,,,
2022-06-29,162.10842895507812,,,,,,
2022-06-30,160.8452911376953,,,,,,
2022-07-01,162.79222106933594,,,,,,
2022-07-05,164.1408233642578,,,,,,
2022-07-06,162.92518615722656,,,,,,
2022-07-07,166.7810516357422,,,,,,
2022-07-08,166.76205444335938,,,,,,
2022-07-11,163.40956115722656,,,,,,
2022-07-12,162.84922790527344,,,,,,
2022-07-13,162.70672607421875,,,,,,
2022-07-14,161.03521728515625,,,,,,
2022-07-15,164.3877410888672,,,,,,
2022-07-18,163.92239379882812,,,,,,
2022-07-19,169.70620727539062,,,,,,
2022-07-20,172.36546325683594,,,,,,
2022-07-21,173.24868774414062,,,,,,
2022-07-22,170.48501586914062,,,,,,
2022-07-25,171.36822509765625,,,,,,
2022-07-26,170.3140411376953,,,,,,
2022-07-27,174.1889190673828,,,,,,
2022-07-28,176.58221435546875,,,,,,
2022-07-29,177.8358612060547,,,,,,
2022-08-01,177.7693634033203,,,,,,
2022-08-02,177.5984344482422,,,,,,
2022-08-03,180.21018981933597,,,,,,
2022-08-04,179.83030700683594,,,,,,
2022-08-05,181.20736694335935,,,,,,
2022-08-08,183.1258087158203,,,,,,
2022-08-09,180.6280212402344,,,,,,
2022-08-10,185.78501892089844,,,,,,
2022-08-11,186.4783172607422,,,,,,
2022-08-12,190.2867431640625,,,,,,
2022-08-15,190.9610595703125,,,,,,
2022-08-16,190.88507080078125,,,,,,
2022-08-17,187.67498779296875,,,,,,
2022-08-18,188.9191131591797,,,,,,
2022-08-19,184.86380004882807,,,,,,
2022-08-22,181.05540466308597,,,,,,
2022-08-23,181.34983825683597,,,,,,
2022-08-24,182.7364196777344,,,,,,
2022-08-25,185.5760955810547,,,,,,
2022-08-26,179.47886657714844,,,,,,
2022-08-29,177.8263702392578,,,,,,
2022-08-30,175.33804321289062,,,,,,
2022-08-31,174.27438354492188,,,,,,
2022-09-01,172.3749237060547,,,,,,
2022-09-02,171.0358428955078,,,,,,
2022-09-06,169.34530639648438,,,,,,
2022-09-07,173.03025817871094,,,,,,
2022-09-08,174.4738311767578,,,,,,
2022-09-09,177.9783172607422,,,,,,
2022-09-12,180.13418579101562,,,,,,
2022-09-13,173.0872344970703,,,,,,
2022-09-14,173.7615203857422,,,,,,
2022-09-15,172.49839782714844,,,,,,
2022-09-16,169.99111938476562,,,,,,
2022-09-19,171.44422912597656,,,,,,
2022-09-20,169.10789489746094,,,,,,
2022-09-21,166.52459716796875,,,,,,
2022-09-22,162.7732391357422,,,,,,
2022-09-23,158.89837646484375,,,,,,
2022-09-26,156.72274780273438,,,,,,
2022-09-27,157.25732421875,,,,,,
2022-09-28,162.2310028076172,,,,,,
2022-09-29,158.5938262939453,,,,,,
2022-09-30,157.43873596191406,,,,,,
2022-10-03,161.61045837402344,,,,,,
2022-10-04,168.01608276367188,,,,,,
2022-10-05,166.77505493164062,,,,,,
2022-10-06,165.83950805664062,,,,,,
2022-10-07,160.9613494873047,,,,,,
2022-10-10,160.06394958496094,,,,,,
2022-10-11,160.11166381835938,,,,,,
2022-10-12,159.67254638671875,,,,,,
2022-10-13,163.624755859375,,,,,,
2022-10-14,159.2429656982422,,,,,,
2022-10-17,164.32164001464844,,,,,,
2022-10-18,166.26910400390625,,,,,,
2022-10-19,163.44338989257812,,,,,,
2022-10-20,161.36227416992188,,,,,,
2022-10-21,164.86578369140625,,,,,,
2022-10-24,165.5722198486328,,,,,,
2022-10-25,170.087646484375,,,,,,
2022-10-26,170.92771911621094,,,,,,
2022-10-27,170.96591186523438,,,,,,
2022-10-28,174.85128784179688,,,,,,
2022-10-31,175.01356506347656,,,,,,
2022-11-01,175.2522430419922,,,,,,
2022-11-02,169.4385223388672,,,,,,
2022-11-03,168.302490234375,,,,,,
2022-11-04,170.5745086669922,,,,,,
2022-11-07,171.34779357910156,,,,,,
2022-11-08,171.41456604003906,,,,,,
2022-11-09,166.70826721191406,,,,,,
2022-11-10,176.97056579589844,,,,,,
2022-11-11,178.42160034179688,,,,,,
2022-11-14,176.4264678955078,,,,,,
2022-11-15,179.04212951660156,,,,,,
2022-11-16,175.89183044433594,,,,,,
2022-11-17,174.2593994140625,,,,,,
2022-11-18,175.38589477539062,,,,,,
2022-11-21,174.46942138671875,,,,,,
2022-11-22,176.3309783935547,,,,,,
2022-11-23,176.7891845703125,,,,,,
2022-11-25,177.16151428222656,,,,,,
2022-11-28,173.5911407470703,,,,,,
2022-11-29,174.09710693359375,,,,,,
2022-11-30,178.8702850341797,,,,,,
2022-12-01,178.4788818359375,,,,,,
2022-12-02,179.5194549560547,,,,,,
2022-12-05,174.574462890625,,,,,,
2022-12-06,171.9014892578125,,,,,,
2022-12-07,171.39544677734375,,,,,,
2022-12-08,172.6365203857422,,,,,,
2022-12-09,170.51724243164062,,,,,,
2022-12-12,172.52198791503906,,,,,,
2022-12-13,173.95094299316406,,,,,,
2022-12-14,172.8096923828125,,,,,,
2022-12-15,168.484375,,,,,,
2022-12-16,167.2280731201172,,,,,,
2022-12-19,164.9647216796875,,,,,,
2022-12-20,165.83746337890625,,,,,,
2022-12-21,168.69537353515625,,,,,,
2022-12-22,166.48960876464844,,,,,,
2022-12-23,167.2472381591797,,,,,,
2022-12-27,166.12515258789062,,,,,,
2022-12-28,163.54531860351562,,,,,,
2022-12-29,167.68841552734375,,,,,,
2022-12-30,167.21844482421875,,,,,,
2023-01-03,166.2978057861328,,,,,,
2023-01-04,168.36932373046875,,,,,,
2023-01-05,166.5663299560547,,,,,,
2023-01-06,170.30657958984375,,,,,,
2023-01-09,170.5942840576172,,,,,,
2023-01-10,173.1165771484375,,,,,,
2023-01-11,175.27439880371094,,,,,,
2023-01-12,178.21868896484375,,,,,,
2023-01-13,179.38870239257812,,,,,,
2023-01-17,179.1681365966797,,,,,,
2023-01-18,176.27182006835938,,,,,,
2023-01-19,174.58389282226562,,,,,,
2023-01-20,177.4610137939453,,,,,,
2023-01-23,179.6572265625,,,,,,
2023-01-24,179.27362060546875,,,,,,
2023-01-25,179.7723388671875,,,,,,
2023-01-26,180.8368377685547,,,,,,
2023-01-27,181.8150787353516,,,,,,
2023-01-30,179.28321838378906,,,,,,
2023-01-31,183.63726806640625,,,,,,
2023-02-01,186.5240020751953,,,,,,
2023-02-02,190.1971435546875,,,,,,
2023-02-03,188.9215850830078,,,,,,
2023-02-06,186.18829345703125,,,,,,
2023-02-07,187.56930541992188,,,,,,
2023-02-08,184.8264617919922,,,,,,
2023-02-09,182.15072631835935,,,,,,
2023-02-10,182.5152282714844,,,,,,
2023-02-13,184.7114105224609,,,,,,
2023-02-14,184.62506103515625,,,,,,
2023-02-15,186.4952087402344,,,,,,
2023-02-16,184.7114105224609,,,,,,
2023-02-17,185.21966552734372,,,,,,
2023-02-21,179.7531280517578,,,,,,
2023-02-22,180.2422637939453,,,,,,
2023-02-23,181.52737426757807,,,,,,
2023-02-24,179.82984924316406,,,,,,
2023-02-27,180.46282958984372,,,,,,
2023-02-28,180.47239685058597,,,,,,
2023-03-01,180.70257568359372,,,,,,
2023-03-02,181.1341857910156,,,,,,
2023-03-03,183.6564483642578,,,,,,
2023-03-06,180.97113037109372,,,,,,
2023-03-07,178.87081909179688,,,,,,
2023-03-08,178.95718383789062,,,,,,
2023-03-09,173.97972106933594,,,,,,
2023-03-10,168.96389770507812,,,,,,
2023-03-13,166.2114715576172,,,,,,
2023-03-14,169.2899932861328,,,,,,
2023-03-15,166.49917602539062,,,,,,
2023-03-16,168.77210998535156,,,,,,
2023-03-17,164.2166748046875,,,,,,
2023-03-20,166.34573364257812,,,,,,
2023-03-21,169.4146728515625,,,,,,
2023-03-22,164.60987854003906,,,,,,
2023-03-23,163.8792724609375,,,,,,
2023-03-24,165.3616485595703,,,,,,
2023-03-27,167.2001495361328,,,,,,
2023-03-28,166.9595489501953,,,,,,
2023-03-29,168.85585021972656,,,,,,
2023-03-30,168.62478637695312,,,,,,
2023-03-31,171.72430419921875,,,,,,
2023-04-03,171.80130004882812,,,,,,
2023-04-04,168.78843688964844,,,,,,
2023-04-05,167.13282775878906,,,,,,
2023-04-06,167.38307189941406,,,,,,
2023-04-10,169.1734619140625,,,,,,
2023-04-11,170.511474609375,,,,,,
2023-04-12,169.26010131835938,,,,,,
2023-04-13,171.50294494628906,,,,,,
2023-04-14,169.90501403808594,,,,,,
2023-04-17,172.09007263183594,,,,,,
2023-04-18,171.3585205078125,,,,,,
2023-04-19,171.5799102783203,,,,,,
2023-04-20,170.69436645507812,,,,,,
2023-04-21,170.91574096679688,,,,,,
2023-04-24,170.8002166748047,,,,,,
2023-04-25,166.58412170410156,,,,,,
2023-04-26,164.9766082763672,,,,,,
2023-04-27,167.18089294433594,,,,,,
2023-04-28,168.64402770996094,,,,,,
2023-05-01,168.74029541015625,,,,,,
2023-05-02,165.2750244140625,,,,,,
2023-05-03,165.8814239501953,,,,,,
2023-05-04,164.02366638183594,,,,,,
2023-05-05,167.92213439941406,,,,,,
2023-05-08,167.53707885742188,,,,,,
2023-05-09,167.03651428222656,,,,,,
2023-05-10,167.88360595703125,,,,,,
2023-05-11,166.59376525878906,,,,,,
2023-05-12,166.25685119628906,,,,,,
2023-05-15,168.2878875732422,,,,,,
2023-05-16,165.83331298828125,,,,,,
2023-05-17,169.5296173095703,,,,,,
2023-05-18,170.55958557128906,,,,,,
2023-05-19,169.5199737548828,,,,,,
2023-05-22,171.58953857421875,,,,,,
2023-05-23,170.78097534179688,,,,,,
2023-05-24,168.97129821777344,,,,,,
2023-05-25,167.652587890625,,,,,,
2023-05-26,169.55848693847656,,,,,,
2023-05-30,168.9328155517578,,,,,,
2023-05-31,167.26754760742188,,,,,,
2023-06-01,169.0771942138672,,,,,,
2023-06-02,175.2088623046875,,,,,,
2023-06-05,172.86016845703125,,,,,,
2023-06-06,177.4131622314453,,,,,,
2023-06-07,180.7326202392578,,,,,,
2023-06-08,180.0569610595703,,,,,,
2023-06-09,178.5994415283203,,,,,,
2023-06-12,179.34268188476562,,,,,,
2023-06-13,181.39865112304688,,,,,,
2023-06-14,179.44886779785156,,,,,,
2023-06-15,180.9256896972656,,,,,,
2023-06-16,179.4778289794922,,,,,,
2023-06-20,178.6959991455078,,,,,,
2023-06-21,178.28089904785156,,,,,,
2023-06-22,176.95851135253906,,,,,,
2023-06-23,174.29444885253906,,,,,,
2023-06-26,174.46820068359375,,,,,,
2023-06-27,176.9875030517578,,,,,,
2023-06-28,177.85621643066406,,,,,,
2023-06-29,179.90255737304688,,,,,,
2023-06-30,180.7615966796875,,,,,,
2023-07-03,181.1283721923828,,,,,,
2023-07-05,179.32339477539062,,,,,,
2023-07-06,176.42764282226562,,,,,,
2023-07-07,178.2905731201172,,,,,,
2023-07-10,181.3407440185547,,,,,,
2023-07-11,183.20367431640625,,,,,,
2023-07-12,185.20172119140625,,,,,,
2023-07-13,186.69781494140625,,,,,,
2023-07-14,184.8735198974609,,,,,,
2023-07-17,186.8523101806641,,,,,,
2023-07-18,189.1592254638672,,,,,,
2023-07-19,189.9604034423828,,,,,,
2023-07-20,188.3001708984375,,,,,,
2023-07-21,187.70172119140625,,,,,,
2023-07-24,188.1650238037109,,,,,,
2023-07-25,188.14573669433597,,,,,,
2023-07-26,189.63221740722656,,,,,,
2023-07-27,187.1804656982422,,,,,,
2023-07-28,189.60321044921875,,,,,,
2023-07-31,191.80401611328125,,,,,,
2023-08-01,190.9256591796875,,,,,,
2023-08-02,188.32913208007807,,,,,,
2023-08-03,187.7982482910156,,,,,,
2023-08-04,187.4217987060547,,,,,,
2023-08-07,187.5472717285156,,,,,,
2023-08-08,186.3696746826172,,,,,,
2023-08-09,184.9121551513672,,,,,,
2023-08-10,184.0917053222656,,,,,,
2023-08-11,184.3523101806641,,,,,,
2023-08-14,184.03379821777344,,,,,,
2023-08-15,181.60134887695312,,,,,,
2023-08-16,179.38128662109375,,,,,,
2023-08-17,177.2673797607422,,,,,,
2023-08-18,178.2326202392578,,,,,,
2023-08-21,177.97201538085938,,,,,,
2023-08-22,177.44117736816406,,,,,,
2023-08-23,179.33302307128906,,,,,,
2023-08-24,176.85232543945312,,,,,,
2023-08-25,177.60525512695312,,,,,,
2023-08-28,179.188232421875,,,,,,
2023-08-29,181.688232421875,,,,,,
2023-08-30,182.37355041503903,,,,,,
2023-08-31,182.0550079345703,,,,,,
2023-09-01,184.2172088623047,,,,,,
2023-09-05,180.3368988037109,,,,,,
2023-09-06,179.66123962402344,,,,,,
2023-09-07,177.9237518310547,,,,,,
2023-09-08,177.5280303955078,,,,,,
2023-09-11,177.95272827148438,,,,,,
2023-09-12,177.7789764404297,,,,,,
2023-09-13,176.61105346679688,,,,,,
2023-09-14,179.1013641357422,,,,,,
2023-09-15,177.22879028320312,,,,,,
2023-09-18,176.0511932373047,,,,,,
2023-09-19,175.36585998535156,,,,,,
2023-09-20,173.60911560058594,,,,,,
2023-09-21,170.91610717773438,,,,,,
2023-09-22,170.5299835205078,,,,,,
2023-09-25,171.2925567626953,,,,,,
2023-09-26,169.09017944335938,,,,,,
2023-09-27,170.67088317871094,,,,,,
2023-09-28,172.21286010742188,,,,,,
2023-09-29,171.39825439453125,,,,,,
2023-10-02,168.80892944335938,,,,,,
2023-10-03,165.96749877929688,,,,,,
2023-10-04,166.04505920410156,,,,,,
2023-10-05,166.17115783691406,,,,,,
2023-10-06,167.77127075195312,,,,,,
2023-10-09,168.74102783203125,,,,,,
2023-10-10,170.65150451660156,,,,,,
2023-10-11,170.36058044433594,,,,,,
2023-10-12,166.5105438232422,,,,,,
2023-10-13,165.12379455566406,,,,,,
2023-10-16,167.7906494140625,,,,,,
2023-10-17,169.66232299804688,,,,,,
2023-10-18,166.17115783691406,,,,,,
2023-10-19,163.52365112304688,,,,,,
2023-10-20,161.4095458984375,,,,,,
2023-10-23,160.04214477539062,,,,,,
2023-10-24,161.43862915039062,,,,,,
2023-10-25,158.77174377441406,,,,,,
2023-10-26,159.17906188964844,,,,,,
2023-10-27,157.3074188232422,,,,,,
2023-10-30,158.18017578125,,,,,,
2023-10-31,159.54757690429688,,,,,,
2023-11-01,160.45916748046875,,,,,,
2023-11-02,164.73585510253906,,,,,,
2023-11-03,169.2162322998047,,,,,,
2023-11-06,167.1020965576172,,,,,,
2023-11-07,166.5105438232422,,,,,,
2023-11-08,164.73585510253906,,,,,,
2023-11-09,162.18536376953125,,,,,,
2023-11-10,163.99884033203125,,,,,,
2023-11-13,164.05703735351562,,,,,,
2023-11-14,173.06626892089844,,,,,,
2023-11-15,173.36688232421875,,,,,,
2023-11-16,170.56422424316406,,,,,,
2023-11-17,172.90138244628906,,,,,,
2023-11-20,173.9099578857422,,,,,,
2023-11-21,171.66976928710938,,,,,,
2023-11-22,172.7462158203125,,,,,,
2023-11-24,173.9099578857422,,,,,,
2023-11-27,173.32809448242188,,,,,,
2023-11-28,172.658935546875,,,,,,
2023-11-29,173.5705108642578,,,,,,
2023-11-30,174.22999572753906,,,,,,
2023-12-01,179.32130432128906,,,,,,
2023-12-04,181.24148559570312,,,,,,
2023-12-05,178.8170166015625,,,,,,
2023-12-06,178.4969940185547,,,,,,
2023-12-07,179.78680419921875,,,,,,
2023-12-08,181.15419006347656,,,,,,
2023-12-11,181.53240966796875,,,,,,
2023-12-12,181.34814453125,,,,,,
2023-12-13,187.48681640625,,,,,,
2023-12-14,192.70420837402344,,,,,,
2023-12-15,191.08468627929688,,,,,,
2023-12-18,191.15257263183597,,,,,,
2023-12-19,194.85711669921875,,,,,,
2023-12-20,191.0455474853516,,,,,,
2023-12-21,194.2964782714844,,,,,,
2023-12-22,196.10687255859372,,,,,,
2023-12-26,198.65701293945312,,,,,,
2023-12-27,199.3578186035156,,,,,,
2023-12-28,198.5985870361328,,,,,,
2023-12-29,195.35743713378903,,,,,,
2024-01-02,194.1991424560547,,,,,,
2024-01-03,189.02102661132807,,,,,,
2024-01-04,188.65115356445312,,,,,,
2024-01-05,188.09637451171875,,,,,,
2024-01-08,191.48355102539065,,,,,,
2024-01-09,189.7704620361328,,,,,,
2024-01-10,189.8775787353516,,,,,,
2024-01-11,188.38836669921875,,,,,,
2024-01-12,188.07688903808597,,,,,,
2024-01-16,185.75064086914065,,,,,,
2024-01-17,184.42691040039065,,,,,,
2024-01-18,185.5170440673828,,,,,,
2024-01-19,187.2982177734375,,,,,,
2024-01-22,191.29861450195312,,,,,,
2024-01-23,190.74380493164065,,,,,,
2024-01-24,189.17677307128903,,,,,,
2024-01-25,190.74380493164065,,,,,,
2024-01-26,190.7535400390625,,,,,,
2024-01-29,194.09207153320312,,,,,,
2024-01-30,192.4374237060547,,,,,,
2024-01-31,187.73622131347656,,,,,,
2024-02-01,190.2279510498047,,,,,,
2024-02-02,189.22540283203125,,,,,,
2024-02-05,186.8212890625,,,,,,
2024-02-06,188.5051422119141,,,,,,
2024-02-07,188.0671539306641,,,,,,
2024-02-08,190.9190216064453,,,,,,
2024-02-09,194.02392578125,,,,,,
2024-02-12,197.54742431640625,,,,,,
2024-02-13,189.4200897216797,,,,,,
2024-02-14,193.81956481933597,,,,,,
2024-02-15,198.9879302978516,,,,,,
2024-02-16,196.28208923339844,,,,,,
2024-02-20,193.5762176513672,,,,,,
2024-02-21,192.6612701416016,,,,,,
2024-02-22,194.1212921142578,,,,,,
2024-02-23,194.55929565429688,,,,,,
2024-02-26,195.78564453125,,,,,,
2024-02-27,198.5597076416016,,,,,,
2024-02-28,196.92446899414065,,,,,,
2024-02-29,198.29684448242188,,,,,,
2024-03-01,200.39926147460935,,,,,,
2024-03-04,200.21432495117188,,,,,,
2024-03-05,198.29684448242188,,,,,,
2024-03-06,199.77633666992188,,,,,,
2024-03-07,201.44073486328125,,,,,,
2024-03-08,201.31419372558597,,,,,,
2024-03-11,199.71795654296875,,,,,,
2024-03-12,199.4453887939453,,,,,,
2024-03-13,200.2240753173828,,,,,,
2024-03-14,196.64219665527344,,,,,,
2024-03-15,197.0120391845703,,,,,,
2024-03-18,195.88299560546875,,,,,,
2024-03-19,196.7103576660156,,,,,,
2024-03-20,200.60366821289065,,,,,,
2024-03-21,202.9085235595703,,,,,,
2024-03-22,200.1080017089844,,,,,,
2024-03-25,200.5666046142578,,,,,,
2024-03-26,200.20553588867188,,,,,,
2024-03-27,204.56739807128903,,,,,,
2024-03-28,205.21144104003903,,,,,,
2024-04-01,203.2793426513672,,,,,,
2024-04-02,199.5419921875,,,,,,
2024-04-03,200.84957885742188,,,,,,
2024-04-04,198.83941650390625,,,,,,
2024-04-05,199.50294494628903,,,,,,
2024-04-08,200.59585571289065,,,,,,
2024-04-09,201.38626098632807,,,,,,
2024-04-10,196.068115234375,,,,,,
2024-04-11,197.39523315429688,,,,,,
2024-04-12,193.88235473632807,,,,,,
2024-04-15,191.0427703857422,,,,,,
2024-04-16,190.3401641845703,,,,,,
2024-04-17,188.3300018310547,,,,,,
2024-04-18,188.1739044189453,,,,,,
2024-04-19,188.46665954589844,,,,,,
2024-04-22,190.5743560791016,,,,,,
2024-04-23,193.7652587890625,,,,,,
2024-04-24,192.89678955078125,,,,,,
2024-04-25,191.72581481933597,,,,,,
2024-04-26,193.5603179931641,,,,,,
2024-04-29,195.12161254882807,,,,,,
2024-04-30,191.1598663330078,,,,,,
2024-05-01,191.55992126464844,,,,,,
2024-05-02,195.08258056640625,,,,,,
2024-05-03,197.0146484375,,,,,,
2024-05-06,199.5615081787109,,,,,,
2024-05-07,200.01040649414065,,,,,,
2024-05-08,198.84915161132807,,,,,,
2024-05-09,200.87884521484372,,,,,,
2024-05-10,199.3663787841797,,,,,,
2024-05-13,199.7859649658203,,,,,,
2024-05-14,201.85464477539065,,,,,,
2024-05-15,204.37222290039065,,,,,,
2024-05-16,202.8987579345703,,,,,,
2024-05-17,203.04513549804688,,,,,,
2024-05-20,203.49400329589844,,,,,,
2024-05-21,203.298828125,,,,,,
2024-05-22,201.5814208984375,,,,,,
2024-05-23,198.2734832763672,,,,,,
2024-05-24,200.46902465820312,,,,,,
2024-05-28,200.19577026367188,,,,,,
2024-05-29,197.23910522460935,,,,,,
2024-05-30,199.1126251220703,,,,,,
2024-05-31,200.79103088378903,,,,,,
2024-06-03,199.6591033935547,,,,,,
2024-06-04,197.0829925537109,,,,,,
2024-06-05,200.0981903076172,,,,,,
2024-06-06,198.66375732421875,,,,,,
2024-06-07,196.3315887451172,,,,,,
2024-06-10,197.0049285888672,,,,,,
2024-06-11,196.3316802978516,,,,,,
2024-06-12,199.34555053710935,,,,,,
2024-06-13,197.6037750244141,,,,,,
2024-06-14,194.46267700195312,,,,,,
2024-06-17,196.09683227539065,,,,,,
2024-06-18,196.4393310546875,,,,,,
2024-06-20,195.60757446289065,,,,,,
2024-06-21,196.04791259765625,,,,,,
2024-06-24,196.89923095703125,,,,,,
2024-06-25,196.2534027099609,,,,,,
2024-06-26,195.73475646972656,,,,,,
2024-06-27,197.72119140625,,,,,,
2024-06-28,198.5333709716797,,,,,,
2024-07-01,196.8698883056641,,,,,,
2024-07-02,197.5450592041016,,,,,,
2024-07-03,197.49615478515625,,,,,,
2024-07-05,196.5567321777344,,,,,,
2024-07-08,197.9364776611328,,,,,,
2024-07-09,197.0753631591797,,,,,,
2024-07-10,199.0030670166016,,,,,,
2024-07-11,206.15609741210935,,,,,,
2024-07-12,208.56326293945312,,,,,,
2024-07-15,212.52630615234372,,,,,,
2024-07-16,219.7771759033203,,,,,,
2024-07-17,217.4776611328125,,,,,,
2024-07-18,213.2699737548828,,,,,,
2024-07-19,212.1837921142578,,,,,,
2024-07-22,215.5597381591797,,,,,,
2024-07-23,217.84950256347656,,,,,,
2024-07-24,213.17214965820312,,,,,,
2024-07-25,215.83372497558597,,,,,,
2024-07-26,219.4053497314453,,,,,,
2024-07-29,216.9688415527344,,,,,,
2024-07-30,217.7907867431641,,,,,,
2024-07-31,219.05308532714844,,,,,,
2024-08-01,211.9293975830078,,,,,,
2024-08-02,204.4338836669922,,,,,,
2024-08-05,197.85818481445312,,,,,,
2024-08-06,200.0109405517578,,,,,,
2024-08-07,197.64292907714844,,,,,,
2024-08-08,202.44747924804688,,,,,,
2024-08-09,202.0267333984375,,,,,,
2024-08-12,200.20664978027344,,,,,,
2024-08-13,203.5043029785156,,,,,,
2024-08-14,202.24197387695312,,,,,,
2024-08-15,207.4868927001953,,,,,,
2024-08-16,208.0348663330078,,,,,,
2024-08-19,210.5790252685547,,,,,,
2024-08-20,208.1229553222656,,,,,,
2024-08-21,210.8334808349609,,,,,,
2024-08-22,208.9742431640625,,,,,,
2024-08-23,215.6478271484375,,,,,,
2024-08-26,215.7162933349609,,,,,,
2024-08-27,214.04302978515625,,,,,,
2024-08-28,212.59478759765625,,,,,,
2024-08-29,214.1115264892578,,,,,,
2024-08-30,215.3542633056641,,,,,,
2024-09-03,208.76878356933597,,,,,,
2024-09-04,208.41650390625,,,,,,
2024-09-05,207.3792724609375,,,,,,
2024-09-06,203.43577575683597,,,,,,
2024-09-09,204.0033264160156,,,,,,
2024-09-10,203.8369903564453,,,,,,
2024-09-11,204.4338836669922,,,,,,
2024-09-12,207.06613159179688,,,,,,
2024-09-13,212.17404174804688,,,,,,
2024-09-16,212.9373016357422,,,,,,
2024-09-17,214.6986389160156,,,,,,
2024-09-18,214.7377777099609,,,,,,
2024-09-19,219.1607208251953,,,,,,
2024-09-20,216.812255859375,,,,,,
2024-09-23,216.01963806152344,,,,,,
2024-09-24,216.38172912597656,,,,,,
2024-09-25,213.7424468994141,,,,,,
2024-09-26,214.8814239501953,,,,,,
2024-09-27,216.33457946777344,,,,,,
2024-09-30,216.8844146728516,,,,,,
2024-10-01,213.93882751464844,,,,,,
2024-10-02,213.64425659179688,,,,,,
2024-10-03,212.2107391357422,,,,,,
2024-10-04,215.1759796142578,,,,,,
2024-10-07,213.48716735839844,,,,,,
2024-10-08,213.6344451904297,,,,,,
2024-10-09,214.10574340820312,,,,,,
2024-10-10,212.91770935058597,,,,,,
2024-10-11,217.24771118164065,,,,,,
2024-10-14,218.84815979003903,,,,,,
2024-10-15,219.02491760253903,,,,,,
2024-10-16,222.6283416748047,,,,,,
2024-10-17,222.0195770263672,,,,,,
2024-10-18,221.55810546875,,,,,,
2024-10-21,218.07247924804688,,,,,,
2024-10-22,217.24771118164065,,,,,,
2024-10-23,215.26434326171875,,,,,,
2024-10-24,215.73565673828125,,,,,,
2024-10-25,214.9207000732422,,,,,,
2024-10-28,218.42596435546875,,,,,,
2024-10-29,217.71902465820312,,,,,,
2024-10-30,217.42446899414065,,,,,,
2024-10-31,213.8111724853516,,,,,,
2024-11-01,215.00906372070312,,,,,,
2024-11-04,216.0989227294922,,,,,,
2024-11-05,220.1638641357422,,,,,,
2024-11-06,232.91831970214844,,,,,,
2024-11-07,232.09353637695312,,,,,,
2024-11-08,233.80198669433597,,,,,,
2024-11-11,237.31704711914065,,,,,,
2024-11-12,233.1539459228516,,,,,,
2024-11-13,230.84657287597656,,,,,,
2024-11-14,227.7340545654297,,,,,,
2024-11-15,224.3367919921875,,,,,,
2024-11-18,224.77862548828125,,,,,,
2024-11-19,226.4478302001953,,,,,,
2024-11-20,226.74237060546875,,,,,,
2024-11-21,230.188720703125,,,,,,
2024-11-22,234.4402008056641,,,,,,
2024-11-25,238.0043792724609,,,,,,
2024-11-26,236.25665283203125,,,,,,
2024-11-27,236.5806579589844,,,,,,
2024-11-29,237.4839630126953,,,,,,
2024-12-02,237.36614990234372,,,,,,
2024-12-03,235.6773376464844,,,,,,
2024-12-04,236.5217437744141,,,,,,
2024-12-05,233.76271057128903,,,,,,
2024-12-06,234.59727478027344,,,,,,
2024-12-09,233.4190673828125,,,,,,
2024-12-10,232.40773010253903,,,,,,
2024-12-11,233.45834350585935,,,,,,
2024-12-12,230.4243621826172,,,,,,
2024-12-13,228.84356689453125,,,,,,
2024-12-16,230.188720703125,,,,,,
2024-12-17,227.553466796875,,,,,,
2024-12-18,217.4791259765625,,,,,,
2024-12-19,216.51405334472656,,,,,,
2024-12-20,218.54269409179688,,,,,,
2024-12-23,218.0404510498047,,,,,,
2024-12-24,219.9903259277344,,,,,,
2024-12-26,222.24545288085935,,,,,,
2024-12-27,219.0055389404297,,,,,,
2024-12-30,217.32156372070312,,,,,,
2024-12-31,217.5973358154297,,,,,,
2025-01-02,217.77456665039065,,,,,,
2025-01-03,221.0144805908203,,,,,,
2025-01-06,221.10313415527344,,,,,,
2025-01-07,219.3305206298828,,,,,,
2025-01-08,218.3358917236328,,,,,,
2025-01-10,213.53016662597656,,,,,,
2025-01-13,213.9437713623047,,,,,,
2025-01-14,216.37619018554688,,,,,,
2025-01-15,220.6304168701172,,,,,,
2025-01-16,221.07359313964844,,,,,,
2025-01-17,222.02883911132807,,,,,,
2025-01-21,226.2929229736328,,,,,,
2025-01-22,224.81573486328125,,,,,,
2025-01-23,225.8399200439453,,,,,,
2025-01-24,225.2096710205078,,,,,,
2025-01-27,223.05300903320312,,,,,,
2025-01-28,223.29920959472656,,,,,,
2025-01-29,222.7870941162109,,,,,,
2025-01-30,225.05209350585935,,,,,,
2025-01-31,223.03330993652344,,,,,,
2025-02-03,220.42364501953125,,,,,,
2025-02-04,223.47645568847656,,,,,,
2025-02-05,225.9088592529297,,,,,,
2025-02-06,225.17025756835935,,,,,,
2025-02-07,222.56060791015625,,,,,,
2025-02-10,223.5650634765625,,,,,,
2025-02-11,222.26516723632807,,,,,,
2025-02-12,220.21681213378903,,,,,,
2025-02-13,222.69847106933597,,,,,,
2025-02-14,222.5310516357422,,,,,,
2025-02-18,223.75218200683597,,,,,,
2025-02-19,222.9840545654297,,,,,,
2025-02-20,220.8470916748047,,,,,,
2025-02-21,214.4853973388672,,,,,,
2025-02-24,212.9392852783203,,,,,,
2025-02-25,212.13177490234372,,,,,,
2025-02-26,212.39764404296875,,,,,,
2025-02-27,209.15771484375,,,,,,
2025-02-28,211.38331604003903,,,,,,
2025-03-03,205.6026763916016,,,,,,
2025-03-04,203.27859497070312,,,,,,
2025-03-05,205.29739379882807,,,,,,
2025-03-06,202.1559295654297,,,,,,
2025-03-07,202.81573486328125,,,,,,
2025-03-10,197.71456909179688,,,,,,
2025-03-11,197.69488525390625,,,,,,
2025-03-12,198.03956604003903,,,,,,
2025-03-13,195.085205078125,,,,,,
2025-03-14,199.80230712890625,,,,,,
2025-03-17,202.3233337402344,,,,,,
2025-03-18,200.56651306152344,,,,,,
2025-03-19,203.68539428710935,,,,,,
2025-03-20,202.39242553710935,,,,,,
2025-03-21,201.13894653320312,,,,,,
2025-03-24,206.1430206298828,,,,,,
2025-03-25,204.9980926513672,,,,,,
2025-03-26,202.91554260253903,,,,,,
2025-03-27,201.94830322265625,,,,,,
2025-03-28,197.84239196777344,,,,,,
2025-03-31,196.8948974609375,,,,,,
2025-04-01,196.9146270751953,,,,,,
2025-04-02,200.02366638183597,,,,,,
2025-04-03,187.18289184570312,,,,,,
2025-04-04,178.83294677734375,,,,,,
2025-04-07,177.2142791748047,,,,,,
2025-04-08,172.54583740234375,,,,,,
2025-04-09,187.21250915527344,,,,,,
2025-04-10,179.34619140625,,,,,,
2025-04-11,181.96170043945312,,,,,,
2025-04-14,184.10348510742188,,,,,,
2025-04-15,184.3304901123047,,,,,,
2025-04-16,182.56378173828125,,,,,,
2025-04-17,184.0541229248047,,,,,,
2025-04-21,180.36279296875,,,,,,
2025-04-22,185.03126525878903,,,,,,
2025-04-23,187.7751007080078,,,,,,
2025-04-24,191.5355224609375,,,,,,
2025-04-25,191.5947265625,,,,,,
2025-04-28,192.4040679931641,,,,,,
2025-04-29,193.53912353515625,,,,,,
2025-04-30,192.32513427734372,,,,,,
2025-05-01,193.51939392089844,,,,,,
2025-05-02,197.87200927734372,,,,,,
2025-05-05,196.35205078125,,,,,,
2025-05-06,194.2102813720703,,,,,,
2025-05-07,194.851806640625,,,,,,
2025-05-08,198.5629119873047,,,,,,
2025-05-09,198.1977081298828,,,,,,
2025-05-12,205.1658935546875,,,,,,
2025-05-13,205.91598510742188,,,,,,
2025-05-14,204.09005737304688,,,,,,
2025-05-15,205.4224853515625,,,,,,
2025-05-16,207.12013244628903,,,,,,
2025-05-19,206.25157165527344,,,,,,
2025-05-20,206.36013793945312,,,,,,
2025-05-21,200.56651306152344,,,,,,
2025-05-22,200.556640625,,,,,,
2025-05-23,199.92495727539065,,,,,,
2025-05-27,204.9980926513672,,,,,,
2025-05-28,202.8365936279297,,,,,,
2025-05-29,203.4386444091797,,,,,,
2025-05-30,202.4023284912109,,,,,,
2025-06-02,203.0339813232422,,,,,,
2025-06-03,206.310791015625,,,,,,
2025-06-04,205.7284698486328,,,,,,
2025-06-05,205.8172912597656,,,,,,
2025-06-06,209.1434631347656,,,,,,
2025-06-09,210.58447265625,,,,,,
2025-06-10,211.7194976806641,,,,,,
2025-06-11,210.8509521484375,,,,,,
2025-06-12,210.0120086669922,,,,,,
2025-06-13,206.172607421875,,,,,,
2025-06-16,208.60336303710935,,,,,,
2025-06-17,206.40618896484372,,,,,,
2025-06-18,207.494873046875,,,,,,
2025-06-20,207.05941772460935,,,,,,
2025-06-23,209.59307861328125,,,,,,
2025-06-24,212.2653350830078,,,,,,
2025-06-25,209.791015625,,,,,,
2025-06-26,213.1956787109375,,,,,,
2025-06-27,213.2649383544922,,,,,,
2025-06-30,213.57174682617188,,,,,,
2025-07-01,215.7689514160156,,,,,,
2025-07-02,218.7578887939453,,,,,,
2025-07-03,220.78683471679688,,,,,,
2025-07-07,217.47125244140625,,,,,,
2025-07-08,218.9756317138672,,,,,,
2025-07-09,221.35096740722656,,,,,,
2025-07-10,222.48915100097656,,,,,,
2025-07-11,219.4210205078125,,,,,,
2025-07-14,220.89569091796875,,,,,,
2025-07-15,216.57061767578125,,,,,,
2025-07-16,218.74801635742188,,,,,,
2025-07-17,221.61817932128903,,,,,,
2025-07-18,220.0445251464844,,,,,,
2025-07-21,219.15377807617188,,,,,,
2025-07-22,220.97488403320312,,,,,,
2025-07-23,224.34982299804688,,,,,,
2025-07-24,221.2519989013672,,,,,,
2025-07-25,222.07347106933597,,,,,,
2025-07-28,221.81613159179688,,,,,,
2025-07-29,220.4008331298828,,,,,,
2025-07-30,219.28244018554688,,,,,,
2025-07-31,217.1347503662109,,,,,,
2025-08-01,212.71072387695312,,,,,,
2025-08-04,217.47125244140625,,,,,,
2025-08-05,218.57974243164065,,,,,,
2025-08-06,218.292724609375,,,,,,
2025-08-07,217.58010864257807,,,,,,
2025-08-08,218.05519104003903,,,,,,
2025-08-11,218.00572204589844,,,,,,
2025-08-12,224.47848510742188,,,,,,
2025-08-13,228.84315490722656,,,,,,
2025-08-14,225.89376831054688,,,,,,
2025-08-15,224.79519653320312,,,,,,
2025-08-18,225.61666870117188,,,,,,
2025-08-19,223.8846740722656,,,,,,
2025-08-20,223.09288024902344,,,,,,
2025-08-21,223.64712524414065,,,,,,
2025-08-22,232.41604614257807,,,,,,
2025-08-25,229.971435546875,,,,,,
2025-08-26,231.8717041015625,,,,,,
2025-08-27,233.5146331787109,,,,,,
2025-08-28,233.791748046875,,,,,,
2025-08-29,232.75254821777344,,,,,,
2025-09-02,231.4955902099609,,,,,,
2025-09-03,231.26795959472656,,,,,,
2025-09-04,234.15794372558597,,,,,,
2025-09-05,235.3258209228516,,,,,,
2025-09-08,235.80088806152344,,,,,,
2025-09-09,234.4152984619141,,,,,,
2025-09-10,233.99957275390625,,,,,,
2025-09-11,238.3246612548828,,,,,,
2025-09-12,235.88995361328125,,,,,,
2025-09-15,236.88958740234372,,,,,,
2025-09-16,236.49951171875,,,,,,
2025-09-17,237.10494995117188,,,,,,
2025-09-18,243.010498046875,,,,,,
2025-09-19,241.16436767578125,,,,,,
2025-09-22,242.56385803222656,,,,,,
2025-09-23,242.01795959472656,,,,,,
2025-09-24,239.79470825195312,,,,,,
2025-09-25,237.501953125,,,,,,
2025-09-26,239.53663635253903,,,,,,
2025-09-29,239.8145446777344,,,,,,
2025-09-30,240.1520233154297,,,,,,
2025-10-01,240.67803955078125,,,,,,
2025-10-02,242.19662475585935,,,,,,
2025-10-03,243.9930877685547,,,,,,
2025-10-06,244.96575927734372,,,,,,
2025-10-07,242.3355712890625,,,,,,
2025-10-08,244.8764495849609,,,,,,
2025-10-09,243.2983245849609,,,,,,
2025-10-10,236.01315307617188,,,,,,
2025-10-13,242.5836944580078,,,,,,
2025-10-14,246.0476226806641,,,,,,
2025-10-15,248.45947265625,,,,,,
2025-10-16,243.22885131835935,,,,,,
2025-10-17,241.5911865234375,,,,,,
2025-10-20,246.3056640625,,,,,,
2025-10-21,245.1444396972656,,,,,,
2025-10-22,241.52169799804688,,,,,,
2025-10-23,244.5786895751953,,,,,,
2025-10-24,247.5661773681641,,,,,,
2025-10-27,248.4296875,,,,,,
2025-10-28,247.0997009277344,,,,,,
2025-10-29,244.9955291748047,,,,,,
2025-10-30,243.0204162597656,,,,,,
2025-10-31,244.3900909423828,,,,,,
2025-11-03,243.60601806640625,,,,,,
2025-11-04,239.39768981933597,,,,,,
2025-11-05,242.8516845703125,,,,,,
2025-11-06,238.55404663085935,,,,,,
2025-11-07,239.80462646484372,,,,,,
2025-11-10,242.2065277099609,,,,,,
2025-11-11,242.4149932861328,,,,,,
2025-11-12,241.81944274902344,,,,,,
2025-11-13,235.0206298828125,,,,,,
2025-11-14,235.7054748535156,,,,,,
2025-11-17,231.020751953125,,,,,,
2025-11-18,231.72544860839844,,,,,,
2025-11-19,231.6857452392578,,,,,,
2025-11-20,227.3980255126953,,,,,,
2025-11-21,233.83953857421875,,,,,,
2025-11-24,238.10739135742188,,,,,,
2025-11-25,243.2983245849609,,,,,,
2025-11-26,245.4521026611328,,,,,,
2025-11-28,246.8912811279297,,,,,,
2025-12-01,243.78466796875,,,,,,
2025-12-02,243.3380279541016,,,,,,
2025-12-03,247.7646942138672,,,,,,
2025-12-04,249.93832397460935,,,,,,
2025-12-05,248.89617919921875,,,,,,
2025-12-08,248.99542236328125,,,,,,
2025-12-09,249.51153564453125,,,,,,
2025-12-10,252.90597534179688,,,,,,
2025-12-11,255.87364196777344,,,,,,
2025-12-12,251.95315551757807,,,,,,
2025-12-15,250.0475006103516,,,,,,
2025-12-16,248.8644256591797,,,,,,
2025-12-17,246.2154541015625,,,,,,
2025-12-18,247.6793670654297,,,,,,
2025-12-19,249.750732421875,,,,,,
2025-12-22,252.52919006347656,,,,,,
2025-12-23,251.035400390625,,,,,,
2025-12-24,251.6627960205078,,,,,,
2025-12-26,250.37814331054688,,,,,,
2025-12-29,248.8445281982422,,,,,,
2025-12-30,247.00218200683597,,,,,,
2025-12-31,245.1399383544922,,,,,,
2026-01-02,247.7490692138672,,,,,,
2026-01-05,251.6827087402344,,,,,,
2026-01-06,255.0188140869141,,,,,,
2026-01-07,254.4213104248047,,,,,,
2026-01-08,257.1997375488281,,,,,,
2026-01-09,259.1516418457031,,,,,,
2026-01-12,260.4163513183594,,,,,,
2026-01-13,260.2669982910156,,,,,,
2026-01-14,262.099365234375,,,,,,
2026-01-15,264.4097595214844,,,,,,
2026-01-16,264.6587219238281,,,,,,
2026-01-20,261.49188232421875,,,,,,
2026-01-21,266.6802978515625,,,,,,
2026-01-22,268.6720275878906,,,,,,
2026-01-23,263.712646484375,,,,,,
2026-01-26,262.8861083984375,,,,,,
2026-01-27,263.63299560546875,,,,,,
2026-01-28,262.2088928222656,,,,,,
2026-01-29,262.27862548828125,,,,,,
2026-01-30,258.57403564453125,,,,,,
2026-02-02,261.0935363769531,,,,,,
2026-02-03,261.6910705566406,,,,,,
2026-02-04,259.4404296875,,,,,,
2026-02-05,254.76986694335935,,,,,,
2026-02-06,263.9217834472656,,,,,,
2026-02-09,265.7740783691406,,,,,,
2026-02-10,265.0570373535156,,,,,,
2026-02-11,263.8520812988281,,,,,,
2026-02-12,258.4645080566406,,,,,,
2026-02-13,261.8703308105469,,,,,,
2026-02-17,261.95001220703125,,,,,,
2026-02-18,262.89605712890625,,,,,,
2026-02-19,263.5035095214844,,,,,,
2026-02-20,263.51348876953125,,,,,,
2026-02-23,259.4105224609375,,,,,,
2026-02-24,262.23876953125,,,,,,
2026-02-25,263.48358154296875,,,,,,
2026-02-26,264.88775634765625,,,,,,
2026-02-27,260.3267517089844,,,,,,
2026-03-02,262.716796875,,,,,,
2026-03-03,258.16571044921875,,,,,,
2026-03-04,260.67529296875,,,,,,
2026-03-05,255.69601440429688,,,,,,
2026-03-06,249.850341796875,,,,,,
2026-03-09,252.5690155029297,,,,,,
2026-03-10,252.31008911132807,,,,,,
2026-03-11,251.8022308349609,,,,,,
2026-03-12,246.384765625,,,,,,
2026-03-13,245.56814575195312,,,,,,
2026-03-16,247.8885040283203,,,,,,
2026-03-17,249.45677185058597,,,,,,
2026-03-18,245.43634033203125,,,,,,
2026-03-19,247.04251098632807,,,,,,
2026-03-20,241.64535522460935,,,,,,
2026-03-23,246.8629302978516,,,,,,
2026-03-24,248.18978881835935,,,,,,
2026-03-25,251.2225799560547,,,,,,
2026-03-26,246.85296630859372,,,,,,
2026-03-27,242.5232696533203,,,,,,
2026-03-30,239.04153442382807,,,,,,
2026-03-31,247.41163635253903,,,,,,
2026-04-01,248.96792602539065,,,,,,
2026-04-02,250.69381713867188,,,,,,
2026-04-06,251.76129150390625,,,,,,
2026-04-07,252.3099822998047,,,,,,
2026-04-08,259.85205078125,,,,,,
2026-04-09,261.3385009765625,,,,,,
2026-04-10,260.6800537109375,,,,,,
2026-04-13,264.4411315917969,,,,,,
2026-04-14,268.0824890136719,,,,,,
2026-04-15,268.7509155273437,,,,,,
2026-04-16,269.3095703125,,,,,,
2026-04-17,275.125732421875,,,,,,
2026-04-20,276.6920166015625,,,,,,
2026-04-21,273.8587646484375,,,,,,
2026-04-22,275.8240661621094,,,,,,
2026-04-23,274.8663330078125,,,,,,
2026-04-24,275.99365234375,,,,,,
2026-04-27,276.4825134277344,,,,,,
2026-04-28,273.2601623535156,,,,,,
2026-04-29,271.4344787597656,,,,,,
2026-04-30,277.310546875,,,,,,
2026-05-01,278.617431640625,,,,,,
2026-05-04,277.22076416015625,,,,,,
2026-05-05,281.8896484375,,,,,,
2026-05-06,286.1195678710937,,,,,,
2026-05-07,281.5903625488281,,,,,,
2026-05-08,283.495849609375,,,,,,
2026-05-11,284.6530456542969,,,,,,
2026-05-12,281.8996276855469,,,,,,
2026-05-13,281.9993896484375,,,,,,
2026-05-14,283.7751770019531,,,,,,
2026-05-15,276.94140625,,,,,,
2026-05-18,275.3152770996094,,,,,,
2026-05-19,272.3523254394531,,,,,,
2026-05-20,279.2060241699219,,,,,,
2026-05-21,281.8197937011719,,,,,,
2026-05-22,284.4435729980469,,,,,,
2026-05-26,289.82080078125,,,,,,
2026-05-27,289.6811218261719,,,,,,
2026-05-28,291.3371887207031,,,,,,
2026-05-29,289.740966796875,,,,,,
2026-06-01,288.29443359375,,,,,,
2026-06-02,290.9680480957031,,,,,,
2026-06-03,286.9875183105469,,,,,,
2026-06-04,291.3172302246094,,,,,,
2026-06-05,280.9817810058594,,,,,,
2026-06-08,283.4359436035156,,,,,,
2026-06-09,284.3437805175781,,,,,,
2026-06-10,281.3808288574219,,,,,,
2026-06-11,289.72100830078125,,,,,,
2026-06-12,292.2550048828125,,,,,,
2026-06-15,294.6400146484375,,,,,,
2026-06-16,292.0799865722656,,,,,,
2026-06-17,289.8800048828125,,,,,,
2026-06-18,295.5899963378906,,,,,,
2026-06-22,298.17999267578125,,,,,,
2026-06-23,295.32000732421875,,,,,,
2026-06-24,296.69000244140625,,,,,,
2026-06-25,298.9100036621094,,,,,,
2026-06-26,299.8299865722656,,,,,,
2026-06-29,298.9700012207031,,,,,,
2026-06-30,300.45001220703125,,,,,,
2026-07-01,299.32000732421875,,,,,,
2026-07-02,297.5799865722656,,,,,,
2026-07-06,298.8999938964844,,,,,,
2026-07-07,296.19000244140625,,,,,,
2026-07-08,293.4800109863281,,,,,,
2026-07-09,297.239990234375,,,,,,
2026-07-10,295.989990234375,,,,,,
2026-07-13,293.4800109863281,,,,,,
2026-07-14,294.510009765625,,,,,,
2026-07-15,295.7699890136719,,,,,,
2026-07-16,295.5899963378906,,,,,,
2026-07-17,294.0400085449219,,,,,,
2026-07-20,292.3099975585937,,,,,,
2026-07-21,296.5400085449219,,,,,,
2026-07-22,293.7900085449219,,,,,,
2026-07-23,292.0899963378906,,,,,,
2026-07-24,291.1700134277344,,,,,,
2026-07-27,292.9100036621094,,,,,,
2026-07-28,293.3699951171875,,,,,,
2026-07-29,288.57000732421875,,,,,,
2026-07-30,292.5899963378906,,,,,,
2026-07-31,291.20001220703125,,,,,,
2026-08-03,296.2200012207031,,,,,,
2026-08-04,301.7099914550781,,,,,,
2026-08-05,299.7699890136719,,,,,,
2026-08-06,298.25,,,,,,
2026-08-07,301.5599975585937,,,,,,
2026-08-10,299.9800109863281,,,,,,
2026-08-11,300.989990234375,,,,,,
2026-08-12,302.7099914550781,,,,,,
2026-08-13,303.5,,,,,,
2026-08-14,305.0899963378906,,,,,,
2026-08-17,304.0599975585937,,,,,,
2026-08-25,299.23,299.59,299.78,297.97,9685435.0,298.881,78321.0
2026-08-26,298.93,298.63,299.95,298.13,7723601.0,298.906,66995.0
2026-08-26,298.92999267578125,,,,,,
2026-08-27,299.81,298.77,300.32,298.14,10102815.0,299.477,91453.0
2026-08-27,299.8099975585937,,,,,,
2026-08-28,295.75,299.67,300.39,295.67,15627998.0,297.246,125186.0
2026-08-28,295.75,,,,,,
2026-08-31,293.92999267578125,,,,,,
2026-08-31,293.93,295.08,295.35,292.7,13812263.0,293.481,107407.0
2026-09-01,291.4100036621094,,,,,,
2026-09-01,290.57,291.97,292.94,289.97,16607816.0,291.201,133253.0
