date,close,open,high,low,volume,average,barCount
2013-10-03,34946.56640625,,,,,,
2013-10-04,31265.185546875,,,,,,
2013-10-07,31150.142578125,,,,,,
2013-10-08,27548.41015625,,,,,,
2013-10-09,26327.181640625,,,,,,
2013-10-10,25486.482421875,,,,,,
2013-10-11,23070.57421875,,,,,,
2013-10-14,23265.265625,,,,,,
2013-10-15,24778.521484375,,,,,,
2013-10-16,23672.33984375,,,,,,
2013-10-17,27822.7421875,,,,,,
2013-10-18,26619.21484375,,,,,,
2013-10-21,29521.845703125,,,,,,
2013-10-22,35212.046875,,,,,,
2013-10-23,32300.576171875,,,,,,
2013-10-24,36123.55078125,,,,,,
2013-10-25,36884.609375,,,,,,
2013-10-28,36105.85546875,,,,,,
2013-10-29,31592.62109375,,,,,,
2013-10-30,31964.294921875,,,,,,
2013-10-31,27353.720703125,,,,,,
2013-11-01,24796.224609375,,,,,,
2013-11-04,26194.439453125,,,,,,
2013-11-05,25008.609375,,,,,,
2013-11-06,25911.25,,,,,,
2013-11-07,23212.16796875,,,,,,
2013-11-08,23495.34765625,,,,,,
2013-11-11,23398.00390625,,,,,,
2013-11-12,21592.716796875,,,,,,
2013-11-13,22247.572265625,,,,,,
2013-11-14,24238.705078125,,,,,,
2013-11-15,23300.662109375,,,,,,
2013-11-18,22105.98046875,,,,,,
2013-11-19,21459.974609375,,,,,,
2013-11-20,18451.15234375,,,,,,
2013-11-21,18061.775390625,,,,,,
2013-11-22,16990.984375,,,,,,
2013-11-25,16530.81640625,,,,,,
2013-11-26,15539.671875,,,,,,
2013-11-27,15344.986328125,,,,,,
2013-11-29,17212.22265625,,,,,,
2013-12-02,13583.9365234375,,,,,,
2013-12-03,12026.43359375,,,,,,
2013-12-04,13229.9619140625,,,,,,
2013-12-05,11867.142578125,,,,,,
2013-12-06,11637.0576171875,,,,,,
2013-12-09,12353.865234375,,,,,,
2013-12-10,13999.8662109375,,,,,,
2013-12-11,12964.4765625,,,,,,
2013-12-12,12743.2412109375,,,,,,
2013-12-13,13194.564453125,,,,,,
2013-12-16,13530.8427734375,,,,,,
2013-12-17,12760.9404296875,,,,,,
2013-12-18,12345.013671875,,,,,,
2013-12-19,11548.560546875,,,,,,
2013-12-20,11884.84375,,,,,,
2013-12-23,11398.1220703125,,,,,,
2013-12-24,12495.455078125,,,,,,
2013-12-26,12592.7998046875,,,,,,
2013-12-27,13486.5966796875,,,,,,
2013-12-30,12805.189453125,,,,,,
2013-12-31,13805.177734375,,,,,,
2014-01-02,16150.2880859375,,,,,,
2014-01-03,16132.591796875,,,,,,
2014-01-06,16229.93359375,,,,,,
2014-01-07,15875.9560546875,,,,,,
2014-01-08,14752.0732421875,,,,,,
2014-01-09,13929.0693359375,,,,,,
2014-01-10,15875.9560546875,,,,,,
2014-01-13,18813.982421875,,,,,,
2014-01-14,17344.96875,,,,,,
2014-01-15,17990.978515625,,,,,,
2014-01-16,18690.0859375,,,,,,
2014-01-17,21805.1015625,,,,,,
2014-01-21,24424.546875,,,,,,
2014-01-22,21088.29296875,,,,,,
2014-01-23,22504.2109375,,,,,,
2014-01-24,21114.84375,,,,,,
2014-01-27,17849.38671875,,,,,,
2014-01-28,19017.5234375,,,,,,
2014-01-29,21557.314453125,,,,,,
2014-01-30,19389.19140625,,,,,,
2014-01-31,19114.859375,,,,,,
2014-02-03,19159.11328125,,,,,,
2014-02-04,21061.7421875,,,,,,
2014-02-05,20114.85546875,,,,,,
2014-02-06,20778.564453125,,,,,,
2014-02-07,24044.015625,,,,,,
2014-02-10,27203.279296875,,,,,,
2014-02-11,30769.615234375,,,,,,
2014-02-12,27035.13671875,,,,,,
2014-02-13,31911.201171875,,,,,,
2014-02-14,35318.2421875,,,,,,
2014-02-18,33875.78125,,,,,,
2014-02-19,27256.37890625,,,,,,
2014-02-20,31760.7578125,,,,,,
2014-02-21,31920.048828125,,,,,,
2014-02-24,33592.59765625,,,,,,
2014-02-25,30973.15625,,,,,,
2014-02-26,27893.5390625,,,,,,
2014-02-27,27813.892578125,,,,,,
2014-02-28,28114.77734375,,,,,,
2014-03-03,29610.3359375,,,,,,
2014-03-04,29433.3515625,,,,,,
2014-03-05,31097.044921875,,,,,,
2014-03-06,32893.484375,,,,,,
2014-03-07,30539.53125,,,,,,
2014-03-10,28344.859375,,,,,,
2014-03-11,28415.658203125,,,,,,
2014-03-12,31760.7578125,,,,,,
2014-03-13,35247.4453125,,,,,,
2014-03-14,34743.0234375,,,,,,
2014-03-17,30344.84375,,,,,,
2014-03-18,28406.810546875,,,,,,
2014-03-19,23920.126953125,,,,,,
2014-03-20,24468.794921875,,,,,,
2014-03-21,24389.146484375,,,,,,
2014-03-24,19362.646484375,,,,,,
2014-03-25,20583.869140625,,,,,,
2014-03-26,17460.009765625,,,,,,
2014-03-27,18902.4765625,,,,,,
2014-03-28,19300.69921875,,,,,,
2014-03-31,17592.755859375,,,,,,
2014-04-01,17256.47265625,,,,,,
2014-04-02,19893.615234375,,,,,,
2014-04-03,18451.15234375,,,,,,
2014-04-04,19424.591796875,,,,,,
2014-04-07,18106.025390625,,,,,,
2014-04-08,20247.59375,,,,,,
2014-04-09,20796.263671875,,,,,,
2014-04-10,19415.744140625,,,,,,
2014-04-11,17955.580078125,,,,,,
2014-04-14,18628.138671875,,,,,,
2014-04-15,16415.775390625,,,,,,
2014-04-16,16274.1826171875,,,,,,
2014-04-17,14955.60546875,,,,,,
2014-04-21,15327.287109375,,,,,,
2014-04-22,16548.513671875,,,,,,
2014-04-23,18035.2265625,,,,,,
2014-04-24,16557.365234375,,,,,,
2014-04-25,18690.0859375,,,,,,
2014-04-28,16964.44140625,,,,,,
2014-04-29,18017.525390625,,,,,,
2014-04-30,17212.22265625,,,,,,
2014-05-01,16061.794921875,,,,,,
2014-05-02,17185.671875,,,,,,
2014-05-05,17769.7421875,,,,,,
2014-05-06,17442.31640625,,,,,,
2014-05-07,15530.8251953125,,,,,,
2014-05-08,15398.083984375,,,,,,
2014-05-09,15150.2978515625,,,,,,
2014-05-12,15583.921875,,,,,,
2014-05-13,15247.6435546875,,,,,,
2014-05-14,16044.0986328125,,,,,,
2014-05-15,15132.5986328125,,,,,,
2014-05-16,15061.80078125,,,,,,
2014-05-19,14999.8564453125,,,,,,
2014-05-20,14760.9228515625,,,,,,
2014-05-21,15150.2978515625,,,,,,
2014-05-22,15291.888671875,,,,,,
2014-05-23,14902.513671875,,,,,,
2014-05-27,12698.994140625,,,,,,
2014-05-28,12468.908203125,,,,,,
2014-05-29,12752.091796875,,,,,,
2014-05-30,13495.447265625,,,,,,
2014-06-02,12805.189453125,,,,,,
2014-06-03,13097.2197265625,,,,,,
2014-06-04,12911.3798828125,,,,,,
2014-06-05,13929.0693359375,,,,,,
2014-06-06,14575.0830078125,,,,,,
2014-06-09,14460.0390625,,,,,,
2014-06-10,16442.318359375,,,,,,
2014-06-11,17875.9375,,,,,,
2014-06-12,21008.646484375,,,,,,
2014-06-13,20707.767578125,,,,,,
2014-06-16,19610.427734375,,,,,,
2014-06-17,19221.0546875,,,,,,
2014-06-18,21787.40234375,,,,,,
2014-06-19,26548.421875,,,,,,
2014-06-20,23406.8515625,,,,,,
2014-06-23,24238.705078125,,,,,,
2014-06-24,21327.234375,,,,,,
2014-06-25,22575.00390625,,,,,,
2014-06-26,22787.390625,,,,,,
2014-06-27,21743.154296875,,,,,,
2014-06-30,24468.794921875,,,,,,
2014-07-01,22787.390625,,,,,,
2014-07-02,23088.27734375,,,,,,
2014-07-03,25221.0,,,,,,
2014-07-07,23973.22265625,,,,,,
2014-07-08,24937.81640625,,,,,,
2014-07-09,29035.12109375,,,,,,
2014-07-10,26672.310546875,,,,,,
2014-07-11,29716.53125,,,,,,
2014-07-14,25566.130859375,,,,,,
2014-07-15,22212.173828125,,,,,,
2014-07-16,22274.12109375,,,,,,
2014-07-17,27229.826171875,,,,,,
2014-07-18,25681.169921875,,,,,,
2014-07-21,26176.7421875,,,,,,
2014-07-22,24229.859375,,,,,,
2014-07-23,23167.919921875,,,,,,
2014-07-24,21079.443359375,,,,,,
2014-07-25,23663.48828125,,,,,,
2014-07-28,24822.76953125,,,,,,
2014-07-29,23318.357421875,,,,,,
2014-07-30,23734.28515625,,,,,,
2014-07-31,21610.416015625,,,,,,
2014-08-01,22495.361328125,,,,,,
2014-08-04,20291.83984375,,,,,,
2014-08-05,20973.25,,,,,,
2014-08-06,22539.607421875,,,,,,
2014-08-07,22707.748046875,,,,,,
2014-08-08,21840.501953125,,,,,,
2014-08-11,22796.244140625,,,,,,
2014-08-12,23044.02734375,,,,,,
2014-08-13,22787.390625,,,,,,
2014-08-14,22159.080078125,,,,,,
2014-08-15,22442.26171875,,,,,,
2014-08-18,22495.361328125,,,,,,
2014-08-19,21760.85546875,,,,,,
2014-08-20,21336.076171875,,,,,,
2014-08-21,20849.35546875,,,,,,
2014-08-22,20380.3359375,,,,,,
2014-08-25,19344.94921875,,,,,,
2014-08-26,20539.625,,,,,,
2014-08-27,20353.7890625,,,,,,
2014-08-28,21344.931640625,,,,,,
2014-08-29,22044.037109375,,,,,,
2014-09-02,19353.794921875,,,,,,
2014-09-03,19300.69921875,,,,,,
2014-09-04,16451.16796875,,,,,,
2014-09-05,17530.80859375,,,,,,
2014-09-08,14937.91015625,,,,,,
2014-09-09,16229.93359375,,,,,,
2014-09-10,15159.1484375,,,,,,
2014-09-11,16114.890625,,,,,,
2014-09-12,14964.458984375,,,,,,
2014-09-15,16132.591796875,,,,,,
2014-09-16,16867.095703125,,,,,,
2014-09-17,15088.3515625,,,,,,
2014-09-18,15079.5029296875,,,,,,
2014-09-19,13398.10546875,,,,,,
2014-09-22,11504.3134765625,,,,,,
2014-09-23,12389.2607421875,,,,,,
2014-09-24,11893.6923828125,,,,,,
2014-09-25,12583.9501953125,,,,,,
2014-09-26,11672.455078125,,,,,,
2014-09-29,11504.3134765625,,,,,,
2014-09-30,10460.0771484375,,,,,,
2014-10-01,10592.8193359375,,,,,,
2014-10-02,10442.37890625,,,,,,
2014-10-03,8318.50390625,,,,,,
2014-10-06,9442.388671875,,,,,,
2014-10-07,8274.2568359375,,,,,,
2014-10-08,10539.7216796875,,,,,,
2014-10-09,9336.1943359375,,,,,,
2014-10-10,8840.6259765625,,,,,,
2014-10-13,9424.689453125,,,,,,
2014-10-14,9345.04296875,,,,,,
2014-10-15,9433.5390625,,,,,,
2014-10-16,9513.18359375,,,,,,
2014-10-17,8814.0751953125,,,,,,
2014-10-20,9123.80859375,,,,,,
2014-10-21,9106.1044921875,,,,,,
2014-10-22,7672.4931640625,,,,,,
2014-10-23,8070.7197265625,,,,,,
2014-10-24,7504.35302734375,,,,,,
2014-10-27,6796.39501953125,,,,,,
2014-10-28,7274.26611328125,,,,,,
2014-10-29,5867.20068359375,,,,,,
2014-10-30,4380.48828125,,,,,,
2014-10-31,3486.6923828125,,,,,,
2014-11-03,4026.509033203125,,,,,,
2014-11-04,3451.29443359375,,,,,,
2014-11-05,2743.3369140625,,,,,,
2014-11-06,3008.82080078125,,,,,,
2014-11-07,3840.67138671875,,,,,,
2014-11-10,3097.315185546875,,,,,,
2014-11-11,3584.03662109375,,,,,,
2014-11-12,3460.143798828125,,,,,,
2014-11-13,3212.358642578125,,,,,,
2014-11-14,3769.875732421875,,,,,,
2014-11-17,4371.64013671875,,,,,,
2014-11-18,5247.7373046875,,,,,,
2014-11-19,4115.0048828125,,,,,,
2014-11-20,4601.7255859375,,,,,,
2014-11-21,4778.71484375,,,,,,
2014-11-24,4628.27490234375,,,,,,
2014-11-25,5035.3486328125,,,,,,
2014-11-26,4690.22119140625,,,,,,
2014-11-28,3008.82080078125,,,,,,
2014-12-01,3840.67138671875,,,,,,
2014-12-02,3097.315185546875,,,,,,
2014-12-03,3274.304931640625,,,,,,
2014-12-04,3026.519775390625,,,,,,
2014-12-05,2699.089599609375,,,,,,
2014-12-08,2814.13232421875,,,,,,
2014-12-09,3123.86376953125,,,,,,
2014-12-10,2858.37939453125,,,,,,
2014-12-11,2621.862060546875,,,,,,
2014-12-12,2438.515625,,,,,,
2014-12-15,1851.8045654296875,,,,,,
2014-12-16,1705.126953125,,,,,,
2014-12-17,2007.64990234375,,,,,,
2014-12-18,2456.849609375,,,,,,
2014-12-19,2328.50732421875,,,,,,
2014-12-22,1851.8045654296875,,,,,,
2014-12-23,1728.9620361328125,,,,,,
2014-12-24,1913.2259521484373,,,,,,
2014-12-26,2091.98876953125,,,,,,
2014-12-29,1970.9803466796875,,,,,,
2014-12-30,2271.66943359375,,,,,,
2014-12-31,2231.333251953125,,,,,,
2015-01-02,2497.186279296875,,,,,,
2015-01-05,2909.7177734375,,,,,,
2015-01-06,3391.0029296875,,,,,,
2015-01-07,3126.066162109375,,,,,,
2015-01-08,2867.546875,,,,,,
2015-01-09,3263.576416015625,,,,,,
2015-01-12,3781.531982421875,,,,,,
2015-01-13,3384.585693359375,,,,,,
2015-01-14,3139.81787109375,,,,,,
2015-01-15,3559.68212890625,,,,,,
2015-01-16,3706.359619140625,,,,,,
2015-01-20,4175.72802734375,,,,,,
2015-01-21,4014.38232421875,,,,,,
2015-01-22,3787.949462890625,,,,,,
2015-01-23,3227.82373046875,,,,,,
2015-01-26,3459.75830078125,,,,,,
2015-01-27,3820.03466796875,,,,,,
2015-01-28,3166.403564453125,,,,,,
2015-01-29,2788.7080078125,,,,,,
2015-01-30,3126.066162109375,,,,,,
2015-02-02,3074.72900390625,,,,,,
2015-02-03,2835.461181640625,,,,,,
2015-02-04,3058.228515625,,,,,,
2015-02-05,3233.32470703125,,,,,,
2015-02-06,2751.1220703125,,,,,,
2015-02-09,2930.801513671875,,,,,,
2015-02-10,2760.289306640625,,,,,,
2015-02-11,2646.613525390625,,,,,,
2015-02-12,2728.203125,,,,,,
2015-02-13,2832.7109375,,,,,,
2015-02-17,2583.359375,,,,,,
2015-02-18,2775.873291015625,,,,,,
2015-02-19,2600.777099609375,,,,,,
2015-02-20,2483.435546875,,,,,,
2015-02-23,2450.43310546875,,,,,,
2015-02-24,2465.100830078125,,,,,,
2015-02-25,2566.85791015625,,,,,,
2015-02-26,2619.111328125,,,,,,
2015-02-27,2675.949462890625,,,,,,
2015-03-02,2562.2744140625,,,,,,
2015-03-03,2475.1845703125,,,,,,
2015-03-04,2291.837646484375,,,,,,
2015-03-05,2300.08837890625,,,,,,
2015-03-06,1795.8839111328125,,,,,,
2015-03-09,1512.6129150390625,,,,,,
2015-03-10,1339.3499755859375,,,,,,
2015-03-11,1528.1973876953125,,,,,,
2015-03-12,1449.358154296875,,,,,,
2015-03-13,1536.4478759765625,,,,,,
2015-03-16,1465.859375,,,,,,
2015-03-17,1371.4356689453125,,,,,,
2015-03-18,1670.29150390625,,,,,,
2015-03-19,1677.6251220703125,,,,,,
2015-03-20,1874.723388671875,,,,,,
2015-03-23,2036.0687255859373,,,,,,
2015-03-24,2053.48681640625,,,,,,
2015-03-25,1969.146728515625,,,,,,
2015-03-26,1833.47021484375,,,,,,
2015-03-27,1743.6300048828125,,,,,,
2015-03-30,1567.6171875,,,,,,
2015-03-31,1554.7823486328125,,,,,,
2015-04-01,1821.5526123046875,,,,,,
2015-04-02,1745.4635009765625,,,,,,
2015-04-06,1999.3988037109373,,,,,,
2015-04-07,1851.8045654296875,,,,,,
2015-04-08,1772.0489501953125,,,,,,
2015-04-09,1709.7109375,,,,,,
2015-04-10,1869.2225341796875,,,,,,
2015-04-13,1760.1312255859375,,,,,,
2015-04-14,1767.4652099609375,,,,,,
2015-04-15,2001.232666015625,,,,,,
2015-04-16,1950.81201171875,,,,,,
2015-04-17,1915.0595703125,,,,,,
2015-04-20,1948.06201171875,,,,,,
2015-04-21,2003.982421875,,,,,,
2015-04-22,1817.8856201171875,,,,,,
2015-04-23,1947.145263671875,,,,,,
2015-04-24,1805.0513916015625,,,,,,
2015-04-27,1964.563232421875,,,,,,
2015-04-28,2186.4140625,,,,,,
2015-04-29,2157.07763671875,,,,,,
2015-04-30,1970.9803466796875,,,,,,
2015-05-01,1975.5640869140625,,,,,,
2015-05-04,2123.158447265625,,,,,,
2015-05-05,2053.48681640625,,,,,,
2015-05-06,1956.312744140625,,,,,,
2015-05-07,1970.9803466796875,,,,,,
2015-05-08,2023.234130859375,,,,,,
2015-05-11,2057.1533203125,,,,,,
2015-05-12,2163.494873046875,,,,,,
2015-05-13,2345.008544921875,,,,,,
2015-05-14,2327.58984375,,,,,,
2015-05-15,2370.676513671875,,,,,,
2015-05-18,2367.01025390625,,,,,,
2015-05-19,2155.24365234375,,,,,,
2015-05-20,2247.833740234375,,,,,,
2015-05-21,2179.995361328125,,,,,,
2015-05-22,2190.99658203125,,,,,,
2015-05-26,2002.1490478515625,,,,,,
2015-05-27,2049.819091796875,,,,,,
2015-05-28,2107.573974609375,,,,,,
2015-05-29,2092.906005859375,,,,,,
2015-06-01,2064.487548828125,,,,,,
2015-06-02,2174.49560546875,,,,,,
2015-06-03,2106.6572265625,,,,,,
2015-06-04,1981.9808349609373,,,,,,
2015-06-05,1915.0595703125,,,,,,
2015-06-08,2009.48291015625,,,,,,
2015-06-09,1957.2288818359373,,,,,,
2015-06-10,2035.1517333984373,,,,,,
2015-06-11,1938.894775390625,,,,,,
2015-06-12,1877.473388671875,,,,,,
2015-06-15,1879.306396484375,,,,,,
2015-06-16,1853.638427734375,,,,,,
2015-06-17,2025.0673828125,,,,,,
2015-06-18,2120.40771484375,,,,,,
2015-06-19,2043.40283203125,,,,,,
2015-06-22,1933.394287109375,,,,,,
2015-06-23,1915.0595703125,,,,,,
2015-06-24,1910.4759521484373,,,,,,
2015-06-25,1883.8902587890625,,,,,,
2015-06-26,1871.9730224609373,,,,,,
2015-06-29,1793.1336669921875,,,,,,
2015-06-30,1711.5443115234375,,,,,,
2015-07-01,1531.8642578125,,,,,,
2015-07-02,1629.9549560546875,,,,,,
2015-07-06,1612.5364990234375,,,,,,
2015-07-07,1370.5185546875,,,,,,
2015-07-08,1275.178466796875,,,,,,
2015-07-09,1314.5980224609375,,,,,,
2015-07-10,1316.4315185546875,,,,,,
2015-07-13,1413.6055908203125,,,,,,
2015-07-14,1366.8519287109375,,,,,,
2015-07-15,1294.4298095703125,,,,,,
2015-07-16,1277.0120849609375,,,,,,
2015-07-17,1114.749755859375,,,,,,
2015-07-20,729.7211303710938,,,,,,
2015-07-21,797.5595092773438,,,,,,
2015-07-22,775.5578002929688,,,,,,
2015-07-23,695.8019409179688,,,,,,
2015-07-24,814.0606079101562,,,,,,
2015-07-27,728.8043212890625,,,,,,
2015-07-28,779.224853515625,,,,,,
2015-07-29,826.8949584960938,,,,,,
2015-07-30,743.4722900390625,,,,,,
2015-07-31,785.6417846679688,,,,,,
2015-08-03,715.0533447265625,,,,,,
2015-08-04,735.2214965820312,,,,,,
2015-08-05,683.88427734375,,,,,,
2015-08-06,735.2214965820312,,,,,,
2015-08-07,722.38720703125,,,,,,
2015-08-10,847.97998046875,,,,,,
2015-08-11,928.6526489257812,,,,,,
2015-08-12,1155.0860595703125,,,,,,
2015-08-13,948.8206787109376,,,,,,
2015-08-14,942.403564453125,,,,,,
2015-08-17,1012.07568359375,,,,,,
2015-08-18,936.9031982421876,,,,,,
2015-08-19,1034.0770263671875,,,,,,
2015-08-20,1142.251708984375,,,,,,
2015-08-21,1013.9088745117188,,,,,,
2015-08-24,774.64111328125,,,,,,
2015-08-25,712.30322265625,,,,,,
2015-08-26,600.4615478515625,,,,,,
2015-08-27,716.88671875,,,,,,
2015-08-28,824.1448364257812,,,,,,
2015-08-31,807.6436157226562,,,,,,
2015-09-01,733.3878784179688,,,,,,
2015-09-02,721.4703369140625,,,,,,
2015-09-03,682.9676513671875,,,,,,
2015-09-04,703.1358032226562,,,,,,
2015-09-08,736.1382446289062,,,,,,
2015-09-09,656.38232421875,,,,,,
2015-09-10,649.0485229492188,,,,,,
2015-09-11,673.800048828125,,,,,,
2015-09-14,689.3848266601562,,,,,,
2015-09-15,684.8012084960938,,,,,,
2015-09-16,802.1431274414062,,,,,,
2015-09-17,887.399658203125,,,,,,
2015-09-18,878.2321166992188,,,,,,
2015-09-21,794.809326171875,,,,,,
2015-09-22,710.4696655273438,,,,,,
2015-09-23,697.63525390625,,,,,,
2015-09-24,804.8932495117188,,,,,,
2015-09-25,750.8060302734375,,,,,,
2015-09-28,655.4655151367188,,,,,,
2015-09-29,659.1326293945312,,,,,,
2015-09-30,689.3848266601562,,,,,,
2015-10-01,646.8480224609375,,,,,,
2015-10-02,773.357666015625,,,,,,
2015-10-05,814.244140625,,,,,,
2015-10-06,879.14892578125,,,,,,
2015-10-07,880.4323120117188,,,,,,
2015-10-08,829.0950927734375,,,,,,
2015-10-09,952.1210327148438,,,,,,
2015-10-12,922.6021118164062,,,,,,
2015-10-13,902.43408203125,,,,,,
2015-10-14,1101.365478515625,,,,,,
2015-10-15,1116.58349609375,,,,,,
2015-10-16,1005.4749145507812,,,,,,
2015-10-19,868.8814086914062,,,,,,
2015-10-20,967.8889770507812,,,,,,
2015-10-21,895.2833862304688,,,,,,
2015-10-22,911.6012573242188,,,,,,
2015-10-23,991.9074096679688,,,,,,
2015-10-26,918.0183715820312,,,,,,
2015-10-27,903.5341186523438,,,,,,
2015-10-28,865.5811767578125,,,,,,
2015-10-29,744.388916015625,,,,,,
2015-10-30,730.2711791992188,,,,,,
2015-11-02,732.1045532226562,,,,,,
2015-11-03,726.4209594726562,,,,,,
2015-11-04,693.0515747070312,,,,,,
2015-11-05,650.8818969726562,,,,,,
2015-11-06,571.8593139648438,,,,,,
2015-11-09,612.0123901367188,,,,,,
2015-11-10,577.7264404296875,,,,,,
2015-11-11,599.7281494140625,,,,,,
2015-11-12,586.8937377929688,,,,,,
2015-11-13,601.0113525390625,,,,,,
2015-11-16,613.295654296875,,,,,,
2015-11-17,538.6734008789062,,,,,,
2015-11-18,567.0921630859375,,,,,,
2015-11-19,615.4959716796875,,,,,,
2015-11-20,553.3411865234375,,,,,,
2015-11-23,540.5071411132812,,,,,,
2015-11-24,578.64306640625,,,,,,
2015-11-25,581.760009765625,,,,,,
2015-11-27,546.7407836914062,,,,,,
2015-11-30,561.9584350585938,,,,,,
2015-12-01,600.0948486328125,,,,,,
2015-12-02,560.8584594726562,,,,,,
2015-12-03,598.6279907226562,,,,,,
2015-12-04,669.2166137695312,,,,,,
2015-12-07,597.1611938476562,,,,,,
2015-12-08,586.7105102539062,,,,,,
2015-12-09,610.1787109375,,,,,,
2015-12-10,601.5614013671875,,,,,,
2015-12-11,614.5791625976562,,,,,,
2015-12-14,549.3076782226562,,,,,,
2015-12-15,556.0912475585938,,,,,,
2015-12-16,631.9972534179688,,,,,,
2015-12-17,532.8063354492188,,,,,,
2015-12-18,571.8593139648438,,,,,,
2015-12-21,593.8609008789062,,,,,,
2015-12-22,587.8104858398438,,,,,,
2015-12-23,608.161865234375,,,,,,
2015-12-24,656.1988525390625,,,,,,
2015-12-28,591.4775390625,,,,,,
2015-12-29,612.0123901367188,,,,,,
2015-12-30,567.275634765625,,,,,,
2015-12-31,569.29248046875,,,,,,
2016-01-04,621.9130859375,,,,,,
2016-01-05,627.7801513671875,,,,,,
2016-01-06,658.7657470703125,,,,,,
2016-01-07,704.052490234375,,,,,,
2016-01-08,645.5648193359375,,,,,,
2016-01-11,573.8761596679688,,,,,,
2016-01-12,528.039306640625,,,,,,
2016-01-13,521.8056640625,,,,,,
2016-01-14,466.9848327636719,,,,,,
2016-01-15,457.6341552734375,,,,,,
2016-01-19,392.3625793457031,,,,,,
2016-01-20,414.9142150878906,,,,,,
2016-01-21,418.2145385742188,,,,,,
2016-01-22,431.7821350097656,,,,,,
2016-01-25,452.3170776367188,,,,,,
2016-01-26,513.3717041015625,,,,,,
2016-01-27,541.6070556640625,,,,,,
2016-01-28,508.0546569824219,,,,,,
2016-01-29,538.1233520507812,,,,,,
2016-02-01,585.0604248046875,,,,,,
2016-02-02,545.6407470703125,,,,,,
2016-02-03,623.7466430664062,,,,,,
2016-02-04,684.6177368164062,,,,,,
2016-02-05,785.2753295898438,,,,,,
2016-02-08,885.5661010742188,,,,,,
2016-02-09,772.6243286132812,,,,,,
2016-02-10,804.3433837890625,,,,,,
2016-02-11,1014.8258056640624,,,,,,
2016-02-12,1126.8507080078125,,,,,,
2016-02-16,839.91259765625,,,,,,
2016-02-17,945.3372192382812,,,,,,
2016-02-18,1156.186279296875,,,,,,
2016-02-19,1051.12841796875,,,,,,
2016-02-22,1004.0081176757812,,,,,,
2016-02-23,1040.1275634765625,,,,,,
2016-02-24,1108.882568359375,,,,,,
2016-02-25,1182.5882568359375,,,,,,
2016-02-26,1066.713134765625,,,,,,
2016-02-29,1195.42236328125,,,,,,
2016-03-01,1070.3797607421875,,,,,,
2016-03-02,1156.186279296875,,,,,,
2016-03-03,1376.5693359375,,,,,,
2016-03-04,1348.5172119140625,,,,,,
2016-03-07,1525.263427734375,,,,,,
2016-03-08,1309.09765625,,,,,,
2016-03-09,1290.76318359375,,,,,,
2016-03-10,1445.691162109375,,,,,,
2016-03-11,1312.947998046875,,,,,,
2016-03-14,1177.27099609375,,,,,,
2016-03-15,1210.45703125,,,,,,
2016-03-16,1498.128173828125,,,,,,
2016-03-17,1384.6365966796875,,,,,,
2016-03-18,1465.1258544921875,,,,,,
2016-03-21,1482.1771240234375,,,,,,
2016-03-22,1514.4464111328125,,,,,,
2016-03-23,1213.3902587890625,,,,,,
2016-03-24,1233.192138671875,,,,,,
2016-03-28,1221.82421875,,,,,,
2016-03-29,1453.3917236328125,,,,,,
2016-03-30,1380.41943359375,,,,,,
2016-03-31,1349.250732421875,,,,,,
2016-04-01,1405.90478515625,,,,,,
2016-04-04,1296.8133544921875,,,,,,
2016-04-05,1401.504638671875,,,,,,
2016-04-06,1418.922607421875,,,,,,
2016-04-07,1531.680908203125,,,,,,
2016-04-08,1710.0775146484375,,,,,,
2016-04-11,2065.95361328125,,,,,,
2016-04-12,2146.076904296875,,,,,,
2016-04-13,2002.699462890625,,,,,,
2016-04-14,1816.2353515625,,,,,,
2016-04-15,2045.0526123046875,,,,,,
2016-04-18,2071.821533203125,,,,,,
2016-04-19,2528.721923828125,,,,,,
2016-04-20,2252.23486328125,,,,,,
2016-04-21,2435.58203125,,,,,,
2016-04-22,2226.932861328125,,,,,,
2016-04-25,2165.327880859375,,,,,,
2016-04-26,2406.6123046875,,,,,,
2016-04-27,2462.35009765625,,,,,,
2016-04-28,2788.7080078125,,,,,,
2016-04-29,3280.26171875,,,,,,
2016-05-02,3132.6669921875,,,,,,
2016-05-03,2854.163330078125,,,,,,
2016-05-04,2350.325439453125,,,,,,
2016-05-05,2570.15869140625,,,,,,
2016-05-06,2983.789794921875,,,,,,
2016-05-09,2313.10546875,,,,,,
2016-05-10,2566.49169921875,,,,,,
2016-05-11,2832.52783203125,,,,,,
2016-05-12,2727.2861328125,,,,,,
2016-05-13,2785.041015625,,,,,,
2016-05-16,2979.939208984375,,,,,,
2016-05-17,3252.942138671875,,,,,,
2016-05-18,2469.31787109375,,,,,,
2016-05-19,2550.72314453125,,,,,,
2016-05-20,2638.9130859375,,,,,,
2016-05-23,2499.56982421875,,,,,,
2016-05-24,1951.912353515625,,,,,,
2016-05-25,2163.677978515625,,,,,,
2016-05-26,2117.29150390625,,,,,,
2016-05-27,1817.33544921875,,,,,,
2016-05-31,1977.3970947265625,,,,,,
2016-06-01,1949.5286865234373,,,,,,
2016-06-02,1956.495849609375,,,,,,
2016-06-03,2679.9833984375,,,,,,
2016-06-06,2817.126708984375,,,,,,
2016-06-07,2702.535400390625,,,,,,
2016-06-08,3069.0458984375,,,,,,
2016-06-09,3252.20947265625,,,,,,
2016-06-10,3078.57958984375,,,,,,
2016-06-13,3119.649658203125,,,,,,
2016-06-14,2933.185791015625,,,,,,
2016-06-15,3318.0302734375,,,,,,
2016-06-16,3008.1748046875,,,,,,
2016-06-17,3141.65087890625,,,,,,
2016-06-20,3229.47412109375,,,,,,
2016-06-21,2934.10205078125,,,,,,
2016-06-22,2997.723388671875,,,,,,
2016-06-23,2997.357421875,,,,,,
2016-06-24,3434.089599609375,,,,,,
2016-06-27,3455.35791015625,,,,,,
2016-06-28,3256.06005859375,,,,,,
2016-06-29,3517.1455078125,,,,,,
2016-06-30,3650.439208984375,,,,,,
2016-07-01,4364.39111328125,,,,,,
2016-07-05,4753.2724609375,,,,,,
2016-07-06,5388.017578125,,,,,,
2016-07-07,4833.3935546875,,,,,,
2016-07-08,5517.09423828125,,,,,,
2016-07-11,5610.78564453125,,,,,,
2016-07-12,4914.25,,,,,,
2016-07-13,5570.99951171875,,,,,,
2016-07-14,5528.64453125,,,,,,
2016-07-15,5230.52392578125,,,,,,
2016-07-18,5220.8056640625,,,,,,
2016-07-19,4878.13134765625,,,,,,
2016-07-20,3774.38134765625,,,,,,
2016-07-21,4332.1220703125,,,,,,
2016-07-22,4197.1796875,,,,,,
2016-07-25,3626.603759765625,,,,,,
2016-07-26,4017.499267578125,,,,,,
2016-07-27,4677.732421875,,,,,,
2016-07-28,4765.55419921875,,,,,,
2016-07-29,5347.498046875,,,,,,
2016-08-01,5621.05224609375,,,,,,
2016-08-02,5592.08349609375,,,,,,
2016-08-03,5469.97412109375,,,,,,
2016-08-04,5693.47314453125,,,,,,
2016-08-05,5103.83154296875,,,,,,
2016-08-08,5363.44921875,,,,,,
2016-08-09,5513.79541015625,,,,,,
2016-08-10,5793.21630859375,,,,,,
2016-08-11,5614.2685546875,,,,,,
2016-08-12,5630.03564453125,,,,,,
2016-08-15,5612.25244140625,,,,,,
2016-08-16,5682.474609375,,,,,,
2016-08-17,5491.9765625,,,,,,
2016-08-18,5808.61669921875,,,,,,
2016-08-19,5268.8427734375,,,,,,
2016-08-22,4913.69921875,,,,,,
2016-08-23,4591.3759765625,,,,,,
2016-08-24,3499.911376953125,,,,,,
2016-08-25,3848.453369140625,,,,,,
2016-08-26,3751.27978515625,,,,,,
2016-08-29,3776.948486328125,,,,,,
2016-08-30,3168.236328125,,,,,,
2016-08-31,2928.051025390625,,,,,,
2016-09-01,3331.415283203125,,,,,,
2016-09-02,3918.12548828125,,,,,,
2016-09-06,4701.0166015625,,,,,,
2016-09-07,4534.1708984375,,,,,,
2016-09-08,4277.486328125,,,,,,
2016-09-09,3379.08544921875,,,,,,
2016-09-12,3831.952880859375,,,,,,
2016-09-13,3340.5830078125,,,,,,
2016-09-14,3379.08544921875,,,,,,
2016-09-15,3410.25390625,,,,,,
2016-09-16,3181.070556640625,,,,,,
2016-09-19,3298.412841796875,,,,,,
2016-09-20,3311.24609375,,,,,,
2016-09-21,4066.636962890625,,,,,,
2016-09-22,3866.78857421875,,,,,,
2016-09-23,3463.425048828125,,,,,,
2016-09-26,3336.91552734375,,,,,,
2016-09-27,3115.0654296875,,,,,,
2016-09-28,3384.585693359375,,,,,,
2016-09-29,3300.246337890625,,,,,,
2016-09-30,3195.73828125,,,,,,
2016-10-03,3028.892822265625,,,,,,
2016-10-04,2086.4892578125,,,,,,
2016-10-05,2080.98876953125,,,,,,
2016-10-06,1820.635986328125,,,,,,
2016-10-07,1908.6424560546875,,,,,,
2016-10-10,1985.6480712890625,,,,,,
2016-10-11,1793.1336669921875,,,,,,
2016-10-12,1919.6431884765625,,,,,,
2016-10-13,2055.320068359375,,,,,,
2016-10-14,1897.641357421875,,,,,,
2016-10-17,1978.3140869140625,,,,,,
2016-10-18,2266.168701171875,,,,,,
2016-10-19,2495.352783203125,,,,,,
2016-10-20,2460.5166015625,,,,,,
2016-10-21,2464.18359375,,,,,,
2016-10-24,2277.169921875,,,,,,
2016-10-25,2469.683837890625,,,,,,
2016-10-26,2286.3369140625,,,,,,
2016-10-27,2086.4892578125,,,,,,
2016-10-28,2075.487548828125,,,,,,
2016-10-31,2229.49951171875,,,,,,
2016-11-01,2462.35009765625,,,,,,
2016-11-02,2332.173583984375,,,,,,
2016-11-03,2511.853759765625,,,,,,
2016-11-04,2381.67724609375,,,,,,
2016-11-07,2088.32275390625,,,,,,
2016-11-08,2003.982421875,,,,,,
2016-11-09,2134.1591796875,,,,,,
2016-11-10,1670.29150390625,,,,,,
2016-11-11,1265.09423828125,,,,,,
2016-11-14,1334.76611328125,,,,,,
2016-11-15,1540.1151123046875,,,,,,
2016-11-16,1395.2705078125,,,,,,
2016-11-17,1276.09521484375,,,,,,
2016-11-18,1265.09423828125,,,,,,
2016-11-21,1340.2666015625,,,,,,
2016-11-22,1402.6044921875,,,,,,
2016-11-23,1178.921142578125,,,,,,
2016-11-25,1173.4210205078125,,,,,,
2016-11-28,1316.4315185546875,,,,,,
2016-11-29,1296.2635498046875,,,,,,
2016-11-30,1226.59130859375,,,,,,
2016-12-01,1210.0902099609375,,,,,,
2016-12-02,1340.2666015625,,,,,,
2016-12-05,1356.7677001953125,,,,,,
2016-12-06,1342.100341796875,,,,,,
2016-12-07,1398.9375,,,,,,
2016-12-08,1402.6044921875,,,,,,
2016-12-09,1191.755615234375,,,,,,
2016-12-12,1193.588623046875,,,,,,
2016-12-13,1211.923828125,,,,,,
2016-12-14,988.2404174804688,,,,,,
2016-12-15,810.3936767578125,,,,,,
2016-12-16,773.7244262695312,,,,,,
2016-12-19,777.3911743164062,,,,,,
2016-12-20,784.7251586914062,,,,,,
2016-12-21,757.2232055664062,,,,,,
2016-12-22,759.0565795898438,,,,,,
2016-12-23,788.39208984375,,,,,,
2016-12-27,876.398681640625,,,,,,
2016-12-28,960.73828125,,,,,,
2016-12-29,1224.7581787109375,,,,,,
2016-12-30,1023.0763549804688,,,,,,
2017-01-03,1213.757080078125,,,,,,
2017-01-04,1272.4283447265625,,,,,,
2017-01-05,1602.452880859375,,,,,,
2017-01-06,1387.9366455078125,,,,,,
2017-01-09,1452.108154296875,,,,,,
2017-01-10,1547.4488525390625,,,,,,
2017-01-11,1554.7823486328125,,,,,,
2017-01-12,1519.94677734375,,,,,,
2017-01-13,1534.6142578125,,,,,,
2017-01-17,1686.792724609375,,,,,,
2017-01-18,1530.94775390625,,,,,,
2017-01-19,1518.1131591796875,,,,,,
2017-01-20,1569.4503173828125,,,,,,
2017-01-23,1681.2921142578125,,,,,,
2017-01-24,1631.7882080078125,,,,,,
2017-01-25,1591.451904296875,,,,,,
2017-01-26,1452.108154296875,,,,,,
2017-01-27,1534.6142578125,,,,,,
2017-01-30,1523.6136474609375,,,,,,
2017-01-31,1637.28857421875,,,,,,
2017-02-01,1679.4586181640625,,,,,,
2017-02-02,1791.3001708984375,,,,,,
2017-02-03,1846.304443359375,,,,,,
2017-02-06,2262.501953125,,,,,,
2017-02-07,2212.998046875,,,,,,
2017-02-08,2264.335693359375,,,,,,
2017-02-09,2051.653076171875,,,,,,
2017-02-10,2189.162841796875,,,,,,
2017-02-13,2102.990478515625,,,,,,
2017-02-14,2174.49560546875,,,,,,
2017-02-15,2139.658935546875,,,,,,
2017-02-16,2229.49951171875,,,,,,
2017-02-17,2097.489501953125,,,,,,
2017-02-21,2020.4837646484373,,,,,,
2017-02-22,2013.1497802734373,,,,,,
2017-02-23,2038.81884765625,,,,,,
2017-02-24,1917.8095703125,,,,,,
2017-02-27,1369.6024169921875,,,,,,
2017-02-28,1439.273681640625,,,,,,
2017-03-01,1519.94677734375,,,,,,
2017-03-02,1147.7523193359375,,,,,,
2017-03-03,1232.091796875,,,,,,
2017-03-06,1024.9095458984375,,,,,,
2017-03-07,1048.7447509765625,,,,,,
2017-03-08,1019.409423828125,,,,,,
2017-03-09,982.7399291992188,,,,,,
2017-03-10,1129.41748046875,,,,,,
2017-03-13,1276.09521484375,,,,,,
2017-03-14,1048.7447509765625,,,,,,
2017-03-15,1395.2705078125,,,,,,
2017-03-16,1358.60107421875,,,,,,
2017-03-17,1232.091796875,,,,,,
2017-03-20,1298.0970458984375,,,,,,
2017-03-21,1355.67138671875,,,,,,
2017-03-22,1307.8458251953125,,,,,,
2017-03-23,1228.7498779296875,,,,,,
2017-03-24,1215.873779296875,,,,,,
2017-03-27,1289.451171875,,,,,,
2017-03-28,1177.2452392578125,,,,,,
2017-03-29,1214.0340576171875,,,,,,
2017-03-30,1157.011474609375,,,,,,
2017-03-31,1188.281982421875,,,,,,
2017-04-03,1252.6627197265625,,,,,,
2017-04-04,1291.290771484375,,,,,,
2017-04-05,1280.2542724609375,,,,,,
2017-04-06,1258.1807861328125,,,,,,
2017-04-07,1239.7862548828125,,,,,,
2017-04-10,1263.69921875,,,,,,
2017-04-11,1340.9559326171875,,,,,,
2017-04-12,1396.1392822265625,,,,,,
2017-04-13,1250.822998046875,,,,,,
2017-04-17,1208.515625,,,,,,
2017-04-18,1179.0845947265625,,,,,,
2017-04-19,1085.2728271484375,,,,,,
2017-04-20,1057.6812744140625,,,,,,
2017-04-21,1031.9290771484375,,,,,,
2017-04-24,965.7090454101562,,,,,,
2017-04-25,836.9478759765625,,,,,,
2017-04-26,842.4661865234375,,,,,,
2017-04-27,803.837646484375,,,,,,
2017-04-28,827.7505493164062,,,,,,
2017-05-01,763.8297729492188,,,,,,
2017-05-02,755.5523071289062,,,,,,
2017-05-03,730.2599487304688,,,,,,
2017-05-04,649.7840576171875,,,,,,
2017-05-05,689.3322143554688,,,,,,
2017-05-08,694.8506469726562,,,,,,
2017-05-09,689.7921142578125,,,,,,
2017-05-10,733.4789428710938,,,,,,
2017-05-11,811.655517578125,,,,,,
2017-05-12,849.8238525390625,,,,,,
2017-05-15,862.2400512695312,,,,,,
2017-05-16,882.9338989257812,,,,,,
2017-05-17,937.6573486328124,,,,,,
2017-05-18,845.2252197265625,,,,,,
2017-05-19,847.9844970703125,,,,,,
2017-05-22,882.0142211914062,,,,,,
2017-05-23,792.8011474609375,,,,,,
2017-05-24,812.5750732421875,,,,,,
2017-05-25,779.4651489257812,,,,,,
2017-05-26,794.6404418945312,,,,,,
2017-05-30,766.1290283203125,,,,,,
2017-05-31,756.0120239257812,,,,,,
2017-06-01,754.1726684570312,,,,,,
2017-06-02,784.5236206054688,,,,,,
2017-06-05,797.859619140625,,,,,,
2017-06-06,938.1173706054688,,,,,,
2017-06-07,933.5187377929688,,,,,,
2017-06-08,884.3134765625,,,,,,
2017-06-09,839.2470092773438,,,,,,
2017-06-12,884.7732543945312,,,,,,
2017-06-13,943.6355590820312,,,,,,
2017-06-14,814.8743896484375,,,,,,
2017-06-15,814.8743896484375,,,,,,
2017-06-16,828.6703491210938,,,,,,
2017-06-19,794.6404418945312,,,,,,
2017-06-20,788.662353515625,,,,,,
2017-06-21,825.451171875,,,,,,
2017-06-22,872.81689453125,,,,,,
2017-06-23,919.7227783203124,,,,,,
2017-06-26,889.8318481445312,,,,,,
2017-06-27,868.67822265625,,,,,,
2017-06-28,905.4671630859376,,,,,,
2017-06-29,847.9844970703125,,,,,,
2017-06-30,856.2620849609375,,,,,,
2017-07-03,773.9467163085938,,,,,,
2017-07-05,790.0419311523438,,,,,,
2017-07-06,754.6326293945312,,,,,,
2017-07-07,704.5076293945312,,,,,,
2017-07-10,751.8734130859375,,,,,,
2017-07-11,761.0707397460938,,,,,,
2017-07-12,770.727783203125,,,,,,
2017-07-13,739.4570922851562,,,,,,
2017-07-14,771.6473999023438,,,,,,
2017-07-17,798.7791748046875,,,,,,
2017-07-18,813.4948120117188,,,,,,
2017-07-19,807.5167236328125,,,,,,
2017-07-20,814.4144897460938,,,,,,
2017-07-21,828.6703491210938,,,,,,
2017-07-24,781.3045654296875,,,,,,
2017-07-25,768.4284057617188,,,,,,
2017-07-26,849.8238525390625,,,,,,
2017-07-27,811.655517578125,,,,,,
2017-07-28,858.1015014648438,,,,,,
2017-07-31,856.7218627929688,,,,,,
2017-08-01,851.6632080078125,,,,,,
2017-08-02,825.9111328125,,,,,,
2017-08-03,818.5533447265625,,,,,,
2017-08-04,762.9100341796875,,,,,,
2017-08-07,750.0341186523438,,,,,,
2017-08-08,755.09228515625,,,,,,
2017-08-09,788.662353515625,,,,,,
2017-08-10,826.3710327148438,,,,,,
2017-08-11,848.4442749023438,,,,,,
2017-08-14,808.896240234375,,,,,,
2017-08-15,774.8665161132812,,,,,,
2017-08-16,826.3710327148438,,,,,,
2017-08-17,830.0499267578125,,,,,,
2017-08-18,828.6703491210938,,,,,,
2017-08-21,864.5393676757812,,,,,,
2017-08-22,837.8675537109375,,,,,,
2017-08-23,856.2620849609375,,,,,,
2017-08-24,862.2400512695312,,,,,,
2017-08-25,870.5177001953125,,,,,,
2017-08-28,969.3878173828124,,,,,,
2017-08-29,986.8626098632812,,,,,,
2017-08-30,945.0153198242188,,,,,,
2017-08-31,1036.9874267578125,,,,,,
2017-09-01,1054.4619140625,,,,,,
2017-09-05,1151.4927978515625,,,,,,
2017-09-06,1102.7474365234375,,,,,,
2017-09-07,1174.0262451171875,,,,,,
2017-09-08,1111.4847412109375,,,,,,
2017-09-11,1018.1331176757812,,,,,,
2017-09-12,1052.62255859375,,,,,,
2017-09-13,985.0230712890624,,,,,,
2017-09-14,1011.2354736328124,,,,,,
2017-09-15,965.7090454101562,,,,,,
2017-09-18,895.8101196289062,,,,,,
2017-09-19,912.8248291015624,,,,,,
2017-09-20,865.4590454101562,,,,,,
2017-09-21,841.0865478515625,,,,,,
2017-09-22,876.9557495117188,,,,,,
2017-09-25,922.94189453125,,,,,,
2017-09-26,863.6196899414062,,,,,,
2017-09-27,821.7723388671875,,,,,,
2017-09-28,842.4661865234375,,,,,,
2017-09-29,824.5314331054688,,,,,,
2017-10-02,821.3123779296875,,,,,,
2017-10-03,852.5831298828125,,,,,,
2017-10-04,873.7367553710938,,,,,,
2017-10-05,835.5682983398438,,,,,,
2017-10-06,891.2113037109375,,,,,,
2017-10-09,924.3212890625,,,,,,
2017-10-10,887.5325317382812,,,,,,
2017-10-11,918.3432006835938,,,,,,
2017-10-12,894.8901977539062,,,,,,
2017-10-13,890.2916870117188,,,,,,
2017-10-16,838.3273315429688,,,,,,
2017-10-17,831.4293823242188,,,,,,
2017-10-18,812.5750732421875,,,,,,
2017-10-19,825.451171875,,,,,,
2017-10-20,789.5820922851562,,,,,,
2017-10-23,773.9467163085938,,,,,,
2017-10-24,746.3549194335938,,,,,,
2017-10-25,726.5809326171875,,,,,,
2017-10-26,692.0914306640625,,,,,,
2017-10-27,699.908935546875,,,,,,
2017-10-30,730.2599487304688,,,,,,
2017-10-31,697.14990234375,,,,,,
2017-11-01,702.668212890625,,,,,,
2017-11-02,722.9021606445312,,,,,,
2017-11-03,703.1280517578125,,,,,,
2017-11-06,747.7347412109375,,,,,,
2017-11-07,728.4204711914062,,,,,,
2017-11-08,741.7564697265625,,,,,,
2017-11-09,733.0189819335938,,,,,,
2017-11-10,699.908935546875,,,,,,
2017-11-13,685.6532592773438,,,,,,
2017-11-14,671.3975830078125,,,,,,
2017-11-15,681.5146484375,,,,,,
2017-11-16,684.2738037109375,,,,,,
2017-11-17,713.7048950195312,,,,,,
2017-11-20,675.9962158203125,,,,,,
2017-11-21,689.3322143554688,,,,,,
2017-11-22,717.3839111328125,,,,,,
2017-11-24,704.5076293945312,,,,,,
2017-11-27,720.14306640625,,,,,,
2017-11-28,706.8068237304688,,,,,,
2017-11-29,668.6385498046875,,,,,,
2017-11-30,663.1202392578125,,,,,,
2017-12-01,667.7188110351562,,,,,,
2017-12-04,641.5065307617188,,,,,,
2017-12-05,613.4552001953125,,,,,,
2017-12-06,588.1627197265625,,,,,,
2017-12-07,564.7096557617188,,,,,,
2017-12-08,581.2648315429688,,,,,,
2017-12-11,583.1043090820312,,,,,,
2017-12-12,586.783203125,,,,,,
2017-12-13,653.4630737304688,,,,,,
2017-12-14,650.7039184570312,,,,,,
2017-12-15,645.6453857421875,,,,,,
2017-12-18,675.536376953125,,,,,,
2017-12-19,682.894287109375,,,,,,
2017-12-20,724.2817993164062,,,,,,
2017-12-21,746.8150024414062,,,,,,
2017-12-22,777.6256713867188,,,,,,
2017-12-26,829.5899047851562,,,,,,
2017-12-27,824.9913330078125,,,,,,
2017-12-28,823.61181640625,,,,,,
2017-12-29,816.7139892578125,,,,,,
2018-01-02,888.4521484375,,,,,,
2018-01-03,842.9258422851562,,,,,,
2018-01-04,856.7218627929688,,,,,,
2018-01-05,837.8675537109375,,,,,,
2018-01-08,800.1588134765625,,,,,,
2018-01-09,753.2529296875,,,,,,
2018-01-10,778.5453491210938,,,,,,
2018-01-11,797.399658203125,,,,,,
2018-01-12,864.9993896484375,,,,,,
2018-01-16,911.4453125,,,,,,
2018-01-17,865.9190673828125,,,,,,
2018-01-18,814.8743896484375,,,,,,
2018-01-19,824.5314331054688,,,,,,
2018-01-22,829.5899047851562,,,,,,
2018-01-23,867.298583984375,,,,,,
2018-01-24,917.8833618164062,,,,,,
2018-01-25,826.830810546875,,,,,,
2018-01-26,842.0062866210938,,,,,,
2018-01-29,755.09228515625,,,,,,
2018-01-30,725.6613159179688,,,,,,
2018-01-31,759.6910400390625,,,,,,
2018-02-01,755.09228515625,,,,,,
2018-02-02,665.4194946289062,,,,,,
2018-02-05,671.3975830078125,,,,,,
2018-02-06,618.0537109375,,,,,,
2018-02-07,600.5789794921875,,,,,,
2018-02-08,605.637451171875,,,,,,
2018-02-09,563.7899780273438,,,,,,
2018-02-12,622.1925048828125,,,,,,
2018-02-13,637.8276977539062,,,,,,
2018-02-14,727.960693359375,,,,,,
2018-02-15,731.6395263671875,,,,,,
2018-02-16,664.9595336914062,,,,,,
2018-02-20,609.776123046875,,,,,,
2018-02-21,607.0170288085938,,,,,,
2018-02-22,604.7177124023438,,,,,,
2018-02-23,626.3313598632812,,,,,,
2018-02-26,658.9813842773438,,,,,,
2018-02-27,602.4185791015625,,,,,,
2018-02-28,595.9803466796875,,,,,,
2018-03-01,621.7325439453125,,,,,,
2018-03-02,614.3749389648438,,,,,,
2018-03-05,617.1339721679688,,,,,,
2018-03-06,651.1638793945312,,,,,,
2018-03-07,607.9368896484375,,,,,,
2018-03-08,612.075439453125,,,,,,
2018-03-09,609.3162841796875,,,,,,
2018-03-12,622.1925048828125,,,,,,
2018-03-13,615.2944946289062,,,,,,
2018-03-14,615.2944946289062,,,,,,
2018-03-15,599.199462890625,,,,,,
2018-03-16,590.462158203125,,,,,,
2018-03-19,607.0170288085938,,,,,,
2018-03-20,589.0825805664062,,,,,,
2018-03-21,650.244140625,,,,,,
2018-03-22,624.9515380859375,,,,,,
2018-03-23,664.4996948242188,,,,,,
2018-03-26,675.9962158203125,,,,,,
2018-03-27,642.4264526367188,,,,,,
2018-03-28,601.0390014648438,,,,,,
2018-03-29,623.5720825195312,,,,,,
2018-04-02,643.34619140625,,,,,,
2018-04-03,614.834716796875,,,,,,
2018-04-04,609.776123046875,,,,,,
2018-04-05,618.513671875,,,,,,
2018-04-06,635.9883422851562,,,,,,
2018-04-09,634.1489868164062,,,,,,
2018-04-10,649.7840576171875,,,,,,
2018-04-11,694.8506469726562,,,,,,
2018-04-12,664.0398559570312,,,,,,
2018-04-13,699.44921875,,,,,,
2018-04-16,697.60986328125,,,,,,
2018-04-17,712.3253784179688,,,,,,
2018-04-18,727.960693359375,,,,,,
2018-04-19,737.1578369140625,,,,,,
2018-04-20,700.8287963867188,,,,,,
2018-04-23,658.5216064453125,,,,,,
2018-04-24,679.2152709960938,,,,,,
2018-04-25,655.302490234375,,,,,,
2018-04-26,664.9595336914062,,,,,,
2018-04-27,666.3392333984375,,,,,,
2018-04-30,636.4482421875,,,,,,
2018-05-01,647.02490234375,,,,,,
2018-05-02,669.55810546875,,,,,,
2018-05-03,691.1715698242188,,,,,,
2018-05-04,694.8506469726562,,,,,,
2018-05-07,683.8137817382812,,,,,,
2018-05-08,688.8723754882812,,,,,,
2018-05-09,686.1132202148438,,,,,,
2018-05-10,727.5007934570312,,,,,,
2018-05-11,712.3253784179688,,,,,,
2018-05-14,693.4710693359375,,,,,,
2018-05-15,649.7840576171875,,,,,,
2018-05-16,649.3242797851562,,,,,,
2018-05-17,648.8644409179688,,,,,,
2018-05-18,649.7840576171875,,,,,,
2018-05-21,663.1202392578125,,,,,,
2018-05-22,642.88623046875,,,,,,
2018-05-23,658.5216064453125,,,,,,
2018-05-24,684.2738037109375,,,,,,
2018-05-25,647.9447631835938,,,,,,
2018-05-29,635.5284423828125,,,,,,
2018-05-30,658.061767578125,,,,,,
2018-05-31,638.2876586914062,,,,,,
2018-06-01,641.9664916992188,,,,,,
2018-06-04,641.5065307617188,,,,,,
2018-06-05,649.3242797851562,,,,,,
2018-06-06,651.1638793945312,,,,,,
2018-06-07,648.4046630859375,,,,,,
2018-06-08,638.7474975585938,,,,,,
2018-06-11,650.244140625,,,,,,
2018-06-12,643.34619140625,,,,,,
2018-06-13,650.7039184570312,,,,,,
2018-06-14,660.82080078125,,,,,,
2018-06-15,634.608642578125,,,,,,
2018-06-18,634.608642578125,,,,,,
2018-06-19,621.2727661132812,,,,,,
2018-06-20,607.9368896484375,,,,,,
2018-06-21,614.834716796875,,,,,,
2018-06-22,636.4482421875,,,,,,
2018-06-25,621.2727661132812,,,,,,
2018-06-26,614.834716796875,,,,,,
2018-06-27,598.7394409179688,,,,,,
2018-06-28,601.0390014648438,,,,,,
2018-06-29,627.7108154296875,,,,,,
2018-07-02,608.8565063476562,,,,,,
2018-07-03,641.5065307617188,,,,,,
2018-07-05,660.82080078125,,,,,,
2018-07-06,671.3975830078125,,,,,,
2018-07-09,673.2371826171875,,,,,,
2018-07-10,667.2587280273438,,,,,,
2018-07-11,619.8931274414062,,,,,,
2018-07-12,626.791015625,,,,,,
2018-07-13,614.3749389648438,,,,,,
2018-07-16,602.8782348632812,,,,,,
2018-07-17,593.2212524414062,,,,,,
2018-07-18,600.5789794921875,,,,,,
2018-07-19,578.0458374023438,,,,,,
2018-07-20,588.1627197265625,,,,,,
2018-07-23,568.8486328125,,,,,,
2018-07-24,584.02392578125,,,,,,
2018-07-25,602.4185791015625,,,,,,
2018-07-26,577.5859985351562,,,,,,
2018-07-27,575.7463989257812,,,,,,
2018-07-30,565.6294555664062,,,,,,
2018-07-31,567.9288330078125,,,,,,
2018-08-01,557.3519897460938,,,,,,
2018-08-02,540.3373413085938,,,,,,
2018-08-03,551.3737182617188,,,,,,
2018-08-06,532.9793701171875,,,,,,
2018-08-07,514.5848388671875,,,,,,
2018-08-08,517.8038940429688,,,,,,
2018-08-09,515.9645385742188,,,,,,
2018-08-10,506.3074645996094,,,,,,
2018-08-13,455.2627868652344,,,,,,
2018-08-14,444.22607421875,,,,,,
2018-08-15,365.58978271484375,,,,,,
2018-08-16,332.9396057128906,,,,,,
2018-08-17,359.6116027832031,,,,,,
2018-08-20,372.4877014160156,,,,,,
2018-08-21,378.9258117675781,,,,,,
2018-08-22,382.1448974609375,,,,,,
2018-08-23,345.81573486328125,,,,,,
2018-08-24,384.4441528320313,,,,,,
2018-08-27,406.9773254394531,,,,,,
2018-08-28,382.1448974609375,,,,,,
2018-08-29,380.305419921875,,,,,,
2018-08-30,363.7503967285156,,,,,,
2018-08-31,359.1517639160156,,,,,,
2018-09-04,340.2974548339844,,,,,,
2018-09-05,329.7205810546875,,,,,,
2018-09-06,326.50164794921875,,,,,,
2018-09-07,327.8812255859375,,,,,,
2018-09-10,315.9248046875,,,,,,
2018-09-11,313.1656799316406,,,,,,
2018-09-12,345.81573486328125,,,,,,
2018-09-13,337.99810791015625,,,,,,
2018-09-14,324.6621398925781,,,,,,
2018-09-17,348.574951171875,,,,,,
2018-09-18,344.89605712890625,,,,,,
2018-09-19,373.8673706054688,,,,,,
2018-09-20,389.0427856445313,,,,,,
2018-09-21,372.9476623535156,,,,,,
2018-09-24,363.7503967285156,,,,,,
2018-09-25,366.0496520996094,,,,,,
2018-09-26,350.4143981933594,,,,,,
2018-09-27,326.041748046875,,,,,,
2018-09-28,340.2974548339844,,,,,,
2018-10-01,342.13690185546875,,,,,,
2018-10-02,366.9693603515625,,,,,,
2018-10-03,353.6334228515625,,,,,,
2018-10-04,356.8524475097656,,,,,,
2018-10-05,350.87420654296875,,,,,,
2018-10-08,358.69195556640625,,,,,,
2018-10-09,339.377685546875,,,,,,
2018-10-10,346.275634765625,,,,,,
2018-10-11,411.5758972167969,,,,,,
2018-10-12,409.2766723632813,,,,,,
2018-10-15,431.3500061035156,,,,,,
2018-10-16,429.9703674316406,,,,,,
2018-10-17,416.1746215820313,,,,,,
2018-10-18,412.0357971191406,,,,,,
2018-10-19,420.773193359375,,,,,,
2018-10-22,409.2766723632813,,,,,,
2018-10-23,423.5323791503906,,,,,,
2018-10-24,411.1161804199219,,,,,,
2018-10-25,371.5680236816406,,,,,,
2018-10-26,364.2102355957031,,,,,,
2018-10-29,350.4143981933594,,,,,,
2018-10-30,353.6334228515625,,,,,,
2018-10-31,329.7205810546875,,,,,,
2018-11-01,356.8524475097656,,,,,,
2018-11-02,355.472900390625,,,,,,
2018-11-05,362.3707885742188,,,,,,
2018-11-06,349.49468994140625,,,,,,
2018-11-07,341.677001953125,,,,,,
2018-11-08,337.078369140625,,,,,,
2018-11-09,320.5233764648437,,,,,,
2018-11-12,299.8296203613281,,,,,,
2018-11-13,286.49365234375,,,,,,
2018-11-14,300.74932861328125,,,,,,
2018-11-15,318.22412109375,,,,,,
2018-11-16,331.1002502441406,,,,,,
2018-11-19,334.779052734375,,,,,,
2018-11-20,326.041748046875,,,,,,
2018-11-21,349.9544677734375,,,,,,
2018-11-23,322.36279296875,,,,,,
2018-11-26,311.7860412597656,,,,,,
2018-11-27,294.3113098144531,,,,,,
2018-11-28,316.3847045898437,,,,,,
2018-11-29,303.5085144042969,,,,,,
2018-11-30,296.6106262207031,,,,,,
2018-12-03,310.86627197265625,,,,,,
2018-12-04,312.70574951171875,,,,,,
2018-12-06,315.9248046875,,,,,,
2018-12-07,343.5164794921875,,,,,,
2018-12-10,334.779052734375,,,,,,
2018-12-11,341.2172241210937,,,,,,
2018-12-12,356.392578125,,,,,,
2018-12-13,354.55322265625,,,,,,
2018-12-14,333.8594055175781,,,,,,
2018-12-17,367.88909912109375,,,,,,
2018-12-18,395.0209655761719,,,,,,
2018-12-19,342.13690185546875,,,,,,
2018-12-20,380.305419921875,,,,,,
2018-12-21,376.1666564941406,,,,,,
2018-12-24,409.2766723632813,,,,,,
2018-12-26,387.2033386230469,,,,,,
2018-12-27,403.0779418945313,,,,,,
2018-12-28,393.4151611328125,,,,,,
2018-12-31,423.7839965820313,,,,,,
2019-01-02,427.4650573730469,,,,,,
2019-01-03,473.938720703125,,,,,,
2019-01-04,465.65625,,,,,,
2019-01-07,448.1711730957031,,,,,,
2019-01-08,457.373779296875,,,,,,
2019-01-09,471.1778869628906,,,,,,
2019-01-10,442.64947509765625,,,,,,
2019-01-11,440.8089904785156,,,,,,
2019-01-14,437.1278991699219,,,,,,
2019-01-15,414.5813598632813,,,,,,
2019-01-16,416.4219055175781,,,,,,
2019-01-17,421.0231628417969,,,,,,
2019-01-18,382.3719177246094,,,,,,
2019-01-22,388.8137817382813,,,,,,
2019-01-23,394.33538818359375,,,,,,
2019-01-24,390.1941528320313,,,,,,
2019-01-25,429.3056640625,,,,,,
2019-01-28,458.7542419433594,,,,,,
2019-01-29,486.8224792480469,,,,,,
2019-01-30,502.9270935058594,,,,,,
2019-01-31,534.6765747070312,,,,,,
2019-02-01,529.15478515625,,,,,,
2019-02-04,510.7493286132813,,,,,,
2019-02-05,524.0934448242188,,,,,,
2019-02-06,491.8839721679688,,,,,,
2019-02-07,469.33734130859375,,,,,,
2019-02-08,500.6265563964844,,,,,,
2019-02-11,479.4602355957031,,,,,,
2019-02-12,483.6016540527344,,,,,,
2019-02-13,480.3805236816406,,,,,,
2019-02-14,498.7859497070313,,,,,,
2019-02-15,528.234619140625,,,,,,
2019-02-19,593.5737915039062,,,,,,
2019-02-20,599.0952758789062,,,,,,
2019-02-21,563.2047729492188,,,,,,
2019-02-22,568.7265014648438,,,,,,
2019-02-25,538.3576049804688,,,,,,
2019-02-26,549.86083984375,,,,,,
2019-02-27,515.3507690429688,,,,,,
2019-02-28,497.4056396484375,,,,,,
2019-03-01,453.2326049804688,,,,,,
2019-03-04,451.3921203613281,,,,,,
2019-03-05,452.3123474121094,,,,,,
2019-03-06,419.1826477050781,,,,,,
2019-03-07,431.1461486816406,,,,,,
2019-03-08,484.9819030761719,,,,,,
2019-03-11,473.4785461425781,,,,,,
2019-03-12,500.1664733886719,,,,,,
2019-03-13,516.2711181640625,,,,,,
2019-03-14,474.8589172363281,,,,,,
2019-03-15,483.6016540527344,,,,,,
2019-03-18,470.2575988769531,,,,,,
2019-03-19,478.7607116699219,,,,,,
2019-03-20,516.1929321289062,,,,,,
2019-03-21,518.50341796875,,,,,,
2019-03-22,499.5563659667969,,,,,,
2019-03-25,533.75341796875,,,,,,
2019-03-26,533.75341796875,,,,,,
2019-03-27,506.48822021484375,,,,,,
2019-03-28,452.88177490234375,,,,,,
2019-03-29,453.3439331054688,,,,,,
2019-04-01,415.9118347167969,,,,,,
2019-04-02,418.2224731445313,,,,,,
2019-04-03,423.7678833007813,,,,,,
2019-04-04,449.1847534179688,,,,,,
2019-04-05,451.03326416015625,,,,,,
2019-04-08,472.7531127929688,,,,,,
2019-04-09,481.0712890625,,,,,,
2019-04-10,463.0485229492188,,,,,,
2019-04-11,430.6997680664063,,,,,,
2019-04-12,422.8436279296875,,,,,,
2019-04-15,415.44970703125,,,,,,
2019-04-16,389.57073974609375,,,,,,
2019-04-17,384.9494323730469,,,,,,
2019-04-18,361.84326171875,,,,,,
2019-04-22,339.19921875,,,,,,
2019-04-23,332.7295227050781,,,,,,
2019-04-24,350.2901916503906,,,,,,
2019-04-25,345.6689758300781,,,,,,
2019-04-26,377.5554809570313,,,,,,
2019-04-29,349.3659362792969,,,,,,
2019-04-30,349.3659362792969,,,,,,
2019-05-01,329.0324401855469,,,,,,
2019-05-02,309.62322998046875,,,,,,
2019-05-03,316.0929260253906,,,,,,
2019-05-06,317.94146728515625,,,,,,
2019-05-07,338.7370910644531,,,,,,
2019-05-08,323.0248413085937,,,,,,
2019-05-09,319.32781982421875,,,,,,
2019-05-10,313.7823181152344,,,,,,
2019-05-13,341.5097045898437,,,,,,
2019-05-14,335.04010009765625,,,,,,
2019-05-15,332.7295227050781,,,,,,
2019-05-16,317.94146728515625,,,,,,
2019-05-17,322.1005859375,,,,,,
2019-05-20,315.6308288574219,,,,,,
2019-05-21,316.5550537109375,,,,,,
2019-05-22,296.6838073730469,,,,,,
2019-05-23,301.3049621582031,,,,,,
2019-05-24,304.5399169921875,,,,,,
2019-05-28,298.994384765625,,,,,,
2019-05-29,297.1459045410156,,,,,,
2019-05-30,314.2445068359375,,,,,,
2019-05-31,348.9037170410156,,,,,,
2019-06-03,400.1996154785156,,,,,,
2019-06-04,402.048095703125,,,,,,
2019-06-05,390.9571533203125,,,,,,
2019-06-06,398.8132019042969,,,,,,
2019-06-07,393.2677917480469,,,,,,
2019-06-10,362.7675476074219,,,,,,
2019-06-11,374.7827758789063,,,,,,
2019-06-12,396.0404357910156,,,,,,
2019-06-13,413.6011657714844,,,,,,
2019-06-14,414.987548828125,,,,,,
2019-06-17,418.2224731445313,,,,,,
2019-06-18,431.1618957519531,,,,,,
2019-06-19,449.1847534179688,,,,,,
2019-06-20,524.97314453125,,,,,,
2019-06-21,532.8291625976562,,,,,,
2019-06-24,586.8976440429688,,,,,,
2019-06-25,555.0111694335938,,,,,,
2019-06-26,552.2384643554688,,,,,,
2019-06-27,543.9202270507812,,,,,,
2019-06-28,554.0869140625,,,,,,
2019-07-01,476.9121398925781,,,,,,
2019-07-02,546.0460205078125,,,,,,
2019-07-03,545.1217651367188,,,,,,
2019-07-05,530.6109619140625,,,,,,
2019-07-08,517.6715698242188,,,,,,
2019-07-09,545.4913940429688,,,,,,
2019-07-10,590.779541015625,,,,,,
2019-07-11,561.75830078125,,,,,,
2019-07-12,583.2931518554688,,,,,,
2019-07-15,596.1403198242188,,,,,,
2019-07-16,596.6024169921875,,,,,,
2019-07-17,676.6425170898438,,,,,,
2019-07-18,796.239990234375,,,,,,
2019-07-19,771.3778076171875,,,,,,
2019-07-22,791.7112426757812,,,,,,
2019-07-23,753.6321411132812,,,,,,
2019-07-24,794.1142578125,,,,,,
2019-07-25,715.1834716796875,,,,,,
2019-07-26,713.1502075195312,,,,,,
2019-07-29,753.6321411132812,,,,,,
2019-07-30,777.4776611328125,,,,,,
2019-07-31,650.1163940429688,,,,,,
2019-08-01,749.1034545898438,,,,,,
2019-08-02,742.910888671875,,,,,,
2019-08-05,837.2767333984375,,,,,,
2019-08-06,830.16015625,,,,,,
2019-08-07,882.6573486328125,,,,,,
2019-08-08,929.4242553710938,,,,,,
2019-08-09,881.9179077148438,,,,,,
2019-08-12,829.1432495117188,,,,,,
2019-08-13,773.9657592773438,,,,,,
2019-08-14,755.5731201171875,,,,,,
2019-08-15,791.3416137695312,,,,,,
2019-08-16,721.7457275390625,,,,,,
2019-08-19,687.9180908203125,,,,,,
2019-08-20,761.5807495117188,,,,,,
2019-08-21,743.4654541015625,,,,,,
2019-08-22,712.2257690429688,,,,,,
2019-08-23,822.9508666992188,,,,,,
2019-08-26,823.8751220703125,,,,,,
2019-08-27,892.4542236328125,,,,,,
2019-08-28,878.0360717773438,,,,,,
2019-08-29,805.0205078125,,,,,,
2019-08-30,809.6416625976562,,,,,,
2019-09-03,862.8783569335938,,,,,,
2019-09-04,907.5195922851562,,,,,,
2019-09-05,755.6656494140625,,,,,,
2019-09-06,693.3711547851562,,,,,,
2019-09-09,635.8829345703125,,,,,,
2019-09-10,619.8934936523438,,,,,,
2019-09-11,626.6405029296875,,,,,,
2019-09-12,592.9054565429688,,,,,,
2019-09-13,542.6262817382812,,,,,,
2019-09-16,591.981201171875,,,,,,
2019-09-17,636.8071899414062,,,,,,
2019-09-18,578.3946533203125,,,,,,
2019-09-19,625.9010620117188,,,,,,
2019-09-20,677.7513427734375,,,,,,
2019-09-23,727.7532958984375,,,,,,
2019-09-24,757.4183349609375,,,,,,
2019-09-25,656.2811279296875,,,,,,
2019-09-26,624.8839721679688,,,,,,
2019-09-27,592.8386840820312,,,,,,
2019-09-30,529.211181640625,,,,,,
2019-10-01,556.3478393554688,,,,,,
2019-10-02,584.5031127929688,,,,,,
2019-10-03,577.0013427734375,,,,,,
2019-10-04,615.1593017578125,,,,,,
2019-10-07,590.0601806640625,,,,,,
2019-10-08,637.2020874023438,,,,,,
2019-10-09,605.2493286132812,,,,,,
2019-10-10,615.9002685546875,,,,,,
2019-10-11,556.6256103515625,,,,,,
2019-10-14,554.2174682617188,,,,,,
2019-10-15,497.90667724609375,,,,,,
2019-10-16,533.00830078125,,,,,,
2019-10-17,561.9973754882812,,,,,,
2019-10-18,554.40283203125,,,,,,
2019-10-21,515.5038452148438,,,,,,
2019-10-22,516.3373413085938,,,,,,
2019-10-23,534.3050537109375,,,,,,
2019-10-24,573.6671142578125,,,,,,
2019-10-25,596.358154296875,,,,,,
2019-10-28,557.6444702148438,,,,,,
2019-10-29,574.7783203125,,,,,,
2019-10-30,597.4695434570312,,,,,,
2019-10-31,643.1295166015625,,,,,,
2019-11-01,651.001953125,,,,,,
2019-11-04,623.7726440429688,,,,,,
2019-11-05,574.2227783203125,,,,,,
2019-11-06,597.0989990234375,,,,,,
2019-11-07,528.8406372070312,,,,,,
2019-11-08,509.2985229492188,,,,,,
2019-11-11,507.6315307617188,,,,,,
2019-11-12,533.1936645507812,,,,,,
2019-11-13,538.5653686523438,,,,,,
2019-11-14,560.0524291992188,,,,,,
2019-11-15,540.2325439453125,,,,,,
2019-11-18,561.6268920898438,,,,,,
2019-11-19,553.9397583007812,,,,,,
2019-11-20,564.498046875,,,,,,
2019-11-21,522.0797119140625,,,,,,
2019-11-22,517.1709594726562,,,,,,
2019-11-25,501.796630859375,,,,,,
2019-11-26,544.8631591796875,,,,,,
2019-11-27,535.8795166015625,,,,,,
2019-11-29,576.0751342773438,,,,,,
2019-12-02,581.4468994140625,,,,,,
2019-12-03,638.220703125,,,,,,
2019-12-04,624.0504150390625,,,,,,
2019-12-05,630.5335083007812,,,,,,
2019-12-06,568.2028198242188,,,,,,
2019-12-09,571.9072875976562,,,,,,
2019-12-10,576.8161010742188,,,,,,
2019-12-11,627.755126953125,,,,,,
2019-12-12,622.568603515625,,,,,,
2019-12-13,624.4208984375,,,,,,
2019-12-16,600.433349609375,,,,,,
2019-12-17,589.8751220703125,,,,,,
2019-12-18,600.1553344726562,,,,,,
2019-12-19,605.71240234375,,,,,,
2019-12-20,579.5946044921875,,,,,,
2019-12-23,639.7027587890625,,,,,,
2019-12-24,711.8509521484375,,,,,,
2019-12-26,755.3807983398438,,,,,,
2019-12-27,723.61328125,,,,,,
2019-12-30,776.4974365234375,,,,,,
2019-12-31,773.070556640625,,,,,,
2020-01-02,778.9978637695312,,,,,,
2020-01-03,754.0841674804688,,,,,,
2020-01-06,756.0291748046875,,,,,,
2020-01-07,792.2421875,,,,,,
2020-01-08,692.0310668945312,,,,,,
2020-01-09,661.1898193359375,,,,,,
2020-01-10,690.364013671875,,,,,,
2020-01-13,630.5335083007812,,,,,,
2020-01-14,673.4151000976562,,,,,,
2020-01-15,708.88720703125,,,,,,
2020-01-16,691.9384155273438,,,,,,
2020-01-17,686.1962280273438,,,,,,
2020-01-21,715.83349609375,,,,,,
2020-01-22,719.1678466796875,,,,,,
2020-01-23,689.9935302734375,,,,,,
2020-01-24,726.5770263671875,,,,,,
2020-01-27,703.7008666992188,,,,,,
2020-01-28,652.1132202148438,,,,,,
2020-01-29,693.1425170898438,,,,,,
2020-01-30,694.5317993164062,,,,,,
2020-01-31,708.516845703125,,,,,,
2020-02-03,673.0445556640625,,,,,,
2020-02-04,653.9656372070312,,,,,,
2020-02-05,654.2434692382812,,,,,,
2020-02-06,679.5277709960938,,,,,,
2020-02-07,646.6490478515625,,,,,,
2020-02-10,674.4337158203125,,,,,,
2020-02-11,672.2109985351562,,,,,,
2020-02-12,658.0407104492188,,,,,,
2020-02-13,681.2874145507812,,,,,,
2020-02-14,678.3237915039062,,,,,,
2020-02-18,761.3082275390625,,,,,,
2020-02-19,836.235107421875,,,,,,
2020-02-20,818.360107421875,,,,,,
2020-02-21,884.7661743164062,,,,,,
2020-02-24,884.8588256835938,,,,,,
2020-02-25,754.917724609375,,,,,,
2020-02-26,752.695068359375,,,,,,
2020-02-27,605.3419189453125,,,,,,
2020-02-28,432.8899536132813,,,,,,
2020-03-02,502.6301879882813,,,,,,
2020-03-03,566.8135986328125,,,,,,
2020-03-04,585.2442016601562,,,,,,
2020-03-05,619.6048583984375,,,,,,
2020-03-06,583.2064819335938,,,,,,
2020-03-09,455.7661743164063,,,,,,
2020-03-10,459.8412780761719,,,,,,
2020-03-11,319.15673828125,,,,,,
2020-03-12,122.43910217285156,,,,,,
2020-03-13,41.399600982666016,,,,,,
2020-03-16,75.94558715820312,,,,,,
2020-03-17,120.40154266357422,,,,,,
2020-03-18,47.04921340942383,,,,,,
2020-03-19,38.34326934814453,,,,,,
2020-03-20,30.74869728088379,,,,,,
2020-03-23,37.139251708984375,,,,,,
2020-03-24,52.20674514770508,,,,,,
2020-03-25,58.61647033691406,,,,,,
2020-03-26,54.71490097045898,,,,,,
2020-03-27,42.82438659667969,,,,,,
2020-03-30,39.48019027709961,,,,,,
2020-03-31,36.87913513183594,,,,,,
2020-04-01,39.01572036743164,,,,,,
2020-04-02,41.98834609985352,,,,,,
2020-04-03,40.13045501708984,,,,,,
2020-04-06,46.9117546081543,,,,,,
2020-04-07,45.70412826538086,,,,,,
2020-04-08,47.65491485595703,,,,,,
2020-04-09,56.57279586791992,,,,,,
2020-04-13,65.67645263671875,,,,,,
2020-04-14,65.95513916015625,,,,,,
2020-04-15,62.61093521118164,,,,,,
2020-04-16,64.28303527832031,,,,,,
2020-04-17,58.52357864379883,,,,,,
2020-04-20,63.632774353027344,,,,,,
2020-04-21,61.3104133605957,,,,,,
2020-04-22,69.67091369628906,,,,,,
2020-04-23,74.01839447021484,,,,,,
2020-04-24,75.9970474243164,,,,,,
2020-04-27,76.63801574707031,,,,,,
2020-04-28,76.31288146972656,,,,,,
2020-04-29,80.57674407958984,,,,,,
2020-04-30,71.11079406738281,,,,,,
2020-05-01,74.30635833740234,,,,,,
2020-05-04,76.86095428466797,,,,,,
2020-05-05,79.0068359375,,,,,,
2020-05-06,74.28777313232422,,,,,,
2020-05-07,81.32919311523438,,,,,,
2020-05-08,80.52100372314453,,,,,,
2020-05-11,76.33145141601562,,,,,,
2020-05-12,77.19538116455078,,,,,,
2020-05-13,77.28829193115234,,,,,,
2020-05-14,80.92045593261719,,,,,,
2020-05-15,90.91592407226562,,,,,,
2020-05-18,90.84159088134766,,,,,,
2020-05-19,99.48078155517578,,,,,,
2020-05-20,99.30428314208984,,,,,,
2020-05-21,93.88854217529295,,,,,,
2020-05-22,93.12679290771484,,,,,,
2020-05-26,86.39192962646484,,,,,,
2020-05-27,86.53130340576172,,,,,,
2020-05-28,86.62417602539062,,,,,,
2020-05-29,90.64651489257812,,,,,,
2020-06-01,98.08737182617188,,,,,,
2020-06-02,90.56290435791016,,,,,,
2020-06-03,84.61766815185547,,,,,,
2020-06-04,87.62744903564453,,,,,,
2020-06-05,84.01384735107422,,,,,,
2020-06-08,86.47554016113281,,,,,,
2020-06-09,85.24005126953125,,,,,,
2020-06-10,93.95355224609376,,,,,,
2020-06-11,82.04448699951172,,,,,,
2020-06-12,81.45924377441406,,,,,,
2020-06-15,85.50945281982422,,,,,,
2020-06-16,79.90790557861328,,,,,,
2020-06-17,81.63574981689453,,,,,,
2020-06-18,78.75601959228516,,,,,,
2020-06-19,84.1346206665039,,,,,,
2020-06-22,92.41152954101562,,,,,,
2020-06-23,96.6103286743164,,,,,,
2020-06-24,91.20388793945312,,,,,,
2020-06-25,92.43009185791016,,,,,,
2020-06-26,94.08361053466795,,,,,,
2020-06-29,96.28522491455078,,,,,,
2020-06-30,102.49056243896484,,,,,,
2020-07-01,102.54631042480467,,,,,,
2020-07-02,101.25507354736328,,,,,,
2020-07-06,106.0577163696289,,,,,,
2020-07-07,111.4177474975586,,,,,,
2020-07-08,119.8061065673828,,,,,,
2020-07-09,118.91433715820312,,,,,,
2020-07-10,117.51162719726562,,,,,,
2020-07-13,110.15436553955078,,,,,,
2020-07-14,118.57990264892578,,,,,,
2020-07-15,120.8465347290039,,,,,,
2020-07-16,115.37503051757812,,,,,,
2020-07-17,124.38580322265624,,,,,,
2020-07-20,132.374755859375,,,,,,
2020-07-21,139.03529357910156,,,,,,
2020-07-22,146.95916748046875,,,,,,
2020-07-23,138.3850555419922,,,,,,
2020-07-24,144.3953094482422,,,,,,
2020-07-27,160.7819061279297,,,,,,
2020-07-28,157.5491943359375,,,,,,
2020-07-29,156.52734375,,,,,,
2020-07-30,142.8904571533203,,,,,,
2020-07-31,150.34059143066406,,,,,,
2020-08-03,148.8914031982422,,,,,,
2020-08-04,162.89991760253906,,,,,,
2020-08-05,167.8511962890625,,,,,,
2020-08-06,165.90969848632812,,,,,,
2020-08-07,152.412109375,,,,,,
2020-08-10,150.4148712158203,,,,,,
2020-08-11,123.754150390625,,,,,,
2020-08-12,126.10438537597656,,,,,,
2020-08-13,136.03480529785156,,,,,,
2020-08-14,135.76539611816406,,,,,,
2020-08-17,151.29737854003906,,,,,,
2020-08-18,148.2133026123047,,,,,,
2020-08-19,134.71572875976562,,,,,,
2020-08-20,138.81234741210938,,,,,,
2020-08-21,131.13926696777344,,,,,,
2020-08-24,130.52613830566406,,,,,,
2020-08-25,129.58795166015625,,,,,,
2020-08-26,136.68507385253906,,,,,,
2020-08-27,131.9102783203125,,,,,,
2020-08-28,141.88714599609375,,,,,,
2020-08-31,144.35813903808594,,,,,,
2020-09-01,140.18716430664062,,,,,,
2020-09-02,138.95167541503906,,,,,,
2020-09-03,137.4746551513672,,,,,,
2020-09-04,135.6074981689453,,,,,,
2020-09-08,130.6561737060547,,,,,,
2020-09-09,141.72926330566406,,,,,,
2020-09-10,138.47792053222656,,,,,,
2020-09-11,134.50204467773438,,,,,,
2020-09-14,148.5384063720703,,,,,,
2020-09-15,148.93783569335938,,,,,,
2020-09-16,150.79574584960938,,,,,,
2020-09-17,147.6466064453125,,,,,,
2020-09-18,145.5100555419922,,,,,,
2020-09-21,130.45181274414062,,,,,,
2020-09-22,130.2660369873047,,,,,,
2020-09-23,110.55382537841795,,,,,,
2020-09-24,117.13074493408205,,,,,,
2020-09-25,115.17069244384766,,,,,,
2020-09-28,119.18373107910156,,,,,,
2020-09-29,122.58367156982422,,,,,,
2020-09-30,119.83397674560548,,,,,,
2020-10-01,123.51263427734376,,,,,,
2020-10-02,120.11267852783205,,,,,,
2020-10-05,124.44157409667967,,,,,,
2020-10-06,116.45263671875,,,,,,
2020-10-07,119.4159698486328,,,,,,
2020-10-08,124.34864044189452,,,,,,
2020-10-09,137.25172424316406,,,,,,
2020-10-12,136.4156951904297,,,,,,
2020-10-13,131.9752960205078,,,,,,
2020-10-14,136.65719604492188,,,,,,
2020-10-15,133.50808715820312,,,,,,
2020-10-16,129.10487365722656,,,,,,
2020-10-19,124.8410186767578,,,,,,
2020-10-20,127.55353546142578,,,,,,
2020-10-21,130.86985778808594,,,,,,
2020-10-22,126.52237701416016,,,,,,
2020-10-23,123.5497817993164,,,,,,
2020-10-26,118.7842788696289,,,,,,
2020-10-27,122.34215545654295,,,,,,
2020-10-28,104.19054412841795,,,,,,
2020-10-29,106.48502349853516,,,,,,
2020-10-30,109.19757080078124,,,,,,
2020-11-02,115.2542724609375,,,,,,
2020-11-03,119.19303131103516,,,,,,
2020-11-04,112.9133529663086,,,,,,
2020-11-05,134.09329223632812,,,,,,
2020-11-06,134.79930114746094,,,,,,
2020-11-09,119.1186981201172,,,,,,
2020-11-10,110.5630874633789,,,,,,
2020-11-11,105.85334014892578,,,,,,
2020-11-12,107.98065185546876,,,,,,
2020-11-13,112.41171264648438,,,,,,
2020-11-16,111.06475067138672,,,,,,
2020-11-17,106.6429672241211,,,,,,
2020-11-18,100.87420654296876,,,,,,
2020-11-19,100.1589126586914,,,,,,
2020-11-20,101.36656188964844,,,,,,
2020-11-23,92.66231536865234,,,,,,
2020-11-24,87.20941925048828,,,,,,
2020-11-25,90.48860168457033,,,,,,
2020-11-27,92.47654724121094,,,,,,
2020-11-30,93.90711975097656,,,,,,
2020-12-01,103.48456573486328,,,,,,
2020-12-02,103.75393676757812,,,,,,
2020-12-03,102.07254791259766,,,,,,
2020-12-04,99.9731216430664,,,,,,
2020-12-07,107.20963287353516,,,,,,
2020-12-08,105.416748046875,,,,,,
2020-12-09,99.07205200195312,,,,,,
2020-12-10,98.91413879394533,,,,,,
2020-12-11,97.25132751464844,,,,,,
2020-12-14,92.72736358642578,,,,,,
2020-12-15,99.8709716796875,,,,,,
2020-12-16,104.99871826171876,,,,,,
2020-12-17,114.48326110839844,,,,,,
2020-12-18,109.91283416748048,,,,,,
2020-12-21,112.04942321777344,,,,,,
2020-12-22,102.65778350830078,,,,,,
2020-12-23,108.29649353027344,,,,,,
2020-12-24,108.52872467041016,,,,,,
2020-12-28,108.03636932373048,,,,,,
2020-12-29,107.26534271240234,,,,,,
2020-12-30,114.06523895263672,,,,,,
2020-12-31,111.99369049072266,,,,,,
2021-01-04,127.38630676269533,,,,,,
2021-01-05,128.09231567382812,,,,,,
2021-01-06,126.59671783447266,,,,,,
2021-01-07,123.25250244140624,,,,,,
2021-01-08,108.96531677246094,,,,,,
2021-01-11,103.94901275634766,,,,,,
2021-01-12,104.85938262939452,,,,,,
2021-01-13,101.5151824951172,,,,,,
2021-01-14,101.56163787841795,,,,,,
2021-01-15,91.69623565673828,,,,,,
2021-01-19,94.11148071289062,,,,,,
2021-01-20,101.37582397460938,,,,,,
2021-01-21,98.97917938232422,,,,,,
2021-01-22,94.99398040771484,,,,,,
2021-01-25,93.48908996582033,,,,,,
2021-01-26,93.7863540649414,,,,,,
2021-01-27,86.48483276367188,,,,,,
2021-01-28,93.8792495727539,,,,,,
2021-01-29,93.43335723876952,,,,,,
2021-02-01,104.14409637451172,,,,,,
2021-02-02,93.62844848632812,,,,,,
2021-02-03,94.39015197753906,,,,,,
2021-02-04,90.6372299194336,,,,,,
2021-02-05,93.9814224243164,,,,,,
2021-02-08,96.70323181152344,,,,,,
2021-02-09,95.97866821289062,,,,,,
2021-02-10,96.27591705322266,,,,,,
2021-02-11,92.9502944946289,,,,,,
2021-02-12,93.68417358398438,,,,,,
2021-02-16,89.84764099121094,,,,,,
2021-02-17,85.8717269897461,,,,,,
2021-02-18,82.6761703491211,,,,,,
2021-02-19,83.48434448242188,,,,,,
2021-02-22,93.00603485107422,,,,,,
2021-02-23,89.62467956542969,,,,,,
2021-02-24,92.53227996826172,,,,,,
2021-02-25,82.96412658691406,,,,,,
2021-02-26,76.63801574707031,,,,,,
2021-03-01,74.02769470214844,,,,,,
2021-03-02,78.9975357055664,,,,,,
2021-03-03,75.01235961914062,,,,,,
2021-03-04,74.1577377319336,,,,,,
2021-03-05,75.81126403808594,,,,,,
2021-03-08,72.93152618408203,,,,,,
2021-03-09,78.24508666992188,,,,,,
2021-03-10,78.49591064453125,,,,,,
2021-03-11,80.77183532714844,,,,,,
2021-03-12,81.04121398925781,,,,,,
2021-03-15,83.8930892944336,,,,,,
2021-03-16,82.4903793334961,,,,,,
2021-03-17,86.23402404785156,,,,,,
2021-03-18,83.14064025878906,,,,,,
2021-03-19,85.58374786376953,,,,,,
2021-03-22,82.8433837890625,,,,,,
2021-03-23,76.13526153564453,,,,,,
2021-03-24,74.07453918457031,,,,,,
2021-03-25,74.1771011352539,,,,,,
2021-03-26,76.29376983642578,,,,,,
2021-03-29,75.10955810546875,,,,,,
2021-03-30,68.5636978149414,,,,,,
2021-03-31,72.89964294433594,,,,,,
2021-04-01,78.45709228515625,,,,,,
2021-04-05,78.5689697265625,,,,,,
2021-04-06,82.44801330566406,,,,,,
2021-04-07,80.31268310546875,,,,,,
2021-04-08,85.61837005615234,,,,,,
2021-04-09,85.04023742675781,,,,,,
2021-04-12,80.6670150756836,,,,,,
2021-04-13,84.1264419555664,,,,,,
2021-04-14,81.98178100585938,,,,,,
2021-04-15,88.611572265625,,,,,,
2021-04-16,90.58837127685548,,,,,,
2021-04-19,87.34342193603516,,,,,,
2021-04-20,88.98455047607422,,,,,,
2021-04-21,93.26451110839844,,,,,,
2021-04-22,89.25495147705078,,,,,,
2021-04-23,88.1733169555664,,,,,,
2021-04-26,88.34114837646484,,,,,,
2021-04-27,85.35729217529297,,,,,,
2021-04-28,86.8492202758789,,,,,,
2021-04-29,83.15669250488281,,,,,,
2021-04-30,80.37796020507812,,,,,,
2021-05-03,87.18490600585938,,,,,,
2021-05-04,83.83738708496094,,,,,,
2021-05-05,84.3036117553711,,,,,,
2021-05-06,89.92633819580078,,,,,,
2021-05-07,94.0011749267578,,,,,,
2021-05-10,91.88449096679688,,,,,,
2021-05-11,94.1130599975586,,,,,,
2021-05-12,89.15238189697266,,,,,,
2021-05-13,86.85855102539062,,,,,,
2021-05-14,92.15489196777344,,,,,,
2021-05-17,101.82450103759766,,,,,,
2021-05-18,102.15087127685548,,,,,,
2021-05-19,99.6425552368164,,,,,,
2021-05-20,102.8781967163086,,,,,,
2021-05-21,102.38397216796876,,,,,,
2021-05-24,104.07171630859376,,,,,,
2021-05-25,104.61255645751952,,,,,,
2021-05-26,103.7174072265625,,,,,,
2021-05-27,103.36307525634766,,,,,,
2021-05-28,105.46109771728516,,,,,,
2021-06-01,106.21639251708984,,,,,,
2021-06-02,107.19546508789062,,,,,,
2021-06-03,97.92682647705078,,,,,,
2021-06-04,101.07853698730467,,,,,,
2021-06-07,101.07853698730467,,,,,,
2021-06-08,98.48629760742188,,,,,,
2021-06-09,97.39531707763672,,,,,,
2021-06-10,103.15792083740234,,,,,,
2021-06-11,99.35350036621094,,,,,,
2021-06-14,98.635498046875,,,,,,
2021-06-15,95.93135833740234,,,,,,
2021-06-16,92.17354583740234,,,,,,
2021-06-17,83.2406005859375,,,,,,
2021-06-18,79.3895492553711,,,,,,
2021-06-21,81.50623321533203,,,,,,
2021-06-22,80.28470611572266,,,,,,
2021-06-23,78.8580322265625,,,,,,
2021-06-24,79.89307403564453,,,,,,
2021-06-25,78.67156219482422,,,,,,
2021-06-28,75.36134338378906,,,,,,
2021-06-29,73.45909881591797,,,,,,
2021-06-30,76.06066131591797,,,,,,
2021-07-01,76.00471496582031,,,,,,
2021-07-02,78.3265380859375,,,,,,
2021-07-06,77.24488067626953,,,,,,
2021-07-07,76.55487823486328,,,,,,
2021-07-08,72.3028564453125,,,,,,
2021-07-09,75.65970611572266,,,,,,
2021-07-12,72.34017181396484,,,,,,
2021-07-13,73.14207458496094,,,,,,
2021-07-14,75.69700622558594,,,,,,
2021-07-15,75.9114761352539,,,,,,
2021-07-16,70.07427978515625,,,,,,
2021-07-19,65.29076385498047,,,,,,
2021-07-20,65.53321075439453,,,,,,
2021-07-21,68.31193542480469,,,,,,
2021-07-22,67.23960876464844,,,,,,
2021-07-23,65.81294250488281,,,,,,
2021-07-26,67.84569549560547,,,,,,
2021-07-27,66.92256927490234,,,,,,
2021-07-28,69.4308853149414,,,,,,
2021-07-29,73.10477447509766,,,,,,
2021-07-30,72.48934936523438,,,,,,
2021-08-02,71.74339294433594,,,,,,
2021-08-03,72.806396484375,,,,,,
2021-08-04,70.98809051513672,,,,,,
2021-08-05,69.24439239501953,,,,,,
2021-08-06,65.7197036743164,,,,,,
2021-08-09,60.73103713989258,,,,,,
2021-08-10,59.677371978759766,,,,,,
2021-08-11,62.502716064453125,,,,,,
2021-08-12,60.30211639404297,,,,,,
2021-08-13,62.92230987548828,,,,,,
2021-08-16,61.626197814941406,,,,,,
2021-08-17,59.10855865478516,,,,,,
2021-08-18,56.97323226928711,,,,,,
2021-08-19,54.44627380371094,,,,,,
2021-08-20,53.98003768920898,,,,,,
2021-08-23,59.770606994628906,,,,,,
2021-08-24,60.48860549926758,,,,,,
2021-08-25,58.744903564453125,,,,,,
2021-08-26,57.942996978759766,,,,,,
2021-08-27,63.09017181396485,,,,,,
2021-08-30,61.37444305419922,,,,,,
2021-08-31,63.0994758605957,,,,,,
2021-09-01,62.39082336425781,,,,,,
2021-09-02,61.80337142944336,,,,,,
2021-09-03,65.34671783447266,,,,,,
2021-09-07,61.03875350952149,,,,,,
2021-09-08,60.0130500793457,,,,,,
2021-09-09,58.90342330932617,,,,,,
2021-09-10,56.74944305419922,,,,,,
2021-09-13,60.55386734008789,,,,,,
2021-09-14,61.25321578979492,,,,,,
2021-09-15,61.281192779541016,,,,,,
2021-09-16,56.48836135864258,,,,,,
2021-09-17,55.546573638916016,,,,,,
2021-09-20,53.88679504394531,,,,,,
2021-09-21,53.79354476928711,,,,,,
2021-09-22,53.80288314819336,,,,,,
2021-09-23,51.83538818359375,,,,,,
2021-09-24,51.08942413330078,,,,,,
2021-09-27,50.902923583984375,,,,,,
2021-09-28,50.119659423828125,,,,,,
2021-09-29,47.275665283203125,,,,,,
2021-09-30,49.28044509887695,,,,,,
2021-10-01,49.61613082885742,,,,,,
2021-10-04,50.557918548583984,,,,,,
2021-10-05,51.62092208862305,,,,,,
2021-10-06,53.65368270874024,,,,,,
2021-10-07,54.30640411376953,,,,,,
2021-10-08,55.89158248901367,,,,,,
2021-10-11,55.49062728881836,,,,,,
2021-10-12,58.287994384765625,,,,,,
2021-10-13,62.26959228515625,,,,,,
2021-10-14,64.91777801513672,,,,,,
2021-10-15,63.91072082519531,,,,,,
2021-10-18,62.0831184387207,,,,,,
2021-10-19,63.1274642944336,,,,,,
2021-10-20,65.45860290527344,,,,,,
2021-10-21,64.64736938476562,,,,,,
2021-10-22,66.00875854492188,,,,,,
2021-10-25,69.02992248535156,,,,,,
2021-10-26,68.48909759521484,,,,,,
2021-10-27,67.88301849365234,,,,,,
2021-10-28,66.50296020507812,,,,,,
2021-10-29,62.791778564453125,,,,,,
2021-11-01,63.50978088378906,,,,,,
2021-11-02,61.4863395690918,,,,,,
2021-11-03,63.21137619018555,,,,,,
2021-11-04,62.60527801513672,,,,,,
2021-11-05,66.4283447265625,,,,,,
2021-11-08,68.02287292480469,,,,,,
2021-11-09,69.92508697509766,,,,,,
2021-11-10,71.81798553466797,,,,,,
2021-11-11,75.93946075439453,,,,,,
2021-11-12,76.69474029541016,,,,,,
2021-11-15,76.46163177490234,,,,,,
2021-11-16,73.58964538574219,,,,,,
2021-11-17,74.62467193603516,,,,,,
2021-11-18,73.47775268554688,,,,,,
2021-11-19,70.22346496582031,,,,,,
2021-11-22,67.01583099365234,,,,,,
2021-11-23,64.21844482421875,,,,,,
2021-11-24,64.57279205322266,,,,,,
2021-11-26,61.01078414916992,,,,,,
2021-11-29,61.49566268920898,,,,,,
2021-11-30,60.53522872924805,,,,,,
2021-12-01,55.87293243408203,,,,,,
2021-12-02,54.53951644897461,,,,,,
2021-12-03,54.51153945922852,,,,,,
2021-12-06,55.75171661376953,,,,,,
2021-12-07,57.51406097412109,,,,,,
2021-12-08,58.22272491455078,,,,,,
2021-12-09,54.7912712097168,,,,,,
2021-12-10,54.39032745361328,,,,,,
2021-12-13,54.06396484375,,,,,,
2021-12-14,51.68619537353516,,,,,,
2021-12-15,50.14762878417969,,,,,,
2021-12-16,54.96844100952149,,,,,,
2021-12-17,54.12923431396485,,,,,,
2021-12-20,54.11991500854492,,,,,,
2021-12-21,55.7237434387207,,,,,,
2021-12-22,58.04556274414063,,,,,,
2021-12-23,59.08991622924805,,,,,,
2021-12-27,58.8568000793457,,,,,,
2021-12-28,57.59798812866211,,,,,,
2021-12-29,57.299598693847656,,,,,,
2021-12-30,58.75423812866211,,,,,,
2021-12-31,59.79858016967773,,,,,,
2022-01-03,57.35554122924805,,,,,,
2022-01-04,58.04556274414063,,,,,,
2022-01-05,55.32278060913086,,,,,,
2022-01-06,51.201316833496094,,,,,,
2022-01-07,52.24567031860352,,,,,,
2022-01-10,53.29934310913086,,,,,,
2022-01-11,56.00347900390625,,,,,,
2022-01-12,58.63301467895508,,,,,,
2022-01-13,56.84269714355469,,,,,,
2022-01-14,55.462650299072266,,,,,,
2022-01-18,54.28775405883789,,,,,,
2022-01-19,61.85932159423828,,,,,,
2022-01-20,60.4699592590332,,,,,,
2022-01-21,56.86134338378906,,,,,,
2022-01-24,55.005741119384766,,,,,,
2022-01-25,56.14335250854492,,,,,,
2022-01-26,50.74441146850586,,,,,,
2022-01-27,47.16377258300781,,,,,,
2022-01-28,46.30590057373047,,,,,,
2022-01-31,48.93544006347656,,,,,,
2022-02-01,50.5019645690918,,,,,,
2022-02-02,50.156959533691406,,,,,,
2022-02-03,47.7791862487793,,,,,,
2022-02-04,48.65570068359375,,,,,,
2022-02-07,52.4508056640625,,,,,,
2022-02-08,53.63502502441406,,,,,,
2022-02-09,53.39258193969727,,,,,,
2022-02-10,51.04279327392578,,,,,,
2022-02-11,56.758766174316406,,,,,,
2022-02-14,58.42787170410156,,,,,,
2022-02-15,57.1224250793457,,,,,,
2022-02-16,60.33008575439453,,,,,,
2022-02-17,62.60527801513672,,,,,,
2022-02-18,60.77767562866211,,,,,,
2022-02-22,58.86612701416016,,,,,,
2022-02-23,62.13905715942383,,,,,,
2022-02-24,59.66804122924805,,,,,,
2022-02-25,60.8615837097168,,,,,,
2022-02-28,61.41175079345703,,,,,,
2022-03-01,67.62191772460938,,,,,,
2022-03-02,67.01583099365234,,,,,,
2022-03-03,67.79908752441406,,,,,,
2022-03-04,71.29580688476562,,,,,,
2022-03-07,74.46617126464844,,,,,,
2022-03-08,75.70633697509766,,,,,,
2022-03-09,74.11183166503906,,,,,,
2022-03-10,77.56193542480469,,,,,,
2022-03-11,74.81117248535156,,,,,,
2022-03-14,67.64990234375,,,,,,
2022-03-15,68.79682159423828,,,,,,
2022-03-16,69.69197082519531,,,,,,
2022-03-17,73.8414077758789,,,,,,
2022-03-18,72.34947967529297,,,,,,
2022-03-21,75.1468505859375,,,,,,
2022-03-22,72.70381927490234,,,,,,
2022-03-23,75.95809173583984,,,,,,
2022-03-24,75.49186706542969,,,,,,
2022-03-25,76.14459228515625,,,,,,
2022-03-28,69.96240234375,,,,,,
2022-03-29,71.81798553466797,,,,,,
2022-03-30,72.5919189453125,,,,,,
2022-03-31,71.60350799560547,,,,,,
2022-04-01,75.45457458496094,,,,,,
2022-04-04,75.99539947509766,,,,,,
2022-04-05,70.49388122558594,,,,,,
2022-04-06,70.0556411743164,,,,,,
2022-04-07,72.15367126464844,,,,,,
2022-04-08,75.94876098632812,,,,,,
2022-04-11,75.90215301513672,,,,,,
2022-04-12,77.78572082519531,,,,,,
2022-04-13,83.11004638671875,,,,,,
2022-04-14,84.25698852539062,,,,,,
2022-04-18,83.19397735595703,,,,,,
2022-04-19,78.90467834472656,,,,,,
2022-04-20,81.30108642578125,,,,,,
2022-04-21,72.77842712402344,,,,,,
2022-04-22,66.94121551513672,,,,,,
2022-04-25,62.05513381958008,,,,,,
2022-04-26,58.60503387451172,,,,,,
2022-04-27,57.793792724609375,,,,,,
2022-04-28,61.08537673950195,,,,,,
2022-04-29,59.35100555419922,,,,,,
2022-05-02,57.10377502441406,,,,,,
2022-05-03,59.53749847412109,,,,,,
2022-05-04,61.822021484375,,,,,,
2022-05-05,56.96391296386719,,,,,,
2022-05-06,54.95912170410156,,,,,,
2022-05-09,46.85605239868164,,,,,,
2022-05-10,45.16831207275391,,,,,,
2022-05-11,45.23357009887695,,,,,,
2022-05-12,40.41276168823242,,,,,,
2022-05-13,43.40595626831055,,,,,,
2022-05-16,44.30112457275391,,,,,,
2022-05-17,44.94451904296875,,,,,,
2022-05-18,43.19149398803711,,,,,,
2022-05-19,48.92612075805664,,,,,,
2022-05-20,48.05893707275391,,,,,,
2022-05-23,48.77692794799805,,,,,,
2022-05-24,50.66048812866211,,,,,,
2022-05-25,49.73735427856445,,,,,,
2022-05-26,49.37370300292969,,,,,,
2022-05-27,49.8026237487793,,,,,,
2022-05-31,48.19880294799805,,,,,,
2022-06-01,49.205848693847656,,,,,,
2022-06-02,54.93114471435547,,,,,,
2022-06-03,52.10579681396485,,,,,,
2022-06-06,50.334129333496094,,,,,,
2022-06-07,51.0521125793457,,,,,,
2022-06-08,50.31547164916992,,,,,,
2022-06-09,46.156715393066406,,,,,,
2022-06-10,50.38075256347656,,,,,,
2022-06-13,42.20307540893555,,,,,,
2022-06-14,40.04910659790039,,,,,,
2022-06-15,42.08186340332031,,,,,,
2022-06-16,43.18216323852539,,,,,,
2022-06-17,41.494415283203125,,,,,,
2022-06-21,41.33589172363281,,,,,,
2022-06-22,39.7786979675293,,,,,,
2022-06-23,36.15142822265625,,,,,,
2022-06-24,38.71569061279297,,,,,,
2022-06-27,37.91376876831055,,,,,,
2022-06-28,35.11640167236328,,,,,,
2022-06-29,33.68973922729492,,,,,,
2022-06-30,31.2000732421875,,,,,,
2022-07-01,33.04633712768555,,,,,,
2022-07-05,29.325828552246094,,,,,,
2022-07-06,28.43067169189453,,,,,,
2022-07-07,29.65218734741211,,,,,,
2022-07-08,29.41907501220703,,,,,,
2022-07-11,28.337427139282227,,,,,,
2022-07-12,27.58212852478028,,,,,,
2022-07-13,29.52165031433105,,,,,,
2022-07-14,27.15320205688477,,,,,,
2022-07-15,27.15320205688477,,,,,,
2022-07-18,27.81524658203125,,,,,,
2022-07-19,28.99946975708008,,,,,,
2022-07-20,27.65673065185547,,,,,,
2022-07-21,29.17663955688477,,,,,,
2022-07-22,28.41202163696289,,,,,,
2022-07-25,27.908493041992188,,,,,,
2022-07-26,28.505266189575195,,,,,,
2022-07-27,30.63126945495605,,,,,,
2022-07-28,32.62673568725586,,,,,,
2022-07-29,33.717716217041016,,,,,,
2022-08-01,33.54986953735352,,,,,,
2022-08-02,32.62673568725586,,,,,,
2022-08-03,31.47047996520996,,,,,,
2022-08-04,34.43570709228516,,,,,,
2022-08-05,33.91352844238281,,,,,,
2022-08-08,35.741146087646484,,,,,,
2022-08-09,35.097755432128906,,,,,,
2022-08-10,35.23761749267578,,,,,,
2022-08-11,33.76433563232422,,,,,,
2022-08-12,35.30289459228516,,,,,,
2022-08-15,33.64311218261719,,,,,,
2022-08-16,33.46595001220703,,,,,,
2022-08-17,30.519376754760746,,,,,,
2022-08-18,30.9110107421875,,,,,,
2022-08-19,28.99946975708008,,,,,,
2022-08-22,28.654460906982425,,,,,,
2022-08-23,29.79206085205078,,,,,,
2022-08-24,30.92966079711914,,,,,,
2022-08-25,31.40520668029785,,,,,,
2022-08-26,28.22553062438965,,,,,,
2022-08-29,27.40496826171875,,,,,,
2022-08-30,25.71721649169922,,,,,,
2022-08-31,25.735864639282227,,,,,,
2022-09-01,23.33012008666992,,,,,,
2022-09-02,24.878002166748047,,,,,,
2022-09-06,23.94554328918457,,,,,,
2022-09-07,25.91303253173828,,,,,,
2022-09-08,26.062225341796875,,,,,,
2022-09-09,28.057689666748047,,,,,,
2022-09-12,29.269886016845703,,,,,,
2022-09-13,26.66832160949707,,,,,,
2022-09-14,26.780216217041016,,,,,,
2022-09-15,24.971248626708984,,,,,,
2022-09-16,24.831377029418945,,,,,,
2022-09-19,26.015600204467773,,,,,,
2022-09-20,24.48636817932129,,,,,,
2022-09-21,24.607585906982425,,,,,,
2022-09-22,24.104063034057617,,,,,,
2022-09-23,21.12019157409668,,,,,,
2022-09-26,19.656234741210938,,,,,,
2022-09-27,19.80542755126953,,,,,,
2022-09-28,22.77996826171875,,,,,,
2022-09-29,23.255523681640625,,,,,,
2022-09-30,24.626235961914062,,,,,,
2022-10-03,27.0786075592041,,,,,,
2022-10-04,28.803653717041016,,,,,,
2022-10-05,27.936466217041016,,,,,,
2022-10-06,28.39337158203125,,,,,,
2022-10-07,25.68924140930176,,,,,,
2022-10-10,24.598262786865234,,,,,,
2022-10-11,24.057435989379883,,,,,,
2022-10-12,24.77543067932129,,,,,,
2022-10-13,24.21595764160156,,,,,,
2022-10-14,21.6610164642334,,,,,,
2022-10-17,22.87321662902832,,,,,,
2022-10-18,23.29282188415528,,,,,,
2022-10-19,21.63304710388184,,,,,,
2022-10-20,22.173871994018555,,,,,,
2022-10-21,24.75678062438965,,,,,,
2022-10-24,23.870948791503903,,,,,,
2022-10-25,24.79408264160156,,,,,,
2022-10-26,26.23938751220703,,,,,,
2022-10-27,25.26030921936035,,,,,,
2022-10-28,24.868677139282227,,,,,,
2022-10-31,24.16000747680664,,,,,,
2022-11-01,25.57734680175781,,,,,,
2022-11-02,22.490909576416016,,,,,,
2022-11-03,22.0433292388916,,,,,,
2022-11-04,26.58440589904785,,,,,,
2022-11-07,27.041305541992188,,,,,,
2022-11-08,29.33515357971192,,,,,,
2022-11-09,27.712671279907227,,,,,,
2022-11-10,32.0952262878418,,,,,,
2022-11-11,32.54281234741211,,,,,,
2022-11-14,32.62673568725586,,,,,,
2022-11-15,31.58237838745117,,,,,,
2022-11-16,30.70587539672852,,,,,,
2022-11-17,29.89463233947754,,,,,,
2022-11-18,30.416807174682617,,,,,,
2022-11-21,30.165042877197266,,,,,,
2022-11-22,32.98107147216797,,,,,,
2022-11-23,34.333126068115234,,,,,,
2022-11-25,33.437965393066406,,,,,,
2022-11-28,30.081117630004883,,,,,,
2022-11-29,31.71292495727539,,,,,,
2022-11-30,34.044071197509766,,,,,,
2022-12-01,36.79482269287109,,,,,,
2022-12-02,36.98131561279297,,,,,,
2022-12-05,33.46595001220703,,,,,,
2022-12-06,33.018367767333984,,,,,,
2022-12-07,34.63152313232422,,,,,,
2022-12-08,34.92059326171875,,,,,,
2022-12-09,33.96014404296875,,,,,,
2022-12-12,33.50324630737305,,,,,,
2022-12-13,35.33087539672852,,,,,,
2022-12-14,34.7154426574707,,,,,,
2022-12-15,31.60103416442871,,,,,,
2022-12-16,32.60808563232422,,,,,,
2022-12-19,31.06952857971192,,,,,,
2022-12-20,33.82028579711914,,,,,,
2022-12-21,34.734092712402344,,,,,,
2022-12-22,34.00677490234375,,,,,,
2022-12-23,34.640838623046875,,,,,,
2022-12-27,36.543060302734375,,,,,,
2022-12-28,33.85758590698242,,,,,,
2022-12-29,34.267860412597656,,,,,,
2022-12-30,33.72703170776367,,,,,,
2023-01-03,36.01155471801758,,,,,,
2023-01-04,39.38705825805664,,,,,,
2023-01-05,38.45460891723633,,,,,,
2023-01-06,41.09346389770508,,,,,,
2023-01-09,40.01180648803711,,,,,,
2023-01-10,41.475772857666016,,,,,,
2023-01-11,40.39411926269531,,,,,,
2023-01-12,41.83010482788086,,,,,,
2023-01-13,42.9117546081543,,,,,,
2023-01-17,40.29154586791992,,,,,,
2023-01-18,39.09799957275391,,,,,,
2023-01-19,41.149410247802734,,,,,,
2023-01-20,42.52944564819336,,,,,,
2023-01-23,41.99794387817383,,,,,,
2023-01-24,43.19149398803711,,,,,,
2023-01-25,44.18922424316406,,,,,,
2023-01-26,42.53876876831055,,,,,,
2023-01-27,40.88831329345703,,,,,,
2023-01-30,39.43368911743164,,,,,,
2023-01-31,39.62950134277344,,,,,,
2023-02-01,41.37319946289063,,,,,,
2023-02-02,39.088680267333984,,,,,,
2023-02-03,35.386810302734375,,,,,,
2023-02-06,35.11640167236328,,,,,,
2023-02-07,35.91831970214844,,,,,,
2023-02-08,35.33087539672852,,,,,,
2023-02-09,33.66176223754883,,,,,,
2023-02-10,32.906471252441406,,,,,,
2023-02-13,32.5521354675293,,,,,,
2023-02-14,33.1768913269043,,,,,,
2023-02-15,31.46115493774414,,,,,,
2023-02-16,31.134796142578125,,,,,,
2023-02-17,31.04155921936035,,,,,,
2023-02-21,29.85733413696289,,,,,,
2023-02-22,28.8875732421875,,,,,,
2023-02-23,28.67311286926269,,,,,,
2023-02-24,28.18822860717773,,,,,,
2023-02-27,28.52392196655273,,,,,,
2023-02-28,29.44705009460449,,,,,,
2023-03-01,31.30263900756836,,,,,,
2023-03-02,30.799108505249023,,,,,,
2023-03-03,31.76888084411621,,,,,,
2023-03-06,30.463428497314453,,,,,,
2023-03-07,27.52618408203125,,,,,,
2023-03-08,26.994686126708984,,,,,,
2023-03-09,26.90144157409668,,,,,,
2023-03-10,27.69403076171875,,,,,,
2023-03-13,31.442516326904297,,,,,,
2023-03-14,32.13252639770508,,,,,,
2023-03-15,31.507781982421875,,,,,,
2023-03-16,30.845741271972656,,,,,,
2023-03-17,34.267860412597656,,,,,,
2023-03-20,35.75979232788086,,,,,,
2023-03-21,32.72346496582031,,,,,,
2023-03-22,34.39054870605469,,,,,,
2023-03-23,35.77665710449219,,,,,,
2023-03-24,36.27302932739258,,,,,,
2023-03-27,36.41352081298828,,,,,,
2023-03-28,38.67063522338867,,,,,,
2023-03-29,38.20234680175781,,,,,,
2023-03-30,39.813236236572266,,,,,,
2023-03-31,39.50416564941406,,,,,,
2023-04-03,41.05886459350586,,,,,,
2023-04-04,43.2691535949707,,,,,,
2023-04-05,42.96007537841797,,,,,,
2023-04-06,43.04437255859375,,,,,,
2023-04-10,42.16400146484375,,,,,,
2023-04-11,43.877906799316406,,,,,,
2023-04-12,45.048614501953125,,,,,,
2023-04-13,47.51177215576172,,,,,,
2023-04-14,45.19845962524414,,,,,,
2023-04-17,42.63228988647461,,,,,,
2023-04-18,42.885162353515625,,,,,,
2023-04-19,41.536502838134766,,,,,,
2023-04-20,41.48031234741211,,,,,,
2023-04-21,40.066104888916016,,,,,,
2023-04-24,40.356441497802734,,,,,,
2023-04-25,40.08483505249024,,,,,,
2023-04-26,39.02652359008789,,,,,,
2023-04-27,39.991188049316406,,,,,,
2023-04-28,39.54163360595703,,,,,,
2023-05-01,38.72682189941406,,,,,,
2023-05-02,41.61143493652344,,,,,,
2023-05-03,42.060977935791016,,,,,,
2023-05-04,43.66250228881836,,,,,,
2023-05-05,43.77489471435547,,,,,,
2023-05-08,43.634403228759766,,,,,,
2023-05-09,43.68123245239258,,,,,,
2023-05-10,42.94134521484375,,,,,,
2023-05-11,38.81111145019531,,,,,,
2023-05-12,39.49480438232422,,,,,,
2023-05-15,40.09420394897461,,,,,,
2023-05-16,37.790260314941406,,,,,,
2023-05-17,37.46246337890625,,,,,,
2023-05-18,35.50505065917969,,,,,,
2023-05-19,36.11381912231445,,,,,,
2023-05-22,35.49569320678711,,,,,,
2023-05-23,35.40202713012695,,,,,,
2023-05-24,33.538272857666016,,,,,,
2023-05-25,31.98357963562012,,,,,,
2023-05-26,32.44248962402344,,,,,,
2023-05-30,32.601707458496094,,,,,,
2023-05-31,33.90353012084961,,,,,,
2023-06-01,36.28239822387695,,,,,,
2023-06-02,34.643409729003906,,,,,,
2023-06-05,35.036766052246094,,,,,,
2023-06-06,35.63616943359375,,,,,,
2023-06-07,33.912899017333984,,,,,,
2023-06-08,35.28964614868164,,,,,,
2023-06-09,34.25941848754883,,,,,,
2023-06-12,34.25004959106445,,,,,,
2023-06-13,33.0793571472168,,,,,,
2023-06-14,32.73282623291016,,,,,,
2023-06-15,32.79838562011719,,,,,,
2023-06-16,33.566368103027344,,,,,,
2023-06-20,31.131311416625977,,,,,,
2023-06-21,30.988399505615234,,,,,,
2023-06-22,30.13283348083496,,,,,,
2023-06-23,30.10462951660156,,,,,,
2023-06-26,30.72515106201172,,,,,,
2023-06-27,29.531118392944336,,,,,,
2023-06-28,28.675552368164062,,,,,,
2023-06-29,29.72855567932129,,,,,,
2023-06-30,30.72515106201172,,,,,,
2023-07-03,31.843963623046875,,,,,,
2023-07-05,30.47129440307617,,,,,,
2023-07-06,28.797775268554688,,,,,,
2023-07-07,29.5499210357666,,,,,,
2023-07-10,31.48670196533203,,,,,,
2023-07-11,31.731136322021484,,,,,,
2023-07-12,35.23802185058594,,,,,,
2023-07-13,35.84914016723633,,,,,,
2023-07-14,35.42606735229492,,,,,,
2023-07-17,35.71751022338867,,,,,,
2023-07-18,37.108985900878906,,,,,,
2023-07-19,36.57307815551758,,,,,,
2023-07-20,34.63630294799805,,,,,,
2023-07-21,34.429466247558594,,,,,,
2023-07-24,33.8653564453125,,,,,,
2023-07-25,34.53288650512695,,,,,,
2023-07-26,34.56108856201172,,,,,,
2023-07-27,31.214040756225582,,,,,,
2023-07-28,31.909778594970703,,,,,,
2023-07-31,33.66792297363281,,,,,,
2023-08-01,31.40207862854004,,,,,,
2023-08-02,29.427696228027344,,,,,,
2023-08-03,29.324281692504883,,,,,,
2023-08-04,30.114032745361328,,,,,,
2023-08-07,29.70975112915039,,,,,,
2023-08-08,29.29607009887696,,,,,,
2023-08-09,29.01401710510254,,,,,,
2023-08-10,28.95760726928711,,,,,,
2023-08-11,29.70035171508789,,,,,,
2023-08-14,28.90119171142578,,,,,,
2023-08-15,27.425111770629883,,,,,,
2023-08-16,26.682361602783203,,,,,,
2023-08-17,26.306291580200195,,,,,,
2023-08-18,26.174665451049805,,,,,,
2023-08-21,26.795190811157227,,,,,,
2023-08-22,27.368698120117188,,,,,,
2023-08-23,29.305479049682617,,,,,,
2023-08-24,29.051626205444336,,,,,,
2023-08-25,28.34648704528809,,,,,,
2023-08-28,29.74736213684082,,,,,,
2023-08-29,31.251651763916016,,,,,,
2023-08-30,31.0072078704834,,,,,,
2023-08-31,30.424293518066406,,,,,,
2023-09-01,29.719152450561523,,,,,,
2023-09-05,27.885799407958984,,,,,,
2023-09-06,27.45331382751465,,,,,,
2023-09-07,27.12425422668457,,,,,,
2023-09-08,27.096046447753903,,,,,,
2023-09-11,27.566139221191406,,,,,,
2023-09-12,27.697763442993164,,,,,,
2023-09-13,27.519126892089844,,,,,,
2023-09-14,28.459312438964844,,,,,,
2023-09-15,29.85078239440918,,,,,,
2023-09-18,29.775564193725582,,,,,,
2023-09-19,28.68227767944336,,,,,,
2023-09-20,28.86165809631348,,,,,,
2023-09-21,27.284984588623047,,,,,,
2023-09-22,27.19057273864746,,,,,,
2023-09-25,26.501365661621094,,,,,,
2023-09-26,24.75474548339844,,,,,,
2023-09-27,23.91448402404785,,,,,,
2023-09-28,24.339338302612305,,,,,,
2023-09-29,24.13163375854492,,,,,,
2023-10-02,22.356693267822266,,,,,,
2023-10-03,22.52663803100586,,,,,,
2023-10-04,22.03569602966309,,,,,,
2023-10-05,22.43222427368164,,,,,,
2023-10-06,23.41410446166992,,,,,,
2023-10-09,24.471511840820312,,,,,,
2023-10-10,25.000221252441406,,,,,,
2023-10-11,25.65166282653809,,,,,,
2023-10-12,23.990015029907227,,,,,,
2023-10-13,26.340864181518555,,,,,,
2023-10-16,26.52025032043457,,,,,,
2023-10-17,27.51157188415528,,,,,,
2023-10-18,27.51157188415528,,,,,,
2023-10-19,27.804248809814453,,,,,,
2023-10-20,27.653194427490234,,,,,,
2023-10-23,27.077281951904297,,,,,,
2023-10-24,27.50213050842285,,,,,,
2023-10-25,26.2181339263916,,,,,,
2023-10-26,25.69886779785156,,,,,,
2023-10-27,27.13392448425293,,,,,,
2023-10-30,26.661865234375,,,,,,
2023-10-31,25.34954643249512,,,,,,
2023-11-01,25.576133728027344,,,,,,
2023-11-02,25.86880874633789,,,,,,
2023-11-03,28.58786964416504,,,,,,
2023-11-06,27.926979064941406,,,,,,
2023-11-07,26.94510269165039,,,,,,
2023-11-08,25.434513092041016,,,,,,
2023-11-09,25.42507553100586,,,,,,
2023-11-10,24.5659294128418,,,,,,
2023-11-13,24.0655460357666,,,,,,
2023-11-14,26.69019317626953,,,,,,
2023-11-15,26.454160690307617,,,,,,
2023-11-16,27.143369674682617,,,,,,
2023-11-17,27.077281951904297,,,,,,
2023-11-20,27.13392448425293,,,,,,
2023-11-21,28.44624900817871,,,,,,
2023-11-22,28.17245483398437,,,,,,
2023-11-24,29.012720108032227,,,,,,
2023-11-27,30.24951362609864,,,,,,
2023-11-28,32.74197769165039,,,,,,
2023-11-29,32.85527801513672,,,,,,
2023-11-30,33.4500732421875,,,,,,
2023-12-01,34.743507385253906,,,,,,
2023-12-04,32.7325325012207,,,,,,
2023-12-05,31.316362380981445,,,,,,
2023-12-06,31.25971984863281,,,,,,
2023-12-07,30.995365142822266,,,,,,
2023-12-08,29.65471839904785,,,,,,
2023-12-11,29.13545227050781,,,,,,
2023-12-12,27.5776596069336,,,,,,
2023-12-13,31.439098358154297,,,,,,
2023-12-14,32.18495559692383,,,,,,
2023-12-15,31.41077995300293,,,,,,
2023-12-18,31.50518798828125,,,,,,
2023-12-19,33.8938102722168,,,,,,
2023-12-20,31.826181411743164,,,,,,
2023-12-21,33.447383880615234,,,,,,
2023-12-22,33.797977447509766,,,,,,
2023-12-26,33.93062973022461,,,,,,
2023-12-27,34.73601531982422,,,,,,
2023-12-28,32.67990493774414,,,,,,
2023-12-29,32.11139297485352,,,,,,
2024-01-02,31.03121566772461,,,,,,
2024-01-03,29.1267032623291,,,,,,
2024-01-04,29.1267032623291,,,,,,
2024-01-05,28.899303436279297,,,,,,
2024-01-08,28.71927833557129,,,,,,
2024-01-09,27.980213165283203,,,,,,
2024-01-10,28.11286354064941,,,,,,
2024-01-11,27.53487777709961,,,,,,
2024-01-12,29.392013549804688,,,,,,
2024-01-16,26.7294864654541,,,,,,
2024-01-17,25.07132911682129,,,,,,
2024-01-18,25.27978515625,,,,,,
2024-01-19,25.45981216430664,,,,,,
2024-01-22,25.04290580749512,,,,,,
2024-01-23,26.17045211791992,,,,,,
2024-01-24,25.06185531616211,,,,,,
2024-01-25,26.132553100585938,,,,,,
2024-01-26,25.753541946411133,,,,,,
2024-01-29,26.397855758666992,,,,,,
2024-01-30,25.971473693847656,,,,,,
2024-01-31,25.29873275756836,,,,,,
2024-02-01,27.231670379638672,,,,,,
2024-02-02,25.203981399536133,,,,,,
2024-02-05,24.161710739135746,,,,,,
2024-02-06,24.99552726745605,,,,,,
2024-02-07,24.351219177246094,,,,,,
2024-02-08,24.066957473754883,,,,,,
2024-02-09,23.602678298950195,,,,,,
2024-02-12,24.20909118652344,,,,,,
2024-02-13,21.13913345336914,,,,,,
2024-02-14,21.75501823425293,,,,,,
2024-02-15,22.806758880615234,,,,,,
2024-02-16,22.901514053344727,,,,,,
2024-02-20,22.85414123535156,,,,,,
2024-02-21,22.56988525390625,,,,,,
2024-02-22,21.925567626953125,,,,,,
2024-02-23,22.74991035461425,,,,,,
2024-02-26,22.124549865722656,,,,,,
2024-02-27,21.736066818237305,,,,,,
2024-02-28,21.110708236694336,,,,,,
2024-02-29,22.020320892333984,,,,,,
2024-03-01,23.725854873657227,,,,,,
2024-03-04,25.99042510986328,,,,,,
2024-03-05,26.01885032653809,,,,,,
2024-03-06,27.184295654296875,,,,,,
2024-03-07,28.09391212463379,,,,,,
2024-03-08,27.75281143188477,,,,,,
2024-03-11,28.87087821960449,,,,,,
2024-03-12,28.008634567260746,,,,,,
2024-03-13,29.2025089263916,,,,,,
2024-03-14,28.6245231628418,,,,,,
2024-03-15,28.96562957763672,,,,,,
2024-03-18,28.44449806213379,,,,,,
2024-03-19,27.150257110595703,,,,,,
2024-03-20,29.56616973876953,,,,,,
2024-03-21,28.78004264831543,,,,,,
2024-03-22,27.993911743164062,,,,,,
2024-03-25,28.492429733276367,,,,,,
2024-03-26,28.50201797485352,,,,,,
2024-03-27,30.659082412719727,,,,,,
2024-03-28,31.94373321533203,,,,,,
2024-04-01,32.64358139038086,,,,,,
2024-04-02,33.7460823059082,,,,,,
2024-04-03,35.86479949951172,,,,,,
2024-04-04,34.81024169921875,,,,,,
2024-04-05,37.130279541015625,,,,,,
2024-04-08,37.29325866699219,,,,,,
2024-04-09,38.60667419433594,,,,,,
2024-04-10,36.97688674926758,,,,,,
2024-04-11,38.84634017944336,,,,,,
2024-04-12,37.43706130981445,,,,,,
2024-04-15,36.52630233764648,,,,,,
2024-04-16,35.279991149902344,,,,,,
2024-04-17,36.17157745361328,,,,,,
2024-04-18,36.77555465698242,,,,,,
2024-04-19,37.75343322753906,,,,,,
2024-04-22,33.88988494873047,,,,,,
2024-04-23,35.61553955078125,,,,,,
2024-04-24,35.30875778198242,,,,,,
2024-04-25,36.97688674926758,,,,,,
2024-04-26,37.657562255859375,,,,,,
2024-04-29,38.28071212768555,,,,,,
2024-04-30,34.225433349609375,,,,,,
2024-05-01,34.77188873291016,,,,,,
2024-05-02,34.896522521972656,,,,,,
2024-05-03,34.59932327270508,,,,,,
2024-05-06,36.72762298583984,,,,,,
2024-05-07,36.51670455932617,,,,,,
2024-05-08,36.81390380859375,,,,,,
2024-05-09,39.795448303222656,,,,,,
2024-05-10,39.354454040527344,,,,,,
2024-05-13,38.14649200439453,,,,,,
2024-05-14,39.50784683227539,,,,,,
2024-05-15,40.936302185058594,,,,,,
2024-05-16,40.84042739868164,,,,,,
2024-05-17,44.57933807373047,,,,,,
2024-05-20,45.43258285522461,,,,,,
2024-05-21,45.31753540039063,,,,,,
2024-05-22,41.64573287963867,,,,,,
2024-05-23,39.98719024658203,,,,,,
2024-05-24,40.99381637573242,,,,,,
2024-05-28,43.28510665893555,,,,,,
2024-05-29,41.60738754272461,,,,,,
2024-05-30,42.35517120361328,,,,,,
2024-05-31,42.17301940917969,,,,,,
2024-06-03,41.93333435058594,,,,,,
2024-06-04,38.4341049194336,,,,,,
2024-06-05,40.14057922363281,,,,,,
2024-06-06,42.2017822265625,,,,,,
2024-06-07,36.10447692871094,,,,,,
2024-06-10,36.65093231201172,,,,,,
2024-06-11,36.229103088378906,,,,,,
2024-06-12,36.59340286254883,,,,,,
2024-06-13,34.87733840942383,,,,,,
2024-06-14,35.58677291870117,,,,,,
2024-06-17,35.16495513916016,,,,,,
2024-06-18,35.9798469543457,,,,,,
2024-06-20,38.15607833862305,,,,,,
2024-06-21,36.63175201416016,,,,,,
2024-06-24,36.430423736572266,,,,,,
2024-06-25,35.56586456298828,,,,,,
2024-06-26,35.4791145324707,,,,,,
2024-06-27,36.43331909179688,,,,,,
2024-06-28,35.9032096862793,,,,,,
2024-07-01,35.61405944824219,,,,,,
2024-07-02,35.9321174621582,,,,,,
2024-07-03,38.7079963684082,,,,,,
2024-07-05,40.9537467956543,,,,,,
2024-07-08,40.96339416503906,,,,,,
2024-07-09,40.7802619934082,,,,,,
2024-07-10,43.00674057006836,,,,,,
2024-07-11,45.69586944580078,,,,,,
2024-07-12,45.31996154785156,,,,,,
2024-07-15,44.86695861816406,,,,,,
2024-07-16,48.25969314575195,,,,,,
2024-07-17,44.96334457397461,,,,,,
2024-07-18,43.51758193969727,,,,,,
2024-07-19,41.9272346496582,,,,,,
2024-07-22,42.19711685180664,,,,,,
2024-07-23,41.82120895385742,,,,,,
2024-07-24,40.982669830322266,,,,,,
2024-07-25,38.48631286621094,,,,,,
2024-07-26,39.21883392333984,,,,,,
2024-07-29,39.4019660949707,,,,,,
2024-07-30,40.02845764160156,,,,,,
2024-07-31,42.129638671875,,,,,,
2024-08-01,40.173038482666016,,,,,,
2024-08-02,37.88872528076172,,,,,,
2024-08-05,34.987552642822266,,,,,,
2024-08-06,35.37309265136719,,,,,,
2024-08-07,33.68636703491211,,,,,,
2024-08-08,35.26707077026367,,,,,,
2024-08-09,35.88392639160156,,,,,,
2024-08-12,38.48631286621094,,,,,,
2024-08-13,39.70075607299805,,,,,,
2024-08-14,39.411598205566406,,,,,,
2024-08-15,40.15375900268555,,,,,,
2024-08-16,42.56337356567383,,,,,,
2024-08-19,44.44287109375,,,,,,
2024-08-20,44.722389221191406,,,,,,
2024-08-21,45.81153106689453,,,,,,
2024-08-22,42.93927383422852,,,,,,
2024-08-23,44.558536529541016,,,,,,
2024-08-26,44.04769515991211,,,,,,
2024-08-27,43.57541275024414,,,,,,
2024-08-28,41.15616226196289,,,,,,
2024-08-29,42.05253982543945,,,,,,
2024-08-30,41.320011138916016,,,,,,
2024-09-03,37.32969665527344,,,,,,
2024-09-04,36.616455078125,,,,,,
2024-09-05,37.811614990234375,,,,,,
2024-09-06,35.30562210083008,,,,,,
2024-09-09,36.41404724121094,,,,,,
2024-09-10,37.85981369018555,,,,,,
2024-09-11,38.79474258422852,,,,,,
2024-09-12,43.758548736572266,,,,,,
2024-09-13,46.38983917236328,,,,,,
2024-09-16,46.27416610717773,,,,,,
2024-09-17,45.3488883972168,,,,,,
2024-09-18,43.78746032714844,,,,,,
2024-09-19,45.76333618164063,,,,,,
2024-09-20,47.54645156860352,,,,,,
2024-09-23,46.57296752929688,,,,,,
2024-09-24,50.204139709472656,,,,,,
2024-09-25,49.07302474975586,,,,,,
2024-09-26,50.24281692504883,,,,,,
2024-09-27,47.15882873535156,,,,,,
2024-09-30,45.650672912597656,,,,,,
2024-10-01,47.36185073852539,,,,,,
2024-10-02,46.94614410400391,,,,,,
2024-10-03,45.02228164672852,,,,,,
2024-10-04,45.18662643432617,,,,,,
2024-10-07,43.61079788208008,,,,,,
2024-10-08,43.47544860839844,,,,,,
2024-10-09,43.17575454711914,,,,,,
2024-10-10,46.24040222167969,,,,,,
2024-10-11,46.82046127319336,,,,,,
2024-10-14,46.65610504150391,,,,,,
2024-10-15,48.30928039550781,,,,,,
2024-10-16,49.16969680786133,,,,,,
2024-10-17,50.204139709472656,,,,,,
2024-10-18,55.21198654174805,,,,,,
2024-10-21,55.38600540161133,,,,,,
2024-10-22,58.17028427124024,,,,,,
2024-10-23,55.33766555786133,,,,,,
2024-10-24,54.78660583496094,,,,,,
2024-10-25,53.00775909423828,,,,,,
2024-10-28,52.621055603027344,,,,,,
2024-10-29,54.68993377685547,,,,,,
2024-10-30,52.80473327636719,,,,,,
2024-10-31,50.40715789794922,,,,,,
2024-11-01,48.95701599121094,,,,,,
2024-11-04,48.5316276550293,,,,,,
2024-11-05,48.6766471862793,,,,,,
2024-11-06,45.23496627807617,,,,,,
2024-11-07,47.92256927490234,,,,,,
2024-11-08,46.16305923461914,,,,,,
2024-11-11,41.416236877441406,,,,,,
2024-11-12,39.946754455566406,,,,,,
2024-11-13,38.20657730102539,,,,,,
2024-11-14,38.573951721191406,,,,,,
2024-11-15,38.1389045715332,,,,,,
2024-11-18,41.97696304321289,,,,,,
2024-11-19,43.41744613647461,,,,,,
2024-11-20,42.37333297729492,,,,,,
2024-11-21,43.87182235717773,,,,,,
2024-11-22,43.66879653930664,,,,,,
2024-11-25,40.87485122680664,,,,,,
2024-11-26,40.65249633789063,,,,,,
2024-11-27,41.34856796264648,,,,,,
2024-11-29,42.295997619628906,,,,,,
2024-12-02,40.98119735717773,,,,,,
2024-12-03,43.38844299316406,,,,,,
2024-12-04,43.23376083374024,,,,,,
2024-12-05,43.66879653930664,,,,,,
2024-12-06,41.43557357788086,,,,,,
2024-12-09,45.02228164672852,,,,,,
2024-12-10,44.85792541503906,,,,,,
2024-12-11,47.7002182006836,,,,,,
2024-12-12,43.17575454711914,,,,,,
2024-12-13,40.98119735717773,,,,,,
2024-12-16,40.12077331542969,,,,,,
2024-12-17,39.83074188232422,,,,,,
2024-12-18,35.96368408203125,,,,,,
2024-12-19,35.65431594848633,,,,,,
2024-12-20,36.012020111083984,,,,,,
2024-12-23,36.430999755859375,,,,,,
2024-12-24,36.13103866577149,,,,,,
2024-12-26,36.40196990966797,,,,,,
2024-12-27,35.77301788330078,,,,,,
2024-12-30,34.54413986206055,,,,,,
2024-12-31,35.308555603027344,,,,,,
2025-01-02,38.45333862304688,,,,,,
2025-01-03,37.5244140625,,,,,,
2025-01-06,36.914817810058594,,,,,,
2025-01-07,37.61149597167969,,,,,,
2025-01-08,39.343544006347656,,,,,,
2025-01-10,39.295166015625,,,,,,
2025-01-13,37.3792724609375,,,,,,
2025-01-14,40.14667510986328,,,,,,
2025-01-15,40.58210754394531,,,,,,
2025-01-16,39.972503662109375,,,,,,
2025-01-17,40.39825439453125,,,,,,
2025-01-21,42.05288314819336,,,,,,
2025-01-22,42.19803237915039,,,,,,
2025-01-23,42.13029479980469,,,,,,
2025-01-24,42.30447006225586,,,,,,
2025-01-27,40.698219299316406,,,,,,
2025-01-28,41.78195571899414,,,,,,
2025-01-29,42.28511428833008,,,,,,
2025-01-30,45.7298583984375,,,,,,
2025-01-31,44.278419494628906,,,,,,
2025-02-03,44.72352981567383,,,,,,
2025-02-04,47.41352081298828,,,,,,
2025-02-05,50.035770416259766,,,,,,
2025-02-06,49.745487213134766,,,,,,
2025-02-07,49.02944564819336,,,,,,
2025-02-10,51.20660018920898,,,,,,
2025-02-11,49.69710922241211,,,,,,
2025-02-12,51.196922302246094,,,,,,
2025-02-13,51.932315826416016,,,,,,
2025-02-14,48.45855331420898,,,,,,
2025-02-18,49.40682220458984,,,,,,
2025-02-19,49.11653137207031,,,,,,
2025-02-20,51.67106246948242,,,,,,
2025-02-21,47.684452056884766,,,,,,
2025-02-24,48.255348205566406,,,,,,
2025-02-25,46.91035461425781,,,,,,
2025-02-26,48.07149887084961,,,,,,
2025-02-27,43.96878433227539,,,,,,
2025-02-28,44.1429557800293,,,,,,
2025-03-03,44.06554412841797,,,,,,
2025-03-04,45.55568313598633,,,,,,
2025-03-05,49.542293548583984,,,,,,
2025-03-06,49.01009750366211,,,,,,
2025-03-07,50.229305267333984,,,,,,
2025-03-10,46.18463516235352,,,,,,
2025-03-11,49.745487213134766,,,,,,
2025-03-12,51.3323860168457,,,,,,
2025-03-13,54.68037033081055,,,,,,
2025-03-14,55.744754791259766,,,,,,
2025-03-17,58.40571594238281,,,,,,
2025-03-18,58.65729141235352,,,,,,
2025-03-19,58.9669303894043,,,,,,
2025-03-20,58.64762115478516,,,,,,
2025-03-21,56.83816909790039,,,,,,
2025-03-24,56.19953155517578,,,,,,
2025-03-25,58.21156692504883,,,,,,
2025-03-26,57.32823944091797,,,,,,
2025-03-27,60.52785110473633,,,,,,
2025-03-28,59.4776725769043,,,,,,
2025-03-31,60.22359848022461,,,,,,
2025-04-01,59.62489318847656,,,,,,
2025-04-02,59.3500862121582,,,,,,
2025-04-03,58.84953308105469,,,,,,
2025-04-04,47.78824996948242,,,,,,
2025-04-07,46.30621719360352,,,,,,
2025-04-08,46.512325286865234,,,,,,
2025-04-09,55.68916702270508,,,,,,
2025-04-10,60.84193801879883,,,,,,
2025-04-11,66.8289566040039,,,,,,
2025-04-14,69.48877716064453,,,,,,
2025-04-15,70.98062896728516,,,,,,
2025-04-16,75.85857391357422,,,,,,
2025-04-17,73.56190490722656,,,,,,
2025-04-21,75.66227722167969,,,,,,
2025-04-22,70.25433349609375,,,,,,
2025-04-23,66.23025512695312,,,,,,
2025-04-24,69.02748107910156,,,,,,
2025-04-25,66.43637084960938,,,,,,
2025-04-28,67.41786193847656,,,,,,
2025-04-29,65.48433685302734,,,,,,
2025-04-30,67.02525329589844,,,,,,
2025-05-01,61.27378082275391,,,,,,
2025-05-02,61.224708557128906,,,,,,
2025-05-05,66.04377746582031,,,,,,
2025-05-06,73.64041900634766,,,,,,
2025-05-07,69.64580535888672,,,,,,
2025-05-08,67.57487487792969,,,,,,
2025-05-09,72.74728393554688,,,,,,
2025-05-12,61.16582107543945,,,,,,
2025-05-13,61.4504508972168,,,,,,
2025-05-14,58.49619674682617,,,,,,
2025-05-15,60.98915481567383,,,,,,
2025-05-16,59.988040924072266,,,,,,
2025-05-19,62.96192932128906,,,,,,
2025-05-20,67.21173858642578,,,,,,
2025-05-21,69.1747055053711,,,,,,
2025-05-22,68.41895294189453,,,,,,
2025-05-23,72.39395141601562,,,,,,
2025-05-27,70.26412963867188,,,,,,
2025-05-28,72.43321228027344,,,,,,
2025-05-29,72.266357421875,,,,,,
2025-05-30,73.73857116699219,,,,,,
2025-06-02,82.90560150146484,,,,,,
2025-06-03,81.34503936767578,,,,,,
2025-06-04,82.67005157470703,,,,,,
2025-06-05,86.05615234375,,,,,,
2025-06-06,82.10077667236328,,,,,,
2025-06-09,83.376708984375,,,,,,
2025-06-10,80.9426498413086,,,,,,
2025-06-11,81.67876434326172,,,,,,
2025-06-12,85.5163345336914,,,,,,
2025-06-13,86.9787368774414,,,,,,
2025-06-16,83.08226776123047,,,,,,
2025-06-17,83.54356384277344,,,,,,
2025-06-18,80.96226501464844,,,,,,
2025-06-20,77.4289321899414,,,,,,
2025-06-23,79.28394317626953,,,,,,
2025-06-24,76.51541900634766,,,,,,
2025-06-25,76.5252456665039,,,,,,
2025-06-26,78.45288848876953,,,,,,
2025-06-27,73.26006317138672,,,,,,
2025-06-30,78.06932830810547,,,,,,
2025-07-01,77.91197204589844,,,,,,
2025-07-02,79.27902221679688,,,,,,
2025-07-03,79.71176147460938,,,,,,
2025-07-07,81.23616790771484,,,,,,
2025-07-08,75.15821075439453,,,,,,
2025-07-09,76.82030487060547,,,,,,
2025-07-10,77.64643859863281,,,,,,
2025-07-11,80.37069702148438,,,,,,
2025-07-14,79.6429214477539,,,,,,
2025-07-15,77.71526336669922,,,,,,
2025-07-16,77.17435455322266,,,,,,
2025-07-17,75.37457275390625,,,,,,
2025-07-18,74.33207702636719,,,,,,
2025-07-21,79.61341094970703,,,,,,
2025-07-22,83.34083557128906,,,,,,
2025-07-23,80.74442291259766,,,,,,
2025-07-24,78.62008666992188,,,,,,
2025-07-25,77.71526336669922,,,,,,
2025-07-28,73.70264434814453,,,,,,
2025-07-29,74.71564483642578,,,,,,
2025-07-30,70.65382385253906,,,,,,
2025-07-31,69.46380615234375,,,,,,
2025-08-01,71.2537612915039,,,,,,
2025-08-04,76.67278289794922,,,,,,
2025-08-05,81.1378173828125,,,,,,
2025-08-06,85.1602783203125,,,,,,
2025-08-07,87.62883758544922,,,,,,
2025-08-08,87.52066040039062,,,,,,
2025-08-11,86.63550567626953,,,,,,
2025-08-12,88.94671630859375,,,,,,
2025-08-13,89.44828796386719,,,,,,
2025-08-14,88.63199615478516,,,,,,
2025-08-15,91.2382354736328,,,,,,
2025-08-18,90.76616668701172,,,,,,
2025-08-19,84.90457916259766,,,,,,
2025-08-20,89.88102722167969,,,,,,
2025-08-21,93.17570495605467,,,,,,
2025-08-22,96.9228057861328,,,,,,
2025-08-25,96.28353881835938,,,,,,
2025-08-26,100.0896453857422,,,,,,
2025-08-27,100.12896728515624,,,,,,
2025-08-28,98.83075714111328,,,,,,
2025-08-29,106.43314361572266,,,,,,
2025-09-02,114.22237396240234,,,,,,
2025-09-03,116.65159606933594,,,,,,
2025-09-04,113.29788208007812,,,,,,
2025-09-05,119.1299819946289,,,,,,
2025-09-08,123.51634216308594,,,,,,
2025-09-09,121.2444839477539,,,,,,
2025-09-10,128.23707580566406,,,,,,
2025-09-11,133.86264038085938,,,,,,
2025-09-12,133.87245178222656,,,,,,
2025-09-15,138.27850341796875,,,,,,
2025-09-16,130.30242919921875,,,,,,
2025-09-17,126.46680450439452,,,,,,
2025-09-18,126.4864730834961,,,,,,
2025-09-19,139.09478759765625,,,,,,
2025-09-22,148.66415405273438,,,,,,
2025-09-23,148.2742919921875,,,,,,
2025-09-24,141.53050231933594,,,,,,
2025-09-25,144.95655822753906,,,,,,
2025-09-26,151.74954223632812,,,,,,
2025-09-29,158.444091796875,,,,,,
2025-09-30,160.48196411132812,,,,,,
2025-10-01,163.2484130859375,,,,,,
2025-10-02,162.2146759033203,,,,,,
2025-10-03,163.2090301513672,,,,,,
2025-10-06,171.69532775878906,,,,,,
2025-10-07,166.0443572998047,,,,,,
2025-10-08,179.15777587890625,,,,,,
2025-10-09,162.96290588378906,,,,,,
2025-10-10,162.09654235839844,,,,,,
2025-10-13,179.45314025878906,,,,,,
2025-10-14,174.35348510742188,,,,,,
2025-10-15,190.5384979248047,,,,,,
2025-10-16,201.43682861328125,,,,,,
2025-10-17,170.82899475097656,,,,,,
2025-10-20,180.4868621826172,,,,,,
2025-10-21,142.98757934570312,,,,,,
2025-10-22,143.15493774414062,,,,,,
2025-10-23,145.80322265625,,,,,,
2025-10-24,142.00306701660156,,,,,,
2025-10-27,131.67575073242188,,,,,,
2025-10-28,136.28317260742188,,,,,,
2025-10-29,135.6137237548828,,,,,,
2025-10-30,141.589599609375,,,,,,
2025-10-31,138.03558349609375,,,,,,
2025-11-03,133.21157836914062,,,,,,
2025-11-04,120.51162719726562,,,,,,
2025-11-05,126.53671264648438,,,,,,
2025-11-06,128.15127563476562,,,,,,
2025-11-07,134.97381591796875,,,,,,
2025-11-10,148.52040100097656,,,,,,
2025-11-11,149.56394958496094,,,,,,
2025-11-12,160.00942993164062,,,,,,
2025-11-13,151.31634521484375,,,,,,
2025-11-14,147.48667907714844,,,,,,
2025-11-17,143.4305877685547,,,,,,
2025-11-18,145.69493103027344,,,,,,
2025-11-19,148.75668334960938,,,,,,
2025-11-20,135.3380584716797,,,,,,
2025-11-21,136.62774658203125,,,,,,
2025-11-24,153.6791534423828,,,,,,
2025-11-25,155.25433349609375,,,,,,
2025-11-26,170.54348754882812,,,,,,
2025-11-28,183.4403381347656,,,,,,
2025-12-01,180.32931518554688,,,,,,
2025-12-02,176.91314697265625,,,,,,
2025-12-03,175.21981811523438,,,,,,
2025-12-04,175.35765075683594,,,,,,
2025-12-05,174.26486206054688,,,,,,
2025-12-08,167.03868103027344,,,,,,
2025-12-09,181.2350616455078,,,,,,
2025-12-10,187.5554962158203,,,,,,
2025-12-11,201.38758850097656,,,,,,
2025-12-12,199.487533569336,,,,,,
2025-12-15,193.7381134033203,,,,,,
2025-12-16,196.06149291992188,,,,,,
2025-12-17,200.8067626953125,,,,,,
2025-12-18,198.4439849853516,,,,,,
2025-12-19,211.01593017578125,,,,,,
2025-12-22,228.0279541015625,,,,,,
2025-12-23,228.62966918945312,,,,,,
2025-12-24,223.68600463867188,,,,,,
2025-12-26,234.18389892578125,,,,,,
2025-12-29,204.68934631347656,,,,,,
2025-12-30,209.3277130126953,,,,,,
2025-12-31,204.2911529541016,,,,,,
2026-01-02,201.6601104736328,,,,,,
2026-01-05,216.8726348876953,,,,,,
2026-01-06,233.3611297607422,,,,,,
2026-01-07,226.56593322753903,,,,,,
2026-01-08,229.2662048339844,,,,,,
2026-01-09,232.9556121826172,,,,,,
2026-01-12,250.29473876953125,,,,,,
2026-01-13,248.8506317138672,,,,,,
2026-01-14,251.214599609375,,,,,,
2026-01-15,253.34120178222656,,,,,,
2026-01-16,255.9722595214844,,,,,,
2026-01-20,288.73162841796875,,,,,,
2026-01-21,282.4903259277344,,,,,,
2026-01-22,315.0716552734375,,,,,,
2026-01-23,326.6145935058594,,,,,,
2026-01-26,324.1813659667969,,,,,,
2026-01-27,337.0892639160156,,,,,,
2026-01-28,350.7093811035156,,,,,,
2026-01-29,319.12701416015625,,,,,,
2026-01-30,232.6390991210937,,,,,,
2026-02-02,231.4719390869141,,,,,,
2026-02-03,253.95445251464844,,,,,,
2026-02-04,254.80506896972656,,,,,,
2026-02-05,219.1278076171875,,,,,,
2026-02-06,245.863525390625,,,,,,
2026-02-09,278.4349670410156,,,,,,
2026-02-10,274.98297119140625,,,,,,
2026-02-11,295.4872436523437,,,,,,
2026-02-12,243.13357543945312,,,,,,
2026-02-13,271.1056213378906,,,,,,
2026-02-17,250.21560668945312,,,,,,
2026-02-18,263.01470947265625,,,,,,
2026-02-19,277.0007629394531,,,,,,
2026-02-20,293.6771850585937,,,,,,
2026-02-23,312.6285705566406,,,,,,
2026-02-24,314.1913452148437,,,,,,
2026-02-25,317.01031494140625,,,,,,
2026-02-26,341.7480163574219,,,,,,
2026-02-27,353.083251953125,,,,,,
2026-03-02,348.03875732421875,,,,,,
2026-03-03,285.8829650878906,,,,,,
2026-03-04,292.2033996582031,,,,,,
2026-03-05,267.65362548828125,,,,,,
2026-03-06,265.14129638671875,,,,,,
2026-03-09,267.722900390625,,,,,,
2026-03-10,276.77325439453125,,,,,,
2026-03-11,262.8267822265625,,,,,,
2026-03-12,247.8813018798828,,,,,,
2026-03-13,218.8805389404297,,,,,,
2026-03-16,225.5768280029297,,,,,,
2026-03-17,222.79742431640625,,,,,,
2026-03-18,191.5118103027344,,,,,,
2026-03-19,167.33792114257812,,,,,,
2026-03-20,153.97503662109375,,,,,,
2026-03-23,169.63265991210938,,,,,,
2026-03-24,169.12167358398438,,,,,,
2026-03-25,179.78953552246094,,,,,,
2026-03-26,155.89395141601562,,,,,,
2026-03-27,169.88865661621094,,,,,,
2026-03-30,169.8089599609375,,,,,,
2026-03-31,198.3661193847656,,,,,,
2026-04-01,215.1298675537109,,,,,,
2026-04-02,204.59152221679688,,,,,,
2026-04-06,201.1949462890625,,,,,,
2026-04-07,206.42428588867188,,,,,,
2026-04-08,222.3314208984375,,,,,,
2026-04-09,224.04464721679688,,,,,,
2026-04-10,226.6244659423828,,,,,,
2026-04-13,228.63650512695312,,,,,,
2026-04-14,241.5156097412109,,,,,,
2026-04-15,229.5229949951172,,,,,,
2026-04-16,228.4970550537109,,,,,,
2026-04-17,241.3662109375,,,,,,
2026-04-20,236.1767120361328,,,,,,
2026-04-21,204.4022827148437,,,,,,
2026-04-22,214.7712860107422,,,,,,
2026-04-23,201.8623046875,,,,,,
2026-04-24,206.8725128173828,,,,,,
2026-04-27,199.5115966796875,,,,,,
2026-04-28,184.33157348632807,,,,,,
2026-04-29,174.16177368164062,,,,,,
2026-04-30,182.6880798339844,,,,,,
2026-05-01,179.46083068847656,,,,,,
2026-05-04,172.2692413330078,,,,,,
2026-05-05,172.72744750976562,,,,,,
2026-05-06,200.9957275390625,,,,,,
2026-05-07,201.12521362304688,,,,,,
2026-05-08,212.1118011474609,,,,,,
2026-05-11,223.0087432861328,,,,,,
2026-05-12,225.5387420654297,,,,,,
2026-05-13,221.97283935546875,,,,,,
2026-05-14,210.66751098632807,,,,,,
2026-05-15,179.59031677246094,,,,,,
2026-05-18,176.8013458251953,,,,,,
2026-05-19,161.3623504638672,,,,,,
2026-05-20,169.6296844482422,,,,,,
2026-05-21,166.62156677246094,,,,,,
2026-05-22,164.54974365234375,,,,,,
2026-05-26,179.21180725097656,,,,,,
2026-05-27,166.62156677246094,,,,,,
2026-05-28,172.67764282226562,,,,,,
2026-05-29,186.4432373046875,,,,,,
2026-06-01,173.1856231689453,,,,,,
2026-06-02,175.80528259277344,,,,,,
2026-06-03,160.37623596191406,,,,,,
2026-06-04,163.3843536376953,,,,,,
2026-06-05,130.7234344482422,,,,,,
2026-06-08,132.89483642578125,,,,,,
2026-06-09,127.33680725097656,,,,,,
2026-06-10,114.6369857788086,,,,,,
2026-06-11,130.45448303222656,,,,,,
2026-06-12,138.452880859375,,,,,,
2026-06-15,158.55343627929688,,,,,,
2026-06-16,165.57569885253906,,,,,,
2026-06-17,152.45753479003906,,,,,,
2026-06-18,145.8137969970703,,,,,,
2026-06-22,142.21800231933594,,,,,,
2026-06-23,127.4499969482422,,,,,,
2026-06-24,116.0199966430664,,,,,,
2026-06-25,120.29000091552734,,,,,,
2026-06-26,126.1500015258789,,,,,,
2026-06-29,122.56999969482422,,,,,,
2026-06-30,120.72000122070312,,,,,,
2026-07-01,120.33000183105467,,,,,,
2026-07-02,132.0800018310547,,,,,,
2026-07-06,134.75,,,,,,
2026-07-07,122.01,,,,,,
2026-07-08,113.58,,,,,,
2026-07-09,121.6,,,,,,
2026-07-10,121.39,,,,,,
2026-07-13,112.55,,,,,,
2026-07-14,119.65,,,,,,
2026-07-15,115.38,,,,,,
2026-07-16,106.09,,,,,,
2026-07-17,105.02,,,,,,
2026-07-20,103.86,,,,,,
2026-07-21,115.73,,,,,,
2026-07-22,124.23,,,,,,
2026-07-23,116.69,,,,,,
2026-07-24,117.22,,,,,,
2026-07-27,120.15,,,,,,
2026-07-28,114.75,,,,,,
2026-07-29,110.64,,,,,,
2026-07-30,119.63,,,,,,
2026-07-31,111.08,,,,,,
2026-08-03,118.59,,,,,,
2026-08-04,126.1,,,,,,
2026-08-05,144.76,,,,,,
2026-08-06,144.5,,,,,,
2026-08-07,166.14,,,,,,
2026-08-10,169.55,,,,,,
2026-08-11,169.17,,,,,,
2026-08-12,171.39,,,,,,
2026-08-13,161.58,,,,,,
2026-08-14,167.29,,,,,,
2026-08-17,173.63,,,,,,
2026-08-18,159.88,,,,,,
2026-08-19,189.87,,,,,,
2026-08-20,198.09,,,,,,
2026-08-21,208.23,,,,,,
2026-08-24,211.5,,,,,,
2026-08-25,218.85,,,,,,
2026-08-26,209.08,,,,,,
2026-08-27,215.14,,,,,,
2026-08-28,195.95,,,,,,
2026-08-31,193.43,195.75,196.45,185.68,304014.0,189.742,1156.0
2026-09-01,175.99,179.2,191.24,175.37,230293.0,181.766,1042.0
