date,close,open,high,low,volume,average,barCount
2011-10-06,181.9555511474609,,,,,,
2011-10-07,192.1777801513672,,,,,,
2011-10-10,187.46665954589844,,,,,,
2011-10-11,183.1555633544922,,,,,,
2011-10-12,191.022216796875,,,,,,
2011-10-13,188.933334350586,,,,,,
2011-10-14,177.5111083984375,,,,,,
2011-10-17,177.5111083984375,,,,,,
2011-10-18,191.46665954589844,,,,,,
2011-10-19,188.26666259765625,,,,,,
2011-10-20,188.26666259765625,,,,,,
2011-10-21,188.26666259765625,,,,,,
2011-10-24,188.26666259765625,,,,,,
2011-10-25,187.7333374023437,,,,,,
2011-10-26,193.1555633544922,,,,,,
2011-10-27,193.55555725097656,,,,,,
2011-10-28,180.26666259765625,,,,,,
2011-10-31,181.42222595214844,,,,,,
2011-11-01,190.08888244628903,,,,,,
2011-11-02,193.6444396972656,,,,,,
2011-11-03,192.26666259765625,,,,,,
2011-11-04,194.04444885253903,,,,,,
2011-11-07,200.5333404541016,,,,,,
2011-11-08,197.5111083984375,,,,,,
2011-11-09,205.24444580078125,,,,,,
2011-11-10,208.5333404541016,,,,,,
2011-11-11,212.7111053466797,,,,,,
2011-11-14,224.5333404541016,,,,,,
2011-11-15,230.3999938964844,,,,,,
2011-11-16,238.75555419921875,,,,,,
2011-11-17,226.13333129882807,,,,,,
2011-11-18,238.13333129882807,,,,,,
2011-11-21,227.46665954589844,,,,,,
2011-11-22,230.8444366455078,,,,,,
2011-11-23,222.44444274902344,,,,,,
2011-11-25,218.13333129882807,,,,,,
2011-11-28,230.4888916015625,,,,,,
2011-11-29,217.6444396972656,,,,,,
2011-11-30,225.9555511474609,,,,,,
2011-12-01,215.6000061035156,,,,,,
2011-12-02,221.9111175537109,,,,,,
2011-12-05,237.46665954589844,,,,,,
2011-12-06,235.11111450195312,,,,,,
2011-12-07,242.04444885253903,,,,,,
2011-12-08,237.6000061035156,,,,,,
2011-12-09,254.977783203125,,,,,,
2011-12-12,265.7333374023437,,,,,,
2011-12-13,260.4444580078125,,,,,,
2011-12-14,279.6000061035156,,,,,,
2011-12-15,281.1111145019531,,,,,,
2011-12-16,279.8666687011719,,,,,,
2011-12-19,284.04443359375,,,,,,
2011-12-20,279.3333435058594,,,,,,
2011-12-21,274.6666564941406,,,,,,
2011-12-22,276.5777893066406,,,,,,
2011-12-23,286.79998779296875,,,,,,
2011-12-27,286.9333190917969,,,,,,
2011-12-28,290.8888854980469,,,,,,
2011-12-29,310.31109619140625,,,,,,
2011-12-30,319.4666748046875,,,,,,
2012-01-03,315.5111083984375,,,,,,
2012-01-04,294.6666564941406,,,,,,
2012-01-05,314.5777893066406,,,,,,
2012-01-06,298.5777893066406,,,,,,
2012-01-09,306.3555603027344,,,,,,
2012-01-10,326.3555603027344,,,,,,
2012-01-11,357.7333374023437,,,,,,
2012-01-12,370.4888916015625,,,,,,
2012-01-13,395.9111022949219,,,,,,
2012-01-17,436.4444580078125,,,,,,
2012-01-18,437.1111145019531,,,,,,
2012-01-19,493.68890380859375,,,,,,
2012-01-20,478.8444519042969,,,,,,
2012-01-23,393.3333435058594,,,,,,
2012-01-24,395.77777099609375,,,,,,
2012-01-25,342.79998779296875,,,,,,
2012-01-26,380.2222290039063,,,,,,
2012-01-27,344.6222229003906,,,,,,
2012-01-30,373.3333435058594,,,,,,
2012-01-31,425.2444458007813,,,,,,
2012-02-01,454.0,,,,,,
2012-02-02,392.5333251953125,,,,,,
2012-02-03,401.95556640625,,,,,,
2012-02-06,382.5333251953125,,,,,,
2012-02-07,408.3555603027344,,,,,,
2012-02-08,420.8444519042969,,,,,,
2012-02-09,410.2222290039063,,,,,,
2012-02-10,402.1333312988281,,,,,,
2012-02-13,413.6444396972656,,,,,,
2012-02-14,392.2222290039063,,,,,,
2012-02-15,415.8666687011719,,,,,,
2012-02-16,394.0,,,,,,
2012-02-17,360.8888854980469,,,,,,
2012-02-21,372.7999877929688,,,,,,
2012-02-22,367.77777099609375,,,,,,
2012-02-23,379.8666687011719,,,,,,
2012-02-24,394.5333251953125,,,,,,
2012-02-27,415.6444396972656,,,,,,
2012-02-28,441.95556640625,,,,,,
2012-02-29,425.1111145019531,,,,,,
2012-03-01,457.8222351074219,,,,,,
2012-03-02,455.2000122070313,,,,,,
2012-03-05,493.6444396972656,,,,,,
2012-03-06,500.3555603027344,,,,,,
2012-03-07,522.933349609375,,,,,,
2012-03-08,522.977783203125,,,,,,
2012-03-09,515.95556640625,,,,,,
2012-03-12,540.4888916015625,,,,,,
2012-03-13,505.68890380859375,,,,,,
2012-03-14,516.3555297851562,,,,,,
2012-03-15,521.2888793945312,,,,,,
2012-03-16,503.5555419921875,,,,,,
2012-03-19,495.5555419921875,,,,,,
2012-03-20,508.2222290039063,,,,,,
2012-03-21,502.5333251953125,,,,,,
2012-03-22,534.0,,,,,,
2012-03-23,532.6666870117188,,,,,,
2012-03-26,544.6221923828125,,,,,,
2012-03-27,583.2000122070312,,,,,,
2012-03-28,577.022216796875,,,,,,
2012-03-29,633.7333374023438,,,,,,
2012-03-30,657.95556640625,,,,,,
2012-04-02,636.5333251953125,,,,,,
2012-04-03,624.0,,,,,,
2012-04-04,644.977783203125,,,,,,
2012-04-05,672.6666870117188,,,,,,
2012-04-09,659.5555419921875,,,,,,
2012-04-10,709.5111083984375,,,,,,
2012-04-11,739.7333374023438,,,,,,
2012-04-12,744.5777587890625,,,,,,
2012-04-13,751.6889038085938,,,,,,
2012-04-16,742.1777954101562,,,,,,
2012-04-17,773.7777709960938,,,,,,
2012-04-18,791.3778076171875,,,,,,
2012-04-19,819.5555419921875,,,,,,
2012-04-20,805.6889038085938,,,,,,
2012-04-23,744.5777587890625,,,,,,
2012-04-24,769.8222045898438,,,,,,
2012-04-25,685.066650390625,,,,,,
2012-04-26,718.6666870117188,,,,,,
2012-04-27,673.8222045898438,,,,,,
2012-04-30,620.4444580078125,,,,,,
2012-05-01,591.3333129882812,,,,,,
2012-05-02,636.933349609375,,,,,,
2012-05-03,597.5555419921875,,,,,,
2012-05-04,623.5555419921875,,,,,,
2012-05-07,600.04443359375,,,,,,
2012-05-08,549.9111328125,,,,,,
2012-05-09,547.4666748046875,,,,,,
2012-05-10,535.2000122070312,,,,,,
2012-05-11,523.4666748046875,,,,,,
2012-05-14,563.4666748046875,,,,,,
2012-05-15,524.4000244140625,,,,,,
2012-05-16,475.8666687011719,,,,,,
2012-05-17,467.4666748046875,,,,,,
2012-05-18,439.8666687011719,,,,,,
2012-05-21,464.1333312988281,,,,,,
2012-05-22,442.3999938964844,,,,,,
2012-05-23,435.3333435058594,,,,,,
2012-05-24,459.3333435058594,,,,,,
2012-05-25,495.0666809082031,,,,,,
2012-05-29,535.3333129882812,,,,,,
2012-05-30,566.0,,,,,,
2012-05-31,568.933349609375,,,,,,
2012-06-01,616.2666625976562,,,,,,
2012-06-04,560.0,,,,,,
2012-06-05,562.4000244140625,,,,,,
2012-06-06,560.1333618164062,,,,,,
2012-06-07,626.6666870117188,,,,,,
2012-06-08,614.2666625976562,,,,,,
2012-06-11,662.933349609375,,,,,,
2012-06-12,658.0,,,,,,
2012-06-13,676.7999877929688,,,,,,
2012-06-14,496.5333251953125,,,,,,
2012-06-15,510.5333251953125,,,,,,
2012-06-18,452.1333312988281,,,,,,
2012-06-19,478.5333251953125,,,,,,
2012-06-20,488.0,,,,,,
2012-06-21,466.6666564941406,,,,,,
2012-06-22,447.3333435058594,,,,,,
2012-06-25,436.1333312988281,,,,,,
2012-06-26,410.0,,,,,,
2012-06-27,413.0666809082031,,,,,,
2012-06-28,422.3999938964844,,,,,,
2012-06-29,401.73333740234375,,,,,,
2012-07-02,402.7999877929688,,,,,,
2012-07-03,390.3999938964844,,,,,,
2012-07-05,375.2000122070313,,,,,,
2012-07-06,411.0666809082031,,,,,,
2012-07-09,386.6666564941406,,,,,,
2012-07-10,423.3333435058594,,,,,,
2012-07-11,392.6666564941406,,,,,,
2012-07-12,383.8666687011719,,,,,,
2012-07-13,384.5333251953125,,,,,,
2012-07-16,402.3999938964844,,,,,,
2012-07-17,405.2000122070313,,,,,,
2012-07-18,361.3333435058594,,,,,,
2012-07-19,344.6666564941406,,,,,,
2012-07-20,329.0666809082031,,,,,,
2012-07-23,321.6000061035156,,,,,,
2012-07-24,310.0,,,,,,
2012-07-25,330.0,,,,,,
2012-07-26,322.6666564941406,,,,,,
2012-07-27,334.5333251953125,,,,,,
2012-07-30,296.1333312988281,,,,,,
2012-07-31,291.3333435058594,,,,,,
2012-08-01,302.9333190917969,,,,,,
2012-08-02,348.0,,,,,,
2012-08-03,356.0,,,,,,
2012-08-06,350.79998779296875,,,,,,
2012-08-07,338.6666564941406,,,,,,
2012-08-08,342.1333312988281,,,,,,
2012-08-09,349.8666687011719,,,,,,
2012-08-10,371.3333435058594,,,,,,
2012-08-13,381.4666748046875,,,,,,
2012-08-14,365.4666748046875,,,,,,
2012-08-15,380.9333190917969,,,,,,
2012-08-16,394.6666564941406,,,,,,
2012-08-17,389.0666809082031,,,,,,
2012-08-20,380.26666259765625,,,,,,
2012-08-21,376.9333190917969,,,,,,
2012-08-22,366.6666564941406,,,,,,
2012-08-23,370.6666564941406,,,,,,
2012-08-24,396.3999938964844,,,,,,
2012-08-27,415.0666809082031,,,,,,
2012-08-28,430.3999938964844,,,,,,
2012-08-29,410.6666564941406,,,,,,
2012-08-30,396.1333312988281,,,,,,
2012-08-31,386.7999877929688,,,,,,
2012-09-04,377.8666687011719,,,,,,
2012-09-05,390.3999938964844,,,,,,
2012-09-06,399.73333740234375,,,,,,
2012-09-07,417.6000061035156,,,,,,
2012-09-10,384.0,,,,,,
2012-09-11,344.3999938964844,,,,,,
2012-09-12,327.6000061035156,,,,,,
2012-09-13,333.6000061035156,,,,,,
2012-09-14,345.0666809082031,,,,,,
2012-09-17,360.7999877929688,,,,,,
2012-09-18,375.2000122070313,,,,,,
2012-09-19,375.0666809082031,,,,,,
2012-09-20,372.7999877929688,,,,,,
2012-09-21,350.1333312988281,,,,,,
2012-09-24,352.6666564941406,,,,,,
2012-09-25,337.8666687011719,,,,,,
2012-09-26,320.3999938964844,,,,,,
2012-09-27,302.26666259765625,,,,,,
2012-09-28,295.20001220703125,,,,,,
2012-10-01,268.3999938964844,,,,,,
2012-10-02,261.6000061035156,,,,,,
2012-10-03,274.9333190917969,,,,,,
2012-10-04,276.3999938964844,,,,,,
2012-10-05,280.1333312988281,,,,,,
2012-10-08,277.7333374023437,,,,,,
2012-10-09,266.6666564941406,,,,,,
2012-10-10,266.3999938964844,,,,,,
2012-10-11,248.6666717529297,,,,,,
2012-10-12,257.20001220703125,,,,,,
2012-10-15,267.6000061035156,,,,,,
2012-10-16,267.0666809082031,,,,,,
2012-10-17,260.1333312988281,,,,,,
2012-10-18,250.5333404541016,,,,,,
2012-10-19,247.86666870117188,,,,,,
2012-10-22,264.9333190917969,,,,,,
2012-10-23,255.0666656494141,,,,,,
2012-10-24,264.9333190917969,,,,,,
2012-10-25,264.3999938964844,,,,,,
2012-10-26,270.9333190917969,,,,,,
2012-10-31,275.0666809082031,,,,,,
2012-11-01,278.5333251953125,,,,,,
2012-11-02,296.6666564941406,,,,,,
2012-11-05,293.3333435058594,,,,,,
2012-11-06,285.4666748046875,,,,,,
2012-11-07,290.0,,,,,,
2012-11-08,286.9333190917969,,,,,,
2012-11-09,301.6000061035156,,,,,,
2012-11-12,290.5333251953125,,,,,,
2012-11-13,265.3333435058594,,,,,,
2012-11-14,263.6000061035156,,,,,,
2012-11-15,272.1333312988281,,,,,,
2012-11-16,258.9333190917969,,,,,,
2012-11-19,266.5333251953125,,,,,,
2012-11-20,253.0666656494141,,,,,,
2012-11-21,242.8000030517578,,,,,,
2012-11-23,241.7333374023437,,,,,,
2012-11-26,258.26666259765625,,,,,,
2012-11-27,258.9333190917969,,,,,,
2012-11-28,268.6666564941406,,,,,,
2012-11-29,291.0666809082031,,,,,,
2012-11-30,302.26666259765625,,,,,,
2012-12-03,300.26666259765625,,,,,,
2012-12-04,307.8666687011719,,,,,,
2012-12-05,283.4666748046875,,,,,,
2012-12-06,289.20001220703125,,,,,,
2012-12-07,303.3333435058594,,,,,,
2012-12-10,320.79998779296875,,,,,,
2012-12-11,327.7333374023437,,,,,,
2012-12-12,329.6000061035156,,,,,,
2012-12-13,337.7333374023437,,,,,,
2012-12-14,342.3999938964844,,,,,,
2012-12-17,337.7333374023437,,,,,,
2012-12-18,329.4666748046875,,,,,,
2012-12-19,337.4666748046875,,,,,,
2012-12-20,315.7333374023437,,,,,,
2012-12-21,317.6000061035156,,,,,,
2012-12-24,332.1333312988281,,,,,,
2012-12-26,330.5333251953125,,,,,,
2012-12-27,331.4666748046875,,,,,,
2012-12-28,320.26666259765625,,,,,,
2012-12-31,338.79998779296875,,,,,,
2013-01-02,361.6000061035156,,,,,,
2013-01-03,373.8666687011719,,,,,,
2013-01-04,353.8666687011719,,,,,,
2013-01-07,355.6000061035156,,,,,,
2013-01-08,363.4666748046875,,,,,,
2013-01-09,387.2000122070313,,,,,,
2013-01-10,370.6666564941406,,,,,,
2013-01-11,340.3999938964844,,,,,,
2013-01-14,332.79998779296875,,,,,,
2013-01-15,320.79998779296875,,,,,,
2013-01-16,321.20001220703125,,,,,,
2013-01-17,310.9333190917969,,,,,,
2013-01-18,296.0,,,,,,
2013-01-22,299.6000061035156,,,,,,
2013-01-23,298.79998779296875,,,,,,
2013-01-24,312.79998779296875,,,,,,
2013-01-25,313.8666687011719,,,,,,
2013-01-28,344.6666564941406,,,,,,
2013-01-29,352.0,,,,,,
2013-01-30,335.6000061035156,,,,,,
2013-01-31,335.3333435058594,,,,,,
2013-02-01,343.20001220703125,,,,,,
2013-02-04,338.3999938964844,,,,,,
2013-02-05,320.0,,,,,,
2013-02-06,314.9333190917969,,,,,,
2013-02-07,340.79998779296875,,,,,,
2013-02-08,347.7333374023437,,,,,,
2013-02-11,343.4666748046875,,,,,,
2013-02-12,350.79998779296875,,,,,,
2013-02-13,341.4666748046875,,,,,,
2013-02-14,364.26666259765625,,,,,,
2013-02-15,366.3999938964844,,,,,,
2013-02-19,345.7333374023437,,,,,,
2013-02-20,346.0,,,,,,
2013-02-21,351.7333374023437,,,,,,
2013-02-22,344.5333251953125,,,,,,
2013-02-25,321.7333374023437,,,,,,
2013-02-26,323.6000061035156,,,,,,
2013-02-27,329.6000061035156,,,,,,
2013-02-28,316.9333190917969,,,,,,
2013-03-01,320.3999938964844,,,,,,
2013-03-04,307.7333374023437,,,,,,
2013-03-05,308.9333190917969,,,,,,
2013-03-06,315.3333435058594,,,,,,
2013-03-07,299.6000061035156,,,,,,
2013-03-08,290.5333251953125,,,,,,
2013-03-11,290.0,,,,,,
2013-03-12,291.4666748046875,,,,,,
2013-03-13,283.7333374023437,,,,,,
2013-03-14,262.3999938964844,,,,,,
2013-03-15,258.6666564941406,,,,,,
2013-03-18,257.20001220703125,,,,,,
2013-03-19,245.7333374023437,,,,,,
2013-03-20,248.0,,,,,,
2013-03-21,249.7333374023437,,,,,,
2013-03-22,248.8000030517578,,,,,,
2013-03-25,257.20001220703125,,,,,,
2013-03-26,244.13333129882807,,,,,,
2013-03-27,233.3333282470703,,,,,,
2013-03-28,240.8000030517578,,,,,,
2013-04-01,238.933334350586,,,,,,
2013-04-02,246.933334350586,,,,,,
2013-04-03,254.3999938964844,,,,,,
2013-04-04,249.1999969482422,,,,,,
2013-04-05,225.86666870117188,,,,,,
2013-04-08,230.3999938964844,,,,,,
2013-04-09,236.5333404541016,,,,,,
2013-04-10,229.6000061035156,,,,,,
2013-04-11,222.3999938964844,,,,,,
2013-04-12,213.6000061035156,,,,,,
2013-04-15,223.7333374023437,,,,,,
2013-04-16,220.26666259765625,,,,,,
2013-04-17,217.46665954589844,,,,,,
2013-04-18,196.933334350586,,,,,,
2013-04-19,197.6000061035156,,,,,,
2013-04-22,209.46665954589844,,,,,,
2013-04-23,212.5333404541016,,,,,,
2013-04-24,218.3999938964844,,,,,,
2013-04-25,220.3999938964844,,,,,,
2013-04-26,214.3999938964844,,,,,,
2013-04-29,200.0,,,,,,
2013-04-30,203.1999969482422,,,,,,
2013-05-01,205.0666656494141,,,,,,
2013-05-02,229.46665954589844,,,,,,
2013-05-03,228.933334350586,,,,,,
2013-05-06,232.5333404541016,,,,,,
2013-05-07,242.0,,,,,,
2013-05-08,237.0666656494141,,,,,,
2013-05-09,238.26666259765625,,,,,,
2013-05-10,246.0,,,,,,
2013-05-13,244.3999938964844,,,,,,
2013-05-14,233.3333282470703,,,,,,
2013-05-15,226.933334350586,,,,,,
2013-05-16,241.1999969482422,,,,,,
2013-05-17,227.3333282470703,,,,,,
2013-05-20,223.6000061035156,,,,,,
2013-05-21,212.3999938964844,,,,,,
2013-05-22,213.7333374023437,,,,,,
2013-05-23,206.0,,,,,,
2013-05-24,207.7333374023437,,,,,,
2013-05-28,214.5333404541016,,,,,,
2013-05-29,218.8000030517578,,,,,,
2013-05-30,233.3333282470703,,,,,,
2013-05-31,238.0,,,,,,
2013-06-03,237.7333374023437,,,,,,
2013-06-04,237.3333282470703,,,,,,
2013-06-05,236.3999938964844,,,,,,
2013-06-06,252.933334350586,,,,,,
2013-06-07,256.5333251953125,,,,,,
2013-06-10,261.1333312988281,,,,,,
2013-06-11,271.0,,,,,,
2013-06-12,263.76666259765625,,,,,,
2013-06-13,257.2333374023437,,,,,,
2013-06-14,268.26666259765625,,,,,,
2013-06-17,248.46665954589844,,,,,,
2013-06-18,245.433334350586,,,,,,
2013-06-19,239.96665954589844,,,,,,
2013-06-20,248.26666259765625,,,,,,
2013-06-21,259.6666564941406,,,,,,
2013-06-24,266.0333251953125,,,,,,
2013-06-25,276.4666748046875,,,,,,
2013-06-26,269.1333312988281,,,,,,
2013-06-27,291.1333312988281,,,,,,
2013-06-28,293.3333435058594,,,,,,
2013-07-01,292.6000061035156,,,,,,
2013-07-02,279.8999938964844,,,,,,
2013-07-03,284.6000061035156,,,,,,
2013-07-05,287.76666259765625,,,,,,
2013-07-08,267.7333374023437,,,,,,
2013-07-09,276.3999938964844,,,,,,
2013-07-10,275.3999938964844,,,,,,
2013-07-11,282.9666748046875,,,,,,
2013-07-12,278.4666748046875,,,,,,
2013-07-15,275.0333251953125,,,,,,
2013-07-16,273.20001220703125,,,,,,
2013-07-17,281.1000061035156,,,,,,
2013-07-18,253.3333282470703,,,,,,
2013-07-19,256.6000061035156,,,,,,
2013-07-22,269.29998779296875,,,,,,
2013-07-23,261.4333190917969,,,,,,
2013-07-24,265.8999938964844,,,,,,
2013-07-25,273.6333312988281,,,,,,
2013-07-26,285.70001220703125,,,,,,
2013-07-29,300.3666687011719,,,,,,
2013-07-30,306.5,,,,,,
2013-07-31,307.5333251953125,,,,,,
2013-08-01,316.6666564941406,,,,,,
2013-08-02,324.4333190917969,,,,,,
2013-08-05,325.5666809082031,,,,,,
2013-08-06,330.9333190917969,,,,,,
2013-08-07,343.4333190917969,,,,,,
2013-08-08,328.1000061035156,,,,,,
2013-08-09,346.3999938964844,,,,,,
2013-08-12,330.20001220703125,,,,,,
2013-08-13,329.7333374023437,,,,,,
2013-08-14,324.5666809082031,,,,,,
2013-08-15,312.1666564941406,,,,,,
2013-08-16,320.0666809082031,,,,,,
2013-08-19,304.5,,,,,,
2013-08-20,304.70001220703125,,,,,,
2013-08-21,300.4666748046875,,,,,,
2013-08-22,289.70001220703125,,,,,,
2013-08-23,296.6000061035156,,,,,,
2013-08-26,294.1666564941406,,,,,,
2013-08-27,288.5,,,,,,
2013-08-28,289.5666809082031,,,,,,
2013-08-29,283.6000061035156,,,,,,
2013-08-30,284.0333251953125,,,,,,
2013-09-03,277.8666687011719,,,,,,
2013-09-04,277.5666809082031,,,,,,
2013-09-05,290.70001220703125,,,,,,
2013-09-06,298.7333374023437,,,,,,
2013-09-09,287.5666809082031,,,,,,
2013-09-10,292.26666259765625,,,,,,
2013-09-11,295.2333374023437,,,,,,
2013-09-12,282.70001220703125,,,,,,
2013-09-13,277.5333251953125,,,,,,
2013-09-16,267.8333435058594,,,,,,
2013-09-17,269.3333435058594,,,,,,
2013-09-18,270.8333435058594,,,,,,
2013-09-19,272.0666809082031,,,,,,
2013-09-20,274.79998779296875,,,,,,
2013-09-23,287.2333374023437,,,,,,
2013-09-24,303.1666564941406,,,,,,
2013-09-25,306.5,,,,,,
2013-09-26,303.3666687011719,,,,,,
2013-09-27,298.7333374023437,,,,,,
2013-09-30,306.20001220703125,,,,,,
2013-10-01,296.6666564941406,,,,,,
2013-10-02,308.26666259765625,,,,,,
2013-10-03,314.1666564941406,,,,,,
2013-10-04,313.2333374023437,,,,,,
2013-10-07,291.6000061035156,,,,,,
2013-10-08,278.29998779296875,,,,,,
2013-10-09,283.0,,,,,,
2013-10-10,276.6000061035156,,,,,,
2013-10-11,270.6333312988281,,,,,,
2013-10-14,267.1000061035156,,,,,,
2013-10-15,269.0666809082031,,,,,,
2013-10-16,275.5,,,,,,
2013-10-17,276.6666564941406,,,,,,
2013-10-18,276.26666259765625,,,,,,
2013-10-21,290.0,,,,,,
2013-10-22,301.26666259765625,,,,,,
2013-10-23,298.4333190917969,,,,,,
2013-10-24,296.79998779296875,,,,,,
2013-10-25,287.76666259765625,,,,,,
2013-10-28,310.5,,,,,,
2013-10-29,312.3333435058594,,,,,,
2013-10-30,314.26666259765625,,,,,,
2013-10-31,323.6333312988281,,,,,,
2013-11-01,335.5,,,,,,
2013-11-04,348.5333251953125,,,,,,
2013-11-05,340.6000061035156,,,,,,
2013-11-06,337.6666564941406,,,,,,
2013-11-07,338.70001220703125,,,,,,
2013-11-08,329.6000061035156,,,,,,
2013-11-11,330.5333251953125,,,,,,
2013-11-12,317.9666748046875,,,,,,
2013-11-13,330.7333374023437,,,,,,
2013-11-14,322.26666259765625,,,,,,
2013-11-15,316.0666809082031,,,,,,
2013-11-18,321.3333435058594,,,,,,
2013-11-19,333.0333251953125,,,,,,
2013-11-20,312.26666259765625,,,,,,
2013-11-21,308.1666564941406,,,,,,
2013-11-22,294.3999938964844,,,,,,
2013-11-25,290.3333435058594,,,,,,
2013-11-26,287.5333251953125,,,,,,
2013-11-27,281.3333435058594,,,,,,
2013-11-29,280.6666564941406,,,,,,
2013-12-02,273.3666687011719,,,,,,
2013-12-03,272.5666809082031,,,,,,
2013-12-04,273.26666259765625,,,,,,
2013-12-05,249.46665954589844,,,,,,
2013-12-06,250.6666717529297,,,,,,
2013-12-09,237.6000061035156,,,,,,
2013-12-10,236.0666656494141,,,,,,
2013-12-11,226.3000030517578,,,,,,
2013-12-12,223.26666259765625,,,,,,
2013-12-13,221.3000030517578,,,,,,
2013-12-16,230.86666870117188,,,,,,
2013-12-17,228.433334350586,,,,,,
2013-12-18,228.3333282470703,,,,,,
2013-12-19,208.8999938964844,,,,,,
2013-12-20,208.0,,,,,,
2013-12-23,202.8333282470703,,,,,,
2013-12-24,209.0,,,,,,
2013-12-26,209.46665954589844,,,,,,
2013-12-27,221.96665954589844,,,,,,
2013-12-30,214.3999938964844,,,,,,
2013-12-31,231.1999969482422,,,,,,
2014-01-02,222.46665954589844,,,,,,
2014-01-03,221.1000061035156,,,,,,
2014-01-06,223.13333129882807,,,,,,
2014-01-07,222.63333129882807,,,,,,
2014-01-08,234.46665954589844,,,,,,
2014-01-09,250.3999938964844,,,,,,
2014-01-10,247.76666259765625,,,,,,
2014-01-13,222.5,,,,,,
2014-01-14,216.433334350586,,,,,,
2014-01-15,219.0333404541016,,,,,,
2014-01-16,215.3999938964844,,,,,,
2014-01-17,223.5,,,,,,
2014-01-21,210.8333282470703,,,,,,
2014-01-22,192.26666259765625,,,,,,
2014-01-23,186.933334350586,,,,,,
2014-01-24,156.3333282470703,,,,,,
2014-01-27,169.76666259765625,,,,,,
2014-01-28,158.1666717529297,,,,,,
2014-01-29,124.93333435058594,,,,,,
2014-01-30,148.0,,,,,,
2014-01-31,149.26666259765625,,,,,,
2014-02-03,147.5,,,,,,
2014-02-04,123.93333435058594,,,,,,
2014-02-05,130.76666259765625,,,,,,
2014-02-06,136.60000610351562,,,,,,
2014-02-07,149.26666259765625,,,,,,
2014-02-10,159.53334045410156,,,,,,
2014-02-11,143.53334045410156,,,,,,
2014-02-12,146.8333282470703,,,,,,
2014-02-13,140.6666717529297,,,,,,
2014-02-14,143.6666717529297,,,,,,
2014-02-18,135.43333435058594,,,,,,
2014-02-19,132.03334045410156,,,,,,
2014-02-20,133.53334045410156,,,,,,
2014-02-21,130.0,,,,,,
2014-02-24,136.3000030517578,,,,,,
2014-02-25,140.3333282470703,,,,,,
2014-02-26,143.6999969482422,,,,,,
2014-02-27,145.60000610351562,,,,,,
2014-02-28,139.0,,,,,,
2014-03-03,144.36666870117188,,,,,,
2014-03-04,138.43333435058594,,,,,,
2014-03-05,139.10000610351562,,,,,,
2014-03-06,135.60000610351562,,,,,,
2014-03-07,136.3333282470703,,,,,,
2014-03-10,136.1666717529297,,,,,,
2014-03-11,138.1666717529297,,,,,,
2014-03-12,142.43333435058594,,,,,,
2014-03-13,148.89999389648438,,,,,,
2014-03-14,146.06666564941406,,,,,,
2014-03-17,141.6999969482422,,,,,,
2014-03-18,144.3000030517578,,,,,,
2014-03-19,143.06666564941406,,,,,,
2014-03-20,148.8000030517578,,,,,,
2014-03-21,152.3000030517578,,,,,,
2014-03-24,153.06666564941406,,,,,,
2014-03-25,144.46665954589844,,,,,,
2014-03-26,146.26666259765625,,,,,,
2014-03-27,137.8000030517578,,,,,,
2014-03-28,139.5,,,,,,
2014-03-31,145.6999969482422,,,,,,
2014-04-01,152.1999969482422,,,,,,
2014-04-02,146.23333740234375,,,,,,
2014-04-03,141.63333129882812,,,,,,
2014-04-04,142.23333740234375,,,,,,
2014-04-07,138.73333740234375,,,,,,
2014-04-08,135.39999389648438,,,,,,
2014-04-09,133.36666870117188,,,,,,
2014-04-10,129.36666870117188,,,,,,
2014-04-11,130.0,,,,,,
2014-04-14,132.86666870117188,,,,,,
2014-04-15,132.36666870117188,,,,,,
2014-04-16,134.56666564941406,,,,,,
2014-04-17,123.8000030517578,,,,,,
2014-04-21,125.33333587646484,,,,,,
2014-04-22,123.0,,,,,,
2014-04-23,123.1999969482422,,,,,,
2014-04-24,125.3000030517578,,,,,,
2014-04-25,128.03334045410156,,,,,,
2014-04-28,122.53333282470705,,,,,,
2014-04-29,119.03333282470705,,,,,,
2014-04-30,120.66666412353516,,,,,,
2014-05-01,124.86666870117188,,,,,,
2014-05-02,126.66666412353516,,,,,,
2014-05-05,126.03333282470705,,,,,,
2014-05-06,120.1999969482422,,,,,,
2014-05-07,123.86666870117188,,,,,,
2014-05-08,132.0,,,,,,
2014-05-09,134.86666870117188,,,,,,
2014-05-12,141.53334045410156,,,,,,
2014-05-13,145.1999969482422,,,,,,
2014-05-14,144.1666717529297,,,,,,
2014-05-15,140.1666717529297,,,,,,
2014-05-16,141.6666717529297,,,,,,
2014-05-19,138.53334045410156,,,,,,
2014-05-20,134.03334045410156,,,,,,
2014-05-21,137.3333282470703,,,,,,
2014-05-22,144.26666259765625,,,,,,
2014-05-23,142.03334045410156,,,,,,
2014-05-27,136.56666564941406,,,,,,
2014-05-28,129.86666870117188,,,,,,
2014-05-29,131.13333129882812,,,,,,
2014-05-30,132.36666870117188,,,,,,
2014-06-02,128.93333435058594,,,,,,
2014-06-03,129.8333282470703,,,,,,
2014-06-04,127.33333587646484,,,,,,
2014-06-05,125.26667022705078,,,,,,
2014-06-06,123.13333129882812,,,,,,
2014-06-09,126.5999984741211,,,,,,
2014-06-10,132.86666870117188,,,,,,
2014-06-11,133.26666259765625,,,,,,
2014-06-12,120.36666870117188,,,,,,
2014-06-13,119.46666717529295,,,,,,
2014-06-16,121.26667022705078,,,,,,
2014-06-17,121.16666412353516,,,,,,
2014-06-18,123.56666564941406,,,,,,
2014-06-19,127.06666564941406,,,,,,
2014-06-20,128.1999969482422,,,,,,
2014-06-23,134.10000610351562,,,,,,
2014-06-24,130.8000030517578,,,,,,
2014-06-25,129.3000030517578,,,,,,
2014-06-26,135.73333740234375,,,,,,
2014-06-27,136.86666870117188,,,,,,
2014-06-30,134.76666259765625,,,,,,
2014-07-01,136.1999969482422,,,,,,
2014-07-02,139.8000030517578,,,,,,
2014-07-03,139.8333282470703,,,,,,
2014-07-07,147.39999389648438,,,,,,
2014-07-08,148.3333282470703,,,,,,
2014-07-09,152.60000610351562,,,,,,
2014-07-10,156.1666717529297,,,,,,
2014-07-11,154.5,,,,,,
2014-07-14,154.0,,,,,,
2014-07-15,158.36666870117188,,,,,,
2014-07-16,156.6666717529297,,,,,,
2014-07-17,166.6666717529297,,,,,,
2014-07-18,168.63333129882812,,,,,,
2014-07-21,175.1666717529297,,,,,,
2014-07-22,183.2333374023437,,,,,,
2014-07-23,184.46665954589844,,,,,,
2014-07-24,176.8000030517578,,,,,,
2014-07-25,182.5,,,,,,
2014-07-28,184.3000030517578,,,,,,
2014-07-29,179.43333435058594,,,,,,
2014-07-30,183.433334350586,,,,,,
2014-07-31,177.3333282470703,,,,,,
2014-08-01,180.8333282470703,,,,,,
2014-08-04,175.93333435058594,,,,,,
2014-08-05,172.3333282470703,,,,,,
2014-08-06,167.8000030517578,,,,,,
2014-08-07,172.73333740234375,,,,,,
2014-08-08,165.43333435058594,,,,,,
2014-08-11,164.06666564941406,,,,,,
2014-08-12,163.93333435058594,,,,,,
2014-08-13,175.26666259765625,,,,,,
2014-08-14,170.36666870117188,,,,,,
2014-08-15,178.56666564941406,,,,,,
2014-08-18,178.23333740234375,,,,,,
2014-08-19,170.53334045410156,,,,,,
2014-08-20,174.13333129882812,,,,,,
2014-08-21,169.3333282470703,,,,,,
2014-08-22,172.1999969482422,,,,,,
2014-08-25,163.89999389648438,,,,,,
2014-08-26,164.93333435058594,,,,,,
2014-08-27,161.96665954589844,,,,,,
2014-08-28,159.3000030517578,,,,,,
2014-08-29,157.86666870117188,,,,,,
2014-09-02,171.0,,,,,,
2014-09-03,175.3333282470703,,,,,,
2014-09-04,177.06666564941406,,,,,,
2014-09-05,179.26666259765625,,,,,,
2014-09-08,172.56666564941406,,,,,,
2014-09-09,164.96665954589844,,,,,,
2014-09-10,166.39999389648438,,,,,,
2014-09-11,174.93333435058594,,,,,,
2014-09-12,174.43333435058594,,,,,,
2014-09-15,166.63333129882812,,,,,,
2014-09-16,160.26666259765625,,,,,,
2014-09-17,159.06666564941406,,,,,,
2014-09-18,166.6999969482422,,,,,,
2014-09-19,172.53334045410156,,,,,,
2014-09-22,171.8000030517578,,,,,,
2014-09-23,174.6666717529297,,,,,,
2014-09-24,168.60000610351562,,,,,,
2014-09-25,163.96665954589844,,,,,,
2014-09-26,163.3333282470703,,,,,,
2014-09-29,155.06666564941406,,,,,,
2014-09-30,154.93333435058594,,,,,,
2014-10-01,161.53334045410156,,,,,,
2014-10-02,165.96665954589844,,,,,,
2014-10-03,160.10000610351562,,,,,,
2014-10-06,170.03334045410156,,,,,,
2014-10-07,166.6999969482422,,,,,,
2014-10-08,173.76666259765625,,,,,,
2014-10-09,172.5,,,,,,
2014-10-10,174.3333282470703,,,,,,
2014-10-13,170.23333740234375,,,,,,
2014-10-14,177.1999969482422,,,,,,
2014-10-15,178.13333129882812,,,,,,
2014-10-16,177.96665954589844,,,,,,
2014-10-17,180.63333129882807,,,,,,
2014-10-20,189.5333404541016,,,,,,
2014-10-21,186.76666259765625,,,,,,
2014-10-22,191.5,,,,,,
2014-10-23,192.1999969482422,,,,,,
2014-10-24,195.1999969482422,,,,,,
2014-10-27,202.36666870117188,,,,,,
2014-10-28,190.96665954589844,,,,,,
2014-10-29,187.1000061035156,,,,,,
2014-10-30,183.0666656494141,,,,,,
2014-10-31,178.63333129882812,,,,,,
2014-11-03,162.8000030517578,,,,,,
2014-11-04,153.8333282470703,,,,,,
2014-11-05,150.73333740234375,,,,,,
2014-11-06,135.93333435058594,,,,,,
2014-11-07,137.43333435058594,,,,,,
2014-11-10,143.86666870117188,,,,,,
2014-11-11,146.13333129882812,,,,,,
2014-11-12,150.8333282470703,,,,,,
2014-11-13,163.13333129882812,,,,,,
2014-11-14,156.43333435058594,,,,,,
2014-11-17,138.60000610351562,,,,,,
2014-11-18,138.96665954589844,,,,,,
2014-11-19,129.93333435058594,,,,,,
2014-11-20,125.1999969482422,,,,,,
2014-11-21,135.39999389648438,,,,,,
2014-11-24,142.96665954589844,,,,,,
2014-11-25,134.0,,,,,,
2014-11-26,139.1666717529297,,,,,,
2014-11-28,150.3333282470703,,,,,,
2014-12-01,160.23333740234375,,,,,,
2014-12-02,171.53334045410156,,,,,,
2014-12-03,178.13333129882812,,,,,,
2014-12-04,193.13333129882807,,,,,,
2014-12-05,177.8333282470703,,,,,,
2014-12-08,192.13333129882807,,,,,,
2014-12-09,190.8999938964844,,,,,,
2014-12-10,182.8333282470703,,,,,,
2014-12-11,190.1000061035156,,,,,,
2014-12-12,176.93333435058594,,,,,,
2014-12-15,180.5666656494141,,,,,,
2014-12-16,189.6666717529297,,,,,,
2014-12-17,185.1999969482422,,,,,,
2014-12-18,185.3333282470703,,,,,,
2014-12-19,205.0,,,,,,
2014-12-22,233.3333282470703,,,,,,
2014-12-23,235.6999969482422,,,,,,
2014-12-24,253.7333374023437,,,,,,
2014-12-26,255.7333374023437,,,,,,
2014-12-29,236.933334350586,,,,,,
2014-12-30,247.6000061035156,,,,,,
2014-12-31,273.4333190917969,,,,,,
2015-01-02,266.0,,,,,,
2015-01-05,271.70001220703125,,,,,,
2015-01-06,270.3333435058594,,,,,,
2015-01-07,279.20001220703125,,,,,,
2015-01-08,265.26666259765625,,,,,,
2015-01-09,262.6666564941406,,,,,,
2015-01-12,291.6333312988281,,,,,,
2015-01-13,264.0,,,,,,
2015-01-14,210.13333129882807,,,,,,
2015-01-15,223.0333404541016,,,,,,
2015-01-16,235.1999969482422,,,,,,
2015-01-20,260.3333435058594,,,,,,
2015-01-21,247.5,,,,,,
2015-01-22,263.0666809082031,,,,,,
2015-01-23,246.0666656494141,,,,,,
2015-01-26,261.3333435058594,,,,,,
2015-01-27,251.1999969482422,,,,,,
2015-01-28,258.5666809082031,,,,,,
2015-01-29,283.3333435058594,,,,,,
2015-01-30,291.2333374023437,,,,,,
2015-02-02,291.8333435058594,,,,,,
2015-02-03,274.3999938964844,,,,,,
2015-02-04,293.6000061035156,,,,,,
2015-02-05,307.4333190917969,,,,,,
2015-02-06,311.8333435058594,,,,,,
2015-02-09,304.5333251953125,,,,,,
2015-02-10,287.6666564941406,,,,,,
2015-02-11,261.6333312988281,,,,,,
2015-02-12,280.29998779296875,,,,,,
2015-02-13,266.26666259765625,,,,,,
2015-02-17,266.8666687011719,,,,,,
2015-02-18,260.3999938964844,,,,,,
2015-02-19,255.8333282470703,,,,,,
2015-02-20,237.933334350586,,,,,,
2015-02-23,252.0666656494141,,,,,,
2015-02-24,251.0333404541016,,,,,,
2015-02-25,254.8000030517578,,,,,,
2015-02-26,283.0,,,,,,
2015-02-27,278.70001220703125,,,,,,
2015-03-02,281.6000061035156,,,,,,
2015-03-03,280.0333251953125,,,,,,
2015-03-04,267.20001220703125,,,,,,
2015-03-05,254.2333374023437,,,,,,
2015-03-06,255.3333282470703,,,,,,
2015-03-09,280.79998779296875,,,,,,
2015-03-10,274.9666748046875,,,,,,
2015-03-11,255.8000030517578,,,,,,
2015-03-12,269.5,,,,,,
2015-03-13,272.5,,,,,,
2015-03-16,271.4333190917969,,,,,,
2015-03-17,251.26666259765625,,,,,,
2015-03-18,241.1666717529297,,,,,,
2015-03-19,254.3333282470703,,,,,,
2015-03-20,259.26666259765625,,,,,,
2015-03-23,267.1333312988281,,,,,,
2015-03-24,260.0,,,,,,
2015-03-25,270.4333190917969,,,,,,
2015-03-26,281.9333190917969,,,,,,
2015-03-27,289.3333435058594,,,,,,
2015-03-30,291.5666809082031,,,,,,
2015-03-31,291.79998779296875,,,,,,
2015-04-01,299.2333374023437,,,,,,
2015-04-02,275.5,,,,,,
2015-04-06,286.4333190917969,,,,,,
2015-04-07,283.5333251953125,,,,,,
2015-04-08,292.8999938964844,,,,,,
2015-04-09,310.7333374023437,,,,,,
2015-04-10,317.4666748046875,,,,,,
2015-04-13,319.8666687011719,,,,,,
2015-04-14,313.9333190917969,,,,,,
2015-04-15,298.29998779296875,,,,,,
2015-04-16,279.7333374023437,,,,,,
2015-04-17,288.29998779296875,,,,,,
2015-04-20,307.20001220703125,,,,,,
2015-04-21,299.1666564941406,,,,,,
2015-04-22,292.4333190917969,,,,,,
2015-04-23,306.1000061035156,,,,,,
2015-04-24,309.8999938964844,,,,,,
2015-04-27,325.0,,,,,,
2015-04-28,319.4666748046875,,,,,,
2015-04-29,305.3333435058594,,,,,,
2015-04-30,273.1000061035156,,,,,,
2015-05-01,263.4666748046875,,,,,,
2015-05-04,255.7333374023437,,,,,,
2015-05-05,261.3999938964844,,,,,,
2015-05-06,264.0,,,,,,
2015-05-07,270.4666748046875,,,,,,
2015-05-08,246.2333374023437,,,,,,
2015-05-11,254.86666870117188,,,,,,
2015-05-12,238.76666259765625,,,,,,
2015-05-13,233.3999938964844,,,,,,
2015-05-14,221.3999938964844,,,,,,
2015-05-15,220.0,,,,,,
2015-05-18,219.76666259765625,,,,,,
2015-05-19,227.36666870117188,,,,,,
2015-05-20,232.3333282470703,,,,,,
2015-05-21,228.433334350586,,,,,,
2015-05-22,242.2333374023437,,,,,,
2015-05-26,253.1666717529297,,,,,,
2015-05-27,254.26666259765625,,,,,,
2015-05-28,276.4333190917969,,,,,,
2015-05-29,289.7333374023437,,,,,,
2015-06-01,289.29998779296875,,,,,,
2015-06-02,278.9666748046875,,,,,,
2015-06-03,292.0,,,,,,
2015-06-04,294.29998779296875,,,,,,
2015-06-05,303.1333312988281,,,,,,
2015-06-08,275.8333435058594,,,,,,
2015-06-09,249.1999969482422,,,,,,
2015-06-10,239.76666259765625,,,,,,
2015-06-11,251.0333404541016,,,,,,
2015-06-12,262.0,,,,,,
2015-06-15,237.1000061035156,,,,,,
2015-06-16,237.0,,,,,,
2015-06-17,242.1666717529297,,,,,,
2015-06-18,254.96665954589844,,,,,,
2015-06-19,251.5,,,,,,
2015-06-22,262.9666748046875,,,,,,
2015-06-23,264.6666564941406,,,,,,
2015-06-24,258.4333190917969,,,,,,
2015-06-25,244.7333374023437,,,,,,
2015-06-26,258.6000061035156,,,,,,
2015-06-29,252.8999938964844,,,,,,
2015-06-30,250.6666717529297,,,,,,
2015-07-01,257.9666748046875,,,,,,
2015-07-02,249.13333129882807,,,,,,
2015-07-06,261.76666259765625,,,,,,
2015-07-07,268.1000061035156,,,,,,
2015-07-08,275.5333251953125,,,,,,
2015-07-09,266.6666564941406,,,,,,
2015-07-10,257.9666748046875,,,,,,
2015-07-13,244.96665954589844,,,,,,
2015-07-14,249.0,,,,,,
2015-07-15,237.46665954589844,,,,,,
2015-07-16,242.6666717529297,,,,,,
2015-07-17,239.433334350586,,,,,,
2015-07-20,247.0333404541016,,,,,,
2015-07-21,236.5333404541016,,,,,,
2015-07-22,236.1999969482422,,,,,,
2015-07-23,248.0666656494141,,,,,,
2015-07-24,255.1999969482422,,,,,,
2015-07-27,253.8333282470703,,,,,,
2015-07-28,249.86666870117188,,,,,,
2015-07-29,241.8333282470703,,,,,,
2015-07-30,254.0,,,,,,
2015-07-31,265.4666748046875,,,,,,
2015-08-03,259.79998779296875,,,,,,
2015-08-04,248.6666717529297,,,,,,
2015-08-05,253.1999969482422,,,,,,
2015-08-06,249.1666717529297,,,,,,
2015-08-07,250.76666259765625,,,,,,
2015-08-10,242.6666717529297,,,,,,
2015-08-11,241.1999969482422,,,,,,
2015-08-12,230.86666870117188,,,,,,
2015-08-13,244.46665954589844,,,,,,
2015-08-14,245.26666259765625,,,,,,
2015-08-17,255.1999969482422,,,,,,
2015-08-18,260.1666564941406,,,,,,
2015-08-19,263.9333190917969,,,,,,
2015-08-20,255.5333404541016,,,,,,
2015-08-21,269.8666687011719,,,,,,
2015-08-24,276.4666748046875,,,,,,
2015-08-25,273.1333312988281,,,,,,
2015-08-26,272.8666687011719,,,,,,
2015-08-27,276.26666259765625,,,,,,
2015-08-28,269.1000061035156,,,,,,
2015-08-31,276.26666259765625,,,,,,
2015-09-01,276.20001220703125,,,,,,
2015-09-02,285.0,,,,,,
2015-09-03,269.3999938964844,,,,,,
2015-09-04,278.79998779296875,,,,,,
2015-09-08,269.4333190917969,,,,,,
2015-09-09,278.6666564941406,,,,,,
2015-09-10,275.0666809082031,,,,,,
2015-09-11,270.8333435058594,,,,,,
2015-09-14,260.70001220703125,,,,,,
2015-09-15,265.5666809082031,,,,,,
2015-09-16,276.0,,,,,,
2015-09-17,279.0,,,,,,
2015-09-18,290.70001220703125,,,,,,
2015-09-21,298.5333251953125,,,,,,
2015-09-22,298.29998779296875,,,,,,
2015-09-23,298.9666748046875,,,,,,
2015-09-24,290.6666564941406,,,,,,
2015-09-25,299.5666809082031,,,,,,
2015-09-28,290.8999938964844,,,,,,
2015-09-29,308.79998779296875,,,,,,
2015-09-30,322.79998779296875,,,,,,
2015-10-01,348.6666564941406,,,,,,
2015-10-02,341.3333435058594,,,,,,
2015-10-05,339.6666564941406,,,,,,
2015-10-06,336.3333435058594,,,,,,
2015-10-07,333.4666748046875,,,,,,
2015-10-08,329.3333435058594,,,,,,
2015-10-09,323.3999938964844,,,,,,
2015-10-12,317.20001220703125,,,,,,
2015-10-13,324.20001220703125,,,,,,
2015-10-14,319.4666748046875,,,,,,
2015-10-15,331.3333435058594,,,,,,
2015-10-16,340.5333251953125,,,,,,
2015-10-19,338.0,,,,,,
2015-10-20,334.5333251953125,,,,,,
2015-10-21,350.3999938964844,,,,,,
2015-10-22,361.4666748046875,,,,,,
2015-10-23,380.7999877929688,,,,,,
2015-10-26,413.6666564941406,,,,,,
2015-10-27,411.0333251953125,,,,,,
2015-10-28,434.6000061035156,,,,,,
2015-10-29,450.0,,,,,,
2015-10-30,421.4333190917969,,,,,,
2015-11-02,438.0666809082031,,,,,,
2015-11-03,427.0,,,,,,
2015-11-04,435.8666687011719,,,,,,
2015-11-05,401.23333740234375,,,,,,
2015-11-06,413.9666748046875,,,,,,
2015-11-09,431.3333435058594,,,,,,
2015-11-10,420.2000122070313,,,,,,
2015-11-11,430.3666687011719,,,,,,
2015-11-12,423.7999877929688,,,,,,
2015-11-13,400.4333190917969,,,,,,
2015-11-16,405.0666809082031,,,,,,
2015-11-17,403.8999938964844,,,,,,
2015-11-18,418.5,,,,,,
2015-11-19,448.3333435058594,,,,,,
2015-11-20,484.3333435058594,,,,,,
2015-11-23,470.5333251953125,,,,,,
2015-11-24,475.2000122070313,,,,,,
2015-11-25,481.6000061035156,,,,,,
2015-11-27,515.0999755859375,,,,,,
2015-11-30,510.0,,,,,,
2015-12-01,509.9666748046875,,,,,,
2015-12-02,536.1666870117188,,,,,,
2015-12-03,525.3333129882812,,,,,,
2015-12-04,529.7333374023438,,,,,,
2015-12-07,584.7666625976562,,,,,,
2015-12-08,576.5333251953125,,,,,,
2015-12-09,588.5333251953125,,,,,,
2015-12-10,613.8333129882812,,,,,,
2015-12-11,629.6333618164062,,,,,,
2015-12-14,674.0999755859375,,,,,,
2015-12-15,730.0,,,,,,
2015-12-16,694.1333618164062,,,,,,
2015-12-17,707.7333374023438,,,,,,
2015-12-18,706.5333251953125,,,,,,
2015-12-21,630.933349609375,,,,,,
2015-12-22,652.2666625976562,,,,,,
2015-12-23,612.6333618164062,,,,,,
2015-12-24,599.4000244140625,,,,,,
2015-12-28,502.26666259765625,,,,,,
2015-12-29,479.0,,,,,,
2015-12-30,497.0,,,,,,
2015-12-31,465.5333251953125,,,,,,
2016-01-04,480.9333190917969,,,,,,
2016-01-05,471.0,,,,,,
2016-01-06,490.0,,,,,,
2016-01-07,451.1333312988281,,,,,,
2016-01-08,422.26666259765625,,,,,,
2016-01-11,457.2999877929688,,,,,,
2016-01-12,495.5333251953125,,,,,,
2016-01-13,482.3666687011719,,,,,,
2016-01-14,528.0,,,,,,
2016-01-15,550.4000244140625,,,,,,
2016-01-19,565.7333374023438,,,,,,
2016-01-20,546.5333251953125,,,,,,
2016-01-21,536.8666381835938,,,,,,
2016-01-22,537.1333618164062,,,,,,
2016-01-25,547.6333618164062,,,,,,
2016-01-26,544.0999755859375,,,,,,
2016-01-27,545.0,,,,,,
2016-01-28,506.5,,,,,,
2016-01-29,467.5666809082031,,,,,,
2016-02-01,531.066650390625,,,,,,
2016-02-02,586.6333618164062,,,,,,
2016-02-03,577.5999755859375,,,,,,
2016-02-04,611.7333374023438,,,,,,
2016-02-05,569.4000244140625,,,,,,
2016-02-08,531.933349609375,,,,,,
2016-02-09,549.7999877929688,,,,,,
2016-02-10,568.566650390625,,,,,,
2016-02-11,589.433349609375,,,,,,
2016-02-12,606.8333129882812,,,,,,
2016-02-16,642.4666748046875,,,,,,
2016-02-17,619.7999877929688,,,,,,
2016-02-18,666.066650390625,,,,,,
2016-02-19,701.6666870117188,,,,,,
2016-02-22,705.2666625976562,,,,,,
2016-02-23,733.0999755859375,,,,,,
2016-02-24,724.3333129882812,,,,,,
2016-02-25,762.4000244140625,,,,,,
2016-02-26,755.0,,,,,,
2016-02-29,816.933349609375,,,,,,
2016-03-01,769.7666625976562,,,,,,
2016-03-02,814.933349609375,,,,,,
2016-03-03,848.066650390625,,,,,,
2016-03-04,819.2999877929688,,,,,,
2016-03-07,799.6666870117188,,,,,,
2016-03-08,809.0333251953125,,,,,,
2016-03-09,760.2000122070312,,,,,,
2016-03-10,719.2999877929688,,,,,,
2016-03-11,716.2666625976562,,,,,,
2016-03-14,718.8666381835938,,,,,,
2016-03-15,688.7666625976562,,,,,,
2016-03-16,682.8666381835938,,,,,,
2016-03-17,641.7333374023438,,,,,,
2016-03-18,671.1333618164062,,,,,,
2016-03-21,718.7333374023438,,,,,,
2016-03-22,687.0,,,,,,
2016-03-23,749.2999877929688,,,,,,
2016-03-24,723.0,,,,,,
2016-03-28,686.6666870117188,,,,,,
2016-03-29,649.8666381835938,,,,,,
2016-03-30,649.0,,,,,,
2016-03-31,659.2666625976562,,,,,,
2016-04-01,669.7999877929688,,,,,,
2016-04-04,631.5999755859375,,,,,,
2016-04-05,668.8666381835938,,,,,,
2016-04-06,706.2999877929688,,,,,,
2016-04-07,616.7000122070312,,,,,,
2016-04-08,638.7000122070312,,,,,,
2016-04-11,677.5,,,,,,
2016-04-12,621.6666870117188,,,,,,
2016-04-13,604.2000122070312,,,,,,
2016-04-14,636.6666870117188,,,,,,
2016-04-15,665.5,,,,,,
2016-04-18,636.6666870117188,,,,,,
2016-04-19,558.3333129882812,,,,,,
2016-04-20,559.3333129882812,,,,,,
2016-04-21,544.1333618164062,,,,,,
2016-04-22,520.4000244140625,,,,,,
2016-04-25,536.7999877929688,,,,,,
2016-04-26,551.6333618164062,,,,,,
2016-04-27,545.4666748046875,,,,,,
2016-04-28,572.933349609375,,,,,,
2016-04-29,549.2999877929688,,,,,,
2016-05-02,585.2666625976562,,,,,,
2016-05-03,567.5999755859375,,,,,,
2016-05-04,544.7000122070312,,,,,,
2016-05-05,570.0,,,,,,
2016-05-06,570.2000122070312,,,,,,
2016-05-09,569.933349609375,,,,,,
2016-05-10,543.6333618164062,,,,,,
2016-05-11,544.5,,,,,,
2016-05-12,542.2000122070312,,,,,,
2016-05-13,562.566650390625,,,,,,
2016-05-16,594.933349609375,,,,,,
2016-05-17,593.1333618164062,,,,,,
2016-05-18,617.1333618164062,,,,,,
2016-05-19,591.5333251953125,,,,,,
2016-05-20,586.2000122070312,,,,,,
2016-05-23,580.0333251953125,,,,,,
2016-05-24,606.4000244140625,,,,,,
2016-05-25,600.0999755859375,,,,,,
2016-05-26,612.2333374023438,,,,,,
2016-05-27,600.0,,,,,,
2016-05-31,535.2666625976562,,,,,,
2016-06-01,487.6000061035156,,,,,,
2016-06-02,483.3999938964844,,,,,,
2016-06-03,480.3999938964844,,,,,,
2016-06-06,453.4333190917969,,,,,,
2016-06-07,450.0,,,,,,
2016-06-08,451.0666809082031,,,,,,
2016-06-09,408.1666564941406,,,,,,
2016-06-10,415.5333251953125,,,,,,
2016-06-13,413.0,,,,,,
2016-06-14,416.6666564941406,,,,,,
2016-06-15,410.6000061035156,,,,,,
2016-06-16,417.73333740234375,,,,,,
2016-06-17,406.2000122070313,,,,,,
2016-06-20,380.2000122070313,,,,,,
2016-06-21,375.5,,,,,,
2016-06-22,396.73333740234375,,,,,,
2016-06-23,391.6666564941406,,,,,,
2016-06-24,398.3333435058594,,,,,,
2016-06-27,391.0,,,,,,
2016-06-28,350.0,,,,,,
2016-06-29,356.0333251953125,,,,,,
2016-06-30,340.5666809082031,,,,,,
2016-07-01,326.6666564941406,,,,,,
2016-07-05,375.8333435058594,,,,,,
2016-07-06,366.7999877929688,,,,,,
2016-07-07,375.6666564941406,,,,,,
2016-07-08,367.2999877929688,,,,,,
2016-07-11,390.7999877929688,,,,,,
2016-07-12,386.7000122070313,,,,,,
2016-07-13,387.8999938964844,,,,,,
2016-07-14,386.6666564941406,,,,,,
2016-07-15,381.6666564941406,,,,,,
2016-07-18,382.5,,,,,,
2016-07-19,388.8666687011719,,,,,,
2016-07-20,410.6666564941406,,,,,,
2016-07-21,407.6666564941406,,,,,,
2016-07-22,375.0333251953125,,,,,,
2016-07-25,387.8999938964844,,,,,,
2016-07-26,393.2000122070313,,,,,,
2016-07-27,399.6000061035156,,,,,,
2016-07-28,339.0,,,,,,
2016-07-29,338.79998779296875,,,,,,
2016-08-01,359.79998779296875,,,,,,
2016-08-02,365.2000122070313,,,,,,
2016-08-03,337.20001220703125,,,,,,
2016-08-04,343.0,,,,,,
2016-08-05,360.0,,,,,,
2016-08-08,363.0,,,,,,
2016-08-09,389.7999877929688,,,,,,
2016-08-10,402.2999877929688,,,,,,
2016-08-11,410.7000122070313,,,,,,
2016-08-12,399.6000061035156,,,,,,
2016-08-15,405.0,,,,,,
2016-08-16,394.2999877929688,,,,,,
2016-08-17,396.7999877929688,,,,,,
2016-08-18,385.0,,,,,,
2016-08-19,412.6000061035156,,,,,,
2016-08-22,395.0,,,,,,
2016-08-23,370.8999938964844,,,,,,
2016-08-24,360.5,,,,,,
2016-08-25,349.29998779296875,,,,,,
2016-08-26,344.20001220703125,,,,,,
2016-08-29,347.8999938964844,,,,,,
2016-08-30,362.2000122070313,,,,,,
2016-08-31,348.0,,,,,,
2016-09-01,368.8999938964844,,,,,,
2016-09-02,373.7999877929688,,,,,,
2016-09-06,384.0,,,,,,
2016-09-07,393.0,,,,,,
2016-09-08,367.0,,,,,,
2016-09-09,375.3999938964844,,,,,,
2016-09-12,352.0,,,,,,
2016-09-13,347.20001220703125,,,,,,
2016-09-14,350.3999938964844,,,,,,
2016-09-15,346.29998779296875,,,,,,
2016-09-16,337.8999938964844,,,,,,
2016-09-19,343.29998779296875,,,,,,
2016-09-20,316.3999938964844,,,,,,
2016-09-21,314.79998779296875,,,,,,
2016-09-22,330.0,,,,,,
2016-09-23,335.0,,,,,,
2016-09-26,326.0,,,,,,
2016-09-27,329.79998779296875,,,,,,
2016-09-28,341.3999938964844,,,,,,
2016-09-29,348.0,,,,,,
2016-09-30,361.3999938964844,,,,,,
2016-10-03,360.7000122070313,,,,,,
2016-10-04,345.0,,,,,,
2016-10-05,332.0,,,,,,
2016-10-06,330.79998779296875,,,,,,
2016-10-07,300.20001220703125,,,,,,
2016-10-10,285.0,,,,,,
2016-10-11,290.29998779296875,,,,,,
2016-10-12,291.3999938964844,,,,,,
2016-10-13,273.20001220703125,,,,,,
2016-10-14,276.8999938964844,,,,,,
2016-10-17,277.3999938964844,,,,,,
2016-10-18,274.6000061035156,,,,,,
2016-10-19,283.6000061035156,,,,,,
2016-10-20,284.6000061035156,,,,,,
2016-10-21,297.3999938964844,,,,,,
2016-10-24,302.1000061035156,,,,,,
2016-10-25,327.20001220703125,,,,,,
2016-10-26,350.0,,,,,,
2016-10-27,341.20001220703125,,,,,,
2016-10-28,335.0,,,,,,
2016-10-31,352.6000061035156,,,,,,
2016-11-01,380.6000061035156,,,,,,
2016-11-02,402.2999877929688,,,,,,
2016-11-03,410.0,,,,,,
2016-11-04,408.0,,,,,,
2016-11-07,397.6000061035156,,,,,,
2016-11-08,453.5,,,,,,
2016-11-09,432.3999938964844,,,,,,
2016-11-10,438.7000122070313,,,,,,
2016-11-11,432.6000061035156,,,,,,
2016-11-14,408.6000061035156,,,,,,
2016-11-15,419.8999938964844,,,,,,
2016-11-16,409.0,,,,,,
2016-11-17,424.2000122070313,,,,,,
2016-11-18,392.8999938964844,,,,,,
2016-11-21,362.6000061035156,,,,,,
2016-11-22,369.3999938964844,,,,,,
2016-11-23,350.79998779296875,,,,,,
2016-11-25,335.79998779296875,,,,,,
2016-11-28,308.3999938964844,,,,,,
2016-11-29,310.3999938964844,,,,,,
2016-11-30,308.0,,,,,,
2016-12-01,276.3999938964844,,,,,,
2016-12-02,287.79998779296875,,,,,,
2016-12-05,263.3999938964844,,,,,,
2016-12-06,258.3999938964844,,,,,,
2016-12-07,263.6000061035156,,,,,,
2016-12-08,244.1999969482422,,,,,,
2016-12-09,241.3999938964844,,,,,,
2016-12-12,267.5,,,,,,
2016-12-13,273.6000061035156,,,,,,
2016-12-14,257.3999938964844,,,,,,
2016-12-15,272.0,,,,,,
2016-12-16,277.3999938964844,,,,,,
2016-12-19,276.3999938964844,,,,,,
2016-12-20,292.5,,,,,,
2016-12-21,250.3999938964844,,,,,,
2016-12-22,257.79998779296875,,,,,,
2016-12-23,238.0,,,,,,
2016-12-27,231.6000061035156,,,,,,
2016-12-28,219.0,,,,,,
2016-12-29,222.8000030517578,,,,,,
2016-12-30,230.5,,,,,,
2017-01-03,274.79998779296875,,,,,,
2017-01-04,290.0,,,,,,
2017-01-05,278.0,,,,,,
2017-01-06,280.0,,,,,,
2017-01-09,308.20001220703125,,,,,,
2017-01-10,280.1000061035156,,,,,,
2017-01-11,278.3999938964844,,,,,,
2017-01-12,263.5,,,,,,
2017-01-13,258.20001220703125,,,,,,
2017-01-17,260.5,,,,,,
2017-01-18,272.0,,,,,,
2017-01-19,269.79998779296875,,,,,,
2017-01-20,283.6000061035156,,,,,,
2017-01-23,274.0,,,,,,
2017-01-24,268.8999938964844,,,,,,
2017-01-25,259.8999938964844,,,,,,
2017-01-26,256.6000061035156,,,,,,
2017-01-27,258.6000061035156,,,,,,
2017-01-30,278.79998779296875,,,,,,
2017-01-31,294.3999938964844,,,,,,
2017-02-01,291.3999938964844,,,,,,
2017-02-02,287.0,,,,,,
2017-02-03,308.1000061035156,,,,,,
2017-02-06,310.79998779296875,,,,,,
2017-02-07,291.6000061035156,,,,,,
2017-02-08,293.29998779296875,,,,,,
2017-02-09,294.3999938964844,,,,,,
2017-02-10,308.3999938964844,,,,,,
2017-02-13,324.3999938964844,,,,,,
2017-02-14,325.5,,,,,,
2017-02-15,323.3999938964844,,,,,,
2017-02-16,340.5,,,,,,
2017-02-17,343.5,,,,,,
2017-02-21,393.0,,,,,,
2017-02-22,390.7000122070313,,,,,,
2017-02-23,384.0,,,,,,
2017-02-24,373.0,,,,,,
2017-02-27,395.0,,,,,,
2017-02-28,371.7999877929688,,,,,,
2017-03-01,361.2000122070313,,,,,,
2017-03-02,358.20001220703125,,,,,,
2017-03-03,352.20001220703125,,,,,,
2017-03-06,350.0,,,,,,
2017-03-07,355.79998779296875,,,,,,
2017-03-08,344.70001220703125,,,,,,
2017-03-09,326.6000061035156,,,,,,
2017-03-10,314.79998779296875,,,,,,
2017-03-13,321.79998779296875,,,,,,
2017-03-14,336.3999938964844,,,,,,
2017-03-15,328.6000061035156,,,,,,
2017-03-16,342.0,,,,,,
2017-03-17,334.6000061035156,,,,,,
2017-03-20,306.5,,,,,,
2017-03-21,303.20001220703125,,,,,,
2017-03-22,316.1000061035156,,,,,,
2017-03-23,304.70001220703125,,,,,,
2017-03-24,301.0,,,,,,
2017-03-27,304.70001220703125,,,,,,
2017-03-28,295.79998779296875,,,,,,
2017-03-29,287.79998779296875,,,,,,
2017-03-30,292.0,,,,,,
2017-03-31,292.5,,,,,,
2017-04-03,301.8999938964844,,,,,,
2017-04-04,274.0,,,,,,
2017-04-05,276.1000061035156,,,,,,
2017-04-06,268.0,,,,,,
2017-04-07,277.3999938964844,,,,,,
2017-04-10,279.3999938964844,,,,,,
2017-04-11,292.20001220703125,,,,,,
2017-04-12,287.79998779296875,,,,,,
2017-04-13,280.5,,,,,,
2017-04-17,287.79998779296875,,,,,,
2017-04-18,291.1000061035156,,,,,,
2017-04-19,283.6000061035156,,,,,,
2017-04-20,287.20001220703125,,,,,,
2017-04-21,296.79998779296875,,,,,,
2017-04-24,303.20001220703125,,,,,,
2017-04-25,300.20001220703125,,,,,,
2017-04-26,284.29998779296875,,,,,,
2017-04-27,287.79998779296875,,,,,,
2017-04-28,281.70001220703125,,,,,,
2017-05-01,290.20001220703125,,,,,,
2017-05-02,298.0,,,,,,
2017-05-03,292.3999938964844,,,,,,
2017-05-04,294.5,,,,,,
2017-05-05,282.0,,,,,,
2017-05-08,296.20001220703125,,,,,,
2017-05-09,287.8999938964844,,,,,,
2017-05-10,278.0,,,,,,
2017-05-11,265.3999938964844,,,,,,
2017-05-12,259.79998779296875,,,,,,
2017-05-15,266.0,,,,,,
2017-05-16,284.79998779296875,,,,,,
2017-05-17,288.6000061035156,,,,,,
2017-05-18,289.8999938964844,,,,,,
2017-05-19,278.6000061035156,,,,,,
2017-05-22,267.1000061035156,,,,,,
2017-05-23,281.8999938964844,,,,,,
2017-05-24,286.6000061035156,,,,,,
2017-05-25,289.0,,,,,,
2017-05-26,286.20001220703125,,,,,,
2017-05-30,310.79998779296875,,,,,,
2017-05-31,325.0,,,,,,
2017-06-01,330.8999938964844,,,,,,
2017-06-02,340.8999938964844,,,,,,
2017-06-05,345.29998779296875,,,,,,
2017-06-06,331.20001220703125,,,,,,
2017-06-07,337.6000061035156,,,,,,
2017-06-08,332.8999938964844,,,,,,
2017-06-09,334.6000061035156,,,,,,
2017-06-12,340.5,,,,,,
2017-06-13,351.8999938964844,,,,,,
2017-06-14,359.20001220703125,,,,,,
2017-06-15,328.29998779296875,,,,,,
2017-06-16,334.0,,,,,,
2017-06-19,361.0,,,,,,
2017-06-20,358.8999938964844,,,,,,
2017-06-21,359.6000061035156,,,,,,
2017-06-22,359.3999938964844,,,,,,
2017-06-23,352.5,,,,,,
2017-06-26,326.79998779296875,,,,,,
2017-06-27,327.5,,,,,,
2017-06-28,322.6000061035156,,,,,,
2017-06-29,329.20001220703125,,,,,,
2017-06-30,333.29998779296875,,,,,,
2017-07-03,342.70001220703125,,,,,,
2017-07-05,372.0,,,,,,
2017-07-06,363.7999877929688,,,,,,
2017-07-07,371.1000061035156,,,,,,
2017-07-10,355.20001220703125,,,,,,
2017-07-11,329.3999938964844,,,,,,
2017-07-12,336.20001220703125,,,,,,
2017-07-13,343.0,,,,,,
2017-07-14,340.0,,,,,,
2017-07-17,330.6000061035156,,,,,,
2017-07-18,319.3999938964844,,,,,,
2017-07-19,319.8999938964844,,,,,,
2017-07-20,328.0,,,,,,
2017-07-21,343.29998779296875,,,,,,
2017-07-24,358.1000061035156,,,,,,
2017-07-25,347.3999938964844,,,,,,
2017-07-26,348.8999938964844,,,,,,
2017-07-27,338.6000061035156,,,,,,
2017-07-28,343.29998779296875,,,,,,
2017-07-31,370.8999938964844,,,,,,
2017-08-01,371.7000122070313,,,,,,
2017-08-02,373.3999938964844,,,,,,
2017-08-03,378.0,,,,,,
2017-08-04,380.7999877929688,,,,,,
2017-08-07,375.2000122070313,,,,,,
2017-08-08,372.8999938964844,,,,,,
2017-08-09,357.79998779296875,,,,,,
2017-08-10,335.1000061035156,,,,,,
2017-08-11,335.29998779296875,,,,,,
2017-08-14,337.3999938964844,,,,,,
2017-08-15,342.3999938964844,,,,,,
2017-08-16,348.3999938964844,,,,,,
2017-08-17,343.0,,,,,,
2017-08-18,347.20001220703125,,,,,,
2017-08-21,336.6000061035156,,,,,,
2017-08-22,340.3999938964844,,,,,,
2017-08-23,341.70001220703125,,,,,,
2017-08-24,337.6000061035156,,,,,,
2017-08-25,348.70001220703125,,,,,,
2017-08-28,342.29998779296875,,,,,,
2017-08-29,338.20001220703125,,,,,,
2017-08-30,344.70001220703125,,,,,,
2017-08-31,329.6000061035156,,,,,,
2017-09-01,320.29998779296875,,,,,,
2017-09-05,335.6000061035156,,,,,,
2017-09-06,330.1000061035156,,,,,,
2017-09-07,334.5,,,,,,
2017-09-08,351.20001220703125,,,,,,
2017-09-11,342.20001220703125,,,,,,
2017-09-12,330.3999938964844,,,,,,
2017-09-13,321.29998779296875,,,,,,
2017-09-14,318.1000061035156,,,,,,
2017-09-15,324.6000061035156,,,,,,
2017-09-18,302.3999938964844,,,,,,
2017-09-19,307.3999938964844,,,,,,
2017-09-20,313.1000061035156,,,,,,
2017-09-21,336.20001220703125,,,,,,
2017-09-22,337.20001220703125,,,,,,
2017-09-25,343.0,,,,,,
2017-09-26,341.79998779296875,,,,,,
2017-09-27,327.20001220703125,,,,,,
2017-09-28,334.20001220703125,,,,,,
2017-09-29,336.3999938964844,,,,,,
2017-10-02,356.20001220703125,,,,,,
2017-10-03,362.6000061035156,,,,,,
2017-10-04,354.0,,,,,,
2017-10-05,362.6000061035156,,,,,,
2017-10-06,369.8999938964844,,,,,,
2017-10-09,379.0,,,,,,
2017-10-10,367.0,,,,,,
2017-10-11,364.1000061035156,,,,,,
2017-10-12,348.6000061035156,,,,,,
2017-10-13,345.1000061035156,,,,,,
2017-10-16,349.5,,,,,,
2017-10-17,355.6000061035156,,,,,,
2017-10-18,356.79998779296875,,,,,,
2017-10-19,353.79998779296875,,,,,,
2017-10-20,352.29998779296875,,,,,,
2017-10-23,345.6000061035156,,,,,,
2017-10-24,344.8999938964844,,,,,,
2017-10-25,355.6000061035156,,,,,,
2017-10-26,363.6000061035156,,,,,,
2017-10-27,379.7000122070313,,,,,,
2017-10-30,378.2999877929688,,,,,,
2017-10-31,397.1000061035156,,,,,,
2017-11-01,399.3999938964844,,,,,,
2017-11-02,391.7000122070313,,,,,,
2017-11-03,381.2999877929688,,,,,,
2017-11-06,352.8999938964844,,,,,,
2017-11-07,344.6000061035156,,,,,,
2017-11-08,342.70001220703125,,,,,,
2017-11-09,332.6000061035156,,,,,,
2017-11-10,331.6000061035156,,,,,,
2017-11-13,345.70001220703125,,,,,,
2017-11-14,358.0,,,,,,
2017-11-15,357.70001220703125,,,,,,
2017-11-16,361.2999877929688,,,,,,
2017-11-17,351.1000061035156,,,,,,
2017-11-20,368.2000122070313,,,,,,
2017-11-21,373.7999877929688,,,,,,
2017-11-22,385.7999877929688,,,,,,
2017-11-24,419.0,,,,,,
2017-11-27,389.6000061035156,,,,,,
2017-11-28,364.2000122070313,,,,,,
2017-11-29,353.3999938964844,,,,,,
2017-11-30,382.2000122070313,,,,,,
2017-12-01,376.3999938964844,,,,,,
2017-12-04,396.7999877929688,,,,,,
2017-12-05,414.7999877929688,,,,,,
2017-12-06,416.0,,,,,,
2017-12-07,455.3999938964844,,,,,,
2017-12-08,452.8999938964844,,,,,,
2017-12-11,445.2000122070313,,,,,,
2017-12-12,478.2000122070313,,,,,,
2017-12-13,474.7000122070313,,,,,,
2017-12-14,477.3999938964844,,,,,,
2017-12-15,499.2000122070313,,,,,,
2017-12-18,462.0,,,,,,
2017-12-19,473.0,,,,,,
2017-12-20,498.0,,,,,,
2017-12-21,513.5999755859375,,,,,,
2017-12-22,490.7000122070313,,,,,,
2017-12-26,494.2999877929688,,,,,,
2017-12-27,462.6000061035156,,,,,,
2017-12-28,402.5,,,,,,
2017-12-29,396.5,,,,,,
2018-01-02,380.5,,,,,,
2018-01-03,391.0,,,,,,
2018-01-04,419.5,,,,,,
2018-01-05,440.0,,,,,,
2018-01-08,435.1000061035156,,,,,,
2018-01-09,399.2000122070313,,,,,,
2018-01-10,414.2999877929688,,,,,,
2018-01-11,386.6000061035156,,,,,,
2018-01-12,369.6000061035156,,,,,,
2018-01-16,378.0,,,,,,
2018-01-17,358.0,,,,,,
2018-01-18,365.3999938964844,,,,,,
2018-01-19,376.7999877929688,,,,,,
2018-01-22,377.2000122070313,,,,,,
2018-01-23,345.1000061035156,,,,,,
2018-01-24,350.1000061035156,,,,,,
2018-01-25,337.8999938964844,,,,,,
2018-01-26,322.6000061035156,,,,,,
2018-01-29,321.1000061035156,,,,,,
2018-01-30,322.3999938964844,,,,,,
2018-01-31,363.8999938964844,,,,,,
2018-02-01,383.3999938964844,,,,,,
2018-02-02,387.6000061035156,,,,,,
2018-02-05,418.6000061035156,,,,,,
2018-02-06,416.1000061035156,,,,,,
2018-02-07,435.2000122070313,,,,,,
2018-02-08,436.2999877929688,,,,,,
2018-02-09,458.8999938964844,,,,,,
2018-02-12,470.5,,,,,,
2018-02-13,456.7999877929688,,,,,,
2018-02-14,455.0,,,,,,
2018-02-15,460.1000061035156,,,,,,
2018-02-16,464.1000061035156,,,,,,
2018-02-20,448.0,,,,,,
2018-02-21,442.5,,,,,,
2018-02-22,447.6000061035156,,,,,,
2018-02-23,445.2999877929688,,,,,,
2018-02-26,439.5,,,,,,
2018-02-27,438.0,,,,,,
2018-02-28,443.2999877929688,,,,,,
2018-03-01,435.5,,,,,,
2018-03-02,429.2000122070313,,,,,,
2018-03-05,430.6000061035156,,,,,,
2018-03-06,416.6000061035156,,,,,,
2018-03-07,408.2000122070313,,,,,,
2018-03-08,417.6000061035156,,,,,,
2018-03-09,424.2000122070313,,,,,,
2018-03-12,408.2999877929688,,,,,,
2018-03-13,407.5,,,,,,
2018-03-14,420.7000122070313,,,,,,
2018-03-15,436.2999877929688,,,,,,
2018-03-16,432.7999877929688,,,,,,
2018-03-19,446.0,,,,,,
2018-03-20,439.6000061035156,,,,,,
2018-03-21,448.8999938964844,,,,,,
2018-03-22,456.5,,,,,,
2018-03-23,463.7999877929688,,,,,,
2018-03-26,449.3999938964844,,,,,,
2018-03-27,435.3999938964844,,,,,,
2018-03-28,438.3999938964844,,,,,,
2018-03-29,428.2999877929688,,,,,,
2018-04-02,445.8999938964844,,,,,,
2018-04-03,439.7999877929688,,,,,,
2018-04-04,437.0,,,,,,
2018-04-05,445.7000122070313,,,,,,
2018-04-06,438.1000061035156,,,,,,
2018-04-09,439.8999938964844,,,,,,
2018-04-10,451.8999938964844,,,,,,
2018-04-11,449.6000061035156,,,,,,
2018-04-12,447.0,,,,,,
2018-04-13,431.7999877929688,,,,,,
2018-04-16,426.2000122070313,,,,,,
2018-04-17,429.2999877929688,,,,,,
2018-04-18,427.7999877929688,,,,,,
2018-04-19,446.8999938964844,,,,,,
2018-04-20,429.5,,,,,,
2018-04-23,428.5,,,,,,
2018-04-24,417.5,,,,,,
2018-04-25,417.6000061035156,,,,,,
2018-04-26,412.5,,,,,,
2018-04-27,428.0,,,,,,
2018-04-30,430.7000122070313,,,,,,
2018-05-01,419.2000122070313,,,,,,
2018-05-02,432.7000122070313,,,,,,
2018-05-03,441.0,,,,,,
2018-05-04,447.3999938964844,,,,,,
2018-05-07,441.6000061035156,,,,,,
2018-05-08,441.5,,,,,,
2018-05-09,443.1000061035156,,,,,,
2018-05-10,422.2000122070313,,,,,,
2018-05-11,420.3999938964844,,,,,,
2018-05-14,413.6000061035156,,,,,,
2018-05-15,414.2000122070313,,,,,,
2018-05-16,418.7999877929688,,,,,,
2018-05-17,405.7999877929688,,,,,,
2018-05-18,408.2999877929688,,,,,,
2018-05-21,411.0,,,,,,
2018-05-22,390.0,,,,,,
2018-05-23,382.7999877929688,,,,,,
2018-05-24,379.1000061035156,,,,,,
2018-05-25,381.7999877929688,,,,,,
2018-05-29,397.3999938964844,,,,,,
2018-05-30,400.1000061035156,,,,,,
2018-05-31,382.7000122070313,,,,,,
2018-06-01,378.5,,,,,,
2018-06-04,389.7000122070313,,,,,,
2018-06-05,399.8999938964844,,,,,,
2018-06-06,397.2999877929688,,,,,,
2018-06-07,388.7000122070313,,,,,,
2018-06-08,395.7999877929688,,,,,,
2018-06-11,387.0,,,,,,
2018-06-12,387.3999938964844,,,,,,
2018-06-13,383.1000061035156,,,,,,
2018-06-14,378.5,,,,,,
2018-06-15,363.0,,,,,,
2018-06-18,378.2000122070313,,,,,,
2018-06-19,387.3999938964844,,,,,,
2018-06-20,375.2000122070313,,,,,,
2018-06-21,374.5,,,,,,
2018-06-22,381.2999877929688,,,,,,
2018-06-25,385.5,,,,,,
2018-06-26,382.7000122070313,,,,,,
2018-06-27,372.7000122070313,,,,,,
2018-06-28,378.2000122070313,,,,,,
2018-06-29,386.2000122070313,,,,,,
2018-07-02,401.0,,,,,,
2018-07-03,395.0,,,,,,
2018-07-05,411.1000061035156,,,,,,
2018-07-06,406.0,,,,,,
2018-07-09,413.7999877929688,,,,,,
2018-07-10,426.7000122070313,,,,,,
2018-07-11,414.5,,,,,,
2018-07-12,422.2000122070313,,,,,,
2018-07-13,432.1000061035156,,,,,,
2018-07-16,432.3999938964844,,,,,,
2018-07-17,441.5,,,,,,
2018-07-18,443.2999877929688,,,,,,
2018-07-19,431.2000122070313,,,,,,
2018-07-20,434.0,,,,,,
2018-07-23,445.3999938964844,,,,,,
2018-07-24,435.5,,,,,,
2018-07-25,424.3999938964844,,,,,,
2018-07-26,423.5,,,,,,
2018-07-27,416.5,,,,,,
2018-07-30,411.7999877929688,,,,,,
2018-07-31,416.5,,,,,,
2018-08-01,423.3999938964844,,,,,,
2018-08-02,406.8999938964844,,,,,,
2018-08-03,397.3999938964844,,,,,,
2018-08-06,394.5,,,,,,
2018-08-07,383.7999877929688,,,,,,
2018-08-08,371.3999938964844,,,,,,
2018-08-09,368.6000061035156,,,,,,
2018-08-10,370.7999877929688,,,,,,
2018-08-13,372.7999877929688,,,,,,
2018-08-14,367.0,,,,,,
2018-08-15,369.8999938964844,,,,,,
2018-08-16,377.7999877929688,,,,,,
2018-08-17,369.6000061035156,,,,,,
2018-08-20,372.2000122070313,,,,,,
2018-08-21,365.7000122070313,,,,,,
2018-08-22,371.1000061035156,,,,,,
2018-08-23,367.6000061035156,,,,,,
2018-08-24,380.3999938964844,,,,,,
2018-08-27,391.0,,,,,,
2018-08-28,397.3999938964844,,,,,,
2018-08-29,391.7000122070313,,,,,,
2018-08-30,387.7999877929688,,,,,,
2018-08-31,379.6000061035156,,,,,,
2018-09-04,406.7000122070313,,,,,,
2018-09-05,413.0,,,,,,
2018-09-06,418.2000122070313,,,,,,
2018-09-07,419.6000061035156,,,,,,
2018-09-10,414.7999877929688,,,,,,
2018-09-11,409.7999877929688,,,,,,
2018-09-12,412.7999877929688,,,,,,
2018-09-13,417.7999877929688,,,,,,
2018-09-14,431.2000122070313,,,,,,
2018-09-17,423.5,,,,,,
2018-09-18,391.0,,,,,,
2018-09-19,390.3999938964844,,,,,,
2018-09-20,373.2000122070313,,,,,,
2018-09-21,365.7000122070313,,,,,,
2018-09-24,352.0,,,,,,
2018-09-25,348.6000061035156,,,,,,
2018-09-26,363.3999938964844,,,,,,
2018-09-27,345.6000061035156,,,,,,
2018-09-28,356.5,,,,,,
2018-10-01,332.5,,,,,,
2018-10-02,322.0,,,,,,
2018-10-03,303.8999938964844,,,,,,
2018-10-04,315.3999938964844,,,,,,
2018-10-05,322.6000061035156,,,,,,
2018-10-08,299.0,,,,,,
2018-10-09,295.20001220703125,,,,,,
2018-10-10,296.20001220703125,,,,,,
2018-10-11,299.29998779296875,,,,,,
2018-10-12,312.6000061035156,,,,,,
2018-10-15,293.79998779296875,,,,,,
2018-10-16,296.3999938964844,,,,,,
2018-10-17,285.29998779296875,,,,,,
2018-10-18,299.70001220703125,,,,,,
2018-10-19,294.6000061035156,,,,,,
2018-10-22,311.6000061035156,,,,,,
2018-10-23,298.70001220703125,,,,,,
2018-10-24,304.8999938964844,,,,,,
2018-10-25,308.20001220703125,,,,,,
2018-10-26,306.0,,,,,,
2018-10-29,316.6000061035156,,,,,,
2018-10-30,314.20001220703125,,,,,,
2018-10-31,302.20001220703125,,,,,,
2018-11-01,310.20001220703125,,,,,,
2018-11-02,304.8999938964844,,,,,,
2018-11-05,257.3999938964844,,,,,,
2018-11-06,257.29998779296875,,,,,,
2018-11-07,259.79998779296875,,,,,,
2018-11-08,256.6000061035156,,,,,,
2018-11-09,234.8999938964844,,,,,,
2018-11-12,214.1999969482422,,,,,,
2018-11-13,187.3999938964844,,,,,,
2018-11-14,117.1999969482422,,,,,,
2018-11-15,167.0,,,,,,
2018-11-16,133.10000610351562,,,,,,
2018-11-19,117.1999969482422,,,,,,
2018-11-20,119.5,,,,,,
2018-11-21,122.3000030517578,,,,,,
2018-11-23,121.4000015258789,,,,,,
2018-11-26,134.8000030517578,,,,,,
2018-11-27,137.39999389648438,,,,,,
2018-11-28,110.0,,,,,,
2018-11-29,113.5999984741211,,,,,,
2018-11-30,111.9000015258789,,,,,,
2018-12-03,125.3000030517578,,,,,,
2018-12-04,117.1999969482422,,,,,,
2018-12-06,123.1999969482422,,,,,,
2018-12-07,115.4000015258789,,,,,,
2018-12-10,116.3000030517578,,,,,,
2018-12-11,122.3000030517578,,,,,,
2018-12-12,134.3000030517578,,,,,,
2018-12-13,132.89999389648438,,,,,,
2018-12-14,152.39999389648438,,,,,,
2018-12-17,172.89999389648438,,,,,,
2018-12-18,150.8000030517578,,,,,,
2018-12-19,154.10000610351562,,,,,,
2018-12-20,154.5,,,,,,
2018-12-21,155.5,,,,,,
2018-12-24,164.39999389648438,,,,,,
2018-12-26,173.39999389648438,,,,,,
2018-12-27,167.1999969482422,,,,,,
2018-12-28,180.8000030517578,,,,,,
2018-12-31,212.1999969482422,,,,,,
2019-01-02,217.3000030517578,,,,,,
2019-01-03,223.6000061035156,,,,,,
2019-01-04,210.1999969482422,,,,,,
2019-01-07,215.6000061035156,,,,,,
2019-01-08,214.1999969482422,,,,,,
2019-01-09,214.0,,,,,,
2019-01-10,217.6000061035156,,,,,,
2019-01-11,196.3999938964844,,,,,,
2019-01-14,154.3000030517578,,,,,,
2019-01-15,160.0,,,,,,
2019-01-16,164.5,,,,,,
2019-01-17,164.1999969482422,,,,,,
2019-01-18,162.0,,,,,,
2019-01-22,181.3999938964844,,,,,,
2019-01-23,185.3000030517578,,,,,,
2019-01-24,176.39999389648438,,,,,,
2019-01-25,170.89999389648438,,,,,,
2019-01-28,191.3999938964844,,,,,,
2019-01-29,189.5,,,,,,
2019-01-30,193.1999969482422,,,,,,
2019-01-31,198.1999969482422,,,,,,
2019-02-01,211.1000061035156,,,,,,
2019-02-04,222.6000061035156,,,,,,
2019-02-05,218.8000030517578,,,,,,
2019-02-06,220.8000030517578,,,,,,
2019-02-07,238.3000030517578,,,,,,
2019-02-08,231.1999969482422,,,,,,
2019-02-11,225.0,,,,,,
2019-02-12,221.3999938964844,,,,,,
2019-02-13,229.1999969482422,,,,,,
2019-02-14,233.8000030517578,,,,,,
2019-02-15,226.1999969482422,,,,,,
2019-02-19,221.1000061035156,,,,,,
2019-02-20,223.1000061035156,,,,,,
2019-02-21,215.8000030517578,,,,,,
2019-02-22,215.6000061035156,,,,,,
2019-02-25,203.6000061035156,,,,,,
2019-02-26,208.3999938964844,,,,,,
2019-02-27,204.0,,,,,,
2019-02-28,204.6000061035156,,,,,,
2019-03-01,199.1999969482422,,,,,,
2019-03-04,198.8999938964844,,,,,,
2019-03-05,194.8000030517578,,,,,,
2019-03-06,198.6999969482422,,,,,,
2019-03-07,196.5,,,,,,
2019-03-08,197.1000061035156,,,,,,
2019-03-11,208.0,,,,,,
2019-03-12,205.0,,,,,,
2019-03-13,200.8000030517578,,,,,,
2019-03-14,198.5,,,,,,
2019-03-15,205.3000030517578,,,,,,
2019-03-18,198.5,,,,,,
2019-03-19,196.5,,,,,,
2019-03-20,200.0,,,,,,
2019-03-21,201.3999938964844,,,,,,
2019-03-22,208.6000061035156,,,,,,
2019-03-25,209.3000030517578,,,,,,
2019-03-26,212.6000061035156,,,,,,
2019-03-27,216.6000061035156,,,,,,
2019-03-28,216.8000030517578,,,,,,
2019-03-29,225.1000061035156,,,,,,
2019-04-01,219.3999938964844,,,,,,
2019-04-02,221.6000061035156,,,,,,
2019-04-03,224.1999969482422,,,,,,
2019-04-04,229.8000030517578,,,,,,
2019-04-05,224.6000061035156,,,,,,
2019-04-08,217.8000030517578,,,,,,
2019-04-09,218.3999938964844,,,,,,
2019-04-10,219.8999938964844,,,,,,
2019-04-11,224.1000061035156,,,,,,
2019-04-12,226.1999969482422,,,,,,
2019-04-15,236.1999969482422,,,,,,
2019-04-16,239.1000061035156,,,,,,
2019-04-17,250.6000061035156,,,,,,
2019-04-18,254.5,,,,,,
2019-04-22,250.3000030517578,,,,,,
2019-04-23,262.1000061035156,,,,,,
2019-04-24,261.5,,,,,,
2019-04-25,253.8999938964844,,,,,,
2019-04-26,245.6999969482422,,,,,,
2019-04-29,244.8999938964844,,,,,,
2019-04-30,249.3000030517578,,,,,,
2019-05-01,242.3999938964844,,,,,,
2019-05-02,248.6000061035156,,,,,,
2019-05-03,253.1999969482422,,,,,,
2019-05-06,259.8999938964844,,,,,,
2019-05-07,257.1000061035156,,,,,,
2019-05-08,243.8000030517578,,,,,,
2019-05-09,246.6000061035156,,,,,,
2019-05-10,241.0,,,,,,
2019-05-13,241.6999969482422,,,,,,
2019-05-14,236.6000061035156,,,,,,
2019-05-15,244.0,,,,,,
2019-05-16,237.6999969482422,,,,,,
2019-05-17,240.3999938964844,,,,,,
2019-05-20,233.8999938964844,,,,,,
2019-05-21,242.0,,,,,,
2019-05-22,256.6000061035156,,,,,,
2019-05-23,251.6000061035156,,,,,,
2019-05-24,248.6999969482422,,,,,,
2019-05-28,253.3999938964844,,,,,,
2019-05-29,245.6000061035156,,,,,,
2019-05-30,257.0,,,,,,
2019-05-31,277.5,,,,,,
2019-06-03,290.20001220703125,,,,,,
2019-06-04,284.79998779296875,,,,,,
2019-06-05,296.6000061035156,,,,,,
2019-06-06,306.1000061035156,,,,,,
2019-06-07,304.6000061035156,,,,,,
2019-06-10,299.79998779296875,,,,,,
2019-06-11,289.79998779296875,,,,,,
2019-06-12,295.1000061035156,,,,,,
2019-06-13,305.5,,,,,,
2019-06-14,289.79998779296875,,,,,,
2019-06-17,295.29998779296875,,,,,,
2019-06-18,309.3999938964844,,,,,,
2019-06-19,321.1000061035156,,,,,,
2019-06-20,345.0,,,,,,
2019-06-21,350.3999938964844,,,,,,
2019-06-24,315.79998779296875,,,,,,
2019-06-25,319.8999938964844,,,,,,
2019-06-26,317.8999938964844,,,,,,
2019-06-27,304.0,,,,,,
2019-06-28,305.79998779296875,,,,,,
2019-07-01,320.29998779296875,,,,,,
2019-07-02,325.6000061035156,,,,,,
2019-07-03,314.6000061035156,,,,,,
2019-07-05,279.79998779296875,,,,,,
2019-07-08,276.70001220703125,,,,,,
2019-07-09,272.8999938964844,,,,,,
2019-07-10,266.79998779296875,,,,,,
2019-07-11,276.70001220703125,,,,,,
2019-07-12,266.20001220703125,,,,,,
2019-07-15,277.8999938964844,,,,,,
2019-07-16,296.6000061035156,,,,,,
2019-07-17,300.29998779296875,,,,,,
2019-07-18,306.1000061035156,,,,,,
2019-07-19,314.1000061035156,,,,,,
2019-07-22,298.3999938964844,,,,,,
2019-07-23,303.29998779296875,,,,,,
2019-07-24,319.6000061035156,,,,,,
2019-07-25,316.3999938964844,,,,,,
2019-07-26,332.3999938964844,,,,,,
2019-07-29,345.8999938964844,,,,,,
2019-07-30,340.3999938964844,,,,,,
2019-07-31,307.6000061035156,,,,,,
2019-08-01,327.20001220703125,,,,,,
2019-08-02,335.5,,,,,,
2019-08-05,353.70001220703125,,,,,,
2019-08-06,345.20001220703125,,,,,,
2019-08-07,352.20001220703125,,,,,,
2019-08-08,339.1000061035156,,,,,,
2019-08-09,340.20001220703125,,,,,,
2019-08-12,343.8999938964844,,,,,,
2019-08-13,332.8999938964844,,,,,,
2019-08-14,332.0,,,,,,
2019-08-15,314.79998779296875,,,,,,
2019-08-16,321.20001220703125,,,,,,
2019-08-19,322.3999938964844,,,,,,
2019-08-20,319.29998779296875,,,,,,
2019-08-21,328.8999938964844,,,,,,
2019-08-22,335.6000061035156,,,,,,
2019-08-23,337.29998779296875,,,,,,
2019-08-26,316.5,,,,,,
2019-08-27,325.0,,,,,,
2019-08-28,314.5,,,,,,
2019-08-29,300.6000061035156,,,,,,
2019-08-30,304.79998779296875,,,,,,
2019-09-03,286.8999938964844,,,,,,
2019-09-04,263.0,,,,,,
2019-09-05,261.79998779296875,,,,,,
2019-09-06,251.3999938964844,,,,,,
2019-09-09,233.8999938964844,,,,,,
2019-09-10,235.5,,,,,,
2019-09-11,242.6999969482422,,,,,,
2019-09-12,239.0,,,,,,
2019-09-13,229.1999969482422,,,,,,
2019-09-16,217.3000030517578,,,,,,
2019-09-17,222.6999969482422,,,,,,
2019-09-18,228.6000061035156,,,,,,
2019-09-19,242.0,,,,,,
2019-09-20,245.5,,,,,,
2019-09-23,245.3000030517578,,,,,,
2019-09-24,252.3000030517578,,,,,,
2019-09-25,253.8999938964844,,,,,,
2019-09-26,267.20001220703125,,,,,,
2019-09-27,277.8999938964844,,,,,,
2019-09-30,294.70001220703125,,,,,,
2019-10-01,303.20001220703125,,,,,,
2019-10-02,311.5,,,,,,
2019-10-03,290.20001220703125,,,,,,
2019-10-04,286.8999938964844,,,,,,
2019-10-07,298.3999938964844,,,,,,
2019-10-08,301.29998779296875,,,,,,
2019-10-09,314.8999938964844,,,,,,
2019-10-10,323.0,,,,,,
2019-10-11,311.20001220703125,,,,,,
2019-10-14,303.6000061035156,,,,,,
2019-10-15,298.0,,,,,,
2019-10-16,309.1000061035156,,,,,,
2019-10-17,300.29998779296875,,,,,,
2019-10-18,295.3999938964844,,,,,,
2019-10-21,313.29998779296875,,,,,,
2019-10-22,315.8999938964844,,,,,,
2019-10-23,323.5,,,,,,
2019-10-24,314.79998779296875,,,,,,
2019-10-25,316.1000061035156,,,,,,
2019-10-28,293.6000061035156,,,,,,
2019-10-29,281.6000061035156,,,,,,
2019-10-30,267.3999938964844,,,,,,
2019-10-31,276.79998779296875,,,,,,
2019-11-01,265.1000061035156,,,,,,
2019-11-04,244.8999938964844,,,,,,
2019-11-05,235.6000061035156,,,,,,
2019-11-06,241.8999938964844,,,,,,
2019-11-07,248.3999938964844,,,,,,
2019-11-08,249.0,,,,,,
2019-11-11,273.3999938964844,,,,,,
2019-11-12,275.79998779296875,,,,,,
2019-11-13,267.3999938964844,,,,,,
2019-11-14,275.20001220703125,,,,,,
2019-11-15,270.0,,,,,,
2019-11-18,294.70001220703125,,,,,,
2019-11-19,304.79998779296875,,,,,,
2019-11-20,295.0,,,,,,
2019-11-21,290.70001220703125,,,,,,
2019-11-22,274.5,,,,,,
2019-11-25,299.20001220703125,,,,,,
2019-11-26,311.8999938964844,,,,,,
2019-11-27,318.70001220703125,,,,,,
2019-11-29,364.5,,,,,,
2019-12-02,355.70001220703125,,,,,,
2019-12-03,323.8999938964844,,,,,,
2019-12-04,331.70001220703125,,,,,,
2019-12-05,330.3999938964844,,,,,,
2019-12-06,348.70001220703125,,,,,,
2019-12-09,375.5,,,,,,
2019-12-10,370.7999877929688,,,,,,
2019-12-11,377.5,,,,,,
2019-12-12,351.70001220703125,,,,,,
2019-12-13,363.6000061035156,,,,,,
2019-12-16,351.79998779296875,,,,,,
2019-12-17,359.20001220703125,,,,,,
2019-12-18,369.1000061035156,,,,,,
2019-12-19,368.0,,,,,,
2019-12-20,359.79998779296875,,,,,,
2019-12-23,382.6000061035156,,,,,,
2019-12-24,389.7000122070313,,,,,,
2019-12-26,371.7000122070313,,,,,,
2019-12-27,375.3999938964844,,,,,,
2019-12-30,384.2999877929688,,,,,,
2019-12-31,388.2000122070313,,,,,,
2020-01-02,404.8999938964844,,,,,,
2020-01-03,403.7999877929688,,,,,,
2020-01-06,388.8999938964844,,,,,,
2020-01-07,388.8999938964844,,,,,,
2020-01-08,389.2999877929688,,,,,,
2020-01-09,389.5,,,,,,
2020-01-10,380.1000061035156,,,,,,
2020-01-13,382.7999877929688,,,,,,
2020-01-14,388.0,,,,,,
2020-01-15,407.7000122070313,,,,,,
2020-01-16,424.8999938964844,,,,,,
2020-01-17,451.8999938964844,,,,,,
2020-01-21,487.7999877929688,,,,,,
2020-01-22,482.7999877929688,,,,,,
2020-01-23,482.0,,,,,,
2020-01-24,502.3999938964844,,,,,,
2020-01-27,501.3999938964844,,,,,,
2020-01-28,483.5,,,,,,
2020-01-29,500.2999877929688,,,,,,
2020-01-30,522.9000244140625,,,,,,
2020-01-31,518.7000122070312,,,,,,
2020-02-03,531.0999755859375,,,,,,
2020-02-04,497.3999938964844,,,,,,
2020-02-05,501.3999938964844,,,,,,
2020-02-06,504.5,,,,,,
2020-02-07,512.0,,,,,,
2020-02-10,554.7999877929688,,,,,,
2020-02-11,543.2999877929688,,,,,,
2020-02-12,512.7000122070312,,,,,,
2020-02-13,523.5,,,,,,
2020-02-14,527.4000244140625,,,,,,
2020-02-18,477.7999877929688,,,,,,
2020-02-19,468.7000122070313,,,,,,
2020-02-20,489.7999877929688,,,,,,
2020-02-21,495.8999938964844,,,,,,
2020-02-24,521.7000122070312,,,,,,
2020-02-25,526.7000122070312,,,,,,
2020-02-26,540.2000122070312,,,,,,
2020-02-27,584.0,,,,,,
2020-02-28,619.5999755859375,,,,,,
2020-03-02,576.5999755859375,,,,,,
2020-03-03,549.7000122070312,,,,,,
2020-03-04,529.2000122070312,,,,,,
2020-03-05,566.7999877929688,,,,,,
2020-03-06,592.2000122070312,,,,,,
2020-03-09,530.2999877929688,,,,,,
2020-03-10,456.3999938964844,,,,,,
2020-03-11,480.3999938964844,,,,,,
2020-03-12,503.3999938964844,,,,,,
2020-03-13,473.2999877929688,,,,,,
2020-03-16,529.2999877929688,,,,,,
2020-03-17,566.2000122070312,,,,,,
2020-03-18,615.0,,,,,,
2020-03-19,578.5,,,,,,
2020-03-20,626.7000122070312,,,,,,
2020-03-23,619.0,,,,,,
2020-03-24,566.2999877929688,,,,,,
2020-03-25,578.0,,,,,,
2020-03-26,599.2000122070312,,,,,,
2020-03-27,608.7999877929688,,,,,,
2020-03-30,596.2999877929688,,,,,,
2020-03-31,620.2000122070312,,,,,,
2020-04-01,676.4000244140625,,,,,,
2020-04-02,704.7000122070312,,,,,,
2020-04-03,624.4000244140625,,,,,,
2020-04-06,545.7000122070312,,,,,,
2020-04-07,461.2000122070313,,,,,,
2020-04-08,502.6000061035156,,,,,,
2020-04-09,519.7999877929688,,,,,,
2020-04-13,508.3999938964844,,,,,,
2020-04-14,550.0,,,,,,
2020-04-15,589.0999755859375,,,,,,
2020-04-16,532.7999877929688,,,,,,
2020-04-17,512.7000122070312,,,,,,
2020-04-20,434.7999877929688,,,,,,
2020-04-21,456.2999877929688,,,,,,
2020-04-22,431.5,,,,,,
2020-04-23,458.7999877929688,,,,,,
2020-04-24,480.7999877929688,,,,,,
2020-04-27,465.1000061035156,,,,,,
2020-04-28,456.2000122070313,,,,,,
2020-04-29,484.8999938964844,,,,,,
2020-04-30,456.3999938964844,,,,,,
2020-05-01,470.8999938964844,,,,,,
2020-05-04,424.2999877929688,,,,,,
2020-05-05,405.7000122070313,,,,,,
2020-05-06,436.6000061035156,,,,,,
2020-05-07,458.1000061035156,,,,,,
2020-05-08,476.2999877929688,,,,,,
2020-05-11,470.2000122070313,,,,,,
2020-05-12,535.2999877929688,,,,,,
2020-05-13,576.0999755859375,,,,,,
2020-05-14,582.9000244140625,,,,,,
2020-05-15,602.4000244140625,,,,,,
2020-05-18,518.5,,,,,,
2020-05-19,503.5,,,,,,
2020-05-20,544.9000244140625,,,,,,
2020-05-21,566.0,,,,,,
2020-05-22,557.4000244140625,,,,,,
2020-05-26,528.0999755859375,,,,,,
2020-05-27,557.7000122070312,,,,,,
2020-05-28,588.5999755859375,,,,,,
2020-05-29,581.7000122070312,,,,,,
2020-06-01,615.7999877929688,,,,,,
2020-06-02,619.4000244140625,,,,,,
2020-06-03,595.2000122070312,,,,,,
2020-06-04,585.9000244140625,,,,,,
2020-06-05,601.2000122070312,,,,,,
2020-06-08,597.5999755859375,,,,,,
2020-06-09,626.5999755859375,,,,,,
2020-06-10,613.0,,,,,,
2020-06-11,597.2000122070312,,,,,,
2020-06-12,642.0999755859375,,,,,,
2020-06-15,681.7000122070312,,,,,,
2020-06-16,723.7999877929688,,,,,,
2020-06-17,711.2000122070312,,,,,,
2020-06-18,710.0999755859375,,,,,,
2020-06-19,694.2999877929688,,,,,,
2020-06-22,707.7999877929688,,,,,,
2020-06-23,739.9000244140625,,,,,,
2020-06-24,759.0999755859375,,,,,,
2020-06-25,862.9000244140625,,,,,,
2020-06-26,859.7999877929688,,,,,,
2020-06-29,708.0,,,,,,
2020-06-30,672.0999755859375,,,,,,
2020-07-01,707.5999755859375,,,,,,
2020-07-02,678.4000244140625,,,,,,
2020-07-06,589.9000244140625,,,,,,
2020-07-07,563.4000244140625,,,,,,
2020-07-08,592.0,,,,,,
2020-07-09,630.2999877929688,,,,,,
2020-07-10,611.2999877929688,,,,,,
2020-07-13,653.9000244140625,,,,,,
2020-07-14,648.0999755859375,,,,,,
2020-07-15,627.0999755859375,,,,,,
2020-07-16,659.7999877929688,,,,,,
2020-07-17,675.0,,,,,,
2020-07-20,726.2999877929688,,,,,,
2020-07-21,712.0,,,,,,
2020-07-22,690.5,,,,,,
2020-07-23,606.5,,,,,,
2020-07-24,586.0,,,,,,
2020-07-27,634.9000244140625,,,,,,
2020-07-28,582.7000122070312,,,,,,
2020-07-29,551.4000244140625,,,,,,
2020-07-30,590.5999755859375,,,,,,
2020-07-31,609.0999755859375,,,,,,
2020-08-03,403.7999877929688,,,,,,
2020-08-04,374.2999877929688,,,,,,
2020-08-05,365.2999877929688,,,,,,
2020-08-06,387.5,,,,,,
2020-08-07,352.3999938964844,,,,,,
2020-08-10,377.6000061035156,,,,,,
2020-08-11,380.0,,,,,,
2020-08-12,376.6000061035156,,,,,,
2020-08-13,366.2999877929688,,,,,,
2020-08-14,337.3999938964844,,,,,,
2020-08-17,336.6000061035156,,,,,,
2020-08-18,323.3999938964844,,,,,,
2020-08-19,322.1000061035156,,,,,,
2020-08-20,333.0,,,,,,
2020-08-21,324.0,,,,,,
2020-08-24,320.6000061035156,,,,,,
2020-08-25,326.70001220703125,,,,,,
2020-08-26,338.5,,,,,,
2020-08-27,305.6000061035156,,,,,,
2020-08-28,309.20001220703125,,,,,,
2020-08-31,307.3999938964844,,,,,,
2020-09-01,313.79998779296875,,,,,,
2020-09-02,303.6000061035156,,,,,,
2020-09-03,307.1000061035156,,,,,,
2020-09-04,293.20001220703125,,,,,,
2020-09-08,318.8999938964844,,,,,,
2020-09-09,318.6000061035156,,,,,,
2020-09-10,334.20001220703125,,,,,,
2020-09-11,350.5,,,,,,
2020-09-14,347.3999938964844,,,,,,
2020-09-15,349.5,,,,,,
2020-09-16,368.7000122070313,,,,,,
2020-09-17,397.6000061035156,,,,,,
2020-09-18,370.5,,,,,,
2020-09-21,351.1000061035156,,,,,,
2020-09-22,380.1000061035156,,,,,,
2020-09-23,320.0,,,,,,
2020-09-24,304.5,,,,,,
2020-09-25,316.5,,,,,,
2020-09-28,324.5,,,,,,
2020-09-29,388.7999877929688,,,,,,
2020-09-30,380.1000061035156,,,,,,
2020-10-01,392.2999877929688,,,,,,
2020-10-02,400.7000122070313,,,,,,
2020-10-05,342.70001220703125,,,,,,
2020-10-06,374.5,,,,,,
2020-10-07,350.70001220703125,,,,,,
2020-10-08,345.6000061035156,,,,,,
2020-10-09,322.8999938964844,,,,,,
2020-10-12,313.1000061035156,,,,,,
2020-10-13,315.1000061035156,,,,,,
2020-10-14,317.5,,,,,,
2020-10-15,306.29998779296875,,,,,,
2020-10-16,306.70001220703125,,,,,,
2020-10-19,301.0,,,,,,
2020-10-20,306.0,,,,,,
2020-10-21,294.1000061035156,,,,,,
2020-10-22,305.8999938964844,,,,,,
2020-10-23,319.3999938964844,,,,,,
2020-10-26,310.20001220703125,,,,,,
2020-10-27,300.8999938964844,,,,,,
2020-10-28,303.70001220703125,,,,,,
2020-10-29,298.3999938964844,,,,,,
2020-10-30,290.29998779296875,,,,,,
2020-11-02,309.20001220703125,,,,,,
2020-11-03,339.6000061035156,,,,,,
2020-11-04,341.6000061035156,,,,,,
2020-11-05,364.7000122070313,,,,,,
2020-11-06,374.5,,,,,,
2020-11-09,383.3999938964844,,,,,,
2020-11-10,363.2999877929688,,,,,,
2020-11-11,345.79998779296875,,,,,,
2020-11-12,363.6000061035156,,,,,,
2020-11-13,355.3999938964844,,,,,,
2020-11-16,415.0,,,,,,
2020-11-17,417.5,,,,,,
2020-11-18,419.7000122070313,,,,,,
2020-11-19,449.3999938964844,,,,,,
2020-11-20,435.0,,,,,,
2020-11-23,421.0,,,,,,
2020-11-24,399.5,,,,,,
2020-11-25,383.5,,,,,,
2020-11-27,412.2000122070313,,,,,,
2020-11-30,384.7000122070313,,,,,,
2020-12-01,399.7999877929688,,,,,,
2020-12-02,436.6000061035156,,,,,,
2020-12-03,508.7000122070313,,,,,,
2020-12-04,487.2000122070313,,,,,,
2020-12-07,539.4000244140625,,,,,,
2020-12-08,531.7000122070312,,,,,,
2020-12-09,535.5,,,,,,
2020-12-10,478.5,,,,,,
2020-12-11,472.2000122070313,,,,,,
2020-12-14,455.7000122070313,,,,,,
2020-12-15,451.7999877929688,,,,,,
2020-12-16,446.8999938964844,,,,,,
2020-12-17,454.7999877929688,,,,,,
2020-12-18,443.1000061035156,,,,,,
2020-12-21,444.8999938964844,,,,,,
2020-12-22,429.3999938964844,,,,,,
2020-12-23,472.0,,,,,,
2020-12-24,487.6000061035156,,,,,,
2020-12-28,557.2999877929688,,,,,,
2020-12-29,511.3999938964844,,,,,,
2020-12-30,515.5,,,,,,
2020-12-31,473.7999877929688,,,,,,
2021-01-04,453.1000061035156,,,,,,
2021-01-05,423.0,,,,,,
2021-01-06,420.0,,,,,,
2021-01-07,431.7000122070313,,,,,,
2021-01-08,428.6000061035156,,,,,,
2021-01-11,402.7999877929688,,,,,,
2021-01-12,413.8999938964844,,,,,,
2021-01-13,411.5,,,,,,
2021-01-14,430.7000122070313,,,,,,
2021-01-15,408.3999938964844,,,,,,
2021-01-19,464.7999877929688,,,,,,
2021-01-20,461.5,,,,,,
2021-01-21,472.8999938964844,,,,,,
2021-01-22,489.6000061035156,,,,,,
2021-01-25,432.6000061035156,,,,,,
2021-01-26,420.7999877929688,,,,,,
2021-01-27,406.2000122070313,,,,,,
2021-01-28,404.7999877929688,,,,,,
2021-01-29,439.2000122070313,,,,,,
2021-02-01,351.79998779296875,,,,,,
2021-02-02,346.5,,,,,,
2021-02-03,362.8999938964844,,,,,,
2021-02-04,316.20001220703125,,,,,,
2021-02-05,333.20001220703125,,,,,,
2021-02-08,330.3999938964844,,,,,,
2021-02-09,344.3999938964844,,,,,,
2021-02-10,321.0,,,,,,
2021-02-11,341.0,,,,,,
2021-02-12,327.29998779296875,,,,,,
2021-02-16,309.1000061035156,,,,,,
2021-02-17,299.1000061035156,,,,,,
2021-02-18,316.20001220703125,,,,,,
2021-02-19,306.1000061035156,,,,,,
2021-02-22,315.6000061035156,,,,,,
2021-02-23,327.20001220703125,,,,,,
2021-02-24,340.5,,,,,,
2021-02-25,348.5,,,,,,
2021-02-26,347.6000061035156,,,,,,
2021-03-01,345.1000061035156,,,,,,
2021-03-02,329.1000061035156,,,,,,
2021-03-03,337.0,,,,,,
2021-03-04,351.8999938964844,,,,,,
2021-03-05,361.8999938964844,,,,,,
2021-03-08,373.6000061035156,,,,,,
2021-03-09,372.0,,,,,,
2021-03-10,366.2999877929688,,,,,,
2021-03-11,372.1000061035156,,,,,,
2021-03-12,392.5,,,,,,
2021-03-15,417.7000122070313,,,,,,
2021-03-16,400.2999877929688,,,,,,
2021-03-17,412.0,,,,,,
2021-03-18,424.7999877929688,,,,,,
2021-03-19,404.2999877929688,,,,,,
2021-03-22,393.2000122070313,,,,,,
2021-03-23,408.2999877929688,,,,,,
2021-03-24,406.2000122070313,,,,,,
2021-03-25,389.8999938964844,,,,,,
2021-03-26,388.1000061035156,,,,,,
2021-03-29,382.5,,,,,,
2021-03-30,387.0,,,,,,
2021-03-31,393.2000122070313,,,,,,
2021-04-01,385.0,,,,,,
2021-04-05,418.5,,,,,,
2021-04-06,434.3999938964844,,,,,,
2021-04-07,417.0,,,,,,
2021-04-08,414.3999938964844,,,,,,
2021-04-09,415.5,,,,,,
2021-04-12,402.0,,,,,,
2021-04-13,385.5,,,,,,
2021-04-14,387.2000122070313,,,,,,
2021-04-15,375.6000061035156,,,,,,
2021-04-16,370.7000122070313,,,,,,
2021-04-19,357.1000061035156,,,,,,
2021-04-20,359.6000061035156,,,,,,
2021-04-21,365.7999877929688,,,,,,
2021-04-22,352.70001220703125,,,,,,
2021-04-23,358.0,,,,,,
2021-04-26,342.29998779296875,,,,,,
2021-04-27,330.0,,,,,,
2021-04-28,326.70001220703125,,,,,,
2021-04-29,338.0,,,,,,
2021-04-30,331.70001220703125,,,,,,
2021-05-03,324.8999938964844,,,,,,
2021-05-04,324.0,,,,,,
2021-05-05,329.79998779296875,,,,,,
2021-05-06,331.3999938964844,,,,,,
2021-05-07,327.1000061035156,,,,,,
2021-05-10,333.3999938964844,,,,,,
2021-05-11,327.20001220703125,,,,,,
2021-05-12,321.6000061035156,,,,,,
2021-05-13,322.1000061035156,,,,,,
2021-05-14,321.5,,,,,,
2021-05-17,289.3999938964844,,,,,,
2021-05-18,308.20001220703125,,,,,,
2021-05-19,317.3999938964844,,,,,,
2021-05-20,321.20001220703125,,,,,,
2021-05-21,329.79998779296875,,,,,,
2021-05-24,332.0,,,,,,
2021-05-25,324.5,,,,,,
2021-05-26,318.6000061035156,,,,,,
2021-05-27,331.1000061035156,,,,,,
2021-05-28,323.79998779296875,,,,,,
2021-06-01,299.29998779296875,,,,,,
2021-06-02,306.20001220703125,,,,,,
2021-06-03,307.6000061035156,,,,,,
2021-06-04,300.20001220703125,,,,,,
2021-06-07,303.6000061035156,,,,,,
2021-06-08,294.0,,,,,,
2021-06-09,288.70001220703125,,,,,,
2021-06-10,289.3999938964844,,,,,,
2021-06-11,265.70001220703125,,,,,,
2021-06-14,253.6999969482422,,,,,,
2021-06-15,275.5,,,,,,
2021-06-16,269.6000061035156,,,,,,
2021-06-17,269.29998779296875,,,,,,
2021-06-18,274.79998779296875,,,,,,
2021-06-21,277.20001220703125,,,,,,
2021-06-22,267.5,,,,,,
2021-06-23,259.29998779296875,,,,,,
2021-06-24,243.8000030517578,,,,,,
2021-06-25,230.8000030517578,,,,,,
2021-06-28,221.0,,,,,,
2021-06-29,213.5,,,,,,
2021-06-30,204.3999938964844,,,,,,
2021-07-01,214.3000030517578,,,,,,
2021-07-02,211.0,,,,,,
2021-07-06,211.6000061035156,,,,,,
2021-07-07,222.0,,,,,,
2021-07-08,210.6000061035156,,,,,,
2021-07-09,209.3999938964844,,,,,,
2021-07-12,202.3999938964844,,,,,,
2021-07-13,207.5,,,,,,
2021-07-14,211.6000061035156,,,,,,
2021-07-15,216.0,,,,,,
2021-07-16,209.8999938964844,,,,,,
2021-07-19,199.8000030517578,,,,,,
2021-07-20,186.5,,,,,,
2021-07-21,183.8999938964844,,,,,,
2021-07-22,176.10000610351562,,,,,,
2021-07-23,173.0,,,,,,
2021-07-26,168.89999389648438,,,,,,
2021-07-27,180.8999938964844,,,,,,
2021-07-28,178.1999969482422,,,,,,
2021-07-29,169.3000030517578,,,,,,
2021-07-30,179.10000610351562,,,,,,
2021-08-02,176.89999389648438,,,,,,
2021-08-03,166.6999969482422,,,,,,
2021-08-04,158.8000030517578,,,,,,
2021-08-05,158.39999389648438,,,,,,
2021-08-06,161.10000610351562,,,,,,
2021-08-09,168.8000030517578,,,,,,
2021-08-10,163.1999969482422,,,,,,
2021-08-11,166.39999389648438,,,,,,
2021-08-12,178.0,,,,,,
2021-08-13,183.5,,,,,,
2021-08-16,174.39999389648438,,,,,,
2021-08-17,184.6000061035156,,,,,,
2021-08-18,185.3999938964844,,,,,,
2021-08-19,182.6999969482422,,,,,,
2021-08-20,183.8000030517578,,,,,,
2021-08-23,175.10000610351562,,,,,,
2021-08-24,178.5,,,,,,
2021-08-25,175.89999389648438,,,,,,
2021-08-26,153.8000030517578,,,,,,
2021-08-27,140.6999969482422,,,,,,
2021-08-30,144.60000610351562,,,,,,
2021-08-31,140.5,,,,,,
2021-09-01,126.1999969482422,,,,,,
2021-09-02,124.8000030517578,,,,,,
2021-09-03,121.3000030517578,,,,,,
2021-09-07,127.9000015258789,,,,,,
2021-09-08,108.5,,,,,,
2021-09-09,105.1999969482422,,,,,,
2021-09-10,106.8000030517578,,,,,,
2021-09-13,96.8000030517578,,,,,,
2021-09-14,92.6999969482422,,,,,,
2021-09-15,86.69999694824219,,,,,,
2021-09-16,92.1999969482422,,,,,,
2021-09-17,100.6999969482422,,,,,,
2021-09-20,104.8000030517578,,,,,,
2021-09-21,109.1999969482422,,,,,,
2021-09-22,112.3000030517578,,,,,,
2021-09-23,99.6999969482422,,,,,,
2021-09-24,94.5,,,,,,
2021-09-27,72.19999694824219,,,,,,
2021-09-28,73.4000015258789,,,,,,
2021-09-29,82.80000305175781,,,,,,
2021-09-30,71.19999694824219,,,,,,
2021-10-01,77.5,,,,,,
2021-10-04,68.80000305175781,,,,,,
2021-10-05,58.900001525878906,,,,,,
2021-10-06,69.4000015258789,,,,,,
2021-10-07,68.30000305175781,,,,,,
2021-10-08,72.0999984741211,,,,,,
2021-10-11,76.9000015258789,,,,,,
2021-10-12,75.19999694824219,,,,,,
2021-10-13,69.9000015258789,,,,,,
2021-10-14,69.80000305175781,,,,,,
2021-10-15,74.19999694824219,,,,,,
2021-10-18,84.69999694824219,,,,,,
2021-10-19,81.4000015258789,,,,,,
2021-10-20,78.0,,,,,,
2021-10-21,77.9000015258789,,,,,,
2021-10-22,76.5999984741211,,,,,,
2021-10-25,60.20000076293945,,,,,,
2021-10-26,62.900001525878906,,,,,,
2021-10-27,59.79999923706055,,,,,,
2021-10-28,66.19999694824219,,,,,,
2021-10-29,71.0999984741211,,,,,,
2021-11-01,79.0999984741211,,,,,,
2021-11-02,70.30000305175781,,,,,,
2021-11-03,62.900001525878906,,,,,,
2021-11-04,65.69999694824219,,,,,,
2021-11-05,67.0999984741211,,,,,,
2021-11-08,73.0,,,,,,
2021-11-09,84.80000305175781,,,,,,
2021-11-10,86.19999694824219,,,,,,
2021-11-11,78.30000305175781,,,,,,
2021-11-12,87.5999984741211,,,,,,
2021-11-15,79.69999694824219,,,,,,
2021-11-16,76.0999984741211,,,,,,
2021-11-17,83.19999694824219,,,,,,
2021-11-18,82.4000015258789,,,,,,
2021-11-19,78.5999984741211,,,,,,
2021-11-22,85.9000015258789,,,,,,
2021-11-23,77.5999984741211,,,,,,
2021-11-24,77.9000015258789,,,,,,
2021-11-26,70.9000015258789,,,,,,
2021-11-29,81.69999694824219,,,,,,
2021-11-30,89.69999694824219,,,,,,
2021-12-01,103.9000015258789,,,,,,
2021-12-02,110.3000030517578,,,,,,
2021-12-03,112.1999969482422,,,,,,
2021-12-06,132.8000030517578,,,,,,
2021-12-07,129.10000610351562,,,,,,
2021-12-08,122.8000030517578,,,,,,
2021-12-09,124.6999969482422,,,,,,
2021-12-10,118.0999984741211,,,,,,
2021-12-13,119.9000015258789,,,,,,
2021-12-14,123.0999984741211,,,,,,
2021-12-15,122.4000015258789,,,,,,
2021-12-16,125.3000030517578,,,,,,
2021-12-17,131.8000030517578,,,,,,
2021-12-20,124.3000030517578,,,,,,
2021-12-21,125.0999984741211,,,,,,
2021-12-22,120.4000015258789,,,,,,
2021-12-23,131.1999969482422,,,,,,
2021-12-27,112.6999969482422,,,,,,
2021-12-28,113.0999984741211,,,,,,
2021-12-29,117.5999984741211,,,,,,
2021-12-30,131.6999969482422,,,,,,
2021-12-31,121.0999984741211,,,,,,
2022-01-03,113.9000015258789,,,,,,
2022-01-04,119.5,,,,,,
2022-01-05,114.1999969482422,,,,,,
2022-01-06,112.3000030517578,,,,,,
2022-01-07,111.4000015258789,,,,,,
2022-01-10,102.1999969482422,,,,,,
2022-01-11,98.1999969482422,,,,,,
2022-01-12,80.9000015258789,,,,,,
2022-01-13,91.3000030517578,,,,,,
2022-01-14,89.26000213623047,,,,,,
2022-01-18,88.45999908447266,,,,,,
2022-01-19,99.1999969482422,,,,,,
2022-01-20,108.08000183105467,,,,,,
2022-01-21,102.86000061035156,,,,,,
2022-01-24,99.31999969482422,,,,,,
2022-01-25,95.6999969482422,,,,,,
2022-01-26,89.81999969482422,,,,,,
2022-01-27,75.0199966430664,,,,,,
2022-01-28,63.97999954223633,,,,,,
2022-01-31,57.97999954223633,,,,,,
2022-02-01,57.220001220703125,,,,,,
2022-02-02,42.619998931884766,,,,,,
2022-02-03,49.880001068115234,,,,,,
2022-02-04,58.68000030517578,,,,,,
2022-02-07,64.5199966430664,,,,,,
2022-02-08,66.69999694824219,,,,,,
2022-02-09,72.63999938964844,,,,,,
2022-02-10,73.91999816894531,,,,,,
2022-02-11,73.23999786376953,,,,,,
2022-02-14,66.72000122070312,,,,,,
2022-02-15,62.220001220703125,,,,,,
2022-02-16,55.91999816894531,,,,,,
2022-02-17,56.86000061035156,,,,,,
2022-02-18,58.7599983215332,,,,,,
2022-02-22,56.65999984741211,,,,,,
2022-02-23,53.68000030517578,,,,,,
2022-02-24,52.43999862670898,,,,,,
2022-02-25,55.560001373291016,,,,,,
2022-02-28,57.959999084472656,,,,,,
2022-03-01,52.880001068115234,,,,,,
2022-03-02,47.27999877929688,,,,,,
2022-03-03,49.58000183105469,,,,,,
2022-03-04,44.900001525878906,,,,,,
2022-03-07,46.720001220703125,,,,,,
2022-03-08,51.2599983215332,,,,,,
2022-03-09,52.27999877929688,,,,,,
2022-03-10,49.36000061035156,,,,,,
2022-03-11,46.619998931884766,,,,,,
2022-03-14,48.47999954223633,,,,,,
2022-03-15,49.720001220703125,,,,,,
2022-03-16,46.91999816894531,,,,,,
2022-03-17,43.0,,,,,,
2022-03-18,43.70000076293945,,,,,,
2022-03-21,42.619998931884766,,,,,,
2022-03-22,39.119998931884766,,,,,,
2022-03-23,39.36000061035156,,,,,,
2022-03-24,35.5,,,,,,
2022-03-25,33.52000045776367,,,,,,
2022-03-28,34.41999816894531,,,,,,
2022-03-29,36.59999847412109,,,,,,
2022-03-30,33.47999954223633,,,,,,
2022-03-31,32.279998779296875,,,,,,
2022-04-01,31.6200008392334,,,,,,
2022-04-04,31.200000762939453,,,,,,
2022-04-05,28.0,,,,,,
2022-04-06,27.540000915527344,,,,,,
2022-04-07,24.6200008392334,,,,,,
2022-04-08,25.15999984741211,,,,,,
2022-04-11,22.479999542236328,,,,,,
2022-04-12,22.200000762939453,,,,,,
2022-04-13,19.81999969482422,,,,,,
2022-04-14,18.1200008392334,,,,,,
2022-04-18,15.859999656677246,,,,,,
2022-04-19,18.34000015258789,,,,,,
2022-04-20,19.76000022888184,,,,,,
2022-04-21,19.39999961853028,,,,,,
2022-04-22,21.89999961853028,,,,,,
2022-04-25,19.1200008392334,,,,,,
2022-04-26,19.84000015258789,,,,,,
2022-04-27,17.5,,,,,,
2022-04-28,19.239999771118164,,,,,,
2022-04-29,17.420000076293945,,,,,,
2022-05-02,16.200000762939453,,,,,,
2022-05-03,15.100000381469728,,,,,,
2022-05-04,12.84000015258789,,,,,,
2022-05-05,11.84000015258789,,,,,,
2022-05-06,13.640000343322754,,,,,,
2022-05-09,16.860000610351562,,,,,,
2022-05-10,16.020000457763672,,,,,,
2022-05-11,14.15999984741211,,,,,,
2022-05-12,14.039999961853027,,,,,,
2022-05-13,14.220000267028809,,,,,,
2022-05-16,12.979999542236328,,,,,,
2022-05-17,12.0600004196167,,,,,,
2022-05-18,12.0,,,,,,
2022-05-19,12.399999618530272,,,,,,
2022-05-20,12.640000343322754,,,,,,
2022-05-23,10.539999961853027,,,,,,
2022-05-24,10.5,,,,,,
2022-05-25,10.199999809265137,,,,,,
2022-05-26,10.710000038146973,,,,,,
2022-05-27,10.859999656677246,,,,,,
2022-05-31,12.020000457763672,,,,,,
2022-06-01,10.395000457763672,,,,,,
2022-06-02,11.114999771118164,,,,,,
2022-06-03,10.975000381469728,,,,,,
2022-06-06,8.885000228881836,,,,,,
2022-06-07,8.90999984741211,,,,,,
2022-06-08,10.19499969482422,,,,,,
2022-06-09,9.520000457763672,,,,,,
2022-06-10,9.93000030517578,,,,,,
2022-06-13,10.15999984741211,,,,,,
2022-06-14,13.289999961853027,,,,,,
2022-06-15,12.609999656677246,,,,,,
2022-06-16,12.885000228881836,,,,,,
2022-06-17,14.46500015258789,,,,,,
2022-06-21,15.024999618530272,,,,,,
2022-06-22,14.984999656677246,,,,,,
2022-06-23,17.239999771118164,,,,,,
2022-06-24,17.40999984741211,,,,,,
2022-06-27,16.045000076293945,,,,,,
2022-06-28,15.265000343322754,,,,,,
2022-06-29,16.270000457763672,,,,,,
2022-06-30,20.01000022888184,,,,,,
2022-07-01,19.190000534057617,,,,,,
2022-07-05,20.625,,,,,,
2022-07-06,20.11000061035156,,,,,,
2022-07-07,14.954999923706056,,,,,,
2022-07-08,15.835000038146973,,,,,,
2022-07-11,13.845000267028809,,,,,,
2022-07-12,14.970000267028809,,,,,,
2022-07-13,12.81999969482422,,,,,,
2022-07-14,12.494999885559082,,,,,,
2022-07-15,10.779999732971191,,,,,,
2022-07-18,9.734999656677246,,,,,,
2022-07-19,10.045000076293944,,,,,,
2022-07-20,8.369999885559082,,,,,,
2022-07-21,8.25,,,,,,
2022-07-22,7.449999809265137,,,,,,
2022-07-25,6.715000152587891,,,,,,
2022-07-26,6.525000095367432,,,,,,
2022-07-27,6.675000190734863,,,,,,
2022-07-28,7.304999828338623,,,,,,
2022-07-29,7.159999847412109,,,,,,
2022-08-01,7.21999979019165,,,,,,
2022-08-02,8.279999732971191,,,,,,
2022-08-03,6.980000019073486,,,,,,
2022-08-04,7.144999980926514,,,,,,
2022-08-05,7.465000152587891,,,,,,
2022-08-08,8.135000228881836,,,,,,
2022-08-09,7.699999809265137,,,,,,
2022-08-10,6.900000095367432,,,,,,
2022-08-11,6.019999980926514,,,,,,
2022-08-12,5.960000038146973,,,,,,
2022-08-15,5.860000133514404,,,,,,
2022-08-16,5.199999809265137,,,,,,
2022-08-17,5.320000171661377,,,,,,
2022-08-18,5.355000019073486,,,,,,
2022-08-19,5.244999885559082,,,,,,
2022-08-22,4.715000152587891,,,,,,
2022-08-23,5.204999923706055,,,,,,
2022-08-24,5.25,,,,,,
2022-08-25,5.105000019073486,,,,,,
2022-08-26,5.215000152587891,,,,,,
2022-08-29,5.224999904632568,,,,,,
2022-08-30,5.400000095367432,,,,,,
2022-08-31,5.320000171661377,,,,,,
2022-09-01,5.275000095367432,,,,,,
2022-09-02,5.590000152587891,,,,,,
2022-09-06,6.715000152587891,,,,,,
2022-09-07,7.079999923706055,,,,,,
2022-09-08,6.835000038146973,,,,,,
2022-09-09,6.679999828338623,,,,,,
2022-09-12,6.150000095367432,,,,,,
2022-09-13,6.110000133514404,,,,,,
2022-09-14,5.079999923706055,,,,,,
2022-09-15,5.954999923706055,,,,,,
2022-09-16,6.65500020980835,,,,,,
2022-09-19,6.460000038146973,,,,,,
2022-09-20,6.804999828338623,,,,,,
2022-09-21,6.65500020980835,,,,,,
2022-09-22,7.505000114440918,,,,,,
2022-09-23,8.164999961853027,,,,,,
2022-09-26,8.085000038146973,,,,,,
2022-09-27,8.614999771118164,,,,,,
2022-09-28,8.119999885559082,,,,,,
2022-09-29,8.399999618530273,,,,,,
2022-09-30,8.604999542236328,,,,,,
2022-10-03,9.265000343322754,,,,,,
2022-10-04,8.40999984741211,,,,,,
2022-10-05,8.0600004196167,,,,,,
2022-10-06,8.145000457763672,,,,,,
2022-10-07,8.760000228881836,,,,,,
2022-10-10,9.039999961853027,,,,,,
2022-10-11,8.899999618530273,,,,,,
2022-10-12,9.289999961853027,,,,,,
2022-10-13,8.614999771118164,,,,,,
2022-10-14,8.885000228881836,,,,,,
2022-10-17,9.854999542236328,,,,,,
2022-10-18,10.5,,,,,,
2022-10-19,11.449999809265137,,,,,,
2022-10-20,11.739999771118164,,,,,,
2022-10-21,12.864999771118164,,,,,,
2022-10-24,11.78499984741211,,,,,,
2022-10-25,10.175000190734863,,,,,,
2022-10-26,10.30500030517578,,,,,,
2022-10-27,11.260000228881836,,,,,,
2022-10-28,11.46500015258789,,,,,,
2022-10-31,9.395000457763672,,,,,,
2022-11-01,10.354999542236328,,,,,,
2022-11-02,9.21500015258789,,,,,,
2022-11-03,9.824999809265137,,,,,,
2022-11-04,8.225000381469727,,,,,,
2022-11-07,7.5,,,,,,
2022-11-08,8.234999656677246,,,,,,
2022-11-09,9.149999618530272,,,,,,
2022-11-10,8.390000343322754,,,,,,
2022-11-11,8.885000228881836,,,,,,
2022-11-14,8.649999618530273,,,,,,
2022-11-15,8.449999809265137,,,,,,
2022-11-16,8.130000114440918,,,,,,
2022-11-17,7.730000019073486,,,,,,
2022-11-18,7.755000114440918,,,,,,
2022-11-21,6.764999866485596,,,,,,
2022-11-22,6.15500020980835,,,,,,
2022-11-23,5.764999866485596,,,,,,
2022-11-25,6.175000190734863,,,,,,
2022-11-28,6.349999904632568,,,,,,
2022-11-29,6.489999771118164,,,,,,
2022-11-30,7.0,,,,,,
2022-12-01,7.224999904632568,,,,,,
2022-12-02,8.53499984741211,,,,,,
2022-12-05,10.244999885559082,,,,,,
2022-12-06,11.164999961853027,,,,,,
2022-12-07,9.489999771118164,,,,,,
2022-12-08,8.949999809265137,,,,,,
2022-12-09,8.03499984741211,,,,,,
2022-12-12,7.550000190734863,,,,,,
2022-12-13,6.639999866485596,,,,,,
2022-12-14,7.760000228881836,,,,,,
2022-12-15,7.230000019073486,,,,,,
2022-12-16,7.695000171661377,,,,,,
2022-12-19,8.795000076293945,,,,,,
2022-12-20,9.954999923706056,,,,,,
2022-12-21,9.899999618530272,,,,,,
2022-12-22,11.289999961853027,,,,,,
2022-12-23,11.53499984741211,,,,,,
2022-12-27,11.55500030517578,,,,,,
2022-12-28,12.675000190734863,,,,,,
2022-12-29,13.255000114440918,,,,,,
2022-12-30,13.779999732971191,,,,,,
2023-01-03,16.280000686645508,,,,,,
2023-01-04,15.324999809265137,,,,,,
2023-01-05,17.7549991607666,,,,,,
2023-01-06,18.299999237060547,,,,,,
2023-01-09,16.815000534057617,,,,,,
2023-01-10,19.27499961853028,,,,,,
2023-01-11,18.239999771118164,,,,,,
2023-01-12,18.375,,,,,,
2023-01-13,20.02499961853028,,,,,,
2023-01-17,18.854999542236328,,,,,,
2023-01-18,21.315000534057617,,,,,,
2023-01-19,21.709999084472656,,,,,,
2023-01-20,22.700000762939453,,,,,,
2023-01-23,19.4950008392334,,,,,,
2023-01-24,21.27499961853028,,,,,,
2023-01-25,24.125,,,,,,
2023-01-26,25.165000915527344,,,,,,
2023-01-27,24.114999771118164,,,,,,
2023-01-30,27.7450008392334,,,,,,
2023-01-31,26.53499984741211,,,,,,
2023-02-01,31.350000381469727,,,,,,
2023-02-02,32.32500076293945,,,,,,
2023-02-03,33.7599983215332,,,,,,
2023-02-06,31.229999542236328,,,,,,
2023-02-07,28.520000457763672,,,,,,
2023-02-08,32.474998474121094,,,,,,
2023-02-09,31.82999992370605,,,,,,
2023-02-10,28.315000534057617,,,,,,
2023-02-13,30.915000915527344,,,,,,
2023-02-14,28.32999992370605,,,,,,
2023-02-15,30.790000915527344,,,,,,
2023-02-16,32.029998779296875,,,,,,
2023-02-17,35.71500015258789,,,,,,
2023-02-21,40.6349983215332,,,,,,
2023-02-22,36.42499923706055,,,,,,
2023-02-23,31.850000381469727,,,,,,
2023-02-24,29.02499961853028,,,,,,
2023-02-27,26.354999542236328,,,,,,
2023-02-28,25.59000015258789,,,,,,
2023-03-01,24.325000762939453,,,,,,
2023-03-02,24.89999961853028,,,,,,
2023-03-03,21.02499961853028,,,,,,
2023-03-06,25.39999961853028,,,,,,
2023-03-07,24.729999542236328,,,,,,
2023-03-08,25.6299991607666,,,,,,
2023-03-09,28.09000015258789,,,,,,
2023-03-10,29.549999237060547,,,,,,
2023-03-13,25.56999969482422,,,,,,
2023-03-14,26.13999938964844,,,,,,
2023-03-15,28.95499992370605,,,,,,
2023-03-16,27.225000381469727,,,,,,
2023-03-17,30.770000457763672,,,,,,
2023-03-20,33.349998474121094,,,,,,
2023-03-21,30.4950008392334,,,,,,
2023-03-22,33.1349983215332,,,,,,
2023-03-23,34.970001220703125,,,,,,
2023-03-24,33.375,,,,,,
2023-03-27,35.64500045776367,,,,,,
2023-03-28,38.040000915527344,,,,,,
2023-03-29,37.220001220703125,,,,,,
2023-03-30,39.54499816894531,,,,,,
2023-03-31,36.209999084472656,,,,,,
2023-04-03,38.67499923706055,,,,,,
2023-04-04,39.595001220703125,,,,,,
2023-04-05,37.58000183105469,,,,,,
2023-04-06,41.7400016784668,,,,,,
2023-04-10,35.720001220703125,,,,,,
2023-04-11,34.22999954223633,,,,,,
2023-04-12,37.935001373291016,,,,,,
2023-04-13,39.720001220703125,,,,,,
2023-04-14,36.45000076293945,,,,,,
2023-04-17,33.54499816894531,,,,,,
2023-04-18,31.59000015258789,,,,,,
2023-04-19,34.619998931884766,,,,,,
2023-04-20,34.42499923706055,,,,,,
2023-04-21,34.595001220703125,,,,,,
2023-04-24,32.83000183105469,,,,,,
2023-04-25,34.33000183105469,,,,,,
2023-04-26,36.540000915527344,,,,,,
2023-04-27,35.529998779296875,,,,,,
2023-04-28,34.685001373291016,,,,,,
2023-05-01,36.81499862670898,,,,,,
2023-05-02,38.79499816894531,,,,,,
2023-05-03,41.459999084472656,,,,,,
2023-05-04,43.64500045776367,,,,,,
2023-05-05,43.0099983215332,,,,,,
2023-05-08,39.25,,,,,,
2023-05-09,38.5,,,,,,
2023-05-10,41.31499862670898,,,,,,
2023-05-11,41.1150016784668,,,,,,
2023-05-12,37.59000015258789,,,,,,
2023-05-15,34.70000076293945,,,,,,
2023-05-16,35.28499984741211,,,,,,
2023-05-17,35.20000076293945,,,,,,
2023-05-18,29.209999084472656,,,,,,
2023-05-19,29.46500015258789,,,,,,
2023-05-22,33.189998626708984,,,,,,
2023-05-23,34.31999969482422,,,,,,
2023-05-24,32.595001220703125,,,,,,
2023-05-25,35.290000915527344,,,,,,
2023-05-26,36.6349983215332,,,,,,
2023-05-30,39.994998931884766,,,,,,
2023-05-31,41.755001068115234,,,,,,
2023-06-01,45.2400016784668,,,,,,
2023-06-02,44.45000076293945,,,,,,
2023-06-05,41.560001373291016,,,,,,
2023-06-06,41.19499969482422,,,,,,
2023-06-07,38.86000061035156,,,,,,
2023-06-08,38.790000915527344,,,,,,
2023-06-09,41.084999084472656,,,,,,
2023-06-12,40.81499862670898,,,,,,
2023-06-13,38.77999877929688,,,,,,
2023-06-14,38.29499816894531,,,,,,
2023-06-15,32.005001068115234,,,,,,
2023-06-16,30.395000457763672,,,,,,
2023-06-20,33.15999984741211,,,,,,
2023-06-21,30.395000457763672,,,,,,
2023-06-22,30.02499961853028,,,,,,
2023-06-23,27.155000686645508,,,,,,
2023-06-26,26.23500061035156,,,,,,
2023-06-27,27.7549991607666,,,,,,
2023-06-28,30.5,,,,,,
2023-06-29,29.565000534057617,,,,,,
2023-06-30,27.725000381469727,,,,,,
2023-07-03,29.0,,,,,,
2023-07-05,30.18000030517578,,,,,,
2023-07-06,30.674999237060547,,,,,,
2023-07-07,32.28499984741211,,,,,,
2023-07-10,30.270000457763672,,,,,,
2023-07-11,28.979999542236328,,,,,,
2023-07-12,30.729999542236328,,,,,,
2023-07-13,32.439998626708984,,,,,,
2023-07-14,32.64500045776367,,,,,,
2023-07-17,32.915000915527344,,,,,,
2023-07-18,30.61000061035156,,,,,,
2023-07-19,30.420000076293945,,,,,,
2023-07-20,27.950000762939453,,,,,,
2023-07-21,28.104999542236328,,,,,,
2023-07-24,28.280000686645508,,,,,,
2023-07-25,27.45499992370605,,,,,,
2023-07-26,28.43000030517578,,,,,,
2023-07-27,30.13500022888184,,,,,,
2023-07-28,29.34000015258789,,,,,,
2023-07-31,29.26000022888184,,,,,,
2023-08-01,30.725000381469727,,,,,,
2023-08-02,33.08000183105469,,,,,,
2023-08-03,30.959999084472656,,,,,,
2023-08-04,30.3799991607666,,,,,,
2023-08-07,26.549999237060547,,,,,,
2023-08-08,25.700000762939453,,,,,,
2023-08-09,22.665000915527344,,,,,,
2023-08-10,24.625,,,,,,
2023-08-11,24.114999771118164,,,,,,
2023-08-14,24.020000457763672,,,,,,
2023-08-15,25.15999984741211,,,,,,
2023-08-16,26.19499969482422,,,,,,
2023-08-17,25.915000915527344,,,,,,
2023-08-18,26.82999992370605,,,,,,
2023-08-21,26.809999465942383,,,,,,
2023-08-22,28.06999969482422,,,,,,
2023-08-23,29.295000076293945,,,,,,
2023-08-24,28.3700008392334,,,,,,
2023-08-25,27.239999771118164,,,,,,
2023-08-28,27.915000915527344,,,,,,
2023-08-29,28.6200008392334,,,,,,
2023-08-30,26.38999938964844,,,,,,
2023-08-31,27.145000457763672,,,,,,
2023-09-01,27.84499931335449,,,,,,
2023-09-05,29.69499969482422,,,,,,
2023-09-06,30.674999237060547,,,,,,
2023-09-07,30.46500015258789,,,,,,
2023-09-08,30.27499961853028,,,,,,
2023-09-11,30.709999084472656,,,,,,
2023-09-12,29.325000762939453,,,,,,
2023-09-13,29.40999984741211,,,,,,
2023-09-14,30.0,,,,,,
2023-09-15,30.84499931335449,,,,,,
2023-09-18,29.76000022888184,,,,,,
2023-09-19,29.059999465942383,,,,,,
2023-09-20,30.989999771118164,,,,,,
2023-09-21,32.52000045776367,,,,,,
2023-09-22,31.834999084472656,,,,,,
2023-09-25,31.475000381469727,,,,,,
2023-09-26,32.57500076293945,,,,,,
2023-09-27,31.670000076293945,,,,,,
2023-09-28,30.459999084472656,,,,,,
2023-09-29,30.520000457763672,,,,,,
2023-10-02,32.32500076293945,,,,,,
2023-10-03,30.20499992370605,,,,,,
2023-10-04,29.1200008392334,,,,,,
2023-10-05,25.4950008392334,,,,,,
2023-10-06,23.14999961853028,,,,,,
2023-10-09,22.52499961853028,,,,,,
2023-10-10,22.2450008392334,,,,,,
2023-10-11,22.225000381469727,,,,,,
2023-10-12,22.604999542236328,,,,,,
2023-10-13,23.39999961853028,,,,,,
2023-10-16,24.440000534057617,,,,,,
2023-10-17,24.854999542236328,,,,,,
2023-10-18,24.739999771118164,,,,,,
2023-10-19,26.334999084472656,,,,,,
2023-10-20,27.28499984741211,,,,,,
2023-10-23,27.174999237060547,,,,,,
2023-10-24,26.225000381469727,,,,,,
2023-10-25,25.32999992370605,,,,,,
2023-10-26,23.93000030517578,,,,,,
2023-10-27,24.584999084472656,,,,,,
2023-10-30,26.18000030517578,,,,,,
2023-10-31,22.43000030517578,,,,,,
2023-11-01,23.459999084472656,,,,,,
2023-11-02,23.114999771118164,,,,,,
2023-11-03,23.309999465942383,,,,,,
2023-11-06,25.559999465942383,,,,,,
2023-11-07,26.604999542236328,,,,,,
2023-11-08,27.950000762939453,,,,,,
2023-11-09,29.350000381469727,,,,,,
2023-11-10,29.96999931335449,,,,,,
2023-11-13,27.600000381469727,,,,,,
2023-11-14,29.61000061035156,,,,,,
2023-11-15,29.125,,,,,,
2023-11-16,30.84000015258789,,,,,,
2023-11-17,32.73500061035156,,,,,,
2023-11-20,34.540000915527344,,,,,,
2023-11-21,35.86000061035156,,,,,,
2023-11-22,34.64500045776367,,,,,,
2023-11-24,35.474998474121094,,,,,,
2023-11-27,37.0,,,,,,
2023-11-28,40.70000076293945,,,,,,
2023-11-29,40.86000061035156,,,,,,
2023-11-30,40.470001220703125,,,,,,
2023-12-01,41.52000045776367,,,,,,
2023-12-04,43.095001220703125,,,,,,
2023-12-05,43.19499969482422,,,,,,
2023-12-06,47.875,,,,,,
2023-12-07,47.76499938964844,,,,,,
2023-12-08,48.41999816894531,,,,,,
2023-12-11,52.65999984741211,,,,,,
2023-12-12,58.29499816894531,,,,,,
2023-12-13,55.09000015258789,,,,,,
2023-12-14,50.77000045776367,,,,,,
2023-12-15,50.08000183105469,,,,,,
2023-12-18,49.54999923706055,,,,,,
2023-12-19,50.21500015258789,,,,,,
2023-12-20,54.970001220703125,,,,,,
2023-12-21,49.36000061035156,,,,,,
2023-12-22,48.59000015258789,,,,,,
2023-12-26,50.720001220703125,,,,,,
2023-12-27,49.79999923706055,,,,,,
2023-12-28,46.20000076293945,,,,,,
2023-12-29,48.20500183105469,,,,,,
2024-01-02,45.78499984741211,,,,,,
2024-01-03,42.375,,,,,,
2024-01-04,38.6150016784668,,,,,,
2024-01-05,38.150001525878906,,,,,,
2024-01-08,38.720001220703125,,,,,,
2024-01-09,35.02000045776367,,,,,,
2024-01-10,39.209999084472656,,,,,,
2024-01-11,39.6150016784668,,,,,,
2024-01-12,36.42499923706055,,,,,,
2024-01-16,42.06499862670898,,,,,,
2024-01-17,41.02999877929688,,,,,,
2024-01-18,43.10499954223633,,,,,,
2024-01-19,49.18000030517578,,,,,,
2024-01-22,54.18000030517578,,,,,,
2024-01-23,51.52999877929688,,,,,,
2024-01-24,46.8650016784668,,,,,,
2024-01-25,51.334999084472656,,,,,,
2024-01-26,51.20500183105469,,,,,,
2024-01-29,56.38999938964844,,,,,,
2024-01-30,54.6150016784668,,,,,,
2024-01-31,53.36000061035156,,,,,,
2024-02-01,57.5,,,,,,
2024-02-02,54.81499862670898,,,,,,
2024-02-05,55.415000915527344,,,,,,
2024-02-06,59.71500015258789,,,,,,
2024-02-07,61.57500076293945,,,,,,
2024-02-08,66.72000122070312,,,,,,
2024-02-09,68.62000274658203,,,,,,
2024-02-12,75.68000030517578,,,,,,
2024-02-13,79.81500244140625,,,,,,
2024-02-14,86.74500274658203,,,,,,
2024-02-15,85.76000213623047,,,,,,
2024-02-16,82.78500366210938,,,,,,
2024-02-20,86.27999877929688,,,,,,
2024-02-21,64.73500061035156,,,,,,
2024-02-22,65.97000122070312,,,,,,
2024-02-23,73.56999969482422,,,,,,
2024-02-26,69.87000274658203,,,,,,
2024-02-27,65.12000274658203,,,,,,
2024-02-28,59.8849983215332,,,,,,
2024-02-29,62.34000015258789,,,,,,
2024-03-01,63.67499923706055,,,,,,
2024-03-04,56.71500015258789,,,,,,
2024-03-05,55.97499847412109,,,,,,
2024-03-06,57.64500045776367,,,,,,
2024-03-07,65.27999877929688,,,,,,
2024-03-08,65.97000122070312,,,,,,
2024-03-11,70.43000030517578,,,,,,
2024-03-12,73.38500213623047,,,,,,
2024-03-13,76.13500213623047,,,,,,
2024-03-14,69.88500213623047,,,,,,
2024-03-15,73.0999984741211,,,,,,
2024-03-18,71.20999908447266,,,,,,
2024-03-19,68.06999969482422,,,,,,
2024-03-20,70.70500183105469,,,,,,
2024-03-21,71.18499755859375,,,,,,
2024-03-22,72.9800033569336,,,,,,
2024-03-25,73.75499725341797,,,,,,
2024-03-26,74.7750015258789,,,,,,
2024-03-27,80.9749984741211,,,,,,
2024-03-28,78.3499984741211,,,,,,
2024-04-01,69.81500244140625,,,,,,
2024-04-02,68.83000183105469,,,,,,
2024-04-03,69.1500015258789,,,,,,
2024-04-04,74.3550033569336,,,,,,
2024-04-05,74.36000061035156,,,,,,
2024-04-08,69.375,,,,,,
2024-04-09,67.1449966430664,,,,,,
2024-04-10,68.69999694824219,,,,,,
2024-04-11,72.05999755859375,,,,,,
2024-04-12,70.19999694824219,,,,,,
2024-04-15,75.76000213623047,,,,,,
2024-04-16,72.08999633789062,,,,,,
2024-04-17,73.0,,,,,,
2024-04-18,73.19999694824219,,,,,,
2024-04-19,72.19000244140625,,,,,,
2024-04-22,68.45999908447266,,,,,,
2024-04-23,65.5,,,,,,
2024-04-24,71.94999694824219,,,,,,
2024-04-25,71.22000122070312,,,,,,
2024-04-26,73.6500015258789,,,,,,
2024-04-29,67.58999633789062,,,,,,
2024-04-30,72.0,,,,,,
2024-05-01,74.4800033569336,,,,,,
2024-05-02,70.2699966430664,,,,,,
2024-05-03,64.87999725341797,,,,,,
2024-05-06,62.43999862670898,,,,,,
2024-05-07,61.77999877929688,,,,,,
2024-05-08,62.27999877929688,,,,,,
2024-05-09,58.27999877929688,,,,,,
2024-05-10,61.130001068115234,,,,,,
2024-05-13,56.75,,,,,,
2024-05-14,57.08000183105469,,,,,,
2024-05-15,54.54999923706055,,,,,,
2024-05-16,52.040000915527344,,,,,,
2024-05-17,47.70000076293945,,,,,,
2024-05-20,44.150001525878906,,,,,,
2024-05-21,45.59999847412109,,,,,,
2024-05-22,40.2599983215332,,,,,,
2024-05-23,41.86000061035156,,,,,,
2024-05-24,46.540000915527344,,,,,,
2024-05-28,44.79999923706055,,,,,,
2024-05-29,50.27000045776367,,,,,,
2024-05-30,53.90999984741211,,,,,,
2024-05-31,53.619998931884766,,,,,,
2024-06-03,45.7599983215332,,,,,,
2024-06-04,50.0,,,,,,
2024-06-05,44.560001373291016,,,,,,
2024-06-06,42.84000015258789,,,,,,
2024-06-07,39.06999969482422,,,,,,
2024-06-10,39.15999984741211,,,,,,
2024-06-11,33.959999084472656,,,,,,
2024-06-12,36.06999969482422,,,,,,
2024-06-13,38.5,,,,,,
2024-06-14,39.31999969482422,,,,,,
2024-06-17,42.02000045776367,,,,,,
2024-06-18,38.790000915527344,,,,,,
2024-06-20,42.22999954223633,,,,,,
2024-06-21,42.790000915527344,,,,,,
2024-06-24,39.27999877929688,,,,,,
2024-06-25,42.119998931884766,,,,,,
2024-06-26,44.79999923706055,,,,,,
2024-06-27,46.43999862670898,,,,,,
2024-06-28,49.18999862670898,,,,,,
2024-07-01,53.40999984741211,,,,,,
2024-07-02,54.08000183105469,,,,,,
2024-07-03,54.31999969482422,,,,,,
2024-07-05,59.209999084472656,,,,,,
2024-07-08,57.91999816894531,,,,,,
2024-07-09,58.84999847412109,,,,,,
2024-07-10,60.70000076293945,,,,,,
2024-07-11,63.0099983215332,,,,,,
2024-07-12,61.09999847412109,,,,,,
2024-07-15,67.94000244140625,,,,,,
2024-07-16,67.08999633789062,,,,,,
2024-07-17,74.55000305175781,,,,,,
2024-07-18,69.81999969482422,,,,,,
2024-07-19,68.1500015258789,,,,,,
2024-07-22,61.119998931884766,,,,,,
2024-07-23,62.31999969482422,,,,,,
2024-07-24,67.0999984741211,,,,,,
2024-07-25,72.55000305175781,,,,,,
2024-07-26,74.9800033569336,,,,,,
2024-07-29,74.29000091552734,,,,,,
2024-07-30,69.44000244140625,,,,,,
2024-07-31,73.76000213623047,,,,,,
2024-08-01,78.81999969482422,,,,,,
2024-08-02,79.33999633789062,,,,,,
2024-08-05,80.66000366210938,,,,,,
2024-08-06,75.68000030517578,,,,,,
2024-08-07,69.26000213623047,,,,,,
2024-08-08,66.0,,,,,,
2024-08-09,65.19000244140625,,,,,,
2024-08-12,64.5999984741211,,,,,,
2024-08-13,66.23999786376953,,,,,,
2024-08-14,64.31999969482422,,,,,,
2024-08-15,65.83999633789062,,,,,,
2024-08-16,70.5199966430664,,,,,,
2024-08-19,66.08999633789062,,,,,,
2024-08-20,66.30999755859375,,,,,,
2024-08-21,66.62999725341797,,,,,,
2024-08-22,71.62000274658203,,,,,,
2024-08-23,72.4800033569336,,,,,,
2024-08-26,74.9800033569336,,,,,,
2024-08-27,77.02999877929688,,,,,,
2024-08-28,75.72000122070312,,,,,,
2024-08-29,75.33999633789062,,,,,,
2024-08-30,77.5999984741211,,,,,,
2024-09-03,73.87999725341797,,,,,,
2024-09-04,77.13999938964844,,,,,,
2024-09-05,72.0999984741211,,,,,,
2024-09-06,70.9000015258789,,,,,,
2024-09-09,76.20999908447266,,,,,,
2024-09-10,73.95999908447266,,,,,,
2024-09-11,72.72000122070312,,,,,,
2024-09-12,69.1500015258789,,,,,,
2024-09-13,71.9000015258789,,,,,,
2024-09-16,68.73999786376953,,,,,,
2024-09-17,70.58999633789062,,,,,,
2024-09-18,72.47000122070312,,,,,,
2024-09-19,70.79000091552734,,,,,,
2024-09-20,63.54999923706055,,,,,,
2024-09-23,57.47999954223633,,,,,,
2024-09-24,59.38999938964844,,,,,,
2024-09-25,59.040000915527344,,,,,,
2024-09-26,62.0,,,,,,
2024-09-27,54.84000015258789,,,,,,
2024-09-30,55.220001220703125,,,,,,
2024-10-01,54.83000183105469,,,,,,
2024-10-02,54.75,,,,,,
2024-10-03,52.68999862670898,,,,,,
2024-10-04,57.59000015258789,,,,,,
2024-10-07,61.66999816894531,,,,,,
2024-10-08,62.65999984741211,,,,,,
2024-10-09,65.8499984741211,,,,,,
2024-10-10,65.01000213623047,,,,,,
2024-10-11,67.44000244140625,,,,,,
2024-10-14,72.13999938964844,,,,,,
2024-10-15,71.36000061035156,,,,,,
2024-10-16,74.70999908447266,,,,,,
2024-10-17,75.63999938964844,,,,,,
2024-10-18,77.62000274658203,,,,,,
2024-10-21,75.5199966430664,,,,,,
2024-10-22,72.97000122070312,,,,,,
2024-10-23,70.5999984741211,,,,,,
2024-10-24,66.66000366210938,,,,,,
2024-10-25,65.31999969482422,,,,,,
2024-10-28,74.1500015258789,,,,,,
2024-10-29,73.5,,,,,,
2024-10-30,75.36000061035156,,,,,,
2024-10-31,80.80000305175781,,,,,,
2024-11-01,82.7300033569336,,,,,,
2024-11-04,76.52999877929688,,,,,,
2024-11-05,82.01000213623047,,,,,,
2024-11-06,78.12999725341797,,,,,,
2024-11-07,80.6500015258789,,,,,,
2024-11-08,82.80999755859375,,,,,,
2024-11-11,70.16999816894531,,,,,,
2024-11-12,70.66000366210938,,,,,,
2024-11-13,66.51000213623047,,,,,,
2024-11-14,74.4800033569336,,,,,,
2024-11-15,71.95999908447266,,,,,,
2024-11-18,68.0,,,,,,
2024-11-19,66.75,,,,,,
2024-11-20,58.540000915527344,,,,,,
2024-11-21,55.400001525878906,,,,,,
2024-11-22,61.630001068115234,,,,,,
2024-11-25,57.18000030517578,,,,,,
2024-11-26,55.15999984741211,,,,,,
2024-11-27,64.58999633789062,,,,,,
2024-11-29,58.70000076293945,,,,,,
2024-12-02,63.290000915527344,,,,,,
2024-12-03,69.26000213623047,,,,,,
2024-12-04,68.66999816894531,,,,,,
2024-12-05,68.1500015258789,,,,,,
2024-12-06,67.61000061035156,,,,,,
2024-12-09,63.95000076293945,,,,,,
2024-12-10,63.900001525878906,,,,,,
2024-12-11,58.66999816894531,,,,,,
2024-12-12,56.95000076293945,,,,,,
2024-12-13,59.119998931884766,,,,,,
2024-12-16,61.0,,,,,,
2024-12-17,59.22999954223633,,,,,,
2024-12-18,59.0,,,,,,
2024-12-19,53.43000030517578,,,,,,
2024-12-20,51.040000915527344,,,,,,
2024-12-23,50.900001525878906,,,,,,
2024-12-24,48.119998931884766,,,,,,
2024-12-26,52.56999969482422,,,,,,
2024-12-27,49.560001373291016,,,,,,
2024-12-30,40.36000061035156,,,,,,
2024-12-31,42.7400016784668,,,,,,
2025-01-02,42.130001068115234,,,,,,
2025-01-03,47.630001068115234,,,,,,
2025-01-06,41.77000045776367,,,,,,
2025-01-07,44.459999084472656,,,,,,
2025-01-08,40.220001220703125,,,,,,
2025-01-10,34.790000915527344,,,,,,
2025-01-13,34.04999923706055,,,,,,
2025-01-14,33.880001068115234,,,,,,
2025-01-15,31.0,,,,,,
2025-01-16,28.1200008392334,,,,,,
2025-01-17,32.29999923706055,,,,,,
2025-01-21,34.29999923706055,,,,,,
2025-01-22,31.200000762939453,,,,,,
2025-01-23,32.15999984741211,,,,,,
2025-01-24,32.68000030517578,,,,,,
2025-01-27,36.13999938964844,,,,,,
2025-01-28,39.900001525878906,,,,,,
2025-01-29,37.709999084472656,,,,,,
2025-01-30,40.43000030517578,,,,,,
2025-01-31,40.220001220703125,,,,,,
2025-02-03,32.7400016784668,,,,,,
2025-02-04,34.939998626708984,,,,,,
2025-02-05,31.959999084472656,,,,,,
2025-02-06,31.670000076293945,,,,,,
2025-02-07,33.11000061035156,,,,,,
2025-02-10,30.39999961853028,,,,,,
2025-02-11,29.15999984741211,,,,,,
2025-02-12,28.57999992370605,,,,,,
2025-02-13,27.780000686645508,,,,,,
2025-02-14,26.450000762939453,,,,,,
2025-02-18,23.06999969482422,,,,,,
2025-02-19,19.799999237060547,,,,,,
2025-02-20,21.34000015258789,,,,,,
2025-02-21,20.84000015258789,,,,,,
2025-02-24,22.209999084472656,,,,,,
2025-02-25,21.100000381469727,,,,,,
2025-02-26,22.049999237060547,,,,,,
2025-02-27,22.790000915527344,,,,,,
2025-02-28,23.81999969482422,,,,,,
2025-03-03,20.26000022888184,,,,,,
2025-03-04,18.100000381469727,,,,,,
2025-03-05,17.3700008392334,,,,,,
2025-03-06,18.540000915527344,,,,,,
2025-03-07,17.889999389648438,,,,,,
2025-03-10,16.969999313354492,,,,,,
2025-03-11,17.709999084472656,,,,,,
2025-03-12,20.09000015258789,,,,,,
2025-03-13,20.239999771118164,,,,,,
2025-03-14,19.700000762939453,,,,,,
2025-03-17,20.75,,,,,,
2025-03-18,20.450000762939453,,,,,,
2025-03-19,18.59000015258789,,,,,,
2025-03-20,20.479999542236328,,,,,,
2025-03-21,21.11000061035156,,,,,,
2025-03-24,21.51000022888184,,,,,,
2025-03-25,22.190000534057617,,,,,,
2025-03-26,22.61000061035156,,,,,,
2025-03-27,22.01000022888184,,,,,,
2025-03-28,20.049999237060547,,,,,,
2025-03-31,19.56999969482422,,,,,,
2025-04-01,21.239999771118164,,,,,,
2025-04-02,20.459999084472656,,,,,,
2025-04-03,19.489999771118164,,,,,,
2025-04-04,22.26000022888184,,,,,,
2025-04-07,24.450000762939453,,,,,,
2025-04-08,26.34000015258789,,,,,,
2025-04-09,21.989999771118164,,,,,,
2025-04-10,24.51000022888184,,,,,,
2025-04-11,23.76000022888184,,,,,,
2025-04-14,26.06999969482422,,,,,,
2025-04-15,26.209999084472656,,,,,,
2025-04-16,26.530000686645508,,,,,,
2025-04-17,26.440000534057617,,,,,,
2025-04-21,29.270000457763672,,,,,,
2025-04-22,30.170000076293945,,,,,,
2025-04-23,30.020000457763672,,,,,,
2025-04-24,30.64999961853028,,,,,,
2025-04-25,30.049999237060547,,,,,,
2025-04-28,26.989999771118164,,,,,,
2025-04-29,25.82999992370605,,,,,,
2025-04-30,25.920000076293945,,,,,,
2025-05-01,24.06999969482422,,,,,,
2025-05-02,21.600000381469727,,,,,,
2025-05-05,22.36000061035156,,,,,,
2025-05-06,23.3700008392334,,,,,,
2025-05-07,21.790000915527344,,,,,,
2025-05-08,21.88999938964844,,,,,,
2025-05-09,20.200000762939453,,,,,,
2025-05-12,21.239999771118164,,,,,,
2025-05-13,21.600000381469727,,,,,,
2025-05-14,23.280000686645508,,,,,,
2025-05-15,24.51000022888184,,,,,,
2025-05-16,24.809999465942383,,,,,,
2025-05-19,27.93000030517578,,,,,,
2025-05-20,23.06999969482422,,,,,,
2025-05-21,23.26000022888184,,,,,,
2025-05-22,23.989999771118164,,,,,,
2025-05-23,23.420000076293945,,,,,,
2025-05-27,22.76000022888184,,,,,,
2025-05-28,25.31999969482422,,,,,,
2025-05-29,25.739999771118164,,,,,,
2025-05-30,26.690000534057617,,,,,,
2025-06-02,22.780000686645508,,,,,,
2025-06-03,22.559999465942383,,,,,,
2025-06-04,22.700000762939453,,,,,,
2025-06-05,23.280000686645508,,,,,,
2025-06-06,21.90999984741211,,,,,,
2025-06-09,23.43000030517578,,,,,,
2025-06-10,24.739999771118164,,,,,,
2025-06-11,25.01000022888184,,,,,,
2025-06-12,24.75,,,,,,
2025-06-13,23.84000015258789,,,,,,
2025-06-16,22.100000381469727,,,,,,
2025-06-17,20.61000061035156,,,,,,
2025-06-18,19.5,,,,,,
2025-06-20,20.32999992370605,,,,,,
2025-06-23,22.190000534057617,,,,,,
2025-06-24,23.670000076293945,,,,,,
2025-06-25,24.57999992370605,,,,,,
2025-06-26,24.979999542236328,,,,,,
2025-06-27,22.3700008392334,,,,,,
2025-06-30,25.61000061035156,,,,,,
2025-07-01,26.32999992370605,,,,,,
2025-07-02,25.200000762939453,,,,,,
2025-07-03,25.690000534057617,,,,,,
2025-07-07,26.190000534057617,,,,,,
2025-07-08,27.049999237060547,,,,,,
2025-07-09,29.299999237060547,,,,,,
2025-07-10,27.18000030517578,,,,,,
2025-07-11,26.68000030517578,,,,,,
2025-07-14,25.09000015258789,,,,,,
2025-07-15,24.190000534057617,,,,,,
2025-07-16,23.520000457763672,,,,,,
2025-07-17,23.82999992370605,,,,,,
2025-07-18,23.3700008392334,,,,,,
2025-07-21,26.950000762939453,,,,,,
2025-07-22,27.709999084472656,,,,,,
2025-07-23,30.559999465942383,,,,,,
2025-07-24,29.8799991607666,,,,,,
2025-07-25,30.06999969482422,,,,,,
2025-07-28,30.780000686645508,,,,,,
2025-07-29,29.63999938964844,,,,,,
2025-07-30,32.130001068115234,,,,,,
2025-07-31,30.89999961853028,,,,,,
2025-08-01,30.81999969482422,,,,,,
2025-08-04,33.84000015258789,,,,,,
2025-08-05,32.529998779296875,,,,,,
2025-08-06,30.809999465942383,,,,,,
2025-08-07,30.920000076293945,,,,,,
2025-08-08,32.45000076293945,,,,,,
2025-08-11,32.97999954223633,,,,,,
2025-08-12,36.5099983215332,,,,,,
2025-08-13,36.09000015258789,,,,,,
2025-08-14,36.130001068115234,,,,,,
2025-08-15,34.70000076293945,,,,,,
2025-08-18,35.7400016784668,,,,,,
2025-08-19,38.22999954223633,,,,,,
2025-08-20,38.65999984741211,,,,,,
2025-08-21,37.29999923706055,,,,,,
2025-08-22,39.43000030517578,,,,,,
2025-08-25,39.75,,,,,,
2025-08-26,39.56999969482422,,,,,,
2025-08-27,38.400001525878906,,,,,,
2025-08-28,36.63999938964844,,,,,,
2025-08-29,34.93000030517578,,,,,,
2025-09-02,35.40999984741211,,,,,,
2025-09-03,34.25,,,,,,
2025-09-04,34.470001220703125,,,,,,
2025-09-05,35.63999938964844,,,,,,
2025-09-08,34.83000183105469,,,,,,
2025-09-09,34.720001220703125,,,,,,
2025-09-10,35.93000030517578,,,,,,
2025-09-11,37.970001220703125,,,,,,
2025-09-12,38.18999862670898,,,,,,
2025-09-15,35.959999084472656,,,,,,
2025-09-16,34.310001373291016,,,,,,
2025-09-17,34.9900016784668,,,,,,
2025-09-18,37.20000076293945,,,,,,
2025-09-19,37.83000183105469,,,,,,
2025-09-22,40.34000015258789,,,,,,
2025-09-23,39.040000915527344,,,,,,
2025-09-24,39.0099983215332,,,,,,
2025-09-25,37.54999923706055,,,,,,
2025-09-26,38.22999954223633,,,,,,
2025-09-29,36.16999816894531,,,,,,
2025-09-30,34.790000915527344,,,,,,
2025-10-01,31.780000686645508,,,,,,
2025-10-02,32.63999938964844,,,,,,
2025-10-03,34.52000045776367,,,,,,
2025-10-06,33.189998626708984,,,,,,
2025-10-07,30.739999771118164,,,,,,
2025-10-08,33.58000183105469,,,,,,
2025-10-09,35.2400016784668,,,,,,
2025-10-10,36.68999862670898,,,,,,
2025-10-13,37.63999938964844,,,,,,
2025-10-14,38.88999938964844,,,,,,
2025-10-15,39.630001068115234,,,,,,
2025-10-16,40.59000015258789,,,,,,
2025-10-17,38.459999084472656,,,,,,
2025-10-20,33.54999923706055,,,,,,
2025-10-21,32.630001068115234,,,,,,
2025-10-22,33.16999816894531,,,,,,
2025-10-23,33.5,,,,,,
2025-10-24,33.5099983215332,,,,,,
2025-10-27,34.040000915527344,,,,,,
2025-10-28,36.540000915527344,,,,,,
2025-10-29,37.2599983215332,,,,,,
2025-10-30,34.56999969482422,,,,,,
2025-10-31,32.310001373291016,,,,,,
2025-11-03,30.229999542236328,,,,,,
2025-11-04,29.549999237060547,,,,,,
2025-11-05,30.790000915527344,,,,,,
2025-11-06,28.780000686645508,,,,,,
2025-11-07,29.46999931335449,,,,,,
2025-11-10,28.88999938964844,,,,,,
2025-11-11,27.209999084472656,,,,,,
2025-11-12,26.940000534057617,,,,,,
2025-11-13,26.34000015258789,,,,,,
2025-11-14,27.270000457763672,,,,,,
2025-11-17,28.88999938964844,,,,,,
2025-11-18,28.440000534057617,,,,,,
2025-11-19,26.520000457763672,,,,,,
2025-11-20,27.56999969482422,,,,,,
2025-11-21,26.709999084472656,,,,,,
2025-11-24,27.559999465942383,,,,,,
2025-11-25,29.780000686645508,,,,,,
2025-11-26,28.0,,,,,,
2025-11-28,26.040000915527344,,,,,,
2025-12-01,24.290000915527344,,,,,,
2025-12-02,25.13999938964844,,,,,,
2025-12-03,23.39999961853028,,,,,,
2025-12-04,22.790000915527344,,,,,,
2025-12-05,20.790000915527344,,,,,,
2025-12-08,24.26000022888184,,,,,,
2025-12-09,26.84000015258789,,,,,,
2025-12-10,26.420000076293945,,,,,,
2025-12-11,29.01000022888184,,,,,,
2025-12-12,31.739999771118164,,,,,,
2025-12-15,32.869998931884766,,,,,,
2025-12-16,34.099998474121094,,,,,,
2025-12-17,32.15999984741211,,,,,,
2025-12-18,35.75,,,,,,
2025-12-19,35.45000076293945,,,,,,
2025-12-22,38.540000915527344,,,,,,
2025-12-23,32.869998931884766,,,,,,
2025-12-24,34.5,,,,,,
2025-12-26,32.619998931884766,,,,,,
2025-12-29,31.809999465942383,,,,,,
2025-12-30,31.670000076293945,,,,,,
2025-12-31,35.27000045776367,,,,,,
2026-01-02,37.27999877929688,,,,,,
2026-01-05,41.470001220703125,,,,,,
2026-01-06,42.56999969482422,,,,,,
2026-01-07,40.06999969482422,,,,,,
2026-01-08,43.34000015258789,,,,,,
2026-01-09,49.38999938964844,,,,,,
2026-01-12,41.900001525878906,,,,,,
2026-01-13,40.5099983215332,,,,,,
2026-01-14,45.29999923706055,,,,,,
2026-01-15,46.15999984741211,,,,,,
2026-01-16,45.2400016784668,,,,,,
2026-01-20,27.88999938964844,,,,,,
2026-01-21,22.39999961853028,,,,,,
2026-01-22,23.01000022888184,,,,,,
2026-01-23,21.350000381469727,,,,,,
2026-01-26,18.51000022888184,,,,,,
2026-01-27,18.809999465942383,,,,,,
2026-01-28,19.26000022888184,,,,,,
2026-01-29,17.809999465942383,,,,,,
2026-01-30,13.579999923706056,,,,,,
2026-02-02,20.170000076293945,,,,,,
2026-02-03,19.26000022888184,,,,,,
2026-02-04,17.729999542236328,,,,,,
2026-02-05,17.56999969482422,,,,,,
2026-02-06,18.229999542236328,,,,,,
2026-02-09,21.07999992370605,,,,,,
2026-02-10,21.15999984741211,,,,,,
2026-02-11,20.6200008392334,,,,,,
2026-02-12,20.600000381469727,,,,,,
2026-02-13,20.6299991607666,,,,,,
2026-02-17,22.11000061035156,,,,,,
2026-02-18,22.239999771118164,,,,,,
2026-02-19,22.38999938964844,,,,,,
2026-02-20,21.729999542236328,,,,,,
2026-02-23,22.600000381469727,,,,,,
2026-02-24,23.700000762939453,,,,,,
2026-02-25,23.1299991607666,,,,,,
2026-02-26,23.93000030517578,,,,,,
2026-02-27,23.450000762939453,,,,,,
2026-03-02,21.520000457763672,,,,,,
2026-03-03,20.530000686645508,,,,,,
2026-03-04,22.18000030517578,,,,,,
2026-03-05,21.229999542236328,,,,,,
2026-03-06,18.75,,,,,,
2026-03-09,20.13999938964844,,,,,,
2026-03-10,20.25,,,,,,
2026-03-11,18.34000015258789,,,,,,
2026-03-12,18.0,,,,,,
2026-03-13,19.059999465942383,,,,,,
2026-03-16,20.38999938964844,,,,,,
2026-03-17,20.51000022888184,,,,,,
2026-03-18,18.93000030517578,,,,,,
2026-03-19,19.34000015258789,,,,,,
2026-03-20,19.809999465942383,,,,,,
2026-03-23,21.88999938964844,,,,,,
2026-03-24,21.850000381469727,,,,,,
2026-03-25,21.3700008392334,,,,,,
2026-03-26,21.5,,,,,,
2026-03-27,19.93000030517578,,,,,,
2026-03-30,21.8700008392334,,,,,,
2026-03-31,21.709999084472656,,,,,,
2026-04-01,22.84000015258789,,,,,,
2026-04-02,23.100000381469727,,,,,,
2026-04-06,23.030000686645508,,,,,,
2026-04-07,22.31999969482422,,,,,,
2026-04-08,24.01000022888184,,,,,,
2026-04-09,24.86000061035156,,,,,,
2026-04-10,25.13999938964844,,,,,,
2026-04-13,25.5,,,,,,
2026-04-14,26.06999969482422,,,,,,
2026-04-15,26.1299991607666,,,,,,
2026-04-16,25.5,,,,,,
2026-04-17,25.32999992370605,,,,,,
2026-04-20,25.3700008392334,,,,,,
2026-04-21,25.0,,,,,,
2026-04-22,25.020000457763672,,,,,,
2026-04-23,26.59000015258789,,,,,,
2026-04-24,27.309999465942383,,,,,,
2026-04-27,26.59000015258789,,,,,,
2026-04-28,27.290000915527344,,,,,,
2026-04-29,28.13999938964844,,,,,,
2026-04-30,26.270000457763672,,,,,,
2026-05-01,25.59000015258789,,,,,,
2026-05-04,24.549999237060547,,,,,,
2026-05-05,25.850000381469727,,,,,,
2026-05-06,26.850000381469727,,,,,,
2026-05-07,26.15999984741211,,,,,,
2026-05-08,26.75,,,,,,
2026-05-11,24.520000457763672,,,,,,
2026-05-12,25.81999969482422,,,,,,
2026-05-13,25.64999961853028,,,,,,
2026-05-14,24.96999931335449,,,,,,
2026-05-15,24.489999771118164,,,,,,
2026-05-18,23.549999237060547,,,,,,
2026-05-19,22.059999465942383,,,,,,
2026-05-20,23.57999992370605,,,,,,
2026-05-21,24.229999542236328,,,,,,
2026-05-22,25.850000381469727,,,,,,
2026-05-26,26.0,,,,,,
2026-05-27,24.71999931335449,,,,,,
2026-05-28,21.6200008392334,,,,,,
2026-05-29,21.5,,,,,,
2026-06-01,22.920000076293945,,,,,,
2026-06-02,23.15999984741211,,,,,,
2026-06-03,22.209999084472656,,,,,,
2026-06-04,20.65999984741211,,,,,,
2026-06-05,22.26000022888184,,,,,,
2026-06-08,23.309999465942383,,,,,,
2026-06-09,23.309999465942383,,,,,,
2026-06-10,22.71999931335449,,,,,,
2026-06-11,24.21999931335449,,,,,,
2026-06-12,23.64999961853028,,,,,,
2026-06-15,23.59000015258789,,,,,,
2026-06-16,22.26000022888184,,,,,,
2026-06-17,22.850000381469727,,,,,,
2026-06-18,22.200000762939453,,,,,,
2026-06-22,22.15999984741211,,,,,,
2026-06-23,23.18000030517578,,,,,,
2026-06-24,22.200000762939453,,,,,,
2026-06-25,22.18000030517578,,,,,,
2026-06-26,21.780000686645508,,,,,,
2026-06-29,23.530000686645508,,,,,,
2026-06-30,22.64999961853028,,,,,,
2026-07-01,23.43000030517578,,,,,,
2026-07-02,23.440000534057617,,,,,,
2026-07-06,23.29,,,,,,
2026-07-07,22.7,,,,,,
2026-07-08,23.17,,,,,,
2026-07-09,25.86,,,,,,
2026-07-10,26.96,,,,,,
2026-07-13,27.98,,,,,,
2026-07-14,27.4,,,,,,
2026-07-15,26.97,,,,,,
2026-07-16,27.71,,,,,,
2026-07-17,27.16,,,,,,
2026-07-20,28.25,,,,,,
2026-07-21,27.72,,,,,,
2026-07-22,26.6,,,,,,
2026-07-23,26.48,,,,,,
2026-07-24,26.88,,,,,,
2026-07-27,29.18,,,,,,
2026-07-28,30.93,,,,,,
2026-07-29,30.21,,,,,,
2026-07-30,29.67,,,,,,
2026-07-31,29.34,,,,,,
2026-08-03,29.1,,,,,,
2026-08-04,31.1,,,,,,
2026-08-05,31.23,,,,,,
2026-08-06,31.92,,,,,,
2026-08-07,31.22,,,,,,
2026-08-10,28.64,,,,,,
2026-08-11,28.94,,,,,,
2026-08-12,28.54,,,,,,
2026-08-13,30.11,,,,,,
2026-08-14,30.53,,,,,,
2026-08-17,31.5,,,,,,
2026-08-18,29.94,,,,,,
2026-08-19,30.6,,,,,,
2026-08-20,30.93,,,,,,
2026-08-21,30.77,,,,,,
2026-08-24,29.94,,,,,,
2026-08-25,29.69,,,,,,
2026-08-26,28.83,,,,,,
2026-08-27,28.65,,,,,,
2026-08-28,29.22,,,,,,
2026-08-31,28.69,29.13,29.41,28.28,1628812.0,28.747,8678.0
2026-09-01,28.34,29.87,29.99,28.26,1407587.0,29.103,6922.0
