date,close,open,high,low,volume,average,barCount
2000-01-03,35.443603515625,,,,,,
2000-01-04,34.2463264465332,,,,,,
2000-01-05,34.60741424560547,,,,,,
2000-01-06,33.448123931884766,,,,,,
2000-01-07,33.885223388671875,,,,,,
2000-01-10,34.13230514526367,,,,,,
2000-01-11,33.25808334350586,,,,,,
2000-01-12,32.17481231689453,,,,,,
2000-01-13,32.782962799072266,,,,,,
2000-01-14,34.13230514526367,,,,,,
2000-01-18,35.06351852416992,,,,,,
2000-01-19,32.53590774536133,,,,,,
2000-01-20,32.231834411621094,,,,,,
2000-01-21,31.547664642333984,,,,,,
2000-01-24,30.787477493286133,,,,,,
2000-01-25,31.26259994506836,,,,,,
2000-01-26,30.21734046936035,,,,,,
2000-01-27,30.02729797363281,,,,,,
2000-01-28,29.875263214111328,,,,,,
2000-01-31,29.761234283447266,,,,,,
2000-02-01,31.300600051879883,,,,,,
2000-02-02,30.654460906982425,,,,,,
2000-02-03,31.509653091430664,,,,,,
2000-02-04,32.402862548828125,,,,,,
2000-02-07,32.421875,,,,,,
2000-02-08,33.429100036621094,,,,,,
2000-02-09,31.623680114746094,,,,,,
2000-02-10,32.231834411621094,,,,,,
2000-02-11,30.388383865356445,,,,,,
2000-02-14,30.293352127075195,,,,,,
2000-02-15,29.97026824951172,,,,,,
2000-02-16,29.685211181640625,,,,,,
2000-02-17,30.293352127075195,,,,,,
2000-02-18,28.90602302551269,,,,,,
2000-02-22,28.525924682617188,,,,,,
2000-02-23,28.65895652770996,,,,,,
2000-02-24,28.81100273132324,,,,,,
2000-02-25,27.76573371887207,,,,,,
2000-02-28,27.841766357421875,,,,,,
2000-02-29,27.17660522460937,,,,,,
2000-03-01,27.61370658874512,,,,,,
2000-03-02,28.392894744873047,,,,,,
2000-03-03,29.22909164428711,,,,,,
2000-03-06,27.556699752807617,,,,,,
2000-03-07,28.240861892700195,,,,,,
2000-03-08,29.05805397033692,,,,,,
2000-03-09,30.40738677978516,,,,,,
2000-03-10,30.71146011352539,,,,,,
2000-03-13,29.79922866821289,,,,,,
2000-03-14,28.92502212524414,,,,,,
2000-03-15,29.001052856445312,,,,,,
2000-03-16,29.001052856445312,,,,,,
2000-03-17,30.21734046936035,,,,,,
2000-03-20,29.60919189453125,,,,,,
2000-03-21,31.24358558654785,,,,,,
2000-03-22,31.3956298828125,,,,,,
2000-03-23,34.01826095581055,,,,,,
2000-03-24,33.96125411987305,,,,,,
2000-03-27,31.64268112182617,,,,,,
2000-03-28,31.71870422363281,,,,,,
2000-03-29,32.592926025390625,,,,,,
2000-03-30,31.433639526367188,,,,,,
2000-03-31,32.30784225463867,,,,,,
2000-04-03,27.63272285461425,,,,,,
2000-04-04,26.92954444885254,,,,,,
2000-04-05,26.264392852783203,,,,,,
2000-04-06,26.15034484863281,,,,,,
2000-04-07,27.08158493041992,,,,,,
2000-04-10,26.169357299804688,,,,,,
2000-04-11,25.50419235229492,,,,,,
2000-04-12,24.135860443115234,,,,,,
2000-04-13,24.09785270690918,,,,,,
2000-04-14,22.53947830200196,,,,,,
2000-04-17,23.07160758972168,,,,,,
2000-04-18,24.4969482421875,,,,,,
2000-04-19,23.926820755004883,,,,,,
2000-04-20,24.002832412719727,,,,,,
2000-04-24,20.2589168548584,,,,,,
2000-04-25,21.095129013061523,,,,,,
2000-04-26,20.6770248413086,,,,,,
2000-04-27,21.22815322875977,,,,,,
2000-04-28,21.20916557312012,,,,,,
2000-05-01,22.330427169799805,,,,,,
2000-05-02,21.24715805053711,,,,,,
2000-05-03,21.45621681213379,,,,,,
2000-05-04,21.418201446533203,,,,,,
2000-05-05,21.62725830078125,,,,,,
2000-05-08,21.22815322875977,,,,,,
2000-05-09,20.62001037597656,,,,,,
2000-05-10,20.12588119506836,,,,,,
2000-05-11,20.639015197753903,,,,,,
2000-05-12,20.924097061157227,,,,,,
2000-05-15,21.095129013061523,,,,,,
2000-05-16,21.13313674926757,,,,,,
2000-05-17,20.58199882507324,,,,,,
2000-05-18,20.12588119506836,,,,,,
2000-05-19,19.783815383911133,,,,,,
2000-05-22,19.517745971679688,,,,,,
2000-05-23,19.21366310119629,,,,,,
2000-05-24,19.93585586547852,,,,,,
2000-05-25,18.70054054260254,,,,,,
2000-05-26,18.681537628173828,,,,,,
2000-05-30,19.27067756652832,,,,,,
2000-05-31,19.023622512817383,,,,,,
2000-06-01,19.631776809692383,,,,,,
2000-06-02,20.16389846801757,,,,,,
2000-06-05,20.334938049316406,,,,,,
2000-06-06,21.171142578125,,,,,,
2000-06-07,21.43720817565918,,,,,,
2000-06-08,20.924097061157227,,,,,,
2000-06-09,20.924097061157227,,,,,,
2000-06-12,20.334938049316406,,,,,,
2000-06-13,20.639015197753903,,,,,,
2000-06-14,21.43720817565918,,,,,,
2000-06-15,22.007354736328125,,,,,,
2000-06-16,22.064355850219727,,,,,,
2000-06-19,22.40644073486328,,,,,,
2000-06-20,22.78653907775879,,,,,,
2000-06-21,24.534948348999023,,,,,,
2000-06-22,24.287899017333984,,,,,,
2000-06-23,23.622745513916016,,,,,,
2000-06-26,24.17387962341309,,,,,,
2000-06-27,23.96481704711914,,,,,,
2000-06-28,24.002832412719727,,,,,,
2000-06-29,23.47069549560547,,,,,,
2000-06-30,24.325908660888672,,,,,,
2000-07-03,24.325908660888672,,,,,,
2000-07-05,23.869792938232425,,,,,,
2000-07-06,24.61097717285156,,,,,,
2000-07-07,24.934051513671875,,,,,,
2000-07-10,24.15485382080078,,,,,,
2000-07-11,24.05984115600586,,,,,,
2000-07-12,24.42093086242676,,,,,,
2000-07-13,24.30690193176269,,,,,,
2000-07-14,24.002832412719727,,,,,,
2000-07-17,23.77478408813477,,,,,,
2000-07-18,23.869792938232425,,,,,,
2000-07-19,22.23539924621582,,,,,,
2000-07-20,22.74852752685547,,,,,,
2000-07-21,21.98833656311035,,,,,,
2000-07-24,21.45621681213379,,,,,,
2000-07-25,20.98110008239746,,,,,,
2000-07-26,20.62001037597656,,,,,,
2000-07-27,21.095129013061523,,,,,,
2000-07-28,21.190147399902344,,,,,,
2000-07-31,21.22815322875977,,,,,,
2000-08-01,20.886075973510746,,,,,,
2000-08-02,21.095129013061523,,,,,,
2000-08-03,21.36119270324707,,,,,,
2000-08-04,21.01911163330078,,,,,,
2000-08-07,21.28516387939453,,,,,,
2000-08-08,22.53947830200196,,,,,,
2000-08-09,22.577482223510746,,,,,,
2000-08-10,22.083362579345703,,,,,,
2000-08-11,22.026355743408203,,,,,,
2000-08-14,21.95033836364746,,,,,,
2000-08-15,21.77929306030273,,,,,,
2000-08-16,21.58924674987793,,,,,,
2000-08-17,21.7602767944336,,,,,,
2000-08-18,21.58924674987793,,,,,,
2000-08-21,21.475215911865234,,,,,,
2000-08-22,21.665260314941406,,,,,,
2000-08-23,21.513221740722656,,,,,,
2000-08-24,21.62725830078125,,,,,,
2000-08-25,21.475215911865234,,,,,,
2000-08-28,21.684267044067383,,,,,,
2000-08-29,21.570241928100582,,,,,,
2000-08-30,21.28516387939453,,,,,,
2000-08-31,21.22815322875977,,,,,,
2000-09-01,21.34217834472656,,,,,,
2000-09-05,21.32316970825196,,,,,,
2000-09-06,21.1141300201416,,,,,,
2000-09-07,21.304176330566406,,,,,,
2000-09-08,21.07612609863281,,,,,,
2000-09-11,20.924097061157227,,,,,,
2000-09-12,20.71504211425781,,,,,,
2000-09-13,20.7530460357666,,,,,,
2000-09-14,20.011865615844727,,,,,,
2000-09-15,19.517745971679688,,,,,,
2000-09-18,19.156646728515625,,,,,,
2000-09-19,19.76480293273925,,,,,,
2000-09-20,19.536741256713867,,,,,,
2000-09-21,19.517745971679688,,,,,,
2000-09-22,19.2326774597168,,,,,,
2000-09-25,18.624526977539062,,,,,,
2000-09-26,19.061628341674805,,,,,,
2000-09-27,18.434484481811523,,,,,,
2000-09-28,18.643531799316406,,,,,,
2000-09-29,18.339454650878903,,,,,,
2000-10-02,17.97836685180664,,,,,,
2000-10-03,17.199182510375977,,,,,,
2000-10-04,16.857093811035156,,,,,,
2000-10-05,16.83809471130371,,,,,,
2000-10-06,16.89509391784668,,,,,,
2000-10-09,16.477001190185547,,,,,,
2000-10-10,16.591032028198242,,,,,,
2000-10-11,16.952116012573242,,,,,,
2000-10-12,16.534011840820312,,,,,,
2000-10-13,16.343969345092773,,,,,,
2000-10-16,15.317719459533691,,,,,,
2000-10-17,15.336727142333984,,,,,,
2000-10-18,15.735817909240724,,,,,,
2000-10-19,18.814571380615234,,,,,,
2000-10-20,19.82181739807129,,,,,,
2000-10-23,18.89058303833008,,,,,,
2000-10-24,18.70054054260254,,,,,,
2000-10-25,18.624526977539062,,,,,,
2000-10-26,19.5937614440918,,,,,,
2000-10-27,20.58199882507324,,,,,,
2000-10-30,21.00010681152344,,,,,,
2000-10-31,20.943092346191406,,,,,,
2000-11-01,21.171142578125,,,,,,
2000-11-02,21.38019561767578,,,,,,
2000-11-03,20.7530460357666,,,,,,
2000-11-06,21.13313674926757,,,,,,
2000-11-07,21.43720817565918,,,,,,
2000-11-08,21.1141300201416,,,,,,
2000-11-09,21.551231384277344,,,,,,
2000-11-10,20.48697853088379,,,,,,
2000-11-13,20.2019100189209,,,,,,
2000-11-14,20.924097061157227,,,,,,
2000-11-15,21.304176330566406,,,,,,
2000-11-16,20.962093353271484,,,,,,
2000-11-17,21.00010681152344,,,,,,
2000-11-20,20.42996025085449,,,,,,
2000-11-21,20.60099983215332,,,,,,
2000-11-22,20.7530460357666,,,,,,
2000-11-24,21.266172409057617,,,,,,
2000-11-27,21.494224548339844,,,,,,
2000-11-28,20.37295150756836,,,,,,
2000-11-29,19.783815383911133,,,,,,
2000-11-30,17.446243286132812,,,,,,
2000-12-01,17.218181610107422,,,,,,
2000-12-04,17.161170959472656,,,,,,
2000-12-05,18.206417083740234,,,,,,
2000-12-06,17.237186431884766,,,,,,
2000-12-07,16.153921127319336,,,,,,
2000-12-08,16.553030014038086,,,,,,
2000-12-11,17.655292510986328,,,,,,
2000-12-12,17.750308990478516,,,,,,
2000-12-13,17.408227920532227,,,,,,
2000-12-14,16.8760929107666,,,,,,
2000-12-15,14.95663070678711,,,,,,
2000-12-18,14.538531303405762,,,,,,
2000-12-19,13.62631607055664,,,,,,
2000-12-20,12.61906623840332,,,,,,
2000-12-21,13.208207130432127,,,,,,
2000-12-22,14.120430946350098,,,,,,
2000-12-26,14.253462791442873,,,,,,
2000-12-27,14.120430946350098,,,,,,
2000-12-28,13.550292015075684,,,,,,
2000-12-29,13.18920612335205,,,,,,
2001-01-02,13.18920612335205,,,,,,
2001-01-03,14.576539039611816,,,,,,
2001-01-04,14.728574752807615,,,,,,
2001-01-05,14.937631607055664,,,,,,
2001-01-08,14.880617141723633,,,,,,
2001-01-09,15.754826545715332,,,,,,
2001-01-10,16.077913284301758,,,,,,
2001-01-11,16.724061965942383,,,,,,
2001-01-12,16.267953872680664,,,,,,
2001-01-16,15.982890129089355,,,,,,
2001-01-17,16.096914291381836,,,,,,
2001-01-18,16.8760929107666,,,,,,
2001-01-19,18.54850578308105,,,,,,
2001-01-22,18.282440185546875,,,,,,
2001-01-23,18.41547584533692,,,,,,
2001-01-24,19.13764762878418,,,,,,
2001-01-25,18.79556465148925,,,,,,
2001-01-26,19.46072578430176,,,,,,
2001-01-29,19.61277198791504,,,,,,
2001-01-30,19.27067756652832,,,,,,
2001-01-31,18.567502975463867,,,,,,
2001-02-01,18.966602325439453,,,,,,
2001-02-02,18.491493225097656,,,,,,
2001-02-05,18.833574295043945,,,,,,
2001-02-06,19.023622512817383,,,,,,
2001-02-07,19.669771194458008,,,,,,
2001-02-08,18.928600311279297,,,,,,
2001-02-09,17.97836685180664,,,,,,
2001-02-12,17.86434555053711,,,,,,
2001-02-13,17.693300247192383,,,,,,
2001-02-14,17.750308990478516,,,,,,
2001-02-15,17.883358001708984,,,,,,
2001-02-16,17.427236557006836,,,,,,
2001-02-20,16.99012565612793,,,,,,
2001-02-21,17.104154586791992,,,,,,
2001-02-22,16.78107452392578,,,,,,
2001-02-23,17.256183624267578,,,,,,
2001-02-26,18.11139869689941,,,,,,
2001-02-27,18.05438232421875,,,,,,
2001-02-28,17.94035530090332,,,,,,
2001-03-01,18.049638748168945,,,,,,
2001-03-02,17.237186431884766,,,,,,
2001-03-05,17.465240478515625,,,,,,
2001-03-06,18.073389053344727,,,,,,
2001-03-07,18.4534854888916,,,,,,
2001-03-08,18.016372680664062,,,,,,
2001-03-09,17.237186431884766,,,,,,
2001-03-12,15.792838096618652,,,,,,
2001-03-13,16.477001190185547,,,,,,
2001-03-14,16.419986724853516,,,,,,
2001-03-15,16.32496452331543,,,,,,
2001-03-16,16.591032028198242,,,,,,
2001-03-19,16.5150146484375,,,,,,
2001-03-20,16.020896911621094,,,,,,
2001-03-21,15.222702026367188,,,,,,
2001-03-22,16.419986724853516,,,,,,
2001-03-23,17.199182510375977,,,,,,
2001-03-26,17.04714012145996,,,,,,
2001-03-27,17.712308883666992,,,,,,
2001-03-28,16.89509391784668,,,,,,
2001-03-29,16.83809471130371,,,,,,
2001-03-30,16.62904167175293,,,,,,
2001-04-02,16.971118927001953,,,,,,
2001-04-03,16.22994613647461,,,,,,
2001-04-04,15.792838096618652,,,,,,
2001-04-05,17.256183624267578,,,,,,
2001-04-06,17.08515167236328,,,,,,
2001-04-09,17.377819061279297,,,,,,
2001-04-10,18.14712905883789,,,,,,
2001-04-11,18.2565975189209,,,,,,
2001-04-12,18.907310485839844,,,,,,
2001-04-16,18.48464584350586,,,,,,
2001-04-17,18.69446182250977,,,,,,
2001-04-18,19.89555549621582,,,,,,
2001-04-19,20.689197540283203,,,,,,
2001-04-20,20.98110008239746,,,,,,
2001-04-23,20.7530460357666,,,,,,
2001-04-24,20.54018783569336,,,,,,
2001-04-25,21.1909122467041,,,,,,
2001-04-26,21.0206298828125,,,,,,
2001-04-27,20.40944480895996,,,,,,
2001-04-30,20.60099983215332,,,,,,
2001-05-01,21.33686256408692,,,,,,
2001-05-02,21.212194442749023,,,,,,
2001-05-03,20.838184356689453,,,,,,
2001-05-04,21.513221740722656,,,,,,
2001-05-07,21.70479965209961,,,,,,
2001-05-08,21.91156768798828,,,,,,
2001-05-09,21.40680885314941,,,,,,
2001-05-10,21.28516387939453,,,,,,
2001-05-11,21.102724075317383,,,,,,
2001-05-14,20.895957946777344,,,,,,
2001-05-15,20.75912094116211,,,,,,
2001-05-16,21.02975082397461,,,,,,
2001-05-17,20.72871398925781,,,,,,
2001-05-18,20.704391479492188,,,,,,
2001-05-21,20.91723823547364,,,,,,
2001-05-22,21.37942886352539,,,,,,
2001-05-23,21.19395637512207,,,,,,
2001-05-24,21.80817604064941,,,,,,
2001-05-25,21.56187629699707,,,,,,
2001-05-29,21.3885498046875,,,,,,
2001-05-30,21.03887939453125,,,,,,
2001-05-31,21.035831451416016,,,,,,
2001-06-01,21.3885498046875,,,,,,
2001-06-04,21.5223445892334,,,,,,
2001-06-05,22.07575035095215,,,,,,
2001-06-06,22.00278854370117,,,,,,
2001-06-07,22.40416717529297,,,,,,
2001-06-08,22.255176544189453,,,,,,
2001-06-11,21.929805755615234,,,,,,
2001-06-12,21.91764640808105,,,,,,
2001-06-13,21.49497604370117,,,,,,
2001-06-14,20.95069122314453,,,,,,
2001-06-15,20.6830997467041,,,,,,
2001-06-18,20.336456298828125,,,,,,
2001-06-19,20.47025489807129,,,,,,
2001-06-20,21.10576438903809,,,,,,
2001-06-21,21.236522674560547,,,,,,
2001-06-22,20.92940330505371,,,,,,
2001-06-25,20.935482025146484,,,,,,
2001-06-26,21.327747344970703,,,,,,
2001-06-27,21.63181495666504,,,,,,
2001-06-28,22.11834144592285,,,,,,
2001-06-29,22.197399139404297,,,,,,
2001-07-02,21.467618942260746,,,,,,
2001-07-03,21.428083419799805,,,,,,
2001-07-05,20.832103729248047,,,,,,
2001-07-06,20.087121963500977,,,,,,
2001-07-09,19.97461700439453,,,,,,
2001-07-10,19.606693267822266,,,,,,
2001-07-11,20.22091293334961,,,,,,
2001-07-12,21.771697998046875,,,,,,
2001-07-13,21.692625045776367,,,,,,
2001-07-16,21.643983840942383,,,,,,
2001-07-17,21.83857536315918,,,,,,
2001-07-18,21.45849227905273,,,,,,
2001-07-19,22.06662940979004,,,,,,
2001-07-20,21.035831451416016,,,,,,
2001-07-23,20.40031623840332,,,,,,
2001-07-24,20.16617774963379,,,,,,
2001-07-25,20.51890182495117,,,,,,
2001-07-26,20.2482852935791,,,,,,
2001-07-27,19.90771102905273,,,,,,
2001-07-30,20.008056640625,,,,,,
2001-07-31,20.12664794921875,,,,,,
2001-08-01,20.211793899536133,,,,,,
2001-08-02,20.50978660583496,,,,,,
2001-08-03,20.33950424194336,,,,,,
2001-08-06,20.1083984375,,,,,,
2001-08-07,20.17530059814453,,,,,,
2001-08-08,19.722227096557617,,,,,,
2001-08-09,19.767837524414062,,,,,,
2001-08-10,19.92292022705078,,,,,,
2001-08-13,20.017183303833008,,,,,,
2001-08-14,19.67053985595703,,,,,,
2001-08-15,19.217464447021484,,,,,,
2001-08-16,19.64925003051757,,,,,,
2001-08-17,18.816097259521484,,,,,,
2001-08-20,19.06543731689453,,,,,,
2001-08-21,18.48160743713379,,,,,,
2001-08-22,18.44512176513672,,,,,,
2001-08-23,17.976852416992188,,,,,,
2001-08-24,18.86779022216797,,,,,,
2001-08-27,18.94684219360352,,,,,,
2001-08-28,18.469451904296875,,,,,,
2001-08-29,18.32044792175293,,,,,,
2001-08-30,17.313961029052734,,,,,,
2001-08-31,17.347410202026367,,,,,,
2001-09-04,17.05855369567871,,,,,,
2001-09-05,17.557226181030273,,,,,,
2001-09-06,17.03421974182129,,,,,,
2001-09-07,16.845693588256836,,,,,,
2001-09-10,17.50857162475586,,,,,,
2001-09-17,16.08854866027832,,,,,,
2001-09-18,16.517290115356445,,,,,,
2001-09-19,16.380460739135742,,,,,,
2001-09-20,15.434783935546877,,,,,,
2001-09-21,15.11551284790039,,,,,,
2001-09-24,15.814887046813965,,,,,,
2001-09-25,15.598995208740234,,,,,,
2001-09-26,15.285786628723145,,,,,,
2001-09-27,15.1915283203125,,,,,,
2001-09-28,15.559456825256348,,,,,,
2001-10-01,15.74798583984375,,,,,,
2001-10-02,16.13112449645996,,,,,,
2001-10-03,17.09807777404785,,,,,,
2001-10-04,17.161930084228516,,,,,,
2001-10-05,17.5511417388916,,,,,,
2001-10-08,17.648448944091797,,,,,,
2001-10-09,16.590267181396484,,,,,,
2001-10-10,16.879140853881836,,,,,,
2001-10-11,17.125438690185547,,,,,,
2001-10-12,17.143680572509766,,,,,,
2001-10-15,17.654529571533203,,,,,,
2001-10-16,17.773117065429688,,,,,,
2001-10-17,17.03725242614746,,,,,,
2001-10-18,17.256183624267578,,,,,,
2001-10-19,17.60587501525879,,,,,,
2001-10-22,18.2930850982666,,,,,,
2001-10-23,18.37519073486328,,,,,,
2001-10-24,18.645811080932617,,,,,,
2001-10-25,19.02285957336425,,,,,,
2001-10-26,18.91339111328125,,,,,,
2001-10-29,18.13495826721192,,,,,,
2001-10-30,17.90386962890625,,,,,,
2001-10-31,17.68189239501953,,,,,,
2001-11-01,18.80392265319824,,,,,,
2001-11-02,18.67013359069824,,,,,,
2001-11-05,19.238767623901367,,,,,,
2001-11-06,19.697904586791992,,,,,,
2001-11-07,19.536741256713867,,,,,,
2001-11-08,19.58844375610352,,,,,,
2001-11-09,19.82865524291992,,,,,,
2001-11-12,20.00500869750977,,,,,,
2001-11-13,20.646617889404297,,,,,,
2001-11-14,20.05367660522461,,,,,,
2001-11-15,20.105358123779297,,,,,,
2001-11-16,19.99285697937012,,,,,,
2001-11-19,20.23307037353516,,,,,,
2001-11-20,19.88644218444824,,,,,,
2001-11-21,19.475934982299805,,,,,,
2001-11-23,19.67661476135254,,,,,,
2001-11-26,19.8073787689209,,,,,,
2001-11-27,19.381669998168945,,,,,,
2001-11-28,19.09583854675293,,,,,,
2001-11-29,19.71615028381348,,,,,,
2001-11-30,19.52458000183105,,,,,,
2001-12-03,19.69486427307129,,,,,,
2001-12-04,20.06887435913086,,,,,,
2001-12-05,20.707416534423828,,,,,,
2001-12-06,20.87467193603516,,,,,,
2001-12-07,20.625328063964844,,,,,,
2001-12-10,20.39118766784668,,,,,,
2001-12-11,20.47025489807129,,,,,,
2001-12-12,20.66181945800781,,,,,,
2001-12-13,20.150968551635746,,,,,,
2001-12-14,20.50674629211425,,,,,,
2001-12-17,20.97501564025879,,,,,,
2001-12-18,21.063201904296875,,,,,,
2001-12-19,21.13010025024414,,,,,,
2001-12-20,20.29997444152832,,,,,,
2001-12-21,20.53715133666992,,,,,,
2001-12-24,20.455047607421875,,,,,,
2001-12-26,20.5797176361084,,,,,,
2001-12-27,20.63141632080078,,,,,,
2001-12-28,20.63749313354492,,,,,,
2001-12-31,20.1448917388916,,,,,,
2002-01-02,20.38510704040528,,,,,,
2002-01-03,21.0510311126709,,,,,,
2002-01-04,20.95069122314453,,,,,,
2002-01-07,20.847307205200195,,,,,,
2002-01-08,21.09664535522461,,,,,,
2002-01-09,20.892911911010746,,,,,,
2002-01-10,21.066234588623047,,,,,,
2002-01-11,20.86251640319824,,,,,,
2002-01-14,20.819934844970703,,,,,,
2002-01-15,21.148340225219727,,,,,,
2002-01-16,20.63749313354492,,,,,,
2002-01-17,21.24260902404785,,,,,,
2002-01-18,20.09928131103516,,,,,,
2002-01-22,19.60060310363769,,,,,,
2002-01-23,19.381669998168945,,,,,,
2002-01-24,19.64317512512207,,,,,,
2002-01-25,19.39991950988769,,,,,,
2002-01-28,19.40599250793457,,,,,,
2002-01-29,18.94988441467285,,,,,,
2002-01-30,19.11103820800781,,,,,,
2002-01-31,19.372547149658203,,,,,,
2002-02-01,19.05327033996582,,,,,,
2002-02-04,18.58499526977539,,,,,,
2002-02-05,18.59410858154297,,,,,,
2002-02-06,18.36606407165528,,,,,,
2002-02-07,18.183612823486328,,,,,,
2002-02-08,18.44208526611328,,,,,,
2002-02-11,18.588035583496094,,,,,,
2002-02-12,18.28700065612793,,,,,,
2002-02-13,18.797849655151367,,,,,,
2002-02-14,18.75527572631836,,,,,,
2002-02-15,18.31437110900879,,,,,,
2002-02-19,17.91907501220703,,,,,,
2002-02-20,18.21402931213379,,,,,,
2002-02-21,17.651485443115234,,,,,,
2002-02-22,17.633251190185547,,,,,,
2002-02-25,17.964685440063477,,,,,,
2002-02-26,17.803525924682617,,,,,,
2002-02-27,17.754873275756836,,,,,,
2002-02-28,17.739667892456055,,,,,,
2002-03-01,18.6610107421875,,,,,,
2002-03-04,19.247880935668945,,,,,,
2002-03-05,19.18098258972168,,,,,,
2002-03-06,19.34821891784668,,,,,,
2002-03-07,19.071514129638672,,,,,,
2002-03-08,19.445531845092773,,,,,,
2002-03-11,19.564111709594727,,,,,,
2002-03-12,19.01677131652832,,,,,,
2002-03-13,18.88298225402832,,,,,,
2002-03-14,18.61540985107422,,,,,,
2002-03-15,19.001577377319336,,,,,,
2002-03-18,18.895153045654297,,,,,,
2002-03-19,18.922521591186523,,,,,,
2002-03-20,18.27484130859375,,,,,,
2002-03-21,18.65797233581543,,,,,,
2002-03-22,18.38126564025879,,,,,,
2002-03-25,18.01029396057129,,,,,,
2002-03-26,17.964685440063477,,,,,,
2002-03-27,18.074161529541016,,,,,,
2002-03-28,18.338695526123047,,,,,,
2002-04-01,18.35997772216797,,,,,,
2002-04-02,17.417348861694336,,,,,,
2002-04-03,17.128477096557617,,,,,,
2002-04-04,17.164966583251953,,,,,,
2002-04-05,16.988609313964844,,,,,,
2002-04-08,17.399106979370117,,,,,,
2002-04-09,16.684534072875977,,,,,,
2002-04-10,17.119356155395508,,,,,,
2002-04-11,16.66020965576172,,,,,,
2002-04-12,17.00684928894043,,,,,,
2002-04-15,16.933870315551758,,,,,,
2002-04-16,17.578514099121094,,,,,,
2002-04-17,17.219709396362305,,,,,,
2002-04-18,17.14064598083496,,,,,,
2002-04-19,17.393024444580078,,,,,,
2002-04-22,16.90346908569336,,,,,,
2002-04-23,16.416942596435547,,,,,,
2002-04-24,16.12199592590332,,,,,,
2002-04-25,16.337886810302734,,,,,,
2002-04-26,15.65980625152588,,,,,,
2002-04-29,15.884822845458984,,,,,,
2002-04-30,15.890897750854492,,,,,,
2002-05-01,16.03989028930664,,,,,,
2002-05-02,15.571625709533691,,,,,,
2002-05-03,15.069900512695312,,,,,,
2002-05-06,14.784071922302246,,,,,,
2002-05-07,15.042537689208984,,,,,,
2002-05-08,16.714937210083008,,,,,,
2002-05-09,15.848328590393066,,,,,,
2002-05-10,15.218891143798828,,,,,,
2002-05-13,16.021652221679688,,,,,,
2002-05-14,16.687578201293945,,,,,,
2002-05-15,16.648042678833008,,,,,,
2002-05-16,16.949073791503906,,,,,,
2002-05-17,17.03725242614746,,,,,,
2002-05-20,16.423032760620117,,,,,,
2002-05-21,15.869606971740724,,,,,,
2002-05-22,16.325729370117188,,,,,,
2002-05-23,16.669326782226562,,,,,,
2002-05-24,16.19497299194336,,,,,,
2002-05-28,15.909140586853027,,,,,,
2002-05-29,15.827048301696776,,,,,,
2002-05-30,16.006454467773438,,,,,,
2002-05-31,15.480403900146484,,,,,,
2002-06-03,15.027329444885254,,,,,,
2002-06-04,15.197607040405272,,,,,,
2002-06-05,15.708456993103027,,,,,,
2002-06-06,15.781441688537598,,,,,,
2002-06-07,15.805763244628906,,,,,,
2002-06-10,16.06118392944336,,,,,,
2002-06-11,15.985167503356934,,,,,,
2002-06-12,16.88826560974121,,,,,,
2002-06-13,16.486879348754883,,,,,,
2002-06-14,16.800079345703125,,,,,,
2002-06-17,16.930830001831055,,,,,,
2002-06-18,17.02509880065918,,,,,,
2002-06-19,16.529449462890625,,,,,,
2002-06-20,16.45039176940918,,,,,,
2002-06-21,15.896980285644531,,,,,,
2002-06-24,16.468639373779297,,,,,,
2002-06-25,16.100711822509766,,,,,,
2002-06-26,16.459516525268555,,,,,,
2002-06-27,16.699743270874023,,,,,,
2002-06-28,16.632837295532227,,,,,,
2002-07-01,16.012535095214844,,,,,,
2002-07-02,15.641557693481444,,,,,,
2002-07-03,15.763192176818848,,,,,,
2002-07-05,16.67845344543457,,,,,,
2002-07-08,16.091581344604492,,,,,,
2002-07-09,16.17977523803711,,,,,,
2002-07-10,15.884822845458984,,,,,,
2002-07-11,16.08854866027832,,,,,,
2002-07-12,15.76927375793457,,,,,,
2002-07-15,15.751023292541504,,,,,,
2002-07-16,15.583786964416504,,,,,,
2002-07-17,15.811840057373049,,,,,,
2002-07-18,15.541219711303713,,,,,,
2002-07-19,15.069900512695312,,,,,,
2002-07-22,14.446547508239746,,,,,,
2002-07-23,13.078219413757324,,,,,,
2002-07-24,14.057339668273926,,,,,,
2002-07-25,13.023482322692873,,,,,,
2002-07-26,13.789748191833496,,,,,,
2002-07-29,14.67155933380127,,,,,,
2002-07-30,14.625953674316406,,,,,,
2002-07-31,14.589465141296388,,,,,,
2002-08-01,13.911380767822266,,,,,,
2002-08-02,13.503923416137695,,,,,,
2002-08-05,13.37620449066162,,,,,,
2002-08-06,13.887055397033691,,,,,,
2002-08-07,14.318841934204102,,,,,,
2002-08-08,14.872246742248535,,,,,,
2002-08-09,14.632033348083496,,,,,,
2002-08-12,14.738455772399902,,,,,,
2002-08-13,14.309720993041992,,,,,,
2002-08-14,15.11551284790039,,,,,,
2002-08-15,15.13375759124756,,,,,,
2002-08-16,15.203693389892578,,,,,,
2002-08-19,15.811840057373049,,,,,,
2002-08-20,15.519933700561523,,,,,,
2002-08-21,15.896980285644531,,,,,,
2002-08-22,16.18585205078125,,,,,,
2002-08-23,15.878732681274414,,,,,,
2002-08-26,15.84224796295166,,,,,,
2002-08-27,15.459118843078612,,,,,,
2002-08-28,15.015167236328123,,,,,,
2002-08-29,15.380060195922852,,,,,,
2002-08-30,14.92394733428955,,,,,,
2002-09-03,14.297548294067385,,,,,,
2002-09-04,14.659401893615724,,,,,,
2002-09-05,13.960028648376465,,,,,,
2002-09-06,14.540809631347656,,,,,,
2002-09-09,14.80839729309082,,,,,,
2002-09-10,15.13983917236328,,,,,,
2002-09-11,14.7719087600708,,,,,,
2002-09-12,14.337080955505373,,,,,,
2002-09-13,14.568184852600098,,,,,,
2002-09-16,14.528650283813477,,,,,,
2002-09-17,14.379651069641112,,,,,,
2002-09-18,14.519525527954102,,,,,,
2002-09-19,14.35229206085205,,,,,,
2002-09-20,14.43134880065918,,,,,,
2002-09-23,13.75326442718506,,,,,,
2002-09-24,13.877933502197266,,,,,,
2002-09-25,14.142477989196776,,,,,,
2002-09-26,14.048212051391602,,,,,,
2002-09-27,13.759343147277832,,,,,,
2002-09-30,13.300190925598145,,,,,,
2002-10-01,14.057339668273926,,,,,,
2002-10-02,13.868815422058104,,,,,,
2002-10-03,13.622512817382812,,,,,,
2002-10-04,13.30931282043457,,,,,,
2002-10-07,13.394455909729004,,,,,,
2002-10-08,13.68028450012207,,,,,,
2002-10-09,13.37620449066162,,,,,,
2002-10-10,14.10295295715332,,,,,,
2002-10-11,14.860090255737305,,,,,,
2002-10-14,14.987797737121582,,,,,,
2002-10-15,15.900025367736816,,,,,,
2002-10-16,15.32835865020752,,,,,,
2002-10-17,15.437822341918944,,,,,,
2002-10-18,16.161527633666992,,,,,,
2002-10-21,15.966919898986816,,,,,,
2002-10-22,15.711498260498049,,,,,,
2002-10-23,16.176738739013672,,,,,,
2002-10-24,15.577713012695312,,,,,,
2002-10-25,16.01861000061035,,,,,,
2002-10-28,15.796640396118164,,,,,,
2002-10-29,15.833134651184082,,,,,,
2002-10-30,16.14936065673828,,,,,,
2002-10-31,16.258827209472656,,,,,,
2002-11-01,16.115917205810547,,,,,,
2002-11-04,17.05855369567871,,,,,,
2002-11-05,17.234909057617188,,,,,,
2002-11-06,17.341341018676758,,,,,,
2002-11-07,17.03118133544922,,,,,,
2002-11-08,16.754474639892578,,,,,,
2002-11-11,16.37741470336914,,,,,,
2002-11-12,16.5750675201416,,,,,,
2002-11-13,16.833524703979492,,,,,,
2002-11-14,17.32916831970215,,,,,,
2002-11-15,17.237943649291992,,,,,,
2002-11-18,16.982524871826172,,,,,,
2002-11-19,16.68149185180664,,,,,,
2002-11-20,17.216665267944336,,,,,,
2002-11-21,17.587631225585938,,,,,,
2002-11-22,17.703182220458984,,,,,,
2002-11-25,17.706218719482422,,,,,,
2002-11-26,17.301799774169922,,,,,,
2002-11-27,17.660606384277344,,,,,,
2002-11-29,17.53898048400879,,,,,,
2002-12-02,17.542022705078125,,,,,,
2002-12-03,17.244028091430664,,,,,,
2002-12-04,17.192346572875977,,,,,,
2002-12-05,16.827444076538086,,,,,,
2002-12-06,16.866975784301758,,,,,,
2002-12-09,16.27707290649414,,,,,,
2002-12-10,16.423032760620117,,,,,,
2002-12-11,16.620676040649414,,,,,,
2002-12-12,16.471683502197266,,,,,,
2002-12-13,15.96388053894043,,,,,,
2002-12-16,16.565942764282227,,,,,,
2002-12-17,16.529449462890625,,,,,,
2002-12-18,16.27707290649414,,,,,,
2002-12-19,16.14936065673828,,,,,,
2002-12-20,16.128082275390625,,,,,,
2002-12-23,16.419986724853516,,,,,,
2002-12-24,16.36525535583496,,,,,,
2002-12-26,16.234508514404297,,,,,,
2002-12-27,16.106796264648438,,,,,,
2002-12-30,16.03989028930664,,,,,,
2002-12-31,15.720616340637209,,,,,,
2003-01-02,16.3348445892334,,,,,,
2003-01-03,16.35613441467285,,,,,,
2003-01-06,16.654125213623047,,,,,,
2003-01-07,16.967317581176758,,,,,,
2003-01-08,16.492965698242188,,,,,,
2003-01-09,16.970361709594727,,,,,,
2003-01-10,17.00381088256836,,,,,,
2003-01-13,17.146728515625,,,,,,
2003-01-14,17.323089599609375,,,,,,
2003-01-15,17.110233306884766,,,,,,
2003-01-16,16.83049774169922,,,,,,
2003-01-17,15.6476411819458,,,,,,
2003-01-21,15.60811996459961,,,,,,
2003-01-22,15.507760047912598,,,,,,
2003-01-23,15.896980285644531,,,,,,
2003-01-24,15.158082962036133,,,,,,
2003-01-27,14.95132064819336,,,,,,
2003-01-28,14.844890594482422,,,,,,
2003-01-29,15.176329612731934,,,,,,
2003-01-30,14.66852569580078,,,,,,
2003-01-31,14.43134880065918,,,,,,
2003-02-03,14.765824317932127,,,,,,
2003-02-04,14.388775825500488,,,,,,
2003-02-05,14.27931785583496,,,,,,
2003-02-06,14.419179916381836,,,,,,
2003-02-07,14.163759231567385,,,,,,
2003-02-10,14.407017707824709,,,,,,
2003-02-11,14.121197700500488,,,,,,
2003-02-12,14.121197700500488,,,,,,
2003-02-13,14.28843116760254,,,,,,
2003-02-14,14.686767578125,,,,,,
2003-02-18,15.179365158081056,,,,,,
2003-02-19,14.965832710266112,,,,,,
2003-02-20,14.727892875671388,,,,,,
2003-02-21,15.026847839355469,,,,,,
2003-02-24,14.685182571411133,,,,,,
2003-02-25,14.75840187072754,,,,,,
2003-02-26,14.404545783996582,,,,,,
2003-02-27,14.386236190795898,,,,,,
2003-02-28,14.45945167541504,,,,,,
2003-03-03,14.36182975769043,,,,,,
2003-03-04,14.075074195861816,,,,,,
2003-03-05,14.300819396972656,,,,,,
2003-03-06,14.197103500366213,,,,,,
2003-03-07,14.374027252197266,,,,,,
2003-03-10,14.001870155334473,,,,,,
2003-03-11,13.910348892211914,,,,,,
2003-03-12,14.270309448242188,,,,,,
2003-03-13,15.05124568939209,,,,,,
2003-03-14,15.167170524597168,,,,,,
2003-03-17,15.819973945617676,,,,,,
2003-03-18,15.887081146240234,,,,,,
2003-03-19,16.057920455932617,,,,,,
2003-03-20,16.015213012695312,,,,,,
2003-03-21,16.2104434967041,,,,,,
2003-03-24,15.429513931274414,,,,,,
2003-03-25,15.551528930664062,,,,,,
2003-03-26,15.405102729797363,,,,,,
2003-03-27,15.276981353759766,,,,,,
2003-03-28,15.05124568939209,,,,,,
2003-03-31,14.770594596862791,,,,,,
2003-04-01,14.856012344360352,,,,,,
2003-04-02,15.691856384277344,,,,,,
2003-04-03,15.697957992553713,,,,,,
2003-04-04,15.307487487792969,,,,,,
2003-04-07,15.356298446655272,,,,,,
2003-04-08,15.60644245147705,,,,,,
2003-04-09,14.990241050720217,,,,,,
2003-04-10,15.002434730529783,,,,,,
2003-04-11,14.764504432678224,,,,,,
2003-04-14,15.106154441833496,,,,,,
2003-04-15,15.008544921875,,,,,,
2003-04-16,15.20376968383789,,,,,,
2003-04-17,15.557629585266112,,,,,,
2003-04-21,15.380702018737791,,,,,,
2003-04-22,15.716259956359863,,,,,,
2003-04-23,15.691856384277344,,,,,,
2003-04-24,15.551528930664062,,,,,,
2003-04-25,15.386797904968262,,,,,,
2003-04-28,15.704059600830078,,,,,,
2003-04-29,15.740655899047852,,,,,,
2003-04-30,15.600336074829102,,,,,,
2003-05-01,15.691856384277344,,,,,,
2003-05-02,15.92369270324707,,,,,,
2003-05-05,15.777270317077637,,,,,,
2003-05-06,16.088428497314453,,,,,,
2003-05-07,15.856581687927246,,,,,,
2003-05-08,15.704059600830078,,,,,,
2003-05-09,16.082326889038086,,,,,,
2003-05-12,15.984702110290527,,,,,,
2003-05-13,15.856581687927246,,,,,,
2003-05-14,15.630847930908203,,,,,,
2003-05-15,15.7345609664917,,,,,,
2003-05-16,15.600336074829102,,,,,,
2003-05-19,15.106154441833496,,,,,,
2003-05-20,15.026847839355469,,,,,,
2003-05-21,14.660786628723145,,,,,,
2003-05-22,14.740093231201172,,,,,,
2003-05-23,14.776693344116213,,,,,,
2003-05-27,15.124456405639648,,,,,,
2003-05-28,14.892621040344238,,,,,,
2003-05-29,14.886520385742188,,,,,,
2003-05-30,15.014636039733888,,,,,,
2003-06-02,15.03294563293457,,,,,,
2003-06-03,15.179365158081056,,,,,,
2003-06-04,15.173269271850586,,,,,,
2003-06-05,14.697392463684082,,,,,,
2003-06-06,14.441140174865724,,,,,,
2003-06-09,14.48995304107666,,,,,,
2003-06-10,15.057350158691406,,,,,,
2003-06-11,15.179365158081056,,,,,,
2003-06-12,15.246477127075195,,,,,,
2003-06-13,15.039047241210938,,,,,,
2003-06-16,15.490520477294922,,,,,,
2003-06-17,15.83828353881836,,,,,,
2003-06-18,15.905387878417969,,,,,,
2003-06-19,15.905387878417969,,,,,,
2003-06-20,16.06401824951172,,,,,,
2003-06-23,15.728466987609863,,,,,,
2003-06-24,15.679649353027344,,,,,,
2003-06-25,15.411212921142578,,,,,,
2003-06-26,15.710165023803713,,,,,,
2003-06-27,15.63694953918457,,,,,,
2003-06-30,15.643047332763672,,,,,,
2003-07-01,15.954198837280272,,,,,,
2003-07-02,16.39957046508789,,,,,,
2003-07-03,16.167734146118164,,,,,,
2003-07-07,16.729028701782227,,,,,,
2003-07-08,16.899860382080078,,,,,,
2003-07-09,16.75952911376953,,,,,,
2003-07-10,16.417884826660156,,,,,,
2003-07-11,16.66191864013672,,,,,,
2003-07-14,16.71683120727539,,,,,,
2003-07-15,16.637508392333984,,,,,,
2003-07-16,16.790037155151367,,,,,,
2003-07-17,16.28365707397461,,,,,,
2003-07-18,16.405668258666992,,,,,,
2003-07-21,15.887081146240234,,,,,,
2003-07-22,16.094520568847656,,,,,,
2003-07-23,16.13723373413086,,,,,,
2003-07-24,15.86268138885498,,,,,,
2003-07-25,16.405668258666992,,,,,,
2003-07-28,16.234844207763672,,,,,,
2003-07-29,16.149436950683594,,,,,,
2003-07-30,16.003002166748047,,,,,,
2003-07-31,16.112823486328125,,,,,,
2003-08-01,15.966401100158691,,,,,,
2003-08-04,15.97249698638916,,,,,,
2003-08-05,15.65524673461914,,,,,,
2003-08-06,15.64914894104004,,,,,,
2003-08-07,15.685754776000977,,,,,,
2003-08-08,15.60644245147705,,,,,,
2003-08-11,15.62474250793457,,,,,,
2003-08-12,15.697957992553713,,,,,,
2003-08-13,15.618638038635254,,,,,,
2003-08-14,15.63694953918457,,,,,,
2003-08-15,15.582032203674316,,,,,,
2003-08-18,15.679649353027344,,,,,,
2003-08-19,16.240951538085938,,,,,,
2003-08-20,16.13723373413086,,,,,,
2003-08-21,16.009109497070312,,,,,,
2003-08-22,15.996903419494627,,,,,,
2003-08-25,16.167734146118164,,,,,,
2003-08-26,16.2104434967041,,,,,,
2003-08-27,16.118925094604492,,,,,,
2003-08-28,16.173837661743164,,,,,,
2003-08-29,16.17993927001953,,,,,,
2003-09-02,16.631410598754883,,,,,,
2003-09-03,17.26592445373535,,,,,,
2003-09-04,17.345237731933594,,,,,,
2003-09-05,17.314733505249023,,,,,,
2003-09-08,17.59537124633789,,,,,,
2003-09-09,17.308626174926758,,,,,,
2003-09-10,16.8083438873291,,,,,,
2003-09-11,16.985275268554688,,,,,,
2003-09-12,17.29032325744629,,,,,,
2003-09-15,17.302536010742188,,,,,,
2003-09-16,17.63197898864746,,,,,,
2003-09-17,17.387939453125,,,,,,
2003-09-18,17.9980411529541,,,,,,
2003-09-19,18.2786922454834,,,,,,
2003-09-22,17.735702514648438,,,,,,
2003-09-23,18.05905532836914,,,,,,
2003-09-24,17.363536834716797,,,,,,
2003-09-25,17.229320526123047,,,,,,
2003-09-26,17.198808670043945,,,,,,
2003-09-29,17.58928108215332,,,,,,
2003-09-30,16.96086883544922,,,,,,
2003-10-01,17.400146484375,,,,,,
2003-10-02,17.387939453125,,,,,,
2003-10-03,17.741798400878906,,,,,,
2003-10-06,17.808916091918945,,,,,,
2003-10-07,17.778406143188477,,,,,,
2003-10-08,17.583168029785156,,,,,,
2003-10-09,17.656391143798828,,,,,,
2003-10-10,17.638086318969727,,,,,,
2003-10-13,17.558774948120117,,,,,,
2003-10-14,17.497766494750977,,,,,,
2003-10-15,17.835205078125,,,,,,
2003-10-16,17.93337059020996,,,,,,
2003-10-17,17.74930763244629,,,,,,
2003-10-20,18.006988525390625,,,,,,
2003-10-21,18.006988525390625,,,,,,
2003-10-22,17.72476577758789,,,,,,
2003-10-23,17.73703384399414,,,,,,
2003-10-24,16.325925827026367,,,,,,
2003-10-27,16.509986877441406,,,,,,
2003-10-28,16.687908172607422,,,,,,
2003-10-29,16.405675888061523,,,,,,
2003-10-30,16.02530288696289,,,,,,
2003-10-31,16.037565231323242,,,,,,
2003-11-03,16.368873596191406,,,,,,
2003-11-04,15.994617462158203,,,,,,
2003-11-05,16.013025283813477,,,,,,
2003-11-06,16.0927791595459,,,,,,
2003-11-07,16.013025283813477,,,,,,
2003-11-10,15.951675415039062,,,,,,
2003-11-11,15.828957557678224,,,,,,
2003-11-12,15.939403533935549,,,,,,
2003-11-13,15.761483192443848,,,,,,
2003-11-14,15.644906044006348,,,,,,
2003-11-17,15.430180549621582,,,,,,
2003-11-18,15.430180549621582,,,,,,
2003-11-19,15.552878379821776,,,,,,
2003-11-20,15.399500846862791,,,,,,
2003-11-21,15.405634880065918,,,,,,
2003-11-24,15.786022186279297,,,,,,
2003-11-25,15.583563804626465,,,,,,
2003-11-26,15.61423683166504,,,,,,
2003-11-28,15.773755073547363,,,,,,
2003-12-01,15.853503227233888,,,,,,
2003-12-02,15.743074417114258,,,,,,
2003-12-03,15.7492036819458,,,,,,
2003-12-04,16.07438087463379,,,,,,
2003-12-05,15.939403533935549,,,,,,
2003-12-08,16.09892463684082,,,,,,
2003-12-09,16.184812545776367,,,,,,
2003-12-10,16.313650131225586,,,,,,
2003-12-11,16.325925827026367,,,,,,
2003-12-12,16.3504638671875,,,,,,
2003-12-15,16.405675888061523,,,,,,
2003-12-16,16.602014541625977,,,,,,
2003-12-17,16.589736938476562,,,,,,
2003-12-18,16.810611724853516,,,,,,
2003-12-19,16.78606414794922,,,,,,
2003-12-22,16.675630569458008,,,,,,
2003-12-23,16.657228469848633,,,,,,
2003-12-24,16.589736938476562,,,,,,
2003-12-26,16.694040298461914,,,,,,
2003-12-29,16.8474178314209,,,,,,
2003-12-30,16.884231567382812,,,,,,
2003-12-31,16.792200088500977,,,,,,
2004-01-02,16.84129524230957,,,,,,
2004-01-05,17.264617919921875,,,,,,
2004-01-06,17.325973510742188,,,,,,
2004-01-07,17.30756950378418,,,,,,
2004-01-08,17.27688980102539,,,,,,
2004-01-09,16.970130920410156,,,,,,
2004-01-12,16.91490936279297,,,,,,
2004-01-13,16.82901382446289,,,,,,
2004-01-14,16.994667053222656,,,,,,
2004-01-15,16.89651107788086,,,,,,
2004-01-16,17.06215476989746,,,,,,
2004-01-20,17.240081787109375,,,,,,
2004-01-21,17.362791061401367,,,,,,
2004-01-22,17.184860229492188,,,,,,
2004-01-23,17.47321891784668,,,,,,
2004-01-26,17.6695499420166,,,,,,
2004-01-27,17.332107543945312,,,,,,
2004-01-28,17.00080108642578,,,,,,
2004-01-29,17.123510360717773,,,,,,
2004-01-30,16.963985443115234,,,,,,
2004-02-02,16.810611724853516,,,,,,
2004-02-03,16.743118286132812,,,,,,
2004-02-04,16.571332931518555,,,,,,
2004-02-05,16.5406551361084,,,,,,
2004-02-06,16.61427879333496,,,,,,
2004-02-09,16.503849029541016,,,,,,
2004-02-10,16.57746696472168,,,,,,
2004-02-11,16.657228469848633,,,,,,
2004-02-12,16.534530639648438,,,,,,
2004-02-13,16.313650131225586,,,,,,
2004-02-17,16.559070587158203,,,,,,
2004-02-18,16.424089431762695,,,,,,
2004-02-19,16.2338924407959,,,,,,
2004-02-20,16.3013858795166,,,,,,
2004-02-23,16.325925827026367,,,,,,
2004-02-24,16.491579055786133,,,,,,
2004-02-25,16.381134033203125,,,,,,
2004-02-26,16.258438110351562,,,,,,
2004-02-27,16.276840209960938,,,,,,
2004-03-01,16.381134033203125,,,,,,
2004-03-02,16.19095230102539,,,,,,
2004-03-03,16.178686141967773,,,,,,
2004-03-04,16.178686141967773,,,,,,
2004-03-05,16.166410446166992,,,,,,
2004-03-08,15.84737491607666,,,,,,
2004-03-09,15.779887199401855,,,,,,
2004-03-10,15.56515121459961,,,,,,
2004-03-11,15.393364906311035,,,,,,
2004-03-12,15.571284294128418,,,,,,
2004-03-15,15.43631362915039,,,,,,
2004-03-16,15.448586463928224,,,,,,
2004-03-17,15.41790771484375,,,,,,
2004-03-18,15.27066135406494,,,,,,
2004-03-19,15.111150741577148,,,,,,
2004-03-22,15.031381607055664,,,,,,
2004-03-23,14.816649436950684,,,,,,
2004-03-24,14.976170539855955,,,,,,
2004-03-25,15.4547119140625,,,,,,
2004-03-26,15.356561660766602,,,,,,
2004-03-29,15.528339385986328,,,,,,
2004-03-30,15.460858345031738,,,,,,
2004-03-31,15.295196533203123,,,,,,
2004-04-01,15.38722801208496,,,,,,
2004-04-02,15.85964298248291,,,,,,
2004-04-05,15.921002388000488,,,,,,
2004-04-06,15.828957557678224,,,,,,
2004-04-07,15.7001314163208,,,,,,
2004-04-08,15.632643699645996,,,,,,
2004-04-12,15.712398529052734,,,,,,
2004-04-13,15.61423683166504,,,,,,
2004-04-14,15.651045799255373,,,,,,
2004-04-15,15.473122596740724,,,,,,
2004-04-16,15.43631362915039,,,,,,
2004-04-19,15.663317680358888,,,,,,
2004-04-20,15.540611267089844,,,,,,
2004-04-21,15.61423683166504,,,,,,
2004-04-22,15.921002388000488,,,,,,
2004-04-23,16.89651107788086,,,,,,
2004-04-26,16.712444305419922,,,,,,
2004-04-27,16.70016860961914,,,,,,
2004-04-28,16.295244216918945,,,,,,
2004-04-29,16.24616241455078,,,,,,
2004-04-30,16.031436920166016,,,,,,
2004-05-03,16.166410446166992,,,,,,
2004-05-04,16.154138565063477,,,,,,
2004-05-05,16.135732650756836,,,,,,
2004-05-06,16.02530288696289,,,,,,
2004-05-07,15.816705703735352,,,,,,
2004-05-10,15.908732414245604,,,,,,
2004-05-11,15.91486644744873,,,,,,
2004-05-12,15.91486644744873,,,,,,
2004-05-13,16.013025283813477,,,,,,
2004-05-14,15.865778923034668,,,,,,
2004-05-17,15.669451713562012,,,,,,
2004-05-18,15.84737491607666,,,,,,
2004-05-19,15.71853733062744,,,,,,
2004-05-20,15.786022186279297,,,,,,
2004-05-21,15.884185791015623,,,,,,
2004-05-24,15.804434776306152,,,,,,
2004-05-25,16.013025283813477,,,,,,
2004-05-26,16.037565231323242,,,,,,
2004-05-27,16.0682430267334,,,,,,
2004-05-28,16.0927791595459,,,,,,
2004-06-01,16.019161224365234,,,,,,
2004-06-02,16.031436920166016,,,,,,
2004-06-03,15.884185791015623,,,,,,
2004-06-04,15.921002388000488,,,,,,
2004-06-07,16.21548843383789,,,,,,
2004-06-08,16.31979751586914,,,,,,
2004-06-09,16.240034103393555,,,,,,
2004-06-10,16.424089431762695,,,,,,
2004-06-14,16.503849029541016,,,,,,
2004-06-15,16.816741943359375,,,,,,
2004-06-16,16.761526107788086,,,,,,
2004-06-17,17.037612915039062,,,,,,
2004-06-18,17.393457412719727,,,,,,
2004-06-21,17.393457412719727,,,,,,
2004-06-22,17.356657028198242,,,,,,
2004-06-23,17.362791061401367,,,,,,
2004-06-24,17.418001174926758,,,,,,
2004-06-25,17.528440475463867,,,,,,
2004-06-28,17.35051918029785,,,,,,
2004-06-29,17.485492706298828,,,,,,
2004-06-30,17.52229881286621,,,,,,
2004-07-01,17.565256118774414,,,,,,
2004-07-02,17.528440475463867,,,,,,
2004-07-06,17.19099998474121,,,,,,
2004-07-07,17.240081787109375,,,,,,
2004-07-08,16.957853317260742,,,,,,
2004-07-09,17.092830657958984,,,,,,
2004-07-12,17.111238479614258,,,,,,
2004-07-13,16.93331527709961,,,,,,
2004-07-14,17.25848388671875,,,,,,
2004-07-15,17.098968505859375,,,,,,
2004-07-16,16.85969352722168,,,,,,
2004-07-19,17.14805030822754,,,,,,
2004-07-20,17.37505531311035,,,,,,
2004-07-21,17.70635986328125,,,,,,
2004-07-22,17.792261123657227,,,,,,
2004-07-23,17.19713592529297,,,,,,
2004-07-26,17.583656311035156,,,,,,
2004-07-27,17.448680877685547,,,,,,
2004-07-28,17.534574508666992,,,,,,
2004-07-29,17.47321891784668,,,,,,
2004-07-30,17.47936248779297,,,,,,
2004-08-02,17.49776268005371,,,,,,
2004-08-03,17.221675872802734,,,,,,
2004-08-04,17.215539932250977,,,,,,
2004-08-05,16.890365600585938,,,,,,
2004-08-06,16.65109634399414,,,,,,
2004-08-09,16.675630569458008,,,,,,
2004-08-10,17.006940841674805,,,,,,
2004-08-11,16.816741943359375,,,,,,
2004-08-12,16.491579055786133,,,,,,
2004-08-13,16.57746696472168,,,,,,
2004-08-16,16.62041664123535,,,,,,
2004-08-17,16.595869064331055,,,,,,
2004-08-18,16.8474178314209,,,,,,
2004-08-19,16.63882827758789,,,,,,
2004-08-20,16.687908172607422,,,,,,
2004-08-23,16.761749267578125,,,,,,
2004-08-24,16.761749267578125,,,,,,
2004-08-25,16.95250129699707,,,,,,
2004-08-26,16.88482093811035,,,,,,
2004-08-27,16.897123336791992,,,,,,
2004-08-30,16.798675537109375,,,,,,
2004-08-31,16.798675537109375,,,,,,
2004-09-01,16.85404396057129,,,,,,
2004-09-02,16.99558448791504,,,,,,
2004-09-03,16.681751251220703,,,,,,
2004-09-07,16.83558464050293,,,,,,
2004-09-08,16.774057388305664,,,,,,
2004-09-09,16.786357879638672,,,,,,
2004-09-10,16.91558074951172,,,,,,
2004-09-13,16.767902374267578,,,,,,
2004-09-14,16.88482093811035,,,,,,
2004-09-15,16.73098373413086,,,,,,
2004-09-16,16.774057388305664,,,,,,
2004-09-17,16.927885055541992,,,,,,
2004-09-20,16.927885055541992,,,,,,
2004-09-21,16.774057388305664,,,,,,
2004-09-22,16.687908172607422,,,,,,
2004-09-23,16.829435348510742,,,,,,
2004-09-24,16.792512893676758,,,,,,
2004-09-27,16.73098373413086,,,,,,
2004-09-28,16.780214309692383,,,,,,
2004-09-29,16.970962524414062,,,,,,
2004-09-30,17.014036178588867,,,,,,
2004-10-01,17.383228302001953,,,,,,
2004-10-04,17.303247451782227,,,,,,
2004-10-05,17.463233947753906,,,,,,
2004-10-06,17.555526733398438,,,,,,
2004-10-07,17.334007263183594,,,,,,
2004-10-08,17.22324562072754,,,,,,
2004-10-11,17.266321182250977,,,,,,
2004-10-12,17.247859954833984,,,,,,
2004-10-13,17.247859954833984,,,,,,
2004-10-14,17.10633659362793,,,,,,
2004-10-15,17.22324562072754,,,,,,
2004-10-18,17.481689453125,,,,,,
2004-10-19,17.340164184570312,,,,,,
2004-10-20,17.660139083862305,,,,,,
2004-10-21,17.57398796081543,,,,,,
2004-10-22,17.069416046142578,,,,,,
2004-10-25,17.001731872558594,,,,,,
2004-10-26,17.167865753173828,,,,,,
2004-10-27,17.321701049804688,,,,,,
2004-10-28,17.235551834106445,,,,,,
2004-10-29,17.210941314697266,,,,,,
2004-11-01,17.278636932373047,,,,,,
2004-11-02,17.377084732055664,,,,,,
2004-11-03,17.518604278564453,,,,,,
2004-11-04,17.84473991394043,,,,,,
2004-11-05,18.03548812866211,,,,,,
2004-11-08,18.017030715942383,,,,,,
2004-11-09,18.31854248046875,,,,,,
2004-11-10,18.293928146362305,,,,,,
2004-11-11,18.44777107238769,,,,,,
2004-11-12,18.441614151000977,,,,,,
2004-11-15,18.784517288208008,,,,,,
2004-11-16,18.59935760498047,,,,,,
2004-11-17,18.63363647460937,,,,,,
2004-11-18,18.565052032470703,,,,,,
2004-11-19,18.421030044555664,,,,,,
2004-11-22,18.27701568603516,,,,,,
2004-11-23,18.194719314575195,,,,,,
2004-11-24,18.270153045654297,,,,,,
2004-11-26,18.24272918701172,,,,,,
2004-11-29,18.359315872192383,,,,,,
2004-11-30,18.386749267578125,,,,,,
2004-12-01,18.68850898742676,,,,,,
2004-12-02,18.57876777648925,,,,,,
2004-12-03,18.674787521362305,,,,,,
2004-12-06,18.74337577819824,,,,,,
2004-12-07,18.565052032470703,,,,,,
2004-12-08,18.76394844055176,,,,,,
2004-12-09,18.674787521362305,,,,,,
2004-12-10,18.57191467285156,,,,,,
2004-12-13,18.68850898742676,,,,,,
2004-12-14,18.674787521362305,,,,,,
2004-12-15,18.592498779296875,,,,,,
2004-12-16,18.626781463623047,,,,,,
2004-12-17,18.489622116088867,,,,,,
2004-12-20,18.48276138305664,,,,,,
2004-12-21,18.565052032470703,,,,,,
2004-12-22,18.496479034423828,,,,,,
2004-12-23,18.52391242980957,,,,,,
2004-12-27,18.414180755615234,,,,,,
2004-12-28,18.48276138305664,,,,,,
2004-12-29,18.448463439941406,,,,,,
2004-12-30,18.35245513916016,,,,,,
2004-12-31,18.325029373168945,,,,,,
2005-01-03,18.33873748779297,,,,,,
2005-01-04,18.40732192993164,,,,,,
2005-01-05,18.366167068481445,,,,,,
2005-01-06,18.34559440612793,,,,,,
2005-01-07,18.290740966796875,,,,,,
2005-01-10,18.3798828125,,,,,,
2005-01-11,18.331880569458008,,,,,,
2005-01-12,18.366167068481445,,,,,,
2005-01-13,18.016407012939453,,,,,,
2005-01-14,17.91353416442871,,,,,,
2005-01-18,18.050701141357425,,,,,,
2005-01-19,17.817516326904297,,,,,,
2005-01-20,17.735218048095703,,,,,,
2005-01-21,17.591201782226562,,,,,,
2005-01-24,17.604907989501953,,,,,,
2005-01-25,17.844953536987305,,,,,,
2005-01-26,17.838096618652344,,,,,,
2005-01-27,17.90666961669922,,,,,,
2005-01-28,17.95469093322754,,,,,,
2005-01-31,18.02326393127441,,,,,,
2005-02-01,18.098709106445312,,,,,,
2005-02-02,18.146709442138672,,,,,,
2005-02-03,17.95469093322754,,,,,,
2005-02-04,18.050701141357425,,,,,,
2005-02-07,17.940956115722656,,,,,,
2005-02-08,17.995840072631836,,,,,,
2005-02-09,17.879243850708008,,,,,,
2005-02-10,17.872379302978516,,,,,,
2005-02-11,17.8106689453125,,,,,,
2005-02-14,17.838096618652344,,,,,,
2005-02-15,17.838090896606445,,,,,,
2005-02-16,17.741783142089844,,,,,,
2005-02-17,17.64547348022461,,,,,,
2005-02-18,17.528520584106445,,,,,,
2005-02-22,17.35654640197754,,,,,,
2005-02-23,17.33589744567871,,,,,,
2005-02-24,17.45285415649414,,,,,,
2005-02-25,17.370304107666016,,,,,,
2005-02-28,17.308387756347656,,,,,,
2005-03-01,17.390941619873047,,,,,,
2005-03-02,17.37718391418457,,,,,,
2005-03-03,17.31527328491211,,,,,,
2005-03-04,17.31527328491211,,,,,,
2005-03-07,17.521650314331055,,,,,,
2005-03-08,17.473493576049805,,,,,,
2005-03-09,17.41157341003418,,,,,,
2005-03-10,17.49412727355957,,,,,,
2005-03-11,17.26023292541504,,,,,,
2005-03-14,17.273988723754883,,,,,,
2005-03-15,17.13640594482422,,,,,,
2005-03-16,16.94378662109375,,,,,,
2005-03-17,16.881868362426758,,,,,,
2005-03-18,16.723642349243164,,,,,,
2005-03-21,16.647977828979492,,,,,,
2005-03-22,16.503503799438477,,,,,,
2005-03-23,16.63421058654785,,,,,,
2005-03-24,16.703012466430664,,,,,,
2005-03-28,16.647977828979492,,,,,,
2005-03-29,16.45534896850586,,,,,,
2005-03-30,16.620450973510742,,,,,,
2005-03-31,16.62733268737793,,,,,,
2005-04-01,16.592937469482422,,,,,,
2005-04-04,16.668607711791992,,,,,,
2005-04-05,16.833717346191406,,,,,,
2005-04-06,16.97130012512207,,,,,,
2005-04-07,17.267108917236328,,,,,,
2005-04-08,17.157041549682617,,,,,,
2005-04-11,17.177682876586914,,,,,,
2005-04-12,17.418455123901367,,,,,,
2005-04-13,17.2258358001709,,,,,,
2005-04-14,17.08824920654297,,,,,,
2005-04-15,16.826833724975586,,,,,,
2005-04-18,16.957548141479492,,,,,,
2005-04-19,16.94378662109375,,,,,,
2005-04-20,16.730525970458984,,,,,,
2005-04-21,17.390941619873047,,,,,,
2005-04-22,17.184555053710938,,,,,,
2005-04-25,17.191431045532227,,,,,,
2005-04-26,17.033212661743164,,,,,,
2005-04-27,17.191431045532227,,,,,,
2005-04-28,16.819955825805664,,,,,,
2005-04-29,17.40469741821289,,,,,,
2005-05-02,17.35654640197754,,,,,,
2005-05-03,17.445974349975586,,,,,,
2005-05-04,17.3427791595459,,,,,,
2005-05-05,17.35654640197754,,,,,,
2005-05-06,17.349658966064453,,,,,,
2005-05-09,17.273988723754883,,,,,,
2005-05-10,17.129526138305664,,,,,,
2005-05-11,17.13640594482422,,,,,,
2005-05-12,17.198314666748047,,,,,,
2005-05-13,17.40469741821289,,,,,,
2005-05-16,17.591022491455078,,,,,,
2005-05-17,17.570323944091797,,,,,,
2005-05-18,17.735946655273438,,,,,,
2005-05-19,17.88777732849121,,,,,,
2005-05-20,17.763561248779297,,,,,,
2005-05-23,17.839468002319336,,,,,,
2005-05-24,17.77045440673828,,,,,,
2005-05-25,17.74284553527832,,,,,,
2005-05-26,17.873966217041016,,,,,,
2005-05-27,17.99129295349121,,,,,,
2005-05-31,17.804954528808594,,,,,,
2005-06-01,17.811864852905273,,,,,,
2005-06-02,17.798057556152344,,,,,,
2005-06-03,17.549623489379883,,,,,,
2005-06-06,17.50821304321289,,,,,,
2005-06-07,17.60483169555664,,,,,,
2005-06-08,17.528913497924805,,,,,,
2005-06-09,17.60483169555664,,,,,,
2005-06-10,17.549623489379883,,,,,,
2005-06-13,17.466806411743164,,,,,,
2005-06-14,17.501310348510742,,,,,,
2005-06-15,17.432300567626953,,,,,,
2005-06-16,17.28046989440918,,,,,,
2005-06-17,17.28046989440918,,,,,,
2005-06-20,17.32878303527832,,,,,,
2005-06-21,17.356382369995117,,,,,,
2005-06-22,17.301172256469727,,,,,,
2005-06-23,17.466806411743164,,,,,,
2005-06-24,17.28046989440918,,,,,,
2005-06-27,17.287370681762695,,,,,,
2005-06-28,17.301172256469727,,,,,,
2005-06-29,17.31498146057129,,,,,,
2005-06-30,17.142454147338867,,,,,,
2005-07-01,17.052736282348633,,,,,,
2005-07-05,17.23906898498535,,,,,,
2005-07-06,17.04583740234375,,,,,,
2005-07-07,17.01133155822754,,,,,,
2005-07-08,17.31498146057129,,,,,,
2005-07-11,17.453006744384766,,,,,,
2005-07-12,17.673839569091797,,,,,,
2005-07-13,17.708349227905273,,,,,,
2005-07-14,17.92228126525879,,,,,,
2005-07-15,17.798057556152344,,,,,,
2005-07-18,17.63243293762207,,,,,,
2005-07-19,18.05340003967285,,,,,,
2005-07-20,18.0741024017334,,,,,,
2005-07-21,18.246641159057617,,,,,,
2005-07-22,17.722150802612305,,,,,,
2005-07-25,17.72905921936035,,,,,,
2005-07-26,17.62553596496582,,,,,,
2005-07-27,17.749744415283203,,,,,,
2005-07-28,17.77045440673828,,,,,,
2005-07-29,17.673839569091797,,,,,,
2005-08-01,17.88777732849121,,,,,,
2005-08-02,18.50198173522949,,,,,,
2005-08-03,18.805633544921875,,,,,,
2005-08-04,18.853939056396484,,,,,,
2005-08-05,19.15758514404297,,,,,,
2005-08-08,18.722820281982425,,,,,,
2005-08-09,18.8746337890625,,,,,,
2005-08-10,18.598594665527344,,,,,,
2005-08-11,18.819435119628903,,,,,,
2005-08-12,18.667593002319336,,,,,,
2005-08-15,18.778358459472656,,,,,,
2005-08-16,18.508399963378903,,,,,,
2005-08-17,18.65376281738281,,,,,,
2005-08-18,18.563777923583984,,,,,,
2005-08-19,18.494564056396484,,,,,,
2005-08-22,18.62607765197754,,,,,,
2005-08-23,18.59839057922364,,,,,,
2005-08-24,18.55686378479004,,,,,,
2005-08-25,18.70913887023925,,,,,,
2005-08-26,18.667604446411133,,,,,,
2005-08-29,18.79219627380371,,,,,,
2005-08-30,18.812959671020508,,,,,,
2005-08-31,18.951398849487305,,,,,,
2005-09-01,18.82680892944336,,,,,,
2005-09-02,18.70221519470215,,,,,,
2005-09-06,18.688371658325195,,,,,,
2005-09-07,18.584545135498047,,,,,,
2005-09-08,18.41843032836914,,,,,,
2005-09-09,18.39766311645508,,,,,,
2005-09-12,18.41843032836914,,,,,,
2005-09-13,18.32844924926757,,,,,,
2005-09-14,18.210777282714844,,,,,,
2005-09-15,18.183088302612305,,,,,,
2005-09-16,18.044660568237305,,,,,,
2005-09-19,17.9962100982666,,,,,,
2005-09-20,17.885465621948242,,,,,,
2005-09-21,17.643203735351562,,,,,,
2005-09-22,17.539384841918945,,,,,,
2005-09-23,17.49093246459961,,,,,,
2005-09-26,17.49093246459961,,,,,,
2005-09-27,17.539384841918945,,,,,,
2005-09-28,17.76778793334961,,,,,,
2005-09-29,17.95467758178711,,,,,,
2005-09-30,17.809324264526367,,,,,,
2005-10-03,17.650127410888672,,,,,,
2005-10-04,17.290205001831055,,,,,,
2005-10-05,17.075634002685547,,,,,,
2005-10-06,17.117162704467773,,,,,,
2005-10-07,17.020259857177734,,,,,,
2005-10-10,16.930278778076172,,,,,,
2005-10-11,16.89566993713379,,,,,,
2005-10-12,16.81952667236328,,,,,,
2005-10-13,17.020259857177734,,,,,,
2005-10-14,17.075634002685547,,,,,,
2005-10-17,16.978736877441406,,,,,,
2005-10-18,17.006425857543945,,,,,,
2005-10-19,17.36634063720703,,,,,,
2005-10-20,17.15869140625,,,,,,
2005-10-21,17.151775360107422,,,,,,
2005-10-24,17.373262405395508,,,,,,
2005-10-25,17.324811935424805,,,,,,
2005-10-26,17.380186080932617,,,,,,
2005-10-27,17.20022201538086,,,,,,
2005-10-28,17.670886993408203,,,,,,
2005-10-31,17.788555145263672,,,,,,
2005-11-01,17.968528747558594,,,,,,
2005-11-02,18.31459617614746,,,,,,
2005-11-03,18.300765991210938,,,,,,
2005-11-04,18.45303535461425,,,,,,
2005-11-07,18.695289611816406,,,,,,
2005-11-08,18.72296524047852,,,,,,
2005-11-09,18.660682678222656,,,,,,
2005-11-10,18.75065994262696,,,,,,
2005-11-11,18.882173538208008,,,,,,
2005-11-14,18.94447135925293,,,,,,
2005-11-15,19.090246200561523,,,,,,
2005-11-16,19.256855010986328,,,,,,
2005-11-17,19.416519165039062,,,,,,
2005-11-18,19.485933303833008,,,,,,
2005-11-21,19.548412322998047,,,,,,
2005-11-22,19.374866485595703,,,,,,
2005-11-23,19.38180923461914,,,,,,
2005-11-25,19.270734786987305,,,,,,
2005-11-28,19.26380157470703,,,,,,
2005-11-29,19.215206146240234,,,,,,
2005-11-30,19.215206146240234,,,,,,
2005-12-01,19.360990524291992,,,,,,
2005-12-02,19.44429016113281,,,,,,
2005-12-05,19.333223342895508,,,,,,
2005-12-06,19.222150802612305,,,,,,
2005-12-07,19.26380157470703,,,,,,
2005-12-08,19.222150802612305,,,,,,
2005-12-09,19.236024856567383,,,,,,
2005-12-12,19.05554580688477,,,,,,
2005-12-13,18.83340072631836,,,,,,
2005-12-14,18.805625915527344,,,,,,
2005-12-15,18.687620162963867,,,,,,
2005-12-16,18.67373275756836,,,,,,
2005-12-19,18.625144958496094,,,,,,
2005-12-20,18.645957946777344,,,,,,
2005-12-21,18.555721282958984,,,,,,
2005-12-22,18.458539962768555,,,,,,
2005-12-23,18.49324417114257,,,,,,
2005-12-27,18.368284225463867,,,,,,
2005-12-28,18.31969451904297,,,,,,
2005-12-29,18.23639869689941,,,,,,
2005-12-30,18.153095245361328,,,,,,
2006-01-03,18.6320858001709,,,,,,
2006-01-04,18.722326278686523,,,,,,
2006-01-05,18.736225128173828,,,,,,
2006-01-06,18.68067741394043,,,,,,
2006-01-09,18.645957946777344,,,,,,
2006-01-10,18.74316024780273,,,,,,
2006-01-11,18.944467544555664,,,,,,
2006-01-12,18.840341567993164,,,,,,
2006-01-13,18.875059127807617,,,,,,
2006-01-17,18.736225128173828,,,,,,
2006-01-18,18.625144958496094,,,,,,
2006-01-19,18.75704002380371,,,,,,
2006-01-20,18.33357620239257,,,,,,
2006-01-23,18.29192543029785,,,,,,
2006-01-24,18.243343353271484,,,,,,
2006-01-25,18.32663345336914,,,,,,
2006-01-26,18.39606285095215,,,,,,
2006-01-27,19.29155731201172,,,,,,
2006-01-30,19.43734359741211,,,,,,
2006-01-31,19.541465759277344,,,,,,
2006-02-01,19.4651107788086,,,,,,
2006-02-02,19.215206146240234,,,,,,
2006-02-03,19.11801719665528,,,,,,
2006-02-06,18.861167907714844,,,,,,
2006-02-07,18.701499938964844,,,,,,
2006-02-08,18.68067741394043,,,,,,
2006-02-09,18.507129669189453,,,,,,
2006-02-10,18.527952194213867,,,,,,
2006-02-13,18.31969451904297,,,,,,
2006-02-14,18.50018119812012,,,,,,
2006-02-15,18.72308158874512,,,,,,
2006-02-16,18.67432403564453,,,,,,
2006-02-17,18.59769821166992,,,,,,
2006-02-21,18.48626136779785,,,,,,
2006-02-22,18.61163330078125,,,,,,
2006-02-23,18.56984138488769,,,,,,
2006-02-24,18.5489501953125,,,,,,
2006-02-27,18.84147834777832,,,,,,
2006-02-28,18.71611785888672,,,,,,
2006-03-01,18.904184341430664,,,,,,
2006-03-02,18.785768508911133,,,,,,
2006-03-03,18.75790977478028,,,,,,
2006-03-06,18.74397850036621,,,,,,
2006-03-07,18.84845352172852,,,,,,
2006-03-08,18.98081016540528,,,,,,
2006-03-09,18.806671142578125,,,,,,
2006-03-10,18.92508125305176,,,,,,
2006-03-13,18.883289337158203,,,,,,
2006-03-14,18.96686744689941,,,,,,
2006-03-15,19.05742454528809,,,,,,
2006-03-16,18.994733810424805,,,,,,
2006-03-17,19.15493392944336,,,,,,
2006-03-20,19.42659568786621,,,,,,
2006-03-21,19.32210922241211,,,,,,
2006-03-22,18.91114997863769,,,,,,
2006-03-23,18.70218849182129,,,,,,
2006-03-24,18.81363296508789,,,,,,
2006-03-27,18.81363296508789,,,,,,
2006-03-28,18.737010955810547,,,,,,
2006-03-29,18.82059860229492,,,,,,
2006-03-30,18.96686744689941,,,,,,
2006-03-31,18.95293426513672,,,,,,
2006-04-03,19.19673538208008,,,,,,
2006-04-04,19.25245475769043,,,,,,
2006-04-05,19.32210922241211,,,,,,
2006-04-06,19.19673538208008,,,,,,
2006-04-07,18.98081016540528,,,,,,
2006-04-10,19.0086612701416,,,,,,
2006-04-11,18.897220611572266,,,,,,
2006-04-12,18.945980072021484,,,,,,
2006-04-13,18.855424880981445,,,,,,
2006-04-17,18.69522285461425,,,,,,
2006-04-18,18.95990753173828,,,,,,
2006-04-19,18.82756423950196,,,,,,
2006-04-20,18.82756423950196,,,,,,
2006-04-21,18.91114997863769,,,,,,
2006-04-24,18.883289337158203,,,,,,
2006-04-25,18.883289337158203,,,,,,
2006-04-26,18.876310348510746,,,,,,
2006-04-27,18.98081016540528,,,,,,
2006-04-28,16.821516036987305,,,,,,
2006-05-01,16.919036865234375,,,,,,
2006-05-02,16.7239990234375,,,,,,
2006-05-03,16.13890838623047,,,,,,
2006-05-04,16.32697296142578,,,,,,
2006-05-05,16.577728271484375,,,,,,
2006-05-08,16.52896499633789,,,,,,
2006-05-09,16.45235252380371,,,,,,
2006-05-10,16.556833267211914,,,,,,
2006-05-11,16.173742294311523,,,,,,
2006-05-12,16.13890838623047,,,,,,
2006-05-15,16.187854766845703,,,,,,
2006-05-16,16.089956283569336,,,,,,
2006-05-17,15.89416217803955,,,,,,
2006-05-18,15.96409034729004,,,,,,
2006-05-19,15.775293350219728,,,,,,
2006-05-22,15.999042510986328,,,,,,
2006-05-23,15.936116218566896,,,,,,
2006-05-24,16.43259620666504,,,,,,
2006-05-25,16.600414276123047,,,,,,
2006-05-26,16.586427688598633,,,,,,
2006-05-30,16.187854766845703,,,,,,
2006-05-31,15.838223457336426,,,,,,
2006-06-01,15.95710563659668,,,,,,
2006-06-02,15.915143013000488,,,,,,
2006-06-05,15.733336448669434,,,,,,
2006-06-06,15.474607467651367,,,,,,
2006-06-07,15.41167163848877,,,,,,
2006-06-08,15.460622787475586,,,,,,
2006-06-09,15.32776927947998,,,,,,
2006-06-12,15.18092441558838,,,,,,
2006-06-13,15.041069984436035,,,,,,
2006-06-14,15.299792289733888,,,,,,
2006-06-15,15.432655334472656,,,,,,
2006-06-16,15.45362663269043,,,,,,
2006-06-19,15.768301963806152,,,,,,
2006-06-20,15.775293350219728,,,,,,
2006-06-21,16.13890266418457,,,,,,
2006-06-22,15.999042510986328,,,,,,
2006-06-23,15.733336448669434,,,,,,
2006-06-26,15.95710563659668,,,,,,
2006-06-27,15.985067367553713,,,,,,
2006-06-28,16.194852828979492,,,,,,
2006-06-29,16.411623001098633,,,,,,
2006-06-30,16.292753219604492,,,,,,
2006-07-03,16.57244300842285,,,,,,
2006-07-05,16.32770347595215,,,,,,
2006-07-06,16.418611526489258,,,,,,
2006-07-07,16.292753219604492,,,,,,
2006-07-10,16.43259620666504,,,,,,
2006-07-11,16.15289878845215,,,,,,
2006-07-12,15.831238746643066,,,,,,
2006-07-13,15.565508842468262,,,,,,
2006-07-14,15.586492538452148,,,,,,
2006-07-17,15.719347953796388,,,,,,
2006-07-18,15.90115451812744,,,,,,
2006-07-19,16.362667083740234,,,,,,
2006-07-20,15.978076934814451,,,,,,
2006-07-21,16.69131851196289,,,,,,
2006-07-24,16.782228469848633,,,,,,
2006-07-25,16.93605613708496,,,,,,
2006-07-26,17.04094696044922,,,,,,
2006-07-27,16.69131851196289,,,,,,
2006-07-28,16.957042694091797,,,,,,
2006-07-31,16.82417869567871,,,,,,
2006-08-01,16.775232315063477,,,,,,
2006-08-02,16.992000579833984,,,,,,
2006-08-03,16.929065704345703,,,,,,
2006-08-04,16.985004425048828,,,,,,
2006-08-07,16.93605613708496,,,,,,
2006-08-08,17.019969940185547,,,,,,
2006-08-09,17.08989906311035,,,,,,
2006-08-10,17.103885650634766,,,,,,
2006-08-11,17.082904815673828,,,,,,
2006-08-14,17.152835845947266,,,,,,
2006-08-15,17.27916145324707,,,,,,
2006-08-16,17.335315704345703,,,,,,
2006-08-17,17.335315704345703,,,,,,
2006-08-18,18.10030746459961,,,,,,
2006-08-21,18.331911087036133,,,,,,
2006-08-22,17.980998992919922,,,,,,
2006-08-23,18.01608085632324,,,,,,
2006-08-24,18.06521797180176,,,,,,
2006-08-25,18.142417907714844,,,,,,
2006-08-28,18.21260643005371,,,,,,
2006-08-29,18.135400772094727,,,,,,
2006-08-30,18.10732650756836,,,,,,
2006-08-31,18.03714179992676,,,,,,
2006-09-01,18.135400772094727,,,,,,
2006-09-05,17.973979949951172,,,,,,
2006-09-06,17.973979949951172,,,,,,
2006-09-07,17.847646713256836,,,,,,
2006-09-08,17.966960906982422,,,,,,
2006-09-11,18.18452262878418,,,,,,
2006-09-12,18.198558807373047,,,,,,
2006-09-13,18.2336540222168,,,,,,
2006-09-14,18.47929954528809,,,,,,
2006-09-15,18.8442497253418,,,,,,
2006-09-18,18.802143096923828,,,,,,
2006-09-19,18.85126495361328,,,,,,
2006-09-20,19.075857162475582,,,,,,
2006-09-21,18.87934112548828,,,,,,
2006-09-22,18.71090507507324,,,,,,
2006-09-25,18.914440155029297,,,,,,
2006-09-26,19.08989906311035,,,,,,
2006-09-27,19.25833511352539,,,,,,
2006-09-28,19.230268478393555,,,,,,
2006-09-29,19.19517135620117,,,,,,
2006-10-02,19.20219039916992,,,,,,
2006-10-03,19.209205627441406,,,,,,
2006-10-04,19.609254837036133,,,,,,
2006-10-05,19.59521675109864,,,,,,
2006-10-06,19.56013298034668,,,,,,
2006-10-09,19.45485115051269,,,,,,
2006-10-10,19.43379783630371,,,,,,
2006-10-11,19.32852363586425,,,,,,
2006-10-12,19.80577087402344,,,,,,
2006-10-13,19.91104507446289,,,,,,
2006-10-16,19.967193603515625,,,,,,
2006-10-17,19.960166931152344,,,,,,
2006-10-18,20.01631546020508,,,,,,
2006-10-19,19.85489654541016,,,,,,
2006-10-20,19.953144073486328,,,,,,
2006-10-23,19.967193603515625,,,,,,
2006-10-24,19.84787940979004,,,,,,
2006-10-25,19.868934631347656,,,,,,
2006-10-26,19.89700508117676,,,,,,
2006-10-27,19.88998794555664,,,,,,
2006-10-30,20.023334503173828,,,,,,
2006-10-31,20.14966011047364,,,,,,
2006-11-01,20.2198486328125,,,,,,
2006-11-02,20.1917781829834,,,,,,
2006-11-03,20.16370391845703,,,,,,
2006-11-06,20.24090385437012,,,,,,
2006-11-07,20.31810569763184,,,,,,
2006-11-08,20.33915901184082,,,,,,
2006-11-09,20.535675048828125,,,,,,
2006-11-10,20.521629333496094,,,,,,
2006-11-13,20.598840713500977,,,,,,
2006-11-14,20.584762573242188,,,,,,
2006-11-15,20.507287979125977,,,,,,
2006-11-16,20.75377655029297,,,,,,
2006-11-17,20.70447540283203,,,,,,
2006-11-20,21.049549102783203,,,,,,
2006-11-21,21.0706787109375,,,,,,
2006-11-22,21.0706787109375,,,,,,
2006-11-24,20.957996368408203,,,,,,
2006-11-27,20.760818481445312,,,,,,
2006-11-28,20.697433471679688,,,,,,
2006-11-29,20.82419204711914,,,,,,
2006-11-30,20.67630386352539,,,,,,
2006-12-01,20.507287979125977,,,,,,
2006-12-04,20.655176162719727,,,,,,
2006-12-05,20.514324188232425,,,,,,
2006-12-06,20.415735244750977,,,,,,
2006-12-07,20.3171501159668,,,,,,
2006-12-08,20.70447540283203,,,,,,
2006-12-11,20.80306625366211,,,,,,
2006-12-12,20.72559928894043,,,,,,
2006-12-13,20.810117721557617,,,,,,
2006-12-14,21.176305770874023,,,,,,
2006-12-15,21.260814666748047,,,,,,
2006-12-18,21.049549102783203,,,,,,
2006-12-19,21.11997032165528,,,,,,
2006-12-20,21.19039535522461,,,,,,
2006-12-21,21.112932205200195,,,,,,
2006-12-22,20.873491287231445,,,,,,
2006-12-26,21.11997032165528,,,,,,
2006-12-27,21.141098022460938,,,,,,
2006-12-28,21.112932205200195,,,,,,
2006-12-29,21.02842330932617,,,,,,
2007-01-03,21.02842330932617,,,,,,
2007-01-04,20.99320602416992,,,,,,
2007-01-05,20.873491287231445,,,,,,
2007-01-08,21.077713012695312,,,,,,
2007-01-09,21.098838806152344,,,,,,
2007-01-10,20.887571334838867,,,,,,
2007-01-11,21.619985580444336,,,,,,
2007-01-12,21.9791316986084,,,,,,
2007-01-16,21.94392204284668,,,,,,
2007-01-17,21.90167236328125,,,,,,
2007-01-18,21.831249237060547,,,,,,
2007-01-19,21.9087142944336,,,,,,
2007-01-22,21.63406181335449,,,,,,
2007-01-23,21.64815330505371,,,,,,
2007-01-24,21.89462280273437,,,,,,
2007-01-25,21.443925857543945,,,,,,
2007-01-26,21.549558639526367,,,,,,
2007-01-29,21.50025749206543,,,,,,
2007-01-30,21.46504783630371,,,,,,
2007-01-31,21.73266220092773,,,,,,
2007-02-01,21.521385192871094,,,,,,
2007-02-02,21.260814666748047,,,,,,
2007-02-05,20.85236930847168,,,,,,
2007-02-06,20.78193664550781,,,,,,
2007-02-07,20.68334197998047,,,,,,
2007-02-08,20.60588264465332,,,,,,
2007-02-09,20.408695220947266,,,,,,
2007-02-12,20.380529403686523,,,,,,
2007-02-13,20.50065994262696,,,,,,
2007-02-14,20.77626609802246,,,,,,
2007-02-15,20.81866455078125,,,,,,
2007-02-16,20.309860229492188,,,,,,
2007-02-20,20.37346267700196,,,,,,
2007-02-21,20.74094009399414,,,,,,
2007-02-22,20.769189834594727,,,,,,
2007-02-23,20.422924041748047,,,,,,
2007-02-26,20.543062210083008,,,,,,
2007-02-27,19.69504737854004,,,,,,
2007-02-28,19.90704917907715,,,,,,
2007-03-01,19.85051155090332,,,,,,
2007-03-02,19.617319107055664,,,,,,
2007-03-05,19.46891593933105,,,,,,
2007-03-06,19.666793823242188,,,,,,
2007-03-07,19.511320114135746,,,,,,
2007-03-08,19.306379318237305,,,,,,
2007-03-09,19.28517341613769,,,,,,
2007-03-12,19.391185760498047,,,,,,
2007-03-13,18.882373809814453,,,,,,
2007-03-14,19.362913131713867,,,,,,
2007-03-15,19.27811050415039,,,,,,
2007-03-16,19.31345558166504,,,,,,
2007-03-19,19.666793823242188,,,,,,
2007-03-20,19.673858642578125,,,,,,
2007-03-21,20.154390335083008,,,,,,
2007-03-22,19.977718353271484,,,,,,
2007-03-23,19.801050186157227,,,,,,
2007-03-26,19.94239616394043,,,,,,
2007-03-27,19.58904838562012,,,,,,
2007-03-28,19.532508850097656,,,,,,
2007-03-29,19.61025047302246,,,,,,
2007-03-30,19.69504737854004,,,,,,
2007-04-02,19.60318183898925,,,,,,
2007-04-03,19.69504737854004,,,,,,
2007-04-04,20.14025115966797,,,,,,
2007-04-05,20.175594329833984,,,,,,
2007-04-09,20.189722061157227,,,,,,
2007-04-10,20.06958770751953,,,,,,
2007-04-11,19.864654541015625,,,,,,
2007-04-12,20.16852569580078,,,,,,
2007-04-13,20.21799659729004,,,,,,
2007-04-16,20.302793502807617,,,,,,
2007-04-17,20.38758850097656,,,,,,
2007-04-18,20.210918426513672,,,,,,
2007-04-19,20.274532318115234,,,,,,
2007-04-20,20.50772857666016,,,,,,
2007-04-23,20.3381290435791,,,,,,
2007-04-24,20.345195770263672,,,,,,
2007-04-25,20.48652076721192,,,,,,
2007-04-26,20.564266204833984,,,,,,
2007-04-27,21.28506851196289,,,,,,
2007-04-30,21.157873153686523,,,,,,
2007-05-01,21.48293685913086,,,,,,
2007-05-02,21.631345748901367,,,,,,
2007-05-03,21.885746002197266,,,,,,
2007-05-04,21.596010208129883,,,,,,
2007-05-07,21.702009201049805,,,,,,
2007-05-08,21.730274200439453,,,,,,
2007-05-09,21.751474380493164,,,,,,
2007-05-10,21.610143661499023,,,,,,
2007-05-11,21.829206466674805,,,,,,
2007-05-14,21.885746002197266,,,,,,
2007-05-15,21.9070053100586,,,,,,
2007-05-16,22.02754211425781,,,,,,
2007-05-17,21.96373176574707,,,,,,
2007-05-18,21.857383728027344,,,,,,
2007-05-21,22.01335906982422,,,,,,
2007-05-22,21.758134841918945,,,,,,
2007-05-23,21.680145263671875,,,,,,
2007-05-24,21.38946914672852,,,,,,
2007-05-25,21.609249114990234,,,,,,
2007-05-29,21.82902717590332,,,,,,
2007-05-30,22.055896759033203,,,,,,
2007-05-31,21.758134841918945,,,,,,
2007-06-01,21.687231063842773,,,,,,
2007-06-04,21.77939796447754,,,,,,
2007-06-05,21.680145263671875,,,,,,
2007-06-06,21.47454833984375,,,,,,
2007-06-07,20.9995346069336,,,,,,
2007-06-08,21.30439567565918,,,,,,
2007-06-11,21.283123016357425,,,,,,
2007-06-12,21.16260528564453,,,,,,
2007-06-13,21.54543876647949,,,,,,
2007-06-14,21.637615203857425,,,,,,
2007-06-15,21.616329193115234,,,,,,
2007-06-18,21.630512237548828,,,,,,
2007-06-19,21.59507942199707,,,,,,
2007-06-20,21.276029586791992,,,,,,
2007-06-21,21.424917221069336,,,,,,
2007-06-22,20.907379150390625,,,,,,
2007-06-25,20.907379150390625,,,,,,
2007-06-26,20.92864418029785,,,,,,
2007-06-27,21.176776885986328,,,,,,
2007-06-28,21.14842414855957,,,,,,
2007-06-29,20.89319229125977,,,,,,
2007-07-02,21.084606170654297,,,,,,
2007-07-03,21.283123016357425,,,,,,
2007-07-05,21.261859893798828,,,,,,
2007-07-06,21.247669219970703,,,,,,
2007-07-09,21.176776885986328,,,,,,
2007-07-10,20.7939395904541,,,,,,
2007-07-11,20.907379150390625,,,,,,
2007-07-12,21.318572998046875,,,,,,
2007-07-13,21.141334533691406,,,,,,
2007-07-16,21.290218353271484,,,,,,
2007-07-17,21.82193756103516,,,,,,
2007-07-18,21.92119598388672,,,,,,
2007-07-19,22.339479446411133,,,,,,
2007-07-20,22.09134292602539,,,,,,
2007-07-23,22.112621307373047,,,,,,
2007-07-24,21.83611869812012,,,,,,
2007-07-25,21.772310256958008,,,,,,
2007-07-26,21.2547664642334,,,,,,
2007-07-27,20.836471557617188,,,,,,
2007-07-30,20.84357070922852,,,,,,
2007-07-31,20.552886962890625,,,,,,
2007-08-01,20.772666931152344,,,,,,
2007-08-02,20.92864418029785,,,,,,
2007-08-03,20.531618118286133,,,,,,
2007-08-06,20.942821502685547,,,,,,
2007-08-07,20.949913024902344,,,,,,
2007-08-08,21.268943786621094,,,,,,
2007-08-09,20.772666931152344,,,,,,
2007-08-10,20.35437774658203,,,,,,
2007-08-13,20.29766845703125,,,,,,
2007-08-14,20.112688064575195,,,,,,
2007-08-15,19.991748809814453,,,,,,
2007-08-16,19.78542900085449,,,,,,
2007-08-17,20.09845542907715,,,,,,
2007-08-20,20.105567932128903,,,,,,
2007-08-21,19.97039794921875,,,,,,
2007-08-22,20.077117919921875,,,,,,
2007-08-23,20.13403511047364,,,,,,
2007-08-24,20.49687957763672,,,,,,
2007-08-27,20.269207000732425,,,,,,
2007-08-28,19.87079620361328,,,,,,
2007-08-29,20.34035873413086,,,,,,
2007-08-30,20.24075126647949,,,,,,
2007-08-31,20.439950942993164,,,,,,
2007-09-04,20.49687957763672,,,,,,
2007-09-05,20.2620906829834,,,,,,
2007-09-06,20.56801414489746,,,,,,
2007-09-07,20.233627319335938,,,,,,
2007-09-10,20.2620906829834,,,,,,
2007-09-11,20.58225440979004,,,,,,
2007-09-12,20.58225440979004,,,,,,
2007-09-13,20.74587631225586,,,,,,
2007-09-14,20.660511016845703,,,,,,
2007-09-17,20.439950942993164,,,,,,
2007-09-18,20.58225440979004,,,,,,
2007-09-19,20.39726448059082,,,,,,
2007-09-20,20.21940040588379,,,,,,
2007-09-21,20.383037567138672,,,,,,
2007-09-24,20.6889591217041,,,,,,
2007-09-25,21.030458450317383,,,,,,
2007-09-26,20.98776626586914,,,,,,
2007-09-27,20.98065948486328,,,,,,
2007-09-28,20.95931053161621,,,,,,
2007-10-01,21.17985916137696,,,,,,
2007-10-02,21.130056381225582,,,,,,
2007-10-03,20.952198028564453,,,,,,
2007-10-04,21.13718032836914,,,,,,
2007-10-05,21.229650497436523,,,,,,
2007-10-08,21.229650497436523,,,,,,
2007-10-09,21.41463851928711,,,,,,
2007-10-10,21.507125854492188,,,,,,
2007-10-11,21.279460906982425,,,,,,
2007-10-12,21.46443748474121,,,,,,
2007-10-15,21.3719482421875,,,,,,
2007-10-16,21.5711612701416,,,,,,
2007-10-17,22.111865997314453,,,,,,
2007-10-18,22.168777465820312,,,,,,
2007-10-19,21.46443748474121,,,,,,
2007-10-22,21.70632743835449,,,,,,
2007-10-23,21.98379898071289,,,,,,
2007-10-24,22.23280906677246,,,,,,
2007-10-25,22.75927734375,,,,,,
2007-10-26,24.92209243774414,,,,,,
2007-10-29,24.594820022583008,,,,,,
2007-10-30,25.306270599365234,,,,,,
2007-10-31,26.188465118408203,,,,,,
2007-11-01,26.366331100463867,,,,,,
2007-11-02,26.366331100463867,,,,,,
2007-11-05,26.13154983520508,,,,,,
2007-11-06,25.90387916564941,,,,,,
2007-11-07,25.27069664001465,,,,,,
2007-11-08,24.71576690673828,,,,,,
2007-11-09,23.99720001220703,,,,,,
2007-11-12,23.748205184936523,,,,,,
2007-11-13,24.59762954711914,,,,,,
2007-11-14,24.21930503845215,,,,,,
2007-11-15,24.09794807434082,,,,,,
2007-11-16,24.333511352539062,,,,,,
2007-11-19,24.24072265625,,,,,,
2007-11-20,24.68327140808105,,,,,,
2007-11-21,24.433448791503903,,,,,,
2007-11-23,24.347789764404297,,,,,,
2007-11-26,23.53406524658203,,,,,,
2007-11-27,23.598295211791992,,,,,,
2007-11-28,24.05513572692871,,,,,,
2007-11-29,23.976621627807617,,,,,,
2007-11-30,23.98374366760254,,,,,,
2007-12-03,23.498367309570312,,,,,,
2007-12-04,23.39129447937012,,,,,,
2007-12-05,24.376331329345703,,,,,,
2007-12-06,24.6618595123291,,,,,,
2007-12-07,24.6475830078125,,,,,,
2007-12-10,24.811765670776367,,,,,,
2007-12-11,24.340652465820312,,,,,,
2007-12-12,24.60476493835449,,,,,,
2007-12-13,25.140108108520508,,,,,,
2007-12-14,25.204343795776367,,,,,,
2007-12-17,24.547666549682617,,,,,,
2007-12-18,24.79749298095703,,,,,,
2007-12-19,24.83318328857422,,,,,,
2007-12-20,25.354248046875,,,,,,
2007-12-21,25.739707946777344,,,,,,
2007-12-24,26.110889434814453,,,,,,
2007-12-26,26.132305145263672,,,,,,
2007-12-27,25.675457000732425,,,,,,
2007-12-28,25.78253746032715,,,,,,
2007-12-31,25.411357879638672,,,,,,
2008-01-02,25.140108108520508,,,,,,
2008-01-03,25.24717330932617,,,,,,
2008-01-04,24.54051780700684,,,,,,
2008-01-07,24.704689025878903,,,,,,
2008-01-08,23.876672744750977,,,,,,
2008-01-09,24.58334350585937,,,,,,
2008-01-10,24.504825592041016,,,,,,
2008-01-11,24.205028533935547,,,,,,
2008-01-14,24.547666549682617,,,,,,
2008-01-15,24.26926612854004,,,,,,
2008-01-16,23.71963882446289,,,,,,
2008-01-17,23.63398551940918,,,,,,
2008-01-18,23.56260299682617,,,,,,
2008-01-22,22.813112258911133,,,,,,
2008-01-23,22.79169654846192,,,,,,
2008-01-24,23.733924865722656,,,,,,
2008-01-25,23.51264381408692,,,,,,
2008-01-28,23.35560417175293,,,,,,
2008-01-29,23.26994705200196,,,,,,
2008-01-30,22.98442649841309,,,,,,
2008-01-31,23.26994705200196,,,,,,
2008-02-01,21.735265731811523,,,,,,
2008-02-04,21.54968643188477,,,,,,
2008-02-05,20.750226974487305,,,,,,
2008-02-06,20.35763168334961,,,,,,
2008-02-07,20.072111129760746,,,,,,
2008-02-08,20.38619041442871,,,,,,
2008-02-11,20.13636016845703,,,,,,
2008-02-12,20.229154586791992,,,,,,
2008-02-13,20.67170143127441,,,,,,
2008-02-14,20.343355178833008,,,,,,
2008-02-15,20.28624725341797,,,,,,
2008-02-19,20.185932159423828,,,,,,
2008-02-20,20.22176742553711,,,,,,
2008-02-21,20.13576889038086,,,,,,
2008-02-22,19.834810256958008,,,,,,
2008-02-25,19.9494686126709,,,,,,
2008-02-26,20.33641624450684,,,,,,
2008-02-27,20.25042152404785,,,,,,
2008-02-28,20.01394462585449,,,,,,
2008-02-29,19.4908504486084,,,,,,
2008-03-03,19.340375900268555,,,,,,
2008-03-04,19.770322799682617,,,,,,
2008-03-05,20.15010070800781,,,,,,
2008-03-06,19.75599479675293,,,,,,
2008-03-07,19.970962524414062,,,,,,
2008-03-10,20.099946975708008,,,,,,
2008-03-11,20.981342315673828,,,,,,
2008-03-12,20.51555824279785,,,,,,
2008-03-13,20.50839614868164,,,,,,
2008-03-14,20.03545379638672,,,,,,
2008-03-17,20.279088973999023,,,,,,
2008-03-18,21.08164978027344,,,,,,
2008-03-19,20.50839614868164,,,,,,
2008-03-20,20.90967559814453,,,,,,
2008-03-24,20.90251350402832,,,,,,
2008-03-25,20.881011962890625,,,,,,
2008-03-26,20.46540260314941,,,,,,
2008-03-27,20.099946975708008,,,,,,
2008-03-28,19.99962615966797,,,,,,
2008-03-31,20.33641624450684,,,,,,
2008-04-01,21.13898658752441,,,,,,
2008-04-02,20.89534568786621,,,,,,
2008-04-03,20.780685424804688,,,,,,
2008-04-04,20.89534568786621,,,,,,
2008-04-07,20.89534568786621,,,,,,
2008-04-08,20.60154914855957,,,,,,
2008-04-09,20.70186424255371,,,,,,
2008-04-10,20.859519958496094,,,,,,
2008-04-11,20.264759063720703,,,,,,
2008-04-14,20.107112884521484,,,,,,
2008-04-15,20.24326133728028,,,,,,
2008-04-16,20.74486541748047,,,,,,
2008-04-17,20.93833541870117,,,,,,
2008-04-18,21.497270584106445,,,,,,
2008-04-21,21.79823112487793,,,,,,
2008-04-22,21.67640686035156,,,,,,
2008-04-23,22.53630256652832,,,,,,
2008-04-24,22.78710556030273,,,,,,
2008-04-25,21.375452041625977,,,,,,
2008-04-28,20.77352333068848,,,,,,
2008-04-29,20.5227279663086,,,,,,
2008-04-30,20.43673515319824,,,,,,
2008-05-01,21.06731986999512,,,,,,
2008-05-02,20.952661514282227,,,,,,
2008-05-05,20.83802604675293,,,,,,
2008-05-06,21.28229522705078,,,,,,
2008-05-07,20.931177139282227,,,,,,
2008-05-08,20.97416877746582,,,,,,
2008-05-09,21.06016159057617,,,,,,
2008-05-12,21.490100860595703,,,,,,
2008-05-13,21.41817855834961,,,,,,
2008-05-14,21.52606010437012,,,,,,
2008-05-15,21.90005111694336,,,,,,
2008-05-16,21.569211959838867,,,,,,
2008-05-19,21.188034057617188,,,,,,
2008-05-20,20.6845817565918,,,,,,
2008-05-21,20.317785263061523,,,,,,
2008-05-22,20.476009368896484,,,,,,
2008-05-23,20.1739444732666,,,,,,
2008-05-27,20.45443153381348,,,,,,
2008-05-28,20.26744079589844,,,,,,
2008-05-29,20.36093139648437,,,,,,
2008-05-30,20.36812973022461,,,,,,
2008-06-02,19.994140625,,,,,,
2008-06-03,19.641719818115234,,,,,,
2008-06-04,19.80714225769043,,,,,,
2008-06-05,20.353742599487305,,,,,,
2008-06-06,19.77117729187012,,,,,,
2008-06-09,19.929414749145508,,,,,,
2008-06-10,20.05886459350586,,,,,,
2008-06-11,19.50507545471192,,,,,,
2008-06-12,20.310585021972656,,,,,,
2008-06-13,20.90753936767578,,,,,,
2008-06-16,20.80685234069824,,,,,,
2008-06-17,20.713350296020508,,,,,,
2008-06-18,20.46882057189941,,,,,,
2008-06-19,20.80685234069824,,,,,,
2008-06-20,20.30339813232422,,,,,,
2008-06-23,20.116405487060547,,,,,,
2008-06-24,19.943788528442383,,,,,,
2008-06-25,20.389705657958984,,,,,,
2008-06-26,19.95817756652832,,,,,,
2008-06-27,19.87187767028809,,,,,,
2008-06-30,19.78556251525879,,,,,,
2008-07-01,19.325267791748047,,,,,,
2008-07-02,18.613252639770508,,,,,,
2008-07-03,18.68516731262207,,,,,,
2008-07-07,18.721126556396484,,,,,,
2008-07-08,18.591672897338867,,,,,,
2008-07-09,18.14576530456543,,,,,,
2008-07-10,18.30398368835449,,,,,,
2008-07-11,18.160139083862305,,,,,,
2008-07-14,18.08823013305664,,,,,,
2008-07-15,18.807432174682617,,,,,,
2008-07-16,19.60576057434082,,,,,,
2008-07-17,19.79275894165039,,,,,,
2008-07-18,18.59885597229004,,,,,,
2008-07-21,18.440635681152344,,,,,,
2008-07-22,18.55571174621582,,,,,,
2008-07-23,19.008819580078125,,,,,,
2008-07-24,18.29679679870605,,,,,,
2008-07-25,18.81462478637696,,,,,,
2008-07-28,18.33995246887207,,,,,,
2008-07-29,18.77866554260254,,,,,,
2008-07-30,18.86497688293457,,,,,,
2008-07-31,18.498167037963867,,,,,,
2008-08-01,18.29679679870605,,,,,,
2008-08-04,18.181724548339844,,,,,,
2008-08-05,18.85058784484864,,,,,,
2008-08-06,19.43315696716309,,,,,,
2008-08-07,19.69926071166992,,,,,,
2008-08-08,20.23147392272949,,,,,,
2008-08-11,20.06606101989746,,,,,,
2008-08-12,20.22428131103516,,,,,,
2008-08-13,20.07325553894043,,,,,,
2008-08-14,20.07325553894043,,,,,,
2008-08-15,20.00132942199707,,,,,,
2008-08-18,19.915027618408203,,,,,,
2008-08-19,19.727277755737305,,,,,,
2008-08-20,19.705625534057617,,,,,,
2008-08-21,19.62618637084961,,,,,,
2008-08-22,20.102767944335938,,,,,,
2008-08-25,19.972787857055664,,,,,,
2008-08-26,19.69117546081543,,,,,,
2008-08-27,19.90057373046875,,,,,,
2008-08-28,20.17497634887696,,,,,,
2008-08-29,19.705625534057617,,,,,,
2008-09-02,19.568422317504883,,,,,,
2008-09-03,19.424007415771484,,,,,,
2008-09-04,19.0268669128418,,,,,,
2008-09-05,18.521404266357425,,,,,,
2008-09-08,18.86079216003418,,,,,,
2008-09-09,18.846343994140625,,,,,,
2008-09-10,19.091842651367188,,,,,,
2008-09-11,19.74172782897949,,,,,,
2008-09-12,19.94390869140625,,,,,,
2008-09-15,19.3662338256836,,,,,,
2008-09-16,18.76691055297852,,,,,,
2008-09-17,17.74155044555664,,,,,,
2008-09-18,18.23978805541992,,,,,,
2008-09-19,18.16758728027344,,,,,,
2008-09-22,18.34088706970215,,,,,,
2008-09-23,18.36977195739746,,,,,,
2008-09-24,18.571950912475582,,,,,,
2008-09-25,19.2146053314209,,,,,,
2008-09-26,19.78504943847656,,,,,,
2008-09-29,18.05927085876465,,,,,,
2008-09-30,19.27237319946289,,,,,,
2008-10-01,19.1207275390625,,,,,,
2008-10-02,18.95465087890625,,,,,,
2008-10-03,19.005199432373047,,,,,,
2008-10-06,17.987058639526367,,,,,,
2008-10-07,16.773971557617188,,,,,,
2008-10-08,16.6151065826416,,,,,,
2008-10-09,16.10242462158203,,,,,,
2008-10-10,15.524760246276855,,,,,,
2008-10-13,18.4130973815918,,,,,,
2008-10-14,17.402172088623047,,,,,,
2008-10-15,16.362380981445312,,,,,,
2008-10-16,17.4671688079834,,,,,,
2008-10-17,17.279422760009766,,,,,,
2008-10-20,17.84987449645996,,,,,,
2008-10-21,16.86783790588379,,,,,,
2008-10-22,15.546433448791504,,,,,,
2008-10-23,16.11686897277832,,,,,,
2008-10-24,15.85692310333252,,,,,,
2008-10-27,15.29369831085205,,,,,,
2008-10-28,16.68009376525879,,,,,,
2008-10-29,16.60788917541504,,,,,,
2008-10-30,16.340715408325195,,,,,,
2008-10-31,16.12409210205078,,,,,,
2008-11-03,16.33349609375,,,,,,
2008-11-04,16.990589141845703,,,,,,
2008-11-05,15.943565368652344,,,,,,
2008-11-06,15.07707691192627,,,,,,
2008-11-07,15.524760246276855,,,,,,
2008-11-10,15.380349159240724,,,,,,
2008-11-11,15.308135032653809,,,,,,
2008-11-12,14.65826416015625,,,,,,
2008-11-13,15.34423828125,,,,,,
2008-11-14,14.484965324401855,,,,,,
2008-11-17,13.950626373291016,,,,,,
2008-11-18,14.263223648071287,,,,,,
2008-11-19,13.296350479125977,,,,,,
2008-11-20,12.743849754333496,,,,,,
2008-11-21,14.306839942932127,,,,,,
2008-11-24,15.041081428527832,,,,,,
2008-11-25,14.532203674316406,,,,,,
2008-11-26,14.8956880569458,,,,,,
2008-11-28,14.699400901794434,,,,,,
2008-12-01,13.52898120880127,,,,,,
2008-12-02,13.921554565429688,,,,,,
2008-12-03,14.444963455200195,,,,,,
2008-12-04,13.892464637756348,,,,,,
2008-12-05,14.444963455200195,,,,,,
2008-12-08,15.273717880249023,,,,,,
2008-12-09,14.975662231445312,,,,,,
2008-12-10,14.982928276062012,,,,,,
2008-12-11,14.139638900756836,,,,,,
2008-12-12,14.074213027954102,,,,,,
2008-12-15,13.84157943725586,,,,,,
2008-12-16,14.61943817138672,,,,,,
2008-12-17,14.292303085327148,,,,,,
2008-12-18,14.030591011047363,,,,,,
2008-12-19,13.899737358093262,,,,,,
2008-12-22,13.943355560302734,,,,,,
2008-12-23,14.016050338745115,,,,,,
2008-12-24,13.936086654663086,,,,,,
2008-12-26,13.907005310058594,,,,,,
2008-12-29,13.78342342376709,,,,,,
2008-12-30,14.059670448303224,,,,,,
2008-12-31,14.132368087768556,,,,,,
2009-01-02,14.77936840057373,,,,,,
2009-01-05,14.917498588562012,,,,,,
2009-01-06,15.091974258422852,,,,,,
2009-01-07,14.183252334594728,,,,,,
2009-01-08,14.626708984375,,,,,,
2009-01-09,14.19052505493164,,,,,,
2009-01-12,14.154175758361816,,,,,,
2009-01-13,14.408618927001951,,,,,,
2009-01-14,13.87792682647705,,,,,,
2009-01-15,13.986971855163574,,,,,,
2009-01-16,14.328660011291504,,,,,,
2009-01-20,13.434477806091309,,,,,,
2009-01-21,14.088753700256348,,,,,,
2009-01-22,12.438518524169922,,,,,,
2009-01-23,12.503950119018556,,,,,,
2009-01-26,12.816548347473145,,,,,,
2009-01-27,12.83835792541504,,,,,,
2009-01-28,13.114606857299805,,,,,,
2009-01-29,12.787467956542969,,,,,,
2009-01-30,12.431245803833008,,,,,,
2009-02-02,12.96194076538086,,,,,,
2009-02-03,13.449012756347656,,,,,,
2009-02-04,13.543517112731934,,,,,,
2009-02-05,13.84157943725586,,,,,,
2009-02-06,14.292303085327148,,,,,,
2009-02-09,14.132368087768556,,,,,,
2009-02-10,13.66710090637207,,,,,,
2009-02-11,13.965167045593262,,,,,,
2009-02-12,14.00151252746582,,,,,,
2009-02-13,13.87792682647705,,,,,,
2009-02-17,13.241122245788574,,,,,,
2009-02-18,13.26308536529541,,,,,,
2009-02-19,13.109367370605469,,,,,,
2009-02-20,13.175248146057127,,,,,,
2009-02-23,12.596997261047363,,,,,,
2009-02-24,12.567724227905272,,,,,,
2009-02-25,12.414011001586914,,,,,,
2009-02-26,12.018755912780762,,,,,,
2009-02-27,11.821124076843262,,,,,,
2009-03-02,11.557621955871582,,,,,,
2009-03-03,11.623494148254396,,,,,,
2009-03-04,11.799164772033691,,,,,,
2009-03-05,11.177000999450684,,,,,,
2009-03-06,11.184320449829102,,,,,,
2009-03-09,11.089167594909668,,,,,,
2009-03-10,12.062670707702637,,,,,,
2009-03-11,12.523805618286133,,,,,,
2009-03-12,12.450611114501951,,,,,,
2009-03-13,12.187105178833008,,,,,,
2009-03-16,11.894316673278809,,,,,,
2009-03-17,12.37009620666504,,,,,,
2009-03-18,12.414011001586914,,,,,,
2009-03-19,12.54576587677002,,,,,,
2009-03-20,12.48720359802246,,,,,,
2009-03-23,13.416793823242188,,,,,,
2009-03-24,13.124009132385254,,,,,,
2009-03-25,13.08741283416748,,,,,,
2009-03-26,13.78277587890625,,,,,,
2009-03-27,13.270400047302246,,,,,,
2009-03-30,12.794625282287598,,,,,,
2009-03-31,13.446073532104492,,,,,,
2009-04-01,14.134115219116213,,,,,,
2009-04-02,14.119477272033691,,,,,,
2009-04-03,13.72421646118164,,,,,,
2009-04-06,13.73153591156006,,,,,,
2009-04-07,13.73153591156006,,,,,,
2009-04-08,14.046277046203612,,,,,,
2009-04-09,14.397618293762209,,,,,,
2009-04-13,14.339059829711914,,,,,,
2009-04-14,14.163397789001465,,,,,,
2009-04-15,13.78277587890625,,,,,,
2009-04-16,14.463493347167969,,,,,,
2009-04-17,14.053604125976562,,,,,,
2009-04-20,13.621745109558104,,,,,,
2009-04-21,13.885247230529783,,,,,,
2009-04-22,13.746175765991213,,,,,,
2009-04-23,13.848645210266112,,,,,,
2009-04-24,15.305248260498049,,,,,,
2009-04-27,14.93194580078125,,,,,,
2009-04-28,14.587920188903809,,,,,,
2009-04-29,14.822157859802246,,,,,,
2009-04-30,14.829476356506348,,,,,,
2009-05-01,14.814838409423828,,,,,,
2009-05-04,14.778240203857422,,,,,,
2009-05-05,14.48544979095459,,,,,,
2009-05-06,14.48544979095459,,,,,,
2009-05-07,14.14143180847168,,,,,,
2009-05-08,14.214630126953123,,,,,,
2009-05-11,14.14143180847168,,,,,,
2009-05-12,14.558650016784668,,,,,,
2009-05-13,14.456174850463867,,,,,,
2009-05-14,14.683077812194824,,,,,,
2009-05-15,14.800189971923828,,,,,,
2009-05-18,15.078344345092772,,,,,,
2009-05-19,14.96047306060791,,,,,,
2009-05-20,15.012044906616213,,,,,,
2009-05-21,14.599546432495115,,,,,,
2009-05-22,14.547983169555664,,,,,,
2009-05-26,14.98258113861084,,,,,,
2009-05-27,14.827890396118164,,,,,,
2009-05-28,15.063606262207031,,,,,,
2009-05-29,15.387709617614746,,,,,,
2009-06-01,15.763385772705078,,,,,,
2009-06-02,15.763385772705078,,,,,,
2009-06-03,16.006460189819336,,,,,,
2009-06-04,16.080120086669922,,,,,,
2009-06-05,16.3084716796875,,,,,,
2009-06-08,16.242183685302734,,,,,,
2009-06-09,16.264280319213867,,,,,,
2009-06-10,16.61048126220703,,,,,,
2009-06-11,16.816736221313477,,,,,,
2009-06-12,17.185033798217773,,,,,,
2009-06-15,17.251333236694336,,,,,,
2009-06-16,17.273422241210938,,,,,,
2009-06-17,17.44284439086914,,,,,,
2009-06-18,17.310256958007812,,,,,,
2009-06-19,17.73012351989746,,,,,,
2009-06-22,17.148204803466797,,,,,,
2009-06-23,17.192401885986328,,,,,,
2009-06-24,17.28815269470215,,,,,,
2009-06-25,17.523874282836914,,,,,,
2009-06-26,17.19976806640625,,,,,,
2009-06-29,17.5754337310791,,,,,,
2009-06-30,17.509143829345703,,,,,,
2009-07-01,17.708024978637695,,,,,,
2009-07-02,17.214502334594727,,,,,,
2009-07-06,17.08927345275879,,,,,,
2009-07-07,16.595745086669922,,,,,,
2009-07-08,16.61784553527832,,,,,,
2009-07-09,16.529457092285156,,,,,,
2009-07-10,16.492626190185547,,,,,,
2009-07-13,17.11137580871582,,,,,,
2009-07-14,17.022979736328125,,,,,,
2009-07-15,17.766958236694336,,,,,,
2009-07-16,18.00266456604004,,,,,,
2009-07-17,17.892179489135742,,,,,,
2009-07-20,18.068958282470703,,,,,,
2009-07-21,18.289947509765625,,,,,,
2009-07-22,18.2678451538086,,,,,,
2009-07-23,18.82766342163086,,,,,,
2009-07-24,17.273422241210938,,,,,,
2009-07-27,17.022979736328125,,,,,,
2009-07-28,17.28815269470215,,,,,,
2009-07-29,17.531232833862305,,,,,,
2009-07-30,17.538606643676758,,,,,,
2009-07-31,17.32498550415039,,,,,,
2009-08-03,17.5533390045166,,,,,,
2009-08-04,17.509143829345703,,,,,,
2009-08-05,17.538606643676758,,,,,,
2009-08-06,17.280792236328125,,,,,,
2009-08-07,17.354450225830078,,,,,,
2009-08-10,17.251333236694336,,,,,,
2009-08-11,17.0377197265625,,,,,,
2009-08-12,17.332351684570312,,,,,,
2009-08-13,17.398645401000977,,,,,,
2009-08-14,17.45021629333496,,,,,,
2009-08-17,17.126110076904297,,,,,,
2009-08-18,17.46685028076172,,,,,,
2009-08-19,17.51870346069336,,,,,,
2009-08-20,17.533512115478516,,,,,,
2009-08-21,18.08166885375977,,,,,,
2009-08-24,18.252042770385746,,,,,,
2009-08-25,18.252042770385746,,,,,,
2009-08-26,18.18538475036621,,,,,,
2009-08-27,18.28908348083496,,,,,,
2009-08-28,18.28166961669922,,,,,,
2009-08-31,18.25944900512696,,,,,,
2009-09-01,17.777965545654297,,,,,,
2009-09-02,17.67426109313965,,,,,,
2009-09-03,17.859447479248047,,,,,,
2009-09-04,18.237228393554688,,,,,,
2009-09-08,18.385377883911133,,,,,,
2009-09-09,18.355749130249023,,,,,,
2009-09-10,18.51871490478516,,,,,,
2009-09-11,18.415010452270508,,,,,,
2009-09-14,18.51871490478516,,,,,,
2009-09-15,18.6668643951416,,,,,,
2009-09-16,18.6668643951416,,,,,,
2009-09-17,18.740938186645508,,,,,,
2009-09-18,18.711305618286133,,,,,,
2009-09-21,18.740938186645508,,,,,,
2009-09-22,19.089088439941406,,,,,,
2009-09-23,19.044639587402344,,,,,,
2009-09-24,19.21501922607422,,,,,,
2009-09-25,18.926124572753903,,,,,,
2009-09-28,19.1335391998291,,,,,,
2009-09-29,19.07427978515625,,,,,,
2009-09-30,19.05205726623535,,,,,,
2009-10-01,18.429821014404297,,,,,,
2009-10-02,18.48908424377441,,,,,,
2009-10-05,18.252042770385746,,,,,,
2009-10-06,18.600196838378903,,,,,,
2009-10-07,18.59278678894043,,,,,,
2009-10-08,19.01500701904297,,,,,,
2009-10-09,18.926124572753903,,,,,,
2009-10-12,19.05205726623535,,,,,,
2009-10-13,19.11871719360352,,,,,,
2009-10-14,19.22982788085937,,,,,,
2009-10-15,19.78539085388184,,,,,,
2009-10-16,19.629838943481445,,,,,,
2009-10-19,19.526126861572266,,,,,,
2009-10-20,19.53354263305664,,,,,,
2009-10-21,19.68909454345703,,,,,,
2009-10-22,19.696502685546875,,,,,,
2009-10-23,20.75577163696289,,,,,,
2009-10-26,21.24466896057129,,,,,,
2009-10-27,21.17799949645996,,,,,,
2009-10-28,20.75577163696289,,,,,,
2009-10-29,20.9039306640625,,,,,,
2009-10-30,20.54095458984375,,,,,,
2009-11-02,20.65207290649414,,,,,,
2009-11-03,20.392810821533203,,,,,,
2009-11-04,20.785400390625,,,,,,
2009-11-05,21.08911895751953,,,,,,
2009-11-06,21.12614822387696,,,,,,
2009-11-09,21.474306106567383,,,,,,
2009-11-10,21.48911666870117,,,,,,
2009-11-11,21.570594787597656,,,,,,
2009-11-12,21.74838256835937,,,,,,
2009-11-13,21.94837188720703,,,,,,
2009-11-16,21.88170623779297,,,,,,
2009-11-17,22.320690155029297,,,,,,
2009-11-18,22.40253257751465,,,,,,
2009-11-19,22.15700340270996,,,,,,
2009-11-20,22.037952423095703,,,,,,
2009-11-23,22.276042938232425,,,,,,
2009-11-24,22.253719329833984,,,,,,
2009-11-25,22.164440155029297,,,,,,
2009-11-27,21.7403507232666,,,,,,
2009-11-30,21.881710052490234,,,,,,
2009-12-01,22.32812118530273,,,,,,
2009-12-02,22.15700340270996,,,,,,
2009-12-03,22.19420051574707,,,,,,
2009-12-04,22.305797576904297,,,,,,
2009-12-07,22.164440155029297,,,,,,
2009-12-08,22.0007553100586,,,,,,
2009-12-09,22.10491943359375,,,,,,
2009-12-10,22.22395896911621,,,,,,
2009-12-11,22.20907974243164,,,,,,
2009-12-14,22.40253257751465,,,,,,
2009-12-15,22.33557510375977,,,,,,
2009-12-16,22.39508628845215,,,,,,
2009-12-17,22.02307510375977,,,,,,
2009-12-18,22.588531494140625,,,,,,
2009-12-21,22.70757484436035,,,,,,
2009-12-22,22.930782318115234,,,,,,
2009-12-23,23.005189895629883,,,,,,
2009-12-24,23.064706802368164,,,,,,
2009-12-28,23.19119071960449,,,,,,
2009-12-29,23.354877471923828,,,,,,
2009-12-30,23.03494071960449,,,,,,
2009-12-31,22.677810668945312,,,,,,
2010-01-04,23.02750396728516,,,,,,
2010-01-05,23.03494071960449,,,,,,
2010-01-06,22.8935775756836,,,,,,
2010-01-07,22.655494689941406,,,,,,
2010-01-08,22.811738967895508,,,,,,
2010-01-11,22.52157020568848,,,,,,
2010-01-12,22.37277030944824,,,,,,
2010-01-13,22.581090927124023,,,,,,
2010-01-14,23.03494071960449,,,,,,
2010-01-15,22.96054077148437,,,,,,
2010-01-19,23.13910865783692,,,,,,
2010-01-20,22.759660720825195,,,,,,
2010-01-21,22.32812118530273,,,,,,
2010-01-22,21.5468978881836,,,,,,
2010-01-25,21.81475257873535,,,,,,
2010-01-26,21.948673248291016,,,,,,
2010-01-27,22.07514953613281,,,,,,
2010-01-28,21.695695877075195,,,,,,
2010-01-29,20.966562271118164,,,,,,
2010-02-01,21.13768768310547,,,,,,
2010-02-02,21.17489051818848,,,,,,
2010-02-03,21.30137634277344,,,,,,
2010-02-04,20.71359634399414,,,,,,
2010-02-05,20.84751319885254,,,,,,
2010-02-08,20.62431526184082,,,,,,
2010-02-09,20.84007453918457,,,,,,
2010-02-10,20.82520294189453,,,,,,
2010-02-11,20.92191505432129,,,,,,
2010-02-12,20.780553817749023,,,,,,
2010-02-16,21.191686630249023,,,,,,
2010-02-17,21.37108039855957,,,,,,
2010-02-18,21.65513610839844,,,,,,
2010-02-19,21.505634307861328,,,,,,
2010-02-22,21.47572898864746,,,,,,
2010-02-23,21.17673110961914,,,,,,
2010-02-24,21.40097999572754,,,,,,
2010-02-25,21.37856674194336,,,,,,
2010-02-26,21.430879592895508,,,,,,
2010-03-01,21.69251251220703,,,,,,
2010-03-02,21.27390480041504,,,,,,
2010-03-03,21.27390480041504,,,,,,
2010-03-04,21.40097999572754,,,,,,
2010-03-05,21.37108039855957,,,,,,
2010-03-08,21.40097999572754,,,,,,
2010-03-09,21.52805519104004,,,,,,
2010-03-10,21.65513610839844,,,,,,
2010-03-11,21.81210899353028,,,,,,
2010-03-12,21.879383087158203,,,,,,
2010-03-15,21.894336700439453,,,,,,
2010-03-16,21.95412826538086,,,,,,
2010-03-17,22.148481369018555,,,,,,
2010-03-18,22.13354110717773,,,,,,
2010-03-19,22.11857986450196,,,,,,
2010-03-22,22.12605857849121,,,,,,
2010-03-23,22.335355758666992,,,,,,
2010-03-24,22.16343879699707,,,,,,
2010-03-25,22.43252754211425,,,,,,
2010-03-26,22.170907974243164,,,,,,
2010-03-29,22.11857986450196,,,,,,
2010-03-30,22.253143310546875,,,,,,
2010-03-31,21.894336700439453,,,,,,
2010-04-01,21.79716110229492,,,,,,
2010-04-05,21.879383087158203,,,,,,
2010-04-06,21.91675567626953,,,,,,
2010-04-07,21.939180374145508,,,,,,
2010-04-08,22.36525535583496,,,,,,
2010-04-09,22.67921257019043,,,,,,
2010-04-12,22.664262771606445,,,,,,
2010-04-13,22.76143264770508,,,,,,
2010-04-14,23.038015365600582,,,,,,
2010-04-15,23.07539367675781,,,,,,
2010-04-16,22.925886154174805,,,,,,
2010-04-19,23.202465057373047,,,,,,
2010-04-20,23.4416618347168,,,,,,
2010-04-21,23.419235229492188,,,,,,
2010-04-22,23.464088439941406,,,,,,
2010-04-23,23.142662048339844,,,,,,
2010-04-26,23.254791259765625,,,,,,
2010-04-27,23.060434341430664,,,,,,
2010-04-28,23.10529327392578,,,,,,
2010-04-29,23.17255973815918,,,,,,
2010-04-30,22.82871437072754,,,,,,
2010-05-03,23.067914962768555,,,,,,
2010-05-04,22.52223777770996,,,,,,
2010-05-05,22.31293678283692,,,,,,
2010-05-06,21.66261100769043,,,,,,
2010-05-07,21.087034225463867,,,,,,
2010-05-10,21.632707595825195,,,,,,
2010-05-11,21.587852478027344,,,,,,
2010-05-12,22.00646209716797,,,,,,
2010-05-13,21.8569564819336,,,,,,
2010-05-14,21.625232696533203,,,,,,
2010-05-17,21.632707595825195,,,,,,
2010-05-18,21.475021362304688,,,,,,
2010-05-19,21.20470428466797,,,,,,
2010-05-20,20.35621833801269,,,,,,
2010-05-21,20.153484344482425,,,,,,
2010-05-24,19.725486755371094,,,,,,
2010-05-25,19.5753116607666,,,,,,
2010-05-26,18.77938461303711,,,,,,
2010-05-27,19.52275276184082,,,,,,
2010-05-28,19.37257575988769,,,,,,
2010-06-01,19.440155029296875,,,,,,
2010-06-02,19.868152618408203,,,,,,
2010-06-03,20.168506622314453,,,,,,
2010-06-04,19.365066528320312,,,,,,
2010-06-07,18.9896297454834,,,,,,
2010-06-08,18.854473114013672,,,,,,
2010-06-09,18.614192962646484,,,,,,
2010-06-10,18.77187728881836,,,,,,
2010-06-11,19.2674503326416,,,,,,
2010-06-14,19.147306442260746,,,,,,
2010-06-15,19.95825386047364,,,,,,
2010-06-16,19.76302719116211,,,,,,
2010-06-17,19.80056381225586,,,,,,
2010-06-18,19.85313415527344,,,,,,
2010-06-21,19.48520469665528,,,,,,
2010-06-22,19.350048065185547,,,,,,
2010-06-23,19.00464630126953,,,,,,
2010-06-24,18.77187728881836,,,,,,
2010-06-25,18.4189682006836,,,,,,
2010-06-28,18.25376510620117,,,,,,
2010-06-29,17.502893447875977,,,,,,
2010-06-30,17.277631759643555,,,,,,
2010-07-01,17.390262603759766,,,,,,
2010-07-02,17.472864151000977,,,,,,
2010-07-06,17.88585090637207,,,,,,
2010-07-07,18.24625968933105,,,,,,
2010-07-08,18.328855514526367,,,,,,
2010-07-09,18.22373962402344,,,,,,
2010-07-12,18.64422416687012,,,,,,
2010-07-13,18.869489669799805,,,,,,
2010-07-14,19.10225296020508,,,,,,
2010-07-15,19.15481758117676,,,,,,
2010-07-16,18.689268112182617,,,,,,
2010-07-19,18.94457244873047,,,,,,
2010-07-20,19.13229179382324,,,,,,
2010-07-21,18.86198234558105,,,,,,
2010-07-22,19.402606964111328,,,,,,
2010-07-23,19.38007926940918,,,,,,
2010-07-26,19.597835540771484,,,,,,
2010-07-27,19.64289093017578,,,,,,
2010-07-28,19.48520469665528,,,,,,
2010-07-29,19.545270919799805,,,,,,
2010-07-30,19.38007926940918,,,,,,
2010-08-02,19.77054023742676,,,,,,
2010-08-03,19.64289093017578,,,,,,
2010-08-04,19.320011138916016,,,,,,
2010-08-05,19.04969596862793,,,,,,
2010-08-06,19.18485641479492,,,,,,
2010-08-09,19.22990608215332,,,,,,
2010-08-10,18.824432373046875,,,,,,
2010-08-11,18.66675567626953,,,,,,
2010-08-12,18.38892364501953,,,,,,
2010-08-13,18.321348190307617,,,,,,
2010-08-16,18.396434783935547,,,,,,
2010-08-17,18.65308952331543,,,,,,
2010-08-18,18.736133575439453,,,,,,
2010-08-19,18.44928741455078,,,,,,
2010-08-20,18.29075050354004,,,,,,
2010-08-23,18.32849502563477,,,,,,
2010-08-24,18.147327423095703,,,,,,
2010-08-25,18.19262313842773,,,,,,
2010-08-26,17.98126220703125,,,,,,
2010-08-27,18.064292907714844,,,,,,
2010-08-30,17.845367431640625,,,,,,
2010-08-31,17.717039108276367,,,,,,
2010-09-01,18.04163932800293,,,,,,
2010-09-02,18.07183837890625,,,,,,
2010-09-03,18.33604621887207,,,,,,
2010-09-07,18.08692741394043,,,,,,
2010-09-08,18.064292907714844,,,,,,
2010-09-09,18.12468147277832,,,,,,
2010-09-10,18.00389862060547,,,,,,
2010-09-13,18.955055236816406,,,,,,
2010-09-14,18.894662857055664,,,,,,
2010-09-15,18.962596893310547,,,,,,
2010-09-16,19.12112236022949,,,,,,
2010-09-17,19.038084030151367,,,,,,
2010-09-20,19.196609497070312,,,,,,
2010-09-21,18.985240936279297,,,,,,
2010-09-22,18.57761001586914,,,,,,
2010-09-23,18.44173049926757,,,,,,
2010-09-24,18.70594024658203,,,,,,
2010-09-27,18.668201446533203,,,,,,
2010-09-28,18.63045310974121,,,,,,
2010-09-29,18.494571685791016,,,,,,
2010-09-30,18.48702049255371,,,,,,
2010-10-01,18.403987884521484,,,,,,
2010-10-04,18.049184799194336,,,,,,
2010-10-05,18.381336212158203,,,,,,
2010-10-06,18.44173049926757,,,,,,
2010-10-07,18.51721954345703,,,,,,
2010-10-08,18.54741668701172,,,,,,
2010-10-11,18.56251335144043,,,,,,
2010-10-12,18.743682861328125,,,,,,
2010-10-13,19.128671646118164,,,,,,
2010-10-14,19.045635223388672,,,,,,
2010-10-15,19.279645919799805,,,,,,
2010-10-18,19.491012573242188,,,,,,
2010-10-19,18.947498321533203,,,,,,
2010-10-20,19.10602188110352,,,,,,
2010-10-21,19.189058303833008,,,,,,
2010-10-22,19.15887260437012,,,,,,
2010-10-25,19.01543617248535,,,,,,
2010-10-26,19.55140495300293,,,,,,
2010-10-27,19.66463851928711,,,,,,
2010-10-28,19.8382511138916,,,,,,
2010-10-29,20.13266372680664,,,,,,
2010-11-01,20.34402656555176,,,,,,
2010-11-02,20.67617988586425,,,,,,
2010-11-03,20.40441131591797,,,,,,
2010-11-04,20.48745918273925,,,,,,
2010-11-05,20.2685489654541,,,,,,
2010-11-08,20.238340377807617,,,,,,
2010-11-09,20.34402656555176,,,,,,
2010-11-10,20.33647918701172,,,,,,
2010-11-11,20.140209197998047,,,,,,
2010-11-12,19.83071517944336,,,,,,
2010-11-15,19.77787208557129,,,,,,
2010-11-16,19.60317039489746,,,,,,
2010-11-17,19.4208927154541,,,,,,
2010-11-18,19.62596893310547,,,,,,
2010-11-19,19.512039184570312,,,,,,
2010-11-22,19.542409896850582,,,,,,
2010-11-23,19.07911872863769,,,,,,
2010-11-24,19.26898956298828,,,,,,
2010-11-26,19.17784309387207,,,,,,
2010-11-29,19.223419189453125,,,,,,
2010-11-30,19.185443878173828,,,,,,
2010-12-01,19.77787399291992,,,,,,
2010-12-02,20.423458099365234,,,,,,
2010-12-03,20.522199630737305,,,,,,
2010-12-06,20.385486602783203,,,,,,
2010-12-07,20.40826988220215,,,,,,
2010-12-08,20.681697845458984,,,,,,
2010-12-09,20.56777000427246,,,,,,
2010-12-10,20.76524353027344,,,,,,
2010-12-13,20.696882247924805,,,,,,
2010-12-14,20.977907180786133,,,,,,
2010-12-15,21.1525993347168,,,,,,
2010-12-16,21.258930206298828,,,,,,
2010-12-17,21.190568923950195,,,,,,
2010-12-20,21.122217178344727,,,,,,
2010-12-21,21.319684982299805,,,,,,
2010-12-22,21.41083717346192,,,,,,
2010-12-23,21.494382858276367,,,,,,
2010-12-27,21.319684982299805,,,,,,
2010-12-28,21.274126052856445,,,,,,
2010-12-29,21.24374389648437,,,,,,
2010-12-30,21.1525993347168,,,,,,
2010-12-31,21.198171615600582,,,,,,
2011-01-03,21.251340866088867,,,,,,
2011-01-04,21.33487892150879,,,,,,
2011-01-05,21.266521453857425,,,,,,
2011-01-06,21.88933181762696,,,,,,
2011-01-07,21.72223663330078,,,,,,
2011-01-10,21.4336166381836,,,,,,
2011-01-11,21.350072860717773,,,,,,
2011-01-12,21.684261322021484,,,,,,
2011-01-13,21.41083717346192,,,,,,
2011-01-14,21.494382858276367,,,,,,
2011-01-18,21.76780891418457,,,,,,
2011-01-19,21.623498916625977,,,,,,
2011-01-20,21.53235626220703,,,,,,
2011-01-21,21.281713485717773,,,,,,
2011-01-24,21.555139541625977,,,,,,
2011-01-25,21.608301162719727,,,,,,
2011-01-26,21.85895347595215,,,,,,
2011-01-27,21.92731285095215,,,,,,
2011-01-28,21.076637268066406,,,,,,
2011-01-31,21.06146049499512,,,,,,
2011-02-01,21.258930206298828,,,,,,
2011-02-02,21.22095489501953,,,,,,
2011-02-03,21.00069046020508,,,,,,
2011-02-04,21.09183120727539,,,,,,
2011-02-07,21.418428421020508,,,,,,
2011-02-08,21.47919273376465,,,,,,
2011-02-09,21.24374389648437,,,,,,
2011-02-10,20.88676071166992,,,,,,
2011-02-11,20.696882247924805,,,,,,
2011-02-14,20.681697845458984,,,,,,
2011-02-15,20.59765625,,,,,,
2011-02-16,20.64348793029785,,,,,,
2011-02-17,20.78865623474121,,,,,,
2011-02-18,20.67405891418457,,,,,,
2011-02-22,20.314971923828125,,,,,,
2011-02-23,20.314971923828125,,,,,,
2011-02-24,20.45248794555664,,,,,,
2011-02-25,20.284412384033203,,,,,,
2011-02-28,20.30733108520508,,,,,,
2011-03-01,19.98645401000977,,,,,,
2011-03-02,19.925331115722656,,,,,,
2011-03-03,20.01701545715332,,,,,,
2011-03-04,19.826005935668945,,,,,,
2011-03-07,19.65028381347656,,,,,,
2011-03-08,19.795448303222656,,,,,,
2011-03-09,19.78016471862793,,,,,,
2011-03-10,19.41344451904297,,,,,,
2011-03-11,19.619722366333008,,,,,,
2011-03-14,19.62736892700196,,,,,,
2011-03-15,19.39815902709961,,,,,,
2011-03-16,18.93976211547852,,,,,,
2011-03-17,18.93211936950684,,,,,,
2011-03-18,18.94739151000977,,,,,,
2011-03-21,19.3523178100586,,,,,,
2011-03-22,19.329402923583984,,,,,,
2011-03-23,19.512754440307617,,,,,,
2011-03-24,19.71904563903809,,,,,,
2011-03-25,19.57389068603516,,,,,,
2011-03-28,19.41344451904297,,,,,,
2011-03-29,19.47456169128418,,,,,,
2011-03-30,19.566251754760746,,,,,,
2011-03-31,19.39815902709961,,,,,,
2011-04-01,19.466920852661133,,,,,,
2011-04-04,19.520404815673828,,,,,,
2011-04-05,19.69613075256348,,,,,,
2011-04-06,19.97881126403809,,,,,,
2011-04-07,20.01701545715332,,,,,,
2011-04-08,19.917686462402344,,,,,,
2011-04-11,19.84892845153809,,,,,,
2011-04-12,19.589157104492188,,,,,,
2011-04-13,19.581525802612305,,,,,,
2011-04-14,19.42107963562012,,,,,,
2011-04-15,19.38288688659668,,,,,,
2011-04-18,19.16132545471192,,,,,,
2011-04-19,19.21480178833008,,,,,,
2011-04-20,19.68085479736328,,,,,,
2011-04-21,19.49749183654785,,,,,,
2011-04-25,19.566251754760746,,,,,,
2011-04-26,20.009370803833008,,,,,,
2011-04-27,20.15453147888184,,,,,,
2011-04-28,20.406646728515625,,,,,,
2011-04-29,19.80308151245117,,,,,,
2011-05-02,19.604448318481445,,,,,,
2011-05-03,19.71904563903809,,,,,,
2011-05-04,19.910043716430664,,,,,,
2011-05-05,19.703771591186523,,,,,,
2011-05-06,19.76488876342773,,,,,,
2011-05-09,19.734331130981445,,,,,,
2011-05-10,19.612079620361328,,,,,,
2011-05-11,19.37523651123047,,,,,,
2011-05-12,19.344690322875977,,,,,,
2011-05-13,19.123123168945312,,,,,,
2011-05-16,18.77167320251465,,,,,,
2011-05-17,18.85627555847168,,,,,,
2011-05-18,18.986995697021484,,,,,,
2011-05-19,19.010066986083984,,,,,,
2011-05-20,18.83319854736328,,,,,,
2011-05-23,18.58710670471192,,,,,,
2011-05-24,18.57173156738281,,,,,,
2011-05-25,18.60249328613281,,,,,,
2011-05-26,18.97162818908692,,,,,,
2011-05-27,19.04084014892578,,,,,,
2011-05-31,19.23307991027832,,,,,,
2011-06-01,18.78705596923828,,,,,,
2011-06-02,18.62556266784668,,,,,,
2011-06-03,18.387163162231445,,,,,,
2011-06-06,18.46407127380371,,,,,,
2011-06-07,18.502517700195312,,,,,,
2011-06-08,18.410245895385746,,,,,,
2011-06-09,18.42561912536621,,,,,,
2011-06-10,18.23336410522461,,,,,,
2011-06-13,18.487138748168945,,,,,,
2011-06-14,18.62556266784668,,,,,,
2011-06-15,18.25643539428711,,,,,,
2011-06-16,18.45637893676757,,,,,,
2011-06-17,18.656328201293945,,,,,,
2011-06-20,18.817811965942383,,,,,,
2011-06-21,19.04084014892578,,,,,,
2011-06-22,18.95623588562012,,,,,,
2011-06-23,18.940860748291016,,,,,,
2011-06-24,18.687088012695312,,,,,,
2011-06-27,19.379207611083984,,,,,,
2011-06-28,19.84060859680176,,,,,,
2011-06-29,19.70218849182129,,,,,,
2011-06-30,19.994409561157227,,,,,,
2011-07-01,20.00979995727539,,,,,,
2011-07-05,20.01747703552246,,,,,,
2011-07-06,20.248188018798828,,,,,,
2011-07-07,20.5865478515625,,,,,,
2011-07-08,20.7018985748291,,,,,,
2011-07-11,20.478891372680664,,,,,,
2011-07-12,20.40968513488769,,,,,,
2011-07-13,20.478891372680664,,,,,,
2011-07-14,20.35584831237793,,,,,,
2011-07-15,20.5942440032959,,,,,,
2011-07-18,20.4481258392334,,,,,,
2011-07-19,21.178695678710938,,,,,,
2011-07-20,20.80957221984864,,,,,,
2011-07-21,20.840335845947266,,,,,,
2011-07-22,21.17100715637207,,,,,,
2011-07-25,21.46323776245117,,,,,,
2011-07-26,21.593963623046875,,,,,,
2011-07-27,21.017202377319336,,,,,,
2011-07-28,21.317121505737305,,,,,,
2011-07-29,21.071033477783203,,,,,,
2011-08-01,20.971059799194336,,,,,,
2011-08-02,20.6096305847168,,,,,,
2011-08-03,20.7018985748291,,,,,,
2011-08-04,19.948272705078125,,,,,,
2011-08-05,19.74832534790039,,,,,,
2011-08-08,18.825511932373047,,,,,,
2011-08-09,19.671422958374023,,,,,,
2011-08-10,18.61017799377441,,,,,,
2011-08-11,19.37151336669922,,,,,,
2011-08-12,19.30229759216309,,,,,,
2011-08-15,19.617589950561523,,,,,,
2011-08-16,19.61759376525879,,,,,,
2011-08-17,19.540203094482425,,,,,,
2011-08-18,19.09136962890625,,,,,,
2011-08-19,18.6115665435791,,,,,,
2011-08-22,18.557392120361328,,,,,,
2011-08-23,19.13005828857422,,,,,,
2011-08-24,19.26935386657715,,,,,,
2011-08-25,19.01397705078125,,,,,,
2011-08-26,19.540203094482425,,,,,,
2011-08-29,19.996788024902344,,,,,,
2011-08-30,20.29860115051269,,,,,,
2011-08-31,20.584930419921875,,,,,,
2011-09-01,20.283123016357425,,,,,,
2011-09-02,19.96583747863769,,,,,,
2011-09-06,19.74141502380371,,,,,,
2011-09-07,20.120609283447266,,,,,,
2011-09-08,20.29085350036621,,,,,,
2011-09-09,19.919403076171875,,,,,,
2011-09-12,20.03548049926757,,,,,,
2011-09-13,20.151567459106445,,,,,,
2011-09-14,20.50753593444824,,,,,,
2011-09-15,20.88673973083496,,,,,,
2011-09-16,20.98734664916992,,,,,,
2011-09-19,21.056989669799805,,,,,,
2011-09-20,20.879005432128903,,,,,,
2011-09-21,20.11287307739257,,,,,,
2011-09-22,19.39316749572754,,,,,,
2011-09-23,19.39316749572754,,,,,,
2011-09-26,19.687244415283203,,,,,,
2011-09-27,19.86523056030273,,,,,,
2011-09-28,19.79557991027832,,,,,,
2011-09-29,19.694982528686523,,,,,,
2011-09-30,19.26161193847656,,,,,,
2011-10-03,18.98302459716797,,,,,,
2011-10-04,19.6098575592041,,,,,,
2011-10-05,20.03548049926757,,,,,,
2011-10-06,20.38372230529785,,,,,,
2011-10-07,20.31407356262207,,,,,,
2011-10-10,20.848047256469727,,,,,,
2011-10-11,20.894481658935547,,,,,,
2011-10-12,20.863523483276367,,,,,,
2011-10-13,21.03377342224121,,,,,,
2011-10-14,21.103424072265625,,,,,,
2011-10-17,20.879005432128903,,,,,,
2011-10-18,21.134382247924805,,,,,,
2011-10-19,20.995080947875977,,,,,,
2011-10-20,20.925434112548828,,,,,,
2011-10-21,21.01830101013184,,,,,,
2011-10-24,21.04151153564453,,,,,,
2011-10-25,20.74744033813477,,,,,,
2011-10-26,20.577194213867188,,,,,,
2011-10-27,21.08794593811035,,,,,,
2011-10-28,20.879005432128903,,,,,,
2011-10-31,20.60814666748047,,,,,,
2011-11-01,20.11287307739257,,,,,,
2011-11-02,20.12835121154785,,,,,,
2011-11-03,20.530759811401367,,,,,,
2011-11-04,20.31407356262207,,,,,,
2011-11-07,20.739709854125977,,,,,,
2011-11-08,21.01830101013184,,,,,,
2011-11-09,20.27538299560547,,,,,,
2011-11-10,20.337289810180664,,,,,,
2011-11-11,20.824827194213867,,,,,,
2011-11-14,20.708755493164062,,,,,,
2011-11-15,20.849096298217773,,,,,,
2011-11-16,20.326696395874023,,,,,,
2011-11-17,19.913454055786133,,,,,,
2011-11-18,19.726322174072266,,,,,,
2011-11-21,19.492420196533203,,,,,,
2011-11-22,19.32868766784668,,,,,,
2011-11-23,19.079185485839844,,,,,,
2011-11-25,18.94663429260254,,,,,,
2011-11-28,19.391063690185547,,,,,,
2011-11-29,19.36766624450684,,,,,,
2011-11-30,19.94464111328125,,,,,,
2011-12-01,19.710737228393555,,,,,,
2011-12-02,19.663957595825195,,,,,,
2011-12-05,20.0382137298584,,,,,,
2011-12-06,20.00702667236328,,,,,,
2011-12-07,19.96023750305176,,,,,,
2011-12-08,19.804298400878903,,,,,,
2011-12-09,20.0382137298584,,,,,,
2011-12-12,19.89006805419922,,,,,,
2011-12-13,20.084997177124023,,,,,,
2011-12-14,19.95244407653809,,,,,,
2011-12-15,19.929054260253903,,,,,,
2011-12-16,20.272123336791992,,,,,,
2011-12-19,19.905662536621094,,,,,,
2011-12-20,20.295509338378903,,,,,,
2011-12-21,20.084997177124023,,,,,,
2011-12-22,20.123973846435547,,,,,,
2011-12-23,20.295509338378903,,,,,,
2011-12-27,20.303306579589844,,,,,,
2011-12-28,20.131776809692383,,,,,,
2011-12-29,20.287708282470703,,,,,,
2011-12-30,20.24093246459961,,,,,,
2012-01-03,20.87248420715332,,,,,,
2012-01-04,21.36369132995605,,,,,,
2012-01-05,21.582006454467773,,,,,,
2012-01-06,21.917282104492188,,,,,,
2012-01-09,21.628793716430664,,,,,,
2012-01-10,21.70676040649414,,,,,,
2012-01-11,21.613195419311523,,,,,,
2012-01-12,21.831518173217773,,,,,,
2012-01-13,22.02643394470215,,,,,,
2012-01-17,22.03423500061035,,,,,,
2012-01-18,22.010841369628903,,,,,,
2012-01-19,21.92507743835449,,,,,,
2012-01-20,23.16479682922364,,,,,,
2012-01-23,23.180389404296875,,,,,,
2012-01-24,22.876314163208008,,,,,,
2012-01-25,23.0478458404541,,,,,,
2012-01-26,23.001066207885746,,,,,,
2012-01-27,22.790542602539062,,,,,,
2012-01-30,23.08682632446289,,,,,,
2012-01-31,23.02445411682129,,,,,,
2012-02-01,23.305139541625977,,,,,,
2012-02-02,23.35192108154297,,,,,,
2012-02-03,23.57803726196289,,,,,,
2012-02-06,23.54684257507324,,,,,,
2012-02-07,23.66380500793457,,,,,,
2012-02-08,23.905502319335938,,,,,,
2012-02-09,23.99127769470215,,,,,,
2012-02-10,23.78075218200684,,,,,,
2012-02-13,23.8431396484375,,,,,,
2012-02-14,23.74110412597656,,,,,,
2012-02-15,23.584136962890625,,,,,,
2012-02-16,24.55732727050781,,,,,,
2012-02-17,24.525936126708984,,,,,,
2012-02-21,24.675052642822266,,,,,,
2012-02-22,24.5416316986084,,,,,,
2012-02-23,24.62011909484864,,,,,,
2012-02-24,24.706439971923828,,,,,,
2012-02-27,24.60442352294922,,,,,,
2012-02-28,25.012527465820312,,,,,,
2012-02-29,24.91049766540528,,,,,,
2012-03-01,25.342153549194336,,,,,,
2012-03-02,25.177350997924805,,,,,,
2012-03-05,24.95758819580078,,,,,,
2012-03-06,24.76923370361328,,,,,,
2012-03-07,24.988988876342773,,,,,,
2012-03-08,25.122404098510746,,,,,,
2012-03-09,25.1067123413086,,,,,,
2012-03-12,25.145952224731445,,,,,,
2012-03-13,25.6403923034668,,,,,,
2012-03-14,25.718873977661133,,,,,,
2012-03-15,25.781661987304688,,,,,,
2012-03-16,25.585453033447266,,,,,,
2012-03-19,25.27151679992676,,,,,,
2012-03-20,25.1067123413086,,,,,,
2012-03-21,25.043920516967773,,,,,,
2012-03-22,25.11454963684082,,,,,,
2012-03-23,25.122404098510746,,,,,,
2012-03-26,25.57760238647461,,,,,,
2012-03-27,25.522674560546875,,,,,,
2012-03-28,25.263675689697266,,,,,,
2012-03-29,25.20873260498047,,,,,,
2012-03-30,25.318613052368164,,,,,,
2012-04-02,25.342153549194336,,,,,,
2012-04-03,25.06746864318848,,,,,,
2012-04-04,24.49453353881836,,,,,,
2012-04-05,24.737829208374023,,,,,,
2012-04-09,24.408203125,,,,,,
2012-04-10,23.91376495361328,,,,,,
2012-04-11,23.81958770751953,,,,,,
2012-04-12,24.31403350830078,,,,,,
2012-04-13,24.18061065673828,,,,,,
2012-04-16,24.392513275146484,,,,,,
2012-04-17,24.675052642822266,,,,,,
2012-04-18,24.439599990844727,,,,,,
2012-04-19,24.33757972717285,,,,,,
2012-04-20,25.44418334960937,,,,,,
2012-04-23,25.20873260498047,,,,,,
2012-04-24,25.05177497863769,,,,,,
2012-04-25,25.27151679992676,,,,,,
2012-04-26,25.20088768005371,,,,,,
2012-04-27,25.09886360168457,,,,,,
2012-04-30,25.1302547454834,,,,,,
2012-05-01,25.122404098510746,,,,,,
2012-05-02,24.95758819580078,,,,,,
2012-05-03,24.92620277404785,,,,,,
2012-05-04,24.31403350830078,,,,,,
2012-05-07,24.05503463745117,,,,,,
2012-05-08,23.93730735778809,,,,,,
2012-05-09,24.1413688659668,,,,,,
2012-05-10,24.125673294067383,,,,,,
2012-05-11,24.45530128479004,,,,,,
2012-05-14,24.07857894897461,,,,,,
2012-05-15,23.865280151367188,,,,,,
2012-05-16,23.62038993835449,,,,,,
2012-05-17,23.47818946838379,,,,,,
2012-05-18,23.122705459594727,,,,,,
2012-05-21,23.50190162658692,,,,,,
2012-05-22,23.50979423522949,,,,,,
2012-05-23,22.996307373046875,,,,,,
2012-05-24,22.964712142944336,,,,,,
2012-05-25,22.956806182861328,,,,,,
2012-05-29,23.3518009185791,,,,,,
2012-05-30,23.178009033203125,,,,,,
2012-05-31,23.059511184692383,,,,,,
2012-06-01,22.47492027282715,,,,,,
2012-06-04,22.553916931152344,,,,,,
2012-06-05,22.522321701049805,,,,,,
2012-06-06,23.185909271240234,,,,,,
2012-06-07,23.091102600097656,,,,,,
2012-06-08,23.42289161682129,,,,,,
2012-06-11,22.830406188964844,,,,,,
2012-06-12,23.13850784301757,,,,,,
2012-06-13,23.012107849121094,,,,,,
2012-06-14,23.178009033203125,,,,,,
2012-06-15,23.71519088745117,,,,,,
2012-06-18,23.5729923248291,,,,,,
2012-06-19,24.25238037109375,,,,,,
2012-06-20,24.43407249450684,,,,,,
2012-06-21,23.80998611450196,,,,,,
2012-06-22,24.25238037109375,,,,,,
2012-06-25,23.596694946289062,,,,,,
2012-06-26,23.71519088745117,,,,,,
2012-06-27,23.833690643310547,,,,,,
2012-06-28,23.6282958984375,,,,,,
2012-06-29,24.165477752685547,,,,,,
2012-07-02,24.141780853271484,,,,,,
2012-07-03,24.299776077270508,,,,,,
2012-07-05,24.25238037109375,,,,,,
2012-07-06,23.849485397338867,,,,,,
2012-07-09,23.69938468933105,,,,,,
2012-07-10,23.49399375915528,,,,,,
2012-07-11,23.14640045166016,,,,,,
2012-07-12,22.617116928100582,,,,,,
2012-07-13,23.217498779296875,,,,,,
2012-07-16,23.25700187683105,,,,,,
2012-07-17,23.430797576904297,,,,,,
2012-07-18,24.054872512817383,,,,,,
2012-07-19,24.22867774963379,,,,,,
2012-07-20,23.7941951751709,,,,,,
2012-07-23,23.130603790283203,,,,,,
2012-07-24,23.02790260314941,,,,,,
2012-07-25,22.775115966796875,,,,,,
2012-07-26,23.03580474853516,,,,,,
2012-07-27,23.50979423522949,,,,,,
2012-07-30,23.41498374938965,,,,,,
2012-07-31,23.28070640563965,,,,,,
2012-08-01,23.23328971862793,,,,,,
2012-08-02,23.059511184692383,,,,,,
2012-08-03,23.50190162658692,,,,,,
2012-08-06,23.659893035888672,,,,,,
2012-08-07,23.904783248901367,,,,,,
2012-08-08,23.9600772857666,,,,,,
2012-08-09,24.09437561035156,,,,,,
2012-08-10,24.03118324279785,,,,,,
2012-08-13,24.00748062133789,,,,,,
2012-08-14,23.95976829528809,,,,,,
2012-08-15,24.01543426513672,,,,,,
2012-08-16,24.47666358947754,,,,,,
2012-08-17,24.572080612182617,,,,,,
2012-08-20,24.44485092163086,,,,,,
2012-08-21,24.49255752563477,,,,,,
2012-08-22,24.28580665588379,,,,,,
2012-08-23,24.06314468383789,,,,,,
2012-08-24,24.30170631408692,,,,,,
2012-08-27,24.405086517333984,,,,,,
2012-08-28,24.35738182067871,,,,,,
2012-08-29,24.373279571533203,,,,,,
2012-08-30,24.11086082458496,,,,,,
2012-08-31,24.50847053527832,,,,,,
2012-09-04,24.16652488708496,,,,,,
2012-09-05,24.16652488708496,,,,,,
2012-09-06,24.92993354797364,,,,,,
2012-09-07,24.61184310913086,,,,,,
2012-09-10,24.42895126342773,,,,,,
2012-09-11,24.4846134185791,,,,,,
2012-09-12,24.47666358947754,,,,,,
2012-09-13,24.60389709472656,,,,,,
2012-09-14,24.81859970092773,,,,,,
2012-09-17,24.81859970092773,,,,,,
2012-09-18,24.794740676879883,,,,,,
2012-09-19,24.691362380981445,,,,,,
2012-09-20,25.00944709777832,,,,,,
2012-09-21,24.802696228027344,,,,,,
2012-09-24,24.47666358947754,,,,,,
2012-09-25,24.16652488708496,,,,,,
2012-09-26,23.99158096313477,,,,,,
2012-09-27,23.983623504638672,,,,,,
2012-09-28,23.665542602539062,,,,,,
2012-10-01,23.45083808898925,,,,,,
2012-10-02,23.58601760864257,,,,,,
2012-10-03,23.745059967041016,,,,,,
2012-10-04,23.8802490234375,,,,,,
2012-10-05,23.737104415893555,,,,,,
2012-10-08,23.68144798278809,,,,,,
2012-10-09,23.283836364746094,,,,,,
2012-10-10,23.045270919799805,,,,,,
2012-10-11,23.02142143249512,,,,,,
2012-10-12,23.22022819519043,,,,,,
2012-10-15,23.46674537658692,,,,,,
2012-10-16,23.45083808898925,,,,,,
2012-10-17,23.53035354614257,,,,,,
2012-10-18,23.458786010742188,,,,,,
2012-10-19,22.77490234375,,,,,,
2012-10-22,22.26597213745117,,,,,,
2012-10-23,22.30572509765625,,,,,,
2012-10-24,22.18644905090332,,,,,,
2012-10-25,22.170543670654297,,,,,,
2012-10-26,22.43295860290528,,,,,,
2012-10-31,22.69538688659668,,,,,,
2012-11-01,23.47468948364257,,,,,,
2012-11-02,23.458786010742188,,,,,,
2012-11-05,23.562156677246094,,,,,,
2012-11-06,23.745059967041016,,,,,,
2012-11-07,23.124801635742188,,,,,,
2012-11-08,22.91008949279785,,,,,,
2012-11-09,22.925996780395508,,,,,,
2012-11-12,22.4409122467041,,,,,,
2012-11-13,21.71932983398437,,,,,,
2012-11-14,21.51890182495117,,,,,,
2012-11-15,21.37459373474121,,,,,,
2012-11-16,21.262338638305664,,,,,,
2012-11-19,21.43071174621582,,,,,,
2012-11-20,21.414670944213867,,,,,,
2012-11-21,21.60709571838379,,,,,,
2012-11-23,22.20840644836425,,,,,,
2012-11-26,21.95986557006836,,,,,,
2012-11-27,21.711322784423828,,,,,,
2012-11-28,21.935806274414062,,,,,,
2012-11-29,21.60709571838379,,,,,,
2012-11-30,21.34252166748047,,,,,,
2012-12-03,21.19018173217773,,,,,,
2012-12-04,21.142078399658203,,,,,,
2012-12-05,21.382604598999023,,,,,,
2012-12-06,21.43071174621582,,,,,,
2012-12-07,21.2142391204834,,,,,,
2012-12-10,21.59907913208008,,,,,,
2012-12-11,21.903743743896484,,,,,,
2012-12-12,21.83960151672364,,,,,,
2012-12-13,21.73536872863769,,,,,,
2012-12-14,21.494844436645508,,,,,,
2012-12-17,21.727357864379883,,,,,,
2012-12-18,22.09615898132324,,,,,,
2012-12-19,21.89571952819824,,,,,,
2012-12-20,22.19237327575684,,,,,,
2012-12-21,22.007976531982425,,,,,,
2012-12-24,21.69528579711914,,,,,,
2012-12-26,21.534936904907227,,,,,,
2012-12-27,21.6151180267334,,,,,,
2012-12-28,21.2863883972168,,,,,,
2012-12-31,21.414670944213867,,,,,,
2013-01-02,22.14426040649414,,,,,,
2013-01-03,21.84761619567871,,,,,,
2013-01-04,21.438724517822266,,,,,,
2013-01-07,21.39863967895508,,,,,,
2013-01-08,21.2863883972168,,,,,,
2013-01-09,21.406658172607425,,,,,,
2013-01-10,21.2142391204834,,,,,,
2013-01-11,21.510883331298828,,,,,,
2013-01-14,21.558988571166992,,,,,,
2013-01-15,21.8155460357666,,,,,,
2013-01-16,21.67925453186035,,,,,,
2013-01-17,21.84761619567871,,,,,,
2013-01-18,21.84761619567871,,,,,,
2013-01-22,21.767452239990234,,,,,,
2013-01-23,22.13625144958496,,,,,,
2013-01-24,22.15228080749512,,,,,,
2013-01-25,22.35271644592285,,,,,,
2013-01-28,22.376771926879883,,,,,,
2013-01-29,22.45694923400879,,,,,,
2013-01-30,22.32866668701172,,,,,,
2013-01-31,22.007976531982425,,,,,,
2013-02-01,22.39281272888184,,,,,,
2013-02-04,21.99995803833008,,,,,,
2013-02-05,22.048051834106445,,,,,,
2013-02-06,21.919782638549805,,,,,,
2013-02-07,21.87167358398437,,,,,,
2013-02-08,22.0881462097168,,,,,,
2013-02-11,22.336685180664062,,,,,,
2013-02-12,22.35271644592285,,,,,,
2013-02-13,22.472978591918945,,,,,,
2013-02-14,22.481002807617188,,,,,,
2013-02-15,22.45694923400879,,,,,,
2013-02-19,22.67520904541016,,,,,,
2013-02-20,22.52970123291016,,,,,,
2013-02-21,22.22250938415528,,,,,,
2013-02-22,22.44078063964844,,,,,,
2013-02-25,22.12550926208496,,,,,,
2013-02-26,22.12550926208496,,,,,,
2013-02-27,22.48119735717773,,,,,,
2013-02-28,22.47311019897461,,,,,,
2013-03-01,22.59437561035156,,,,,,
2013-03-04,22.75605010986328,,,,,,
2013-03-05,22.9177303314209,,,,,,
2013-03-06,22.70754814147949,,,,,,
2013-03-07,22.747970581054688,,,,,,
2013-03-08,22.63478660583496,,,,,,
2013-03-11,22.52970123291016,,,,,,
2013-03-12,22.56204032897949,,,,,,
2013-03-13,22.57012176513672,,,,,,
2013-03-14,22.747970581054688,,,,,,
2013-03-15,22.667131423950195,,,,,,
2013-03-18,22.71563148498535,,,,,,
2013-03-19,22.780298233032227,,,,,,
2013-03-20,22.89347648620605,,,,,,
2013-03-21,22.723716735839844,,,,,,
2013-03-22,22.836891174316406,,,,,,
2013-03-25,22.764137268066406,,,,,,
2013-03-26,22.764137268066406,,,,,,
2013-03-27,22.93389892578125,,,,,,
2013-03-28,23.127910614013672,,,,,,
2013-04-01,23.127910614013672,,,,,,
2013-04-02,23.2814998626709,,,,,,
2013-04-03,23.08748245239257,,,,,,
2013-04-04,23.119823455810547,,,,,,
2013-04-05,23.200666427612305,,,,,,
2013-04-08,23.111740112304688,,,,,,
2013-04-09,23.93629646301269,,,,,,
2013-04-10,24.47792053222656,,,,,,
2013-04-11,23.39468002319336,,,,,,
2013-04-12,23.273414611816406,,,,,,
2013-04-15,23.19258117675781,,,,,,
2013-04-16,23.418930053710938,,,,,,
2013-04-17,23.305753707885746,,,,,,
2013-04-18,23.273414611816406,,,,,,
2013-04-19,24.065635681152344,,,,,,
2013-04-22,24.922521591186523,,,,,,
2013-04-23,24.7365951538086,,,,,,
2013-04-24,25.6743221282959,,,,,,
2013-04-25,25.8198356628418,,,,,,
2013-04-26,25.698579788208008,,,,,,
2013-04-29,26.361448287963867,,,,,,
2013-04-30,26.75756454467773,,,,,,
2013-05-01,26.45037078857422,,,,,,
2013-05-02,26.80607032775879,,,,,,
2013-05-03,27.072830200195312,,,,,,
2013-05-06,27.28301048278809,,,,,,
2013-05-07,26.927322387695312,,,,,,
2013-05-08,26.668643951416016,,,,,,
2013-05-09,26.401870727539062,,,,,,
2013-05-10,26.426115036010746,,,,,,
2013-05-13,26.700973510742188,,,,,,
2013-05-14,27.29523468017578,,,,,,
2013-05-15,27.55572891235352,,,,,,
2013-05-16,27.74295997619629,,,,,,
2013-05-17,28.386058807373047,,,,,,
2013-05-20,28.55702209472656,,,,,,
2013-05-21,28.369781494140625,,,,,,
2013-05-22,28.17440795898437,,,,,,
2013-05-23,27.799949645996094,,,,,,
2013-05-24,27.89763069152832,,,,,,
2013-05-28,28.50817108154297,,,,,,
2013-05-29,28.39420318603516,,,,,,
2013-05-30,28.51630973815918,,,,,,
2013-05-31,28.410478591918945,,,,,,
2013-06-03,28.97218132019043,,,,,,
2013-06-04,28.483747482299805,,,,,,
2013-06-05,28.31279563903809,,,,,,
2013-06-06,28.459333419799805,,,,,,
2013-06-07,29.037303924560547,,,,,,
2013-06-10,28.874496459960938,,,,,,
2013-06-11,28.36163330078125,,,,,,
2013-06-12,28.491893768310547,,,,,,
2013-06-13,28.26395606994629,,,,,,
2013-06-14,28.003461837768555,,,,,,
2013-06-17,28.491893768310547,,,,,,
2013-06-18,28.47561454772949,,,,,,
2013-06-19,28.15813446044922,,,,,,
2013-06-20,27.262664794921875,,,,,,
2013-06-21,27.083574295043945,,,,,,
2013-06-24,27.44989967346192,,,,,,
2013-06-25,27.40920639038086,,,,,,
2013-06-26,27.96274948120117,,,,,,
2013-06-27,28.18255043029785,,,,,,
2013-06-28,28.117429733276367,,,,,,
2013-07-01,27.970890045166016,,,,,,
2013-07-02,27.62899208068848,,,,,,
2013-07-03,27.68597984313965,,,,,,
2013-07-05,27.84879493713379,,,,,,
2013-07-08,27.94647026062012,,,,,,
2013-07-09,27.96274948120117,,,,,,
2013-07-10,28.2476749420166,,,,,,
2013-07-11,29.053579330444336,,,,,,
2013-07-12,29.037303924560547,,,,,,
2013-07-15,29.44432830810547,,,,,,
2013-07-16,29.52574348449707,,,,,,
2013-07-17,29.094287872314453,,,,,,
2013-07-18,28.85007095336914,,,,,,
2013-07-19,25.561298370361328,,,,,,
2013-07-22,26.057859420776367,,,,,,
2013-07-23,25.903196334838867,,,,,,
2013-07-24,26.01716041564941,,,,,,
2013-07-25,25.553152084350582,,,,,,
2013-07-26,25.740392684936523,,,,,,
2013-07-29,25.675264358520508,,,,,,
2013-07-30,25.92761993408203,,,,,,
2013-07-31,25.91948127746582,,,,,,
2013-08-01,25.78109169006348,,,,,,
2013-08-02,25.960180282592773,,,,,,
2013-08-05,25.805509567260746,,,,,,
2013-08-06,25.707822799682617,,,,,,
2013-08-07,26.098573684692383,,,,,,
2013-08-08,26.77423477172852,,,,,,
2013-08-09,26.61957359313965,,,,,,
2013-08-12,26.75795555114746,,,,,,
2013-08-13,26.42184066772461,,,,,,
2013-08-14,26.52021217346192,,,,,,
2013-08-15,26.06113815307617,,,,,,
2013-08-16,26.06932830810547,,,,,,
2013-08-19,25.73321533203125,,,,,,
2013-08-20,25.921775817871094,,,,,,
2013-08-21,25.913572311401367,,,,,,
2013-08-22,26.553009033203125,,,,,,
2013-08-23,28.48771858215332,,,,,,
2013-08-26,27.99584007263184,,,,,,
2013-08-27,27.266231536865234,,,,,,
2013-08-28,27.069477081298828,,,,,,
2013-08-29,27.503965377807617,,,,,,
2013-08-30,27.380998611450195,,,,,,
2013-09-03,26.134910583496094,,,,,,
2013-09-04,25.57745742797852,,,,,,
2013-09-05,25.60205078125,,,,,,
2013-09-06,25.536476135253903,,,,,,
2013-09-09,25.954553604125977,,,,,,
2013-09-10,26.553009033203125,,,,,,
2013-09-11,26.839933395385746,,,,,,
2013-09-12,26.798948287963867,,,,,,
2013-09-13,27.07767868041992,,,,,,
2013-09-16,26.88911247253418,,,,,,
2013-09-17,26.99570083618164,,,,,,
2013-09-18,27.31540870666504,,,,,,
2013-09-19,27.577747344970703,,,,,,
2013-09-20,26.88092613220215,,,,,,
2013-09-23,26.839933395385746,,,,,,
2013-09-24,26.60220527648925,,,,,,
2013-09-25,26.651386260986328,,,,,,
2013-09-26,26.864532470703125,,,,,,
2013-09-27,27.27442169189453,,,,,,
2013-09-30,27.282617568969727,,,,,,
2013-10-01,27.52855491638184,,,,,,
2013-10-02,27.807281494140625,,,,,,
2013-10-03,27.75809669494629,,,,,,
2013-10-04,27.77449607849121,,,,,,
2013-10-07,27.299013137817383,,,,,,
2013-10-08,27.06127548217773,,,,,,
2013-10-09,27.11046600341797,,,,,,
2013-10-10,27.67612075805664,,,,,,
2013-10-11,27.97945213317871,,,,,,
2013-10-14,28.241783142089844,,,,,,
2013-10-15,28.274578094482425,,,,,,
2013-10-16,28.39752578735352,,,,,,
2013-10-17,28.6270751953125,,,,,,
2013-10-18,28.659873962402344,,,,,,
2013-10-21,28.684459686279297,,,,,,
2013-10-22,28.34834861755371,,,,,,
2013-10-23,27.67612075805664,,,,,,
2013-10-24,27.64332771301269,,,,,,
2013-10-25,29.29110717773437,,,,,,
2013-10-28,29.15994644165039,,,,,,
2013-10-29,29.11895751953125,,,,,,
2013-10-30,29.13536071777344,,,,,,
2013-10-31,29.028778076171875,,,,,,
2013-11-01,29.12714576721192,,,,,,
2013-11-04,29.46326065063477,,,,,,
2013-11-05,30.037124633789062,,,,,,
2013-11-06,31.29959297180176,,,,,,
2013-11-07,30.742143630981445,,,,,,
2013-11-08,30.971664428710938,,,,,,
2013-11-11,30.815906524658203,,,,,,
2013-11-12,30.62737274169922,,,,,,
2013-11-13,31.28321075439453,,,,,,
2013-11-14,31.16842269897461,,,,,,
2013-11-15,31.020864486694336,,,,,,
2013-11-18,30.49619674682617,,,,,,
2013-11-19,30.347517013549805,,,,,,
2013-11-20,30.628358840942383,,,,,,
2013-11-21,30.89267349243164,,,,,,
2013-11-22,31.03310203552246,,,,,,
2013-11-25,31.09091186523437,,,,,,
2013-11-26,30.85137367248535,,,,,,
2013-11-27,31.05788803100586,,,,,,
2013-11-29,31.495662689208984,,,,,,
2013-12-02,31.759984970092773,,,,,,
2013-12-03,31.644363403320312,,,,,,
2013-12-04,32.16474533081055,,,,,,
2013-12-05,31.388282775878903,,,,,,
2013-12-06,31.68565368652344,,,,,,
2013-12-09,31.97474670410156,,,,,,
2013-12-10,31.479154586791992,,,,,,
2013-12-11,31.066146850585938,,,,,,
2013-12-12,30.74400329589844,,,,,,
2013-12-13,30.30623245239257,,,,,,
2013-12-16,30.47141456604004,,,,,,
2013-12-17,30.1657943725586,,,,,,
2013-12-18,30.215356826782227,,,,,,
2013-12-19,29.942773818969727,,,,,,
2013-12-20,30.39707565307617,,,,,,
2013-12-23,30.24838256835937,,,,,,
2013-12-24,30.628358840942383,,,,,,
2013-12-26,30.92571830749512,,,,,,
2013-12-27,30.80182456970215,,,,,,
2013-12-30,30.80182456970215,,,,,,
2013-12-31,30.90094757080078,,,,,,
2014-01-02,30.694435119628903,,,,,,
2014-01-03,30.487951278686523,,,,,,
2014-01-06,29.843652725219727,,,,,,
2014-01-07,30.074934005737305,,,,,,
2014-01-08,29.53803443908692,,,,,,
2014-01-09,29.348039627075195,,,,,,
2014-01-10,29.76930809020996,,,,,,
2014-01-13,28.89375114440918,,,,,,
2014-01-14,29.55454635620117,,,,,,
2014-01-15,30.36402702331543,,,,,,
2014-01-16,30.47141456604004,,,,,,
2014-01-17,30.05016326904297,,,,,,
2014-01-21,29.876689910888672,,,,,,
2014-01-22,29.678442001342773,,,,,,
2014-01-23,29.78584671020508,,,,,,
2014-01-24,30.40535354614257,,,,,,
2014-01-27,29.76105690002441,,,,,,
2014-01-28,29.95929718017578,,,,,,
2014-01-29,30.28142738342285,,,,,,
2014-01-30,30.44664001464844,,,,,,
2014-01-31,31.25613212585449,,,,,,
2014-02-03,30.132755279541016,,,,,,
2014-02-04,30.02536964416504,,,,,,
2014-02-05,29.587587356567383,,,,,,
2014-02-06,29.88496208190918,,,,,,
2014-02-07,30.19883918762207,,,,,,
2014-02-10,30.39707565307617,,,,,,
2014-02-11,30.702713012695312,,,,,,
2014-02-12,30.95050430297852,,,,,,
2014-02-13,31.066146850585938,,,,,,
2014-02-14,31.074405670166016,,,,,,
2014-02-18,31.14099502563477,,,,,,
2014-02-19,31.215877532958984,,,,,,
2014-02-20,31.41560745239257,,,,,,
2014-02-21,31.60700798034668,,,,,,
2014-02-24,31.36568069458008,,,,,,
2014-02-25,31.24084854125977,,,,,,
2014-02-26,31.182594299316406,,,,,,
2014-02-27,31.50715065002441,,,,,,
2014-02-28,31.881650924682617,,,,,,
2014-03-03,31.44055938720703,,,,,,
2014-03-04,31.9648666381836,,,,,,
2014-03-05,31.715198516845703,,,,,,
2014-03-06,31.74849510192871,,,,,,
2014-03-07,31.540433883666992,,,,,,
2014-03-10,31.473865509033203,,,,,,
2014-03-11,31.640300750732425,,,,,,
2014-03-12,31.84835433959961,,,,,,
2014-03-13,31.532123565673828,,,,,,
2014-03-14,31.374000549316406,,,,,,
2014-03-17,31.665267944335938,,,,,,
2014-03-18,32.91356658935547,,,,,,
2014-03-19,32.68054962158203,,,,,,
2014-03-20,33.56269836425781,,,,,,
2014-03-21,33.42122268676758,,,,,,
2014-03-24,33.70416259765625,,,,,,
2014-03-25,33.571006774902344,,,,,,
2014-03-26,33.11329650878906,,,,,,
2014-03-27,32.755462646484375,,,,,,
2014-03-28,33.53770065307617,,,,,,
2014-03-31,34.1119499206543,,,,,,
2014-04-01,34.46978759765625,,,,,,
2014-04-02,34.41153717041016,,,,,,
2014-04-03,34.12857818603516,,,,,,
2014-04-04,33.17985916137695,,,,,,
2014-04-07,33.12160873413086,,,,,,
2014-04-08,33.13825988769531,,,,,,
2014-04-09,33.67919921875,,,,,,
2014-04-10,32.755462646484375,,,,,,
2014-04-11,32.63062286376953,,,,,,
2014-04-14,32.60565948486328,,,,,,
2014-04-15,33.080013275146484,,,,,,
2014-04-16,33.620941162109375,,,,,,
2014-04-17,33.29637908935547,,,,,,
2014-04-21,33.238128662109375,,,,,,
2014-04-22,33.27973556518555,,,,,,
2014-04-23,33.030086517333984,,,,,,
2014-04-24,33.17155838012695,,,,,,
2014-04-25,33.21316146850586,,,,,,
2014-04-28,34.012081146240234,,,,,,
2014-04-29,33.71247482299805,,,,,,
2014-04-30,33.620941162109375,,,,,,
2014-05-01,33.288063049316406,,,,,,
2014-05-02,33.030086517333984,,,,,,
2014-05-05,32.81370544433594,,,,,,
2014-05-06,32.505794525146484,,,,,,
2014-05-07,32.80538558959961,,,,,,
2014-05-08,32.98847198486328,,,,,,
2014-05-09,32.905242919921875,,,,,,
2014-05-12,33.263092041015625,,,,,,
2014-05-13,33.8748893737793,,,,,,
2014-05-14,33.72404098510742,,,,,,
2014-05-15,33.18766784667969,,,,,,
2014-05-16,33.38041687011719,,,,,,
2014-05-19,33.31339645385742,,,,,,
2014-05-20,33.25471115112305,,,,,,
2014-05-21,33.81621170043945,,,,,,
2014-05-22,33.60670852661133,,,,,,
2014-05-23,33.623470306396484,,,,,,
2014-05-27,33.6821403503418,,,,,,
2014-05-28,33.53128433227539,,,,,,
2014-05-29,33.80785369873047,,,,,,
2014-05-30,34.31068420410156,,,,,,
2014-06-02,34.18496322631836,,,,,,
2014-06-03,33.76594924926758,,,,,,
2014-06-04,33.79107666015625,,,,,,
2014-06-05,34.536964416503906,,,,,,
2014-06-06,34.76324844360352,,,,,,
2014-06-09,34.587242126464844,,,,,,
2014-06-10,34.45316696166992,,,,,,
2014-06-11,34.24363327026367,,,,,,
2014-06-12,34.00898361206055,,,,,,
2014-06-13,34.55371856689453,,,,,,
2014-06-16,34.78000259399414,,,,,,
2014-06-17,34.93084716796875,,,,,,
2014-06-18,34.90571975708008,,,,,,
2014-06-19,34.78837966918945,,,,,,
2014-06-20,34.93084716796875,,,,,,
2014-06-23,35.1906623840332,,,,,,
2014-06-24,34.98950958251953,,,,,,
2014-06-25,35.22419357299805,,,,,,
2014-06-26,34.96438980102539,,,,,,
2014-06-27,35.40855407714844,,,,,,
2014-06-30,34.94762420654297,,,,,,
2014-07-01,35.090084075927734,,,,,,
2014-07-02,35.115234375,,,,,,
2014-07-03,35.03142547607422,,,,,,
2014-07-07,35.1906623840332,,,,,,
2014-07-08,35.01466751098633,,,,,,
2014-07-09,34.9224853515625,,,,,,
2014-07-10,34.939231872558594,,,,,,
2014-07-11,35.27447891235352,,,,,,
2014-07-14,35.31637954711914,,,,,,
2014-07-15,35.576175689697266,,,,,,
2014-07-16,36.94224548339844,,,,,,
2014-07-17,37.31936264038086,,,,,,
2014-07-18,37.45344543457031,,,,,,
2014-07-21,37.57916259765625,,,,,,
2014-07-22,37.57079315185547,,,,,,
2014-07-23,37.60431289672852,,,,,,
2014-07-24,37.21041870117188,,,,,,
2014-07-25,37.29421615600586,,,,,,
2014-07-28,36.850040435791016,,,,,,
2014-07-29,36.78298568725586,,,,,,
2014-07-30,36.523197174072266,,,,,,
2014-07-31,36.17121505737305,,,,,,
2014-08-01,35.91978454589844,,,,,,
2014-08-04,36.34719467163086,,,,,,
2014-08-05,36.10416412353516,,,,,,
2014-08-06,35.8192024230957,,,,,,
2014-08-07,36.22986602783203,,,,,,
2014-08-08,36.204715728759766,,,,,,
2014-08-11,36.204715728759766,,,,,,
2014-08-12,36.472923278808594,,,,,,
2014-08-13,36.94224548339844,,,,,,
2014-08-14,37.10146713256836,,,,,,
2014-08-15,37.53726196289063,,,,,,
2014-08-18,37.805450439453125,,,,,,
2014-08-19,38.22709274291992,,,,,,
2014-08-20,37.906646728515625,,,,,,
2014-08-21,38.13433456420898,,,,,,
2014-08-22,38.07530975341797,,,,,,
2014-08-25,38.09215545654297,,,,,,
2014-08-26,37.95723724365234,,,,,,
2014-08-27,37.839168548583984,,,,,,
2014-08-28,37.847618103027344,,,,,,
2014-08-29,38.31141662597656,,,,,,
2014-09-02,38.02470397949219,,,,,,
2014-09-03,37.915077209472656,,,,,,
2014-09-04,38.16806411743164,,,,,,
2014-09-05,38.71621322631836,,,,,,
2014-09-08,39.18846893310547,,,,,,
2014-09-09,39.43302536010742,,,,,,
2014-09-10,39.50049209594727,,,,,,
2014-09-11,39.63542175292969,,,,,,
2014-09-12,39.38243103027344,,,,,,
2014-09-15,38.99451446533203,,,,,,
2014-09-16,39.43302536010742,,,,,,
2014-09-17,39.23062133789063,,,,,,
2014-09-18,39.36555862426758,,,,,,
2014-09-19,40.07394027709961,,,,,,
2014-09-22,39.6860237121582,,,,,,
2014-09-23,39.26437377929688,,,,,,
2014-09-24,39.70289611816406,,,,,,
2014-09-25,38.82583236694336,,,,,,
2014-09-26,39.13787841796875,,,,,,
2014-09-29,39.16316604614258,,,,,,
2014-09-30,39.095703125,,,,,,
2014-10-01,38.707786560058594,,,,,,
2014-10-02,38.58971786499024,,,,,,
2014-10-03,38.86801528930664,,,,,,
2014-10-06,38.86801528930664,,,,,,
2014-10-07,38.39577865600586,,,,,,
2014-10-08,39.44989013671875,,,,,,
2014-10-09,38.66562271118164,,,,,,
2014-10-10,37.130802154541016,,,,,,
2014-10-13,36.81035232543945,,,,,,
2014-10-14,36.8778076171875,,,,,,
2014-10-15,36.44772720336914,,,,,,
2014-10-16,36.04294204711914,,,,,,
2014-10-17,36.79347610473633,,,,,,
2014-10-20,37.172977447509766,,,,,,
2014-10-21,37.847618103027344,,,,,,
2014-10-22,37.42595291137695,,,,,,
2014-10-23,37.96568298339844,,,,,,
2014-10-24,38.90174102783203,,,,,,
2014-10-27,38.71621322631836,,,,,,
2014-10-28,39.20535659790039,,,,,,
2014-10-29,39.31497573852539,,,,,,
2014-10-30,38.83427429199219,,,,,,
2014-10-31,39.59326553344727,,,,,,
2014-11-03,40.00648498535156,,,,,,
2014-11-04,40.11610794067383,,,,,,
2014-11-05,40.36066436767578,,,,,,
2014-11-06,41.06904220581055,,,,,,
2014-11-07,41.05217361450195,,,,,,
2014-11-10,41.22928237915039,,,,,,
2014-11-11,41.21240615844727,,,,,,
2014-11-12,41.136512756347656,,,,,,
2014-11-13,41.836456298828125,,,,,,
2014-11-14,41.8111572265625,,,,,,
2014-11-17,41.709957122802734,,,,,,
2014-11-18,41.36202621459961,,,,,,
2014-11-19,40.92073440551758,,,,,,
2014-11-20,41.32806015014648,,,,,,
2014-11-21,40.717063903808594,,,,,,
2014-11-24,40.38610458374024,,,,,,
2014-11-25,40.28425979614258,,,,,,
2014-11-26,40.521881103515625,,,,,,
2014-11-28,40.57279586791992,,,,,,
2014-12-01,41.26018142700195,,,,,,
2014-12-02,41.12440872192383,,,,,,
2014-12-03,40.80192565917969,,,,,,
2014-12-04,41.4468879699707,,,,,,
2014-12-05,41.0904541015625,,,,,,
2014-12-08,40.47945022583008,,,,,,
2014-12-09,40.38610458374024,,,,,,
2014-12-10,39.8005485534668,,,,,,
2014-12-11,40.02968597412109,,,,,,
2014-12-12,39.84299850463867,,,,,,
2014-12-15,39.60536956787109,,,,,,
2014-12-16,38.32394409179688,,,,,,
2014-12-17,38.81614685058594,,,,,,
2014-12-18,40.326690673828125,,,,,,
2014-12-19,40.44551086425781,,,,,,
2014-12-22,40.717063903808594,,,,,,
2014-12-23,41.11591720581055,,,,,,
2014-12-24,40.852840423583984,,,,,,
2014-12-26,40.632205963134766,,,,,,
2014-12-29,40.26729202270508,,,,,,
2014-12-30,39.90238571166992,,,,,,
2014-12-31,39.41866302490234,,,,,,
2015-01-02,39.681739807128906,,,,,,
2015-01-05,39.31684494018555,,,,,,
2015-01-06,38.73974990844727,,,,,,
2015-01-07,39.23197555541992,,,,,,
2015-01-08,40.38610458374024,,,,,,
2015-01-09,40.04665756225586,,,,,,
2015-01-12,39.54596710205078,,,,,,
2015-01-13,39.34229278564453,,,,,,
2015-01-14,39.00284194946289,,,,,,
2015-01-15,38.59549331665039,,,,,,
2015-01-16,39.2404670715332,,,,,,
2015-01-20,39.36773681640625,,,,,,
2015-01-21,38.96890640258789,,,,,,
2015-01-22,39.9957275390625,,,,,,
2015-01-23,40.03815078735352,,,,,,
2015-01-26,39.89388656616211,,,,,,
2015-01-27,36.20237731933594,,,,,,
2015-01-28,34.95489883422852,,,,,,
2015-01-29,35.65076446533203,,,,,,
2015-01-30,34.28448486328125,,,,,,
2015-02-02,35.03126525878906,,,,,,
2015-02-03,35.302825927734375,,,,,,
2015-02-04,35.50650787353516,,,,,,
2015-02-05,36.024169921875,,,,,,
2015-02-06,35.99021911621094,,,,,,
2015-02-09,35.947784423828125,,,,,,
2015-02-10,36.15146255493164,,,,,,
2015-02-11,35.96476364135742,,,,,,
2015-02-12,36.56727981567383,,,,,,
2015-02-13,37.229225158691406,,,,,,
2015-02-17,37.24630737304688,,,,,,
2015-02-18,37.20358276367188,,,,,,
2015-02-19,37.17792892456055,,,,,,
2015-02-20,37.48563003540039,,,,,,
2015-02-23,37.73346710205078,,,,,,
2015-02-24,37.68218231201172,,,,,,
2015-02-25,37.59671401977539,,,,,,
2015-02-26,37.65654754638672,,,,,,
2015-02-27,37.47705459594727,,,,,,
2015-03-02,37.50270462036133,,,,,,
2015-03-03,36.98991012573242,,,,,,
2015-03-04,36.8018798828125,,,,,,
2015-03-05,36.8446159362793,,,,,,
2015-03-06,36.20361328125,,,,,,
2015-03-09,36.622406005859375,,,,,,
2015-03-10,35.92158508300781,,,,,,
2015-03-11,35.87882995605469,,,,,,
2015-03-12,35.05836868286133,,,,,,
2015-03-13,35.36603927612305,,,,,,
2015-03-16,35.51987838745117,,,,,,
2015-03-17,35.639530181884766,,,,,,
2015-03-18,36.32326126098633,,,,,,
2015-03-19,36.143775939941406,,,,,,
2015-03-20,36.64803695678711,,,,,,
2015-03-23,36.63094329833984,,,,,,
2015-03-24,36.665138244628906,,,,,,
2015-03-25,35.434425354003906,,,,,,
2015-03-26,35.22075653076172,,,,,,
2015-03-27,35.01564407348633,,,,,,
2015-03-30,35.0070686340332,,,,,,
2015-03-31,34.75067901611328,,,,,,
2015-04-01,34.80196762084961,,,,,,
2015-04-02,34.43447494506836,,,,,,
2015-04-06,35.51133346557617,,,,,,
2015-04-07,35.49422836303711,,,,,,
2015-04-08,35.400230407714844,,,,,,
2015-04-09,35.45151138305664,,,,,,
2015-04-10,35.656639099121094,,,,,,
2015-04-13,35.69081497192383,,,,,,
2015-04-14,35.596805572509766,,,,,,
2015-04-15,36.1181526184082,,,,,,
2015-04-16,36.03267288208008,,,,,,
2015-04-17,35.571163177490234,,,,,,
2015-04-20,36.67367935180664,,,,,,
2015-04-21,36.44292068481445,,,,,,
2015-04-22,36.74204254150391,,,,,,
2015-04-23,37.04119110107422,,,,,,
2015-04-24,40.91281509399414,,,,,,
2015-04-27,41.04956817626953,,,,,,
2015-04-28,42.01532745361328,,,,,,
2015-04-29,41.929874420166016,,,,,,
2015-04-30,41.570926666259766,,,,,,
2015-05-01,41.5880012512207,,,,,,
2015-05-04,41.22905349731445,,,,,,
2015-05-05,40.68206405639648,,,,,,
2015-05-06,39.55388641357422,,,,,,
2015-05-07,39.91285705566406,,,,,,
2015-05-08,40.81026077270508,,,,,,
2015-05-11,40.485496520996094,,,,,,
2015-05-12,40.46839141845703,,,,,,
2015-05-13,40.70770263671875,,,,,,
2015-05-14,41.63929748535156,,,,,,
2015-05-15,41.28033447265625,,,,,,
2015-05-18,41.03246688842773,,,,,,
2015-05-19,40.92924880981445,,,,,,
2015-05-20,40.92924880981445,,,,,,
2015-05-21,40.79160690307617,,,,,,
2015-05-22,40.34428787231445,,,,,,
2015-05-26,40.07762908935547,,,,,,
2015-05-27,40.95505905151367,,,,,,
2015-05-28,40.81741714477539,,,,,,
2015-05-29,40.30989074707031,,,,,,
2015-06-01,40.6281623840332,,,,,,
2015-06-02,40.36150360107422,,,,,,
2015-06-03,40.30126953125,,,,,,
2015-06-04,39.87976837158203,,,,,,
2015-06-05,39.69052505493164,,,,,,
2015-06-08,39.337852478027344,,,,,,
2015-06-09,39.26900863647461,,,,,,
2015-06-10,40.094825744628906,,,,,,
2015-06-11,39.94858932495117,,,,,,
2015-06-12,39.54430389404297,,,,,,
2015-06-15,39.12277221679688,,,,,,
2015-06-16,39.423866271972656,,,,,,
2015-06-17,39.54430389404297,,,,,,
2015-06-18,40.189449310302734,,,,,,
2015-06-19,39.6561279296875,,,,,,
2015-06-22,39.7679557800293,,,,,,
2015-06-23,39.49267578125,,,,,,
2015-06-24,39.26042938232422,,,,,,
2015-06-25,39.26900863647461,,,,,,
2015-06-26,38.93353271484375,,,,,,
2015-06-29,38.16794967651367,,,,,,
2015-06-30,37.97868728637695,,,,,,
2015-07-01,38.236759185791016,,,,,,
2015-07-02,38.19374465942383,,,,,,
2015-07-06,38.18514633178711,,,,,,
2015-07-07,38.10772705078125,,,,,,
2015-07-08,38.056114196777344,,,,,,
2015-07-09,38.29697799682617,,,,,,
2015-07-10,38.3744010925293,,,,,,
2015-07-13,39.174407958984375,,,,,,
2015-07-14,39.24321746826172,,,,,,
2015-07-15,39.36364364624024,,,,,,
2015-07-16,40.13785171508789,,,,,,
2015-07-17,40.10344314575195,,,,,,
2015-07-20,40.36150360107422,,,,,,
2015-07-21,40.67118835449219,,,,,,
2015-07-22,39.174407958984375,,,,,,
2015-07-23,39.66472625732422,,,,,,
2015-07-24,39.51848983764648,,,,,,
2015-07-27,39.01095962524414,,,,,,
2015-07-28,39.00234222412109,,,,,,
2015-07-29,39.81956481933594,,,,,,
2015-07-30,40.32708740234375,,,,,,
2015-07-31,40.17224884033203,,,,,,
2015-08-03,40.266883850097656,,,,,,
2015-08-04,40.89484024047852,,,,,,
2015-08-05,40.92924880981445,,,,,,
2015-08-06,40.10344314575195,,,,,,
2015-08-07,40.206661224365234,,,,,,
2015-08-10,40.71418762207031,,,,,,
2015-08-11,39.92278671264648,,,,,,
2015-08-12,40.206661224365234,,,,,,
2015-08-13,40.19805908203125,,,,,,
2015-08-14,40.43031311035156,,,,,,
2015-08-17,40.70558547973633,,,,,,
2015-08-18,40.93072128295898,,,,,,
2015-08-19,40.35923004150391,,,,,,
2015-08-20,39.53663635253906,,,,,,
2015-08-21,37.2939682006836,,,,,,
2015-08-24,36.09038162231445,,,,,,
2015-08-25,35.042659759521484,,,,,,
2015-08-26,36.98225021362305,,,,,,
2015-08-27,38.01266479492188,,,,,,
2015-08-28,38.03863906860352,,,,,,
2015-08-31,37.68362808227539,,,,,,
2015-09-01,36.21161651611328,,,,,,
2015-09-02,37.54508209228516,,,,,,
2015-09-03,37.666297912597656,,,,,,
2015-09-04,36.89565658569336,,,,,,
2015-09-08,38.00399398803711,,,,,,
2015-09-09,37.2939682006836,,,,,,
2015-09-10,37.48445892333984,,,,,,
2015-09-11,37.64899444580078,,,,,,
2015-09-14,37.26800537109375,,,,,,
2015-09-15,38.08192443847656,,,,,,
2015-09-16,38.3590202331543,,,,,,
2015-09-17,38.31572723388672,,,,,,
2015-09-18,37.64899444580078,,,,,,
2015-09-21,38.19450378417969,,,,,,
2015-09-22,38.01266479492188,,,,,,
2015-09-23,37.98670196533203,,,,,,
2015-09-24,38.02132034301758,,,,,,
2015-09-25,38.04730224609375,,,,,,
2015-09-28,37.48445892333984,,,,,,
2015-09-29,37.61435317993164,,,,,,
2015-09-30,38.32438278198242,,,,,,
2015-10-01,38.6274528503418,,,,,,
2015-10-02,39.45870971679688,,,,,,
2015-10-05,40.37654876708984,,,,,,
2015-10-06,40.480464935302734,,,,,,
2015-10-07,40.52375030517578,,,,,,
2015-10-08,41.08658218383789,,,,,,
2015-10-09,40.792179107666016,,,,,,
2015-10-12,40.69692611694336,,,,,,
2015-10-13,40.601688385009766,,,,,,
2015-10-14,40.41984176635742,,,,,,
2015-10-15,40.70558547973633,,,,,,
2015-10-16,41.1385498046875,,,,,,
2015-10-19,41.2337760925293,,,,,,
2015-10-20,41.36366271972656,,,,,,
2015-10-21,40.87010192871094,,,,,,
2015-10-22,41.58880233764648,,,,,,
2015-10-23,45.77971267700195,,,,,,
2015-10-26,46.97465896606445,,,,,,
2015-10-27,46.48974990844727,,,,,,
2015-10-28,46.740867614746094,,,,,,
2015-10-29,46.20399475097656,,,,,,
2015-10-30,45.58056640625,,,,,,
2015-11-02,46.100093841552734,,,,,,
2015-11-03,46.8880615234375,,,,,,
2015-11-04,47.10453414916992,,,,,,
2015-11-05,47.087215423583984,,,,,,
2015-11-06,47.55479431152344,,,,,,
2015-11-09,46.89671325683594,,,,,,
2015-11-10,46.33387756347656,,,,,,
2015-11-11,46.45512771606445,,,,,,
2015-11-12,46.169376373291016,,,,,,
2015-11-13,45.75374603271485,,,,,,
2015-11-16,46.55902862548828,,,,,,
2015-11-17,46.17546081542969,,,,,,
2015-11-18,46.94257354736328,,,,,,
2015-11-19,47.021026611328125,,,,,,
2015-11-20,47.23896026611328,,,,,,
2015-11-23,47.23896026611328,,,,,,
2015-11-24,47.291282653808594,,,,,,
2015-11-25,46.803104400634766,,,,,,
2015-11-27,47.01231384277344,,,,,,
2015-11-30,47.3784408569336,,,,,,
2015-12-01,48.13685989379883,,,,,,
2015-12-02,48.12812805175781,,,,,,
2015-12-03,47.2476806640625,,,,,,
2015-12-04,48.73833465576172,,,,,,
2015-12-07,48.65117645263672,,,,,,
2015-12-08,48.63373565673828,,,,,,
2015-12-09,47.9276237487793,,,,,,
2015-12-10,48.18042755126953,,,,,,
2015-12-11,47.12564086914063,,,,,,
2015-12-14,48.06711196899414,,,,,,
2015-12-15,48.11941146850586,,,,,,
2015-12-16,48.93012619018555,,,,,,
2015-12-17,48.555274963378906,,,,,,
2015-12-18,47.18666458129883,,,,,,
2015-12-21,47.79687881469727,,,,,,
2015-12-22,48.250186920166016,,,,,,
2015-12-23,48.65987777709961,,,,,,
2015-12-24,48.52912521362305,,,,,,
2015-12-28,48.77320098876953,,,,,,
2015-12-29,49.2962532043457,,,,,,
2015-12-30,49.08702850341797,,,,,,
2015-12-31,48.36351013183594,,,,,,
2016-01-04,47.77071380615234,,,,,,
2016-01-05,47.988651275634766,,,,,,
2016-01-06,47.11693572998047,,,,,,
2016-01-07,45.47808074951172,,,,,,
2016-01-08,45.61756134033203,,,,,,
2016-01-11,45.59140396118164,,,,,,
2016-01-12,46.00981903076172,,,,,,
2016-01-13,45.01606369018555,,,,,,
2016-01-14,46.29749298095703,,,,,,
2016-01-15,44.44943618774414,,,,,,
2016-01-19,44.07459259033203,,,,,,
2016-01-20,44.275089263916016,,,,,,
2016-01-21,44.00485229492188,,,,,,
2016-01-22,45.58267974853516,,,,,,
2016-01-25,45.14680862426758,,,,,,
2016-01-26,45.47808074951172,,,,,,
2016-01-27,44.649932861328125,,,,,,
2016-01-28,45.3821907043457,,,,,,
2016-01-29,48.023529052734375,,,,,,
2016-02-01,47.692264556884766,,,,,,
2016-02-02,46.20160675048828,,,,,,
2016-02-03,45.469364166259766,,,,,,
2016-02-04,45.32988357543945,,,,,,
2016-02-05,43.72589874267578,,,,,,
2016-02-08,43.07210159301758,,,,,,
2016-02-09,42.95878219604492,,,,,,
2016-02-10,43.333621978759766,,,,,,
2016-02-11,43.316200256347656,,,,,,
2016-02-12,44.02228927612305,,,,,,
2016-02-16,44.856388092041016,,,,,,
2016-02-17,46.02410888671875,,,,,,
2016-02-18,45.82216644287109,,,,,,
2016-02-19,45.49730682373047,,,,,,
2016-02-22,46.22602844238281,,,,,,
2016-02-23,44.93540191650391,,,,,,
2016-02-24,45.09342193603516,,,,,,
2016-02-25,45.74312973022461,,,,,,
2016-02-26,45.040748596191406,,,,,,
2016-02-29,44.6719970703125,,,,,,
2016-03-01,46.16459274291992,,,,,,
2016-03-02,46.489444732666016,,,,,,
2016-03-03,45.96263885498047,,,,,,
2016-03-04,45.68168640136719,,,,,,
2016-03-07,44.80369567871094,,,,,,
2016-03-08,45.34804534912109,,,,,,
2016-03-09,46.39286422729492,,,,,,
2016-03-10,45.6992416381836,,,,,,
2016-03-11,46.59478759765625,,,,,,
2016-03-14,46.68259811401367,,,,,,
2016-03-15,47.05134963989258,,,,,,
2016-03-16,47.71861267089844,,,,,,
2016-03-17,47.99079513549805,,,,,,
2016-03-18,46.96355056762695,,,,,,
2016-03-21,47.28840255737305,,,,,,
2016-03-22,47.47278594970703,,,,,,
2016-03-23,47.38497543334961,,,,,,
2016-03-24,47.59569549560547,,,,,,
2016-03-28,47.00745391845703,,,,,,
2016-03-29,48.0346908569336,,,,,,
2016-03-30,48.33320617675781,,,,,,
2016-03-31,48.49123764038086,,,,,,
2016-04-01,48.78976440429688,,,,,,
2016-04-04,48.66685104370117,,,,,,
2016-04-05,47.90299987792969,,,,,,
2016-04-06,48.3946647644043,,,,,,
2016-04-07,47.81520080566406,,,,,,
2016-04-08,47.78008270263672,,,,,,
2016-04-11,47.68349456787109,,,,,,
2016-04-12,47.98201370239258,,,,,,
2016-04-13,48.59661865234375,,,,,,
2016-04-14,48.60538101196289,,,,,,
2016-04-15,48.86000061035156,,,,,,
2016-04-18,49.57117462158203,,,,,,
2016-04-19,49.50970077514648,,,,,,
2016-04-20,48.80731964111328,,,,,,
2016-04-21,48.97413635253906,,,,,,
2016-04-22,45.46218490600586,,,,,,
2016-04-25,45.75193405151367,,,,,,
2016-04-26,45.16367721557617,,,,,,
2016-04-27,44.72466278076172,,,,,,
2016-04-28,43.81157684326172,,,,,,
2016-04-29,43.78522491455078,,,,,,
2016-05-02,44.43495941162109,,,,,,
2016-05-03,43.70620727539063,,,,,,
2016-05-04,43.78522491455078,,,,,,
2016-05-05,43.84668731689453,,,,,,
2016-05-06,44.24178695678711,,,,,,
2016-05-09,43.96083831787109,,,,,,
2016-05-10,44.794921875,,,,,,
2016-05-11,44.82125854492188,,,,,,
2016-05-12,45.225135803222656,,,,,,
2016-05-13,44.84760665893555,,,,,,
2016-05-16,45.5060920715332,,,,,,
2016-05-17,44.65732192993164,,,,,,
2016-05-18,44.92256546020508,,,,,,
2016-05-19,44.48934555053711,,,,,,
2016-05-20,44.75457000732422,,,,,,
2016-05-23,44.23294448852539,,,,,,
2016-05-24,45.61217880249024,,,,,,
2016-05-25,46.08076858520508,,,,,,
2016-05-26,45.87742614746094,,,,,,
2016-05-27,46.257598876953125,,,,,,
2016-05-31,46.85879898071289,,,,,,
2016-06-01,46.7261962890625,,,,,,
2016-06-02,46.399070739746094,,,,,,
2016-06-03,45.78900146484375,,,,,,
2016-06-06,46.08961486816406,,,,,,
2016-06-07,46.06307601928711,,,,,,
2016-06-08,46.01003646850586,,,,,,
2016-06-09,45.63869857788086,,,,,,
2016-06-10,45.514930725097656,,,,,,
2016-06-13,44.33018493652344,,,,,,
2016-06-14,44.056114196777344,,,,,,
2016-06-15,43.93234252929688,,,,,,
2016-06-16,44.55123901367188,,,,,,
2016-06-17,44.32136917114258,,,,,,
2016-06-20,44.268314361572266,,,,,,
2016-06-21,45.25852966308594,,,,,,
2016-06-22,45.08171081542969,,,,,,
2016-06-23,45.89510726928711,,,,,,
2016-06-24,44.056114196777344,,,,,,
2016-06-27,42.81833267211914,,,,,,
2016-06-28,43.711307525634766,,,,,,
2016-06-29,44.68385314941406,,,,,,
2016-06-30,45.24083709716797,,,,,,
2016-07-01,45.23199844360352,,,,,,
2016-07-05,45.24083709716797,,,,,,
2016-07-06,45.426517486572266,,,,,,
2016-07-07,45.426517486572266,,,,,,
2016-07-08,46.23990631103516,,,,,,
2016-07-11,46.496315002441406,,,,,,
2016-07-12,47.04447555541992,,,,,,
2016-07-13,47.30971145629883,,,,,,
2016-07-14,47.51306915283203,,,,,,
2016-07-15,47.47769546508789,,,,,,
2016-07-18,47.70756912231445,,,,,,
2016-07-19,46.93837738037109,,,,,,
2016-07-20,49.431617736816406,,,,,,
2016-07-21,49.33436965942383,,,,,,
2016-07-22,50.01513671875,,,,,,
2016-07-25,50.15660095214844,,,,,,
2016-07-26,50.18313980102539,,,,,,
2016-07-27,49.67918014526367,,,,,,
2016-07-28,49.69686126708984,,,,,,
2016-07-29,50.112396240234375,,,,,,
2016-08-01,50.02398681640625,,,,,,
2016-08-02,50.02398681640625,,,,,,
2016-08-03,50.36879348754883,,,,,,
2016-08-04,50.7401237487793,,,,,,
2016-08-05,51.24407196044922,,,,,,
2016-08-08,51.33248901367188,,,,,,
2016-08-09,51.456275939941406,,,,,,
2016-08-10,51.297122955322266,,,,,,
2016-08-11,51.54468536376953,,,,,,
2016-08-12,51.226409912109375,,,,,,
2016-08-15,51.385536193847656,,,,,,
2016-08-16,51.100860595703125,,,,,,
2016-08-17,51.20760726928711,,,,,,
2016-08-18,51.2431869506836,,,,,,
2016-08-19,51.260986328125,,,,,,
2016-08-22,51.305477142333984,,,,,,
2016-08-23,51.50119018554688,,,,,,
2016-08-24,51.5545768737793,,,,,,
2016-08-25,51.750282287597656,,,,,,
2016-08-26,51.62574005126953,,,,,,
2016-08-29,51.68800354003906,,,,,,
2016-08-30,51.50119018554688,,,,,,
2016-08-31,51.11864471435547,,,,,,
2016-09-01,51.23429870605469,,,,,,
2016-09-02,51.305477142333984,,,,,,
2016-09-06,51.25210189819336,,,,,,
2016-09-07,51.29656982421875,,,,,,
2016-09-08,51.09196090698242,,,,,,
2016-09-09,50.00659942626953,,,,,,
2016-09-12,50.75389099121094,,,,,,
2016-09-13,50.29128646850586,,,,,,
2016-09-14,50.05107498168945,,,,,,
2016-09-15,50.87845230102539,,,,,,
2016-09-16,50.93182373046875,,,,,,
2016-09-19,50.64714813232422,,,,,,
2016-09-20,50.54039001464844,,,,,,
2016-09-21,51.38554763793945,,,,,,
2016-09-22,51.43891906738281,,,,,,
2016-09-23,51.09196090698242,,,,,,
2016-09-26,50.62044525146485,,,,,,
2016-09-27,51.5545768737793,,,,,,
2016-09-28,51.62574005126953,,,,,,
2016-09-29,51.06528091430664,,,,,,
2016-09-30,51.2431869506836,,,,,,
2016-10-03,51.08306121826172,,,,,,
2016-10-04,50.92293167114258,,,,,,
2016-10-05,51.27877426147461,,,,,,
2016-10-06,51.36775207519531,,,,,,
2016-10-07,51.42112350463867,,,,,,
2016-10-10,51.63463592529297,,,,,,
2016-10-11,50.87845230102539,,,,,,
2016-10-12,50.80727005004883,,,,,,
2016-10-13,50.63824081420898,,,,,,
2016-10-14,51.08306121826172,,,,,,
2016-10-17,50.9051399230957,,,,,,
2016-10-18,51.29656982421875,,,,,,
2016-10-19,51.18092346191406,,,,,,
2016-10-20,50.93182373046875,,,,,,
2016-10-21,53.07585144042969,,,,,,
2016-10-24,54.26795959472656,,,,,,
2016-10-25,54.25907897949219,,,,,,
2016-10-26,53.93878936767578,,,,,,
2016-10-27,53.46729278564453,,,,,,
2016-10-28,53.26268768310547,,,,,,
2016-10-31,53.30715560913086,,,,,,
2016-11-01,53.20039749145508,,,,,,
2016-11-02,52.87125015258789,,,,,,
2016-11-03,52.6755256652832,,,,,,
2016-11-04,52.23069381713867,,,,,,
2016-11-07,53.75197982788086,,,,,,
2016-11-08,53.79645919799805,,,,,,
2016-11-09,53.529579162597656,,,,,,
2016-11-10,52.2218017578125,,,,,,
2016-11-11,52.506492614746094,,,,,,
2016-11-14,51.70579528808594,,,,,,
2016-11-15,52.72684097290039,,,,,,
2016-11-16,53.42545700073242,,,,,,
2016-11-17,54.31214904785156,,,,,,
2016-11-18,54.05240249633789,,,,,,
2016-11-21,54.50920104980469,,,,,,
2016-11-22,54.7420539855957,,,,,,
2016-11-23,54.09720230102539,,,,,,
2016-11-25,54.2136344909668,,,,,,
2016-11-28,54.285282135009766,,,,,,
2016-11-29,54.71519088745117,,,,,,
2016-11-30,53.971797943115234,,,,,,
2016-12-01,53.02241516113281,,,,,,
2016-12-02,53.06719970703125,,,,,,
2016-12-05,53.93598175048828,,,,,,
2016-12-06,53.69415283203125,,,,,,
2016-12-07,54.96598052978516,,,,,,
2016-12-08,54.64352798461914,,,,,,
2016-12-09,55.503360748291016,,,,,,
2016-12-12,55.68247985839844,,,,,,
2016-12-13,56.40796661376953,,,,,,
2016-12-14,56.1392707824707,,,,,,
2016-12-15,56.04970169067383,,,,,,
2016-12-16,55.7989387512207,,,,,,
2016-12-19,56.98119354248047,,,,,,
2016-12-20,56.90954208374024,,,,,,
2016-12-21,56.90954208374024,,,,,,
2016-12-22,56.91849136352539,,,,,,
2016-12-23,56.64083862304688,,,,,,
2016-12-27,56.67665481567383,,,,,,
2016-12-28,56.41691970825195,,,,,,
2016-12-29,56.33632278442383,,,,,,
2016-12-30,55.65562438964844,,,,,,
2017-01-03,56.04970169067383,,,,,,
2017-01-04,55.7989387512207,,,,,,
2017-01-05,55.7989387512207,,,,,,
2017-01-06,56.28257369995117,,,,,,
2017-01-09,56.10345077514648,,,,,,
2017-01-10,56.08553695678711,,,,,,
2017-01-11,56.59604644775391,,,,,,
2017-01-12,56.07657623291016,,,,,,
2017-01-13,56.15719604492188,,,,,,
2017-01-17,56.00493240356445,,,,,,
2017-01-18,55.97804641723633,,,,,,
2017-01-19,55.7989387512207,,,,,,
2017-01-20,56.19300842285156,,,,,,
2017-01-23,56.39006042480469,,,,,,
2017-01-24,56.89162063598633,,,,,,
2017-01-25,57.0349235534668,,,,,,
2017-01-26,57.5633430480957,,,,,,
2017-01-27,58.91577911376953,,,,,,
2017-01-30,58.33361053466797,,,,,,
2017-01-31,57.90370559692383,,,,,,
2017-02-01,56.94536972045898,,,,,,
2017-02-02,56.57814025878906,,,,,,
2017-02-03,57.0349235534668,,,,,,
2017-02-06,56.99909973144531,,,,,,
2017-02-07,56.81100463867188,,,,,,
2017-02-08,56.73040008544922,,,,,,
2017-02-09,57.375267028808594,,,,,,
2017-02-10,57.3215217590332,,,,,,
2017-02-13,57.96639251708984,,,,,,
2017-02-14,58.18266296386719,,,,,,
2017-02-15,58.146610260009766,,,,,,
2017-02-16,58.13759231567383,,,,,,
2017-02-17,58.22771835327149,,,,,,
2017-02-21,58.110572814941406,,,,,,
2017-02-22,57.99344253540039,,,,,,
2017-02-23,58.22771835327149,,,,,,
2017-02-24,58.22771835327149,,,,,,
2017-02-27,57.87629318237305,,,,,,
2017-02-28,57.651023864746094,,,,,,
2017-03-01,58.516056060791016,,,,,,
2017-03-02,57.67805099487305,,,,,,
2017-03-03,57.8942985534668,,,,,,
2017-03-06,57.91231918334961,,,,,,
2017-03-07,58.02946472167969,,,,,,
2017-03-08,58.56111145019531,,,,,,
2017-03-09,58.32682800292969,,,,,,
2017-03-10,58.50704956054688,,,,,,
2017-03-13,58.30879974365234,,,,,,
2017-03-14,58.03848648071289,,,,,,
2017-03-15,58.34485626220703,,,,,,
2017-03-16,58.2457275390625,,,,,,
2017-03-17,58.45297622680664,,,,,,
2017-03-20,58.50704956054688,,,,,,
2017-03-21,57.8582649230957,,,,,,
2017-03-22,58.5971565246582,,,,,,
2017-03-23,58.45297622680664,,,,,,
2017-03-24,58.552093505859375,,,,,,
2017-03-27,58.66023635864258,,,,,,
2017-03-28,58.83143997192383,,,,,,
2017-03-29,58.99362564086914,,,,,,
2017-03-30,59.20987319946289,,,,,,
2017-03-31,59.34504699707031,,,,,,
2017-04-03,59.065704345703125,,,,,,
2017-04-04,59.227909088134766,,,,,,
2017-04-05,59.07472610473633,,,,,,
2017-04-06,59.227909088134766,,,,,,
2017-04-07,59.18285751342773,,,,,,
2017-04-10,59.04768753051758,,,,,,
2017-04-11,59.00264358520508,,,,,,
2017-04-12,58.77737808227539,,,,,,
2017-04-13,58.52505493164063,,,,,,
2017-04-17,59.00264358520508,,,,,,
2017-04-18,58.92153930664063,,,,,,
2017-04-19,58.60617065429688,,,,,,
2017-04-20,59.02067184448242,,,,,,
2017-04-21,59.831634521484375,,,,,,
2017-04-24,60.84983825683594,,,,,,
2017-04-25,61.201263427734375,,,,,,
2017-04-26,61.12017440795898,,,,,,
2017-04-27,61.51665878295898,,,,,,
2017-04-28,61.687870025634766,,,,,,
2017-05-01,62.543907165527344,,,,,,
2017-05-02,62.44475555419922,,,,,,
2017-05-03,62.24652099609375,,,,,,
2017-05-04,62.003231048583984,,,,,,
2017-05-05,62.174434661865234,,,,,,
2017-05-08,62.1203727722168,,,,,,
2017-05-09,62.210487365722656,,,,,,
2017-05-10,62.45376586914063,,,,,,
2017-05-11,61.687870025634766,,,,,,
2017-05-12,61.61577606201172,,,,,,
2017-05-15,61.66081619262695,,,,,,
2017-05-16,62.90237808227539,,,,,,
2017-05-17,61.15332794189453,,,,,,
2017-05-18,61.36175537109375,,,,,,
2017-05-19,61.34363555908203,,,,,,
2017-05-22,62.03236770629883,,,,,,
2017-05-23,62.24082565307617,,,,,,
2017-05-24,62.32240295410156,,,,,,
2017-05-25,63.092681884765625,,,,,,
2017-05-26,63.400821685791016,,,,,,
2017-05-30,63.80863571166992,,,,,,
2017-05-31,63.29205322265625,,,,,,
2017-06-01,63.52767562866211,,,,,,
2017-06-02,65.03204345703125,,,,,,
2017-06-05,65.50328063964844,,,,,,
2017-06-06,65.72079467773438,,,,,,
2017-06-07,65.6030044555664,,,,,,
2017-06-08,65.20423889160156,,,,,,
2017-06-09,63.727046966552734,,,,,,
2017-06-12,63.23768997192383,,,,,,
2017-06-13,64.02611541748047,,,,,,
2017-06-14,63.681732177734375,,,,,,
2017-06-15,63.346435546875,,,,,,
2017-06-16,63.43707275390625,,,,,,
2017-06-19,64.2254867553711,,,,,,
2017-06-20,63.35549545288086,,,,,,
2017-06-21,63.681732177734375,,,,,,
2017-06-22,63.67267990112305,,,,,,
2017-06-23,64.53361511230469,,,,,,
2017-06-26,63.91737365722656,,,,,,
2017-06-27,62.721134185791016,,,,,,
2017-06-28,63.25581359863281,,,,,,
2017-06-29,62.068641662597656,,,,,,
2017-06-30,62.46735763549805,,,,,,
2017-07-03,61.77863311767578,,,,,,
2017-07-05,62.60330581665039,,,,,,
2017-07-06,62.14114761352539,,,,,,
2017-07-07,62.94769287109375,,,,,,
2017-07-10,63.4189338684082,,,,,,
2017-07-11,63.428001403808594,,,,,,
2017-07-12,64.47925567626953,,,,,,
2017-07-13,65.04109954833984,,,,,,
2017-07-14,65.95642852783203,,,,,,
2017-07-17,66.47297668457031,,,,,,
2017-07-18,66.42765808105469,,,,,,
2017-07-19,66.93516540527344,,,,,,
2017-07-20,67.26139831542969,,,,,,
2017-07-21,66.87174987792969,,,,,,
2017-07-24,66.69953155517578,,,,,,
2017-07-25,67.2342300415039,,,,,,
2017-07-26,67.10734558105469,,,,,,
2017-07-27,66.30078887939453,,,,,,
2017-07-28,66.19204711914062,,,,,,
2017-07-31,65.88392639160156,,,,,,
2017-08-01,65.77515411376953,,,,,,
2017-08-02,65.48517608642578,,,,,,
2017-08-03,65.38546752929688,,,,,,
2017-08-04,65.86578369140625,,,,,,
2017-08-07,65.612060546875,,,,,,
2017-08-08,65.96546936035156,,,,,,
2017-08-09,65.67549133300781,,,,,,
2017-08-10,64.7148666381836,,,,,,
2017-08-11,65.70266723632812,,,,,,
2017-08-14,66.69048309326172,,,,,,
2017-08-15,66.70870208740234,,,,,,
2017-08-16,67.1004638671875,,,,,,
2017-08-17,65.96163177490234,,,,,,
2017-08-18,66.04360961914062,,,,,,
2017-08-21,65.73383331298828,,,,,,
2017-08-22,66.6540298461914,,,,,,
2017-08-23,66.253173828125,,,,,,
2017-08-24,66.22581481933594,,,,,,
2017-08-25,66.3442611694336,,,,,,
2017-08-28,66.35337829589844,,,,,,
2017-08-29,66.5538330078125,,,,,,
2017-08-30,67.42843627929688,,,,,,
2017-08-31,68.12085723876953,,,,,,
2017-09-01,67.36466217041016,,,,,,
2017-09-05,67.06398010253906,,,,,,
2017-09-06,66.87268829345703,,,,,,
2017-09-07,67.72907257080078,,,,,,
2017-09-08,67.40110778808594,,,,,,
2017-09-11,68.11176300048828,,,,,,
2017-09-12,68.03885650634766,,,,,,
2017-09-13,68.52172088623047,,,,,,
2017-09-14,68.12085723876953,,,,,,
2017-09-15,68.61283874511719,,,,,,
2017-09-18,68.47616577148438,,,,,,
2017-09-19,68.73128509521484,,,,,,
2017-09-20,68.27572631835938,,,,,,
2017-09-21,67.61064147949219,,,,,,
2017-09-22,67.79287719726562,,,,,,
2017-09-25,66.74515533447266,,,,,,
2017-09-26,66.74515533447266,,,,,,
2017-09-27,67.28267669677734,,,,,,
2017-09-28,67.30087280273438,,,,,,
2017-09-29,67.8657455444336,,,,,,
2017-10-02,67.97510528564453,,,,,,
2017-10-03,67.6562271118164,,,,,,
2017-10-04,68.0479507446289,,,,,,
2017-10-05,69.2141342163086,,,,,,
2017-10-06,69.24146270751953,,,,,,
2017-10-09,69.50569915771484,,,,,,
2017-10-10,69.50569915771484,,,,,,
2017-10-11,69.62413024902344,,,,,,
2017-10-12,70.26188659667969,,,,,,
2017-10-13,70.59899139404297,,,,,,
2017-10-16,70.74473571777344,,,,,,
2017-10-17,70.6900863647461,,,,,,
2017-10-18,70.70831298828125,,,,,,
2017-10-19,70.98162078857422,,,,,,
2017-10-20,71.80158996582031,,,,,,
2017-10-23,71.81980895996094,,,,,,
2017-10-24,71.8471450805664,,,,,,
2017-10-25,71.63758087158203,,,,,,
2017-10-26,71.75605773925781,,,,,,
2017-10-27,76.35694885253906,,,,,,
2017-10-30,76.4298095703125,,,,,,
2017-10-31,75.78298950195312,,,,,,
2017-11-01,75.78298950195312,,,,,,
2017-11-02,76.57560729980469,,,,,,
2017-11-03,76.6576156616211,,,,,,
2017-11-06,76.9582290649414,,,,,,
2017-11-07,76.77606201171875,,,,,,
2017-11-08,77.04023742675781,,,,,,
2017-11-09,76.61205291748047,,,,,,
2017-11-10,76.4115982055664,,,,,,
2017-11-13,76.46627807617188,,,,,,
2017-11-14,76.57560729980469,,,,,,
2017-11-15,75.98043060302734,,,,,,
2017-11-16,76.18187713623047,,,,,,
2017-11-17,75.4493637084961,,,,,,
2017-11-20,75.56838989257812,,,,,,
2017-11-21,76.65802764892578,,,,,,
2017-11-22,76.0994644165039,,,,,,
2017-11-24,76.2368392944336,,,,,,
2017-11-27,76.79536437988281,,,,,,
2017-11-28,77.72017669677734,,,,,,
2017-11-29,76.31006622314453,,,,,,
2017-11-30,77.07003784179688,,,,,,
2017-12-01,77.1524658203125,,,,,,
2017-12-04,74.24069213867188,,,,,,
2017-12-05,74.70764923095703,,,,,,
2017-12-06,75.79730224609375,,,,,,
2017-12-07,75.5317611694336,,,,,,
2017-12-08,77.06090545654297,,,,,,
2017-12-11,78.0406494140625,,,,,,
2017-12-12,78.36112976074219,,,,,,
2017-12-13,78.15054321289062,,,,,,
2017-12-14,77.54618072509766,,,,,,
2017-12-15,79.52399444580078,,,,,,
2017-12-18,79.09364318847656,,,,,,
2017-12-19,78.59003448486328,,,,,,
2017-12-20,78.30616760253906,,,,,,
2017-12-21,78.28784942626953,,,,,,
2017-12-22,78.29701232910156,,,,,,
2017-12-26,78.1962890625,,,,,,
2017-12-27,78.48016357421875,,,,,,
2017-12-28,78.48928833007812,,,,,,
2017-12-29,78.3244857788086,,,,,,
2018-01-02,78.69989776611328,,,,,,
2018-01-03,79.066162109375,,,,,,
2018-01-04,79.76205444335938,,,,,,
2018-01-05,80.75096893310547,,,,,,
2018-01-08,80.83336639404297,,,,,,
2018-01-09,80.7784423828125,,,,,,
2018-01-10,80.41217803955078,,,,,,
2018-01-11,80.65023040771484,,,,,,
2018-01-12,82.0420150756836,,,,,,
2018-01-16,80.89745330810547,,,,,,
2018-01-17,82.53645324707031,,,,,,
2018-01-18,82.49984741210938,,,,,,
2018-01-19,82.40829467773438,,,,,,
2018-01-22,83.88246154785156,,,,,,
2018-01-23,84.14801788330078,,,,,,
2018-01-24,84.07475280761719,,,,,,
2018-01-25,84.54174041748047,,,,,,
2018-01-26,86.12579345703125,,,,,,
2018-01-29,85.99761199951172,,,,,,
2018-01-30,84.91712188720703,,,,,,
2018-01-31,86.99568176269531,,,,,,
2018-02-01,86.30894470214844,,,,,,
2018-02-02,84.03813934326172,,,,,,
2018-02-05,80.57698059082031,,,,,,
2018-02-06,83.62610626220703,,,,,,
2018-02-07,82.05117797851562,,,,,,
2018-02-08,77.83919525146484,,,,,,
2018-02-09,80.7417984008789,,,,,,
2018-02-12,81.61166381835938,,,,,,
2018-02-13,82.25263214111328,,,,,,
2018-02-14,83.5405502319336,,,,,,
2018-02-15,85.24246215820312,,,,,,
2018-02-16,84.63530731201172,,,,,,
2018-02-20,85.29764556884766,,,,,,
2018-02-21,84.16609954833984,,,,,,
2018-02-22,84.38690948486328,,,,,,
2018-02-23,86.53035736083984,,,,,,
2018-02-26,87.7815170288086,,,,,,
2018-02-27,86.6592025756836,,,,,,
2018-02-28,86.2635726928711,,,,,,
2018-03-01,85.41724395751953,,,,,,
2018-03-02,85.60124206542969,,,,,,
2018-03-05,86.1440200805664,,,,,,
2018-03-06,85.84962463378906,,,,,,
2018-03-07,86.34639739990234,,,,,,
2018-03-08,86.8707504272461,,,,,,
2018-03-09,88.81185913085938,,,,,,
2018-03-12,89.0234375,,,,,,
2018-03-13,86.85237884521484,,,,,,
2018-03-14,86.33720397949219,,,,,,
2018-03-15,86.64075469970703,,,,,,
2018-03-16,87.02714538574219,,,,,,
2018-03-19,85.45404052734375,,,,,,
2018-03-20,85.6748275756836,,,,,,
2018-03-21,85.07687377929688,,,,,,
2018-03-22,82.60221099853516,,,,,,
2018-03-23,80.2011489868164,,,,,,
2018-03-26,86.2728042602539,,,,,,
2018-03-27,82.30781555175781,,,,,,
2018-03-28,82.2342300415039,,,,,,
2018-03-29,83.96370697021484,,,,,,
2018-04-02,81.43386840820312,,,,,,
2018-04-03,82.52859497070312,,,,,,
2018-04-04,84.93883514404297,,,,,,
2018-04-05,84.98484802246094,,,,,,
2018-04-06,83.00698852539062,,,,,,
2018-04-09,83.50373840332031,,,,,,
2018-04-10,85.44485473632812,,,,,,
2018-04-11,84.5064926147461,,,,,,
2018-04-12,86.08878326416016,,,,,,
2018-04-13,85.62882995605469,,,,,,
2018-04-16,86.6315689086914,,,,,,
2018-04-17,88.37947845458984,,,,,,
2018-04-18,88.71987915039062,,,,,,
2018-04-19,88.41626739501953,,,,,,
2018-04-20,87.3951187133789,,,,,,
2018-04-23,87.71711730957031,,,,,,
2018-04-24,85.6656265258789,,,,,,
2018-04-25,84.92044067382812,,,,,,
2018-04-26,86.71437072753906,,,,,,
2018-04-27,88.14949798583984,,,,,,
2018-04-30,86.03359985351562,,,,,,
2018-05-01,87.3951187133789,,,,,,
2018-05-02,86.02442169189453,,,,,,
2018-05-03,86.53958129882812,,,,,,
2018-05-04,87.54232025146484,,,,,,
2018-05-07,88.5174789428711,,,,,,
2018-05-08,88.14028930664062,,,,,,
2018-05-09,89.17982482910156,,,,,,
2018-05-10,90.07218170166016,,,,,,
2018-05-11,89.87897491455078,,,,,,
2018-05-14,90.18257904052734,,,,,,
2018-05-15,89.52942657470703,,,,,,
2018-05-16,89.7603988647461,,,,,,
2018-05-17,88.86417388916016,,,,,,
2018-05-18,89.03050994873047,,,,,,
2018-05-21,90.17618560791016,,,,,,
2018-05-22,90.08379364013672,,,,,,
2018-05-23,91.15553283691406,,,,,,
2018-05-24,90.83214569091795,,,,,,
2018-05-25,90.87836456298828,,,,,,
2018-05-29,90.55498504638672,,,,,,
2018-05-30,91.4234848022461,,,,,,
2018-05-31,91.32184600830078,,,,,,
2018-06-01,93.12354278564452,,,,,,
2018-06-04,93.93660736083984,,,,,,
2018-06-05,94.4170379638672,,,,,,
2018-06-06,94.6941909790039,,,,,,
2018-06-07,93.20669555664062,,,,,,
2018-06-08,93.8996353149414,,,,,,
2018-06-11,93.3637466430664,,,,,,
2018-06-12,93.60398864746094,,,,,,
2018-06-13,93.17896270751952,,,,,,
2018-06-14,93.70561981201172,,,,,,
2018-06-15,92.51372528076172,,,,,,
2018-06-18,93.1882095336914,,,,,,
2018-06-19,93.1882095336914,,,,,,
2018-06-20,94.1213836669922,,,,,,
2018-06-21,93.44689178466795,,,,,,
2018-06-22,92.77242279052734,,,,,,
2018-06-25,90.90606689453124,,,,,,
2018-06-26,91.5436019897461,,,,,,
2018-06-27,90.12074279785156,,,,,,
2018-06-28,91.1278305053711,,,,,,
2018-06-29,91.10933685302734,,,,,,
2018-07-02,92.40286254882812,,,,,,
2018-07-03,91.51588439941406,,,,,,
2018-07-05,92.17189025878906,,,,,,
2018-07-06,93.4653778076172,,,,,,
2018-07-09,94.1029052734375,,,,,,
2018-07-10,94.35235595703124,,,,,,
2018-07-11,94.22303009033205,,,,,,
2018-07-12,96.2649154663086,,,,,,
2018-07-13,97.41057586669922,,,,,,
2018-07-16,96.93012237548828,,,,,,
2018-07-17,97.89105987548828,,,,,,
2018-07-18,97.12416076660156,,,,,,
2018-07-19,96.45894622802734,,,,,,
2018-07-20,98.18669891357422,,,,,,
2018-07-23,99.75738525390624,,,,,,
2018-07-24,99.47096252441406,,,,,,
2018-07-25,102.3998565673828,,,,,,
2018-07-26,101.28190612792967,,,,,,
2018-07-27,99.48944854736328,,,,,,
2018-07-30,97.35514068603516,,,,,,
2018-07-31,98.01115417480467,,,,,,
2018-08-01,98.19596099853516,,,,,,
2018-08-02,99.38782501220705,,,,,,
2018-08-03,99.8220443725586,,,,,,
2018-08-06,99.90521240234376,,,,,,
2018-08-07,100.5981674194336,,,,,,
2018-08-08,101.16178131103516,,,,,,
2018-08-09,101.3280792236328,,,,,,
2018-08-10,100.70906066894533,,,,,,
2018-08-13,99.97914123535156,,,,,,
2018-08-14,101.22645568847656,,,,,,
2018-08-15,99.85374450683594,,,,,,
2018-08-16,99.83522033691406,,,,,,
2018-08-17,99.77957153320312,,,,,,
2018-08-20,99.12104034423828,,,,,,
2018-08-21,98.29557800292967,,,,,,
2018-08-22,99.29727172851562,,,,,,
2018-08-23,99.76101684570312,,,,,,
2018-08-24,100.54010772705078,,,,,,
2018-08-27,101.653076171875,,,,,,
2018-08-28,102.2652587890625,,,,,,
2018-08-29,103.89762878417967,,,,,,
2018-08-30,103.83269500732422,,,,,,
2018-08-31,104.18516540527344,,,,,,
2018-09-04,103.61009979248048,,,,,,
2018-09-05,100.6235809326172,,,,,,
2018-09-06,100.85543823242188,,,,,,
2018-09-07,100.36387634277344,,,,,,
2018-09-10,101.44904327392578,,,,,,
2018-09-11,103.1741943359375,,,,,,
2018-09-12,103.61009979248048,,,,,,
2018-09-13,104.72309112548828,,,,,,
2018-09-14,105.14974975585938,,,,,,
2018-09-17,104.00890350341795,,,,,,
2018-09-18,105.0013427734375,,,,,,
2018-09-19,103.6008071899414,,,,,,
2018-09-20,105.33524322509766,,,,,,
2018-09-21,105.9752197265625,,,,,,
2018-09-24,106.35548400878906,,,,,,
2018-09-25,106.15143585205078,,,,,,
2018-09-26,105.71551513671876,,,,,,
2018-09-27,106.11434173583984,,,,,,
2018-09-28,106.07723236083984,,,,,,
2018-10-01,107.22732543945312,,,,,,
2018-10-02,106.80068969726562,,,,,,
2018-10-03,106.8192138671875,,,,,,
2018-10-04,104.61180114746094,,,,,,
2018-10-05,103.9996566772461,,,,,,
2018-10-08,102.81246948242188,,,,,,
2018-10-09,104.1202392578125,,,,,,
2018-10-10,98.4625244140625,,,,,,
2018-10-11,98.23062896728516,,,,,,
2018-10-12,101.62528228759766,,,,,,
2018-10-15,99.7981414794922,,,,,,
2018-10-16,102.95156860351562,,,,,,
2018-10-17,102.68260192871094,,,,,,
2018-10-18,100.6328582763672,,,,,,
2018-10-19,100.78125762939452,,,,,,
2018-10-22,101.6809310913086,,,,,,
2018-10-23,100.26185607910156,,,,,,
2018-10-24,94.90094757080078,,,,,,
2018-10-25,100.44734954833984,,,,,,
2018-10-26,99.20452880859376,,,,,,
2018-10-29,96.32003784179688,,,,,,
2018-10-30,96.20872497558594,,,,,,
2018-10-31,99.06539916992188,,,,,,
2018-11-01,98.23992156982422,,,,,,
2018-11-02,98.4625244140625,,,,,,
2018-11-05,99.71463775634766,,,,,,
2018-11-06,99.909423828125,,,,,,
2018-11-07,103.84198760986328,,,,,,
2018-11-08,103.64720916748048,,,,,,
2018-11-09,101.62528228759766,,,,,,
2018-11-12,99.12104034423828,,,,,,
2018-11-13,99.18597412109376,,,,,,
2018-11-14,97.7793960571289,,,,,,
2018-11-15,99.93116760253906,,,,,,
2018-11-16,100.8719711303711,,,,,,
2018-11-19,97.453369140625,,,,,,
2018-11-20,94.7427215576172,,,,,,
2018-11-21,96.04681396484376,,,,,,
2018-11-23,96.0095672607422,,,,,,
2018-11-26,99.17662811279295,,,,,,
2018-11-27,99.80078125,,,,,,
2018-11-28,103.50814056396484,,,,,,
2018-11-29,102.64181518554688,,,,,,
2018-11-30,103.29388427734376,,,,,,
2018-12-03,104.41169738769533,,,,,,
2018-12-04,101.0862274169922,,,,,,
2018-12-06,101.7103271484375,,,,,,
2018-12-07,97.63967895507812,,,,,,
2018-12-10,100.21991729736328,,,,,,
2018-12-11,101.15142822265624,,,,,,
2018-12-12,101.60787200927734,,,,,,
2018-12-13,101.95250701904295,,,,,,
2018-12-14,98.7667999267578,,,,,,
2018-12-17,95.84190368652344,,,,,,
2018-12-18,96.84790802001952,,,,,,
2018-12-19,96.58706665039062,,,,,,
2018-12-20,94.55643463134766,,,,,,
2018-12-21,91.50110626220705,,,,,,
2018-12-24,87.68194580078125,,,,,,
2018-12-26,93.67149353027344,,,,,,
2018-12-27,94.24903106689452,,,,,,
2018-12-28,93.51315307617188,,,,,,
2018-12-31,94.6123046875,,,,,,
2019-01-02,94.19314575195312,,,,,,
2019-01-03,90.72795867919922,,,,,,
2019-01-04,94.94764709472656,,,,,,
2019-01-07,95.06875610351562,,,,,,
2019-01-08,95.7580337524414,,,,,,
2019-01-09,97.12735748291016,,,,,,
2019-01-10,96.50325012207033,,,,,,
2019-01-11,95.7580337524414,,,,,,
2019-01-14,95.05943298339844,,,,,,
2019-01-15,97.81666564941406,,,,,,
2019-01-16,98.1613311767578,,,,,,
2019-01-17,98.8506317138672,,,,,,
2019-01-18,100.33170318603516,,,,,,
2019-01-22,98.44075775146484,,,,,,
2019-01-23,99.40019989013672,,,,,,
2019-01-24,98.9251480102539,,,,,,
2019-01-25,99.82869720458984,,,,,,
2019-01-28,97.88188934326172,,,,,,
2019-01-29,95.88844299316406,,,,,,
2019-01-30,99.09282684326172,,,,,,
2019-01-31,97.2763900756836,,,,,,
2019-02-01,95.73942565917967,,,,,,
2019-02-04,98.49667358398438,,,,,,
2019-02-05,99.87527465820312,,,,,,
2019-02-06,98.7667999267578,,,,,,
2019-02-07,98.05885314941406,,,,,,
2019-02-08,98.4314422607422,,,,,,
2019-02-11,98.04022979736328,,,,,,
2019-02-12,99.56788635253906,,,,,,
2019-02-13,99.49337005615234,,,,,,
2019-02-14,99.57720947265624,,,,,,
2019-02-15,100.8067626953125,,,,,,
2019-02-19,100.7602081298828,,,,,,
2019-02-20,100.23633575439452,,,,,,
2019-02-21,102.35053253173828,,,,,,
2019-02-22,103.80986785888672,,,,,,
2019-02-25,104.3898468017578,,,,,,
2019-02-26,105.11017608642578,,,,,,
2019-02-27,104.93241119384766,,,,,,
2019-02-28,104.8014678955078,,,,,,
2019-03-01,105.26920318603516,,,,,,
2019-03-04,105.01661682128906,,,,,,
2019-03-05,104.49275207519533,,,,,,
2019-03-06,104.53953552246094,,,,,,
2019-03-07,103.26728057861328,,,,,,
2019-03-08,103.3795394897461,,,,,,
2019-03-11,105.5498504638672,,,,,,
2019-03-12,106.28887176513672,,,,,,
2019-03-13,107.11206817626952,,,,,,
2019-03-14,107.19628143310548,,,,,,
2019-03-15,108.43111419677734,,,,,,
2019-03-18,109.98401641845705,,,,,,
2019-03-19,110.05884552001952,,,,,,
2019-03-20,109.93721771240234,,,,,,
2019-03-21,112.46302032470705,,,,,,
2019-03-22,109.49755859375,,,,,,
2019-03-25,110.06819915771484,,,,,,
2019-03-26,110.30207061767578,,,,,,
2019-03-27,109.23561096191406,,,,,,
2019-03-28,109.38530731201172,,,,,,
2019-03-29,110.33013153076172,,,,,,
2019-04-01,111.34043884277344,,,,,,
2019-04-02,111.49945831298828,,,,,,
2019-04-03,112.22914123535156,,,,,,
2019-04-04,111.65851593017578,,,,,,
2019-04-05,112.15431213378906,,,,,,
2019-04-08,112.19171142578124,,,,,,
2019-04-09,111.58367919921876,,,,,,
2019-04-10,112.4349594116211,,,,,,
2019-04-11,112.56592559814452,,,,,,
2019-04-12,113.1458969116211,,,,,,
2019-04-15,113.23946380615234,,,,,,
2019-04-16,112.9775390625,,,,,,
2019-04-17,113.91299438476562,,,,,,
2019-04-18,115.4097671508789,,,,,,
2019-04-22,115.77462005615234,,,,,,
2019-04-23,117.34620666503906,,,,,,
2019-04-24,116.9439468383789,,,,,,
2019-04-25,120.81681823730467,,,,,,
2019-04-26,121.50908660888672,,,,,,
2019-04-29,121.3968276977539,,,,,,
2019-04-30,122.17327880859376,,,,,,
2019-05-01,119.62876892089844,,,,,,
2019-05-02,118.0665054321289,,,,,,
2019-05-03,120.58294677734376,,,,,,
2019-05-06,119.88134765625,,,,,,
2019-05-07,117.42105865478516,,,,,,
2019-05-08,117.41169738769533,,,,,,
2019-05-09,117.40233612060548,,,,,,
2019-05-10,118.9271469116211,,,,,,
2019-05-13,115.39103698730467,,,,,,
2019-05-14,116.68199920654295,,,,,,
2019-05-15,118.32514190673828,,,,,,
2019-05-16,121.05745697021484,,,,,,
2019-05-17,120.24999237060548,,,,,,
2019-05-20,118.51294708251952,,,,,,
2019-05-21,119.15142822265624,,,,,,
2019-05-22,119.87440490722656,,,,,,
2019-05-23,118.4753875732422,,,,,,
2019-05-24,118.53172302246094,,,,,,
2019-05-28,118.45662689208984,,,,,,
2019-05-29,117.31110382080078,,,,,,
2019-05-30,118.05286407470705,,,,,,
2019-05-31,116.12806701660156,,,,,,
2019-06-03,112.52251434326172,,,,,,
2019-06-04,115.63980102539062,,,,,,
2019-06-05,118.14678192138672,,,,,,
2019-06-06,120.0152359008789,,,,,,
2019-06-07,123.37665557861328,,,,,,
2019-06-10,124.50341796875,,,,,,
2019-06-11,124.03389739990234,,,,,,
2019-06-12,123.46115112304688,,,,,,
2019-06-13,124.2405014038086,,,,,,
2019-06-14,124.36253356933594,,,,,,
2019-06-17,124.7381362915039,,,,,,
2019-06-18,126.90707397460938,,,,,,
2019-06-19,127.40469360351562,,,,,,
2019-06-20,128.58778381347656,,,,,,
2019-06-21,128.6065673828125,,,,,,
2019-06-24,129.36709594726562,,,,,,
2019-06-25,125.2826690673828,,,,,,
2019-06-26,125.7521514892578,,,,,,
2019-06-27,125.95873260498048,,,,,,
2019-06-28,125.78032684326172,,,,,,
2019-07-01,127.39531707763672,,,,,,
2019-07-02,128.24037170410156,,,,,,
2019-07-03,129.06666564941406,,,,,,
2019-07-05,128.6910400390625,,,,,,
2019-07-08,128.5971221923828,,,,,,
2019-07-09,128.12770080566406,,,,,,
2019-07-10,129.43284606933594,,,,,,
2019-07-11,129.94921875,,,,,,
2019-07-12,130.41868591308594,,,,,,
2019-07-15,130.41868591308594,,,,,,
2019-07-16,128.7098388671875,,,,,,
2019-07-17,127.94928741455078,,,,,,
2019-07-18,128.09014892578125,,,,,,
2019-07-19,128.27792358398438,,,,,,
2019-07-22,129.9773712158203,,,,,,
2019-07-23,130.78488159179688,,,,,,
2019-07-24,132.12753295898438,,,,,,
2019-07-25,131.62994384765625,,,,,,
2019-07-26,132.70970153808594,,,,,,
2019-07-29,132.4186248779297,,,,,,
2019-07-30,131.78016662597656,,,,,,
2019-07-31,127.94928741455078,,,,,,
2019-08-01,129.62997436523438,,,,,,
2019-08-02,128.54078674316406,,,,,,
2019-08-05,124.13719940185548,,,,,,
2019-08-06,126.46578216552734,,,,,,
2019-08-07,127.01972198486328,,,,,,
2019-08-08,130.40933227539062,,,,,,
2019-08-09,129.30136108398438,,,,,,
2019-08-12,127.49855041503906,,,,,,
2019-08-13,130.13705444335938,,,,,,
2019-08-14,126.21803283691406,,,,,,
2019-08-15,125.93540954589844,,,,,,
2019-08-16,128.24351501464844,,,,,,
2019-08-19,130.39141845703125,,,,,,
2019-08-20,129.30801391601562,,,,,,
2019-08-21,130.7493438720703,,,,,,
2019-08-22,129.7978515625,,,,,,
2019-08-23,125.66218566894533,,,,,,
2019-08-26,127.60289001464844,,,,,,
2019-08-27,127.87609100341795,,,,,,
2019-08-28,127.7064971923828,,,,,,
2019-08-29,130.11817932128906,,,,,,
2019-08-30,129.8732452392578,,,,,,
2019-09-03,128.15870666503906,,,,,,
2019-09-04,129.65655517578125,,,,,,
2019-09-05,131.93638610839844,,,,,,
2019-09-06,131.04139709472656,,,,,,
2019-09-09,129.5529327392578,,,,,,
2019-09-10,128.19631958007812,,,,,,
2019-09-11,128.23403930664062,,,,,,
2019-09-12,129.5529327392578,,,,,,
2019-09-13,129.36456298828125,,,,,,
2019-09-16,128.43190002441406,,,,,,
2019-09-17,129.43051147460938,,,,,,
2019-09-18,130.4949951171875,,,,,,
2019-09-19,132.8972930908203,,,,,,
2019-09-20,131.3616943359375,,,,,,
2019-09-23,131.0791015625,,,,,,
2019-09-24,129.42103576660156,,,,,,
2019-09-25,131.28636169433594,,,,,,
2019-09-26,131.45591735839844,,,,,,
2019-09-27,129.7507781982422,,,,,,
2019-09-30,130.97549438476562,,,,,,
2019-10-01,129.12899780273438,,,,,,
2019-10-02,126.8492202758789,,,,,,
2019-10-03,128.3848114013672,,,,,,
2019-10-04,130.11817932128906,,,,,,
2019-10-07,129.17611694335938,,,,,,
2019-10-08,127.81011962890624,,,,,,
2019-10-09,130.23126220703125,,,,,,
2019-10-10,131.04139709472656,,,,,,
2019-10-11,131.58779907226562,,,,,,
2019-10-14,131.46536254882812,,,,,,
2019-10-15,133.3682861328125,,,,,,
2019-10-16,132.2755126953125,,,,,,
2019-10-17,131.5972442626953,,,,,,
2019-10-18,129.44931030273438,,,,,,
2019-10-21,130.41018676757812,,,,,,
2019-10-22,128.46954345703125,,,,,,
2019-10-23,129.28916931152344,,,,,,
2019-10-24,131.8327178955078,,,,,,
2019-10-25,132.57696533203125,,,,,,
2019-10-28,135.8365020751953,,,,,,
2019-10-29,134.5552978515625,,,,,,
2019-10-30,136.23219299316406,,,,,,
2019-10-31,135.06402587890625,,,,,,
2019-11-01,135.3937225341797,,,,,,
2019-11-04,136.1756591796875,,,,,,
2019-11-05,136.09088134765625,,,,,,
2019-11-06,135.7140350341797,,,,,,
2019-11-07,135.9024658203125,,,,,,
2019-11-08,137.50396728515625,,,,,,
2019-11-11,137.6453399658203,,,,,,
2019-11-12,138.54962158203125,,,,,,
2019-11-13,138.7757110595703,,,,,,
2019-11-14,139.48228454589844,,,,,,
2019-11-15,141.2816925048828,,,,,,
2019-11-18,141.63021850585938,,,,,,
2019-11-19,141.67735290527344,,,,,,
2019-11-20,141.43157958984375,,,,,,
2019-11-21,141.2992401123047,,,,,,
2019-11-22,141.4032440185547,,,,,,
2019-11-25,142.9534149169922,,,,,,
2019-11-26,143.70968627929688,,,,,,
2019-11-27,143.98377990722656,,,,,,
2019-11-29,143.09523010253906,,,,,,
2019-12-02,141.3654022216797,,,,,,
2019-12-03,141.1385498046875,,,,,,
2019-12-04,141.6490020751953,,,,,,
2019-12-05,141.7245635986328,,,,,,
2019-12-06,143.4449920654297,,,,,,
2019-12-09,143.07632446289062,,,,,,
2019-12-10,142.85888671875,,,,,,
2019-12-11,143.39768981933594,,,,,,
2019-12-12,144.8534698486328,,,,,,
2019-12-13,146.07281494140625,,,,,,
2019-12-16,147.0181121826172,,,,,,
2019-12-17,146.22409057617188,,,,,,
2019-12-18,145.92160034179688,,,,,,
2019-12-19,147.1882781982422,,,,,,
2019-12-20,148.79522705078125,,,,,,
2019-12-23,148.79522705078125,,,,,,
2019-12-24,148.76687622070312,,,,,,
2019-12-26,149.9862823486328,,,,,,
2019-12-27,150.26040649414062,,,,,,
2019-12-30,148.96536254882812,,,,,,
2019-12-31,149.0693817138672,,,,,,
2020-01-02,151.82952880859375,,,,,,
2020-01-03,149.9390411376953,,,,,,
2020-01-06,150.3265838623047,,,,,,
2020-01-07,148.95591735839844,,,,,,
2020-01-08,151.32855224609375,,,,,,
2020-01-09,153.21908569335938,,,,,,
2020-01-10,152.51011657714844,,,,,,
2020-01-13,154.3439483642578,,,,,,
2020-01-14,153.25685119628906,,,,,,
2020-01-15,154.24942016601562,,,,,,
2020-01-16,157.07582092285156,,,,,,
2020-01-17,157.9548797607422,,,,,,
2020-01-21,157.38778686523438,,,,,,
2020-01-22,156.6315460205078,,,,,,
2020-01-23,157.595703125,,,,,,
2020-01-24,156.0076141357422,,,,,,
2020-01-27,153.3987274169922,,,,,,
2020-01-28,156.4046630859375,,,,,,
2020-01-29,158.84344482421875,,,,,,
2020-01-30,163.32406616210938,,,,,,
2020-01-31,160.91360473632812,,,,,,
2020-02-03,164.8365020751953,,,,,,
2020-02-04,170.2623748779297,,,,,,
2020-02-05,170.0543975830078,,,,,,
2020-02-06,173.5802459716797,,,,,,
2020-02-07,173.8260040283203,,,,,,
2020-02-10,178.372802734375,,,,,,
2020-02-11,174.34593200683594,,,,,,
2020-02-12,174.60113525390625,,,,,,
2020-02-13,173.65586853027344,,,,,,
2020-02-14,175.20614624023438,,,,,,
2020-02-18,176.9832305908203,,,,,,
2020-02-19,177.51405334472656,,,,,,
2020-02-20,174.80316162109375,,,,,,
2020-02-21,169.27716064453125,,,,,,
2020-02-24,161.97872924804688,,,,,,
2020-02-25,159.30577087402344,,,,,,
2020-02-26,161.29623413085938,,,,,,
2020-02-27,149.93150329589844,,,,,,
2020-02-28,153.561767578125,,,,,,
2020-03-02,163.7796630859375,,,,,,
2020-03-03,155.93138122558594,,,,,,
2020-03-04,161.65646362304688,,,,,,
2020-03-05,157.59963989257812,,,,,,
2020-03-06,153.14476013183594,,,,,,
2020-03-09,142.7656707763672,,,,,,
2020-03-10,152.52859497070312,,,,,,
2020-03-11,145.61878967285156,,,,,,
2020-03-12,131.8085479736328,,,,,,
2020-03-13,150.54762268066406,,,,,,
2020-03-16,128.35836791992188,,,,,,
2020-03-17,138.92691040039062,,,,,,
2020-03-18,133.07861328125,,,,,,
2020-03-19,135.2681884765625,,,,,,
2020-03-20,130.1876983642578,,,,,,
2020-03-23,128.88912963867188,,,,,,
2020-03-24,140.6045684814453,,,,,,
2020-03-25,139.25868225097656,,,,,,
2020-03-26,147.9694061279297,,,,,,
2020-03-27,141.89369201660156,,,,,,
2020-03-30,151.87457275390625,,,,,,
2020-03-31,149.48602294921875,,,,,,
2020-04-01,144.17800903320312,,,,,,
2020-04-02,147.1637420654297,,,,,,
2020-04-03,145.80836486816406,,,,,,
2020-04-06,156.6517791748047,,,,,,
2020-04-07,154.964599609375,,,,,,
2020-04-08,156.51907348632812,,,,,,
2020-04-09,156.52854919433594,,,,,,
2020-04-13,156.87925720214844,,,,,,
2020-04-14,164.64222717285156,,,,,,
2020-04-15,162.91708374023438,,,,,,
2020-04-16,167.8080596923828,,,,,,
2020-04-17,169.2866668701172,,,,,,
2020-04-20,165.93125915527344,,,,,,
2020-04-21,159.06878662109375,,,,,,
2020-04-22,164.4715576171875,,,,,,
2020-04-23,162.48101806640625,,,,,,
2020-04-24,165.4477996826172,,,,,,
2020-04-27,164.9739227294922,,,,,,
2020-04-28,160.9550323486328,,,,,,
2020-04-29,168.1776580810547,,,,,,
2020-04-30,169.8648681640625,,,,,,
2020-05-01,165.46685791015625,,,,,,
2020-05-04,169.51416015625,,,,,,
2020-05-05,171.33399963378906,,,,,,
2020-05-06,173.02120971679688,,,,,,
2020-05-07,174.02593994140625,,,,,,
2020-05-08,175.04962158203125,,,,,,
2020-05-11,177.002197265625,,,,,,
2020-05-12,172.9927520751953,,,,,,
2020-05-13,170.37669372558594,,,,,,
2020-05-14,171.11599731445312,,,,,,
2020-05-15,173.6088409423828,,,,,,
2020-05-18,175.26763916015625,,,,,,
2020-05-19,174.0543670654297,,,,,,
2020-05-20,176.46861267089844,,,,,,
2020-05-21,174.34902954101562,,,,,,
2020-05-22,174.42503356933594,,,,,,
2020-05-26,172.5811309814453,,,,,,
2020-05-27,172.80923461914062,,,,,,
2020-05-28,172.41954040527344,,,,,,
2020-05-29,174.17794799804688,,,,,,
2020-06-01,173.7787322998047,,,,,,
2020-06-02,175.75576782226562,,,,,,
2020-06-03,176.1834716796875,,,,,,
2020-06-04,173.86424255371094,,,,,,
2020-06-05,177.93238830566406,,,,,,
2020-06-08,179.03497314453125,,,,,,
2020-06-09,180.40367126464844,,,,,,
2020-06-10,187.0951385498047,,,,,,
2020-06-11,177.04843139648438,,,,,,
2020-06-12,178.44566345214844,,,,,,
2020-06-15,179.5862274169922,,,,,,
2020-06-16,183.9869842529297,,,,,,
2020-06-17,184.6238555908203,,,,,,
2020-06-18,186.60089111328125,,,,,,
2020-06-19,185.48876953125,,,,,,
2020-06-22,190.6405487060547,,,,,,
2020-06-23,191.9141540527344,,,,,,
2020-06-24,188.045654296875,,,,,,
2020-06-25,190.421875,,,,,,
2020-06-26,186.61038208007807,,,,,,
2020-06-29,188.61590576171875,,,,,,
2020-06-30,193.43492126464844,,,,,,
2020-07-01,194.5660400390625,,,,,,
2020-07-02,196.04879760742188,,,,,,
2020-07-06,200.2689666748047,,,,,,
2020-07-07,197.9402618408203,,,,,,
2020-07-08,202.2935028076172,,,,,,
2020-07-09,203.70977783203125,,,,,,
2020-07-10,203.0919647216797,,,,,,
2020-07-13,196.81874084472656,,,,,,
2020-07-14,198.0353240966797,,,,,,
2020-07-15,197.7406463623047,,,,,,
2020-07-16,193.8246459960937,,,,,,
2020-07-17,192.83612060546875,,,,,,
2020-07-20,201.1244506835937,,,,,,
2020-07-21,198.41549682617188,,,,,,
2020-07-22,201.26698303222656,,,,,,
2020-07-23,192.512939453125,,,,,,
2020-07-24,191.33433532714844,,,,,,
2020-07-27,193.75811767578125,,,,,,
2020-07-28,192.01873779296875,,,,,,
2020-07-29,193.95770263671875,,,,,,
2020-07-30,193.8056182861328,,,,,,
2020-07-31,194.86065673828125,,,,,,
2020-08-03,205.81988525390625,,,,,,
2020-08-04,202.73068237304688,,,,,,
2020-08-05,202.3980712890625,,,,,,
2020-08-06,205.6392822265625,,,,,,
2020-08-07,201.9608612060547,,,,,,
2020-08-10,197.9402618408203,,,,,,
2020-08-11,193.3113555908203,,,,,,
2020-08-12,198.83370971679688,,,,,,
2020-08-13,198.3679962158203,,,,,,
2020-08-14,198.55810546875,,,,,,
2020-08-17,199.8697967529297,,,,,,
2020-08-18,201.0198974609375,,,,,,
2020-08-19,199.8003387451172,,,,,,
2020-08-20,204.44992065429688,,,,,,
2020-08-21,202.96359252929688,,,,,,
2020-08-24,203.60191345214844,,,,,,
2020-08-25,206.25070190429688,,,,,,
2020-08-26,210.70974731445312,,,,,,
2020-08-27,215.8834228515625,,,,,,
2020-08-28,218.1034393310547,,,,,,
2020-08-31,214.8829498291016,,,,,,
2020-09-01,216.5408172607422,,,,,,
2020-09-02,220.7140350341797,,,,,,
2020-09-03,207.04150390625,,,,,,
2020-09-04,204.135498046875,,,,,,
2020-09-08,193.09266662597656,,,,,,
2020-09-09,201.3152618408203,,,,,,
2020-09-10,195.6747131347656,,,,,,
2020-09-11,194.39796447753903,,,,,,
2020-09-14,195.7128143310547,,,,,,
2020-09-15,198.9237365722656,,,,,,
2020-09-16,195.3698272705078,,,,,,
2020-09-17,193.33084106445312,,,,,,
2020-09-18,190.92979431152344,,,,,,
2020-09-21,192.97830200195312,,,,,,
2020-09-22,197.6279296875,,,,,,
2020-09-23,191.1203765869141,,,,,,
2020-09-24,193.59762573242188,,,,,,
2020-09-25,198.009033203125,,,,,,
2020-09-28,199.55259704589844,,,,,,
2020-09-29,197.4755096435547,,,,,,
2020-09-30,200.40060424804688,,,,,,
2020-10-01,202.4300079345703,,,,,,
2020-10-02,196.4560394287109,,,,,,
2020-10-05,200.4481964111328,,,,,,
2020-10-06,196.1892242431641,,,,,,
2020-10-07,199.9241943359375,,,,,,
2020-10-08,200.6388092041016,,,,,,
2020-10-09,205.62185668945312,,,,,,
2020-10-12,210.94796752929688,,,,,,
2020-10-13,212.33905029296875,,,,,,
2020-10-14,210.4334716796875,,,,,,
2020-10-15,209.2900848388672,,,,,,
2020-10-16,209.2900848388672,,,,,,
2020-10-19,204.10693359375,,,,,,
2020-10-20,204.51661682128903,,,,,,
2020-10-21,204.6595001220703,,,,,,
2020-10-22,204.7452850341797,,,,,,
2020-10-23,206.0220489501953,,,,,,
2020-10-26,200.16238403320312,,,,,,
2020-10-27,203.1827087402344,,,,,,
2020-10-28,193.1117248535156,,,,,,
2020-10-29,195.0553741455078,,,,,,
2020-10-30,192.91165161132807,,,,,,
2020-11-02,192.7782287597656,,,,,,
2020-11-03,196.6846618652344,,,,,,
2020-11-04,206.17446899414065,,,,,,
2020-11-05,212.74871826171875,,,,,,
2020-11-06,213.158447265625,,,,,,
2020-11-09,208.0800323486328,,,,,,
2020-11-10,201.04844665527344,,,,,,
2020-11-11,206.32693481445312,,,,,,
2020-11-12,205.2693023681641,,,,,,
2020-11-13,206.28884887695312,,,,,,
2020-11-16,206.9748077392578,,,,,,
2020-11-17,204.3356170654297,,,,,,
2020-11-18,201.6416931152344,,,,,,
2020-11-19,202.9217834472656,,,,,,
2020-11-20,200.9825134277344,,,,,,
2020-11-23,200.71505737304688,,,,,,
2020-11-24,204.29742431640625,,,,,,
2020-11-25,204.3069305419922,,,,,,
2020-11-27,205.60614013671875,,,,,,
2020-11-30,204.4979858398437,,,,,,
2020-12-01,206.5423278808593,,,,,,
2020-12-02,205.73985290527344,,,,,,
2020-12-03,204.660385131836,,,,,,
2020-12-04,204.7750701904297,,,,,,
2020-12-07,204.7081451416016,,,,,,
2020-12-08,206.35118103027344,,,,,,
2020-12-09,202.32948303222656,,,,,,
2020-12-10,201.10675048828125,,,,,,
2020-12-11,203.7242126464844,,,,,,
2020-12-14,204.6221466064453,,,,,,
2020-12-15,204.55535888671875,,,,,,
2020-12-16,209.4750366210937,,,,,,
2020-12-17,209.6087341308593,,,,,,
2020-12-18,208.8159027099609,,,,,,
2020-12-21,212.6370391845703,,,,,,
2020-12-22,213.92665100097656,,,,,,
2020-12-23,211.13720703125,,,,,,
2020-12-24,212.7898864746093,,,,,,
2020-12-28,214.9010467529297,,,,,,
2020-12-29,214.1272888183593,,,,,,
2020-12-30,211.7677459716797,,,,,,
2020-12-31,212.47463989257807,,,,,,
2021-01-04,207.9561309814453,,,,,,
2021-01-05,208.1567230224609,,,,,,
2021-01-06,202.7593994140625,,,,,,
2021-01-07,208.52932739257807,,,,,,
2021-01-08,209.79983520507807,,,,,,
2021-01-11,207.7650604248047,,,,,,
2021-01-12,205.31951904296875,,,,,,
2021-01-13,206.66647338867188,,,,,,
2021-01-14,203.49493408203125,,,,,,
2021-01-15,203.1415100097656,,,,,,
2021-01-19,206.7620086669922,,,,,,
2021-01-20,214.30880737304688,,,,,,
2021-01-21,214.91061401367188,,,,,,
2021-01-22,215.84678649902344,,,,,,
2021-01-25,219.2667236328125,,,,,,
2021-01-26,221.9414825439453,,,,,,
2021-01-27,222.4860076904297,,,,,,
2021-01-28,228.2463836669922,,,,,,
2021-01-29,221.5880584716797,,,,,,
2021-02-01,228.9342041015625,,,,,,
2021-02-02,228.8004302978516,,,,,,
2021-02-03,232.1343994140625,,,,,,
2021-02-04,231.1886749267578,,,,,,
2021-02-05,231.3701934814453,,,,,,
2021-02-08,231.62811279296875,,,,,,
2021-02-09,232.8699645996093,,,,,,
2021-02-10,231.96246337890625,,,,,,
2021-02-11,233.55780029296875,,,,,,
2021-02-12,234.0354156494141,,,,,,
2021-02-16,232.80311584472656,,,,,,
2021-02-17,233.8180084228516,,,,,,
2021-02-18,233.4254913330078,,,,,,
2021-02-19,230.725341796875,,,,,,
2021-02-22,224.5400390625,,,,,,
2021-02-23,223.35269165039065,,,,,,
2021-02-24,224.57827758789065,,,,,,
2021-02-25,219.25469970703125,,,,,,
2021-02-26,222.50054931640625,,,,,,
2021-03-01,226.86671447753903,,,,,,
2021-03-02,223.92721557617188,,,,,,
2021-03-03,217.8854522705078,,,,,,
2021-03-04,217.0907592773437,,,,,,
2021-03-05,221.75372314453125,,,,,,
2021-03-08,217.72268676757807,,,,,,
2021-03-09,223.841049194336,,,,,,
2021-03-10,222.5388641357422,,,,,,
2021-03-11,227.04864501953125,,,,,,
2021-03-12,225.72726440429688,,,,,,
2021-03-15,224.8272399902344,,,,,,
2021-03-16,227.6039886474609,,,,,,
2021-03-17,226.9624481201172,,,,,,
2021-03-18,220.9111175537109,,,,,,
2021-03-19,220.556869506836,,,,,,
2021-03-22,225.9570770263672,,,,,,
2021-03-23,227.4794769287109,,,,,,
2021-03-24,225.4496154785156,,,,,,
2021-03-25,222.46221923828125,,,,,,
2021-03-26,226.4262237548828,,,,,,
2021-03-29,225.23892211914065,,,,,,
2021-03-30,221.9931030273437,,,,,,
2021-03-31,225.7464141845703,,,,,,
2021-04-01,232.04669189453125,,,,,,
2021-04-05,238.4810028076172,,,,,,
2021-04-06,237.3224029541016,,,,,,
2021-04-07,239.2756805419922,,,,,,
2021-04-08,242.4832763671875,,,,,,
2021-04-09,244.9727325439453,,,,,,
2021-04-12,245.03016662597656,,,,,,
2021-04-13,247.50050354003903,,,,,,
2021-04-14,244.72378540039065,,,,,,
2021-04-15,248.46755981445312,,,,,,
2021-04-16,249.65484619140625,,,,,,
2021-04-19,247.7398681640625,,,,,,
2021-04-20,247.2802581787109,,,,,,
2021-04-21,249.50161743164065,,,,,,
2021-04-22,246.2366638183593,,,,,,
2021-04-23,250.0473480224609,,,,,,
2021-04-26,250.4303741455078,,,,,,
2021-04-27,250.83258056640625,,,,,,
2021-04-28,243.73760986328125,,,,,,
2021-04-29,241.7747344970703,,,,,,
2021-04-30,241.4587554931641,,,,,,
2021-05-03,241.15235900878903,,,,,,
2021-05-04,237.25537109375,,,,,,
2021-05-05,235.9915008544922,,,,,,
2021-05-06,239.11294555664065,,,,,,
2021-05-07,241.7268524169922,,,,,,
2021-05-10,236.6712951660156,,,,,,
2021-05-11,235.7617034912109,,,,,,
2021-05-12,228.83908081054688,,,,,,
2021-05-13,232.69778442382807,,,,,,
2021-05-14,237.6000823974609,,,,,,
2021-05-17,234.75637817382807,,,,,,
2021-05-18,232.7456512451172,,,,,,
2021-05-19,233.32147216796875,,,,,,
2021-05-20,236.5460205078125,,,,,,
2021-05-21,235.28887939453125,,,,,,
2021-05-24,240.67274475097656,,,,,,
2021-05-25,241.5748748779297,,,,,,
2021-05-26,241.35411071777344,,,,,,
2021-05-27,239.26199340820312,,,,,,
2021-05-28,239.61705017089844,,,,,,
2021-06-01,237.4289703369141,,,,,,
2021-06-02,237.3329925537109,,,,,,
2021-06-03,235.8070678710937,,,,,,
2021-06-04,240.68234252929688,,,,,,
2021-06-07,243.58062744140625,,,,,,
2021-06-08,242.3906097412109,,,,,,
2021-06-09,243.3694763183593,,,,,,
2021-06-10,246.8723602294922,,,,,,
2021-06-11,247.4962310791016,,,,,,
2021-06-14,249.41563415527344,,,,,,
2021-06-15,247.94723510742188,,,,,,
2021-06-16,247.0067443847656,,,,,,
2021-06-17,250.38482666015625,,,,,,
2021-06-18,248.9741058349609,,,,,,
2021-06-21,252.045150756836,,,,,,
2021-06-22,254.8090667724609,,,,,,
2021-06-23,254.57867431640625,,,,,,
2021-06-24,255.9414978027344,,,,,,
2021-06-25,254.3388519287109,,,,,,
2021-06-28,257.8896789550781,,,,,,
2021-06-29,260.4617004394531,,,,,,
2021-06-30,259.9818115234375,,,,,,
2021-07-01,260.6536560058594,,,,,,
2021-07-02,266.45977783203125,,,,,,
2021-07-06,266.4693908691406,,,,,,
2021-07-07,268.6477966308594,,,,,,
2021-07-08,266.2391662597656,,,,,,
2021-07-09,266.73809814453125,,,,,,
2021-07-12,266.1430969238281,,,,,,
2021-07-13,269.6556091308594,,,,,,
2021-07-14,271.1239318847656,,,,,,
2021-07-15,269.7035827636719,,,,,,
2021-07-16,269.434814453125,,,,,,
2021-07-19,265.8455810546875,,,,,,
2021-07-20,268.0624694824219,,,,,,
2021-07-21,270.0586853027344,,,,,,
2021-07-22,274.607666015625,,,,,,
2021-07-23,277.995361328125,,,,,,
2021-07-26,277.4002990722656,,,,,,
2021-07-27,274.99151611328125,,,,,,
2021-07-28,274.68438720703125,,,,,,
2021-07-29,274.9530639648437,,,,,,
2021-07-30,273.4271850585937,,,,,,
2021-08-02,273.34088134765625,,,,,,
2021-08-03,275.5481872558594,,,,,,
2021-08-04,274.9627990722656,,,,,,
2021-08-05,277.8514404296875,,,,,,
2021-08-06,277.7937927246094,,,,,,
2021-08-09,276.7093811035156,,,,,,
2021-08-10,274.8955383300781,,,,,,
2021-08-11,275.38494873046875,,,,,,
2021-08-12,278.1297302246094,,,,,,
2021-08-13,281.0472106933594,,,,,,
2021-08-16,282.7267150878906,,,,,,
2021-08-17,281.2679443359375,,,,,,
2021-08-18,279.5467834472656,,,,,,
2021-08-19,285.3544311523437,,,,,,
2021-08-20,292.65252685546875,,,,,,
2021-08-23,292.93133544921875,,,,,,
2021-08-24,290.9794006347656,,,,,,
2021-08-25,290.3928527832031,,,,,,
2021-08-26,287.58514404296875,,,,,,
2021-08-27,288.1909484863281,,,,,,
2021-08-30,291.9120483398437,,,,,,
2021-08-31,290.267822265625,,,,,,
2021-09-01,290.21978759765625,,,,,,
2021-09-02,289.56591796875,,,,,,
2021-09-03,289.5564270019531,,,,,,
2021-09-07,288.63330078125,,,,,,
2021-09-08,288.662109375,,,,,,
2021-09-09,285.8159484863281,,,,,,
2021-09-10,284.33514404296875,,,,,,
2021-09-13,285.56591796875,,,,,,
2021-09-14,288.2582092285156,,,,,,
2021-09-15,293.0947570800781,,,,,,
2021-09-16,293.4794006347656,,,,,,
2021-09-17,288.3352355957031,,,,,,
2021-09-20,282.9794311523437,,,,,,
2021-09-21,283.460205078125,,,,,,
2021-09-22,287.0948486328125,,,,,,
2021-09-23,288.03717041015625,,,,,,
2021-09-24,287.83514404296875,,,,,,
2021-09-27,282.8544921875,,,,,,
2021-09-28,272.614013671875,,,,,,
2021-09-29,273.0756530761719,,,,,,
2021-09-30,271.07568359375,,,,,,
2021-10-01,277.9794006347656,,,,,,
2021-10-04,272.2199401855469,,,,,,
2021-10-05,277.65252685546875,,,,,,
2021-10-06,281.835205078125,,,,,,
2021-10-07,283.5082397460937,,,,,,
2021-10-08,283.5082397460937,,,,,,
2021-10-11,282.91217041015625,,,,,,
2021-10-12,281.6140441894531,,,,,,
2021-10-13,284.9120788574219,,,,,,
2021-10-14,291.1044006347656,,,,,,
2021-10-15,292.5082397460937,,,,,,
2021-10-18,295.46978759765625,,,,,,
2021-10-19,296.37359619140625,,,,,,
2021-10-20,295.5851745605469,,,,,,
2021-10-21,298.8062744140625,,,,,,
2021-10-22,297.26788330078125,,,,,,
2021-10-25,296.2774963378906,,,,,,
2021-10-26,298.1813049316406,,,,,,
2021-10-27,310.73895263671875,,,,,,
2021-10-28,311.8735656738281,,,,,,
2021-10-29,318.8638916015625,,,,,,
2021-11-01,316.7004699707031,,,,,,
2021-11-02,320.3158264160156,,,,,,
2021-11-03,321.15234375,,,,,,
2021-11-04,323.4983825683594,,,,,,
2021-11-05,323.13311767578125,,,,,,
2021-11-08,324.02734375,,,,,,
2021-11-09,323.0273132324219,,,,,,
2021-11-10,318.0754089355469,,,,,,
2021-11-11,319.6427001953125,,,,,,
2021-11-12,323.7677001953125,,,,,,
2021-11-15,323.1427001953125,,,,,,
2021-11-16,326.4504089355469,,,,,,
2021-11-17,326.6719055175781,,,,,,
2021-11-18,328.7430419921875,,,,,,
2021-11-19,330.5155639648437,,,,,,
2021-11-22,327.3558349609375,,,,,,
2021-11-23,325.28485107421875,,,,,,
2021-11-24,325.5063781738281,,,,,,
2021-11-26,317.5785217285156,,,,,,
2021-11-29,324.2733459472656,,,,,,
2021-11-30,318.455078125,,,,,,
2021-12-01,317.9637756347656,,,,,,
2021-12-02,317.3954467773437,,,,,,
2021-12-03,311.1532287597656,,,,,,
2021-12-06,314.21661376953125,,,,,,
2021-12-07,322.6261291503906,,,,,,
2021-12-08,322.6743469238281,,,,,,
2021-12-09,320.8729553222656,,,,,,
2021-12-10,329.9664001464844,,,,,,
2021-12-13,326.941650390625,,,,,,
2021-12-14,316.28765869140625,,,,,,
2021-12-15,322.3660583496094,,,,,,
2021-12-16,312.9739074707031,,,,,,
2021-12-17,311.914306640625,,,,,,
2021-12-20,308.1670837402344,,,,,,
2021-12-21,315.27618408203125,,,,,,
2021-12-22,320.9692687988281,,,,,,
2021-12-23,322.4045715332031,,,,,,
2021-12-27,329.8797607421875,,,,,,
2021-12-28,328.7237548828125,,,,,,
2021-12-29,329.3980712890625,,,,,,
2021-12-30,326.8646545410156,,,,,,
2021-12-31,323.9747619628906,,,,,,
2022-01-03,322.46240234375,,,,,,
2022-01-04,316.9330444335937,,,,,,
2022-01-05,304.7667236328125,,,,,,
2022-01-06,302.35845947265625,,,,,,
2022-01-07,302.5125732421875,,,,,,
2022-01-10,302.7341613769531,,,,,,
2022-01-11,303.4180908203125,,,,,,
2022-01-12,306.5872802734375,,,,,,
2022-01-13,293.6117248535156,,,,,,
2022-01-14,298.81353759765625,,,,,,
2022-01-18,291.5406494140625,,,,,,
2022-01-19,292.1956481933594,,,,,,
2022-01-20,290.5292053222656,,,,,,
2022-01-21,285.16363525390625,,,,,,
2022-01-24,285.4911499023437,,,,,,
2022-01-25,277.9004211425781,,,,,,
2022-01-26,285.81866455078125,,,,,,
2022-01-27,288.83380126953125,,,,,,
2022-01-28,296.9447326660156,,,,,,
2022-01-31,299.5649108886719,,,,,,
2022-02-01,297.4263610839844,,,,,,
2022-02-02,301.9538269042969,,,,,,
2022-02-03,290.1920471191406,,,,,,
2022-02-04,294.7098999023437,,,,,,
2022-02-07,289.903076171875,,,,,,
2022-02-08,293.3805847167969,,,,,,
2022-02-09,299.7864685058594,,,,,,
2022-02-10,291.28057861328125,,,,,,
2022-02-11,284.2099914550781,,,,,,
2022-02-14,284.1714782714844,,,,,,
2022-02-15,289.440673828125,,,,,,
2022-02-16,289.1028747558594,,,,,,
2022-02-17,280.6373291015625,,,,,,
2022-02-18,277.9344787597656,,,,,,
2022-02-22,277.7317810058594,,,,,,
2022-02-23,270.5404052734375,,,,,,
2022-02-24,284.36328125,,,,,,
2022-02-25,286.9888610839844,,,,,,
2022-02-28,288.41754150390625,,,,,,
2022-03-01,284.7107849121094,,,,,,
2022-03-02,289.76885986328125,,,,,,
2022-03-03,285.6470947265625,,,,,,
2022-03-04,279.7975158691406,,,,,,
2022-03-07,269.2276611328125,,,,,,
2022-03-08,266.2738647460937,,,,,,
2022-03-09,278.48468017578125,,,,,,
2022-03-10,275.6756896972656,,,,,,
2022-03-11,270.34735107421875,,,,,,
2022-03-14,266.8433837890625,,,,,,
2022-03-15,277.1815185546875,,,,,,
2022-03-16,284.1701965332031,,,,,,
2022-03-17,284.97149658203125,,,,,,
2022-03-18,290.00048828125,,,,,,
2022-03-21,288.7746276855469,,,,,,
2022-03-22,293.5045471191406,,,,,,
2022-03-23,289.0931396484375,,,,,,
2022-03-24,293.5431823730469,,,,,,
2022-03-25,293.1376953125,,,,,,
2022-03-28,299.9140014648437,,,,,,
2022-03-29,304.4605407714844,,,,,,
2022-03-30,302.9642944335937,,,,,,
2022-03-31,297.60693359375,,,,,,
2022-04-01,298.678466796875,,,,,,
2022-04-04,304.03582763671875,,,,,,
2022-04-05,300.0877685546875,,,,,,
2022-04-06,289.1028747558594,,,,,,
2022-04-07,290.9079284667969,,,,,,
2022-04-08,286.66070556640625,,,,,,
2022-04-11,275.3571472167969,,,,,,
2022-04-12,272.268310546875,,,,,,
2022-04-13,277.6352844238281,,,,,,
2022-04-14,270.1156311035156,,,,,,
2022-04-18,270.7817077636719,,,,,,
2022-04-19,275.39581298828125,,,,,,
2022-04-20,276.4189147949219,,,,,,
2022-04-21,271.0616455078125,,,,,,
2022-04-22,264.5170593261719,,,,,,
2022-04-25,270.97479248046875,,,,,,
2022-04-26,260.8392333984375,,,,,,
2022-04-27,273.387939453125,,,,,,
2022-04-28,279.575439453125,,,,,,
2022-04-29,267.8858642578125,,,,,,
2022-05-02,274.5946044921875,,,,,,
2022-05-03,271.9980163574219,,,,,,
2022-05-04,279.9133605957031,,,,,,
2022-05-05,267.7218322753906,,,,,,
2022-05-06,265.1927490234375,,,,,,
2022-05-09,255.39503479003903,,,,,,
2022-05-10,260.144287109375,,,,,,
2022-05-11,251.5049743652344,,,,,,
2022-05-12,246.48550415039065,,,,,,
2022-05-13,252.05517578125,,,,,,
2022-05-16,252.4219512939453,,,,,,
2022-05-17,257.5572814941406,,,,,,
2022-05-18,245.83084106445312,,,,,,
2022-05-19,244.9213256835937,,,,,,
2022-05-20,244.3601837158203,,,,,,
2022-05-23,252.1875457763672,,,,,,
2022-05-24,251.1909027099609,,,,,,
2022-05-25,253.99685668945312,,,,,,
2022-05-26,257.2670288085937,,,,,,
2022-05-27,264.3688049316406,,,,,,
2022-05-31,263.04327392578125,,,,,,
2022-06-01,263.57537841796875,,,,,,
2022-06-02,265.6651916503906,,,,,,
2022-06-03,261.2532653808594,,,,,,
2022-06-06,260.0245666503906,,,,,,
2022-06-07,263.6528015136719,,,,,,
2022-06-08,261.6306457519531,,,,,,
2022-06-09,256.1931457519531,,,,,,
2022-06-10,244.77622985839844,,,,,,
2022-06-13,234.3946075439453,,,,,,
2022-06-14,236.5521697998047,,,,,,
2022-06-15,243.58615112304688,,,,,,
2022-06-16,237.0165863037109,,,,,,
2022-06-17,239.6095733642578,,,,,,
2022-06-21,245.5018768310547,,,,,,
2022-06-22,244.91165161132807,,,,,,
2022-06-23,250.45559692382807,,,,,,
2022-06-24,259.0086364746094,,,,,,
2022-06-27,256.28985595703125,,,,,,
2022-06-28,248.1529235839844,,,,,,
2022-06-29,251.8102264404297,,,,,,
2022-06-30,248.4915771484375,,,,,,
2022-07-01,251.1522216796875,,,,,,
2022-07-05,254.31607055664065,,,,,,
2022-07-06,257.56695556640625,,,,,,
2022-07-07,259.6858825683594,,,,,,
2022-07-08,258.9698791503906,,,,,,
2022-07-11,255.92225646972656,,,,,,
2022-07-12,245.43411254882807,,,,,,
2022-07-13,244.5149841308593,,,,,,
2022-07-14,245.83084106445312,,,,,,
2022-07-15,248.3851318359375,,,,,,
2022-07-18,245.9952850341797,,,,,,
2022-07-19,251.10389709472656,,,,,,
2022-07-20,253.75489807128903,,,,,,
2022-07-21,256.2414245605469,,,,,,
2022-07-22,251.906982421875,,,,,,
2022-07-25,250.42662048339844,,,,,,
2022-07-26,243.7216033935547,,,,,,
2022-07-27,260.0148620605469,,,,,,
2022-07-28,267.4358215332031,,,,,,
2022-07-29,271.6252746582031,,,,,,
2022-08-01,268.9839172363281,,,,,,
2022-08-02,265.8974914550781,,,,,,
2022-08-03,273.29913330078125,,,,,,
2022-08-04,274.44073486328125,,,,,,
2022-08-05,273.72479248046875,,,,,,
2022-08-08,271.2188720703125,,,,,,
2022-08-09,273.1346130371094,,,,,,
2022-08-10,279.7718811035156,,,,,,
2022-08-11,277.70135498046875,,,,,,
2022-08-12,282.4326171875,,,,,,
2022-08-15,283.9420166015625,,,,,,
2022-08-16,283.2065734863281,,,,,,
2022-08-17,282.4600524902344,,,,,,
2022-08-18,281.34503173828125,,,,,,
2022-08-19,277.447265625,,,,,,
2022-08-22,269.3026733398437,,,,,,
2022-08-23,268.0325927734375,,,,,,
2022-08-24,267.4023742675781,,,,,,
2022-08-25,270.3692932128906,,,,,,
2022-08-26,259.9365539550781,,,,,,
2022-08-29,257.1635437011719,,,,,,
2022-08-30,254.9722442626953,,,,,,
2022-08-31,253.517822265625,,,,,,
2022-09-01,252.4804229736328,,,,,,
2022-09-02,248.2723999023437,,,,,,
2022-09-06,245.5478973388672,,,,,,
2022-09-07,250.2406463623047,,,,,,
2022-09-08,250.6575927734375,,,,,,
2022-09-09,256.4169921875,,,,,,
2022-09-12,258.5403137207031,,,,,,
2022-09-13,244.32618713378903,,,,,,
2022-09-14,244.5491943359375,,,,,,
2022-09-15,237.91720581054688,,,,,,
2022-09-16,237.29669189453125,,,,,,
2022-09-19,237.08338928222656,,,,,,
2022-09-20,235.07635498046875,,,,,,
2022-09-21,231.68280029296875,,,,,,
2022-09-22,233.6510467529297,,,,,,
2022-09-23,230.68408203125,,,,,,
2022-09-26,230.2283935546875,,,,,,
2022-09-27,229.22003173828125,,,,,,
2022-09-28,233.73831176757807,,,,,,
2022-09-29,230.27687072753903,,,,,,
2022-09-30,225.81678771972656,,,,,,
2022-10-03,233.41835021972656,,,,,,
2022-10-04,241.310775756836,,,,,,
2022-10-05,241.6210479736328,,,,,,
2022-10-06,239.28433227539065,,,,,,
2022-10-07,227.11602783203125,,,,,,
2022-10-10,222.27780151367188,,,,,,
2022-10-11,218.5546264648437,,,,,,
2022-10-12,218.8842315673828,,,,,,
2022-10-13,227.11602783203125,,,,,,
2022-10-14,221.60877990722656,,,,,,
2022-10-17,230.30596923828125,,,,,,
2022-10-18,231.24644470214844,,,,,,
2022-10-19,229.2879333496093,,,,,,
2022-10-20,228.96792602539065,,,,,,
2022-10-21,234.75637817382807,,,,,,
2022-10-24,239.7303466796875,,,,,,
2022-10-25,243.03665161132807,,,,,,
2022-10-26,224.2848358154297,,,,,,
2022-10-27,219.8538360595703,,,,,,
2022-10-28,228.6964569091797,,,,,,
2022-10-31,225.0701904296875,,,,,,
2022-11-01,221.23065185546875,,,,,,
2022-11-02,213.4060821533203,,,,,,
2022-11-03,207.7339782714844,,,,,,
2022-11-04,214.6568298339844,,,,,,
2022-11-07,220.93975830078125,,,,,,
2022-11-08,221.9093475341797,,,,,,
2022-11-09,217.68194580078125,,,,,,
2022-11-10,235.5901794433593,,,,,,
2022-11-11,239.59461975097656,,,,,,
2022-11-14,234.2037048339844,,,,,,
2022-11-15,234.6109313964844,,,,,,
2022-11-16,235.0387725830078,,,,,,
2022-11-17,234.99012756347656,,,,,,
2022-11-18,234.54286193847656,,,,,,
2022-11-21,235.3498992919922,,,,,,
2022-11-22,238.2473907470703,,,,,,
2022-11-23,240.72683715820312,,,,,,
2022-11-25,240.63931274414065,,,,,,
2022-11-28,235.0679168701172,,,,,,
2022-11-29,233.6775054931641,,,,,,
2022-11-30,248.0775451660156,,,,,,
2022-12-01,247.63999938964844,,,,,,
2022-12-02,247.96090698242188,,,,,,
2022-12-05,243.2742919921875,,,,,,
2022-12-06,238.3349151611328,,,,,,
2022-12-07,237.6056365966797,,,,,,
2022-12-08,240.55178833007807,,,,,,
2022-12-09,238.62661743164065,,,,,,
2022-12-12,245.52032470703125,,,,,,
2022-12-13,249.80828857421875,,,,,,
2022-12-14,250.0999755859375,,,,,,
2022-12-15,242.11721801757807,,,,,,
2022-12-16,237.91677856445312,,,,,,
2022-12-19,233.79415893554688,,,,,,
2022-12-20,235.10682678222656,,,,,,
2022-12-21,237.6640167236328,,,,,,
2022-12-22,231.5967712402344,,,,,,
2022-12-23,232.121810913086,,,,,,
2022-12-27,230.4008026123047,,,,,,
2022-12-28,228.0380706787109,,,,,,
2022-12-29,234.3386688232422,,,,,,
2022-12-30,233.1816253662109,,,,,,
2023-01-03,232.94825744628903,,,,,,
2023-01-04,222.7583770751953,,,,,,
2023-01-05,216.1562957763672,,,,,,
2023-01-06,218.70379638671875,,,,,,
2023-01-09,220.8331756591797,,,,,,
2023-01-10,222.5152740478516,,,,,,
2023-01-11,229.2436981201172,,,,,,
2023-01-12,231.9078521728516,,,,,,
2023-01-13,232.60794067382807,,,,,,
2023-01-17,233.6969146728516,,,,,,
2023-01-18,229.2826232910156,,,,,,
2023-01-19,225.5100250244141,,,,,,
2023-01-20,233.57052612304688,,,,,,
2023-01-23,235.86520385742188,,,,,,
2023-01-24,235.34014892578125,,,,,,
2023-01-25,233.94976806640625,,,,,,
2023-01-26,241.1351928710937,,,,,,
2023-01-27,241.290756225586,,,,,,
2023-01-30,235.9916076660156,,,,,,
2023-01-31,240.9504547119141,,,,,,
2023-02-01,245.7537078857422,,,,,,
2023-02-02,257.2756652832031,,,,,,
2023-02-03,251.19869995117188,,,,,,
2023-02-06,249.6623992919922,,,,,,
2023-02-07,260.1537780761719,,,,,,
2023-02-08,259.3467712402344,,,,,,
2023-02-09,256.3228454589844,,,,,,
2023-02-10,255.8172302246093,,,,,,
2023-02-13,263.8096618652344,,,,,,
2023-02-14,264.6361389160156,,,,,,
2023-02-15,262.52099609375,,,,,,
2023-02-16,255.5319366455078,,,,,,
2023-02-17,251.5452423095703,,,,,,
2023-02-21,246.2912750244141,,,,,,
2023-02-22,245.1605682373047,,,,,,
2023-02-23,248.3382568359375,,,,,,
2023-02-24,242.9283447265625,,,,,,
2023-02-27,243.8446044921875,,,,,,
2023-02-28,243.1233367919922,,,,,,
2023-03-01,240.05284118652344,,,,,,
2023-03-02,244.77066040039065,,,,,,
2023-03-03,248.8451385498047,,,,,,
2023-03-06,250.38525390625,,,,,,
2023-03-07,247.73388671875,,,,,,
2023-03-08,247.29527282714844,,,,,,
2023-03-09,245.95008850097656,,,,,,
2023-03-10,242.3142547607422,,,,,,
2023-03-13,247.5096893310547,,,,,,
2023-03-14,254.2063140869141,,,,,,
2023-03-15,258.73883056640625,,,,,,
2023-03-16,269.22723388671875,,,,,,
2023-03-17,272.37567138671875,,,,,,
2023-03-20,265.3575134277344,,,,,,
2023-03-21,266.8683166503906,,,,,,
2023-03-22,265.4159851074219,,,,,,
2023-03-23,270.65045166015625,,,,,,
2023-03-24,273.4869079589844,,,,,,
2023-03-27,269.4027404785156,,,,,,
2023-03-28,268.28173828125,,,,,,
2023-03-29,273.42840576171875,,,,,,
2023-03-30,276.8789978027344,,,,,,
2023-03-31,281.02178955078125,,,,,,
2023-04-03,279.97882080078125,,,,,,
2023-04-04,279.9301147460937,,,,,,
2023-04-05,277.16168212890625,,,,,,
2023-04-06,284.2384338378906,,,,,,
2023-04-10,282.084228515625,,,,,,
2023-04-11,275.6898498535156,,,,,,
2023-04-12,276.3332824707031,,,,,,
2023-04-13,282.5228881835937,,,,,,
2023-04-14,278.91632080078125,,,,,,
2023-04-17,281.5091552734375,,,,,,
2023-04-18,281.0899963378906,,,,,,
2023-04-19,281.16796875,,,,,,
2023-04-20,278.8870849609375,,,,,,
2023-04-21,278.5458984375,,,,,,
2023-04-24,274.6566467285156,,,,,,
2023-04-25,268.4669189453125,,,,,,
2023-04-26,287.9132995605469,,,,,,
2023-04-27,297.1343994140625,,,,,,
2023-04-28,299.5030822753906,,,,,,
2023-05-01,297.8460693359375,,,,,,
2023-05-02,297.6998291015625,,,,,,
2023-05-03,296.71533203125,,,,,,
2023-05-04,297.6998291015625,,,,,,
2023-05-05,302.8074951171875,,,,,,
2023-05-08,300.8580017089844,,,,,,
2023-05-09,299.24969482421875,,,,,,
2023-05-10,304.4256591796875,,,,,,
2023-05-11,302.2812194824219,,,,,,
2023-05-12,301.16998291015625,,,,,,
2023-05-15,301.6475830078125,,,,,,
2023-05-16,303.8700256347656,,,,,,
2023-05-17,306.7420349121094,,,,,,
2023-05-18,311.1575622558594,,,,,,
2023-05-19,310.9817810058594,,,,,,
2023-05-22,313.7561340332031,,,,,,
2023-05-23,307.9729919433594,,,,,,
2023-05-24,306.5955810546875,,,,,,
2023-05-25,318.38653564453125,,,,,,
2023-05-26,325.1954345703125,,,,,,
2023-05-30,323.5542297363281,,,,,,
2023-05-31,320.7994384765625,,,,,,
2023-06-01,324.8926086425781,,,,,,
2023-06-02,327.6473999023437,,,,,,
2023-06-05,328.1749267578125,,,,,,
2023-06-06,325.9671630859375,,,,,,
2023-06-07,315.9053039550781,,,,,,
2023-06-08,317.7418518066406,,,,,,
2023-06-09,319.2364501953125,,,,,,
2023-06-12,324.1794738769531,,,,,,
2023-06-13,326.5630798339844,,,,,,
2023-06-14,329.5425720214844,,,,,,
2023-06-15,340.0538635253906,,,,,,
2023-06-16,334.4172058105469,,,,,,
2023-06-20,330.2361145019531,,,,,,
2023-06-21,325.84991455078125,,,,,,
2023-06-22,331.8577880859375,,,,,,
2023-06-23,327.276123046875,,,,,,
2023-06-26,321.00457763671875,,,,,,
2023-06-27,326.8366394042969,,,,,,
2023-06-28,328.0870361328125,,,,,,
2023-06-29,327.30548095703125,,,,,,
2023-06-30,332.6686706542969,,,,,,
2023-07-03,330.1775817871094,,,,,,
2023-07-05,330.3338928222656,,,,,,
2023-07-06,333.3817443847656,,,,,,
2023-07-07,329.4254150390625,,,,,,
2023-07-10,324.1599426269531,,,,,,
2023-07-11,324.7851867675781,,,,,,
2023-07-12,329.4058532714844,,,,,,
2023-07-13,334.7395935058594,,,,,,
2023-07-14,337.2599792480469,,,,,,
2023-07-17,337.7386779785156,,,,,,
2023-07-18,351.1805114746094,,,,,,
2023-07-19,346.87255859375,,,,,,
2023-07-20,338.8523254394531,,,,,,
2023-07-21,335.8240051269531,,,,,,
2023-07-24,337.13299560546875,,,,,,
2023-07-25,342.8673095703125,,,,,,
2023-07-26,329.9626770019531,,,,,,
2023-07-27,323.0755920410156,,,,,,
2023-07-28,330.5487060546875,,,,,,
2023-07-31,328.1554260253906,,,,,,
2023-08-01,328.56573486328125,,,,,,
2023-08-02,319.9299621582031,,,,,,
2023-08-03,319.1094055175781,,,,,,
2023-08-04,320.2035217285156,,,,,,
2023-08-07,322.479736328125,,,,,,
2023-08-08,318.5135192871094,,,,,,
2023-08-09,314.7818298339844,,,,,,
2023-08-10,315.4656982421875,,,,,,
2023-08-11,313.59002685546875,,,,,,
2023-08-14,316.54998779296875,,,,,,
2023-08-15,314.4203491210937,,,,,,
2023-08-16,313.65679931640625,,,,,,
2023-08-17,310.2108764648437,,,,,,
2023-08-18,309.8193664550781,,,,,,
2023-08-21,315.1056823730469,,,,,,
2023-08-22,315.6734313964844,,,,,,
2023-08-23,320.1178894042969,,,,,,
2023-08-24,313.2359313964844,,,,,,
2023-08-25,316.1824951171875,,,,,,
2023-08-28,316.8873596191406,,,,,,
2023-08-29,321.4982604980469,,,,,,
2023-08-30,321.8702697753906,,,,,,
2023-08-31,320.8619384765625,,,,,,
2023-09-01,321.74298095703125,,,,,,
2023-09-05,326.53009033203125,,,,,,
2023-09-06,325.8741455078125,,,,,,
2023-09-07,322.9667053222656,,,,,,
2023-09-08,327.2349548339844,,,,,,
2023-09-11,330.8276672363281,,,,,,
2023-09-12,324.7875061035156,,,,,,
2023-09-13,328.9872741699219,,,,,,
2023-09-14,331.5717163085937,,,,,,
2023-09-15,323.2701416015625,,,,,,
2023-09-18,322.1344909667969,,,,,,
2023-09-19,321.733154296875,,,,,,
2023-09-20,314.01904296875,,,,,,
2023-09-21,312.8050842285156,,,,,,
2023-09-22,310.33819580078125,,,,,,
2023-09-25,310.85699462890625,,,,,,
2023-09-26,305.5707702636719,,,,,,
2023-09-27,306.2070007324219,,,,,,
2023-09-28,307.0390625,,,,,,
2023-09-29,309.10467529296875,,,,,,
2023-10-02,315.0273132324219,,,,,,
2023-10-03,306.7944030761719,,,,,,
2023-10-04,312.2471008300781,,,,,,
2023-10-05,312.638671875,,,,,,
2023-10-06,320.3724365234375,,,,,,
2023-10-09,322.87860107421875,,,,,,
2023-10-10,321.4786682128906,,,,,,
2023-10-11,325.42388916015625,,,,,,
2023-10-12,324.1903381347656,,,,,,
2023-10-13,320.8325500488281,,,,,,
2023-10-16,325.6391906738281,,,,,,
2023-10-17,325.0714111328125,,,,,,
2023-10-18,323.16241455078125,,,,,,
2023-10-19,324.3470153808594,,,,,,
2023-10-20,319.7948303222656,,,,,,
2023-10-23,322.3890991210937,,,,,,
2023-10-24,323.5736389160156,,,,,,
2023-10-25,333.500244140625,,,,,,
2023-10-26,320.9891357421875,,,,,,
2023-10-27,322.8687744140625,,,,,,
2023-10-30,330.2109069824219,,,,,,
2023-10-31,330.9941101074219,,,,,,
2023-11-01,338.7864990234375,,,,,,
2023-11-02,340.9891967773437,,,,,,
2023-11-03,345.3748779296875,,,,,,
2023-11-06,349.0263977050781,,,,,,
2023-11-07,352.9422607421875,,,,,,
2023-11-08,355.5560913085937,,,,,,
2023-11-09,353.098876953125,,,,,,
2023-11-10,361.889892578125,,,,,,
2023-11-13,358.9627685546875,,,,,,
2023-11-14,362.4772033691406,,,,,,
2023-11-15,362.6244201660156,,,,,,
2023-11-16,369.0005187988281,,,,,,
2023-11-17,362.8009338378906,,,,,,
2023-11-20,370.2463073730469,,,,,,
2023-11-21,365.9596252441406,,,,,,
2023-11-22,370.6484375,,,,,,
2023-11-24,370.2364501953125,,,,,,
2023-11-27,371.39398193359375,,,,,,
2023-11-28,375.4060363769531,,,,,,
2023-11-29,371.62939453125,,,,,,
2023-11-30,371.6882934570313,,,,,,
2023-12-01,367.3721923828125,,,,,,
2023-12-04,362.1044921875,,,,,,
2023-12-05,365.4200439453125,,,,,,
2023-12-06,361.77093505859375,,,,,,
2023-12-07,363.8800354003906,,,,,,
2023-12-08,367.0975036621094,,,,,,
2023-12-11,364.2232971191406,,,,,,
2023-12-12,367.2445983886719,,,,,,
2023-12-13,367.23480224609375,,,,,,
2023-12-14,358.9556579589844,,,,,,
2023-12-15,363.6641845703125,,,,,,
2023-12-18,365.547607421875,,,,,,
2023-12-19,366.14599609375,,,,,,
2023-12-20,363.5562438964844,,,,,,
2023-12-21,366.420654296875,,,,,,
2023-12-22,367.4407653808594,,,,,,
2023-12-26,367.5193176269531,,,,,,
2023-12-27,366.9405517578125,,,,,,
2023-12-28,368.12744140625,,,,,,
2023-12-29,368.8729248046875,,,,,,
2024-01-02,363.8015441894531,,,,,,
2024-01-03,363.5366516113281,,,,,,
2024-01-04,360.9273071289063,,,,,,
2024-01-05,360.7409973144531,,,,,,
2024-01-08,367.5487060546875,,,,,,
2024-01-09,368.6277770996094,,,,,,
2024-01-10,375.4746398925781,,,,,,
2024-01-11,377.2992248535156,,,,,,
2024-01-12,381.0660705566406,,,,,,
2024-01-16,382.8317565917969,,,,,,
2024-01-17,382.0469970703125,,,,,,
2024-01-18,386.3631896972656,,,,,,
2024-01-19,391.07171630859375,,,,,,
2024-01-22,388.9528503417969,,,,,,
2024-01-23,391.29730224609375,,,,,,
2024-01-24,394.8875122070313,,,,,,
2024-01-25,397.1535034179688,,,,,,
2024-01-26,396.2314147949219,,,,,,
2024-01-29,401.9110412597656,,,,,,
2024-01-30,400.8025817871094,,,,,,
2024-01-31,390.00238037109375,,,,,,
2024-02-01,396.0842590332031,,,,,,
2024-02-02,403.3824768066406,,,,,,
2024-02-05,397.9185791015625,,,,,,
2024-02-06,397.7616882324219,,,,,,
2024-02-07,406.1585083007813,,,,,,
2024-02-08,406.2173767089844,,,,,,
2024-02-09,412.53460693359375,,,,,,
2024-02-12,407.3454895019531,,,,,,
2024-02-13,398.5758361816406,,,,,,
2024-02-14,402.42822265625,,,,,,
2024-02-15,399.5487976074219,,,,,,
2024-02-16,397.0918884277344,,,,,,
2024-02-20,395.8437805175781,,,,,,
2024-02-21,395.2443237304688,,,,,,
2024-02-22,404.551025390625,,,,,,
2024-02-23,403.2635803222656,,,,,,
2024-02-26,400.5119018554688,,,,,,
2024-02-27,400.4529418945313,,,,,,
2024-02-28,400.6888122558594,,,,,,
2024-02-29,406.5066833496094,,,,,,
2024-03-01,408.3346557617188,,,,,,
2024-03-04,407.7646484375,,,,,,
2024-03-05,395.7061767578125,,,,,,
2024-03-06,395.1558532714844,,,,,,
2024-03-07,402.0843200683594,,,,,,
2024-03-08,399.2146301269531,,,,,,
2024-03-11,397.5439758300781,,,,,,
2024-03-12,408.1183776855469,,,,,,
2024-03-13,407.9414978027344,,,,,,
2024-03-14,417.8869934082031,,,,,,
2024-03-15,409.2387390136719,,,,,,
2024-03-18,410.1232604980469,,,,,,
2024-03-19,414.1426696777344,,,,,,
2024-03-20,417.8968200683594,,,,,,
2024-03-21,421.9654235839844,,,,,,
2024-03-22,421.3462524414063,,,,,,
2024-03-25,415.5676879882813,,,,,,
2024-03-26,414.3785095214844,,,,,,
2024-03-27,414.162353515625,,,,,,
2024-03-28,413.4645690917969,,,,,,
2024-04-01,417.2481994628906,,,,,,
2024-04-02,414.1721496582031,,,,,,
2024-04-03,413.1992492675781,,,,,,
2024-04-04,410.673583984375,,,,,,
2024-04-05,418.1818237304688,,,,,,
2024-04-08,417.2678527832031,,,,,,
2024-04-09,418.9287109375,,,,,,
2024-04-10,415.9607849121094,,,,,,
2024-04-11,420.55023193359375,,,,,,
2024-04-12,414.624267578125,,,,,,
2024-04-15,406.5066833496094,,,,,,
2024-04-16,407.4304809570313,,,,,,
2024-04-17,404.73773193359375,,,,,,
2024-04-18,397.2982177734375,,,,,,
2024-04-19,392.2370300292969,,,,,,
2024-04-22,394.04534912109375,,,,,,
2024-04-23,400.5413818359375,,,,,,
2024-04-24,402.0056762695313,,,,,,
2024-04-25,392.1584777832031,,,,,,
2024-04-26,399.31292724609375,,,,,,
2024-04-29,395.3131103515625,,,,,,
2024-04-30,382.6159057617188,,,,,,
2024-05-01,388.1291809082031,,,,,,
2024-05-02,390.9791564941406,,,,,,
2024-05-03,399.6470642089844,,,,,,
2024-05-06,406.4084167480469,,,,,,
2024-05-07,402.2808532714844,,,,,,
2024-05-08,403.4601440429688,,,,,,
2024-05-09,405.2094421386719,,,,,,
2024-05-10,407.5876770019531,,,,,,
2024-05-13,406.5852966308594,,,,,,
2024-05-14,409.3763427734375,,,,,,
2024-05-15,416.5338134765625,,,,,,
2024-05-16,414.4761352539063,,,,,,
2024-05-17,413.7082214355469,,,,,,
2024-05-20,418.75885009765625,,,,,,
2024-05-21,422.4016723632813,,,,,,
2024-05-22,423.8587036132813,,,,,,
2024-05-23,420.3932189941406,,,,,,
2024-05-24,423.5042724609375,,,,,,
2024-05-28,423.6618347167969,,,,,,
2024-05-29,422.5296630859375,,,,,,
2024-05-30,408.2539978027344,,,,,,
2024-05-31,408.7068786621094,,,,,,
2024-06-03,407.1217346191406,,,,,,
2024-06-04,409.6322937011719,,,,,,
2024-06-05,417.449462890625,,,,,,
2024-06-06,417.9515380859375,,,,,,
2024-06-07,417.29193115234375,,,,,,
2024-06-10,421.2497253417969,,,,,,
2024-06-11,425.9853210449219,,,,,,
2024-06-12,434.2356872558594,,,,,,
2024-06-13,434.7475891113281,,,,,,
2024-06-14,435.7223205566406,,,,,,
2024-06-17,441.43255615234375,,,,,,
2024-06-18,439.4339599609375,,,,,,
2024-06-20,438.8038940429688,,,,,,
2024-06-21,442.8207092285156,,,,,,
2024-06-24,440.743408203125,,,,,,
2024-06-25,443.9726257324219,,,,,,
2024-06-26,445.1638793945313,,,,,,
2024-06-27,445.84320068359375,,,,,,
2024-06-28,440.0345153808594,,,,,,
2024-07-01,449.6632385253906,,,,,,
2024-07-02,452.1737365722656,,,,,,
2024-07-03,453.6406555175781,,,,,,
2024-07-05,460.3255920410156,,,,,,
2024-07-08,459.0260620117188,,,,,,
2024-07-09,452.4297180175781,,,,,,
2024-07-10,459.035888671875,,,,,,
2024-07-11,447.6646118164063,,,,,,
2024-07-12,446.5323486328125,,,,,,
2024-07-15,446.9360046386719,,,,,,
2024-07-16,442.5647583007813,,,,,,
2024-07-17,436.6575927734375,,,,,,
2024-07-18,433.5563354492188,,,,,,
2024-07-19,430.3468017578125,,,,,,
2024-07-22,436.0865478515625,,,,,,
2024-07-23,437.967041015625,,,,,,
2024-07-24,422.2638244628906,,,,,,
2024-07-25,411.9262390136719,,,,,,
2024-07-26,418.6899108886719,,,,,,
2024-07-29,420.1274108886719,,,,,,
2024-07-30,416.3763427734375,,,,,,
2024-07-31,411.87701416015625,,,,,,
2024-08-01,410.6562194824219,,,,,,
2024-08-02,402.1695556640625,,,,,,
2024-08-05,389.0360107421875,,,,,,
2024-08-06,393.427001953125,,,,,,
2024-08-07,392.2653198242188,,,,,,
2024-08-08,396.4593811035156,,,,,,
2024-08-09,399.73779296875,,,,,,
2024-08-12,400.5155944824219,,,,,,
2024-08-13,407.6041870117188,,,,,,
2024-08-14,410.41009521484375,,,,,,
2024-08-15,415.2626953125,,,,,,
2024-08-16,412.7377624511719,,,,,,
2024-08-19,415.7558288574219,,,,,,
2024-08-20,418.9810180664063,,,,,,
2024-08-21,418.3301086425781,,,,,,
2024-08-22,409.8577575683594,,,,,,
2024-08-23,411.0807800292969,,,,,,
2024-08-26,407.8259887695313,,,,,,
2024-08-27,408.1712036132813,,,,,,
2024-08-28,404.9755859375,,,,,,
2024-08-29,407.4610595703125,,,,,,
2024-08-30,411.4259948730469,,,,,,
2024-09-03,403.8314514160156,,,,,,
2024-09-04,403.2987976074219,,,,,,
2024-09-05,402.79583740234375,,,,,,
2024-09-06,396.197509765625,,,,,,
2024-09-09,400.1624450683594,,,,,,
2024-09-10,408.5262756347656,,,,,,
2024-09-11,417.2451477050781,,,,,,
2024-09-12,421.1509399414063,,,,,,
2024-09-13,424.6917114257813,,,,,,
2024-09-16,425.4314575195313,,,,,,
2024-09-17,429.1892700195313,,,,,,
2024-09-18,424.9087524414063,,,,,,
2024-09-19,432.6807556152344,,,,,,
2024-09-20,429.3076477050781,,,,,,
2024-09-23,427.57177734375,,,,,,
2024-09-24,423.2912292480469,,,,,,
2024-09-25,426.19091796875,,,,,,
2024-09-26,425.4018859863281,,,,,,
2024-09-27,422.1569213867188,,,,,,
2024-09-30,424.40570068359375,,,,,,
2024-10-01,414.9273681640625,,,,,,
2024-10-02,411.4161682128906,,,,,,
2024-10-03,410.834228515625,,,,,,
2024-10-04,410.36077880859375,,,,,,
2024-10-07,403.93011474609375,,,,,,
2024-10-08,409.0292663574219,,,,,,
2024-10-09,411.7415771484375,,,,,,
2024-10-10,410.1437377929688,,,,,,
2024-10-11,410.61724853515625,,,,,,
2024-10-14,413.3985900878906,,,,,,
2024-10-15,413.0040588378906,,,,,,
2024-10-16,410.41998291015625,,,,,,
2024-10-17,411.01177978515625,,,,,,
2024-10-18,412.4320068359375,,,,,,
2024-10-21,413.0435180664063,,,,,,
2024-10-22,421.6539306640625,,,,,,
2024-10-23,418.7838134765625,,,,,,
2024-10-24,418.9120178222656,,,,,,
2024-10-25,422.28515625,,,,,,
2024-10-28,420.74652099609375,,,,,,
2024-10-29,426.0331115722656,,,,,,
2024-10-30,426.6051635742188,,,,,,
2024-10-31,400.7837829589844,,,,,,
2024-11-01,404.7486877441406,,,,,,
2024-11-04,402.8648986816406,,,,,,
2024-11-05,405.8237609863281,,,,,,
2024-11-06,414.42431640625,,,,,,
2024-11-07,419.6024169921875,,,,,,
2024-11-08,416.75201416015625,,,,,,
2024-11-11,412.2840270996094,,,,,,
2024-11-12,417.23529052734375,,,,,,
2024-11-13,419.3755798339844,,,,,,
2024-11-14,421.0424499511719,,,,,,
2024-11-15,409.3152770996094,,,,,,
2024-11-18,410.0649108886719,,,,,,
2024-11-19,412.0670776367188,,,,,,
2024-11-20,409.798583984375,,,,,,
2024-11-21,408.0295715332031,,,,,,
2024-11-22,412.1111755371094,,,,,,
2024-11-25,413.8801574707031,,,,,,
2024-11-26,422.9722595214844,,,,,,
2024-11-27,418.0309448242188,,,,,,
2024-11-29,418.4954223632813,,,,,,
2024-12-02,425.92724609375,,,,,,
2024-12-03,426.1446838378906,,,,,,
2024-12-04,432.2917785644531,,,,,,
2024-12-05,437.4307861328125,,,,,,
2024-12-06,438.3696899414063,,,,,,
2024-12-09,440.79095458984375,,,,,,
2024-12-10,438.1324462890625,,,,,,
2024-12-11,443.72607421875,,,,,,
2024-12-12,444.2894287109375,,,,,,
2024-12-13,442.0262451171875,,,,,,
2024-12-16,446.2956237792969,,,,,,
2024-12-17,449.1319580078125,,,,,,
2024-12-18,432.26214599609375,,,,,,
2024-12-19,431.9063415527344,,,,,,
2024-12-20,431.4814147949219,,,,,,
2024-12-23,430.1471862792969,,,,,,
2024-12-24,434.1793212890625,,,,,,
2024-12-26,432.97369384765625,,,,,,
2024-12-27,425.4825439453125,,,,,,
2024-12-30,419.849365234375,,,,,,
2024-12-31,416.5584106445313,,,,,,
2025-01-02,413.672607421875,,,,,,
2025-01-03,418.3866882324219,,,,,,
2025-01-06,422.833984375,,,,,,
2025-01-07,417.4181823730469,,,,,,
2025-01-08,419.5825500488281,,,,,,
2025-01-10,414.0383605957031,,,,,,
2025-01-13,412.2989196777344,,,,,,
2025-01-14,410.7967529296875,,,,,,
2025-01-15,421.3119812011719,,,,,,
2025-01-16,419.6022338867188,,,,,,
2025-01-17,424.0000915527344,,,,,,
2025-01-21,423.476318359375,,,,,,
2025-01-22,440.9688415527344,,,,,,
2025-01-23,441.4728698730469,,,,,,
2025-01-24,438.8538818359375,,,,,,
2025-01-27,429.4653015136719,,,,,,
2025-01-28,441.95709228515625,,,,,,
2025-01-29,437.1441650390625,,,,,,
2025-01-30,410.1247253417969,,,,,,
2025-01-31,410.1938781738281,,,,,,
2025-02-03,406.1024169921875,,,,,,
2025-02-04,407.5354614257813,,,,,,
2025-02-05,408.4446411132813,,,,,,
2025-02-06,410.9449768066406,,,,,,
2025-02-07,404.9461669921875,,,,,,
2025-02-10,407.3871765136719,,,,,,
2025-02-11,406.6163330078125,,,,,,
2025-02-12,404.2444763183594,,,,,,
2025-02-13,405.7268676757813,,,,,,
2025-02-14,403.6416320800781,,,,,,
2025-02-18,404.8374328613281,,,,,,
2025-02-19,409.90728759765625,,,,,,
2025-02-20,412.0759582519531,,,,,,
2025-02-21,404.2331237792969,,,,,,
2025-02-24,400.0641174316406,,,,,,
2025-02-25,394.0235595703125,,,,,,
2025-02-26,395.8357543945313,,,,,,
2025-02-27,388.7058715820313,,,,,,
2025-02-28,393.1224060058594,,,,,,
2025-03-03,384.7052307128906,,,,,,
2025-03-04,384.8240356445313,,,,,,
2025-03-05,397.1131591796875,,,,,,
2025-03-06,393.0234375,,,,,,
2025-03-07,389.4783020019531,,,,,,
2025-03-10,376.4563903808594,,,,,,
2025-03-11,376.74359130859375,,,,,,
2025-03-12,379.53607177734375,,,,,,
2025-03-13,375.0799255371094,,,,,,
2025-03-14,384.7745666503906,,,,,,
2025-03-17,384.9132385253906,,,,,,
2025-03-18,379.78369140625,,,,,,
2025-03-19,384.0417785644531,,,,,,
2025-03-20,383.07135009765625,,,,,,
2025-03-21,387.4482727050781,,,,,,
2025-03-24,389.2505187988281,,,,,,
2025-03-25,391.3102416992188,,,,,,
2025-03-26,386.17083740234375,,,,,,
2025-03-27,386.77484130859375,,,,,,
2025-03-28,375.109619140625,,,,,,
2025-03-31,371.7328796386719,,,,,,
2025-04-01,378.4666137695313,,,,,,
2025-04-02,378.4171142578125,,,,,,
2025-04-03,369.47503662109375,,,,,,
2025-04-04,356.3343505859375,,,,,,
2025-04-07,354.3736572265625,,,,,,
2025-04-08,351.1058349609375,,,,,,
2025-04-09,386.6857604980469,,,,,,
2025-04-10,377.6347961425781,,,,,,
2025-04-11,384.6656494140625,,,,,,
2025-04-14,384.0318908691406,,,,,,
2025-04-15,381.9721374511719,,,,,,
2025-04-16,367.9896545410156,,,,,,
2025-04-17,364.1969909667969,,,,,,
2025-04-21,355.6213684082031,,,,,,
2025-04-22,363.2463684082031,,,,,,
2025-04-23,370.74261474609375,,,,,,
2025-04-24,383.5268249511719,,,,,,
2025-04-25,388.0325317382813,,,,,,
2025-04-28,387.3492431640625,,,,,,
2025-04-29,390.2012023925781,,,,,,
2025-04-30,391.4093017578125,,,,,,
2025-05-01,421.2556457519531,,,,,,
2025-05-02,431.0393981933594,,,,,,
2025-05-05,431.9207458496094,,,,,,
2025-05-06,429.0885925292969,,,,,,
2025-05-07,429.1282043457031,,,,,,
2025-05-08,433.9012756347656,,,,,,
2025-05-09,434.4557800292969,,,,,,
2025-05-12,444.8832092285156,,,,,,
2025-05-13,444.764404296875,,,,,,
2025-05-14,448.5273742675781,,,,,,
2025-05-15,449.5392761230469,,,,,,
2025-05-16,450.6701965332031,,,,,,
2025-05-19,455.2337951660156,,,,,,
2025-05-20,454.5393371582031,,,,,,
2025-05-21,448.9837341308594,,,,,,
2025-05-22,451.2555541992188,,,,,,
2025-05-23,446.6126403808594,,,,,,
2025-05-27,457.0393676757813,,,,,,
2025-05-28,453.7357482910156,,,,,,
2025-05-29,455.0453186035156,,,,,,
2025-05-30,456.71197509765625,,,,,,
2025-06-02,458.3092346191406,,,,,,
2025-06-03,459.3013000488281,,,,,,
2025-06-04,460.1941528320313,,,,,,
2025-06-05,463.9739990234375,,,,,,
2025-06-06,466.6525573730469,,,,,,
2025-06-09,469.0038146972656,,,,,,
2025-06-10,467.1883239746094,,,,,,
2025-06-11,468.8748474121094,,,,,,
2025-06-12,475.0752868652344,,,,,,
2025-06-13,471.1962890625,,,,,,
2025-06-16,475.3431701660156,,,,,,
2025-06-17,474.25189208984375,,,,,,
2025-06-18,476.4344482421875,,,,,,
2025-06-20,473.6169128417969,,,,,,
2025-06-23,482.1488037109375,,,,,,
2025-06-24,486.2262268066406,,,,,,
2025-06-25,488.3691101074219,,,,,,
2025-06-26,493.508056640625,,,,,,
2025-06-27,492.0100402832031,,,,,,
2025-06-30,493.4683837890625,,,,,,
2025-07-01,488.15081787109375,,,,,,
2025-07-02,487.198486328125,,,,,,
2025-07-03,494.8870849609375,,,,,,
2025-07-07,493.7759094238281,,,,,,
2025-07-08,492.68463134765625,,,,,,
2025-07-09,499.5200500488281,,,,,,
2025-07-10,497.5061340332031,,,,,,
2025-07-11,499.3315734863281,,,,,,
2025-07-14,499.0339050292969,,,,,,
2025-07-15,501.811767578125,,,,,,
2025-07-16,501.6133117675781,,,,,,
2025-07-17,507.6451416015625,,,,,,
2025-07-18,506.0082092285156,,,,,,
2025-07-21,506.0181274414063,,,,,,
2025-07-22,501.26611328125,,,,,,
2025-07-23,501.861328125,,,,,,
2025-07-24,506.8316345214844,,,,,,
2025-07-25,509.6392517089844,,,,,,
2025-07-28,508.4388427734375,,,,,,
2025-07-29,508.5082702636719,,,,,,
2025-07-30,509.1729736328125,,,,,,
2025-07-31,529.2723999023438,,,,,,
2025-08-01,519.9568481445312,,,,,,
2025-08-04,531.3953857421875,,,,,,
2025-08-05,523.5679931640625,,,,,,
2025-08-06,520.7802124023438,,,,,,
2025-08-07,516.7127075195312,,,,,,
2025-08-08,517.9031982421875,,,,,,
2025-08-11,517.6353759765625,,,,,,
2025-08-12,525.0460815429688,,,,,,
2025-08-13,516.454833984375,,,,,,
2025-08-14,518.3396606445312,,,,,,
2025-08-15,516.0479736328125,,,,,,
2025-08-18,513.0023193359375,,,,,,
2025-08-19,505.7304382324219,,,,,,
2025-08-20,501.7125549316406,,,,,,
2025-08-21,501.066650390625,,,,,,
2025-08-22,504.0378112792969,,,,,,
2025-08-25,501.0865173339844,,,,,,
2025-08-26,498.8804626464844,,,,,,
2025-08-27,503.5509033203125,,,,,,
2025-08-28,506.4326477050781,,,,,,
2025-08-29,503.5011901855469,,,,,,
2025-09-02,501.9410705566406,,,,,,
2025-09-03,502.1696472167969,,,,,,
2025-09-04,504.7731323242188,,,,,,
2025-09-05,491.884765625,,,,,,
2025-09-08,495.0646362304688,,,,,,
2025-09-09,495.2733154296875,,,,,,
2025-09-10,497.2209777832031,,,,,,
2025-09-11,497.8569641113281,,,,,,
2025-09-12,506.6910095214844,,,,,,
2025-09-15,512.1166381835938,,,,,,
2025-09-16,505.8364562988281,,,,,,
2025-09-17,506.8102416992188,,,,,,
2025-09-18,505.2501525878906,,,,,,
2025-09-19,514.6705322265625,,,,,,
2025-09-22,511.21240234375,,,,,,
2025-09-23,506.0252380371094,,,,,,
2025-09-24,506.9394226074219,,,,,,
2025-09-25,503.8390502929688,,,,,,
2025-09-26,508.2411804199219,,,,,,
2025-09-29,511.3613586425781,,,,,,
2025-09-30,514.6903686523438,,,,,,
2025-10-01,516.439208984375,,,,,,
2025-10-02,512.4942626953125,,,,,,
2025-10-03,514.0940551757812,,,,,,
2025-10-06,525.2435302734375,,,,,,
2025-10-07,520.682373046875,,,,,,
2025-10-08,521.5468139648438,,,,,,
2025-10-09,519.1123046875,,,,,,
2025-10-10,507.7443237304688,,,,,,
2025-10-13,510.81488037109375,,,,,,
2025-10-14,510.3379211425781,,,,,,
2025-10-15,510.1987915039063,,,,,,
2025-10-16,508.3902587890625,,,,,,
2025-10-17,510.3478698730469,,,,,,
2025-10-20,513.5376586914062,,,,,,
2025-10-21,514.4021606445312,,,,,,
2025-10-22,517.2640380859375,,,,,,
2025-10-23,517.2838745117188,,,,,,
2025-10-24,520.3146362304688,,,,,,
2025-10-27,528.1749877929688,,,,,,
2025-10-28,538.6585083007812,,,,,,
2025-10-29,538.1417846679688,,,,,,
2025-10-30,522.4512329101562,,,,,,
2025-10-31,514.5512084960938,,,,,,
2025-11-03,513.776123046875,,,,,,
2025-11-04,511.0931701660156,,,,,,
2025-11-05,503.96826171875,,,,,,
2025-11-06,493.9715576171875,,,,,,
2025-11-07,493.6933288574219,,,,,,
2025-11-10,502.8155517578125,,,,,,
2025-11-11,505.4786987304688,,,,,,
2025-11-12,507.9232177734375,,,,,,
2025-11-13,500.1226196289063,,,,,,
2025-11-14,506.96923828125,,,,,,
2025-11-17,504.296142578125,,,,,,
2025-11-18,490.6824035644531,,,,,,
2025-11-19,484.0543518066406,,,,,,
2025-11-20,476.308837890625,,,,,,
2025-11-21,470.0268249511719,,,,,,
2025-11-24,471.89849853515625,,,,,,
2025-11-25,474.8752136230469,,,,,,
2025-11-26,483.3475341796875,,,,,,
2025-11-28,489.8286743164063,,,,,,
2025-12-01,484.5820007324219,,,,,,
2025-12-02,487.82757568359375,,,,,,
2025-12-03,475.6119689941406,,,,,,
2025-12-04,478.7081909179688,,,,,,
2025-12-05,481.0178833007813,,,,,,
2025-12-08,488.8430480957031,,,,,,
2025-12-09,489.8385925292969,,,,,,
2025-12-10,476.4382934570313,,,,,,
2025-12-11,481.3265075683594,,,,,,
2025-12-12,476.4084167480469,,,,,,
2025-12-15,472.7148742675781,,,,,,
2025-12-16,474.2779235839844,,,,,,
2025-12-17,474.0090942382813,,,,,,
2025-12-18,481.8342590332031,,,,,,
2025-12-19,483.7656555175781,,,,,,
2025-12-22,482.7701110839844,,,,,,
2025-12-23,484.6915283203125,,,,,,
2025-12-24,485.8563232421875,,,,,,
2025-12-26,485.5476989746094,,,,,,
2025-12-29,484.9404296875,,,,,,
2025-12-30,485.3187255859375,,,,,,
2025-12-31,481.4758605957031,,,,,,
2026-01-02,470.84320068359375,,,,,,
2026-01-05,470.7536315917969,,,,,,
2026-01-06,476.3885192871094,,,,,,
2026-01-07,481.3265075683594,,,,,,
2026-01-08,475.9902648925781,,,,,,
2026-01-09,477.1550903320313,,,,,,
2026-01-12,475.06439208984375,,,,,,
2026-01-13,468.5832824707031,,,,,,
2026-01-14,457.3433227539063,,,,,,
2026-01-15,454.6353759765625,,,,,,
2026-01-16,457.8211669921875,,,,,,
2026-01-20,452.5048828125,,,,,,
2026-01-21,442.1410217285156,,,,,,
2026-01-22,449.1398620605469,,,,,,
2026-01-23,463.8841857910156,,,,,,
2026-01-26,468.1950073242188,,,,,,
2026-01-27,478.4493103027344,,,,,,
2026-01-28,479.4946899414063,,,,,,
2026-01-29,431.57806396484375,,,,,,
2026-01-30,428.38232421875,,,,,,
2026-02-02,421.4929809570313,,,,,,
2026-02-03,409.3868713378906,,,,,,
2026-02-04,412.3536682128906,,,,,,
2026-02-05,391.9246520996094,,,,,,
2026-02-06,399.3615417480469,,,,,,
2026-02-09,411.7662963867188,,,,,,
2026-02-10,411.437744140625,,,,,,
2026-02-11,402.57720947265625,,,,,,
2026-02-12,400.0584106445313,,,,,,
2026-02-13,399.5407409667969,,,,,,
2026-02-17,395.1004943847656,,,,,,
2026-02-18,397.828369140625,,,,,,
2026-02-19,397.5988464355469,,,,,,
2026-02-20,396.37152099609375,,,,,,
2026-02-23,383.6390686035156,,,,,,
2026-02-24,388.1593017578125,,,,,,
2026-02-25,399.7342224121094,,,,,,
2026-02-26,400.851806640625,,,,,,
2026-02-27,391.8912048339844,,,,,,
2026-03-02,397.6886291503906,,,,,,
2026-03-03,403.0570068359375,,,,,,
2026-03-04,404.32427978515625,,,,,,
2026-03-05,409.79241943359375,,,,,,
2026-03-06,408.0761413574219,,,,,,
2026-03-09,408.5251770019531,,,,,,
2026-03-10,404.8830871582031,,,,,,
2026-03-11,404.0049743652344,,,,,,
2026-03-12,400.9914855957031,,,,,,
2026-03-13,394.6951293945313,,,,,,
2026-03-16,399.0856323242188,,,,,,
2026-03-17,398.5467834472656,,,,,,
2026-03-18,390.9432678222656,,,,,,
2026-03-19,388.1792297363281,,,,,,
2026-03-20,381.0447082519531,,,,,,
2026-03-23,382.1722717285156,,,,,,
2026-03-24,371.9344177246094,,,,,,
2026-03-25,370.2381286621094,,,,,,
2026-03-26,365.1790771484375,,,,,,
2026-03-27,355.9989318847656,,,,,,
2026-03-30,358.1842041015625,,,,,,
2026-03-31,369.3699951171875,,,,,,
2026-04-01,368.57171630859375,,,,,,
2026-04-02,372.6528625488281,,,,,,
2026-04-06,372.0741271972656,,,,,,
2026-04-07,371.48541259765625,,,,,,
2026-04-08,373.52099609375,,,,,,
2026-04-09,372.26373291015625,,,,,,
2026-04-10,370.0684814453125,,,,,,
2026-04-13,383.539306640625,,,,,,
2026-04-14,392.2604064941406,,,,,,
2026-04-15,410.3312683105469,,,,,,
2026-04-16,419.3517456054688,,,,,,
2026-04-17,421.8762817382813,,,,,,
2026-04-20,417.1664733886719,,,,,,
2026-04-21,423.2433166503906,,,,,,
2026-04-22,431.984375,,,,,,
2026-04-23,414.8514709472656,,,,,,
2026-04-24,423.7023010253906,,,,,,
2026-04-27,423.9018859863281,,,,,,
2026-04-28,428.3222961425781,,,,,,
2026-04-29,423.5426330566406,,,,,,
2026-04-30,406.8987121582031,,,,,,
2026-05-01,413.5443115234375,,,,,,
2026-05-04,412.72607421875,,,,,,
2026-05-05,410.4909362792969,,,,,,
2026-05-06,413.0653381347656,,,,,,
2026-05-07,419.8606262207031,,,,,,
2026-05-08,414.2228393554688,,,,,,
2026-05-11,411.7681579589844,,,,,,
2026-05-12,406.8887023925781,,,,,,
2026-05-13,404.3342590332031,,,,,,
2026-05-14,408.5451354980469,,,,,,
2026-05-15,421.0081481933594,,,,,,
2026-05-18,422.6246643066406,,,,,,
2026-05-19,416.5178833007813,,,,,,
2026-05-20,420.1499938964844,,,,,,
2026-05-21,419.0899963378906,,,,,,
2026-05-22,418.5700073242188,,,,,,
2026-05-26,416.0299987792969,,,,,,
2026-05-27,412.6700134277344,,,,,,
2026-05-28,426.989990234375,,,,,,
2026-05-29,450.239990234375,,,,,,
2026-06-01,460.5199890136719,,,,,,
2026-06-02,441.30999755859375,,,,,,
2026-06-03,427.3399963378906,,,,,,
2026-06-04,428.0499877929688,,,,,,
2026-06-05,416.6700134277344,,,,,,
2026-06-08,411.739990234375,,,,,,
2026-06-09,403.4100036621094,,,,,,
2026-06-10,397.3599853515625,,,,,,
2026-06-11,390.3399963378906,,,,,,
2026-06-12,390.739990234375,,,,,,
2026-06-15,399.760009765625,,,,,,
2026-06-16,393.8299865722656,,,,,,
2026-06-17,378.9100036621094,,,,,,
2026-06-18,379.3999938964844,,,,,,
2026-06-22,367.3399963378906,,,,,,
2026-06-23,373.9400024414063,,,,,,
2026-06-24,365.4599914550781,,,,,,
2026-06-25,352.8299865722656,,,,,,
2026-06-26,372.9700012207031,,,,,,
2026-06-29,368.5700073242188,,,,,,
2026-06-30,373.0199890136719,,,,,,
2026-07-01,384.2799987792969,,,,,,
2026-07-02,390.489990234375,,,,,,
2026-07-06,386.01,,,,,,
2026-07-07,388.11,,,,,,
2026-07-08,382.62,,,,,,
2026-07-09,383.64,,,,,,
2026-07-10,384.38,,,,,,
2026-07-13,390.26,,,,,,
2026-07-14,384.21,,,,,,
2026-07-15,394.89,,,,,,
2026-07-16,400.35,,,,,,
2026-07-17,393.08,,,,,,
2026-07-20,401.53,,,,,,
2026-07-21,397.0,,,,,,
2026-07-22,389.61,,,,,,
2026-07-23,380.86,,,,,,
2026-07-24,380.98,,,,,,
2026-07-27,388.37,,,,,,
2026-07-28,392.61,,,,,,
2026-07-29,389.81,,,,,,
2026-07-30,450.25,,,,,,
2026-07-31,463.85,,,,,,
2026-08-03,486.73,,,,,,
2026-08-04,491.88,,,,,,
2026-08-05,486.54,,,,,,
2026-08-06,498.92,,,,,,
2026-08-07,499.05,,,,,,
2026-08-10,505.11,,,,,,
2026-08-11,502.86,,,,,,
2026-08-12,491.5,,,,,,
2026-08-13,495.95,,,,,,
2026-08-14,494.47,,,,,,
2026-08-17,479.45,,,,,,
2026-08-18,480.73,,,,,,
2026-08-19,483.4,,,,,,
2026-08-20,481.15,,,,,,
2026-08-21,483.24,,,,,,
2026-08-24,487.31,,,,,,
2026-08-25,491.71,,,,,,
2026-08-26,496.37,,,,,,
2026-08-27,505.06,,,,,,
2026-08-28,513.53,,,,,,
2026-08-31,507.29,510.38,512.19,506.39,10880795.0,509.579,108971.0
2026-09-01,501.02,498.11,505.97,496.78,10030680.0,501.168,98106.0
