date,close,open,high,low,volume,average,barCount
2014-11-07,11.259859085083008,,,,,,
2014-11-10,11.201887130737305,,,,,,
2014-11-11,11.201887130737305,,,,,,
2014-11-12,11.192967414855955,,,,,,
2014-11-13,10.952163696289062,,,,,,
2014-11-14,10.952163696289062,,,,,,
2014-11-17,11.023512840270996,,,,,,
2014-11-18,10.98337745666504,,,,,,
2014-11-19,10.94770336151123,,,,,,
2014-11-20,10.94770336151123,,,,,,
2014-11-21,11.126079559326172,,,,,,
2014-11-24,11.045809745788574,,,,,,
2014-11-25,10.996756553649902,,,,,,
2014-11-26,11.027972221374512,,,,,,
2014-11-28,10.483932495117188,,,,,,
2014-12-01,10.51514720916748,,,,,,
2014-12-02,10.461634635925291,,,,,,
2014-12-03,10.417041778564451,,,,,,
2014-12-04,10.394742965698242,,,,,,
2014-12-05,10.394742965698242,,,,,,
2014-12-08,10.189614295959473,,,,,,
2014-12-09,10.269883155822754,,,,,,
2014-12-10,10.153940200805664,,,,,,
2014-12-11,10.046915054321287,,,,,,
2014-12-12,9.95772647857666,,,,,,
2014-12-15,9.7838134765625,,,,,,
2014-12-16,9.742785453796388,,,,,,
2014-12-17,9.815028190612791,,,,,,
2014-12-18,9.826176643371582,,,,,,
2014-12-19,9.9309720993042,,,,,,
2014-12-22,9.72138214111328,,,,,,
2014-12-23,9.84178352355957,,,,,,
2014-12-24,9.696854591369627,,,,,,
2014-12-26,9.690166473388672,,,,,,
2014-12-29,9.605439186096191,,,,,,
2014-12-30,9.605439186096191,,,,,,
2014-12-31,9.516252517700195,,,,,,
2015-01-02,9.43598461151123,,,,,,
2015-01-05,9.32004165649414,,,,,,
2015-01-06,9.207219123840332,,,,,,
2015-01-07,9.153260231018066,,,,,,
2015-01-08,9.159503936767578,,,,,,
2015-01-09,9.114910125732422,,,,,,
2015-01-12,9.006102561950684,,,,,,
2015-01-13,8.953927993774414,,,,,,
2015-01-14,9.04222297668457,,,,,,
2015-01-15,8.927618026733398,,,,,,
2015-01-16,9.072100639343262,,,,,,
2015-01-20,8.958833694458008,,,,,,
2015-01-21,8.998967170715332,,,,,,
2015-01-22,9.02304744720459,,,,,,
2015-01-23,8.954374313354492,,,,,,
2015-01-26,8.93653678894043,,,,,,
2015-01-27,8.9900484085083,,,,,,
2015-01-28,8.865187644958496,,,,,,
2015-01-29,8.865187644958496,,,,,,
2015-01-30,9.025723457336426,,,,,,
2015-02-02,9.13631534576416,,,,,,
2015-02-03,9.431526184082031,,,,,,
2015-02-04,9.431526184082031,,,,,,
2015-02-05,9.288825035095217,,,,,,
2015-02-06,9.302204132080078,,,,,,
2015-02-09,9.38693141937256,,,,,,
2015-02-10,9.38693141937256,,,,,,
2015-02-11,9.19562530517578,,,,,,
2015-02-12,9.328959465026855,,,,,,
2015-02-13,9.328959465026855,,,,,,
2015-02-17,9.328959465026855,,,,,,
2015-02-18,9.349026679992676,,,,,,
2015-02-19,9.235312461853027,,,,,,
2015-02-20,9.297744750976562,,,,,,
2015-02-23,9.21747589111328,,,,,,
2015-02-24,9.226394653320312,,,,,,
2015-02-25,9.239771842956545,,,,,,
2015-02-26,9.257609367370604,,,,,,
2015-02-27,9.382472038269045,,,,,,
2015-03-02,9.257609367370604,,,,,,
2015-03-03,9.257609367370604,,,,,,
2015-03-04,9.226394653320312,,,,,,
2015-03-05,9.199637413024902,,,,,,
2015-03-06,9.083693504333496,,,,,,
2015-03-09,9.043560981750488,,,,,,
2015-03-10,8.9231595993042,,,,,,
2015-03-11,8.958833694458008,,,,,,
2015-03-12,9.034643173217772,,,,,,
2015-03-13,8.762621879577637,,,,,,
2015-03-16,8.741216659545898,,,,,,
2015-03-17,8.67343521118164,,,,,,
2015-03-18,8.686812400817871,,,,,,
2015-03-19,8.771541595458984,,,,,,
2015-03-20,8.887484550476074,,,,,,
2015-03-23,9.012346267700195,,,,,,
2015-03-24,8.932077407836914,,,,,,
2015-03-25,8.932077407836914,,,,,,
2015-03-26,9.077452659606934,,,,,,
2015-03-27,8.974886894226074,,,,,,
2015-03-30,8.974886894226074,,,,,,
2015-03-31,8.807215690612793,,,,,,
2015-04-01,8.96329402923584,,,,,,
2015-04-02,8.932077407836914,,,,,,
2015-04-06,9.074777603149414,,,,,,
2015-04-07,9.088154792785645,,,,,,
2015-04-08,9.050250053405762,,,,,,
2015-04-09,8.905768394470215,,,,,,
2015-04-10,8.986926078796387,,,,,,
2015-04-13,8.967751502990723,,,,,,
2015-04-14,8.9900484085083,,,,,,
2015-04-15,9.05247974395752,,,,,,
2015-04-16,9.25314998626709,,,,,,
2015-04-17,9.266529083251951,,,,,,
2015-04-20,9.186262130737305,,,,,,
2015-04-21,9.190719604492188,,,,,,
2015-04-22,9.177342414855955,,,,,,
2015-04-23,9.2799072265625,,,,,,
2015-04-24,9.288825035095217,,,,,,
2015-04-27,9.288825035095217,,,,,,
2015-04-28,9.29328441619873,,,,,,
2015-04-29,9.311121940612791,,,,,,
2015-04-30,9.418146133422852,,,,,,
2015-05-01,9.43598461151123,,,,,,
2015-05-04,9.409226417541504,,,,,,
2015-05-05,9.409226417541504,,,,,,
2015-05-06,9.501090049743652,,,,,,
2015-05-07,9.600979804992676,,,,,,
2015-05-08,9.411011695861816,,,,,,
2015-05-11,9.422606468200684,,,,,,
2015-05-12,9.485036849975586,,,,,,
2015-05-13,9.49395751953125,,,,,,
2015-05-14,9.53408908843994,,,,,,
2015-05-15,9.507333755493164,,,,,,
2015-05-18,9.462738990783691,,,,,,
2015-05-19,9.29506778717041,,,,,,
2015-05-20,9.29506778717041,,,,,,
2015-05-21,9.362404823303224,,,,,,
2015-05-22,9.311121940612791,,,,,,
2015-05-26,9.072100639343262,,,,,,
2015-05-27,8.945455551147461,,,,,,
2015-05-28,8.967751502990723,,,,,,
2015-05-29,9.088154792785645,,,,,,
2015-06-01,9.088154792785645,,,,,,
2015-06-02,9.177342414855955,,,,,,
2015-06-03,9.007885932922363,,,,,,
2015-06-04,8.914238929748535,,,,,,
2015-06-05,8.954374313354492,,,,,,
2015-06-08,9.043560981750488,,,,,,
2015-06-09,9.097073554992676,,,,,,
2015-06-10,9.306662559509276,,,,,,
2015-06-11,9.306662559509276,,,,,,
2015-06-12,9.306662559509276,,,,,,
2015-06-15,9.070318222045898,,,,,,
2015-06-16,9.061397552490234,,,,,,
2015-06-17,9.061397552490234,,,,,,
2015-06-18,9.132747650146484,,,,,,
2015-06-19,9.132747650146484,,,,,,
2015-06-22,9.065858840942385,,,,,,
2015-06-23,9.065858840942385,,,,,,
2015-06-24,9.128289222717283,,,,,,
2015-06-25,9.083693504333496,,,,,,
2015-06-26,9.09172248840332,,,,,,
2015-06-29,9.015021324157717,,,,,,
2015-06-30,9.117586135864258,,,,,,
2015-07-01,9.117586135864258,,,,,,
2015-07-02,9.117586135864258,,,,,,
2015-07-06,8.731406211853027,,,,,,
2015-07-07,8.753703117370605,,,,,,
2015-07-08,8.784918785095215,,,,,,
2015-07-09,8.87856674194336,,,,,,
2015-07-10,8.87856674194336,,,,,,
2015-07-13,8.918699264526367,,,,,,
2015-07-14,8.56195068359375,,,,,,
2015-07-15,8.768863677978516,,,,,,
2015-07-16,8.768863677978516,,,,,,
2015-07-17,8.56195068359375,,,,,,
2015-07-20,8.615464210510254,,,,,,
2015-07-21,8.491047859191895,,,,,,
2015-07-22,8.490602493286133,,,,,,
2015-07-23,8.468303680419922,,,,,,
2015-07-24,8.468303680419922,,,,,,
2015-07-27,8.160609245300293,,,,,,
2015-07-28,8.160609245300293,,,,,,
2015-07-29,8.160609245300293,,,,,,
2015-07-30,8.142772674560547,,,,,,
2015-07-31,8.231958389282227,,,,,,
2015-08-03,7.948791980743408,,,,,,
2015-08-04,8.044666290283203,,,,,,
2015-08-05,7.980005741119385,,,,,,
2015-08-06,7.980005741119385,,,,,,
2015-08-07,7.968857765197754,,,,,,
2015-08-10,8.013450622558594,,,,,,
2015-08-11,8.026830673217773,,,,,,
2015-08-12,8.075882911682129,,,,,,
2015-08-13,8.075882911682129,,,,,,
2015-08-14,7.946561813354492,,,,,,
2015-08-17,7.910886287689209,,,,,,
2015-08-18,7.866293430328369,,,,,,
2015-08-19,7.754809379577637,,,,,,
2015-08-20,7.775769233703613,,,,,,
2015-08-21,7.655364990234375,,,,,,
2015-08-24,7.469411373138428,,,,,,
2015-08-25,7.517571449279785,,,,,,
2015-08-26,7.478329658508301,,,,,,
2015-08-27,7.5764360427856445,,,,,,
2015-08-28,7.937642097473144,,,,,,
2015-08-31,8.062505722045898,,,,,,
2015-09-01,7.834631443023682,,,,,,
2015-09-02,7.924264907836914,,,,,,
2015-09-03,7.946561813354492,,,,,,
2015-09-04,7.857374668121338,,,,,,
2015-09-08,7.7191338539123535,,,,,,
2015-09-09,7.866293430328369,,,,,,
2015-09-10,7.906427383422852,,,,,,
2015-09-11,7.741429805755615,,,,,,
2015-09-14,7.799402236938477,,,,,,
2015-09-15,7.781566143035889,,,,,,
2015-09-16,7.928723812103271,,,,,,
2015-09-17,7.906427383422852,,,,,,
2015-09-18,7.826159000396728,,,,,,
2015-09-21,7.852914810180664,,,,,,
2015-09-22,7.799402236938477,,,,,,
2015-09-23,7.750349521636963,,,,,,
2015-09-24,7.790483474731445,,,,,,
2015-09-25,7.826159000396728,,,,,,
2015-09-28,7.757930278778076,,,,,,
2015-09-29,7.759267330169678,,,,,,
2015-09-30,7.808320999145508,,,,,,
2015-10-01,7.784241676330566,,,,,,
2015-10-02,7.728053569793701,,,,,,
2015-10-05,7.916683197021484,,,,,,
2015-10-06,8.095057487487793,,,,,,
2015-10-07,8.05715274810791,,,,,,
2015-10-08,8.066963195800781,,,,,,
2015-10-09,8.066963195800781,,,,,,
2015-10-12,8.294389724731445,,,,,,
2015-10-13,8.026830673217773,,,,,,
2015-10-14,7.959939002990723,,,,,,
2015-10-15,7.964398860931396,,,,,,
2015-10-16,7.968857765197754,,,,,,
2015-10-19,7.875211715698242,,,,,,
2015-10-20,7.824821472167969,,,,,,
2015-10-21,7.7949442863464355,,,,,,
2015-10-22,7.848456382751465,,,,,,
2015-10-23,7.788700580596924,,,,,,
2015-10-26,7.788700580596924,,,,,,
2015-10-27,7.702635288238525,,,,,,
2015-10-28,7.843995571136475,,,,,,
2015-10-29,7.857374668121338,,,,,,
2015-10-30,7.870752334594727,,,,,,
2015-11-02,7.835075855255127,,,,,,
2015-11-03,7.994276523590088,,,,,,
2015-11-04,7.830617904663086,,,,,,
2015-11-05,7.745890617370605,,,,,,
2015-11-06,7.728945255279541,,,,,,
2015-11-09,7.728945255279541,,,,,,
2015-11-10,7.643325328826904,,,,,,
2015-11-11,7.55324649810791,,,,,,
2015-11-12,7.464951515197754,,,,,,
2015-11-13,7.41456127166748,,,,,,
2015-11-16,7.384683609008789,,,,,,
2015-11-17,7.322251796722412,,,,,,
2015-11-18,7.346779823303223,,,,,,
2015-11-19,7.357927322387695,,,,,,
2015-11-20,7.371304035186768,,,,,,
2015-11-23,7.3980607986450195,,,,,,
2015-11-24,7.51177453994751,,,,,,
2015-11-25,7.51177453994751,,,,,,
2015-11-27,7.40207576751709,,,,,,
2015-11-30,7.40207576751709,,,,,,
2015-12-01,7.386913299560547,,,,,,
2015-12-02,7.273200035095215,,,,,,
2015-12-03,7.375764846801758,,,,,,
2015-12-04,7.344548225402832,,,,,,
2015-12-07,7.175538539886475,,,,,,
2015-12-08,7.094825267791748,,,,,,
2015-12-09,7.121581554412842,,,,,,
2015-12-10,7.106420516967773,,,,,,
2015-12-11,7.0310564041137695,,,,,,
2015-12-14,6.954355239868164,,,,,,
2015-12-15,6.965503215789795,,,,,,
2015-12-16,6.911991596221924,,,,,,
2015-12-17,6.871858596801758,,,,,,
2015-12-18,6.876316547393799,,,,,,
2015-12-21,6.876316547393799,,,,,,
2015-12-22,6.810764789581299,,,,,,
2015-12-23,6.961045265197754,,,,,,
2015-12-24,6.961045265197754,,,,,,
2015-12-28,6.854020595550537,,,,,,
2015-12-29,6.996719837188721,,,,,,
2015-12-30,6.907532215118408,,,,,,
2015-12-31,6.961045265197754,,,,,,
2016-01-04,6.88523530960083,,,,,,
2016-01-05,6.8228044509887695,,,,,,
2016-01-06,6.697942733764648,,,,,,
2016-01-07,6.666727542877197,,,,,,
2016-01-08,6.653350353240967,,,,,,
2016-01-11,6.483894348144531,,,,,,
2016-01-12,6.412990093231201,,,,,,
2016-01-13,6.372411251068115,,,,,,
2016-01-14,6.40362548828125,,,,,,
2016-01-15,6.252007961273193,,,,,,
2016-01-19,6.234170913696289,,,,,,
2016-01-20,6.167280197143555,,,,,,
2016-01-21,6.234170913696289,,,,,,
2016-01-22,6.439300060272217,,,,,,
2016-01-25,6.283224105834961,,,,,,
2016-01-26,6.412545680999756,,,,,,
2016-01-27,6.470516681671143,,,,,,
2016-01-28,6.564163684844971,,,,,,
2016-01-29,6.613215446472168,,,,,,
2016-02-01,6.474976062774658,,,,,,
2016-02-02,6.3634934425354,,,,,,
2016-02-03,6.537407398223877,,,,,,
2016-02-04,6.52492094039917,,,,,,
2016-02-05,6.501731395721436,,,,,,
2016-02-08,6.470516681671143,,,,,,
2016-02-09,6.280548572540283,,,,,,
2016-02-10,6.309979438781738,,,,,,
2016-02-11,6.38132905960083,,,,,,
2016-02-12,6.474976062774658,,,,,,
2016-02-16,6.399167537689209,,,,,,
2016-02-17,6.537407398223877,,,,,,
2016-02-18,6.483894348144531,,,,,,
2016-02-19,6.457138538360596,,,,,,
2016-02-22,6.54632568359375,,,,,,
2016-02-23,6.448665618896484,,,,,,
2016-02-24,6.532946586608887,,,,,,
2016-02-25,6.528487682342529,,,,,,
2016-02-26,6.510650634765625,,,,,,
2016-02-29,6.604298114776611,,,,,,
2016-03-01,6.604298114776611,,,,,,
2016-03-02,6.648890972137451,,,,,,
2016-03-03,6.680105686187744,,,,,,
2016-03-04,6.800507545471191,,,,,,
2016-03-07,6.938747882843018,,,,,,
2016-03-08,6.862939834594727,,,,,,
2016-03-09,6.947666168212891,,,,,,
2016-03-10,6.929830551147461,,,,,,
2016-03-11,6.969963550567627,,,,,,
2016-03-14,6.898613452911377,,,,,,
2016-03-15,6.831723690032959,,,,,,
2016-03-16,6.947666168212891,,,,,,
2016-03-17,7.045773029327393,,,,,,
2016-03-18,7.019015789031982,,,,,,
2016-03-21,7.05915117263794,,,,,,
2016-03-22,7.094825267791748,,,,,,
2016-03-23,6.961045265197754,,,,,,
2016-03-24,6.911991596221924,,,,,,
2016-03-28,6.925369739532471,,,,,,
2016-03-29,6.916452407836914,,,,,,
2016-03-30,6.89415454864502,,,,,,
2016-03-31,6.871858596801758,,,,,,
2016-04-01,6.764833450317383,,,,,,
2016-04-04,6.684564113616943,,,,,,
2016-04-05,6.639971256256104,,,,,,
2016-04-06,6.733617782592773,,,,,,
2016-04-07,6.706861972808838,,,,,,
2016-04-08,6.862939834594727,,,,,,
2016-04-11,6.929830551147461,,,,,,
2016-04-12,7.063609600067139,,,,,,
2016-04-13,7.0992841720581055,,,,,,
2016-04-14,7.054690361022949,,,,,,
2016-04-15,7.02793550491333,,,,,,
2016-04-18,7.05023193359375,,,,,,
2016-04-19,7.206309795379639,,,,,,
2016-04-20,7.340089321136475,,,,,,
2016-04-21,7.313333988189697,,,,,,
2016-04-22,7.28211784362793,,,,,,
2016-04-25,7.27765941619873,,,,,,
2016-04-26,7.371304035186768,,,,,,
2016-04-27,7.438195705413818,,,,,,
2016-04-28,7.482789039611816,,,,,,
2016-04-29,7.558598041534424,,,,,,
2016-05-02,7.456031799316406,,,,,,
2016-05-03,7.349008083343506,,,,,,
2016-05-04,7.335631370544434,,,,,,
2016-05-05,7.264280319213867,,,,,,
2016-05-06,7.322251796722412,,,,,,
2016-05-09,7.161716461181641,,,,,,
2016-05-10,7.335631370544434,,,,,,
2016-05-11,7.478329658508301,,,,,,
2016-05-12,7.50954532623291,,,,,,
2016-05-13,7.500625610351562,,,,,,
2016-05-16,7.5764360427856445,,,,,,
2016-05-17,7.643325328826904,,,,,,
2016-05-18,7.567515850067139,,,,,,
2016-05-19,7.563056945800781,,,,,,
2016-05-20,7.585353851318359,,,,,,
2016-05-23,7.540760993957519,,,,,,
2016-05-24,7.549679279327393,,,,,,
2016-05-25,7.634406566619873,,,,,,
2016-05-26,7.625487804412842,,,,,,
2016-05-27,7.670082092285156,,,,,,
2016-05-31,7.621028423309326,,,,,,
2016-06-01,7.678999423980713,,,,,,
2016-06-02,7.705756664276123,,,,,,
2016-06-03,7.772647380828857,,,,,,
2016-06-06,7.857374668121338,,,,,,
2016-06-07,7.924264907836914,,,,,,
2016-06-08,8.075882911682129,,,,,,
2016-06-09,8.058046340942383,,,,,,
2016-06-10,7.959939002990723,,,,,,
2016-06-13,7.942101001739502,,,,,,
2016-06-14,7.910886287689209,,,,,,
2016-06-15,7.866293430328369,,,,,,
2016-06-16,7.732512474060059,,,,,,
2016-06-17,7.91980504989624,,,,,,
2016-06-20,8.00007438659668,,,,,,
2016-06-21,7.928723812103271,,,,,,
2016-06-22,7.875211715698242,,,,,,
2016-06-23,7.942101001739502,,,,,,
2016-06-24,7.78602409362793,,,,,,
2016-06-27,7.768186569213867,,,,,,
2016-06-28,7.888589382171631,,,,,,
2016-06-29,7.991154670715332,,,,,,
2016-06-30,7.955480098724365,,,,,,
2016-07-01,8.062505722045898,,,,,,
2016-07-05,7.821700096130371,,,,,,
2016-07-06,7.866293430328369,,,,,,
2016-07-07,7.629947662353516,,,,,,
2016-07-08,7.728053569793701,,,,,,
2016-07-11,7.692378997802734,,,,,,
2016-07-12,7.835075855255127,,,,,,
2016-07-13,7.741429805755615,,,,,,
2016-07-14,7.768186569213867,,,,,,
2016-07-15,7.728053569793701,,,,,,
2016-07-18,7.701296806335449,,,,,,
2016-07-19,7.656703472137451,,,,,,
2016-07-20,7.598732471466064,,,,,,
2016-07-21,7.567515850067139,,,,,,
2016-07-22,7.549679279327393,,,,,,
2016-07-25,7.469411373138428,,,,,,
2016-07-26,7.433734893798828,,,,,,
2016-07-27,7.362386703491211,,,,,,
2016-07-28,7.340089321136475,,,,,,
2016-07-29,7.406980037689209,,,,,,
2016-08-01,7.2865777015686035,,,,,,
2016-08-02,7.273200035095215,,,,,,
2016-08-03,7.380222797393799,,,,,,
2016-08-04,7.411439895629883,,,,,,
2016-08-05,7.433734893798828,,,,,,
2016-08-08,7.4917073249816895,,,,,,
2016-08-09,7.478329658508301,,,,,,
2016-08-10,7.375764846801758,,,,,,
2016-08-11,7.505085468292236,,,,,,
2016-08-12,7.563056945800781,,,,,,
2016-08-15,7.674540042877197,,,,,,
2016-08-16,7.732512474060059,,,,,,
2016-08-17,7.781566143035889,,,,,,
2016-08-18,7.866293430328369,,,,,,
2016-08-19,7.826159000396728,,,,,,
2016-08-22,7.763726711273193,,,,,,
2016-08-23,7.808320999145508,,,,,,
2016-08-24,7.701296806335449,,,,,,
2016-08-25,7.750349521636963,,,,,,
2016-08-26,7.714674949645996,,,,,,
2016-08-29,7.687918186187744,,,,,,
2016-08-30,7.612109661102295,,,,,,
2016-08-31,7.478329658508301,,,,,,
2016-09-01,7.389142036437988,,,,,,
2016-09-02,7.478329658508301,,,,,,
2016-09-06,7.531842231750488,,,,,,
2016-09-07,7.571975708007812,,,,,,
2016-09-08,7.723592758178711,,,,,,
2016-09-09,7.594272613525391,,,,,,
2016-09-12,7.60319185256958,,,,,,
2016-09-13,7.48724889755249,,,,,,
2016-09-14,7.451573371887207,,,,,,
2016-09-15,7.473870754241943,,,,,,
2016-09-16,7.4917073249816895,,,,,,
2016-09-19,7.48724889755249,,,,,,
2016-09-20,7.527381420135498,,,,,,
2016-09-21,7.60319185256958,,,,,,
2016-09-22,7.656703472137451,,,,,,
2016-09-23,7.563056945800781,,,,,,
2016-09-26,7.607649803161621,,,,,,
2016-09-27,7.545219421386719,,,,,,
2016-09-28,7.701296806335449,,,,,,
2016-09-29,7.745890617370605,,,,,,
2016-09-30,7.777106285095215,,,,,,
2016-10-03,7.839536666870117,,,,,,
2016-10-04,7.835075855255127,,,,,,
2016-10-05,7.888589382171631,,,,,,
2016-10-06,7.901966571807861,,,,,,
2016-10-07,7.870752334594727,,,,,,
2016-10-10,7.964398860931396,,,,,,
2016-10-11,7.910886287689209,,,,,,
2016-10-12,7.8796706199646,,,,,,
2016-10-13,7.924264907836914,,,,,,
2016-10-14,7.928723812103271,,,,,,
2016-10-17,7.924264907836914,,,,,,
2016-10-18,7.933184146881103,,,,,,
2016-10-19,7.982235908508301,,,,,,
2016-10-20,7.91534423828125,,,,,,
2016-10-21,7.955480098724365,,,,,,
2016-10-24,7.959939002990723,,,,,,
2016-10-25,7.928723812103271,,,,,,
2016-10-26,7.88413143157959,,,,,,
2016-10-27,7.924264907836914,,,,,,
2016-10-28,7.8796706199646,,,,,,
2016-10-31,7.763726711273193,,,,,,
2016-11-01,7.7949442863464355,,,,,,
2016-11-02,7.7191338539123535,,,,,,
2016-11-03,7.683459281921387,,,,,,
2016-11-04,7.629947662353516,,,,,,
2016-11-07,7.673202991485596,,,,,,
2016-11-08,7.661163330078125,,,,,,
2016-11-09,7.714674949645996,,,,,,
2016-11-10,7.634406566619873,,,,,,
2016-11-11,7.48724889755249,,,,,,
2016-11-14,7.496166706085205,,,,,,
2016-11-15,7.629947662353516,,,,,,
2016-11-16,7.55413818359375,,,,,,
2016-11-17,7.558598041534424,,,,,,
2016-11-18,7.607649803161621,,,,,,
2016-11-21,7.826159000396728,,,,,,
2016-11-22,7.821700096130371,,,,,,
2016-11-23,7.852914810180664,,,,,,
2016-11-25,7.781566143035889,,,,,,
2016-11-28,7.826159000396728,,,,,,
2016-11-29,7.652243614196777,,,,,,
2016-11-30,7.875211715698242,,,,,,
2016-12-01,8.008991241455078,,,,,,
2016-12-02,8.080342292785645,,,,,,
2016-12-05,8.129393577575684,,,,,,
2016-12-06,8.09817886352539,,,,,,
2016-12-07,8.026830673217773,,,,,,
2016-12-08,8.049125671386719,,,,,,
2016-12-09,8.093719482421875,,,,,,
2016-12-12,8.147233009338379,,,,,,
2016-12-13,8.16952896118164,,,,,,
2016-12-14,8.08926010131836,,,,,,
2016-12-15,8.075882911682129,,,,,,
2016-12-16,8.120573997497559,,,,,,
2016-12-19,8.073029518127441,,,,,,
2016-12-20,8.087292671203613,,,,,,
2016-12-21,8.05876636505127,,,,,,
2016-12-22,8.049257278442383,,,,,,
2016-12-23,8.054011344909668,,,,,,
2016-12-27,8.196643829345703,,,,,,
2016-12-28,8.182380676269531,,,,,,
2016-12-29,8.201399803161621,,,,,,
2016-12-30,8.215662956237793,,,,,,
2017-01-03,8.168118476867676,,,,,,
2017-01-04,8.182380676269531,,,,,,
2017-01-05,8.20615291595459,,,,,,
2017-01-06,8.20615291595459,,,,,,
2017-01-09,8.082538604736328,,,,,,
2017-01-10,8.039749145507812,,,,,,
2017-01-11,8.149100303649902,,,,,,
2017-01-12,8.258452415466309,,,,,,
2017-01-13,8.248943328857422,,,,,,
2017-01-17,8.25369644165039,,,,,,
2017-01-18,8.168118476867676,,,,,,
2017-01-19,8.153855323791504,,,,,,
2017-01-20,8.232303619384766,,,,,,
2017-01-23,8.244189262390137,,,,,,
2017-01-24,8.258452415466309,,,,,,
2017-01-25,8.215662956237793,,,,,,
2017-01-26,8.234679222106934,,,,,,
2017-01-27,8.177627563476562,,,,,,
2017-01-30,8.13483715057373,,,,,,
2017-01-31,8.177627563476562,,,,,,
2017-02-01,8.258452415466309,,,,,,
2017-02-02,8.267961502075195,,,,,,
2017-02-03,8.25369644165039,,,,,,
2017-02-06,8.201399803161621,,,,,,
2017-02-07,8.172872543334961,,,,,,
2017-02-08,8.201399803161621,,,,,,
2017-02-09,8.225171089172363,,,,,,
2017-02-10,8.327391624450684,,,,,,
2017-02-13,8.220417022705078,,,,,,
2017-02-14,8.25369644165039,,,,,,
2017-02-15,8.244189262390137,,,,,,
2017-02-16,8.201399803161621,,,,,,
2017-02-17,8.182380676269531,,,,,,
2017-02-21,8.187134742736816,,,,,,
2017-02-22,8.158608436584473,,,,,,
2017-02-23,8.163363456726074,,,,,,
2017-02-24,8.168118476867676,,,,,,
2017-02-27,8.144347190856934,,,,,,
2017-02-28,8.163363456726074,,,,,,
2017-03-01,8.191889762878418,,,,,,
2017-03-02,8.06827449798584,,,,,,
2017-03-03,8.111063957214355,,,,,,
2017-03-06,8.111063957214355,,,,,,
2017-03-07,8.06827449798584,,,,,,
2017-03-08,7.882852554321289,,,,,,
2017-03-09,7.806780815124512,,,,,,
2017-03-10,7.744973182678223,,,,,,
2017-03-13,7.725955486297607,,,,,,
2017-03-14,7.702184200286865,,,,,,
2017-03-15,7.773500442504883,,,,,,
2017-03-16,7.768745899200439,,,,,,
2017-03-17,7.778254985809326,,,,,,
2017-03-20,7.7830095291137695,,,,,,
2017-03-21,7.7402191162109375,,,,,,
2017-03-22,7.735464096069336,,,,,,
2017-03-23,7.711691856384277,,,,,,
2017-03-24,7.754482746124268,,,,,,
2017-03-27,7.744973182678223,,,,,,
2017-03-28,7.771121501922607,,,,,,
2017-03-29,7.847194194793701,,,,,,
2017-03-30,7.868587493896484,,,,,,
2017-03-31,7.906623840332031,,,,,,
2017-04-03,7.873343467712402,,,,,,
2017-04-04,7.94465970993042,,,,,,
2017-04-05,7.968432426452637,,,,,,
2017-04-06,7.987449169158935,,,,,,
2017-04-07,8.011222839355469,,,,,,
2017-04-10,8.054011344909668,,,,,,
2017-04-11,8.077784538269043,,,,,,
2017-04-12,8.06827449798584,,,,,,
2017-04-13,8.0968017578125,,,,,,
2017-04-17,8.063520431518555,,,,,,
2017-04-18,8.020730972290039,,,,,,
2017-04-19,7.892361164093018,,,,,,
2017-04-20,7.859078884124756,,,,,,
2017-04-21,7.7830095291137695,,,,,,
2017-04-24,7.754482746124268,,,,,,
2017-04-25,7.806780815124512,,,,,,
2017-04-26,7.7402191162109375,,,,,,
2017-04-27,7.697429180145264,,,,,,
2017-04-28,7.706937313079834,,,,,,
2017-05-01,7.702184200286865,,,,,,
2017-05-02,7.616603374481201,,,,,,
2017-05-03,7.6023406982421875,,,,,,
2017-05-04,7.40265417098999,,,,,,
2017-05-05,7.512006759643555,,,,,,
2017-05-08,7.478724002838135,,,,,,
2017-05-09,7.445443630218506,,,,,,
2017-05-10,7.5595502853393555,,,,,,
2017-05-11,7.6023406982421875,,,,,,
2017-05-12,7.6023406982421875,,,,,,
2017-05-15,7.65939474105835,,,,,,
2017-05-16,7.65463924407959,,,,,,
2017-05-17,7.702184200286865,,,,,,
2017-05-18,7.68316650390625,,,,,,
2017-05-19,7.835307598114014,,,,,,
2017-05-22,7.892361164093018,,,,,,
2017-05-23,7.863834857940674,,,,,,
2017-05-24,7.849571228027344,,,,,,
2017-05-25,7.668901443481445,,,,,,
2017-05-26,7.7402191162109375,,,,,,
2017-05-30,7.668901443481445,,,,,,
2017-05-31,7.573813915252685,,,,,,
2017-06-01,7.528647899627685,,,,,,
2017-06-02,7.502496242523193,,,,,,
2017-06-05,7.450199127197266,,,,,,
2017-06-06,7.512006759643555,,,,,,
2017-06-07,7.383635997772217,,,,,,
2017-06-08,7.405031681060791,,,,,,
2017-06-09,7.431180953979492,,,,,,
2017-06-12,7.378881931304932,,,,,,
2017-06-13,7.407407760620117,,,,,,
2017-06-14,7.279038906097412,,,,,,
2017-06-15,7.295680522918701,,,,,,
2017-06-16,7.333715438842773,,,,,,
2017-06-19,7.27428388595581,,,,,,
2017-06-20,7.21247673034668,,,,,,
2017-06-21,7.117388248443604,,,,,,
2017-06-22,7.150669097900391,,,,,,
2017-06-23,7.169687271118164,,,,,,
2017-06-26,7.198213577270508,,,,,,
2017-06-27,7.264776229858398,,,,,,
2017-06-28,7.317074775695801,,,,,,
2017-06-29,7.355109214782715,,,,,,
2017-06-30,7.502496242523193,,,,,,
2017-07-03,7.564304828643799,,,,,,
2017-07-05,7.4406890869140625,,,,,,
2017-07-06,7.469217300415039,,,,,,
2017-07-07,7.388391971588135,,,,,,
2017-07-10,7.431180953979492,,,,,,
2017-07-11,7.502496242523193,,,,,,
2017-07-12,7.478724002838135,,,,,,
2017-07-13,7.469217300415039,,,,,,
2017-07-14,7.540532112121582,,,,,,
2017-07-17,7.521513938903809,,,,,,
2017-07-18,7.5595502853393555,,,,,,
2017-07-19,7.626112937927246,,,,,,
2017-07-20,7.616603374481201,,,,,,
2017-07-21,7.512006759643555,,,,,,
2017-07-24,7.521513938903809,,,,,,
2017-07-25,7.607094287872314,,,,,,
2017-07-26,7.678411483764648,,,,,,
2017-07-27,7.725955486297607,,,,,,
2017-07-28,7.763990879058838,,,,,,
2017-07-31,7.811534881591797,,,,,,
2017-08-01,7.730710029602051,,,,,,
2017-08-02,7.744973182678223,,,,,,
2017-08-03,7.706937313079834,,,,,,
2017-08-04,7.716446399688721,,,,,,
2017-08-07,7.74972677230835,,,,,,
2017-08-08,7.7402191162109375,,,,,,
2017-08-09,7.792517185211182,,,,,,
2017-08-10,7.678411483764648,,,,,,
2017-08-11,7.716446399688721,,,,,,
2017-08-14,7.626112937927246,,,,,,
2017-08-15,7.592831611633301,,,,,,
2017-08-16,7.578567981719971,,,,,,
2017-08-17,7.592831611633301,,,,,,
2017-08-18,7.730710029602051,,,,,,
2017-08-21,7.640375137329102,,,,,,
2017-08-22,7.664147853851318,,,,,,
2017-08-23,7.716446399688721,,,,,,
2017-08-24,7.706937313079834,,,,,,
2017-08-25,7.692675113677978,,,,,,
2017-08-28,7.692675113677978,,,,,,
2017-08-29,7.706937313079834,,,,,,
2017-08-30,7.621358871459961,,,,,,
2017-08-31,7.835307598114014,,,,,,
2017-09-01,7.859078884124756,,,,,,
2017-09-05,7.868587493896484,,,,,,
2017-09-06,7.94465970993042,,,,,,
2017-09-07,7.949413299560547,,,,,,
2017-09-08,7.849571228027344,,,,,,
2017-09-11,7.878097057342529,,,,,,
2017-09-12,7.901870250701904,,,,,,
2017-09-13,7.939905643463135,,,,,,
2017-09-14,7.95416784286499,,,,,,
2017-09-15,7.996957778930664,,,,,,
2017-09-18,7.982696056365967,,,,,,
2017-09-19,7.958922863006592,,,,,,
2017-09-20,8.020730972290039,,,,,,
2017-09-21,7.992203712463379,,,,,,
2017-09-22,8.011222839355469,,,,,,
2017-09-25,8.149100303649902,,,,,,
2017-09-26,8.076356887817383,,,,,,
2017-09-27,8.054011344909668,,,,,,
2017-09-28,8.039749145507812,,,,,,
2017-09-29,8.011222839355469,,,,,,
2017-10-02,7.939905643463135,,,,,,
2017-10-03,7.92564058303833,,,,,,
2017-10-04,7.949413299560547,,,,,,
2017-10-05,8.034993171691895,,,,,,
2017-10-06,7.906623840332031,,,,,,
2017-10-09,7.901870250701904,,,,,,
2017-10-10,8.011222839355469,,,,,,
2017-10-11,8.020730972290039,,,,,,
2017-10-12,8.006467819213867,,,,,,
2017-10-13,8.092047691345215,,,,,,
2017-10-16,8.115818977355957,,,,,,
2017-10-17,8.092047691345215,,,,,,
2017-10-18,8.092047691345215,,,,,,
2017-10-19,8.05876636505127,,,,,,
2017-10-20,8.106310844421387,,,,,,
2017-10-23,8.106310844421387,,,,,,
2017-10-24,8.187134742736816,,,,,,
2017-10-25,8.196643829345703,,,,,,
2017-10-26,8.220417022705078,,,,,,
2017-10-27,8.267961502075195,,,,,,
2017-10-30,8.286979675292969,,,,,,
2017-10-31,8.301241874694824,,,,,,
2017-11-01,8.30599594116211,,,,,,
2017-11-02,8.358295440673828,,,,,,
2017-11-03,8.401084899902344,,,,,,
2017-11-06,8.553226470947266,,,,,,
2017-11-07,8.52945613861084,,,,,,
2017-11-08,8.519946098327637,,,,,,
2017-11-09,8.534210205078125,,,,,,
2017-11-10,8.534210205078125,,,,,,
2017-11-13,8.486664772033691,,,,,,
2017-11-14,8.377313613891602,,,,,,
2017-11-15,8.367805480957031,,,,,,
2017-11-16,8.339278221130371,,,,,,
2017-11-17,8.462892532348633,,,,,,
2017-11-20,8.393954277038574,,,,,,
2017-11-21,8.443875312805176,,,,,,
2017-11-22,8.486664772033691,,,,,,
2017-11-24,8.519946098327637,,,,,,
2017-11-27,8.505681037902832,,,,,,
2017-11-28,8.477155685424805,,,,,,
2017-11-29,8.420101165771484,,,,,,
2017-11-30,8.38206672668457,,,,,,
2017-12-01,8.462892532348633,,,,,,
2017-12-04,8.358295440673828,,,,,,
2017-12-05,8.336899757385254,,,,,,
2017-12-06,8.20615291595459,,,,,,
2017-12-07,8.203776359558105,,,,,,
2017-12-08,8.258452415466309,,,,,,
2017-12-11,8.298866271972656,,,,,,
2017-12-12,8.225171089172363,,,,,,
2017-12-13,8.182380676269531,,,,,,
2017-12-14,8.215662956237793,,,,,,
2017-12-15,8.208529472351074,,,,,,
2017-12-18,8.259970664978027,,,,,,
2017-12-19,8.299539566040039,,,,,,
2017-12-20,8.353946685791016,,,,,,
2017-12-21,8.363839149475098,,,,,,
2017-12-22,8.400933265686035,,,,,,
2017-12-26,8.527058601379395,,,,,,
2017-12-27,8.544370651245117,,,,,,
2017-12-28,8.606195449829102,,,,,,
2017-12-29,8.630927085876465,,,,,,
2018-01-02,8.680387496948242,,,,,,
2018-01-03,8.729848861694336,,,,,,
2018-01-04,8.734794616699219,,,,,,
2018-01-05,8.700172424316406,,,,,,
2018-01-08,8.695226669311523,,,,,,
2018-01-09,8.754579544067383,,,,,,
2018-01-10,8.789201736450195,,,,,,
2018-01-11,8.789201736450195,,,,,,
2018-01-12,8.853500366210938,,,,,,
2018-01-16,8.799095153808594,,,,,,
2018-01-17,8.808985710144043,,,,,,
2018-01-18,8.804039001464844,,,,,,
2018-01-19,8.779308319091797,,,,,,
2018-01-22,8.808985710144043,,,,,,
2018-01-23,8.883176803588867,,,,,,
2018-01-24,8.967260360717773,,,,,,
2018-01-25,8.932637214660645,,,,,,
2018-01-26,8.99693775177002,,,,,,
2018-01-29,8.967260360717773,,,,,,
2018-01-30,8.905434608459473,,,,,,
2018-01-31,8.902961730957031,,,,,,
2018-02-01,8.967260360717773,,,,,,
2018-02-02,8.823823928833008,,,,,,
2018-02-05,8.729848861694336,,,,,,
2018-02-06,8.695226669311523,,,,,,
2018-02-07,8.571574211120605,,,,,,
2018-02-08,8.499855041503906,,,,,,
2018-02-09,8.368783950805664,,,,,,
2018-02-12,8.40340805053711,,,,,,
2018-02-13,8.433083534240723,,,,,,
2018-02-14,8.561680793762207,,,,,,
2018-02-15,8.596303939819336,,,,,,
2018-02-16,8.616087913513184,,,,,,
2018-02-20,8.6210355758667,,,,,,
2018-02-21,8.611141204833984,,,,,,
2018-02-22,8.705119132995605,,,,,,
2018-02-23,8.759523391723633,,,,,,
2018-02-26,8.799095153808594,,,,,,
2018-02-27,8.705119132995605,,,,,,
2018-02-28,8.606195449829102,,,,,,
2018-03-01,8.6210355758667,,,,,,
2018-03-02,8.611141204833984,,,,,,
2018-03-05,8.675442695617676,,,,,,
2018-03-06,8.695226669311523,,,,,,
2018-03-07,8.591358184814453,,,,,,
2018-03-08,8.551790237426758,,,,,,
2018-03-09,8.630927085876465,,,,,,
2018-03-12,8.591358184814453,,,,,,
2018-03-13,8.581465721130371,,,,,,
2018-03-14,8.586411476135254,,,,,,
2018-03-15,8.571574211120605,,,,,,
2018-03-16,8.6210355758667,,,,,,
2018-03-19,8.571574211120605,,,,,,
2018-03-20,8.611141204833984,,,,,,
2018-03-21,8.794147491455078,,,,,,
2018-03-22,8.724903106689453,,,,,,
2018-03-23,8.804039001464844,,,,,,
2018-03-26,8.794147491455078,,,,,,
2018-03-27,8.759523391723633,,,,,,
2018-03-28,8.724903106689453,,,,,,
2018-03-29,8.789201736450195,,,,,,
2018-04-02,8.685334205627441,,,,,,
2018-04-03,8.705119132995605,,,,,,
2018-04-04,8.695226669311523,,,,,,
2018-04-05,8.729848861694336,,,,,,
2018-04-06,8.660603523254395,,,,,,
2018-04-09,8.779308319091797,,,,,,
2018-04-10,8.927691459655762,,,,,,
2018-04-11,8.987046241760254,,,,,,
2018-04-12,8.967260360717773,,,,,,
2018-04-13,8.977152824401855,,,,,,
2018-04-16,8.937585830688477,,,,,,
2018-04-17,8.94747543334961,,,,,,
2018-04-18,9.120590209960938,,,,,,
2018-04-19,9.090913772583008,,,,,,
2018-04-20,9.076075553894045,,,,,,
2018-04-23,9.08102035522461,,,,,,
2018-04-24,9.026615142822266,,,,,,
2018-04-25,9.04145336151123,,,,,,
2018-04-26,9.076075553894045,,,,,,
2018-04-27,9.076075553894045,,,,,,
2018-04-30,9.115642547607422,,,,,,
2018-05-01,9.051342964172363,,,,,,
2018-05-02,9.04145336151123,,,,,,
2018-05-03,9.105751991271973,,,,,,
2018-05-04,9.170050621032717,,,,,,
2018-05-07,9.165104866027832,,,,,,
2018-05-08,9.194782257080078,,,,,,
2018-05-09,9.268970489501951,,,,,,
2018-05-10,9.293702125549316,,,,,,
2018-05-11,9.254133224487305,,,,,,
2018-05-14,9.30854034423828,,,,,,
2018-05-15,9.318434715270996,,,,,,
2018-05-16,9.367894172668455,,,,,,
2018-05-17,9.377787590026855,,,,,,
2018-05-18,9.38767910003662,,,,,,
2018-05-21,9.466815948486328,,,,,,
2018-05-22,9.476707458496094,,,,,,
2018-05-23,9.516278266906738,,,,,,
2018-05-24,9.456923484802246,,,,,,
2018-05-25,9.33327293395996,,,,,,
2018-05-29,9.244242668151855,,,,,,
2018-05-30,9.34811019897461,,,,,,
2018-05-31,9.318434715270996,,,,,,
2018-06-01,9.249188423156738,,,,,,
2018-06-04,9.15026569366455,,,,,,
2018-06-05,9.140374183654783,,,,,,
2018-06-06,9.165104866027832,,,,,,
2018-06-07,9.219511032104492,,,,,,
2018-06-08,9.21456527709961,,,,,,
2018-06-11,9.194782257080078,,,,,,
2018-06-12,9.194782257080078,,,,,,
2018-06-13,9.234350204467772,,,,,,
2018-06-14,9.135428428649902,,,,,,
2018-06-15,8.907906532287598,,,,,,
2018-06-18,8.982099533081055,,,,,,
2018-06-19,8.902961730957031,,,,,,
2018-06-20,8.883176803588867,,,,,,
2018-06-21,8.823823928833008,,,,,,
2018-06-22,9.001884460449219,,,,,,
2018-06-25,8.902961730957031,,,,,,
2018-06-26,8.987046241760254,,,,,,
2018-06-27,9.036506652832031,,,,,,
2018-06-28,9.036506652832031,,,,,,
2018-06-29,9.130480766296388,,,,,,
2018-07-02,8.957368850708008,,,,,,
2018-07-03,8.907906532287598,,,,,,
2018-07-05,8.982099533081055,,,,,,
2018-07-06,9.0117769241333,,,,,,
2018-07-09,9.071128845214844,,,,,,
2018-07-10,9.06618309020996,,,,,,
2018-07-11,8.759523391723633,,,,,,
2018-07-12,8.789201736450195,,,,,,
2018-07-13,8.808985710144043,,,,,,
2018-07-16,8.6210355758667,,,,,,
2018-07-17,8.635872840881348,,,,,,
2018-07-18,8.690279006958008,,,,,,
2018-07-19,8.685334205627441,,,,,,
2018-07-20,8.749632835388184,,,,,,
2018-07-23,8.784255027770996,,,,,,
2018-07-24,8.828770637512207,,,,,,
2018-07-25,8.94253158569336,,,,,,
2018-07-26,8.94253158569336,,,,,,
2018-07-27,8.912854194641113,,,,,,
2018-07-30,8.96231460571289,,,,,,
2018-07-31,8.902961730957031,,,,,,
2018-08-01,8.781783103942871,,,,,,
2018-08-02,8.823823928833008,,,,,,
2018-08-03,8.86339282989502,,,,,,
2018-08-06,8.873286247253418,,,,,,
2018-08-07,8.94747543334961,,,,,,
2018-08-08,8.823823928833008,,,,,,
2018-08-09,8.804039001464844,,,,,,
2018-08-10,8.799095153808594,,,,,,
2018-08-13,8.744688034057617,,,,,,
2018-08-14,8.769417762756348,,,,,,
2018-08-15,8.566627502441406,,,,,,
2018-08-16,8.645766258239746,,,,,,
2018-08-17,8.680387496948242,,,,,,
2018-08-20,8.700172424316406,,,,,,
2018-08-21,8.715009689331055,,,,,,
2018-08-22,8.838662147521973,,,,,,
2018-08-23,8.823823928833008,,,,,,
2018-08-24,8.888123512268066,,,,,,
2018-08-27,8.917799949645996,,,,,,
2018-08-28,8.883176803588867,,,,,,
2018-08-29,8.977152824401855,,,,,,
2018-08-30,8.96231460571289,,,,,,
2018-08-31,8.982099533081055,,,,,,
2018-09-04,8.927691459655762,,,,,,
2018-09-05,8.898015022277832,,,,,,
2018-09-06,8.838662147521973,,,,,,
2018-09-07,8.86339282989502,,,,,,
2018-09-10,8.883176803588867,,,,,,
2018-09-11,8.972206115722656,,,,,,
2018-09-12,9.04145336151123,,,,,,
2018-09-13,8.94747543334961,,,,,,
2018-09-14,8.898015022277832,,,,,,
2018-09-17,8.883176803588867,,,,,,
2018-09-18,8.957368850708008,,,,,,
2018-09-19,9.016721725463867,,,,,,
2018-09-20,9.016721725463867,,,,,,
2018-09-21,9.04145336151123,,,,,,
2018-09-24,9.16015911102295,,,,,,
2018-09-25,9.199726104736328,,,,,,
2018-09-26,9.15026569366455,,,,,,
2018-09-27,9.17994213104248,,,,,,
2018-09-28,9.283811569213867,,,,,,
2018-10-01,9.456923484802246,,,,,,
2018-10-02,9.49649143218994,,,,,,
2018-10-03,9.59046745300293,,,,,,
2018-10-04,9.481653213500977,,,,,,
2018-10-05,9.461869239807127,,,,,,
2018-10-08,9.437139511108398,,,,,,
2018-10-09,9.486601829528809,,,,,,
2018-10-10,9.323379516601562,,,,,,
2018-10-11,9.174996376037598,,,,,,
2018-10-12,9.249188423156738,,,,,,
2018-10-15,9.268970489501951,,,,,,
2018-10-16,9.313488006591797,,,,,,
2018-10-17,9.229402542114258,,,,,,
2018-10-18,9.130480766296388,,,,,,
2018-10-19,9.17994213104248,,,,,,
2018-10-22,9.189834594726562,,,,,,
2018-10-23,8.987046241760254,,,,,,
2018-10-24,8.932637214660645,,,,,,
2018-10-25,8.957368850708008,,,,,,
2018-10-26,9.036506652832031,,,,,,
2018-10-29,8.937585830688477,,,,,,
2018-10-30,8.89306926727295,,,,,,
2018-10-31,8.77436351776123,,,,,,
2018-11-01,8.710063934326172,,,,,,
2018-11-02,8.695226669311523,,,,,,
2018-11-05,8.685334205627441,,,,,,
2018-11-06,8.660603523254395,,,,,,
2018-11-07,8.650710105895996,,,,,,
2018-11-08,8.586411476135254,,,,,,
2018-11-09,8.482544898986816,,,,,,
2018-11-12,8.462760925292969,,,,,,
2018-11-13,8.210509300231934,,,,,,
2018-11-14,8.289647102355957,,,,,,
2018-11-15,8.274807929992676,,,,,,
2018-11-16,8.334161758422852,,,,,,
2018-11-19,8.314376831054688,,,,,,
2018-11-20,8.02750301361084,,,,,,
2018-11-21,8.101694107055664,,,,,,
2018-11-23,7.859336853027344,,,,,,
2018-11-26,7.893958568572998,,,,,,
2018-11-27,7.859336853027344,,,,,,
2018-11-28,7.81976842880249,,,,,,
2018-11-29,7.864283084869385,,,,,,
2018-11-30,7.832134246826172,,,,,,
2018-12-03,8.012665748596191,,,,,,
2018-12-04,8.012665748596191,,,,,,
2018-12-06,7.943421363830566,,,,,,
2018-12-07,8.042342185974121,,,,,,
2018-12-10,7.903850555419922,,,,,,
2018-12-11,7.963205337524414,,,,,,
2018-12-12,7.933527946472168,,,,,,
2018-12-13,8.032450675964355,,,,,,
2018-12-14,7.913743495941162,,,,,,
2018-12-17,7.824713706970215,,,,,,
2018-12-18,7.661492824554443,,,,,,
2018-12-19,7.701062202453613,,,,,,
2018-12-20,7.631816864013672,,,,,,
2018-12-21,7.537840843200684,,,,,,
2018-12-24,7.488383769989014,,,,,,
2018-12-26,7.6332573890686035,,,,,,
2018-12-27,7.558322429656982,,,,,,
2018-12-28,7.483389377593994,,,,,,
2018-12-31,7.528349876403809,,,,,,
2019-01-02,7.553328037261963,,,,,,
2019-01-03,7.608278274536133,,,,,,
2019-01-04,7.71818208694458,,,,,,
2019-01-07,7.77812910079956,,,,,,
2019-01-08,7.843070983886719,,,,,,
2019-01-09,8.007925987243652,,,,,,
2019-01-10,7.997934818267822,,,,,,
2019-01-11,7.967961311340332,,,,,,
2019-01-14,7.883035182952881,,,,,,
2019-01-15,7.95297384262085,,,,,,
2019-01-16,8.0029296875,,,,,,
2019-01-17,8.0029296875,,,,,,
2019-01-18,8.077863693237305,,,,,,
2019-01-22,8.027907371520996,,,,,,
2019-01-23,8.01791763305664,,,,,,
2019-01-24,8.032903671264648,,,,,,
2019-01-25,8.072869300842285,,,,,,
2019-01-28,7.972955703735352,,,,,,
2019-01-29,8.037898063659668,,,,,,
2019-01-30,8.1028413772583,,,,,,
2019-01-31,8.077863693237305,,,,,,
2019-02-01,8.152798652648926,,,,,,
2019-02-04,8.152798652648926,,,,,,
2019-02-05,8.107836723327637,,,,,,
2019-02-06,8.122824668884277,,,,,,
2019-02-07,8.047891616821289,,,,,,
2019-02-08,8.052886009216309,,,,,,
2019-02-11,8.007925987243652,,,,,,
2019-02-12,8.052886009216309,,,,,,
2019-02-13,8.107836723327637,,,,,,
2019-02-14,8.132816314697266,,,,,,
2019-02-15,8.282683372497559,,,,,,
2019-02-19,8.307660102844238,,,,,,
2019-02-20,8.337634086608887,,,,,,
2019-02-21,8.357616424560547,,,,,,
2019-02-22,8.38259506225586,,,,,,
2019-02-25,8.247714042663574,,,,,,
2019-02-26,8.287678718566895,,,,,,
2019-02-27,8.327642440795898,,,,,,
2019-02-28,8.312655448913574,,,,,,
2019-03-01,8.222735404968262,,,,,,
2019-03-04,8.242718696594238,,,,,,
2019-03-05,8.277687072753906,,,,,,
2019-03-06,8.237723350524902,,,,,,
2019-03-07,8.217741966247559,,,,,,
2019-03-08,8.19775676727295,,,,,,
2019-03-11,8.217741966247559,,,,,,
2019-03-12,8.277687072753906,,,,,,
2019-03-13,8.342630386352539,,,,,,
2019-03-14,8.29267406463623,,,,,,
2019-03-15,8.29267406463623,,,,,,
2019-03-18,8.327642440795898,,,,,,
2019-03-19,8.347625732421875,,,,,,
2019-03-20,8.427556037902832,,,,,,
2019-03-21,8.377599716186523,,,,,,
2019-03-22,8.312655448913574,,,,,,
2019-03-25,8.33263874053955,,,,,,
2019-03-26,8.3626127243042,,,,,,
2019-03-27,8.317652702331543,,,,,,
2019-03-28,8.287678718566895,,,,,,
2019-03-29,8.297670364379883,,,,,,
2019-04-01,8.372604370117188,,,,,,
2019-04-02,8.392585754394531,,,,,,
2019-04-03,8.397581100463867,,,,,,
2019-04-04,8.407572746276855,,,,,,
2019-04-05,8.447538375854492,,,,,,
2019-04-08,8.477510452270508,,,,,,
2019-04-09,8.4625244140625,,,,,,
2019-04-10,8.537458419799805,,,,,,
2019-04-11,8.487503051757812,,,,,,
2019-04-12,8.507484436035156,,,,,,
2019-04-15,8.487503051757812,,,,,,
2019-04-16,8.4625244140625,,,,,,
2019-04-17,8.452532768249512,,,,,,
2019-04-18,8.457528114318848,,,,,,
2019-04-22,8.517476081848145,,,,,,
2019-04-23,8.512480735778809,,,,,,
2019-04-24,8.497493743896484,,,,,,
2019-04-25,8.477510452270508,,,,,,
2019-04-26,8.377599716186523,,,,,,
2019-04-29,8.372604370117188,,,,,,
2019-04-30,8.397581100463867,,,,,,
2019-05-01,8.387591361999512,,,,,,
2019-05-02,8.277687072753906,,,,,,
2019-05-03,8.282683372497559,,,,,,
2019-05-06,8.307660102844238,,,,,,
2019-05-07,8.192763328552246,,,,,,
2019-05-08,8.227730751037598,,,,,,
2019-05-09,8.177776336669922,,,,,,
2019-05-10,8.19775676727295,,,,,,
2019-05-13,8.152798652648926,,,,,,
2019-05-14,8.27269172668457,,,,,,
2019-05-15,8.33263874053955,,,,,,
2019-05-16,8.397581100463867,,,,,,
2019-05-17,8.317652702331543,,,,,,
2019-05-20,8.347625732421875,,,,,,
2019-05-21,8.342630386352539,,,,,,
2019-05-22,8.237723350524902,,,,,,
2019-05-23,8.057881355285645,,,,,,
2019-05-24,8.152798652648926,,,,,,
2019-05-28,8.217741966247559,,,,,,
2019-05-29,8.202754020690918,,,,,,
2019-05-30,8.112833023071289,,,,,,
2019-05-31,7.893028259277344,,,,,,
2019-06-03,7.858057022094727,,,,,,
2019-06-04,7.918006420135498,,,,,,
2019-06-05,7.7481560707092285,,,,,,
2019-06-06,7.868049621582031,,,,,,
2019-06-07,7.8980231285095215,,,,,,
2019-06-10,7.8780412673950195,,,,,,
2019-06-11,7.927996158599853,,,,,,
2019-06-12,7.818093299865723,,,,,,
2019-06-13,7.918006420135498,,,,,,
2019-06-14,7.945481300354004,,,,,,
2019-06-17,7.918006420135498,,,,,,
2019-06-18,8.007925987243652,,,,,,
2019-06-19,7.97795295715332,,,,,,
2019-06-20,8.127820014953613,,,,,,
2019-06-21,8.142806053161621,,,,,,
2019-06-24,8.192763328552246,,,,,,
2019-06-25,8.222735404968262,,,,,,
2019-06-26,8.282683372497559,,,,,,
2019-06-27,8.282683372497559,,,,,,
2019-06-28,8.177776336669922,,,,,,
2019-07-01,8.192763328552246,,,,,,
2019-07-02,8.057881355285645,,,,,,
2019-07-03,8.132816314697266,,,,,,
2019-07-05,8.152798652648926,,,,,,
2019-07-08,8.132816314697266,,,,,,
2019-07-09,8.17278003692627,,,,,,
2019-07-10,8.342630386352539,,,,,,
2019-07-11,8.347625732421875,,,,,,
2019-07-12,8.377599716186523,,,,,,
2019-07-15,8.262701988220215,,,,,,
2019-07-16,8.182769775390625,,,,,,
2019-07-17,8.1028413772583,,,,,,
2019-07-18,8.037898063659668,,,,,,
2019-07-19,8.092851638793945,,,,,,
2019-07-22,8.077863693237305,,,,,,
2019-07-23,8.115331649780273,,,,,,
2019-07-24,8.077863693237305,,,,,,
2019-07-25,8.062877655029297,,,,,,
2019-07-26,8.072869300842285,,,,,,
2019-07-29,8.1028413772583,,,,,,
2019-07-30,8.147802352905273,,,,,,
2019-07-31,8.107836723327637,,,,,,
2019-08-01,7.8780412673950195,,,,,,
2019-08-02,7.893028259277344,,,,,,
2019-08-05,7.828084945678711,,,,,,
2019-08-06,7.773132801055908,,,,,,
2019-08-07,7.67821741104126,,,,,,
2019-08-08,7.728172779083252,,,,,,
2019-08-09,7.775630950927734,,,,,,
2019-08-12,7.70819091796875,,,,,,
2019-08-13,7.888031482696533,,,,,,
2019-08-14,7.758145809173584,,,,,,
2019-08-15,7.70819091796875,,,,,,
2019-08-16,7.71818208694458,,,,,,
2019-08-19,7.7481560707092285,,,,,,
2019-08-20,7.7481560707092285,,,,,,
2019-08-21,7.77812910079956,,,,,,
2019-08-22,7.743159770965576,,,,,,
2019-08-23,7.683212757110596,,,,,,
2019-08-26,7.67821741104126,,,,,,
2019-08-27,7.733168125152588,,,,,,
2019-08-28,7.818093299865723,,,,,,
2019-08-29,7.828084945678711,,,,,,
2019-08-30,7.713184833526611,,,,,,
2019-09-03,7.658234119415283,,,,,,
2019-09-04,7.843070983886719,,,,,,
2019-09-05,7.833079814910889,,,,,,
2019-09-06,7.833079814910889,,,,,,
2019-09-09,7.908013820648193,,,,,,
2019-09-10,7.932991981506348,,,,,,
2019-09-11,7.873044967651367,,,,,,
2019-09-12,7.843070983886719,,,,,,
2019-09-13,7.843070983886719,,,,,,
2019-09-16,8.182769775390625,,,,,,
2019-09-17,8.01791763305664,,,,,,
2019-09-18,7.982946872711182,,,,,,
2019-09-19,8.032903671264648,,,,,,
2019-09-20,8.012921333312988,,,,,,
2019-09-23,8.042895317077637,,,,,,
2019-09-24,7.942983150482178,,,,,,
2019-09-25,7.913008689880371,,,,,,
2019-09-26,7.908013820648193,,,,,,
2019-09-27,7.893028259277344,,,,,,
2019-09-30,7.803106307983398,,,,,,
2019-10-01,7.793115615844727,,,,,,
2019-10-02,7.733168125152588,,,,,,
2019-10-03,7.733168125152588,,,,,,
2019-10-04,7.77812910079956,,,,,,
2019-10-07,7.77812910079956,,,,,,
2019-10-08,7.76813793182373,,,,,,
2019-10-09,7.798111438751221,,,,,,
2019-10-10,7.848067760467529,,,,,,
2019-10-11,7.937987804412842,,,,,,
2019-10-14,7.888031482696533,,,,,,
2019-10-15,7.868049621582031,,,,,,
2019-10-16,7.8780412673950195,,,,,,
2019-10-17,7.913008689880371,,,,,,
2019-10-18,7.913008689880371,,,,,,
2019-10-21,7.908013820648193,,,,,,
2019-10-22,7.908013820648193,,,,,,
2019-10-23,7.997934818267822,,,,,,
2019-10-24,8.042895317077637,,,,,,
2019-10-25,8.082859992980957,,,,,,
2019-10-28,8.052886009216309,,,,,,
2019-10-29,8.047891616821289,,,,,,
2019-10-30,7.987943172454834,,,,,,
2019-10-31,7.942983150482178,,,,,,
2019-11-01,8.082859992980957,,,,,,
2019-11-04,8.132816314697266,,,,,,
2019-11-05,8.152798652648926,,,,,,
2019-11-06,8.067873001098633,,,,,,
2019-11-07,8.057881355285645,,,,,,
2019-11-08,8.077863693237305,,,,,,
2019-11-11,8.030406951904297,,,,,,
2019-11-12,8.047891616821289,,,,,,
2019-11-13,8.062877655029297,,,,,,
2019-11-14,8.032903671264648,,,,,,
2019-11-15,8.067873001098633,,,,,,
2019-11-18,7.982946872711182,,,,,,
2019-11-19,7.913008689880371,,,,,,
2019-11-20,8.012921333312988,,,,,,
2019-11-21,8.077863693237305,,,,,,
2019-11-22,8.072869300842285,,,,,,
2019-11-25,8.067873001098633,,,,,,
2019-11-26,8.117828369140625,,,,,,
2019-11-27,8.087855339050293,,,,,,
2019-11-29,7.932991981506348,,,,,,
2019-12-02,7.913008689880371,,,,,,
2019-12-03,7.922999858856201,,,,,,
2019-12-04,8.022912979125977,,,,,,
2019-12-05,8.047891616821289,,,,,,
2019-12-06,8.097845077514648,,,,,,
2019-12-09,8.087855339050293,,,,,,
2019-12-10,8.122824668884277,,,,,,
2019-12-11,8.087855339050293,,,,,,
2019-12-12,8.142806053161621,,,,,,
2019-12-13,8.187767028808594,,,,,,
2019-12-16,8.25270938873291,,,,,,
2019-12-17,8.302665710449219,,,,,,
2019-12-18,8.307660102844238,,,,,,
2019-12-19,8.327642440795898,,,,,,
2019-12-20,8.317652702331543,,,,,,
2019-12-23,8.323731422424316,,,,,,
2019-12-24,8.37439250946045,,,,,,
2019-12-26,8.419989585876465,,,,,,
2019-12-27,8.445319175720215,,,,,,
2019-12-30,8.435188293457031,,,,,,
2019-12-31,8.389592170715332,,,,,,
2020-01-02,8.430120468139648,,,,,,
2020-01-03,8.501049041748047,,,,,,
2020-01-06,8.51117992401123,,,,,,
2020-01-07,8.49598217010498,,,,,,
2020-01-08,8.379460334777832,,,,,,
2020-01-09,8.33386516571045,,,,,,
2020-01-10,8.33386516571045,,,,,,
2020-01-13,8.283202171325684,,,,,,
2020-01-14,8.308533668518066,,,,,,
2020-01-15,8.273069381713867,,,,,,
2020-01-16,8.2578706741333,,,,,,
2020-01-17,8.28826904296875,,,,,,
2020-01-21,8.24267292022705,,,,,,
2020-01-22,8.121085166931152,,,,,,
2020-01-23,8.065356254577637,,,,,,
2020-01-24,7.948834419250488,,,,,,
2020-01-27,7.801915168762207,,,,,,
2020-01-28,7.842444896697998,,,,,,
2020-01-29,7.812047481536865,,,,,,
2020-01-30,7.751253128051758,,,,,,
2020-01-31,7.665128231048584,,,,,,
2020-02-03,7.543540000915527,,,,,,
2020-02-04,7.5536723136901855,,,,,,
2020-02-05,7.660062789916992,,,,,,
2020-02-06,7.6955246925354,,,,,,
2020-02-07,7.660062789916992,,,,,,
2020-02-10,7.594201564788818,,,,,,
2020-02-11,7.604333877563477,,,,,,
2020-02-12,7.730989456176758,,,,,,
2020-02-13,7.756319999694824,,,,,,
2020-02-14,7.74618673324585,,,,,,
2020-02-18,7.781650066375732,,,,,,
2020-02-19,7.857644081115723,,,,,,
2020-02-20,7.832312107086182,,,,,,
2020-02-21,7.784183979034424,,,,,,
2020-02-24,7.649930477142334,,,,,,
2020-02-25,7.497944831848144,,,,,,
2020-02-26,7.419418811798096,,,,,,
2020-02-27,7.305428981781006,,,,,,
2020-02-28,7.168642997741699,,,,,,
2020-03-02,7.32569408416748,,,,,,
2020-03-03,7.345958709716797,,,,,,
2020-03-04,7.3611578941345215,,,,,,
2020-03-05,7.254767894744873,,,,,,
2020-03-06,7.036922454833984,,,,,,
2020-03-09,6.4847092628479,,,,,,
2020-03-10,6.6873555183410645,,,,,,
2020-03-11,6.55563497543335,,,,,,
2020-03-12,6.27193021774292,,,,,,
2020-03-13,6.337789535522461,,,,,,
2020-03-16,6.059150218963623,,,,,,
2020-03-17,5.907164096832275,,,,,,
2020-03-18,5.724781513214111,,,,,,
2020-03-19,5.846369743347168,,,,,,
2020-03-20,5.805840492248535,,,,,,
2020-03-23,5.871700763702393,,,,,,
2020-03-24,6.013553619384766,,,,,,
2020-03-25,6.251664638519287,,,,,,
2020-03-26,6.033818244934082,,,,,,
2020-03-27,6.054083824157715,,,,,,
2020-03-30,6.013553619384766,,,,,,
2020-03-31,5.988222599029541,,,,,,
2020-04-01,5.821039199829102,,,,,,
2020-04-02,5.9324951171875,,,,,,
2020-04-03,6.1148786544799805,,,,,,
2020-04-06,6.099678993225098,,,,,,
2020-04-07,6.125010013580322,,,,,,
2020-04-08,6.109811782836914,,,,,,
2020-04-09,6.130076885223389,,,,,,
2020-04-13,6.231400012969971,,,,,,
2020-04-14,6.211134910583496,,,,,,
2020-04-15,6.074347972869873,,,,,,
2020-04-16,6.038885593414307,,,,,,
2020-04-17,6.064215660095215,,,,,,
2020-04-20,6.003421783447266,,,,,,
2020-04-21,5.785576343536377,,,,,,
2020-04-22,5.846369743347168,,,,,,
2020-04-23,5.836237907409668,,,,,,
2020-04-24,5.760245323181152,,,,,,
2020-04-27,5.68931770324707,,,,,,
2020-04-28,5.684253215789795,,,,,,
2020-04-29,5.714648723602295,,,,,,
2020-04-30,5.815973281860352,,,,,,
2020-05-01,5.7754435539245605,,,,,,
2020-05-04,5.795708179473877,,,,,,
2020-05-05,5.927428722381592,,,,,,
2020-05-06,5.841304779052734,,,,,,
2020-05-07,5.836237907409668,,,,,,
2020-05-08,5.967957973480225,,,,,,
2020-05-11,5.907164096832275,,,,,,
2020-05-12,5.821039199829102,,,,,,
2020-05-13,5.7754435539245605,,,,,,
2020-05-14,5.881833553314209,,,,,,
2020-05-15,5.952759742736816,,,,,,
2020-05-18,6.140209674835205,,,,,,
2020-05-19,6.1148786544799805,,,,,,
2020-05-20,6.211134910583496,,,,,,
2020-05-21,6.1706061363220215,,,,,,
2020-05-22,6.140209674835205,,,,,,
2020-05-26,6.206068992614746,,,,,,
2020-05-27,6.135141849517822,,,,,,
2020-05-28,6.150341033935547,,,,,,
2020-05-29,6.251664638519287,,,,,,
2020-06-01,6.2769951820373535,,,,,,
2020-06-02,6.347920894622803,,,,,,
2020-06-03,6.342856407165527,,,,,,
2020-06-04,6.428981304168701,,,,,,
2020-06-05,6.540436267852783,,,,,,
2020-06-08,6.504973411560059,,,,,,
2020-06-09,6.535370826721191,,,,,,
2020-06-10,6.570834159851074,,,,,,
2020-06-11,6.3631205558776855,,,,,,
2020-06-12,6.398584365844727,,,,,,
2020-06-15,6.444179534912109,,,,,,
2020-06-16,6.510040283203125,,,,,,
2020-06-17,6.489775657653809,,,,,,
2020-06-18,6.510040283203125,,,,,,
2020-06-19,6.565766334533691,,,,,,
2020-06-22,6.621495723724365,,,,,,
2020-06-23,6.598696708679199,,,,,,
2020-06-24,6.423914432525635,,,,,,
2020-06-25,6.469510555267334,,,,,,
2020-06-26,6.383385181427002,,,,,,
2020-06-29,6.515105247497559,,,,,,
2020-06-30,6.55563497543335,,,,,,
2020-07-01,6.606297016143799,,,,,,
2020-07-02,6.636693954467773,,,,,,
2020-07-06,6.667091369628906,,,,,,
2020-07-07,6.672156810760498,,,,,,
2020-07-08,6.760815620422363,,,,,,
2020-07-09,6.697487831115723,,,,,,
2020-07-10,6.74308443069458,,,,,,
2020-07-13,6.672156810760498,,,,,,
2020-07-14,6.697487831115723,,,,,,
2020-07-15,6.773481845855713,,,,,,
2020-07-16,6.717753410339356,,,,,,
2020-07-17,6.722818851470947,,,,,,
2020-07-20,6.722818851470947,,,,,,
2020-07-21,6.819077491760254,,,,,,
2020-07-22,6.8596062660217285,,,,,,
2020-07-23,6.834275245666504,,,,,,
2020-07-24,6.854539394378662,,,,,,
2020-07-27,6.920400142669678,,,,,,
2020-07-28,6.884936809539795,,,,,,
2020-07-29,6.9254655838012695,,,,,,
2020-07-30,6.834275245666504,,,,,,
2020-07-31,6.8697381019592285,,,,,,
2020-08-03,6.940665721893311,,,,,,
2020-08-04,6.981194496154785,,,,,,
2020-08-05,7.036922454833984,,,,,,
2020-08-06,7.092650413513184,,,,,,
2020-08-07,6.991327285766602,,,,,,
2020-08-10,7.031856060028076,,,,,,
2020-08-11,6.920400142669678,,,,,,
2020-08-12,6.986259460449219,,,,,,
2020-08-13,7.041987895965576,,,,,,
2020-08-14,7.041987895965576,,,,,,
2020-08-17,7.153444290161133,,,,,,
2020-08-18,7.158511161804199,,,,,,
2020-08-19,7.148377895355225,,,,,,
2020-08-20,7.143311977386475,,,,,,
2020-08-21,7.062253475189209,,,,,,
2020-08-24,7.09771728515625,,,,,,
2020-08-25,7.163577556610107,,,,,,
2020-08-26,7.163577556610107,,,,,,
2020-08-27,7.153444290161133,,,,,,
2020-08-28,7.209171772003174,,,,,,
2020-08-31,7.199039936065674,,,,,,
2020-09-01,7.219305038452148,,,,,,
2020-09-02,7.128113269805908,,,,,,
2020-09-03,7.057186603546143,,,,,,
2020-09-04,7.006525039672852,,,,,,
2020-09-08,6.824142932891846,,,,,,
2020-09-09,6.884936809539795,,,,,,
2020-09-10,6.808945178985596,,,,,,
2020-09-11,6.854539394378662,,,,,,
2020-09-14,6.874804973602295,,,,,,
2020-09-15,6.91026782989502,,,,,,
2020-09-16,7.01665735244751,,,,,,
2020-09-17,7.092650413513184,,,,,,
2020-09-18,7.128113269805908,,,,,,
2020-09-21,6.945730686187744,,,,,,
2020-09-22,6.927999496459961,,,,,,
2020-09-23,6.854539394378662,,,,,,
2020-09-24,6.884936809539795,,,,,,
2020-09-25,6.874804973602295,,,,,,
2020-09-28,6.940665721893311,,,,,,
2020-09-29,6.839341640472412,,,,,,
2020-09-30,6.9254655838012695,,,,,,
2020-10-01,6.834275245666504,,,,,,
2020-10-02,6.738018035888672,,,,,,
2020-10-05,6.9254655838012695,,,,,,
2020-10-06,6.940665721893311,,,,,,
2020-10-07,6.965996265411377,,,,,,
2020-10-08,7.031856060028076,,,,,,
2020-10-09,7.067319393157959,,,,,,
2020-10-12,6.986259460449219,,,,,,
2020-10-13,6.996392726898193,,,,,,
2020-10-14,7.036922454833984,,,,,,
2020-10-15,7.057186603546143,,,,,,
2020-10-16,7.031856060028076,,,,,,
2020-10-19,7.01665735244751,,,,,,
2020-10-20,7.082518100738525,,,,,,
2020-10-21,7.052120685577393,,,,,,
2020-10-22,7.057186603546143,,,,,,
2020-10-23,6.991327285766602,,,,,,
2020-10-26,6.91026782989502,,,,,,
2020-10-27,6.9507975578308105,,,,,,
2020-10-28,6.778547286987305,,,,,,
2020-10-29,6.697487831115723,,,,,,
2020-10-30,6.702554702758789,,,,,,
2020-11-02,6.808945178985596,,,,,,
2020-11-03,6.84947395324707,,,,,,
2020-11-04,6.915334224700928,,,,,,
2020-11-05,6.945730686187744,,,,,,
2020-11-06,6.920400142669678,,,,,,
2020-11-09,6.991327285766602,,,,,,
2020-11-10,7.11798095703125,,,,,,
2020-11-11,7.123047828674316,,,,,,
2020-11-12,7.062253475189209,,,,,,
2020-11-13,7.031856060028076,,,,,,
2020-11-16,7.09771728515625,,,,,,
2020-11-17,7.112915515899658,,,,,,
2020-11-18,7.128113269805908,,,,,,
2020-11-19,7.128113269805908,,,,,,
2020-11-20,7.163577556610107,,,,,,
2020-11-23,7.188907146453857,,,,,,
2020-11-24,7.351025581359863,,,,,,
2020-11-25,7.404220581054687,,,,,,
2020-11-27,7.39155387878418,,,,,,
2020-11-30,7.345958709716797,,,,,,
2020-12-01,7.315561294555664,,,,,,
2020-12-02,7.351025581359863,,,,,,
2020-12-03,7.366223335266113,,,,,,
2020-12-04,7.39155387878418,,,,,,
2020-12-07,7.386488437652588,,,,,,
2020-12-08,7.39155387878418,,,,,,
2020-12-09,7.396621227264404,,,,,,
2020-12-10,7.508077144622803,,,,,,
2020-12-11,7.492878437042236,,,,,,
2020-12-14,7.518209457397461,,,,,,
2020-12-15,7.57900333404541,,,,,,
2020-12-16,7.624599456787109,,,,,,
2020-12-17,7.705657958984375,,,,,,
2020-12-18,7.74618673324585,,,,,,
2020-12-21,7.650430202484131,,,,,,
2020-12-22,7.574432373046875,,,,,,
2020-12-23,7.665629863739014,,,,,,
2020-12-24,7.67576265335083,,,,,,
2020-12-28,7.635231018066406,,,,,,
2020-12-29,7.665629863739014,,,,,,
2020-12-30,7.701096057891846,,,,,,
2020-12-31,7.731495380401611,,,,,,
2021-01-04,7.706161975860596,,,,,,
2021-01-05,7.924022197723389,,,,,,
2021-01-06,7.944287776947021,,,,,,
2021-01-07,7.974686622619629,,,,,,
2021-01-08,8.04055118560791,,,,,,
2021-01-11,7.974686622619629,,,,,,
2021-01-12,8.111482620239258,,,,,,
2021-01-13,8.086150169372559,,,,,,
2021-01-14,8.162148475646973,,,,,,
2021-01-15,8.045619010925293,,,,,,
2021-01-19,8.06081771850586,,,,,,
2021-01-20,8.070950508117676,,,,,,
2021-01-21,8.070950508117676,,,,,,
2021-01-22,7.94935417175293,,,,,,
2021-01-25,8.025351524353027,,,,,,
2021-01-26,8.035484313964844,,,,,,
2021-01-27,8.000019073486328,,,,,,
2021-01-28,7.979753494262695,,,,,,
2021-01-29,7.979753494262695,,,,,,
2021-02-01,8.136815071105957,,,,,,
2021-02-02,8.192546844482422,,,,,,
2021-02-03,8.258410453796387,,,,,,
2021-02-04,8.298942565917969,,,,,,
2021-02-05,8.35467529296875,,,,,,
2021-02-08,8.476271629333496,,,,,,
2021-02-09,8.506670951843262,,,,,,
2021-02-10,8.501604080200195,,,,,,
2021-02-11,8.476271629333496,,,,,,
2021-02-12,8.572534561157227,,,,,,
2021-02-16,8.694130897521973,,,,,,
2021-02-17,8.729596138000488,,,,,,
2021-02-18,8.694130897521973,,,,,,
2021-02-19,8.67893123626709,,,,,,
2021-02-22,8.891724586486816,,,,,,
2021-02-23,8.932256698608398,,,,,,
2021-02-24,9.058919906616213,,,,,,
2021-02-25,8.98798942565918,,,,,,
2021-02-26,8.805593490600586,,,,,,
2021-03-01,8.724530220031738,,,,,,
2021-03-02,8.749863624572754,,,,,,
2021-03-03,8.815727233886719,,,,,,
2021-03-04,8.947456359863281,,,,,,
2021-03-05,9.139984130859377,,,,,,
2021-03-08,9.018386840820312,,,,,,
2021-03-09,9.02345371246338,,,,,,
2021-03-10,9.079185485839844,,,,,,
2021-03-11,9.200782775878906,,,,,,
2021-03-12,9.180516242980955,,,,,,
2021-03-15,9.155184745788574,,,,,,
2021-03-16,9.114651679992676,,,,,,
2021-03-17,9.114651679992676,,,,,,
2021-03-18,8.689064979553223,,,,,,
2021-03-19,8.846126556396484,,,,,,
2021-03-22,8.846126556396484,,,,,,
2021-03-23,8.58773422241211,,,,,,
2021-03-24,8.815727233886719,,,,,,
2021-03-25,8.618133544921875,,,,,,
2021-03-26,8.825860977172852,,,,,,
2021-03-29,8.820794105529785,,,,,,
2021-03-30,8.714398384094238,,,,,,
2021-03-31,8.73213005065918,,,,,,
2021-04-01,8.881592750549316,,,,,,
2021-04-05,8.744796752929688,,,,,,
2021-04-06,8.800528526306152,,,,,,
2021-04-07,8.810660362243652,,,,,,
2021-04-08,8.8562593460083,,,,,,
2021-04-09,8.835992813110352,,,,,,
2021-04-12,8.830926895141602,,,,,,
2021-04-13,8.917057991027832,,,,,,
2021-04-14,9.139984130859377,,,,,,
2021-04-15,9.205848693847656,,,,,,
2021-04-16,9.200782775878906,,,,,,
2021-04-19,9.210915565490724,,,,,,
2021-04-20,9.185582160949709,,,,,,
2021-04-21,9.150116920471191,,,,,,
2021-04-22,9.226115226745604,,,,,,
2021-04-23,9.281846046447754,,,,,,
2021-04-26,9.357843399047852,,,,,,
2021-04-27,9.454107284545898,,,,,,
2021-04-28,9.464240074157717,,,,,,
2021-04-29,9.525038719177246,,,,,,
2021-04-30,9.438907623291016,,,,,,
2021-05-03,9.550371170043944,,,,,,
2021-05-04,9.702366828918455,,,,,,
2021-05-05,9.72769832611084,,,,,,
2021-05-06,9.783429145812988,,,,,,
2021-05-07,9.85942840576172,,,,,,
2021-05-10,9.813831329345703,,,,,,
2021-05-11,9.925292015075684,,,,,,
2021-05-12,9.905027389526367,,,,,,
2021-05-13,9.641568183898926,,,,,,
2021-05-14,9.72769832611084,,,,,,
2021-05-17,9.839162826538086,,,,,,
2021-05-18,9.80369758605957,,,,,,
2021-05-19,9.575703620910645,,,,,,
2021-05-20,9.474374771118164,,,,,,
2021-05-21,9.580770492553713,,,,,,
2021-05-24,9.707432746887209,,,,,,
2021-05-25,9.656767845153809,,,,,,
2021-05-26,9.69223403930664,,,,,,
2021-05-27,9.83409595489502,,,,,,
2021-05-28,9.808764457702637,,,,,,
2021-06-01,9.98102569580078,,,,,,
2021-06-02,10.031689643859863,,,,,,
2021-06-03,9.955692291259766,,,,,,
2021-06-04,10.06715488433838,,,,,,
2021-06-07,10.087422370910645,,,,,,
2021-06-08,10.183685302734377,,,,,,
2021-06-09,10.12795352935791,,,,,,
2021-06-10,10.168485641479492,,,,,,
2021-06-11,10.133018493652344,,,,,,
2021-06-14,10.092487335205078,,,,,,
2021-06-15,10.051957130432127,,,,,,
2021-06-16,9.98102569580078,,,,,,
2021-06-17,9.737833023071287,,,,,,
2021-06-18,9.844229698181152,,,,,,
2021-06-21,9.970890998840332,,,,,,
2021-06-22,9.98102569580078,,,,,,
2021-06-23,10.04182243347168,,,,,,
2021-06-24,10.082354545593262,,,,,,
2021-06-25,10.04688835144043,,,,,,
2021-06-28,10.04182243347168,,,,,,
2021-06-29,10.077287673950195,,,,,,
2021-06-30,10.178618431091309,,,,,,
2021-07-01,10.24448299407959,,,,,,
2021-07-02,10.315415382385254,,,,,,
2021-07-06,10.04182243347168,,,,,,
2021-07-07,9.92022705078125,,,,,,
2021-07-08,10.001290321350098,,,,,,
2021-07-09,10.107688903808594,,,,,,
2021-07-12,10.12795352935791,,,,,,
2021-07-13,10.22928524017334,,,,,,
2021-07-14,10.117819786071776,,,,,,
2021-07-15,10.06715488433838,,,,,,
2021-07-16,10.04182243347168,,,,,,
2021-07-19,9.66183376312256,,,,,,
2021-07-20,9.788497924804688,,,,,,
2021-07-21,10.011423110961914,,,,,,
2021-07-22,10.102622032165527,,,,,,
2021-07-23,10.133018493652344,,,,,,
2021-07-26,10.219151496887209,,,,,,
2021-07-27,10.178618431091309,,,,,,
2021-07-28,10.22928524017334,,,,,,
2021-07-29,10.381279945373535,,,,,,
2021-07-30,10.320480346679688,,,,,,
2021-08-02,10.178618431091309,,,,,,
2021-08-03,10.163418769836426,,,,,,
2021-08-04,9.996224403381348,,,,,,
2021-08-05,10.122886657714844,,,,,,
2021-08-06,10.06715488433838,,,,,,
2021-08-09,9.92022705078125,,,,,,
2021-08-10,10.082354545593262,,,,,,
2021-08-11,10.17355251312256,,,,,,
2021-08-12,10.138087272644045,,,,,,
2021-08-13,10.092487335205078,,,,,,
2021-08-16,10.057021141052246,,,,,,
2021-08-17,9.9506254196167,,,,,,
2021-08-18,9.829028129577637,,,,,,
2021-08-19,9.69223403930664,,,,,,
2021-08-20,9.464240074157717,,,,,,
2021-08-23,9.768232345581056,,,,,,
2021-08-24,10.00889015197754,,,,,,
2021-08-25,10.112752914428713,,,,,,
2021-08-26,10.04688835144043,,,,,,
2021-08-27,10.158352851867676,,,,,,
2021-08-30,10.188751220703123,,,,,,
2021-08-31,10.148219108581545,,,,,,
2021-09-01,10.09755516052246,,,,,,
2021-09-02,10.234350204467772,,,,,,
2021-09-03,10.234350204467772,,,,,,
2021-09-07,10.117819786071776,,,,,,
2021-09-08,10.188751220703123,,,,,,
2021-09-09,10.107688903808594,,,,,,
2021-09-10,10.234350204467772,,,,,,
2021-09-13,10.310348510742188,,,,,,
2021-09-14,10.305280685424805,,,,,,
2021-09-15,10.482609748840332,,,,,,
2021-09-16,10.426877975463867,,,,,,
2021-09-17,10.330613136291504,,,,,,
2021-09-20,10.209017753601074,,,,,,
2021-09-21,10.19888401031494,,,,,,
2021-09-22,10.335680961608888,,,,,,
2021-09-23,10.482609748840332,,,,,,
2021-09-24,10.543407440185549,,,,,,
2021-09-27,10.690335273742676,,,,,,
2021-09-28,10.594072341918944,,,,,,
2021-09-29,10.609272003173828,,,,,,
2021-09-30,10.665003776550291,,,,,,
2021-10-01,10.832198143005373,,,,,,
2021-10-04,10.979126930236816,,,,,,
2021-10-05,11.14125633239746,,,,,,
2021-10-06,10.92846393585205,,,,,,
2021-10-07,11.06525707244873,,,,,,
2021-10-08,11.085522651672363,,,,,,
2021-10-11,11.181787490844728,,,,,,
2021-10-12,11.15138816833496,,,,,,
2021-10-13,11.22738552093506,,,,,,
2021-10-14,11.348980903625488,,,,,,
2021-10-15,11.445244789123535,,,,,,
2021-10-18,11.364182472229004,,,,,,
2021-10-19,11.384448051452637,,,,,,
2021-10-20,11.506044387817385,,,,,,
2021-10-21,11.328717231750488,,,,,,
2021-10-22,11.364182472229004,,,,,,
2021-10-25,11.419915199279783,,,,,,
2021-10-26,11.440179824829102,,,,,,
2021-10-27,11.237519264221191,,,,,,
2021-10-28,11.27805233001709,,,,,,
2021-10-29,11.212187767028809,,,,,,
2021-11-01,11.27805233001709,,,,,,
2021-11-02,11.30845069885254,,,,,,
2021-11-03,11.044991493225098,,,,,,
2021-11-04,10.968994140625,,,,,,
2021-11-05,11.115922927856444,,,,,,
2021-11-08,11.202054023742676,,,,,,
2021-11-09,11.267918586730955,,,,,,
2021-11-10,11.15138816833496,,,,,,
2021-11-11,11.22738552093506,,,,,,
2021-11-12,11.222319602966309,,,,,,
2021-11-15,11.222319602966309,,,,,,
2021-11-16,11.217252731323242,,,,,,
2021-11-17,11.120989799499512,,,,,,
2021-11-18,11.15138816833496,,,,,,
2021-11-19,10.984195709228516,,,,,,
2021-11-22,11.05512523651123,,,,,,
2021-11-23,11.26285171508789,,,,,,
2021-11-24,11.23245334625244,,,,,,
2021-11-26,10.573807716369627,,,,,,
2021-11-29,10.55860710144043,,,,,,
2021-11-30,10.269816398620604,,,,,,
2021-12-01,10.168485641479492,,,,,,
2021-12-02,10.279949188232422,,,,,,
2021-12-03,10.279948234558104,,,,,,
2021-12-06,10.45932960510254,,,,,,
2021-12-07,10.604215621948242,,,,,,
2021-12-08,10.749100685119627,,,,,,
2021-12-09,10.604215621948242,,,,,,
2021-12-10,10.714604377746582,,,,,,
2021-12-13,10.65941047668457,,,,,,
2021-12-14,10.56971836090088,,,,,,
2021-12-15,10.604215621948242,,,,,,
2021-12-16,10.693906784057615,,,,,,
2021-12-17,10.56971836090088,,,,,,
2021-12-20,10.481658935546877,,,,,,
2021-12-21,10.715449333190918,,,,,,
2021-12-22,10.84013843536377,,,,,,
2021-12-23,10.894689559936523,,,,,,
2021-12-27,11.034964561462402,,,,,,
2021-12-28,11.011585235595703,,,,,,
2021-12-29,11.066136360168455,,,,,,
2021-12-30,11.003791809082031,,,,,,
2021-12-31,10.95703411102295,,,,,,
2022-01-03,11.003791809082031,,,,,,
2022-01-04,11.144067764282228,,,,,,
2022-01-05,11.081724166870115,,,,,,
2022-01-06,11.167447090148926,,,,,,
2022-01-07,11.19861888885498,,,,,,
2022-01-10,11.151861190795898,,,,,,
2022-01-11,11.370065689086914,,,,,,
2022-01-12,11.463582992553713,,,,,,
2022-01-13,11.346687316894531,,,,,,
2022-01-14,11.48696231842041,,,,,,
2022-01-18,11.588271141052246,,,,,,
2022-01-19,11.635029792785645,,,,,,
2022-01-20,11.588271141052246,,,,,,
2022-01-21,11.60385799407959,,,,,,
2022-01-24,11.564892768859863,,,,,,
2022-01-25,11.673995018005373,,,,,,
2022-01-26,11.72075366973877,,,,,,
2022-01-27,11.775303840637209,,,,,,
2022-01-28,11.798684120178224,,,,,,
2022-01-31,11.81427001953125,,,,,,
2022-02-01,11.876614570617676,,,,,,
2022-02-02,11.946752548217772,,,,,,
2022-02-03,11.938958168029783,,,,,,
2022-02-04,12.040268898010254,,,,,,
2022-02-07,12.063648223876951,,,,,,
2022-02-08,11.977924346923828,,,,,,
2022-02-09,12.087028503417969,,,,,,
2022-02-10,12.040268898010254,,,,,,
2022-02-11,12.203924179077148,,,,,,
2022-02-14,12.274060249328612,,,,,,
2022-02-15,12.079233169555664,,,,,,
2022-02-16,12.087028503417969,,,,,,
2022-02-17,12.188337326049805,,,,,,
2022-02-18,12.235095024108888,,,,,,
2022-02-22,12.398748397827148,,,,,,
2022-02-23,12.515644073486328,,,,,,
2022-02-24,12.60136890411377,,,,,,
2022-02-25,12.383163452148438,,,,,,
2022-02-28,12.609161376953123,,,,,,
2022-03-01,13.13129711151123,,,,,,
2022-03-02,13.53653621673584,,,,,,
2022-03-03,13.731362342834473,,,,,,
2022-03-04,14.3080472946167,,,,,,
2022-03-07,14.604183197021484,,,,,,
2022-03-08,14.853561401367188,,,,,,
2022-03-09,13.684602737426758,,,,,,
2022-03-10,13.505363464355469,,,,,,
2022-03-11,13.739153861999512,,,,,,
2022-03-14,13.318328857421877,,,,,,
2022-03-15,12.967641830444336,,,,,,
2022-03-16,12.889713287353516,,,,,,
2022-03-17,13.48977756500244,,,,,,
2022-03-18,13.54432773590088,,,,,,
2022-03-21,14.082049369812012,,,,,,
2022-03-22,14.02749729156494,,,,,,
2022-03-23,14.36259937286377,,,,,,
2022-03-24,14.261287689208984,,,,,,
2022-03-25,14.36259937286377,,,,,,
2022-03-28,13.746947288513184,,,,,,
2022-03-29,13.746947288513184,,,,,,
2022-03-30,14.01970386505127,,,,,,
2022-03-31,13.746947288513184,,,,,,
2022-04-01,13.801498413085938,,,,,,
2022-04-04,14.089842796325684,,,,,,
2022-04-05,13.972947120666504,,,,,,
2022-04-06,13.863844871520996,,,,,,
2022-04-07,13.910601615905762,,,,,,
2022-04-08,14.082049369812012,,,,,,
2022-04-11,13.965153694152832,,,,,,
2022-04-12,14.378185272216797,,,,,,
2022-04-13,14.70549488067627,,,,,,
2022-04-14,14.845767974853516,,,,,,
2022-04-18,15.017215728759766,,,,,,
2022-04-19,14.619769096374512,,,,,,
2022-04-20,14.627562522888184,,,,,,
2022-04-21,14.596389770507812,,,,,,
2022-04-22,14.323634147644045,,,,,,
2022-04-25,14.22232437133789,,,,,,
2022-04-26,14.432737350463867,,,,,,
2022-04-27,14.541837692260742,,,,,,
2022-04-28,14.635355949401855,,,,,,
2022-04-29,14.53404426574707,,,,,,
2022-05-02,14.775629043579102,,,,,,
2022-05-03,14.526251792907717,,,,,,
2022-05-04,14.993836402893066,,,,,,
2022-05-05,14.93149185180664,,,,,,
2022-05-06,14.970457077026367,,,,,,
2022-05-09,14.315842628479004,,,,,,
2022-05-10,14.206738471984863,,,,,,
2022-05-11,14.541837692260742,,,,,,
2022-05-12,14.611976623535156,,,,,,
2022-05-13,14.783424377441406,,,,,,
2022-05-16,15.009422302246094,,,,,,
2022-05-17,14.892526626586914,,,,,,
2022-05-18,14.549633026123049,,,,,,
2022-05-19,14.728872299194336,,,,,,
2022-05-20,14.767837524414062,,,,,,
2022-05-23,14.853561401367188,,,,,,
2022-05-24,14.853561401367188,,,,,,
2022-05-25,14.9470796585083,,,,,,
2022-05-26,15.126317977905272,,,,,,
2022-05-27,15.328936576843262,,,,,,
2022-05-31,15.204249382019045,,,,,,
2022-06-01,15.305557250976562,,,,,,
2022-06-02,15.625073432922363,,,,,,
2022-06-03,15.77314281463623,,,,,,
2022-06-06,15.85107135772705,,,,,,
2022-06-07,15.952380180358888,,,,,,
2022-06-08,16.10045051574707,,,,,,
2022-06-09,16.123830795288086,,,,,,
2022-06-10,15.960174560546877,,,,,,
2022-06-13,15.76534938812256,,,,,,
2022-06-14,15.609488487243652,,,,,,
2022-06-15,15.593901634216309,,,,,,
2022-06-16,15.679627418518066,,,,,,
2022-06-17,15.102938652038574,,,,,,
2022-06-21,15.056180953979492,,,,,,
2022-06-22,14.791216850280762,,,,,,
2022-06-23,14.471701622009276,,,,,,
2022-06-24,14.588597297668455,,,,,,
2022-06-27,14.604183197021484,,,,,,
2022-06-28,14.736665725708008,,,,,,
2022-06-29,14.518458366394045,,,,,,
2022-06-30,14.058670043945312,,,,,,
2022-07-01,14.105428695678713,,,,,,
2022-07-05,13.19364070892334,,,,,,
2022-07-06,12.975434303283691,,,,,,
2022-07-07,13.48198413848877,,,,,,
2022-07-08,13.715775489807127,,,,,,
2022-07-11,13.746947288513184,,,,,,
2022-07-12,13.100122451782228,,,,,,
2022-07-13,13.154674530029297,,,,,,
2022-07-14,13.037778854370115,,,,,,
2022-07-15,13.209226608276367,,,,,,
2022-07-18,13.458603858947754,,,,,,
2022-07-19,13.520949363708496,,,,,,
2022-07-20,13.497570037841797,,,,,,
2022-07-21,13.24819278717041,,,,,,
2022-07-22,13.11570930480957,,,,,,
2022-07-25,13.33391571044922,,,,,,
2022-07-26,13.380674362182615,,,,,,
2022-07-27,13.661224365234377,,,,,,
2022-07-28,13.676809310913086,,,,,,
2022-07-29,13.731362342834473,,,,,,
2022-08-01,13.443018913269045,,,,,,
2022-08-02,13.372881889343262,,,,,,
2022-08-03,13.263779640197754,,,,,,
2022-08-04,13.123504638671877,,,,,,
2022-08-05,13.068951606750488,,,,,,
2022-08-08,13.23260498046875,,,,,,
2022-08-09,13.372881889343262,,,,,,
2022-08-10,13.51315689086914,,,,,,
2022-08-11,13.793705940246582,,,,,,
2022-08-12,13.746947288513184,,,,,,
2022-08-15,13.54432773590088,,,,,,
2022-08-16,13.411845207214355,,,,,,
2022-08-17,13.450811386108398,,,,,,
2022-08-18,13.65343189239502,,,,,,
2022-08-19,13.676809310913086,,,,,,
2022-08-22,13.793705940246582,,,,,,
2022-08-23,14.01970386505127,,,,,,
2022-08-24,14.159978866577148,,,,,,
2022-08-25,13.98073959350586,,,,,,
2022-08-26,14.011911392211914,,,,,,
2022-08-29,14.206738471984863,,,,,,
2022-08-30,13.848258018493652,,,,,,
2022-08-31,13.53653621673584,,,,,,
2022-09-01,13.27157211303711,,,,,,
2022-09-02,13.326123237609863,,,,,,
2022-09-06,13.255985260009766,,,,,,
2022-09-07,12.94426441192627,,,,,,
2022-09-08,12.99881362915039,,,,,,
2022-09-09,13.36508846282959,,,,,,
2022-09-12,13.559913635253906,,,,,,
2022-09-13,13.48198413848877,,,,,,
2022-09-14,13.528742790222168,,,,,,
2022-09-15,13.154674530029297,,,,,,
2022-09-16,13.107915878295898,,,,,,
2022-09-19,13.154674530029297,,,,,,
2022-09-20,13.162468910217283,,,,,,
2022-09-21,13.068951606750488,,,,,,
2022-09-22,13.084538459777832,,,,,,
2022-09-23,12.64033317565918,,,,,,
2022-09-26,12.351990699768066,,,,,,
2022-09-27,12.492265701293944,,,,,,
2022-09-28,12.827366828918455,,,,,,
2022-09-29,12.765022277832031,,,,,,
2022-09-30,12.609161376953123,,,,,,
2022-10-03,12.913090705871582,,,,,,
2022-10-04,13.255985260009766,,,,,,
2022-10-05,13.48977756500244,,,,,,
2022-10-06,13.583293914794922,,,,,,
2022-10-07,13.715775489807127,,,,,,
2022-10-10,13.598880767822266,,,,,,
2022-10-11,13.39626121520996,,,,,,
2022-10-12,13.36508846282959,,,,,,
2022-10-13,13.53653621673584,,,,,,
2022-10-14,13.294949531555176,,,,,,
2022-10-17,13.240399360656738,,,,,,
2022-10-18,13.084538459777832,,,,,,
2022-10-19,13.084538459777832,,,,,,
2022-10-20,13.092329978942873,,,,,,
2022-10-21,13.11570930480957,,,,,,
2022-10-24,13.162468910217283,,,,,,
2022-10-25,13.217018127441406,,,,,,
2022-10-26,13.458603858947754,,,,,,
2022-10-27,13.466398239135742,,,,,,
2022-10-28,13.34950065612793,,,,,,
2022-10-31,13.24819278717041,,,,,,
2022-11-01,13.4274320602417,,,,,,
2022-11-02,13.53653621673584,,,,,,
2022-11-03,13.51315689086914,,,,,,
2022-11-04,13.99632453918457,,,,,,
2022-11-07,13.902809143066406,,,,,,
2022-11-08,13.69239616394043,,,,,,
2022-11-09,13.388467788696287,,,,,,
2022-11-10,13.48977756500244,,,,,,
2022-11-11,13.739153861999512,,,,,,
2022-11-14,13.567707061767578,,,,,,
2022-11-15,13.715775489807127,,,,,,
2022-11-16,13.567707061767578,,,,,,
2022-11-17,13.33391571044922,,,,,,
2022-11-18,13.24819278717041,,,,,,
2022-11-21,13.19364070892334,,,,,,
2022-11-22,13.33391571044922,,,,,,
2022-11-23,13.139089584350586,,,,,,
2022-11-25,13.037778854370115,,,,,,
2022-11-28,12.952056884765623,,,,,,
2022-11-29,13.100122451782228,,,,,,
2022-11-30,13.419638633728027,,,,,,
2022-12-01,13.34950065612793,,,,,,
2022-12-02,13.209226608276367,,,,,,
2022-12-05,12.858539581298828,,,,,,
2022-12-06,12.663713455200195,,,,,,
2022-12-07,12.60136890411377,,,,,,
2022-12-08,12.570196151733398,,,,,,
2022-12-09,12.570196151733398,,,,,,
2022-12-12,12.710471153259276,,,,,,
2022-12-13,12.936470985412598,,,,,,
2022-12-14,13.045572280883787,,,,,,
2022-12-15,12.858539581298828,,,,,,
2022-12-16,12.694886207580566,,,,,,
2022-12-19,12.684277534484863,,,,,,
2022-12-20,12.737313270568848,,,,,,
2022-12-21,12.896418571472168,,,,,,
2022-12-22,12.7461519241333,,,,,,
2022-12-23,12.97597312927246,,,,,,
2022-12-27,13.090882301330566,,,,,,
2022-12-28,12.949454307556152,,,,,,
2022-12-29,12.931777000427246,,,,,,
2022-12-30,13.064364433288574,,,,,,
2023-01-03,12.737313270568848,,,,,,
2023-01-04,12.480976104736328,,,,,,
2023-01-05,12.42794132232666,,,,,,
2023-01-06,12.50749397277832,,,,,,
2023-01-09,12.684277534484863,,,,,,
2023-01-10,12.693117141723633,,,,,,
2023-01-11,12.92293643951416,,,,,,
2023-01-12,13.05552577972412,,,,,,
2023-01-13,13.188114166259766,,,,,,
2023-01-17,13.276506423950195,,,,,,
2023-01-18,13.126238822937012,,,,,,
2023-01-19,13.26766586303711,,,,,,
2023-01-20,13.338379859924316,,,,,,
2023-01-23,13.409093856811523,,,,,,
2023-01-24,13.329541206359863,,,,,,
2023-01-25,13.276506423950195,,,,,,
2023-01-26,13.347219467163086,,,,,,
2023-01-27,13.170434951782228,,,,,,
2023-01-30,12.984810829162598,,,,,,
2023-01-31,13.214630126953123,,,,,,
2023-02-01,12.949454307556152,,,,,,
2023-02-02,12.816865921020508,,,,,,
2023-02-03,12.516332626342772,,,,,,
2023-02-06,12.560528755187988,,,,,,
2023-02-07,12.808026313781738,,,,,,
2023-02-08,12.834546089172363,,,,,,
2023-02-09,12.710796356201172,,,,,,
2023-02-10,12.896418571472168,,,,,,
2023-02-13,12.887578964233398,,,,,,
2023-02-14,12.931777000427246,,,,,,
2023-02-15,12.76383113861084,,,,,,
2023-02-16,12.728473663330078,,,,,,
2023-02-17,12.622403144836426,,,,,,
2023-02-21,12.648921966552734,,,,,,
2023-02-22,12.47213649749756,,,,,,
2023-02-23,12.560528755187988,,,,,,
2023-02-24,12.50749397277832,,,,,,
2023-02-27,12.525172233581545,,,,,,
2023-02-28,12.578207015991213,,,,,,
2023-03-01,12.799186706542969,,,,,,
2023-03-02,12.75499153137207,,,,,,
2023-03-03,12.967133522033691,,,,,,
2023-03-06,12.905259132385254,,,,,,
2023-03-07,12.613564491271973,,,,,,
2023-03-08,12.54284954071045,,,,,,
2023-03-09,12.383745193481444,,,,,,
2023-03-10,12.525172233581545,,,,,,
2023-03-13,12.445618629455566,,,,,,
2023-03-14,12.28651237487793,,,,,,
2023-03-15,12.003657341003418,,,,,,
2023-03-16,12.04785442352295,,,,,,
2023-03-17,12.003657341003418,,,,,,
2023-03-20,12.05669403076172,,,,,,
2023-03-21,12.100889205932615,,,,,,
2023-03-22,12.145085334777832,,,,,,
2023-03-23,12.109728813171388,,,,,,
2023-03-24,12.153924942016602,,,,,,
2023-03-27,12.383745193481444,,,,,,
2023-03-28,12.436779975891112,,,,,,
2023-03-29,12.374905586242676,,,,,,
2023-03-30,12.454458236694336,,,,,,
2023-03-31,12.569368362426758,,,,,,
2023-04-03,12.781509399414062,,,,,,
2023-04-04,12.772669792175291,,,,,,
2023-04-05,12.816865921020508,,,,,,
2023-04-06,12.772669792175291,,,,,,
2023-04-10,12.799186706542969,,,,,,
2023-04-11,12.869901657104492,,,,,,
2023-04-12,12.949454307556152,,,,,,
2023-04-13,12.949454307556152,,,,,,
2023-04-14,12.958292961120604,,,,,,
2023-04-17,12.91409683227539,,,,,,
2023-04-18,12.949454307556152,,,,,,
2023-04-19,12.772669792175291,,,,,,
2023-04-20,12.648921966552734,,,,,,
2023-04-21,12.622403144836426,,,,,,
2023-04-24,12.701956748962402,,,,,,
2023-04-25,12.55168914794922,,,,,,
2023-04-26,12.348387718200684,,,,,,
2023-04-27,12.374905586242676,,,,,,
2023-04-28,12.50749397277832,,,,,,
2023-05-01,12.41026210784912,,,,,,
2023-05-02,12.109728813171388,,,,,,
2023-05-03,11.932944297790527,,,,,,
2023-05-04,11.985980033874512,,,,,,
2023-05-05,12.259995460510254,,,,,,
2023-05-08,12.339548110961914,,,,,,
2023-05-09,12.357227325439451,,,,,,
2023-05-10,12.321868896484377,,,,,,
2023-05-11,12.092050552368164,,,,,,
2023-05-12,12.012497901916504,,,,,,
2023-05-15,12.153924942016602,,,,,,
2023-05-16,12.030176162719728,,,,,,
2023-05-17,12.180442810058594,,,,,,
2023-05-18,12.05669403076172,,,,,,
2023-05-19,12.039015769958496,,,,,,
2023-05-22,12.039015769958496,,,,,,
2023-05-23,12.092050552368164,,,,,,
2023-05-24,12.109728813171388,,,,,,
2023-05-25,11.915266036987305,,,,,,
2023-05-26,12.109728813171388,,,,,,
2023-05-30,11.818034172058104,,,,,,
2023-05-31,11.69428539276123,,,,,,
2023-06-01,11.87106990814209,,,,,,
2023-06-02,12.04785442352295,,,,,,
2023-06-05,12.030176162719728,,,,,,
2023-06-06,12.030176162719728,,,,,,
2023-06-07,12.065531730651855,,,,,,
2023-06-08,12.074371337890623,,,,,,
2023-06-09,12.021336555480955,,,,,,
2023-06-12,11.85339069366455,,,,,,
2023-06-13,12.003657341003418,,,,,,
2023-06-14,12.030176162719728,,,,,,
2023-06-15,12.295352935791016,,,,,,
2023-06-16,12.463296890258787,,,,,,
2023-06-20,12.357227325439451,,,,,,
2023-06-21,12.525172233581545,,,,,,
2023-06-22,12.277673721313477,,,,,,
2023-06-23,12.145085334777832,,,,,,
2023-06-26,12.162764549255373,,,,,,
2023-06-27,11.968301773071287,,,,,,
2023-06-28,11.924104690551758,,,,,,
2023-06-29,11.932944297790527,,,,,,
2023-06-30,12.0257568359375,,,,,,
2023-07-03,12.039015769958496,,,,,,
2023-07-05,12.109728813171388,,,,,,
2023-07-06,12.100889205932615,,,,,,
2023-07-07,12.189281463623049,,,,,,
2023-07-10,12.215798377990724,,,,,,
2023-07-11,12.366066932678224,,,,,,
2023-07-12,12.463296890258787,,,,,,
2023-07-13,12.640082359313965,,,,,,
2023-07-14,12.55168914794922,,,,,,
2023-07-17,12.419100761413574,,,,,,
2023-07-18,12.58704662322998,,,,,,
2023-07-19,12.648921966552734,,,,,,
2023-07-20,12.701956748962402,,,,,,
2023-07-21,12.781509399414062,,,,,,
2023-07-24,13.002490043640137,,,,,,
2023-07-25,13.064364433288574,,,,,,
2023-07-26,12.993650436401367,,,,,,
2023-07-27,12.97597312927246,,,,,,
2023-07-28,13.029006004333496,,,,,,
2023-07-31,13.073204040527344,,,,,,
2023-08-01,13.01132869720459,,,,,,
2023-08-02,12.816865921020508,,,,,,
2023-08-03,12.92293643951416,,,,,,
2023-08-04,12.962713241577148,,,,,,
2023-08-07,12.958292961120604,,,,,,
2023-08-08,12.958292961120604,,,,,,
2023-08-09,13.037846565246582,,,,,,
2023-08-10,12.967133522033691,,,,,,
2023-08-11,12.958292961120604,,,,,,
2023-08-14,12.878740310668944,,,,,,
2023-08-15,12.737313270568848,,,,,,
2023-08-16,12.684277534484863,,,,,,
2023-08-17,12.710796356201172,,,,,,
2023-08-18,12.816865921020508,,,,,,
2023-08-21,12.772669792175291,,,,,,
2023-08-22,12.772669792175291,,,,,,
2023-08-23,12.808026313781738,,,,,,
2023-08-24,12.808026313781738,,,,,,
2023-08-25,12.931777000427246,,,,,,
2023-08-28,12.92293643951416,,,,,,
2023-08-29,12.958292961120604,,,,,,
2023-08-30,12.993650436401367,,,,,,
2023-08-31,13.037846565246582,,,,,,
2023-09-01,13.19695281982422,,,,,,
2023-09-05,13.249987602233888,,,,,,
2023-09-06,13.26766586303711,,,,,,
2023-09-07,13.249987602233888,,,,,,
2023-09-08,13.285344123840332,,,,,,
2023-09-11,13.347219467163086,,,,,,
2023-09-12,13.417933464050291,,,,,,
2023-09-13,13.444451332092283,,,,,,
2023-09-14,13.55936050415039,,,,,,
2023-09-15,13.515165328979492,,,,,,
2023-09-18,13.532843589782717,,,,,,
2023-09-19,13.515165328979492,,,,,,
2023-09-20,13.417933464050291,,,,,,
2023-09-21,13.364896774291992,,,,,,
2023-09-22,13.356057167053224,,,,,,
2023-09-25,13.303024291992188,,,,,,
2023-09-26,13.303024291992188,,,,,,
2023-09-27,13.373737335205078,,,,,,
2023-09-28,13.364896774291992,,,,,,
2023-09-29,13.214630126953123,,,,,,
2023-10-02,13.126238822937012,,,,,,
2023-10-03,13.064364433288574,,,,,,
2023-10-04,12.693117141723633,,,,,,
2023-10-05,12.631242752075195,,,,,,
2023-10-06,12.657759666442873,,,,,,
2023-10-09,12.91409683227539,,,,,,
2023-10-10,12.92293643951416,,,,,,
2023-10-11,12.8433837890625,,,,,,
2023-10-12,12.816865921020508,,,,,,
2023-10-13,13.143917083740234,,,,,,
2023-10-16,13.126238822937012,,,,,,
2023-10-17,13.161596298217772,,,,,,
2023-10-18,13.285344123840332,,,,,,
2023-10-19,13.409093856811523,,,,,,
2023-10-20,13.303024291992188,,,,,,
2023-10-23,13.223469734191896,,,,,,
2023-10-24,13.09972095489502,,,,,,
2023-10-25,13.19695281982422,,,,,,
2023-10-26,13.064364433288574,,,,,,
2023-10-27,13.249987602233888,,,,,,
2023-10-30,13.037846565246582,,,,,,
2023-10-31,12.97597312927246,,,,,,
2023-11-01,12.993650436401367,,,,,,
2023-11-02,13.135077476501465,,,,,,
2023-11-03,13.073204040527344,,,,,,
2023-11-06,13.135077476501465,,,,,,
2023-11-07,12.8433837890625,,,,,,
2023-11-08,12.693117141723633,,,,,,
2023-11-09,12.684277534484863,,,,,,
2023-11-10,12.728473663330078,,,,,,
2023-11-13,12.905259132385254,,,,,,
2023-11-14,12.887578964233398,,,,,,
2023-11-15,12.816865921020508,,,,,,
2023-11-16,12.50749397277832,,,,,,
2023-11-17,12.701956748962402,,,,,,
2023-11-20,12.838964462280272,,,,,,
2023-11-21,12.905259132385254,,,,,,
2023-11-22,12.799186706542969,,,,,,
2023-11-24,12.728473663330078,,,,,,
2023-11-27,12.640082359313965,,,,,,
2023-11-28,12.772669792175291,,,,,,
2023-11-29,12.887578964233398,,,,,,
2023-11-30,12.675437927246094,,,,,,
2023-12-01,12.59588623046875,,,,,,
2023-12-04,12.525172233581545,,,,,,
2023-12-05,12.41026210784912,,,,,,
2023-12-06,12.109728813171388,,,,,,
2023-12-07,12.127408027648926,,,,,,
2023-12-08,12.198121070861816,,,,,,
2023-12-11,12.153924942016602,,,,,,
2023-12-12,11.95062255859375,,,,,,
2023-12-13,12.100889205932615,,,,,,
2023-12-14,12.313031196594238,,,,,,
2023-12-15,12.321868896484377,,,,,,
2023-12-18,12.395544052124023,,,,,,
2023-12-19,12.515262603759766,,,,,,
2023-12-20,12.367916107177734,,,,,,
2023-12-21,12.386334419250488,,,,,,
2023-12-22,12.349496841430664,,,,,,
2023-12-26,12.46921730041504,,,,,,
2023-12-27,12.432379722595217,,,,,,
2023-12-28,12.331079483032228,,,,,,
2023-12-29,12.248197555541992,,,,,,
2024-01-02,12.146895408630373,,,,,,
2024-01-03,12.312660217285156,,,,,,
2024-01-04,12.257406234741213,,,,,,
2024-01-05,12.321870803833008,,,,,,
2024-01-08,12.119268417358398,,,,,,
2024-01-09,12.229777336120604,,,,,,
2024-01-10,12.146895408630373,,,,,,
2024-01-11,12.220569610595703,,,,,,
2024-01-12,12.26661491394043,,,,,,
2024-01-16,12.174524307250977,,,,,,
2024-01-17,12.137686729431152,,,,,,
2024-01-18,12.229777336120604,,,,,,
2024-01-19,12.202150344848633,,,,,,
2024-01-22,12.26661491394043,,,,,,
2024-01-23,12.321870803833008,,,,,,
2024-01-24,12.42317008972168,,,,,,
2024-01-25,12.50605297088623,,,,,,
2024-01-26,12.570516586303713,,,,,,
2024-01-29,12.46921730041504,,,,,,
2024-01-30,12.552099227905272,,,,,,
2024-01-31,12.450798034667969,,,,,,
2024-02-01,12.26661491394043,,,,,,
2024-02-02,12.137686729431152,,,,,,
2024-02-05,12.18373203277588,,,,,,
2024-02-06,12.220569610595703,,,,,,
2024-02-07,12.257406234741213,,,,,,
2024-02-08,12.349496841430664,,,,,,
2024-02-09,12.377123832702637,,,,,,
2024-02-12,12.386334419250488,,,,,,
2024-02-13,12.331079483032228,,,,,,
2024-02-14,12.174524307250977,,,,,,
2024-02-15,12.220569610595703,,,,,,
2024-02-16,12.257406234741213,,,,,,
2024-02-20,12.192941665649414,,,,,,
2024-02-21,12.257406234741213,,,,,,
2024-02-22,12.275823593139648,,,,,,
2024-02-23,12.09164047241211,,,,,,
2024-02-26,12.202150344848633,,,,,,
2024-02-27,12.285033226013184,,,,,,
2024-02-28,12.23898696899414,,,,,,
2024-02-29,12.211359977722168,,,,,,
2024-03-01,12.285033226013184,,,,,,
2024-03-04,12.321870803833008,,,,,,
2024-03-05,12.23898696899414,,,,,,
2024-03-06,12.331079483032228,,,,,,
2024-03-07,12.367916107177734,,,,,,
2024-03-08,12.331079483032228,,,,,,
2024-03-11,12.432379722595217,,,,,,
2024-03-12,12.395544052124023,,,,,,
2024-03-13,12.552099227905272,,,,,,
2024-03-14,12.607354164123535,,,,,,
2024-03-15,12.671818733215332,,,,,,
2024-03-18,12.782328605651855,,,,,,
2024-03-19,12.791537284851074,,,,,,
2024-03-20,12.736283302307127,,,,,,
2024-03-21,12.71786403656006,,,,,,
2024-03-22,12.634982109069824,,,,,,
2024-03-25,12.745491981506348,,,,,,
2024-03-26,12.644189834594728,,,,,,
2024-03-27,12.653399467468262,,,,,,
2024-03-28,12.77311897277832,,,,,,
2024-04-01,12.86521053314209,,,,,,
2024-04-02,12.994138717651367,,,,,,
2024-04-03,13.141486167907717,,,,,,
2024-04-04,13.18753147125244,,,,,,
2024-04-05,13.233577728271484,,,,,,
2024-04-08,13.233577728271484,,,,,,
2024-04-09,13.169114112854004,,,,,,
2024-04-10,13.21515941619873,,,,,,
2024-04-11,13.159904479980469,,,,,,
2024-04-12,13.196741104125977,,,,,,
2024-04-15,13.196741104125977,,,,,,
2024-04-16,13.196741104125977,,,,,,
2024-04-17,12.994138717651367,,,,,,
2024-04-18,12.966511726379396,,,,,,
2024-04-19,13.030976295471191,,,,,,
2024-04-22,13.04018497467041,,,,,,
2024-04-23,13.095440864562988,,,,,,
2024-04-24,13.086231231689451,,,,,,
2024-04-25,13.159904479980469,,,,,,
2024-04-26,13.159904479980469,,,,,,
2024-04-29,13.159904479980469,,,,,,
2024-04-30,12.984930038452148,,,,,,
2024-05-01,12.791537284851074,,,,,,
2024-05-02,12.809956550598145,,,,,,
2024-05-03,12.846792221069336,,,,,,
2024-05-06,12.97572135925293,,,,,,
2024-05-07,12.97572135925293,,,,,,
2024-05-08,12.929675102233888,,,,,,
2024-05-09,12.984930038452148,,,,,,
2024-05-10,12.948094367980955,,,,,,
2024-05-13,13.049394607543944,,,,,,
2024-05-14,12.97572135925293,,,,,,
2024-05-15,13.021767616271973,,,,,,
2024-05-16,13.067811965942385,,,,,,
2024-05-17,13.18753147125244,,,,,,
2024-05-20,13.316460609436035,,,,,,
2024-05-21,13.279623031616213,,,,,,
2024-05-22,13.104649543762209,,,,,,
2024-05-23,13.021767616271973,,,,,,
2024-05-24,13.086231231689451,,,,,,
2024-05-28,13.32567024230957,,,,,,
2024-05-29,13.18753147125244,,,,,,
2024-05-30,13.01255702972412,,,,,,
2024-05-31,12.938883781433104,,,,,,
2024-06-03,12.745491981506348,,,,,,
2024-06-04,12.61656379699707,,,,,,
2024-06-05,12.662609100341797,,,,,,
2024-06-06,12.8375825881958,,,,,,
2024-06-07,12.662609100341797,,,,,,
2024-06-10,12.846792221069336,,,,,,
2024-06-11,12.819165229797363,,,,,,
2024-06-12,12.86521053314209,,,,,,
2024-06-13,12.874420166015623,,,,,,
2024-06-14,12.8375825881958,,,,,,
2024-06-17,12.86521053314209,,,,,,
2024-06-18,12.966511726379396,,,,,,
2024-06-20,13.003348350524902,,,,,,
2024-06-21,12.929675102233888,,,,,,
2024-06-24,12.984930038452148,,,,,,
2024-06-25,12.902048110961914,,,,,,
2024-06-26,12.911256790161133,,,,,,
2024-06-27,12.966511726379396,,,,,,
2024-06-28,12.938883781433104,,,,,,
2024-07-01,13.104649543762209,,,,,,
2024-07-02,13.095440864562988,,,,,,
2024-07-03,13.169114112854004,,,,,,
2024-07-05,13.22436809539795,,,,,,
2024-07-08,13.058603286743164,,,,,,
2024-07-09,12.948094367980955,,,,,,
2024-07-10,12.948094367980955,,,,,,
2024-07-11,12.984930038452148,,,,,,
2024-07-12,12.938883781433104,,,,,,
2024-07-15,12.86521053314209,,,,,,
2024-07-16,12.800745964050291,,,,,,
2024-07-17,12.828374862670898,,,,,,
2024-07-18,12.754701614379885,,,,,,
2024-07-19,12.579726219177246,,,,,,
2024-07-22,12.579726219177246,,,,,,
2024-07-23,12.487635612487791,,,,,,
2024-07-24,12.460007667541504,,,,,,
2024-07-25,12.487635612487791,,,,,,
2024-07-26,12.377123832702637,,,,,,
2024-07-29,12.29424285888672,,,,,,
2024-07-30,12.248197555541992,,,,,,
2024-07-31,12.524471282958984,,,,,,
2024-08-01,12.386334419250488,,,,,,
2024-08-02,12.174524307250977,,,,,,
2024-08-05,12.15610408782959,,,,,,
2024-08-06,12.036385536193848,,,,,,
2024-08-07,12.165313720703123,,,,,,
2024-08-08,12.26661491394043,,,,,,
2024-08-09,12.331079483032228,,,,,,
2024-08-12,12.515262603759766,,,,,,
2024-08-13,12.395544052124023,,,,,,
2024-08-14,12.30345058441162,,,,,,
2024-08-15,12.404752731323242,,,,,,
2024-08-16,12.349496841430664,,,,,,
2024-08-19,12.285033226013184,,,,,,
2024-08-20,12.229777336120604,,,,,,
2024-08-21,12.15610408782959,,,,,,
2024-08-22,12.15610408782959,,,,,,
2024-08-23,12.367916107177734,,,,,,
2024-08-26,12.496843338012695,,,,,,
2024-08-27,12.450798034667969,,,,,,
2024-08-28,12.30345058441162,,,,,,
2024-08-29,12.432379722595217,,,,,,
2024-08-30,12.285033226013184,,,,,,
2024-09-03,12.045595169067385,,,,,,
2024-09-04,11.935084342956545,,,,,,
2024-09-05,11.962712287902832,,,,,,
2024-09-06,11.796947479248049,,,,,,
2024-09-09,11.852202415466309,,,,,,
2024-09-10,11.668018341064451,,,,,,
2024-09-11,11.778529167175291,,,,,,
2024-09-12,11.99034023284912,,,,,,
2024-09-13,12.017967224121094,,,,,,
2024-09-16,12.119268417358398,,,,,,
2024-09-17,12.202150344848633,,,,,,
2024-09-18,12.128477096557615,,,,,,
2024-09-19,12.340288162231444,,,,,,
2024-09-20,12.349496841430664,,,,,,
2024-09-23,12.349496841430664,,,,,,
2024-09-24,12.542890548706056,,,,,,
2024-09-25,12.450798034667969,,,,,,
2024-09-26,12.349496841430664,,,,,,
2024-09-27,12.395544052124023,,,,,,
2024-09-30,12.367916107177734,,,,,,
2024-10-01,12.579726219177246,,,,,,
2024-10-02,12.681028366088867,,,,,,
2024-10-03,12.88362979888916,,,,,,
2024-10-04,12.920465469360352,,,,,,
2024-10-07,13.104649543762209,,,,,,
2024-10-08,12.782328605651855,,,,,,
2024-10-09,12.690237045288086,,,,,,
2024-10-10,12.920465469360352,,,,,,
2024-10-11,12.938883781433104,,,,,,
2024-10-14,12.754701614379885,,,,,,
2024-10-15,12.496843338012695,,,,,,
2024-10-16,12.46921730041504,,,,,,
2024-10-17,12.46921730041504,,,,,,
2024-10-18,12.404752731323242,,,,,,
2024-10-21,12.46921730041504,,,,,,
2024-10-22,12.662609100341797,,,,,,
2024-10-23,12.625772476196287,,,,,,
2024-10-24,12.625772476196287,,,,,,
2024-10-25,12.671818733215332,,,,,,
2024-10-28,12.367916107177734,,,,,,
2024-10-29,12.349496841430664,,,,,,
2024-10-30,12.487635612487791,,,,,,
2024-10-31,12.561308860778809,,,,,,
2024-11-01,12.460007667541504,,,,,,
2024-11-04,12.634982109069824,,,,,,
2024-11-05,12.699445724487305,,,,,,
2024-11-06,12.579726219177246,,,,,,
2024-11-07,12.699445724487305,,,,,,
2024-11-08,12.524471282958984,,,,,,
2024-11-11,12.321870803833008,,,,,,
2024-11-12,12.248197555541992,,,,,,
2024-11-13,12.211359977722168,,,,,,
2024-11-14,12.192941665649414,,,,,,
2024-11-15,12.137686729431152,,,,,,
2024-11-18,12.395544052124023,,,,,,
2024-11-19,12.432379722595217,,,,,,
2024-11-20,12.450798034667969,,,,,,
2024-11-21,12.515262603759766,,,,,,
2024-11-22,12.552099227905272,,,,,,
2024-11-25,12.377123832702637,,,,,,
2024-11-26,12.377123832702637,,,,,,
2024-11-27,12.30345058441162,,,,,,
2024-11-29,12.340288162231444,,,,,,
2024-12-02,12.229777336120604,,,,,,
2024-12-03,12.367916107177734,,,,,,
2024-12-04,12.29424285888672,,,,,,
2024-12-05,12.312660217285156,,,,,,
2024-12-06,12.211359977722168,,,,,,
2024-12-09,12.312660217285156,,,,,,
2024-12-10,12.340288162231444,,,,,,
2024-12-11,12.50605297088623,,,,,,
2024-12-12,12.450798034667969,,,,,,
2024-12-13,12.450798034667969,,,,,,
2024-12-16,12.3587064743042,,,,,,
2024-12-17,12.285033226013184,,,,,,
2024-12-18,12.165313720703123,,,,,,
2024-12-19,12.146895408630373,,,,,,
2024-12-20,12.220569610595703,,,,,,
2024-12-23,12.263886451721191,,,,,,
2024-12-24,12.32164478302002,,,,,,
2024-12-26,12.2831392288208,,,,,,
2024-12-27,12.331271171569824,,,,,,
2024-12-30,12.446786880493164,,,,,,
2024-12-31,12.504544258117676,,,,,,
2025-01-02,12.639311790466309,,,,,,
2025-01-03,12.562301635742188,,,,,,
2025-01-06,12.591180801391602,,,,,,
2025-01-07,12.648938179016112,,,,,,
2025-01-08,12.629685401916504,,,,,,
2025-01-10,12.94735336303711,,,,,,
2025-01-13,13.014737129211426,,,,,,
2025-01-14,13.02436351776123,,,,,,
2025-01-15,13.188010215759276,,,,,,
2025-01-16,13.14950466156006,,,,,,
2025-01-17,13.091747283935549,,,,,,
2025-01-21,13.062868118286133,,,,,,
2025-01-22,13.033989906311035,,,,,,
2025-01-23,13.00511074066162,,,,,,
2025-01-24,13.00511074066162,,,,,,
2025-01-27,12.774080276489258,,,,,,
2025-01-28,12.802959442138672,,,,,,
2025-01-29,12.83183765411377,,,,,,
2025-01-30,12.83183765411377,,,,,,
2025-01-31,12.812585830688477,,,,,,
2025-02-03,12.9281005859375,,,,,,
2025-02-04,12.976231575012209,,,,,,
2025-02-05,12.870342254638672,,,,,,
2025-02-06,12.889595985412598,,,,,,
2025-02-07,12.899221420288086,,,,,,
2025-02-10,13.091747283935549,,,,,,
2025-02-11,13.188010215759276,,,,,,
2025-02-12,13.053242683410645,,,,,,
2025-02-13,13.091747283935549,,,,,,
2025-02-14,13.12062644958496,,,,,,
2025-02-18,13.293899536132812,,,,,,
2025-02-19,13.409415245056152,,,,,,
2025-02-20,13.447919845581056,,,,,,
2025-02-21,13.25539493560791,,,,,,
2025-02-24,13.216888427734377,,,,,,
2025-02-25,13.053242683410645,,,,,,
2025-02-26,12.956979751586914,,,,,,
2025-02-27,12.956979751586914,,,,,,
2025-02-28,12.860715866088867,,,,,,
2025-03-03,12.764453887939451,,,,,,
2025-03-04,12.788518905639648,,,,,,
2025-03-05,12.754827499389648,,,,,,
2025-03-06,12.72594928741455,,,,,,
2025-03-07,12.822211265563965,,,,,,
2025-03-10,12.745201110839844,,,,,,
2025-03-11,12.812585830688477,,,,,,
2025-03-12,12.822211265563965,,,,,,
2025-03-13,12.783705711364746,,,,,,
2025-03-14,12.822211265563965,,,,,,
2025-03-17,12.9281005859375,,,,,,
2025-03-18,12.899221420288086,,,,,,
2025-03-19,12.976231575012209,,,,,,
2025-03-20,12.995484352111816,,,,,,
2025-03-21,12.918474197387695,,,,,,
2025-03-24,12.96660614013672,,,,,,
2025-03-25,12.976231575012209,,,,,,
2025-03-26,12.96660614013672,,,,,,
2025-03-27,13.00511074066162,,,,,,
2025-03-28,12.956979751586914,,,,,,
2025-03-31,13.12062644958496,,,,,,
2025-04-01,13.139878273010254,,,,,,
2025-04-02,13.216888427734377,,,,,,
2025-04-03,12.687443733215332,,,,,,
2025-04-04,12.215755462646484,,,,,,
2025-04-07,12.032855987548828,,,,,,
2025-04-08,11.75369358062744,,,,,,
2025-04-09,12.235008239746094,,,,,,
2025-04-10,12.042482376098633,,,,,,
2025-04-11,12.215755462646484,,,,,,
2025-04-14,12.196502685546877,,,,,,
2025-04-15,12.167624473571776,,,,,,
2025-04-16,12.312018394470217,,,,,,
2025-04-17,12.408281326293944,,,,,,
2025-04-21,12.312018394470217,,,,,,
2025-04-22,12.340896606445312,,,,,,
2025-04-23,12.254260063171388,,,,,,
2025-04-24,12.350522994995115,,,,,,
2025-04-25,12.379402160644531,,,,,,
2025-04-28,12.32164478302002,,,,,,
2025-04-29,12.167624473571776,,,,,,
2025-04-30,11.97509765625,,,,,,
2025-05-01,12.01360321044922,,,,,,
2025-05-02,12.071361541748049,,,,,,
2025-05-05,11.984724044799805,,,,,,
2025-05-06,12.157998085021973,,,,,,
2025-05-07,12.032855987548828,,,,,,
2025-05-08,12.167624473571776,,,,,,
2025-05-09,12.2831392288208,,,,,,
2025-05-12,12.360150337219238,,,,,,
2025-05-13,12.523797035217283,,,,,,
2025-05-14,12.446786880493164,,,,,,
2025-05-15,12.32164478302002,,,,,,
2025-05-16,12.263886451721191,,,,,,
2025-05-19,12.225381851196287,,,,,,
2025-05-20,12.39865493774414,,,,,,
2025-05-21,12.379402160644531,,,,,,
2025-05-22,12.30239200592041,,,,,,
2025-05-23,12.379402160644531,,,,,,
2025-05-27,12.2831392288208,,,,,,
2025-05-28,12.225381851196287,,,,,,
2025-05-29,12.167624473571776,,,,,,
2025-05-30,12.071361541748049,,,,,,
2025-06-02,12.32164478302002,,,,,,
2025-06-03,12.408281326293944,,,,,,
2025-06-04,12.350522994995115,,,,,,
2025-06-05,12.408281326293944,,,,,,
2025-06-06,12.494916915893556,,,,,,
2025-06-09,12.504544258117676,,,,,,
2025-06-10,12.466038703918455,,,,,,
2025-06-11,12.668190956115724,,,,,,
2025-06-12,12.677817344665527,,,,,,
2025-06-13,13.033989906311035,,,,,,
2025-06-16,13.033989906311035,,,,,,
2025-06-17,13.293899536132812,,,,,,
2025-06-18,13.346843719482422,,,,,,
2025-06-20,13.380535125732422,,,,,,
2025-06-23,12.918474197387695,,,,,,
2025-06-24,12.591180801391602,,,,,,
2025-06-25,12.562301635742188,,,,,,
2025-06-26,12.610433578491213,,,,,,
2025-06-27,12.543048858642578,,,,,,
2025-06-30,12.552675247192385,,,,,,
2025-07-01,12.6200590133667,,,,,,
2025-07-02,12.822211265563965,,,,,,
2025-07-03,12.822211265563965,,,,,,
2025-07-07,12.79333209991455,,,,,,
2025-07-08,12.822211265563965,,,,,,
2025-07-09,12.812585830688477,,,,,,
2025-07-10,12.754827499389648,,,,,,
2025-07-11,12.9281005859375,,,,,,
2025-07-14,12.822211265563965,,,,,,
2025-07-15,12.79333209991455,,,,,,
2025-07-16,12.822211265563965,,,,,,
2025-07-17,12.90884780883789,,,,,,
2025-07-18,12.94735336303711,,,,,,
2025-07-21,12.90884780883789,,,,,,
2025-07-22,12.899221420288086,,,,,,
2025-07-23,12.870342254638672,,,,,,
2025-07-24,12.85109043121338,,,,,,
2025-07-25,12.72594928741455,,,,,,
2025-07-28,12.860715866088867,,,,,,
2025-07-29,13.02436351776123,,,,,,
2025-07-30,12.995484352111816,,,,,,
2025-07-31,12.870342254638672,,,,,,
2025-08-01,12.668190956115724,,,,,,
2025-08-04,12.629685401916504,,,,,,
2025-08-05,12.523797035217283,,,,,,
2025-08-06,12.494916915893556,,,,,,
2025-08-07,12.523797035217283,,,,,,
2025-08-08,12.504544258117676,,,,,,
2025-08-11,12.552675247192385,,,,,,
2025-08-12,12.504544258117676,,,,,,
2025-08-13,12.475665092468262,,,,,,
2025-08-14,12.523797035217283,,,,,,
2025-08-15,12.485291481018066,,,,,,
2025-08-18,12.504544258117676,,,,,,
2025-08-19,12.417906761169434,,,,,,
2025-08-20,12.543048858642578,,,,,,
2025-08-21,12.639311790466309,,,,,,
2025-08-22,12.668190956115724,,,,,,
2025-08-25,12.72594928741455,,,,,,
2025-08-26,12.639311790466309,,,,,,
2025-08-27,12.648938179016112,,,,,,
2025-08-28,12.73557472229004,,,,,,
2025-08-29,12.754827499389648,,,,,,
2025-09-02,12.956979751586914,,,,,,
2025-09-03,12.83183765411377,,,,,,
2025-09-04,12.745201110839844,,,,,,
2025-09-05,12.629685401916504,,,,,,
2025-09-08,12.72594928741455,,,,,,
2025-09-09,12.754827499389648,,,,,,
2025-09-10,12.85109043121338,,,,,,
2025-09-11,12.745201110839844,,,,,,
2025-09-12,12.812585830688477,,,,,,
2025-09-15,12.94735336303711,,,,,,
2025-09-16,13.072494506835938,,,,,,
2025-09-17,12.956979751586914,,,,,,
2025-09-18,12.87515640258789,,,,,,
2025-09-19,12.764453887939451,,,,,,
2025-09-22,12.754827499389648,,,,,,
2025-09-23,12.889595985412598,,,,,,
2025-09-24,12.976231575012209,,,,,,
2025-09-25,13.072494506835938,,,,,,
2025-09-26,13.082120895385742,,,,,,
2025-09-29,12.976231575012209,,,,,,
2025-09-30,12.9281005859375,,,,,,
2025-10-01,12.90884780883789,,,,,,
2025-10-02,12.802959442138672,,,,,,
2025-10-03,12.85109043121338,,,,,,
2025-10-06,12.985857963562012,,,,,,
2025-10-07,13.02436351776123,,,,,,
2025-10-08,13.053242683410645,,,,,,
2025-10-09,12.937726020812988,,,,,,
2025-10-10,12.668190956115724,,,,,,
2025-10-13,12.817398071289062,,,,,,
2025-10-14,12.677817344665527,,,,,,
2025-10-15,12.71632194519043,,,,,,
2025-10-16,12.69706916809082,,,,,,
2025-10-17,12.69706916809082,,,,,,
2025-10-20,12.822211265563965,,,,,,
2025-10-21,12.69706916809082,,,,,,
2025-10-22,12.889595985412598,,,,,,
2025-10-23,13.072494506835938,,,,,,
2025-10-24,13.091747283935549,,,,,,
2025-10-27,13.082120895385742,,,,,,
2025-10-28,12.937726020812988,,,,,,
2025-10-29,12.995484352111816,,,,,,
2025-10-30,13.033989906311035,,,,,,
2025-10-31,13.072494506835938,,,,,,
2025-11-03,13.207262992858888,,,,,,
2025-11-04,13.091747283935549,,,,,,
2025-11-05,13.072494506835938,,,,,,
2025-11-06,13.091747283935549,,,,,,
2025-11-07,13.12062644958496,,,,,,
2025-11-10,13.265020370483398,,,,,,
2025-11-11,13.34203052520752,,,,,,
2025-11-12,13.178383827209473,,,,,,
2025-11-13,13.130252838134766,,,,,,
2025-11-14,13.14950466156006,,,,,,
2025-11-17,13.130252838134766,,,,,,
2025-11-18,13.245768547058104,,,,,,
2025-11-19,13.111000061035156,,,,,,
2025-11-20,12.985857963562012,,,,,,
2025-11-21,12.918474197387695,,,,,,
2025-11-24,12.96660614013672,,,,,,
2025-11-25,12.90884780883789,,,,,,
2025-11-26,13.082120895385742,,,,,,
2025-11-28,13.236141204833984,,,,,,
2025-12-01,13.245768547058104,,,,,,
2025-12-02,13.188010215759276,,,,,,
2025-12-03,13.245768547058104,,,,,,
2025-12-04,13.284273147583008,,,,,,
2025-12-05,13.370909690856934,,,,,,
2025-12-08,13.207262992858888,,,,,,
2025-12-09,13.168758392333984,,,,,,
2025-12-10,13.265020370483398,,,,,,
2025-12-11,13.25539493560791,,,,,,
2025-12-12,13.12062644958496,,,,,,
2025-12-15,13.062868118286133,,,,,,
2025-12-16,12.937726020812988,,,,,,
2025-12-17,13.091747283935549,,,,,,
2025-12-18,13.014737129211426,,,,,,
2025-12-19,13.111000061035156,,,,,,
2025-12-22,13.270000457763672,,,,,,
2025-12-23,13.399999618530272,,,,,,
2025-12-24,13.420000076293944,,,,,,
2025-12-26,13.449999809265137,,,,,,
2025-12-29,13.34000015258789,,,,,,
2025-12-30,13.420000076293944,,,,,,
2025-12-31,13.25,,,,,,
2026-01-02,13.279999732971191,,,,,,
2026-01-05,13.529999732971191,,,,,,
2026-01-06,13.539999961853027,,,,,,
2026-01-07,13.40999984741211,,,,,,
2026-01-08,13.5600004196167,,,,,,
2026-01-09,13.5600004196167,,,,,,
2026-01-12,13.760000228881836,,,,,,
2026-01-13,13.859999656677246,,,,,,
2026-01-14,13.880000114440918,,,,,,
2026-01-15,13.770000457763672,,,,,,
2026-01-16,13.729999542236328,,,,,,
2026-01-20,13.93000030517578,,,,,,
2026-01-21,14.079999923706056,,,,,,
2026-01-22,14.09000015258789,,,,,,
2026-01-23,14.34000015258789,,,,,,
2026-01-26,14.420000076293944,,,,,,
2026-01-27,14.619999885559082,,,,,,
2026-01-28,14.81999969482422,,,,,,
2026-01-29,15.020000457763672,,,,,,
2026-01-30,14.520000457763672,,,,,,
2026-02-02,13.970000267028809,,,,,,
2026-02-03,14.329999923706056,,,,,,
2026-02-04,14.359999656677246,,,,,,
2026-02-05,14.119999885559082,,,,,,
2026-02-06,14.260000228881836,,,,,,
2026-02-09,14.399999618530272,,,,,,
2026-02-10,14.34000015258789,,,,,,
2026-02-11,14.489999771118164,,,,,,
2026-02-12,14.15999984741211,,,,,,
2026-02-13,14.170000076293944,,,,,,
2026-02-17,14.029999732971191,,,,,,
2026-02-18,14.40999984741211,,,,,,
2026-02-19,14.529999732971191,,,,,,
2026-02-20,14.640000343322754,,,,,,
2026-02-23,14.710000038146973,,,,,,
2026-02-24,14.699999809265137,,,,,,
2026-02-25,14.710000038146973,,,,,,
2026-02-26,14.720000267028809,,,,,,
2026-02-27,14.920000076293944,,,,,,
2026-03-02,15.359999656677246,,,,,,
2026-03-03,15.420000076293944,,,,,,
2026-03-04,15.5600004196167,,,,,,
2026-03-05,15.800000190734863,,,,,,
2026-03-06,16.3799991607666,,,,,,
2026-03-09,16.190000534057617,,,,,,
2026-03-10,16.440000534057617,,,,,,
2026-03-11,16.760000228881836,,,,,,
2026-03-12,17.209999084472656,,,,,,
2026-03-13,17.1299991607666,,,,,,
2026-03-16,16.899999618530273,,,,,,
2026-03-17,17.170000076293945,,,,,,
2026-03-18,17.459999084472656,,,,,,
2026-03-19,17.219999313354492,,,,,,
2026-03-20,17.329999923706055,,,,,,
2026-03-23,16.59000015258789,,,,,,
2026-03-24,16.8799991607666,,,,,,
2026-03-25,16.829999923706055,,,,,,
2026-03-26,17.020000457763672,,,,,,
2026-03-27,17.399999618530273,,,,,,
2026-03-30,17.5,,,,,,
2026-03-31,17.31999969482422,,,,,,
2026-04-01,17.100000381469727,,,,,,
2026-04-02,17.520000457763672,,,,,,
2026-04-06,17.549999237060547,,,,,,
2026-04-07,17.520000457763672,,,,,,
2026-04-08,17.010000228881836,,,,,,
2026-04-09,17.1200008392334,,,,,,
2026-04-10,16.969999313354492,,,,,,
2026-04-13,17.270000457763672,,,,,,
2026-04-14,17.18000030517578,,,,,,
2026-04-15,17.229999542236328,,,,,,
2026-04-16,17.350000381469727,,,,,,
2026-04-17,16.84000015258789,,,,,,
2026-04-20,17.100000381469727,,,,,,
2026-04-21,17.399999618530273,,,,,,
2026-04-22,17.59000015258789,,,,,,
2026-04-23,17.84000015258789,,,,,,
2026-04-24,17.790000915527344,,,,,,
2026-04-27,17.950000762939453,,,,,,
2026-04-28,18.06999969482422,,,,,,
2026-04-29,18.5,,,,,,
2026-04-30,18.530000686645508,,,,,,
2026-05-01,18.3700008392334,,,,,,
2026-05-04,18.68000030517578,,,,,,
2026-05-05,18.59000015258789,,,,,,
2026-05-06,18.030000686645508,,,,,,
2026-05-07,18.049999237060547,,,,,,
2026-05-08,18.06999969482422,,,,,,
2026-05-11,18.549999237060547,,,,,,
2026-05-12,18.90999984741211,,,,,,
2026-05-13,18.700000762939453,,,,,,
2026-05-14,18.600000381469727,,,,,,
2026-05-15,18.61000061035156,,,,,,
2026-05-18,18.71999931335449,,,,,,
2026-05-19,18.84000015258789,,,,,,
2026-05-20,18.420000076293945,,,,,,
2026-05-21,18.309999465942383,,,,,,
2026-05-22,18.200000762939453,,,,,,
2026-05-26,17.90999984741211,,,,,,
2026-05-27,17.600000381469727,,,,,,
2026-05-28,17.719999313354492,,,,,,
2026-05-29,17.6200008392334,,,,,,
2026-06-01,17.8700008392334,,,,,,
2026-06-02,17.979999542236328,,,,,,
2026-06-03,18.049999237060547,,,,,,
2026-06-04,17.850000381469727,,,,,,
2026-06-05,17.459999084472656,,,,,,
2026-06-08,17.6200008392334,,,,,,
2026-06-09,17.3799991607666,,,,,,
2026-06-10,17.43000030517578,,,,,,
2026-06-11,17.239999771118164,,,,,,
2026-06-12,17.059999465942383,,,,,,
2026-06-15,16.889999389648438,,,,,,
2026-06-16,16.670000076293945,,,,,,
2026-06-17,16.540000915527344,,,,,,
2026-06-18,16.5,,,,,,
2026-06-22,16.360000610351562,,,,,,
2026-06-23,16.18000030517578,,,,,,
2026-06-24,15.779999732971191,,,,,,
2026-06-25,16.110000610351562,,,,,,
2026-06-26,15.869999885559082,,,,,,
2026-06-29,15.84000015258789,,,,,,
2026-06-30,15.880000114440918,,,,,,
2026-07-01,15.779999732971191,,,,,,
2026-07-02,15.869999885559082,,,,,,
2026-07-06,16.100000381469727,,,,,,
2026-07-07,16.31999969482422,,,,,,
2026-07-08,16.6200008392334,,,,,,
2026-07-09,16.420000076293945,,,,,,
2026-07-10,16.440000534057617,,,,,,
2026-07-13,16.899999618530273,,,,,,
2026-07-14,17.079999923706055,,,,,,
2026-07-15,17.170000076293945,,,,,,
2026-07-16,16.959999084472656,,,,,,
2026-07-17,17.25,,,,,,
2026-07-20,17.3799991607666,,,,,,
2026-07-21,17.649999618530273,,,,,,
2026-07-22,17.809999465942383,,,,,,
2026-07-23,18.059999465942383,,,,,,
2026-07-24,17.950000762939453,,,,,,
2026-07-27,17.34000015258789,,,,,,
2026-07-28,17.059999465942383,,,,,,
2026-07-29,17.56999969482422,,,,,,
2026-07-30,17.5,,,,,,
2026-07-31,17.559999465942383,,,,,,
2026-08-03,17.25,,,,,,
2026-08-04,16.899999618530273,,,,,,
2026-08-05,16.979999542236328,,,,,,
2026-08-06,17.229999542236328,,,,,,
2026-08-07,17.25,,,,,,
2026-08-10,17.829999923706055,,,,,,
2026-08-11,17.90999984741211,,,,,,
2026-08-12,17.969999313354492,,,,,,
2026-08-13,17.770000457763672,,,,,,
2026-08-14,17.90999984741211,,,,,,
2026-08-17,18.209999084472656,,,,,,
2026-08-25,18.170000076293945,,,,,,
2026-08-26,18.18,18.1,18.33,18.07,4317522.0,18.239,4210.0
2026-08-27,18.420000076293945,,,,,,
2026-08-28,18.38999938964844,,,,,,
2026-08-31,18.64999961853028,,,,,,
2026-09-01,19.05,18.77,19.08,18.76,11039413.0,18.942,14704.0
