date,close,open,high,low,volume,average,barCount
2005-06-23,12.772504806518556,,,,,,
2005-06-24,12.548873901367188,,,,,,
2005-06-27,12.480066299438477,,,,,,
2005-06-28,12.57467555999756,,,,,,
2005-06-29,12.583274841308594,,,,,,
2005-06-30,12.583274841308594,,,,,,
2005-07-01,12.497268676757812,,,,,,
2005-07-05,12.60048007965088,,,,,,
2005-07-06,12.480066299438477,,,,,,
2005-07-07,12.462864875793455,,,,,,
2005-07-08,12.69509220123291,,,,,,
2005-07-11,12.772504806518556,,,,,,
2005-07-12,12.781099319458008,,,,,,
2005-07-13,12.80690574645996,,,,,,
2005-07-14,12.703690528869627,,,,,,
2005-07-15,12.772504806518556,,,,,,
2005-07-18,12.832709312438965,,,,,,
2005-07-19,12.892916679382324,,,,,,
2005-07-20,12.978921890258787,,,,,,
2005-07-21,12.858510971069336,,,,,,
2005-07-22,12.875715255737305,,,,,,
2005-07-25,12.858510971069336,,,,,,
2005-07-26,12.875715255737305,,,,,,
2005-07-27,12.746695518493652,,,,,,
2005-07-28,12.884313583374023,,,,,,
2005-07-29,12.884313583374023,,,,,,
2005-08-01,12.95312213897705,,,,,,
2005-08-02,12.95312213897705,,,,,,
2005-08-03,12.918716430664062,,,,,,
2005-08-04,12.729496955871582,,,,,,
2005-08-05,12.56607723236084,,,,,,
2005-08-08,12.609082221984863,,,,,,
2005-08-09,12.677889823913574,,,,,,
2005-08-10,12.677889823913574,,,,,,
2005-08-11,12.677889823913574,,,,,,
2005-08-12,12.591882705688477,,,,,,
2005-08-15,12.677889823913574,,,,,,
2005-08-16,12.445664405822754,,,,,,
2005-08-17,12.540268898010254,,,,,,
2005-08-18,12.497268676757812,,,,,,
2005-08-19,12.437060356140137,,,,,,
2005-08-22,12.437060356140137,,,,,,
2005-08-23,12.462864875793455,,,,,,
2005-08-24,12.290842056274414,,,,,,
2005-08-25,12.32524871826172,,,,,,
2005-08-26,12.247838973999023,,,,,,
2005-08-29,12.239232063293455,,,,,,
2005-08-30,12.024209976196287,,,,,,
2005-08-31,12.050015449523926,,,,,,
2005-09-01,11.869392395019531,,,,,,
2005-09-02,11.82639217376709,,,,,,
2005-09-06,12.015610694885254,,,,,,
2005-09-07,12.290842056274414,,,,,,
2005-09-08,12.18763256072998,,,,,,
2005-09-09,12.247838973999023,,,,,,
2005-09-12,12.333849906921388,,,,,,
2005-09-13,12.1962308883667,,,,,,
2005-09-14,11.998404502868652,,,,,,
2005-09-15,12.015610694885254,,,,,,
2005-09-16,12.110220909118652,,,,,,
2005-09-19,12.007012367248535,,,,,,
2005-09-20,11.877991676330566,,,,,,
2005-09-21,11.594156265258787,,,,,,
2005-09-22,11.740379333496094,,,,,,
2005-09-23,11.852191925048828,,,,,,
2005-09-26,11.946805000305176,,,,,,
2005-09-27,11.92959976196289,,,,,,
2005-09-28,11.800582885742188,,,,,,
2005-09-29,11.82639217376709,,,,,,
2005-09-30,11.92959976196289,,,,,,
2005-10-03,12.050015449523926,,,,,,
2005-10-04,11.998404502868652,,,,,,
2005-10-05,11.88659381866455,,,,,,
2005-10-06,11.946805000305176,,,,,,
2005-10-07,11.955402374267578,,,,,,
2005-10-10,11.877991676330566,,,,,,
2005-10-11,11.877991676330566,,,,,,
2005-10-12,11.731778144836426,,,,,,
2005-10-13,11.783384323120115,,,,,,
2005-10-14,11.8951997756958,,,,,,
2005-10-17,11.843594551086426,,,,,,
2005-10-18,11.731778144836426,,,,,,
2005-10-19,12.041414260864258,,,,,,
2005-10-20,11.946805000305176,,,,,,
2005-10-21,12.110220909118652,,,,,,
2005-10-24,12.282240867614746,,,,,,
2005-10-25,12.282240867614746,,,,,,
2005-10-26,12.118825912475586,,,,,,
2005-10-27,11.852191925048828,,,,,,
2005-10-28,12.032811164855955,,,,,,
2005-10-31,12.22203540802002,,,,,,
2005-11-01,12.230633735656738,,,,,,
2005-11-02,12.41986083984375,,,,,,
2005-11-03,12.609082221984863,,,,,,
2005-11-04,12.720892906188965,,,,,,
2005-11-07,12.772504806518556,,,,,,
2005-11-08,12.660686492919922,,,,,,
2005-11-09,12.652082443237305,,,,,,
2005-11-10,12.781099319458008,,,,,,
2005-11-11,12.82410717010498,,,,,,
2005-11-14,12.763898849487305,,,,,,
2005-11-15,12.677889823913574,,,,,,
2005-11-16,12.634882926940918,,,,,,
2005-11-17,12.78970432281494,,,,,,
2005-11-18,12.918716430664062,,,,,,
2005-11-21,13.073535919189451,,,,,,
2005-11-22,13.150946617126465,,,,,,
2005-11-23,13.219751358032228,,,,,,
2005-11-25,13.176748275756836,,,,,,
2005-11-28,13.09933853149414,,,,,,
2005-11-29,13.09933853149414,,,,,,
2005-11-30,13.021926879882812,,,,,,
2005-12-01,13.236955642700195,,,,,,
2005-12-02,13.245556831359863,,,,,,
2005-12-05,13.10793685913086,,,,,,
2005-12-06,13.176748275756836,,,,,,
2005-12-07,13.116539001464844,,,,,,
2005-12-08,13.039132118225098,,,,,,
2005-12-09,13.047733306884766,,,,,,
2005-12-12,13.056333541870115,,,,,,
2005-12-13,13.10793685913086,,,,,,
2005-12-14,13.133740425109863,,,,,,
2005-12-15,13.064933776855469,,,,,,
2005-12-16,13.053741455078123,,,,,,
2005-12-19,12.89013671875,,,,,,
2005-12-20,12.941800117492676,,,,,,
2005-12-21,13.002076148986816,,,,,,
2005-12-22,13.079569816589355,,,,,,
2005-12-23,13.148456573486328,,,,,,
2005-12-27,13.03652000427246,,,,,,
2005-12-28,13.070962905883787,,,,,,
2005-12-29,13.148456573486328,,,,,,
2005-12-30,13.09679126739502,,,,,,
2006-01-03,13.200125694274902,,,,,,
2006-01-04,13.29483699798584,,,,,,
2006-01-05,13.303448677062988,,,,,,
2006-01-06,13.458444595336914,,,,,,
2006-01-09,13.518712043762209,,,,,,
2006-01-10,13.492880821228027,,,,,,
2006-01-11,13.492880821228027,,,,,,
2006-01-12,13.561771392822266,,,,,,
2006-01-13,13.59620761871338,,,,,,
2006-01-17,13.432609558105469,,,,,,
2006-01-18,13.423993110656738,,,,,,
2006-01-19,13.613431930541992,,,,,,
2006-01-20,13.544548988342283,,,,,,
2006-01-23,13.578986167907717,,,,,,
2006-01-24,13.708148956298828,,,,,,
2006-01-25,13.79425811767578,,,,,,
2006-01-26,13.940635681152344,,,,,,
2006-01-27,13.957855224609377,,,,,,
2006-01-30,13.906195640563965,,,,,,
2006-01-31,13.837308883666992,,,,,,
2006-02-01,14.00090789794922,,,,,,
2006-02-02,13.906195640563965,,,,,,
2006-02-03,13.87175178527832,,,,,,
2006-02-06,13.897584915161133,,,,,,
2006-02-07,13.777034759521484,,,,,,
2006-02-08,13.87175178527832,,,,,,
2006-02-09,13.863142013549805,,,,,,
2006-02-10,13.87175178527832,,,,,,
2006-02-13,13.768421173095703,,,,,,
2006-02-14,13.880362510681152,,,,,,
2006-02-15,13.906195640563965,,,,,,
2006-02-16,13.742593765258787,,,,,,
2006-02-17,13.742593765258787,,,,,,
2006-02-21,13.59620761871338,,,,,,
2006-02-22,13.716757774353027,,,,,,
2006-02-23,13.690926551818848,,,,,,
2006-02-24,13.673705101013184,,,,,,
2006-02-27,13.78564739227295,,,,,,
2006-02-28,13.656486511230469,,,,,,
2006-03-01,13.768421173095703,,,,,,
2006-03-02,13.63065242767334,,,,,,
2006-03-03,13.656486511230469,,,,,,
2006-03-06,13.62204360961914,,,,,,
2006-03-07,13.570378303527832,,,,,,
2006-03-08,13.587597846984863,,,,,,
2006-03-09,13.578986167907717,,,,,,
2006-03-10,13.656486511230469,,,,,,
2006-03-13,13.62204360961914,,,,,,
2006-03-14,13.751201629638672,,,,,,
2006-03-15,13.880362510681152,,,,,,
2006-03-16,13.923418998718262,,,,,,
2006-03-17,14.00090789794922,,,,,,
2006-03-20,13.983691215515137,,,,,,
2006-03-21,13.923418998718262,,,,,,
2006-03-22,14.026739120483398,,,,,,
2006-03-23,13.906195640563965,,,,,,
2006-03-24,13.949247360229492,,,,,,
2006-03-27,13.97508144378662,,,,,,
2006-03-28,13.923418998718262,,,,,,
2006-03-29,14.052573204040527,,,,,,
2006-03-30,14.052573204040527,,,,,,
2006-03-31,14.06979751586914,,,,,,
2006-04-03,14.00952434539795,,,,,,
2006-04-04,14.095629692077637,,,,,,
2006-04-05,14.026739120483398,,,,,,
2006-04-06,14.138684272766112,,,,,,
2006-04-07,14.043959617614746,,,,,,
2006-04-10,13.923418998718262,,,,,,
2006-04-11,13.854531288146973,,,,,,
2006-04-12,13.863142013549805,,,,,,
2006-04-13,13.837308883666992,,,,,,
2006-04-17,13.777034759521484,,,,,,
2006-04-18,13.940635681152344,,,,,,
2006-04-19,13.983691215515137,,,,,,
2006-04-20,14.121461868286133,,,,,,
2006-04-21,14.026739120483398,,,,,,
2006-04-24,14.035354614257812,,,,,,
2006-04-25,13.957855224609377,,,,,,
2006-04-26,13.983691215515137,,,,,,
2006-04-27,14.00952434539795,,,,,,
2006-04-28,14.052573204040527,,,,,,
2006-05-01,14.052573204040527,,,,,,
2006-05-02,14.052573204040527,,,,,,
2006-05-03,14.130070686340332,,,,,,
2006-05-04,14.31950569152832,,,,,,
2006-05-05,14.397000312805176,,,,,,
2006-05-08,14.51755142211914,,,,,,
2006-05-09,14.491719245910645,,,,,,
2006-05-10,14.44866180419922,,,,,,
2006-05-11,14.190346717834473,,,,,,
2006-05-12,14.061185836791992,,,,,,
2006-05-15,14.087014198303224,,,,,,
2006-05-16,14.035354614257812,,,,,,
2006-05-17,13.923418998718262,,,,,,
2006-05-18,13.87175178527832,,,,,,
2006-05-19,13.81147575378418,,,,,,
2006-05-22,13.79425811767578,,,,,,
2006-05-23,13.570378303527832,,,,,,
2006-05-24,13.59620761871338,,,,,,
2006-05-25,13.742593765258787,,,,,,
2006-05-26,13.820085525512695,,,,,,
2006-05-30,13.656486511230469,,,,,,
2006-05-31,13.708148956298828,,,,,,
2006-06-01,13.880362510681152,,,,,,
2006-06-02,13.820085525512695,,,,,,
2006-06-05,13.62204360961914,,,,,,
2006-06-06,13.535935401916504,,,,,,
2006-06-07,13.62204360961914,,,,,,
2006-06-08,13.527326583862305,,,,,,
2006-06-09,13.535935401916504,,,,,,
2006-06-12,13.2259521484375,,,,,,
2006-06-13,13.019294738769531,,,,,,
2006-06-14,13.027908325195312,,,,,,
2006-06-15,13.432609558105469,,,,,,
2006-06-16,13.372295379638672,,,,,,
2006-06-19,13.251665115356444,,,,,,
2006-06-20,13.251665115356444,,,,,,
2006-06-21,13.38952350616455,,,,,,
2006-06-22,13.268898010253906,,,,,,
2006-06-23,13.329216003417969,,,,,,
2006-06-26,13.398144721984863,,,,,,
2006-06-27,13.277512550354004,,,,,,
2006-06-28,13.34644889831543,,,,,,
2006-06-29,13.785873413085938,,,,,,
2006-06-30,13.897882461547852,,,,,,
2006-07-03,13.92372989654541,,,,,,
2006-07-05,13.716938972473145,,,,,,
2006-07-06,13.742791175842283,,,,,,
2006-07-07,13.527384757995604,,,,,,
2006-07-10,13.570469856262209,,,,,,
2006-07-11,13.561851501464844,,,,,,
2006-07-12,13.294750213623049,,,,,,
2006-07-13,12.89840602874756,,,,,,
2006-07-14,12.76054573059082,,,,,,
2006-07-17,12.915640830993652,,,,,,
2006-07-18,12.803629875183104,,,,,,
2006-07-19,13.174124717712402,,,,,,
2006-07-20,12.855323791503906,,,,,,
2006-07-21,12.683005332946776,,,,,,
2006-07-24,13.00179958343506,,,,,,
2006-07-25,13.1310396194458,,,,,,
2006-07-26,12.786395072937012,,,,,,
2006-07-27,12.484827041625977,,,,,,
2006-07-28,12.674382209777832,,,,,,
2006-07-31,12.639922142028809,,,,,,
2006-08-01,12.484827041625977,,,,,,
2006-08-02,12.76054573059082,,,,,,
2006-08-03,12.812248229980469,,,,,,
2006-08-04,12.777777671813965,,,,,,
2006-08-07,12.734699249267578,,,,,,
2006-08-08,12.665767669677734,,,,,,
2006-08-09,12.433131217956545,,,,,,
2006-08-10,12.570989608764648,,,,,,
2006-08-11,12.596839904785156,,,,,,
2006-08-14,12.71746826171875,,,,,,
2006-08-15,12.958723068237305,,,,,,
2006-08-16,13.105192184448242,,,,,,
2006-08-17,13.277512550354004,,,,,,
2006-08-18,13.260289192199709,,,,,,
2006-08-21,13.165505409240724,,,,,,
2006-08-22,13.1310396194458,,,,,,
2006-08-23,12.967334747314451,,,,,,
2006-08-24,12.967334747314451,,,,,,
2006-08-25,12.87255573272705,,,,,,
2006-08-28,13.053496360778809,,,,,,
2006-08-29,13.251665115356444,,,,,,
2006-08-30,13.286131858825684,,,,,,
2006-08-31,13.449840545654297,,,,,,
2006-09-01,13.527384757995604,,,,,,
2006-09-05,13.5446195602417,,,,,,
2006-09-06,13.40676212310791,,,,,,
2006-09-07,13.34644889831543,,,,,,
2006-09-08,13.561851501464844,,,,,,
2006-09-11,13.622164726257324,,,,,,
2006-09-12,14.009891510009766,,,,,,
2006-09-13,14.027127265930176,,,,,,
2006-09-14,13.949576377868652,,,,,,
2006-09-15,14.087440490722656,,,,,,
2006-09-18,13.940966606140137,,,,,,
2006-09-19,13.9581937789917,,,,,,
2006-09-20,14.276988983154297,,,,,,
2006-09-21,14.182212829589844,,,,,,
2006-09-22,14.070202827453612,,,,,,
2006-09-25,14.242531776428224,,,,,,
2006-09-26,14.28560733795166,,,,,,
2006-09-27,14.38900089263916,,,,,,
2006-09-28,14.36315631866455,,,,,,
2006-09-29,14.233912467956545,,,,,,
2006-10-02,14.29422378540039,,,,,,
2006-10-03,14.268380165100098,,,,,,
2006-10-04,14.630258560180664,,,,,,
2006-10-05,14.776731491088867,,,,,,
2006-10-06,14.733652114868164,,,,,,
2006-10-09,14.82843017578125,,,,,,
2006-10-10,14.819816589355469,,,,,,
2006-10-11,14.656105995178224,,,,,,
2006-10-12,15.01798152923584,,,,,,
2006-10-13,15.01798152923584,,,,,,
2006-10-16,15.086913108825684,,,,,,
2006-10-17,15.035219192504885,,,,,,
2006-10-18,15.01798152923584,,,,,,
2006-10-19,14.949057579040527,,,,,,
2006-10-20,14.905973434448242,,,,,,
2006-10-23,15.052446365356444,,,,,,
2006-10-24,15.104145050048828,,,,,,
2006-10-25,15.164461135864258,,,,,,
2006-10-26,15.267852783203123,,,,,,
2006-10-27,15.078296661376951,,,,,,
2006-10-30,15.147228240966797,,,,,,
2006-10-31,15.069682121276855,,,,,,
2006-11-01,14.983515739440918,,,,,,
2006-11-02,14.888741493225098,,,,,,
2006-11-03,14.750884056091309,,,,,,
2006-11-06,15.112760543823242,,,,,,
2006-11-07,15.052446365356444,,,,,,
2006-11-08,15.198925018310549,,,,,,
2006-11-09,15.052446365356444,,,,,,
2006-11-10,15.164461135864258,,,,,,
2006-11-13,15.259241104125977,,,,,,
2006-11-14,15.336779594421388,,,,,,
2006-11-15,15.42294692993164,,,,,,
2006-11-16,15.491877555847168,,,,,,
2006-11-17,15.40571117401123,,,,,,
2006-11-20,15.3970947265625,,,,,,
2006-11-21,15.483251571655272,,,,,,
2006-11-22,15.534954071044922,,,,,,
2006-11-24,15.457404136657717,,,,,,
2006-11-27,15.009364128112791,,,,,,
2006-11-28,15.043835639953612,,,,,,
2006-11-29,15.198925018310549,,,,,,
2006-11-30,15.173069953918455,,,,,,
2006-12-01,15.043835639953612,,,,,,
2006-12-04,15.431554794311523,,,,,,
2006-12-05,15.448795318603516,,,,,,
2006-12-06,15.3970947265625,,,,,,
2006-12-07,15.371249198913574,,,,,,
2006-12-08,15.388477325439451,,,,,,
2006-12-11,15.500486373901367,,,,,,
2006-12-12,15.440181732177734,,,,,,
2006-12-13,15.491877555847168,,,,,,
2006-12-14,15.57802391052246,,,,,,
2006-12-15,15.466572761535645,,,,,,
2006-12-18,15.466572761535645,,,,,,
2006-12-19,15.483854293823242,,,,,,
2006-12-20,15.578901290893556,,,,,,
2006-12-21,15.501138687133787,,,,,,
2006-12-22,15.414728164672852,,,,,,
2006-12-26,15.544340133666992,,,,,,
2006-12-27,15.656660079956056,,,,,,
2006-12-28,15.596177101135254,,,,,,
2006-12-29,15.527052879333496,,,,,,
2007-01-03,15.518410682678224,,,,,,
2007-01-04,15.561619758605955,,,,,,
2007-01-05,15.362885475158691,,,,,,
2007-01-08,15.371527671813965,,,,,,
2007-01-09,15.466572761535645,,,,,,
2007-01-10,15.570257186889648,,,,,,
2007-01-11,15.725790023803713,,,,,,
2007-01-12,15.8121919631958,,,,,,
2007-01-16,15.80355167388916,,,,,,
2007-01-17,15.734424591064451,,,,,,
2007-01-18,15.630751609802246,,,,,,
2007-01-19,15.682577133178713,,,,,,
2007-01-22,15.58754539489746,,,,,,
2007-01-23,15.656660079956056,,,,,,
2007-01-24,15.751709938049316,,,,,,
2007-01-25,15.432010650634766,,,,,,
2007-01-26,15.449297904968262,,,,,,
2007-01-29,15.40609073638916,,,,,,
2007-01-30,15.475212097167969,,,,,,
2007-01-31,15.578901290893556,,,,,,
2007-02-01,15.673944473266602,,,,,,
2007-02-02,15.751709938049316,,,,,,
2007-02-05,15.725790023803713,,,,,,
2007-02-06,15.682577133178713,,,,,,
2007-02-07,15.907244682312012,,,,,,
2007-02-08,15.933157920837402,,,,,,
2007-02-09,15.673944473266602,,,,,,
2007-02-12,15.622096061706545,,,,,,
2007-02-13,15.829474449157717,,,,,,
2007-02-14,15.924520492553713,,,,,,
2007-02-15,15.950438499450684,,,,,,
2007-02-16,15.976365089416504,,,,,,
2007-02-20,16.149168014526367,,,,,,
2007-02-21,16.460233688354492,,,,,,
2007-02-22,16.26150131225586,,,,,,
2007-02-23,16.218299865722656,,,,,,
2007-02-26,16.192380905151367,,,,,,
2007-02-27,15.561619758605955,,,,,,
2007-02-28,15.639379501342772,,,,,,
2007-03-01,15.570257186889648,,,,,,
2007-03-02,15.40609073638916,,,,,,
2007-03-05,15.198712348937988,,,,,,
2007-03-06,15.449297904968262,,,,,,
2007-03-07,15.397441864013672,,,,,,
2007-03-08,15.518410682678224,,,,,,
2007-03-09,15.578901290893556,,,,,,
2007-03-12,15.60482120513916,,,,,,
2007-03-13,15.32832145690918,,,,,,
2007-03-14,15.285123825073242,,,,,,
2007-03-15,15.397441864013672,,,,,,
2007-03-16,15.323898315429688,,,,,,
2007-03-19,15.41042423248291,,,,,,
2007-03-20,15.670001983642578,,,,,,
2007-03-21,15.869025230407717,,,,,,
2007-03-22,15.903632164001465,,,,,,
2007-03-23,15.946887969970703,,,,,,
2007-03-26,15.886322021484377,,,,,,
2007-03-27,15.75653076171875,,,,,,
2007-03-28,15.661349296569824,,,,,,
2007-03-29,15.687308311462402,,,,,,
2007-03-30,15.695962905883787,,,,,,
2007-04-02,15.817105293273926,,,,,,
2007-04-03,15.955541610717772,,,,,,
2007-04-04,15.955541610717772,,,,,,
2007-04-05,15.99015998840332,,,,,,
2007-04-09,15.96419620513916,,,,,,
2007-04-10,15.946887969970703,,,,,,
2007-04-11,15.782492637634276,,,,,,
2007-04-12,15.825750350952148,,,,,,
2007-04-13,15.92958641052246,,,,,,
2007-04-16,16.033418655395508,,,,,,
2007-04-17,16.189167022705078,,,,,,
2007-04-18,16.19782257080078,,,,,,
2007-04-19,15.998814582824709,,,,,,
2007-04-20,16.04207420349121,,,,,,
2007-04-23,15.955541610717772,,,,,,
2007-04-24,15.80845069885254,,,,,,
2007-04-25,16.007461547851562,,,,,,
2007-04-26,16.085329055786133,,,,,,
2007-04-27,16.102642059326172,,,,,,
2007-04-30,15.87767219543457,,,,,,
2007-05-01,15.91228199005127,,,,,,
2007-05-02,16.258386611938477,,,,,,
2007-05-03,16.163209915161133,,,,,,
2007-05-04,16.336261749267578,,,,,,
2007-05-07,16.396831512451172,,,,,,
2007-05-08,16.37952995300293,,,,,,
2007-05-09,16.431440353393555,,,,,,
2007-05-10,16.137252807617188,,,,,,
2007-05-11,16.310302734375,,,,,,
2007-05-14,16.232431411743164,,,,,,
2007-05-15,16.180513381958008,,,,,,
2007-05-16,16.258386611938477,,,,,,
2007-05-17,16.171863555908203,,,,,,
2007-05-18,16.370868682861328,,,,,,
2007-05-21,16.431440353393555,,,,,,
2007-05-22,16.500661849975586,,,,,,
2007-05-23,16.448760986328125,,,,,,
2007-05-24,16.293001174926758,,,,,,
2007-05-25,16.310302734375,,,,,,
2007-05-29,16.336261749267578,,,,,,
2007-05-30,16.37952995300293,,,,,,
2007-05-31,16.457393646240234,,,,,,
2007-06-01,16.63911247253418,,,,,,
2007-06-04,16.734283447265625,,,,,,
2007-06-05,16.67371368408203,,,,,,
2007-06-06,16.457393646240234,,,,,,
2007-06-07,16.119943618774414,,,,,,
2007-06-08,16.344919204711914,,,,,,
2007-06-11,16.32761573791504,,,,,,
2007-06-12,16.189167022705078,,,,,,
2007-06-13,16.396831512451172,,,,,,
2007-06-14,16.466053009033203,,,,,,
2007-06-15,16.67305564880371,,,,,,
2007-06-18,16.681720733642578,,,,,,
2007-06-19,16.69904327392578,,,,,,
2007-06-20,16.413219451904297,,,,,,
2007-06-21,16.36990737915039,,,,,,
2007-06-22,16.196683883666992,,,,,,
2007-06-25,16.21401023864746,,,,,,
2007-06-26,16.205347061157227,,,,,,
2007-06-27,16.248661041259766,,,,,,
2007-06-28,16.32660675048828,,,,,,
2007-06-29,16.239992141723633,,,,,,
2007-07-02,16.395896911621094,,,,,,
2007-07-03,16.491178512573242,,,,,,
2007-07-05,16.768341064453125,,,,,,
2007-07-06,16.77699851989746,,,,,,
2007-07-09,16.69904327392578,,,,,,
2007-07-10,16.4305362701416,,,,,,
2007-07-11,16.421875,,,,,,
2007-07-12,16.447858810424805,,,,,,
2007-07-13,16.491178512573242,,,,,,
2007-07-16,16.465192794799805,,,,,,
2007-07-17,16.48250961303711,,,,,,
2007-07-18,16.4305362701416,,,,,,
2007-07-19,16.48250961303711,,,,,,
2007-07-20,16.317943572998047,,,,,,
2007-07-23,16.36990737915039,,,,,,
2007-07-24,15.858885765075684,,,,,,
2007-07-25,15.78960132598877,,,,,,
2007-07-26,15.287238121032717,,,,,,
2007-07-27,15.174652099609377,,,,,,
2007-07-30,15.174652099609377,,,,,,
2007-07-31,15.01874542236328,,,,,,
2007-08-01,15.062054634094238,,,,,,
2007-08-02,15.165985107421877,,,,,,
2007-08-03,14.776226997375488,,,,,,
2007-08-06,14.914809226989746,,,,,,
2007-08-07,15.070712089538574,,,,,,
2007-08-08,15.044733047485352,,,,,,
2007-08-09,14.61166286468506,,,,,,
2007-08-10,14.70694351196289,,,,,,
2007-08-13,14.793549537658691,,,,,,
2007-08-14,14.525050163269045,,,,,,
2007-08-15,14.317178726196287,,,,,,
2007-08-16,14.26520824432373,,,,,,
2007-08-17,14.533710479736328,,,,,,
2007-08-20,14.689610481262209,,,,,,
2007-08-21,14.8368558883667,,,,,,
2007-08-22,15.174652099609377,,,,,,
2007-08-23,15.122681617736816,,,,,,
2007-08-24,15.391180992126465,,,,,,
2007-08-27,15.209298133850098,,,,,,
2007-08-28,14.86284351348877,,,,,,
2007-08-29,15.131339073181152,,,,,,
2007-08-30,15.062054634094238,,,,,,
2007-08-31,15.304567337036133,,,,,,
2007-09-04,15.382525444030762,,,,,,
2007-09-05,15.157323837280272,,,,,,
2007-09-06,15.217954635620115,,,,,,
2007-09-07,14.940790176391602,,,,,,
2007-09-10,14.828198432922363,,,,,,
2007-09-11,15.053393363952637,,,,,,
2007-09-12,14.984100341796877,,,,,,
2007-09-13,15.105352401733398,,,,,,
2007-09-14,15.217954635620115,,,,,,
2007-09-17,15.14866828918457,,,,,,
2007-09-18,15.625039100646973,,,,,,
2007-09-19,15.78960132598877,,,,,,
2007-09-20,15.651021003723145,,,,,,
2007-09-21,15.720312118530272,,,,,,
2007-09-24,15.599050521850586,,,,,,
2007-09-25,15.50378131866455,,,,,,
2007-09-26,15.685667991638184,,,,,,
2007-09-27,15.720312118530272,,,,,,
2007-09-28,15.694327354431152,,,,,,
2007-10-01,15.902201652526855,,,,,,
2007-10-02,16.023454666137695,,,,,,
2007-10-03,15.936844825744627,,,,,,
2007-10-04,15.84156608581543,,,,,,
2007-10-05,16.058109283447266,,,,,,
2007-10-08,16.196683883666992,,,,,,
2007-10-09,16.27463150024414,,,,,,
2007-10-10,16.170703887939453,,,,,,
2007-10-11,15.936844825744627,,,,,,
2007-10-12,15.954172134399414,,,,,,
2007-10-15,15.676998138427734,,,,,,
2007-10-16,15.720312118530272,,,,,,
2007-10-17,15.76362133026123,,,,,,
2007-10-18,15.720312118530272,,,,,,
2007-10-19,15.382525444030762,,,,,,
2007-10-22,15.5817289352417,,,,,,
2007-10-23,15.356539726257324,,,,,,
2007-10-24,15.33055305480957,,,,,,
2007-10-25,15.261263847351074,,,,,,
2007-10-26,15.399847030639648,,,,,,
2007-10-29,15.391180992126465,,,,,,
2007-10-30,15.399847030639648,,,,,,
2007-10-31,15.607715606689451,,,,,,
2007-11-01,15.165985107421877,,,,,,
2007-11-02,15.105352401733398,,,,,,
2007-11-05,15.096697807312012,,,,,,
2007-11-06,15.088035583496094,,,,,,
2007-11-07,14.758913040161133,,,,,,
2007-11-08,14.750250816345217,,,,,,
2007-11-09,14.758913040161133,,,,,,
2007-11-12,14.542370796203612,,,,,,
2007-11-13,14.906147956848145,,,,,,
2007-11-14,14.61166286468506,,,,,,
2007-11-15,14.32583713531494,,,,,,
2007-11-16,14.499062538146973,,,,,,
2007-11-19,14.204581260681152,,,,,,
2007-11-20,14.100645065307615,,,,,,
2007-11-21,14.031352043151855,,,,,,
2007-11-23,14.239228248596191,,,,,,
2007-11-26,13.970726013183594,,,,,,
2007-11-27,14.05733871459961,,,,,,
2007-11-28,14.369147300720217,,,,,,
2007-11-29,14.386472702026367,,,,,,
2007-11-30,14.42977523803711,,,,,,
2007-12-03,14.308515548706056,,,,,,
2007-12-04,14.273871421813965,,,,,,
2007-12-05,14.291193008422852,,,,,,
2007-12-06,14.698277473449709,,,,,,
2007-12-07,14.732925415039062,,,,,,
2007-12-10,14.828198432922363,,,,,,
2007-12-11,14.525050163269045,,,,,,
2007-12-12,14.438433647155762,,,,,,
2007-12-13,14.42977523803711,,,,,,
2007-12-14,14.239228248596191,,,,,,
2007-12-17,14.014032363891602,,,,,,
2007-12-18,14.16127109527588,,,,,,
2007-12-19,13.970726013183594,,,,,,
2007-12-20,13.953401565551758,,,,,,
2007-12-21,14.274600982666016,,,,,,
2007-12-24,14.489933967590332,,,,,,
2007-12-26,14.409181594848633,,,,,,
2007-12-27,14.229743003845217,,,,,,
2007-12-28,14.25666046142578,,,,,,
2007-12-31,14.193854331970217,,,,,,
2008-01-02,13.834969520568848,,,,,,
2008-01-03,13.56580638885498,,,,,,
2008-01-04,13.14411735534668,,,,,,
2008-01-07,13.22486686706543,,,,,,
2008-01-08,12.803180694580078,,,,,,
2008-01-09,12.946731567382812,,,,,,
2008-01-10,13.117202758789062,,,,,,
2008-01-11,12.767290115356444,,,,,,
2008-01-14,12.821124076843262,,,,,,
2008-01-15,12.542986869812012,,,,,,
2008-01-16,12.614763259887695,,,,,,
2008-01-17,12.354573249816896,,,,,,
2008-01-18,12.202048301696776,,,,,,
2008-01-22,12.417381286621094,,,,,,
2008-01-23,12.865984916687012,,,,,,
2008-01-24,13.14411735534668,,,,,,
2008-01-25,12.883928298950195,,,,,,
2008-01-28,12.973650932312012,,,,,,
2008-01-29,13.08131217956543,,,,,,
2008-01-30,12.892902374267578,,,,,,
2008-01-31,13.520946502685549,,,,,,
2008-02-01,13.897778511047363,,,,,,
2008-02-04,13.583747863769531,,,,,,
2008-02-05,13.305619239807127,,,,,,
2008-02-06,13.099257469177246,,,,,,
2008-02-07,13.359451293945312,,,,,,
2008-02-08,13.32356071472168,,,,,,
2008-02-11,13.42225742340088,,,,,,
2008-02-12,13.63758659362793,,,,,,
2008-02-13,13.924694061279297,,,,,,
2008-02-14,13.664499282836914,,,,,,
2008-02-15,13.655529022216797,,,,,,
2008-02-19,13.63758659362793,,,,,,
2008-02-20,13.70936107635498,,,,,,
2008-02-21,13.44019889831543,,,,,,
2008-02-22,13.63758659362793,,,,,,
2008-02-25,13.834969520568848,,,,,,
2008-02-26,14.00544261932373,,,,,,
2008-02-27,13.87983226776123,,,,,,
2008-02-28,13.547863006591797,,,,,,
2008-02-29,13.269728660583496,,,,,,
2008-03-03,13.233839988708496,,,,,,
2008-03-04,13.00953769683838,,,,,,
2008-03-05,13.22486686706543,,,,,,
2008-03-06,12.74037265777588,,,,,,
2008-03-07,12.695511817932127,,,,,,
2008-03-10,12.471210479736328,,,,,,
2008-03-11,12.803180694580078,,,,,,
2008-03-12,12.749348640441896,,,,,,
2008-03-13,12.821124076843262,,,,,,
2008-03-14,12.623736381530762,,,,,,
2008-03-17,12.462240219116213,,,,,,
2008-03-18,12.821124076843262,,,,,,
2008-03-19,12.695511817932127,,,,,,
2008-03-20,13.108233451843262,,,,,,
2008-03-24,13.485061645507812,,,,,,
2008-03-25,13.529916763305664,,,,,,
2008-03-26,13.32356071472168,,,,,,
2008-03-27,13.162066459655762,,,,,,
2008-03-28,12.821124076843262,,,,,,
2008-03-31,13.036454200744627,,,,,,
2008-04-01,13.458145141601562,,,,,,
2008-04-02,13.59272289276123,,,,,,
2008-04-03,13.56580638885498,,,,,,
2008-04-04,13.511975288391112,,,,,,
2008-04-07,13.40431022644043,,,,,,
2008-04-08,13.341504096984863,,,,,,
2008-04-09,13.135149002075195,,,,,,
2008-04-10,13.15309238433838,,,,,,
2008-04-11,12.919817924499512,,,,,,
2008-04-14,12.785237312316896,,,,,,
2008-04-15,12.722426414489746,,,,,,
2008-04-16,13.018507957458496,,,,,,
2008-04-17,13.099257469177246,,,,,,
2008-04-18,13.359451293945312,,,,,,
2008-04-21,13.251782417297363,,,,,,
2008-04-22,13.000565528869627,,,,,,
2008-04-23,13.15309238433838,,,,,,
2008-04-24,13.350478172302246,,,,,,
2008-04-25,13.40431022644043,,,,,,
2008-04-28,13.40431022644043,,,,,,
2008-04-29,13.520946502685549,,,,,,
2008-04-30,13.547863006591797,,,,,,
2008-05-01,13.84394073486328,,,,,,
2008-05-02,13.897778511047363,,,,,,
2008-05-05,13.763192176818848,,,,,,
2008-05-06,13.799081802368164,,,,,,
2008-05-07,13.664499282836914,,,,,,
2008-05-08,13.628612518310549,,,,,,
2008-05-09,13.664499282836914,,,,,,
2008-05-12,13.897778511047363,,,,,,
2008-05-13,13.969552040100098,,,,,,
2008-05-14,13.94263744354248,,,,,,
2008-05-15,13.960582733154297,,,,,,
2008-05-16,13.808053970336914,,,,,,
2008-05-19,13.718335151672363,,,,,,
2008-05-20,13.458145141601562,,,,,,
2008-05-21,13.22486686706543,,,,,,
2008-05-22,13.314587593078612,,,,,,
2008-05-23,13.08131217956543,,,,,,
2008-05-27,13.19795036315918,,,,,,
2008-05-28,13.38636589050293,,,,,,
2008-05-29,13.547863006591797,,,,,,
2008-05-30,13.50300121307373,,,,,,
2008-06-02,13.287671089172363,,,,,,
2008-06-03,13.180005073547363,,,,,,
2008-06-04,13.377391815185549,,,,,,
2008-06-05,13.53888988494873,,,,,,
2008-06-06,13.00953769683838,,,,,,
2008-06-09,12.955708503723145,,,,,,
2008-06-10,13.036454200744627,,,,,,
2008-06-11,12.686541557312012,,,,,,
2008-06-12,12.668601989746094,,,,,,
2008-06-13,12.857009887695312,,,,,,
2008-06-16,12.982622146606444,,,,,,
2008-06-17,12.79420566558838,,,,,,
2008-06-18,12.605792045593262,,,,,,
2008-06-19,12.74037265777588,,,,,,
2008-06-20,12.460175514221191,,,,,,
2008-06-23,12.17187213897705,,,,,,
2008-06-24,12.162863731384276,,,,,,
2008-06-25,12.433149337768556,,,,,,
2008-06-26,11.982674598693848,,,,,,
2008-06-27,11.820504188537598,,,,,,
2008-06-30,11.62229347229004,,,,,,
2008-07-01,11.460119247436523,,,,,,
2008-07-02,11.270919799804688,,,,,,
2008-07-03,11.288939476013184,,,,,,
2008-07-07,11.379034042358398,,,,,,
2008-07-08,11.721399307250977,,,,,,
2008-07-09,11.333988189697266,,,,,,
2008-07-10,11.072710037231444,,,,,,
2008-07-11,11.00063705444336,,,,,,
2008-07-14,10.883512496948242,,,,,,
2008-07-15,11.00063705444336,,,,,,
2008-07-16,11.370024681091309,,,,,,
2008-07-17,11.559224128723145,,,,,,
2008-07-18,11.523185729980469,,,,,,
2008-07-21,11.469130516052246,,,,,,
2008-07-22,11.802486419677734,,,,,,
2008-07-23,12.225930213928224,,,,,,
2008-07-24,11.595263481140137,,,,,,
2008-07-25,11.541205406188965,,,,,,
2008-07-28,11.370024681091309,,,,,,
2008-07-29,11.649321556091309,,,,,,
2008-07-30,11.550214767456056,,,,,,
2008-07-31,11.613280296325684,,,,,,
2008-08-01,11.577242851257324,,,,,,
2008-08-04,11.442102432250977,,,,,,
2008-08-05,12.117816925048828,,,,,,
2008-08-06,12.117816925048828,,,,,,
2008-08-07,11.802486419677734,,,,,,
2008-08-08,12.37007999420166,,,,,,
2008-08-11,12.649378776550291,,,,,,
2008-08-12,12.505227088928224,,,,,,
2008-08-13,12.20790958404541,,,,,,
2008-08-14,12.523242950439451,,,,,,
2008-08-15,12.6133394241333,,,,,,
2008-08-18,12.29800510406494,,,,,,
2008-08-19,11.991683959960938,,,,,,
2008-08-20,11.901583671569824,,,,,,
2008-08-21,11.811491012573242,,,,,,
2008-08-22,11.97366428375244,,,,,,
2008-08-25,11.856541633605955,,,,,,
2008-08-26,11.685358047485352,,,,,,
2008-08-27,11.703375816345217,,,,,,
2008-08-28,12.000692367553713,,,,,,
2008-08-29,11.91059684753418,,,,,,
2008-09-02,12.153855323791504,,,,,,
2008-09-03,12.17187213897705,,,,,,
2008-09-04,11.757434844970703,,,,,,
2008-09-05,11.829509735107422,,,,,,
2008-09-08,12.216917991638184,,,,,,
2008-09-09,11.946632385253906,,,,,,
2008-09-10,11.964651107788086,,,,,,
2008-09-11,11.955645561218262,,,,,,
2008-09-12,11.865549087524414,,,,,,
2008-09-15,11.712385177612305,,,,,,
2008-09-16,11.712385177612305,,,,,,
2008-09-17,11.306958198547363,,,,,,
2008-09-18,11.802486419677734,,,,,,
2008-09-19,12.343056678771973,,,,,,
2008-09-22,11.58625316619873,,,,,,
2008-09-23,11.379034042358398,,,,,,
2008-09-24,11.198843955993652,,,,,,
2008-09-25,11.279932022094728,,,,,,
2008-09-26,11.090728759765623,,,,,,
2008-09-29,10.559167861938477,,,,,,
2008-09-30,10.91053581237793,,,,,,
2008-10-01,10.802423477172852,,,,,,
2008-10-02,10.315910339355469,,,,,,
2008-10-03,9.874444007873535,,,,,,
2008-10-06,9.33387279510498,,,,,,
2008-10-07,9.009529113769531,,,,,,
2008-10-08,8.8023099899292,,,,,,
2008-10-09,8.153621673583984,,,,,,
2008-10-10,8.216690063476562,,,,,,
2008-10-13,8.748255729675293,,,,,,
2008-10-14,8.586080551147461,,,,,,
2008-10-15,7.982442855834961,,,,,,
2008-10-16,8.018479347229004,,,,,,
2008-10-17,8.342823028564453,,,,,,
2008-10-20,8.216690063476562,,,,,,
2008-10-21,8.207679748535156,,,,,,
2008-10-22,7.60404109954834,,,,,,
2008-10-23,7.549983024597168,,,,,,
2008-10-24,7.342766284942627,,,,,,
2008-10-27,7.16257381439209,,,,,,
2008-10-28,7.477908611297607,,,,,,
2008-10-29,8.02748966217041,,,,,,
2008-10-30,8.171642303466797,,,,,,
2008-10-31,8.495986938476562,,,,,,
2008-11-03,8.225699424743652,,,,,,
2008-11-04,8.5230131149292,,,,,,
2008-11-05,8.072538375854492,,,,,,
2008-11-06,7.631070613861084,,,,,,
2008-11-07,7.631070613861084,,,,,,
2008-11-10,7.468898296356201,,,,,,
2008-11-11,7.2616801261901855,,,,,,
2008-11-12,6.811203002929688,,,,,,
2008-11-13,7.045452117919922,,,,,,
2008-11-14,6.937337875366211,,,,,,
2008-11-17,6.703089714050293,,,,,,
2008-11-18,6.423793792724609,,,,,,
2008-11-19,6.144497871398926,,,,,,
2008-11-20,5.703030586242676,,,,,,
2008-11-21,5.712040901184082,,,,,,
2008-11-24,6.477850914001465,,,,,,
2008-11-25,6.486861705780029,,,,,,
2008-11-26,7.180594444274902,,,,,,
2008-11-28,7.135547637939453,,,,,,
2008-12-01,6.658041477203369,,,,,,
2008-12-02,6.838230133056641,,,,,,
2008-12-03,7.045452117919922,,,,,,
2008-12-04,7.045452117919922,,,,,,
2008-12-05,7.315735816955566,,,,,,
2008-12-08,7.640080451965332,,,,,,
2008-12-09,7.450881004333496,,,,,,
2008-12-10,7.703146457672119,,,,,,
2008-12-11,7.676124095916748,,,,,,
2008-12-12,7.549983024597168,,,,,,
2008-12-15,7.595033645629883,,,,,,
2008-12-16,8.117585182189941,,,,,,
2008-12-17,8.31579303741455,,,,,,
2008-12-18,8.189661026000977,,,,,,
2008-12-19,8.4520902633667,,,,,,
2008-12-22,7.999625205993652,,,,,,
2008-12-23,8.062966346740723,,,,,,
2008-12-24,8.144412994384766,,,,,,
2008-12-26,8.09916877746582,,,,,,
2008-12-29,7.963428497314453,,,,,,
2008-12-30,8.198710441589355,,,,,,
2008-12-31,8.52448844909668,,,,,,
2009-01-02,8.850263595581055,,,,,,
2009-01-05,8.913609504699707,,,,,,
2009-01-06,9.148892402648926,,,,,,
2009-01-07,8.723573684692383,,,,,,
2009-01-08,8.759773254394531,,,,,,
2009-01-09,8.624031066894531,,,,,,
2009-01-12,8.225860595703125,,,,,,
2009-01-13,8.216809272766113,,,,,,
2009-01-14,7.827686786651611,,,,,,
2009-01-15,8.07201862335205,,,,,,
2009-01-16,8.090120315551758,,,,,,
2009-01-20,7.628602504730225,,,,,,
2009-01-21,7.845786571502685,,,,,,
2009-01-22,7.936279296875,,,,,,
2009-01-23,8.035821914672852,,,,,,
2009-01-26,8.026771545410156,,,,,,
2009-01-27,8.12631607055664,,,,,,
2009-01-28,8.352551460266113,,,,,,
2009-01-29,8.017724990844727,,,,,,
2009-01-30,7.764340400695801,,,,,,
2009-02-02,7.737194538116455,,,,,,
2009-02-03,7.881980895996094,,,,,,
2009-02-04,7.755293846130371,,,,,,
2009-02-05,7.972476959228516,,,,,,
2009-02-06,8.144412994384766,,,,,,
2009-02-09,8.144412994384766,,,,,,
2009-02-10,7.7733917236328125,,,,,,
2009-02-11,7.755293846130371,,,,,,
2009-02-12,7.628602504730225,,,,,,
2009-02-13,7.691943645477295,,,,,,
2009-02-17,7.492861747741699,,,,,,
2009-02-18,7.3480706214904785,,,,,,
2009-02-19,7.339021682739258,,,,,,
2009-02-20,7.3480706214904785,,,,,,
2009-02-23,7.08564043045044,,,,,,
2009-02-24,7.366170883178711,,,,,,
2009-02-25,7.366170883178711,,,,,,
2009-02-26,7.284727573394775,,,,,,
2009-02-27,7.212331295013428,,,,,,
2009-03-02,6.832259654998779,,,,,,
2009-03-03,6.714616298675537,,,,,,
2009-03-04,6.904656410217285,,,,,,
2009-03-05,6.678419589996338,,,,,,
2009-03-06,6.560778617858887,,,,,,
2009-03-09,6.63317346572876,,,,,,
2009-03-10,6.913703918457031,,,,,,
2009-03-11,7.013247013092041,,,,,,
2009-03-12,7.420467376708984,,,,,,
2009-03-13,7.465713024139404,,,,,,
2009-03-16,7.420467376708984,,,,,,
2009-03-17,7.592405796051025,,,,,,
2009-03-18,7.881980895996094,,,,,,
2009-03-19,7.927227973937988,,,,,,
2009-03-20,7.673847675323486,,,,,,
2009-03-23,7.990577697753906,,,,,,
2009-03-24,7.9181809425354,,,,,,
2009-03-25,7.999625205993652,,,,,,
2009-03-26,8.379694938659668,,,,,,
2009-03-27,8.198710441589355,,,,,,
2009-03-30,7.827686786651611,,,,,,
2009-03-31,7.936279296875,,,,,,
2009-04-01,8.035821914672852,,,,,,
2009-04-02,8.506389617919922,,,,,,
2009-04-03,8.633077621459961,,,,,,
2009-04-06,8.506389617919922,,,,,,
2009-04-07,8.144412994384766,,,,,,
2009-04-08,8.325404167175293,,,,,,
2009-04-09,8.759773254394531,,,,,,
2009-04-13,8.723573684692383,,,,,,
2009-04-14,8.596881866455078,,,,,,
2009-04-15,8.479240417480469,,,,,,
2009-04-16,8.986004829406738,,,,,,
2009-04-17,9.148892402648926,,,,,,
2009-04-20,8.750722885131836,,,,,,
2009-04-21,8.967906951904297,,,,,,
2009-04-22,9.293682098388672,,,,,,
2009-04-23,9.39322566986084,,,,,,
2009-04-24,9.619455337524414,,,,,,
2009-04-27,9.338932991027832,,,,,,
2009-04-28,9.402274131774902,,,,,,
2009-04-29,9.64660930633545,,,,,,
2009-04-30,9.637557983398438,,,,,,
2009-05-01,9.510868072509766,,,,,,
2009-05-04,10.03572940826416,,,,,,
2009-05-05,10.171468734741213,,,,,,
2009-05-06,10.289108276367188,,,,,,
2009-05-07,10.090025901794434,,,,,,
2009-05-08,10.15336799621582,,,,,,
2009-05-11,10.10812282562256,,,,,,
2009-05-12,9.836644172668455,,,,,,
2009-05-13,9.384175300598145,,,,,,
2009-05-14,9.547064781188965,,,,,,
2009-05-15,9.547064781188965,,,,,,
2009-05-18,9.945234298706056,,,,,,
2009-05-19,9.990484237670898,,,,,,
2009-05-20,9.909037590026855,,,,,,
2009-05-21,9.81854248046875,,,,,,
2009-05-22,9.7461519241333,,,,,,
2009-05-26,10.225767135620115,,,,,,
2009-05-27,10.053827285766602,,,,,,
2009-05-28,10.03572940826416,,,,,,
2009-05-29,10.316262245178224,,,,,,
2009-06-01,10.651084899902344,,,,,,
2009-06-02,10.759679794311523,,,,,,
2009-06-03,10.57868766784668,,,,,,
2009-06-04,10.542491912841797,,,,,,
2009-06-05,10.551542282104492,,,,,,
2009-06-08,10.433900833129885,,,,,,
2009-06-09,10.533443450927734,,,,,,
2009-06-10,10.379603385925291,,,,,,
2009-06-11,10.15336799621582,,,,,,
2009-06-12,10.189566612243652,,,,,,
2009-06-15,9.954286575317385,,,,,,
2009-06-16,9.791399002075195,,,,,,
2009-06-17,9.881890296936035,,,,,,
2009-06-18,9.972386360168455,,,,,,
2009-06-19,10.136488914489746,,,,,,
2009-06-22,9.8191556930542,,,,,,
2009-06-23,9.737553596496582,,,,,,
2009-06-24,9.764758110046388,,,,,,
2009-06-25,9.97329044342041,,,,,,
2009-06-26,10.063955307006836,,,,,,
2009-06-29,10.1818208694458,,,,,,
2009-06-30,10.10929012298584,,,,,,
2009-07-01,10.308755874633787,,,,,,
2009-07-02,10.00048828125,,,,,,
2009-07-06,9.89168930053711,,,,,,
2009-07-07,9.764758110046388,,,,,,
2009-07-08,9.637821197509766,,,,,,
2009-07-09,9.855426788330078,,,,,,
2009-07-10,9.90075969696045,,,,,,
2009-07-13,10.063955307006836,,,,,,
2009-07-14,10.209022521972656,,,,,,
2009-07-15,10.417555809020996,,,,,,
2009-07-16,10.517292022705078,,,,,,
2009-07-17,10.526351928710938,,,,,,
2009-07-20,10.689556121826172,,,,,,
2009-07-21,10.589821815490724,,,,,,
2009-07-22,10.73488712310791,,,,,,
2009-07-23,10.879952430725098,,,,,,
2009-07-24,10.807419776916504,,,,,,
2009-07-27,10.816483497619627,,,,,,
2009-07-28,10.852753639221191,,,,,,
2009-07-29,10.725822448730469,,,,,,
2009-07-30,10.834617614746094,,,,,,
2009-07-31,10.789287567138672,,,,,,
2009-08-03,10.970619201660156,,,,,,
2009-08-04,11.08848762512207,,,,,,
2009-08-05,11.006884574890137,,,,,,
2009-08-06,10.762084007263184,,,,,,
2009-08-07,10.997819900512695,,,,,,
2009-08-10,11.08848762512207,,,,,,
2009-08-11,10.96155071258545,,,,,,
2009-08-12,10.997819900512695,,,,,,
2009-08-13,10.988751411437988,,,,,,
2009-08-14,10.762084007263184,,,,,,
2009-08-17,10.517292022705078,,,,,,
2009-08-18,10.617018699645996,,,,,,
2009-08-19,10.680486679077148,,,,,,
2009-08-20,10.861820220947266,,,,,,
2009-08-21,11.052216529846191,,,,,,
2009-08-24,10.952486991882324,,,,,,
2009-08-25,11.015953063964844,,,,,,
2009-08-26,10.988751411437988,,,,,,
2009-08-27,10.997819900512695,,,,,,
2009-08-28,10.934351921081545,,,,,,
2009-08-31,10.879952430725098,,,,,,
2009-09-01,10.680486679077148,,,,,,
2009-09-02,10.626091957092283,,,,,,
2009-09-03,10.75302028656006,,,,,,
2009-09-04,10.934351921081545,,,,,,
2009-09-08,11.025017738342283,,,,,,
2009-09-09,11.197283744812012,,,,,,
2009-09-10,11.297019958496094,,,,,,
2009-09-11,11.287954330444336,,,,,,
2009-09-14,11.423952102661133,,,,,,
2009-09-15,11.55994987487793,,,,,,
2009-09-16,11.777549743652344,,,,,,
2009-09-17,11.777549743652344,,,,,,
2009-09-18,11.859148979187012,,,,,,
2009-09-21,11.714083671569824,,,,,,
2009-09-22,11.804752349853516,,,,,,
2009-09-23,11.596220016479492,,,,,,
2009-09-24,11.469281196594238,,,,,,
2009-09-25,11.39674949645996,,,,,,
2009-09-28,11.623414039611816,,,,,,
2009-09-29,11.623414039611816,,,,,,
2009-09-30,11.596220016479492,,,,,,
2009-10-01,11.306082725524902,,,,,,
2009-10-02,11.197283744812012,,,,,,
2009-10-05,11.369547843933104,,,,,,
2009-10-06,11.523681640625,,,,,,
2009-10-07,11.51461696624756,,,,,,
2009-10-08,11.668750762939451,,,,,,
2009-10-09,11.686883926391602,,,,,,
2009-10-12,11.732216835021973,,,,,,
2009-10-13,11.686883926391602,,,,,,
2009-10-14,11.79568099975586,,,,,,
2009-10-15,11.759416580200195,,,,,,
2009-10-16,11.750347137451172,,,,,,
2009-10-19,11.859148979187012,,,,,,
2009-10-20,11.677815437316896,,,,,,
2009-10-21,11.659682273864746,,,,,,
2009-10-22,11.668750762939451,,,,,,
2009-10-23,11.550883293151855,,,,,,
2009-10-26,11.44208526611328,,,,,,
2009-10-27,11.133818626403809,,,,,,
2009-10-28,10.87088680267334,,,,,,
2009-10-29,11.079421997070312,,,,,,
2009-10-30,10.861820220947266,,,,,,
2009-11-02,10.807419776916504,,,,,,
2009-11-03,10.997819900512695,,,,,,
2009-11-04,11.10661792755127,,,,,,
2009-11-05,11.342351913452148,,,,,,
2009-11-06,11.44208526611328,,,,,,
2009-11-09,11.578083038330078,,,,,,
2009-11-10,11.714083671569824,,,,,,
2009-11-11,11.668750762939451,,,,,,
2009-11-12,11.505548477172852,,,,,,
2009-11-13,11.632484436035156,,,,,,
2009-11-16,11.859148979187012,,,,,,
2009-11-17,11.895413398742676,,,,,,
2009-11-18,11.86821460723877,,,,,,
2009-11-19,11.668750762939451,,,,,,
2009-11-20,11.677815437316896,,,,,,
2009-11-23,11.81381607055664,,,,,,
2009-11-24,11.759416580200195,,,,,,
2009-11-25,11.850082397460938,,,,,,
2009-11-27,11.705018997192385,,,,,,
2009-11-30,11.686883926391602,,,,,,
2009-12-01,11.777549743652344,,,,,,
2009-12-02,11.786613464355469,,,,,,
2009-12-03,11.686883926391602,,,,,,
2009-12-04,11.81381607055664,,,,,,
2009-12-07,11.859148979187012,,,,,,
2009-12-08,11.74127960205078,,,,,,
2009-12-09,11.668750762939451,,,,,,
2009-12-10,11.723149299621582,,,,,,
2009-12-11,11.859148979187012,,,,,,
2009-12-14,11.977009773254396,,,,,,
2009-12-15,11.96794605255127,,,,,,
2009-12-16,11.986079216003418,,,,,,
2009-12-17,11.886347770690918,,,,,,
2009-12-18,12.062698364257812,,,,,,
2009-12-21,12.226323127746582,,,,,,
2009-12-22,12.29904079437256,,,,,,
2009-12-23,12.380853652954102,,,,,,
2009-12-24,12.371763229370115,,,,,,
2009-12-28,12.36267375946045,,,,,,
2009-12-29,12.34449291229248,,,,,,
2009-12-30,12.18996238708496,,,,,,
2009-12-31,12.171777725219728,,,,,,
2010-01-04,12.2445068359375,,,,,,
2010-01-05,12.308134078979492,,,,,,
2010-01-06,12.208141326904297,,,,,,
2010-01-07,12.28995418548584,,,,,,
2010-01-08,12.271772384643556,,,,,,
2010-01-11,12.28995418548584,,,,,,
2010-01-12,12.144511222839355,,,,,,
2010-01-13,12.380853652954102,,,,,,
2010-01-14,12.544479370117188,,,,,,
2010-01-15,12.453579902648926,,,,,,
2010-01-19,12.608112335205078,,,,,,
2010-01-20,12.571748733520508,,,,,,
2010-01-21,12.562658309936523,,,,,,
2010-01-22,12.31722354888916,,,,,,
2010-01-25,12.235408782958984,,,,,,
2010-01-26,12.253592491149902,,,,,,
2010-01-27,12.18087100982666,,,,,,
2010-01-28,12.18087100982666,,,,,,
2010-01-29,12.02633571624756,,,,,,
2010-02-01,12.2445068359375,,,,,,
2010-02-02,12.280865669250488,,,,,,
2010-02-03,12.253592491149902,,,,,,
2010-02-04,11.92634391784668,,,,,,
2010-02-05,11.889985084533691,,,,,,
2010-02-08,11.862713813781738,,,,,,
2010-02-09,12.062698364257812,,,,,,
2010-02-10,12.044517517089844,,,,,,
2010-02-11,12.208141326904297,,,,,,
2010-02-12,12.308134078979492,,,,,,
2010-02-16,12.48993682861328,,,,,,
2010-02-17,12.571748733520508,,,,,,
2010-02-18,12.644471168518066,,,,,,
2010-02-19,12.708100318908691,,,,,,
2010-02-22,12.71718978881836,,,,,,
2010-02-23,12.662652015686035,,,,,,
2010-02-24,12.81718635559082,,,,,,
2010-02-25,12.844457626342772,,,,,,
2010-02-26,12.908089637756348,,,,,,
2010-03-01,13.08989143371582,,,,,,
2010-03-02,13.13534450531006,,,,,,
2010-03-03,13.13534450531006,,,,,,
2010-03-04,13.17170238494873,,,,,,
2010-03-05,13.453500747680664,,,,,,
2010-03-08,13.562581062316896,,,,,,
2010-03-09,13.598943710327148,,,,,,
2010-03-10,13.744379997253418,,,,,,
2010-03-11,13.82619857788086,,,,,,
2010-03-12,13.880739212036133,,,,,,
2010-03-15,13.844383239746094,,,,,,
2010-03-16,13.926191329956056,,,,,,
2010-03-17,13.980731010437012,,,,,,
2010-03-18,13.91710090637207,,,,,,
2010-03-19,13.844383239746094,,,,,,
2010-03-22,14.044363021850586,,,,,,
2010-03-23,14.144353866577148,,,,,,
2010-03-24,14.089810371398926,,,,,,
2010-03-25,14.089810371398926,,,,,,
2010-03-26,14.15344524383545,,,,,,
2010-03-29,14.24434757232666,,,,,,
2010-03-30,14.27161693572998,,,,,,
2010-03-31,14.27161693572998,,,,,,
2010-04-01,14.326159477233888,,,,,,
2010-04-05,14.607954978942873,,,,,,
2010-04-06,14.698856353759766,,,,,,
2010-04-07,14.662495613098145,,,,,,
2010-04-08,14.807937622070312,,,,,,
2010-04-09,14.8624849319458,,,,,,
2010-04-12,14.880663871765137,,,,,,
2010-04-13,14.898842811584473,,,,,,
2010-04-14,15.126091957092283,,,,,,
2010-04-15,15.162457466125488,,,,,,
2010-04-16,14.962474822998049,,,,,,
2010-04-19,14.917019844055176,,,,,,
2010-04-20,15.135188102722168,,,,,,
2010-04-21,15.153365135192873,,,,,,
2010-04-22,15.53515911102295,,,,,,
2010-04-23,15.571521759033203,,,,,,
2010-04-26,15.580613136291504,,,,,,
2010-04-27,15.189724922180176,,,,,,
2010-04-28,15.035195350646973,,,,,,
2010-04-29,15.39880657196045,,,,,,
2010-04-30,15.044281005859377,,,,,,
2010-05-03,15.36244297027588,,,,,,
2010-05-04,14.880663871765137,,,,,,
2010-05-05,14.653407096862791,,,,,,
2010-05-06,14.27161693572998,,,,,,
2010-05-07,13.8898286819458,,,,,,
2010-05-10,14.589768409729004,,,,,,
2010-05-11,14.662495613098145,,,,,,
2010-05-12,14.92611312866211,,,,,,
2010-05-13,14.73521900177002,,,,,,
2010-05-14,14.453415870666504,,,,,,
2010-05-17,14.55341625213623,,,,,,
2010-05-18,14.38979434967041,,,,,,
2010-05-19,14.20798683166504,,,,,,
2010-05-20,13.598943710327148,,,,,,
2010-05-21,13.78074550628662,,,,,,
2010-05-24,13.635302543640137,,,,,,
2010-05-25,13.608036041259766,,,,,,
2010-05-26,13.68984603881836,,,,,,
2010-05-27,14.226167678833008,,,,,,
2010-05-28,14.18980598449707,,,,,,
2010-06-01,13.726207733154297,,,,,,
2010-06-02,14.017091751098633,,,,,,
2010-06-03,14.062542915344238,,,,,,
2010-06-04,13.553492546081545,,,,,,
2010-06-07,13.13534450531006,,,,,,
2010-06-08,13.22624397277832,,,,,,
2010-06-09,13.3353271484375,,,,,,
2010-06-10,13.744379997253418,,,,,,
2010-06-11,13.8898286819458,,,,,,
2010-06-14,13.93527889251709,,,,,,
2010-06-15,14.226167678833008,,,,,,
2010-06-16,14.198893547058104,,,,,,
2010-06-17,14.180716514587402,,,,,,
2010-06-18,14.187082290649414,,,,,,
2010-06-21,14.032480239868164,,,,,,
2010-06-22,13.705083847045898,,,,,,
2010-06-23,13.659613609313965,,,,,,
2010-06-24,13.32312297821045,,,,,,
2010-06-25,13.441351890563965,,,,,,
2010-06-28,13.350409507751465,,,,,,
2010-06-29,12.713805198669434,,,,,,
2010-06-30,12.622865676879885,,,,,,
2010-07-01,12.668336868286133,,,,,,
2010-07-02,12.531923294067385,,,,,,
2010-07-06,12.40460205078125,,,,,,
2010-07-07,12.795656204223633,,,,,,
2010-07-08,13.0321044921875,,,,,,
2010-07-09,13.195807456970217,,,,,,
2010-07-12,13.159430503845217,,,,,,
2010-07-13,13.586859703063965,,,,,,
2010-07-14,13.541386604309082,,,,,,
2010-07-15,13.486821174621582,,,,,,
2010-07-16,12.959352493286133,,,,,,
2010-07-19,12.96844482421875,,,,,,
2010-07-20,13.023014068603516,,,,,,
2010-07-21,12.8047456741333,,,,,,
2010-07-22,13.25036907196045,,,,,,
2010-07-23,13.414067268371582,,,,,,
2010-07-26,13.695993423461914,,,,,,
2010-07-27,13.605048179626465,,,,,,
2010-07-28,13.468634605407717,,,,,,
2010-07-29,13.414067268371582,,,,,,
2010-07-30,13.432254791259766,,,,,,
2010-08-02,13.650516510009766,,,,,,
2010-08-03,13.532291412353516,,,,,,
2010-08-04,13.705083847045898,,,,,,
2010-08-05,13.614144325256348,,,,,,
2010-08-06,13.595952033996582,,,,,,
2010-08-09,13.732367515563965,,,,,,
2010-08-10,13.577762603759766,,,,,,
2010-08-11,13.159430503845217,,,,,,
2010-08-12,13.132144927978516,,,,,,
2010-08-13,12.950260162353516,,,,,,
2010-08-16,12.96844482421875,,,,,,
2010-08-17,13.177616119384766,,,,,,
2010-08-18,13.304935455322266,,,,,,
2010-08-19,13.059389114379885,,,,,,
2010-08-20,13.05029582977295,,,,,,
2010-08-23,12.96844482421875,,,,,,
2010-08-24,12.741087913513184,,,,,,
2010-08-25,12.88659954071045,,,,,,
2010-08-26,12.877503395080566,,,,,,
2010-08-27,13.159430503845217,,,,,,
2010-08-30,12.90478801727295,,,,,,
2010-08-31,12.86841106414795,,,,,,
2010-09-01,13.423162460327148,,,,,,
2010-09-02,13.941534996032717,,,,,,
2010-09-03,14.187082290649414,,,,,,
2010-09-07,13.98700714111328,,,,,,
2010-09-08,14.041573524475098,,,,,,
2010-09-09,14.014287948608398,,,,,,
2010-09-10,14.177987098693848,,,,,,
2010-09-13,14.469003677368164,,,,,,
2010-09-14,14.459904670715332,,,,,,
2010-09-15,14.459904670715332,,,,,,
2010-09-16,14.359874725341797,,,,,,
2010-09-17,14.430017471313477,,,,,,
2010-09-20,14.75797176361084,,,,,,
2010-09-21,14.639549255371094,,,,,,
2010-09-22,14.46645736694336,,,,,,
2010-09-23,14.329809188842772,,,,,,
2010-09-24,14.75797176361084,,,,,,
2010-09-27,14.739751815795898,,,,,,
2010-09-28,14.803522109985352,,,,,,
2010-09-29,14.75797176361084,,,,,,
2010-09-30,14.748861312866213,,,,,,
2010-10-01,14.849076271057127,,,,,,
2010-10-04,14.785300254821776,,,,,,
2010-10-05,15.131479263305664,,,,,,
2010-10-06,15.067708015441896,,,,,,
2010-10-07,15.095040321350098,,,,,,
2010-10-08,15.268122673034668,,,,,,
2010-10-11,15.368332862854004,,,,,,
2010-10-12,15.477648735046388,,,,,,
2010-10-13,15.559646606445312,,,,,,
2010-10-14,15.523207664489746,,,,,,
2010-10-15,15.577866554260254,,,,,,
2010-10-18,15.56875228881836,,,,,,
2010-10-19,15.27723503112793,,,,,,
2010-10-20,15.422987937927246,,,,,,
2010-10-21,15.432100296020508,,,,,,
2010-10-22,15.805607795715332,,,,,,
2010-10-25,15.869372367858888,,,,,,
2010-10-26,15.933148384094238,,,,,,
2010-10-27,15.723615646362305,,,,,,
2010-10-28,15.723615646362305,,,,,,
2010-10-29,15.851151466369627,,,,,,
2010-11-01,15.81472396850586,,,,,,
2010-11-02,16.106237411499023,,,,,,
2010-11-03,16.106237411499023,,,,,,
2010-11-04,16.31576156616211,,,,,,
2010-11-05,16.452404022216797,,,,,,
2010-11-08,16.470623016357422,,,,,,
2010-11-09,16.160886764526367,,,,,,
2010-11-10,16.36130714416504,,,,,,
2010-11-11,16.443302154541016,,,,,,
2010-11-12,16.27021026611328,,,,,,
2010-11-15,16.27021026611328,,,,,,
2010-11-16,15.869372367858888,,,,,,
2010-11-17,16.133560180664062,,,,,,
2010-11-18,16.37953758239746,,,,,,
2010-11-19,16.452404022216797,,,,,,
2010-11-22,16.57994270324707,,,,,,
2010-11-23,16.36130714416504,,,,,,
2010-11-24,16.67104148864746,,,,,,
2010-11-26,16.634601593017578,,,,,,
2010-11-29,16.552621841430664,,,,,,
2010-11-30,16.488845825195312,,,,,,
2010-12-01,16.762142181396484,,,,,,
2010-12-02,16.998992919921875,,,,,,
2010-12-03,17.09920310974121,,,,,,
2010-12-06,17.172090530395508,,,,,,
2010-12-07,17.254077911376953,,,,,,
2010-12-08,17.181198120117188,,,,,,
2010-12-09,17.12653350830078,,,,,,
2010-12-10,17.263187408447266,,,,,,
2010-12-13,16.97167205810547,,,,,,
2010-12-14,16.889686584472656,,,,,,
2010-12-15,16.798583984375,,,,,,
2010-12-16,17.02633285522461,,,,,,
2010-12-17,17.13813591003418,,,,,,
2010-12-20,17.275609970092773,,,,,,
2010-12-21,17.431413650512695,,,,,,
2010-12-22,17.367263793945312,,,,,,
2010-12-23,17.26644515991211,,,,,,
2010-12-27,17.1931209564209,,,,,,
2010-12-28,17.00066375732422,,,,,,
2010-12-29,17.046493530273438,,,,,,
2010-12-30,17.00983238220215,,,,,,
2010-12-31,16.927356719970703,,,,,,
2011-01-03,17.11981201171875,,,,,,
2011-01-04,16.954849243164062,,,,,,
2011-01-05,17.156469345092773,,,,,,
2011-01-06,17.202289581298828,,,,,,
2011-01-07,17.21146011352539,,,,,,
2011-01-10,17.248123168945312,,,,,,
2011-01-11,17.1931209564209,,,,,,
2011-01-12,17.26644515991211,,,,,,
2011-01-13,17.339767456054688,,,,,,
2011-01-14,17.458904266357422,,,,,,
2011-01-18,17.440584182739258,,,,,,
2011-01-19,17.1748046875,,,,,,
2011-01-20,17.11981201171875,,,,,,
2011-01-21,17.046493530273438,,,,,,
2011-01-24,17.110652923583984,,,,,,
2011-01-25,17.1931209564209,,,,,,
2011-01-26,17.11981201171875,,,,,,
2011-01-27,17.238956451416016,,,,,,
2011-01-28,16.734893798828125,,,,,,
2011-01-31,16.863191604614258,,,,,,
2011-02-01,17.1748046875,,,,,,
2011-02-02,17.238956451416016,,,,,,
2011-02-03,17.35809326171875,,,,,,
2011-02-04,17.403915405273438,,,,,,
2011-02-07,17.403915405273438,,,,,,
2011-02-08,17.59638023376465,,,,,,
2011-02-09,17.660531997680664,,,,,,
2011-02-10,17.642210006713867,,,,,,
2011-02-11,17.69719886779785,,,,,,
2011-02-14,17.71552085876465,,,,,,
2011-02-15,17.633037567138672,,,,,,
2011-02-16,17.733854293823242,,,,,,
2011-02-17,17.660531997680664,,,,,,
2011-02-18,17.706356048583984,,,,,,
2011-02-22,17.037330627441406,,,,,,
2011-02-23,16.799049377441406,,,,,,
2011-02-24,16.899860382080078,,,,,,
2011-02-25,17.202289581298828,,,,,,
2011-02-28,17.238956451416016,,,,,,
2011-03-01,16.89069366455078,,,,,,
2011-03-02,16.98233413696289,,,,,,
2011-03-03,17.284770965576172,,,,,,
2011-03-04,17.1931209564209,,,,,,
2011-03-07,17.037330627441406,,,,,,
2011-03-08,17.229787826538086,,,,,,
2011-03-09,17.293941497802734,,,,,,
2011-03-10,17.156469345092773,,,,,,
2011-03-11,17.156469345092773,,,,,,
2011-03-14,16.936506271362305,,,,,,
2011-03-15,16.7165584564209,,,,,,
2011-03-16,16.47827911376953,,,,,,
2011-03-17,16.496601104736328,,,,,,
2011-03-18,16.59741973876953,,,,,,
2011-03-21,16.936506271362305,,,,,,
2011-03-22,16.780710220336914,,,,,,
2011-03-23,16.899860382080078,,,,,,
2011-03-24,17.1931209564209,,,,,,
2011-03-25,17.22062110900879,,,,,,
2011-03-28,17.073984146118164,,,,,,
2011-03-29,17.22062110900879,,,,,,
2011-03-30,17.532224655151367,,,,,,
2011-03-31,17.541391372680664,,,,,,
2011-04-01,17.458904266357422,,,,,,
2011-04-04,17.46807289123535,,,,,,
2011-04-05,17.504728317260742,,,,,,
2011-04-06,17.504728317260742,,,,,,
2011-04-07,17.257278442382812,,,,,,
2011-04-08,17.083148956298828,,,,,,
2011-04-11,16.991506576538086,,,,,,
2011-04-12,16.973167419433594,,,,,,
2011-04-13,17.046493530273438,,,,,,
2011-04-14,17.0648193359375,,,,,,
2011-04-15,17.1748046875,,,,,,
2011-04-18,17.037330627441406,,,,,,
2011-04-19,17.083148956298828,,,,,,
2011-04-20,17.348926544189453,,,,,,
2011-04-21,17.449739456176758,,,,,,
2011-04-25,17.477235794067383,,,,,,
2011-04-26,17.458904266357422,,,,,,
2011-04-27,17.477235794067383,,,,,,
2011-04-28,17.605539321899414,,,,,,
2011-04-29,17.74302101135254,,,,,,
2011-05-02,17.660531997680664,,,,,,
2011-05-03,17.56888771057129,,,,,,
2011-05-04,17.651363372802734,,,,,,
2011-05-05,17.72469139099121,,,,,,
2011-05-06,17.706356048583984,,,,,,
2011-05-09,17.77967643737793,,,,,,
2011-05-10,18.063777923583984,,,,,,
2011-05-11,17.972139358520508,,,,,,
2011-05-12,18.1462631225586,,,,,,
2011-05-13,17.990468978881836,,,,,,
2011-05-16,17.66969871520996,,,,,,
2011-05-17,17.72469139099121,,,,,,
2011-05-18,17.990468978881836,,,,,,
2011-05-19,18.17376518249512,,,,,,
2011-05-20,18.05462074279785,,,,,,
2011-05-23,17.981306076049805,,,,,,
2011-05-24,17.797998428344727,,,,,,
2011-05-25,17.852989196777344,,,,,,
2011-05-26,18.12793731689453,,,,,,
2011-05-27,18.15542984008789,,,,,,
2011-05-31,18.16459083557129,,,,,,
2011-06-01,17.74302101135254,,,,,,
2011-06-02,17.62387466430664,,,,,,
2011-06-03,17.348926544189453,,,,,,
2011-06-06,17.156469345092773,,,,,,
2011-06-07,17.156469345092773,,,,,,
2011-06-08,16.927356719970703,,,,,,
2011-06-09,16.991506576538086,,,,,,
2011-06-10,16.725717544555664,,,,,,
2011-06-13,16.707387924194336,,,,,,
2011-06-14,17.02816390991211,,,,,,
2011-06-15,16.89069366455078,,,,,,
2011-06-16,16.909021377563477,,,,,,
2011-06-17,16.96505355834961,,,,,,
2011-06-20,17.047719955444336,,,,,,
2011-06-21,17.470237731933594,,,,,,
2011-06-22,17.3140869140625,,,,,,
2011-06-23,17.424304962158203,,,,,,
2011-06-24,17.396753311157227,,,,,,
2011-06-27,17.589643478393555,,,,,,
2011-06-28,17.975421905517578,,,,,,
2011-06-29,17.993789672851562,,,,,,
2011-06-30,18.11320686340332,,,,,,
2011-07-01,18.498973846435547,,,,,,
2011-07-05,18.63675308227539,,,,,,
2011-07-06,18.6275691986084,,,,,,
2011-07-07,18.756166458129883,,,,,,
2011-07-08,18.71023368835449,,,,,,
2011-07-11,18.43468475341797,,,,,,
2011-07-12,18.370391845703125,,,,,,
2011-07-13,18.53571891784668,,,,,,
2011-07-14,18.32445335388184,,,,,,
2011-07-15,18.39793968200684,,,,,,
2011-07-18,18.287717819213867,,,,,,
2011-07-19,18.60920143127441,,,,,,
2011-07-20,18.48977851867676,,,,,,
2011-07-21,18.43468475341797,,,,,,
2011-07-22,18.453054428100582,,,,,,
2011-07-25,18.287717819213867,,,,,,
2011-07-26,18.26016616821289,,,,,,
2011-07-27,17.709054946899414,,,,,,
2011-07-28,17.663124084472656,,,,,,
2011-07-29,17.65393829345703,,,,,,
2011-08-01,17.69986343383789,,,,,,
2011-08-02,16.96505355834961,,,,,,
2011-08-03,17.332454681396484,,,,,,
2011-08-04,16.44149398803711,,,,,,
2011-08-05,16.377197265625,,,,,,
2011-08-08,15.128010749816896,,,,,,
2011-08-09,16.156749725341797,,,,,,
2011-08-10,15.504605293273926,,,,,,
2011-08-11,16.340456008911133,,,,,,
2011-08-12,16.478233337402344,,,,,,
2011-08-15,16.72623062133789,,,,,,
2011-08-16,16.570085525512695,,,,,,
2011-08-17,16.413936614990234,,,,,,
2011-08-18,15.385198593139648,,,,,,
2011-08-19,15.247419357299805,,,,,,
2011-08-22,15.293339729309082,,,,,,
2011-08-23,16.0006046295166,,,,,,
2011-08-24,16.202674865722656,,,,,,
2011-08-25,15.780158042907717,,,,,,
2011-08-26,16.1934871673584,,,,,,
2011-08-29,16.772165298461914,,,,,,
2011-08-30,17.056903839111328,,,,,,
2011-08-31,16.99260711669922,,,,,,
2011-09-01,16.72623062133789,,,,,,
2011-09-02,16.23023223876953,,,,,,
2011-09-06,16.184307098388672,,,,,,
2011-09-07,16.487415313720703,,,,,,
2011-09-08,16.27615737915039,,,,,,
2011-09-09,15.743417739868164,,,,,,
2011-09-12,15.83527374267578,,,,,,
2011-09-13,15.954673767089844,,,,,,
2011-09-14,16.248605728149414,,,,,,
2011-09-15,16.368019104003906,,,,,,
2011-09-16,16.44523048400879,,,,,,
2011-09-19,16.61069679260254,,,,,,
2011-09-20,16.399263381958008,,,,,,
2011-09-21,16.31653594970703,,,,,,
2011-09-22,15.37890911102295,,,,,,
2011-09-23,15.507603645324709,,,,,,
2011-09-26,15.875299453735352,,,,,,
2011-09-27,16.02237892150879,,,,,,
2011-09-28,15.553559303283691,,,,,,
2011-09-29,15.369717597961426,,,,,,
2011-09-30,14.864134788513184,,,,,,
2011-10-03,14.275815963745115,,,,,,
2011-10-04,14.569978713989258,,,,,,
2011-10-05,14.910093307495115,,,,,,
2011-10-06,15.30536937713623,,,,,,
2011-10-07,15.204254150390623,,,,,,
2011-10-10,15.820149421691896,,,,,,
2011-10-11,15.96721363067627,,,,,,
2011-10-12,16.1051082611084,,,,,,
2011-10-13,16.160259246826172,,,,,,
2011-10-14,16.334915161132812,,,,,,
2011-10-17,16.013181686401367,,,,,,
2011-10-18,16.417648315429688,,,,,,
2011-10-19,16.04076385498047,,,,,,
2011-10-20,15.95802879333496,,,,,,
2011-10-21,16.334915161132812,,,,,,
2011-10-24,16.923233032226562,,,,,,
2011-10-25,16.500381469726562,,,,,,
2011-10-26,16.739383697509766,,,,,,
2011-10-27,17.410430908203125,,,,,,
2011-10-28,17.27254867553711,,,,,,
2011-10-31,16.96919059753418,,,,,,
2011-11-01,16.537151336669922,,,,,,
2011-11-02,16.803728103637695,,,,,,
2011-11-03,16.96919059753418,,,,,,
2011-11-04,17.02435302734375,,,,,,
2011-11-07,17.033544540405273,,,,,,
2011-11-08,17.208200454711914,,,,,,
2011-11-09,16.592313766479492,,,,,,
2011-11-10,16.675039291381836,,,,,,
2011-11-11,17.07950210571289,,,,,,
2011-11-14,16.90485382080078,,,,,,
2011-11-15,17.070316314697266,,,,,,
2011-11-16,16.69342613220215,,,,,,
2011-11-17,16.500381469726562,,,,,,
2011-11-18,16.454423904418945,,,,,,
2011-11-21,16.169458389282227,,,,,,
2011-11-22,16.169458389282227,,,,,,
2011-11-23,15.737419128417969,,,,,,
2011-11-25,15.636292457580566,,,,,,
2011-11-28,16.252193450927734,,,,,,
2011-11-29,16.252193450927734,,,,,,
2011-11-30,16.77615737915039,,,,,,
2011-12-01,16.68423080444336,,,,,,
2011-12-02,16.74858283996582,,,,,,
2011-12-05,16.877275466918945,,,,,,
2011-12-06,16.822118759155273,,,,,,
2011-12-07,16.91403579711914,,,,,,
2011-12-08,16.555538177490234,,,,,,
2011-12-09,16.91403579711914,,,,,,
2011-12-12,16.868080139160156,,,,,,
2011-12-13,16.555538177490234,,,,,,
2011-12-14,16.32573127746582,,,,,,
2011-12-15,16.44523048400879,,,,,,
2011-12-16,16.52091407775879,,,,,,
2011-12-19,16.336322784423828,,,,,,
2011-12-20,16.85317611694336,,,,,,
2011-12-21,17.000844955444336,,,,,,
2011-12-22,17.028541564941406,,,,,,
2011-12-23,17.231590270996094,,,,,,
2011-12-27,17.360801696777344,,,,,,
2011-12-28,17.203899383544922,,,,,,
2011-12-29,17.379261016845703,,,,,,
2011-12-30,17.250045776367188,,,,,,
2012-01-03,17.22235870361328,,,,,,
2012-01-04,17.3054256439209,,,,,,
2012-01-05,17.39771842956543,,,,,,
2012-01-06,17.360801696777344,,,,,,
2012-01-09,17.3515682220459,,,,,,
2012-01-10,17.554624557495117,,,,,,
2012-01-11,17.683839797973633,,,,,,
2012-01-12,17.776134490966797,,,,,,
2012-01-13,17.766904830932617,,,,,,
2012-01-17,17.813045501708984,,,,,,
2012-01-18,18.08070373535156,,,,,,
2012-01-19,18.17300796508789,,,,,,
2012-01-20,18.053014755249023,,,,,,
2012-01-23,18.025331497192383,,,,,,
2012-01-24,17.997638702392578,,,,,,
2012-01-25,18.18222999572754,,,,,,
2012-01-26,18.11762237548828,,,,,,
2012-01-27,18.2006893157959,,,,,,
2012-01-30,18.126848220825195,,,,,,
2012-01-31,18.1083984375,,,,,,
2012-02-01,18.34836196899414,,,,,,
2012-02-02,18.394508361816406,,,,,,
2012-02-03,18.71754646301269,,,,,,
2012-02-06,18.68985939025879,,,,,,
2012-02-07,18.745229721069336,,,,,,
2012-02-08,18.782161712646484,,,,,,
2012-02-09,18.855987548828125,,,,,,
2012-02-10,18.745229721069336,,,,,,
2012-02-13,18.939058303833008,,,,,,
2012-02-14,18.902137756347656,,,,,,
2012-02-15,18.745229721069336,,,,,,
2012-02-16,18.98519897460937,,,,,,
2012-02-17,19.12364196777344,,,,,,
2012-02-21,19.049808502197266,,,,,,
2012-02-22,18.92060089111328,,,,,,
2012-02-23,18.939058303833008,,,,,,
2012-02-24,18.929832458496094,,,,,,
2012-02-27,18.92060089111328,,,,,,
2012-02-28,19.16979217529297,,,,,,
2012-02-29,19.07749938964844,,,,,,
2012-03-01,19.19748306274414,,,,,,
2012-03-02,19.059038162231445,,,,,,
2012-03-05,19.13287353515625,,,,,,
2012-03-06,18.911359786987305,,,,,,
2012-03-07,19.19748306274414,,,,,,
2012-03-08,19.43745803833008,,,,,,
2012-03-09,19.538976669311523,,,,,,
2012-03-12,19.50206184387207,,,,,,
2012-03-13,19.90815734863281,,,,,,
2012-03-14,19.880470275878903,,,,,,
2012-03-15,19.95430374145508,,,,,,
2012-03-16,19.926612854003903,,,,,,
2012-03-19,20.10198402404785,,,,,,
2012-03-20,20.000459671020508,,,,,,
2012-03-21,20.0189151763916,,,,,,
2012-03-22,19.95430374145508,,,,,,
2012-03-23,19.98200225830078,,,,,,
2012-03-26,20.3234920501709,,,,,,
2012-03-27,20.240421295166016,,,,,,
2012-03-28,20.08351325988769,,,,,,
2012-03-29,20.10198402404785,,,,,,
2012-03-30,20.20349884033203,,,,,,
2012-04-02,20.22197151184082,,,,,,
2012-04-03,20.26810836791992,,,,,,
2012-04-04,20.028139114379883,,,,,,
2012-04-05,20.22197151184082,,,,,,
2012-04-09,19.98200225830078,,,,,,
2012-04-10,19.50206184387207,,,,,,
2012-04-11,19.86201286315918,,,,,,
2012-04-12,20.1112060546875,,,,,,
2012-04-13,20.22197151184082,,,,,,
2012-04-16,20.028139114379883,,,,,,
2012-04-17,20.21272850036621,,,,,,
2012-04-18,20.22197151184082,,,,,,
2012-04-19,20.000459671020508,,,,,,
2012-04-20,20.17582130432129,,,,,,
2012-04-23,20.03737449645996,,,,,,
2012-04-24,19.889698028564453,,,,,,
2012-04-25,20.36040687561035,,,,,,
2012-04-26,20.57268524169922,,,,,,
2012-04-27,20.674211502075195,,,,,,
2012-04-30,20.51731300354004,,,,,,
2012-05-01,20.554224014282227,,,,,,
2012-05-02,20.83111000061035,,,,,,
2012-05-03,20.711132049560547,,,,,,
2012-05-04,20.22197151184082,,,,,,
2012-05-07,20.258882522583008,,,,,,
2012-05-08,20.092761993408203,,,,,,
2012-05-09,20.009689331054688,,,,,,
2012-05-10,20.129669189453125,,,,,,
2012-05-11,20.14812660217285,,,,,,
2012-05-14,19.86201286315918,,,,,,
2012-05-15,19.94507598876953,,,,,,
2012-05-16,19.991226196289062,,,,,,
2012-05-17,19.308238983154297,,,,,,
2012-05-18,19.114421844482425,,,,,,
2012-05-21,19.50206184387207,,,,,,
2012-05-22,19.54820442199707,,,,,,
2012-05-23,19.714338302612305,,,,,,
2012-05-24,19.769718170166016,,,,,,
2012-05-25,19.769718170166016,,,,,,
2012-05-29,20.0189151763916,,,,,,
2012-05-30,19.769718170166016,,,,,,
2012-05-31,19.77894401550293,,,,,,
2012-06-01,18.975971221923828,,,,,,
2012-06-04,18.96674156188965,,,,,,
2012-06-05,19.00366401672364,,,,,,
2012-06-06,19.428226470947266,,,,,,
2012-06-07,19.363615036010746,,,,,,
2012-06-08,19.55743789672852,,,,,,
2012-06-11,19.188251495361328,,,,,,
2012-06-12,19.40975952148437,,,,,,
2012-06-13,19.031354904174805,,,,,,
2012-06-14,19.400531768798828,,,,,,
2012-06-15,19.54216766357422,,,,,,
2012-06-18,19.70880126953125,,,,,,
2012-06-19,19.949493408203125,,,,,,
2012-06-20,19.98651885986328,,,,,,
2012-06-21,19.597713470458984,,,,,,
2012-06-22,19.847665786743164,,,,,,
2012-06-25,19.53291130065918,,,,,,
2012-06-26,19.644006729125977,,,,,,
2012-06-27,19.70880126953125,,,,,,
2012-06-28,19.57919883728028,,,,,,
2012-06-29,20.0698356628418,,,,,,
2012-07-02,20.22721290588379,,,,,,
2012-07-03,20.264232635498047,,,,,,
2012-07-05,20.34755516052246,,,,,,
2012-07-06,20.25498390197754,,,,,,
2012-07-09,20.1346378326416,,,,,,
2012-07-10,19.995773315429688,,,,,,
2012-07-11,19.968000411987305,,,,,,
2012-07-12,19.72731590270996,,,,,,
2012-07-13,20.10686492919922,,,,,,
2012-07-16,19.995773315429688,,,,,,
2012-07-17,20.20869255065918,,,,,,
2012-07-18,20.30126953125,,,,,,
2012-07-19,20.34755516052246,,,,,,
2012-07-20,19.949493408203125,,,,,,
2012-07-23,19.5051383972168,,,,,,
2012-07-24,19.25518798828125,,,,,,
2012-07-25,19.292221069335938,,,,,,
2012-07-26,19.61622428894043,,,,,,
2012-07-27,19.847665786743164,,,,,,
2012-07-30,19.782859802246094,,,,,,
2012-07-31,19.66251373291016,,,,,,
2012-08-01,19.42181968688965,,,,,,
2012-08-02,19.44958877563477,,,,,,
2012-08-03,19.86617851257324,,,,,,
2012-08-06,19.95874214172364,,,,,,
2012-08-07,20.236473083496094,,,,,,
2012-08-08,19.995773315429688,,,,,,
2012-08-09,19.968000411987305,,,,,,
2012-08-10,19.912466049194336,,,,,,
2012-08-13,19.8384017944336,,,,,,
2012-08-14,19.819887161254883,,,,,,
2012-08-15,19.949493408203125,,,,,,
2012-08-16,20.10686492919922,,,,,,
2012-08-17,20.21795082092285,,,,,,
2012-08-20,20.09760284423828,,,,,,
2012-08-21,20.051315307617188,,,,,,
2012-08-22,20.014291763305664,,,,,,
2012-08-23,19.912466049194336,,,,,,
2012-08-24,19.995773315429688,,,,,,
2012-08-27,20.04206275939941,,,,,,
2012-08-28,20.09760284423828,,,,,,
2012-08-29,20.22721290588379,,,,,,
2012-08-30,20.08835220336914,,,,,,
2012-08-31,20.12537956237793,,,,,,
2012-09-04,20.0698356628418,,,,,,
2012-09-05,20.060577392578125,,,,,,
2012-09-06,20.46789932250977,,,,,,
2012-09-07,20.634536743164062,,,,,,
2012-09-10,20.59750366210937,,,,,,
2012-09-11,20.653045654296875,,,,,,
2012-09-12,20.736358642578125,,,,,,
2012-09-13,21.05111122131348,,,,,,
2012-09-14,21.08814239501953,,,,,,
2012-09-17,21.106653213500977,,,,,,
2012-09-18,21.08814239501953,,,,,,
2012-09-19,21.27328872680664,,,,,,
2012-09-20,21.245519638061523,,,,,,
2012-09-21,21.354888916015625,,,,,,
2012-09-24,21.27146339416504,,,,,,
2012-09-25,21.021209716796875,,,,,,
2012-09-26,20.87291717529297,,,,,,
2012-09-27,21.188047409057617,,,,,,
2012-09-28,21.17877578735352,,,,,,
2012-10-01,21.20658493041992,,,,,,
2012-10-02,21.113903045654297,,,,,,
2012-10-03,21.150962829589844,,,,,,
2012-10-04,21.308544158935547,,,,,,
2012-10-05,21.21585273742676,,,,,,
2012-10-08,21.188047409057617,,,,,,
2012-10-09,20.92853355407715,,,,,,
2012-10-10,20.97486686706543,,,,,,
2012-10-11,21.01194190979004,,,,,,
2012-10-12,20.947067260742188,,,,,,
2012-10-15,21.095365524291992,,,,,,
2012-10-16,21.308544158935547,,,,,,
2012-10-17,21.429033279418945,,,,,,
2012-10-18,21.512454986572266,,,,,,
2012-10-19,21.058290481567383,,,,,,
2012-10-22,21.095365524291992,,,,,,
2012-10-23,20.86365127563477,,,,,,
2012-10-24,20.63193321228028,,,,,,
2012-10-25,20.576324462890625,,,,,,
2012-10-26,20.5948543548584,,,,,,
2012-10-31,20.66900062561035,,,,,,
2012-11-01,20.93779182434082,,,,,,
2012-11-02,20.770959854125977,,,,,,
2012-11-05,20.88218116760254,,,,,,
2012-11-06,21.00268173217773,,,,,,
2012-11-07,20.770959854125977,,,,,,
2012-11-08,20.36314010620117,,,,,,
2012-11-09,20.418758392333984,,,,,,
2012-11-12,20.326061248779297,,,,,,
2012-11-13,20.316795349121094,,,,,,
2012-11-14,19.81629753112793,,,,,,
2012-11-15,19.825557708740234,,,,,,
2012-11-16,19.936786651611328,,,,,,
2012-11-19,20.47436141967773,,,,,,
2012-11-20,20.61339569091797,,,,,,
2012-11-21,20.65974235534668,,,,,,
2012-11-23,20.780229568481445,,,,,,
2012-11-26,20.75242805480957,,,,,,
2012-11-27,20.780229568481445,,,,,,
2012-11-28,20.95633316040039,,,,,,
2012-11-29,21.123170852661133,,,,,,
2012-11-30,20.96560859680176,,,,,,
2012-12-03,20.86365127563477,,,,,,
2012-12-04,20.62265968322754,,,,,,
2012-12-05,20.61339569091797,,,,,,
2012-12-06,20.687545776367188,,,,,,
2012-12-07,20.7246208190918,,,,,,
2012-12-10,20.75242805480957,,,,,,
2012-12-11,20.86365127563477,,,,,,
2012-12-12,20.86365127563477,,,,,,
2012-12-13,20.80803871154785,,,,,,
2012-12-14,20.770959854125977,,,,,,
2012-12-17,21.113903045654297,,,,,,
2012-12-18,21.40122604370117,,,,,,
2012-12-19,21.2529296875,,,,,,
2012-12-20,21.2622013092041,,,,,,
2012-12-21,21.23339080810547,,,,,,
2012-12-24,21.18692970275879,,,,,,
2012-12-26,20.96390914916992,,,,,,
2012-12-27,21.047542572021484,,,,,,
2012-12-28,20.852394104003903,,,,,,
2012-12-31,21.326316833496094,,,,,,
2013-01-02,21.976791381835938,,,,,,
2013-01-03,22.09760093688965,,,,,,
2013-01-04,22.32061195373535,,,,,,
2013-01-07,22.16264915466309,,,,,,
2013-01-08,22.125471115112305,,,,,,
2013-01-09,22.283445358276367,,,,,,
2013-01-10,22.339200973510746,,,,,,
2013-01-11,22.3577823638916,,,,,,
2013-01-14,22.413543701171875,,,,,,
2013-01-15,22.385665893554688,,,,,,
2013-01-16,22.283445358276367,,,,,,
2013-01-17,22.53433609008789,,,,,,
2013-01-18,22.53433609008789,,,,,,
2013-01-22,22.72948455810547,,,,,,
2013-01-23,22.710899353027344,,,,,,
2013-01-24,22.794538497924805,,,,,,
2013-01-25,22.822404861450195,,,,,,
2013-01-28,22.850282669067383,,,,,,
2013-01-29,22.77594566345215,,,,,,
2013-01-30,22.710899353027344,,,,,,
2013-01-31,22.95249938964844,,,,,,
2013-02-01,23.2591609954834,,,,,,
2013-02-04,22.90604019165039,,,,,,
2013-02-05,23.0361385345459,,,,,,
2013-02-06,23.19411277770996,,,,,,
2013-02-07,23.129064559936523,,,,,,
2013-02-08,23.379961013793945,,,,,,
2013-02-11,23.454301834106445,,,,,,
2013-02-12,23.53793334960937,,,,,,
2013-02-13,23.48217964172364,,,,,,
2013-02-14,23.46359634399414,,,,,,
2013-02-15,23.40784072875977,,,,,,
2013-02-19,23.47289085388184,,,,,,
2013-02-20,23.166234970092773,,,,,,
2013-02-21,22.98968315124512,,,,,,
2013-02-22,23.054723739624023,,,,,,
2013-02-25,22.70160484313965,,,,,,
2013-02-26,22.794538497924805,,,,,,
2013-02-27,23.11048126220703,,,,,,
2013-02-28,23.20340919494629,,,,,,
2013-03-01,23.29632568359375,,,,,,
2013-03-04,23.51934814453125,,,,,,
2013-03-05,23.85388565063477,,,,,,
2013-03-06,23.770246505737305,,,,,,
2013-03-07,23.93750762939453,,,,,,
2013-03-08,24.169822692871094,,,,,,
2013-03-11,24.169822692871094,,,,,,
2013-03-12,24.05831527709961,,,,,,
2013-03-13,24.234867095947266,,,,,,
2013-03-14,24.448604583740234,,,,,,
2013-03-15,24.35097312927246,,,,,,
2013-03-18,24.21150779724121,,,,,,
2013-03-19,24.127830505371094,,,,,,
2013-03-20,24.39745712280273,,,,,,
2013-03-21,24.192909240722656,,,,,,
2013-03-22,24.37886619567871,,,,,,
2013-03-25,24.35097312927246,,,,,,
2013-03-26,24.546236038208008,,,,,,
2013-03-27,24.56482315063477,,,,,,
2013-03-28,24.69499015808105,,,,,,
2013-04-01,24.471837997436523,,,,,,
2013-04-02,24.527631759643555,,,,,,
2013-04-03,24.192909240722656,,,,,,
2013-04-04,24.35097312927246,,,,,,
2013-04-05,24.33237648010254,,,,,,
2013-04-08,24.55552101135254,,,,,,
2013-04-09,24.62990951538086,,,,,,
2013-04-10,24.86236000061035,,,,,,
2013-04-11,25.020410537719727,,,,,,
2013-04-12,25.08550071716309,,,,,,
2013-04-15,24.369564056396484,,,,,,
2013-04-16,24.75078392028809,,,,,,
2013-04-17,24.45325088500977,,,,,,
2013-04-18,24.220796585083008,,,,,,
2013-04-19,24.60200881958008,,,,,,
2013-04-22,24.685693740844727,,,,,,
2013-04-23,24.95532989501953,,,,,,
2013-04-24,24.87165069580078,,,,,,
2013-04-25,25.21567344665528,,,,,,
2013-04-26,25.094799041748047,,,,,,
2013-04-29,25.05761337280273,,,,,,
2013-04-30,25.31793975830078,,,,,,
2013-05-01,25.187780380249023,,,,,,
2013-05-02,25.494604110717773,,,,,,
2013-05-03,25.7828369140625,,,,,,
2013-05-06,25.87581443786621,,,,,,
2013-05-07,26.03388214111328,,,,,,
2013-05-08,25.968793869018555,,,,,,
2013-05-09,25.90371322631836,,,,,,
2013-05-10,26.182641983032227,,,,,,
2013-05-13,26.043174743652344,,,,,,
2013-05-14,26.294214248657227,,,,,,
2013-05-15,26.35000228881836,,,,,,
2013-05-16,26.00598526000977,,,,,,
2013-05-17,26.191938400268555,,,,,,
2013-05-20,26.136154174804688,,,,,,
2013-05-21,26.191938400268555,,,,,,
2013-05-22,25.97809219360352,,,,,,
2013-05-23,26.126859664916992,,,,,,
2013-05-24,26.17334747314453,,,,,,
2013-05-28,26.684720993041992,,,,,,
2013-05-29,26.32210922241211,,,,,,
2013-05-30,26.415088653564453,,,,,,
2013-05-31,26.368595123291016,,,,,,
2013-06-03,26.38719940185547,,,,,,
2013-06-04,26.238433837890625,,,,,,
2013-06-05,25.745643615722656,,,,,,
2013-06-06,25.95950126647949,,,,,,
2013-06-07,26.461576461791992,,,,,,
2013-06-10,26.461576461791992,,,,,,
2013-06-11,26.191938400268555,,,,,,
2013-06-12,25.89441299438477,,,,,,
2013-06-13,26.303512573242188,,,,,,
2013-06-14,26.25702667236328,,,,,,
2013-06-17,26.38719940185547,,,,,,
2013-06-18,26.749805450439453,,,,,,
2013-06-19,26.535964965820312,,,,,,
2013-06-20,25.76424026489257,,,,,,
2013-06-21,25.487768173217773,,,,,,
2013-06-24,25.12471580505371,,,,,,
2013-06-25,25.394681930541992,,,,,,
2013-06-26,25.72979736328125,,,,,,
2013-06-27,26.05561065673828,,,,,,
2013-06-28,26.027687072753903,,,,,,
2013-07-01,26.46520233154297,,,,,,
2013-07-02,26.56760025024414,,,,,,
2013-07-03,26.62345314025879,,,,,,
2013-07-05,27.05166244506836,,,,,,
2013-07-08,27.20061111450196,,,,,,
2013-07-09,27.4054012298584,,,,,,
2013-07-10,27.42402076721192,,,,,,
2013-07-11,27.78706741333008,,,,,,
2013-07-12,27.87084579467773,,,,,,
2013-07-15,27.898771286010746,,,,,,
2013-07-16,27.86153221130371,,,,,,
2013-07-17,27.85223197937012,,,,,,
2013-07-18,28.084941864013672,,,,,,
2013-07-19,27.86153221130371,,,,,,
2013-07-22,27.81499481201172,,,,,,
2013-07-23,27.50779151916504,,,,,,
2013-07-24,27.330928802490234,,,,,,
2013-07-25,27.47056198120117,,,,,,
2013-07-26,27.71259498596192,,,,,,
2013-07-29,27.572959899902344,,,,,,
2013-07-30,27.740524291992188,,,,,,
2013-07-31,27.7963809967041,,,,,,
2013-08-01,28.36422348022461,,,,,,
2013-08-02,28.58763313293457,,,,,,
2013-08-05,28.57831764221192,,,,,,
2013-08-06,28.28043556213379,,,,,,
2013-08-07,28.131492614746094,,,,,,
2013-08-08,28.64348793029785,,,,,,
2013-08-09,28.5224666595459,,,,,,
2013-08-12,28.47592735290528,,,,,,
2013-08-13,28.438684463500977,,,,,,
2013-08-14,28.31767463684082,,,,,,
2013-08-15,27.88016128540039,,,,,,
2013-08-16,27.86153221130371,,,,,,
2013-08-19,27.7963809967041,,,,,,
2013-08-20,28.1966609954834,,,,,,
2013-08-21,27.982553482055664,,,,,,
2013-08-22,28.401451110839844,,,,,,
2013-08-23,28.42937469482422,,,,,,
2013-08-26,28.3828353881836,,,,,,
2013-08-27,27.67536163330078,,,,,,
2013-08-28,27.75914192199707,,,,,,
2013-08-29,28.04771041870117,,,,,,
2013-08-30,27.68466758728028,,,,,,
2013-09-03,27.7963809967041,,,,,,
2013-09-04,27.982553482055664,,,,,,
2013-09-05,28.066326141357425,,,,,,
2013-09-06,28.07563781738281,,,,,,
2013-09-09,28.308368682861328,,,,,,
2013-09-10,28.69002723693848,,,,,,
2013-09-11,28.671417236328125,,,,,,
2013-09-12,28.72726821899414,,,,,,
2013-09-13,28.922748565673828,,,,,,
2013-09-16,28.997222900390625,,,,,,
2013-09-17,29.25787734985352,,,,,,
2013-09-18,29.453353881835938,,,,,,
2013-09-19,29.47197914123535,,,,,,
2013-09-20,29.27444839477539,,,,,,
2013-09-23,29.05084800720215,,,,,,
2013-09-24,29.09742927551269,,,,,,
2013-09-25,29.069475173950195,,,,,,
2013-09-26,29.39557456970215,,,,,,
2013-09-27,29.40489959716797,,,,,,
2013-09-30,29.31172180175781,,,,,,
2013-10-01,29.70304107666016,,,,,,
2013-10-02,29.647136688232425,,,,,,
2013-10-03,29.3210391998291,,,,,,
2013-10-04,29.47942924499512,,,,,,
2013-10-07,29.171964645385746,,,,,,
2013-10-08,28.7247371673584,,,,,,
2013-10-09,28.64089012145996,,,,,,
2013-10-10,29.209238052368164,,,,,,
2013-10-11,29.4980583190918,,,,,,
2013-10-14,29.5819149017334,,,,,,
2013-10-15,29.27444839477539,,,,,,
2013-10-16,29.66576766967773,,,,,,
2013-10-17,29.786895751953125,,,,,,
2013-10-18,30.308652877807617,,,,,,
2013-10-21,30.345924377441406,,,,,,
2013-10-22,30.52294158935547,,,,,,
2013-10-23,30.28069877624512,,,,,,
2013-10-24,30.56953811645508,,,,,,
2013-10-25,30.6347599029541,,,,,,
2013-10-28,30.541587829589844,,,,,,
2013-10-29,30.755874633789062,,,,,,
2013-10-30,30.66270446777344,,,,,,
2013-10-31,30.8397216796875,,,,,,
2013-11-01,30.755874633789062,,,,,,
2013-11-04,30.951539993286133,,,,,,
2013-11-05,31.08198547363281,,,,,,
2013-11-06,30.82109832763672,,,,,,
2013-11-07,29.842803955078125,,,,,,
2013-11-08,30.36455345153809,,,,,,
2013-11-11,30.42978477478028,,,,,,
2013-11-12,30.50431632995605,,,,,,
2013-11-13,30.858375549316406,,,,,,
2013-11-14,30.79314994812012,,,,,,
2013-11-15,30.87700462341309,,,,,,
2013-11-18,30.56021881103516,,,,,,
2013-11-19,30.308652877807617,,,,,,
2013-11-20,30.243438720703125,,,,,,
2013-11-21,30.8397216796875,,,,,,
2013-11-22,30.90494537353516,,,,,,
2013-11-25,30.73723793029785,,,,,,
2013-11-26,30.755874633789062,,,,,,
2013-11-27,30.914270401000977,,,,,,
2013-11-29,30.932905197143555,,,,,,
2013-12-02,30.606801986694336,,,,,,
2013-12-03,30.187536239624023,,,,,,
2013-12-04,30.28069877624512,,,,,,
2013-12-05,30.383188247680664,,,,,,
2013-12-06,30.66270446777344,,,,,,
2013-12-09,30.65339088439941,,,,,,
2013-12-10,30.56021881103516,,,,,,
2013-12-11,30.37388038635254,,,,,,
2013-12-12,30.308652877807617,,,,,,
2013-12-13,30.42978477478028,,,,,,
2013-12-16,30.83041954040528,,,,,,
2013-12-17,30.709287643432617,,,,,,
2013-12-18,31.240367889404297,,,,,,
2013-12-19,31.08198547363281,,,,,,
2013-12-20,31.47317886352539,,,,,,
2013-12-23,31.631885528564453,,,,,,
2013-12-24,31.80929183959961,,,,,,
2013-12-26,31.949329376220703,,,,,,
2013-12-27,31.799957275390625,,,,,,
2013-12-30,31.90265846252441,,,,,,
2013-12-31,31.846635818481445,,,,,,
2014-01-02,31.697248458862305,,,,,,
2014-01-03,31.52918815612793,,,,,,
2014-01-06,31.24910354614257,,,,,,
2014-01-07,31.47317886352539,,,,,,
2014-01-08,31.510517120361328,,,,,,
2014-01-09,31.454492568969727,,,,,,
2014-01-10,31.51985740661621,,,,,,
2014-01-13,31.025035858154297,,,,,,
2014-01-14,31.40782165527344,,,,,,
2014-01-15,31.59454917907715,,,,,,
2014-01-16,31.491832733154297,,,,,,
2014-01-17,31.361141204833984,,,,,,
2014-01-21,31.34246635437012,,,,,,
2014-01-22,31.491832733154297,,,,,,
2014-01-23,31.174409866333008,,,,,,
2014-01-24,30.40882110595703,,,,,,
2014-01-27,30.026025772094727,,,,,,
2014-01-28,30.32478904724121,,,,,,
2014-01-29,29.755266189575195,,,,,,
2014-01-30,30.25943183898925,,,,,,
2014-01-31,30.26877784729004,,,,,,
2014-02-03,29.325788497924805,,,,,,
2014-02-04,29.69925308227539,,,,,,
2014-02-05,29.447168350219727,,,,,,
2014-02-06,30.13806915283203,,,,,,
2014-02-07,30.64223289489746,,,,,,
2014-02-10,30.810285568237305,,,,,,
2014-02-11,31.12771797180176,,,,,,
2014-02-12,31.109045028686523,,,,,,
2014-02-13,31.30512046813965,,,,,,
2014-02-14,31.557207107543945,,,,,,
2014-02-18,31.547870635986328,,,,,,
2014-02-19,31.314468383789062,,,,,,
2014-02-20,31.65990829467773,,,,,,
2014-02-21,31.8933219909668,,,,,,
2014-02-24,32.29478454589844,,,,,,
2014-02-25,32.3787956237793,,,,,,
2014-02-26,32.59354782104492,,,,,,
2014-02-27,32.84563064575195,,,,,,
2014-02-28,32.89231491088867,,,,,,
2014-03-03,32.5281867980957,,,,,,
2014-03-04,33.116390228271484,,,,,,
2014-03-05,33.116390228271484,,,,,,
2014-03-06,33.33113098144531,,,,,,
2014-03-07,33.4151496887207,,,,,,
2014-03-10,33.17240905761719,,,,,,
2014-03-11,32.967002868652344,,,,,,
2014-03-12,33.15374755859375,,,,,,
2014-03-13,32.68689727783203,,,,,,
2014-03-14,32.69624710083008,,,,,,
2014-03-17,32.957672119140625,,,,,,
2014-03-18,33.23775863647461,,,,,,
2014-03-19,32.761592864990234,,,,,,
2014-03-20,32.89231491088867,,,,,,
2014-03-21,32.70558547973633,,,,,,
2014-03-24,32.23876953125,,,,,,
2014-03-25,32.08937454223633,,,,,,
2014-03-26,31.454492568969727,,,,,,
2014-03-27,31.258441925048828,,,,,,
2014-03-28,31.56654930114746,,,,,,
2014-03-31,31.90265846252441,,,,,,
2014-04-01,32.59354782104492,,,,,,
2014-04-02,32.5281867980957,,,,,,
2014-04-03,32.08937454223633,,,,,,
2014-04-04,31.211753845214844,,,,,,
2014-04-07,30.41815185546875,,,,,,
2014-04-08,30.754274368286133,,,,,,
2014-04-09,31.277114868164062,,,,,,
2014-04-10,30.3901424407959,,,,,,
2014-04-11,30.119394302368164,,,,,,
2014-04-14,30.334131240844727,,,,,,
2014-04-15,30.26877784729004,,,,,,
2014-04-16,30.69825553894043,,,,,,
2014-04-17,30.64223289489746,,,,,,
2014-04-21,30.53953742980957,,,,,,
2014-04-22,31.090381622314453,,,,,,
2014-04-23,30.567535400390625,,,,,,
2014-04-24,30.6609115600586,,,,,,
2014-04-25,29.97934532165528,,,,,,
2014-04-28,29.53118896484375,,,,,,
2014-04-29,29.96999740600586,,,,,,
2014-04-30,30.175411224365234,,,,,,
2014-05-01,30.31545639038086,,,,,,
2014-05-02,30.6609115600586,,,,,,
2014-05-05,30.63290023803711,,,,,,
2014-05-06,30.175411224365234,,,,,,
2014-05-07,30.063371658325195,,,,,,
2014-05-08,29.62455940246582,,,,,,
2014-05-09,29.727256774902344,,,,,,
2014-05-12,30.23143196105957,,,,,,
2014-05-13,30.054033279418945,,,,,,
2014-05-14,29.661911010742188,,,,,,
2014-05-15,29.428491592407227,,,,,,
2014-05-16,29.484514236450195,,,,,,
2014-05-19,29.71792793273925,,,,,,
2014-05-20,29.503189086914062,,,,,,
2014-05-21,29.904653549194336,,,,,,
2014-05-22,30.24076271057129,,,,,,
2014-05-23,30.49285125732422,,,,,,
2014-05-27,30.91299819946289,,,,,,
2014-05-28,30.922334671020508,,,,,,
2014-05-29,31.043684005737305,,,,,,
2014-05-30,30.97834205627441,,,,,,
2014-06-02,31.258441925048828,,,,,,
2014-06-03,30.99701881408692,,,,,,
2014-06-04,31.146404266357425,,,,,,
2014-06-05,31.43582344055176,,,,,,
2014-06-06,31.51985740661621,,,,,,
2014-06-09,31.491832733154297,,,,,,
2014-06-10,31.314468383789062,,,,,,
2014-06-11,31.314468383789062,,,,,,
2014-06-12,30.98767852783203,,,,,,
2014-06-13,31.03436279296875,,,,,,
2014-06-16,31.081039428710938,,,,,,
2014-06-17,31.30512046813965,,,,,,
2014-06-18,31.557207107543945,,,,,,
2014-06-19,31.61320686340332,,,,,,
2014-06-20,31.62912368774414,,,,,,
2014-06-23,31.675891876220703,,,,,,
2014-06-24,31.582359313964844,,,,,,
2014-06-25,31.82551383972168,,,,,,
2014-06-26,31.85359001159668,,,,,,
2014-06-27,31.91905403137207,,,,,,
2014-06-30,31.84423065185547,,,,,,
2014-07-01,32.13413619995117,,,,,,
2014-07-02,32.031272888183594,,,,,,
2014-07-03,32.19025421142578,,,,,,
2014-07-07,32.00320816040039,,,,,,
2014-07-08,31.60106086730957,,,,,,
2014-07-09,31.82551383972168,,,,,,
2014-07-10,31.61977195739746,,,,,,
2014-07-11,31.57300567626953,,,,,,
2014-07-14,31.57300567626953,,,,,,
2014-07-15,31.414026260375977,,,,,,
2014-07-16,31.63846778869629,,,,,,
2014-07-17,31.255033493041992,,,,,,
2014-07-18,31.64781951904297,,,,,,
2014-07-21,31.423370361328125,,,,,,
2014-07-22,31.75069236755371,,,,,,
2014-07-23,31.75069236755371,,,,,,
2014-07-24,31.703929901123047,,,,,,
2014-07-25,31.61977195739746,,,,,,
2014-07-28,31.703929901123047,,,,,,
2014-07-29,31.68523597717285,,,,,,
2014-07-30,31.57300567626953,,,,,,
2014-07-31,31.021223068237305,,,,,,
2014-08-01,31.049285888671875,,,,,,
2014-08-04,31.479490280151367,,,,,,
2014-08-05,31.1147518157959,,,,,,
2014-08-06,30.71261405944824,,,,,,
2014-08-07,30.600387573242188,,,,,,
2014-08-08,30.815488815307617,,,,,,
2014-08-11,31.08669090270996,,,,,,
2014-08-12,30.96512794494629,,,,,,
2014-08-13,31.24567222595215,,,,,,
2014-08-14,31.24567222595215,,,,,,
2014-08-15,31.226974487304688,,,,,,
2014-08-18,31.45144462585449,,,,,,
2014-08-19,31.516902923583984,,,,,,
2014-08-20,31.47014236450196,,,,,,
2014-08-21,31.442068099975582,,,,,,
2014-08-22,31.535608291625977,,,,,,
2014-08-25,31.83487701416016,,,,,,
2014-08-26,31.69459342956543,,,,,,
2014-08-27,31.544946670532227,,,,,,
2014-08-28,31.56365203857422,,,,,,
2014-08-29,31.56365203857422,,,,,,
2014-09-02,31.61977195739746,,,,,,
2014-09-03,31.50754165649414,,,,,,
2014-09-04,31.45144462585449,,,,,,
2014-09-05,31.64781951904297,,,,,,
2014-09-08,31.69459342956543,,,,,,
2014-09-09,31.544946670532227,,,,,,
2014-09-10,31.516902923583984,,,,,,
2014-09-11,31.60106086730957,,,,,,
2014-09-12,31.38595199584961,,,,,,
2014-09-15,31.20828056335449,,,,,,
2014-09-16,31.23633003234864,,,,,,
2014-09-17,31.367265701293945,,,,,,
2014-09-18,31.56365203857422,,,,,,
2014-09-19,31.54866409301757,,,,,,
2014-09-22,31.080305099487305,,,,,,
2014-09-23,30.892963409423828,,,,,,
2014-09-24,31.17397117614746,,,,,,
2014-09-25,30.818035125732425,,,,,,
2014-09-26,31.18335151672364,,,,,,
2014-09-29,31.10841941833496,,,,,,
2014-09-30,31.3238582611084,,,,,,
2014-10-01,30.527650833129883,,,,,,
2014-10-02,30.48080825805664,,,,,,
2014-10-03,30.93979835510254,,,,,,
2014-10-06,30.911699295043945,,,,,,
2014-10-07,30.41524124145508,,,,,,
2014-10-08,30.677526473999023,,,,,,
2014-10-09,30.152956008911133,,,,,,
2014-10-10,29.71269989013672,,,,,,
2014-10-13,28.925857543945312,,,,,,
2014-10-14,29.20687866210937,,,,,,
2014-10-15,28.925857543945312,,,,,,
2014-10-16,29.36611557006836,,,,,,
2014-10-17,29.853214263916016,,,,,,
2014-10-20,30.40587615966797,,,,,,
2014-10-21,30.808652877807617,,,,,,
2014-10-22,30.6494197845459,,,,,,
2014-10-23,30.9679012298584,,,,,,
2014-10-24,31.21144676208496,,,,,,
2014-10-27,31.3238582611084,,,,,,
2014-10-28,31.642337799072266,,,,,,
2014-10-29,31.63297462463379,,,,,,
2014-10-30,31.89525604248047,,,,,,
2014-10-31,32.05449676513672,,,,,,
2014-11-03,32.08259963989258,,,,,,
2014-11-04,31.792205810546875,,,,,,
2014-11-05,31.59550666809082,,,,,,
2014-11-06,31.707908630371094,,,,,,
2014-11-07,31.59550666809082,,,,,,
2014-11-10,31.82968139648437,,,,,,
2014-11-11,31.904634475708008,,,,,,
2014-11-12,32.00767135620117,,,,,,
2014-11-13,32.0732421875,,,,,,
2014-11-14,32.0732421875,,,,,,
2014-11-17,31.76410484313965,,,,,,
2014-11-18,31.91399574279785,,,,,,
2014-11-19,31.82968139648437,,,,,,
2014-11-20,31.73600959777832,,,,,,
2014-11-21,31.77346611022949,,,,,,
2014-11-24,32.21372985839844,,,,,,
2014-11-25,32.29805374145508,,,,,,
2014-11-26,32.3167724609375,,,,,,
2014-11-28,32.72893524169922,,,,,,
2014-12-01,32.3167724609375,,,,,,
2014-12-02,32.56031799316406,,,,,,
2014-12-03,32.56031799316406,,,,,,
2014-12-04,32.4291877746582,,,,,,
2014-12-05,32.73830795288086,,,,,,
2014-12-08,32.54159164428711,,,,,,
2014-12-09,32.56031799316406,,,,,,
2014-12-10,32.29805374145508,,,,,,
2014-12-11,32.68210220336914,,,,,,
2014-12-12,32.68210220336914,,,,,,
2014-12-15,32.12944412231445,,,,,,
2014-12-16,31.66107177734375,,,,,,
2014-12-17,32.476009368896484,,,,,,
2014-12-18,32.81324005126953,,,,,,
2014-12-19,32.91648864746094,,,,,,
2014-12-22,33.11357498168945,,,,,,
2014-12-23,33.27314758300781,,,,,,
2014-12-24,33.357608795166016,,,,,,
2014-12-26,33.52656936645508,,,,,,
2014-12-29,33.81752395629883,,,,,,
2014-12-30,33.57349395751953,,,,,,
2014-12-31,33.53594970703125,,,,,,
2015-01-02,33.31069564819336,,,,,,
2015-01-05,32.70998764038086,,,,,,
2015-01-06,32.53165435791016,,,,,,
2015-01-07,33.36700820922852,,,,,,
2015-01-08,34.04279708862305,,,,,,
2015-01-09,33.80815124511719,,,,,,
2015-01-12,34.04279708862305,,,,,,
2015-01-13,34.26805877685547,,,,,,
2015-01-14,34.0897216796875,,,,,,
2015-01-15,33.629817962646484,,,,,,
2015-01-16,33.90199661254883,,,,,,
2015-01-20,33.77998733520508,,,,,,
2015-01-21,33.657981872558594,,,,,,
2015-01-22,34.211753845214844,,,,,,
2015-01-23,34.12726974487305,,,,,,
2015-01-26,34.437007904052734,,,,,,
2015-01-27,34.27744674682617,,,,,,
2015-01-28,33.79875564575195,,,,,,
2015-01-29,34.005245208740234,,,,,,
2015-01-30,33.34823989868164,,,,,,
2015-02-02,33.25437545776367,,,,,,
2015-02-03,33.723670959472656,,,,,,
2015-02-04,33.69552230834961,,,,,,
2015-02-05,33.76121520996094,,,,,,
2015-02-06,33.7424430847168,,,,,,
2015-02-09,33.31069564819336,,,,,,
2015-02-10,34.07095718383789,,,,,,
2015-02-11,34.305599212646484,,,,,,
2015-02-12,34.71857833862305,,,,,,
2015-02-13,34.6998176574707,,,,,,
2015-02-17,34.84998321533203,,,,,,
2015-02-18,35.34744644165039,,,,,,
2015-02-19,35.65717315673828,,,,,,
2015-02-20,35.694705963134766,,,,,,
2015-02-23,35.675933837890625,,,,,,
2015-02-24,35.65717315673828,,,,,,
2015-02-25,35.882442474365234,,,,,,
2015-02-26,35.685325622558594,,,,,,
2015-02-27,35.58209228515625,,,,,,
2015-03-02,36.14524459838867,,,,,,
2015-03-03,35.94813919067383,,,,,,
2015-03-04,35.65717315673828,,,,,,
2015-03-05,35.685325622558594,,,,,,
2015-03-06,35.094024658203125,,,,,,
2015-03-09,35.45068359375,,,,,,
2015-03-10,34.99078369140625,,,,,,
2015-03-11,34.97200012207031,,,,,,
2015-03-12,35.86368179321289,,,,,,
2015-03-13,35.77921295166016,,,,,,
2015-03-16,36.15462875366211,,,,,,
2015-03-17,36.44559097290039,,,,,,
2015-03-18,36.4737663269043,,,,,,
2015-03-19,36.86796188354492,,,,,,
2015-03-20,36.95647811889648,,,,,,
2015-03-23,36.73048782348633,,,,,,
2015-03-24,36.749324798583984,,,,,,
2015-03-25,35.60061264038086,,,,,,
2015-03-26,35.44997024536133,,,,,,
2015-03-27,36.02431106567383,,,,,,
2015-03-30,36.25029373168945,,,,,,
2015-03-31,36.07140350341797,,,,,,
2015-04-01,35.48762130737305,,,,,,
2015-04-02,35.40287780761719,,,,,,
2015-04-06,35.06391906738281,,,,,,
2015-04-07,34.77203750610352,,,,,,
2015-04-08,35.48762130737305,,,,,,
2015-04-09,35.299312591552734,,,,,,
2015-04-10,35.39347457885742,,,,,,
2015-04-13,35.36522674560547,,,,,,
2015-04-14,35.12983703613281,,,,,,
2015-04-15,35.10158157348633,,,,,,
2015-04-16,35.34639358520508,,,,,,
2015-04-17,34.91328048706055,,,,,,
2015-04-20,35.205162048339844,,,,,,
2015-04-21,35.38405990600586,,,,,,
2015-04-22,35.33698272705078,,,,,,
2015-04-23,35.61003875732422,,,,,,
2015-04-24,36.02431106567383,,,,,,
2015-04-27,35.54412078857422,,,,,,
2015-04-28,35.60061264038086,,,,,,
2015-04-29,34.77203750610352,,,,,,
2015-04-30,34.2353515625,,,,,,
2015-05-01,34.86619186401367,,,,,,
2015-05-04,34.91328048706055,,,,,,
2015-05-05,34.32009506225586,,,,,,
2015-05-06,34.21651077270508,,,,,,
2015-05-07,34.903846740722656,,,,,,
2015-05-08,35.233402252197266,,,,,,
2015-05-11,35.2805061340332,,,,,,
2015-05-12,35.07334518432617,,,,,,
2015-05-13,34.941524505615234,,,,,,
2015-05-14,35.2805061340332,,,,,,
2015-05-15,35.27106857299805,,,,,,
2015-05-18,35.5158805847168,,,,,,
2015-05-19,35.48762130737305,,,,,,
2015-05-20,34.6496467590332,,,,,,
2015-05-21,34.67789077758789,,,,,,
2015-05-22,34.50840377807617,,,,,,
2015-05-26,34.05645751953125,,,,,,
2015-05-27,34.59314727783203,,,,,,
2015-05-28,34.48015594482422,,,,,,
2015-05-29,34.46133041381836,,,,,,
2015-06-01,34.69670486450195,,,,,,
2015-06-02,34.62139129638672,,,,,,
2015-06-03,34.67789077758789,,,,,,
2015-06-04,34.291839599609375,,,,,,
2015-06-05,34.62139129638672,,,,,,
2015-06-08,33.896385192871094,,,,,,
2015-06-09,33.83047103881836,,,,,,
2015-06-10,34.12235641479492,,,,,,
2015-06-11,34.273006439208984,,,,,,
2015-06-12,34.367156982421875,,,,,,
2015-06-15,34.1694450378418,,,,,,
2015-06-16,34.14118957519531,,,,,,
2015-06-17,34.26359939575195,,,,,,
2015-06-18,34.69670486450195,,,,,,
2015-06-19,34.96034622192383,,,,,,
2015-06-22,35.318145751953125,,,,,,
2015-06-23,35.242820739746094,,,,,,
2015-06-24,34.903846740722656,,,,,,
2015-06-25,35.035682678222656,,,,,,
2015-06-26,35.139251708984375,,,,,,
2015-06-29,34.22593307495117,,,,,,
2015-06-30,34.48957061767578,,,,,,
2015-07-01,34.32009506225586,,,,,,
2015-07-02,34.32009506225586,,,,,,
2015-07-06,34.45191192626953,,,,,,
2015-07-07,34.82853698730469,,,,,,
2015-07-08,34.18826675415039,,,,,,
2015-07-09,34.291839599609375,,,,,,
2015-07-10,35.14866256713867,,,,,,
2015-07-13,35.75126266479492,,,,,,
2015-07-14,35.73243713378906,,,,,,
2015-07-15,35.5158805847168,,,,,,
2015-07-16,35.704185485839844,,,,,,
2015-07-17,35.704185485839844,,,,,,
2015-07-20,35.5723762512207,,,,,,
2015-07-21,35.68535614013672,,,,,,
2015-07-22,35.99608612060547,,,,,,
2015-07-23,35.562965393066406,,,,,,
2015-07-24,35.035682678222656,,,,,,
2015-07-27,34.715545654296875,,,,,,
2015-07-28,35.01683807373047,,,,,,
2015-07-29,35.10158157348633,,,,,,
2015-07-30,35.186336517333984,,,,,,
2015-07-31,35.5723762512207,,,,,,
2015-08-03,35.967830657958984,,,,,,
2015-08-04,36.06198120117188,,,,,,
2015-08-05,35.854835510253906,,,,,,
2015-08-06,35.14866256713867,,,,,,
2015-08-07,35.0827522277832,,,,,,
2015-08-10,35.12983703613281,,,,,,
2015-08-11,35.205162048339844,,,,,,
2015-08-12,34.98859405517578,,,,,,
2015-08-13,35.2805061340332,,,,,,
2015-08-14,35.3746452331543,,,,,,
2015-08-17,35.83601379394531,,,,,,
2015-08-18,35.562965393066406,,,,,,
2015-08-19,35.41230392456055,,,,,,
2015-08-20,34.32009506225586,,,,,,
2015-08-21,33.510337829589844,,,,,,
2015-08-24,32.08857727050781,,,,,,
2015-08-25,32.258060455322266,,,,,,
2015-08-26,33.15253829956055,,,,,,
2015-08-27,33.49151611328125,,,,,,
2015-08-28,33.689231872558594,,,,,,
2015-08-31,33.40676498413086,,,,,,
2015-09-01,32.719425201416016,,,,,,
2015-09-02,33.660980224609375,,,,,,
2015-09-03,33.83991241455078,,,,,,
2015-09-04,33.92462158203125,,,,,,
2015-09-08,34.61197662353516,,,,,,
2015-09-09,34.367156982421875,,,,,,
2015-09-10,34.51781463623047,,,,,,
2015-09-11,34.819122314453125,,,,,,
2015-09-14,34.80028533935547,,,,,,
2015-09-15,34.903846740722656,,,,,,
2015-09-16,35.15807342529297,,,,,,
2015-09-17,35.52529525756836,,,,,,
2015-09-18,34.999305725097656,,,,,,
2015-09-21,35.16898727416992,,,,,,
2015-09-22,34.53743362426758,,,,,,
2015-09-23,34.65997314453125,,,,,,
2015-09-24,34.396034240722656,,,,,,
2015-09-25,34.32063293457031,,,,,,
2015-09-28,33.17063903808594,,,,,,
2015-09-29,33.04811096191406,,,,,,
2015-09-30,33.594818115234375,,,,,,
2015-10-01,33.660789489746094,,,,,,
2015-10-02,34.00957107543945,,,,,,
2015-10-05,34.74481201171875,,,,,,
2015-10-06,33.95301055908203,,,,,,
2015-10-07,34.31119918823242,,,,,,
2015-10-08,34.55628204345703,,,,,,
2015-10-09,35.06529998779297,,,,,,
2015-10-12,35.564884185791016,,,,,,
2015-10-13,35.17841339111328,,,,,,
2015-10-14,34.65997314453125,,,,,,
2015-10-15,35.33864974975586,,,,,,
2015-10-16,35.272666931152344,,,,,,
2015-10-19,35.74397659301758,,,,,,
2015-10-20,35.74397659301758,,,,,,
2015-10-21,35.25382614135742,,,,,,
2015-10-22,35.715694427490234,,,,,,
2015-10-23,36.34723663330078,,,,,,
2015-10-26,36.8279914855957,,,,,,
2015-10-27,36.34723663330078,,,,,,
2015-10-28,36.59233856201172,,,,,,
2015-10-29,36.35668182373047,,,,,,
2015-10-30,36.25298309326172,,,,,,
2015-11-02,36.66773986816406,,,,,,
2015-11-03,36.72430419921875,,,,,,
2015-11-04,36.1493034362793,,,,,,
2015-11-05,36.234134674072266,,,,,,
2015-11-06,36.61119079589844,,,,,,
2015-11-09,35.93251419067383,,,,,,
2015-11-10,36.158729553222656,,,,,,
2015-11-11,36.03619766235352,,,,,,
2015-11-12,35.50832748413086,,,,,,
2015-11-13,35.037017822265625,,,,,,
2015-11-16,34.91447448730469,,,,,,
2015-11-17,34.82964324951172,,,,,,
2015-11-18,35.2915153503418,,,,,,
2015-11-19,35.414066314697266,,,,,,
2015-11-20,35.715694427490234,,,,,,
2015-11-23,35.800537109375,,,,,,
2015-11-24,35.3669319152832,,,,,,
2015-11-25,35.55546188354492,,,,,,
2015-11-27,35.60259246826172,,,,,,
2015-11-30,35.09357070922852,,,,,,
2015-12-01,35.564884185791016,,,,,,
2015-12-02,35.630863189697266,,,,,,
2015-12-03,35.09357070922852,,,,,,
2015-12-04,35.83823013305664,,,,,,
2015-12-07,36.13987731933594,,,,,,
2015-12-08,35.546024322509766,,,,,,
2015-12-09,35.1972541809082,,,,,,
2015-12-10,35.546024322509766,,,,,,
2015-12-11,34.50914764404297,,,,,,
2015-12-14,34.462013244628906,,,,,,
2015-12-15,34.86735153198242,,,,,,
2015-12-16,35.38578414916992,,,,,,
2015-12-17,34.83906936645508,,,,,,
2015-12-18,34.26932907104492,,,,,,
2015-12-21,34.75040435791016,,,,,,
2015-12-22,34.807003021240234,,,,,,
2015-12-23,35.005088806152344,,,,,,
2015-12-24,35.13713836669922,,,,,,
2015-12-28,35.08998107910156,,,,,,
2015-12-29,35.467288970947266,,,,,,
2015-12-30,35.07111740112305,,,,,,
2015-12-31,34.6749382019043,,,,,,
2016-01-04,33.656185150146484,,,,,,
2016-01-05,33.4297981262207,,,,,,
2016-01-06,33.39208221435547,,,,,,
2016-01-07,32.429931640625,,,,,,
2016-01-08,32.118656158447266,,,,,,
2016-01-11,32.34503173828125,,,,,,
2016-01-12,32.55255889892578,,,,,,
2016-01-13,31.33573341369629,,,,,,
2016-01-14,31.68474578857422,,,,,,
2016-01-15,30.920690536499023,,,,,,
2016-01-19,30.93012046813965,,,,,,
2016-01-20,30.788631439208984,,,,,,
2016-01-21,31.06217193603516,,,,,,
2016-01-22,31.580978393554688,,,,,,
2016-01-25,30.873519897460938,,,,,,
2016-01-26,31.364017486572266,,,,,,
2016-01-27,30.986713409423828,,,,,,
2016-01-28,30.54337501525879,,,,,,
2016-01-29,31.411190032958984,,,,,,
2016-02-01,31.79793739318848,,,,,,
2016-02-02,30.84522247314453,,,,,,
2016-02-03,30.64714431762696,,,,,,
2016-02-04,30.901811599731445,,,,,,
2016-02-05,29.4303035736084,,,,,,
2016-02-08,28.939802169799805,,,,,,
2016-02-09,29.128448486328125,,,,,,
2016-02-10,29.4303035736084,,,,,,
2016-02-11,29.41144561767578,,,,,,
2016-02-12,30.10003662109375,,,,,,
2016-02-16,30.85466194152832,,,,,,
2016-02-17,31.66587829589844,,,,,,
2016-02-18,31.67531394958496,,,,,,
2016-02-19,31.92999839782715,,,,,,
2016-02-22,32.52427673339844,,,,,,
2016-02-23,32.36390686035156,,,,,,
2016-02-24,32.62801742553711,,,,,,
2016-02-25,32.9864616394043,,,,,,
2016-02-26,32.96760559082031,,,,,,
2016-02-29,32.8827018737793,,,,,,
2016-03-01,33.51471328735352,,,,,,
2016-03-02,33.40151596069336,,,,,,
2016-03-03,33.59016799926758,,,,,,
2016-03-04,33.542991638183594,,,,,,
2016-03-07,33.47697067260742,,,,,,
2016-03-08,32.97703170776367,,,,,,
2016-03-09,33.26001739501953,,,,,,
2016-03-10,33.16569519042969,,,,,,
2016-03-11,33.75051498413086,,,,,,
2016-03-14,33.83540725708008,,,,,,
2016-03-15,33.609039306640625,,,,,,
2016-03-16,34.03351211547852,,,,,,
2016-03-17,33.99578094482422,,,,,,
2016-03-18,34.32887649536133,,,,,,
2016-03-21,34.3571891784668,,,,,,
2016-03-22,34.159034729003906,,,,,,
2016-03-23,34.01748275756836,,,,,,
2016-03-24,33.809898376464844,,,,,,
2016-03-28,34.14957427978516,,,,,,
2016-03-29,34.706329345703125,,,,,,
2016-03-30,35.027156829833984,,,,,,
2016-03-31,34.885616302490234,,,,,,
2016-04-01,34.885616302490234,,,,,,
2016-04-04,35.083778381347656,,,,,,
2016-04-05,34.78181838989258,,,,,,
2016-04-06,34.979976654052734,,,,,,
2016-04-07,34.62138748168945,,,,,,
2016-04-08,34.81011962890625,,,,,,
2016-04-11,34.73463439941406,,,,,,
2016-04-12,34.942230224609375,,,,,,
2016-04-13,35.38572692871094,,,,,,
2016-04-14,35.51783752441406,,,,,,
2016-04-15,35.55558395385742,,,,,,
2016-04-18,35.631072998046875,,,,,,
2016-04-19,35.61220169067383,,,,,,
2016-04-20,35.51783752441406,,,,,,
2016-04-21,34.98941421508789,,,,,,
2016-04-22,34.51759338378906,,,,,,
2016-04-25,34.4515495300293,,,,,,
2016-04-26,34.49873352050781,,,,,,
2016-04-27,34.42323303222656,,,,,,
2016-04-28,33.77212905883789,,,,,,
2016-04-29,33.658897399902344,,,,,,
2016-05-02,34.02691650390625,,,,,,
2016-05-03,33.90425109863281,,,,,,
2016-05-04,33.45130920410156,,,,,,
2016-05-05,33.366397857666016,,,,,,
2016-05-06,33.39467239379883,,,,,,
2016-05-09,33.724945068359375,,,,,,
2016-05-10,34.02691650390625,,,,,,
2016-05-11,33.42300796508789,,,,,,
2016-05-12,33.18708801269531,,,,,,
2016-05-13,33.05499267578125,,,,,,
2016-05-16,33.29090118408203,,,,,,
2016-05-17,33.10216522216797,,,,,,
2016-05-18,32.95118713378906,,,,,,
2016-05-19,32.73415756225586,,,,,,
2016-05-20,32.8190803527832,,,,,,
2016-05-23,32.72471618652344,,,,,,
2016-05-24,33.19652557373047,,,,,,
2016-05-25,33.12104034423828,,,,,,
2016-05-26,32.95118713378906,,,,,,
2016-05-27,33.234275817871094,,,,,,
2016-05-31,33.0738639831543,,,,,,
2016-06-01,33.253170013427734,,,,,,
2016-06-02,33.31919479370117,,,,,,
2016-06-03,33.01725387573242,,,,,,
2016-06-06,33.03611755371094,,,,,,
2016-06-07,33.328643798828125,,,,,,
2016-06-08,33.39467239379883,,,,,,
2016-06-09,33.55510711669922,,,,,,
2016-06-10,33.18708801269531,,,,,,
2016-06-13,32.5360107421875,,,,,,
2016-06-14,32.21515274047852,,,,,,
2016-06-15,32.21515274047852,,,,,,
2016-06-16,32.026424407958984,,,,,,
2016-06-17,32.037784576416016,,,,,,
2016-06-20,32.26480484008789,,,,,,
2016-06-21,32.283729553222656,,,,,,
2016-06-22,32.20806121826172,,,,,,
2016-06-23,32.37831115722656,,,,,,
2016-06-24,31.14863967895508,,,,,,
2016-06-27,30.297327041625977,,,,,,
2016-06-28,30.74189758300781,,,,,,
2016-06-29,31.41349601745605,,,,,,
2016-06-30,31.76348114013672,,,,,,
2016-07-01,31.95265388488769,,,,,,
2016-07-05,31.621585845947266,,,,,,
2016-07-06,31.649959564208984,,,,,,
2016-07-07,31.94321060180664,,,,,,
2016-07-08,32.472900390625,,,,,,
2016-07-11,32.84181213378906,,,,,,
2016-07-12,33.56069564819336,,,,,,
2016-07-13,33.48503112792969,,,,,,
2016-07-14,33.96745300292969,,,,,,
2016-07-15,33.7120475769043,,,,,,
2016-07-18,33.645835876464844,,,,,,
2016-07-19,33.68365478515625,,,,,,
2016-07-20,33.68365478515625,,,,,,
2016-07-21,33.23908996582031,,,,,,
2016-07-22,33.759334564208984,,,,,,
2016-07-25,33.68365478515625,,,,,,
2016-07-26,33.63637924194336,,,,,,
2016-07-27,33.4377326965332,,,,,,
2016-07-28,33.674224853515625,,,,,,
2016-07-29,33.31476974487305,,,,,,
2016-08-01,33.352596282958984,,,,,,
2016-08-02,32.44453048706055,,,,,,
2016-08-03,32.52021408081055,,,,,,
2016-08-04,32.5864143371582,,,,,,
2016-08-05,33.11613082885742,,,,,,
2016-08-08,33.191795349121094,,,,,,
2016-08-09,33.068817138671875,,,,,,
2016-08-10,33.040462493896484,,,,,,
2016-08-11,33.3809814453125,,,,,,
2016-08-12,33.26746368408203,,,,,,
2016-08-15,33.51340103149414,,,,,,
2016-08-16,33.352596282958984,,,,,,
2016-08-17,33.3809814453125,,,,,,
2016-08-18,33.4377326965332,,,,,,
2016-08-19,33.2107048034668,,,,,,
2016-08-22,33.18234634399414,,,,,,
2016-08-23,33.3998908996582,,,,,,
2016-08-24,33.305301666259766,,,,,,
2016-08-25,33.26746368408203,,,,,,
2016-08-26,32.99315643310547,,,,,,
2016-08-29,33.10667037963867,,,,,,
2016-08-30,33.3620491027832,,,,,,
2016-08-31,33.2107048034668,,,,,,
2016-09-01,33.10667037963867,,,,,,
2016-09-02,33.333709716796875,,,,,,
2016-09-06,33.3620491027832,,,,,,
2016-09-07,33.87284851074219,,,,,,
2016-09-08,33.83501434326172,,,,,,
2016-09-09,32.94586944580078,,,,,,
2016-09-12,33.3998908996582,,,,,,
2016-09-13,33.0499153137207,,,,,,
2016-09-14,32.87018966674805,,,,,,
2016-09-15,33.11613082885742,,,,,,
2016-09-16,32.90000534057617,,,,,,
2016-09-19,33.07063293457031,,,,,,
2016-09-20,33.10854721069336,,,,,,
2016-09-21,33.34550476074219,,,,,,
2016-09-22,33.76255798339844,,,,,,
2016-09-23,33.89525604248047,,,,,,
2016-09-26,33.39290237426758,,,,,,
2016-09-27,33.68673324584961,,,,,,
2016-09-28,33.62038040161133,,,,,,
2016-09-29,33.45924377441406,,,,,,
2016-09-30,33.71516799926758,,,,,,
2016-10-03,33.99005508422852,,,,,,
2016-10-04,33.96162033081055,,,,,,
2016-10-05,33.90473937988281,,,,,,
2016-10-06,33.99953079223633,,,,,,
2016-10-07,33.819435119628906,,,,,,
2016-10-10,34.19856643676758,,,,,,
2016-10-11,33.828914642333984,,,,,,
2016-10-12,33.98056411743164,,,,,,
2016-10-13,34.13222885131836,,,,,,
2016-10-14,34.056396484375,,,,,,
2016-10-17,33.8668212890625,,,,,,
2016-10-18,34.160667419433594,,,,,,
2016-10-19,34.52084732055664,,,,,,
2016-10-20,34.69145584106445,,,,,,
2016-10-21,34.871551513671875,,,,,,
2016-10-24,34.84310531616211,,,,,,
2016-10-25,34.4639778137207,,,,,,
2016-10-26,34.14170455932617,,,,,,
2016-10-27,34.08483123779297,,,,,,
2016-10-28,34.23648834228516,,,,,,
2016-10-31,34.5682373046875,,,,,,
2016-11-01,34.255455017089844,,,,,,
2016-11-02,34.103782653808594,,,,,,
2016-11-03,33.8668212890625,,,,,,
2016-11-04,34.01848602294922,,,,,,
2016-11-07,34.96632766723633,,,,,,
2016-11-08,35.18434143066406,,,,,,
2016-11-09,35.62983703613281,,,,,,
2016-11-10,35.857322692871094,,,,,,
2016-11-11,36.14167404174805,,,,,,
2016-11-14,36.662994384765625,,,,,,
2016-11-15,36.9094352722168,,,,,,
2016-11-16,36.8620491027832,,,,,,
2016-11-17,37.40232849121094,,,,,,
2016-11-18,37.54449844360352,,,,,,
2016-11-21,37.64876937866211,,,,,,
2016-11-22,37.989994049072266,,,,,,
2016-11-23,38.22696685791016,,,,,,
2016-11-25,38.23643493652344,,,,,,
2016-11-28,37.92363739013672,,,,,,
2016-11-29,38.04685974121094,,,,,,
2016-11-30,37.62031936645508,,,,,,
2016-12-01,37.58242034912109,,,,,,
2016-12-02,37.44023132324219,,,,,,
2016-12-05,37.76251220703125,,,,,,
2016-12-06,38.1795654296875,,,,,,
2016-12-07,38.899940490722656,,,,,,
2016-12-08,38.748268127441406,,,,,,
2016-12-09,38.98524475097656,,,,,,
2016-12-12,38.217472076416016,,,,,,
2016-12-13,38.51131820678711,,,,,,
2016-12-14,38.51131820678711,,,,,,
2016-12-15,38.64400100708008,,,,,,
2016-12-16,38.49671173095703,,,,,,
2016-12-19,38.58223724365234,,,,,,
2016-12-20,38.90534210205078,,,,,,
2016-12-21,39.10490417480469,,,,,,
2016-12-22,38.66777038574219,,,,,,
2016-12-23,38.66777038574219,,,,,,
2016-12-27,38.7532958984375,,,,,,
2016-12-28,38.373172760009766,,,,,,
2016-12-29,38.33515930175781,,,,,,
2016-12-30,38.03107452392578,,,,,,
2017-01-03,38.28764343261719,,,,,,
2017-01-04,38.78179168701172,,,,,,
2017-01-05,38.56324005126953,,,,,,
2017-01-06,38.44920349121094,,,,,,
2017-01-09,38.230613708496094,,,,,,
2017-01-10,38.59174728393555,,,,,,
2017-01-11,38.76280975341797,,,,,,
2017-01-12,38.53471374511719,,,,,,
2017-01-13,38.69627380371094,,,,,,
2017-01-17,38.52522659301758,,,,,,
2017-01-18,38.64876556396485,,,,,,
2017-01-19,38.44920349121094,,,,,,
2017-01-20,38.7532958984375,,,,,,
2017-01-23,38.5537338256836,,,,,,
2017-01-24,38.94335174560547,,,,,,
2017-01-25,39.085899353027344,,,,,,
2017-01-26,39.20944213867188,,,,,,
2017-01-27,38.89585113525391,,,,,,
2017-01-30,38.49671173095703,,,,,,
2017-01-31,38.44920349121094,,,,,,
2017-02-01,38.3161506652832,,,,,,
2017-02-02,38.30664825439453,,,,,,
2017-02-03,38.45870208740234,,,,,,
2017-02-06,38.58223724365234,,,,,,
2017-02-07,38.38267135620117,,,,,,
2017-02-08,38.41119003295898,,,,,,
2017-02-09,38.97185897827149,,,,,,
2017-02-10,39.114402770996094,,,,,,
2017-02-13,39.19993591308594,,,,,,
2017-02-14,39.07640075683594,,,,,,
2017-02-15,39.49453353881836,,,,,,
2017-02-16,39.066890716552734,,,,,,
2017-02-17,39.03839111328125,,,,,,
2017-02-21,39.31397247314453,,,,,,
2017-02-22,39.01937484741211,,,,,,
2017-02-23,38.92435073852539,,,,,,
2017-02-24,39.09540557861328,,,,,,
2017-02-27,39.1334228515625,,,,,,
2017-02-28,38.89585113525391,,,,,,
2017-03-01,39.142913818359375,,,,,,
2017-03-02,38.69627380371094,,,,,,
2017-03-03,38.93385314941406,,,,,,
2017-03-06,38.54423522949219,,,,,,
2017-03-07,38.26863098144531,,,,,,
2017-03-08,38.42069625854492,,,,,,
2017-03-09,38.230613708496094,,,,,,
2017-03-10,38.47770309448242,,,,,,
2017-03-13,38.35417175292969,,,,,,
2017-03-14,37.9930534362793,,,,,,
2017-03-15,38.58223724365234,,,,,,
2017-03-16,38.49671173095703,,,,,,
2017-03-17,38.487213134765625,,,,,,
2017-03-20,38.42069625854492,,,,,,
2017-03-21,37.821998596191406,,,,,,
2017-03-22,38.0120735168457,,,,,,
2017-03-23,38.26863098144531,,,,,,
2017-03-24,38.36367034912109,,,,,,
2017-03-27,38.43969345092773,,,,,,
2017-03-28,38.87682723999024,,,,,,
2017-03-29,38.80080795288086,,,,,,
2017-03-30,39.142913818359375,,,,,,
2017-03-31,39.17142868041992,,,,,,
2017-04-03,39.02888107299805,,,,,,
2017-04-04,38.91484069824219,,,,,,
2017-04-05,38.71528244018555,,,,,,
2017-04-06,38.93385314941406,,,,,,
2017-04-07,38.70577621459961,,,,,,
2017-04-10,38.67726516723633,,,,,,
2017-04-11,38.74378204345703,,,,,,
2017-04-12,38.29715347290039,,,,,,
2017-04-13,38.0690803527832,,,,,,
2017-04-17,38.3161506652832,,,,,,
2017-04-18,38.33515930175781,,,,,,
2017-04-19,38.53471374511719,,,,,,
2017-04-20,39.03839111328125,,,,,,
2017-04-21,39.00037384033203,,,,,,
2017-04-24,39.285457611083984,,,,,,
2017-04-25,39.703590393066406,,,,,,
2017-04-26,39.969688415527344,,,,,,
2017-04-27,39.81763458251953,,,,,,
2017-04-28,39.931671142578125,,,,,,
2017-05-01,39.950679779052734,,,,,,
2017-05-02,40.29278564453125,,,,,,
2017-05-03,39.86514663696289,,,,,,
2017-05-04,39.76061248779297,,,,,,
2017-05-05,39.82713317871094,,,,,,
2017-05-08,39.504032135009766,,,,,,
2017-05-09,39.73208999633789,,,,,,
2017-05-10,39.6370849609375,,,,,,
2017-05-11,39.49453353881836,,,,,,
2017-05-12,39.22845077514648,,,,,,
2017-05-15,39.523040771484375,,,,,,
2017-05-16,39.38999557495117,,,,,,
2017-05-17,38.5537338256836,,,,,,
2017-05-18,38.62975692749024,,,,,,
2017-05-19,39.07640075683594,,,,,,
2017-05-22,39.285457611083984,,,,,,
2017-05-23,39.29496383666992,,,,,,
2017-05-24,39.551544189453125,,,,,,
2017-05-25,40.007694244384766,,,,,,
2017-05-26,39.96018600463867,,,,,,
2017-05-30,39.6275749206543,,,,,,
2017-05-31,39.74161529541016,,,,,,
2017-06-01,40.39731597900391,,,,,,
2017-06-02,40.65389633178711,,,,,,
2017-06-05,40.39731597900391,,,,,,
2017-06-06,40.33079147338867,,,,,,
2017-06-07,40.61588668823242,,,,,,
2017-06-08,40.67290878295898,,,,,,
2017-06-09,40.05521011352539,,,,,,
2017-06-12,39.846134185791016,,,,,,
2017-06-13,40.19775390625,,,,,,
2017-06-14,39.969688415527344,,,,,,
2017-06-15,39.74161529541016,,,,,,
2017-06-16,40.013214111328125,,,,,,
2017-06-19,40.51049423217773,,,,,,
2017-06-20,40.003639221191406,,,,,,
2017-06-21,40.013214111328125,,,,,,
2017-06-22,40.06102752685547,,,,,,
2017-06-23,40.10884475708008,,,,,,
2017-06-26,40.22361373901367,,,,,,
2017-06-27,39.94626235961914,,,,,,
2017-06-28,40.003639221191406,,,,,,
2017-06-29,39.630672454833984,,,,,,
2017-06-30,39.68804931640625,,,,,,
2017-07-03,39.68804931640625,,,,,,
2017-07-05,39.58285903930664,,,,,,
2017-07-06,39.18119812011719,,,,,,
2017-07-07,39.793251037597656,,,,,,
2017-07-10,39.73585891723633,,,,,,
2017-07-11,39.6689338684082,,,,,,
2017-07-12,40.11840438842773,,,,,,
2017-07-13,39.90800857543945,,,,,,
2017-07-14,39.90800857543945,,,,,,
2017-07-17,39.84106063842773,,,,,,
2017-07-18,39.8984489440918,,,,,,
2017-07-19,39.88888931274414,,,,,,
2017-07-20,40.09927749633789,,,,,,
2017-07-21,39.92713165283203,,,,,,
2017-07-24,39.994083404541016,,,,,,
2017-07-25,39.95582580566406,,,,,,
2017-07-26,39.64980697631836,,,,,,
2017-07-27,39.26726531982422,,,,,,
2017-07-28,39.13337326049805,,,,,,
2017-07-31,38.96123504638672,,,,,,
2017-08-01,39.14294052124024,,,,,,
2017-08-02,39.02817153930664,,,,,,
2017-08-03,39.200321197509766,,,,,,
2017-08-04,39.3437728881836,,,,,,
2017-08-07,39.42982864379883,,,,,,
2017-08-08,39.009056091308594,,,,,,
2017-08-09,38.90385818481445,,,,,,
2017-08-10,38.55957412719727,,,,,,
2017-08-11,38.67433547973633,,,,,,
2017-08-14,38.95166397094727,,,,,,
2017-08-15,39.047306060791016,,,,,,
2017-08-16,38.98991775512695,,,,,,
2017-08-17,38.46393966674805,,,,,,
2017-08-18,38.17703628540039,,,,,,
2017-08-21,38.26310348510742,,,,,,
2017-08-22,38.57869720458984,,,,,,
2017-08-23,38.20572280883789,,,,,,
2017-08-24,37.89014434814453,,,,,,
2017-08-25,38.17703628540039,,,,,,
2017-08-28,38.07183837890625,,,,,,
2017-08-29,37.89014434814453,,,,,,
2017-08-30,38.05270767211914,,,,,,
2017-08-31,38.55957412719727,,,,,,
2017-09-01,38.74127578735352,,,,,,
2017-09-05,38.24398040771485,,,,,,
2017-09-06,38.100528717041016,,,,,,
2017-09-07,38.06228256225586,,,,,,
2017-09-08,37.98577499389648,,,,,,
2017-09-11,38.57869720458984,,,,,,
2017-09-12,38.72213745117188,,,,,,
2017-09-13,38.90385818481445,,,,,,
2017-09-14,38.712589263916016,,,,,,
2017-09-15,38.68388748168945,,,,,,
2017-09-18,38.69826126098633,,,,,,
2017-09-19,38.88968276977539,,,,,,
2017-09-20,38.956687927246094,,,,,,
2017-09-21,39.08111953735352,,,,,,
2017-09-22,39.05240249633789,,,,,,
2017-09-25,38.7939682006836,,,,,,
2017-09-26,39.0428352355957,,,,,,
2017-09-27,39.40656280517578,,,,,,
2017-09-28,39.282135009765625,,,,,,
2017-09-29,39.540557861328125,,,,,,
2017-10-02,39.52141952514648,,,,,,
2017-10-03,39.88513946533203,,,,,,
2017-10-04,39.96171569824219,,,,,,
2017-10-05,40.33500289916992,,,,,,
2017-10-06,40.41158676147461,,,,,,
2017-10-09,40.24886703491211,,,,,,
2017-10-10,40.39243698120117,,,,,,
2017-10-11,40.43072891235352,,,,,,
2017-10-12,40.19144058227539,,,,,,
2017-10-13,40.28715133666992,,,,,,
2017-10-16,40.30629348754883,,,,,,
2017-10-17,40.36372375488281,,,,,,
2017-10-18,40.47859191894531,,,,,,
2017-10-19,40.22014617919922,,,,,,
2017-10-20,40.3254280090332,,,,,,
2017-10-23,40.00957107543945,,,,,,
2017-10-24,40.0478630065918,,,,,,
2017-10-25,39.674560546875,,,,,,
2017-10-26,39.86600112915039,,,,,,
2017-10-27,39.837284088134766,,,,,,
2017-10-30,39.588417053222656,,,,,,
2017-10-31,39.980865478515625,,,,,,
2017-11-01,39.87557220458984,,,,,,
2017-11-02,39.86600112915039,,,,,,
2017-11-03,40.019142150878906,,,,,,
2017-11-06,40.3445930480957,,,,,,
2017-11-07,39.92344284057617,,,,,,
2017-11-08,40.019142150878906,,,,,,
2017-11-09,39.86600112915039,,,,,,
2017-11-10,39.93300247192383,,,,,,
2017-11-13,39.91386795043945,,,,,,
2017-11-14,40.05742263793945,,,,,,
2017-11-15,39.91386795043945,,,,,,
2017-11-16,40.44028091430664,,,,,,
2017-11-17,40.47859191894531,,,,,,
2017-11-20,40.61259078979492,,,,,,
2017-11-21,40.9093132019043,,,,,,
2017-11-22,40.87101745605469,,,,,,
2017-11-24,40.89017105102539,,,,,,
2017-11-27,40.80402374267578,,,,,,
2017-11-28,41.100730895996094,,,,,,
2017-11-29,41.11988830566406,,,,,,
2017-11-30,41.62718963623047,,,,,,
2017-12-01,41.4644775390625,,,,,,
2017-12-04,41.70377349853516,,,,,,
2017-12-05,41.38789367675781,,,,,,
2017-12-06,41.1868896484375,,,,,,
2017-12-07,41.5410385131836,,,,,,
2017-12-08,41.72289276123047,,,,,,
2017-12-11,41.770751953125,,,,,,
2017-12-12,41.42617034912109,,,,,,
2017-12-13,41.47404861450195,,,,,,
2017-12-14,41.29217147827149,,,,,,
2017-12-15,41.770751953125,,,,,,
2017-12-18,42.22062301635742,,,,,,
2017-12-19,42.24933624267578,,,,,,
2017-12-20,42.35463333129883,,,,,,
2017-12-21,42.63221740722656,,,,,,
2017-12-22,42.3259162902832,,,,,,
2017-12-26,42.306766510009766,,,,,,
2017-12-27,42.43120574951172,,,,,,
2017-12-28,42.4694938659668,,,,,,
2017-12-29,42.29719543457031,,,,,,
2018-01-02,42.28763198852539,,,,,,
2018-01-03,42.10577392578125,,,,,,
2018-01-04,42.11534118652344,,,,,,
2018-01-05,42.14405822753906,,,,,,
2018-01-08,42.15361785888672,,,,,,
2018-01-09,42.26848220825195,,,,,,
2018-01-10,42.43120574951172,,,,,,
2018-01-11,43.04378890991211,,,,,,
2018-01-12,43.35008239746094,,,,,,
2018-01-16,43.31179428100586,,,,,,
2018-01-17,43.59894180297852,,,,,,
2018-01-18,43.589385986328125,,,,,,
2018-01-19,44.02010345458984,,,,,,
2018-01-22,44.383827209472656,,,,,,
2018-01-23,44.53696441650391,,,,,,
2018-01-24,44.53696441650391,,,,,,
2018-01-25,44.52738952636719,,,,,,
2018-01-26,44.46040725708008,,,,,,
2018-01-29,44.36467742919922,,,,,,
2018-01-30,44.29767990112305,,,,,,
2018-01-31,44.383827209472656,,,,,,
2018-02-01,44.61354446411133,,,,,,
2018-02-02,43.5606575012207,,,,,,
2018-02-05,42.5364875793457,,,,,,
2018-02-06,42.8427848815918,,,,,,
2018-02-07,43.12994003295898,,,,,,
2018-02-08,42.03877258300781,,,,,,
2018-02-09,41.885623931884766,,,,,,
2018-02-12,42.47906875610352,,,,,,
2018-02-13,42.67049789428711,,,,,,
2018-02-14,43.31179428100586,,,,,,
2018-02-15,43.51279830932617,,,,,,
2018-02-16,43.39794921875,,,,,,
2018-02-20,43.37879180908203,,,,,,
2018-02-21,43.36922073364258,,,,,,
2018-02-22,43.0533561706543,,,,,,
2018-02-23,43.3309440612793,,,,,,
2018-02-26,43.6085205078125,,,,,,
2018-02-27,43.02465438842773,,,,,,
2018-02-28,42.98636245727539,,,,,,
2018-03-01,42.26848220825195,,,,,,
2018-03-02,42.47906875610352,,,,,,
2018-03-05,42.68007278442383,,,,,,
2018-03-06,42.87149810791016,,,,,,
2018-03-07,43.01508331298828,,,,,,
2018-03-08,43.7042236328125,,,,,,
2018-03-09,44.55611801147461,,,,,,
2018-03-12,44.45081329345703,,,,,,
2018-03-13,44.19238662719727,,,,,,
2018-03-14,44.13496017456055,,,,,,
2018-03-15,44.01052474975586,,,,,,
2018-03-16,44.288124084472656,,,,,,
2018-03-19,43.83746337890625,,,,,,
2018-03-20,43.92375183105469,,,,,,
2018-03-21,43.80868911743164,,,,,,
2018-03-22,42.65809631347656,,,,,,
2018-03-23,41.881465911865234,,,,,,
2018-03-26,42.84986877441406,,,,,,
2018-03-27,42.39922332763672,,,,,,
2018-03-28,42.33209609985352,,,,,,
2018-03-29,42.69645690917969,,,,,,
2018-04-02,41.565040588378906,,,,,,
2018-04-03,42.092411041259766,,,,,,
2018-04-04,42.51428985595703,,,,,,
2018-04-05,42.94575881958008,,,,,,
2018-04-06,41.919803619384766,,,,,,
2018-04-09,42.29375457763672,,,,,,
2018-04-10,42.06363296508789,,,,,,
2018-04-11,42.006107330322266,,,,,,
2018-04-12,42.610164642333984,,,,,,
2018-04-13,42.217041015625,,,,,,
2018-04-16,43.11834716796875,,,,,,
2018-04-17,43.482696533203125,,,,,,
2018-04-18,44.01005172729492,,,,,,
2018-04-19,43.78951644897461,,,,,,
2018-04-20,43.66487884521485,,,,,,
2018-04-23,43.88540267944336,,,,,,
2018-04-24,43.38680648803711,,,,,,
2018-04-25,43.33888244628906,,,,,,
2018-04-26,43.31010818481445,,,,,,
2018-04-27,43.195045471191406,,,,,,
2018-04-30,43.13752365112305,,,,,,
2018-05-01,43.13752365112305,,,,,,
2018-05-02,43.14710998535156,,,,,,
2018-05-03,42.86904525756836,,,,,,
2018-05-04,43.29093933105469,,,,,,
2018-05-07,43.32928085327149,,,,,,
2018-05-08,43.34846115112305,,,,,,
2018-05-09,43.6169319152832,,,,,,
2018-05-10,44.01005172729492,,,,,,
2018-05-11,43.82787704467773,,,,,,
2018-05-14,43.636112213134766,,,,,,
2018-05-15,43.56899642944336,,,,,,
2018-05-16,44.17306137084961,,,,,,
2018-05-17,44.32645797729492,,,,,,
2018-05-18,44.3360481262207,,,,,,
2018-05-21,44.72917175292969,,,,,,
2018-05-22,44.46070861816406,,,,,,
2018-05-23,44.288124084472656,,,,,,
2018-05-24,44.6524658203125,,,,,,
2018-05-25,44.892189025878906,,,,,,
2018-05-29,44.4415168762207,,,,,,
2018-05-30,44.96887969970703,,,,,,
2018-05-31,44.527809143066406,,,,,,
2018-06-01,44.87299346923828,,,,,,
2018-06-04,44.901763916015625,,,,,,
2018-06-05,44.97846984863281,,,,,,
2018-06-06,45.33323287963867,,,,,,
2018-06-07,45.10311508178711,,,,,,
2018-06-08,44.96887969970703,,,,,,
2018-06-11,45.323638916015625,,,,,,
2018-06-12,45.43869400024414,,,,,,
2018-06-13,45.35240173339844,,,,,,
2018-06-14,45.6496467590332,,,,,,
2018-06-15,45.99481964111328,,,,,,
2018-06-18,46.157203674316406,,,,,,
2018-06-19,45.93621444702149,,,,,,
2018-06-20,46.20524215698242,,,,,,
2018-06-21,45.8497314453125,,,,,,
2018-06-22,45.83051681518555,,,,,,
2018-06-25,44.88893508911133,,,,,,
2018-06-26,44.97541046142578,,,,,,
2018-06-27,44.57185363769531,,,,,,
2018-06-28,44.68715286254883,,,,,,
2018-06-29,44.72560119628906,,,,,,
2018-07-02,44.55265045166016,,,,,,
2018-07-03,44.71599197387695,,,,,,
2018-07-05,44.80246353149414,,,,,,
2018-07-06,45.321285247802734,,,,,,
2018-07-09,45.45580673217773,,,,,,
2018-07-10,45.40776443481445,,,,,,
2018-07-11,45.10991287231445,,,,,,
2018-07-12,45.54227828979492,,,,,,
2018-07-13,45.7536506652832,,,,,,
2018-07-16,45.66718292236328,,,,,,
2018-07-17,45.859352111816406,,,,,,
2018-07-18,46.34935760498047,,,,,,
2018-07-19,46.42622375488281,,,,,,
2018-07-20,46.18601608276367,,,,,,
2018-07-23,46.157203674316406,,,,,,
2018-07-24,45.24443054199219,,,,,,
2018-07-25,45.90739059448242,,,,,,
2018-07-26,46.02268600463867,,,,,,
2018-07-27,45.68639755249024,,,,,,
2018-07-30,44.74480438232422,,,,,,
2018-07-31,45.1579475402832,,,,,,
2018-08-01,44.610294342041016,,,,,,
2018-08-02,44.60068130493164,,,,,,
2018-08-03,44.37009048461914,,,,,,
2018-08-06,44.619903564453125,,,,,,
2018-08-07,44.37009048461914,,,,,,
2018-08-08,44.45655822753906,,,,,,
2018-08-09,44.24518966674805,,,,,,
2018-08-10,43.78400421142578,,,,,,
2018-08-13,43.6014404296875,,,,,,
2018-08-14,43.97616958618164,,,,,,
2018-08-15,43.58223724365234,,,,,,
2018-08-16,43.93772506713867,,,,,,
2018-08-17,44.04342269897461,,,,,,
2018-08-20,44.4277458190918,,,,,,
2018-08-21,44.72560119628906,,,,,,
2018-08-22,44.4661750793457,,,,,,
2018-08-23,44.5910758972168,,,,,,
2018-08-24,44.85050964355469,,,,,,
2018-08-27,44.81206512451172,,,,,,
2018-08-28,45.052276611328125,,,,,,
2018-08-29,45.29246139526367,,,,,,
2018-08-30,44.9946174621582,,,,,,
2018-08-31,45.205997467041016,,,,,,
2018-09-04,45.08108901977539,,,,,,
2018-09-05,44.30284118652344,,,,,,
2018-09-06,44.08184814453125,,,,,,
2018-09-07,44.24518966674805,,,,,,
2018-09-10,44.16831970214844,,,,,,
2018-09-11,44.20675659179688,,,,,,
2018-09-12,44.197147369384766,,,,,,
2018-09-13,44.34127426147461,,,,,,
2018-09-14,44.49501037597656,,,,,,
2018-09-17,44.36048126220703,,,,,,
2018-09-18,44.69676208496094,,,,,,
2018-09-19,44.437347412109375,,,,,,
2018-09-20,44.917747497558594,,,,,,
2018-09-21,44.94658279418945,,,,,,
2018-09-24,44.705108642578125,,,,,,
2018-09-25,44.926368713378906,,,,,,
2018-09-26,45.34966278076172,,,,,,
2018-09-27,45.34966278076172,,,,,,
2018-09-28,45.37852478027344,,,,,,
2018-10-01,44.65700149536133,,,,,,
2018-10-02,44.33953857421875,,,,,,
2018-10-03,44.56081008911133,,,,,,
2018-10-04,43.762332916259766,,,,,,
2018-10-05,43.2043571472168,,,,,,
2018-10-08,43.0600700378418,,,,,,
2018-10-09,42.95423889160156,,,,,,
2018-10-10,41.73246383666992,,,,,,
2018-10-11,41.28993988037109,,,,,,
2018-10-12,41.76133346557617,,,,,,
2018-10-15,41.95372772216797,,,,,,
2018-10-16,42.771446228027344,,,,,,
2018-10-17,43.09853363037109,,,,,,
2018-10-18,42.22309112548828,,,,,,
2018-10-19,41.78057098388672,,,,,,
2018-10-22,41.83829498291016,,,,,,
2018-10-23,41.20336532592773,,,,,,
2018-10-24,39.51982116699219,,,,,,
2018-10-25,39.97196960449219,,,,,,
2018-10-26,39.3755111694336,,,,,,
2018-10-29,38.85602188110352,,,,,,
2018-10-30,39.885379791259766,,,,,,
2018-10-31,40.71273040771485,,,,,,
2018-11-01,41.15524673461914,,,,,,
2018-11-02,40.7415885925293,,,,,,
2018-11-05,40.76082611083984,,,,,,
2018-11-06,41.20336532592773,,,,,,
2018-11-07,42.049930572509766,,,,,,
2018-11-08,41.95372772216797,,,,,,
2018-11-09,41.54967880249024,,,,,,
2018-11-12,40.857025146484375,,,,,,
2018-11-13,40.98208618164063,,,,,,
2018-11-14,41.46309661865234,,,,,,
2018-11-15,40.78968811035156,,,,,,
2018-11-16,41.12639617919922,,,,,,
2018-11-19,40.23170852661133,,,,,,
2018-11-20,39.74108123779297,,,,,,
2018-11-21,40.47222518920898,,,,,,
2018-11-23,40.67424011230469,,,,,,
2018-11-26,40.87626647949219,,,,,,
2018-11-27,41.00132751464844,,,,,,
2018-11-28,41.92487335205078,,,,,,
2018-11-29,42.03069305419922,,,,,,
2018-11-30,42.0980339050293,,,,,,
2018-12-03,42.06917572021485,,,,,,
2018-12-04,40.67424011230469,,,,,,
2018-12-06,41.17449569702149,,,,,,
2018-12-07,40.58766174316406,,,,,,
2018-12-10,40.51068878173828,,,,,,
2018-12-11,40.30867767333984,,,,,,
2018-12-12,40.62614440917969,,,,,,
2018-12-13,40.41450119018555,,,,,,
2018-12-14,40.45298004150391,,,,,,
2018-12-17,39.6448860168457,,,,,,
2018-12-18,39.67373275756836,,,,,,
2018-12-19,39.2889404296875,,,,,,
2018-12-20,38.317291259765625,,,,,,
2018-12-21,37.4803352355957,,,,,,
2018-12-24,36.6928825378418,,,,,,
2018-12-26,38.003692626953125,,,,,,
2018-12-27,37.82057571411133,,,,,,
2018-12-28,37.97478103637695,,,,,,
2018-12-31,38.36030578613281,,,,,,
2019-01-02,38.62053298950195,,,,,,
2019-01-03,38.13863754272461,,,,,,
2019-01-04,39.169921875,,,,,,
2019-01-07,39.93134689331055,,,,,,
2019-01-08,40.54819488525391,,,,,,
2019-01-09,40.52892303466797,,,,,,
2019-01-10,40.57710266113281,,,,,,
2019-01-11,40.57710266113281,,,,,,
2019-01-14,40.307228088378906,,,,,,
2019-01-15,40.2590446472168,,,,,,
2019-01-16,40.307228088378906,,,,,,
2019-01-17,40.53855895996094,,,,,,
2019-01-18,40.99155807495117,,,,,,
2019-01-22,40.15302658081055,,,,,,
2019-01-23,40.490360260009766,,,,,,
2019-01-24,40.71204376220703,,,,,,
2019-01-25,40.731327056884766,,,,,,
2019-01-28,40.9626350402832,,,,,,
2019-01-29,40.70241165161133,,,,,,
2019-01-30,40.65420913696289,,,,,,
2019-01-31,40.85661697387695,,,,,,
2019-02-01,40.57710266113281,,,,,,
2019-02-04,40.88553237915039,,,,,,
2019-02-05,41.19396209716797,,,,,,
2019-02-06,41.07830429077149,,,,,,
2019-02-07,40.924095153808594,,,,,,
2019-02-08,41.107215881347656,,,,,,
2019-02-11,40.9626350402832,,,,,,
2019-02-12,41.03974533081055,,,,,,
2019-02-13,41.20360565185547,,,,,,
2019-02-14,41.57949066162109,,,,,,
2019-02-15,41.86863327026367,,,,,,
2019-02-19,41.63732147216797,,,,,,
2019-02-20,41.72406768798828,,,,,,
2019-02-21,41.81080627441406,,,,,,
2019-02-22,42.02284622192383,,,,,,
2019-02-25,41.54093170166016,,,,,,
2019-02-26,41.50239562988281,,,,,,
2019-02-27,41.26142883300781,,,,,,
2019-02-28,41.29035186767578,,,,,,
2019-03-01,41.65660858154297,,,,,,
2019-03-04,41.26142883300781,,,,,,
2019-03-05,41.328895568847656,,,,,,
2019-03-06,40.87590026855469,,,,,,
2019-03-07,40.60602569580078,,,,,,
2019-03-08,40.57710266113281,,,,,,
2019-03-11,40.75060272216797,,,,,,
2019-03-12,40.69277572631836,,,,,,
2019-03-13,40.87590026855469,,,,,,
2019-03-14,41.05901718139648,,,,,,
2019-03-15,41.03974533081055,,,,,,
2019-03-18,41.05901718139648,,,,,,
2019-03-19,40.7409553527832,,,,,,
2019-03-20,40.43253707885742,,,,,,
2019-03-21,40.93372344970703,,,,,,
2019-03-22,40.32651901245117,,,,,,
2019-03-25,40.54819488525391,,,,,,
2019-03-26,40.81806945800781,,,,,,
2019-03-27,40.904815673828125,,,,,,
2019-03-28,41.13612747192383,,,,,,
2019-03-29,41.36744689941406,,,,,,
2019-04-01,41.67586898803711,,,,,,
2019-04-02,41.59877014160156,,,,,,
2019-04-03,41.74334716796875,,,,,,
2019-04-04,41.907188415527344,,,,,,
2019-04-05,42.080684661865234,,,,,,
2019-04-08,42.19634246826172,,,,,,
2019-04-09,42.10959243774414,,,,,,
2019-04-10,42.446922302246094,,,,,,
2019-04-11,42.57223892211914,,,,,,
2019-04-12,43.10233688354492,,,,,,
2019-04-15,43.03487396240234,,,,,,
2019-04-16,43.07341384887695,,,,,,
2019-04-17,43.13125991821289,,,,,,
2019-04-18,43.227638244628906,,,,,,
2019-04-22,42.784271240234375,,,,,,
2019-04-23,43.25655364990234,,,,,,
2019-04-24,43.33366012573242,,,,,,
2019-04-25,42.80356216430664,,,,,,
2019-04-26,43.217994689941406,,,,,,
2019-04-29,43.31437301635742,,,,,,
2019-04-30,43.13125991821289,,,,,,
2019-05-01,42.70717239379883,,,,,,
2019-05-02,42.7650032043457,,,,,,
2019-05-03,42.928855895996094,,,,,,
2019-05-06,43.01559829711914,,,,,,
2019-05-07,42.5240364074707,,,,,,
2019-05-08,42.09031677246094,,,,,,
2019-05-09,41.97465133666992,,,,,,
2019-05-10,42.09031677246094,,,,,,
2019-05-13,41.1746826171875,,,,,,
2019-05-14,41.59877014160156,,,,,,
2019-05-15,41.71442413330078,,,,,,
2019-05-16,41.77226257324219,,,,,,
2019-05-17,41.6469612121582,,,,,,
2019-05-20,41.45418548583984,,,,,,
2019-05-21,41.907188415527344,,,,,,
2019-05-22,41.55058670043945,,,,,,
2019-05-23,40.78915023803711,,,,,,
2019-05-24,40.67350006103516,,,,,,
2019-05-28,40.442176818847656,,,,,,
2019-05-29,39.98917770385742,,,,,,
2019-05-30,40.210845947265625,,,,,,
2019-05-31,39.87350845336914,,,,,,
2019-06-03,39.998817443847656,,,,,,
2019-06-04,40.9626350402832,,,,,,
2019-06-05,40.97228240966797,,,,,,
2019-06-06,41.13612747192383,,,,,,
2019-06-07,41.31925582885742,,,,,,
2019-06-10,41.36744689941406,,,,,,
2019-06-11,41.3963623046875,,,,,,
2019-06-12,41.27107238769531,,,,,,
2019-06-13,41.72406768798828,,,,,,
2019-06-14,41.76261901855469,,,,,,
2019-06-17,41.71442413330078,,,,,,
2019-06-18,41.71442413330078,,,,,,
2019-06-19,42.080684661865234,,,,,,
2019-06-20,42.02284622192383,,,,,,
2019-06-21,41.81080627441406,,,,,,
2019-06-24,41.513450622558594,,,,,,
2019-06-25,41.12727737426758,,,,,,
2019-06-26,40.98246383666992,,,,,,
2019-06-27,41.43621444702149,,,,,,
2019-06-28,41.86101150512695,,,,,,
2019-07-01,42.01548385620117,,,,,,
2019-07-02,42.18926239013672,,,,,,
2019-07-03,42.55612182617188,,,,,,
2019-07-05,42.68162536621094,,,,,,
2019-07-08,42.29545974731445,,,,,,
2019-07-09,42.36302947998047,,,,,,
2019-07-10,42.536808013916016,,,,,,
2019-07-11,42.75886154174805,,,,,,
2019-07-12,43.05815124511719,,,,,,
2019-07-15,43.11606216430664,,,,,,
2019-07-16,43.193302154541016,,,,,,
2019-07-17,42.80712890625,,,,,,
2019-07-18,42.73955154418945,,,,,,
2019-07-19,42.39199066162109,,,,,,
2019-07-22,42.17960739135742,,,,,,
2019-07-23,42.44027328491211,,,,,,
2019-07-24,42.87471389770508,,,,,,
2019-07-25,42.884368896484375,,,,,,
2019-07-26,43.482940673828125,,,,,,
2019-07-29,43.357421875,,,,,,
2019-07-30,43.18364715576172,,,,,,
2019-07-31,42.95193862915039,,,,,,
2019-08-01,42.61404037475586,,,,,,
2019-08-02,42.478885650634766,,,,,,
2019-08-05,41.46518707275391,,,,,,
2019-08-06,41.97686004638672,,,,,,
2019-08-07,41.97686004638672,,,,,,
2019-08-08,42.826438903808594,,,,,,
2019-08-09,42.845741271972656,,,,,,
2019-08-12,42.08306121826172,,,,,,
2019-08-13,42.35338592529297,,,,,,
2019-08-14,41.14659118652344,,,,,,
2019-08-15,41.09832382202149,,,,,,
2019-08-16,41.56173324584961,,,,,,
2019-08-19,42.0347900390625,,,,,,
2019-08-20,41.76445770263672,,,,,,
2019-08-21,41.72586441040039,,,,,,
2019-08-22,41.812744140625,,,,,,
2019-08-23,40.87627029418945,,,,,,
2019-08-26,41.22383117675781,,,,,,
2019-08-27,40.89558410644531,,,,,,
2019-08-28,41.34933853149414,,,,,,
2019-08-29,41.69689178466797,,,,,,
2019-08-30,41.72586441040039,,,,,,
2019-09-03,41.17555236816406,,,,,,
2019-09-04,41.56173324584961,,,,,,
2019-09-05,42.0347900390625,,,,,,
2019-09-06,41.88031768798828,,,,,,
2019-09-09,42.01548385620117,,,,,,
2019-09-10,41.71619415283203,,,,,,
2019-09-11,41.98653030395508,,,,,,
2019-09-12,42.12166976928711,,,,,,
2019-09-13,42.16029357910156,,,,,,
2019-09-16,41.76445770263672,,,,,,
2019-09-17,42.01548385620117,,,,,,
2019-09-18,41.9382438659668,,,,,,
2019-09-19,41.86101150512695,,,,,,
2019-09-20,41.62931060791016,,,,,,
2019-09-23,41.71819686889648,,,,,,
2019-09-24,41.43800735473633,,,,,,
2019-09-25,41.52496337890625,,,,,,
2019-09-26,41.283424377441406,,,,,,
2019-09-27,40.85832214355469,,,,,,
2019-09-30,41.10952377319336,,,,,,
2019-10-01,40.70374298095703,,,,,,
2019-10-02,40.1143913269043,,,,,,
2019-10-03,40.33660507202149,,,,,,
2019-10-04,40.59746170043945,,,,,,
2019-10-07,40.45253372192383,,,,,,
2019-10-08,40.06609344482422,,,,,,
2019-10-09,40.32695007324219,,,,,,
2019-10-10,40.34626007080078,,,,,,
2019-10-11,40.9549446105957,,,,,,
2019-10-14,40.43321990966797,,,,,,
2019-10-15,40.6264533996582,,,,,,
2019-10-16,40.5781364440918,,,,,,
2019-10-17,40.77138137817383,,,,,,
2019-10-18,40.87765884399414,,,,,,
2019-10-21,41.17713928222656,,,,,,
2019-10-22,40.93561935424805,,,,,,
2019-10-23,40.67475128173828,,,,,,
2019-10-24,40.67475128173828,,,,,,
2019-10-25,41.080543518066406,,,,,,
2019-10-28,41.07087326049805,,,,,,
2019-10-29,41.05155563354492,,,,,,
2019-10-30,41.0322265625,,,,,,
2019-10-31,40.81968688964844,,,,,,
2019-11-01,40.70374298095703,,,,,,
2019-11-04,40.66508483886719,,,,,,
2019-11-05,40.91628646850586,,,,,,
2019-11-06,41.18680953979492,,,,,,
2019-11-07,41.36072540283203,,,,,,
2019-11-08,41.46699523925781,,,,,,
2019-11-11,41.44767379760742,,,,,,
2019-11-12,41.36072540283203,,,,,,
2019-11-13,41.38004684448242,,,,,,
2019-11-14,41.36072540283203,,,,,,
2019-11-15,41.39936828613281,,,,,,
2019-11-18,41.58293914794922,,,,,,
2019-11-19,41.708534240722656,,,,,,
2019-11-20,41.51530838012695,,,,,,
2019-11-21,41.20613479614258,,,,,,
2019-11-22,41.46699523925781,,,,,,
2019-11-25,41.96939086914063,,,,,,
2019-11-26,42.22058868408203,,,,,,
2019-11-27,42.46211624145508,,,,,,
2019-11-29,42.41382598876953,,,,,,
2019-12-02,42.30754470825195,,,,,,
2019-12-03,41.85345077514648,,,,,,
2019-12-04,42.0177001953125,,,,,,
2019-12-05,42.008033752441406,,,,,,
2019-12-06,42.39448928833008,,,,,,
2019-12-09,42.24957275390625,,,,,,
2019-12-10,42.12397766113281,,,,,,
2019-12-11,42.22058868408203,,,,,,
2019-12-12,42.70367431640625,,,,,,
2019-12-13,42.46211624145508,,,,,,
2019-12-16,42.85825347900391,,,,,,
2019-12-17,43.08046340942383,,,,,,
2019-12-18,43.17706680297852,,,,,,
2019-12-19,43.40895462036133,,,,,,
2019-12-20,43.6601448059082,,,,,,
2019-12-23,43.85562133789063,,,,,,
2019-12-24,43.83626937866211,,,,,,
2019-12-26,43.952392578125,,,,,,
2019-12-27,43.778202056884766,,,,,,
2019-12-30,43.574989318847656,,,,,,
2019-12-31,43.66208267211914,,,,,,
2020-01-02,43.89432907104492,,,,,,
2020-01-03,43.58467102050781,,,,,,
2020-01-06,43.420166015625,,,,,,
2020-01-07,43.37177276611328,,,,,,
2020-01-08,43.4588737487793,,,,,,
2020-01-09,43.46854782104492,,,,,,
2020-01-10,43.1008186340332,,,,,,
2020-01-13,43.18791198730469,,,,,,
2020-01-14,43.33306884765625,,,,,,
2020-01-15,43.53628921508789,,,,,,
2020-01-16,44.0975456237793,,,,,,
2020-01-17,44.12657165527344,,,,,,
2020-01-21,43.1782341003418,,,,,,
2020-01-22,43.14921188354492,,,,,,
2020-01-23,43.18791198730469,,,,,,
2020-01-24,42.6072998046875,,,,,,
2020-01-27,41.85250854492188,,,,,,
2020-01-28,42.29764175415039,,,,,,
2020-01-29,42.12346267700195,,,,,,
2020-01-30,42.20087814331055,,,,,,
2020-01-31,41.300926208496094,,,,,,
2020-02-03,41.55252456665039,,,,,,
2020-02-04,42.45247650146485,,,,,,
2020-02-05,43.11050033569336,,,,,,
2020-02-06,42.6460189819336,,,,,,
2020-02-07,42.26861572265625,,,,,,
2020-02-10,42.365379333496094,,,,,,
2020-02-11,42.74277877807617,,,,,,
2020-02-12,43.23629379272461,,,,,,
2020-02-13,43.19758605957031,,,,,,
2020-02-14,43.1008186340332,,,,,,
2020-02-18,42.93632507324219,,,,,,
2020-02-19,43.0621223449707,,,,,,
2020-02-20,43.09114074707031,,,,,,
2020-02-21,42.27828598022461,,,,,,
2020-02-24,40.49773788452149,,,,,,
2020-02-25,38.504302978515625,,,,,,
2020-02-26,36.82052993774414,,,,,,
2020-02-27,35.51415252685547,,,,,,
2020-02-28,35.223846435546875,,,,,,
2020-03-02,35.47543716430664,,,,,,
2020-03-03,34.43034362792969,,,,,,
2020-03-04,35.11740493774414,,,,,,
2020-03-05,32.70785903930664,,,,,,
2020-03-06,32.55302047729492,,,,,,
2020-03-09,29.90156555175781,,,,,,
2020-03-10,31.595014572143555,,,,,,
2020-03-11,29.09838104248047,,,,,,
2020-03-12,24.80184936523437,,,,,,
2020-03-13,26.78560256958008,,,,,,
2020-03-16,22.818086624145508,,,,,,
2020-03-17,21.89878273010254,,,,,,
2020-03-18,19.05377769470215,,,,,,
2020-03-19,20.292415618896484,,,,,,
2020-03-20,20.292415618896484,,,,,,
2020-03-23,20.48563003540039,,,,,,
2020-03-24,23.79633522033692,,,,,,
2020-03-25,25.155574798583984,,,,,,
2020-03-26,25.82548141479492,,,,,,
2020-03-27,24.00992584228516,,,,,,
2020-03-30,23.84488105773925,,,,,,
2020-03-31,23.640993118286133,,,,,,
2020-04-01,21.78660774230957,,,,,,
2020-04-02,21.18465614318848,,,,,,
2020-04-03,20.582714080810547,,,,,,
2020-04-06,22.369138717651367,,,,,,
2020-04-07,23.077878952026367,,,,,,
2020-04-08,24.16526985168457,,,,,,
2020-04-09,25.194408416748047,,,,,,
2020-04-13,24.427404403686523,,,,,,
2020-04-14,25.07789802551269,,,,,,
2020-04-15,24.262359619140625,,,,,,
2020-04-16,23.72837257385254,,,,,,
2020-04-17,25.126441955566406,,,,,,
2020-04-20,24.67012596130371,,,,,,
2020-04-21,24.14584732055664,,,,,,
2020-04-22,24.349740982055664,,,,,,
2020-04-23,24.49536323547364,,,,,,
2020-04-24,24.61187744140625,,,,,,
2020-04-27,25.46625328063965,,,,,,
2020-04-28,26.320629119873047,,,,,,
2020-04-29,27.971126556396484,,,,,,
2020-04-30,26.65072631835937,,,,,,
2020-05-01,25.44683074951172,,,,,,
2020-05-04,25.194408416748047,,,,,,
2020-05-05,24.61187744140625,,,,,,
2020-05-06,24.301193237304688,,,,,,
2020-05-07,24.98081016540528,,,,,,
2020-05-08,26.204126358032227,,,,,,
2020-05-11,25.679845809936523,,,,,,
2020-05-12,25.08760452270508,,,,,,
2020-05-13,24.1167221069336,,,,,,
2020-05-14,24.679832458496094,,,,,,
2020-05-15,25.000225067138672,,,,,,
2020-05-18,27.00995635986328,,,,,,
2020-05-19,27.019662857055664,,,,,,
2020-05-20,27.92258644104004,,,,,,
2020-05-21,28.077930450439453,,,,,,
2020-05-22,27.9614200592041,,,,,,
2020-05-26,29.175018310546875,,,,,,
2020-05-27,30.37891387939453,,,,,,
2020-05-28,29.223567962646484,,,,,,
2020-05-29,29.18473243713379,,,,,,
2020-06-01,29.92260360717773,,,,,,
2020-06-02,30.02939987182617,,,,,,
2020-06-03,30.89348793029785,,,,,,
2020-06-04,30.95174217224121,,,,,,
2020-06-05,32.12650680541992,,,,,,
2020-06-08,33.175052642822266,,,,,,
2020-06-09,31.825538635253903,,,,,,
2020-06-10,30.93232154846192,,,,,,
2020-06-11,29.145896911621094,,,,,,
2020-06-12,29.47599601745605,,,,,,
2020-06-15,29.757551193237305,,,,,,
2020-06-16,29.70900535583496,,,,,,
2020-06-17,29.378910064697266,,,,,,
2020-06-18,29.660463333129883,,,,,,
2020-06-19,29.24298477172852,,,,,,
2020-06-22,29.270187377929688,,,,,,
2020-06-23,29.445045471191406,,,,,,
2020-06-24,28.493013381958008,,,,,,
2020-06-25,28.250146865844727,,,,,,
2020-06-26,27.45355033874512,,,,,,
2020-06-29,28.2792911529541,,,,,,
2020-06-30,28.308439254760746,,,,,,
2020-07-01,28.70673942565918,,,,,,
2020-07-02,28.47358703613281,,,,,,
2020-07-06,29.007890701293945,,,,,,
2020-07-07,28.415298461914062,,,,,,
2020-07-08,28.71645164489746,,,,,,
2020-07-09,28.2792911529541,,,,,,
2020-07-10,28.86216735839844,,,,,,
2020-07-13,28.43473243713379,,,,,,
2020-07-14,28.61930656433105,,,,,,
2020-07-15,30.15421867370605,,,,,,
2020-07-16,29.950214385986328,,,,,,
2020-07-17,29.57134246826172,,,,,,
2020-07-20,29.270187377929688,,,,,,
2020-07-21,29.4644775390625,,,,,,
2020-07-22,29.610200881958008,,,,,,
2020-07-23,29.406192779541016,,,,,,
2020-07-24,29.35761451721192,,,,,,
2020-07-27,29.309043884277344,,,,,,
2020-07-28,29.027320861816406,,,,,,
2020-07-29,29.41590881347656,,,,,,
2020-07-30,29.20218276977539,,,,,,
2020-07-31,29.17304420471192,,,,,,
2020-08-03,29.28961563110352,,,,,,
2020-08-04,29.96963691711425,,,,,,
2020-08-05,29.89192581176757,,,,,,
2020-08-06,30.14450454711914,,,,,,
2020-08-07,30.231931686401367,,,,,,
2020-08-10,30.329078674316406,,,,,,
2020-08-11,30.84395408630371,,,,,,
2020-08-12,30.76623916625977,,,,,,
2020-08-13,31.125675201416016,,,,,,
2020-08-14,31.27139472961425,,,,,,
2020-08-17,31.14511489868164,,,,,,
2020-08-18,30.97024917602539,,,,,,
2020-08-19,30.950817108154297,,,,,,
2020-08-20,31.25197029113769,,,,,,
2020-08-21,31.067392349243164,,,,,,
2020-08-24,31.815418243408203,,,,,,
2020-08-25,31.902851104736328,,,,,,
2020-08-26,31.84456825256348,,,,,,
2020-08-27,32.61201858520508,,,,,,
2020-08-28,33.07832336425781,,,,,,
2020-08-31,32.495445251464844,,,,,,
2020-09-01,32.65088653564453,,,,,,
2020-09-02,32.89374542236328,,,,,,
2020-09-03,32.14571762084961,,,,,,
2020-09-04,32.233154296875,,,,,,
2020-09-08,31.94171142578125,,,,,,
2020-09-09,32.21371841430664,,,,,,
2020-09-10,32.0679931640625,,,,,,
2020-09-11,31.75713157653809,,,,,,
2020-09-14,32.233154296875,,,,,,
2020-09-15,32.369163513183594,,,,,,
2020-09-16,32.76744842529297,,,,,,
2020-09-17,32.59259033203125,,,,,,
2020-09-18,32.194297790527344,,,,,,
2020-09-21,31.310258865356445,,,,,,
2020-09-22,31.523975372314453,,,,,,
2020-09-23,30.552520751953125,,,,,,
2020-09-24,30.39707946777344,,,,,,
2020-09-25,30.76623916625977,,,,,,
2020-09-28,31.43655204772949,,,,,,
2020-09-29,31.16454315185547,,,,,,
2020-09-30,31.19368553161621,,,,,,
2020-10-01,31.397689819335938,,,,,,
2020-10-02,31.42683219909668,,,,,,
2020-10-05,31.358829498291016,,,,,,
2020-10-06,31.077112197875977,,,,,,
2020-10-07,31.54341125488281,,,,,,
2020-10-08,31.630840301513672,,,,,,
2020-10-09,31.659984588623047,,,,,,
2020-10-12,31.77655982971192,,,,,,
2020-10-13,31.61141586303711,,,,,,
2020-10-14,31.43655204772949,,,,,,
2020-10-15,31.59197998046875,,,,,,
2020-10-16,31.51426887512207,,,,,,
2020-10-19,30.795385360717773,,,,,,
2020-10-20,31.028533935546875,,,,,,
2020-10-21,31.096534729003903,,,,,,
2020-10-22,31.58227157592773,,,,,,
2020-10-23,31.65027236938477,,,,,,
2020-10-26,30.659374237060547,,,,,,
2020-10-27,30.21250534057617,,,,,,
2020-10-28,29.21190071105957,,,,,,
2020-10-29,29.513051986694336,,,,,,
2020-10-30,29.14389610290528,,,,,,
2020-11-02,29.435333251953125,,,,,,
2020-11-03,30.173646926879883,,,,,,
2020-11-04,30.513656616210938,,,,,,
2020-11-05,31.41712188720703,,,,,,
2020-11-06,31.28112030029297,,,,,,
2020-11-09,33.476619720458984,,,,,,
2020-11-10,33.88462829589844,,,,,,
2020-11-11,33.75834274291992,,,,,,
2020-11-12,33.02003860473633,,,,,,
2020-11-13,34.01092529296875,,,,,,
2020-11-16,34.826961517333984,,,,,,
2020-11-17,34.96295928955078,,,,,,
2020-11-18,34.817237854003906,,,,,,
2020-11-19,35.00181579589844,,,,,,
2020-11-20,34.95323944091797,,,,,,
2020-11-23,35.75955581665039,,,,,,
2020-11-24,36.62416076660156,,,,,,
2020-11-25,36.28414916992188,,,,,,
2020-11-27,36.42987060546875,,,,,,
2020-11-30,35.92470932006836,,,,,,
2020-12-01,36.59501266479492,,,,,,
2020-12-02,36.7213134765625,,,,,,
2020-12-03,36.77959442138672,,,,,,
2020-12-04,37.40134048461914,,,,,,
2020-12-07,37.15846252441406,,,,,,
2020-12-08,37.26533126831055,,,,,,
2020-12-09,37.255615234375,,,,,,
2020-12-10,37.40134048461914,,,,,,
2020-12-11,37.255615234375,,,,,,
2020-12-14,36.98360061645508,,,,,,
2020-12-15,37.79963684082031,,,,,,
2020-12-16,37.84820556640625,,,,,,
2020-12-17,38.37279510498047,,,,,,
2020-12-18,38.03278732299805,,,,,,
2020-12-21,37.643333435058594,,,,,,
2020-12-22,37.80967330932617,,,,,,
2020-12-23,38.52399444580078,,,,,,
2020-12-24,38.5533447265625,,,,,,
2020-12-28,38.84690475463867,,,,,,
2020-12-29,38.5533447265625,,,,,,
2020-12-30,38.95454406738281,,,,,,
2020-12-31,39.1698112487793,,,,,,
2021-01-04,38.05431365966797,,,,,,
2021-01-05,38.70012664794922,,,,,,
2021-01-06,40.1483268737793,,,,,,
2021-01-07,40.29510116577149,,,,,,
2021-01-08,40.67672348022461,,,,,,
2021-01-11,40.73543548583984,,,,,,
2021-01-12,41.11705780029297,,,,,,
2021-01-13,40.95069885253906,,,,,,
2021-01-14,41.70415878295898,,,,,,
2021-01-15,41.10726547241211,,,,,,
2021-01-19,41.14639663696289,,,,,,
2021-01-20,41.52802658081055,,,,,,
2021-01-21,41.58673858642578,,,,,,
2021-01-22,41.94879150390625,,,,,,
2021-01-25,42.2325553894043,,,,,,
2021-01-26,42.643531799316406,,,,,,
2021-01-27,41.74329376220703,,,,,,
2021-01-28,41.52802658081055,,,,,,
2021-01-29,40.68650817871094,,,,,,
2021-02-01,41.55739212036133,,,,,,
2021-02-02,41.83136749267578,,,,,,
2021-02-03,42.29126739501953,,,,,,
2021-02-04,42.917518615722656,,,,,,
2021-02-05,43.582889556884766,,,,,,
2021-02-08,43.8177375793457,,,,,,
2021-02-09,43.60246658325195,,,,,,
2021-02-10,43.8862419128418,,,,,,
2021-02-11,43.80795669555664,,,,,,
2021-02-12,44.3069953918457,,,,,,
2021-02-16,44.58098220825195,,,,,,
2021-02-17,44.44397735595703,,,,,,
2021-02-18,44.541839599609375,,,,,,
2021-02-19,45.442081451416016,,,,,,
2021-02-22,46.96854782104492,,,,,,
2021-02-23,46.75327301025391,,,,,,
2021-02-24,47.71221923828125,,,,,,
2021-02-25,46.0291748046875,,,,,,
2021-02-26,47.03704452514648,,,,,,
2021-03-01,48.80814743041992,,,,,,
2021-03-02,48.954925537109375,,,,,,
2021-03-03,48.925575256347656,,,,,,
2021-03-04,48.10362243652344,,,,,,
2021-03-05,48.75922775268555,,,,,,
2021-03-08,49.42460632324219,,,,,,
2021-03-09,49.55181884765625,,,,,,
2021-03-10,50.1878547668457,,,,,,
2021-03-11,51.626258850097656,,,,,,
2021-03-12,52.49714279174805,,,,,,
2021-03-15,53.60284805297852,,,,,,
2021-03-16,52.47758102416992,,,,,,
2021-03-17,52.40907287597656,,,,,,
2021-03-18,51.41099548339844,,,,,,
2021-03-19,51.63604736328125,,,,,,
2021-03-22,50.735477447509766,,,,,,
2021-03-23,48.65046691894531,,,,,,
2021-03-24,46.13472366333008,,,,,,
2021-03-25,46.81016159057617,,,,,,
2021-03-26,45.24395751953125,,,,,,
2021-03-29,44.372745513916016,,,,,,
2021-03-30,45.02859115600586,,,,,,
2021-03-31,44.99922943115234,,,,,,
2021-04-01,45.518028259277344,,,,,,
2021-04-05,45.70402526855469,,,,,,
2021-04-06,46.14451599121094,,,,,,
2021-04-07,45.64529800415039,,,,,,
2021-04-08,45.547401428222656,,,,,,
2021-04-09,45.77254486083984,,,,,,
2021-04-12,45.214576721191406,,,,,,
2021-04-13,45.106910705566406,,,,,,
2021-04-14,45.04816818237305,,,,,,
2021-04-15,45.03837966918945,,,,,,
2021-04-16,45.07753372192383,,,,,,
2021-04-19,44.95027923583984,,,,,,
2021-04-20,43.65815353393555,,,,,,
2021-04-21,44.3923225402832,,,,,,
2021-04-22,44.53915786743164,,,,,,
2021-04-23,44.94049835205078,,,,,,
2021-04-26,45.518028259277344,,,,,,
2021-04-27,45.96831893920898,,,,,,
2021-04-28,45.841068267822266,,,,,,
2021-04-29,45.63549423217773,,,,,,
2021-04-30,45.04816818237305,,,,,,
2021-05-03,44.607666015625,,,,,,
2021-05-04,43.80498123168945,,,,,,
2021-05-05,43.1099853515625,,,,,,
2021-05-06,42.56181716918945,,,,,,
2021-05-07,43.756046295166016,,,,,,
2021-05-10,43.305763244628906,,,,,,
2021-05-11,42.96315383911133,,,,,,
2021-05-12,41.26968383789063,,,,,,
2021-05-13,41.84722900390625,,,,,,
2021-05-14,43.227447509765625,,,,,,
2021-05-17,42.80652618408203,,,,,,
2021-05-18,42.97294616699219,,,,,,
2021-05-19,42.64012908935547,,,,,,
2021-05-20,42.953369140625,,,,,,
2021-05-21,42.96315383911133,,,,,,
2021-05-24,43.67773818969727,,,,,,
2021-05-25,43.87350845336914,,,,,,
2021-05-26,44.89154815673828,,,,,,
2021-05-27,46.56543731689453,,,,,,
2021-05-28,46.22282791137695,,,,,,
2021-06-01,47.23108673095703,,,,,,
2021-06-02,52.0765495300293,,,,,,
2021-06-03,51.19554901123047,,,,,,
2021-06-04,51.59688949584961,,,,,,
2021-06-07,52.05697250366211,,,,,,
2021-06-08,52.79113006591797,,,,,,
2021-06-09,52.37999725341797,,,,,,
2021-06-10,51.89056015014648,,,,,,
2021-06-11,52.4387321472168,,,,,,
2021-06-14,52.09612655639648,,,,,,
2021-06-15,51.31301498413086,,,,,,
2021-06-16,51.22492218017578,,,,,,
2021-06-17,50.27539825439453,,,,,,
2021-06-18,49.61954879760742,,,,,,
2021-06-21,50.67795181274414,,,,,,
2021-06-22,50.84440231323242,,,,,,
2021-06-23,51.01084518432617,,,,,,
2021-06-24,51.50039291381836,,,,,,
2021-06-25,51.51018142700195,,,,,,
2021-06-28,51.1577033996582,,,,,,
2021-06-29,50.73669052124024,,,,,,
2021-06-30,51.17729187011719,,,,,,
2021-07-01,51.28498840332031,,,,,,
2021-07-02,51.23603439331055,,,,,,
2021-07-06,50.33527374267578,,,,,,
2021-07-07,49.86530685424805,,,,,,
2021-07-08,49.140769958496094,,,,,,
2021-07-09,50.32548522949219,,,,,,
2021-07-12,50.550662994384766,,,,,,
2021-07-13,49.64990615844727,,,,,,
2021-07-14,49.27784729003906,,,,,,
2021-07-15,48.621864318847656,,,,,,
2021-07-16,47.75045394897461,,,,,,
2021-07-19,46.536376953125,,,,,,
2021-07-20,47.85816192626953,,,,,,
2021-07-21,48.76871871948242,,,,,,
2021-07-22,48.36729049682617,,,,,,
2021-07-23,48.719764709472656,,,,,,
2021-07-26,49.25826644897461,,,,,,
2021-07-27,48.85683441162109,,,,,,
2021-07-28,48.68060302734375,,,,,,
2021-07-29,48.7980842590332,,,,,,
2021-07-30,48.23020935058594,,,,,,
2021-08-02,48.19105911254883,,,,,,
2021-08-03,47.39799118041992,,,,,,
2021-08-04,47.172794342041016,,,,,,
2021-08-05,48.29875183105469,,,,,,
2021-08-06,48.21062850952149,,,,,,
2021-08-09,47.90711975097656,,,,,,
2021-08-10,48.240013122558594,,,,,,
2021-08-11,48.690391540527344,,,,,,
2021-08-12,48.45541000366211,,,,,,
2021-08-13,48.1421012878418,,,,,,
2021-08-16,47.66234588623047,,,,,,
2021-08-17,47.19237518310547,,,,,,
2021-08-18,46.996559143066406,,,,,,
2021-08-19,46.2034912109375,,,,,,
2021-08-20,46.79095077514648,,,,,,
2021-08-23,47.515472412109375,,,,,,
2021-08-24,48.044189453125,,,,,,
2021-08-25,48.24979782104492,,,,,,
2021-08-26,47.84836959838867,,,,,,
2021-08-27,48.9351692199707,,,,,,
2021-08-30,48.41624450683594,,,,,,
2021-08-31,48.7589225769043,,,,,,
2021-09-01,48.57290267944336,,,,,,
2021-09-02,48.602272033691406,,,,,,
2021-09-03,48.23020935058594,,,,,,
2021-09-07,48.28896713256836,,,,,,
2021-09-08,47.83857727050781,,,,,,
2021-09-09,48.06377029418945,,,,,,
2021-09-10,47.554649353027344,,,,,,
2021-09-13,48.28896713256836,,,,,,
2021-09-14,48.0833625793457,,,,,,
2021-09-15,48.43582534790039,,,,,,
2021-09-16,48.670806884765625,,,,,,
2021-09-17,48.602272033691406,,,,,,
2021-09-20,47.8092041015625,,,,,,
2021-09-21,47.78962707519531,,,,,,
2021-09-22,48.847049713134766,,,,,,
2021-09-23,49.9827995300293,,,,,,
2021-09-24,50.32548522949219,,,,,,
2021-09-27,50.80524063110352,,,,,,
2021-09-28,50.100284576416016,,,,,,
2021-09-29,49.855506896972656,,,,,,
2021-09-30,49.28763961791992,,,,,,
2021-10-01,50.981475830078125,,,,,,
2021-10-04,50.66816711425781,,,,,,
2021-10-05,50.6387939453125,,,,,,
2021-10-06,50.71711730957031,,,,,,
2021-10-07,51.16750717163086,,,,,,
2021-10-08,50.9716796875,,,,,,
2021-10-11,50.4527702331543,,,,,,
2021-10-12,50.9716796875,,,,,,
2021-10-13,50.86398696899414,,,,,,
2021-10-14,51.441650390625,,,,,,
2021-10-15,51.18708801269531,,,,,,
2021-10-18,51.19687271118164,,,,,,
2021-10-19,50.854190826416016,,,,,,
2021-10-20,50.50172424316406,,,,,,
2021-10-21,50.50172424316406,,,,,,
2021-10-22,50.28631591796875,,,,,,
2021-10-25,50.34506988525391,,,,,,
2021-10-26,50.21778869628906,,,,,,
2021-10-27,49.80656051635742,,,,,,
2021-10-28,50.06112289428711,,,,,,
2021-10-29,49.43450546264648,,,,,,
2021-11-01,50.73669052124024,,,,,,
2021-11-02,50.38422393798828,,,,,,
2021-11-03,50.491920471191406,,,,,,
2021-11-04,50.20799255371094,,,,,,
2021-11-05,52.1563835144043,,,,,,
2021-11-08,51.6276741027832,,,,,,
2021-11-09,51.29479217529297,,,,,,
2021-11-10,50.70732498168945,,,,,,
2021-11-11,50.22757339477539,,,,,,
2021-11-12,49.933837890625,,,,,,
2021-11-15,50.00238800048828,,,,,,
2021-11-16,49.67927551269531,,,,,,
2021-11-17,49.307220458984375,,,,,,
2021-11-18,48.58269119262695,,,,,,
2021-11-19,47.8092041015625,,,,,,
2021-11-22,47.73087692260742,,,,,,
2021-11-23,47.70150375366211,,,,,,
2021-11-24,47.7113037109375,,,,,,
2021-11-26,46.01746368408203,,,,,,
2021-11-29,45.78247833251953,,,,,,
2021-11-30,44.76422119140625,,,,,,
2021-12-01,43.25641250610352,,,,,,
2021-12-02,44.7935905456543,,,,,,
2021-12-03,44.16697311401367,,,,,,
2021-12-06,45.66499328613281,,,,,,
2021-12-07,46.39931106567383,,,,,,
2021-12-08,46.9084358215332,,,,,,
2021-12-09,46.33077239990234,,,,,,
2021-12-10,46.28181838989258,,,,,,
2021-12-13,45.234188079833984,,,,,,
2021-12-14,44.96003341674805,,,,,,
2021-12-15,45.04815673828125,,,,,,
2021-12-16,44.49007415771485,,,,,,
2021-12-17,44.92088317871094,,,,,,
2021-12-20,44.80712127685547,,,,,,
2021-12-21,46.70963287353516,,,,,,
2021-12-22,47.2588119506836,,,,,,
2021-12-23,47.974700927734375,,,,,,
2021-12-27,48.21006774902344,,,,,,
2021-12-28,47.99431610107422,,,,,,
2021-12-29,48.03355026245117,,,,,,
2021-12-30,48.03355026245117,,,,,,
2021-12-31,48.03355026245117,,,,,,
2022-01-03,48.474857330322266,,,,,,
2022-01-04,48.61214065551758,,,,,,
2022-01-05,47.29803466796875,,,,,,
2022-01-06,47.56282043457031,,,,,,
2022-01-07,47.87663650512695,,,,,,
2022-01-10,47.27842330932617,,,,,,
2022-01-11,47.925662994384766,,,,,,
2022-01-12,47.55302047729492,,,,,,
2022-01-13,47.660892486572266,,,,,,
2022-01-14,47.38629913330078,,,,,,
2022-01-18,46.32716369628906,,,,,,
2022-01-19,45.532814025878906,,,,,,
2022-01-20,45.19939041137695,,,,,,
2022-01-21,44.26774215698242,,,,,,
2022-01-24,44.79731750488281,,,,,,
2022-01-25,44.7482795715332,,,,,,
2022-01-26,44.34619903564453,,,,,,
2022-01-27,43.68914413452149,,,,,,
2022-01-28,44.83654022216797,,,,,,
2022-01-31,46.0035400390625,,,,,,
2022-02-01,46.739051818847656,,,,,,
2022-02-02,46.32716369628906,,,,,,
2022-02-03,45.797607421875,,,,,,
2022-02-04,46.23890686035156,,,,,,
2022-02-07,46.729248046875,,,,,,
2022-02-08,47.68050384521485,,,,,,
2022-02-09,49.04363250732422,,,,,,
2022-02-10,49.180931091308594,,,,,,
2022-02-11,48.25910186767578,,,,,,
2022-02-14,48.04335403442383,,,,,,
2022-02-15,49.73011016845703,,,,,,
2022-02-16,49.769344329833984,,,,,,
2022-02-17,48.57291030883789,,,,,,
2022-02-18,48.10218811035156,,,,,,
2022-02-22,47.22938919067383,,,,,,
2022-02-23,46.25851821899414,,,,,,
2022-02-24,46.846923828125,,,,,,
2022-02-25,47.719722747802734,,,,,,
2022-02-28,47.38629913330078,,,,,,
2022-03-01,46.08200073242188,,,,,,
2022-03-02,47.30784606933594,,,,,,
2022-03-03,46.45465469360352,,,,,,
2022-03-04,45.09151458740234,,,,,,
2022-03-07,42.041603088378906,,,,,,
2022-03-08,42.72808837890625,,,,,,
2022-03-09,43.944122314453125,,,,,,
2022-03-10,44.07160949707031,,,,,,
2022-03-11,43.54204559326172,,,,,,
2022-03-14,43.30668640136719,,,,,,
2022-03-15,44.46388244628906,,,,,,
2022-03-16,45.84663391113281,,,,,,
2022-03-17,45.83683013916016,,,,,,
2022-03-18,46.40562057495117,,,,,,
2022-03-21,46.0186882019043,,,,,,
2022-03-22,46.83378982543945,,,,,,
2022-03-23,46.5588264465332,,,,,,
2022-03-24,47.32481384277344,,,,,,
2022-03-25,47.32481384277344,,,,,,
2022-03-28,47.825660705566406,,,,,,
2022-03-29,48.92555236816406,,,,,,
2022-03-30,48.1988410949707,,,,,,
2022-03-31,47.89439392089844,,,,,,
2022-04-01,47.6783561706543,,,,,,
2022-04-04,48.01224899291992,,,,,,
2022-04-05,46.7355842590332,,,,,,
2022-04-06,45.63569641113281,,,,,,
2022-04-07,45.40982818603516,,,,,,
2022-04-08,45.32144546508789,,,,,,
2022-04-11,45.03664779663086,,,,,,
2022-04-12,45.066104888916016,,,,,,
2022-04-13,46.43114471435547,,,,,,
2022-04-14,46.13653945922852,,,,,,
2022-04-18,45.73390197753906,,,,,,
2022-04-19,46.82397079467773,,,,,,
2022-04-20,46.323123931884766,,,,,,
2022-04-21,44.88933563232422,,,,,,
2022-04-22,43.99567413330078,,,,,,
2022-04-25,44.86969375610352,,,,,,
2022-04-26,43.25914764404297,,,,,,
2022-04-27,43.1314811706543,,,,,,
2022-04-28,43.68142318725586,,,,,,
2022-04-29,42.512794494628906,,,,,,
2022-05-02,42.98417282104492,,,,,,
2022-05-03,42.50296401977539,,,,,,
2022-05-04,42.807395935058594,,,,,,
2022-05-05,41.5994873046875,,,,,,
2022-05-06,40.6370849609375,,,,,,
2022-05-09,38.54532623291016,,,,,,
2022-05-10,39.05598449707031,,,,,,
2022-05-11,38.27034378051758,,,,,,
2022-05-12,38.5158576965332,,,,,,
2022-05-13,39.713958740234375,,,,,,
2022-05-16,39.05598449707031,,,,,,
2022-05-17,40.332637786865234,,,,,,
2022-05-18,39.10508728027344,,,,,,
2022-05-19,39.54701614379883,,,,,,
2022-05-20,39.3702392578125,,,,,,
2022-05-23,39.468448638916016,,,,,,
2022-05-24,37.99537658691406,,,,,,
2022-05-25,39.31131362915039,,,,,,
2022-05-26,40.40138626098633,,,,,,
2022-05-27,41.324520111083984,,,,,,
2022-05-31,41.11827850341797,,,,,,
2022-06-01,40.6370849609375,,,,,,
2022-06-02,41.403079986572266,,,,,,
2022-06-03,40.87277221679688,,,,,,
2022-06-06,41.09864044189453,,,,,,
2022-06-07,41.36378860473633,,,,,,
2022-06-08,40.97096633911133,,,,,,
2022-06-09,39.93000411987305,,,,,,
2022-06-10,38.25070571899414,,,,,,
2022-06-13,36.01164245605469,,,,,,
2022-06-14,36.16876983642578,,,,,,
2022-06-15,37.072242736816406,,,,,,
2022-06-16,34.99031448364258,,,,,,
2022-06-17,35.82505798339844,,,,,,
2022-06-21,35.77096176147461,,,,,,
2022-06-22,35.39722442626953,,,,,,
2022-06-23,35.220184326171875,,,,,,
2022-06-24,37.1183967590332,,,,,,
2022-06-27,36.92169189453125,,,,,,
2022-06-28,36.3807487487793,,,,,,
2022-06-29,36.05617904663086,,,,,,
2022-06-30,35.672607421875,,,,,,
2022-07-01,36.469268798828125,,,,,,
2022-07-05,36.685646057128906,,,,,,
2022-07-06,36.03651428222656,,,,,,
2022-07-07,36.76432037353516,,,,,,
2022-07-08,36.27256393432617,,,,,,
2022-07-11,35.70211410522461,,,,,,
2022-07-12,35.8988151550293,,,,,,
2022-07-13,35.987335205078125,,,,,,
2022-07-14,35.43655776977539,,,,,,
2022-07-15,36.20371627807617,,,,,,
2022-07-18,36.40041732788086,,,,,,
2022-07-19,37.6199951171875,,,,,,
2022-07-20,38.16093444824219,,,,,,
2022-07-21,38.14126205444336,,,,,,
2022-07-22,37.84620666503906,,,,,,
2022-07-25,38.151100158691406,,,,,,
2022-07-26,37.39378356933594,,,,,,
2022-07-27,38.56417846679688,,,,,,
2022-07-28,38.937931060791016,,,,,,
2022-07-29,38.95759582519531,,,,,,
2022-08-01,39.16413497924805,,,,,,
2022-08-02,39.331329345703125,,,,,,
2022-08-03,39.842769622802734,,,,,,
2022-08-04,40.088653564453125,,,,,,
2022-08-05,39.60672378540039,,,,,,
2022-08-08,40.10832214355469,,,,,,
2022-08-09,39.49853515625,,,,,,
2022-08-10,40.364036560058594,,,,,,
2022-08-11,40.50173568725586,,,,,,
2022-08-12,41.20003890991211,,,,,,
2022-08-15,41.2197151184082,,,,,,
2022-08-16,41.73114776611328,,,,,,
2022-08-17,40.94432067871094,,,,,,
2022-08-18,41.14102935791016,,,,,,
2022-08-19,40.50173568725586,,,,,,
2022-08-22,39.43951797485352,,,,,,
2022-08-23,39.66573715209961,,,,,,
2022-08-24,39.91161346435547,,,,,,
2022-08-25,40.47222900390625,,,,,,
2022-08-26,39.23297882080078,,,,,,
2022-08-29,39.055938720703125,,,,,,
2022-08-30,38.6035270690918,,,,,,
2022-08-31,38.33796691894531,,,,,,
2022-09-01,38.180606842041016,,,,,,
2022-09-02,37.94456100463867,,,,,,
2022-09-06,37.51179885864258,,,,,,
2022-09-07,38.37731170654297,,,,,,
2022-09-08,38.3281364440918,,,,,,
2022-09-09,39.36084365844727,,,,,,
2022-09-12,39.92145156860352,,,,,,
2022-09-13,38.40681457519531,,,,,,
2022-09-14,38.72154235839844,,,,,,
2022-09-15,38.81006622314453,,,,,,
2022-09-16,37.97406768798828,,,,,,
2022-09-19,38.4344482421875,,,,,,
2022-09-20,38.15900421142578,,,,,,
2022-09-21,36.58503723144531,,,,,,
2022-09-22,35.54227828979492,,,,,,
2022-09-23,34.67658615112305,,,,,,
2022-09-26,34.03716278076172,,,,,,
2022-09-27,34.135536193847656,,,,,,
2022-09-28,35.030738830566406,,,,,,
2022-09-29,34.1453742980957,,,,,,
2022-09-30,34.08634948730469,,,,,,
2022-10-03,34.81431579589844,,,,,,
2022-10-04,36.28007507324219,,,,,,
2022-10-05,35.92593765258789,,,,,,
2022-10-06,35.6209716796875,,,,,,
2022-10-07,34.95204162597656,,,,,,
2022-10-10,34.72576904296875,,,,,,
2022-10-11,34.51919174194336,,,,,,
2022-10-12,34.78479766845703,,,,,,
2022-10-13,35.44389724731445,,,,,,
2022-10-14,35.09959030151367,,,,,,
2022-10-17,35.709510803222656,,,,,,
2022-10-18,36.23088455200195,,,,,,
2022-10-19,36.03413772583008,,,,,,
2022-10-20,35.81772232055664,,,,,,
2022-10-21,36.71291732788086,,,,,,
2022-10-24,36.71291732788086,,,,,,
2022-10-25,37.31299209594727,,,,,,
2022-10-26,37.12608337402344,,,,,,
2022-10-27,37.06705856323242,,,,,,
2022-10-28,37.93275451660156,,,,,,
2022-10-31,37.95242691040039,,,,,,
2022-11-01,38.10982131958008,,,,,,
2022-11-02,36.71291732788086,,,,,,
2022-11-03,36.191532135009766,,,,,,
2022-11-04,36.16202163696289,,,,,,
2022-11-07,36.26040649414063,,,,,,
2022-11-08,36.26040649414063,,,,,,
2022-11-09,35.532440185546875,,,,,,
2022-11-10,37.0277099609375,,,,,,
2022-11-11,38.0507926940918,,,,,,
2022-11-14,37.58843994140625,,,,,,
2022-11-15,37.80486297607422,,,,,,
2022-11-16,37.47039413452149,,,,,,
2022-11-17,37.32283020019531,,,,,,
2022-11-18,37.30315017700195,,,,,,
2022-11-21,37.20478820800781,,,,,,
2022-11-22,37.81470489501953,,,,,,
2022-11-23,38.13932800292969,,,,,,
2022-11-25,38.28689193725586,,,,,,
2022-11-28,37.93275451660156,,,,,,
2022-11-29,38.20818710327149,,,,,,
2022-11-30,38.97550201416016,,,,,,
2022-12-01,38.91647720336914,,,,,,
2022-12-02,38.80826950073242,,,,,,
2022-12-05,38.25737380981445,,,,,,
2022-12-06,37.69664764404297,,,,,,
2022-12-07,37.29331970214844,,,,,,
2022-12-08,37.68680953979492,,,,,,
2022-12-09,37.60811614990234,,,,,,
2022-12-12,38.10982131958008,,,,,,
2022-12-13,38.12948989868164,,,,,,
2022-12-14,37.94258117675781,,,,,,
2022-12-15,37.0768928527832,,,,,,
2022-12-16,36.6932487487793,,,,,,
2022-12-19,36.02280044555664,,,,,,
2022-12-20,36.190162658691406,,,,,,
2022-12-21,36.30830001831055,,,,,,
2022-12-22,36.04249572753906,,,,,,
2022-12-23,36.32799530029297,,,,,,
2022-12-27,36.03264236450195,,,,,,
2022-12-28,35.32381057739258,,,,,,
2022-12-29,35.944034576416016,,,,,,
2022-12-30,35.84559631347656,,,,,,
2023-01-03,35.72745895385742,,,,,,
2023-01-04,36.68240737915039,,,,,,
2023-01-05,36.67256927490234,,,,,,
2023-01-06,37.61769485473633,,,,,,
2023-01-09,38.00164031982422,,,,,,
2023-01-10,38.50373840332031,,,,,,
2023-01-11,38.92707443237305,,,,,,
2023-01-12,39.29133605957031,,,,,,
2023-01-13,39.626068115234375,,,,,,
2023-01-17,39.59653472900391,,,,,,
2023-01-18,38.986141204833984,,,,,,
2023-01-19,38.95661163330078,,,,,,
2023-01-20,39.9017219543457,,,,,,
2023-01-23,40.22660827636719,,,,,,
2023-01-24,40.17738723754883,,,,,,
2023-01-25,40.49242782592773,,,,,,
2023-01-26,40.64009094238281,,,,,,
2023-01-27,40.64009094238281,,,,,,
2023-01-30,40.19708251953125,,,,,,
2023-01-31,40.70901107788086,,,,,,
2023-02-01,41.03389358520508,,,,,,
2023-02-02,41.31939697265625,,,,,,
2023-02-03,41.19142532348633,,,,,,
2023-02-06,41.05359649658203,,,,,,
2023-02-07,41.50645446777344,,,,,,
2023-02-08,41.10281753540039,,,,,,
2023-02-09,40.7976188659668,,,,,,
2023-02-10,40.33491134643555,,,,,,
2023-02-13,40.82715225219727,,,,,,
2023-02-14,41.17172622680664,,,,,,
2023-02-15,41.46707534790039,,,,,,
2023-02-16,41.05359649658203,,,,,,
2023-02-17,41.02404022216797,,,,,,
2023-02-21,40.48257827758789,,,,,,
2023-02-22,40.551490783691406,,,,,,
2023-02-23,40.47274398803711,,,,,,
2023-02-24,39.675289154052734,,,,,,
2023-02-27,39.76389694213867,,,,,,
2023-02-28,39.77375030517578,,,,,,
2023-03-01,40.00017929077149,,,,,,
2023-03-02,40.58102798461914,,,,,,
2023-03-03,40.84685134887695,,,,,,
2023-03-06,40.64994430541992,,,,,,
2023-03-07,40.24629974365234,,,,,,
2023-03-08,40.14785003662109,,,,,,
2023-03-09,38.86800003051758,,,,,,
2023-03-10,38.21823120117188,,,,,,
2023-03-13,37.755516052246094,,,,,,
2023-03-14,38.19853973388672,,,,,,
2023-03-15,37.64722442626953,,,,,,
2023-03-16,38.178855895996094,,,,,,
2023-03-17,37.71613311767578,,,,,,
2023-03-20,38.26060104370117,,,,,,
2023-03-21,38.893009185791016,,,,,,
2023-03-22,38.33964920043945,,,,,,
2023-03-23,38.230953216552734,,,,,,
2023-03-24,38.11237335205078,,,,,,
2023-03-27,38.477989196777344,,,,,,
2023-03-28,38.75466537475586,,,,,,
2023-03-29,39.1696891784668,,,,,,
2023-03-30,39.54518127441406,,,,,,
2023-03-31,40.20722579956055,,,,,,
2023-04-03,40.04912185668945,,,,,,
2023-04-04,39.79221725463867,,,,,,
2023-04-05,39.47600555419922,,,,,,
2023-04-06,39.62422180175781,,,,,,
2023-04-10,40.11829376220703,,,,,,
2023-04-11,40.414737701416016,,,,,,
2023-04-12,39.79221725463867,,,,,,
2023-04-13,40.325801849365234,,,,,,
2023-04-14,40.187461853027344,,,,,,
2023-04-17,40.464141845703125,,,,,,
2023-04-18,40.63212203979492,,,,,,
2023-04-19,40.78034591674805,,,,,,
2023-04-20,40.62224960327149,,,,,,
2023-04-21,40.91868591308594,,,,,,
2023-04-24,40.78034591674805,,,,,,
2023-04-25,40.17757797241211,,,,,,
2023-04-26,39.74280548095703,,,,,,
2023-04-27,40.35544967651367,,,,,,
2023-04-28,40.90880584716797,,,,,,
2023-05-01,41.33370208740234,,,,,,
2023-05-02,40.85939025878906,,,,,,
2023-05-03,40.36532974243164,,,,,,
2023-05-04,39.41671752929688,,,,,,
2023-05-05,40.167701721191406,,,,,,
2023-05-08,40.35544967651367,,,,,,
2023-05-09,40.187461853027344,,,,,,
2023-05-10,39.72304153442383,,,,,,
2023-05-11,39.58470916748047,,,,,,
2023-05-12,39.60447311401367,,,,,,
2023-05-15,40.09852981567383,,,,,,
2023-05-16,39.72304153442383,,,,,,
2023-05-17,40.43449783325195,,,,,,
2023-05-18,40.90880584716797,,,,,,
2023-05-19,40.56295776367188,,,,,,
2023-05-22,40.3455696105957,,,,,,
2023-05-23,39.49577713012695,,,,,,
2023-05-24,39.317909240722656,,,,,,
2023-05-25,39.15980529785156,,,,,,
2023-05-26,39.47600555419922,,,,,,
2023-05-30,38.93253326416016,,,,,,
2023-05-31,38.68549728393555,,,,,,
2023-06-01,38.93253326416016,,,,,,
2023-06-02,39.92067337036133,,,,,,
2023-06-05,39.86138534545898,,,,,,
2023-06-06,40.464141845703125,,,,,,
2023-06-07,40.60247802734375,,,,,,
2023-06-08,40.6815299987793,,,,,,
2023-06-09,40.63212203979492,,,,,,
2023-06-12,40.93844604492188,,,,,,
2023-06-13,41.2546501159668,,,,,,
2023-06-14,41.14595031738281,,,,,,
2023-06-15,41.13607406616211,,,,,,
2023-06-16,40.948333740234375,,,,,,
2023-06-20,40.56660079956055,,,,,,
2023-06-21,40.56660079956055,,,,,,
2023-06-22,40.43803024291992,,,,,,
2023-06-23,39.99300765991211,,,,,,
2023-06-26,40.052345275878906,,,,,,
2023-06-27,40.873172760009766,,,,,,
2023-06-28,40.8929443359375,,,,,,
2023-06-29,41.06106948852539,,,,,,
2023-06-30,41.357757568359375,,,,,,
2023-07-03,41.54564666748047,,,,,,
2023-07-05,40.9423942565918,,,,,,
2023-07-06,40.67538070678711,,,,,,
2023-07-07,41.17974472045898,,,,,,
2023-07-10,41.87200546264648,,,,,,
2023-07-11,42.03023910522461,,,,,,
2023-07-12,42.21813583374024,,,,,,
2023-07-13,42.43571090698242,,,,,,
2023-07-14,42.10935592651367,,,,,,
2023-07-17,42.1785888671875,,,,,,
2023-07-18,42.55437850952149,,,,,,
2023-07-19,42.60383224487305,,,,,,
2023-07-20,42.43571090698242,,,,,,
2023-07-21,42.445587158203125,,,,,,
2023-07-24,42.21813583374024,,,,,,
2023-07-25,41.990684509277344,,,,,,
2023-07-26,42.33680725097656,,,,,,
2023-07-27,41.990684509277344,,,,,,
2023-07-28,42.51481628417969,,,,,,
2023-07-31,42.75217056274414,,,,,,
2023-08-01,42.34670639038086,,,,,,
2023-08-02,41.90167236328125,,,,,,
2023-08-03,41.38742446899414,,,,,,
2023-08-04,41.4863166809082,,,,,,
2023-08-07,41.95112228393555,,,,,,
2023-08-08,42.03023910522461,,,,,,
2023-08-09,41.82255554199219,,,,,,
2023-08-10,41.70388412475586,,,,,,
2023-08-11,41.60498809814453,,,,,,
2023-08-14,41.45664596557617,,,,,,
2023-08-15,41.06106948852539,,,,,,
2023-08-16,40.82372283935547,,,,,,
2023-08-17,39.98311614990234,,,,,,
2023-08-18,40.012786865234375,,,,,,
2023-08-21,39.92377471923828,,,,,,
2023-08-22,40.09189987182617,,,,,,
2023-08-23,40.220462799072266,,,,,,
2023-08-24,39.5677604675293,,,,,,
2023-08-25,39.4391975402832,,,,,,
2023-08-28,39.88422393798828,,,,,,
2023-08-29,40.31936264038086,,,,,,
2023-08-30,40.26991653442383,,,,,,
2023-08-31,40.44791793823242,,,,,,
2023-09-01,40.2501335144043,,,,,,
2023-09-05,39.85455322265625,,,,,,
2023-09-06,39.716102600097656,,,,,,
2023-09-07,39.28096008300781,,,,,,
2023-09-08,39.34029769897461,,,,,,
2023-09-11,39.498531341552734,,,,,,
2023-09-12,39.5084228515625,,,,,,
2023-09-13,39.02383804321289,,,,,,
2023-09-14,39.53808975219727,,,,,,
2023-09-15,39.41941833496094,,,,,,
2023-09-18,39.278926849365234,,,,,,
2023-09-19,39.14040756225586,,,,,,
2023-09-20,38.79411315917969,,,,,,
2023-09-21,38.11144256591797,,,,,,
2023-09-22,37.68600082397461,,,,,,
2023-09-25,37.62663650512695,,,,,,
2023-09-26,37.270450592041016,,,,,,
2023-09-27,37.547481536865234,,,,,,
2023-09-28,38.01249694824219,,,,,,
2023-09-29,37.91355895996094,,,,,,
2023-10-02,37.90366744995117,,,,,,
2023-10-03,36.85491180419922,,,,,,
2023-10-04,37.21109008789063,,,,,,
2023-10-05,36.98352813720703,,,,,,
2023-10-06,37.47822570800781,,,,,,
2023-10-09,37.1814079284668,,,,,,
2023-10-10,37.67610931396485,,,,,,
2023-10-11,37.745365142822266,,,,,,
2023-10-12,36.76586532592773,,,,,,
2023-10-13,36.06340026855469,,,,,,
2023-10-16,36.67682266235352,,,,,,
2023-10-17,37.02310562133789,,,,,,
2023-10-18,36.0238151550293,,,,,,
2023-10-19,35.707218170166016,,,,,,
2023-10-20,35.083892822265625,,,,,,
2023-10-23,35.232303619384766,,,,,,
2023-10-24,35.578590393066406,,,,,,
2023-10-25,34.95527648925781,,,,,,
2023-10-26,34.67824172973633,,,,,,
2023-10-27,34.57930374145508,,,,,,
2023-10-30,35.18283462524414,,,,,,
2023-10-31,35.34114456176758,,,,,,
2023-11-01,35.35102844238281,,,,,,
2023-11-02,36.26127243041992,,,,,,
2023-11-03,37.448543548583984,,,,,,
2023-11-06,37.10226440429688,,,,,,
2023-11-07,37.49801635742188,,,,,,
2023-11-08,37.07257080078125,,,,,,
2023-11-09,36.67682266235352,,,,,,
2023-11-10,37.2011947631836,,,,,,
2023-11-13,37.12204360961914,,,,,,
2023-11-14,38.576454162597656,,,,,,
2023-11-15,38.71497344970703,,,,,,
2023-11-16,38.52698516845703,,,,,,
2023-11-17,38.92274475097656,,,,,,
2023-11-20,39.061256408691406,,,,,,
2023-11-21,38.69518661499024,,,,,,
2023-11-22,38.893062591552734,,,,,,
2023-11-24,38.93263244628906,,,,,,
2023-11-27,38.902957916259766,,,,,,
2023-11-28,38.477516174316406,,,,,,
2023-11-29,38.50719451904297,,,,,,
2023-11-30,38.42804336547852,,,,,,
2023-12-01,39.61531829833984,,,,,,
2023-12-04,39.882450103759766,,,,,,
2023-12-05,39.04147338867188,,,,,,
2023-12-06,39.24924087524414,,,,,,
2023-12-07,39.51637268066406,,,,,,
2023-12-08,40.09022521972656,,,,,,
2023-12-11,40.59481430053711,,,,,,
2023-12-12,40.33757400512695,,,,,,
2023-12-13,40.832275390625,,,,,,
2023-12-14,41.51494598388672,,,,,,
2023-12-15,41.287391662597656,,,,,,
2023-12-18,41.34675598144531,,,,,,
2023-12-19,41.93049240112305,,,,,,
2023-12-20,40.81248092651367,,,,,,
2023-12-21,41.475372314453125,,,,,,
2023-12-22,41.48527145385742,,,,,,
2023-12-26,41.53473663330078,,,,,,
2023-12-27,41.58421325683594,,,,,,
2023-12-28,41.83155822753906,,,,,,
2023-12-29,41.48527145385742,,,,,,
2024-01-02,40.80258941650391,,,,,,
2024-01-03,39.79340744018555,,,,,,
2024-01-04,39.95171356201172,,,,,,
2024-01-05,40.12980270385742,,,,,,
2024-01-08,40.66407775878906,,,,,,
2024-01-09,40.31778335571289,,,,,,
2024-01-10,40.416725158691406,,,,,,
2024-01-11,40.218849182128906,,,,,,
2024-01-12,39.87255859375,,,,,,
2024-01-16,39.70436096191406,,,,,,
2024-01-17,39.56584548950195,,,,,,
2024-01-18,40.22874069213867,,,,,,
2024-01-19,40.56513595581055,,,,,,
2024-01-22,40.644290924072266,,,,,,
2024-01-23,41.02025604248047,,,,,,
2024-01-24,40.88173675537109,,,,,,
2024-01-25,41.46548080444336,,,,,,
2024-01-26,41.653465270996094,,,,,,
2024-01-29,42.138275146484375,,,,,,
2024-01-30,41.76230239868164,,,,,,
2024-01-31,41.34675598144531,,,,,,
2024-02-01,42.10858917236328,,,,,,
2024-02-02,42.00965118408203,,,,,,
2024-02-05,41.61389923095703,,,,,,
2024-02-06,41.87112808227539,,,,,,
2024-02-07,41.85134506225586,,,,,,
2024-02-08,42.37572479248047,,,,,,
2024-02-09,42.11848449707031,,,,,,
2024-02-12,42.53403091430664,,,,,,
2024-02-13,41.90081405639648,,,,,,
2024-02-14,42.48455429077149,,,,,,
2024-02-15,43.65203857421875,,,,,,
2024-02-16,42.99904251098633,,,,,,
2024-02-20,42.69233703613281,,,,,,
2024-02-21,42.16795349121094,,,,,,
2024-02-22,43.13755798339844,,,,,,
2024-02-23,43.038612365722656,,,,,,
2024-02-26,42.89020538330078,,,,,,
2024-02-27,43.35522079467773,,,,,,
2024-02-28,43.117774963378906,,,,,,
2024-02-29,43.81034469604492,,,,,,
2024-03-01,44.07748031616211,,,,,,
2024-03-04,43.84992218017578,,,,,,
2024-03-05,43.65203857421875,,,,,,
2024-03-06,43.84992218017578,,,,,,
2024-03-07,44.28525161743164,,,,,,
2024-03-08,44.126953125,,,,,,
2024-03-11,44.265472412109375,,,,,,
2024-03-12,44.562286376953125,,,,,,
2024-03-13,44.760162353515625,,,,,,
2024-03-14,44.463340759277344,,,,,,
2024-03-15,44.22589492797852,,,,,,
2024-03-18,44.24774169921875,,,,,,
2024-03-19,44.44638442993164,,,,,,
2024-03-20,45.39987564086914,,,,,,
2024-03-21,45.49919509887695,,,,,,
2024-03-22,45.270755767822266,,,,,,
2024-03-25,45.1118392944336,,,,,,
2024-03-26,45.270755767822266,,,,,,
2024-03-27,45.96601104736328,,,,,,
2024-03-28,45.86668014526367,,,,,,
2024-04-01,45.80708694458008,,,,,,
2024-04-02,45.28068542480469,,,,,,
2024-04-03,45.92628479003906,,,,,,
2024-04-04,44.92312240600586,,,,,,
2024-04-05,45.41973876953125,,,,,,
2024-04-08,45.34027862548828,,,,,,
2024-04-09,45.3005485534668,,,,,,
2024-04-10,44.833740234375,,,,,,
2024-04-11,45.270755767822266,,,,,,
2024-04-12,44.20801162719727,,,,,,
2024-04-15,43.69154357910156,,,,,,
2024-04-16,43.31411743164063,,,,,,
2024-04-17,43.11547470092773,,,,,,
2024-04-18,43.09561538696289,,,,,,
2024-04-19,43.19493865966797,,,,,,
2024-04-22,43.770992279052734,,,,,,
2024-04-23,44.47617721557617,,,,,,
2024-04-24,44.40665435791016,,,,,,
2024-04-25,44.36692428588867,,,,,,
2024-04-26,44.52584838867188,,,,,,
2024-04-29,44.81387710571289,,,,,,
2024-04-30,43.91998291015625,,,,,,
2024-05-01,44.15835571289063,,,,,,
2024-05-02,44.44638442993164,,,,,,
2024-05-03,44.53578186035156,,,,,,
2024-05-06,45.21116256713867,,,,,,
2024-05-07,44.95292663574219,,,,,,
2024-05-08,44.42652130126953,,,,,,
2024-05-09,44.66490173339844,,,,,,
2024-05-10,44.53578186035156,,,,,,
2024-05-13,44.505977630615234,,,,,,
2024-05-14,44.6946907043457,,,,,,
2024-05-15,44.79400634765625,,,,,,
2024-05-16,44.79400634765625,,,,,,
2024-05-17,44.65495681762695,,,,,,
2024-05-20,44.87346649169922,,,,,,
2024-05-21,44.71455383300781,,,,,,
2024-05-22,44.38679122924805,,,,,,
2024-05-23,43.492897033691406,,,,,,
2024-05-24,43.91004180908203,,,,,,
2024-05-28,43.6617431640625,,,,,,
2024-05-29,43.274391174316406,,,,,,
2024-05-30,43.34391784667969,,,,,,
2024-05-31,43.74120330810547,,,,,,
2024-06-03,44.138484954833984,,,,,,
2024-06-04,43.860389709472656,,,,,,
2024-06-05,44.35699844360352,,,,,,
2024-06-06,44.138484954833984,,,,,,
2024-06-07,44.02923583984375,,,,,,
2024-06-10,44.04909896850586,,,,,,
2024-06-11,43.79086685180664,,,,,,
2024-06-12,44.41658782958984,,,,,,
2024-06-13,43.82065963745117,,,,,,
2024-06-14,43.34391784667969,,,,,,
2024-06-17,44.08882522583008,,,,,,
2024-06-18,44.28747177124024,,,,,,
2024-06-20,44.138484954833984,,,,,,
2024-06-21,44.24774169921875,,,,,,
2024-06-24,44.5119743347168,,,,,,
2024-06-25,44.98878479003906,,,,,,
2024-06-26,44.82984924316406,,,,,,
2024-06-27,44.879512786865234,,,,,,
2024-06-28,45.11791610717773,,,,,,
2024-07-01,44.48217391967773,,,,,,
2024-07-02,44.63117980957031,,,,,,
2024-07-03,44.67091369628906,,,,,,
2024-07-05,44.79011154174805,,,,,,
2024-07-08,44.77024841308594,,,,,,
2024-07-09,44.621238708496094,,,,,,
2024-07-10,44.89938354492188,,,,,,
2024-07-11,44.96891784667969,,,,,,
2024-07-12,45.44572830200195,,,,,,
2024-07-15,45.5450553894043,,,,,,
2024-07-16,46.42913818359375,,,,,,
2024-07-17,45.56492614746094,,,,,,
2024-07-18,45.04838562011719,,,,,,
2024-07-19,45.16758346557617,,,,,,
2024-07-22,45.34638595581055,,,,,,
2024-07-23,45.733795166015625,,,,,,
2024-07-24,44.44243621826172,,,,,,
2024-07-25,43.84642791748047,,,,,,
2024-07-26,44.15436935424805,,,,,,
2024-07-29,44.67091369628906,,,,,,
2024-07-30,45.11791610717773,,,,,,
2024-07-31,45.32651901245117,,,,,,
2024-08-01,44.25370788574219,,,,,,
2024-08-02,42.89281463623047,,,,,,
2024-08-05,42.1279411315918,,,,,,
2024-08-06,43.121280670166016,,,,,,
2024-08-07,42.41600799560547,,,,,,
2024-08-08,43.051753997802734,,,,,,
2024-08-09,43.3199577331543,,,,,,
2024-08-12,42.992149353027344,,,,,,
2024-08-13,43.329891204833984,,,,,,
2024-08-14,43.31002426147461,,,,,,
2024-08-15,44.412635803222656,,,,,,
2024-08-16,44.46230697631836,,,,,,
2024-08-19,45.31658554077149,,,,,,
2024-08-20,44.64110565185547,,,,,,
2024-08-21,45.25698471069336,,,,,,
2024-08-22,45.0682487487793,,,,,,
2024-08-23,46.33973693847656,,,,,,
2024-08-26,46.25033950805664,,,,,,
2024-08-27,46.36954116821289,,,,,,
2024-08-28,45.89273071289063,,,,,,
2024-08-29,45.733795166015625,,,,,,
2024-08-30,45.90266418457031,,,,,,
2024-09-03,44.819915771484375,,,,,,
2024-09-04,44.958984375,,,,,,
2024-09-05,45.00864791870117,,,,,,
2024-09-06,44.33317565917969,,,,,,
2024-09-09,44.68084716796875,,,,,,
2024-09-10,44.46230697631836,,,,,,
2024-09-11,44.55170440673828,,,,,,
2024-09-12,45.13778305053711,,,,,,
2024-09-13,45.8331298828125,,,,,,
2024-09-16,46.23046875,,,,,,
2024-09-17,46.61787796020508,,,,,,
2024-09-18,46.607940673828125,,,,,,
2024-09-19,47.32315444946289,,,,,,
2024-09-20,47.23374938964844,,,,,,
2024-09-23,47.158199310302734,,,,,,
2024-09-24,47.535945892333984,,,,,,
2024-09-25,47.14826202392578,,,,,,
2024-09-26,47.65522766113281,,,,,,
2024-09-27,47.476295471191406,,,,,,
2024-09-30,47.406715393066406,,,,,,
2024-10-01,47.06873321533203,,,,,,
2024-10-02,47.10850143432617,,,,,,
2024-10-03,46.750633239746094,,,,,,
2024-10-04,47.535945892333984,,,,,,
2024-10-07,47.06873321533203,,,,,,
2024-10-08,47.635353088378906,,,,,,
2024-10-09,47.95345306396485,,,,,,
2024-10-10,47.685054779052734,,,,,,
2024-10-11,48.14232635498047,,,,,,
2024-10-14,48.470359802246094,,,,,,
2024-10-15,48.7387580871582,,,,,,
2024-10-16,48.877925872802734,,,,,,
2024-10-17,48.85804748535156,,,,,,
2024-10-18,49.00714874267578,,,,,,
2024-10-21,48.66917419433594,,,,,,
2024-10-22,48.72881317138672,,,,,,
2024-10-23,48.172142028808594,,,,,,
2024-10-24,48.46041870117188,,,,,,
2024-10-25,48.67911529541016,,,,,,
2024-10-28,49.15626525878906,,,,,,
2024-10-29,49.43459701538086,,,,,,
2024-10-30,49.315311431884766,,,,,,
2024-10-31,48.99721145629883,,,,,,
2024-11-01,49.22584533691406,,,,,,
2024-11-04,49.1761474609375,,,,,,
2024-11-05,50.00121307373047,,,,,,
2024-11-06,52.2477912902832,,,,,,
2024-11-07,51.95951461791992,,,,,,
2024-11-08,52.10862350463867,,,,,,
2024-11-11,52.74481964111328,,,,,,
2024-11-12,52.49630355834961,,,,,,
2024-11-13,52.3670768737793,,,,,,
2024-11-14,52.0688591003418,,,,,,
2024-11-15,51.29349136352539,,,,,,
2024-11-18,51.46247863769531,,,,,,
2024-11-19,51.8402214050293,,,,,,
2024-11-20,52.19808578491211,,,,,,
2024-11-21,52.983394622802734,,,,,,
2024-11-22,53.28160858154297,,,,,,
2024-11-25,53.80846405029297,,,,,,
2024-11-26,53.7388801574707,,,,,,
2024-11-27,53.83828353881836,,,,,,
2024-11-29,54.06691360473633,,,,,,
2024-12-02,53.99733352661133,,,,,,
2024-12-03,53.89793014526367,,,,,,
2024-12-04,54.59376525878906,,,,,,
2024-12-05,54.70311737060547,,,,,,
2024-12-06,54.95162963867188,,,,,,
2024-12-09,53.301490783691406,,,,,,
2024-12-10,53.55000305175781,,,,,,
2024-12-11,53.97745132446289,,,,,,
2024-12-12,54.22597122192383,,,,,,
2024-12-13,53.81840515136719,,,,,,
2024-12-16,53.90787124633789,,,,,,
2024-12-17,53.41083908081055,,,,,,
2024-12-18,51.30343246459961,,,,,,
2024-12-19,51.57182693481445,,,,,,
2024-12-20,52.09867858886719,,,,,,
2024-12-23,52.23784637451172,,,,,,
2024-12-24,52.73487854003906,,,,,,
2024-12-26,52.86410903930664,,,,,,
2024-12-27,52.2477912902832,,,,,,
2024-12-30,52.08874130249024,,,,,,
2024-12-31,51.889930725097656,,,,,,
2025-01-02,52.09867858886719,,,,,,
2025-01-03,52.32731246948242,,,,,,
2025-01-06,52.3670768737793,,,,,,
2025-01-07,51.80046081542969,,,,,,
2025-01-08,52.05891036987305,,,,,,
2025-01-10,51.43266296386719,,,,,,
2025-01-13,51.363075256347656,,,,,,
2025-01-14,51.93962860107422,,,,,,
2025-01-15,52.07879257202149,,,,,,
2025-01-16,52.03903579711914,,,,,,
2025-01-17,52.526126861572266,,,,,,
2025-01-21,53.16232299804688,,,,,,
2025-01-22,53.07285690307617,,,,,,
2025-01-23,53.649410247802734,,,,,,
2025-01-24,53.74882125854492,,,,,,
2025-01-27,53.88798904418945,,,,,,
2025-01-28,54.81245803833008,,,,,,
2025-01-29,55.39896011352539,,,,,,
2025-01-30,56.06497573852539,,,,,,
2025-01-31,55.52819061279297,,,,,,
2025-02-03,55.488426208496094,,,,,,
2025-02-04,55.7369384765625,,,,,,
2025-02-05,55.99539566040039,,,,,,
2025-02-06,56.40296173095703,,,,,,
2025-02-07,56.43278121948242,,,,,,
2025-02-10,56.13456344604492,,,,,,
2025-02-11,55.697174072265625,,,,,,
2025-02-12,56.25385284423828,,,,,,
2025-02-13,56.60177230834961,,,,,,
2025-02-14,57.00933456420898,,,,,,
2025-02-18,57.37714385986328,,,,,,
2025-02-19,57.05904006958008,,,,,,
2025-02-20,56.35325622558594,,,,,,
2025-02-21,54.66335678100586,,,,,,
2025-02-24,55.10073852539063,,,,,,
2025-02-25,54.04703903198242,,,,,,
2025-02-26,54.43471908569336,,,,,,
2025-02-27,53.44065856933594,,,,,,
2025-02-28,54.32537460327149,,,,,,
2025-03-03,52.983394622802734,,,,,,
2025-03-04,52.16826248168945,,,,,,
2025-03-05,52.70506286621094,,,,,,
2025-03-06,50.39884185791016,,,,,,
2025-03-07,50.2795524597168,,,,,,
2025-03-10,48.51012420654297,,,,,,
2025-03-11,47.87392807006836,,,,,,
2025-03-12,47.9633903503418,,,,,,
2025-03-13,46.50212097167969,,,,,,
2025-03-14,47.99321365356445,,,,,,
2025-03-17,48.91769027709961,,,,,,
2025-03-18,48.08267593383789,,,,,,
2025-03-19,49.46442031860352,,,,,,
2025-03-20,49.404781341552734,,,,,,
2025-03-21,49.30537033081055,,,,,,
2025-03-24,50.89959335327149,,,,,,
2025-03-25,50.69074249267578,,,,,,
2025-03-26,50.44211196899414,,,,,,
2025-03-27,50.0443000793457,,,,,,
2025-03-28,48.43317413330078,,,,,,
2025-03-31,48.38345336914063,,,,,,
2025-04-01,48.43317413330078,,,,,,
2025-04-02,49.48736953735352,,,,,,
2025-04-03,45.66840744018555,,,,,,
2025-04-04,43.24177551269531,,,,,,
2025-04-07,43.10254287719727,,,,,,
2025-04-08,42.60528564453125,,,,,,
2025-04-09,47.69723129272461,,,,,,
2025-04-10,45.23081970214844,,,,,,
2025-04-11,45.767860412597656,,,,,,
2025-04-14,46.0164909362793,,,,,,
2025-04-15,46.38446044921875,,,,,,
2025-04-16,46.036380767822266,,,,,,
2025-04-17,46.44413757324219,,,,,,
2025-04-21,45.24076461791992,,,,,,
2025-04-22,46.722599029541016,,,,,,
2025-04-23,47.408817291259766,,,,,,
2025-04-24,47.9160270690918,,,,,,
2025-04-25,48.03536605834961,,,,,,
2025-04-28,48.21438217163086,,,,,,
2025-04-29,48.09503936767578,,,,,,
2025-04-30,47.746952056884766,,,,,,
2025-05-01,47.98564147949219,,,,,,
2025-05-02,49.57687377929688,,,,,,
2025-05-05,49.61665725708008,,,,,,
2025-05-06,49.1591796875,,,,,,
2025-05-07,49.61665725708008,,,,,,
2025-05-08,50.22331619262695,,,,,,
2025-05-09,49.78572845458984,,,,,,
2025-05-12,51.72504425048828,,,,,,
2025-05-13,52.500770568847656,,,,,,
2025-05-14,52.44109725952149,,,,,,
2025-05-15,52.24219131469727,,,,,,
2025-05-16,52.95824813842773,,,,,,
2025-05-19,52.75934219360352,,,,,,
2025-05-20,52.34164810180664,,,,,,
2025-05-21,51.06865692138672,,,,,,
2025-05-22,51.32723236083984,,,,,,
2025-05-23,51.36701583862305,,,,,,
2025-05-27,52.94830322265625,,,,,,
2025-05-28,52.789180755615234,,,,,,
2025-05-29,52.76929473876953,,,,,,
2025-05-30,53.01792144775391,,,,,,
2025-06-02,53.356056213378906,,,,,,
2025-06-03,53.62457275390625,,,,,,
2025-06-04,53.71408081054688,,,,,,
2025-06-05,53.51517868041992,,,,,,
2025-06-06,54.20139694213867,,,,,,
2025-06-09,54.09200286865234,,,,,,
2025-06-10,53.74392318725586,,,,,,
2025-06-11,53.68424606323242,,,,,,
2025-06-12,53.64446640014648,,,,,,
2025-06-13,52.5604362487793,,,,,,
2025-06-16,53.86326217651367,,,,,,
2025-06-17,53.5052375793457,,,,,,
2025-06-18,53.69419479370117,,,,,,
2025-06-20,53.98260498046875,,,,,,
2025-06-23,54.69865798950195,,,,,,
2025-06-24,55.39482498168945,,,,,,
2025-06-25,54.96718215942383,,,,,,
2025-06-26,55.76279830932617,,,,,,
2025-06-27,56.43907165527344,,,,,,
2025-06-30,56.58825302124024,,,,,,
2025-07-01,56.76726531982422,,,,,,
2025-07-02,57.18496322631836,,,,,,
2025-07-03,57.49326705932617,,,,,,
2025-07-07,57.13523864746094,,,,,,
2025-07-08,57.15513229370117,,,,,,
2025-07-09,57.21479797363281,,,,,,
2025-07-10,58.10986709594727,,,,,,
2025-07-11,57.413700103759766,,,,,,
2025-07-14,57.841346740722656,,,,,,
2025-07-15,57.15513229370117,,,,,,
2025-07-16,57.45348358154297,,,,,,
2025-07-17,58.2590446472168,,,,,,
2025-07-18,58.368438720703125,,,,,,
2025-07-21,58.2590446472168,,,,,,
2025-07-22,58.52756118774414,,,,,,
2025-07-23,59.02482604980469,,,,,,
2025-07-24,58.09991455078125,,,,,,
2025-07-25,58.43805694580078,,,,,,
2025-07-28,58.33860778808594,,,,,,
2025-07-29,57.53304672241211,,,,,,
2025-07-30,58.04024887084961,,,,,,
2025-07-31,57.30430221557617,,,,,,
2025-08-01,56.49874496459961,,,,,,
2025-08-04,57.18496322631836,,,,,,
2025-08-05,56.50868606567383,,,,,,
2025-08-06,56.58825302124024,,,,,,
2025-08-07,56.51863479614258,,,,,,
2025-08-08,56.110877990722656,,,,,,
2025-08-11,56.22027587890625,,,,,,
2025-08-12,57.65238952636719,,,,,,
2025-08-13,58.41817092895508,,,,,,
2025-08-14,58.00046920776367,,,,,,
2025-08-15,58.0899772644043,,,,,,
2025-08-18,58.30877304077149,,,,,,
2025-08-19,58.2590446472168,,,,,,
2025-08-20,58.0899772644043,,,,,,
2025-08-21,57.93085479736328,,,,,,
2025-08-22,59.21378326416016,,,,,,
2025-08-25,58.88559341430664,,,,,,
2025-08-26,59.36296081542969,,,,,,
2025-08-27,59.31324005126953,,,,,,
2025-08-28,59.40274429321289,,,,,,
2025-08-29,59.17401123046875,,,,,,
2025-09-02,58.73641586303711,,,,,,
2025-09-03,59.07455062866211,,,,,,
2025-09-04,59.26351547241211,,,,,,
2025-09-05,59.164058685302734,,,,,,
2025-09-08,59.55192565917969,,,,,,
2025-09-09,59.42263412475586,,,,,,
2025-09-10,59.412689208984375,,,,,,
2025-09-11,61.54096603393555,,,,,,
2025-09-12,61.57080459594727,,,,,,
2025-09-15,61.849266052246094,,,,,,
2025-09-16,60.84480285644531,,,,,,
2025-09-17,61.17298889160156,,,,,,
2025-09-18,61.49123764038086,,,,,,
2025-09-19,61.50118637084961,,,,,,
2025-09-22,61.57484436035156,,,,,,
2025-09-23,61.69429016113281,,,,,,
2025-09-24,61.116966247558594,,,,,,
2025-09-25,60.90792846679688,,,,,,
2025-09-26,61.41558074951172,,,,,,
2025-09-29,61.495208740234375,,,,,,
2025-09-30,60.30074691772461,,,,,,
2025-10-01,59.84286117553711,,,,,,
2025-10-02,60.0718002319336,,,,,,
2025-10-03,59.65373992919922,,,,,,
2025-10-06,59.52433776855469,,,,,,
2025-10-07,58.658348083496094,,,,,,
2025-10-08,58.34977722167969,,,,,,
2025-10-09,57.94166564941406,,,,,,
2025-10-10,56.69742965698242,,,,,,
2025-10-13,57.443973541259766,,,,,,
2025-10-14,58.46922302246094,,,,,,
2025-10-15,58.78775024414063,,,,,,
2025-10-16,57.832176208496094,,,,,,
2025-10-17,57.623138427734375,,,,,,
2025-10-20,58.35973358154297,,,,,,
2025-10-21,59.3352165222168,,,,,,
2025-10-22,59.26553726196289,,,,,,
2025-10-23,59.73336791992188,,,,,,
2025-10-24,59.52433776855469,,,,,,
2025-10-27,59.80304718017578,,,,,,
2025-10-28,58.7081184387207,,,,,,
2025-10-29,57.99143981933594,,,,,,
2025-10-30,57.71272659301758,,,,,,
2025-10-31,58.28010177612305,,,,,,
2025-11-03,57.95162582397461,,,,,,
2025-11-04,57.18517303466797,,,,,,
2025-11-05,57.34443283081055,,,,,,
2025-11-06,56.677520751953125,,,,,,
2025-11-07,57.89189529418945,,,,,,
2025-11-10,58.48912811279297,,,,,,
2025-11-11,58.69816207885742,,,,,,
2025-11-12,58.41945266723633,,,,,,
2025-11-13,57.57337188720703,,,,,,
2025-11-14,57.63309860229492,,,,,,
2025-11-17,56.498348236083984,,,,,,
2025-11-18,57.13540649414063,,,,,,
2025-11-19,56.75715255737305,,,,,,
2025-11-20,55.48305892944336,,,,,,
2025-11-21,56.77706146240234,,,,,,
2025-11-24,56.319183349609375,,,,,,
2025-11-25,57.82221984863281,,,,,,
2025-11-26,58.35973358154297,,,,,,
2025-11-28,58.91714859008789,,,,,,
2025-12-01,58.91714859008789,,,,,,
2025-12-02,59.09632110595703,,,,,,
2025-12-03,59.355125427246094,,,,,,
2025-12-04,59.25558090209961,,,,,,
2025-12-05,59.32525634765625,,,,,,
2025-12-08,59.61392593383789,,,,,,
2025-12-09,60.04193878173828,,,,,,
2025-12-10,60.30074691772461,,,,,,
2025-12-11,61.19659423828125,,,,,,
2025-12-12,61.116966247558594,,,,,,
2025-12-15,61.017425537109375,,,,,,
2025-12-16,60.94774627685547,,,,,,
2025-12-17,60.45005035400391,,,,,,
2025-12-18,60.93779373168945,,,,,,
2025-12-19,61.40562438964844,,,,,,
2025-12-22,61.97364044189453,,,,,,
2025-12-23,61.694618225097656,,,,,,
2025-12-24,61.893924713134766,,,,,,
2025-12-26,61.85406112670898,,,,,,
2025-12-29,61.53517532348633,,,,,,
2025-12-30,61.584999084472656,,,,,,
2025-12-31,61.11663436889648,,,,,,
2026-01-02,61.19635391235352,,,,,,
2026-01-05,61.63482284545898,,,,,,
2026-01-06,61.8141975402832,,,,,,
2026-01-07,61.26611328125,,,,,,
2026-01-08,61.893924713134766,,,,,,
2026-01-09,61.66471862792969,,,,,,
2026-01-12,61.59496307373047,,,,,,
2026-01-13,61.8640251159668,,,,,,
2026-01-14,61.52520751953125,,,,,,
2026-01-15,61.87399291992188,,,,,,
2026-01-16,61.50527572631836,,,,,,
2026-01-20,60.35927581787109,,,,,,
2026-01-21,60.93726348876953,,,,,,
2026-01-22,60.91733169555664,,,,,,
2026-01-23,60.90736389160156,,,,,,
2026-01-26,60.53865051269531,,,,,,
2026-01-27,60.419071197509766,,,,,,
2026-01-28,60.24966049194336,,,,,,
2026-01-29,60.3393440246582,,,,,,
2026-01-30,59.99056625366211,,,,,,
2026-02-02,60.727989196777344,,,,,,
2026-02-03,60.18987274169922,,,,,,
2026-02-04,60.09021759033203,,,,,,
2026-02-05,59.13356018066406,,,,,,
2026-02-06,60.61837768554688,,,,,,
2026-02-09,60.69809341430664,,,,,,
2026-02-10,61.286041259765625,,,,,,
2026-02-11,60.379207611083984,,,,,,
2026-02-12,59.78129577636719,,,,,,
2026-02-13,59.791259765625,,,,,,
2026-02-17,60.5585823059082,,,,,,
2026-02-18,61.31593704223633,,,,,,
2026-02-19,61.00701904296875,,,,,,
2026-02-20,61.24618148803711,,,,,,
2026-02-23,59.68164443969727,,,,,,
2026-02-24,60.379207611083984,,,,,,
2026-02-25,60.40909957885742,,,,,,
2026-02-26,61.8640251159668,,,,,,
2026-02-27,61.44548797607422,,,,,,
2026-03-02,60.67816162109375,,,,,,
2026-03-03,60.15997314453125,,,,,,
2026-03-04,60.36924743652344,,,,,,
2026-03-05,60.219764709472656,,,,,,
2026-03-06,59.09369659423828,,,,,,
2026-03-09,59.552093505859375,,,,,,
2026-03-10,58.96414566040039,,,,,,
2026-03-11,58.79474258422852,,,,,,
2026-03-12,57.19034194946289,,,,,,
2026-03-13,57.22023391723633,,,,,,
2026-03-16,57.97759246826172,,,,,,
2026-03-17,58.63529586791992,,,,,,
2026-03-18,57.578983306884766,,,,,,
2026-03-19,57.88790512084961,,,,,,
2026-03-20,56.81166076660156,,,,,,
2026-03-23,58.46042251586914,,,,,,
2026-03-24,58.430458068847656,,,,,,
2026-03-25,58.53032684326172,,,,,,
2026-03-26,57.79132843017578,,,,,,
2026-03-27,56.26341247558594,,,,,,
2026-03-30,55.85396957397461,,,,,,
2026-03-31,57.901180267333984,,,,,,
2026-04-01,58.6002311706543,,,,,,
2026-04-02,58.5003662109375,,,,,,
2026-04-06,58.95974349975586,,,,,,
2026-04-07,58.38052749633789,,,,,,
2026-04-08,60.75729370117188,,,,,,
2026-04-09,60.76728057861328,,,,,,
2026-04-10,60.40777206420898,,,,,,
2026-04-13,61.1667366027832,,,,,,
2026-04-14,62.34513092041016,,,,,,
2026-04-15,62.3051872253418,,,,,,
2026-04-16,61.60613632202149,,,,,,
2026-04-17,63.77318954467773,,,,,,
2026-04-20,63.60341644287109,,,,,,
2026-04-21,62.4150390625,,,,,,
2026-04-22,61.596153259277344,,,,,,
2026-04-23,60.67740249633789,,,,,,
2026-04-24,60.96700668334961,,,,,,
2026-04-27,60.86714553833008,,,,,,
2026-04-28,60.25797271728516,,,,,,
2026-04-29,60.287933349609375,,,,,,
2026-04-30,60.95702362060547,,,,,,
2026-05-01,60.9070930480957,,,,,,
2026-05-04,59.638816833496094,,,,,,
2026-05-05,60.35783767700195,,,,,,
2026-05-06,61.516258239746094,,,,,,
2026-05-07,61.24662780761719,,,,,,
2026-05-08,60.53759002685547,,,,,,
2026-05-11,59.20940017700195,,,,,,
2026-05-12,58.760013580322266,,,,,,
2026-05-13,58.82991790771485,,,,,,
2026-05-14,59.46904754638672,,,,,,
2026-05-15,59.02964782714844,,,,,,
2026-05-18,59.349212646484375,,,,,,
2026-05-19,58.340579986572266,,,,,,
2026-05-20,59.858516693115234,,,,,,
2026-05-21,60.23799896240234,,,,,,
2026-05-22,60.52760696411133,,,,,,
2026-05-26,61.566192626953125,,,,,,
2026-05-27,62.43500900268555,,,,,,
2026-05-28,62.64472579956055,,,,,,
2026-05-29,62.75457382202149,,,,,,
2026-06-01,63.63338088989258,,,,,,
2026-06-02,62.79452133178711,,,,,,
2026-06-03,62.125431060791016,,,,,,
2026-06-04,62.6746826171875,,,,,,
2026-06-05,62.91435623168945,,,,,,
2026-06-08,62.8843994140625,,,,,,
2026-06-09,63.75321578979492,,,,,,
2026-06-10,63.443634033203125,,,,,,
2026-06-11,64.94159698486328,,,,,,
2026-06-12,65.11136627197266,,,,,,
2026-06-15,65.25117492675781,,,,,,
2026-06-16,65.58072662353516,,,,,,
2026-06-17,64.68194580078125,,,,,,
2026-06-18,65.3810043334961,,,,,,
2026-06-22,64.83000183105469,,,,,,
2026-06-23,65.08000183105469,,,,,,
2026-06-24,66.04000091552734,,,,,,
2026-06-25,65.98999786376953,,,,,,
2026-06-26,67.62000274658203,,,,,,
2026-06-29,67.37000274658203,,,,,,
2026-06-30,66.56999969482422,,,,,,
2026-07-01,66.5199966430664,,,,,,
2026-07-02,67.2300033569336,,,,,,
2026-07-06,66.29,,,,,,
2026-07-07,66.52,,,,,,
2026-07-08,65.49,,,,,,
2026-07-09,66.08,,,,,,
2026-07-10,66.21,,,,,,
2026-07-13,65.94,,,,,,
2026-07-14,65.46,,,,,,
2026-07-15,65.77,,,,,,
2026-07-16,66.24,,,,,,
2026-07-17,65.69,,,,,,
2026-07-20,65.75,,,,,,
2026-07-21,65.59,,,,,,
2026-07-22,65.24,,,,,,
2026-07-23,64.51,,,,,,
2026-07-24,65.03,,,,,,
2026-07-27,66.65,,,,,,
2026-07-28,67.8,,,,,,
2026-07-29,67.84,,,,,,
2026-07-30,67.05,,,,,,
2026-07-31,66.87,,,,,,
2026-08-03,66.81,,,,,,
2026-08-04,67.23,,,,,,
2026-08-05,67.49,,,,,,
2026-08-06,66.57,,,,,,
2026-08-07,67.48,,,,,,
2026-08-10,67.09,,,,,,
2026-08-11,67.41,,,,,,
2026-08-12,68.5,,,,,,
2026-08-13,69.03,,,,,,
2026-08-14,68.95,,,,,,
2026-08-17,68.23,,,,,,
2026-08-18,67.78,,,,,,
2026-08-19,68.07,,,,,,
2026-08-20,67.59,,,,,,
2026-08-21,67.96,,,,,,
2026-08-24,68.81,,,,,,
2026-08-25,68.78,,,,,,
2026-08-26,68.12,,,,,,
2026-08-27,66.86,,,,,,
2026-08-28,66.9,,,,,,
2026-08-31,65.37,66.72,66.72,65.34,78342.0,65.589,50.0
2026-09-01,64.65,65.0,65.45,64.54,65934.0,64.837,109.0
