date,close,open,high,low,volume,average,barCount
2000-01-03,18.618501663208008,,,,,,
2000-01-04,18.14515686035156,,,,,,
2000-01-05,17.703369140625,,,,,,
2000-01-06,18.492280960083008,,,,,,
2000-01-07,18.99718475341797,,,,,,
2000-01-10,18.618501663208008,,,,,,
2000-01-11,18.555391311645508,,,,,,
2000-01-12,18.33449363708496,,,,,,
2000-01-13,18.14515686035156,,,,,,
2000-01-14,18.27138900756836,,,,,,
2000-01-18,18.30293846130371,,,,,,
2000-01-19,18.397605895996094,,,,,,
2000-01-20,18.239824295043945,,,,,,
2000-01-21,18.239824295043945,,,,,,
2000-01-24,17.829586029052734,,,,,,
2000-01-25,17.324663162231445,,,,,,
2000-01-26,17.135334014892578,,,,,,
2000-01-27,17.072216033935547,,,,,,
2000-01-28,16.788211822509766,,,,,,
2000-01-31,17.230005264282227,,,,,,
2000-02-01,17.166893005371094,,,,,,
2000-02-02,16.661991119384766,,,,,,
2000-02-03,16.69354248046875,,,,,,
2000-02-04,16.535762786865234,,,,,,
2000-02-07,16.34641456604004,,,,,,
2000-02-08,16.81977081298828,,,,,,
2000-02-09,17.166893005371094,,,,,,
2000-02-10,17.48245620727539,,,,,,
2000-02-11,17.356237411499023,,,,,,
2000-02-14,17.198450088500977,,,,,,
2000-02-15,17.26156234741211,,,,,,
2000-02-16,17.166893005371094,,,,,,
2000-02-17,17.324663162231445,,,,,,
2000-02-18,17.293123245239258,,,,,,
2000-02-22,17.514015197753906,,,,,,
2000-02-23,17.26156234741211,,,,,,
2000-02-24,17.166893005371094,,,,,,
2000-02-25,16.535762786865234,,,,,,
2000-02-28,16.788211822509766,,,,,,
2000-02-29,16.22019386291504,,,,,,
2000-03-01,16.441085815429688,,,,,,
2000-03-02,15.936172485351562,,,,,,
2000-03-03,15.96773624420166,,,,,,
2000-03-06,15.6521635055542,,,,,,
2000-03-07,15.462823867797852,,,,,,
2000-03-08,15.467900276184082,,,,,,
2000-03-09,15.91165256500244,,,,,,
2000-03-10,15.594683647155762,,,,,,
2000-03-13,15.784863471984863,,,,,,
2000-03-14,15.562987327575684,,,,,,
2000-03-15,16.830846786499023,,,,,,
2000-03-16,17.27459716796875,,,,,,
2000-03-17,16.735763549804688,,,,,,
2000-03-20,16.8625431060791,,,,,,
2000-03-21,17.401386260986328,,,,,,
2000-03-22,16.989337921142578,,,,,,
2000-03-23,16.989337921142578,,,,,,
2000-03-24,16.704063415527344,,,,,,
2000-03-27,16.410863876342773,,,,,,
2000-03-28,16.482181549072266,,,,,,
2000-03-29,16.8625431060791,,,,,,
2000-03-30,18.22550201416016,,,,,,
2000-03-31,17.686660766601562,,,,,,
2000-04-03,18.32058334350586,,,,,,
2000-04-04,18.47905731201172,,,,,,
2000-04-05,18.637556076049805,,,,,,
2000-04-06,18.669252395629883,,,,,,
2000-04-07,18.25718116760254,,,,,,
2000-04-10,18.38397979736328,,,,,,
2000-04-11,18.79603385925293,,,,,,
2000-04-12,18.89112663269043,,,,,,
2000-04-13,18.47905731201172,,,,,,
2000-04-14,18.47905731201172,,,,,,
2000-04-17,18.574153900146484,,,,,,
2000-04-18,18.22550201416016,,,,,,
2000-04-19,17.908531188964844,,,,,,
2000-04-20,18.85942649841309,,,,,,
2000-04-24,19.20808792114257,,,,,,
2000-04-25,18.9862117767334,,,,,,
2000-04-26,19.14469337463379,,,,,,
2000-04-27,18.9862117767334,,,,,,
2000-04-28,18.60584831237793,,,,,,
2000-05-01,18.76433563232422,,,,,,
2000-05-02,19.017911911010746,,,,,,
2000-05-03,19.049604415893555,,,,,,
2000-05-04,18.60584831237793,,,,,,
2000-05-05,19.017911911010746,,,,,,
2000-05-08,19.23978042602539,,,,,,
2000-05-09,19.112998962402344,,,,,,
2000-05-10,19.873714447021484,,,,,,
2000-05-11,20.285762786865234,,,,,,
2000-05-12,20.032196044921875,,,,,,
2000-05-15,19.968799591064453,,,,,,
2000-05-16,19.842016220092773,,,,,,
2000-05-17,19.778636932373047,,,,,,
2000-05-18,20.040115356445312,,,,,,
2000-05-19,19.90541648864746,,,,,,
2000-05-22,20.158971786499023,,,,,,
2000-05-23,20.0004940032959,,,,,,
2000-05-24,20.666126251220703,,,,,,
2000-05-25,20.25407791137696,,,,,,
2000-05-26,20.79291534423828,,,,,,
2000-05-30,20.79291534423828,,,,,,
2000-05-31,20.634429931640625,,,,,,
2000-06-01,20.31745719909668,,,,,,
2000-06-02,20.44424629211425,,,,,,
2000-06-05,20.032196044921875,,,,,,
2000-06-06,20.79291534423828,,,,,,
2000-06-07,21.02318000793457,,,,,,
2000-06-08,21.595674514770508,,,,,,
2000-06-09,20.99137306213379,,,,,,
2000-06-12,21.357133865356445,,,,,,
2000-06-13,21.7865047454834,,,,,,
2000-06-14,22.13636016845703,,,,,,
2000-06-15,22.07275009155273,,,,,,
2000-06-16,22.263580322265625,,,,,,
2000-06-19,22.231773376464844,,,,,,
2000-06-20,20.92776298522949,,,,,,
2000-06-21,21.50026130676269,,,,,,
2000-06-22,21.34123611450196,,,,,,
2000-06-23,21.404842376708984,,,,,,
2000-06-26,22.168163299560547,,,,,,
2000-06-27,22.104555130004883,,,,,,
2000-06-28,22.08865547180176,,,,,,
2000-06-29,21.75469970703125,,,,,,
2000-06-30,22.61344337463379,,,,,,
2000-07-03,21.88192176818848,,,,,,
2000-07-05,22.07275009155273,,,,,,
2000-07-06,22.327194213867188,,,,,,
2000-07-07,21.595674514770508,,,,,,
2000-07-10,20.83234405517578,,,,,,
2000-07-11,20.67331886291504,,,,,,
2000-07-12,20.22805595397949,,,,,,
2000-07-13,20.546098709106445,,,,,,
2000-07-14,21.214006423950195,,,,,,
2000-07-17,21.818309783935547,,,,,,
2000-07-18,21.88192176818848,,,,,,
2000-07-19,22.07275009155273,,,,,,
2000-07-20,22.263580322265625,,,,,,
2000-07-21,22.518016815185547,,,,,,
2000-07-24,22.19997787475586,,,,,,
2000-07-25,22.45441627502441,,,,,,
2000-07-26,22.29538917541504,,,,,,
2000-07-27,22.54981803894043,,,,,,
2000-07-28,22.772459030151367,,,,,,
2000-07-31,23.31315994262696,,,,,,
2000-08-01,23.344955444335938,,,,,,
2000-08-02,23.21773338317871,,,,,,
2000-08-03,22.963298797607425,,,,,,
2000-08-04,22.93149185180664,,,,,,
2000-08-07,22.70884895324707,,,,,,
2000-08-08,22.61344337463379,,,,,,
2000-08-09,22.390798568725582,,,,,,
2000-08-10,22.93149185180664,,,,,,
2000-08-11,23.31315994262696,,,,,,
2000-08-14,23.91743850708008,,,,,,
2000-08-15,23.37675666809082,,,,,,
2000-08-16,22.390798568725582,,,,,,
2000-08-17,22.128416061401367,,,,,,
2000-08-18,22.327194213867188,,,,,,
2000-08-21,22.54981803894043,,,,,,
2000-08-22,22.00914001464844,,,,,,
2000-08-23,22.056854248046875,,,,,,
2000-08-24,22.13636016845703,,,,,,
2000-08-25,21.75469970703125,,,,,,
2000-08-28,22.04094314575196,,,,,,
2000-08-29,21.62748146057129,,,,,,
2000-08-30,21.34123611450196,,,,,,
2000-08-31,21.69903564453125,,,,,,
2000-09-01,21.532060623168945,,,,,,
2000-09-05,21.75469970703125,,,,,,
2000-09-06,21.411348342895508,,,,,,
2000-09-07,22.049537658691406,,,,,,
2000-09-08,21.73044204711914,,,,,,
2000-09-11,21.826175689697266,,,,,,
2000-09-12,22.400554656982425,,,,,,
2000-09-13,22.81538772583008,,,,,,
2000-09-14,22.52819061279297,,,,,,
2000-09-15,22.336727142333984,,,,,,
2000-09-18,22.46436309814453,,,,,,
2000-09-19,22.408523559570312,,,,,,
2000-09-20,21.25180435180664,,,,,,
2000-09-21,22.1452751159668,,,,,,
2000-09-22,23.166379928588867,,,,,,
2000-09-25,22.879194259643555,,,,,,
2000-09-26,22.6877384185791,,,,,,
2000-09-27,23.230207443237305,,,,,,
2000-09-28,23.1025619506836,,,,,,
2000-09-29,23.48548126220703,,,,,,
2000-10-02,24.187488555908203,,,,,,
2000-10-03,23.48548126220703,,,,,,
2000-10-04,23.03874969482422,,,,,,
2000-10-05,23.38974952697754,,,,,,
2000-10-06,23.676942825317383,,,,,,
2000-10-09,24.02794075012207,,,,,,
2000-10-10,24.187488555908203,,,,,,
2000-10-11,23.900304794311523,,,,,,
2000-10-12,24.442758560180664,,,,,,
2000-10-13,23.230207443237305,,,,,,
2000-10-16,23.8045711517334,,,,,,
2000-10-17,24.059852600097656,,,,,,
2000-10-18,24.47467994689941,,,,,,
2000-10-19,24.41084289550781,,,,,,
2000-10-20,23.77266502380371,,,,,,
2000-10-23,23.868389129638672,,,,,,
2000-10-24,23.54930305480957,,,,,,
2000-10-25,24.76185607910156,,,,,,
2000-10-26,23.99602508544922,,,,,,
2000-10-27,24.57040786743164,,,,,,
2000-10-30,25.080955505371094,,,,,,
2000-10-31,24.72995948791504,,,,,,
2000-11-01,24.506572723388672,,,,,,
2000-11-02,24.02794075012207,,,,,,
2000-11-03,23.38974952697754,,,,,,
2000-11-06,24.25130653381348,,,,,,
2000-11-07,24.059852600097656,,,,,,
2000-11-08,24.187488555908203,,,,,,
2000-11-09,25.01713752746582,,,,,,
2000-11-10,24.92140007019043,,,,,,
2000-11-13,24.602310180664062,,,,,,
2000-11-14,24.41084289550781,,,,,,
2000-11-15,23.77266502380371,,,,,,
2000-11-16,22.62391471862793,,,,,,
2000-11-17,22.43246459960937,,,,,,
2000-11-20,22.97491836547852,,,,,,
2000-11-21,23.74075508117676,,,,,,
2000-11-22,22.84727478027344,,,,,,
2000-11-24,22.71965408325196,,,,,,
2000-11-27,22.655824661254883,,,,,,
2000-11-28,23.03874969482422,,,,,,
2000-11-29,23.166379928588867,,,,,,
2000-11-30,23.166379928588867,,,,,,
2000-12-01,21.634721755981445,,,,,,
2000-12-04,22.368637084960938,,,,,,
2000-12-05,22.560104370117188,,,,,,
2000-12-06,23.207996368408203,,,,,,
2000-12-07,24.040292739868164,,,,,,
2000-12-08,24.29637718200684,,,,,,
2000-12-11,24.10430908203125,,,,,,
2000-12-12,24.26436233520508,,,,,,
2000-12-13,24.80856132507324,,,,,,
2000-12-14,25.480775833129883,,,,,,
2000-12-15,25.000608444213867,,,,,,
2000-12-18,25.2567081451416,,,,,,
2000-12-19,25.19269180297852,,,,,,
2000-12-20,25.03263092041016,,,,,,
2000-12-21,24.968610763549805,,,,,,
2000-12-22,24.90458297729492,,,,,,
2000-12-26,25.03263092041016,,,,,,
2000-12-27,25.03263092041016,,,,,,
2000-12-28,24.968610763549805,,,,,,
2000-12-29,25.3847599029541,,,,,,
2001-01-02,25.28872871398925,,,,,,
2001-01-03,23.816211700439453,,,,,,
2001-01-04,22.727842330932617,,,,,,
2001-01-05,23.207996368408203,,,,,,
2001-01-08,23.59213829040528,,,,,,
2001-01-09,23.94424819946289,,,,,,
2001-01-10,23.56012344360352,,,,,,
2001-01-11,23.59213829040528,,,,,,
2001-01-12,23.400070190429688,,,,,,
2001-01-16,23.528121948242188,,,,,,
2001-01-17,23.24001121520996,,,,,,
2001-01-18,23.04793930053711,,,,,,
2001-01-19,22.43972969055176,,,,,,
2001-01-22,22.43972969055176,,,,,,
2001-01-23,22.11962509155273,,,,,,
2001-01-24,21.89555549621582,,,,,,
2001-01-25,22.407730102539062,,,,,,
2001-01-26,22.567779541015625,,,,,,
2001-01-29,22.35651206970215,,,,,,
2001-01-30,22.80209922790528,,,,,,
2001-01-31,22.571626663208008,,,,,,
2001-02-01,22.366743087768555,,,,,,
2001-02-02,23.042818069458008,,,,,,
2001-02-05,23.032583236694336,,,,,,
2001-02-06,23.18111038208008,,,,,,
2001-02-07,24.06718635559082,,,,,,
2001-02-08,23.995473861694336,,,,,,
2001-02-09,23.662567138671875,,,,,,
2001-02-12,24.046693801879883,,,,,,
2001-02-13,24.149120330810547,,,,,,
2001-02-14,23.91864776611328,,,,,,
2001-02-15,23.995473861694336,,,,,,
2001-02-16,24.236196517944336,,,,,,
2001-02-20,24.84055519104004,,,,,,
2001-02-21,24.200345993041992,,,,,,
2001-02-22,23.8418197631836,,,,,,
2001-02-23,23.754737854003903,,,,,,
2001-02-26,23.70352554321289,,,,,,
2001-02-27,23.590864181518555,,,,,,
2001-02-28,23.6010971069336,,,,,,
2001-03-01,23.46280670166016,,,,,,
2001-03-02,22.97112274169922,,,,,,
2001-03-05,23.3654899597168,,,,,,
2001-03-06,23.46280670166016,,,,,,
2001-03-07,23.642621994018555,,,,,,
2001-03-08,24.09472274780273,,,,,,
2001-03-09,23.83784866333008,,,,,,
2001-03-12,23.401159286499023,,,,,,
2001-03-13,23.041534423828125,,,,,,
2001-03-14,22.743566513061523,,,,,,
2001-03-15,22.62027359008789,,,,,,
2001-03-16,22.08595848083496,,,,,,
2001-03-19,21.92670249938965,,,,,,
2001-03-20,21.382125854492188,,,,,,
2001-03-21,21.582494735717773,,,,,,
2001-03-22,21.88560485839844,,,,,,
2001-03-23,22.52778053283692,,,,,,
2001-03-26,22.502105712890625,,,,,,
2001-03-27,22.625402450561523,,,,,,
2001-03-28,22.132198333740234,,,,,,
2001-03-29,22.219545364379883,,,,,,
2001-03-30,22.579158782958984,,,,,,
2001-04-02,22.63054084777832,,,,,,
2001-04-03,22.132198333740234,,,,,,
2001-04-04,22.553476333618164,,,,,,
2001-04-05,22.656227111816406,,,,,,
2001-04-06,21.57735252380371,,,,,,
2001-04-09,21.320486068725582,,,,,,
2001-04-10,21.65442276000977,,,,,,
2001-04-11,21.263975143432617,,,,,,
2001-04-12,21.5311222076416,,,,,,
2001-04-16,21.68010902404785,,,,,,
2001-04-17,21.716068267822266,,,,,,
2001-04-18,21.60818862915039,,,,,,
2001-04-19,21.81881332397461,,,,,,
2001-04-20,21.197189331054688,,,,,,
2001-04-23,21.716068267822266,,,,,,
2001-04-24,22.16815948486328,,,,,,
2001-04-25,22.64082145690918,,,,,,
2001-04-26,23.06721878051757,,,,,,
2001-04-27,22.656227111816406,,,,,,
2001-04-30,22.50724220275879,,,,,,
2001-05-01,22.938783645629883,,,,,,
2001-05-02,22.76411819458008,,,,,,
2001-05-03,22.72815322875977,,,,,,
2001-05-04,22.95419883728028,,,,,,
2001-05-07,23.087785720825195,,,,,,
2001-05-08,23.11346244812012,,,,,,
2001-05-09,23.396020889282227,,,,,,
2001-05-10,23.87381935119629,,,,,,
2001-05-11,23.71968650817871,,,,,,
2001-05-14,23.70940971374512,,,,,,
2001-05-15,23.118593215942383,,,,,,
2001-05-16,23.252178192138672,,,,,,
2001-05-17,23.082639694213867,,,,,,
2001-05-18,23.108322143554688,,,,,,
2001-05-21,23.082639694213867,,,,,,
2001-05-22,22.59457397460937,,,,,,
2001-05-23,22.990163803100582,,,,,,
2001-05-24,23.10318374633789,,,,,,
2001-05-25,23.02098655700684,,,,,,
2001-05-29,23.077497482299805,,,,,,
2001-05-30,23.42171096801757,,,,,,
2001-05-31,22.995296478271484,,,,,,
2001-06-01,23.02098655700684,,,,,,
2001-06-04,23.077497482299805,,,,,,
2001-06-05,23.426851272583008,,,,,,
2001-06-06,22.9862003326416,,,,,,
2001-06-07,22.836729049682617,,,,,,
2001-06-08,22.93464469909668,,,,,,
2001-06-11,22.687271118164062,,,,,,
2001-06-12,22.790346145629883,,,,,,
2001-06-13,22.84187889099121,,,,,,
2001-06-14,22.563570022583008,,,,,,
2001-06-15,22.295583724975582,,,,,,
2001-06-18,22.347108840942383,,,,,,
2001-06-19,22.52750015258789,,,,,,
2001-06-20,22.70788955688477,,,,,,
2001-06-21,23.27996635437012,,,,,,
2001-06-22,23.357271194458008,,,,,,
2001-06-25,23.13051414489746,,,,,,
2001-06-26,23.10473823547364,,,,,,
2001-06-27,23.383037567138672,,,,,,
2001-06-28,23.49642372131348,,,,,,
2001-06-29,22.78003120422364,,,,,,
2001-07-02,23.29027366638184,,,,,,
2001-07-03,23.51188087463379,,,,,,
2001-07-05,23.17689323425293,,,,,,
2001-07-06,23.135648727416992,,,,,,
2001-07-09,23.31087303161621,,,,,,
2001-07-10,23.31087303161621,,,,,,
2001-07-11,23.23873519897461,,,,,,
2001-07-12,23.475812911987305,,,,,,
2001-07-13,23.41910743713379,,,,,,
2001-07-16,23.70257377624512,,,,,,
2001-07-17,23.785053253173828,,,,,,
2001-07-18,24.217967987060547,,,,,,
2001-07-19,23.94997215270996,,,,,,
2001-07-20,23.831443786621094,,,,,,
2001-07-23,23.21810913085937,,,,,,
2001-07-24,22.99650955200196,,,,,,
2001-07-25,23.604650497436523,,,,,,
2001-07-26,23.56857109069824,,,,,,
2001-07-27,23.53765296936035,,,,,,
2001-07-30,23.75927352905273,,,,,,
2001-07-31,24.03242492675781,,,,,,
2001-08-01,22.51719665527344,,,,,,
2001-08-02,22.908891677856445,,,,,,
2001-08-03,22.90372657775879,,,,,,
2001-08-06,22.67696189880371,,,,,,
2001-08-07,22.929492950439453,,,,,,
2001-08-08,23.00165557861328,,,,,,
2001-08-09,23.362417221069336,,,,,,
2001-08-10,23.532506942749023,,,,,,
2001-08-13,23.21810913085937,,,,,,
2001-08-14,23.475812911987305,,,,,,
2001-08-15,23.48096466064453,,,,,,
2001-08-16,23.68196487426757,,,,,,
2001-08-17,23.542808532714844,,,,,,
2001-08-20,23.9705810546875,,,,,,
2001-08-21,23.73350524902344,,,,,,
2001-08-22,24.18704414367676,,,,,,
2001-08-23,24.35196304321289,,,,,,
2001-08-24,24.274662017822266,,,,,,
2001-08-27,24.16127014160156,,,,,,
2001-08-28,24.02210998535156,,,,,,
2001-08-29,24.217967987060547,,,,,,
2001-08-30,24.3674259185791,,,,,,
2001-08-31,24.22312355041504,,,,,,
2001-09-04,24.377735137939453,,,,,,
2001-09-05,24.71117401123047,,,,,,
2001-09-06,24.349294662475582,,,,,,
2001-09-07,24.504392623901367,,,,,,
2001-09-10,24.245899200439453,,,,,,
2001-09-17,24.76287841796875,,,,,,
2001-09-18,25.59003257751465,,,,,,
2001-09-19,25.63656044006348,,,,,,
2001-09-20,25.207462310791016,,,,,,
2001-09-21,24.2976016998291,,,,,,
2001-09-24,24.504392623901367,,,,,,
2001-09-25,24.81455993652344,,,,,,
2001-09-26,24.90245819091797,,,,,,
2001-09-27,25.27467918395996,,,,,,
2001-09-28,25.073060989379883,,,,,,
2001-10-01,25.300519943237305,,,,,,
2001-10-02,25.51249122619629,,,,,,
2001-10-03,25.37290573120117,,,,,,
2001-10-04,25.150598526000977,,,,,,
2001-10-05,25.254005432128903,,,,,,
2001-10-08,25.13507843017578,,,,,,
2001-10-09,25.29535865783692,,,,,,
2001-10-10,25.791650772094727,,,,,,
2001-10-11,25.3315486907959,,,,,,
2001-10-12,24.70084381103516,,,,,,
2001-10-15,24.76287841796875,,,,,,
2001-10-16,24.773208618164062,,,,,,
2001-10-17,24.89728736877441,,,,,,
2001-10-18,24.581933975219727,,,,,,
2001-10-19,24.463043212890625,,,,,,
2001-10-22,24.65950393676757,,,,,,
2001-10-23,24.76287841796875,,,,,,
2001-10-24,24.943824768066406,,,,,,
2001-10-25,25.0213623046875,,,,,,
2001-10-26,25.176464080810547,,,,,,
2001-10-29,24.89212226867676,,,,,,
2001-10-30,25.20231437683105,,,,,,
2001-10-31,25.18161964416504,,,,,,
2001-11-01,25.067886352539062,,,,,,
2001-11-02,25.3315486907959,,,,,,
2001-11-05,25.129928588867188,,,,,,
2001-11-06,25.19712257385254,,,,,,
2001-11-07,25.26433753967285,,,,,,
2001-11-08,25.3470458984375,,,,,,
2001-11-09,25.43494033813477,,,,,,
2001-11-12,25.34188270568848,,,,,,
2001-11-13,25.559005737304688,,,,,,
2001-11-14,25.99327087402344,,,,,,
2001-11-15,25.96224021911621,,,,,,
2001-11-16,25.72444725036621,,,,,,
2001-11-19,25.80714988708496,,,,,,
2001-11-20,25.68308448791504,,,,,,
2001-11-21,25.50213432312012,,,,,,
2001-11-23,25.53833770751953,,,,,,
2001-11-26,25.32637405395508,,,,,,
2001-11-27,25.042036056518555,,,,,,
2001-11-28,25.04721450805664,,,,,,
2001-11-29,25.088573455810547,,,,,,
2001-11-30,25.14026260375977,,,,,,
2001-12-03,25.217811584472656,,,,,,
2001-12-04,25.05754470825196,,,,,,
2001-12-05,25.044591903686523,,,,,,
2001-12-06,24.619403839111328,,,,,,
2001-12-07,24.681615829467773,,,,,,
2001-12-10,24.36012840270996,,,,,,
2001-12-11,24.163105010986328,,,,,,
2001-12-12,24.417177200317383,,,,,,
2001-12-13,24.489755630493164,,,,,,
2001-12-14,24.62457847595215,,,,,,
2001-12-17,24.577917098999023,,,,,,
2001-12-18,24.56753921508789,,,,,,
2001-12-19,25.604585647583008,,,,,,
2001-12-20,25.45940589904785,,,,,,
2001-12-21,25.469770431518555,,,,,,
2001-12-24,25.537181854248047,,,,,,
2001-12-26,25.64088630676269,,,,,,
2001-12-27,25.61496925354004,,,,,,
2001-12-28,25.433473587036133,,,,,,
2001-12-31,25.24679946899414,,,,,,
2002-01-02,25.4853458404541,,,,,,
2002-01-03,25.29866981506348,,,,,,
2002-01-04,25.0756950378418,,,,,,
2002-01-07,24.930509567260746,,,,,,
2002-01-08,24.78532218933105,,,,,,
2002-01-09,24.686803817749023,,,,,,
2002-01-10,24.96681404113769,,,,,,
2002-01-11,25.122373580932617,,,,,,
2002-01-14,25.029029846191406,,,,,,
2002-01-15,25.21050453186035,,,,,,
2002-01-16,25.215700149536133,,,,,,
2002-01-17,25.205326080322266,,,,,,
2002-01-18,25.4645938873291,,,,,,
2002-01-22,25.625328063964844,,,,,,
2002-01-23,25.620141983032227,,,,,,
2002-01-24,25.71866035461425,,,,,,
2002-01-25,25.469770431518555,,,,,,
2002-01-28,25.215700149536133,,,,,,
2002-01-29,24.65569877624512,,,,,,
2002-01-30,25.236438751220703,,,,,,
2002-01-31,25.97273826599121,,,,,,
2002-02-01,25.98828887939453,,,,,,
2002-02-04,26.08163452148437,,,,,,
2002-02-05,26.34607315063477,,,,,,
2002-02-06,25.45940589904785,,,,,,
2002-02-07,25.200145721435547,,,,,,
2002-02-08,25.184600830078125,,,,,,
2002-02-11,25.36606216430664,,,,,,
2002-02-12,25.41792106628418,,,,,,
2002-02-13,25.729034423828125,,,,,,
2002-02-14,25.620141983032227,,,,,,
2002-02-15,25.86383819580078,,,,,,
2002-02-19,25.651264190673828,,,,,,
2002-02-20,25.88458824157715,,,,,,
2002-02-21,25.65644073486328,,,,,,
2002-02-22,26.02977180480957,,,,,,
2002-02-25,26.252742767333984,,,,,,
2002-02-26,26.149038314819336,,,,,,
2002-02-27,26.24756050109864,,,,,,
2002-02-28,26.18533706665039,,,,,,
2002-03-01,26.57421875,,,,,,
2002-03-04,26.439409255981445,,,,,,
2002-03-05,26.12828254699707,,,,,,
2002-03-06,25.93848419189453,,,,,,
2002-03-07,25.730478286743164,,,,,,
2002-03-08,25.7564754486084,,,,,,
2002-03-11,25.74088859558105,,,,,,
2002-03-12,25.964500427246094,,,,,,
2002-03-13,25.777284622192383,,,,,,
2002-03-14,26.063304901123047,,,,,,
2002-03-15,26.45330810546875,,,,,,
2002-03-18,26.37010955810547,,,,,,
2002-03-19,26.645723342895508,,,,,,
2002-03-20,26.286909103393555,,,,,,
2002-03-21,26.214092254638672,,,,,,
2002-03-22,26.468923568725582,,,,,,
2002-03-25,26.66651725769043,,,,,,
2002-03-26,27.014930725097656,,,,,,
2002-03-27,26.546899795532227,,,,,,
2002-03-28,26.780925750732425,,,,,,
2002-04-01,26.74451065063477,,,,,,
2002-04-02,26.323305130004883,,,,,,
2002-04-03,25.98529815673828,,,,,,
2002-04-04,26.22450065612793,,,,,,
2002-04-05,26.318115234375,,,,,,
2002-04-08,26.4221134185791,,,,,,
2002-04-09,26.74451065063477,,,,,,
2002-04-10,27.191728591918945,,,,,,
2002-04-11,26.96812629699707,,,,,,
2002-04-12,26.98893165588379,,,,,,
2002-04-15,26.63530731201172,,,,,,
2002-04-16,27.020124435424805,,,,,,
2002-04-17,26.99411964416504,,,,,,
2002-04-18,26.9421329498291,,,,,,
2002-04-19,27.62335205078125,,,,,,
2002-04-22,27.472557067871094,,,,,,
2002-04-23,27.144933700561523,,,,,,
2002-04-24,27.52455711364746,,,,,,
2002-04-25,27.274946212768555,,,,,,
2002-04-26,27.1605281829834,,,,,,
2002-04-29,27.202146530151367,,,,,,
2002-04-30,26.98893165588379,,,,,,
2002-05-01,27.51934051513672,,,,,,
2002-05-02,27.597341537475582,,,,,,
2002-05-03,27.30093765258789,,,,,,
2002-05-06,27.04093170166016,,,,,,
2002-05-07,26.95252990722656,,,,,,
2002-05-08,26.84331703186035,,,,,,
2002-05-09,27.072139739990234,,,,,,
2002-05-10,27.248929977416992,,,,,,
2002-05-13,27.33213424682617,,,,,,
2002-05-14,27.43094062805176,,,,,,
2002-05-15,27.144933700561523,,,,,,
2002-05-16,27.32693290710449,,,,,,
2002-05-17,27.11373519897461,,,,,,
2002-05-20,26.80692672729492,,,,,,
2002-05-21,26.55210494995117,,,,,,
2002-05-22,26.848527908325195,,,,,,
2002-05-23,26.614521026611328,,,,,,
2002-05-24,26.12049674987793,,,,,,
2002-05-28,26.468923568725582,,,,,,
2002-05-29,26.4845027923584,,,,,,
2002-05-30,26.4845027923584,,,,,,
2002-05-31,27.030527114868164,,,,,,
2002-06-03,26.59890937805176,,,,,,
2002-06-04,26.93172645568848,,,,,,
2002-06-05,27.140331268310547,,,,,,
2002-06-06,26.54057502746582,,,,,,
2002-06-07,26.7544059753418,,,,,,
2002-06-10,26.728321075439453,,,,,,
2002-06-11,26.556228637695312,,,,,,
2002-06-12,26.936931610107425,,,,,,
2002-06-13,26.717885971069336,,,,,,
2002-06-14,26.54580879211425,,,,,,
2002-06-17,26.9838809967041,,,,,,
2002-06-18,26.728321075439453,,,,,,
2002-06-19,27.056900024414062,,,,,,
2002-06-20,26.728321075439453,,,,,,
2002-06-21,26.38934135437012,,,,,,
2002-06-24,26.311107635498047,,,,,,
2002-06-25,25.570528030395508,,,,,,
2002-06-26,25.685274124145508,,,,,,
2002-06-27,25.34627914428711,,,,,,
2002-06-28,25.137664794921875,,,,,,
2002-07-01,25.565309524536133,,,,,,
2002-07-02,24.90297508239746,,,,,,
2002-07-03,24.76216125488281,,,,,,
2002-07-05,25.08550453186035,,,,,,
2002-07-08,25.47666549682617,,,,,,
2002-07-09,23.60957717895508,,,,,,
2002-07-10,23.265378952026367,,,,,,
2002-07-11,22.634334564208984,,,,,,
2002-07-12,21.95634651184082,,,,,,
2002-07-15,22.034570693969727,,,,,,
2002-07-16,21.121898651123047,,,,,,
2002-07-17,22.10238265991211,,,,,,
2002-07-18,21.01758575439453,,,,,,
2002-07-19,18.87932777404785,,,,,,
2002-07-22,18.514259338378903,,,,,,
2002-07-23,18.75938034057617,,,,,,
2002-07-24,20.626445770263672,,,,,,
2002-07-25,21.080162048339844,,,,,,
2002-07-26,20.96543312072754,,,,,,
2002-07-29,22.185829162597656,,,,,,
2002-07-30,21.76858711242676,,,,,,
2002-07-31,22.39443016052246,,,,,,
2002-08-01,22.16495513916016,,,,,,
2002-08-02,22.399642944335938,,,,,,
2002-08-05,21.351362228393555,,,,,,
2002-08-06,21.1323356628418,,,,,,
2002-08-07,21.862472534179688,,,,,,
2002-08-08,22.138879776000977,,,,,,
2002-08-09,22.84293937683105,,,,,,
2002-08-12,23.10370826721192,,,,,,
2002-08-13,22.90031623840332,,,,,,
2002-08-14,23.47398376464844,,,,,,
2002-08-15,23.2080135345459,,,,,,
2002-08-16,23.150644302368164,,,,,,
2002-08-19,22.9055233001709,,,,,,
2002-08-20,22.743846893310547,,,,,,
2002-08-21,22.73342514038086,,,,,,
2002-08-22,22.80643081665039,,,,,,
2002-08-23,22.503950119018555,,,,,,
2002-08-26,22.18059730529785,,,,,,
2002-08-27,21.53911018371582,,,,,,
2002-08-28,20.82463264465332,,,,,,
2002-08-29,20.33960723876953,,,,,,
2002-08-30,20.626445770263672,,,,,,
2002-09-03,20.037118911743164,,,,,,
2002-09-04,19.78580474853516,,,,,,
2002-09-05,19.424531936645508,,,,,,
2002-09-06,19.890520095825195,,,,,,
2002-09-09,20.24654769897461,,,,,,
2002-09-10,20.9062557220459,,,,,,
2002-09-11,20.67588806152344,,,,,,
2002-09-12,20.613052368164062,,,,,,
2002-09-13,21.02143096923828,,,,,,
2002-09-16,21.440296173095703,,,,,,
2002-09-17,20.550222396850582,,,,,,
2002-09-18,19.92194175720215,,,,,,
2002-09-19,19.450719833374023,,,,,,
2002-09-20,19.633975982666016,,,,,,
2002-09-23,19.476896286010746,,,,,,
2002-09-24,19.251768112182617,,,,,,
2002-09-25,19.37217140197754,,,,,,
2002-09-26,19.581615447998047,,,,,,
2002-09-27,19.209867477416992,,,,,,
2002-09-30,19.34601211547852,,,,,,
2002-10-01,19.738676071166992,,,,,,
2002-10-02,19.764863967895508,,,,,,
2002-10-03,19.48736572265625,,,,,,
2002-10-04,19.37217140197754,,,,,,
2002-10-07,18.73342704772949,,,,,,
2002-10-08,21.51882743835449,,,,,,
2002-10-09,21.78584098815918,,,,,,
2002-10-10,21.76490974426269,,,,,,
2002-10-11,22.3408317565918,,,,,,
2002-10-14,22.497920989990234,,,,,,
2002-10-15,22.68116569519043,,,,,,
2002-10-16,22.80158424377441,,,,,,
2002-10-17,22.901065826416016,,,,,,
2002-10-18,22.93247413635254,,,,,,
2002-10-21,23.50839805603028,,,,,,
2002-10-22,23.40892601013184,,,,,,
2002-10-23,23.346097946166992,,,,,,
2002-10-24,23.340856552124023,,,,,,
2002-10-25,23.13667678833008,,,,,,
2002-10-28,22.571218490600582,,,,,,
2002-10-29,22.85917854309082,,,,,,
2002-10-30,22.921995162963867,,,,,,
2002-10-31,23.08954811096192,,,,,,
2002-11-01,23.19426345825196,,,,,,
2002-11-04,22.738744735717773,,,,,,
2002-11-05,23.03718376159668,,,,,,
2002-11-06,22.79109573364257,,,,,,
2002-11-07,22.764923095703125,,,,,,
2002-11-08,22.921995162963867,,,,,,
2002-11-11,22.644508361816406,,,,,,
2002-11-12,22.22564697265625,,,,,,
2002-11-13,22.7282772064209,,,,,,
2002-11-14,23.168087005615234,,,,,,
2002-11-15,23.513643264770508,,,,,,
2002-11-18,23.18378448486328,,,,,,
2002-11-19,23.50839805603028,,,,,,
2002-11-20,22.906295776367188,,,,,,
2002-11-21,22.08953094482422,,,,,,
2002-11-22,22.00575256347656,,,,,,
2002-11-25,21.717788696289062,,,,,,
2002-11-26,21.717788696289062,,,,,,
2002-11-27,22.13663673400879,,,,,,
2002-11-29,22.24137115478516,,,,,,
2002-12-02,22.100004196166992,,,,,,
2002-12-03,22.461259841918945,,,,,,
2002-12-04,22.787012100219727,,,,,,
2002-12-05,22.71346092224121,,,,,,
2002-12-06,23.102258682250977,,,,,,
2002-12-09,22.70294952392578,,,,,,
2002-12-10,22.98666954040528,,,,,,
2002-12-11,22.67142868041992,,,,,,
2002-12-12,22.687185287475582,,,,,,
2002-12-13,21.98839569091797,,,,,,
2002-12-16,22.277362823486328,,,,,,
2002-12-17,21.63636589050293,,,,,,
2002-12-18,21.46298217773437,,,,,,
2002-12-19,21.26333236694336,,,,,,
2002-12-20,21.678390502929688,,,,,,
2002-12-23,21.93059539794922,,,,,,
2002-12-24,22.06720542907715,,,,,,
2002-12-26,22.282623291015625,,,,,,
2002-12-27,21.89381980895996,,,,,,
2002-12-30,22.09347152709961,,,,,,
2002-12-31,22.182802200317383,,,,,,
2003-01-02,22.64514923095703,,,,,,
2003-01-03,22.80276870727539,,,,,,
2003-01-06,22.571596145629883,,,,,,
2003-01-07,22.16178321838379,,,,,,
2003-01-08,22.43499755859375,,,,,,
2003-01-09,22.66617202758789,,,,,,
2003-01-10,22.519052505493164,,,,,,
2003-01-13,22.71871757507324,,,,,,
2003-01-14,22.82905006408692,,,,,,
2003-01-15,22.56108665466309,,,,,,
2003-01-16,22.976163864135746,,,,,,
2003-01-17,22.934120178222656,,,,,,
2003-01-21,22.776500701904297,,,,,,
2003-01-22,22.487531661987305,,,,,,
2003-01-23,22.030426025390625,,,,,,
2003-01-24,21.573314666748047,,,,,,
2003-01-27,21.305370330810547,,,,,,
2003-01-28,21.29485321044922,,,,,,
2003-01-29,21.284347534179688,,,,,,
2003-01-30,20.338603973388672,,,,,,
2003-01-31,21.26858139038086,,,,,,
2003-02-03,21.405193328857425,,,,,,
2003-02-04,21.646875381469727,,,,,,
2003-02-05,21.58382606506348,,,,,,
2003-02-06,21.131975173950195,,,,,,
2003-02-07,20.4962215423584,,,,,,
2003-02-10,20.6223258972168,,,,,,
2003-02-11,20.17047500610352,,,,,,
2003-02-12,20.18097877502441,,,,,,
2003-02-13,20.43844413757324,,,,,,
2003-02-14,20.942834854125977,,,,,,
2003-02-18,21.142484664916992,,,,,,
2003-02-19,21.04266166687012,,,,,,
2003-02-20,20.680116653442383,,,,,,
2003-02-21,20.70113945007324,,,,,,
2003-02-24,20.401657104492188,,,,,,
2003-02-25,20.40691375732422,,,,,,
2003-02-26,20.0916690826416,,,,,,
2003-02-27,20.081153869628903,,,,,,
2003-02-28,20.13370132446289,,,,,,
2003-03-03,20.023361206054688,,,,,,
2003-03-04,19.99183654785156,,,,,,
2003-03-05,19.597776412963867,,,,,,
2003-03-06,19.78167152404785,,,,,,
2003-03-07,20.22827339172364,,,,,,
2003-03-10,19.8447208404541,,,,,,
2003-03-11,19.80793190002441,,,,,,
2003-03-12,19.90290069580078,,,,,,
2003-03-13,20.498987197875977,,,,,,
2003-03-14,20.572832107543945,,,,,,
2003-03-17,21.311338424682617,,,,,,
2003-03-18,21.211124420166016,,,,,,
2003-03-19,21.34298324584961,,,,,,
2003-03-20,21.17945671081543,,,,,,
2003-03-21,21.8915958404541,,,,,,
2003-03-24,21.14254379272461,,,,,,
2003-03-25,21.15308952331543,,,,,,
2003-03-26,21.00538444519043,,,,,,
2003-03-27,21.253320693969727,,,,,,
2003-03-28,21.04758644104004,,,,,,
2003-03-31,21.10033416748047,,,,,,
2003-04-01,21.08979034423828,,,,,,
2003-04-02,20.94208335876465,,,,,,
2003-04-03,20.134998321533203,,,,,,
2003-04-04,20.382930755615234,,,,,,
2003-04-07,20.53062629699707,,,,,,
2003-04-08,20.69415855407715,,,,,,
2003-04-09,20.77856063842773,,,,,,
2003-04-10,20.989559173583984,,,,,,
2003-04-11,21.24276733398437,,,,,,
2003-04-14,21.61202812194824,,,,,,
2003-04-15,21.40102195739746,,,,,,
2003-04-16,21.04758644104004,,,,,,
2003-04-17,22.440204620361328,,,,,,
2003-04-21,22.07096290588379,,,,,,
2003-04-22,22.3135986328125,,,,,,
2003-04-23,22.682876586914062,,,,,,
2003-04-24,22.85694122314453,,,,,,
2003-04-25,22.498220443725582,,,,,,
2003-04-28,22.920238494873047,,,,,,
2003-04-29,22.91497039794922,,,,,,
2003-04-30,22.83056640625,,,,,,
2003-05-01,23.083765029907227,,,,,,
2003-05-02,22.909687042236328,,,,,,
2003-05-05,22.83056640625,,,,,,
2003-05-06,22.888580322265625,,,,,,
2003-05-07,22.84638404846192,,,,,,
2003-05-08,22.7356014251709,,,,,,
2003-05-09,23.046836853027344,,,,,,
2003-05-12,23.04156494140625,,,,,,
2003-05-13,22.930788040161133,,,,,,
2003-05-14,22.878042221069336,,,,,,
2003-05-15,23.089040756225582,,,,,,
2003-05-16,22.841110229492188,,,,,,
2003-05-19,22.67231178283692,,,,,,
2003-05-20,22.682876586914062,,,,,,
2003-05-21,22.841110229492188,,,,,,
2003-05-22,23.06793785095215,,,,,,
2003-05-23,22.97826766967773,,,,,,
2003-05-27,23.305320739746094,,,,,,
2003-05-28,22.972993850708008,,,,,,
2003-05-29,23.07322120666504,,,,,,
2003-05-30,23.31586647033692,,,,,,
2003-06-02,23.26312065124512,,,,,,
2003-06-03,23.33170318603516,,,,,,
2003-06-04,23.669307708740234,,,,,,
2003-06-05,23.48468017578125,,,,,,
2003-06-06,23.368627548217773,,,,,,
2003-06-09,23.220928192138672,,,,,,
2003-06-10,23.410823822021484,,,,,,
2003-06-11,23.52200508117676,,,,,,
2003-06-12,23.61199951171875,,,,,,
2003-06-13,23.68611526489257,,,,,,
2003-06-16,24.08847618103028,,,,,,
2003-06-17,23.760236740112305,,,,,,
2003-06-18,23.80259704589844,,,,,,
2003-06-19,23.61729621887207,,,,,,
2003-06-20,23.52200508117676,,,,,,
2003-06-23,23.38435935974121,,,,,,
2003-06-24,23.26258659362793,,,,,,
2003-06-25,23.05611991882324,,,,,,
2003-06-26,23.379070281982425,,,,,,
2003-06-27,23.20964241027832,,,,,,
2003-06-30,23.559064865112305,,,,,,
2003-07-01,23.500831604003903,,,,,,
2003-07-02,23.537891387939453,,,,,,
2003-07-03,23.310232162475582,,,,,,
2003-07-07,23.49023056030273,,,,,,
2003-07-08,23.88730430603028,,,,,,
2003-07-09,23.585527420043945,,,,,,
2003-07-10,24.85613441467285,,,,,,
2003-07-11,25.10495376586914,,,,,,
2003-07-14,24.919662475585938,,,,,,
2003-07-15,25.14201736450196,,,,,,
2003-07-16,25.27967643737793,,,,,,
2003-07-17,24.766122817993164,,,,,,
2003-07-18,25.05201911926269,,,,,,
2003-07-21,24.91437721252441,,,,,,
2003-07-22,24.909082412719727,,,,,,
2003-07-23,24.88789367675781,,,,,,
2003-07-24,24.70790100097656,,,,,,
2003-07-25,24.951431274414062,,,,,,
2003-07-28,24.55437088012696,,,,,,
2003-07-29,24.35318374633789,,,,,,
2003-07-30,24.53847885131836,,,,,,
2003-07-31,24.39024543762207,,,,,,
2003-08-01,24.00907325744629,,,,,,
2003-08-04,23.85553550720215,,,,,,
2003-08-05,23.633180618286133,,,,,,
2003-08-06,23.69671058654785,,,,,,
2003-08-07,23.818477630615234,,,,,,
2003-08-08,24.06731033325196,,,,,,
2003-08-11,23.934953689575195,,,,,,
2003-08-12,24.141420364379883,,,,,,
2003-08-13,23.80788993835449,,,,,,
2003-08-14,23.82376480102539,,,,,,
2003-08-15,23.950836181640625,,,,,,
2003-08-18,23.982595443725582,,,,,,
2003-08-19,23.664945602416992,,,,,,
2003-08-20,23.40022850036621,,,,,,
2003-08-21,23.304941177368164,,,,,,
2003-08-22,23.04023742675781,,,,,,
2003-08-25,23.14082336425781,,,,,,
2003-08-26,23.331422805786133,,,,,,
2003-08-27,23.310232162475582,,,,,,
2003-08-28,23.702003479003903,,,,,,
2003-08-29,23.58024406433105,,,,,,
2003-09-02,23.79199981689453,,,,,,
2003-09-03,23.80259704589844,,,,,,
2003-09-04,23.702003479003903,,,,,,
2003-09-05,23.46906089782715,,,,,,
2003-09-08,23.733776092529297,,,,,,
2003-09-09,23.585527420043945,,,,,,
2003-09-10,23.76086807250977,,,,,,
2003-09-11,23.76086807250977,,,,,,
2003-09-12,24.005277633666992,,,,,,
2003-09-15,23.989341735839844,,,,,,
2003-09-16,24.35065460205078,,,,,,
2003-09-17,24.111557006835938,,,,,,
2003-09-18,24.29219055175781,,,,,,
2003-09-19,24.313451766967773,,,,,,
2003-09-22,24.06904029846192,,,,,,
2003-09-23,24.27626037597656,,,,,,
2003-09-24,24.0637264251709,,,,,,
2003-09-25,24.18060874938965,,,,,,
2003-09-26,24.24437522888184,,,,,,
2003-09-29,24.557859420776367,,,,,,
2003-09-30,24.35065460205078,,,,,,
2003-10-01,24.8022689819336,,,,,,
2003-10-02,24.92447280883789,,,,,,
2003-10-03,25.07855987548828,,,,,,
2003-10-06,25.237951278686523,,,,,,
2003-10-07,25.18483543395996,,,,,,
2003-10-08,25.39734649658203,,,,,,
2003-10-09,25.492992401123047,,,,,,
2003-10-10,25.503612518310547,,,,,,
2003-10-13,25.67895698547364,,,,,,
2003-10-14,25.76396942138672,,,,,,
2003-10-15,25.455799102783203,,,,,,
2003-10-16,25.514244079589844,,,,,,
2003-10-17,25.439855575561523,,,,,,
2003-10-20,25.58331871032715,,,,,,
2003-10-21,25.43453598022461,,,,,,
2003-10-22,25.354846954345703,,,,,,
2003-10-23,25.514244079589844,,,,,,
2003-10-24,25.492992401123047,,,,,,
2003-10-27,25.2751407623291,,,,,,
2003-10-28,25.76927947998047,,,,,,
2003-10-29,25.57269287109375,,,,,,
2003-10-30,25.50894355773925,,,,,,
2003-10-31,25.407983779907227,,,,,,
2003-11-03,25.407983779907227,,,,,,
2003-11-04,25.37079429626465,,,,,,
2003-11-05,25.17419815063477,,,,,,
2003-11-06,25.48767852783203,,,,,,
2003-11-07,25.232643127441406,,,,,,
2003-11-10,25.19013023376465,,,,,,
2003-11-11,25.4664363861084,,,,,,
2003-11-12,25.535499572753903,,,,,,
2003-11-13,25.237951278686523,,,,,,
2003-11-14,25.14762115478516,,,,,,
2003-11-17,25.32827949523925,,,,,,
2003-11-18,25.07855987548828,,,,,,
2003-11-19,25.47173309326172,,,,,,
2003-11-20,25.11575508117676,,,,,,
2003-11-21,25.243263244628903,,,,,,
2003-11-24,25.503612518310547,,,,,,
2003-11-25,25.37079429626465,,,,,,
2003-11-26,25.482362747192383,,,,,,
2003-11-28,25.567367553710938,,,,,,
2003-12-01,25.88085556030273,,,,,,
2003-12-02,25.5780029296875,,,,,,
2003-12-03,25.34421730041504,,,,,,
2003-12-04,25.58331871032715,,,,,,
2003-12-05,25.76927947998047,,,,,,
2003-12-08,25.641754150390625,,,,,,
2003-12-09,25.18483543395996,,,,,,
2003-12-10,25.003557205200195,,,,,,
2003-12-11,24.992900848388672,,,,,,
2003-12-12,24.992900848388672,,,,,,
2003-12-15,25.254131317138672,,,,,,
2003-12-16,25.270132064819336,,,,,,
2003-12-17,25.136852264404297,,,,,,
2003-12-18,25.131521224975582,,,,,,
2003-12-19,25.147506713867188,,,,,,
2003-12-22,25.051528930664062,,,,,,
2003-12-23,24.779653549194336,,,,,,
2003-12-24,24.625043869018555,,,,,,
2003-12-26,24.774316787719727,,,,,,
2003-12-29,24.928930282592773,,,,,,
2003-12-30,24.85427474975586,,,,,,
2003-12-31,24.85427474975586,,,,,,
2004-01-02,24.76898956298828,,,,,,
2004-01-05,25.19015121459961,,,,,,
2004-01-06,25.35009002685547,,,,,,
2004-01-07,25.024879455566406,,,,,,
2004-01-08,24.52906990051269,,,,,,
2004-01-09,24.40113639831543,,,,,,
2004-01-12,24.4331283569336,,,,,,
2004-01-13,24.331825256347656,,,,,,
2004-01-14,24.385143280029297,,,,,,
2004-01-15,24.257179260253903,,,,,,
2004-01-16,24.198545455932617,,,,,,
2004-01-20,24.550403594970703,,,,,,
2004-01-21,24.625043869018555,,,,,,
2004-01-22,24.811635971069336,,,,,,
2004-01-23,24.816970825195312,,,,,,
2004-01-26,24.944913864135746,,,,,,
2004-01-27,24.763656616210938,,,,,,
2004-01-28,24.657032012939453,,,,,,
2004-01-29,25.067533493041992,,,,,,
2004-01-30,25.195480346679688,,,,,,
2004-02-02,25.55800437927246,,,,,,
2004-02-03,25.40340805053711,,,,,,
2004-02-04,25.376752853393555,,,,,,
2004-02-05,25.88320541381836,,,,,,
2004-02-06,26.76821517944336,,,,,,
2004-02-09,26.6242618560791,,,,,,
2004-02-10,27.07740592956543,,,,,,
2004-02-11,27.24268913269043,,,,,,
2004-02-12,27.146717071533203,,,,,,
2004-02-13,26.933469772338867,,,,,,
2004-02-17,27.189376831054688,,,,,,
2004-02-18,27.33330345153809,,,,,,
2004-02-19,27.365293502807617,,,,,,
2004-02-20,27.589216232299805,,,,,,
2004-02-23,27.770483016967773,,,,,,
2004-02-24,27.77580451965332,,,,,,
2004-02-25,27.77580451965332,,,,,,
2004-02-26,27.58390045166016,,,,,,
2004-02-27,27.6691837310791,,,,,,
2004-03-01,27.80779457092285,,,,,,
2004-03-02,27.882434844970703,,,,,,
2004-03-03,27.95175552368164,,,,,,
2004-03-04,27.87709617614746,,,,,,
2004-03-05,27.839786529541016,,,,,,
2004-03-08,27.87177085876465,,,,,,
2004-03-09,28.122350692749023,,,,,,
2004-03-10,27.93519592285156,,,,,,
2004-03-11,27.64641761779785,,,,,,
2004-03-12,27.566198348999023,,,,,,
2004-03-15,27.4592514038086,,,,,,
2004-03-16,27.37904357910156,,,,,,
2004-03-17,27.49668884277344,,,,,,
2004-03-18,27.49668884277344,,,,,,
2004-03-19,27.234657287597656,,,,,,
2004-03-22,27.159780502319336,,,,,,
2004-03-23,27.25069808959961,,,,,,
2004-03-24,27.159780502319336,,,,,,
2004-03-25,27.38973426818848,,,,,,
2004-03-26,27.30417251586914,,,,,,
2004-03-29,27.919139862060547,,,,,,
2004-03-30,28.49130630493164,,,,,,
2004-03-31,28.79612159729004,,,,,,
2004-04-01,28.9565486907959,,,,,,
2004-04-02,28.79612159729004,,,,,,
2004-04-05,29.13300895690918,,,,,,
2004-04-06,29.256000518798828,,,,,,
2004-04-07,29.325515747070312,,,,,,
2004-04-08,29.272048950195312,,,,,,
2004-04-12,29.416427612304688,,,,,,
2004-04-13,29.27739143371582,,,,,,
2004-04-14,29.36295890808105,,,,,,
2004-04-15,29.309473037719727,,,,,,
2004-04-16,29.29878044128418,,,,,,
2004-04-19,29.448511123657227,,,,,,
2004-04-20,28.98863220214844,,,,,,
2004-04-21,29.23460960388184,,,,,,
2004-04-22,29.35226058959961,,,,,,
2004-04-23,29.384334564208984,,,,,,
2004-04-26,29.245302200317383,,,,,,
2004-04-27,29.21856689453125,,,,,,
2004-04-28,28.817502975463867,,,,,,
2004-04-29,28.93516731262207,,,,,,
2004-04-30,29.13833999633789,,,,,,
2004-05-03,29.341556549072266,,,,,,
2004-05-04,29.084901809692383,,,,,,
2004-05-05,29.154396057128903,,,,,,
2004-05-06,29.330873489379883,,,,,,
2004-05-07,29.06884765625,,,,,,
2004-05-10,28.76938819885254,,,,,,
2004-05-11,28.75868797302246,,,,,,
2004-05-12,28.683815002441406,,,,,,
2004-05-13,28.421804428100582,,,,,,
2004-05-14,28.74264144897461,,,,,,
2004-05-17,28.619667053222656,,,,,,
2004-05-18,28.475271224975582,,,,,,
2004-05-19,28.288116455078125,,,,,,
2004-05-20,28.76938819885254,,,,,,
2004-05-21,28.58756828308105,,,,,,
2004-05-24,28.56618309020996,,,,,,
2004-05-25,28.780073165893555,,,,,,
2004-05-26,28.50200462341309,,,,,,
2004-05-27,28.6250114440918,,,,,,
2004-05-28,28.539451599121094,,,,,,
2004-06-01,28.58756828308105,,,,,,
2004-06-02,29.01537132263184,,,,,,
2004-06-03,28.86028861999512,,,,,,
2004-06-04,29.05815315246582,,,,,,
2004-06-07,29.23460960388184,,,,,,
2004-06-08,29.384334564208984,,,,,,
2004-06-09,29.31989097595215,,,,,,
2004-06-10,29.507837295532227,,,,,,
2004-06-14,29.352113723754883,,,,,,
2004-06-15,29.631357192993164,,,,,,
2004-06-16,29.6528434753418,,,,,,
2004-06-17,29.50248908996582,,,,,,
2004-06-18,29.53470802307129,,,,,,
2004-06-21,29.481006622314453,,,,,,
2004-06-22,29.830049514770508,,,,,,
2004-06-23,29.79783058166504,,,,,,
2004-06-24,29.6045036315918,,,,,,
2004-06-25,28.997709274291992,,,,,,
2004-06-28,29.089000701904297,,,,,,
2004-06-29,28.83661460876465,,,,,,
2004-06-30,28.93326759338379,,,,,,
2004-07-01,28.75607109069824,,,,,,
2004-07-02,28.5895938873291,,,,,,
2004-07-06,28.729211807250977,,,,,,
2004-07-07,28.65403175354004,,,,,,
2004-07-08,28.55736541748047,,,,,,
2004-07-09,28.48755645751953,,,,,,
2004-07-12,28.49830436706543,,,,,,
2004-07-13,28.55736541748047,,,,,,
2004-07-14,28.68088722229004,,,,,,
2004-07-15,27.880756378173828,,,,,,
2004-07-16,28.08480834960937,,,,,,
2004-07-19,27.998897552490234,,,,,,
2004-07-20,27.74113845825196,,,,,,
2004-07-21,27.451156616210938,,,,,,
2004-07-22,27.13434600830078,,,,,,
2004-07-23,27.3169174194336,,,,,,
2004-07-26,27.682048797607425,,,,,,
2004-07-27,27.38672637939453,,,,,,
2004-07-28,27.48875999450684,,,,,,
2004-07-29,26.7960262298584,,,,,,
2004-07-30,26.849727630615234,,,,,,
2004-08-02,27.429668426513672,,,,,,
2004-08-03,27.494125366210938,,,,,,
2004-08-04,27.90224838256836,,,,,,
2004-08-05,27.66058349609375,,,,,,
2004-08-06,27.306177139282227,,,,,,
2004-08-09,27.279312133789062,,,,,,
2004-08-10,27.4350643157959,,,,,,
2004-08-11,27.80022048950196,,,,,,
2004-08-12,27.456531524658203,,,,,,
2004-08-13,27.3276596069336,,,,,,
2004-08-16,27.32229423522949,,,,,,
2004-08-17,27.02157211303711,,,,,,
2004-08-18,26.99471092224121,,,,,,
2004-08-19,26.94639205932617,,,,,,
2004-08-20,26.844369888305664,,,,,,
2004-08-23,26.78528594970703,,,,,,
2004-08-24,26.511417388916016,,,,,,
2004-08-25,26.31273460388184,,,,,,
2004-08-26,26.532899856567383,,,,,,
2004-08-27,26.457727432250977,,,,,,
2004-08-30,26.511417388916016,,,,,,
2004-08-31,26.849727630615234,,,,,,
2004-09-01,26.71011543273925,,,,,,
2004-09-02,27.18267250061035,,,,,,
2004-09-03,27.30080986022949,,,,,,
2004-09-07,27.41356086730957,,,,,,
2004-09-08,26.80941390991211,,,,,,
2004-09-09,27.133081436157227,,,,,,
2004-09-10,27.149259567260746,,,,,,
2004-09-13,27.33806037902832,,,,,,
2004-09-14,27.25714683532715,,,,,,
2004-09-15,26.7015323638916,,,,,,
2004-09-16,26.41563415527344,,,,,,
2004-09-17,26.80941390991211,,,,,,
2004-09-20,26.51813125610352,,,,,,
2004-09-21,26.39944839477539,,,,,,
2004-09-22,26.26458740234375,,,,,,
2004-09-23,26.172887802124023,,,,,,
2004-09-24,26.06501579284668,,,,,,
2004-09-27,25.90858459472656,,,,,,
2004-09-28,25.94633102416992,,,,,,
2004-09-29,25.94633102416992,,,,,,
2004-09-30,26.243024826049805,,,,,,
2004-10-01,27.01439666748047,,,,,,
2004-10-04,26.830995559692383,,,,,,
2004-10-05,26.6206169128418,,,,,,
2004-10-06,26.59365463256836,,,,,,
2004-10-07,26.437219619750977,,,,,,
2004-10-08,26.323949813842773,,,,,,
2004-10-11,26.28617286682129,,,,,,
2004-10-12,26.0488224029541,,,,,,
2004-10-13,25.919357299804688,,,,,,
2004-10-14,25.81149101257324,,,,,,
2004-10-15,26.05422782897949,,,,,,
2004-10-18,26.426416397094727,,,,,,
2004-10-19,26.539701461791992,,,,,,
2004-10-20,26.340112686157227,,,,,,
2004-10-21,26.35629844665528,,,,,,
2004-10-22,26.15132522583008,,,,,,
2004-10-25,26.01647186279297,,,,,,
2004-10-26,26.135128021240234,,,,,,
2004-10-27,26.782451629638672,,,,,,
2004-10-28,26.723106384277344,,,,,,
2004-10-29,26.74469947814941,,,,,,
2004-11-01,26.59365463256836,,,,,,
2004-11-02,26.777055740356445,,,,,,
2004-11-03,27.04676055908203,,,,,,
2004-11-04,27.623947143554688,,,,,,
2004-11-05,27.618553161621094,,,,,,
2004-11-08,27.440540313720703,,,,,,
2004-11-09,27.52145195007324,,,,,,
2004-11-10,27.68328666687012,,,,,,
2004-11-11,27.801973342895508,,,,,,
2004-11-12,28.16878128051757,,,,,,
2004-11-15,28.01233673095703,,,,,,
2004-11-16,27.645517349243164,,,,,,
2004-11-17,27.6671085357666,,,,,,
2004-11-18,27.634737014770508,,,,,,
2004-11-19,27.429746627807617,,,,,,
2004-11-22,27.62935447692871,,,,,,
2004-11-23,27.70486259460449,,,,,,
2004-11-24,27.645517349243164,,,,,,
2004-11-26,27.656322479248047,,,,,,
2004-11-29,27.21397399902344,,,,,,
2004-11-30,26.922700881958008,,,,,,
2004-12-01,27.41356086730957,,,,,,
2004-12-02,27.753400802612305,,,,,,
2004-12-03,27.559223175048828,,,,,,
2004-12-06,27.386592864990234,,,,,,
2004-12-07,27.235565185546875,,,,,,
2004-12-08,27.68533134460449,,,,,,
2004-12-09,27.956283569335938,,,,,,
2004-12-10,27.755767822265625,,,,,,
2004-12-13,28.02130699157715,,,,,,
2004-12-14,28.05382537841797,,,,,,
2004-12-15,28.57945442199707,,,,,,
2004-12-16,28.35185432434082,,,,,,
2004-12-17,28.18388938903809,,,,,,
2004-12-20,28.0267333984375,,,,,,
2004-12-21,28.232646942138672,,,,,,
2004-12-22,28.270580291748047,,,,,,
2004-12-23,28.14594459533692,,,,,,
2004-12-27,28.17304229736328,,,,,,
2004-12-28,28.44399070739746,,,,,,
2004-12-29,28.31393241882324,,,,,,
2004-12-30,28.31393241882324,,,,,,
2004-12-31,28.28683090209961,,,,,,
2005-01-03,28.14594459533692,,,,,,
2005-01-04,27.945444107055664,,,,,,
2005-01-05,27.977956771850582,,,,,,
2005-01-06,28.17845726013184,,,,,,
2005-01-07,28.422313690185547,,,,,,
2005-01-10,29.13219451904297,,,,,,
2005-01-11,28.975040435791016,,,,,,
2005-01-12,29.050905227661133,,,,,,
2005-01-13,28.677000045776367,,,,,,
2005-01-14,28.62822151184082,,,,,,
2005-01-18,28.98586845397949,,,,,,
2005-01-19,29.27850341796875,,,,,,
2005-01-20,29.018388748168945,,,,,,
2005-01-21,29.029220581054688,,,,,,
2005-01-24,28.888347625732425,,,,,,
2005-01-25,28.93169593811035,,,,,,
2005-01-26,28.942533493041992,,,,,,
2005-01-27,28.969621658325195,,,,,,
2005-01-28,28.83956527709961,,,,,,
2005-01-31,29.09967422485352,,,,,,
2005-02-01,29.19721412658692,,,,,,
2005-02-02,29.33810043334961,,,,,,
2005-02-03,29.44106674194336,,,,,,
2005-02-04,29.97211647033692,,,,,,
2005-02-07,29.641576766967773,,,,,,
2005-02-08,30.07508850097656,,,,,,
2005-02-09,29.798715591430664,,,,,,
2005-02-10,29.89084815979004,,,,,,
2005-02-11,29.85832405090332,,,,,,
2005-02-14,29.695772171020508,,,,,,
2005-02-15,29.60904312133789,,,,,,
2005-02-16,29.554855346679688,,,,,,
2005-02-17,29.115930557250977,,,,,,
2005-02-18,29.3706283569336,,,,,,
2005-02-22,28.8178939819336,,,,,,
2005-02-23,28.95335578918457,,,,,,
2005-02-24,29.07257080078125,,,,,,
2005-02-25,29.245988845825195,,,,,,
2005-02-28,29.186384201049805,,,,,,
2005-03-01,29.294767379760746,,,,,,
2005-03-02,29.267662048339844,,,,,,
2005-03-03,29.27850341796875,,,,,,
2005-03-04,29.24057388305664,,,,,,
2005-03-07,29.376033782958984,,,,,,
2005-03-08,29.175546646118164,,,,,,
2005-03-09,28.82724380493164,,,,,,
2005-03-10,28.92520332336425,,,,,,
2005-03-11,28.68030166625977,,,,,,
2005-03-14,28.69663047790528,,,,,,
2005-03-15,28.57690048217773,,,,,,
2005-03-16,28.380977630615234,,,,,,
2005-03-17,28.462627410888672,,,,,,
2005-03-18,28.63676643371582,,,,,,
2005-03-21,28.604116439819336,,,,,,
2005-03-22,28.35376739501953,,,,,,
2005-03-23,28.3048038482666,,,,,,
2005-03-24,28.25580596923828,,,,,,
2005-03-28,28.48982048034668,,,,,,
2005-03-29,28.457178115844727,,,,,,
2005-03-30,29.03947639465332,,,,,,
2005-03-31,28.8598861694336,,,,,,
2005-04-01,28.71296119689941,,,,,,
2005-04-04,28.70206642150879,,,,,,
2005-04-05,28.843564987182617,,,,,,
2005-04-06,28.78914833068848,,,,,,
2005-04-07,29.072145462036133,,,,,,
2005-04-08,28.88711166381836,,,,,,
2005-04-11,28.89799118041992,,,,,,
2005-04-12,29.191877365112305,,,,,,
2005-04-13,29.186429977416992,,,,,,
2005-04-14,30.00819206237793,,,,,,
2005-04-15,29.83948516845703,,,,,,
2005-04-18,29.65445327758789,,,,,,
2005-04-19,29.659889221191406,,,,,,
2005-04-20,29.47486686706543,,,,,,
2005-04-21,29.77418708801269,,,,,,
2005-04-22,29.643579483032227,,,,,,
2005-04-25,30.00819206237793,,,,,,
2005-04-26,30.04085731506348,,,,,,
2005-04-27,30.062612533569336,,,,,,
2005-04-28,29.986427307128903,,,,,,
2005-04-29,30.28030014038086,,,,,,
2005-05-02,30.42723655700684,,,,,,
2005-05-03,30.43269729614257,,,,,,
2005-05-04,30.813629150390625,,,,,,
2005-05-05,30.71568298339844,,,,,,
2005-05-06,30.49799346923828,,,,,,
2005-05-09,30.677579879760746,,,,,,
2005-05-10,30.677579879760746,,,,,,
2005-05-11,30.98235321044922,,,,,,
2005-05-12,30.84628868103028,,,,,,
2005-05-13,30.71023941040039,,,,,,
2005-05-16,30.83540725708008,,,,,,
2005-05-17,30.63404655456543,,,,,,
2005-05-18,30.85173416137696,,,,,,
2005-05-19,31.036773681640625,,,,,,
2005-05-20,31.08575439453125,,,,,,
2005-05-23,30.87895393371582,,,,,,
2005-05-24,30.8952751159668,,,,,,
2005-05-25,31.02043914794922,,,,,,
2005-05-26,31.0258846282959,,,,,,
2005-05-27,30.802749633789062,,,,,,
2005-05-31,30.617719650268555,,,,,,
2005-06-01,30.92249298095703,,,,,,
2005-06-02,30.96601867675781,,,,,,
2005-06-03,30.481660842895508,,,,,,
2005-06-06,30.35106086730957,,,,,,
2005-06-07,30.421804428100582,,,,,,
2005-06-08,30.334321975708008,,,,,,
2005-06-09,30.345258712768555,,,,,,
2005-06-10,30.356189727783203,,,,,,
2005-06-13,30.383548736572266,,,,,,
2005-06-14,30.372589111328125,,,,,,
2005-06-15,30.50928497314453,,,,,,
2005-06-16,30.640501022338867,,,,,,
2005-06-17,30.48741912841797,,,,,,
2005-06-20,30.61862564086914,,,,,,
2005-06-21,30.54756736755371,,,,,,
2005-06-22,30.19216728210449,,,,,,
2005-06-23,30.00080299377441,,,,,,
2005-06-24,29.672748565673828,,,,,,
2005-06-27,29.678203582763672,,,,,,
2005-06-28,29.97892951965332,,,,,,
2005-06-29,29.76023292541504,,,,,,
2005-06-30,29.48685073852539,,,,,,
2005-07-01,29.257198333740234,,,,,,
2005-07-05,29.2790641784668,,,,,,
2005-07-06,28.748720169067383,,,,,,
2005-07-07,28.85808181762696,,,,,,
2005-07-08,29.26812744140625,,,,,,
2005-07-11,29.44310188293457,,,,,,
2005-07-12,29.853160858154297,,,,,,
2005-07-13,30.00080299377441,,,,,,
2005-07-14,30.31245803833008,,,,,,
2005-07-15,30.317916870117188,,,,,,
2005-07-18,29.87503433227539,,,,,,
2005-07-19,30.36713218688965,,,,,,
2005-07-20,29.853160858154297,,,,,,
2005-07-21,29.89691162109375,,,,,,
2005-07-22,29.97892951965332,,,,,,
2005-07-25,29.836753845214844,,,,,,
2005-07-26,29.78208541870117,,,,,,
2005-07-27,29.935192108154297,,,,,,
2005-07-28,30.03360748291016,,,,,,
2005-07-29,29.814884185791016,,,,,,
2005-08-01,29.8586368560791,,,,,,
2005-08-02,29.9843864440918,,,,,,
2005-08-03,29.902368545532227,,,,,,
2005-08-04,29.907846450805664,,,,,,
2005-08-05,29.73835182189941,,,,,,
2005-08-08,29.47043228149414,,,,,,
2005-08-09,29.66179847717285,,,,,,
2005-08-10,29.73288917541504,,,,,,
2005-08-11,29.913311004638672,,,,,,
2005-08-12,29.8586368560791,,,,,,
2005-08-15,30.04453468322754,,,,,,
2005-08-16,29.9570541381836,,,,,,
2005-08-17,29.92426109313965,,,,,,
2005-08-18,29.84223365783692,,,,,,
2005-08-19,30.039072036743164,,,,,,
2005-08-22,30.09921836853028,,,,,,
2005-08-23,30.02267074584961,,,,,,
2005-08-24,29.70006561279297,,,,,,
2005-08-25,29.80395126342773,,,,,,
2005-08-26,29.694616317749023,,,,,,
2005-08-29,29.967994689941406,,,,,,
2005-08-30,29.96252822875977,,,,,,
2005-08-31,29.989870071411133,,,,,,
2005-09-01,30.04453468322754,,,,,,
2005-09-02,29.88050651550293,,,,,,
2005-09-06,30.175762176513672,,,,,,
2005-09-07,30.46142578125,,,,,,
2005-09-08,30.274646759033203,,,,,,
2005-09-09,30.340574264526367,,,,,,
2005-09-12,30.450439453125,,,,,,
2005-09-13,30.4669132232666,,,,,,
2005-09-14,30.40648460388184,,,,,,
2005-09-15,30.59326362609864,,,,,,
2005-09-16,30.76355743408203,,,,,,
2005-09-19,30.450439453125,,,,,,
2005-09-20,30.10435104370117,,,,,,
2005-09-21,29.67585182189941,,,,,,
2005-09-22,29.747270584106445,,,,,,
2005-09-23,29.94503402709961,,,,,,
2005-09-26,29.85713195800781,,,,,,
2005-09-27,30.274646759033203,,,,,,
2005-09-28,30.24718475341797,,,,,,
2005-09-29,31.03824043273925,,,,,,
2005-09-30,31.153594970703125,,,,,,
2005-10-03,31.04373550415039,,,,,,
2005-10-04,31.054712295532227,,,,,,
2005-10-05,31.450241088867188,,,,,,
2005-10-06,31.840282440185547,,,,,,
2005-10-07,31.57110977172852,,,,,,
2005-10-10,31.477718353271484,,,,,,
2005-10-11,31.384326934814453,,,,,,
2005-10-12,31.702943801879883,,,,,,
2005-10-13,31.57110977172852,,,,,,
2005-10-14,31.593074798583984,,,,,,
2005-10-17,31.73041343688965,,,,,,
2005-10-18,32.03804016113281,,,,,,
2005-10-19,31.933687210083008,,,,,,
2005-10-20,31.680967330932617,,,,,,
2005-10-21,31.63701438903809,,,,,,
2005-10-24,31.840282440185547,,,,,,
2005-10-25,31.862260818481445,,,,,,
2005-10-26,31.615049362182617,,,,,,
2005-10-27,32.01058578491211,,,,,,
2005-10-28,32.31821823120117,,,,,,
2005-10-31,32.45556640625,,,,,,
2005-11-01,32.169891357421875,,,,,,
2005-11-02,32.39512634277344,,,,,,
2005-11-03,32.4390754699707,,,,,,
2005-11-04,32.19186019897461,,,,,,
2005-11-07,32.169891357421875,,,,,,
2005-11-08,32.02707290649414,,,,,,
2005-11-09,32.02707290649414,,,,,,
2005-11-10,32.35117721557617,,,,,,
2005-11-11,32.24679183959961,,,,,,
2005-11-14,32.19186019897461,,,,,,
2005-11-15,32.24679183959961,,,,,,
2005-11-16,32.23582458496094,,,,,,
2005-11-17,31.994112014770508,,,,,,
2005-11-18,32.147911071777344,,,,,,
2005-11-21,32.082008361816406,,,,,,
2005-11-22,32.61486053466797,,,,,,
2005-11-23,32.7412109375,,,,,,
2005-11-25,32.9060173034668,,,,,,
2005-11-28,32.752201080322266,,,,,,
2005-11-29,32.83460998535156,,,,,,
2005-11-30,32.52149200439453,,,,,,
2005-12-01,32.88405227661133,,,,,,
2005-12-02,32.9060173034668,,,,,,
2005-12-05,32.88405227661133,,,,,,
2005-12-06,32.801658630371094,,,,,,
2005-12-07,32.67473602294922,,,,,,
2005-12-08,32.59199905395508,,,,,,
2005-12-09,32.5533561706543,,,,,,
2005-12-12,32.72441101074219,,,,,,
2005-12-13,32.53680419921875,,,,,,
2005-12-14,32.6912956237793,,,,,,
2005-12-15,32.8843994140625,,,,,,
2005-12-16,33.005802154541016,,,,,,
2005-12-19,32.85130310058594,,,,,,
2005-12-20,32.64715576171875,,,,,,
2005-12-21,32.68579864501953,,,,,,
2005-12-22,32.67473602294922,,,,,,
2005-12-23,32.66923904418945,,,,,,
2005-12-27,32.658199310302734,,,,,,
2005-12-28,32.73542404174805,,,,,,
2005-12-29,32.85130310058594,,,,,,
2005-12-30,32.59750747680664,,,,,,
2006-01-03,32.972679138183594,,,,,,
2006-01-04,32.95614242553711,,,,,,
2006-01-05,32.76301956176758,,,,,,
2006-01-06,32.8843994140625,,,,,,
2006-01-09,32.7188835144043,,,,,,
2006-01-10,32.60853958129883,,,,,,
2006-01-11,32.47612762451172,,,,,,
2006-01-12,32.4650764465332,,,,,,
2006-01-13,32.387821197509766,,,,,,
2006-01-17,32.23885726928711,,,,,,
2006-01-18,32.216793060302734,,,,,,
2006-01-19,32.183692932128906,,,,,,
2006-01-20,31.604352951049805,,,,,,
2006-01-23,31.72572326660156,,,,,,
2006-01-24,32.023685455322266,,,,,,
2006-01-25,31.8029842376709,,,,,,
2006-01-26,31.67055892944336,,,,,,
2006-01-27,32.1119499206543,,,,,,
2006-01-30,31.8029842376709,,,,,,
2006-01-31,31.549171447753903,,,,,,
2006-02-01,31.598827362060547,,,,,,
2006-02-02,31.698148727416992,,,,,,
2006-02-03,31.6374454498291,,,,,,
2006-02-06,31.322959899902344,,,,,,
2006-02-07,31.372617721557617,,,,,,
2006-02-08,31.604352951049805,,,,,,
2006-02-09,31.84159278869629,,,,,,
2006-02-10,31.962989807128903,,,,,,
2006-02-13,31.78089904785156,,,,,,
2006-02-14,31.97401237487793,,,,,,
2006-02-15,31.93540382385254,,,,,,
2006-02-16,32.387821197509766,,,,,,
2006-02-17,32.50921630859375,,,,,,
2006-02-21,32.4650764465332,,,,,,
2006-02-22,32.5533561706543,,,,,,
2006-02-23,32.91751480102539,,,,,,
2006-02-24,32.85130310058594,,,,,,
2006-02-27,32.83473587036133,,,,,,
2006-02-28,32.614070892333984,,,,,,
2006-03-01,32.6912956237793,,,,,,
2006-03-02,32.70785140991211,,,,,,
2006-03-03,32.81819534301758,,,,,,
2006-03-06,32.928565979003906,,,,,,
2006-03-07,32.972679138183594,,,,,,
2006-03-08,33.1500129699707,,,,,,
2006-03-09,33.24977493286133,,,,,,
2006-03-10,33.43818664550781,,,,,,
2006-03-13,33.52131271362305,,,,,,
2006-03-14,33.4880485534668,,,,,,
2006-03-15,33.28300857543945,,,,,,
2006-03-16,33.19435501098633,,,,,,
2006-03-17,33.28300857543945,,,,,,
2006-03-20,33.17219161987305,,,,,,
2006-03-21,32.98932266235352,,,,,,
2006-03-22,33.1500129699707,,,,,,
2006-03-23,32.76765060424805,,,,,,
2006-03-24,32.884033203125,,,,,,
2006-03-27,32.690067291259766,,,,,,
2006-03-28,32.38526916503906,,,,,,
2006-03-29,32.368648529052734,,,,,,
2006-03-30,32.202415466308594,,,,,,
2006-03-31,32.02507019042969,,,,,,
2006-04-03,32.05833435058594,,,,,,
2006-04-04,32.03615951538086,,,,,,
2006-04-05,32.08048248291016,,,,,,
2006-04-06,32.15253448486328,,,,,,
2006-04-07,32.030601501464844,,,,,,
2006-04-10,32.19132614135742,,,,,,
2006-04-11,32.03615951538086,,,,,,
2006-04-12,32.07494354248047,,,,,,
2006-04-13,32.069419860839844,,,,,,
2006-04-17,31.803409576416016,,,,,,
2006-04-18,32.18577575683594,,,,,,
2006-04-19,32.18577575683594,,,,,,
2006-04-20,31.75353240966797,,,,,,
2006-04-21,31.698122024536133,,,,,,
2006-04-24,31.73691940307617,,,,,,
2006-04-25,31.86436462402344,,,,,,
2006-04-26,32.063873291015625,,,,,,
2006-04-27,32.18577575683594,,,,,,
2006-04-28,32.27444076538086,,,,,,
2006-05-01,32.235652923583984,,,,,,
2006-05-02,32.113739013671875,,,,,,
2006-05-03,32.39081954956055,,,,,,
2006-05-04,32.551517486572266,,,,,,
2006-05-05,32.79536437988281,,,,,,
2006-05-08,32.64020156860352,,,,,,
2006-05-09,32.534915924072266,,,,,,
2006-05-10,32.60694122314453,,,,,,
2006-05-11,32.33540725708008,,,,,,
2006-05-12,32.496116638183594,,,,,,
2006-05-15,33.08906936645508,,,,,,
2006-05-16,33.06135177612305,,,,,,
2006-05-17,33.05580520629883,,,,,,
2006-05-18,32.5238151550293,,,,,,
2006-05-19,32.47393798828125,,,,,,
2006-05-22,32.84523391723633,,,,,,
2006-05-23,33.10015869140625,,,,,,
2006-05-24,33.44927978515625,,,,,,
2006-05-25,33.56010437011719,,,,,,
2006-05-26,33.61552047729492,,,,,,
2006-05-30,33.482513427734375,,,,,,
2006-05-31,33.50470352172852,,,,,,
2006-06-01,33.85932922363281,,,,,,
2006-06-02,33.62104797363281,,,,,,
2006-06-05,33.11123275756836,,,,,,
2006-06-06,33.537925720214844,,,,,,
2006-06-07,33.582489013671875,,,,,,
2006-06-08,33.487831115722656,,,,,,
2006-06-09,33.37643051147461,,,,,,
2006-06-12,33.25948715209961,,,,,,
2006-06-13,32.852928161621094,,,,,,
2006-06-14,32.78053665161133,,,,,,
2006-06-15,32.90303039550781,,,,,,
2006-06-16,33.24832534790039,,,,,,
2006-06-19,33.03114318847656,,,,,,
2006-06-20,33.01997756958008,,,,,,
2006-06-21,33.19821548461914,,,,,,
2006-06-22,33.426544189453125,,,,,,
2006-06-23,33.131370544433594,,,,,,
2006-06-26,33.14252853393555,,,,,,
2006-06-27,32.91975021362305,,,,,,
2006-06-28,32.80836868286133,,,,,,
2006-06-29,33.13694381713867,,,,,,
2006-06-30,33.437686920166016,,,,,,
2006-07-03,33.56578063964844,,,,,,
2006-07-05,33.56578063964844,,,,,,
2006-07-06,33.61589813232422,,,,,,
2006-07-07,33.671600341796875,,,,,,
2006-07-10,33.94449234008789,,,,,,
2006-07-11,34.30092239379883,,,,,,
2006-07-12,34.02802276611328,,,,,,
2006-07-13,34.56824493408203,,,,,,
2006-07-14,34.417877197265625,,,,,,
2006-07-17,34.68518829345703,,,,,,
2006-07-18,35.20313262939453,,,,,,
2006-07-19,34.90239334106445,,,,,,
2006-07-20,34.79656982421875,,,,,,
2006-07-21,34.9525260925293,,,,,,
2006-07-24,35.28110885620117,,,,,,
2006-07-25,34.93025207519531,,,,,,
2006-07-26,35.43704605102539,,,,,,
2006-07-27,34.80215072631836,,,,,,
2006-07-28,35.15858459472656,,,,,,
2006-07-31,35.297821044921875,,,,,,
2006-08-01,35.18086242675781,,,,,,
2006-08-02,35.197566986083984,,,,,,
2006-08-03,34.997066497802734,,,,,,
2006-08-04,35.18086242675781,,,,,,
2006-08-07,35.17528533935547,,,,,,
2006-08-08,35.43147659301758,,,,,,
2006-08-09,34.997066497802734,,,,,,
2006-08-10,35.197566986083984,,,,,,
2006-08-11,35.26996994018555,,,,,,
2006-08-14,35.61526870727539,,,,,,
2006-08-15,35.41477584838867,,,,,,
2006-08-16,35.24769592285156,,,,,,
2006-08-17,34.896827697753906,,,,,,
2006-08-18,35.09173583984375,,,,,,
2006-08-21,35.25325393676758,,,,,,
2006-08-22,35.49830627441406,,,,,,
2006-08-23,35.68208312988281,,,,,,
2006-08-24,35.7210807800293,,,,,,
2006-08-25,35.74336624145508,,,,,,
2006-08-28,36.20002365112305,,,,,,
2006-08-29,36.651145935058594,,,,,,
2006-08-30,36.55646896362305,,,,,,
2006-08-31,36.3559684753418,,,,,,
2006-09-01,36.42839431762695,,,,,,
2006-09-05,36.31140899658203,,,,,,
2006-09-06,36.32819747924805,,,,,,
2006-09-07,35.93096160888672,,,,,,
2006-09-08,36.21630859375,,,,,,
2006-09-11,36.2107048034668,,,,,,
2006-09-12,36.47925567626953,,,,,,
2006-09-13,36.16595077514648,,,,,,
2006-09-14,36.11559295654297,,,,,,
2006-09-15,36.384159088134766,,,,,,
2006-09-18,36.0764274597168,,,,,,
2006-09-19,36.23868560791016,,,,,,
2006-09-20,36.43450927734375,,,,,,
2006-09-21,36.14915466308594,,,,,,
2006-09-22,35.96451187133789,,,,,,
2006-09-25,36.40654373168945,,,,,,
2006-09-26,36.60793685913086,,,,,,
2006-09-27,36.87650680541992,,,,,,
2006-09-28,36.53521347045898,,,,,,
2006-09-29,36.512840270996094,,,,,,
2006-10-02,35.992515563964844,,,,,,
2006-10-03,36.17713165283203,,,,,,
2006-10-04,36.31700897216797,,,,,,
2006-10-05,36.2442741394043,,,,,,
2006-10-06,36.042850494384766,,,,,,
2006-10-09,35.65121841430664,,,,,,
2006-10-10,35.47775650024414,,,,,,
2006-10-11,35.72953796386719,,,,,,
2006-10-12,35.16444396972656,,,,,,
2006-10-13,34.940650939941406,,,,,,
2006-10-16,35.0693244934082,,,,,,
2006-10-17,34.89590072631836,,,,,,
2006-10-18,35.354671478271484,,,,,,
2006-10-19,35.14766311645508,,,,,,
2006-10-20,35.142066955566406,,,,,,
2006-10-23,35.34908676147461,,,,,,
2006-10-24,35.36027908325195,,,,,,
2006-10-25,35.6064453125,,,,,,
2006-10-26,35.707157135009766,,,,,,
2006-10-27,35.55049133300781,,,,,,
2006-10-30,35.54490661621094,,,,,,
2006-10-31,35.494564056396484,,,,,,
2006-11-01,35.44419860839844,,,,,,
2006-11-02,35.36585235595703,,,,,,
2006-11-03,35.38265609741211,,,,,,
2006-11-06,35.40503692626953,,,,,,
2006-11-07,35.472164154052734,,,,,,
2006-11-08,35.54490661621094,,,,,,
2006-11-09,35.07491683959961,,,,,,
2006-11-10,34.99659729003906,,,,,,
2006-11-13,34.35877990722656,,,,,,
2006-11-14,34.655311584472656,,,,,,
2006-11-15,34.26364517211914,,,,,,
2006-11-16,34.57698059082031,,,,,,
2006-11-17,34.84552764892578,,,,,,
2006-11-20,34.96861267089844,,,,,,
2006-11-21,35.00218963623047,,,,,,
2006-11-22,34.99099349975586,,,,,,
2006-11-24,34.87910461425781,,,,,,
2006-11-27,34.409122467041016,,,,,,
2006-11-28,34.588157653808594,,,,,,
2006-11-29,34.95184326171875,,,,,,
2006-11-30,34.67208480834961,,,,,,
2006-12-01,34.66648864746094,,,,,,
2006-12-04,35.18123245239258,,,,,,
2006-12-05,35.902976989746094,,,,,,
2006-12-06,35.81303405761719,,,,,,
2006-12-07,35.6500244140625,,,,,,
2006-12-08,35.56570816040039,,,,,,
2006-12-11,35.27903747558594,,,,,,
2006-12-12,35.32961654663086,,,,,,
2006-12-13,35.27903747558594,,,,,,
2006-12-14,35.13285827636719,,,,,,
2006-12-15,35.340858459472656,,,,,,
2006-12-18,35.45328903198242,,,,,,
2006-12-19,35.57133102416992,,,,,,
2006-12-20,35.582576751708984,,,,,,
2006-12-21,35.63315963745117,,,,,,
2006-12-22,35.47014617919922,,,,,,
2006-12-26,35.32398986816406,,,,,,
2006-12-27,35.35210037231445,,,,,,
2006-12-28,35.55445098876953,,,,,,
2006-12-29,35.16098403930664,,,,,,
2007-01-03,35.25653839111328,,,,,,
2007-01-04,35.49824523925781,,,,,,
2007-01-05,35.38582229614258,,,,,,
2007-01-08,35.46452713012695,,,,,,
2007-01-09,35.61067199707031,,,,,,
2007-01-10,36.06038284301758,,,,,,
2007-01-11,36.51008987426758,,,,,,
2007-01-12,36.36954879760742,,,,,,
2007-01-16,36.453861236572266,,,,,,
2007-01-17,36.53818893432617,,,,,,
2007-01-18,36.49320983886719,,,,,,
2007-01-19,36.43701171875,,,,,,
2007-01-22,36.43137741088867,,,,,,
2007-01-23,36.44822692871094,,,,,,
2007-01-24,36.65060806274414,,,,,,
2007-01-25,36.2121467590332,,,,,,
2007-01-26,36.229000091552734,,,,,,
2007-01-29,36.31333160400391,,,,,,
2007-01-30,36.588775634765625,,,,,,
2007-01-31,36.67308044433594,,,,,,
2007-02-01,36.75178909301758,,,,,,
2007-02-02,36.56068420410156,,,,,,
2007-02-05,36.442630767822266,,,,,,
2007-02-06,36.19528579711914,,,,,,
2007-02-07,36.257137298583984,,,,,,
2007-02-08,35.58818817138672,,,,,,
2007-02-09,35.92547607421875,,,,,,
2007-02-12,35.81866836547852,,,,,,
2007-02-13,35.8692626953125,,,,,,
2007-02-14,35.61067199707031,,,,,,
2007-02-15,36.021034240722656,,,,,,
2007-02-16,36.3245735168457,,,,,,
2007-02-20,36.31895065307617,,,,,,
2007-02-21,36.54943084716797,,,,,,
2007-02-22,36.34706115722656,,,,,,
2007-02-23,36.30208587646485,,,,,,
2007-02-26,36.25151062011719,,,,,,
2007-02-27,35.27903747558594,,,,,,
2007-02-28,35.49824523925781,,,,,,
2007-03-01,35.65565490722656,,,,,,
2007-03-02,35.374595642089844,,,,,,
2007-03-05,35.284637451171875,,,,,,
2007-03-06,35.560089111328125,,,,,,
2007-03-07,35.44147872924805,,,,,,
2007-03-08,35.610923767089844,,,,,,
2007-03-09,35.51491165161133,,,,,,
2007-03-12,35.6787109375,,,,,,
2007-03-13,35.108245849609375,,,,,,
2007-03-14,35.40757751464844,,,,,,
2007-03-15,35.5770263671875,,,,,,
2007-03-16,35.33981704711914,,,,,,
2007-03-19,35.4922981262207,,,,,,
2007-03-20,35.808616638183594,,,,,,
2007-03-21,36.24913787841797,,,,,,
2007-03-22,36.2096061706543,,,,,,
2007-03-23,36.19831085205078,,,,,,
2007-03-26,36.08535385131836,,,,,,
2007-03-27,35.554420471191406,,,,,,
2007-03-28,35.52054977416992,,,,,,
2007-03-29,35.915916442871094,,,,,,
2007-03-30,35.89897537231445,,,,,,
2007-04-02,35.802940368652344,,,,,,
2007-04-03,35.808616638183594,,,,,,
2007-04-04,35.9949836730957,,,,,,
2007-04-05,35.96674346923828,,,,,,
2007-04-09,35.5770263671875,,,,,,
2007-04-10,35.814239501953125,,,,,,
2007-04-11,35.70128631591797,,,,,,
2007-04-12,36.23784255981445,,,,,,
2007-04-13,36.37340545654297,,,,,,
2007-04-16,36.46378707885742,,,,,,
2007-04-17,37.16414642333984,,,,,,
2007-04-18,37.231895446777344,,,,,,
2007-04-19,37.29404067993164,,,,,,
2007-04-20,37.64422225952149,,,,,,
2007-04-23,37.610328674316406,,,,,,
2007-04-24,37.50865936279297,,,,,,
2007-04-25,37.83060073852539,,,,,,
2007-04-26,37.50865936279297,,,,,,
2007-04-27,37.44088363647461,,,,,,
2007-04-30,37.32792663574219,,,,,,
2007-05-01,37.50301361083984,,,,,,
2007-05-02,37.85319900512695,,,,,,
2007-05-03,38.016998291015625,,,,,,
2007-05-04,38.0791015625,,,,,,
2007-05-07,38.11301040649414,,,,,,
2007-05-08,37.92660903930664,,,,,,
2007-05-09,37.93792343139648,,,,,,
2007-05-10,37.47476959228516,,,,,,
2007-05-11,37.72893524169922,,,,,,
2007-05-14,37.72329330444336,,,,,,
2007-05-15,38.09605026245117,,,,,,
2007-05-16,38.76816940307617,,,,,,
2007-05-17,38.68344879150391,,,,,,
2007-05-18,39.24262237548828,,,,,,
2007-05-21,38.98845672607422,,,,,,
2007-05-22,38.78510665893555,,,,,,
2007-05-23,38.796417236328125,,,,,,
2007-05-24,38.660865783691406,,,,,,
2007-05-25,38.86983871459961,,,,,,
2007-05-29,38.67779922485352,,,,,,
2007-05-30,38.7286262512207,,,,,,
2007-05-31,38.59308624267578,,,,,,
2007-06-01,38.802059173583984,,,,,,
2007-06-04,38.58179473876953,,,,,,
2007-06-05,38.192081451416016,,,,,,
2007-06-06,38.08700180053711,,,,,,
2007-06-07,37.68375015258789,,,,,,
2007-06-08,37.83143615722656,,,,,,
2007-06-11,37.507694244384766,,,,,,
2007-06-12,37.50200271606445,,,,,,
2007-06-13,37.706451416015625,,,,,,
2007-06-14,37.99044799804688,,,,,,
2007-06-15,37.87117767333984,,,,,,
2007-06-18,37.82004928588867,,,,,,
2007-06-19,37.37138366699219,,,,,,
2007-06-20,37.21235275268555,,,,,,
2007-06-21,37.41681289672852,,,,,,
2007-06-22,36.83749771118164,,,,,,
2007-06-25,36.71823501586914,,,,,,
2007-06-26,36.723907470703125,,,,,,
2007-06-27,37.013553619384766,,,,,,
2007-06-28,37.05900573730469,,,,,,
2007-06-29,36.831809997558594,,,,,,
2007-07-02,37.087398529052734,,,,,,
2007-07-03,37.25210952758789,,,,,,
2007-07-05,37.433860778808594,,,,,,
2007-07-06,37.60992813110352,,,,,,
2007-07-09,37.51336669921875,,,,,,
2007-07-10,37.41112518310547,,,,,,
2007-07-11,37.54743576049805,,,,,,
2007-07-12,38.018856048583984,,,,,,
2007-07-13,37.96774673461914,,,,,,
2007-07-16,38.047245025634766,,,,,,
2007-07-17,37.71215438842773,,,,,,
2007-07-18,37.55879211425781,,,,,,
2007-07-19,37.1839599609375,,,,,,
2007-07-20,36.729591369628906,,,,,,
2007-07-23,37.82004928588867,,,,,,
2007-07-24,37.63262939453125,,,,,,
2007-07-25,38.8026123046875,,,,,,
2007-07-26,37.96205520629883,,,,,,
2007-07-27,37.29187774658203,,,,,,
2007-07-30,37.42817687988281,,,,,,
2007-07-31,37.2691535949707,,,,,,
2007-08-01,37.72919464111328,,,,,,
2007-08-02,37.945011138916016,,,,,,
2007-08-03,37.75190734863281,,,,,,
2007-08-06,38.91054153442383,,,,,,
2007-08-07,39.27969741821289,,,,,,
2007-08-08,39.72271347045898,,,,,,
2007-08-09,38.90486145019531,,,,,,
2007-08-10,38.59249877929688,,,,,,
2007-08-13,38.66632080078125,,,,,,
2007-08-14,38.14380645751953,,,,,,
2007-08-15,38.24603271484375,,,,,,
2007-08-16,38.831016540527344,,,,,,
2007-08-17,39.40464782714844,,,,,,
2007-08-20,38.96733856201172,,,,,,
2007-08-21,38.87645721435547,,,,,,
2007-08-22,39.07524871826172,,,,,,
2007-08-23,38.56977844238281,,,,,,
2007-08-24,38.74584197998047,,,,,,
2007-08-27,38.67767333984375,,,,,,
2007-08-28,38.34258270263672,,,,,,
2007-08-29,38.72880554199219,,,,,,
2007-08-30,38.5413703918457,,,,,,
2007-08-31,38.63792419433594,,,,,,
2007-09-04,38.96733856201172,,,,,,
2007-09-05,38.798866271972656,,,,,,
2007-09-06,39.15291976928711,,,,,,
2007-09-07,38.82170867919922,,,,,,
2007-09-10,39.0958137512207,,,,,,
2007-09-11,39.90103530883789,,,,,,
2007-09-12,39.73542022705078,,,,,,
2007-09-13,39.90674591064453,,,,,,
2007-09-14,39.72397994995117,,,,,,
2007-09-17,39.861061096191406,,,,,,
2007-09-18,40.477821350097656,,,,,,
2007-09-19,40.60917663574219,,,,,,
2007-09-20,40.56348419189453,,,,,,
2007-09-21,40.79763412475586,,,,,,
2007-09-24,40.68910598754883,,,,,,
2007-09-25,40.672000885009766,,,,,,
2007-09-26,41.2487678527832,,,,,,
2007-09-27,41.47149658203125,,,,,,
2007-09-28,41.83699417114258,,,,,,
2007-10-01,42.26530075073242,,,,,,
2007-10-02,42.12251281738281,,,,,,
2007-10-03,41.956912994384766,,,,,,
2007-10-04,42.18532943725586,,,,,,
2007-10-05,42.11110305786133,,,,,,
2007-10-08,42.20818328857422,,,,,,
2007-10-09,41.808441162109375,,,,,,
2007-10-10,42.0311393737793,,,,,,
2007-10-11,40.98607635498047,,,,,,
2007-10-12,40.991790771484375,,,,,,
2007-10-15,40.74623489379883,,,,,,
2007-10-16,41.04320907592773,,,,,,
2007-10-17,41.18024826049805,,,,,,
2007-10-18,41.04889297485352,,,,,,
2007-10-19,40.203712463378906,,,,,,
2007-10-22,40.64344024658203,,,,,,
2007-10-23,40.849029541015625,,,,,,
2007-10-24,41.00320816040039,,,,,,
2007-10-25,41.10601043701172,,,,,,
2007-10-26,41.31159591674805,,,,,,
2007-10-29,42.0882453918457,,,,,,
2007-10-30,42.16820907592773,,,,,,
2007-10-31,42.09969711303711,,,,,,
2007-11-01,41.34014129638672,,,,,,
2007-11-02,41.67707061767578,,,,,,
2007-11-05,41.55144882202149,,,,,,
2007-11-06,41.96832656860352,,,,,,
2007-11-07,41.31159591674805,,,,,,
2007-11-08,41.97405624389648,,,,,,
2007-11-09,41.96261978149414,,,,,,
2007-11-12,41.44294357299805,,,,,,
2007-11-13,41.8826904296875,,,,,,
2007-11-14,42.29383850097656,,,,,,
2007-11-15,42.01973724365234,,,,,,
2007-11-16,42.345252990722656,,,,,,
2007-11-19,42.8763313293457,,,,,,
2007-11-20,42.73927688598633,,,,,,
2007-11-21,42.85350036621094,,,,,,
2007-11-23,43.12189483642578,,,,,,
2007-11-26,42.65363311767578,,,,,,
2007-11-27,43.356048583984375,,,,,,
2007-11-28,44.06417846679688,,,,,,
2007-11-29,43.71013259887695,,,,,,
2007-11-30,44.075592041015625,,,,,,
2007-12-03,43.732948303222656,,,,,,
2007-12-04,43.77292251586914,,,,,,
2007-12-05,43.77006149291992,,,,,,
2007-12-06,44.20620727539063,,,,,,
2007-12-07,44.18899917602539,,,,,,
2007-12-10,44.34969329833984,,,,,,
2007-12-11,43.89057922363281,,,,,,
2007-12-12,44.81452941894531,,,,,,
2007-12-13,45.15885543823242,,,,,,
2007-12-14,45.0268669128418,,,,,,
2007-12-17,44.40132141113281,,,,,,
2007-12-18,44.200469970703125,,,,,,
2007-12-19,44.06847381591797,,,,,,
2007-12-20,43.89630889892578,,,,,,
2007-12-21,44.38984298706055,,,,,,
2007-12-24,44.596458435058594,,,,,,
2007-12-26,44.34969329833984,,,,,,
2007-12-27,44.016822814941406,,,,,,
2007-12-28,44.20620727539063,,,,,,
2007-12-31,43.55772399902344,,,,,,
2008-01-02,43.207664489746094,,,,,,
2008-01-03,43.48884963989258,,,,,,
2008-01-04,43.35685348510742,,,,,,
2008-01-07,44.37263488769531,,,,,,
2008-01-08,44.72845458984375,,,,,,
2008-01-09,45.18755722045898,,,,,,
2008-01-10,45.66388320922852,,,,,,
2008-01-11,44.63661575317383,,,,,,
2008-01-14,44.14307022094727,,,,,,
2008-01-15,42.94366836547852,,,,,,
2008-01-16,42.20336151123047,,,,,,
2008-01-17,41.376949310302734,,,,,,
2008-01-18,41.00969696044922,,,,,,
2008-01-22,39.85044097900391,,,,,,
2008-01-23,40.45875549316406,,,,,,
2008-01-24,40.01686477661133,,,,,,
2008-01-25,39.5520133972168,,,,,,
2008-01-28,40.326759338378906,,,,,,
2008-01-29,39.38557815551758,,,,,,
2008-01-30,38.67398452758789,,,,,,
2008-01-31,39.05273818969727,,,,,,
2008-02-01,39.50037384033203,,,,,,
2008-02-04,39.72419357299805,,,,,,
2008-02-05,38.99534225463867,,,,,,
2008-02-06,38.29522705078125,,,,,,
2008-02-07,40.407108306884766,,,,,,
2008-02-08,40.062774658203125,,,,,,
2008-02-11,40.72274017333984,,,,,,
2008-02-12,41.29662704467773,,,,,,
2008-02-13,41.107234954833984,,,,,,
2008-02-14,41.07280731201172,,,,,,
2008-02-15,41.16463088989258,,,,,,
2008-02-19,40.82604217529297,,,,,,
2008-02-20,40.814571380615234,,,,,,
2008-02-21,40.79161834716797,,,,,,
2008-02-22,40.96376800537109,,,,,,
2008-02-25,41.08428192138672,,,,,,
2008-02-26,40.93507385253906,,,,,,
2008-02-27,40.860477447509766,,,,,,
2008-02-28,40.78012466430664,,,,,,
2008-02-29,39.91930389404297,,,,,,
2008-03-03,40.26936340332031,,,,,,
2008-03-04,40.19477081298828,,,,,,
2008-03-05,40.54960632324219,,,,,,
2008-03-06,40.4572868347168,,,,,,
2008-03-07,40.1515007019043,,,,,,
2008-03-10,39.8226203918457,,,,,,
2008-03-11,40.35921096801758,,,,,,
2008-03-12,40.13419723510742,,,,,,
2008-03-13,39.94956207275391,,,,,,
2008-03-14,39.49373626708984,,,,,,
2008-03-17,39.89763259887695,,,,,,
2008-03-18,40.39958572387695,,,,,,
2008-03-19,40.49191665649414,,,,,,
2008-03-20,41.074649810791016,,,,,,
2008-03-24,41.22467041015625,,,,,,
2008-03-25,41.276588439941406,,,,,,
2008-03-26,41.05733489990234,,,,,,
2008-03-27,41.074649810791016,,,,,,
2008-03-28,41.28814697265625,,,,,,
2008-03-31,41.65739822387695,,,,,,
2008-04-01,41.61700820922852,,,,,,
2008-04-02,41.20735549926758,,,,,,
2008-04-03,41.19582748413086,,,,,,
2008-04-04,41.27082061767578,,,,,,
2008-04-07,41.46124267578125,,,,,,
2008-04-08,41.12656784057617,,,,,,
2008-04-09,40.947715759277344,,,,,,
2008-04-10,41.3689079284668,,,,,,
2008-04-11,41.19582748413086,,,,,,
2008-04-14,40.93617630004883,,,,,,
2008-04-15,41.09196090698242,,,,,,
2008-04-16,41.02849197387695,,,,,,
2008-04-17,40.83232879638672,,,,,,
2008-04-18,40.7342414855957,,,,,,
2008-04-21,40.33034896850586,,,,,,
2008-04-22,39.86879348754883,,,,,,
2008-04-23,39.920711517333984,,,,,,
2008-04-24,39.23411178588867,,,,,,
2008-04-25,39.01486587524414,,,,,,
2008-04-28,39.326438903808594,,,,,,
2008-04-29,39.349491119384766,,,,,,
2008-04-30,39.53990936279297,,,,,,
2008-05-01,39.52259826660156,,,,,,
2008-05-02,39.86879348754883,,,,,,
2008-05-05,39.56298065185547,,,,,,
2008-05-06,39.56298065185547,,,,,,
2008-05-07,39.239891052246094,,,,,,
2008-05-08,38.96870040893555,,,,,,
2008-05-09,38.951393127441406,,,,,,
2008-05-12,38.85908508300781,,,,,,
2008-05-13,38.801395416259766,,,,,,
2008-05-14,38.7148323059082,,,,,,
2008-05-15,39.27450942993164,,,,,,
2008-05-16,39.15911102294922,,,,,,
2008-05-19,39.25142288208008,,,,,,
2008-05-20,38.92254638671875,,,,,,
2008-05-21,38.81292724609375,,,,,,
2008-05-22,39.45335006713867,,,,,,
2008-05-23,39.38414001464844,,,,,,
2008-05-27,39.81686019897461,,,,,,
2008-05-28,39.19374084472656,,,,,,
2008-05-29,39.71300506591797,,,,,,
2008-05-30,39.40719604492188,,,,,,
2008-06-02,38.97447204589844,,,,,,
2008-06-03,38.68598175048828,,,,,,
2008-06-04,38.71212768554688,,,,,,
2008-06-05,39.07212829589844,,,,,,
2008-06-06,38.04436111450195,,,,,,
2008-06-09,37.95725631713867,,,,,,
2008-06-10,39.24051284790039,,,,,,
2008-06-11,39.1882438659668,,,,,,
2008-06-12,39.45534896850586,,,,,,
2008-06-13,39.21729278564453,,,,,,
2008-06-16,38.34630584716797,,,,,,
2008-06-17,38.247589111328125,,,,,,
2008-06-18,37.77726364135742,,,,,,
2008-06-19,38.25921249389648,,,,,,
2008-06-20,37.78887939453125,,,,,,
2008-06-23,37.52758026123047,,,,,,
2008-06-24,37.173377990722656,,,,,,
2008-06-25,38.04436111450195,,,,,,
2008-06-26,37.6088752746582,,,,,,
2008-06-27,37.12112045288086,,,,,,
2008-06-30,36.9237060546875,,,,,,
2008-07-01,37.3940315246582,,,,,,
2008-07-02,38.18373107910156,,,,,,
2008-07-03,38.77018737792969,,,,,,
2008-07-07,38.68308639526367,,,,,,
2008-07-08,38.224369049072266,,,,,,
2008-07-09,37.945648193359375,,,,,,
2008-07-10,38.08501815795898,,,,,,
2008-07-11,37.54499816894531,,,,,,
2008-07-14,37.6901741027832,,,,,,
2008-07-15,38.07341384887695,,,,,,
2008-07-16,38.375335693359375,,,,,,
2008-07-17,38.0501594543457,,,,,,
2008-07-18,37.980499267578125,,,,,,
2008-07-21,37.42306137084961,,,,,,
2008-07-22,38.433406829833984,,,,,,
2008-07-23,39.32181167602539,,,,,,
2008-07-24,39.135990142822266,,,,,,
2008-07-25,39.03147506713867,,,,,,
2008-07-28,38.7353401184082,,,,,,
2008-07-29,38.892127990722656,,,,,,
2008-07-30,38.85146713256836,,,,,,
2008-07-31,38.64824676513672,,,,,,
2008-08-01,38.68889617919922,,,,,,
2008-08-04,39.29277420043945,,,,,,
2008-08-05,39.78631210327149,,,,,,
2008-08-06,39.79792404174805,,,,,,
2008-08-07,39.45534896850586,,,,,,
2008-08-08,40.26826095581055,,,,,,
2008-08-11,40.22180938720703,,,,,,
2008-08-12,40.42504119873047,,,,,,
2008-08-13,40.49470520019531,,,,,,
2008-08-14,40.61085891723633,,,,,,
2008-08-15,40.761817932128906,,,,,,
2008-08-18,40.53536605834961,,,,,,
2008-08-19,40.70374298095703,,,,,,
2008-08-20,40.55859375,,,,,,
2008-08-21,40.2914924621582,,,,,,
2008-08-22,40.58762741088867,,,,,,
2008-08-25,40.09408187866211,,,,,,
2008-08-26,39.89084243774414,,,,,,
2008-08-27,40.18115997314453,,,,,,
2008-08-28,40.17537307739258,,,,,,
2008-08-29,39.76310348510742,,,,,,
2008-09-02,40.33213424682617,,,,,,
2008-09-03,40.42271041870117,,,,,,
2008-09-04,39.95531463623047,,,,,,
2008-09-05,40.26495361328125,,,,,,
2008-09-08,41.09456634521485,,,,,,
2008-09-09,41.48014450073242,,,,,,
2008-09-10,41.965065002441406,,,,,,
2008-09-11,42.42658615112305,,,,,,
2008-09-12,42.73624038696289,,,,,,
2008-09-15,42.26885986328125,,,,,,
2008-09-16,42.63690948486328,,,,,,
2008-09-17,41.87742233276367,,,,,,
2008-09-18,42.7829704284668,,,,,,
2008-09-19,42.75961685180664,,,,,,
2008-09-22,41.526885986328125,,,,,,
2008-09-23,41.33407974243164,,,,,,
2008-09-24,40.95433807373047,,,,,,
2008-09-25,41.6554069519043,,,,,,
2008-09-26,41.89494323730469,,,,,,
2008-09-29,40.6972885131836,,,,,,
2008-09-30,41.63788986206055,,,,,,
2008-10-01,41.85405731201172,,,,,,
2008-10-02,41.42756271362305,,,,,,
2008-10-03,40.31169509887695,,,,,,
2008-10-06,38.932918548583984,,,,,,
2008-10-07,38.04489135742188,,,,,,
2008-10-08,37.16271209716797,,,,,,
2008-10-09,34.77322006225586,,,,,,
2008-10-10,33.76833724975586,,,,,,
2008-10-13,36.08773422241211,,,,,,
2008-10-14,31.78197479248047,,,,,,
2008-10-15,29.941654205322266,,,,,,
2008-10-16,31.010786056518555,,,,,,
2008-10-17,31.478174209594727,,,,,,
2008-10-20,33.16074752807617,,,,,,
2008-10-21,32.13250732421875,,,,,,
2008-10-22,31.33795928955078,,,,,,
2008-10-23,31.244483947753903,,,,,,
2008-10-24,30.23961067199707,,,,,,
2008-10-27,30.081871032714844,,,,,,
2008-10-28,32.6174201965332,,,,,,
2008-10-29,32.13250732421875,,,,,,
2008-10-30,33.34769821166992,,,,,,
2008-10-31,33.30680465698242,,,,,,
2008-11-03,33.575538635253906,,,,,,
2008-11-04,34.083824157714844,,,,,,
2008-11-05,33.30680465698242,,,,,,
2008-11-06,32.04487609863281,,,,,,
2008-11-07,32.34282302856445,,,,,,
2008-11-10,31.904651641845703,,,,,,
2008-11-11,32.17924499511719,,,,,,
2008-11-12,31.022464752197266,,,,,,
2008-11-13,32.477203369140625,,,,,,
2008-11-14,31.26784324645996,,,,,,
2008-11-17,30.946533203125,,,,,,
2008-11-18,31.04585647583008,,,,,,
2008-11-19,30.438247680664062,,,,,,
2008-11-20,29.38079833984375,,,,,,
2008-11-21,31.892972946166992,,,,,,
2008-11-24,32.51810073852539,,,,,,
2008-11-25,31.54826736450196,,,,,,
2008-11-26,32.09159851074219,,,,,,
2008-11-28,33.12569808959961,,,,,,
2008-12-01,31.33795928955078,,,,,,
2008-12-02,31.81117057800293,,,,,,
2008-12-03,31.843578338623047,,,,,,
2008-12-04,30.813138961791992,,,,,,
2008-12-05,31.425498962402344,,,,,,
2008-12-08,31.560941696166992,,,,,,
2008-12-09,30.777801513671875,,,,,,
2008-12-10,31.21353530883789,,,,,,
2008-12-11,31.0368766784668,,,,,,
2008-12-12,30.636472702026367,,,,,,
2008-12-15,30.86612129211425,,,,,,
2008-12-16,31.920106887817383,,,,,,
2008-12-17,31.99077796936035,,,,,,
2008-12-18,32.21452713012695,,,,,,
2008-12-19,31.84946823120117,,,,,,
2008-12-22,31.64925765991211,,,,,,
2008-12-23,31.89655303955078,,,,,,
2008-12-24,32.11443328857422,,,,,,
2008-12-26,32.12621307373047,,,,,,
2008-12-29,31.837684631347656,,,,,,
2008-12-30,32.31461715698242,,,,,,
2008-12-31,32.249855041503906,,,,,,
2009-01-02,32.95645523071289,,,,,,
2009-01-05,32.738582611083984,,,,,,
2009-01-06,32.797454833984375,,,,,,
2009-01-07,31.73169136047364,,,,,,
2009-01-08,31.354846954345703,,,,,,
2009-01-09,30.95446014404297,,,,,,
2009-01-12,30.25963020324707,,,,,,
2009-01-13,30.75425338745117,,,,,,
2009-01-14,30.08888053894043,,,,,,
2009-01-15,29.753236770629883,,,,,,
2009-01-16,30.24786949157715,,,,,,
2009-01-20,29.694360733032227,,,,,,
2009-01-21,29.70025062561035,,,,,,
2009-01-22,29.647262573242188,,,,,,
2009-01-23,29.80624389648437,,,,,,
2009-01-26,30.27729797363281,,,,,,
2009-01-27,30.40683555603028,,,,,,
2009-01-28,30.642372131347656,,,,,,
2009-01-29,30.430395126342773,,,,,,
2009-01-30,29.57659721374512,,,,,,
2009-02-02,29.517724990844727,,,,,,
2009-02-03,30.3361873626709,,,,,,
2009-02-04,30.318510055541992,,,,,,
2009-02-05,30.82489967346192,,,,,,
2009-02-06,31.51971435546875,,,,,,
2009-02-09,30.28318214416504,,,,,,
2009-02-10,29.16442108154297,,,,,,
2009-02-11,29.80035972595215,,,,,,
2009-02-12,30.618810653686523,,,,,,
2009-02-13,30.95446014404297,,,,,,
2009-02-17,30.5128173828125,,,,,,
2009-02-18,30.342065811157227,,,,,,
2009-02-19,30.73656272888184,,,,,,
2009-02-20,30.29496383666992,,,,,,
2009-02-23,29.53536796569824,,,,,,
2009-02-24,30.430395126342773,,,,,,
2009-02-25,29.865123748779297,,,,,,
2009-02-26,29.099655151367188,,,,,,
2009-02-27,28.345956802368164,,,,,,
2009-03-02,27.586368560791016,,,,,,
2009-03-03,28.540264129638672,,,,,,
2009-03-04,28.275917053222656,,,,,,
2009-03-05,27.30765914916992,,,,,,
2009-03-06,27.978906631469727,,,,,,
2009-03-09,27.21259880065918,,,,,,
2009-03-10,27.68190574645996,,,,,,
2009-03-11,28.169004440307617,,,,,,
2009-03-12,28.685800552368164,,,,,,
2009-03-13,28.88183784484864,,,,,,
2009-03-16,28.947189331054688,,,,,,
2009-03-17,29.256086349487305,,,,,,
2009-03-18,29.38676643371582,,,,,,
2009-03-19,29.10162353515625,,,,,,
2009-03-20,29.71348190307617,,,,,,
2009-03-23,30.66988182067871,,,,,,
2009-03-24,30.610469818115234,,,,,,
2009-03-25,31.16885757446289,,,,,,
2009-03-26,31.57874870300293,,,,,,
2009-03-27,31.12133979797364,,,,,,
2009-03-30,30.76492500305176,,,,,,
2009-03-31,30.580751419067383,,,,,,
2009-04-01,31.020357131958008,,,,,,
2009-04-02,31.400535583496094,,,,,,
2009-04-03,31.2995548248291,,,,,,
2009-04-06,31.287670135498047,,,,,,
2009-04-07,31.038185119628903,,,,,,
2009-04-08,31.05599594116211,,,,,,
2009-04-09,30.94906044006348,,,,,,
2009-04-13,30.58670997619629,,,,,,
2009-04-14,30.03426170349121,,,,,,
2009-04-15,30.91342735290528,,,,,,
2009-04-16,30.86589813232422,,,,,,
2009-04-17,30.966901779174805,,,,,,
2009-04-20,29.61844825744629,,,,,,
2009-04-21,29.31546974182129,,,,,,
2009-04-22,28.50165748596192,,,,,,
2009-04-23,28.44819641113281,,,,,,
2009-04-24,28.82242774963379,,,,,,
2009-04-27,29.172908782958984,,,,,,
2009-04-28,29.72537422180176,,,,,,
2009-04-29,29.968902587890625,,,,,,
2009-04-30,29.559038162231445,,,,,,
2009-05-01,29.57686233520508,,,,,,
2009-05-04,29.16695785522461,,,,,,
2009-05-05,29.54121398925781,,,,,,
2009-05-06,29.535276412963867,,,,,,
2009-05-07,29.398651123046875,,,,,,
2009-05-08,29.55308723449707,,,,,,
2009-05-11,29.452119827270508,,,,,,
2009-05-12,29.26795196533203,,,,,,
2009-05-13,29.499631881713867,,,,,,
2009-05-14,30.218414306640625,,,,,,
2009-05-15,29.891685485839844,,,,,,
2009-05-18,30.39662170410156,,,,,,
2009-05-19,30.658004760742188,,,,,,
2009-05-20,30.92530059814453,,,,,,
2009-05-21,30.58670997619629,,,,,,
2009-05-22,30.63422393798828,,,,,,
2009-05-26,30.46196556091309,,,,,,
2009-05-27,29.70754051208496,,,,,,
2009-05-28,30.307504653930664,,,,,,
2009-05-29,30.919363021850582,,,,,,
2009-06-01,31.56092643737793,,,,,,
2009-06-02,32.89154815673828,,,,,,
2009-06-03,32.50227737426758,,,,,,
2009-06-04,32.83165740966797,,,,,,
2009-06-05,32.86759948730469,,,,,,
2009-06-08,32.43041229248047,,,,,,
2009-06-09,32.02912902832031,,,,,,
2009-06-10,31.9572696685791,,,,,,
2009-06-11,31.723691940307617,,,,,,
2009-06-12,32.13094711303711,,,,,,
2009-06-15,31.669795989990234,,,,,,
2009-06-16,31.34638977050781,,,,,,
2009-06-17,31.723691940307617,,,,,,
2009-06-18,32.634033203125,,,,,,
2009-06-19,32.286678314208984,,,,,,
2009-06-22,32.035125732421875,,,,,,
2009-06-23,31.74766159057617,,,,,,
2009-06-24,31.771617889404297,,,,,,
2009-06-25,32.33457946777344,,,,,,
2009-06-26,32.75979232788086,,,,,,
2009-06-29,32.843650817871094,,,,,,
2009-06-30,32.91550827026367,,,,,,
2009-07-01,33.849788665771484,,,,,,
2009-07-02,33.74797439575195,,,,,,
2009-07-06,34.21512222290039,,,,,,
2009-07-07,33.538368225097656,,,,,,
2009-07-08,32.84962463378906,,,,,,
2009-07-09,32.7478141784668,,,,,,
2009-07-10,32.76579284667969,,,,,,
2009-07-13,33.34073257446289,,,,,,
2009-07-14,33.592262268066406,,,,,,
2009-07-15,34.30495834350586,,,,,,
2009-07-16,34.2929801940918,,,,,,
2009-07-17,33.93363571166992,,,,,,
2009-07-20,33.58627700805664,,,,,,
2009-07-21,33.77792739868164,,,,,,
2009-07-22,33.47249221801758,,,,,,
2009-07-23,33.83781433105469,,,,,,
2009-07-24,33.78390884399414,,,,,,
2009-07-27,33.74198913574219,,,,,,
2009-07-28,33.52040481567383,,,,,,
2009-07-29,33.73599624633789,,,,,,
2009-07-30,33.89768981933594,,,,,,
2009-07-31,33.987545013427734,,,,,,
2009-08-03,33.65814971923828,,,,,,
2009-08-04,35.37099838256836,,,,,,
2009-08-05,34.969722747802734,,,,,,
2009-08-06,34.634368896484375,,,,,,
2009-08-07,34.58045959472656,,,,,,
2009-08-10,34.382816314697266,,,,,,
2009-08-11,34.08336639404297,,,,,,
2009-08-12,33.945613861083984,,,,,,
2009-08-13,33.83182144165039,,,,,,
2009-08-14,33.87375259399414,,,,,,
2009-08-17,33.64617156982422,,,,,,
2009-08-18,33.682106018066406,,,,,,
2009-08-19,33.80787658691406,,,,,,
2009-08-20,34.041446685791016,,,,,,
2009-08-21,34.43073272705078,,,,,,
2009-08-24,34.406761169433594,,,,,,
2009-08-25,34.310935974121094,,,,,,
2009-08-26,34.664302825927734,,,,,,
2009-08-27,34.5924186706543,,,,,,
2009-08-28,33.9935302734375,,,,,,
2009-08-31,33.93962478637695,,,,,,
2009-09-01,33.68809127807617,,,,,,
2009-09-02,34.020145416259766,,,,,,
2009-09-03,34.195213317871094,,,,,,
2009-09-04,34.73857116699219,,,,,,
2009-09-08,35.185333251953125,,,,,,
2009-09-09,35.040435791015625,,,,,,
2009-09-10,34.93178939819336,,,,,,
2009-09-11,35.505313873291016,,,,,,
2009-09-14,35.438899993896484,,,,,,
2009-09-15,35.19139099121094,,,,,,
2009-09-16,35.22157669067383,,,,,,
2009-09-17,35.4992790222168,,,,,,
2009-09-18,36.13923645019531,,,,,,
2009-09-21,35.63210678100586,,,,,,
2009-09-22,35.36647415161133,,,,,,
2009-09-23,35.300045013427734,,,,,,
2009-09-24,35.34231948852539,,,,,,
2009-09-25,35.42683029174805,,,,,,
2009-09-28,35.63814926147461,,,,,,
2009-09-29,35.32420349121094,,,,,,
2009-09-30,35.41476058959961,,,,,,
2009-10-01,35.29402160644531,,,,,,
2009-10-02,36.767120361328125,,,,,,
2009-10-05,36.73691177368164,,,,,,
2009-10-06,36.749000549316406,,,,,,
2009-10-07,36.93010711669922,,,,,,
2009-10-08,36.45921325683594,,,,,,
2009-10-09,36.579959869384766,,,,,,
2009-10-12,36.77918243408203,,,,,,
2009-10-13,36.58599472045898,,,,,,
2009-10-14,37.201805114746094,,,,,,
2009-10-15,37.84175109863281,,,,,,
2009-10-16,37.60629653930664,,,,,,
2009-10-19,37.461402893066406,,,,,,
2009-10-20,37.17765045166016,,,,,,
2009-10-21,37.3346061706543,,,,,,
2009-10-22,37.12934494018555,,,,,,
2009-10-23,36.84559631347656,,,,,,
2009-10-26,36.507511138916016,,,,,,
2009-10-27,36.82748031616211,,,,,,
2009-10-28,36.82144927978516,,,,,,
2009-10-29,37.06293487548828,,,,,,
2009-10-30,36.55580520629883,,,,,,
2009-11-02,36.58599472045898,,,,,,
2009-11-03,36.25998306274414,,,,,,
2009-11-04,36.45316696166992,,,,,,
2009-11-05,36.966339111328125,,,,,,
2009-11-06,37.28631591796875,,,,,,
2009-11-09,37.60025024414063,,,,,,
2009-11-10,37.47951126098633,,,,,,
2009-11-11,37.79343795776367,,,,,,
2009-11-12,36.990478515625,,,,,,
2009-11-13,37.39498519897461,,,,,,
2009-11-16,37.69082260131836,,,,,,
2009-11-17,37.79343795776367,,,,,,
2009-11-18,37.612335205078125,,,,,,
2009-11-19,37.3587646484375,,,,,,
2009-11-20,37.47951126098633,,,,,,
2009-11-23,37.72704315185547,,,,,,
2009-11-24,37.73307800292969,,,,,,
2009-11-25,38.149658203125,,,,,,
2009-11-27,37.612335205078125,,,,,,
2009-11-30,37.56404113769531,,,,,,
2009-12-01,38.56017303466797,,,,,,
2009-12-02,38.70003128051758,,,,,,
2009-12-03,38.15889739990234,,,,,,
2009-12-04,38.821624755859375,,,,,,
2009-12-07,39.052677154541016,,,,,,
2009-12-08,38.5966682434082,,,,,,
2009-12-09,37.57519912719727,,,,,,
2009-12-10,37.59952545166016,,,,,,
2009-12-11,37.25295639038086,,,,,,
2009-12-14,37.07663345336914,,,,,,
2009-12-15,37.08270263671875,,,,,,
2009-12-16,36.89422225952149,,,,,,
2009-12-17,36.505104064941406,,,,,,
2009-12-18,36.16461563110352,,,,,,
2009-12-21,36.77263259887695,,,,,,
2009-12-22,36.86383056640625,,,,,,
2009-12-23,36.89422225952149,,,,,,
2009-12-24,37.0644760131836,,,,,,
2009-12-28,37.186073303222656,,,,,,
2009-12-29,37.14958953857422,,,,,,
2009-12-30,37.27726364135742,,,,,,
2009-12-31,36.96718978881836,,,,,,
2010-01-04,37.234710693359375,,,,,,
2010-01-05,37.68464279174805,,,,,,
2010-01-06,37.30767059326172,,,,,,
2010-01-07,37.07056427001953,,,,,,
2010-01-08,36.948951721191406,,,,,,
2010-01-11,36.90638732910156,,,,,,
2010-01-12,37.42319869995117,,,,,,
2010-01-13,37.72719955444336,,,,,,
2010-01-14,38.1832275390625,,,,,,
2010-01-15,37.87312316894531,,,,,,
2010-01-19,37.89745330810547,,,,,,
2010-01-20,37.66640472412109,,,,,,
2010-01-21,37.05231094360352,,,,,,
2010-01-22,36.71791458129883,,,,,,
2010-01-25,36.62062072753906,,,,,,
2010-01-26,36.632774353027344,,,,,,
2010-01-27,36.6571044921875,,,,,,
2010-01-28,36.32269287109375,,,,,,
2010-01-29,36.2497444152832,,,,,,
2010-02-01,36.90638732910156,,,,,,
2010-02-02,37.18000030517578,,,,,,
2010-02-03,37.26511764526367,,,,,,
2010-02-04,36.26189041137695,,,,,,
2010-02-05,36.1828498840332,,,,,,
2010-02-08,35.848445892333984,,,,,,
2010-02-09,36.51118850708008,,,,,,
2010-02-10,36.71183013916016,,,,,,
2010-02-11,37.204322814941406,,,,,,
2010-02-12,37.04014587402344,,,,,,
2010-02-16,37.27726364135742,,,,,,
2010-02-17,37.76368713378906,,,,,,
2010-02-18,38.01904296875,,,,,,
2010-02-19,38.09809494018555,,,,,,
2010-02-22,37.94610977172852,,,,,,
2010-02-23,37.56304550170898,,,,,,
2010-02-24,37.74544525146485,,,,,,
2010-02-25,37.87920379638672,,,,,,
2010-02-26,37.98257446289063,,,,,,
2010-03-01,38.56626129150391,,,,,,
2010-03-02,38.79122924804688,,,,,,
2010-03-03,39.17700958251953,,,,,,
2010-03-04,39.256595611572266,,,,,,
2010-03-05,39.41579818725586,,,,,,
2010-03-08,39.28108215332031,,,,,,
2010-03-09,39.40969467163086,,,,,,
2010-03-10,39.452545166015625,,,,,,
2010-03-11,39.783203125,,,,,,
2010-03-12,39.8628158569336,,,,,,
2010-03-15,40.50574493408203,,,,,,
2010-03-16,40.45675659179688,,,,,,
2010-03-17,40.76295471191406,,,,,,
2010-03-18,40.732330322265625,,,,,,
2010-03-19,40.75681686401367,,,,,,
2010-03-22,40.603736877441406,,,,,,
2010-03-23,40.94050216674805,,,,,,
2010-03-24,40.57311248779297,,,,,,
2010-03-25,40.75069046020508,,,,,,
2010-03-26,40.77519226074219,,,,,,
2010-03-29,40.75069046020508,,,,,,
2010-03-30,40.88540267944336,,,,,,
2010-03-31,40.51190185546875,,,,,,
2010-04-01,40.83030319213867,,,,,,
2010-04-05,40.40167236328125,,,,,,
2010-04-06,40.6527214050293,,,,,,
2010-04-07,40.40777969360352,,,,,,
2010-04-08,40.395545959472656,,,,,,
2010-04-09,40.63434982299805,,,,,,
2010-04-12,40.60985565185547,,,,,,
2010-04-13,40.6527214050293,,,,,,
2010-04-14,40.591495513916016,,,,,,
2010-04-15,40.5792350769043,,,,,,
2010-04-16,40.499637603759766,,,,,,
2010-04-19,40.48738098144531,,,,,,
2010-04-20,40.35267639160156,,,,,,
2010-04-21,40.40167236328125,,,,,,
2010-04-22,39.65462493896485,,,,,,
2010-04-23,39.62400817871094,,,,,,
2010-04-26,39.81381988525391,,,,,,
2010-04-27,39.33008575439453,,,,,,
2010-04-28,39.64849853515625,,,,,,
2010-04-29,39.924049377441406,,,,,,
2010-04-30,39.9362907409668,,,,,,
2010-05-03,40.22408676147461,,,,,,
2010-05-04,40.06489944458008,,,,,,
2010-05-05,39.924049377441406,,,,,,
2010-05-06,39.61787414550781,,,,,,
2010-05-07,39.538272857666016,,,,,,
2010-05-10,40.664981842041016,,,,,,
2010-05-11,40.75069046020508,,,,,,
2010-05-12,40.989501953125,,,,,,
2010-05-13,40.70783615112305,,,,,,
2010-05-14,40.45675659179688,,,,,,
2010-05-17,40.8731689453125,,,,,,
2010-05-18,40.73844528198242,,,,,,
2010-05-19,40.43839645385742,,,,,,
2010-05-20,39.1035270690918,,,,,,
2010-05-21,38.93207550048828,,,,,,
2010-05-24,38.77286911010742,,,,,,
2010-05-25,38.50957107543945,,,,,,
2010-05-26,37.49308776855469,,,,,,
2010-05-27,38.51567840576172,,,,,,
2010-05-28,38.50957107543945,,,,,,
2010-06-01,38.42994689941406,,,,,,
2010-06-02,39.1580810546875,,,,,,
2010-06-03,39.10254287719727,,,,,,
2010-06-04,37.91162872314453,,,,,,
2010-06-07,38.090579986572266,,,,,,
2010-06-08,38.65826416015625,,,,,,
2010-06-09,38.55954360961914,,,,,,
2010-06-10,39.39255142211914,,,,,,
2010-06-11,39.21976852416992,,,,,,
2010-06-14,39.398719787597656,,,,,,
2010-06-15,39.63937759399414,,,,,,
2010-06-16,39.43574523925781,,,,,,
2010-06-17,39.79362869262695,,,,,,
2010-06-18,39.540645599365234,,,,,,
2010-06-21,39.50362014770508,,,,,,
2010-06-22,39.05934143066406,,,,,,
2010-06-23,38.70762634277344,,,,,,
2010-06-24,38.50400161743164,,,,,,
2010-06-25,37.49821090698242,,,,,,
2010-06-28,38.23249435424805,,,,,,
2010-06-29,37.78205490112305,,,,,,
2010-06-30,37.60927963256836,,,,,,
2010-07-01,37.96098709106445,,,,,,
2010-07-02,37.9671630859375,,,,,,
2010-07-06,38.0350456237793,,,,,,
2010-07-07,38.83103942871094,,,,,,
2010-07-08,39.49128341674805,,,,,,
2010-07-09,39.18274688720703,,,,,,
2010-07-12,39.33084487915039,,,,,,
2010-07-13,39.13956451416016,,,,,,
2010-07-14,39.21976852416992,,,,,,
2010-07-15,38.972957611083984,,,,,,
2010-07-16,38.53485870361328,,,,,,
2010-07-19,38.28802108764648,,,,,,
2010-07-20,39.941741943359375,,,,,,
2010-07-21,39.46043395996094,,,,,,
2010-07-22,39.62086868286133,,,,,,
2010-07-23,39.768951416015625,,,,,,
2010-07-26,40.09599304199219,,,,,,
2010-07-27,40.53410720825195,,,,,,
2010-07-28,40.23176193237305,,,,,,
2010-07-29,40.04046249389648,,,,,,
2010-07-30,40.05281066894531,,,,,,
2010-08-02,40.2749252319336,,,,,,
2010-08-03,40.583457946777344,,,,,,
2010-08-04,40.83027648925781,,,,,,
2010-08-05,40.46623229980469,,,,,,
2010-08-06,40.663673400878906,,,,,,
2010-08-09,40.98454666137695,,,,,,
2010-08-10,41.05241775512695,,,,,,
2010-08-11,40.38600540161133,,,,,,
2010-08-12,40.21940612792969,,,,,,
2010-08-13,40.45387649536133,,,,,,
2010-08-16,40.37367630004883,,,,,,
2010-08-17,40.44772720336914,,,,,,
2010-08-18,40.4292106628418,,,,,,
2010-08-19,39.89854431152344,,,,,,
2010-08-20,39.98492431640625,,,,,,
2010-08-23,39.997257232666016,,,,,,
2010-08-24,39.97256851196289,,,,,,
2010-08-25,39.8430061340332,,,,,,
2010-08-26,39.57149124145508,,,,,,
2010-08-27,39.56533050537109,,,,,,
2010-08-30,39.24446868896485,,,,,,
2010-08-31,39.602352142333984,,,,,,
2010-09-01,40.34218215942383,,,,,,
2010-09-02,40.39191055297852,,,,,,
2010-09-03,40.764930725097656,,,,,,
2010-09-07,40.708980560302734,,,,,,
2010-09-08,40.67790222167969,,,,,,
2010-09-09,41.09443283081055,,,,,,
2010-09-10,41.28716278076172,,,,,,
2010-09-13,41.18770217895508,,,,,,
2010-09-14,41.01983642578125,,,,,,
2010-09-15,41.34312057495117,,,,,,
2010-09-16,41.4114990234375,,,,,,
2010-09-17,41.106876373291016,,,,,,
2010-09-20,41.585575103759766,,,,,,
2010-09-21,41.31826400756836,,,,,,
2010-09-22,41.44258499145508,,,,,,
2010-09-23,40.90170669555664,,,,,,
2010-09-24,41.11308670043945,,,,,,
2010-09-27,41.26229476928711,,,,,,
2010-09-28,41.51719665527344,,,,,,
2010-09-29,41.49855422973633,,,,,,
2010-09-30,41.30582046508789,,,,,,
2010-10-01,41.65395736694336,,,,,,
2010-10-04,41.57314682006836,,,,,,
2010-10-05,42.12645721435547,,,,,,
2010-10-06,42.34404373168945,,,,,,
2010-10-07,41.09443283081055,,,,,,
2010-10-08,40.87684631347656,,,,,,
2010-10-11,40.73385620117188,,,,,,
2010-10-12,41.08200073242188,,,,,,
2010-10-13,41.28094482421875,,,,,,
2010-10-14,41.43016815185547,,,,,,
2010-10-15,41.45503234863281,,,,,,
2010-10-18,41.34312057495117,,,,,,
2010-10-19,40.665470123291016,,,,,,
2010-10-20,40.39191055297852,,,,,,
2010-10-21,40.52246856689453,,,,,,
2010-10-22,40.41679000854492,,,,,,
2010-10-25,40.44165802001953,,,,,,
2010-10-26,40.27999877929688,,,,,,
2010-10-27,39.95672607421875,,,,,,
2010-10-28,40.41679000854492,,,,,,
2010-10-29,40.597076416015625,,,,,,
2010-11-01,40.75251007080078,,,,,,
2010-11-02,40.90792083740234,,,,,,
2010-11-03,40.53491973876953,,,,,,
2010-11-04,40.62817001342773,,,,,,
2010-11-05,40.46029281616211,,,,,,
2010-11-08,40.478946685791016,,,,,,
2010-11-09,40.597076416015625,,,,,,
2010-11-10,40.56600570678711,,,,,,
2010-11-11,40.348411560058594,,,,,,
2010-11-12,40.18674850463867,,,,,,
2010-11-15,40.04998397827149,,,,,,
2010-11-16,39.81372833251953,,,,,,
2010-11-17,39.75156021118164,,,,,,
2010-11-18,40.26756286621094,,,,,,
2010-11-19,40.23027420043945,,,,,,
2010-11-22,40.22405624389648,,,,,,
2010-11-23,39.720481872558594,,,,,,
2010-11-24,39.994022369384766,,,,,,
2010-11-26,39.7266960144043,,,,,,
2010-11-29,39.79509353637695,,,,,,
2010-11-30,40.18052291870117,,,,,,
2010-12-01,41.1075325012207,,,,,,
2010-12-02,40.83821105957031,,,,,,
2010-12-03,40.81942367553711,,,,,,
2010-12-06,40.54383087158203,,,,,,
2010-12-07,40.51250457763672,,,,,,
2010-12-08,40.48117446899414,,,,,,
2010-12-09,40.53755569458008,,,,,,
2010-12-10,40.65031051635742,,,,,,
2010-12-13,41.044898986816406,,,,,,
2010-12-14,41.08248519897461,,,,,,
2010-12-15,40.86326599121094,,,,,,
2010-12-16,41.18269348144531,,,,,,
2010-12-17,41.32049179077149,,,,,,
2010-12-20,41.53346633911133,,,,,,
2010-12-21,40.96348190307617,,,,,,
2010-12-22,41.13885498046875,,,,,,
2010-12-23,41.145118713378906,,,,,,
2010-12-27,40.97600555419922,,,,,,
2010-12-28,40.88831329345703,,,,,,
2010-12-29,40.91963577270508,,,,,,
2010-12-30,40.7881088256836,,,,,,
2010-12-31,40.91963577270508,,,,,,
2011-01-03,41.18269348144531,,,,,,
2011-01-04,40.96973037719727,,,,,,
2011-01-05,41.70884704589844,,,,,,
2011-01-06,41.86541748046875,,,,,,
2011-01-07,41.58357620239258,,,,,,
2011-01-10,41.37060928344727,,,,,,
2011-01-11,41.545989990234375,,,,,,
2011-01-12,41.79652404785156,,,,,,
2011-01-13,41.909271240234375,,,,,,
2011-01-14,41.82785034179688,,,,,,
2011-01-18,41.6963119506836,,,,,,
2011-01-19,41.276649475097656,,,,,,
2011-01-20,41.276649475097656,,,,,,
2011-01-21,41.25786972045898,,,,,,
2011-01-24,41.45203399658203,,,,,,
2011-01-25,41.195220947265625,,,,,,
2011-01-26,41.25160217285156,,,,,,
2011-01-27,41.06368637084961,,,,,,
2011-01-28,40.33711624145508,,,,,,
2011-01-31,40.2807502746582,,,,,,
2011-02-01,40.7442626953125,,,,,,
2011-02-02,40.49373626708984,,,,,,
2011-02-03,40.19932556152344,,,,,,
2011-02-04,39.98637390136719,,,,,,
2011-02-07,39.886138916015625,,,,,,
2011-02-08,40.193058013916016,,,,,,
2011-02-09,40.349647521972656,,,,,,
2011-02-10,39.68571853637695,,,,,,
2011-02-11,40.00514602661133,,,,,,
2011-02-14,39.67318344116211,,,,,,
2011-02-15,40.30580139160156,,,,,,
2011-02-16,40.06153869628906,,,,,,
2011-02-17,40.5250358581543,,,,,,
2011-02-18,39.71703720092773,,,,,,
2011-02-22,39.554176330566406,,,,,,
2011-02-23,39.4163818359375,,,,,,
2011-02-24,39.4790267944336,,,,,,
2011-02-25,39.836036682128906,,,,,,
2011-02-28,39.72330474853516,,,,,,
2011-03-01,39.591758728027344,,,,,,
2011-03-02,39.72431182861328,,,,,,
2011-03-03,40.235538482666016,,,,,,
2011-03-04,40.01462173461914,,,,,,
2011-03-07,40.05880737304688,,,,,,
2011-03-08,40.260772705078125,,,,,,
2011-03-09,40.80357360839844,,,,,,
2011-03-10,40.66470718383789,,,,,,
2011-03-11,40.80357360839844,,,,,,
2011-03-14,40.48168182373047,,,,,,
2011-03-15,39.76846694946289,,,,,,
2011-03-16,39.32669448852539,,,,,,
2011-03-17,39.81266403198242,,,,,,
2011-03-18,39.91365051269531,,,,,,
2011-03-21,40.4564323425293,,,,,,
2011-03-22,40.35544204711914,,,,,,
2011-03-23,40.51955032348633,,,,,,
2011-03-24,40.51955032348633,,,,,,
2011-03-25,40.38069915771485,,,,,,
2011-03-28,40.60789489746094,,,,,,
2011-03-29,40.49430084228516,,,,,,
2011-03-30,41.05602264404297,,,,,,
2011-03-31,40.65209197998047,,,,,,
2011-04-01,41.1633186340332,,,,,,
2011-04-04,41.081275939941406,,,,,,
2011-04-05,41.39051818847656,,,,,,
2011-04-06,41.497825622558594,,,,,,
2011-04-07,41.60512161254883,,,,,,
2011-04-08,41.48520660400391,,,,,,
2011-04-11,41.68085479736328,,,,,,
2011-04-12,42.0153694152832,,,,,,
2011-04-13,41.93962097167969,,,,,,
2011-04-14,42.097415924072266,,,,,,
2011-04-15,42.35617446899414,,,,,,
2011-04-18,42.38143157958984,,,,,,
2011-04-19,42.16684722900391,,,,,,
2011-04-20,42.49504089355469,,,,,,
2011-04-21,42.545536041259766,,,,,,
2011-04-25,42.30569076538086,,,,,,
2011-04-26,42.73486709594727,,,,,,
2011-04-27,42.87373352050781,,,,,,
2011-04-28,44.00346374511719,,,,,,
2011-04-29,43.47960662841797,,,,,,
2011-05-02,43.74470520019531,,,,,,
2011-05-03,43.92142105102539,,,,,,
2011-05-04,44.07290267944336,,,,,,
2011-05-05,43.44174957275391,,,,,,
2011-05-06,43.71944808959961,,,,,,
2011-05-09,44.06658172607422,,,,,,
2011-05-10,44.19913482666016,,,,,,
2011-05-11,44.30642318725586,,,,,,
2011-05-12,44.78609085083008,,,,,,
2011-05-13,44.53363037109375,,,,,,
2011-05-16,44.63460922241211,,,,,,
2011-05-17,44.880767822265625,,,,,,
2011-05-18,44.98174285888672,,,,,,
2011-05-19,45.30363464355469,,,,,,
2011-05-20,45.00068283081055,,,,,,
2011-05-23,44.83657455444336,,,,,,
2011-05-24,44.7987174987793,,,,,,
2011-05-25,44.46421051025391,,,,,,
2011-05-26,44.445274353027344,,,,,,
2011-05-27,44.43266296386719,,,,,,
2011-05-31,44.88708114624024,,,,,,
2011-06-01,44.68680953979492,,,,,,
2011-06-02,44.19093322753906,,,,,,
2011-06-03,43.84762191772461,,,,,,
2011-06-06,43.7967529296875,,,,,,
2011-06-07,43.82218933105469,,,,,,
2011-06-08,43.76497650146485,,,,,,
2011-06-09,44.19093322753906,,,,,,
2011-06-10,43.66962432861328,,,,,,
2011-06-13,43.90485000610352,,,,,,
2011-06-14,44.22907257080078,,,,,,
2011-06-15,43.53611373901367,,,,,,
2011-06-16,43.7967529296875,,,,,,
2011-06-17,43.68868637084961,,,,,,
2011-06-20,43.85396957397461,,,,,,
2011-06-21,43.82218933105469,,,,,,
2011-06-22,43.72684097290039,,,,,,
2011-06-23,43.21822738647461,,,,,,
2011-06-24,43.517032623291016,,,,,,
2011-06-27,43.89849090576172,,,,,,
2011-06-28,44.26085662841797,,,,,,
2011-06-29,44.47702407836914,,,,,,
2011-06-30,44.77582931518555,,,,,,
2011-07-01,44.62324142456055,,,,,,
2011-07-05,44.35621643066406,,,,,,
2011-07-06,44.61051177978516,,,,,,
2011-07-07,44.83303451538086,,,,,,
2011-07-08,44.45795440673828,,,,,,
2011-07-11,44.057430267333984,,,,,,
2011-07-12,43.8730697631836,,,,,,
2011-07-13,43.7967529296875,,,,,,
2011-07-14,43.61240005493164,,,,,,
2011-07-15,43.567901611328125,,,,,,
2011-07-18,43.23095703125,,,,,,
2011-07-19,43.57425308227539,,,,,,
2011-07-20,43.54244613647461,,,,,,
2011-07-21,42.067527770996094,,,,,,
2011-07-22,41.80686569213867,,,,,,
2011-07-25,40.923187255859375,,,,,,
2011-07-26,40.732452392578125,,,,,,
2011-07-27,40.59894943237305,,,,,,
2011-07-28,40.6180305480957,,,,,,
2011-07-29,40.71337127685547,,,,,,
2011-08-01,40.59894943237305,,,,,,
2011-08-02,40.16664123535156,,,,,,
2011-08-03,40.99311447143555,,,,,,
2011-08-04,40.27472305297852,,,,,,
2011-08-05,41.1139030456543,,,,,,
2011-08-08,40.03312683105469,,,,,,
2011-08-09,40.10942459106445,,,,,,
2011-08-10,38.34839630126953,,,,,,
2011-08-11,39.96956634521485,,,,,,
2011-08-12,40.16664123535156,,,,,,
2011-08-15,40.4145736694336,,,,,,
2011-08-16,40.53537368774414,,,,,,
2011-08-17,41.08211517333984,,,,,,
2011-08-18,40.10942459106445,,,,,,
2011-08-19,39.46095657348633,,,,,,
2011-08-22,39.36559295654297,,,,,,
2011-08-23,40.35736083984375,,,,,,
2011-08-24,40.49724197387695,,,,,,
2011-08-25,40.06492233276367,,,,,,
2011-08-26,40.1539306640625,,,,,,
2011-08-29,40.7896614074707,,,,,,
2011-08-30,41.01852798461914,,,,,,
2011-08-31,41.29091262817383,,,,,,
2011-09-01,41.11146926879883,,,,,,
2011-09-02,40.56673431396485,,,,,,
2011-09-06,40.0219955444336,,,,,,
2011-09-07,39.49007415771485,,,,,,
2011-09-08,39.31063079833984,,,,,,
2011-09-09,38.44547271728516,,,,,,
2011-09-12,38.541595458984375,,,,,,
2011-09-13,38.797950744628906,,,,,,
2011-09-14,39.464447021484375,,,,,,
2011-09-15,40.51546096801758,,,,,,
2011-09-16,39.765655517578125,,,,,,
2011-09-19,38.81076431274414,,,,,,
2011-09-20,38.70181655883789,,,,,,
2011-09-21,38.95816421508789,,,,,,
2011-09-22,39.04145812988281,,,,,,
2011-09-23,38.66978454589844,,,,,,
2011-09-26,39.663116455078125,,,,,,
2011-09-27,40.00918197631836,,,,,,
2011-09-28,39.7143783569336,,,,,,
2011-09-29,40.10531997680664,,,,,,
2011-09-30,39.66952133178711,,,,,,
2011-10-03,38.6377182006836,,,,,,
2011-10-04,38.74026870727539,,,,,,
2011-10-05,38.6377182006836,,,,,,
2011-10-06,38.81717300415039,,,,,,
2011-10-07,39.10555648803711,,,,,,
2011-10-10,39.65029525756836,,,,,,
2011-10-11,39.06069946289063,,,,,,
2011-10-12,40.18221664428711,,,,,,
2011-10-13,39.964317321777344,,,,,,
2011-10-14,39.88741302490234,,,,,,
2011-10-17,39.663116455078125,,,,,,
2011-10-18,39.99636459350586,,,,,,
2011-10-19,39.80410385131836,,,,,,
2011-10-20,39.81051254272461,,,,,,
2011-10-21,39.91306686401367,,,,,,
2011-10-24,39.79769515991211,,,,,,
2011-10-25,39.61825180053711,,,,,,
2011-10-26,39.74000930786133,,,,,,
2011-10-27,40.29756546020508,,,,,,
2011-10-28,40.50265121459961,,,,,,
2011-10-31,40.34242630004883,,,,,,
2011-11-01,39.88100814819336,,,,,,
2011-11-02,39.99636459350586,,,,,,
2011-11-03,40.24630355834961,,,,,,
2011-11-04,39.72721862792969,,,,,,
2011-11-07,40.054046630859375,,,,,,
2011-11-08,40.79744338989258,,,,,,
2011-11-09,39.91306686401367,,,,,,
2011-11-10,40.34883117675781,,,,,,
2011-11-11,40.55391311645508,,,,,,
2011-11-14,40.24630355834961,,,,,,
2011-11-15,41.33577346801758,,,,,,
2011-11-16,41.71388244628906,,,,,,
2011-11-17,41.07301712036133,,,,,,
2011-11-18,40.94485092163086,,,,,,
2011-11-21,40.47061538696289,,,,,,
2011-11-22,40.48982238769531,,,,,,
2011-11-23,39.98996353149414,,,,,,
2011-11-25,40.04763412475586,,,,,,
2011-11-28,40.36806488037109,,,,,,
2011-11-29,40.79744338989258,,,,,,
2011-11-30,41.34984970092773,,,,,,
2011-12-01,41.40800094604492,,,,,,
2011-12-02,41.53076171875,,,,,,
2011-12-05,41.60829162597656,,,,,,
2011-12-06,41.76980972290039,,,,,,
2011-12-07,41.937801361083984,,,,,,
2011-12-08,41.56306076049805,,,,,,
2011-12-09,42.11872482299805,,,,,,
2011-12-12,41.77626419067383,,,,,,
2011-12-13,41.53076171875,,,,,,
2011-12-14,41.3369369506836,,,,,,
2011-12-15,41.8990364074707,,,,,,
2011-12-16,41.8085823059082,,,,,,
2011-12-19,41.588897705078125,,,,,,
2011-12-20,42.3383674621582,,,,,,
2011-12-21,42.66788482666016,,,,,,
2011-12-22,42.66788482666016,,,,,,
2011-12-23,43.01031112670898,,,,,,
2011-12-27,42.88755035400391,,,,,,
2011-12-28,42.58388900756836,,,,,,
2011-12-29,42.99092864990234,,,,,,
2011-12-30,42.8681640625,,,,,,
2012-01-03,42.90047073364258,,,,,,
2012-01-04,43.120147705078125,,,,,,
2012-01-05,42.78416442871094,,,,,,
2012-01-06,42.24792098999024,,,,,,
2012-01-09,42.46759033203125,,,,,,
2012-01-10,42.422359466552734,,,,,,
2012-01-11,42.00241088867188,,,,,,
2012-01-12,41.75043869018555,,,,,,
2012-01-13,41.60829162597656,,,,,,
2012-01-17,41.76980972290039,,,,,,
2012-01-18,41.8990364074707,,,,,,
2012-01-19,42.58388900756836,,,,,,
2012-01-20,42.82294464111328,,,,,,
2012-01-23,42.706642150878906,,,,,,
2012-01-24,42.771240234375,,,,,,
2012-01-25,43.09429550170898,,,,,,
2012-01-26,42.97800064086914,,,,,,
2012-01-27,42.51926803588867,,,,,,
2012-01-30,42.260841369628906,,,,,,
2012-01-31,42.4288215637207,,,,,,
2012-02-01,42.88755035400391,,,,,,
2012-02-02,42.90047073364258,,,,,,
2012-02-03,43.06844711303711,,,,,,
2012-02-06,42.97800064086914,,,,,,
2012-02-07,43.13306427001953,,,,,,
2012-02-08,43.120147705078125,,,,,,
2012-02-09,41.5243034362793,,,,,,
2012-02-10,41.31756210327149,,,,,,
2012-02-13,41.14957046508789,,,,,,
2012-02-14,41.03974151611328,,,,,,
2012-02-15,40.748985290527344,,,,,,
2012-02-16,40.52931594848633,,,,,,
2012-02-17,40.497013092041016,,,,,,
2012-02-21,40.79420852661133,,,,,,
2012-02-22,40.76837539672852,,,,,,
2012-02-23,40.78774642944336,,,,,,
2012-02-24,40.904052734375,,,,,,
2012-02-27,40.91051483154297,,,,,,
2012-02-28,40.91051483154297,,,,,,
2012-02-29,40.998443603515625,,,,,,
2012-03-01,40.7443962097168,,,,,,
2012-03-02,40.72487258911133,,,,,,
2012-03-05,40.90073776245117,,,,,,
2012-03-06,40.56853103637695,,,,,,
2012-03-07,40.79001998901367,,,,,,
2012-03-08,41.00496292114258,,,,,,
2012-03-09,41.1352424621582,,,,,,
2012-03-12,41.64984130859375,,,,,,
2012-03-13,41.910377502441406,,,,,,
2012-03-14,41.72800827026367,,,,,,
2012-03-15,41.79965591430664,,,,,,
2012-03-16,41.995079040527344,,,,,,
2012-03-19,42.1644287109375,,,,,,
2012-03-20,42.52270126342773,,,,,,
2012-03-21,42.57481002807617,,,,,,
2012-03-22,42.59436798095703,,,,,,
2012-03-23,42.53573226928711,,,,,,
2012-03-26,42.84839630126953,,,,,,
2012-03-27,42.99820327758789,,,,,,
2012-03-28,42.94611358642578,,,,,,
2012-03-29,43.004730224609375,,,,,,
2012-03-30,43.219688415527344,,,,,,
2012-04-02,43.473724365234375,,,,,,
2012-04-03,43.356475830078125,,,,,,
2012-04-04,43.21317672729492,,,,,,
2012-04-05,43.08940887451172,,,,,,
2012-04-09,42.56829833984375,,,,,,
2012-04-10,42.24259948730469,,,,,,
2012-04-11,42.438018798828125,,,,,,
2012-04-12,42.58782958984375,,,,,,
2012-04-13,42.37939834594727,,,,,,
2012-04-16,42.98517227172852,,,,,,
2012-04-17,43.25225067138672,,,,,,
2012-04-18,43.12849807739258,,,,,,
2012-04-19,43.08940887451172,,,,,,
2012-04-20,43.402076721191406,,,,,,
2012-04-23,43.10894393920898,,,,,,
2012-04-24,43.32390594482422,,,,,,
2012-04-25,43.42811965942383,,,,,,
2012-04-26,43.232723236083984,,,,,,
2012-04-27,43.05684661865234,,,,,,
2012-04-30,42.99170303344727,,,,,,
2012-05-01,43.310882568359375,,,,,,
2012-05-02,43.532344818115234,,,,,,
2012-05-03,43.58446502685547,,,,,,
2012-05-04,42.926551818847656,,,,,,
2012-05-07,43.39556503295898,,,,,,
2012-05-08,43.33042144775391,,,,,,
2012-05-09,42.95261764526367,,,,,,
2012-05-10,43.50629425048828,,,,,,
2012-05-11,43.51280975341797,,,,,,
2012-05-14,43.74080276489258,,,,,,
2012-05-15,44.1967658996582,,,,,,
2012-05-16,44.78302383422852,,,,,,
2012-05-17,44.79603576660156,,,,,,
2012-05-18,44.37264633178711,,,,,,
2012-05-21,44.28144836425781,,,,,,
2012-05-22,44.346588134765625,,,,,,
2012-05-23,44.29449081420898,,,,,,
2012-05-24,44.82209777832031,,,,,,
2012-05-25,44.71134567260742,,,,,,
2012-05-29,45.16082382202149,,,,,,
2012-05-30,44.78532409667969,,,,,,
2012-05-31,44.54241561889648,,,,,,
2012-06-01,44.3192138671875,,,,,,
2012-06-04,44.29951477050781,,,,,,
2012-06-05,43.9843978881836,,,,,,
2012-06-06,44.30607604980469,,,,,,
2012-06-07,44.43081283569336,,,,,,
2012-06-08,44.84439468383789,,,,,,
2012-06-11,44.67372512817383,,,,,,
2012-06-12,44.90347671508789,,,,,,
2012-06-13,45.00197219848633,,,,,,
2012-06-14,45.4746322631836,,,,,,
2012-06-15,45.61248779296875,,,,,,
2012-06-18,45.69126892089844,,,,,,
2012-06-19,45.50088119506836,,,,,,
2012-06-20,45.23828125,,,,,,
2012-06-21,44.96913909912109,,,,,,
2012-06-22,45.10044479370117,,,,,,
2012-06-25,45.04134368896485,,,,,,
2012-06-26,45.25797653198242,,,,,,
2012-06-27,45.78974533081055,,,,,,
2012-06-28,45.69126892089844,,,,,,
2012-06-29,46.38714218139648,,,,,,
2012-07-02,46.45279312133789,,,,,,
2012-07-03,46.45279312133789,,,,,,
2012-07-05,46.06544494628906,,,,,,
2012-07-06,46.09828186035156,,,,,,
2012-07-09,45.947296142578125,,,,,,
2012-07-10,45.868499755859375,,,,,,
2012-07-11,46.0391731262207,,,,,,
2012-07-12,45.85538482666016,,,,,,
2012-07-13,46.22301483154297,,,,,,
2012-07-16,46.183624267578125,,,,,,
2012-07-17,46.17049026489258,,,,,,
2012-07-18,46.20332336425781,,,,,,
2012-07-19,46.229583740234375,,,,,,
2012-07-20,45.92759704589844,,,,,,
2012-07-23,45.52057647705078,,,,,,
2012-07-24,45.15950775146485,,,,,,
2012-07-25,46.15080261230469,,,,,,
2012-07-26,46.75476837158203,,,,,,
2012-07-27,47.43751907348633,,,,,,
2012-07-30,47.75919342041016,,,,,,
2012-07-31,47.746055603027344,,,,,,
2012-08-01,47.529422760009766,,,,,,
2012-08-02,47.13553237915039,,,,,,
2012-08-03,47.83797073364258,,,,,,
2012-08-06,47.581939697265625,,,,,,
2012-08-07,47.45720291137695,,,,,,
2012-08-08,47.64101028442383,,,,,,
2012-08-09,47.35874176025391,,,,,,
2012-08-10,47.3521614074707,,,,,,
2012-08-13,47.26026153564453,,,,,,
2012-08-14,47.42437362670898,,,,,,
2012-08-15,47.67387008666992,,,,,,
2012-08-16,48.3040657043457,,,,,,
2012-08-17,48.1793327331543,,,,,,
2012-08-20,48.13996124267578,,,,,,
2012-08-21,47.92986679077149,,,,,,
2012-08-22,47.85108947753906,,,,,,
2012-08-23,47.70010757446289,,,,,,
2012-08-24,47.962677001953125,,,,,,
2012-08-27,48.03490829467773,,,,,,
2012-08-28,48.002098083496094,,,,,,
2012-08-29,47.77888488769531,,,,,,
2012-08-30,47.3849983215332,,,,,,
2012-08-31,47.54912185668945,,,,,,
2012-09-04,47.581939697265625,,,,,,
2012-09-05,47.31605529785156,,,,,,
2012-09-06,47.719512939453125,,,,,,
2012-09-07,47.68644332885742,,,,,,
2012-09-10,47.51447296142578,,,,,,
2012-09-11,47.34252548217773,,,,,,
2012-09-12,46.33720016479492,,,,,,
2012-09-13,46.8795280456543,,,,,,
2012-09-14,46.60174179077149,,,,,,
2012-09-17,46.555450439453125,,,,,,
2012-09-18,46.78031921386719,,,,,,
2012-09-19,46.85969924926758,,,,,,
2012-09-20,47.11763381958008,,,,,,
2012-09-21,46.66128921508789,,,,,,
2012-09-24,46.76048278808594,,,,,,
2012-09-25,46.52899932861328,,,,,,
2012-09-26,46.57529830932617,,,,,,
2012-09-27,46.72080993652344,,,,,,
2012-09-28,46.80680084228516,,,,,,
2012-10-01,46.7274169921875,,,,,,
2012-10-02,46.70757675170898,,,,,,
2012-10-03,46.76048278808594,,,,,,
2012-10-04,46.8729362487793,,,,,,
2012-10-05,47.02505874633789,,,,,,
2012-10-08,47.08457946777344,,,,,,
2012-10-09,47.03166580200195,,,,,,
2012-10-10,46.48930358886719,,,,,,
2012-10-11,46.17846298217773,,,,,,
2012-10-12,46.3305892944336,,,,,,
2012-10-15,46.52238082885742,,,,,,
2012-10-16,46.49593353271485,,,,,,
2012-10-17,46.36363220214844,,,,,,
2012-10-18,46.80017852783203,,,,,,
2012-10-19,46.21815872192383,,,,,,
2012-10-22,46.03296661376953,,,,,,
2012-10-23,45.31864547729492,,,,,,
2012-10-24,45.23928451538086,,,,,,
2012-10-25,45.563358306884766,,,,,,
2012-10-26,45.62287902832031,,,,,,
2012-10-31,45.79485702514648,,,,,,
2012-11-01,45.92713928222656,,,,,,
2012-11-02,45.669193267822266,,,,,,
2012-11-05,45.6361198425293,,,,,,
2012-11-06,45.86760330200195,,,,,,
2012-11-07,45.62949752807617,,,,,,
2012-11-08,45.49723052978516,,,,,,
2012-11-09,45.53691482543945,,,,,,
2012-11-12,45.37819290161133,,,,,,
2012-11-13,45.35832595825195,,,,,,
2012-11-14,45.08716583251953,,,,,,
2012-11-15,45.10039520263672,,,,,,
2012-11-16,45.17974853515625,,,,,,
2012-11-19,45.49062728881836,,,,,,
2012-11-20,45.57658386230469,,,,,,
2012-11-21,45.84115982055664,,,,,,
2012-11-23,46.42317581176758,,,,,,
2012-11-26,46.29751968383789,,,,,,
2012-11-27,46.37025451660156,,,,,,
2012-11-28,46.52899932861328,,,,,,
2012-11-29,46.50254821777344,,,,,,
2012-11-30,46.4364013671875,,,,,,
2012-12-03,46.21152877807617,,,,,,
2012-12-04,46.20493698120117,,,,,,
2012-12-05,46.46284866333008,,,,,,
2012-12-06,46.66948699951172,,,,,,
2012-12-07,46.82944869995117,,,,,,
2012-12-10,46.79610824584961,,,,,,
2012-12-11,46.93608474731445,,,,,,
2012-12-12,46.81610870361328,,,,,,
2012-12-13,46.79610824584961,,,,,,
2012-12-14,46.762794494628906,,,,,,
2012-12-17,46.90275955200195,,,,,,
2012-12-18,47.009403228759766,,,,,,
2012-12-19,46.57618713378906,,,,,,
2012-12-20,46.72945022583008,,,,,,
2012-12-21,46.4095458984375,,,,,,
2012-12-24,46.27622985839844,,,,,,
2012-12-26,45.88298797607422,,,,,,
2012-12-27,45.76968002319336,,,,,,
2012-12-28,45.33644104003906,,,,,,
2012-12-31,45.60971450805664,,,,,,
2013-01-02,46.2095832824707,,,,,,
2013-01-03,46.229583740234375,,,,,,
2013-01-04,46.296234130859375,,,,,,
2013-01-07,46.28955459594727,,,,,,
2013-01-08,46.42955017089844,,,,,,
2013-01-09,46.662818908691406,,,,,,
2013-01-10,47.19602584838867,,,,,,
2013-01-11,47.24268341064453,,,,,,
2013-01-14,47.51595306396485,,,,,,
2013-01-15,47.72257995605469,,,,,,
2013-01-16,47.6425895690918,,,,,,
2013-01-17,48.27579116821289,,,,,,
2013-01-18,48.30910873413086,,,,,,
2013-01-22,48.12246322631836,,,,,,
2013-01-23,47.86254501342773,,,,,,
2013-01-24,48.14247131347656,,,,,,
2013-01-25,48.31577682495117,,,,,,
2013-01-28,48.39574432373047,,,,,,
2013-01-29,48.61570358276367,,,,,,
2013-01-30,48.795658111572266,,,,,,
2013-01-31,48.55572891235352,,,,,,
2013-02-01,48.43574523925781,,,,,,
2013-02-04,48.28912734985352,,,,,,
2013-02-05,48.755672454833984,,,,,,
2013-02-06,48.50238800048828,,,,,,
2013-02-07,48.52906036376953,,,,,,
2013-02-08,48.38908004760742,,,,,,
2013-02-11,48.229148864746094,,,,,,
2013-02-12,48.10249328613281,,,,,,
2013-02-13,47.65591430664063,,,,,,
2013-02-14,48.17582321166992,,,,,,
2013-02-15,49.10895156860352,,,,,,
2013-02-19,50.32197189331055,,,,,,
2013-02-20,50.26866149902344,,,,,,
2013-02-21,50.22867584228516,,,,,,
2013-02-22,50.36863327026367,,,,,,
2013-02-25,50.11538314819336,,,,,,
2013-02-26,50.40198516845703,,,,,,
2013-02-27,50.66847610473633,,,,,,
2013-02-28,50.86314392089844,,,,,,
2013-03-01,50.97054290771485,,,,,,
2013-03-04,51.42032241821289,,,,,,
2013-03-05,51.6216926574707,,,,,,
2013-03-06,51.55457305908203,,,,,,
2013-03-07,51.78281021118164,,,,,,
2013-03-08,51.82306671142578,,,,,,
2013-03-11,51.5881233215332,,,,,,
2013-03-12,51.61498260498047,,,,,,
2013-03-13,51.65525436401367,,,,,,
2013-03-14,51.81636428833008,,,,,,
2013-03-15,51.71566390991211,,,,,,
2013-03-18,51.47399520874024,,,,,,
2013-03-19,51.46731185913086,,,,,,
2013-03-20,51.23234558105469,,,,,,
2013-03-21,51.11824035644531,,,,,,
2013-03-22,52.78973007202149,,,,,,
2013-03-25,52.24598693847656,,,,,,
2013-03-26,52.97768783569336,,,,,,
2013-03-27,52.554786682128906,,,,,,
2013-03-28,53.10523986816406,,,,,,
2013-04-01,53.098514556884766,,,,,,
2013-04-02,53.52812957763672,,,,,,
2013-04-03,53.00453567504883,,,,,,
2013-04-04,53.38715744018555,,,,,,
2013-04-05,52.75616455078125,,,,,,
2013-04-08,53.36702728271485,,,,,,
2013-04-09,53.172359466552734,,,,,,
2013-04-10,53.74296188354492,,,,,,
2013-04-11,53.675819396972656,,,,,,
2013-04-12,53.69596099853516,,,,,,
2013-04-15,52.97768783569336,,,,,,
2013-04-16,53.702674865722656,,,,,,
2013-04-17,52.9306869506836,,,,,,
2013-04-18,54.541786193847656,,,,,,
2013-04-19,55.5621223449707,,,,,,
2013-04-22,55.97161865234375,,,,,,
2013-04-23,56.45493316650391,,,,,,
2013-04-24,55.27349090576172,,,,,,
2013-04-25,55.5956916809082,,,,,,
2013-04-26,55.38759994506836,,,,,,
2013-04-29,55.4815673828125,,,,,,
2013-04-30,55.36074447631836,,,,,,
2013-05-01,55.18619918823242,,,,,,
2013-05-02,55.421142578125,,,,,,
2013-05-03,55.60241317749024,,,,,,
2013-05-06,55.38086318969727,,,,,,
2013-05-07,55.94476318359375,,,,,,
2013-05-08,55.88433456420898,,,,,,
2013-05-09,55.615821838378906,,,,,,
2013-05-10,55.71652603149414,,,,,,
2013-05-13,55.73665618896485,,,,,,
2013-05-14,56.05216217041016,,,,,,
2013-05-15,56.55561828613281,,,,,,
2013-05-16,56.21327209472656,,,,,,
2013-05-17,56.25354766845703,,,,,,
2013-05-20,55.44130325317383,,,,,,
2013-05-21,55.468143463134766,,,,,,
2013-05-22,55.696388244628906,,,,,,
2013-05-23,55.12579345703125,,,,,,
2013-05-24,55.43458557128906,,,,,,
2013-05-28,55.33390808105469,,,,,,
2013-05-29,54.45451736450195,,,,,,
2013-05-30,54.52163696289063,,,,,,
2013-05-31,54.21956253051758,,,,,,
2013-06-03,54.64245223999024,,,,,,
2013-06-04,54.796852111816406,,,,,,
2013-06-05,54.89014053344727,,,,,,
2013-06-06,55.20109939575195,,,,,,
2013-06-07,55.77571105957031,,,,,,
2013-06-10,56.00553894042969,,,,,,
2013-06-11,55.78922271728516,,,,,,
2013-06-12,55.50531005859375,,,,,,
2013-06-13,55.417423248291016,,,,,,
2013-06-14,55.51881790161133,,,,,,
2013-06-17,55.80273818969727,,,,,,
2013-06-18,55.81623458862305,,,,,,
2013-06-19,54.680606842041016,,,,,,
2013-06-20,53.34213638305664,,,,,,
2013-06-21,54.16684722900391,,,,,,
2013-06-24,54.16684722900391,,,,,,
2013-06-25,54.10600662231445,,,,,,
2013-06-26,54.95772933959961,,,,,,
2013-06-27,55.255184173583984,,,,,,
2013-06-28,55.28899002075195,,,,,,
2013-07-01,55.45798873901367,,,,,,
2013-07-02,55.21461868286133,,,,,,
2013-07-03,54.57244491577149,,,,,,
2013-07-05,54.6197624206543,,,,,,
2013-07-08,55.2822151184082,,,,,,
2013-07-09,55.95145797729492,,,,,,
2013-07-10,56.10017013549805,,,,,,
2013-07-11,57.15471649169922,,,,,,
2013-07-12,56.99925231933594,,,,,,
2013-07-15,57.26962661743164,,,,,,
2013-07-16,56.79642868041992,,,,,,
2013-07-17,57.62114334106445,,,,,,
2013-07-18,58.6756706237793,,,,,,
2013-07-19,58.41205978393555,,,,,,
2013-07-22,58.4052734375,,,,,,
2013-07-23,58.27009201049805,,,,,,
2013-07-24,57.89155578613281,,,,,,
2013-07-25,57.830684661865234,,,,,,
2013-07-26,57.66846466064453,,,,,,
2013-07-29,57.62789916992188,,,,,,
2013-07-30,57.53328323364258,,,,,,
2013-07-31,56.47196960449219,,,,,,
2013-08-01,56.918087005615234,,,,,,
2013-08-02,56.978946685791016,,,,,,
2013-08-05,57.10737991333008,,,,,,
2013-08-06,57.492706298828125,,,,,,
2013-08-07,57.29668045043945,,,,,,
2013-08-08,57.24256896972656,,,,,,
2013-08-09,57.01275253295898,,,,,,
2013-08-12,56.65445327758789,,,,,,
2013-08-13,56.37057495117188,,,,,,
2013-08-14,55.93790817260742,,,,,,
2013-08-15,54.694114685058594,,,,,,
2013-08-16,54.20065307617188,,,,,,
2013-08-19,54.673828125,,,,,,
2013-08-20,54.275001525878906,,,,,,
2013-08-21,53.45705795288086,,,,,,
2013-08-22,53.57196807861328,,,,,,
2013-08-23,53.97755432128906,,,,,,
2013-08-26,53.86940002441406,,,,,,
2013-08-27,53.44355010986328,,,,,,
2013-08-28,53.65310287475586,,,,,,
2013-08-29,53.626068115234375,,,,,,
2013-08-30,53.89646911621094,,,,,,
2013-09-03,54.21415328979492,,,,,,
2013-09-04,54.14470291137695,,,,,,
2013-09-05,53.83154296875,,,,,,
2013-09-06,53.96090316772461,,,,,,
2013-09-09,54.04258728027344,,,,,,
2013-09-10,54.07663345336914,,,,,,
2013-09-11,54.3625602722168,,,,,,
2013-09-12,54.376197814941406,,,,,,
2013-09-13,54.68254089355469,,,,,,
2013-09-16,55.15912628173828,,,,,,
2013-09-17,55.59484100341797,,,,,,
2013-09-18,56.42544174194336,,,,,,
2013-09-19,55.70376968383789,,,,,,
2013-09-20,55.64931488037109,,,,,,
2013-09-23,55.15912628173828,,,,,,
2013-09-24,54.83234405517578,,,,,,
2013-09-25,54.607666015625,,,,,,
2013-09-26,54.83234405517578,,,,,,
2013-09-27,54.600860595703125,,,,,,
2013-09-30,54.12427520751953,,,,,,
2013-10-01,54.3421516418457,,,,,,
2013-10-02,54.1651611328125,,,,,,
2013-10-03,54.08344650268555,,,,,,
2013-10-04,54.20600891113281,,,,,,
2013-10-07,53.824745178222656,,,,,,
2013-10-08,53.73623275756836,,,,,,
2013-10-09,54.12427520751953,,,,,,
2013-10-10,54.93447494506836,,,,,,
2013-10-11,55.029762268066406,,,,,,
2013-10-14,55.20676803588867,,,,,,
2013-10-15,54.873172760009766,,,,,,
2013-10-16,56.0101432800293,,,,,,
2013-10-17,56.22119522094727,,,,,,
2013-10-18,56.51393508911133,,,,,,
2013-10-21,56.078216552734375,,,,,,
2013-10-22,56.80666732788086,,,,,,
2013-10-23,56.73180770874024,,,,,,
2013-10-24,56.19397735595703,,,,,,
2013-10-25,56.74542617797852,,,,,,
2013-10-28,57.60322189331055,,,,,,
2013-10-29,58.20234298706055,,,,,,
2013-10-30,57.67811584472656,,,,,,
2013-10-31,57.24919891357422,,,,,,
2013-11-01,57.569183349609375,,,,,,
2013-11-04,57.43983459472656,,,,,,
2013-11-05,57.61002731323242,,,,,,
2013-11-06,59.012508392333984,,,,,,
2013-11-07,58.07297897338867,,,,,,
2013-11-08,58.44742202758789,,,,,,
2013-11-11,58.17511749267578,,,,,,
2013-11-12,58.30448532104492,,,,,,
2013-11-13,58.51551055908203,,,,,,
2013-11-14,58.8150520324707,,,,,,
2013-11-15,58.56998443603516,,,,,,
2013-11-18,58.4542236328125,,,,,,
2013-11-19,58.066184997558594,,,,,,
2013-11-20,57.95725631713867,,,,,,
2013-11-21,58.29084014892578,,,,,,
2013-11-22,58.37254333496094,,,,,,
2013-11-25,58.12065124511719,,,,,,
2013-11-26,57.45346832275391,,,,,,
2013-11-27,57.47388458251953,,,,,,
2013-11-29,57.5011100769043,,,,,,
2013-12-02,56.983699798583984,,,,,,
2013-12-03,57.0517692565918,,,,,,
2013-12-04,56.65282440185547,,,,,,
2013-12-05,56.13874435424805,,,,,,
2013-12-06,56.995582580566406,,,,,,
2013-12-09,56.68027114868164,,,,,,
2013-12-10,56.4814682006836,,,,,,
2013-12-11,56.66657257080078,,,,,,
2013-12-12,55.71375274658203,,,,,,
2013-12-13,55.473854064941406,,,,,,
2013-12-16,55.52184295654297,,,,,,
2013-12-17,55.15169525146485,,,,,,
2013-12-18,55.80971908569336,,,,,,
2013-12-19,55.97422409057617,,,,,,
2013-12-20,56.07706069946289,,,,,,
2013-12-23,56.1113395690918,,,,,,
2013-12-24,56.23471450805664,,,,,,
2013-12-26,56.515743255615234,,,,,,
2013-12-27,56.693973541259766,,,,,,
2013-12-30,56.83106231689453,,,,,,
2013-12-31,56.85162353515625,,,,,,
2014-01-02,56.27583694458008,,,,,,
2014-01-03,56.37179946899414,,,,,,
2014-01-06,56.399227142333984,,,,,,
2014-01-07,57.22177505493164,,,,,,
2014-01-08,57.05728149414063,,,,,,
2014-01-09,56.789920806884766,,,,,,
2014-01-10,57.235477447509766,,,,,,
2014-01-13,56.46090698242188,,,,,,
2014-01-14,56.46090698242188,,,,,,
2014-01-15,56.817359924316406,,,,,,
2014-01-16,56.79680633544922,,,,,,
2014-01-17,56.34438705444336,,,,,,
2014-01-21,56.8379135131836,,,,,,
2014-01-22,56.789920806884766,,,,,,
2014-01-23,56.502044677734375,,,,,,
2014-01-24,55.81657409667969,,,,,,
2014-01-27,56.24843215942383,,,,,,
2014-01-28,56.42663192749024,,,,,,
2014-01-29,54.98720550537109,,,,,,
2014-01-30,55.57667541503906,,,,,,
2014-01-31,55.08316802978516,,,,,,
2014-02-03,53.85618591308594,,,,,,
2014-02-04,54.02755355834961,,,,,,
2014-02-05,54.43880462646485,,,,,,
2014-02-06,54.418251037597656,,,,,,
2014-02-07,54.98720550537109,,,,,,
2014-02-10,55.24764251708984,,,,,,
2014-02-11,55.693206787109375,,,,,,
2014-02-12,55.857704162597656,,,,,,
2014-02-13,54.62388610839844,,,,,,
2014-02-14,53.52716827392578,,,,,,
2014-02-18,53.588863372802734,,,,,,
2014-02-19,52.84856414794922,,,,,,
2014-02-20,53.47232055664063,,,,,,
2014-02-21,53.61627197265625,,,,,,
2014-02-24,54.06868362426758,,,,,,
2014-02-25,54.30857849121094,,,,,,
2014-02-26,53.911014556884766,,,,,,
2014-02-27,54.19891357421875,,,,,,
2014-02-28,54.88435363769531,,,,,,
2014-03-03,54.50736999511719,,,,,,
2014-03-04,55.41901397705078,,,,,,
2014-03-05,55.9906005859375,,,,,,
2014-03-06,56.14245223999024,,,,,,
2014-03-07,56.30123519897461,,,,,,
2014-03-10,56.4185676574707,,,,,,
2014-03-11,57.16408157348633,,,,,,
2014-03-12,56.70852279663086,,,,,,
2014-03-13,56.46691131591797,,,,,,
2014-03-14,55.91464614868164,,,,,,
2014-03-17,56.63947677612305,,,,,,
2014-03-18,56.57044219970703,,,,,,
2014-03-19,56.17007064819336,,,,,,
2014-03-20,56.508331298828125,,,,,,
2014-03-21,56.70159912109375,,,,,,
2014-03-24,56.529029846191406,,,,,,
2014-03-25,56.88107299804688,,,,,,
2014-03-26,57.205528259277344,,,,,,
2014-03-27,56.97773742675781,,,,,,
2014-03-28,57.26076126098633,,,,,,
2014-03-31,57.640419006347656,,,,,,
2014-04-01,57.21242904663086,,,,,,
2014-04-02,57.10891342163086,,,,,,
2014-04-03,57.23314666748047,,,,,,
2014-04-04,57.01223373413086,,,,,,
2014-04-07,57.92345428466797,,,,,,
2014-04-08,57.61969757080078,,,,,,
2014-04-09,57.92345428466797,,,,,,
2014-04-10,57.7232780456543,,,,,,
2014-04-11,57.39882278442383,,,,,,
2014-04-14,57.67494201660156,,,,,,
2014-04-15,57.957950592041016,,,,,,
2014-04-16,58.517086029052734,,,,,,
2014-04-17,59.05552673339844,,,,,,
2014-04-21,59.30405426025391,,,,,,
2014-04-22,58.77252960205078,,,,,,
2014-04-23,58.95890426635742,,,,,,
2014-04-24,59.03483581542969,,,,,,
2014-04-25,58.848445892333984,,,,,,
2014-04-28,59.93224334716797,,,,,,
2014-04-29,59.20052719116211,,,,,,
2014-04-30,59.29024124145508,,,,,,
2014-05-01,59.069366455078125,,,,,,
2014-05-02,59.03483581542969,,,,,,
2014-05-05,59.30405426025391,,,,,,
2014-05-06,58.9312744140625,,,,,,
2014-05-07,59.918434143066406,,,,,,
2014-05-08,59.82178497314453,,,,,,
2014-05-09,60.17384719848633,,,,,,
2014-05-12,60.00816345214844,,,,,,
2014-05-13,60.21526336669922,,,,,,
2014-05-14,59.94601821899414,,,,,,
2014-05-15,59.18671798706055,,,,,,
2014-05-16,59.738956451416016,,,,,,
2014-05-19,59.43521499633789,,,,,,
2014-05-20,59.12459182739258,,,,,,
2014-05-21,59.43521499633789,,,,,,
2014-05-22,59.07625579833984,,,,,,
2014-05-23,59.24885940551758,,,,,,
2014-05-27,59.7320442199707,,,,,,
2014-05-28,60.10479736328125,,,,,,
2014-05-29,60.56040573120117,,,,,,
2014-05-30,60.97458267211914,,,,,,
2014-06-02,60.65704345703125,,,,,,
2014-06-03,60.898681640625,,,,,,
2014-06-04,60.80475997924805,,,,,,
2014-06-05,61.03425216674805,,,,,,
2014-06-06,61.13860702514648,,,,,,
2014-06-09,61.20117568969727,,,,,,
2014-06-10,61.493289947509766,,,,,,
2014-06-11,61.04817962646485,,,,,,
2014-06-12,60.65874481201172,,,,,,
2014-06-13,60.63787841796875,,,,,,
2014-06-16,60.88825225830078,,,,,,
2014-06-17,60.70044708251953,,,,,,
2014-06-18,61.82710647583008,,,,,,
2014-06-19,62.66168594360352,,,,,,
2014-06-20,61.96617889404297,,,,,,
2014-06-23,61.472434997558594,,,,,,
2014-06-24,61.235965728759766,,,,,,
2014-06-25,61.60456085205078,,,,,,
2014-06-26,61.62543487548828,,,,,,
2014-06-27,61.729736328125,,,,,,
2014-06-30,62.133113861083984,,,,,,
2014-07-01,61.98705291748047,,,,,,
2014-07-02,62.36262893676758,,,,,,
2014-07-03,62.60600662231445,,,,,,
2014-07-07,62.494747161865234,,,,,,
2014-07-08,62.40434265136719,,,,,,
2014-07-09,62.4321517944336,,,,,,
2014-07-10,62.66168594360352,,,,,,
2014-07-11,62.48781967163086,,,,,,
2014-07-14,63.34323501586914,,,,,,
2014-07-15,62.82858657836914,,,,,,
2014-07-16,62.93985366821289,,,,,,
2014-07-17,62.58517837524414,,,,,,
2014-07-18,62.65471267700195,,,,,,
2014-07-21,62.529544830322266,,,,,,
2014-07-22,62.014896392822266,,,,,,
2014-07-23,63.16241455078125,,,,,,
2014-07-24,63.92046356201172,,,,,,
2014-07-25,63.67009353637695,,,,,,
2014-07-28,63.2667236328125,,,,,,
2014-07-29,62.68948745727539,,,,,,
2014-07-30,61.834075927734375,,,,,,
2014-07-31,61.27071380615234,,,,,,
2014-08-01,61.27768325805664,,,,,,
2014-08-04,62.37655258178711,,,,,,
2014-08-05,62.03575897216797,,,,,,
2014-08-06,62.946815490722656,,,,,,
2014-08-07,62.5225715637207,,,,,,
2014-08-08,62.793792724609375,,,,,,
2014-08-11,63.83699417114258,,,,,,
2014-08-12,63.43365478515625,,,,,,
2014-08-13,63.80222702026367,,,,,,
2014-08-14,63.83699417114258,,,,,,
2014-08-15,63.87872314453125,,,,,,
2014-08-18,64.08738708496094,,,,,,
2014-08-19,63.88565826416016,,,,,,
2014-08-20,64.14300537109375,,,,,,
2014-08-21,64.01782989501953,,,,,,
2014-08-22,63.704856872558594,,,,,,
2014-08-25,64.81068420410156,,,,,,
2014-08-26,64.40032196044922,,,,,,
2014-08-27,64.14300537109375,,,,,,
2014-08-28,64.38643646240234,,,,,,
2014-08-29,64.32383728027344,,,,,,
2014-09-02,64.3168716430664,,,,,,
2014-09-03,64.96479034423828,,,,,,
2014-09-04,64.33439636230469,,,,,,
2014-09-05,64.26435852050781,,,,,,
2014-09-08,64.34138488769531,,,,,,
2014-09-09,64.03319549560547,,,,,,
2014-09-10,64.2923812866211,,,,,,
2014-09-11,64.19432067871094,,,,,,
2014-09-12,63.647987365722656,,,,,,
2014-09-15,63.87909698486328,,,,,,
2014-09-16,64.83870697021484,,,,,,
2014-09-17,65.03484344482422,,,,,,
2014-09-18,65.3990249633789,,,,,,
2014-09-19,65.6932144165039,,,,,,
2014-09-22,65.546142578125,,,,,,
2014-09-23,65.09085083007812,,,,,,
2014-09-24,65.49009704589844,,,,,,
2014-09-25,64.90873718261719,,,,,,
2014-09-26,65.2309341430664,,,,,,
2014-09-29,65.24496459960938,,,,,,
2014-09-30,65.20292663574219,,,,,,
2014-10-01,64.8947525024414,,,,,,
2014-10-02,64.84569549560547,,,,,,
2014-10-03,65.49009704589844,,,,,,
2014-10-06,65.3990249633789,,,,,,
2014-10-07,65.2099380493164,,,,,,
2014-10-08,65.79828643798828,,,,,,
2014-10-09,65.53912353515625,,,,,,
2014-10-10,66.29560089111328,,,,,,
2014-10-13,65.79828643798828,,,,,,
2014-10-14,65.14690399169922,,,,,,
2014-10-15,64.27837371826172,,,,,,
2014-10-16,63.59196090698242,,,,,,
2014-10-17,64.09626007080078,,,,,,
2014-10-20,65.525146484375,,,,,,
2014-10-21,65.65119171142578,,,,,,
2014-10-22,66.16250610351562,,,,,,
2014-10-23,65.6722183227539,,,,,,
2014-10-24,66.26058197021484,,,,,,
2014-10-27,66.2745590209961,,,,,,
2014-10-28,66.72284698486328,,,,,,
2014-10-29,66.3236083984375,,,,,,
2014-10-30,66.9959945678711,,,,,,
2014-10-31,67.36026000976562,,,,,,
2014-11-03,67.12210083007812,,,,,,
2014-11-04,67.75250244140625,,,,,,
2014-11-05,67.86457824707031,,,,,,
2014-11-06,67.80851745605469,,,,,,
2014-11-07,67.80152130126953,,,,,,
2014-11-10,67.92060852050781,,,,,,
2014-11-11,67.7314682006836,,,,,,
2014-11-12,68.05368041992188,,,,,,
2014-11-13,69.02027130126953,,,,,,
2014-11-14,68.44591522216797,,,,,,
2014-11-17,68.93618774414062,,,,,,
2014-11-18,68.60001373291016,,,,,,
2014-11-19,68.92919921875,,,,,,
2014-11-20,68.68407440185547,,,,,,
2014-11-21,69.26539611816406,,,,,,
2014-11-24,69.11833190917969,,,,,,
2014-11-25,69.29342651367188,,,,,,
2014-11-26,69.58758544921875,,,,,,
2014-11-28,70.1129150390625,,,,,,
2014-12-01,69.81175994873047,,,,,,
2014-12-02,70.31607818603516,,,,,,
2014-12-03,69.31845092773438,,,,,,
2014-12-04,68.91656494140625,,,,,,
2014-12-05,68.92362213134766,,,,,,
2014-12-08,68.93773651123047,,,,,,
2014-12-09,68.4794692993164,,,,,,
2014-12-10,67.80968475341797,,,,,,
2014-12-11,67.88724517822266,,,,,,
2014-12-12,66.79444122314453,,,,,,
2014-12-15,66.3714370727539,,,,,,
2014-12-16,65.27863311767578,,,,,,
2014-12-17,66.0752944946289,,,,,,
2014-12-18,67.23155975341797,,,,,,
2014-12-19,67.28794860839844,,,,,,
2014-12-22,68.11988067626953,,,,,,
2014-12-23,68.6416244506836,,,,,,
2014-12-24,68.45123291015625,,,,,,
2014-12-26,68.42305755615234,,,,,,
2014-12-29,68.19746398925781,,,,,,
2014-12-30,67.65457916259766,,,,,,
2014-12-31,66.66751861572266,,,,,,
2015-01-02,66.58295440673828,,,,,,
2015-01-05,66.08234405517578,,,,,,
2015-01-06,65.581787109375,,,,,,
2015-01-07,67.49942779541016,,,,,,
2015-01-08,68.7262191772461,,,,,,
2015-01-09,68.26087951660156,,,,,,
2015-01-12,67.97887420654297,,,,,,
2015-01-13,67.9295425415039,,,,,,
2015-01-14,68.1551284790039,,,,,,
2015-01-15,68.1551284790039,,,,,,
2015-01-16,68.5922622680664,,,,,,
2015-01-20,68.74736022949219,,,,,,
2015-01-21,68.6697998046875,,,,,,
2015-01-22,69.7273941040039,,,,,,
2015-01-23,69.46650695800781,,,,,,
2015-01-26,69.57929229736328,,,,,,
2015-01-27,68.19041442871094,,,,,,
2015-01-28,67.4853744506836,,,,,,
2015-01-29,67.70392608642578,,,,,,
2015-01-30,66.11760711669922,,,,,,
2015-02-02,67.21038055419922,,,,,,
2015-02-03,67.82377624511719,,,,,,
2015-02-04,68.10578918457031,,,,,,
2015-02-05,68.11282348632812,,,,,,
2015-02-06,68.18334197998047,,,,,,
2015-02-09,67.66161346435547,,,,,,
2015-02-10,69.08577728271484,,,,,,
2015-02-11,70.784912109375,,,,,,
2015-02-12,70.69324493408203,,,,,,
2015-02-13,69.88949584960938,,,,,,
2015-02-17,69.34664916992188,,,,,,
2015-02-18,70.0304946899414,,,,,,
2015-02-19,69.60044860839844,,,,,,
2015-02-20,69.84016418457031,,,,,,
2015-02-23,70.11511993408203,,,,,,
2015-02-24,70.20677947998047,,,,,,
2015-02-25,70.1503677368164,,,,,,
2015-02-26,69.84720611572266,,,,,,
2015-02-27,69.78376007080078,,,,,,
2015-03-02,69.79783630371094,,,,,,
2015-03-03,69.37487030029297,,,,,,
2015-03-04,69.10159301757812,,,,,,
2015-03-05,69.00933837890625,,,,,,
2015-03-06,68.25696563720703,,,,,,
2015-03-09,68.16472625732422,,,,,,
2015-03-10,67.02200317382812,,,,,,
2015-03-11,66.45421600341797,,,,,,
2015-03-12,67.93049621582031,,,,,,
2015-03-13,66.94395446777344,,,,,,
2015-03-16,67.74598693847656,,,,,,
2015-03-17,66.80907440185547,,,,,,
2015-03-18,67.17106628417969,,,,,,
2015-03-19,66.78780364990234,,,,,,
2015-03-20,67.66788482666016,,,,,,
2015-03-23,68.02987670898438,,,,,,
2015-03-24,68.03694915771484,,,,,,
2015-03-25,67.6111068725586,,,,,,
2015-03-26,67.87371826171875,,,,,,
2015-03-27,68.10082244873047,,,,,,
2015-03-30,68.5053939819336,,,,,,
2015-03-31,67.86661529541016,,,,,,
2015-04-01,67.4904556274414,,,,,,
2015-04-02,67.91629791259766,,,,,,
2015-04-06,68.47700500488281,,,,,,
2015-04-07,68.28536987304688,,,,,,
2015-04-08,68.15762329101562,,,,,,
2015-04-09,68.38471984863281,,,,,,
2015-04-10,68.27826690673828,,,,,,
2015-04-13,67.80274200439453,,,,,,
2015-04-14,68.48410034179688,,,,,,
2015-04-15,68.58348083496094,,,,,,
2015-04-16,68.45569610595703,,,,,,
2015-04-17,68.00146484375,,,,,,
2015-04-20,68.49120330810547,,,,,,
2015-04-21,68.6899185180664,,,,,,
2015-04-22,69.0448226928711,,,,,,
2015-04-23,67.94469451904297,,,,,,
2015-04-24,67.54722595214844,,,,,,
2015-04-27,67.06459045410156,,,,,,
2015-04-28,67.0149154663086,,,,,,
2015-04-29,66.98652648925781,,,,,,
2015-04-30,67.51174926757812,,,,,,
2015-05-01,67.82401275634766,,,,,,
2015-05-04,68.10082244873047,,,,,,
2015-05-05,67.72466278076172,,,,,,
2015-05-06,67.76727294921875,,,,,,
2015-05-07,67.53305053710938,,,,,,
2015-05-08,68.52670288085938,,,,,,
2015-05-11,68.38471984863281,,,,,,
2015-05-12,68.27826690673828,,,,,,
2015-05-13,68.42730712890625,,,,,,
2015-05-14,69.55583953857422,,,,,,
2015-05-15,69.71197509765625,,,,,,
2015-05-18,69.59133911132812,,,,,,
2015-05-19,69.5203628540039,,,,,,
2015-05-20,69.33580017089844,,,,,,
2015-05-21,68.98802947998047,,,,,,
2015-05-22,68.32083892822266,,,,,,
2015-05-26,67.98729705810547,,,,,,
2015-05-27,68.4060287475586,,,,,,
2015-05-28,68.88866424560547,,,,,,
2015-05-29,68.44151306152344,,,,,,
2015-06-01,68.11504364013672,,,,,,
2015-06-02,68.17181396484375,,,,,,
2015-06-03,68.1382064819336,,,,,,
2015-06-04,67.30883026123047,,,,,,
2015-06-05,66.52951049804688,,,,,,
2015-06-08,66.37932586669922,,,,,,
2015-06-09,66.5438003540039,,,,,,
2015-06-10,66.98707580566406,,,,,,
2015-06-11,67.2730484008789,,,,,,
2015-06-12,67.0228271484375,,,,,,
2015-06-15,66.236328125,,,,,,
2015-06-16,66.88697052001953,,,,,,
2015-06-17,67.24446105957031,,,,,,
2015-06-18,68.0881576538086,,,,,,
2015-06-19,67.82361602783203,,,,,,
2015-06-22,68.35269927978516,,,,,,
2015-06-23,68.35269927978516,,,,,,
2015-06-24,68.13106536865234,,,,,,
2015-06-25,67.80215454101562,,,,,,
2015-06-26,67.85934448242188,,,,,,
2015-06-29,66.98707580566406,,,,,,
2015-06-30,66.73682403564453,,,,,,
2015-07-01,67.58052825927734,,,,,,
2015-07-02,67.68062591552734,,,,,,
2015-07-06,67.49471282958984,,,,,,
2015-07-07,68.92467498779297,,,,,,
2015-07-08,68.35985565185547,,,,,,
2015-07-09,67.63056182861328,,,,,,
2015-07-10,68.31695556640625,,,,,,
2015-07-13,69.510986328125,,,,,,
2015-07-14,69.44664001464844,,,,,,
2015-07-15,68.88893127441406,,,,,,
2015-07-16,69.28218841552734,,,,,,
2015-07-17,69.19637298583984,,,,,,
2015-07-20,69.57530212402344,,,,,,
2015-07-21,69.30364990234375,,,,,,
2015-07-22,69.4752426147461,,,,,,
2015-07-23,69.26072692871094,,,,,,
2015-07-24,68.76739501953125,,,,,,
2015-07-27,68.39559936523438,,,,,,
2015-07-28,68.71734619140625,,,,,,
2015-07-29,69.01764678955078,,,,,,
2015-07-30,69.08914184570312,,,,,,
2015-07-31,68.88893127441406,,,,,,
2015-08-03,69.67542266845703,,,,,,
2015-08-04,69.93283081054688,,,,,,
2015-08-05,70.91950988769531,,,,,,
2015-08-06,70.89092254638672,,,,,,
2015-08-07,70.85515594482422,,,,,,
2015-08-10,70.84800720214844,,,,,,
2015-08-11,70.511962890625,,,,,,
2015-08-12,70.34036254882812,,,,,,
2015-08-13,70.63351440429688,,,,,,
2015-08-14,70.94811248779297,,,,,,
2015-08-17,71.39852905273438,,,,,,
2015-08-18,71.3342056274414,,,,,,
2015-08-19,70.77650451660156,,,,,,
2015-08-20,70.05438232421875,,,,,,
2015-08-21,68.81742858886719,,,,,,
2015-08-24,65.65721130371094,,,,,,
2015-08-25,64.09139251708984,,,,,,
2015-08-26,66.12908935546875,,,,,,
2015-08-27,66.9227523803711,,,,,,
2015-08-28,66.87268829345703,,,,,,
2015-08-31,66.44367980957031,,,,,,
2015-09-01,65.29973602294922,,,,,,
2015-09-02,66.02960968017578,,,,,,
2015-09-03,66.38269805908203,,,,,,
2015-09-04,65.51081085205078,,,,,,
2015-09-08,66.55561065673828,,,,,,
2015-09-09,65.44598388671875,,,,,,
2015-09-10,65.61168670654297,,,,,,
2015-09-11,66.01521301269531,,,,,,
2015-09-14,65.71259307861328,,,,,,
2015-09-15,66.33221435546875,,,,,,
2015-09-16,67.05996704101562,,,,,,
2015-09-17,67.27613067626953,,,,,,
2015-09-18,67.04556274414062,,,,,,
2015-09-21,67.5210952758789,,,,,,
2015-09-22,66.55561065673828,,,,,,
2015-09-23,66.57721710205078,,,,,,
2015-09-24,66.62763977050781,,,,,,
2015-09-25,67.34820556640625,,,,,,
2015-09-28,66.62763977050781,,,,,,
2015-09-29,67.0383529663086,,,,,,
2015-09-30,67.94623565673828,,,,,,
2015-10-01,67.62199401855469,,,,,,
2015-10-02,67.84534454345703,,,,,,
2015-10-05,69.03421783447266,,,,,,
2015-10-06,69.9421157836914,,,,,,
2015-10-07,70.98689270019531,,,,,,
2015-10-08,71.31110382080078,,,,,,
2015-10-09,71.67139434814453,,,,,,
2015-10-12,71.43362426757812,,,,,,
2015-10-13,70.5545425415039,,,,,,
2015-10-14,70.2447280883789,,,,,,
2015-10-15,70.81395721435547,,,,,,
2015-10-16,71.83710479736328,,,,,,
2015-10-19,72.1829605102539,,,,,,
2015-10-20,72.24783325195312,,,,,,
2015-10-21,72.23339080810547,,,,,,
2015-10-22,74.27251434326172,,,,,,
2015-10-23,73.80416107177734,,,,,,
2015-10-26,73.88343048095703,,,,,,
2015-10-27,74.17164611816406,,,,,,
2015-10-28,74.02751922607422,,,,,,
2015-10-29,74.07077026367188,,,,,,
2015-10-30,73.63124084472656,,,,,,
2015-11-02,73.06201171875,,,,,,
2015-11-03,72.71615600585938,,,,,,
2015-11-04,72.50000762939453,,,,,,
2015-11-05,72.49279022216797,,,,,,
2015-11-06,71.85152435302734,,,,,,
2015-11-09,71.24626159667969,,,,,,
2015-11-10,71.21026611328125,,,,,,
2015-11-11,71.64256286621094,,,,,,
2015-11-12,70.87879943847656,,,,,,
2015-11-13,70.64102935791016,,,,,,
2015-11-16,71.73623657226562,,,,,,
2015-11-17,71.21026611328125,,,,,,
2015-11-18,72.24783325195312,,,,,,
2015-11-19,72.72333526611328,,,,,,
2015-11-20,72.12531280517578,,,,,,
2015-11-23,72.66570281982422,,,,,,
2015-11-24,72.50718688964844,,,,,,
2015-11-25,72.41353607177734,,,,,,
2015-11-27,72.58645629882812,,,,,,
2015-11-30,72.16857147216797,,,,,,
2015-12-01,72.81703186035156,,,,,,
2015-12-02,72.18070220947266,,,,,,
2015-12-03,71.89772033691406,,,,,,
2015-12-04,73.32713317871094,,,,,,
2015-12-07,73.04414367675781,,,,,,
2015-12-08,72.68134307861328,,,,,,
2015-12-09,71.92675018310547,,,,,,
2015-12-10,71.75988006591797,,,,,,
2015-12-11,70.94721221923828,,,,,,
2015-12-14,71.07056427001953,,,,,,
2015-12-15,72.11538696289062,,,,,,
2015-12-16,73.34162902832031,,,,,,
2015-12-17,72.70310974121094,,,,,,
2015-12-18,71.03428649902344,,,,,,
2015-12-21,71.55668640136719,,,,,,
2015-12-22,72.41289520263672,,,,,,
2015-12-23,73.0223617553711,,,,,,
2015-12-24,72.9498062133789,,,,,,
2015-12-28,73.05140686035156,,,,,,
2015-12-29,73.61009216308594,,,,,,
2015-12-30,73.39241027832031,,,,,,
2015-12-31,72.49994659423828,,,,,,
2016-01-04,71.66551208496094,,,,,,
2016-01-05,72.1589126586914,,,,,,
2016-01-06,72.18070220947266,,,,,,
2016-01-07,70.79483795166016,,,,,,
2016-01-08,70.53362274169922,,,,,,
2016-01-11,70.70050811767578,,,,,,
2016-01-12,70.83111572265625,,,,,,
2016-01-13,70.0184555053711,,,,,,
2016-01-14,69.517822265625,,,,,,
2016-01-15,68.15372467041016,,,,,,
2016-01-19,69.48880767822266,,,,,,
2016-01-20,68.03763580322266,,,,,,
2016-01-21,68.5455551147461,,,,,,
2016-01-22,69.54685974121094,,,,,,
2016-01-25,69.61214447021484,,,,,,
2016-01-26,69.88787841796875,,,,,,
2016-01-27,69.61214447021484,,,,,,
2016-01-28,70.7077865600586,,,,,,
2016-01-29,72.05007934570312,,,,,,
2016-02-01,71.85419464111328,,,,,,
2016-02-02,71.25920104980469,,,,,,
2016-02-03,71.62925720214844,,,,,,
2016-02-04,70.66422271728516,,,,,,
2016-02-05,70.61341094970703,,,,,,
2016-02-08,70.7585678100586,,,,,,
2016-02-09,71.30999755859375,,,,,,
2016-02-10,70.83111572265625,,,,,,
2016-02-11,70.3087158203125,,,,,,
2016-02-12,71.46238708496094,,,,,,
2016-02-16,71.54219055175781,,,,,,
2016-02-17,72.2314682006836,,,,,,
2016-02-18,72.28228759765625,,,,,,
2016-02-19,72.25326538085938,,,,,,
2016-02-22,72.46369934082031,,,,,,
2016-02-23,72.2242202758789,,,,,,
2016-02-24,72.32582092285156,,,,,,
2016-02-25,73.04414367675781,,,,,,
2016-02-26,71.36804962158203,,,,,,
2016-02-29,70.97622680664062,,,,,,
2016-03-01,71.89772033691406,,,,,,
2016-03-02,71.85606384277344,,,,,,
2016-03-03,72.46260070800781,,,,,,
2016-03-04,73.07645416259766,,,,,,
2016-03-07,72.52836608886719,,,,,,
2016-03-08,72.8864517211914,,,,,,
2016-03-09,73.22259521484375,,,,,,
2016-03-10,73.64644622802734,,,,,,
2016-03-11,74.03373718261719,,,,,,
2016-03-14,73.55142974853516,,,,,,
2016-03-15,73.91683197021484,,,,,,
2016-03-16,73.68296813964844,,,,,,
2016-03-17,74.4429702758789,,,,,,
2016-03-18,74.01912689208984,,,,,,
2016-03-21,74.2018051147461,,,,,,
2016-03-22,73.6391372680664,,,,,,
2016-03-23,73.66835021972656,,,,,,
2016-03-24,73.57337951660156,,,,,,
2016-03-28,73.79259490966797,,,,,,
2016-03-29,74.07759857177734,,,,,,
2016-03-30,75.04220581054688,,,,,,
2016-03-31,74.88874816894531,,,,,,
2016-04-01,75.8387222290039,,,,,,
2016-04-04,75.86796569824219,,,,,,
2016-04-05,75.34181213378906,,,,,,
2016-04-06,75.94104766845703,,,,,,
2016-04-07,75.70719146728516,,,,,,
2016-04-08,76.7887191772461,,,,,,
2016-04-11,76.2187271118164,,,,,,
2016-04-12,76.66448974609375,,,,,,
2016-04-13,76.08720397949219,,,,,,
2016-04-14,75.38566589355469,,,,,,
2016-04-15,75.83141326904297,,,,,,
2016-04-18,75.79488372802734,,,,,,
2016-04-19,76.23332214355469,,,,,,
2016-04-20,74.85951232910156,,,,,,
2016-04-21,73.7999038696289,,,,,,
2016-04-22,74.52336120605469,,,,,,
2016-04-25,75.12259674072266,,,,,,
2016-04-26,74.97642517089844,,,,,,
2016-04-27,74.99834442138672,,,,,,
2016-04-28,75.24681854248047,,,,,,
2016-04-29,75.23950958251953,,,,,,
2016-05-02,75.58295440673828,,,,,,
2016-05-03,75.67796325683594,,,,,,
2016-05-04,76.01410675048828,,,,,,
2016-05-05,76.1529769897461,,,,,,
2016-05-06,76.7010269165039,,,,,,
2016-05-09,76.93489837646484,,,,,,
2016-05-10,77.87757873535156,,,,,,
2016-05-11,77.25642395019531,,,,,,
2016-05-12,77.53410339355469,,,,,,
2016-05-13,76.13104248046875,,,,,,
2016-05-16,76.0945053100586,,,,,,
2016-05-17,74.80835723876953,,,,,,
2016-05-18,73.741455078125,,,,,,
2016-05-19,74.04837799072266,,,,,,
2016-05-20,73.14952850341797,,,,,,
2016-05-23,73.38336181640625,,,,,,
2016-05-24,73.87298583984375,,,,,,
2016-05-25,73.87298583984375,,,,,,
2016-05-26,74.46489715576172,,,,,,
2016-05-27,74.5087661743164,,,,,,
2016-05-31,73.93142700195312,,,,,,
2016-06-01,74.78034210205078,,,,,,
2016-06-02,75.096923828125,,,,,,
2016-06-03,75.48711395263672,,,,,,
2016-06-06,75.6122817993164,,,,,,
2016-06-07,75.4576644897461,,,,,,
2016-06-08,75.96566772460938,,,,,,
2016-06-09,76.31909942626953,,,,,,
2016-06-10,76.06137084960938,,,,,,
2016-06-13,75.8773193359375,,,,,,
2016-06-14,76.00248718261719,,,,,,
2016-06-15,75.7300796508789,,,,,,
2016-06-16,76.45896911621094,,,,,,
2016-06-17,76.13500213623047,,,,,,
2016-06-20,76.1055679321289,,,,,,
2016-06-21,76.6282958984375,,,,,,
2016-06-22,76.37797546386719,,,,,,
2016-06-23,76.89336395263672,,,,,,
2016-06-24,75.08220672607422,,,,,,
2016-06-27,75.19261932373047,,,,,,
2016-06-28,75.19998168945312,,,,,,
2016-06-29,75.92150115966797,,,,,,
2016-06-30,77.99772644042969,,,,,,
2016-07-01,77.7695083618164,,,,,,
2016-07-05,78.3510971069336,,,,,,
2016-07-06,77.98297882080078,,,,,,
2016-07-07,79.13890838623047,,,,,,
2016-07-08,79.71318054199219,,,,,,
2016-07-11,80.18436431884766,,,,,,
2016-07-12,80.09601593017578,,,,,,
2016-07-13,80.92060852050781,,,,,,
2016-07-14,80.9574203491211,,,,,,
2016-07-15,80.73656463623047,,,,,,
2016-07-18,80.40522003173828,,,,,,
2016-07-19,80.64083862304688,,,,,,
2016-07-20,80.19171905517578,,,,,,
2016-07-21,79.94142150878906,,,,,,
2016-07-22,80.39051818847656,,,,,,
2016-07-25,80.26534271240234,,,,,,
2016-07-26,79.66160583496094,,,,,,
2016-07-27,79.13154602050781,,,,,,
2016-07-28,79.61006164550781,,,,,,
2016-07-29,80.19171905517578,,,,,,
2016-08-01,80.19908142089844,,,,,,
2016-08-02,80.04447174072266,,,,,,
2016-08-03,79.54385375976562,,,,,,
2016-08-04,79.82360076904297,,,,,,
2016-08-05,80.00031280517578,,,,,,
2016-08-08,79.61743927001953,,,,,,
2016-08-09,79.72052001953125,,,,,,
2016-08-10,80.11811828613281,,,,,,
2016-08-11,79.86778259277344,,,,,,
2016-08-12,79.94873809814453,,,,,,
2016-08-15,80.04447174072266,,,,,,
2016-08-16,79.5143814086914,,,,,,
2016-08-17,79.86039733886719,,,,,,
2016-08-18,79.72052001953125,,,,,,
2016-08-19,79.63951873779297,,,,,,
2016-08-22,79.48492431640625,,,,,,
2016-08-23,79.42601776123047,,,,,,
2016-08-24,79.5953598022461,,,,,,
2016-08-25,79.42601776123047,,,,,,
2016-08-26,79.10944366455078,,,,,,
2016-08-29,79.50701141357422,,,,,,
2016-08-30,78.93275451660156,,,,,,
2016-08-31,79.14997100830078,,,,,,
2016-09-01,79.55037689208984,,,,,,
2016-09-02,79.98040008544922,,,,,,
2016-09-06,80.01748657226562,,,,,,
2016-09-07,79.4910659790039,,,,,,
2016-09-08,79.24637603759766,,,,,,
2016-09-09,77.14806365966797,,,,,,
2016-09-12,78.60873413085938,,,,,,
2016-09-13,77.54843139648438,,,,,,
2016-09-14,77.88951110839844,,,,,,
2016-09-15,78.2083511352539,,,,,,
2016-09-16,78.06006622314453,,,,,,
2016-09-19,78.34921264648438,,,,,,
2016-09-20,78.81634521484375,,,,,,
2016-09-21,79.4317398071289,,,,,,
2016-09-22,79.9433364868164,,,,,,
2016-09-23,79.5874252319336,,,,,,
2016-09-26,79.35758209228516,,,,,,
2016-09-27,79.69866943359375,,,,,,
2016-09-28,79.61709594726562,,,,,,
2016-09-29,79.89885711669922,,,,,,
2016-09-30,80.6477279663086,,,,,,
2016-10-03,80.26216888427734,,,,,,
2016-10-04,79.40948486328125,,,,,,
2016-10-05,78.6012954711914,,,,,,
2016-10-06,78.89048767089844,,,,,,
2016-10-07,78.58646392822266,,,,,,
2016-10-10,78.75699615478516,,,,,,
2016-10-11,78.27507781982422,,,,,,
2016-10-12,78.65320587158203,,,,,,
2016-10-13,78.5345687866211,,,,,,
2016-10-14,79.20932006835938,,,,,,
2016-10-17,79.22413635253906,,,,,,
2016-10-18,79.29826354980469,,,,,,
2016-10-19,78.78668975830078,,,,,,
2016-10-20,78.49751281738281,,,,,,
2016-10-21,78.3121566772461,,,,,,
2016-10-24,79.56520080566406,,,,,,
2016-10-25,79.50589752197266,,,,,,
2016-10-26,79.38724517822266,,,,,,
2016-10-27,79.06101989746094,,,,,,
2016-10-28,79.38724517822266,,,,,,
2016-10-31,79.48363494873047,,,,,,
2016-11-01,79.12033081054688,,,,,,
2016-11-02,79.12033081054688,,,,,,
2016-11-03,79.06101989746094,,,,,,
2016-11-04,78.45301055908203,,,,,,
2016-11-07,79.30567932128906,,,,,,
2016-11-08,80.61064147949219,,,,,,
2016-11-09,79.52069854736328,,,,,,
2016-11-10,76.5549087524414,,,,,,
2016-11-11,76.51040649414062,,,,,,
2016-11-14,75.1758041381836,,,,,,
2016-11-15,75.51686096191406,,,,,,
2016-11-16,75.4130630493164,,,,,,
2016-11-17,75.34634399414062,,,,,,
2016-11-18,75.11649322509766,,,,,,
2016-11-21,75.82086181640625,,,,,,
2016-11-22,76.28799438476562,,,,,,
2016-11-23,75.27960968017578,,,,,,
2016-11-25,75.754150390625,,,,,,
2016-11-28,76.2138442993164,,,,,,
2016-11-29,76.02847290039062,,,,,,
2016-11-30,74.76839447021484,,,,,,
2016-12-01,73.96916198730469,,,,,,
2016-12-02,75.1418685913086,,,,,,
2016-12-05,75.22400665283203,,,,,,
2016-12-06,75.85144805908203,,,,,,
2016-12-07,76.79257202148438,,,,,,
2016-12-08,76.29959106445312,,,,,,
2016-12-09,77.3602523803711,,,,,,
2016-12-12,78.2192611694336,,,,,,
2016-12-13,78.89896392822266,,,,,,
2016-12-14,78.03253173828125,,,,,,
2016-12-15,78.65245819091797,,,,,,
2016-12-16,79.0782241821289,,,,,,
2016-12-19,78.73463439941406,,,,,,
2016-12-20,78.35372161865234,,,,,,
2016-12-21,78.20429229736328,,,,,,
2016-12-22,78.68981170654297,,,,,,
2016-12-23,78.49559783935547,,,,,,
2016-12-27,78.52547454833984,,,,,,
2016-12-28,78.14454650878906,,,,,,
2016-12-29,78.42090606689453,,,,,,
2016-12-30,78.15202331542969,,,,,,
2017-01-03,78.16696166992188,,,,,,
2017-01-04,78.31632232666016,,,,,,
2017-01-05,78.2117691040039,,,,,,
2017-01-06,78.0997314453125,,,,,,
2017-01-09,77.27811431884766,,,,,,
2017-01-10,76.16515350341797,,,,,,
2017-01-11,76.045654296875,,,,,,
2017-01-12,76.06808471679688,,,,,,
2017-01-13,75.85144805908203,,,,,,
2017-01-17,76.32949829101562,,,,,,
2017-01-18,76.74031066894531,,,,,,
2017-01-19,76.45643615722656,,,,,,
2017-01-20,77.11377716064453,,,,,,
2017-01-23,77.68891143798828,,,,,,
2017-01-24,78.2117691040039,,,,,,
2017-01-25,78.1370849609375,,,,,,
2017-01-26,77.78600311279297,,,,,,
2017-01-27,77.29305267333984,,,,,,
2017-01-30,77.44989776611328,,,,,,
2017-01-31,77.5171127319336,,,,,,
2017-02-01,76.9419937133789,,,,,,
2017-02-02,77.70384979248047,,,,,,
2017-02-03,78.51054382324219,,,,,,
2017-02-06,78.107177734375,,,,,,
2017-02-07,78.8840103149414,,,,,,
2017-02-08,78.94373321533203,,,,,,
2017-02-09,79.15290069580078,,,,,,
2017-02-10,79.2500228881836,,,,,,
2017-02-13,79.563720703125,,,,,,
2017-02-14,79.86247253417969,,,,,,
2017-02-15,79.72055053710938,,,,,,
2017-02-16,80.75883483886719,,,,,,
2017-02-17,80.78123474121094,,,,,,
2017-02-21,81.68502044677734,,,,,,
2017-02-22,81.72239685058594,,,,,,
2017-02-23,81.81946563720703,,,,,,
2017-02-24,82.03607940673828,,,,,,
2017-02-27,81.61781311035156,,,,,,
2017-02-28,82.44690704345703,,,,,,
2017-03-01,82.52436065673828,,,,,,
2017-03-02,82.81016540527344,,,,,,
2017-03-03,83.14857482910156,,,,,,
2017-03-06,82.44915008544922,,,,,,
2017-03-07,82.21600341796875,,,,,,
2017-03-08,82.2009506225586,,,,,,
2017-03-09,81.99040985107422,,,,,,
2017-03-10,82.41905975341797,,,,,,
2017-03-13,82.2837142944336,,,,,,
2017-03-14,82.2310562133789,,,,,,
2017-03-15,83.56221008300781,,,,,,
2017-03-16,83.58477783203125,,,,,,
2017-03-17,83.77279663085938,,,,,,
2017-03-20,83.59231567382812,,,,,,
2017-03-21,84.05857849121094,,,,,,
2017-03-22,84.24662017822266,,,,,,
2017-03-23,84.06611633300781,,,,,,
2017-03-24,84.32182312011719,,,,,,
2017-03-27,84.10372161865234,,,,,,
2017-03-28,84.56997680664062,,,,,,
2017-03-29,84.55493927001953,,,,,,
2017-03-30,84.36693572998047,,,,,,
2017-03-31,84.12625122070312,,,,,,
2017-04-03,84.12625122070312,,,,,,
2017-04-04,84.29173278808594,,,,,,
2017-04-05,84.18643188476562,,,,,,
2017-04-06,83.9156723022461,,,,,,
2017-04-07,83.938232421875,,,,,,
2017-04-10,84.24662017822266,,,,,,
2017-04-11,84.02848815917969,,,,,,
2017-04-12,85.44239807128906,,,,,,
2017-04-13,84.74297332763672,,,,,,
2017-04-17,85.22428131103516,,,,,,
2017-04-18,85.9462661743164,,,,,,
2017-04-19,85.44992065429688,,,,,,
2017-04-20,85.4273452758789,,,,,,
2017-04-21,85.30699157714844,,,,,,
2017-04-24,85.97635650634766,,,,,,
2017-04-25,85.85604095458984,,,,,,
2017-04-26,85.23180389404297,,,,,,
2017-04-27,84.71288299560547,,,,,,
2017-04-28,85.19419860839844,,,,,,
2017-05-01,84.44212341308594,,,,,,
2017-05-02,84.44966888427734,,,,,,
2017-05-03,84.07361602783203,,,,,,
2017-05-04,84.95355987548828,,,,,,
2017-05-05,85.1490707397461,,,,,,
2017-05-08,85.1490707397461,,,,,,
2017-05-09,84.7730712890625,,,,,,
2017-05-10,84.86329650878906,,,,,,
2017-05-11,85.01371002197266,,,,,,
2017-05-12,84.9159164428711,,,,,,
2017-05-15,85.69054412841797,,,,,,
2017-05-16,85.57775115966797,,,,,,
2017-05-17,85.5401382446289,,,,,,
2017-05-18,85.75825500488281,,,,,,
2017-05-19,85.50252532958984,,,,,,
2017-05-22,86.26214599609375,,,,,,
2017-05-23,86.5253677368164,,,,,,
2017-05-24,87.28495025634766,,,,,,
2017-05-25,88.39048767089844,,,,,,
2017-05-26,88.6762924194336,,,,,,
2017-05-30,88.7514877319336,,,,,,
2017-05-31,88.497802734375,,,,,,
2017-06-01,88.77041625976562,,,,,,
2017-06-02,89.10356903076172,,,,,,
2017-06-05,89.2625961303711,,,,,,
2017-06-06,89.12629699707031,,,,,,
2017-06-07,88.63411712646484,,,,,,
2017-06-08,87.75572967529297,,,,,,
2017-06-09,87.79358673095703,,,,,,
2017-06-12,88.01318359375,,,,,,
2017-06-13,88.08133697509766,,,,,,
2017-06-14,88.87640380859375,,,,,,
2017-06-15,88.7552719116211,,,,,,
2017-06-16,88.49024200439453,,,,,,
2017-06-19,88.81584167480469,,,,,,
2017-06-20,89.31561279296875,,,,,,
2017-06-21,88.91429138183594,,,,,,
2017-06-22,87.95262145996094,,,,,,
2017-06-23,88.56596374511719,,,,,,
2017-06-26,88.6871337890625,,,,,,
2017-06-27,87.79358673095703,,,,,,
2017-06-28,88.12677764892578,,,,,,
2017-06-29,87.21807861328125,,,,,,
2017-06-30,87.45283508300781,,,,,,
2017-07-03,87.41497802734375,,,,,,
2017-07-05,87.30896759033203,,,,,,
2017-07-06,87.18022918701172,,,,,,
2017-07-07,87.46797180175781,,,,,,
2017-07-10,86.52900695800781,,,,,,
2017-07-11,86.1276626586914,,,,,,
2017-07-12,86.90760040283203,,,,,,
2017-07-13,86.33969116210938,,,,,,
2017-07-14,87.0287857055664,,,,,,
2017-07-17,87.0287857055664,,,,,,
2017-07-18,87.08937072753906,,,,,,
2017-07-19,87.3392333984375,,,,,,
2017-07-20,87.46797180175781,,,,,,
2017-07-21,88.31608581542969,,,,,,
2017-07-24,87.93746185302734,,,,,,
2017-07-25,88.17977905273438,,,,,,
2017-07-26,88.74014282226562,,,,,,
2017-07-27,88.85369873046875,,,,,,
2017-07-28,88.30094909667969,,,,,,
2017-07-31,88.30094909667969,,,,,,
2017-08-01,87.77842712402344,,,,,,
2017-08-02,87.54370880126953,,,,,,
2017-08-03,88.06619262695312,,,,,,
2017-08-04,88.11920166015625,,,,,,
2017-08-07,88.56596374511719,,,,,,
2017-08-08,88.37664794921875,,,,,,
2017-08-09,88.31608581542969,,,,,,
2017-08-10,88.12677764892578,,,,,,
2017-08-11,88.22520446777344,,,,,,
2017-08-14,89.2322998046875,,,,,,
2017-08-15,90.0879898071289,,,,,,
2017-08-16,90.18643188476562,,,,,,
2017-08-17,89.6488037109375,,,,,,
2017-08-18,89.05059051513672,,,,,,
2017-08-21,89.55037689208984,,,,,,
2017-08-22,89.29290771484375,,,,,,
2017-08-23,88.81584167480469,,,,,,
2017-08-24,88.005615234375,,,,,,
2017-08-25,87.72541809082031,,,,,,
2017-08-28,87.49070739746094,,,,,,
2017-08-29,87.71786499023438,,,,,,
2017-08-30,87.80554962158203,,,,,,
2017-08-31,88.24783325195312,,,,,,
2017-09-01,88.33170318603516,,,,,,
2017-09-05,88.35457611083984,,,,,,
2017-09-06,88.7206039428711,,,,,,
2017-09-07,89.20861053466797,,,,,,
2017-09-08,87.72169494628906,,,,,,
2017-09-11,88.21733856201172,,,,,,
2017-09-12,87.69115447998047,,,,,,
2017-09-13,87.27178192138672,,,,,,
2017-09-14,87.07350158691406,,,,,,
2017-09-15,87.57679748535156,,,,,,
2017-09-18,87.68354034423828,,,,,,
2017-09-19,87.30227661132812,,,,,,
2017-09-20,86.6083755493164,,,,,,
2017-09-21,86.01361846923828,,,,,,
2017-09-22,85.2891845703125,,,,,,
2017-09-25,85.35781860351562,,,,,,
2017-09-26,85.25865936279297,,,,,,
2017-09-27,84.71730041503906,,,,,,
2017-09-28,85.1290512084961,,,,,,
2017-09-29,84.96894073486328,,,,,,
2017-10-02,83.20748138427734,,,,,,
2017-10-03,83.21512603759766,,,,,,
2017-10-04,83.37521362304688,,,,,,
2017-10-05,84.22164154052734,,,,,,
2017-10-06,84.18351745605469,,,,,,
2017-10-09,83.88616180419922,,,,,,
2017-10-10,84.47329711914062,,,,,,
2017-10-11,85.0299301147461,,,,,,
2017-10-12,85.74671173095703,,,,,,
2017-10-13,85.8763427734375,,,,,,
2017-10-16,86.60072326660156,,,,,,
2017-10-17,85.5484619140625,,,,,,
2017-10-18,85.36546325683594,,,,,,
2017-10-19,85.91447448730469,,,,,,
2017-10-20,85.10617065429688,,,,,,
2017-10-23,85.16719055175781,,,,,,
2017-10-24,84.45040130615234,,,,,,
2017-10-25,83.93189239501953,,,,,,
2017-10-26,84.43516540527344,,,,,,
2017-10-27,84.33601379394531,,,,,,
2017-10-30,83.61164855957031,,,,,,
2017-10-31,84.05388641357422,,,,,,
2017-11-01,83.9776382446289,,,,,,
2017-11-02,83.9166259765625,,,,,,
2017-11-03,84.04624938964844,,,,,,
2017-11-06,83.3142318725586,,,,,,
2017-11-07,84.23690032958984,,,,,,
2017-11-08,85.4035873413086,,,,,,
2017-11-09,85.0070571899414,,,,,,
2017-11-10,85.97547912597656,,,,,,
2017-11-13,86.95913696289062,,,,,,
2017-11-14,88.27070617675781,,,,,,
2017-11-15,87.76744079589844,,,,,,
2017-11-16,87.86658477783203,,,,,,
2017-11-17,87.44715118408203,,,,,,
2017-11-20,87.62255096435547,,,,,,
2017-11-21,88.49182891845703,,,,,,
2017-11-22,87.75215148925781,,,,,,
2017-11-24,88.37744903564453,,,,,,
2017-11-27,88.33932495117188,,,,,,
2017-11-28,89.04084014892578,,,,,,
2017-11-29,89.09424591064453,,,,,,
2017-11-30,89.46660614013672,,,,,,
2017-12-01,89.66625213623047,,,,,,
2017-12-04,90.18836975097656,,,,,,
2017-12-05,90.28819274902344,,,,,,
2017-12-06,91.29402923583984,,,,,,
2017-12-07,89.62788391113281,,,,,,
2017-12-08,89.5050277709961,,,,,,
2017-12-11,90.13463592529295,,,,,,
2017-12-12,90.14230346679688,,,,,,
2017-12-13,90.4494400024414,,,,,,
2017-12-14,90.61835479736328,,,,,,
2017-12-15,91.53976440429688,,,,,,
2017-12-18,90.6413803100586,,,,,,
2017-12-19,91.0713882446289,,,,,,
2017-12-20,91.3861846923828,,,,,,
2017-12-21,90.80264282226562,,,,,,
2017-12-22,91.06371307373048,,,,,,
2017-12-26,91.286376953125,,,,,,
2017-12-27,91.60116577148438,,,,,,
2017-12-28,91.63955688476562,,,,,,
2017-12-29,92.07722473144533,,,,,,
2018-01-02,90.6490707397461,,,,,,
2018-01-03,90.41104888916016,,,,,,
2018-01-04,90.85638427734376,,,,,,
2018-01-05,91.11743927001952,,,,,,
2018-01-08,90.59532928466795,,,,,,
2018-01-09,90.66441345214844,,,,,,
2018-01-10,90.2037582397461,,,,,,
2018-01-11,89.7430419921875,,,,,,
2018-01-12,90.12693786621094,,,,,,
2018-01-16,90.49551391601562,,,,,,
2018-01-17,91.50902557373048,,,,,,
2018-01-18,91.40921020507812,,,,,,
2018-01-19,92.26918029785156,,,,,,
2018-01-22,93.2980499267578,,,,,,
2018-01-23,93.13681030273438,,,,,,
2018-01-24,93.01395416259766,,,,,,
2018-01-25,92.8296890258789,,,,,,
2018-01-26,93.49000549316406,,,,,,
2018-01-29,91.8852767944336,,,,,,
2018-01-30,92.05418395996094,,,,,,
2018-01-31,92.36897277832033,,,,,,
2018-02-01,92.36897277832033,,,,,,
2018-02-02,91.11743927001952,,,,,,
2018-02-05,87.88490295410156,,,,,,
2018-02-06,87.19385528564453,,,,,,
2018-02-07,87.14779663085938,,,,,,
2018-02-08,84.57560729980469,,,,,,
2018-02-09,85.36646270751953,,,,,,
2018-02-12,85.94232177734375,,,,,,
2018-02-13,86.10354614257812,,,,,,
2018-02-14,83.77706909179688,,,,,,
2018-02-15,85.2052001953125,,,,,,
2018-02-16,85.27433776855469,,,,,,
2018-02-20,84.0611572265625,,,,,,
2018-02-21,82.92478942871094,,,,,,
2018-02-22,83.89224243164062,,,,,,
2018-02-23,84.21472930908203,,,,,,
2018-02-26,85.18218231201172,,,,,,
2018-02-27,85.14379119873047,,,,,,
2018-02-28,84.25312805175781,,,,,,
2018-03-01,83.63045501708984,,,,,,
2018-03-02,84.34205627441406,,,,,,
2018-03-05,84.64373016357422,,,,,,
2018-03-06,84.75975799560547,,,,,,
2018-03-07,84.96085357666016,,,,,,
2018-03-08,86.6935043334961,,,,,,
2018-03-09,87.04930114746094,,,,,,
2018-03-12,87.21173095703125,,,,,,
2018-03-13,87.86922454833984,,,,,,
2018-03-14,87.10344696044922,,,,,,
2018-03-15,86.62391662597656,,,,,,
2018-03-16,86.35316467285156,,,,,,
2018-03-19,85.36309051513672,,,,,,
2018-03-20,85.00727844238281,,,,,,
2018-03-21,84.11001586914062,,,,,,
2018-03-22,83.4912109375,,,,,,
2018-03-23,82.10667419433594,,,,,,
2018-03-26,82.61717987060547,,,,,,
2018-03-27,83.2591781616211,,,,,,
2018-03-28,84.45036315917969,,,,,,
2018-03-29,84.4271469116211,,,,,,
2018-04-02,82.80281829833984,,,,,,
2018-04-03,83.68460083007812,,,,,,
2018-04-04,85.22384643554688,,,,,,
2018-04-05,85.5255126953125,,,,,,
2018-04-06,84.54317474365234,,,,,,
2018-04-09,84.60505676269531,,,,,,
2018-04-10,84.62052154541016,,,,,,
2018-04-11,84.06360626220703,,,,,,
2018-04-12,83.77739715576172,,,,,,
2018-04-13,84.51224517822266,,,,,,
2018-04-16,85.02275085449219,,,,,,
2018-04-17,84.21055603027344,,,,,,
2018-04-18,82.74866485595703,,,,,,
2018-04-19,81.65802001953125,,,,,,
2018-04-20,79.26791381835938,,,,,,
2018-04-23,79.34528350830078,,,,,,
2018-04-24,78.46349334716797,,,,,,
2018-04-25,78.23918151855469,,,,,,
2018-04-26,79.87125396728516,,,,,,
2018-04-27,78.6723403930664,,,,,,
2018-04-30,78.07672119140625,,,,,,
2018-05-01,76.67671203613281,,,,,,
2018-05-02,75.20706939697266,,,,,,
2018-05-03,75.49327087402344,,,,,,
2018-05-04,76.56843566894531,,,,,,
2018-05-07,75.98054504394531,,,,,,
2018-05-08,74.86672973632812,,,,,,
2018-05-09,74.37945556640625,,,,,,
2018-05-10,75.23800659179688,,,,,,
2018-05-11,75.36176300048828,,,,,,
2018-05-14,75.14519500732422,,,,,,
2018-05-15,74.87447357177734,,,,,,
2018-05-16,75.17613220214844,,,,,,
2018-05-17,75.74076080322266,,,,,,
2018-05-18,75.42362976074219,,,,,,
2018-05-21,76.97063446044922,,,,,,
2018-05-22,77.29551696777344,,,,,,
2018-05-23,77.69771575927734,,,,,,
2018-05-24,77.4888916015625,,,,,,
2018-05-25,77.58944702148438,,,,,,
2018-05-29,78.20050048828125,,,,,,
2018-05-30,78.7651596069336,,,,,,
2018-05-31,78.2562026977539,,,,,,
2018-06-01,78.2562026977539,,,,,,
2018-06-04,78.15473937988281,,,,,,
2018-06-05,78.22496795654297,,,,,,
2018-06-06,78.70895385742188,,,,,,
2018-06-07,78.96658325195312,,,,,,
2018-06-08,80.00479125976562,,,,,,
2018-06-11,80.56681060791016,,,,,,
2018-06-12,81.55818176269531,,,,,,
2018-06-13,82.17485809326172,,,,,,
2018-06-14,82.0655746459961,,,,,,
2018-06-15,84.00148010253906,,,,,,
2018-06-18,82.2607192993164,,,,,,
2018-06-19,82.71348571777344,,,,,,
2018-06-20,82.59638214111328,,,,,,
2018-06-21,83.7126693725586,,,,,,
2018-06-22,84.5947494506836,,,,,,
2018-06-25,85.07872009277344,,,,,,
2018-06-26,84.34496307373047,,,,,,
2018-06-27,84.5167007446289,,,,,,
2018-06-28,84.83673095703125,,,,,,
2018-06-29,84.98504638671875,,,,,,
2018-07-02,85.5002670288086,,,,,,
2018-07-03,84.93041229248047,,,,,,
2018-07-05,85.51590728759766,,,,,,
2018-07-06,85.52367401123047,,,,,,
2018-07-09,84.11859893798828,,,,,,
2018-07-10,88.12312316894531,,,,,,
2018-07-11,87.84989166259766,,,,,,
2018-07-12,87.06148529052734,,,,,,
2018-07-13,87.96699523925781,,,,,,
2018-07-16,88.1777572631836,,,,,,
2018-07-17,89.67652893066406,,,,,,
2018-07-18,89.63749694824219,,,,,,
2018-07-19,90.37126159667967,,,,,,
2018-07-20,90.55860900878906,,,,,,
2018-07-23,89.2940444946289,,,,,,
2018-07-24,89.5672607421875,,,,,,
2018-07-25,89.93412780761719,,,,,,
2018-07-26,89.77020263671875,,,,,,
2018-07-27,89.2081527709961,,,,,,
2018-07-30,89.1301040649414,,,,,,
2018-07-31,89.77020263671875,,,,,,
2018-08-01,88.68516540527344,,,,,,
2018-08-02,89.52821350097656,,,,,,
2018-08-03,90.78500366210938,,,,,,
2018-08-06,91.6280517578125,,,,,,
2018-08-07,89.16132354736328,,,,,,
2018-08-08,88.59147644042969,,,,,,
2018-08-09,88.75540161132812,,,,,,
2018-08-10,88.10750579833984,,,,,,
2018-08-13,88.22459411621094,,,,,,
2018-08-14,88.28702545166016,,,,,,
2018-08-15,88.56024932861328,,,,,,
2018-08-16,89.18473815917969,,,,,,
2018-08-17,89.73898315429688,,,,,,
2018-08-20,89.64531707763672,,,,,,
2018-08-21,88.77102661132812,,,,,,
2018-08-22,87.61573028564453,,,,,,
2018-08-23,87.37372589111328,,,,,,
2018-08-24,87.54547119140625,,,,,,
2018-08-27,87.74842834472656,,,,,,
2018-08-28,86.78044891357422,,,,,,
2018-08-29,87.46741485595703,,,,,,
2018-08-30,87.39717102050781,,,,,,
2018-08-31,87.43617248535156,,,,,,
2018-09-04,86.64776611328125,,,,,,
2018-09-05,88.30265808105469,,,,,,
2018-09-06,89.3321304321289,,,,,,
2018-09-07,88.73395538330078,,,,,,
2018-09-10,89.3872299194336,,,,,,
2018-09-11,89.1983413696289,,,,,,
2018-09-12,89.60759735107422,,,,,,
2018-09-13,90.50486755371094,,,,,,
2018-09-14,90.17430114746094,,,,,,
2018-09-17,90.82756042480467,,,,,,
2018-09-18,89.70990753173828,,,,,,
2018-09-19,89.54466247558594,,,,,,
2018-09-20,90.6858901977539,,,,,,
2018-09-21,90.44189453125,,,,,,
2018-09-24,88.36405944824219,,,,,,
2018-09-25,88.12794494628906,,,,,,
2018-09-26,87.75799560546875,,,,,,
2018-09-27,87.40382385253906,,,,,,
2018-09-28,87.9941177368164,,,,,,
2018-10-01,87.13623809814453,,,,,,
2018-10-02,85.5699691772461,,,,,,
2018-10-03,84.62548065185547,,,,,,
2018-10-04,83.90924072265625,,,,,,
2018-10-05,83.8147964477539,,,,,,
2018-10-08,85.15281677246094,,,,,,
2018-10-09,85.09773254394531,,,,,,
2018-10-10,84.48380279541016,,,,,,
2018-10-11,82.68929290771484,,,,,,
2018-10-12,82.8624496459961,,,,,,
2018-10-15,83.13790130615234,,,,,,
2018-10-16,84.5231704711914,,,,,,
2018-10-17,85.24727630615234,,,,,,
2018-10-18,84.94818115234375,,,,,,
2018-10-19,86.8056640625,,,,,,
2018-10-22,86.10517120361328,,,,,,
2018-10-23,86.67972564697266,,,,,,
2018-10-24,88.9071273803711,,,,,,
2018-10-25,88.82051849365234,,,,,,
2018-10-26,86.93158721923828,,,,,,
2018-10-29,88.8520278930664,,,,,,
2018-10-30,89.54466247558594,,,,,,
2018-10-31,88.45063781738281,,,,,,
2018-11-01,87.765869140625,,,,,,
2018-11-02,87.49827575683594,,,,,,
2018-11-05,90.0326156616211,,,,,,
2018-11-06,90.67800903320312,,,,,,
2018-11-07,90.99285888671876,,,,,,
2018-11-08,91.34701538085938,,,,,,
2018-11-09,92.46467590332033,,,,,,
2018-11-12,92.06328582763672,,,,,,
2018-11-13,92.19705963134766,,,,,,
2018-11-14,91.81141662597656,,,,,,
2018-11-15,91.92945861816406,,,,,,
2018-11-16,93.1494140625,,,,,,
2018-11-19,93.66888427734376,,,,,,
2018-11-20,91.29981231689452,,,,,,
2018-11-21,90.7331314086914,,,,,,
2018-11-23,90.83544158935548,,,,,,
2018-11-26,91.18959045410156,,,,,,
2018-11-27,91.6461181640625,,,,,,
2018-11-28,93.26746368408205,,,,,,
2018-11-29,93.0864486694336,,,,,,
2018-11-30,95.97498321533205,,,,,,
2018-12-03,93.64525604248048,,,,,,
2018-12-04,92.71653747558594,,,,,,
2018-12-06,92.69114685058594,,,,,,
2018-12-07,91.88195037841795,,,,,,
2018-12-10,92.1754913330078,,,,,,
2018-12-11,93.0481414794922,,,,,,
2018-12-12,92.81807708740234,,,,,,
2018-12-13,93.88904571533205,,,,,,
2018-12-14,90.39845275878906,,,,,,
2018-12-17,89.54167938232422,,,,,,
2018-12-18,88.72456359863281,,,,,,
2018-12-19,87.29656982421875,,,,,,
2018-12-20,87.43144226074219,,,,,,
2018-12-21,86.80474853515625,,,,,,
2018-12-24,84.11539459228516,,,,,,
2018-12-26,85.94003295898438,,,,,,
2018-12-27,86.80474853515625,,,,,,
2018-12-28,87.55044555664062,,,,,,
2018-12-31,87.64563751220703,,,,,,
2019-01-02,86.69367218017578,,,,,,
2019-01-03,85.8844985961914,,,,,,
2019-01-04,87.64563751220703,,,,,,
2019-01-07,86.89198303222656,,,,,,
2019-01-08,87.72498321533203,,,,,,
2019-01-09,85.27362823486328,,,,,,
2019-01-10,85.79723358154297,,,,,,
2019-01-11,85.80514526367188,,,,,,
2019-01-14,85.13874816894531,,,,,,
2019-01-15,86.46358489990234,,,,,,
2019-01-16,85.94795227050781,,,,,,
2019-01-17,86.64605712890625,,,,,,
2019-01-18,87.32038879394531,,,,,,
2019-01-22,87.19346618652344,,,,,,
2019-01-23,87.84397888183594,,,,,,
2019-01-24,86.86820220947266,,,,,,
2019-01-25,86.74919891357422,,,,,,
2019-01-28,86.32876586914062,,,,,,
2019-01-29,86.47152709960938,,,,,,
2019-01-30,87.91539764404297,,,,,,
2019-01-31,89.38299560546875,,,,,,
2019-02-01,89.00220489501953,,,,,,
2019-02-04,89.7162094116211,,,,,,
2019-02-05,89.56547546386719,,,,,,
2019-02-06,89.68450927734375,,,,,,
2019-02-07,89.7162094116211,,,,,,
2019-02-08,89.66067504882812,,,,,,
2019-02-11,89.62100982666016,,,,,,
2019-02-12,90.2715301513672,,,,,,
2019-02-13,90.53331756591795,,,,,,
2019-02-14,89.3195571899414,,,,,,
2019-02-15,91.953369140625,,,,,,
2019-02-19,91.96922302246094,,,,,,
2019-02-20,91.88990783691406,,,,,,
2019-02-21,92.10408782958984,,,,,,
2019-02-22,92.62767028808594,,,,,,
2019-02-25,92.07234191894533,,,,,,
2019-02-26,92.00094604492188,,,,,,
2019-02-27,91.52497100830078,,,,,,
2019-02-28,92.48307037353516,,,,,,
2019-03-01,92.9149398803711,,,,,,
2019-03-04,92.90691375732422,,,,,,
2019-03-05,92.79499053955078,,,,,,
2019-03-06,93.29882049560548,,,,,,
2019-03-07,92.85096740722656,,,,,,
2019-03-08,92.15516662597656,,,,,,
2019-03-11,93.24282836914062,,,,,,
2019-03-12,93.22684478759766,,,,,,
2019-03-13,93.2348403930664,,,,,,
2019-03-14,92.37110900878906,,,,,,
2019-03-15,92.49907684326172,,,,,,
2019-03-18,93.78667449951172,,,,,,
2019-03-19,94.44246673583984,,,,,,
2019-03-20,94.62639617919922,,,,,,
2019-03-21,95.5221176147461,,,,,,
2019-03-22,96.5457992553711,,,,,,
2019-03-25,96.6497573852539,,,,,,
2019-03-26,97.58547973632812,,,,,,
2019-03-27,97.48151397705078,,,,,,
2019-03-28,97.44149780273438,,,,,,
2019-03-29,98.00933074951172,,,,,,
2019-04-01,97.5694808959961,,,,,,
2019-04-02,97.31356048583984,,,,,,
2019-04-03,97.21759033203124,,,,,,
2019-04-04,97.14561462402344,,,,,,
2019-04-05,97.26558685302734,,,,,,
2019-04-08,97.5694808959961,,,,,,
2019-04-09,97.70543670654295,,,,,,
2019-04-10,97.60145568847656,,,,,,
2019-04-11,97.30554962158205,,,,,,
2019-04-12,97.75343322753906,,,,,,
2019-04-15,98.89705657958984,,,,,,
2019-04-16,97.89739990234376,,,,,,
2019-04-17,101.57622528076172,,,,,,
2019-04-18,101.64020538330078,,,,,,
2019-04-22,101.120361328125,,,,,,
2019-04-23,101.64020538330078,,,,,,
2019-04-24,101.5042495727539,,,,,,
2019-04-25,100.8724365234375,,,,,,
2019-04-26,101.08837890625,,,,,,
2019-04-29,101.32029724121094,,,,,,
2019-04-30,102.407958984375,,,,,,
2019-05-01,101.76016235351562,,,,,,
2019-05-02,101.4322738647461,,,,,,
2019-05-03,102.10407257080078,,,,,,
2019-05-06,101.78417205810548,,,,,,
2019-05-07,100.75249481201172,,,,,,
2019-05-08,100.78446197509766,,,,,,
2019-05-09,100.80848693847656,,,,,,
2019-05-10,102.37598419189452,,,,,,
2019-05-13,101.69620513916016,,,,,,
2019-05-14,101.89613342285156,,,,,,
2019-05-15,103.44766235351562,,,,,,
2019-05-16,104.18341827392578,,,,,,
2019-05-17,104.3753433227539,,,,,,
2019-05-20,103.95945739746094,,,,,,
2019-05-21,103.20771026611328,,,,,,
2019-05-22,104.02345275878906,,,,,,
2019-05-23,103.94348907470705,,,,,,
2019-05-24,103.56761932373048,,,,,,
2019-05-28,102.0720672607422,,,,,,
2019-05-29,102.50394439697266,,,,,,
2019-05-30,102.85582733154295,,,,,,
2019-05-31,102.3679656982422,,,,,,
2019-06-03,103.1517333984375,,,,,,
2019-06-04,103.22371673583984,,,,,,
2019-06-05,105.07913208007812,,,,,,
2019-06-06,106.3237762451172,,,,,,
2019-06-07,107.5241470336914,,,,,,
2019-06-10,107.62081146240234,,,,,,
2019-06-11,107.306640625,,,,,,
2019-06-12,107.25831604003906,,,,,,
2019-06-13,107.09716796875,,,,,,
2019-06-14,106.9280014038086,,,,,,
2019-06-17,106.75881958007812,,,,,,
2019-06-18,106.38825988769533,,,,,,
2019-06-19,107.02466583251952,,,,,,
2019-06-20,108.08000946044922,,,,,,
2019-06-21,107.91889190673828,,,,,,
2019-06-24,108.06390380859376,,,,,,
2019-06-25,107.79804229736328,,,,,,
2019-06-26,106.59768676757812,,,,,,
2019-06-27,106.09016418457033,,,,,,
2019-06-28,105.63904571533205,,,,,,
2019-07-01,106.23516845703124,,,,,,
2019-07-02,106.68630981445312,,,,,,
2019-07-03,107.94307708740234,,,,,,
2019-07-05,107.16160583496094,,,,,,
2019-07-08,106.7910614013672,,,,,,
2019-07-09,106.13043975830078,,,,,,
2019-07-10,108.28144073486328,,,,,,
2019-07-11,108.23309326171876,,,,,,
2019-07-12,107.37109375,,,,,,
2019-07-15,108.07194519042967,,,,,,
2019-07-16,107.79000091552734,,,,,,
2019-07-17,106.96827697753906,,,,,,
2019-07-18,107.0488510131836,,,,,,
2019-07-19,104.80120086669922,,,,,,
2019-07-22,104.95426940917967,,,,,,
2019-07-23,105.3248291015625,,,,,,
2019-07-24,104.09226989746094,,,,,,
2019-07-25,103.9150390625,,,,,,
2019-07-26,105.7115249633789,,,,,,
2019-07-29,105.9612808227539,,,,,,
2019-07-30,105.11538696289062,,,,,,
2019-07-31,102.96441650390624,,,,,,
2019-08-01,102.42466735839844,,,,,,
2019-08-02,103.05304718017578,,,,,,
2019-08-05,100.2173080444336,,,,,,
2019-08-06,101.8687973022461,,,,,,
2019-08-07,102.94024658203124,,,,,,
2019-08-08,104.3017120361328,,,,,,
2019-08-09,103.60084533691406,,,,,,
2019-08-12,103.39945220947266,,,,,,
2019-08-13,104.67229461669922,,,,,,
2019-08-14,104.01976013183594,,,,,,
2019-08-15,105.30872344970705,,,,,,
2019-08-16,106.14656066894533,,,,,,
2019-08-19,106.79908752441406,,,,,,
2019-08-20,106.38825988769533,,,,,,
2019-08-21,106.6138153076172,,,,,,
2019-08-22,106.87161254882812,,,,,,
2019-08-23,104.94621276855467,,,,,,
2019-08-26,107.7416763305664,,,,,,
2019-08-27,108.56333923339844,,,,,,
2019-08-28,108.90977478027344,,,,,,
2019-08-29,109.57843017578124,,,,,,
2019-08-30,110.15042114257812,,,,,,
2019-09-03,110.73853302001952,,,,,,
2019-09-04,112.09996795654295,,,,,,
2019-09-05,110.30323028564452,,,,,,
2019-09-06,111.43077850341795,,,,,,
2019-09-09,110.64393615722656,,,,,,
2019-09-10,110.2059097290039,,,,,,
2019-09-11,110.61146545410156,,,,,,
2019-09-12,111.3658676147461,,,,,,
2019-09-13,110.67636108398438,,,,,,
2019-09-16,109.41092681884766,,,,,,
2019-09-17,110.07611846923828,,,,,,
2019-09-18,109.9138641357422,,,,,,
2019-09-19,109.89763641357422,,,,,,
2019-09-20,109.27305603027344,,,,,,
2019-09-23,109.8652114868164,,,,,,
2019-09-24,109.80030822753906,,,,,,
2019-09-25,109.58128356933594,,,,,,
2019-09-26,110.0923309326172,,,,,,
2019-09-27,109.99495697021484,,,,,,
2019-09-30,111.21173858642578,,,,,,
2019-10-01,111.43077850341795,,,,,,
2019-10-02,108.64845275878906,,,,,,
2019-10-03,111.88501739501952,,,,,,
2019-10-04,113.791259765625,,,,,,
2019-10-07,112.21760559082033,,,,,,
2019-10-08,111.32533264160156,,,,,,
2019-10-09,111.82015228271484,,,,,,
2019-10-10,111.85255432128906,,,,,,
2019-10-11,111.6497802734375,,,,,,
2019-10-14,111.49568176269533,,,,,,
2019-10-15,110.58714294433594,,,,,,
2019-10-16,110.66017150878906,,,,,,
2019-10-17,111.09820556640624,,,,,,
2019-10-18,110.52225494384766,,,,,,
2019-10-21,110.4167938232422,,,,,,
2019-10-22,110.85482788085938,,,,,,
2019-10-23,111.49568176269533,,,,,,
2019-10-24,111.85255432128906,,,,,,
2019-10-25,110.83860778808594,,,,,,
2019-10-28,110.78184509277344,,,,,,
2019-10-29,110.38434600830078,,,,,,
2019-10-30,111.0495147705078,,,,,,
2019-10-31,111.26853942871094,,,,,,
2019-11-01,111.07386779785156,,,,,,
2019-11-04,109.6380615234375,,,,,,
2019-11-05,108.70523071289062,,,,,,
2019-11-06,109.05403137207033,,,,,,
2019-11-07,108.14551544189452,,,,,,
2019-11-08,107.99140167236328,,,,,,
2019-11-11,107.39112091064452,,,,,,
2019-11-12,107.05852508544922,,,,,,
2019-11-13,108.12118530273438,,,,,,
2019-11-14,108.15362548828124,,,,,,
2019-11-15,108.5429916381836,,,,,,
2019-11-18,108.74578857421876,,,,,,
2019-11-19,109.15948486328124,,,,,,
2019-11-20,108.48624420166016,,,,,,
2019-11-21,108.62411499023438,,,,,,
2019-11-22,108.75389099121094,,,,,,
2019-11-25,108.55921936035156,,,,,,
2019-11-26,110.07611846923828,,,,,,
2019-11-27,110.2464599609375,,,,,,
2019-11-29,110.18154907226562,,,,,,
2019-12-02,110.22212982177734,,,,,,
2019-12-03,109.88142395019533,,,,,,
2019-12-04,111.37398529052734,,,,,,
2019-12-05,111.36988830566406,,,,,,
2019-12-06,112.20308685302734,,,,,,
2019-12-09,112.03971099853516,,,,,,
2019-12-10,111.3127212524414,,,,,,
2019-12-11,111.9906997680664,,,,,,
2019-12-12,112.05603790283205,,,,,,
2019-12-13,112.6768798828125,,,,,,
2019-12-16,111.9580307006836,,,,,,
2019-12-17,111.23103332519533,,,,,,
2019-12-18,111.06766510009766,,,,,,
2019-12-19,111.47608184814452,,,,,,
2019-12-20,112.66053771972656,,,,,,
2019-12-23,111.94168853759766,,,,,,
2019-12-24,111.81916809082033,,,,,,
2019-12-26,111.65582275390624,,,,,,
2019-12-27,112.35013580322266,,,,,,
2019-12-30,111.7538070678711,,,,,,
2019-12-31,111.63948822021484,,,,,,
2020-01-02,110.94515228271484,,,,,,
2020-01-03,110.78993225097656,,,,,,
2020-01-06,111.21467590332033,,,,,,
2020-01-07,109.46663665771484,,,,,,
2020-01-08,110.03023529052734,,,,,,
2020-01-09,110.10376739501952,,,,,,
2020-01-10,109.89139556884766,,,,,,
2020-01-13,111.52509307861328,,,,,,
2020-01-14,111.78650665283205,,,,,,
2020-01-15,113.70611572265624,,,,,,
2020-01-16,114.04102325439452,,,,,,
2020-01-17,115.38883972167967,,,,,,
2020-01-21,115.8789291381836,,,,,,
2020-01-22,117.12053680419922,,,,,,
2020-01-23,117.34107208251952,,,,,,
2020-01-24,116.74478912353516,,,,,,
2020-01-27,116.107666015625,,,,,,
2020-01-28,116.35271453857422,,,,,,
2020-01-29,115.77273559570312,,,,,,
2020-01-30,117.4881362915039,,,,,,
2020-01-31,116.0096206665039,,,,,,
2020-02-03,116.40987396240234,,,,,,
2020-02-04,116.9898681640625,,,,,,
2020-02-05,117.87207794189452,,,,,,
2020-02-06,117.89656066894533,,,,,,
2020-02-07,118.7461166381836,,,,,,
2020-02-10,118.98294830322266,,,,,,
2020-02-11,119.32604217529295,,,,,,
2020-02-12,119.32604217529295,,,,,,
2020-02-13,119.64460754394533,,,,,,
2020-02-14,120.06938934326172,,,,,,
2020-02-18,118.93396759033205,,,,,,
2020-02-19,118.87682342529295,,,,,,
2020-02-20,118.57453155517578,,,,,,
2020-02-21,119.1381607055664,,,,,,
2020-02-24,116.51608276367188,,,,,,
2020-02-25,115.25814819335938,,,,,,
2020-02-26,115.97696685791016,,,,,,
2020-02-27,111.39440155029295,,,,,,
2020-02-28,107.8492660522461,,,,,,
2020-03-02,112.38279724121094,,,,,,
2020-03-03,110.74907684326172,,,,,,
2020-03-04,116.31187438964844,,,,,,
2020-03-05,113.56928253173828,,,,,,
2020-03-06,112.87845611572266,,,,,,
2020-03-09,107.03965759277344,,,,,,
2020-03-10,110.31267547607422,,,,,,
2020-03-11,106.70247650146484,,,,,,
2020-03-12,94.85214233398438,,,,,,
2020-03-13,104.81101989746094,,,,,,
2020-03-16,93.00179290771484,,,,,,
2020-03-17,105.03307342529295,,,,,,
2020-03-18,99.44095611572266,,,,,,
2020-03-19,96.49686431884766,,,,,,
2020-03-20,85.4688949584961,,,,,,
2020-03-23,86.49684143066406,,,,,,
2020-03-24,93.61858367919922,,,,,,
2020-03-25,92.51660919189452,,,,,,
2020-03-26,98.89820098876952,,,,,,
2020-03-27,99.06266021728516,,,,,,
2020-03-30,103.1909637451172,,,,,,
2020-03-31,98.76660919189452,,,,,,
2020-04-01,97.13831329345705,,,,,,
2020-04-02,101.85872650146484,,,,,,
2020-04-03,102.45904541015624,,,,,,
2020-04-06,107.86203002929688,,,,,,
2020-04-07,107.30281829833984,,,,,,
2020-04-08,109.05445861816406,,,,,,
2020-04-09,109.89327239990234,,,,,,
2020-04-13,107.63997650146484,,,,,,
2020-04-14,113.81597900390624,,,,,,
2020-04-15,111.04457092285156,,,,,,
2020-04-16,111.5462417602539,,,,,,
2020-04-17,113.11695861816406,,,,,,
2020-04-20,110.6498565673828,,,,,,
2020-04-21,107.68109893798828,,,,,,
2020-04-22,109.06267547607422,,,,,,
2020-04-23,107.1218719482422,,,,,,
2020-04-24,110.49362182617188,,,,,,
2020-04-27,110.5758285522461,,,,,,
2020-04-28,112.10546112060548,,,,,,
2020-04-29,109.67123413085938,,,,,,
2020-04-30,108.79129791259766,,,,,,
2020-05-01,107.02320861816406,,,,,,
2020-05-04,107.66465759277344,,,,,,
2020-05-05,108.28142547607422,,,,,,
2020-05-06,107.54953002929688,,,,,,
2020-05-07,108.18276977539062,,,,,,
2020-05-08,110.3866729736328,,,,,,
2020-05-11,110.51006317138672,,,,,,
2020-05-12,109.32584381103516,,,,,,
2020-05-13,109.34229278564452,,,,,,
2020-05-14,109.4409637451172,,,,,,
2020-05-15,111.8011703491211,,,,,,
2020-05-18,111.44757080078124,,,,,,
2020-05-19,108.3307876586914,,,,,,
2020-05-20,107.94425201416016,,,,,,
2020-05-21,107.0807876586914,,,,,,
2020-05-22,107.30281829833984,,,,,,
2020-05-26,106.70247650146484,,,,,,
2020-05-27,107.57418060302734,,,,,,
2020-05-28,108.79129791259766,,,,,,
2020-05-29,108.18276977539062,,,,,,
2020-06-01,109.3669662475586,,,,,,
2020-06-02,109.07091522216795,,,,,,
2020-06-03,109.2271728515625,,,,,,
2020-06-04,108.21026611328124,,,,,,
2020-06-05,109.7600326538086,,,,,,
2020-06-08,109.5694580078125,,,,,,
2020-06-09,110.19928741455078,,,,,,
2020-06-10,111.16061401367188,,,,,,
2020-06-11,105.9477767944336,,,,,,
2020-06-12,106.90914916992188,,,,,,
2020-06-15,108.1356964111328,,,,,,
2020-06-16,109.12190246582033,,,,,,
2020-06-17,109.1964874267578,,,,,,
2020-06-18,110.04180908203124,,,,,,
2020-06-19,108.79869842529295,,,,,,
2020-06-22,108.60809326171876,,,,,,
2020-06-23,108.86497497558594,,,,,,
2020-06-24,107.37322235107422,,,,,,
2020-06-25,108.90645599365234,,,,,,
2020-06-26,106.8510971069336,,,,,,
2020-06-29,108.63294219970705,,,,,,
2020-06-30,109.6108856201172,,,,,,
2020-07-01,109.69374084472656,,,,,,
2020-07-02,110.0998306274414,,,,,,
2020-07-06,110.47279357910156,,,,,,
2020-07-07,110.69652557373048,,,,,,
2020-07-08,111.2352066040039,,,,,,
2020-07-09,109.98381805419922,,,,,,
2020-07-10,111.43411254882812,,,,,,
2020-07-13,111.80705261230467,,,,,,
2020-07-14,112.3126220703125,,,,,,
2020-07-15,110.79597473144533,,,,,,
2020-07-16,110.95345306396484,,,,,,
2020-07-17,111.59986877441406,,,,,,
2020-07-20,110.31529998779295,,,,,,
2020-07-21,111.40924835205078,,,,,,
2020-07-22,112.71868133544922,,,,,,
2020-07-23,113.6054458618164,,,,,,
2020-07-24,112.76010131835938,,,,,,
2020-07-27,114.09442138671876,,,,,,
2020-07-28,113.85408020019533,,,,,,
2020-07-29,114.30988311767578,,,,,,
2020-07-30,114.11101531982422,,,,,,
2020-07-31,114.08612823486328,,,,,,
2020-08-03,113.29051208496094,,,,,,
2020-08-04,113.92868041992188,,,,,,
2020-08-05,112.91756439208984,,,,,,
2020-08-06,112.59440612792967,,,,,,
2020-08-07,113.3236846923828,,,,,,
2020-08-10,112.69381713867188,,,,,,
2020-08-11,111.98109436035156,,,,,,
2020-08-12,114.2021713256836,,,,,,
2020-08-13,114.4508056640625,,,,,,
2020-08-14,114.00325775146484,,,,,,
2020-08-17,114.30160522460938,,,,,,
2020-08-18,114.45909118652344,,,,,,
2020-08-19,113.08333587646484,,,,,,
2020-08-20,113.30709838867188,,,,,,
2020-08-21,113.09164428710938,,,,,,
2020-08-24,114.0695571899414,,,,,,
2020-08-25,113.78778076171876,,,,,,
2020-08-26,114.75743103027344,,,,,,
2020-08-27,114.69940948486328,,,,,,
2020-08-28,115.9756851196289,,,,,,
2020-08-31,116.0751495361328,,,,,,
2020-09-01,115.35411834716795,,,,,,
2020-09-02,118.75203704833984,,,,,,
2020-09-03,116.3338623046875,,,,,,
2020-09-04,115.82467651367188,,,,,,
2020-09-08,113.14523315429688,,,,,,
2020-09-09,114.4473876953125,,,,,,
2020-09-10,112.48580932617188,,,,,,
2020-09-11,113.36224365234376,,,,,,
2020-09-14,114.08015441894533,,,,,,
2020-09-15,113.20370483398438,,,,,,
2020-09-16,112.6694564819336,,,,,,
2020-09-17,111.18365478515624,,,,,,
2020-09-18,109.7396469116211,,,,,,
2020-09-21,109.54764556884766,,,,,,
2020-09-22,110.3072280883789,,,,,,
2020-09-23,109.34729766845705,,,,,,
2020-09-24,109.83145904541016,,,,,,
2020-09-25,111.47583770751952,,,,,,
2020-09-28,115.16524505615234,,,,,,
2020-09-29,114.48914337158205,,,,,,
2020-09-30,115.69115447998048,,,,,,
2020-10-01,117.52749633789062,,,,,,
2020-10-02,115.24038696289062,,,,,,
2020-10-05,115.1318588256836,,,,,,
2020-10-06,113.27044677734376,,,,,,
2020-10-07,114.36393737792967,,,,,,
2020-10-08,115.06512451171876,,,,,,
2020-10-09,115.55757904052734,,,,,,
2020-10-12,118.63768005371094,,,,,,
2020-10-13,119.81459045410156,,,,,,
2020-10-14,118.96318817138672,,,,,,
2020-10-15,118.0533447265625,,,,,,
2020-10-16,118.30377960205078,,,,,,
2020-10-19,116.59262084960938,,,,,,
2020-10-20,116.61767578125,,,,,,
2020-10-21,116.52584075927734,,,,,,
2020-10-22,116.5342025756836,,,,,,
2020-10-23,116.49246978759766,,,,,,
2020-10-26,115.24038696289062,,,,,,
2020-10-27,116.12517547607422,,,,,,
2020-10-28,111.99334716796876,,,,,,
2020-10-29,111.84312438964844,,,,,,
2020-10-30,111.2587890625,,,,,,
2020-11-02,112.81136322021484,,,,,,
2020-11-03,114.38895416259766,,,,,,
2020-11-04,115.0734405517578,,,,,,
2020-11-05,115.23202514648438,,,,,,
2020-11-06,115.50750732421876,,,,,,
2020-11-09,115.56591033935548,,,,,,
2020-11-10,118.2954330444336,,,,,,
2020-11-11,120.11505126953124,,,,,,
2020-11-12,120.06503295898438,,,,,,
2020-11-13,120.79122161865234,,,,,,
2020-11-16,121.66764068603516,,,,,,
2020-11-17,121.23362731933594,,,,,,
2020-11-18,119.68104553222656,,,,,,
2020-11-19,119.6310043334961,,,,,,
2020-11-20,119.71443176269533,,,,,,
2020-11-23,119.38057708740234,,,,,,
2020-11-24,120.2235870361328,,,,,,
2020-11-25,120.3321304321289,,,,,,
2020-11-27,120.69940948486328,,,,,,
2020-11-30,120.39056396484376,,,,,,
2020-12-01,121.92642974853516,,,,,,
2020-12-02,120.7161102294922,,,,,,
2020-12-03,121.43317413330078,,,,,,
2020-12-04,122.61011505126952,,,,,,
2020-12-07,122.20658111572266,,,,,,
2020-12-08,122.3326644897461,,,,,,
2020-12-09,122.47559356689452,,,,,,
2020-12-10,121.61811065673828,,,,,,
2020-12-11,121.8703384399414,,,,,,
2020-12-14,121.24822998046876,,,,,,
2020-12-15,121.7021942138672,,,,,,
2020-12-16,121.80305480957033,,,,,,
2020-12-17,122.492431640625,,,,,,
2020-12-18,123.51799011230467,,,,,,
2020-12-21,122.2317886352539,,,,,,
2020-12-22,121.07171630859376,,,,,,
2020-12-23,121.39956665039062,,,,,,
2020-12-24,121.94597625732422,,,,,,
2020-12-28,123.5011749267578,,,,,,
2020-12-29,123.92992401123048,,,,,,
2020-12-30,123.8374481201172,,,,,,
2020-12-31,124.66968536376952,,,,,,
2021-01-04,121.28184509277344,,,,,,
2021-01-05,121.64334106445312,,,,,,
2021-01-06,120.15534210205078,,,,,,
2021-01-07,119.76866149902344,,,,,,
2021-01-08,121.2061767578125,,,,,,
2021-01-11,119.44918823242188,,,,,,
2021-01-12,118.89437103271484,,,,,,
2021-01-13,119.86956787109376,,,,,,
2021-01-14,119.17179870605467,,,,,,
2021-01-15,118.86076354980467,,,,,,
2021-01-19,119.42401885986328,,,,,,
2021-01-20,118.8103485107422,,,,,,
2021-01-21,117.36438751220705,,,,,,
2021-01-22,116.50692749023438,,,,,,
2021-01-25,117.84355926513672,,,,,,
2021-01-26,119.2054443359375,,,,,,
2021-01-27,116.0445556640625,,,,,,
2021-01-28,117.01129150390624,,,,,,
2021-01-29,114.8087921142578,,,,,,
2021-02-01,115.15345764160156,,,,,,
2021-02-02,116.33039093017578,,,,,,
2021-02-03,116.0277328491211,,,,,,
2021-02-04,117.4232406616211,,,,,,
2021-02-05,118.4992904663086,,,,,,
2021-02-08,118.02849578857422,,,,,,
2021-02-09,117.35597229003906,,,,,,
2021-02-10,115.75872039794922,,,,,,
2021-02-11,113.46373748779295,,,,,,
2021-02-12,112.53900909423828,,,,,,
2021-02-16,112.9677505493164,,,,,,
2021-02-17,113.03498077392578,,,,,,
2021-02-18,113.79999542236328,,,,,,
2021-02-19,111.39568328857422,,,,,,
2021-02-22,110.95857238769533,,,,,,
2021-02-23,111.62267303466795,,,,,,
2021-02-24,111.0426254272461,,,,,,
2021-02-25,109.28567504882812,,,,,,
2021-02-26,108.60472106933594,,,,,,
2021-03-01,109.80685424804688,,,,,,
2021-03-02,110.18516540527344,,,,,,
2021-03-03,108.56267547607422,,,,,,
2021-03-04,109.1668701171875,,,,,,
2021-03-05,112.72581481933594,,,,,,
2021-03-08,111.96319580078124,,,,,,
2021-03-09,112.06488037109376,,,,,,
2021-03-10,113.1918716430664,,,,,,
2021-03-11,112.88682556152344,,,,,,
2021-03-12,112.73429870605467,,,,,,
2021-03-15,112.72581481933594,,,,,,
2021-03-16,113.5562515258789,,,,,,
2021-03-17,113.22574615478516,,,,,,
2021-03-18,112.30213928222656,,,,,,
2021-03-19,113.97146606445312,,,,,,
2021-03-22,116.7677993774414,,,,,,
2021-03-23,118.1744384765625,,,,,,
2021-03-24,117.6236343383789,,,,,,
2021-03-25,118.3184814453125,,,,,,
2021-03-26,120.91991424560548,,,,,,
2021-03-29,122.70785522460938,,,,,,
2021-03-30,120.78433990478516,,,,,,
2021-03-31,119.86067962646484,,,,,,
2021-04-01,119.71665954589844,,,,,,
2021-04-05,121.30970764160156,,,,,,
2021-04-06,121.74186706542967,,,,,,
2021-04-07,121.5215301513672,,,,,,
2021-04-08,120.78433990478516,,,,,,
2021-04-09,120.80974578857422,,,,,,
2021-04-12,121.19110107421876,,,,,,
2021-04-13,121.21649169921876,,,,,,
2021-04-14,120.41998291015624,,,,,,
2021-04-15,120.58942413330078,,,,,,
2021-04-16,122.15705108642578,,,,,,
2021-04-19,122.65701293945312,,,,,,
2021-04-20,123.47052001953124,,,,,,
2021-04-21,124.5466537475586,,,,,,
2021-04-22,123.77555847167967,,,,,,
2021-04-23,123.57217407226562,,,,,,
2021-04-26,121.47915649414062,,,,,,
2021-04-27,121.0809097290039,,,,,,
2021-04-28,120.18267059326172,,,,,,
2021-04-29,121.97064208984376,,,,,,
2021-04-30,122.15705108642578,,,,,,
2021-05-03,123.53826141357422,,,,,,
2021-05-04,121.98761749267578,,,,,,
2021-05-05,121.92828369140624,,,,,,
2021-05-06,123.34339904785156,,,,,,
2021-05-07,123.34339904785156,,,,,,
2021-05-10,124.32632446289062,,,,,,
2021-05-11,123.41962432861328,,,,,,
2021-05-12,122.21637725830078,,,,,,
2021-05-13,124.0297393798828,,,,,,
2021-05-14,124.21612548828124,,,,,,
2021-05-17,123.86029052734376,,,,,,
2021-05-18,123.30101013183594,,,,,,
2021-05-19,123.23322296142578,,,,,,
2021-05-20,124.75849151611328,,,,,,
2021-05-21,124.64830017089844,,,,,,
2021-05-24,125.28386688232422,,,,,,
2021-05-25,125.6651611328125,,,,,,
2021-05-26,125.6651611328125,,,,,,
2021-05-27,124.14837646484376,,,,,,
2021-05-28,125.36013793945312,,,,,,
2021-06-01,125.09744262695312,,,,,,
2021-06-02,125.59738159179688,,,,,,
2021-06-03,126.04551696777344,,,,,,
2021-06-04,126.19061279296876,,,,,,
2021-06-07,126.11380004882812,,,,,,
2021-06-08,124.93585205078124,,,,,,
2021-06-09,124.70543670654295,,,,,,
2021-06-10,125.98575592041016,,,,,,
2021-06-11,126.06258392333984,,,,,,
2021-06-14,126.8136978149414,,,,,,
2021-06-15,126.822265625,,,,,,
2021-06-16,125.5589599609375,,,,,,
2021-06-17,126.77105712890624,,,,,,
2021-06-18,124.12498474121094,,,,,,
2021-06-21,125.0980453491211,,,,,,
2021-06-22,125.28585815429688,,,,,,
2021-06-23,123.63845825195312,,,,,,
2021-06-24,124.3384017944336,,,,,,
2021-06-25,124.97004699707033,,,,,,
2021-06-28,125.50775146484376,,,,,,
2021-06-29,125.42244720458984,,,,,,
2021-06-30,126.4722900390625,,,,,,
2021-07-01,126.49789428710938,,,,,,
2021-07-02,127.10395050048828,,,,,,
2021-07-06,127.2917251586914,,,,,,
2021-07-07,127.85507202148438,,,,,,
2021-07-08,127.91481018066406,,,,,,
2021-07-09,127.59046936035156,,,,,,
2021-07-12,127.61609649658205,,,,,,
2021-07-13,130.56088256835938,,,,,,
2021-07-14,131.9095001220703,,,,,,
2021-07-15,132.51553344726562,,,,,,
2021-07-16,133.0020751953125,,,,,,
2021-07-19,132.98497009277344,,,,,,
2021-07-20,133.0020751953125,,,,,,
2021-07-21,132.50698852539062,,,,,,
2021-07-22,132.4643096923828,,,,,,
2021-07-23,134.16290283203125,,,,,,
2021-07-26,134.06900024414062,,,,,,
2021-07-27,134.8116455078125,,,,,,
2021-07-28,133.57394409179688,,,,,,
2021-07-29,133.84707641601562,,,,,,
2021-07-30,133.96656799316406,,,,,,
2021-08-02,133.42881774902344,,,,,,
2021-08-03,133.7275848388672,,,,,,
2021-08-04,131.4912567138672,,,,,,
2021-08-05,131.71316528320312,,,,,,
2021-08-06,131.730224609375,,,,,,
2021-08-09,131.747314453125,,,,,,
2021-08-10,131.8155975341797,,,,,,
2021-08-11,132.3362579345703,,,,,,
2021-08-12,132.36187744140625,,,,,,
2021-08-13,133.59951782226562,,,,,,
2021-08-16,134.9054718017578,,,,,,
2021-08-17,134.77748107910156,,,,,,
2021-08-18,133.3946990966797,,,,,,
2021-08-19,135.63954162597656,,,,,,
2021-08-20,135.16156005859375,,,,,,
2021-08-23,134.73477172851562,,,,,,
2021-08-24,133.06179809570312,,,,,,
2021-08-25,132.4728546142578,,,,,,
2021-08-26,131.986328125,,,,,,
2021-08-27,132.2509002685547,,,,,,
2021-08-30,133.15565490722656,,,,,,
2021-08-31,133.48855590820312,,,,,,
2021-09-01,134.78599548339844,,,,,,
2021-09-02,134.8848419189453,,,,,,
2021-09-03,135.00515747070312,,,,,,
2021-09-07,132.80503845214844,,,,,,
2021-09-08,134.6871795654297,,,,,,
2021-09-09,133.83633422851562,,,,,,
2021-09-10,133.6043243408203,,,,,,
2021-09-13,133.86216735839844,,,,,,
2021-09-14,133.33787536621094,,,,,,
2021-09-15,134.08560180664062,,,,,,
2021-09-16,133.69021606445312,,,,,,
2021-09-17,132.4613037109375,,,,,,
2021-09-20,132.01441955566406,,,,,,
2021-09-21,131.95423889160156,,,,,,
2021-09-22,132.35816955566406,,,,,,
2021-09-23,132.4613037109375,,,,,,
2021-09-24,132.5214385986328,,,,,,
2021-09-27,131.24951171875,,,,,,
2021-09-28,129.8142852783203,,,,,,
2021-09-29,130.88856506347656,,,,,,
2021-09-30,129.26426696777344,,,,,,
2021-10-01,129.72837829589844,,,,,,
2021-10-04,129.0838165283203,,,,,,
2021-10-05,129.84866333007812,,,,,,
2021-10-06,133.1746368408203,,,,,,
2021-10-07,134.40353393554688,,,,,,
2021-10-08,134.0941619873047,,,,,,
2021-10-11,134.27464294433594,,,,,,
2021-10-12,134.86761474609375,,,,,,
2021-10-13,135.77862548828125,,,,,,
2021-10-14,136.8700714111328,,,,,,
2021-10-15,136.48330688476562,,,,,,
2021-10-18,135.8645782470703,,,,,,
2021-10-19,137.59197998046875,,,,,,
2021-10-20,138.63185119628906,,,,,,
2021-10-21,136.80128479003906,,,,,,
2021-10-22,137.48028564453125,,,,,,
2021-10-25,136.835693359375,,,,,,
2021-10-26,138.5115203857422,,,,,,
2021-10-27,138.03025817871094,,,,,,
2021-10-28,138.8982696533203,,,,,,
2021-10-29,138.88111877441406,,,,,,
2021-11-01,138.58888244628906,,,,,,
2021-11-02,139.86080932617188,,,,,,
2021-11-03,141.2015380859375,,,,,,
2021-11-04,141.21011352539062,,,,,,
2021-11-05,142.66253662109375,,,,,,
2021-11-08,139.59439086914062,,,,,,
2021-11-09,140.5225830078125,,,,,,
2021-11-10,140.97804260253906,,,,,,
2021-11-11,139.81790161132812,,,,,,
2021-11-12,139.78347778320312,,,,,,
2021-11-15,140.7717742919922,,,,,,
2021-11-16,140.35064697265625,,,,,,
2021-11-17,140.4022216796875,,,,,,
2021-11-18,140.4452667236328,,,,,,
2021-11-19,140.78041076660156,,,,,,
2021-11-22,141.07260131835938,,,,,,
2021-11-23,142.01797485351562,,,,,,
2021-11-24,140.72024536132812,,,,,,
2021-11-26,138.4857177734375,,,,,,
2021-11-29,141.0640106201172,,,,,,
2021-11-30,137.31695556640625,,,,,,
2021-12-01,137.6435546875,,,,,,
2021-12-02,138.9716339111328,,,,,,
2021-12-03,142.51043701171875,,,,,,
2021-12-06,143.9899139404297,,,,,,
2021-12-07,143.82553100585938,,,,,,
2021-12-08,144.07644653320312,,,,,,
2021-12-09,143.89476013183594,,,,,,
2021-12-10,146.19622802734375,,,,,,
2021-12-13,146.9230499267578,,,,,,
2021-12-14,146.5596466064453,,,,,,
2021-12-15,148.44578552246094,,,,,,
2021-12-16,148.66212463378906,,,,,,
2021-12-17,145.61656188964844,,,,,,
2021-12-20,146.58558654785156,,,,,,
2021-12-21,146.1529541015625,,,,,,
2021-12-22,147.0614471435547,,,,,,
2021-12-23,146.89707946777344,,,,,,
2021-12-27,148.3592987060547,,,,,,
2021-12-28,149.12936401367188,,,,,,
2021-12-29,149.6571044921875,,,,,,
2021-12-30,149.39752197265625,,,,,,
2021-12-31,150.29739379882812,,,,,,
2022-01-03,149.66575622558594,,,,,,
2022-01-04,149.88209533691406,,,,,,
2022-01-05,150.392578125,,,,,,
2022-01-06,150.42718505859375,,,,,,
2022-01-07,150.6175079345703,,,,,,
2022-01-10,150.69534301757812,,,,,,
2022-01-11,150.62619018554688,,,,,,
2022-01-12,150.46176147460938,,,,,,
2022-01-13,150.70404052734375,,,,,,
2022-01-14,151.9672393798828,,,,,,
2022-01-18,150.51368713378906,,,,,,
2022-01-19,151.59523010253906,,,,,,
2022-01-20,150.4964141845703,,,,,,
2022-01-21,150.7386474609375,,,,,,
2022-01-24,149.96856689453125,,,,,,
2022-01-25,148.24681091308594,,,,,,
2022-01-26,146.68072509765625,,,,,,
2022-01-27,146.54234313964844,,,,,,
2022-01-28,149.39752197265625,,,,,,
2022-01-31,150.1330108642578,,,,,,
2022-02-01,149.11199951171875,,,,,,
2022-02-02,151.82015991210938,,,,,,
2022-02-03,151.73365783691406,,,,,,
2022-02-04,149.24180603027344,,,,,,
2022-02-07,148.6534423828125,,,,,,
2022-02-08,148.83517456054688,,,,,,
2022-02-09,148.76596069335938,,,,,,
2022-02-10,145.67710876464844,,,,,,
2022-02-11,145.85877990722656,,,,,,
2022-02-14,144.232177734375,,,,,,
2022-02-15,143.5919189453125,,,,,,
2022-02-16,143.88607788085938,,,,,,
2022-02-17,144.2754669189453,,,,,,
2022-02-18,145.10606384277344,,,,,,
2022-02-22,145.65980529785156,,,,,,
2022-02-23,144.22354125976562,,,,,,
2022-02-24,141.71441650390625,,,,,,
2022-02-25,145.68577575683594,,,,,,
2022-02-28,141.67115783691406,,,,,,
2022-03-01,140.39926147460938,,,,,,
2022-03-02,142.34600830078125,,,,,,
2022-03-03,142.193603515625,,,,,,
2022-03-04,144.35348510742188,,,,,,
2022-03-07,141.47946166992188,,,,,,
2022-03-08,137.49069213867188,,,,,,
2022-03-09,137.08132934570312,,,,,,
2022-03-10,134.5644073486328,,,,,,
2022-03-11,133.88511657714844,,,,,,
2022-03-14,135.7662811279297,,,,,,
2022-03-15,138.47482299804688,,,,,,
2022-03-16,139.0844268798828,,,,,,
2022-03-17,140.16439819335938,,,,,,
2022-03-18,141.77557373046875,,,,,,
2022-03-21,141.5752410888672,,,,,,
2022-03-22,143.12548828125,,,,,,
2022-03-23,142.37643432617188,,,,,,
2022-03-24,143.23870849609375,,,,,,
2022-03-25,143.90931701660156,,,,,,
2022-03-28,144.33604431152344,,,,,,
2022-03-29,146.47845458984375,,,,,,
2022-03-30,146.27818298339844,,,,,,
2022-03-31,145.7730255126953,,,,,,
2022-04-01,147.84579467773438,,,,,,
2022-04-04,147.46261596679688,,,,,,
2022-04-05,147.61936950683594,,,,,,
2022-04-06,150.13632202148438,,,,,,
2022-04-07,150.275634765625,,,,,,
2022-04-08,150.78082275390625,,,,,,
2022-04-11,150.3192138671875,,,,,,
2022-04-12,150.92884826660156,,,,,,
2022-04-13,150.6675567626953,,,,,,
2022-04-14,149.70953369140625,,,,,,
2022-04-18,148.4206085205078,,,,,,
2022-04-19,150.58045959472656,,,,,,
2022-04-20,152.81871032714844,,,,,,
2022-04-21,152.27003479003906,,,,,,
2022-04-22,149.92730712890625,,,,,,
2022-04-25,151.31202697753906,,,,,,
2022-04-26,150.92884826660156,,,,,,
2022-04-27,152.2787322998047,,,,,,
2022-04-28,154.58665466308594,,,,,,
2022-04-29,149.54409790039062,,,,,,
2022-05-02,146.10398864746094,,,,,,
2022-05-03,146.30430603027344,,,,,,
2022-05-04,151.4165496826172,,,,,,
2022-05-05,148.39447021484375,,,,,,
2022-05-06,148.4119110107422,,,,,,
2022-05-09,149.53538513183594,,,,,,
2022-05-10,149.35247802734375,,,,,,
2022-05-11,148.629638671875,,,,,,
2022-05-12,148.4031982421875,,,,,,
2022-05-13,151.29461669921875,,,,,,
2022-05-16,152.81871032714844,,,,,,
2022-05-17,151.93907165527344,,,,,,
2022-05-18,142.5245361328125,,,,,,
2022-05-19,140.3908233642578,,,,,,
2022-05-20,141.27044677734375,,,,,,
2022-05-23,144.22280883789062,,,,,,
2022-05-24,146.15625,,,,,,
2022-05-25,147.15777587890625,,,,,,
2022-05-26,148.15065002441406,,,,,,
2022-05-27,149.59634399414062,,,,,,
2022-05-31,146.09527587890625,,,,,,
2022-06-01,144.99790954589844,,,,,,
2022-06-02,146.1730499267578,,,,,,
2022-06-03,144.56825256347656,,,,,,
2022-06-06,145.17333984375,,,,,,
2022-06-07,146.0678253173828,,,,,,
2022-06-08,145.33995056152344,,,,,,
2022-06-09,142.7529296875,,,,,,
2022-06-10,142.52490234375,,,,,,
2022-06-13,140.0869140625,,,,,,
2022-06-14,136.91229248046875,,,,,,
2022-06-15,138.3768310546875,,,,,,
2022-06-16,137.71034240722656,,,,,,
2022-06-17,137.7366485595703,,,,,,
2022-06-21,140.9375762939453,,,,,,
2022-06-22,142.0951690673828,,,,,,
2022-06-23,143.91049194335938,,,,,,
2022-06-24,145.69073486328125,,,,,,
2022-06-27,145.88368225097656,,,,,,
2022-06-28,143.83154296875,,,,,,
2022-06-29,146.21690368652344,,,,,,
2022-06-30,146.15550231933594,,,,,,
2022-07-01,148.54966735839844,,,,,,
2022-07-05,148.2163848876953,,,,,,
2022-07-06,149.69847106933594,,,,,,
2022-07-07,149.40032958984375,,,,,,
2022-07-08,150.7333221435547,,,,,,
2022-07-11,149.49679565429688,,,,,,
2022-07-12,148.64613342285156,,,,,,
2022-07-13,149.17233276367188,,,,,,
2022-07-14,149.9440155029297,,,,,,
2022-07-15,150.0668182373047,,,,,,
2022-07-18,147.55870056152344,,,,,,
2022-07-19,149.13723754882812,,,,,,
2022-07-20,147.55870056152344,,,,,,
2022-07-21,147.7779083251953,,,,,,
2022-07-22,148.74258422851562,,,,,,
2022-07-25,148.95306396484375,,,,,,
2022-07-26,150.68943786621094,,,,,,
2022-07-27,150.47897338867188,,,,,,
2022-07-28,153.3291015625,,,,,,
2022-07-29,153.43435668945312,,,,,,
2022-08-01,155.17953491210938,,,,,,
2022-08-02,153.89918518066406,,,,,,
2022-08-03,155.07427978515625,,,,,,
2022-08-04,154.23240661621094,,,,,,
2022-08-05,153.07479858398438,,,,,,
2022-08-08,152.46096801757812,,,,,,
2022-08-09,153.0309600830078,,,,,,
2022-08-10,154.29379272460938,,,,,,
2022-08-11,153.50453186035156,,,,,,
2022-08-12,155.51278686523438,,,,,,
2022-08-15,157.22286987304688,,,,,,
2022-08-16,158.13491821289062,,,,,,
2022-08-17,158.04721069335938,,,,,,
2022-08-18,158.20510864257812,,,,,,
2022-08-19,158.00340270996094,,,,,,
2022-08-22,156.49501037597656,,,,,,
2022-08-23,156.42486572265625,,,,,,
2022-08-24,157.20530700683594,,,,,,
2022-08-25,157.21409606933594,,,,,,
2022-08-26,153.50453186035156,,,,,,
2022-08-29,153.02220153808594,,,,,,
2022-08-30,151.7067413330078,,,,,,
2022-08-31,151.07533264160156,,,,,,
2022-09-01,152.60267639160156,,,,,,
2022-09-02,150.669189453125,,,,,,
2022-09-06,149.65391540527344,,,,,,
2022-09-07,152.955810546875,,,,,,
2022-09-08,152.44375610351562,,,,,,
2022-09-09,152.92933654785156,,,,,,
2022-09-12,153.52967834472656,,,,,,
2022-09-13,147.79989624023438,,,,,,
2022-09-14,148.921142578125,,,,,,
2022-09-15,146.44911193847656,,,,,,
2022-09-16,147.41143798828125,,,,,,
2022-09-19,148.96527099609375,,,,,,
2022-09-20,149.133056640625,,,,,,
2022-09-21,148.7092742919922,,,,,,
2022-09-22,148.85049438476562,,,,,,
2022-09-23,148.77989196777344,,,,,,
2022-09-26,148.7180938720703,,,,,,
2022-09-27,146.56390380859375,,,,,,
2022-09-28,148.9122772216797,,,,,,
2022-09-29,147.0936279296875,,,,,,
2022-09-30,144.1360321044922,,,,,,
2022-10-03,145.89292907714844,,,,,,
2022-10-04,147.53501892089844,,,,,,
2022-10-05,146.55506896972656,,,,,,
2022-10-06,143.7299041748047,,,,,,
2022-10-07,142.6792755126953,,,,,,
2022-10-10,142.86473083496094,,,,,,
2022-10-11,143.54449462890625,,,,,,
2022-10-12,149.5479736328125,,,,,,
2022-10-13,154.15652465820312,,,,,,
2022-10-14,150.2542724609375,,,,,,
2022-10-17,152.49671936035156,,,,,,
2022-10-18,154.55380249023438,,,,,,
2022-10-19,153.0529327392578,,,,,,
2022-10-20,151.37548828125,,,,,,
2022-10-21,152.78805541992188,,,,,,
2022-10-24,156.86688232421875,,,,,,
2022-10-25,157.3878173828125,,,,,,
2022-10-26,158.09410095214844,,,,,,
2022-10-27,157.9263153076172,,,,,,
2022-10-28,160.88389587402344,,,,,,
2022-10-31,160.31004333496094,,,,,,
2022-11-01,159.58612060546875,,,,,,
2022-11-02,157.3612823486328,,,,,,
2022-11-03,156.95518493652344,,,,,,
2022-11-04,157.8380584716797,,,,,,
2022-11-07,159.10057067871094,,,,,,
2022-11-08,159.5419464111328,,,,,,
2022-11-09,157.63497924804688,,,,,,
2022-11-10,160.4159698486328,,,,,,
2022-11-11,157.19354248046875,,,,,,
2022-11-14,156.02813720703125,,,,,,
2022-11-15,156.43429565429688,,,,,,
2022-11-16,157.4407501220703,,,,,,
2022-11-17,158.9416046142578,,,,,,
2022-11-18,160.08935546875,,,,,,
2022-11-21,163.17054748535156,,,,,,
2022-11-22,163.18817138671875,,,,,,
2022-11-23,163.40008544921875,,,,,,
2022-11-25,162.54371643066406,,,,,,
2022-11-28,162.34945678710938,,,,,,
2022-11-29,161.20175170898438,,,,,,
2022-11-30,163.7797088623047,,,,,,
2022-12-01,165.1477508544922,,,,,,
2022-12-02,164.9612579345703,,,,,,
2022-12-05,162.67813110351562,,,,,,
2022-12-06,161.35447692871094,,,,,,
2022-12-07,161.84304809570312,,,,,,
2022-12-08,163.26443481445312,,,,,,
2022-12-09,162.66036987304688,,,,,,
2022-12-12,163.43325805664062,,,,,,
2022-12-13,163.3444061279297,,,,,,
2022-12-14,162.891357421875,,,,,,
2022-12-15,160.1285400390625,,,,,,
2022-12-16,160.20846557617188,,,,,,
2022-12-19,161.09681701660156,,,,,,
2022-12-20,160.99913024902344,,,,,,
2022-12-21,162.12734985351562,,,,,,
2022-12-22,160.87472534179688,,,,,,
2022-12-23,161.91412353515625,,,,,,
2022-12-27,162.63372802734375,,,,,,
2022-12-28,161.46109008789062,,,,,,
2022-12-29,161.66539001464844,,,,,,
2022-12-30,160.4927215576172,,,,,,
2023-01-03,159.38229370117188,,,,,,
2023-01-04,158.99142456054688,,,,,,
2023-01-05,157.33016967773438,,,,,,
2023-01-06,160.8836212158203,,,,,,
2023-01-09,159.3112030029297,,,,,,
2023-01-10,157.99644470214844,,,,,,
2023-01-11,158.174072265625,,,,,,
2023-01-12,156.15748596191406,,,,,,
2023-01-13,155.67779541015625,,,,,,
2023-01-17,156.40626525878906,,,,,,
2023-01-18,152.46188354492188,,,,,,
2023-01-19,150.69403076171875,,,,,,
2023-01-20,150.91610717773438,,,,,,
2023-01-23,150.240966796875,,,,,,
2023-01-24,151.63571166992188,,,,,,
2023-01-25,152.73727416992188,,,,,,
2023-01-26,151.21815490722656,,,,,,
2023-01-27,150.68515014648438,,,,,,
2023-01-30,150.56076049804688,,,,,,
2023-01-31,151.9288787841797,,,,,,
2023-02-01,152.40858459472656,,,,,,
2023-02-02,150.99607849121094,,,,,,
2023-02-03,150.240966796875,,,,,,
2023-02-06,152.63954162597656,,,,,,
2023-02-07,152.40858459472656,,,,,,
2023-02-08,152.05322265625,,,,,,
2023-02-09,153.49240112304688,,,,,,
2023-02-10,156.5305938720703,,,,,,
2023-02-13,157.9253692626953,,,,,,
2023-02-14,156.14862060546875,,,,,,
2023-02-15,156.36181640625,,,,,,
2023-02-16,155.91763305664062,,,,,,
2023-02-17,156.60165405273438,,,,,,
2023-02-21,156.51283264160156,,,,,,
2023-02-22,156.4595489501953,,,,,,
2023-02-23,156.6282958984375,,,,,,
2023-02-24,156.31739807128906,,,,,,
2023-02-27,156.2730255126953,,,,,,
2023-02-28,154.15867614746094,,,,,,
2023-03-01,152.20425415039062,,,,,,
2023-03-02,155.01255798339844,,,,,,
2023-03-03,154.86053466796875,,,,,,
2023-03-06,155.17359924316406,,,,,,
2023-03-07,154.4044189453125,,,,,,
2023-03-08,154.82476806640625,,,,,,
2023-03-09,153.6531219482422,,,,,,
2023-03-10,153.85887145996094,,,,,,
2023-03-13,155.36138916015625,,,,,,
2023-03-14,155.20040893554688,,,,,,
2023-03-15,157.9729461669922,,,,,,
2023-03-16,157.86563110351562,,,,,,
2023-03-17,156.63140869140625,,,,,,
2023-03-20,158.83154296875,,,,,,
2023-03-21,159.20718383789062,,,,,,
2023-03-22,157.86563110351562,,,,,,
2023-03-23,157.09646606445312,,,,,,
2023-03-24,160.1731414794922,,,,,,
2023-03-27,160.5308837890625,,,,,,
2023-03-28,160.47718811035156,,,,,,
2023-03-29,161.58621215820312,,,,,,
2023-03-30,161.72930908203125,,,,,,
2023-03-31,163.0440673828125,,,,,,
2023-04-03,163.2229461669922,,,,,,
2023-04-04,162.6416015625,,,,,,
2023-04-05,164.2425079345703,,,,,,
2023-04-06,164.88645935058594,,,,,,
2023-04-10,163.84898376464844,,,,,,
2023-04-11,163.5985565185547,,,,,,
2023-04-12,163.27659606933594,,,,,,
2023-04-13,164.9043426513672,,,,,,
2023-04-14,164.12623596191406,,,,,,
2023-04-17,164.96694946289062,,,,,,
2023-04-18,165.30682373046875,,,,,,
2023-04-19,165.2084503173828,,,,,,
2023-04-20,165.75399780273438,,,,,,
2023-04-21,165.82554626464844,,,,,,
2023-04-24,165.90602111816406,,,,,,
2023-04-25,169.67137145996094,,,,,,
2023-04-26,168.6249237060547,,,,,,
2023-04-27,169.65347290039062,,,,,,
2023-04-28,170.7266845703125,,,,,,
2023-05-01,171.43325805664062,,,,,,
2023-05-02,171.94305419921875,,,,,,
2023-05-03,171.8804473876953,,,,,,
2023-05-04,172.9536895751953,,,,,,
2023-05-05,173.74969482421875,,,,,,
2023-05-08,172.9268798828125,,,,,,
2023-05-09,173.63343811035156,,,,,,
2023-05-10,173.74969482421875,,,,,,
2023-05-11,174.70668029785156,,,,,,
2023-05-12,175.40426635742188,,,,,,
2023-05-15,173.74969482421875,,,,,,
2023-05-16,172.9984130859375,,,,,,
2023-05-17,171.7731170654297,,,,,,
2023-05-18,171.32591247558594,,,,,,
2023-05-19,171.5763702392578,,,,,,
2023-05-22,166.92562866210938,,,,,,
2023-05-23,166.4158477783203,,,,,,
2023-05-24,165.3604736328125,,,,,,
2023-05-25,164.38558959960938,,,,,,
2023-05-26,164.18887329101562,,,,,,
2023-05-30,162.4269256591797,,,,,,
2023-05-31,163.08876037597656,,,,,,
2023-06-01,164.08395385742188,,,,,,
2023-06-02,165.7681121826172,,,,,,
2023-06-05,165.8852081298828,,,,,,
2023-06-06,163.5165557861328,,,,,,
2023-06-07,162.2106475830078,,,,,,
2023-06-08,164.0028839111328,,,,,,
2023-06-09,164.22805786132812,,,,,,
2023-06-12,163.82278442382812,,,,,,
2023-06-13,163.49855041503906,,,,,,
2023-06-14,164.966552734375,,,,,,
2023-06-15,167.2541046142578,,,,,,
2023-06-16,167.5513458251953,,,,,,
2023-06-20,166.89385986328125,,,,,,
2023-06-21,167.00193786621094,,,,,,
2023-06-22,168.7311248779297,,,,,,
2023-06-23,167.578369140625,,,,,,
2023-06-26,166.515625,,,,,,
2023-06-27,167.7134552001953,,,,,,
2023-06-28,165.44387817382812,,,,,,
2023-06-29,165.6060028076172,,,,,,
2023-06-30,166.81283569335938,,,,,,
2023-07-03,167.1550750732422,,,,,,
2023-07-05,168.0376739501953,,,,,,
2023-07-06,168.05567932128906,,,,,,
2023-07-07,164.88548278808594,,,,,,
2023-07-10,165.98426818847656,,,,,,
2023-07-11,165.69606018066406,,,,,,
2023-07-12,164.966552734375,,,,,,
2023-07-13,168.8932342529297,,,,,,
2023-07-14,169.50570678710938,,,,,,
2023-07-17,167.18209838867188,,,,,,
2023-07-18,166.11936950683594,,,,,,
2023-07-19,167.74948120117188,,,,,,
2023-07-20,170.4873809814453,,,,,,
2023-07-21,171.2619171142578,,,,,,
2023-07-24,171.94635009765625,,,,,,
2023-07-25,172.34262084960938,,,,,,
2023-07-26,172.55880737304688,,,,,,
2023-07-27,169.79388427734375,,,,,,
2023-07-28,171.39698791503906,,,,,,
2023-07-31,168.83021545410156,,,,,,
2023-08-01,168.25381469726562,,,,,,
2023-08-02,169.5957489013672,,,,,,
2023-08-03,168.52401733398438,,,,,,
2023-08-04,166.25445556640625,,,,,,
2023-08-07,168.31687927246094,,,,,,
2023-08-08,166.11032104492188,,,,,,
2023-08-09,165.69606018066406,,,,,,
2023-08-10,165.48890686035156,,,,,,
2023-08-11,165.75006103515625,,,,,,
2023-08-14,165.371826171875,,,,,,
2023-08-15,163.3274383544922,,,,,,
2023-08-16,163.2013702392578,,,,,,
2023-08-17,160.71560668945312,,,,,,
2023-08-18,160.47244262695312,,,,,,
2023-08-21,159.4547882080078,,,,,,
2023-08-22,158.2389373779297,,,,,,
2023-08-23,160.41842651367188,,,,,,
2023-08-24,159.57183837890625,,,,,,
2023-08-25,161.5892333984375,,,,,,
2023-08-28,162.3367462158203,,,,,,
2023-08-29,162.94915771484375,,,,,,
2023-08-30,163.0842742919922,,,,,,
2023-08-31,161.36558532714844,,,,,,
2023-09-01,159.00750732421875,,,,,,
2023-09-05,157.9554443359375,,,,,,
2023-09-06,158.47239685058594,,,,,,
2023-09-07,159.9870147705078,,,,,,
2023-09-08,159.86911010742188,,,,,,
2023-09-11,162.28160095214844,,,,,,
2023-09-12,161.6830291748047,,,,,,
2023-09-13,162.96182250976562,,,,,,
2023-09-14,164.36761474609375,,,,,,
2023-09-15,163.10693359375,,,,,,
2023-09-18,162.6897430419922,,,,,,
2023-09-19,161.72836303710938,,,,,,
2023-09-20,161.78277587890625,,,,,,
2023-09-21,159.06192016601562,,,,,,
2023-09-22,158.96214294433594,,,,,,
2023-09-25,158.109619140625,,,,,,
2023-09-26,156.46800231933594,,,,,,
2023-09-27,153.79249572753906,,,,,,
2023-09-28,153.72901916503906,,,,,,
2023-09-29,153.6746063232422,,,,,,
2023-10-02,153.42970275878906,,,,,,
2023-10-03,152.0964813232422,,,,,,
2023-10-04,153.1939239501953,,,,,,
2023-10-05,145.20364379882812,,,,,,
2023-10-06,145.37596130371094,,,,,,
2023-10-09,146.3463897705078,,,,,,
2023-10-10,149.10354614257812,,,,,,
2023-10-11,147.48915100097656,,,,,,
2023-10-12,143.37158203125,,,,,,
2023-10-13,145.11294555664062,,,,,,
2023-10-16,146.09243774414062,,,,,,
2023-10-17,145.44851684570312,,,,,,
2023-10-18,146.9540252685547,,,,,,
2023-10-19,145.62081909179688,,,,,,
2023-10-20,145.11294555664062,,,,,,
2023-10-23,145.1854705810547,,,,,,
2023-10-24,147.09915161132812,,,,,,
2023-10-25,147.2443084716797,,,,,,
2023-10-26,146.39175415039062,,,,,,
2023-10-27,144.7682647705078,,,,,,
2023-10-30,147.1807861328125,,,,,,
2023-10-31,148.08775329589844,,,,,,
2023-11-01,149.52978515625,,,,,,
2023-11-02,151.30743408203125,,,,,,
2023-11-03,151.27114868164062,,,,,,
2023-11-06,151.18955993652344,,,,,,
2023-11-07,151.62489318847656,,,,,,
2023-11-08,151.81532287597656,,,,,,
2023-11-09,150.6997833251953,,,,,,
2023-11-10,151.38906860351562,,,,,,
2023-11-13,152.1599578857422,,,,,,
2023-11-14,152.46835327148438,,,,,,
2023-11-15,151.6883544921875,,,,,,
2023-11-16,152.10557556152344,,,,,,
2023-11-17,151.24392700195312,,,,,,
2023-11-20,151.02626037597656,,,,,,
2023-11-21,152.1871795654297,,,,,,
2023-11-22,153.47509765625,,,,,,
2023-11-24,153.61106872558594,,,,,,
2023-11-27,152.65879821777344,,,,,,
2023-11-28,153.1485595703125,,,,,,
2023-11-29,151.60670471191406,,,,,,
2023-11-30,153.7954559326172,,,,,,
2023-12-01,154.16099548339844,,,,,,
2023-12-04,154.57225036621094,,,,,,
2023-12-05,153.4755859375,,,,,,
2023-12-06,153.08262634277344,,,,,,
2023-12-07,153.0369415283203,,,,,,
2023-12-08,151.41024780273438,,,,,,
2023-12-11,153.36595153808594,,,,,,
2023-12-12,153.95994567871094,,,,,,
2023-12-13,157.19505310058594,,,,,,
2023-12-14,153.75889587402344,,,,,,
2023-12-15,152.61656188964844,,,,,,
2023-12-18,154.36207580566406,,,,,,
2023-12-19,153.4847412109375,,,,,,
2023-12-20,151.4193878173828,,,,,,
2023-12-21,152.58917236328125,,,,,,
2023-12-22,153.2379913330078,,,,,,
2023-12-26,154.3163604736328,,,,,,
2023-12-27,154.80982971191406,,,,,,
2023-12-28,154.80075073242188,,,,,,
2023-12-29,155.2119598388672,,,,,,
2024-01-02,158.0175323486328,,,,,,
2024-01-03,158.0540771484375,,,,,,
2024-01-04,156.70155334472656,,,,,,
2024-01-05,154.38946533203125,,,,,,
2024-01-08,154.54481506347656,,,,,,
2024-01-09,152.77191162109375,,,,,,
2024-01-10,152.54345703125,,,,,,
2024-01-11,151.8214874267578,,,,,,
2024-01-12,152.86334228515625,,,,,,
2024-01-16,151.8580322265625,,,,,,
2024-01-17,152.10479736328125,,,,,,
2024-01-18,152.77191162109375,,,,,,
2024-01-19,151.5016326904297,,,,,,
2024-01-22,150.88934326171875,,,,,,
2024-01-23,153.20144653320312,,,,,,
2024-01-24,151.337158203125,,,,,,
2024-01-25,152.21444702148438,,,,,,
2024-01-26,153.40249633789062,,,,,,
2024-01-29,153.66749572753906,,,,,,
2024-01-30,155.01089477539062,,,,,,
2024-01-31,154.01480102539062,,,,,,
2024-02-01,156.9117431640625,,,,,,
2024-02-02,156.24459838867188,,,,,,
2024-02-05,156.1989288330078,,,,,,
2024-02-06,156.65589904785156,,,,,,
2024-02-07,156.70155334472656,,,,,,
2024-02-08,158.87657165527344,,,,,,
2024-02-09,153.22885131835938,,,,,,
2024-02-12,155.91561889648438,,,,,,
2024-02-13,154.33465576171875,,,,,,
2024-02-14,153.09178161621094,,,,,,
2024-02-15,153.40249633789062,,,,,,
2024-02-16,151.99514770507812,,,,,,
2024-02-20,154.1244354248047,,,,,,
2024-02-21,154.28895568847656,,,,,,
2024-02-22,153.75889587402344,,,,,,
2024-02-23,154.99264526367188,,,,,,
2024-02-26,153.76803588867188,,,,,,
2024-02-27,153.6766357421875,,,,,,
2024-02-28,152.64395141601562,,,,,,
2024-02-29,152.25259399414062,,,,,,
2024-03-01,151.56198120117188,,,,,,
2024-03-04,152.2802276611328,,,,,,
2024-03-05,149.21380615234375,,,,,,
2024-03-06,150.0978546142578,,,,,,
2024-03-07,150.19912719726562,,,,,,
2024-03-08,150.1438751220703,,,,,,
2024-03-11,151.6908721923828,,,,,,
2024-03-12,151.51593017578125,,,,,,
2024-03-13,152.21580505371094,,,,,,
2024-03-14,151.7369384765625,,,,,,
2024-03-15,151.62644958496094,,,,,,
2024-03-18,157.7040252685547,,,,,,
2024-03-19,158.20126342773438,,,,,,
2024-03-20,158.2565155029297,,,,,,
2024-03-21,158.79981994628906,,,,,,
2024-03-22,158.40386962890625,,,,,,
2024-03-25,158.93797302246094,,,,,,
2024-03-26,159.05764770507812,,,,,,
2024-03-27,159.8311767578125,,,,,,
2024-03-28,161.1571807861328,,,,,,
2024-04-01,159.28787231445312,,,,,,
2024-04-02,157.86978149414062,,,,,,
2024-04-03,156.24905395507812,,,,,,
2024-04-04,156.221435546875,,,,,,
2024-04-05,155.7518310546875,,,,,,
2024-04-08,156.156982421875,,,,,,
2024-04-09,157.10545349121094,,,,,,
2024-04-10,155.57687377929688,,,,,,
2024-04-11,155.0335693359375,,,,,,
2024-04-12,154.79415893554688,,,,,,
2024-04-15,153.73516845703125,,,,,,
2024-04-16,154.24163818359375,,,,,,
2024-04-17,156.0648956298828,,,,,,
2024-04-18,158.6340789794922,,,,,,
2024-04-19,160.34686279296875,,,,,,
2024-04-22,162.49240112304688,,,,,,
2024-04-23,157.6671905517578,,,,,,
2024-04-24,163.36724853515625,,,,,,
2024-04-25,162.69500732421875,,,,,,
2024-04-26,161.68209838867188,,,,,,
2024-04-29,162.19773864746094,,,,,,
2024-04-30,161.9859619140625,,,,,,
2024-05-01,161.2861328125,,,,,,
2024-05-02,161.5623779296875,,,,,,
2024-05-03,162.20693969726562,,,,,,
2024-05-06,161.90309143066406,,,,,,
2024-05-07,163.928955078125,,,,,,
2024-05-08,163.36724853515625,,,,,,
2024-05-09,163.9657745361328,,,,,,
2024-05-10,165.558837890625,,,,,,
2024-05-13,166.5809783935547,,,,,,
2024-05-14,165.63250732421875,,,,,,
2024-05-15,165.2549591064453,,,,,,
2024-05-16,168.6160430908203,,,,,,
2024-05-17,167.76885986328125,,,,,,
2024-05-20,166.0376739501953,,,,,,
2024-05-21,166.74671936035156,,,,,,
2024-05-22,167.67677307128906,,,,,,
2024-05-23,165.0800018310547,,,,,,
2024-05-24,163.90130615234375,,,,,,
2024-05-28,159.6562042236328,,,,,,
2024-05-29,157.6027374267578,,,,,,
2024-05-30,156.98577880859375,,,,,,
2024-05-31,159.21421813964844,,,,,,
2024-06-03,157.67640686035156,,,,,,
2024-06-04,160.12582397460938,,,,,,
2024-06-05,159.7575225830078,,,,,,
2024-06-06,159.490478515625,,,,,,
2024-06-07,158.74331665039062,,,,,,
2024-06-10,153.97286987304688,,,,,,
2024-06-11,153.20252990722656,,,,,,
2024-06-12,152.05169677734375,,,,,,
2024-06-13,151.58763122558594,,,,,,
2024-06-14,152.03314208984375,,,,,,
2024-06-17,154.19561767578125,,,,,,
2024-06-18,154.5111541748047,,,,,,
2024-06-20,154.69677734375,,,,,,
2024-06-21,155.253662109375,,,,,,
2024-06-24,155.99615478515625,,,,,,
2024-06-25,155.31863403320312,,,,,,
2024-06-26,154.7524871826172,,,,,,
2024-06-27,154.30697631835938,,,,,,
2024-06-28,153.07260131835938,,,,,,
2024-07-01,151.1792449951172,,,,,,
2024-07-02,151.81967163085938,,,,,,
2024-07-03,150.91015625,,,,,,
2024-07-05,152.57144165039062,,,,,,
2024-07-08,150.464599609375,,,,,,
2024-07-09,150.26043701171875,,,,,,
2024-07-10,151.8289337158203,,,,,,
2024-07-11,152.16305541992188,,,,,,
2024-07-12,154.41839599609375,,,,,,
2024-07-15,152.07952880859375,,,,,,
2024-07-16,152.91481018066406,,,,,,
2024-07-17,157.676025390625,,,,,,
2024-07-18,158.1215057373047,,,,,,
2024-07-19,157.1841278076172,,,,,,
2024-07-22,155.60633850097656,,,,,,
2024-07-23,154.32554626464844,,,,,,
2024-07-24,156.0796661376953,,,,,,
2024-07-25,158.72479248046875,,,,,,
2024-07-26,160.33041381835938,,,,,,
2024-07-29,160.75732421875,,,,,,
2024-07-30,160.7294921875,,,,,,
2024-07-31,160.25616455078125,,,,,,
2024-08-01,162.38153076171875,,,,,,
2024-08-02,165.24008178710938,,,,,,
2024-08-05,161.52764892578125,,,,,,
2024-08-06,160.08909606933594,,,,,,
2024-08-07,159.4394073486328,,,,,,
2024-08-08,159.9777069091797,,,,,,
2024-08-09,159.99627685546875,,,,,,
2024-08-12,159.09603881835938,,,,,,
2024-08-13,159.9777069091797,,,,,,
2024-08-14,161.22140502929688,,,,,,
2024-08-15,160.11692810058594,,,,,,
2024-08-16,160.2097625732422,,,,,,
2024-08-19,161.323486328125,,,,,,
2024-08-20,163.20755004882812,,,,,,
2024-08-21,162.61355590820312,,,,,,
2024-08-22,163.10545349121094,,,,,,
2024-08-23,163.22608947753906,,,,,,
2024-08-26,163.31890869140625,,,,,,
2024-08-27,162.69705200195312,,,,,,
2024-08-28,161.41627502441406,,,,,,
2024-08-29,159.7178497314453,,,,,,
2024-08-30,160.4510498046875,,,,,,
2024-09-03,164.77603149414062,,,,,,
2024-09-04,165.68557739257812,,,,,,
2024-09-05,166.4095001220703,,,,,,
2024-09-06,165.84373474121094,,,,,,
2024-09-09,166.6386260986328,,,,,,
2024-09-10,166.2832489013672,,,,,,
2024-09-11,164.3848419189453,,,,,,
2024-09-12,165.75953674316406,,,,,,
2024-09-13,165.86241149902344,,,,,,
2024-09-16,165.72215270996094,,,,,,
2024-09-17,165.4041748046875,,,,,,
2024-09-18,163.851806640625,,,,,,
2024-09-19,163.33746337890625,,,,,,
2024-09-20,160.0830535888672,,,,,,
2024-09-23,160.95277404785156,,,,,,
2024-09-24,158.90472412109375,,,,,,
2024-09-25,158.41842651367188,,,,,,
2024-09-26,158.6896514892578,,,,,,
2024-09-27,158.97955322265625,,,,,,
2024-09-30,159.02630615234375,,,,,,
2024-10-01,160.27008056640625,,,,,,
2024-10-02,158.5587158203125,,,,,,
2024-10-03,157.60484313964844,,,,,,
2024-10-04,157.08114624023438,,,,,,
2024-10-07,156.37042236328125,,,,,,
2024-10-08,159.372314453125,,,,,,
2024-10-09,161.35488891601562,,,,,,
2024-10-10,161.7757110595703,,,,,,
2024-10-11,163.4777374267578,,,,,,
2024-10-14,164.68411254882812,,,,,,
2024-10-15,164.49705505371094,,,,,,
2024-10-16,163.16909790039062,,,,,,
2024-10-17,163.3468017578125,,,,,,
2024-10-18,163.71151733398438,,,,,,
2024-10-21,163.6647491455078,,,,,,
2024-10-22,163.06626892089844,,,,,,
2024-10-23,161.73829650878906,,,,,,
2024-10-24,160.99951171875,,,,,,
2024-10-25,160.6534881591797,,,,,,
2024-10-28,158.8299102783203,,,,,,
2024-10-29,156.64161682128906,,,,,,
2024-10-30,155.43524169921875,,,,,,
2024-10-31,155.3136749267578,,,,,,
2024-11-01,154.8554229736328,,,,,,
2024-11-04,155.55679321289062,,,,,,
2024-11-05,156.9689178466797,,,,,,
2024-11-06,154.032470703125,,,,,,
2024-11-07,153.36851501464844,,,,,,
2024-11-08,154.4065399169922,,,,,,
2024-11-11,153.61163330078125,,,,,,
2024-11-12,153.6864471435547,,,,,,
2024-11-13,154.06053161621094,,,,,,
2024-11-14,154.4439697265625,,,,,,
2024-11-15,148.33724975585938,,,,,,
2024-11-18,148.06607055664062,,,,,,
2024-11-19,146.56044006347656,,,,,,
2024-11-20,148.44949340820312,,,,,,
2024-11-21,149.9457550048828,,,,,,
2024-11-22,151.49813842773438,,,,,,
2024-11-25,152.48007202148438,,,,,,
2024-11-26,151.64779663085938,,,,,,
2024-11-27,152.1714630126953,,,,,,
2024-11-29,152.85415649414062,,,,,,
2024-12-02,152.48007202148438,,,,,,
2024-12-03,151.21759033203125,,,,,,
2024-12-04,149.796142578125,,,,,,
2024-12-05,150.08604431152344,,,,,,
2024-12-06,148.8175048828125,,,,,,
2024-12-09,150.40200805664062,,,,,,
2024-12-10,150.75094604492188,,,,,,
2024-12-11,147.8555145263672,,,,,,
2024-12-12,149.86439514160156,,,,,,
2024-12-13,148.98728942871094,,,,,,
2024-12-16,147.14817810058594,,,,,,
2024-12-17,147.26133728027344,,,,,,
2024-12-18,145.6485595703125,,,,,,
2024-12-19,142.85687255859375,,,,,,
2024-12-20,144.101806640625,,,,,,
2024-12-23,142.6871337890625,,,,,,
2024-12-24,144.12071228027344,,,,,,
2024-12-26,143.77174377441406,,,,,,
2024-12-27,144.19613647460938,,,,,,
2024-12-30,143.0926971435547,,,,,,
2024-12-31,143.41334533691406,,,,,,
2025-01-02,141.66854858398438,,,,,,
2025-01-03,141.14036560058594,,,,,,
2025-01-06,137.9525909423828,,,,,,
2025-01-07,137.13206481933594,,,,,,
2025-01-08,138.2072296142578,,,,,,
2025-01-10,134.5290069580078,,,,,,
2025-01-13,136.28323364257812,,,,,,
2025-01-14,136.7076416015625,,,,,,
2025-01-15,136.54730224609375,,,,,,
2025-01-16,138.2072296142578,,,,,,
2025-01-17,139.8199920654297,,,,,,
2025-01-21,140.10293579101562,,,,,,
2025-01-22,139.66908264160156,,,,,,
2025-01-23,140.16896057128906,,,,,,
2025-01-24,140.64051818847656,,,,,,
2025-01-27,145.818359375,,,,,,
2025-01-28,141.70626831054688,,,,,,
2025-01-29,141.81942749023438,,,,,,
2025-01-30,143.26242065429688,,,,,,
2025-01-31,142.12123107910156,,,,,,
2025-02-03,141.7251434326172,,,,,,
2025-02-04,135.33065795898438,,,,,,
2025-02-05,137.37725830078125,,,,,,
2025-02-06,137.0849151611328,,,,,,
2025-02-07,136.35867309570312,,,,,,
2025-02-10,136.1417694091797,,,,,,
2025-02-11,137.3583984375,,,,,,
2025-02-12,135.80224609375,,,,,,
2025-02-13,136.35867309570312,,,,,,
2025-02-14,135.23634338378906,,,,,,
2025-02-18,135.90597534179688,,,,,,
2025-02-19,137.51873779296875,,,,,,
2025-02-20,140.62168884277344,,,,,,
2025-02-21,144.771484375,,,,,,
2025-02-24,145.10154724121094,,,,,,
2025-02-25,147.52540588378906,,,,,,
2025-02-26,142.89462280273438,,,,,,
2025-02-27,143.3756103515625,,,,,,
2025-02-28,144.7431640625,,,,,,
2025-03-03,147.119873046875,,,,,,
2025-03-04,145.4222412109375,,,,,,
2025-03-05,145.12985229492188,,,,,,
2025-03-06,145.818359375,,,,,,
2025-03-07,146.94586181640625,,,,,,
2025-03-10,148.6680145263672,,,,,,
2025-03-11,144.938232421875,,,,,,
2025-03-12,140.98007202148438,,,,,,
2025-03-13,141.14181518554688,,,,,,
2025-03-14,141.3797149658203,,,,,,
2025-03-17,143.99627685546875,,,,,,
2025-03-18,141.76031494140625,,,,,,
2025-03-19,140.9230194091797,,,,,,
2025-03-20,140.00958251953125,,,,,,
2025-03-21,138.39205932617188,,,,,,
2025-03-24,139.3435516357422,,,,,,
2025-03-25,138.4777069091797,,,,,,
2025-03-26,141.4272918701172,,,,,,
2025-03-27,142.4073028564453,,,,,,
2025-03-28,142.02671813964844,,,,,,
2025-03-31,142.66419982910156,,,,,,
2025-04-01,142.4073028564453,,,,,,
2025-04-02,141.8839874267578,,,,,,
2025-04-03,144.02481079101562,,,,,,
2025-04-04,139.49578857421875,,,,,,
2025-04-07,136.2417449951172,,,,,,
2025-04-08,133.49197387695312,,,,,,
2025-04-09,138.5252685546875,,,,,,
2025-04-10,137.14564514160156,,,,,,
2025-04-11,137.4215545654297,,,,,,
2025-04-14,139.62899780273438,,,,,,
2025-04-15,135.90872192382812,,,,,,
2025-04-16,133.2921600341797,,,,,,
2025-04-17,135.90872192382812,,,,,,
2025-04-21,134.85260009765625,,,,,,
2025-04-22,136.49867248535156,,,,,,
2025-04-23,135.35687255859375,,,,,,
2025-04-24,128.74411010742188,,,,,,
2025-04-25,126.90776824951172,,,,,,
2025-04-28,127.2693099975586,,,,,,
2025-04-29,127.79264831542967,,,,,,
2025-04-30,129.0010223388672,,,,,,
2025-05-01,127.06951141357422,,,,,,
2025-05-02,127.25980377197266,,,,,,
2025-05-05,125.58522033691406,,,,,,
2025-05-06,124.3958740234375,,,,,,
2025-05-07,125.51861572265624,,,,,,
2025-05-08,125.05238342285156,,,,,,
2025-05-09,124.11044311523438,,,,,,
2025-05-12,125.2902603149414,,,,,,
2025-05-13,123.98673248291016,,,,,,
2025-05-14,122.2169952392578,,,,,,
2025-05-15,125.11900329589844,,,,,,
2025-05-16,125.57569885253906,,,,,,
2025-05-19,125.39492797851562,,,,,,
2025-05-20,125.4044418334961,,,,,,
2025-05-21,123.83450317382812,,,,,,
2025-05-22,123.8059539794922,,,,,,
2025-05-23,123.06380462646484,,,,,,
2025-05-27,124.99529266357422,,,,,,
2025-05-28,124.32926177978516,,,,,,
2025-05-29,125.51861572265624,,,,,,
2025-05-30,125.07142639160156,,,,,,
2025-06-02,124.55762481689452,,,,,,
2025-06-03,125.4520263671875,,,,,,
2025-06-04,125.34735107421876,,,,,,
2025-06-05,124.74793243408205,,,,,,
2025-06-06,125.0778579711914,,,,,,
2025-06-09,125.01053619384766,,,,,,
2025-06-10,126.8093032836914,,,,,,
2025-06-11,124.95280456542967,,,,,,
2025-06-12,127.26140594482422,,,,,,
2025-06-13,125.86664581298828,,,,,,
2025-06-16,126.4052963256836,,,,,,
2025-06-17,124.36603546142578,,,,,,
2025-06-18,124.15442657470705,,,,,,
2025-06-20,124.15442657470705,,,,,,
2025-06-23,124.17365264892578,,,,,,
2025-06-24,126.05902862548828,,,,,,
2025-06-25,123.1444091796875,,,,,,
2025-06-26,123.33679962158205,,,,,,
2025-06-27,126.04937744140624,,,,,,
2025-06-30,127.01130676269533,,,,,,
2025-07-01,130.1086883544922,,,,,,
2025-07-02,131.28219604492188,,,,,,
2025-07-03,130.22412109375,,,,,,
2025-07-07,129.3295135498047,,,,,,
2025-07-08,129.8970489501953,,,,,,
2025-07-09,129.35838317871094,,,,,,
2025-07-10,130.89744567871094,,,,,,
2025-07-11,130.1086883544922,,,,,,
2025-07-14,130.4068603515625,,,,,,
2025-07-15,128.71389770507812,,,,,,
2025-07-16,130.19525146484375,,,,,,
2025-07-17,139.90098571777344,,,,,,
2025-07-18,137.78475952148438,,,,,,
2025-07-21,136.30340576171875,,,,,,
2025-07-22,140.47813415527344,,,,,,
2025-07-23,140.1125946044922,,,,,,
2025-07-24,139.00637817382812,,,,,,
2025-07-25,137.9867706298828,,,,,,
2025-07-28,136.17837524414062,,,,,,
2025-07-29,138.41000366210938,,,,,,
2025-07-30,137.41921997070312,,,,,,
2025-07-31,132.6673583984375,,,,,,
2025-08-01,133.97557067871094,,,,,,
2025-08-04,134.24490356445312,,,,,,
2025-08-05,134.1391143798828,,,,,,
2025-08-06,135.43768310546875,,,,,,
2025-08-07,138.43887329101562,,,,,,
2025-08-08,139.6797332763672,,,,,,
2025-08-11,139.35267639160156,,,,,,
2025-08-12,141.27651977539062,,,,,,
2025-08-13,143.6620635986328,,,,,,
2025-08-14,142.95986938476562,,,,,,
2025-08-15,144.67205810546875,,,,,,
2025-08-18,143.8544464111328,,,,,,
2025-08-19,146.3650360107422,,,,,,
2025-08-20,144.989501953125,,,,,,
2025-08-21,143.30615234375,,,,,,
2025-08-22,143.94100952148438,,,,,,
2025-08-25,142.55584716796875,,,,,,
2025-08-26,141.4015655517578,,,,,,
2025-08-27,142.01718139648438,,,,,,
2025-08-28,141.38230895996094,,,,,,
2025-08-29,142.9887237548828,,,,,,
2025-09-02,144.55665588378906,,,,,,
2025-09-03,142.97911071777344,,,,,,
2025-09-04,141.29574584960938,,,,,,
2025-09-05,142.19227600097656,,,,,,
2025-09-08,137.64649963378906,,,,,,
2025-09-09,138.9966278076172,,,,,,
2025-09-10,138.56924438476562,,,,,,
2025-09-11,140.09422302246094,,,,,,
2025-09-12,139.414306640625,,,,,,
2025-09-15,136.607177734375,,,,,,
2025-09-16,136.01466369628906,,,,,,
2025-09-17,137.1802520751953,,,,,,
2025-09-18,136.694580078125,,,,,,
2025-09-19,137.69505310058594,,,,,,
2025-09-22,136.98599243164062,,,,,,
2025-09-23,137.83103942871094,,,,,,
2025-09-24,138.09329223632812,,,,,,
2025-09-25,135.90780639648438,,,,,,
2025-09-26,136.41290283203125,,,,,,
2025-09-29,136.15065002441406,,,,,,
2025-09-30,136.41290283203125,,,,,,
2025-10-01,139.0354766845703,,,,,,
2025-10-02,138.22926330566406,,,,,,
2025-10-03,137.90875244140625,,,,,,
2025-10-06,135.69410705566406,,,,,,
2025-10-07,136.7528533935547,,,,,,
2025-10-08,134.85877990722656,,,,,,
2025-10-09,140.5604705810547,,,,,,
2025-10-10,145.77647399902344,,,,,,
2025-10-13,144.62060546875,,,,,,
2025-10-14,147.19459533691406,,,,,,
2025-10-15,146.8255157470703,,,,,,
2025-10-16,148.29220581054688,,,,,,
2025-10-17,149.30239868164062,,,,,,
2025-10-20,149.23440551757812,,,,,,
2025-10-21,148.78756713867188,,,,,,
2025-10-22,148.6418914794922,,,,,,
2025-10-23,147.16546630859375,,,,,,
2025-10-24,147.20433044433594,,,,,,
2025-10-27,148.2533721923828,,,,,,
2025-10-28,145.81532287597656,,,,,,
2025-10-29,141.9688720703125,,,,,,
2025-10-30,143.31903076171875,,,,,,
2025-10-31,141.90089416503906,,,,,,
2025-11-03,139.4822998046875,,,,,,
2025-11-04,138.8023681640625,,,,,,
2025-11-05,138.76351928710938,,,,,,
2025-11-06,137.5202178955078,,,,,,
2025-11-07,138.85093688964844,,,,,,
2025-11-10,138.53038024902344,,,,,,
2025-11-11,140.91986083984375,,,,,,
2025-11-12,140.2496337890625,,,,,,
2025-11-13,140.861572265625,,,,,,
2025-11-14,141.66778564453125,,,,,,
2025-11-17,143.5909881591797,,,,,,
2025-11-18,144.50404357910156,,,,,,
2025-11-19,142.8916473388672,,,,,,
2025-11-20,141.9105987548828,,,,,,
2025-11-21,142.13400268554688,,,,,,
2025-11-24,141.32781982421875,,,,,,
2025-11-25,141.92030334472656,,,,,,
2025-11-26,143.7366943359375,,,,,,
2025-11-28,144.47491455078125,,,,,,
2025-12-01,145.2228240966797,,,,,,
2025-12-02,144.34864807128906,,,,,,
2025-12-03,143.81439208984375,,,,,,
2025-12-04,142.6973876953125,,,,,,
2025-12-05,142.2393341064453,,,,,,
2025-12-08,142.837646484375,,,,,,
2025-12-09,141.86660766601562,,,,,,
2025-12-10,146.82960510253906,,,,,,
2025-12-11,146.1822509765625,,,,,,
2025-12-12,147.76138305664062,,,,,,
2025-12-15,148.32046508789062,,,,,,
2025-12-16,147.48675537109375,,,,,,
2025-12-17,147.2023162841797,,,,,,
2025-12-18,146.50592041015625,,,,,,
2025-12-19,145.3191375732422,,,,,,
2025-12-22,144.23040771484375,,,,,,
2025-12-23,140.92503356933594,,,,,,
2025-12-24,140.98388671875,,,,,,
2025-12-26,141.02310180664062,,,,,,
2025-12-29,141.4742889404297,,,,,,
2025-12-30,141.3958282470703,,,,,,
2025-12-31,140.7681121826172,,,,,,
2026-01-02,139.50282287597656,,,,,,
2026-01-05,137.23712158203125,,,,,,
2026-01-06,136.2955322265625,,,,,,
2026-01-07,134.38291931152344,,,,,,
2026-01-08,136.69766235351562,,,,,,
2026-01-09,137.22732543945312,,,,,,
2026-01-12,138.64952087402344,,,,,,
2026-01-13,140.72886657714844,,,,,,
2026-01-14,143.1220703125,,,,,,
2026-01-15,143.75962829589844,,,,,,
2026-01-16,143.51441955566406,,,,,,
2026-01-20,144.82872009277344,,,,,,
2026-01-21,143.92636108398438,,,,,,
2026-01-22,141.63121032714844,,,,,,
2026-01-23,141.80776977539062,,,,,,
2026-01-26,143.07302856445312,,,,,,
2026-01-27,145.92724609375,,,,,,
2026-01-28,145.65261840820312,,,,,,
2026-01-29,145.83897399902344,,,,,,
2026-01-30,150.6842498779297,,,,,,
2026-02-02,152.22413635253906,,,,,,
2026-02-03,159.7274627685547,,,,,,
2026-02-04,162.99359130859375,,,,,,
2026-02-05,164.31771850585938,,,,,,
2026-02-06,167.22096252441406,,,,,,
2026-02-09,163.27804565429688,,,,,,
2026-02-10,163.76846313476562,,,,,,
2026-02-11,165.9066619873047,,,,,,
2026-02-12,163.99404907226562,,,,,,
2026-02-13,162.75820922851562,,,,,,
2026-02-17,158.81529235839844,,,,,,
2026-02-18,161.2379150390625,,,,,,
2026-02-19,161.43409729003906,,,,,,
2026-02-20,161.7773895263672,,,,,,
2026-02-23,165.0925750732422,,,,,,
2026-02-24,166.28916931152344,,,,,,
2026-02-25,165.92626953125,,,,,,
2026-02-26,164.36676025390625,,,,,,
2026-02-27,166.4853515625,,,,,,
2026-03-02,164.072509765625,,,,,,
2026-03-03,161.7479705810547,,,,,,
2026-03-04,160.7769317626953,,,,,,
2026-03-05,157.61866760253906,,,,,,
2026-03-06,157.77008056640625,,,,,,
2026-03-09,159.8482208251953,,,,,,
2026-03-10,159.1060333251953,,,,,,
2026-03-11,158.4825897216797,,,,,,
2026-03-12,157.20602416992188,,,,,,
2026-03-13,158.2154083251953,,,,,,
2026-03-16,156.07789611816406,,,,,,
2026-03-17,154.87059020996094,,,,,,
2026-03-18,151.94140625,,,,,,
2026-03-19,151.14974975585938,,,,,,
2026-03-20,148.47784423828125,,,,,,
2026-03-23,149.30911254882812,,,,,,
2026-03-24,149.02212524414062,,,,,,
2026-03-25,150.15025329589844,,,,,,
2026-03-26,149.25962829589844,,,,,,
2026-03-27,151.4466094970703,,,,,,
2026-03-30,155.18727111816406,,,,,,
2026-03-31,153.67318725585938,,,,,,
2026-04-01,153.0398406982422,,,,,,
2026-04-02,155.37527465820312,,,,,,
2026-04-06,155.0981903076172,,,,,,
2026-04-07,151.61485290527344,,,,,,
2026-04-08,153.18829345703125,,,,,,
2026-04-09,155.8502960205078,,,,,,
2026-04-10,155.4247589111328,,,,,,
2026-04-13,154.25704956054688,,,,,,
2026-04-14,154.0987091064453,,,,,,
2026-04-15,153.23777770996094,,,,,,
2026-04-16,156.73101806640625,,,,,,
2026-04-17,156.02841186523438,,,,,,
2026-04-20,155.35549926757812,,,,,,
2026-04-21,153.30703735351562,,,,,,
2026-04-22,152.1887969970703,,,,,,
2026-04-23,154.07891845703125,,,,,,
2026-04-24,153.82162475585938,,,,,,
2026-04-27,152.49559020996094,,,,,,
2026-04-28,154.6627655029297,,,,,,
2026-04-29,153.67318725585938,,,,,,
2026-04-30,156.83987426757812,,,,,,
2026-05-01,155.7711181640625,,,,,,
2026-05-04,152.98046875,,,,,,
2026-05-05,153.42578125,,,,,,
2026-05-06,154.33621215820312,,,,,,
2026-05-07,154.6627655029297,,,,,,
2026-05-08,153.01016235351562,,,,,,
2026-05-11,147.8544158935547,,,,,,
2026-05-12,150.26901245117188,,,,,,
2026-05-13,147.7158660888672,,,,,,
2026-05-14,147.1221160888672,,,,,,
2026-05-15,147.5674285888672,,,,,,
2026-05-18,147.508056640625,,,,,,
2026-05-19,148.80441284179688,,,,,,
2026-05-20,147.73565673828125,,,,,,
2026-05-21,147.3002471923828,,,,,,
2026-05-22,149.00233459472656,,,,,,
2026-05-26,144.16323852539062,,,,,,
2026-05-27,146.20179748535156,,,,,,
2026-05-28,144.7668914794922,,,,,,
2026-05-29,142.6887664794922,,,,,,
2026-06-01,140.0465545654297,,,,,,
2026-06-02,140.5215606689453,,,,,,
2026-06-03,141.05592346191406,,,,,,
2026-06-04,140.6699981689453,,,,,,
2026-06-05,141.9199981689453,,,,,,
2026-06-08,140.67999267578125,,,,,,
2026-06-09,142.77999877929688,,,,,,
2026-06-10,144.32000732421875,,,,,,
2026-06-11,143.72999572753906,,,,,,
2026-06-12,144.27000427246094,,,,,,
2026-06-15,146.25,,,,,,
2026-06-16,146.1199951171875,,,,,,
2026-06-17,141.58999633789062,,,,,,
2026-06-18,142.02000427246094,,,,,,
2026-06-22,140.7100067138672,,,,,,
2026-06-23,142.0500030517578,,,,,,
2026-06-24,142.27000427246094,,,,,,
2026-06-25,139.52000427246094,,,,,,
2026-06-26,141.38999938964844,,,,,,
2026-06-29,138.67999267578125,,,,,,
2026-06-30,135.39999389648438,,,,,,
2026-07-01,141.16000366210938,,,,,,
2026-07-02,144.22000122070312,,,,,,
2026-07-06,143.29,,,,,,
2026-07-07,144.98,,,,,,
2026-07-08,142.51,,,,,,
2026-07-09,137.86,,,,,,
2026-07-10,137.38,,,,,,
2026-07-13,138.49,,,,,,
2026-07-14,135.45,,,,,,
2026-07-15,135.4,,,,,,
2026-07-16,139.43,,,,,,
2026-07-17,137.12,,,,,,
2026-07-20,135.46,,,,,,
2026-07-21,135.0,,,,,,
2026-07-22,135.65,,,,,,
2026-07-23,134.95,,,,,,
2026-07-24,136.64,,,,,,
2026-07-27,139.79,,,,,,
2026-07-28,142.86,,,,,,
2026-07-29,143.5,,,,,,
2026-07-30,140.2,,,,,,
2026-07-31,139.56,,,,,,
2026-08-03,139.63,,,,,,
2026-08-04,139.1,,,,,,
2026-08-05,138.78,,,,,,
2026-08-06,138.44,,,,,,
2026-08-07,139.02,,,,,,
2026-08-10,137.73,,,,,,
2026-08-11,138.41,,,,,,
2026-08-12,138.7,,,,,,
2026-08-13,140.62,,,,,,
2026-08-14,140.79,,,,,,
2026-08-17,138.24,,,,,,
2026-08-18,140.13,,,,,,
2026-08-19,142.58,,,,,,
2026-08-20,142.08,,,,,,
2026-08-21,143.48,,,,,,
2026-08-24,144.67,,,,,,
2026-08-25,142.27,,,,,,
2026-08-26,142.19,,,,,,
2026-08-27,139.72,,,,,,
2026-08-28,141.07,,,,,,
2026-08-31,140.34,140.8,141.04,139.33,2571966.0,140.207,14694.0
2026-09-01,139.79,141.19,141.43,139.37,2550641.0,140.119,13659.0
