date,close,open,high,low,volume,average,barCount
2012-03-21,17.215595245361328,,,,,,
2012-03-22,17.15108871459961,,,,,,
2012-03-23,17.133880615234375,,,,,,
2012-03-26,17.391923904418945,,,,,,
2012-03-27,17.36612319946289,,,,,,
2012-03-28,17.189794540405273,,,,,,
2012-03-29,17.19839859008789,,,,,,
2012-03-30,17.232805252075195,,,,,,
2012-04-02,17.310211181640625,,,,,,
2012-04-03,17.155384063720703,,,,,,
2012-04-04,16.970468521118164,,,,,,
2012-04-05,17.009166717529297,,,,,,
2012-04-09,16.819934844970703,,,,,,
2012-04-10,16.50598907470703,,,,,,
2012-04-11,16.65221405029297,,,,,,
2012-04-12,16.880146026611328,,,,,,
2012-04-13,16.70380973815918,,,,,,
2012-04-16,16.58769989013672,,,,,,
2012-04-17,16.85434341430664,,,,,,
2012-04-18,16.871540069580078,,,,,,
2012-04-19,16.686616897583008,,,,,,
2012-04-20,16.64361000061035,,,,,,
2012-04-23,16.381269454956055,,,,,,
2012-04-24,16.432878494262695,,,,,,
2012-04-25,16.536090850830078,,,,,,
2012-04-26,16.811328887939453,,,,,,
2012-04-27,16.841442108154297,,,,,,
2012-04-30,16.9317569732666,,,,,,
2012-05-01,17.00056266784668,,,,,,
2012-05-02,17.01776885986328,,,,,,
2012-05-03,16.73392677307129,,,,,,
2012-05-04,16.346864700317383,,,,,,
2012-05-07,16.342561721801758,,,,,,
2012-05-08,16.243648529052734,,,,,,
2012-05-09,16.136137008666992,,,,,,
2012-05-10,16.09312629699707,,,,,,
2012-05-11,16.196338653564453,,,,,,
2012-05-14,16.067319869995117,,,,,,
2012-05-15,16.063018798828125,,,,,,
2012-05-16,15.860886573791504,,,,,,
2012-05-17,15.568438529968262,,,,,,
2012-05-18,15.319002151489258,,,,,,
2012-05-21,15.688860893249512,,,,,,
2012-05-22,15.68026065826416,,,,,,
2012-05-23,15.740464210510254,,,,,,
2012-05-24,15.52973461151123,,,,,,
2012-05-25,15.67165184020996,,,,,,
2012-05-29,15.826480865478516,,,,,,
2012-05-30,15.585648536682127,,,,,,
2012-05-31,15.585648536682127,,,,,,
2012-06-01,15.04805850982666,,,,,,
2012-06-04,15.121166229248049,,,,,,
2012-06-05,15.129768371582031,,,,,,
2012-06-06,15.645852088928224,,,,,,
2012-06-07,15.568438529968262,,,,,,
2012-06-08,15.706061363220217,,,,,,
2012-06-11,15.48673152923584,,,,,,
2012-06-12,15.48673152923584,,,,,,
2012-06-13,15.48673152923584,,,,,,
2012-06-14,15.6114501953125,,,,,,
2012-06-15,15.6114501953125,,,,,,
2012-06-18,15.6114501953125,,,,,,
2012-06-19,16.136137008666992,,,,,,
2012-06-20,16.193456649780273,,,,,,
2012-06-21,15.615891456604004,,,,,,
2012-06-22,15.615891456604004,,,,,,
2012-06-25,15.499505043029783,,,,,,
2012-06-26,15.654685974121094,,,,,,
2012-06-27,15.749503135681152,,,,,,
2012-06-28,15.51675033569336,,,,,,
2012-06-29,16.038284301757812,,,,,,
2012-07-02,15.973634719848633,,,,,,
2012-07-03,16.184829711914062,,,,,,
2012-07-05,16.215009689331055,,,,,,
2012-07-06,15.883119583129885,,,,,,
2012-07-09,15.783985137939451,,,,,,
2012-07-10,15.602954864501951,,,,,,
2012-07-11,15.546927452087402,,,,,,
2012-07-12,15.426236152648926,,,,,,
2012-07-13,15.564163208007812,,,,,,
2012-07-16,15.42192554473877,,,,,,
2012-07-17,15.490888595581056,,,,,,
2012-07-18,15.490888595581056,,,,,,
2012-07-19,15.973634719848633,,,,,,
2012-07-20,15.973634719848633,,,,,,
2012-07-23,15.456409454345703,,,,,,
2012-07-24,15.30124282836914,,,,,,
2012-07-25,15.357277870178224,,,,,,
2012-07-26,15.633127212524414,,,,,,
2012-07-27,16.081392288208008,,,,,,
2012-07-30,15.921915054321287,,,,,,
2012-07-31,15.870180130004885,,,,,,
2012-08-01,15.84001350402832,,,,,,
2012-08-02,15.732260704040527,,,,,,
2012-08-03,15.732260704040527,,,,,,
2012-08-06,16.236557006835938,,,,,,
2012-08-07,16.46499252319336,,,,,,
2012-08-08,16.46499252319336,,,,,,
2012-08-09,16.469310760498047,,,,,,
2012-08-10,16.529653549194336,,,,,,
2012-08-13,16.46068000793457,,,,,,
2012-08-14,16.50379180908203,,,,,,
2012-08-15,16.50379180908203,,,,,,
2012-08-16,16.745159149169922,,,,,,
2012-08-17,16.745159149169922,,,,,,
2012-08-20,16.684818267822266,,,,,,
2012-08-21,16.611547470092773,,,,,,
2012-08-22,16.611547470092773,,,,,,
2012-08-23,16.611547470092773,,,,,,
2012-08-24,16.577062606811523,,,,,,
2012-08-27,16.577062606811523,,,,,,
2012-08-28,16.577062606811523,,,,,,
2012-08-29,16.546894073486328,,,,,,
2012-08-30,16.38741683959961,,,,,,
2012-08-31,16.46068000793457,,,,,,
2012-09-04,16.46068000793457,,,,,,
2012-09-05,16.46068000793457,,,,,,
2012-09-06,16.727920532226562,,,,,,
2012-09-07,16.8227481842041,,,,,,
2012-09-10,16.8227481842041,,,,,,
2012-09-11,16.70206069946289,,,,,,
2012-09-12,16.73223304748535,,,,,,
2012-09-13,16.69775390625,,,,,,
2012-09-14,17.077043533325195,,,,,,
2012-09-17,16.96928596496582,,,,,,
2012-09-18,16.96928596496582,,,,,,
2012-09-19,17.02349090576172,,,,,,
2012-09-20,17.02349090576172,,,,,,
2012-09-21,17.02349090576172,,,,,,
2012-09-24,16.858718872070312,,,,,,
2012-09-25,16.832706451416016,,,,,,
2012-09-26,16.832706451416016,,,,,,
2012-09-27,16.832706451416016,,,,,,
2012-09-28,16.832706451416016,,,,,,
2012-10-01,16.71996307373047,,,,,,
2012-10-02,16.71996307373047,,,,,,
2012-10-03,16.71996307373047,,,,,,
2012-10-04,16.71996307373047,,,,,,
2012-10-05,16.88474464416504,,,,,,
2012-10-08,16.88474464416504,,,,,,
2012-10-09,16.88474464416504,,,,,,
2012-10-10,16.472810745239258,,,,,,
2012-10-11,16.386085510253906,,,,,,
2012-10-12,16.386085510253906,,,,,,
2012-10-15,16.429445266723633,,,,,,
2012-10-16,16.6202335357666,,,,,,
2012-10-17,16.654922485351562,,,,,,
2012-10-18,16.53351402282715,,,,,,
2012-10-19,16.394758224487305,,,,,,
2012-10-22,16.394758224487305,,,,,,
2012-10-23,16.030529022216797,,,,,,
2012-10-24,16.030529022216797,,,,,,
2012-10-25,16.030529022216797,,,,,,
2012-10-26,16.147602081298828,,,,,,
2012-10-31,16.147602081298828,,,,,,
2012-11-01,16.212648391723633,,,,,,
2012-11-02,16.212648391723633,,,,,,
2012-11-05,16.412099838256836,,,,,,
2012-11-06,16.412099838256836,,,,,,
2012-11-07,16.412099838256836,,,,,,
2012-11-08,16.412099838256836,,,,,,
2012-11-09,16.030529022216797,,,,,,
2012-11-12,16.030529022216797,,,,,,
2012-11-13,16.00017547607422,,,,,,
2012-11-14,16.00017547607422,,,,,,
2012-11-15,16.00017547607422,,,,,,
2012-11-16,15.770368576049805,,,,,,
2012-11-19,16.004507064819336,,,,,,
2012-11-20,16.039199829101562,,,,,,
2012-11-21,16.039199829101562,,,,,,
2012-11-23,16.039199829101562,,,,,,
2012-11-26,16.303709030151367,,,,,,
2012-11-27,16.368741989135742,,,,,,
2012-11-28,16.19096565246582,,,,,,
2012-11-29,16.611562728881836,,,,,,
2012-11-30,16.611562728881836,,,,,,
2012-12-03,16.611562728881836,,,,,,
2012-12-04,16.611562728881836,,,,,,
2012-12-05,16.598548889160156,,,,,,
2012-12-06,16.598548889160156,,,,,,
2012-12-07,16.650592803955078,,,,,,
2012-12-10,16.702617645263672,,,,,,
2012-12-11,16.858718872070312,,,,,,
2012-12-12,16.858718872070312,,,,,,
2012-12-13,16.858718872070312,,,,,,
2012-12-14,16.858718872070312,,,,,,
2012-12-17,16.91942596435547,,,,,,
2012-12-18,16.996084213256836,,,,,,
2012-12-19,17.15725326538086,,,,,,
2012-12-20,17.152891159057617,,,,,,
2012-12-21,16.887187957763672,,,,,,
2012-12-24,16.887187957763672,,,,,,
2012-12-26,16.887187957763672,,,,,,
2012-12-27,16.739105224609375,,,,,,
2012-12-28,16.604074478149414,,,,,,
2012-12-31,16.530025482177734,,,,,,
2013-01-02,17.305349349975586,,,,,,
2013-01-03,17.348905563354492,,,,,,
2013-01-04,17.379398345947266,,,,,,
2013-01-07,17.383750915527344,,,,,,
2013-01-08,17.383750915527344,,,,,,
2013-01-09,17.383750915527344,,,,,,
2013-01-10,17.383750915527344,,,,,,
2013-01-11,17.53620147705078,,,,,,
2013-01-14,17.60588836669922,,,,,,
2013-01-15,17.60588836669922,,,,,,
2013-01-16,17.60588836669922,,,,,,
2013-01-17,17.767053604125977,,,,,,
2013-01-18,17.780122756958008,,,,,,
2013-01-22,17.788827896118164,,,,,,
2013-01-23,17.836746215820312,,,,,,
2013-01-24,17.889009475708008,,,,,,
2013-01-25,18.08502769470215,,,,,,
2013-01-28,18.13729476928711,,,,,,
2013-01-29,18.02839469909668,,,,,,
2013-01-30,17.989198684692383,,,,,,
2013-01-31,18.006616592407227,,,,,,
2013-02-01,18.233116149902344,,,,,,
2013-02-04,18.019689559936523,,,,,,
2013-02-05,18.20697784423828,,,,,,
2013-02-06,18.15035820007324,,,,,,
2013-02-07,18.098094940185547,,,,,,
2013-02-08,18.250545501708984,,,,,,
2013-02-11,18.28103256225586,,,,,,
2013-02-12,18.24617958068848,,,,,,
2013-02-13,18.2548885345459,,,,,,
2013-02-14,18.2548885345459,,,,,,
2013-02-15,18.272321701049805,,,,,,
2013-02-19,18.3376579284668,,,,,,
2013-02-20,18.07195854187012,,,,,,
2013-02-21,17.87159538269043,,,,,,
2013-02-22,17.96742057800293,,,,,,
2013-02-25,17.767053604125977,,,,,,
2013-02-26,17.80625343322754,,,,,,
2013-02-27,18.098094940185547,,,,,,
2013-02-28,18.10245132446289,,,,,,
2013-03-01,18.17213630676269,,,,,,
2013-03-04,18.27667236328125,,,,,,
2013-03-05,18.49881935119629,,,,,,
2013-03-06,18.5293083190918,,,,,,
2013-03-07,18.5293083190918,,,,,,
2013-03-08,18.60771942138672,,,,,,
2013-03-11,18.65562629699707,,,,,,
2013-03-12,18.65127182006836,,,,,,
2013-03-13,18.68612670898437,,,,,,
2013-03-14,18.74709892272949,,,,,,
2013-03-15,18.612070083618164,,,,,,
2013-03-18,18.477035522460938,,,,,,
2013-03-19,18.4504508972168,,,,,,
2013-03-20,18.63351821899414,,,,,,
2013-03-21,18.524553298950195,,,,,,
2013-03-22,18.524553298950195,,,,,,
2013-03-25,18.52890968322754,,,,,,
2013-03-26,18.66403007507324,,,,,,
2013-03-27,18.751195907592773,,,,,,
2013-03-28,18.80350112915039,,,,,,
2013-04-01,18.690189361572266,,,,,,
2013-04-02,18.790435791015625,,,,,,
2013-04-03,18.59864997863769,,,,,,
2013-04-04,18.646595001220703,,,,,,
2013-04-05,18.524553298950195,,,,,,
2013-04-08,18.616085052490234,,,,,,
2013-04-09,18.720701217651367,,,,,,
2013-04-10,19.06503295898437,,,,,,
2013-04-11,19.152204513549805,,,,,,
2013-04-12,19.11297035217285,,,,,,
2013-04-15,18.68146514892578,,,,,,
2013-04-16,18.929912567138672,,,,,,
2013-04-17,18.572494506835938,,,,,,
2013-04-18,18.53762626647949,,,,,,
2013-04-19,18.611724853515625,,,,,,
2013-04-22,18.66839027404785,,,,,,
2013-04-23,18.85581398010254,,,,,,
2013-04-24,19.00836753845215,,,,,,
2013-04-25,19.00836753845215,,,,,,
2013-04-26,19.02580642700196,,,,,,
2013-04-29,19.139123916625977,,,,,,
2013-04-30,19.03887176513672,,,,,,
2013-05-01,19.069381713867188,,,,,,
2013-05-02,19.28296661376953,,,,,,
2013-05-03,19.553205490112305,,,,,,
2013-05-06,19.5793571472168,,,,,,
2013-05-07,19.644739151000977,,,,,,
2013-05-08,19.70576286315918,,,,,,
2013-05-09,19.683971405029297,,,,,,
2013-05-10,19.90191078186035,,,,,,
2013-05-13,19.836524963378903,,,,,,
2013-05-14,19.98471450805664,,,,,,
2013-05-15,20.07625198364257,,,,,,
2013-05-16,19.98036003112793,,,,,,
2013-05-17,20.084970474243164,,,,,,
2013-05-20,20.071895599365234,,,,,,
2013-05-21,20.14599609375,,,,,,
2013-05-22,19.91061782836914,,,,,,
2013-05-23,19.93242454528809,,,,,,
2013-05-24,19.792940139770508,,,,,,
2013-05-28,20.045732498168945,,,,,,
2013-05-29,19.893190383911133,,,,,,
2013-05-30,20.01958274841309,,,,,,
2013-05-31,19.88882637023925,,,,,,
2013-06-03,19.64910125732422,,,,,,
2013-06-04,19.771142959594727,,,,,,
2013-06-05,19.435523986816406,,,,,,
2013-06-06,19.53141975402832,,,,,,
2013-06-07,19.871400833129883,,,,,,
2013-06-10,19.84959983825684,,,,,,
2013-06-11,19.73191261291504,,,,,,
2013-06-12,19.435523986816406,,,,,,
2013-06-13,19.727558135986328,,,,,,
2013-06-14,19.727558135986328,,,,,,
2013-06-17,19.79728889465332,,,,,,
2013-06-18,19.996479034423828,,,,,,
2013-06-19,19.957155227661133,,,,,,
2013-06-20,19.25829696655273,,,,,,
2013-06-21,19.236452102661133,,,,,,
2013-06-24,19.070465087890625,,,,,,
2013-06-25,19.18402862548828,,,,,,
2013-06-26,19.393701553344727,,,,,,
2013-06-27,19.61646270751953,,,,,,
2013-06-28,19.61646270751953,,,,,,
2013-07-01,19.67324447631836,,,,,,
2013-07-02,19.62956619262696,,,,,,
2013-07-03,19.62956619262696,,,,,,
2013-07-05,19.85232925415039,,,,,,
2013-07-08,19.88290786743164,,,,,,
2013-07-09,20.053258895874023,,,,,,
2013-07-10,20.114408493041992,,,,,,
2013-07-11,20.516254425048828,,,,,,
2013-07-12,20.59051513671875,,,,,,
2013-07-15,20.7215518951416,,,,,,
2013-07-16,20.682241439819336,,,,,,
2013-07-17,20.70844841003418,,,,,,
2013-07-18,20.778339385986328,,,,,,
2013-07-19,20.773969650268555,,,,,,
2013-07-22,20.81328773498535,,,,,,
2013-07-23,20.734657287597656,,,,,,
2013-07-24,20.52936553955078,,,,,,
2013-07-25,20.76523399353028,,,,,,
2013-07-26,20.69534492492676,,,,,,
2013-07-29,20.67350578308105,,,,,,
2013-07-30,20.7390251159668,,,,,,
2013-07-31,20.90937614440918,,,,,,
2013-08-01,21.188926696777344,,,,,,
2013-08-02,21.17582321166992,,,,,,
2013-08-05,21.19766426086425,,,,,,
2013-08-06,21.1015567779541,,,,,,
2013-08-07,21.03604888916016,,,,,,
2013-08-08,21.145238876342773,,,,,,
2013-08-09,21.158355712890625,,,,,,
2013-08-12,21.11030578613281,,,,,,
2013-08-13,21.184555053710938,,,,,,
2013-08-14,21.0229434967041,,,,,,
2013-08-15,20.61235237121582,,,,,,
2013-08-16,20.682241439819336,,,,,,
2013-08-19,20.481319427490234,,,,,,
2013-08-20,20.69534492492676,,,,,,
2013-08-21,20.52936553955078,,,,,,
2013-08-22,20.773969650268555,,,,,,
2013-08-23,20.83511734008789,,,,,,
2013-08-26,20.856958389282227,,,,,,
2013-08-27,20.568675994873047,,,,,,
2013-08-28,20.5817813873291,,,,,,
2013-08-29,20.74777030944824,,,,,,
2013-08-30,20.60798454284668,,,,,,
2013-09-03,20.957422256469727,,,,,,
2013-09-04,21.014205932617188,,,,,,
2013-09-05,21.070985794067383,,,,,,
2013-09-06,21.17582321166992,,,,,,
2013-09-09,21.17582321166992,,,,,,
2013-09-10,21.52525520324707,,,,,,
2013-09-11,21.630083084106445,,,,,,
2013-09-12,21.555831909179688,,,,,,
2013-09-13,21.59078025817871,,,,,,
2013-09-16,21.695615768432617,,,,,,
2013-09-17,21.85747528076172,,,,,,
2013-09-18,22.063108444213867,,,,,,
2013-09-19,22.071853637695312,,,,,,
2013-09-20,22.0062313079834,,,,,,
2013-09-23,21.82248306274414,,,,,,
2013-09-24,21.83998107910156,,,,,,
2013-09-25,21.853111267089844,,,,,,
2013-09-26,21.997482299804688,,,,,,
2013-09-27,21.92310905456543,,,,,,
2013-09-30,21.853111267089844,,,,,,
2013-10-01,22.084980010986328,,,,,,
2013-10-02,22.04123306274414,,,,,,
2013-10-03,21.85747528076172,,,,,,
2013-10-04,22.06748008728028,,,,,,
2013-10-07,21.91872787475586,,,,,,
2013-10-08,21.48122978210449,,,,,,
2013-10-09,21.389354705810547,,,,,,
2013-10-10,21.7874813079834,,,,,,
2013-10-11,21.90998268127441,,,,,,
2013-10-14,22.049989700317383,,,,,,
2013-10-15,21.96248435974121,,,,,,
2013-10-16,22.12872695922852,,,,,,
2013-10-17,22.281856536865234,,,,,,
2013-10-18,22.45247459411621,,,,,,
2013-10-21,22.421857833862305,,,,,,
2013-10-22,22.561857223510746,,,,,,
2013-10-23,22.277482986450195,,,,,,
2013-10-24,22.369356155395508,,,,,,
2013-10-25,22.35185813903809,,,,,,
2013-10-28,22.40435218811035,,,,,,
2013-10-29,22.522485733032227,,,,,,
2013-10-30,22.461231231689453,,,,,,
2013-10-31,22.421857833862305,,,,,,
2013-11-01,22.399980545043945,,,,,,
2013-11-04,22.474353790283203,,,,,,
2013-11-05,22.45247459411621,,,,,,
2013-11-06,22.360610961914062,,,,,,
2013-11-07,22.05873107910156,,,,,,
2013-11-08,22.203109741210938,,,,,,
2013-11-11,22.27310371398925,,,,,,
2013-11-12,22.27310371398925,,,,,,
2013-11-13,22.426225662231445,,,,,,
2013-11-14,22.57498550415039,,,,,,
2013-11-15,22.72811508178711,,,,,,
2013-11-18,22.491857528686523,,,,,,
2013-11-19,22.343107223510746,,,,,,
2013-11-20,22.31247901916504,,,,,,
2013-11-21,22.48310661315918,,,,,,
2013-11-22,22.640607833862305,,,,,,
2013-11-25,22.65373039245605,,,,,,
2013-11-26,22.77186393737793,,,,,,
2013-11-27,22.815614700317383,,,,,,
2013-11-29,22.850610733032227,,,,,,
2013-12-02,22.79810905456543,,,,,,
2013-12-03,22.71061134338379,,,,,,
2013-12-04,22.72372817993164,,,,,,
2013-12-05,22.64936256408692,,,,,,
2013-12-06,22.92498016357422,,,,,,
2013-12-09,22.9381103515625,,,,,,
2013-12-10,22.951231002807617,,,,,,
2013-12-11,22.60997772216797,,,,,,
2013-12-12,22.62311172485352,,,,,,
2013-12-13,22.6624813079834,,,,,,
2013-12-16,22.75872802734375,,,,,,
2013-12-17,22.732479095458984,,,,,,
2013-12-18,22.92498016357422,,,,,,
2013-12-19,23.051856994628903,,,,,,
2013-12-20,23.25310707092285,,,,,,
2013-12-23,23.362478256225582,,,,,,
2013-12-24,23.471858978271484,,,,,,
2013-12-26,23.511234283447266,,,,,,
2013-12-27,23.515605926513672,,,,,,
2013-12-30,23.594356536865234,,,,,,
2013-12-31,23.67747688293457,,,,,,
2014-01-02,23.493728637695312,,,,,,
2014-01-03,23.397480010986328,,,,,,
2014-01-06,23.31872940063477,,,,,,
2014-01-07,23.493728637695312,,,,,,
2014-01-08,23.64685440063477,,,,,,
2014-01-09,23.533105850219727,,,,,,
2014-01-10,23.533105850219727,,,,,,
2014-01-13,23.23998260498047,,,,,,
2014-01-14,23.694982528686523,,,,,,
2014-01-15,23.813106536865234,,,,,,
2014-01-16,23.813106536865234,,,,,,
2014-01-17,23.80435562133789,,,,,,
2014-01-21,23.769350051879883,,,,,,
2014-01-22,23.996856689453125,,,,,,
2014-01-23,23.786848068237305,,,,,,
2014-01-24,23.3756046295166,,,,,,
2014-01-27,23.16122817993164,,,,,,
2014-01-28,23.20935821533203,,,,,,
2014-01-29,23.19185256958008,,,,,,
2014-01-30,23.50248146057129,,,,,,
2014-01-31,23.34060478210449,,,,,,
2014-02-03,22.78935813903809,,,,,,
2014-02-04,22.97310447692871,,,,,,
2014-02-05,22.88560485839844,,,,,,
2014-02-06,23.283729553222656,,,,,,
2014-02-07,23.72122001647949,,,,,,
2014-02-10,23.86997985839844,,,,,,
2014-02-11,24.17622756958008,,,,,,
2014-02-12,24.25934791564941,,,,,,
2014-02-13,24.42560577392578,,,,,,
2014-02-14,24.53059768676757,,,,,,
2014-02-18,24.67498207092285,,,,,,
2014-02-19,24.67498207092285,,,,,,
2014-02-20,24.793102264404297,,,,,,
2014-02-21,24.814979553222656,,,,,,
2014-02-24,25.0162296295166,,,,,,
2014-02-25,24.89373016357422,,,,,,
2014-02-26,24.924352645874023,,,,,,
2014-02-27,25.07310676574707,,,,,,
2014-02-28,24.97247886657715,,,,,,
2014-03-03,24.80185317993164,,,,,,
2014-03-04,25.239356994628903,,,,,,
2014-03-05,25.21747589111328,,,,,,
2014-03-06,25.134355545043945,,,,,,
2014-03-07,24.998729705810547,,,,,,
2014-03-10,24.933103561401367,,,,,,
2014-03-11,24.845603942871094,,,,,,
2014-03-12,24.85873031616211,,,,,,
2014-03-13,24.55248260498047,,,,,,
2014-03-14,24.635608673095703,,,,,,
2014-03-17,24.744977951049805,,,,,,
2014-03-18,24.97247886657715,,,,,,
2014-03-19,24.832481384277344,,,,,,
2014-03-20,24.924352645874023,,,,,,
2014-03-21,24.62248039245605,,,,,,
2014-03-24,24.171855926513672,,,,,,
2014-03-25,24.29112243652344,,,,,,
2014-03-26,24.110671997070312,,,,,,
2014-03-27,24.00504493713379,,,,,,
2014-03-28,24.044652938842773,,,,,,
2014-03-31,24.282325744628903,,,,,,
2014-04-01,24.68285369873047,,,,,,
2014-04-02,24.81048393249512,,,,,,
2014-04-03,24.572816848754883,,,,,,
2014-04-04,23.987436294555664,,,,,,
2014-04-07,23.644126892089844,,,,,,
2014-04-08,23.86859893798828,,,,,,
2014-04-09,24.22070503234864,,,,,,
2014-04-10,23.485689163208008,,,,,,
2014-04-11,23.164379119873047,,,,,,
2014-04-14,23.33163070678711,,,,,,
2014-04-15,23.4328670501709,,,,,,
2014-04-16,23.64853286743164,,,,,,
2014-04-17,23.820178985595703,,,,,,
2014-04-21,23.912607192993164,,,,,,
2014-04-22,24.150287628173828,,,,,,
2014-04-23,23.96982955932617,,,,,,
2014-04-24,23.95222854614257,,,,,,
2014-04-25,23.54729461669922,,,,,,
2014-04-28,23.516489028930664,,,,,,
2014-04-29,23.65293502807617,,,,,,
2014-04-30,23.828981399536133,,,,,,
2014-05-01,23.943416595458984,,,,,,
2014-05-02,23.95222854614257,,,,,,
2014-05-05,23.9830379486084,,,,,,
2014-05-06,23.758575439453125,,,,,,
2014-05-07,23.65293502807617,,,,,,
2014-05-08,23.67053604125977,,,,,,
2014-05-09,23.77177047729492,,,,,,
2014-05-12,24.18990135192871,,,,,,
2014-05-13,24.18990135192871,,,,,,
2014-05-14,23.9830379486084,,,,,,
2014-05-15,23.824586868286133,,,,,,
2014-05-16,23.96542930603028,,,,,,
2014-05-19,24.18109703063965,,,,,,
2014-05-20,23.974231719970703,,,,,,
2014-05-21,24.119483947753903,,,,,,
2014-05-22,24.29112243652344,,,,,,
2014-05-23,24.45398330688477,,,,,,
2014-05-27,24.68285369873047,,,,,,
2014-05-28,24.62122917175293,,,,,,
2014-05-29,24.744478225708008,,,,,,
2014-05-30,24.6916561126709,,,,,,
2014-06-02,24.801687240600582,,,,,,
2014-06-03,24.740066528320312,,,,,,
2014-06-04,24.85009956359864,,,,,,
2014-06-05,24.977746963500977,,,,,,
2014-06-06,25.184606552124023,,,,,,
2014-06-09,25.17580795288086,,,,,,
2014-06-10,25.15380096435547,,,,,,
2014-06-11,25.184606552124023,,,,,,
2014-06-12,25.149398803710938,,,,,,
2014-06-13,25.056962966918945,,,,,,
2014-06-16,25.131792068481445,,,,,,
2014-06-17,25.197813034057617,,,,,,
2014-06-18,25.34746551513672,,,,,,
2014-06-19,25.28584098815918,,,,,,
2014-06-20,25.3254508972168,,,,,,
2014-06-23,25.303443908691406,,,,,,
2014-06-24,25.319787979125977,,,,,,
2014-06-25,25.43468475341797,,,,,,
2014-06-26,25.39491844177246,,,,,,
2014-06-27,25.505390167236328,,,,,,
2014-06-30,25.59376335144043,,,,,,
2014-07-01,25.90749740600586,,,,,,
2014-07-02,25.885400772094727,,,,,,
2014-07-03,26.11076736450196,,,,,,
2014-07-07,25.889822006225582,,,,,,
2014-07-08,25.62910842895508,,,,,,
2014-07-09,25.77493667602539,,,,,,
2014-07-10,25.690975189208984,,,,,,
2014-07-11,25.74841690063477,,,,,,
2014-07-14,25.872146606445312,,,,,,
2014-07-15,25.766096115112305,,,,,,
2014-07-16,25.81470489501953,,,,,,
2014-07-17,25.474454879760746,,,,,,
2014-07-18,25.81470489501953,,,,,,
2014-07-21,25.68213653564453,,,,,,
2014-07-22,25.880983352661133,,,,,,
2014-07-23,25.885400772094727,,,,,,
2014-07-24,25.929590225219727,,,,,,
2014-07-25,25.81470489501953,,,,,,
2014-07-28,25.86772918701172,,,,,,
2014-07-29,25.880983352661133,,,,,,
2014-07-30,25.92075157165528,,,,,,
2014-07-31,25.483293533325195,,,,,,
2014-08-01,25.36839866638184,,,,,,
2014-08-04,25.562828063964844,,,,,,
2014-08-05,25.35515022277832,,,,,,
2014-08-06,25.386075973510746,,,,,,
2014-08-07,25.20490264892578,,,,,,
2014-08-08,25.474454879760746,,,,,,
2014-08-11,25.60701560974121,,,,,,
2014-08-12,25.549570083618164,,,,,,
2014-08-13,25.7705078125,,,,,,
2014-08-14,25.929590225219727,,,,,,
2014-08-15,26.084253311157227,,,,,,
2014-08-18,26.238908767700195,,,,,,
2014-08-19,26.34053611755371,,,,,,
2014-08-20,26.420074462890625,,,,,,
2014-08-21,26.39356231689453,,,,,,
2014-08-22,26.481937408447266,,,,,,
2014-08-25,26.55264663696289,,,,,,
2014-08-26,26.60567283630371,,,,,,
2014-08-27,26.614511489868164,,,,,,
2014-08-28,26.583568572998047,,,,,,
2014-08-29,26.654272079467773,,,,,,
2014-09-02,26.729398727416992,,,,,,
2014-09-03,26.760330200195312,,,,,,
2014-09-04,26.74706649780273,,,,,,
2014-09-05,26.87079811096192,,,,,,
2014-09-08,26.87963485717773,,,,,,
2014-09-09,26.62775993347168,,,,,,
2014-09-10,26.7514877319336,,,,,,
2014-09-11,26.74264907836914,,,,,,
2014-09-12,26.59683418273925,,,,,,
2014-09-15,26.353803634643555,,,,,,
2014-09-16,26.579151153564453,,,,,,
2014-09-17,26.68962287902832,,,,,,
2014-09-18,26.831026077270508,,,,,,
2014-09-19,26.7514877319336,,,,,,
2014-09-22,26.45100975036621,,,,,,
2014-09-23,26.2947940826416,,,,,,
2014-09-24,26.617839813232425,,,,,,
2014-09-25,26.18416404724121,,,,,,
2014-09-26,26.40542793273925,,,,,,
2014-09-29,26.34347152709961,,,,,,
2014-09-30,26.3302001953125,,,,,,
2014-10-01,25.874401092529297,,,,,,
2014-10-02,25.883243560791016,,,,,,
2014-10-03,26.250547409057617,,,,,,
2014-10-06,26.1399154663086,,,,,,
2014-10-07,25.77704811096192,,,,,,
2014-10-08,26.19744110107422,,,,,,
2014-10-09,25.661985397338867,,,,,,
2014-10-10,25.011484146118164,,,,,,
2014-10-13,24.60435104370117,,,,,,
2014-10-14,24.64860916137696,,,,,,
2014-10-15,24.595502853393555,,,,,,
2014-10-16,24.568952560424805,,,,,,
2014-10-17,24.8521728515625,,,,,,
2014-10-20,25.17521095275879,,,,,,
2014-10-21,25.86112403869629,,,,,,
2014-10-22,25.61331558227539,,,,,,
2014-10-23,26.029296875,,,,,,
2014-10-24,26.28594970703125,,,,,,
2014-10-27,26.28152275085449,,,,,,
2014-10-28,26.675371170043945,,,,,,
2014-10-29,26.57358741760254,,,,,,
2014-10-30,26.666522979736328,,,,,,
2014-10-31,27.153289794921875,,,,,,
2014-11-03,27.197547912597656,,,,,,
2014-11-04,27.11347198486328,,,,,,
2014-11-05,27.206392288208008,,,,,,
2014-11-06,27.37013053894043,,,,,,
2014-11-07,27.321453094482425,,,,,,
2014-11-10,27.423246383666992,,,,,,
2014-11-11,27.454212188720703,,,,,,
2014-11-12,27.4763412475586,,,,,,
2014-11-13,27.54272079467773,,,,,,
2014-11-14,27.59139060974121,,,,,,
2014-11-17,27.564849853515625,,,,,,
2014-11-18,27.808223724365234,,,,,,
2014-11-19,27.69317626953125,,,,,,
2014-11-20,27.759557723999023,,,,,,
2014-11-21,27.94099235534668,,,,,,
2014-11-24,28.144550323486328,,,,,,
2014-11-25,28.1932315826416,,,,,,
2014-11-26,28.365816116333008,,,,,,
2014-11-28,28.516271591186523,,,,,,
2014-12-01,28.25076103210449,,,,,,
2014-12-02,28.3702392578125,,,,,,
2014-12-03,28.53396797180176,,,,,,
2014-12-04,28.40121078491211,,,,,,
2014-12-05,28.489717483520508,,,,,,
2014-12-08,28.24633407592773,,,,,,
2014-12-09,28.325986862182617,,,,,,
2014-12-10,27.90116500854492,,,,,,
2014-12-11,28.038349151611328,,,,,,
2014-12-12,27.794960021972656,,,,,,
2014-12-15,27.59139060974121,,,,,,
2014-12-16,27.294904708862305,,,,,,
2014-12-17,27.502891540527344,,,,,,
2014-12-18,28.277315139770508,,,,,,
2014-12-19,28.40564346313477,,,,,,
2014-12-22,28.516271591186523,,,,,,
2014-12-23,28.54469108581543,,,,,,
2014-12-24,28.584659576416016,,,,,,
2014-12-26,28.682353973388672,,,,,,
2014-12-29,28.67791748046875,,,,,,
2014-12-30,28.50472640991211,,,,,,
2014-12-31,28.27824783325196,,,,,,
2015-01-02,28.220521926879883,,,,,,
2015-01-05,27.8031005859375,,,,,,
2015-01-06,27.376792907714844,,,,,,
2015-01-07,27.69652366638184,,,,,,
2015-01-08,28.2249698638916,,,,,,
2015-01-09,28.00292587280273,,,,,,
2015-01-12,27.73648262023925,,,,,,
2015-01-13,27.638792037963867,,,,,,
2015-01-14,27.438962936401367,,,,,,
2015-01-15,27.132551193237305,,,,,,
2015-01-16,27.563308715820312,,,,,,
2015-01-20,27.67875862121582,,,,,,
2015-01-21,27.838621139526367,,,,,,
2015-01-22,28.26493453979492,,,,,,
2015-01-23,28.26493453979492,,,,,,
2015-01-26,28.322650909423828,,,,,,
2015-01-27,27.88746833801269,,,,,,
2015-01-28,27.585498809814453,,,,,,
2015-01-29,27.77645301818848,,,,,,
2015-01-30,27.376792907714844,,,,,,
2015-02-02,27.64767074584961,,,,,,
2015-02-03,28.12282943725586,,,,,,
2015-02-04,28.02513313293457,,,,,,
2015-02-05,28.26936912536621,,,,,,
2015-02-06,28.09618186950684,,,,,,
2015-02-09,27.97628593444824,,,,,,
2015-02-10,28.393705368041992,,,,,,
2015-02-11,28.384822845458984,,,,,,
2015-02-12,28.81557273864746,,,,,,
2015-02-13,29.08646011352539,,,,,,
2015-02-17,29.042049407958984,,,,,,
2015-02-18,29.042049407958984,,,,,,
2015-02-19,29.2374324798584,,,,,,
2015-02-20,29.455034255981445,,,,,,
2015-02-23,29.348445892333984,,,,,,
2015-02-24,29.39730453491211,,,,,,
2015-02-25,29.42838287353516,,,,,,
2015-02-26,29.481674194335938,,,,,,
2015-02-27,29.48611640930176,,,,,,
2015-03-02,29.743677139282227,,,,,,
2015-03-03,29.543851852416992,,,,,,
2015-03-04,29.39730453491211,,,,,,
2015-03-05,29.534969329833984,,,,,,
2015-03-06,29.12641334533692,,,,,,
2015-03-09,29.219682693481445,,,,,,
2015-03-10,28.744529724121094,,,,,,
2015-03-11,28.682353973388672,,,,,,
2015-03-12,28.97543907165528,,,,,,
2015-03-13,28.828893661499023,,,,,,
2015-03-16,29.246318817138672,,,,,,
2015-03-17,29.17971420288086,,,,,,
2015-03-18,29.44171524047852,,,,,,
2015-03-19,29.52608108520508,,,,,,
2015-03-20,29.805843353271484,,,,,,
2015-03-23,29.68594551086425,,,,,,
2015-03-24,29.5280704498291,,,,,,
2015-03-25,28.83879470825196,,,,,,
2015-03-26,28.629783630371094,,,,,,
2015-03-27,28.91883659362793,,,,,,
2015-03-30,29.27460289001465,,,,,,
2015-03-31,29.03890991210937,,,,,,
2015-04-01,28.776535034179688,,,,,,
2015-04-02,28.949966430664062,,,,,,
2015-04-06,29.09671401977539,,,,,,
2015-04-07,29.14118385314941,,,,,,
2015-04-08,29.279041290283203,,,,,,
2015-04-09,29.505847930908203,,,,,,
2015-04-10,29.62592124938965,,,,,,
2015-04-13,29.501399993896484,,,,,,
2015-04-14,29.408002853393555,,,,,,
2015-04-15,29.6125717163086,,,,,,
2015-04-16,29.572546005249023,,,,,,
2015-04-17,29.194551467895508,,,,,,
2015-04-20,29.488052368164062,,,,,,
2015-04-21,29.74153518676757,,,,,,
2015-04-22,29.843807220458984,,,,,,
2015-04-23,29.946094512939453,,,,,,
2015-04-24,29.950551986694336,,,,,,
2015-04-27,29.759326934814453,,,,,,
2015-04-28,29.72818946838379,,,,,,
2015-04-29,29.60367012023925,,,,,,
2015-04-30,29.199005126953125,,,,,,
2015-05-01,29.6125717163086,,,,,,
2015-05-04,29.692611694335938,,,,,,
2015-05-05,29.23902130126953,,,,,,
2015-05-06,29.08337783813477,,,,,,
2015-05-07,29.230133056640625,,,,,,
2015-05-08,29.48359489440918,,,,,,
2015-05-11,29.4346923828125,,,,,,
2015-05-12,29.32796669006348,,,,,,
2015-05-13,29.32351875305176,,,,,,
2015-05-14,29.692611694335938,,,,,,
2015-05-15,29.732641220092773,,,,,,
2015-05-18,29.8704891204834,,,,,,
2015-05-19,29.799346923828125,,,,,,
2015-05-20,29.74598693847656,,,,,,
2015-05-21,29.861610412597656,,,,,,
2015-05-22,29.861610412597656,,,,,,
2015-05-26,29.536970138549805,,,,,,
2015-05-27,30.00390243530273,,,,,,
2015-05-28,29.92386054992676,,,,,,
2015-05-29,29.82602882385254,,,,,,
2015-06-01,29.910518646240234,,,,,,
2015-06-02,29.83490943908692,,,,,,
2015-06-03,29.89273452758789,,,,,,
2015-06-04,29.66593360900879,,,,,,
2015-06-05,29.71485710144043,,,,,,
2015-06-08,29.41690826416016,,,,,,
2015-06-09,29.376873016357425,,,,,,
2015-06-10,29.75042724609375,,,,,,
2015-06-11,29.737085342407227,,,,,,
2015-06-12,29.536970138549805,,,,,,
2015-06-15,29.39911651611328,,,,,,
2015-06-16,29.57699584960937,,,,,,
2015-06-17,29.70151901245117,,,,,,
2015-06-18,30.119531631469727,,,,,,
2015-06-19,30.05282592773437,,,,,,
2015-06-22,30.181774139404297,,,,,,
2015-06-23,30.120746612548828,,,,,,
2015-06-24,29.8712158203125,,,,,,
2015-06-25,29.82220458984375,,,,,,
2015-06-26,29.5771427154541,,,,,,
2015-06-29,28.90433120727539,,,,,,
2015-06-30,29.02462577819824,,,,,,
2015-07-01,29.127111434936523,,,,,,
2015-07-02,29.198400497436523,,,,,,
2015-07-06,29.05136680603028,,,,,,
2015-07-07,29.19395065307617,,,,,,
2015-07-08,28.668174743652344,,,,,,
2015-07-09,28.75728988647461,,,,,,
2015-07-10,29.127111434936523,,,,,,
2015-07-13,29.514759063720703,,,,,,
2015-07-14,29.64397430419922,,,,,,
2015-07-15,29.545955657958984,,,,,,
2015-07-16,29.81775665283203,,,,,,
2015-07-17,29.844482421875,,,,,,
2015-07-20,29.826663970947266,,,,,,
2015-07-21,29.78655815124512,,,,,,
2015-07-22,29.68408393859864,,,,,,
2015-07-23,29.688533782958984,,,,,,
2015-07-24,29.31426048278809,,,,,,
2015-07-27,29.002347946166992,,,,,,
2015-07-28,29.354352951049805,,,,,,
2015-07-29,29.58159637451172,,,,,,
2015-07-30,29.72864532470703,,,,,,
2015-07-31,29.68408393859864,,,,,,
2015-08-03,29.59051513671875,,,,,,
2015-08-04,29.688533782958984,,,,,,
2015-08-05,29.915781021118164,,,,,,
2015-08-06,29.34544944763184,,,,,,
2015-08-07,29.32316398620605,,,,,,
2015-08-10,29.67516326904297,,,,,,
2015-08-11,29.29642677307129,,,,,,
2015-08-12,29.31870079040528,,,,,,
2015-08-13,29.22959327697754,,,,,,
2015-08-14,29.220691680908203,,,,,,
2015-08-17,29.510311126708984,,,,,,
2015-08-18,29.309797286987305,,,,,,
2015-08-19,29.07810401916504,,,,,,
2015-08-20,28.28944396972656,,,,,,
2015-08-21,27.362648010253903,,,,,,
2015-08-24,26.319997787475582,,,,,,
2015-08-25,26.37347221374512,,,,,,
2015-08-26,27.22897148132324,,,,,,
2015-08-27,27.83049964904785,,,,,,
2015-08-28,27.97753143310547,,,,,,
2015-08-31,27.72355842590332,,,,,,
2015-09-01,26.934892654418945,,,,,,
2015-09-02,27.451759338378903,,,,,,
2015-09-03,27.46066665649414,,,,,,
2015-09-04,27.104209899902344,,,,,,
2015-09-08,27.839412689208984,,,,,,
2015-09-09,27.58542823791504,,,,,,
2015-09-10,27.65672492980957,,,,,,
2015-09-11,27.79930686950684,,,,,,
2015-09-14,27.67899703979492,,,,,,
2015-09-15,28.057735443115234,,,,,,
2015-09-16,28.24042320251465,,,,,,
2015-09-17,28.21369361877441,,,,,,
2015-09-18,27.808216094970703,,,,,,
2015-09-21,27.81713104248047,,,,,,
2015-09-22,27.269079208374023,,,,,,
2015-09-23,27.184415817260746,,,,,,
2015-09-24,27.05074119567871,,,,,,
2015-09-25,26.91707420349121,,,,,,
2015-09-28,26.0927677154541,,,,,,
2015-09-29,26.07493782043457,,,,,,
2015-09-30,26.67201232910156,,,,,,
2015-10-01,26.60517120361328,,,,,,
2015-10-02,27.193334579467773,,,,,,
2015-10-05,27.67899703979492,,,,,,
2015-10-06,27.531959533691406,,,,,,
2015-10-07,27.754756927490234,,,,,,
2015-10-08,27.986446380615234,,,,,,
2015-10-09,28.048828125,,,,,,
2015-10-12,28.0755615234375,,,,,,
2015-10-13,27.77703094482422,,,,,,
2015-10-14,27.94188690185547,,,,,,
2015-10-15,28.24042320251465,,,,,,
2015-10-16,28.32954216003418,,,,,,
2015-10-19,28.374099731445312,,,,,,
2015-10-20,28.31170654296875,,,,,,
2015-10-21,28.133487701416016,,,,,,
2015-10-22,28.743927001953125,,,,,,
2015-10-23,29.046924591064453,,,,,,
2015-10-26,29.020172119140625,,,,,,
2015-10-27,29.020172119140625,,,,,,
2015-10-28,29.167219161987305,,,,,,
2015-10-29,29.011266708374023,,,,,,
2015-10-30,29.11819839477539,,,,,,
2015-11-02,29.32316398620605,,,,,,
2015-11-03,29.43902015686035,,,,,,
2015-11-04,29.305343627929688,,,,,,
2015-11-05,29.23851776123047,,,,,,
2015-11-06,29.26078414916992,,,,,,
2015-11-09,28.966705322265625,,,,,,
2015-11-10,28.913236618041992,,,,,,
2015-11-11,28.83303451538086,,,,,,
2015-11-12,28.556781768798828,,,,,,
2015-11-13,28.088930130004883,,,,,,
2015-11-16,28.458759307861328,,,,,,
2015-11-17,28.54340934753418,,,,,,
2015-11-18,28.96225929260254,,,,,,
2015-11-19,28.980073928833008,,,,,,
2015-11-20,29.07810401916504,,,,,,
2015-11-23,28.984539031982425,,,,,,
2015-11-24,29.020172119140625,,,,,,
2015-11-25,29.171674728393555,,,,,,
2015-11-27,29.220691680908203,,,,,,
2015-11-30,29.21623039245605,,,,,,
2015-12-01,29.514759063720703,,,,,,
2015-12-02,29.31870079040528,,,,,,
2015-12-03,28.78402328491211,,,,,,
2015-12-04,29.367725372314453,,,,,,
2015-12-07,29.358806610107425,,,,,,
2015-12-08,29.34099006652832,,,,,,
2015-12-09,28.93997573852539,,,,,,
2015-12-10,29.10929679870605,,,,,,
2015-12-11,28.503313064575195,,,,,,
2015-12-14,28.53896141052246,,,,,,
2015-12-15,28.93997573852539,,,,,,
2015-12-16,29.33653259277344,,,,,,
2015-12-17,28.846405029296875,,,,,,
2015-12-18,28.40528678894043,,,,,,
2015-12-21,28.690454483032227,,,,,,
2015-12-22,28.90618324279785,,,,,,
2015-12-23,29.124605178833008,,,,,,
2015-12-24,29.195919036865234,,,,,,
2015-12-28,29.05775451660156,,,,,,
2015-12-29,29.449996948242188,,,,,,
2015-12-30,29.21821403503418,,,,,,
2015-12-31,28.937395095825195,,,,,,
2016-01-04,28.366844177246094,,,,,,
2016-01-05,28.371309280395508,,,,,,
2016-01-06,27.979053497314453,,,,,,
2016-01-07,27.261409759521484,,,,,,
2016-01-08,26.913738250732425,,,,,,
2016-01-11,26.87807273864746,,,,,,
2016-01-12,27.18564224243164,,,,,,
2016-01-13,26.18272590637207,,,,,,
2016-01-14,26.668575286865234,,,,,,
2016-01-15,25.875164031982425,,,,,,
2016-01-19,25.90191078186035,,,,,,
2016-01-20,25.857330322265625,,,,,,
2016-01-21,25.933115005493164,,,,,,
2016-01-22,26.485824584960938,,,,,,
2016-01-25,26.0623779296875,,,,,,
2016-01-26,26.392221450805664,,,,,,
2016-01-27,25.86625289916992,,,,,,
2016-01-28,25.875164031982425,,,,,,
2016-01-29,26.561601638793945,,,,,,
2016-02-01,26.70869827270508,,,,,,
2016-02-02,25.928651809692383,,,,,,
2016-02-03,25.99551582336425,,,,,,
2016-02-04,26.15597343444824,,,,,,
2016-02-05,25.246665954589844,,,,,,
2016-02-08,24.47108268737793,,,,,,
2016-02-09,24.47553443908692,,,,,,
2016-02-10,24.89453887939453,,,,,,
2016-02-11,24.644922256469727,,,,,,
2016-02-12,24.997058868408203,,,,,,
2016-02-16,25.594348907470703,,,,,,
2016-02-17,26.200544357299805,,,,,,
2016-02-18,26.04008674621582,,,,,,
2016-02-19,26.17826271057129,,,,,,
2016-02-22,26.597261428833008,,,,,,
2016-02-23,26.254047393798828,,,,,,
2016-02-24,26.517030715942383,,,,,,
2016-02-25,26.744354248046875,,,,,,
2016-02-26,26.802303314208984,,,,,,
2016-02-29,26.695322036743164,,,,,,
2016-03-01,27.31044578552246,,,,,,
2016-03-02,27.363937377929688,,,,,,
2016-03-03,27.41741943359375,,,,,,
2016-03-04,27.40850830078125,,,,,,
2016-03-07,27.4753646850586,,,,,,
2016-03-08,27.04300117492676,,,,,,
2016-03-09,27.18564224243164,,,,,,
2016-03-10,27.230209350585938,,,,,,
2016-03-11,27.680404663085938,,,,,,
2016-03-14,27.7338924407959,,,,,,
2016-03-15,27.484281539916992,,,,,,
2016-03-16,27.707151412963867,,,,,,
2016-03-17,27.756181716918945,,,,,,
2016-03-18,27.97013664245605,,,,,,
2016-03-21,28.059289932250977,,,,,,
2016-03-22,28.11851119995117,,,,,,
2016-03-23,27.741622924804688,,,,,,
2016-03-24,27.68778610229492,,,,,,
2016-03-28,27.66534423828125,,,,,,
2016-03-29,28.046714782714844,,,,,,
2016-03-30,28.154409408569336,,,,,,
2016-03-31,28.199277877807617,,,,,,
2016-04-01,28.423608779907227,,,,,,
2016-04-04,28.27106285095215,,,,,,
2016-04-05,27.99287986755371,,,,,,
2016-04-06,28.49091339111328,,,,,,
2016-04-07,28.05121421813965,,,,,,
2016-04-08,28.037748336791992,,,,,,
2016-04-11,27.92109107971192,,,,,,
2016-04-12,28.0960750579834,,,,,,
2016-04-13,28.549240112304688,,,,,,
2016-04-14,28.446044921875,,,,,,
2016-04-15,28.34733390808105,,,,,,
2016-04-18,28.55372428894043,,,,,,
2016-04-19,28.284523010253903,,,,,,
2016-04-20,28.392200469970703,,,,,,
2016-04-21,28.423608779907227,,,,,,
2016-04-22,28.36976623535156,,,,,,
2016-04-25,28.217220306396484,,,,,,
2016-04-26,28.280033111572266,,,,,,
2016-04-27,28.423608779907227,,,,,,
2016-04-28,28.01082801818848,,,,,,
2016-04-29,27.598041534423828,,,,,,
2016-05-02,27.77303504943848,,,,,,
2016-05-03,27.51728630065918,,,,,,
2016-05-04,27.23012924194336,,,,,,
2016-05-05,27.194236755371094,,,,,,
2016-05-06,27.23910140991211,,,,,,
2016-05-09,27.3781967163086,,,,,,
2016-05-10,27.67880630493164,,,,,,
2016-05-11,27.369230270385746,,,,,,
2016-05-12,27.27948760986328,,,,,,
2016-05-13,27.135910034179688,,,,,,
2016-05-16,27.467937469482425,,,,,,
2016-05-17,27.23012924194336,,,,,,
2016-05-18,27.32884407043457,,,,,,
2016-05-19,27.194236755371094,,,,,,
2016-05-20,27.53523635864257,,,,,,
2016-05-23,27.526254653930664,,,,,,
2016-05-24,28.13197135925293,,,,,,
2016-05-25,28.25311088562012,,,,,,
2016-05-26,28.329391479492188,,,,,,
2016-05-27,28.567182540893555,,,,,,
2016-05-31,28.683847427368164,,,,,,
2016-06-01,28.71973991394043,,,,,,
2016-06-02,28.93061828613281,,,,,,
2016-06-03,28.787038803100582,,,,,,
2016-06-06,28.87677001953125,,,,,,
2016-06-07,28.89921188354492,,,,,,
2016-06-08,28.809471130371094,,,,,,
2016-06-09,28.70178604125977,,,,,,
2016-06-10,28.22170829772949,,,,,,
2016-06-13,28.0242919921875,,,,,,
2016-06-14,28.00185775756836,,,,,,
2016-06-15,28.109539031982425,,,,,,
2016-06-16,27.97493553161621,,,,,,
2016-06-17,27.898662567138672,,,,,,
2016-06-20,28.284523010253903,,,,,,
2016-06-21,28.1702880859375,,,,,,
2016-06-22,28.107330322265625,,,,,,
2016-06-23,28.61101531982422,,,,,,
2016-06-24,27.42375564575196,,,,,,
2016-06-27,26.537826538085938,,,,,,
2016-06-28,27.15393447875977,,,,,,
2016-06-29,27.76555252075196,,,,,,
2016-06-30,28.07135391235352,,,,,,
2016-07-01,28.2512435913086,,,,,,
2016-07-05,27.882474899291992,,,,,,
2016-07-06,28.14331817626953,,,,,,
2016-07-07,28.341184616088867,,,,,,
2016-07-08,28.844873428344727,,,,,,
2016-07-11,29.015756607055664,,,,,,
2016-07-12,29.312578201293945,,,,,,
2016-07-13,29.26310920715332,,,,,,
2016-07-14,29.438495635986328,,,,,,
2016-07-15,29.41601753234864,,,,,,
2016-07-18,29.51045036315918,,,,,,
2016-07-19,29.33506393432617,,,,,,
2016-07-20,29.627376556396484,,,,,,
2016-07-21,29.54193115234375,,,,,,
2016-07-22,29.721818923950195,,,,,,
2016-07-25,29.81625747680664,,,,,,
2016-07-26,30.04562187194824,,,,,,
2016-07-27,30.03662109375,,,,,,
2016-07-28,30.126558303833008,,,,,,
2016-07-29,29.942174911499023,,,,,,
2016-08-01,30.03662109375,,,,,,
2016-08-02,29.71282768249512,,,,,,
2016-08-03,29.81175994873047,,,,,,
2016-08-04,29.856739044189453,,,,,,
2016-08-05,30.10408592224121,,,,,,
2016-08-08,29.99614143371582,,,,,,
2016-08-09,30.072599411010746,,,,,,
2016-08-10,29.942174911499023,,,,,,
2016-08-11,30.15804100036621,,,,,,
2016-08-12,30.22998237609864,,,,,,
2016-08-15,30.47285270690918,,,,,,
2016-08-16,30.25248146057129,,,,,,
2016-08-17,30.243492126464844,,,,,,
2016-08-18,30.387407302856445,,,,,,
2016-08-19,30.441370010375977,,,,,,
2016-08-22,30.50432777404785,,,,,,
2016-08-23,30.607765197753903,,,,,,
2016-08-24,30.28846549987793,,,,,,
2016-08-25,30.270477294921875,,,,,,
2016-08-26,30.28846549987793,,,,,,
2016-08-29,30.41887283325196,,,,,,
2016-08-30,30.31096076965332,,,,,,
2016-08-31,30.2659854888916,,,,,,
2016-09-01,30.34243392944336,,,,,,
2016-09-02,30.4053955078125,,,,,,
2016-09-06,30.51782417297364,,,,,,
2016-09-07,30.54480361938477,,,,,,
2016-09-08,30.41887283325196,,,,,,
2016-09-09,29.59589958190918,,,,,,
2016-09-12,30.144550323486328,,,,,,
2016-09-13,29.76229858398437,,,,,,
2016-09-14,29.79827690124512,,,,,,
2016-09-15,30.17152976989746,,,,,,
2016-09-16,30.11306953430176,,,,,,
2016-09-19,30.059101104736328,,,,,,
2016-09-20,30.05865859985352,,,,,,
2016-09-21,30.41446876525879,,,,,,
2016-09-22,30.63064765930176,,,,,,
2016-09-23,30.473005294799805,,,,,,
2016-09-26,30.216285705566406,,,,,,
2016-09-27,30.56759262084961,,,,,,
2016-09-28,30.4234619140625,,,,,,
2016-09-29,30.41896247863769,,,,,,
2016-09-30,30.65316772460937,,,,,,
2016-10-03,30.671173095703125,,,,,,
2016-10-04,30.626129150390625,,,,,,
2016-10-05,30.756765365600582,,,,,,
2016-10-06,30.693696975708008,,,,,,
2016-10-07,30.56759262084961,,,,,,
2016-10-10,30.70269775390625,,,,,,
2016-10-11,30.05865859985352,,,,,,
2016-10-12,29.97758674621582,,,,,,
2016-10-13,29.93705177307129,,,,,,
2016-10-14,29.95507049560547,,,,,,
2016-10-17,29.797439575195312,,,,,,
2016-10-18,30.12621307373047,,,,,,
2016-10-19,30.15773582458496,,,,,,
2016-10-20,30.16225242614746,,,,,,
2016-10-21,30.17577171325684,,,,,,
2016-10-24,30.44598960876465,,,,,,
2016-10-25,30.306365966796875,,,,,,
2016-10-26,30.346900939941406,,,,,,
2016-10-27,30.06766128540039,,,,,,
2016-10-28,29.99110221862793,,,,,,
2016-10-31,30.15773582458496,,,,,,
2016-11-01,29.81995964050293,,,,,,
2016-11-02,29.69384956359864,,,,,,
2016-11-03,29.473154067993164,,,,,,
2016-11-04,29.41911125183105,,,,,,
2016-11-07,30.094690322875977,,,,,,
2016-11-08,30.2973575592041,,,,,,
2016-11-09,30.52705955505371,,,,,,
2016-11-10,30.26131820678711,,,,,,
2016-11-11,30.3874454498291,,,,,,
2016-11-14,30.364925384521484,,,,,,
2016-11-15,30.698205947875977,,,,,,
2016-11-16,30.72072029113769,,,,,,
2016-11-17,31.01798248291016,,,,,,
2016-11-18,30.94140815734864,,,,,,
2016-11-21,31.12606239318848,,,,,,
2016-11-22,31.229656219482425,,,,,,
2016-11-23,31.171112060546875,,,,,,
2016-11-25,31.33323860168457,,,,,,
2016-11-28,31.229656219482425,,,,,,
2016-11-29,31.297208786010746,,,,,,
2016-11-30,31.076528549194336,,,,,,
2016-12-01,30.35140609741211,,,,,,
2016-12-02,30.44147300720215,,,,,,
2016-12-05,30.68017578125,,,,,,
2016-12-06,30.711715698242188,,,,,,
2016-12-07,31.23415756225586,,,,,,
2016-12-08,31.33323860168457,,,,,,
2016-12-09,31.35125541687012,,,,,,
2016-12-12,31.162097930908203,,,,,,
2016-12-13,31.4998779296875,,,,,,
2016-12-14,31.436824798583984,,,,,,
2016-12-15,31.571945190429688,,,,,,
2016-12-16,31.43233299255371,,,,,,
2016-12-19,31.3737907409668,,,,,,
2016-12-20,31.50647354125977,,,,,,
2016-12-21,31.569637298583984,,,,,,
2016-12-22,31.380096435546875,,,,,,
2016-12-23,31.48840713500977,,,,,,
2016-12-27,31.71858596801757,,,,,,
2016-12-28,31.402645111083984,,,,,,
2016-12-29,31.31691169738769,,,,,,
2016-12-30,31.0190486907959,,,,,,
2017-01-03,31.35752296447754,,,,,,
2017-01-04,31.69149780273437,,,,,,
2017-01-05,31.79080009460449,,,,,,
2017-01-06,31.94424629211425,,,,,,
2017-01-09,32.04805374145508,,,,,,
2017-01-10,32.23759841918945,,,,,,
2017-01-11,32.25565719604492,,,,,,
2017-01-12,32.18795394897461,,,,,,
2017-01-13,32.33689498901367,,,,,,
2017-01-17,32.23759841918945,,,,,,
2017-01-18,32.36847686767578,,,,,,
2017-01-19,32.34140396118164,,,,,,
2017-01-20,32.427154541015625,,,,,,
2017-01-23,32.41360855102539,,,,,,
2017-01-24,32.725032806396484,,,,,,
2017-01-25,33.01839065551758,,,,,,
2017-01-26,32.905555725097656,,,,,,
2017-01-27,33.01839065551758,,,,,,
2017-01-30,32.873958587646484,,,,,,
2017-01-31,32.9281120300293,,,,,,
2017-02-01,32.941654205322266,,,,,,
2017-02-02,32.937164306640625,,,,,,
2017-02-03,33.08606719970703,,,,,,
2017-02-06,33.0951042175293,,,,,,
2017-02-07,33.20342254638672,,,,,,
2017-02-08,33.275630950927734,,,,,,
2017-02-09,33.41554260253906,,,,,,
2017-02-10,33.559959411621094,,,,,,
2017-02-13,33.71791458129883,,,,,,
2017-02-14,33.66826248168945,,,,,,
2017-02-15,33.99774169921875,,,,,,
2017-02-16,33.90296173095703,,,,,,
2017-02-17,34.09702682495117,,,,,,
2017-02-21,34.282073974609375,,,,,,
2017-02-22,34.263999938964844,,,,,,
2017-02-23,34.01127624511719,,,,,,
2017-02-24,34.169246673583984,,,,,,
2017-02-27,34.25498580932617,,,,,,
2017-02-28,34.101539611816406,,,,,,
2017-03-01,34.49870300292969,,,,,,
2017-03-02,34.33623123168945,,,,,,
2017-03-03,34.42648696899414,,,,,,
2017-03-06,34.31365966796875,,,,,,
2017-03-07,34.110565185546875,,,,,,
2017-03-08,34.29109573364258,,,,,,
2017-03-09,34.259498596191406,,,,,,
2017-03-10,34.42648696899414,,,,,,
2017-03-13,34.59347915649414,,,,,,
2017-03-14,34.44455337524414,,,,,,
2017-03-15,34.75144958496094,,,,,,
2017-03-16,34.65665817260742,,,,,,
2017-03-17,34.79206085205078,,,,,,
2017-03-20,34.63409805297852,,,,,,
2017-03-21,34.030487060546875,,,,,,
2017-03-22,34.24283218383789,,,,,,
2017-03-23,34.23830795288086,,,,,,
2017-03-24,34.446144104003906,,,,,,
2017-03-27,34.49583053588867,,,,,,
2017-03-28,34.64944839477539,,,,,,
2017-03-29,34.75338363647461,,,,,,
2017-03-30,34.78499984741211,,,,,,
2017-03-31,34.76692581176758,,,,,,
2017-04-03,34.61330795288086,,,,,,
2017-04-04,34.61784744262695,,,,,,
2017-04-05,34.47776794433594,,,,,,
2017-04-06,34.58620071411133,,,,,,
2017-04-07,34.61330795288086,,,,,,
2017-04-10,34.68560028076172,,,,,,
2017-04-11,34.56813049316406,,,,,,
2017-04-12,34.33319091796875,,,,,,
2017-04-13,34.21120834350586,,,,,,
2017-04-17,34.36029815673828,,,,,,
2017-04-18,34.31962966918945,,,,,,
2017-04-19,34.428070068359375,,,,,,
2017-04-20,34.79854965209961,,,,,,
2017-04-21,34.66752624511719,,,,,,
2017-04-24,35.06513214111328,,,,,,
2017-04-25,35.3000602722168,,,,,,
2017-04-26,35.272953033447266,,,,,,
2017-04-27,35.43560791015625,,,,,,
2017-04-28,35.2955436706543,,,,,,
2017-05-01,35.485313415527344,,,,,,
2017-05-02,35.521446228027344,,,,,,
2017-05-03,35.36784362792969,,,,,,
2017-05-04,35.40396499633789,,,,,,
2017-05-05,35.53049087524414,,,,,,
2017-05-08,35.38591003417969,,,,,,
2017-05-09,35.638916015625,,,,,,
2017-05-10,35.74736404418945,,,,,,
2017-05-11,35.65699768066406,,,,,,
2017-05-12,35.6118278503418,,,,,,
2017-05-15,35.80157852172852,,,,,,
2017-05-16,35.873870849609375,,,,,,
2017-05-17,35.08771514892578,,,,,,
2017-05-18,35.37687301635742,,,,,,
2017-05-19,35.62989044189453,,,,,,
2017-05-22,35.964237213134766,,,,,,
2017-05-23,35.873870849609375,,,,,,
2017-05-24,36.045555114746094,,,,,,
2017-05-25,36.34375381469727,,,,,,
2017-05-26,36.34375381469727,,,,,,
2017-05-30,36.407005310058594,,,,,,
2017-05-31,36.47930908203125,,,,,,
2017-06-01,36.759422302246094,,,,,,
2017-06-02,37.04858016967773,,,,,,
2017-06-05,36.97628402709961,,,,,,
2017-06-06,36.80459213256836,,,,,,
2017-06-07,36.92205810546875,,,,,,
2017-06-08,37.07569122314453,,,,,,
2017-06-09,36.334716796875,,,,,,
2017-06-12,36.19013214111328,,,,,,
2017-06-13,36.41604232788086,,,,,,
2017-06-14,36.26242446899414,,,,,,
2017-06-15,36.06362533569336,,,,,,
2017-06-16,36.045555114746094,,,,,,
2017-06-19,36.57869720458984,,,,,,
2017-06-20,36.23733139038086,,,,,,
2017-06-21,36.69911575317383,,,,,,
2017-06-22,36.71723175048828,,,,,,
2017-06-23,36.853065490722656,,,,,,
2017-06-26,36.69007873535156,,,,,,
2017-06-27,36.05623626708984,,,,,,
2017-06-28,36.62668991088867,,,,,,
2017-06-29,35.938507080078125,,,,,,
2017-06-30,36.04718780517578,,,,,,
2017-07-03,35.75741958618164,,,,,,
2017-07-05,35.9747314453125,,,,,,
2017-07-06,35.58539581298828,,,,,,
2017-07-07,35.992855072021484,,,,,,
2017-07-10,36.11056137084961,,,,,,
2017-07-11,36.14678192138672,,,,,,
2017-07-12,36.599517822265625,,,,,,
2017-07-13,36.653846740722656,,,,,,
2017-07-14,36.853065490722656,,,,,,
2017-07-17,36.7806282043457,,,,,,
2017-07-18,36.94359970092773,,,,,,
2017-07-19,37.21524429321289,,,,,,
2017-07-20,37.28768539428711,,,,,,
2017-07-21,37.24239730834961,,,,,,
2017-07-24,37.27862548828125,,,,,,
2017-07-25,37.20619583129883,,,,,,
2017-07-26,37.28768539428711,,,,,,
2017-07-27,37.17901611328125,,,,,,
2017-07-28,37.18808364868164,,,,,,
2017-07-31,37.08847427368164,,,,,,
2017-08-01,37.0522575378418,,,,,,
2017-08-02,36.86210250854492,,,,,,
2017-08-03,36.726295471191406,,,,,,
2017-08-04,36.64479064941406,,,,,,
2017-08-07,36.89832305908203,,,,,,
2017-08-08,36.671966552734375,,,,,,
2017-08-09,36.55424499511719,,,,,,
2017-08-10,35.775535583496094,,,,,,
2017-08-11,36.020015716552734,,,,,,
2017-08-14,36.36408996582031,,,,,,
2017-08-15,36.35504531860352,,,,,,
2017-08-16,36.427467346191406,,,,,,
2017-08-17,35.7212028503418,,,,,,
2017-08-18,35.648773193359375,,,,,,
2017-08-21,35.703094482421875,,,,,,
2017-08-22,36.21922302246094,,,,,,
2017-08-23,36.101524353027344,,,,,,
2017-08-24,36.101524353027344,,,,,,
2017-08-25,36.08339691162109,,,,,,
2017-08-28,36.11056137084961,,,,,,
2017-08-29,36.24637985229492,,,,,,
2017-08-30,36.69911575317383,,,,,,
2017-08-31,37.061309814453125,,,,,,
2017-09-01,37.16091537475586,,,,,,
2017-09-05,36.744407653808594,,,,,,
2017-09-06,36.96171569824219,,,,,,
2017-09-07,36.96171569824219,,,,,,
2017-09-08,36.83494567871094,,,,,,
2017-09-11,37.24239730834961,,,,,,
2017-09-12,37.32391357421875,,,,,,
2017-09-13,37.37823486328125,,,,,,
2017-09-14,37.31484603881836,,,,,,
2017-09-15,37.38728332519531,,,,,,
2017-09-18,37.45068359375,,,,,,
2017-09-19,37.36905670166016,,,,,,
2017-09-20,37.25117111206055,,,,,,
2017-09-21,37.15143203735352,,,,,,
2017-09-22,37.26931381225586,,,,,,
2017-09-25,36.99726867675781,,,,,,
2017-09-26,37.006343841552734,,,,,,
2017-09-27,37.28745269775391,,,,,,
2017-09-28,37.21489715576172,,,,,,
2017-09-29,37.54133987426758,,,,,,
2017-10-02,37.59576797485352,,,,,,
2017-10-03,37.713653564453125,,,,,,
2017-10-04,37.8677864074707,,,,,,
2017-10-05,38.10356140136719,,,,,,
2017-10-06,38.03102493286133,,,,,,
2017-10-09,37.84966659545898,,,,,,
2017-10-10,37.95848083496094,,,,,,
2017-10-11,37.9312744140625,,,,,,
2017-10-12,37.81339645385742,,,,,,
2017-10-13,37.98567962646485,,,,,,
2017-10-16,37.97661972045898,,,,,,
2017-10-17,38.03102493286133,,,,,,
2017-10-18,38.00380325317383,,,,,,
2017-10-19,37.9947509765625,,,,,,
2017-10-20,38.157962799072266,,,,,,
2017-10-23,37.96754455566406,,,,,,
2017-10-24,37.97661972045898,,,,,,
2017-10-25,37.795257568359375,,,,,,
2017-10-26,37.72271728515625,,,,,,
2017-10-27,37.94034576416016,,,,,,
2017-10-30,37.85871887207031,,,,,,
2017-10-31,37.98567962646485,,,,,,
2017-11-01,37.8405876159668,,,,,,
2017-11-02,37.68645477294922,,,,,,
2017-11-03,38.012882232666016,,,,,,
2017-11-06,38.07635498046875,,,,,,
2017-11-07,38.07635498046875,,,,,,
2017-11-08,38.1851806640625,,,,,,
2017-11-09,37.94034576416016,,,,,,
2017-11-10,38.03102493286133,,,,,,
2017-11-13,38.148902893066406,,,,,,
2017-11-14,38.04009628295898,,,,,,
2017-11-15,37.96754455566406,,,,,,
2017-11-16,38.54789733886719,,,,,,
2017-11-17,38.64763641357422,,,,,,
2017-11-20,38.593238830566406,,,,,,
2017-11-21,38.87434005737305,,,,,,
2017-11-22,38.919677734375,,,,,,
2017-11-24,38.90154266357422,,,,,,
2017-11-27,38.76551818847656,,,,,,
2017-11-28,39.01942825317383,,,,,,
2017-11-29,38.584171295166016,,,,,,
2017-11-30,38.87434005737305,,,,,,
2017-12-01,38.65670394897461,,,,,,
2017-12-04,38.511627197265625,,,,,,
2017-12-05,38.44815444946289,,,,,,
2017-12-06,38.44815444946289,,,,,,
2017-12-07,38.57509994506836,,,,,,
2017-12-08,38.87434005737305,,,,,,
2017-12-11,39.00128173828125,,,,,,
2017-12-12,39.01942825317383,,,,,,
2017-12-13,39.18264389038086,,,,,,
2017-12-14,39.091983795166016,,,,,,
2017-12-15,39.427490234375,,,,,,
2017-12-18,39.76300430297852,,,,,,
2017-12-19,39.65849685668945,,,,,,
2017-12-20,39.6312255859375,,,,,,
2017-12-21,39.6312255859375,,,,,,
2017-12-22,39.53125762939453,,,,,,
2017-12-26,39.42220687866211,,,,,,
2017-12-27,39.46764755249024,,,,,,
2017-12-28,39.53125762939453,,,,,,
2017-12-29,39.2495346069336,,,,,,
2018-01-02,39.92203140258789,,,,,,
2018-01-03,40.34916305541992,,,,,,
2018-01-04,40.3673210144043,,,,,,
2018-01-05,40.69448471069336,,,,,,
2018-01-08,40.91259002685547,,,,,,
2018-01-09,40.89440155029297,,,,,,
2018-01-10,40.739933013916016,,,,,,
2018-01-11,41.030723571777344,,,,,,
2018-01-12,41.321533203125,,,,,,
2018-01-16,41.2215690612793,,,,,,
2018-01-17,41.65776824951172,,,,,,
2018-01-18,41.67594528198242,,,,,,
2018-01-19,41.80317306518555,,,,,,
2018-01-22,42.12125015258789,,,,,,
2018-01-23,42.43022918701172,,,,,,
2018-01-24,42.16667938232422,,,,,,
2018-01-25,42.13033676147461,,,,,,
2018-01-26,42.66649627685547,,,,,,
2018-01-29,42.59380340576172,,,,,,
2018-01-30,42.139408111572266,,,,,,
2018-01-31,42.112152099609375,,,,,,
2018-02-01,41.8304328918457,,,,,,
2018-02-02,41.08525848388672,,,,,,
2018-02-05,39.47674179077149,,,,,,
2018-02-06,40.12196731567383,,,,,,
2018-02-07,40.140132904052734,,,,,,
2018-02-08,38.30443572998047,,,,,,
2018-02-09,38.80425262451172,,,,,,
2018-02-12,39.43130111694336,,,,,,
2018-02-13,39.44038772583008,,,,,,
2018-02-14,40.20375061035156,,,,,,
2018-02-15,40.79444885253906,,,,,,
2018-02-16,40.7490119934082,,,,,,
2018-02-20,40.63996124267578,,,,,,
2018-02-21,40.54907989501953,,,,,,
2018-02-22,40.44911956787109,,,,,,
2018-02-23,41.20338821411133,,,,,,
2018-02-26,41.65776824951172,,,,,,
2018-02-27,41.21247863769531,,,,,,
2018-02-28,40.98529052734375,,,,,,
2018-03-01,40.34006881713867,,,,,,
2018-03-02,40.75809860229492,,,,,,
2018-03-05,41.17613220214844,,,,,,
2018-03-06,41.44874954223633,,,,,,
2018-03-07,41.59416580200195,,,,,,
2018-03-08,41.912227630615234,,,,,,
2018-03-09,42.66649627685547,,,,,,
2018-03-12,42.839168548583984,,,,,,
2018-03-13,42.33026885986328,,,,,,
2018-03-14,42.2575569152832,,,,,,
2018-03-15,42.21212387084961,,,,,,
2018-03-16,42.2575569152832,,,,,,
2018-03-19,41.4033203125,,,,,,
2018-03-20,41.44334411621094,,,,,,
2018-03-21,41.37967300415039,,,,,,
2018-03-22,40.433841705322266,,,,,,
2018-03-23,39.3970947265625,,,,,,
2018-03-26,40.55208587646485,,,,,,
2018-03-27,39.56078338623047,,,,,,
2018-03-28,39.41526794433594,,,,,,
2018-03-29,40.00640106201172,,,,,,
2018-04-02,38.93327331542969,,,,,,
2018-04-03,39.31523513793945,,,,,,
2018-04-04,39.97004318237305,,,,,,
2018-04-05,40.00640106201172,,,,,,
2018-04-06,39.02421951293945,,,,,,
2018-04-09,39.29704284667969,,,,,,
2018-04-10,39.997314453125,,,,,,
2018-04-11,39.66992950439453,,,,,,
2018-04-12,40.17011260986328,,,,,,
2018-04-13,39.88819122314453,,,,,,
2018-04-16,40.2155876159668,,,,,,
2018-04-17,40.79763412475586,,,,,,
2018-04-18,40.97042465209961,,,,,,
2018-04-19,40.30652618408203,,,,,,
2018-04-20,39.88819122314453,,,,,,
2018-04-23,39.84272003173828,,,,,,
2018-04-24,39.333438873291016,,,,,,
2018-04-25,39.26066207885742,,,,,,
2018-04-26,39.979129791259766,,,,,,
2018-04-27,39.951847076416016,,,,,,
2018-04-30,39.67902374267578,,,,,,
2018-05-01,39.6881103515625,,,,,,
2018-05-02,39.36071014404297,,,,,,
2018-05-03,39.2697639465332,,,,,,
2018-05-04,39.9063835144043,,,,,,
2018-05-07,40.2155876159668,,,,,,
2018-05-08,40.04279327392578,,,,,,
2018-05-09,40.45204162597656,,,,,,
2018-05-10,40.870384216308594,,,,,,
2018-05-11,40.743072509765625,,,,,,
2018-05-14,40.870384216308594,,,,,,
2018-05-15,40.54298400878906,,,,,,
2018-05-16,40.92494583129883,,,,,,
2018-05-17,40.8339958190918,,,,,,
2018-05-18,40.66121673583984,,,,,,
2018-05-21,40.69757843017578,,,,,,
2018-05-22,40.58845520019531,,,,,,
2018-05-23,40.78853988647461,,,,,,
2018-05-24,40.87947463989258,,,,,,
2018-05-25,40.86128616333008,,,,,,
2018-05-29,40.65211486816406,,,,,,
2018-05-30,40.99771881103516,,,,,,
2018-05-31,40.65211486816406,,,,,,
2018-06-01,41.170501708984375,,,,,,
2018-06-04,41.47062301635742,,,,,,
2018-06-05,41.56156539916992,,,,,,
2018-06-06,41.87076950073242,,,,,,
2018-06-07,41.69797897338867,,,,,,
2018-06-08,41.80711364746094,,,,,,
2018-06-11,41.952613830566406,,,,,,
2018-06-12,42.17998123168945,,,,,,
2018-06-13,42.23455810546875,,,,,,
2018-06-14,42.58013153076172,,,,,,
2018-06-15,42.65290069580078,,,,,,
2018-06-18,42.38006210327149,,,,,,
2018-06-19,42.1786003112793,,,,,,
2018-06-20,42.49764633178711,,,,,,
2018-06-21,42.14214706420898,,,,,,
2018-06-22,42.12390899658203,,,,,,
2018-06-25,41.23968124389648,,,,,,
2018-06-26,41.23968124389648,,,,,,
2018-06-27,40.62892150878906,,,,,,
2018-06-28,40.95709609985352,,,,,,
2018-06-29,41.15763092041016,,,,,,
2018-07-02,41.294376373291016,,,,,,
2018-07-03,41.03001022338867,,,,,,
2018-07-05,41.48580551147461,,,,,,
2018-07-06,42.12390899658203,,,,,,
2018-07-09,42.4338493347168,,,,,,
2018-07-10,42.58881759643555,,,,,,
2018-07-11,42.2424201965332,,,,,,
2018-07-12,42.92609024047852,,,,,,
2018-07-13,42.88051986694336,,,,,,
2018-07-16,42.7984733581543,,,,,,
2018-07-17,43.04458999633789,,,,,,
2018-07-18,43.06283187866211,,,,,,
2018-07-19,42.88962936401367,,,,,,
2018-07-20,42.707313537597656,,,,,,
2018-07-23,42.834938049316406,,,,,,
2018-07-24,42.57057571411133,,,,,,
2018-07-25,43.126651763916016,,,,,,
2018-07-26,43.09928894042969,,,,,,
2018-07-27,42.634403228759766,,,,,,
2018-07-30,42.10568237304688,,,,,,
2018-07-31,42.45206832885742,,,,,,
2018-08-01,42.22417831420898,,,,,,
2018-08-02,42.58881759643555,,,,,,
2018-08-03,42.67997360229492,,,,,,
2018-08-06,42.90786743164063,,,,,,
2018-08-07,43.02637100219727,,,,,,
2018-08-08,42.9990119934082,,,,,,
2018-08-09,42.834938049316406,,,,,,
2018-08-10,42.4338493347168,,,,,,
2018-08-13,42.39737701416016,,,,,,
2018-08-14,42.515892028808594,,,,,,
2018-08-15,41.950714111328125,,,,,,
2018-08-16,42.25153350830078,,,,,,
2018-08-17,42.20595550537109,,,,,,
2018-08-20,42.4065055847168,,,,,,
2018-08-21,42.661746978759766,,,,,,
2018-08-22,42.78025436401367,,,,,,
2018-08-23,42.62527847290039,,,,,,
2018-08-24,43.04458999633789,,,,,,
2018-08-27,43.40011215209961,,,,,,
2018-08-28,43.43657684326172,,,,,,
2018-08-29,43.68269729614258,,,,,,
2018-08-30,43.32719421386719,,,,,,
2018-08-31,43.33629989624024,,,,,,
2018-09-04,43.11751556396485,,,,,,
2018-09-05,42.81671142578125,,,,,,
2018-09-06,42.543243408203125,,,,,,
2018-09-07,42.415618896484375,,,,,,
2018-09-10,42.64350891113281,,,,,,
2018-09-11,42.661746978759766,,,,,,
2018-09-12,42.597930908203125,,,,,,
2018-09-13,43.02637100219727,,,,,,
2018-09-14,43.03548049926758,,,,,,
2018-09-17,42.5797004699707,,,,,,
2018-09-18,42.97167205810547,,,,,,
2018-09-19,42.93521118164063,,,,,,
2018-09-20,43.39099884033203,,,,,,
2018-09-21,43.299835205078125,,,,,,
2018-09-24,43.08106231689453,,,,,,
2018-09-25,43.0408935546875,,,,,,
2018-09-26,42.96784973144531,,,,,,
2018-09-27,43.30567932128906,,,,,,
2018-09-28,43.18696594238281,,,,,,
2018-10-01,43.1230583190918,,,,,,
2018-10-02,43.00436782836914,,,,,,
2018-10-03,43.14132690429688,,,,,,
2018-10-04,42.34696578979492,,,,,,
2018-10-05,41.73523712158203,,,,,,
2018-10-08,41.51611328125,,,,,,
2018-10-09,41.40654754638672,,,,,,
2018-10-10,40.05523300170898,,,,,,
2018-10-11,39.580448150634766,,,,,,
2018-10-12,40.411319732666016,,,,,,
2018-10-15,40.02784729003906,,,,,,
2018-10-16,41.287845611572266,,,,,,
2018-10-17,41.2513313293457,,,,,,
2018-10-18,40.36567687988281,,,,,,
2018-10-19,40.16479110717773,,,,,,
2018-10-22,40.06437301635742,,,,,,
2018-10-23,39.92742156982422,,,,,,
2018-10-24,38.128692626953125,,,,,,
2018-10-25,39.19697952270508,,,,,,
2018-10-26,38.32045364379883,,,,,,
2018-10-29,38.1926155090332,,,,,,
2018-10-30,38.850006103515625,,,,,,
2018-10-31,39.4982795715332,,,,,,
2018-11-01,40.43871307373047,,,,,,
2018-11-02,40.16479110717773,,,,,,
2018-11-05,40.12827682495117,,,,,,
2018-11-06,40.411319732666016,,,,,,
2018-11-07,41.46132659912109,,,,,,
2018-11-08,41.08697891235352,,,,,,
2018-11-09,40.57568359375,,,,,,
2018-11-12,39.616981506347656,,,,,,
2018-11-13,39.662628173828125,,,,,,
2018-11-14,39.616981506347656,,,,,,
2018-11-15,40.37480163574219,,,,,,
2018-11-16,40.17392349243164,,,,,,
2018-11-19,39.20610427856445,,,,,,
2018-11-20,38.5487060546875,,,,,,
2018-11-21,38.91391372680664,,,,,,
2018-11-23,38.95045471191406,,,,,,
2018-11-26,39.5895881652832,,,,,,
2018-11-27,39.6717529296875,,,,,,
2018-11-28,40.75828170776367,,,,,,
2018-11-29,40.66698455810547,,,,,,
2018-11-30,40.703495025634766,,,,,,
2018-12-03,41.20567321777344,,,,,,
2018-12-04,39.945682525634766,,,,,,
2018-12-06,39.97307205200195,,,,,,
2018-12-07,38.767845153808594,,,,,,
2018-12-10,39.050899505615234,,,,,,
2018-12-11,39.24262237548828,,,,,,
2018-12-12,39.56218719482422,,,,,,
2018-12-13,39.370452880859375,,,,,,
2018-12-14,38.64914321899414,,,,,,
2018-12-17,37.85479736328125,,,,,,
2018-12-18,37.96435928344727,,,,,,
2018-12-19,37.15175247192383,,,,,,
2018-12-20,36.44871139526367,,,,,,
2018-12-21,35.67264175415039,,,,,,
2018-12-24,34.92392349243164,,,,,,
2018-12-26,36.85044860839844,,,,,,
2018-12-27,37.1021842956543,,,,,,
2018-12-28,37.01980209350586,,,,,,
2018-12-31,37.12965774536133,,,,,,
2019-01-02,37.36766815185547,,,,,,
2019-01-03,36.2966194152832,,,,,,
2019-01-04,38.00846099853516,,,,,,
2019-01-07,38.39295959472656,,,,,,
2019-01-08,38.73165512084961,,,,,,
2019-01-09,39.18936920166016,,,,,,
2019-01-10,39.44567489624024,,,,,,
2019-01-11,39.3724479675293,,,,,,
2019-01-14,38.99711990356445,,,,,,
2019-01-15,39.4090690612793,,,,,,
2019-01-16,39.44567489624024,,,,,,
2019-01-17,39.77523040771485,,,,,,
2019-01-18,40.4526481628418,,,,,,
2019-01-22,39.6013069152832,,,,,,
2019-01-23,39.54637908935547,,,,,,
2019-01-24,40.15056610107422,,,,,,
2019-01-25,40.901214599609375,,,,,,
2019-01-28,40.4984130859375,,,,,,
2019-01-29,40.29703903198242,,,,,,
2019-01-30,41.13920974731445,,,,,,
2019-01-31,41.615234375,,,,,,
2019-02-01,41.76171112060547,,,,,,
2019-02-04,42.01803207397461,,,,,,
2019-02-05,42.31097030639648,,,,,,
2019-02-06,42.34757614135742,,,,,,
2019-02-07,41.78001022338867,,,,,,
2019-02-08,41.917327880859375,,,,,,
2019-02-11,42.01803207397461,,,,,,
2019-02-12,42.6954460144043,,,,,,
2019-02-13,42.768680572509766,,,,,,
2019-02-14,42.8235969543457,,,,,,
2019-02-15,43.11653900146485,,,,,,
2019-02-19,43.061614990234375,,,,,,
2019-02-20,43.13484954833984,,,,,,
2019-02-21,42.8510627746582,,,,,,
2019-02-22,43.05245590209961,,,,,,
2019-02-25,43.35453796386719,,,,,,
2019-02-26,43.25385665893555,,,,,,
2019-02-27,43.061614990234375,,,,,,
2019-02-28,43.079925537109375,,,,,,
2019-03-01,43.41863632202149,,,,,,
2019-03-04,43.079925537109375,,,,,,
2019-03-05,43.11653900146485,,,,,,
2019-03-06,42.759525299072266,,,,,,
2019-03-07,42.20110702514648,,,,,,
2019-03-08,42.11872100830078,,,,,,
2019-03-11,42.915164947509766,,,,,,
2019-03-12,43.01583480834961,,,,,,
2019-03-13,43.35453796386719,,,,,,
2019-03-14,43.23554229736328,,,,,,
2019-03-15,43.610870361328125,,,,,,
2019-03-18,43.65663146972656,,,,,,
2019-03-19,43.746490478515625,,,,,,
2019-03-20,43.746490478515625,,,,,,
2019-03-21,44.37917709350586,,,,,,
2019-03-22,43.42556381225586,,,,,,
2019-03-25,43.32471084594727,,,,,,
2019-03-26,43.645633697509766,,,,,,
2019-03-27,43.29719924926758,,,,,,
2019-03-28,43.48976135253906,,,,,,
2019-03-29,43.865699768066406,,,,,,
2019-04-01,44.63591766357422,,,,,,
2019-04-02,44.72761535644531,,,,,,
2019-04-03,45.048526763916016,,,,,,
2019-04-04,44.94766616821289,,,,,,
2019-04-05,45.29610061645508,,,,,,
2019-04-08,45.387794494628906,,,,,,
2019-04-09,45.07604217529297,,,,,,
2019-04-10,45.29610061645508,,,,,,
2019-04-11,45.19524002075195,,,,,,
2019-04-12,45.50699615478516,,,,,,
2019-04-15,45.433631896972656,,,,,,
2019-04-16,45.53449630737305,,,,,,
2019-04-17,45.39695739746094,,,,,,
2019-04-18,45.31443786621094,,,,,,
2019-04-22,45.30527114868164,,,,,,
2019-04-23,45.8829345703125,,,,,,
2019-04-24,45.910438537597656,,,,,,
2019-04-25,45.79123306274414,,,,,,
2019-04-26,45.84625625610352,,,,,,
2019-04-29,45.93794250488281,,,,,,
2019-04-30,46.15801239013672,,,,,,
2019-05-01,45.65370178222656,,,,,,
2019-05-02,45.79123306274414,,,,,,
2019-05-03,46.3689079284668,,,,,,
2019-05-06,45.92876815795898,,,,,,
2019-05-07,44.9384994506836,,,,,,
2019-05-08,44.87431335449219,,,,,,
2019-05-09,44.81012725830078,,,,,,
2019-05-10,44.7551155090332,,,,,,
2019-05-13,43.3155403137207,,,,,,
2019-05-14,43.95739364624024,,,,,,
2019-05-15,44.31498718261719,,,,,,
2019-05-16,44.68177032470703,,,,,,
2019-05-17,44.195796966552734,,,,,,
2019-05-20,43.43473815917969,,,,,,
2019-05-21,43.93904113769531,,,,,,
2019-05-22,43.728153228759766,,,,,,
2019-05-23,43.05879974365234,,,,,,
2019-05-24,42.9854736328125,,,,,,
2019-05-28,42.76538848876953,,,,,,
2019-05-29,42.33443069458008,,,,,,
2019-05-30,42.49031448364258,,,,,,
2019-05-31,41.99516677856445,,,,,,
2019-06-03,41.619232177734375,,,,,,
2019-06-04,42.85708618164063,,,,,,
2019-06-05,43.15049362182617,,,,,,
2019-06-06,43.4072380065918,,,,,,
2019-06-07,43.96654510498047,,,,,,
2019-06-10,44.443359375,,,,,,
2019-06-11,44.41584396362305,,,,,,
2019-06-12,44.18661117553711,,,,,,
2019-06-13,44.39751434326172,,,,,,
2019-06-14,44.13160705566406,,,,,,
2019-06-17,44.17744827270508,,,,,,
2019-06-18,44.89265441894531,,,,,,
2019-06-19,45.24108505249024,,,,,,
2019-06-20,45.62619018554688,,,,,,
2019-06-21,45.4886474609375,,,,,,
2019-06-24,45.29610061645508,,,,,,
2019-06-25,44.7392807006836,,,,,,
2019-06-26,44.95980453491211,,,,,,
2019-06-27,45.3457145690918,,,,,,
2019-06-28,45.59381866455078,,,,,,
2019-07-01,46.26457595825195,,,,,,
2019-07-02,46.28295516967773,,,,,,
2019-07-03,46.62294006347656,,,,,,
2019-07-05,46.45753860473633,,,,,,
2019-07-08,46.13594436645508,,,,,,
2019-07-09,46.31052780151367,,,,,,
2019-07-10,46.595359802246094,,,,,,
2019-07-11,46.57697677612305,,,,,,
2019-07-12,46.89859008789063,,,,,,
2019-07-15,46.97210311889648,,,,,,
2019-07-16,46.696434020996094,,,,,,
2019-07-17,46.63212966918945,,,,,,
2019-07-18,46.85265350341797,,,,,,
2019-07-19,46.512672424316406,,,,,,
2019-07-22,46.72400665283203,,,,,,
2019-07-23,47.15586471557617,,,,,,
2019-07-24,47.62449264526367,,,,,,
2019-07-25,46.99967193603516,,,,,,
2019-07-26,47.28451156616211,,,,,,
2019-07-29,47.192626953125,,,,,,
2019-07-30,47.08237075805664,,,,,,
2019-07-31,46.319705963134766,,,,,,
2019-08-01,46.03486633300781,,,,,,
2019-08-02,45.33652877807617,,,,,,
2019-08-05,43.65501022338867,,,,,,
2019-08-06,44.17877578735352,,,,,,
2019-08-07,44.44523239135742,,,,,,
2019-08-08,45.46516799926758,,,,,,
2019-08-09,44.978172302246094,,,,,,
2019-08-12,44.35334777832031,,,,,,
2019-08-13,45.23545455932617,,,,,,
2019-08-14,43.91228866577149,,,,,,
2019-08-15,43.884727478027344,,,,,,
2019-08-16,44.61981201171875,,,,,,
2019-08-19,45.299766540527344,,,,,,
2019-08-20,45.033302307128906,,,,,,
2019-08-21,45.36408996582031,,,,,,
2019-08-22,45.31814956665039,,,,,,
2019-08-23,43.91228866577149,,,,,,
2019-08-26,44.43605041503906,,,,,,
2019-08-27,44.39010620117188,,,,,,
2019-08-28,44.55550003051758,,,,,,
2019-08-29,45.25382995605469,,,,,,
2019-08-30,45.15275955200195,,,,,,
2019-09-03,44.7025260925293,,,,,,
2019-09-04,45.3457145690918,,,,,,
2019-09-05,46.181888580322266,,,,,,
2019-09-06,46.33808898925781,,,,,,
2019-09-09,46.28295516967773,,,,,,
2019-09-10,46.227821350097656,,,,,,
2019-09-11,46.60455322265625,,,,,,
2019-09-12,46.687255859375,,,,,,
2019-09-13,46.66887283325195,,,,,,
2019-09-16,46.43916702270508,,,,,,
2019-09-17,46.60455322265625,,,,,,
2019-09-18,46.494285583496094,,,,,,
2019-09-19,46.4207763671875,,,,,,
2019-09-20,46.03486633300781,,,,,,
2019-09-23,46.025672912597656,,,,,,
2019-09-24,45.37483596801758,,,,,,
2019-09-25,45.85353469848633,,,,,,
2019-09-26,45.75227737426758,,,,,,
2019-09-27,45.08025741577149,,,,,,
2019-09-30,45.48530578613281,,,,,,
2019-10-01,45.03422927856445,,,,,,
2019-10-02,44.334590911865234,,,,,,
2019-10-03,44.804080963134766,,,,,,
2019-10-04,45.365631103515625,,,,,,
2019-10-07,45.14469528198242,,,,,,
2019-10-08,44.34379577636719,,,,,,
2019-10-09,44.83169174194336,,,,,,
2019-10-10,45.21834182739258,,,,,,
2019-10-11,45.98240661621094,,,,,,
2019-10-14,46.01923370361328,,,,,,
2019-10-15,46.61760711669922,,,,,,
2019-10-16,46.36905288696289,,,,,,
2019-10-17,46.52554321289063,,,,,,
2019-10-18,46.1389045715332,,,,,,
2019-10-21,46.45190048217773,,,,,,
2019-10-22,46.19414138793945,,,,,,
2019-10-23,46.102088928222656,,,,,,
2019-10-24,46.75569534301758,,,,,,
2019-10-25,47.05947494506836,,,,,,
2019-10-28,47.372467041015625,,,,,,
2019-10-29,47.363258361816406,,,,,,
2019-10-30,47.48295211791992,,,,,,
2019-10-31,47.25280380249024,,,,,,
2019-11-01,47.77752685546875,,,,,,
2019-11-04,48.09971618652344,,,,,,
2019-11-05,48.08131790161133,,,,,,
2019-11-06,47.92480850219727,,,,,,
2019-11-07,47.96162796020508,,,,,,
2019-11-08,48.164161682128906,,,,,,
2019-11-11,48.14574813842773,,,,,,
2019-11-12,48.12732696533203,,,,,,
2019-11-13,48.09971618652344,,,,,,
2019-11-14,48.06290054321289,,,,,,
2019-11-15,48.38508224487305,,,,,,
2019-11-18,48.33906173706055,,,,,,
2019-11-19,48.52317810058594,,,,,,
2019-11-20,48.164161682128906,,,,,,
2019-11-21,48.07210159301758,,,,,,
2019-11-22,48.20097732543945,,,,,,
2019-11-25,48.82696914672852,,,,,,
2019-11-26,48.85457611083984,,,,,,
2019-11-27,49.185997009277344,,,,,,
2019-11-29,48.98346328735352,,,,,,
2019-12-02,48.4127082824707,,,,,,
2019-12-03,48.09051513671875,,,,,,
2019-12-04,48.38508224487305,,,,,,
2019-12-05,48.44953918457031,,,,,,
2019-12-06,48.93743133544922,,,,,,
2019-12-09,48.69808197021485,,,,,,
2019-12-10,48.67047119140625,,,,,,
2019-12-11,49.00186538696289,,,,,,
2019-12-12,49.65547180175781,,,,,,
2019-12-13,49.62786483764648,,,,,,
2019-12-16,50.06972885131836,,,,,,
2019-12-17,50.07894515991211,,,,,,
2019-12-18,50.20782852172852,,,,,,
2019-12-19,50.47478103637695,,,,,,
2019-12-20,50.80619430541992,,,,,,
2019-12-23,50.823726654052734,,,,,,
2019-12-24,50.90676498413086,,,,,,
2019-12-26,50.92521286010742,,,,,,
2019-12-27,50.89752960205078,,,,,,
2019-12-30,50.519229888916016,,,,,,
2019-12-31,50.65763473510742,,,,,,
2020-01-02,51.41427230834961,,,,,,
2020-01-03,50.94367980957031,,,,,,
2020-01-06,50.9805908203125,,,,,,
2020-01-07,51.2020378112793,,,,,,
2020-01-08,51.50653839111328,,,,,,
2020-01-09,51.884864807128906,,,,,,
2020-01-10,51.7649040222168,,,,,,
2020-01-13,52.20780563354492,,,,,,
2020-01-14,52.23549270629883,,,,,,
2020-01-15,52.13399887084961,,,,,,
2020-01-16,52.66917037963867,,,,,,
2020-01-17,52.72454071044922,,,,,,
2020-01-21,52.53076934814453,,,,,,
2020-01-22,52.66917037963867,,,,,,
2020-01-23,52.83525085449219,,,,,,
2020-01-24,52.23549270629883,,,,,,
2020-01-27,51.2297248840332,,,,,,
2020-01-28,51.89408493041992,,,,,,
2020-01-29,51.56189727783203,,,,,,
2020-01-30,51.73720932006836,,,,,,
2020-01-31,50.72222137451172,,,,,,
2020-02-03,51.50653839111328,,,,,,
2020-02-04,52.85372161865234,,,,,,
2020-02-05,53.05671691894531,,,,,,
2020-02-06,53.333534240722656,,,,,,
2020-02-07,52.807579040527344,,,,,,
2020-02-10,53.21358489990234,,,,,,
2020-02-11,53.63805389404297,,,,,,
2020-02-12,54.23780822753906,,,,,,
2020-02-13,54.18244552612305,,,,,,
2020-02-14,54.27471923828125,,,,,,
2020-02-18,54.31163024902344,,,,,,
2020-02-19,54.8929328918457,,,,,,
2020-02-20,54.45003890991211,,,,,,
2020-02-21,53.58266830444336,,,,,,
2020-02-24,51.70954513549805,,,,,,
2020-02-25,50.17781066894531,,,,,,
2020-02-26,50.15936279296875,,,,,,
2020-02-27,48.1939582824707,,,,,,
2020-02-28,48.09245681762695,,,,,,
2020-03-02,49.84563446044922,,,,,,
2020-03-03,48.646087646484375,,,,,,
2020-03-04,50.49154281616211,,,,,,
2020-03-05,49.1812744140625,,,,,,
2020-03-06,48.24008941650391,,,,,,
2020-03-09,44.844459533691406,,,,,,
2020-03-10,46.939056396484375,,,,,,
2020-03-11,45.04745864868164,,,,,,
2020-03-12,40.95054626464844,,,,,,
2020-03-13,43.903282165527344,,,,,,
2020-03-16,38.75447082519531,,,,,,
2020-03-17,41.20891952514648,,,,,,
2020-03-18,38.50534057617188,,,,,,
2020-03-19,39.391143798828125,,,,,,
2020-03-20,37.93324279785156,,,,,,
2020-03-23,37.95169448852539,,,,,,
2020-03-24,41.313758850097656,,,,,,
2020-03-25,41.45246887207031,,,,,,
2020-03-26,43.69013214111328,,,,,,
2020-03-27,41.98875427246094,,,,,,
2020-03-30,43.36650848388672,,,,,,
2020-03-31,42.987403869628906,,,,,,
2020-04-01,40.99013900756836,,,,,,
2020-04-02,41.68362808227539,,,,,,
2020-04-03,41.08258819580078,,,,,,
2020-04-06,44.2634162902832,,,,,,
2020-04-07,44.11548614501953,,,,,,
2020-04-08,45.43773651123047,,,,,,
2020-04-09,45.61341857910156,,,,,,
2020-04-13,45.56719207763672,,,,,,
2020-04-14,47.33329772949219,,,,,,
2020-04-15,46.62129592895508,,,,,,
2020-04-16,47.43499755859375,,,,,,
2020-04-17,48.35966873168945,,,,,,
2020-04-20,47.73090362548828,,,,,,
2020-04-21,46.08499526977539,,,,,,
2020-04-22,47.31478118896485,,,,,,
2020-04-23,47.09288024902344,,,,,,
2020-04-24,47.88808822631836,,,,,,
2020-04-27,48.68329620361328,,,,,,
2020-04-28,48.08226776123047,,,,,,
2020-04-29,49.41377258300781,,,,,,
2020-04-30,48.59082794189453,,,,,,
2020-05-01,47.12062454223633,,,,,,
2020-05-04,47.58294677734375,,,,,,
2020-05-05,48.22096633911133,,,,,,
2020-05-06,48.47987747192383,,,,,,
2020-05-07,49.11787033081055,,,,,,
2020-05-08,50.024051666259766,,,,,,
2020-05-11,50.208980560302734,,,,,,
2020-05-12,49.09014129638672,,,,,,
2020-05-13,48.1932258605957,,,,,,
2020-05-14,48.7757568359375,,,,,,
2020-05-15,48.997684478759766,,,,,,
2020-05-18,50.55110549926758,,,,,,
2020-05-19,50.39391326904297,,,,,,
2020-05-20,51.31856918334961,,,,,,
2020-05-21,50.80076599121094,,,,,,
2020-05-22,50.99494934082031,,,,,,
2020-05-26,51.411041259765625,,,,,,
2020-05-27,52.02130889892578,,,,,,
2020-05-28,51.94733810424805,,,,,,
2020-05-29,52.8904914855957,,,,,,
2020-06-01,53.09391784667969,,,,,,
2020-06-02,53.52850341796875,,,,,,
2020-06-03,54.20351409912109,,,,,,
2020-06-04,53.88911437988281,,,,,,
2020-06-05,55.1928939819336,,,,,,
2020-06-08,55.69220352172852,,,,,,
2020-06-09,55.2761116027832,,,,,,
2020-06-10,55.39631652832031,,,,,,
2020-06-11,52.28022003173828,,,,,,
2020-06-12,52.97370529174805,,,,,,
2020-06-15,53.639461517333984,,,,,,
2020-06-16,54.59186553955078,,,,,,
2020-06-17,54.67507553100586,,,,,,
2020-06-18,54.860008239746094,,,,,,
2020-06-19,54.90625381469727,,,,,,
2020-06-22,55.09117889404297,,,,,,
2020-06-23,55.266204833984375,,,,,,
2020-06-24,53.9141731262207,,,,,,
2020-06-25,54.377201080322266,,,,,,
2020-06-26,53.58080291748047,,,,,,
2020-06-29,54.11791229248047,,,,,,
2020-06-30,55.1087760925293,,,,,,
2020-07-01,55.32176971435547,,,,,,
2020-07-02,55.784786224365234,,,,,,
2020-07-06,56.78491973876953,,,,,,
2020-07-07,56.312625885009766,,,,,,
2020-07-08,56.75713348388672,,,,,,
2020-07-09,56.9052963256836,,,,,,
2020-07-10,57.18311309814453,,,,,,
2020-07-13,56.00704574584961,,,,,,
2020-07-14,56.67379379272461,,,,,,
2020-07-15,57.266448974609375,,,,,,
2020-07-16,56.9238166809082,,,,,,
2020-07-17,57.38683319091797,,,,,,
2020-07-20,58.29435729980469,,,,,,
2020-07-21,57.94245910644531,,,,,,
2020-07-22,58.229530334472656,,,,,,
2020-07-23,57.294227600097656,,,,,,
2020-07-24,56.69230270385742,,,,,,
2020-07-27,57.6461296081543,,,,,,
2020-07-28,57.09976196289063,,,,,,
2020-07-29,57.82207489013672,,,,,,
2020-07-30,57.96098709106445,,,,,,
2020-07-31,58.01654815673828,,,,,,
2020-08-03,58.674049377441406,,,,,,
2020-08-04,59.05371856689453,,,,,,
2020-08-05,59.05371856689453,,,,,,
2020-08-06,59.14631652832031,,,,,,
2020-08-07,58.70182418823242,,,,,,
2020-08-10,58.57216644287109,,,,,,
2020-08-11,57.803558349609375,,,,,,
2020-08-12,58.84072494506836,,,,,,
2020-08-13,58.822208404541016,,,,,,
2020-08-14,58.76663589477539,,,,,,
2020-08-17,59.48896026611328,,,,,,
2020-08-18,59.535255432128906,,,,,,
2020-08-19,58.99815368652344,,,,,,
2020-08-20,59.2574462890625,,,,,,
2020-08-21,59.31300735473633,,,,,,
2020-08-24,59.68341827392578,,,,,,
2020-08-25,60.192752838134766,,,,,,
2020-08-26,60.776145935058594,,,,,,
2020-08-27,60.65576934814453,,,,,,
2020-08-28,61.26696014404297,,,,,,
2020-08-31,61.48920822143555,,,,,,
2020-09-01,62.25781631469727,,,,,,
2020-09-02,63.15607452392578,,,,,,
2020-09-03,60.51685333251953,,,,,,
2020-09-04,59.81306076049805,,,,,,
2020-09-08,57.618350982666016,,,,,,
2020-09-09,58.83146667480469,,,,,,
2020-09-10,57.91469192504883,,,,,,
2020-09-11,57.70170211791992,,,,,,
2020-09-14,58.96111297607422,,,,,,
2020-09-15,59.63712310791016,,,,,,
2020-09-16,59.15558624267578,,,,,,
2020-09-17,58.4517822265625,,,,,,
2020-09-18,57.88690185546875,,,,,,
2020-09-21,57.6461296081543,,,,,,
2020-09-22,58.4361686706543,,,,,,
2020-09-23,57.22145080566406,,,,,,
2020-09-24,57.28635025024414,,,,,,
2020-09-25,58.53816986083984,,,,,,
2020-09-28,59.61378860473633,,,,,,
2020-09-29,59.45614242553711,,,,,,
2020-09-30,59.78996658325195,,,,,,
2020-10-01,60.6523323059082,,,,,,
2020-10-02,59.21506118774414,,,,,,
2020-10-05,60.39268112182617,,,,,,
2020-10-06,59.61378860473633,,,,,,
2020-10-07,60.80997467041016,,,,,,
2020-10-08,61.29212951660156,,,,,,
2020-10-09,62.05247497558594,,,,,,
2020-10-12,63.23012924194336,,,,,,
2020-10-13,63.295013427734375,,,,,,
2020-10-14,62.84065246582031,,,,,,
2020-10-15,62.37703704833984,,,,,,
2020-10-16,62.441925048828125,,,,,,
2020-10-19,61.48684310913086,,,,,,
2020-10-20,61.61666870117188,,,,,,
2020-10-21,61.384864807128906,,,,,,
2020-10-22,61.62594985961914,,,,,,
2020-10-23,61.83921051025391,,,,,,
2020-10-26,60.75431823730469,,,,,,
2020-10-27,60.75431823730469,,,,,,
2020-10-28,58.85343170166016,,,,,,
2020-10-29,59.576690673828125,,,,,,
2020-10-30,58.445430755615234,,,,,,
2020-11-02,58.88124847412109,,,,,,
2020-11-03,60.03105545043945,,,,,,
2020-11-04,62.284297943115234,,,,,,
2020-11-05,63.59174346923828,,,,,,
2020-11-06,63.76790618896485,,,,,,
2020-11-09,63.35993957519531,,,,,,
2020-11-10,62.479034423828125,,,,,,
2020-11-11,63.63809585571289,,,,,,
2020-11-12,63.267215728759766,,,,,,
2020-11-13,64.34283447265625,,,,,,
2020-11-16,64.92699432373047,,,,,,
2020-11-17,64.50973510742188,,,,,,
2020-11-18,63.888484954833984,,,,,,
2020-11-19,64.53756713867188,,,,,,
2020-11-20,64.36138153076172,,,,,,
2020-11-23,64.72301483154297,,,,,,
2020-11-24,65.41844940185547,,,,,,
2020-11-25,65.47410583496094,,,,,,
2020-11-27,66.27154541015625,,,,,,
2020-11-30,66.56826782226562,,,,,,
2020-12-01,67.17098999023438,,,,,,
2020-12-02,67.2636947631836,,,,,,
2020-12-03,67.44916534423828,,,,,,
2020-12-04,68.20024108886719,,,,,,
2020-12-07,68.2651596069336,,,,,,
2020-12-08,68.59899139404297,,,,,,
2020-12-09,67.30079650878906,,,,,,
2020-12-10,67.47241973876953,,,,,,
2020-12-11,67.24979400634766,,,,,,
2020-12-14,67.96411895751953,,,,,,
2020-12-15,68.632080078125,,,,,,
2020-12-16,68.86397552490234,,,,,,
2020-12-17,69.48555755615234,,,,,,
2020-12-18,69.60617065429688,,,,,,
2020-12-21,69.13302612304688,,,,,,
2020-12-22,69.21942138671875,,,,,,
2020-12-23,69.06147766113281,,,,,,
2020-12-24,69.14510345458984,,,,,,
2020-12-28,69.07076263427734,,,,,,
2020-12-29,69.1543960571289,,,,,,
2020-12-30,69.5632095336914,,,,,,
2020-12-31,69.8326416015625,,,,,,
2021-01-04,68.88494873046875,,,,,,
2021-01-05,69.48888397216797,,,,,,
2021-01-06,69.21012878417969,,,,,,
2021-01-07,70.70602416992188,,,,,,
2021-01-08,71.44931030273438,,,,,,
2021-01-11,70.8639907836914,,,,,,
2021-01-12,70.9847640991211,,,,,,
2021-01-13,70.97547149658203,,,,,,
2021-01-14,71.05908966064453,,,,,,
2021-01-15,70.59453582763672,,,,,,
2021-01-19,71.51436614990234,,,,,,
2021-01-20,72.35986328125,,,,,,
2021-01-21,72.38772583007812,,,,,,
2021-01-22,71.92318725585938,,,,,,
2021-01-25,72.29481506347656,,,,,,
2021-01-26,71.94176483154297,,,,,,
2021-01-27,69.73974609375,,,,,,
2021-01-28,70.61312103271484,,,,,,
2021-01-29,69.68399810791016,,,,,,
2021-02-01,70.9847640991211,,,,,,
2021-02-02,72.22977447509766,,,,,,
2021-02-03,71.4400405883789,,,,,,
2021-02-04,72.4527816772461,,,,,,
2021-02-05,73.02882385253906,,,,,,
2021-02-08,73.6048812866211,,,,,,
2021-02-09,73.78141784667969,,,,,,
2021-02-10,73.88361358642578,,,,,,
2021-02-11,74.5804672241211,,,,,,
2021-02-12,75.15650177001953,,,,,,
2021-02-16,74.86847686767578,,,,,,
2021-02-17,74.42250061035156,,,,,,
2021-02-18,74.14375305175781,,,,,,
2021-02-19,74.41322326660156,,,,,,
2021-02-22,72.70364379882812,,,,,,
2021-02-23,72.39702606201172,,,,,,
2021-02-24,72.88945770263672,,,,,,
2021-02-25,70.2972183227539,,,,,,
2021-02-26,70.75249481201172,,,,,,
2021-03-01,72.39702606201172,,,,,,
2021-03-02,71.35640716552734,,,,,,
2021-03-03,69.34952545166016,,,,,,
2021-03-04,67.66781616210938,,,,,,
2021-03-05,69.02432250976562,,,,,,
2021-03-08,67.40766906738281,,,,,,
2021-03-09,69.71187591552734,,,,,,
2021-03-10,69.51675415039062,,,,,,
2021-03-11,71.15200805664062,,,,,,
2021-03-12,70.67815399169922,,,,,,
2021-03-15,71.65372467041016,,,,,,
2021-03-16,71.867431640625,,,,,,
2021-03-17,71.97889709472656,,,,,,
2021-03-18,70.01846313476562,,,,,,
2021-03-19,70.4830322265625,,,,,,
2021-03-22,71.54222106933594,,,,,,
2021-03-23,70.7488021850586,,,,,,
2021-03-24,69.65117645263672,,,,,,
2021-03-25,69.70702362060547,,,,,,
2021-03-26,71.2417984008789,,,,,,
2021-03-29,70.90692901611328,,,,,,
2021-03-30,70.58136749267578,,,,,,
2021-03-31,71.5394287109375,,,,,,
2021-04-01,72.8416748046875,,,,,,
2021-04-05,73.74393463134766,,,,,,
2021-04-06,73.72533416748047,,,,,,
2021-04-07,73.34396362304688,,,,,,
2021-04-08,74.0602035522461,,,,,,
2021-04-09,74.1811294555664,,,,,,
2021-04-12,74.05091857910156,,,,,,
2021-04-13,74.61830139160156,,,,,,
2021-04-14,74.06948852539062,,,,,,
2021-04-15,75.1763916015625,,,,,,
2021-04-16,75.16712951660156,,,,,,
2021-04-19,74.27415466308594,,,,,,
2021-04-20,73.8090591430664,,,,,,
2021-04-21,74.75784301757812,,,,,,
2021-04-22,74.16253662109375,,,,,,
2021-04-23,75.1113052368164,,,,,,
2021-04-26,75.50198364257812,,,,,,
2021-04-27,75.23222351074219,,,,,,
2021-04-28,74.87875366210938,,,,,,
2021-04-29,74.95316314697266,,,,,,
2021-04-30,74.12530517578125,,,,,,
2021-05-03,73.92066955566406,,,,,,
2021-05-04,72.81378173828125,,,,,,
2021-05-05,72.4603042602539,,,,,,
2021-05-06,72.71145629882812,,,,,,
2021-05-07,73.47419738769531,,,,,,
2021-05-10,71.9022216796875,,,,,,
2021-05-11,71.92081451416016,,,,,,
2021-05-12,70.24651336669922,,,,,,
2021-05-13,70.70230102539062,,,,,,
2021-05-14,72.08824157714844,,,,,,
2021-05-17,71.54875183105469,,,,,,
2021-05-18,71.35340118408203,,,,,,
2021-05-19,71.58594512939453,,,,,,
2021-05-20,73.1114273071289,,,,,,
2021-05-21,72.78587341308594,,,,,,
2021-05-24,73.63232421875,,,,,,
2021-05-25,73.57653045654297,,,,,,
2021-05-26,73.83695983886719,,,,,,
2021-05-27,73.71603393554688,,,,,,
2021-05-28,74.01371002197266,,,,,,
2021-06-01,73.79975128173828,,,,,,
2021-06-02,73.88349151611328,,,,,,
2021-06-03,73.19515228271484,,,,,,
2021-06-04,74.42296600341797,,,,,,
2021-06-07,74.64620971679688,,,,,,
2021-06-08,74.6090087890625,,,,,,
2021-06-09,74.58110046386719,,,,,,
2021-06-10,75.39036560058594,,,,,,
2021-06-11,75.52987670898438,,,,,,
2021-06-14,75.86473846435547,,,,,,
2021-06-15,75.3438491821289,,,,,,
2021-06-16,74.94385528564453,,,,,,
2021-06-17,75.66939544677734,,,,,,
2021-06-18,74.99038696289062,,,,,,
2021-06-21,75.51128387451172,,,,,,
2021-06-22,76.05793762207031,,,,,,
2021-06-23,75.94617462158203,,,,,,
2021-06-24,76.65396118164062,,,,,,
2021-06-25,76.9612808227539,,,,,,
2021-06-28,77.6318130493164,,,,,,
2021-06-29,77.94844055175781,,,,,,
2021-06-30,77.8366928100586,,,,,,
2021-07-01,77.5852279663086,,,,,,
2021-07-02,78.04157257080078,,,,,,
2021-07-06,77.76217651367188,,,,,,
2021-07-07,77.65043640136719,,,,,,
2021-07-08,76.94266510009766,,,,,,
2021-07-09,77.72492980957031,,,,,,
2021-07-12,77.81806945800781,,,,,,
2021-07-13,77.64111328125,,,,,,
2021-07-14,77.53868103027344,,,,,,
2021-07-15,77.18477630615234,,,,,,
2021-07-16,76.76570892333984,,,,,,
2021-07-19,76.23489379882812,,,,,,
2021-07-20,77.31517791748047,,,,,,
2021-07-21,77.99500274658203,,,,,,
2021-07-22,78.23713684082031,,,,,,
2021-07-23,78.9262924194336,,,,,,
2021-07-26,78.51651763916016,,,,,,
2021-07-27,77.84599304199219,,,,,,
2021-07-28,78.51651763916016,,,,,,
2021-07-29,79.01011657714844,,,,,,
2021-07-30,79.27088165283203,,,,,,
2021-08-02,79.16842651367188,,,,,,
2021-08-03,79.55956268310547,,,,,,
2021-08-04,79.65267181396484,,,,,,
2021-08-05,80.11833953857422,,,,,,
2021-08-06,79.69925689697266,,,,,,
2021-08-09,79.9134521484375,,,,,,
2021-08-10,79.45712280273438,,,,,,
2021-08-11,79.4384994506836,,,,,,
2021-08-12,79.2988052368164,,,,,,
2021-08-13,79.45712280273438,,,,,,
2021-08-16,79.2522201538086,,,,,,
2021-08-17,78.79591369628906,,,,,,
2021-08-18,78.19988250732422,,,,,,
2021-08-19,78.43270111083984,,,,,,
2021-08-20,79.03804779052734,,,,,,
2021-08-23,80.11833953857422,,,,,,
2021-08-24,80.66778564453125,,,,,,
2021-08-25,80.90994262695312,,,,,,
2021-08-26,80.33255767822266,,,,,,
2021-08-27,81.00305938720703,,,,,,
2021-08-30,81.26383972167969,,,,,,
2021-08-31,81.1986312866211,,,,,,
2021-09-01,81.35694122314453,,,,,,
2021-09-02,81.56181335449219,,,,,,
2021-09-03,81.69218444824219,,,,,,
2021-09-07,81.31038665771484,,,,,,
2021-09-08,81.1241226196289,,,,,,
2021-09-09,80.96581268310547,,,,,,
2021-09-10,80.73297882080078,,,,,,
2021-09-13,80.50015258789062,,,,,,
2021-09-14,80.17420196533203,,,,,,
2021-09-15,80.69573211669922,,,,,,
2021-09-16,80.90994262695312,,,,,,
2021-09-17,80.20215606689453,,,,,,
2021-09-20,78.7586669921875,,,,,,
2021-09-21,78.7586669921875,,,,,,
2021-09-22,79.3832778930664,,,,,,
2021-09-23,80.12908935546875,,,,,,
2021-09-24,80.0172348022461,,,,,,
2021-09-27,79.56040954589844,,,,,,
2021-09-28,77.5373764038086,,,,,,
2021-09-29,77.41616821289062,,,,,,
2021-09-30,77.26702117919922,,,,,,
2021-10-01,77.41616821289062,,,,,,
2021-10-04,76.04574584960938,,,,,,
2021-10-05,76.92207336425781,,,,,,
2021-10-06,77.27632904052734,,,,,,
2021-10-07,78.12471771240234,,,,,,
2021-10-08,77.69584655761719,,,,,,
2021-10-11,77.07123565673828,,,,,,
2021-10-12,76.99665832519531,,,,,,
2021-10-13,77.77044677734375,,,,,,
2021-10-14,78.9917221069336,,,,,,
2021-10-15,79.23411560058594,,,,,,
2021-10-18,79.70958709716797,,,,,,
2021-10-19,80.28758239746094,,,,,,
2021-10-20,80.47404479980469,,,,,,
2021-10-21,81.05205535888672,,,,,,
2021-10-22,80.84695434570312,,,,,,
2021-10-25,81.34107208251953,,,,,,
2021-10-26,81.1452865600586,,,,,,
2021-10-27,80.27826690673828,,,,,,
2021-10-28,80.98680877685547,,,,,,
2021-10-29,81.38768005371094,,,,,,
2021-11-01,82.09619903564453,,,,,,
2021-11-02,82.28267669677734,,,,,,
2021-11-03,82.90727996826172,,,,,,
2021-11-04,83.58784484863281,,,,,,
2021-11-05,83.49461364746094,,,,,,
2021-11-08,83.47598266601562,,,,,,
2021-11-09,83.3641128540039,,,,,,
2021-11-10,82.27333068847656,,,,,,
2021-11-11,82.71150207519531,,,,,,
2021-11-12,83.48529815673828,,,,,,
2021-11-15,83.35476684570312,,,,,,
2021-11-16,83.98873138427734,,,,,,
2021-11-17,83.64379119873047,,,,,,
2021-11-18,83.61579895019531,,,,,,
2021-11-19,83.46664428710938,,,,,,
2021-11-22,82.28267669677734,,,,,,
2021-11-23,82.09619903564453,,,,,,
2021-11-24,82.23604583740234,,,,,,
2021-11-26,80.8842544555664,,,,,,
2021-11-29,82.07756042480469,,,,,,
2021-11-30,80.08248901367188,,,,,,
2021-12-01,78.7679672241211,,,,,,
2021-12-02,79.83078002929688,,,,,,
2021-12-03,78.6561050415039,,,,,,
2021-12-06,79.43922424316406,,,,,,
2021-12-07,81.4249496459961,,,,,,
2021-12-08,81.73262786865234,,,,,,
2021-12-09,80.48644256591797,,,,,,
2021-12-10,81.04544830322266,,,,,,
2021-12-13,80.33222961425781,,,,,,
2021-12-14,79.6479263305664,,,,,,
2021-12-15,81.0936279296875,,,,,,
2021-12-16,79.72502899169922,,,,,,
2021-12-17,79.65758514404297,,,,,,
2021-12-20,78.68413543701172,,,,,,
2021-12-21,80.70935821533203,,,,,,
2021-12-22,81.36576080322266,,,,,,
2021-12-23,81.91597747802734,,,,,,
2021-12-27,82.81372833251953,,,,,,
2021-12-28,82.44690704345703,,,,,,
2021-12-29,82.58206176757812,,,,,,
2021-12-30,82.7944107055664,,,,,,
2021-12-31,82.35037231445312,,,,,,
2022-01-03,82.22489166259766,,,,,,
2022-01-04,81.23062896728516,,,,,,
2022-01-05,78.9621353149414,,,,,,
2022-01-06,79.29035186767578,,,,,,
2022-01-07,78.44088745117188,,,,,,
2022-01-10,78.32504272460938,,,,,,
2022-01-11,79.81161499023438,,,,,,
2022-01-12,79.76333618164062,,,,,,
2022-01-13,78.03544616699219,,,,,,
2022-01-14,78.27677154541016,,,,,,
2022-01-18,76.42337036132812,,,,,,
2022-01-19,76.00830078125,,,,,,
2022-01-20,75.1202163696289,,,,,,
2022-01-21,73.47920989990234,,,,,,
2022-01-24,74.13561248779297,,,,,,
2022-01-25,72.12776184082031,,,,,,
2022-01-26,71.45207214355469,,,,,,
2022-01-27,70.5736083984375,,,,,,
2022-01-28,72.3980712890625,,,,,,
2022-01-31,74.93681335449219,,,,,,
2022-02-01,75.5449447631836,,,,,,
2022-02-02,75.67045593261719,,,,,,
2022-02-03,73.57573699951172,,,,,,
2022-02-04,74.08732604980469,,,,,,
2022-02-07,73.7494888305664,,,,,,
2022-02-08,74.772705078125,,,,,,
2022-02-09,76.5199203491211,,,,,,
2022-02-10,74.98506927490234,,,,,,
2022-02-11,72.91934204101562,,,,,,
2022-02-14,72.71660614013672,,,,,,
2022-02-15,74.57965850830078,,,,,,
2022-02-16,74.46382904052734,,,,,,
2022-02-17,72.33048248291016,,,,,,
2022-02-18,71.4424057006836,,,,,,
2022-02-22,70.98870086669922,,,,,,
2022-02-23,69.41526794433594,,,,,,
2022-02-24,71.423095703125,,,,,,
2022-02-25,72.61042022705078,,,,,,
2022-02-28,72.677978515625,,,,,,
2022-03-01,71.75130462646484,,,,,,
2022-03-02,72.82278442382812,,,,,,
2022-03-03,71.78026580810547,,,,,,
2022-03-04,70.81494140625,,,,,,
2022-03-07,68.43064880371094,,,,,,
2022-03-08,68.07345581054688,,,,,,
2022-03-09,70.18750762939453,,,,,,
2022-03-10,69.22217559814453,,,,,,
2022-03-11,67.6873550415039,,,,,,
2022-03-14,66.49038696289062,,,,,,
2022-03-15,68.17964935302734,,,,,,
2022-03-16,71.1817626953125,,,,,,
2022-03-17,71.96366119384766,,,,,,
2022-03-18,73.45023345947266,,,,,,
2022-03-21,72.73592376708984,,,,,,
2022-03-22,74.17908477783203,,,,,,
2022-03-23,72.90314483642578,,,,,,
2022-03-24,74.16941833496094,,,,,,
2022-03-25,73.89876556396484,,,,,,
2022-03-28,74.93305206298828,,,,,,
2022-03-29,76.53767395019531,,,,,,
2022-03-30,75.61937713623047,,,,,,
2022-03-31,74.76873779296875,,,,,,
2022-04-01,74.92338562011719,,,,,,
2022-04-04,76.093017578125,,,,,,
2022-04-05,74.43040466308594,,,,,,
2022-04-06,73.4444580078125,,,,,,
2022-04-07,73.61844635009766,,,,,,
2022-04-08,72.94181060791016,,,,,,
2022-04-11,71.88817596435547,,,,,,
2022-04-12,71.52085876464844,,,,,,
2022-04-13,73.10613250732422,,,,,,
2022-04-14,71.7238540649414,,,,,,
2022-04-18,71.33721160888672,,,,,,
2022-04-19,72.95147705078125,,,,,,
2022-04-20,72.1878433227539,,,,,,
2022-04-21,70.486572265625,,,,,,
2022-04-22,68.74663543701172,,,,,,
2022-04-25,69.73262023925781,,,,,,
2022-04-26,67.5673599243164,,,,,,
2022-04-27,67.51900482177734,,,,,,
2022-04-28,69.29761505126953,,,,,,
2022-04-29,66.84237670898438,,,,,,
2022-05-02,67.70269012451172,,,,,,
2022-05-03,67.61569213867188,,,,,,
2022-05-04,69.59727478027344,,,,,,
2022-05-05,66.33972930908203,,,,,,
2022-05-06,64.9381103515625,,,,,,
2022-05-09,62.25090408325195,,,,,,
2022-05-10,62.80186462402344,,,,,,
2022-05-11,61.39059066772461,,,,,,
2022-05-12,61.77724456787109,,,,,,
2022-05-13,64.26148986816406,,,,,,
2022-05-16,63.48817825317383,,,,,,
2022-05-17,64.99612426757812,,,,,,
2022-05-18,62.01890563964844,,,,,,
2022-05-19,62.56987762451172,,,,,,
2022-05-20,62.53121948242188,,,,,,
2022-05-23,63.15951919555664,,,,,,
2022-05-24,61.93190002441406,,,,,,
2022-05-25,63.03386306762695,,,,,,
2022-05-26,64.88011932373047,,,,,,
2022-05-27,66.88105010986328,,,,,,
2022-05-31,66.21405792236328,,,,,,
2022-06-01,65.48909759521484,,,,,,
2022-06-02,67.35469818115234,,,,,,
2022-06-03,66.10774993896484,,,,,,
2022-06-06,66.2817153930664,,,,,,
2022-06-07,67.1517105102539,,,,,,
2022-06-08,66.71671295166016,,,,,,
2022-06-09,64.86079406738281,,,,,,
2022-06-10,62.87920379638672,,,,,,
2022-06-13,59.89231491088867,,,,,,
2022-06-14,60.03731155395508,,,,,,
2022-06-15,61.24560546875,,,,,,
2022-06-16,58.77103805541992,,,,,,
2022-06-17,59.65066909790039,,,,,,
2022-06-21,60.83961486816406,,,,,,
2022-06-22,60.84929656982422,,,,,,
2022-06-23,62.0409049987793,,,,,,
2022-06-24,64.16253662109375,,,,,,
2022-06-27,63.65876770019531,,,,,,
2022-06-28,61.89558410644531,,,,,,
2022-06-29,61.7405891418457,,,,,,
2022-06-30,60.99462127685547,,,,,,
2022-07-01,61.7405891418457,,,,,,
2022-07-05,62.54467010498047,,,,,,
2022-07-06,62.60279846191406,,,,,,
2022-07-07,63.94941711425781,,,,,,
2022-07-08,63.930023193359375,,,,,,
2022-07-11,62.55435943603516,,,,,,
2022-07-12,62.05059051513672,,,,,,
2022-07-13,61.91496658325195,,,,,,
2022-07-14,61.711517333984375,,,,,,
2022-07-15,62.951568603515625,,,,,,
2022-07-18,62.52531051635742,,,,,,
2022-07-19,64.50160217285156,,,,,,
2022-07-20,65.63509368896484,,,,,,
2022-07-21,66.47794342041016,,,,,,
2022-07-22,65.43164825439453,,,,,,
2022-07-25,65.11195373535156,,,,,,
2022-07-26,64.03660583496094,,,,,,
2022-07-27,66.0419921875,,,,,,
2022-07-28,66.89451599121094,,,,,,
2022-07-29,67.49516296386719,,,,,,
2022-08-01,67.5726547241211,,,,,,
2022-08-02,67.63077545166016,,,,,,
2022-08-03,69.20990753173828,,,,,,
2022-08-04,69.4036636352539,,,,,,
2022-08-05,69.3261489868164,,,,,,
2022-08-08,69.34552001953125,,,,,,
2022-08-09,68.09580993652344,,,,,,
2022-08-10,70.02368927001953,,,,,,
2022-08-11,69.65556335449219,,,,,,
2022-08-12,70.83747863769531,,,,,,
2022-08-15,71.42842102050781,,,,,,
2022-08-16,71.1668472290039,,,,,,
2022-08-17,69.87834167480469,,,,,,
2022-08-18,69.92679595947266,,,,,,
2022-08-19,68.54145050048828,,,,,,
2022-08-22,66.87512969970703,,,,,,
2022-08-23,66.72982025146484,,,,,,
2022-08-24,67.1948471069336,,,,,,
2022-08-25,68.36705017089844,,,,,,
2022-08-26,65.78041076660156,,,,,,
2022-08-29,65.29601287841797,,,,,,
2022-08-30,64.5985107421875,,,,,,
2022-08-31,64.42411041259766,,,,,,
2022-09-01,64.10442352294922,,,,,,
2022-09-02,63.31970977783203,,,,,,
2022-09-06,62.91281509399414,,,,,,
2022-09-07,64.32723236083984,,,,,,
2022-09-08,65.02476501464844,,,,,,
2022-09-09,66.55545043945312,,,,,,
2022-09-12,67.15607452392578,,,,,,
2022-09-13,63.81378555297852,,,,,,
2022-09-14,64.24005126953125,,,,,,
2022-09-15,63.4553337097168,,,,,,
2022-09-16,62.89342498779297,,,,,,
2022-09-19,63.16469955444336,,,,,,
2022-09-20,62.38716125488281,,,,,,
2022-09-21,61.41645431518555,,,,,,
2022-09-22,60.271034240722656,,,,,,
2022-09-23,59.43621826171875,,,,,,
2022-09-26,58.960575103759766,,,,,,
2022-09-27,59.08676910400391,,,,,,
2022-09-28,60.7175407409668,,,,,,
2022-09-29,59.37797546386719,,,,,,
2022-09-30,58.48493576049805,,,,,,
2022-10-03,60.05746841430664,,,,,,
2022-10-04,62.08624267578125,,,,,,
2022-10-05,62.15418243408203,,,,,,
2022-10-06,61.630008697509766,,,,,,
2022-10-07,59.39739227294922,,,,,,
2022-10-10,58.62083053588867,,,,,,
2022-10-11,57.7860221862793,,,,,,
2022-10-12,57.68894958496094,,,,,,
2022-10-13,58.74702072143555,,,,,,
2022-10-14,56.990047454833984,,,,,,
2022-10-17,58.76643753051758,,,,,,
2022-10-18,59.38767623901367,,,,,,
2022-10-19,58.79555892944336,,,,,,
2022-10-20,58.533470153808594,,,,,,
2022-10-21,59.824501037597656,,,,,,
2022-10-24,60.09629821777344,,,,,,
2022-10-25,61.54264831542969,,,,,,
2022-10-26,61.367923736572266,,,,,,
2022-10-27,60.989356994628906,,,,,,
2022-10-28,62.5618896484375,,,,,,
2022-10-31,62.08624267578125,,,,,,
2022-11-01,62.00859069824219,,,,,,
2022-11-02,59.99922943115234,,,,,,
2022-11-03,59.25178527832031,,,,,,
2022-11-04,60.008934020996094,,,,,,
2022-11-07,60.72726440429688,,,,,,
2022-11-08,61.367923736572266,,,,,,
2022-11-09,60.02834701538086,,,,,,
2022-11-10,64.25090789794922,,,,,,
2022-11-11,65.6001968383789,,,,,,
2022-11-14,64.9498062133789,,,,,,
2022-11-15,66.20201110839844,,,,,,
2022-11-16,64.99834442138672,,,,,,
2022-11-17,64.61978149414062,,,,,,
2022-11-18,64.66831970214844,,,,,,
2022-11-21,64.22179412841797,,,,,,
2022-11-22,64.95953369140625,,,,,,
2022-11-23,65.45458221435547,,,,,,
2022-11-25,65.12454986572266,,,,,,
2022-11-28,64.30915069580078,,,,,,
2022-11-29,64.11502838134766,,,,,,
2022-11-30,66.50294494628906,,,,,,
2022-12-01,66.89122009277344,,,,,,
2022-12-02,66.6194076538086,,,,,,
2022-12-05,65.39634704589844,,,,,,
2022-12-06,64.31886291503906,,,,,,
2022-12-07,64.28002166748047,,,,,,
2022-12-08,65.27986145019531,,,,,,
2022-12-09,64.72657012939453,,,,,,
2022-12-12,65.51282501220703,,,,,,
2022-12-13,66.20201110839844,,,,,,
2022-12-14,65.86227416992188,,,,,,
2022-12-15,63.85292434692383,,,,,,
2022-12-16,63.38697814941406,,,,,,
2022-12-19,62.697792053222656,,,,,,
2022-12-20,62.668548583984375,,,,,,
2022-12-21,63.457889556884766,,,,,,
2022-12-22,62.13258743286133,,,,,,
2022-12-23,62.16181945800781,,,,,,
2022-12-27,61.61612319946289,,,,,,
2022-12-28,60.86576843261719,,,,,,
2022-12-29,62.25926971435547,,,,,,
2022-12-30,62.200801849365234,,,,,,
2023-01-03,61.89871597290039,,,,,,
2023-01-04,62.83422088623047,,,,,,
2023-01-05,61.888973236083984,,,,,,
2023-01-06,63.54559326171875,,,,,,
2023-01-09,63.69174957275391,,,,,,
2023-01-10,64.37388610839844,,,,,,
2023-01-11,65.16321563720703,,,,,,
2023-01-12,65.45555877685547,,,,,,
2023-01-13,65.91357421875,,,,,,
2023-01-17,65.8940658569336,,,,,,
2023-01-18,64.97807312011719,,,,,,
2023-01-19,64.0230712890625,,,,,,
2023-01-20,65.54325103759766,,,,,,
2023-01-23,67.04396057128906,,,,,,
2023-01-24,66.83930969238281,,,,,,
2023-01-25,66.89777374267578,,,,,,
2023-01-26,67.97945404052734,,,,,,
2023-01-27,68.47643280029297,,,,,,
2023-01-30,67.13164520263672,,,,,,
2023-01-31,68.08665466308594,,,,,,
2023-02-01,69.65554809570312,,,,,,
2023-02-02,71.2146987915039,,,,,,
2023-02-03,69.76272583007812,,,,,,
2023-02-06,69.11958312988281,,,,,,
2023-02-07,70.28894805908203,,,,,,
2023-02-08,69.15857696533203,,,,,,
2023-02-09,68.64208221435547,,,,,,
2023-02-10,68.36924743652344,,,,,,
2023-02-13,69.39244842529297,,,,,,
2023-02-14,69.9673843383789,,,,,,
2023-02-15,70.78592681884766,,,,,,
2023-02-16,69.63604736328125,,,,,,
2023-02-17,69.08059692382812,,,,,,
2023-02-21,67.36551666259766,,,,,,
2023-02-22,67.5604248046875,,,,,,
2023-02-23,67.84302520751953,,,,,,
2023-02-24,66.81982421875,,,,,,
2023-02-27,67.4337387084961,,,,,,
2023-02-28,67.3752670288086,,,,,,
2023-03-01,66.82955169677734,,,,,,
2023-03-02,67.64812469482422,,,,,,
2023-03-03,68.6323471069336,,,,,,
2023-03-06,68.41795349121094,,,,,,
2023-03-07,67.44348907470703,,,,,,
2023-03-08,67.85276794433594,,,,,,
2023-03-09,66.32283782958984,,,,,,
2023-03-10,65.28987884521484,,,,,,
2023-03-13,65.5724868774414,,,,,,
2023-03-14,66.54696655273438,,,,,,
2023-03-15,66.38130187988281,,,,,,
2023-03-16,67.63836669921875,,,,,,
2023-03-17,66.9952163696289,,,,,,
2023-03-20,67.53118133544922,,,,,,
2023-03-21,68.41146087646484,,,,,,
2023-03-22,66.95734405517578,,,,,,
2023-03-23,67.71855163574219,,,,,,
2023-03-24,67.85517883300781,,,,,,
2023-03-27,67.83567810058594,,,,,,
2023-03-28,67.73807525634766,,,,,,
2023-03-29,69.03604125976562,,,,,,
2023-03-30,69.65087127685547,,,,,,
2023-03-31,70.80245208740234,,,,,,
2023-04-03,70.5096664428711,,,,,,
2023-04-04,70.1290512084961,,,,,,
2023-04-05,69.38736724853516,,,,,,
2023-04-06,69.38736724853516,,,,,,
2023-04-10,69.8362808227539,,,,,,
2023-04-11,69.7972640991211,,,,,,
2023-04-12,69.18243408203125,,,,,,
2023-04-13,70.10954284667969,,,,,,
2023-04-14,69.72894287109375,,,,,,
2023-04-17,70.08025360107422,,,,,,
2023-04-18,70.09002685546875,,,,,,
2023-04-19,69.87535095214844,,,,,,
2023-04-20,69.42642211914062,,,,,,
2023-04-21,69.51422882080078,,,,,,
2023-04-24,69.46544647216797,,,,,,
2023-04-25,68.05037689208984,,,,,,
2023-04-26,67.50386810302734,,,,,,
2023-04-27,68.64566802978516,,,,,,
2023-04-28,69.18243408203125,,,,,,
2023-05-01,69.15315246582031,,,,,,
2023-05-02,68.3138656616211,,,,,,
2023-05-03,68.04060363769531,,,,,,
2023-05-04,67.90399169921875,,,,,,
2023-05-05,68.98725128173828,,,,,,
2023-05-08,69.19219207763672,,,,,,
2023-05-09,68.70423889160156,,,,,,
2023-05-10,69.1336441040039,,,,,,
2023-05-11,68.98725128173828,,,,,,
2023-05-12,68.84087371826172,,,,,,
2023-05-15,69.55327606201172,,,,,,
2023-05-16,68.86038208007812,,,,,,
2023-05-17,69.68989562988281,,,,,,
2023-05-18,70.74388885498047,,,,,,
2023-05-19,70.56822967529297,,,,,,
2023-05-22,70.83172607421875,,,,,,
2023-05-23,69.90460968017578,,,,,,
2023-05-24,69.53376007080078,,,,,,
2023-05-25,69.87535095214844,,,,,,
2023-05-26,71.68075561523438,,,,,,
2023-05-30,71.68075561523438,,,,,,
2023-05-31,71.37822723388672,,,,,,
2023-06-01,71.8661880493164,,,,,,
2023-06-02,72.64691925048828,,,,,,
2023-06-05,72.69571685791016,,,,,,
2023-06-06,72.88113403320312,,,,,,
2023-06-07,72.09066009521484,,,,,,
2023-06-08,72.7738037109375,,,,,,
2023-06-09,72.84210205078125,,,,,,
2023-06-12,73.79850006103516,,,,,,
2023-06-13,74.52066802978516,,,,,,
2023-06-14,74.69635009765625,,,,,,
2023-06-15,75.54537200927734,,,,,,
2023-06-16,75.02813720703125,,,,,,
2023-06-20,74.40355682373047,,,,,,
2023-06-21,73.67889404296875,,,,,,
2023-06-22,73.89404296875,,,,,,
2023-06-23,72.99433135986328,,,,,,
2023-06-26,73.04322814941406,,,,,,
2023-06-27,74.22655487060547,,,,,,
2023-06-28,74.33412170410156,,,,,,
2023-06-29,74.29501342773438,,,,,,
2023-06-30,75.28274536132812,,,,,,
2023-07-03,75.52722930908203,,,,,,
2023-07-05,75.25340270996094,,,,,,
2023-07-06,74.17765045166016,,,,,,
2023-07-07,74.24610900878906,,,,,,
2023-07-10,75.58589172363281,,,,,,
2023-07-11,76.1922378540039,,,,,,
2023-07-12,76.66165161132812,,,,,,
2023-07-13,77.46356964111328,,,,,,
2023-07-14,77.21907806396484,,,,,,
2023-07-17,78.09923553466797,,,,,,
2023-07-18,78.47087097167969,,,,,,
2023-07-19,78.50019836425781,,,,,,
2023-07-20,77.70805358886719,,,,,,
2023-07-21,77.86453247070312,,,,,,
2023-07-24,77.62005615234375,,,,,,
2023-07-25,77.88410949707031,,,,,,
2023-07-26,77.72763061523438,,,,,,
2023-07-27,77.4244384765625,,,,,,
2023-07-28,78.67622375488281,,,,,,
2023-07-31,78.9793930053711,,,,,,
2023-08-01,78.57843780517578,,,,,,
2023-08-02,76.91592407226562,,,,,,
2023-08-03,76.76923370361328,,,,,,
2023-08-04,76.39762115478516,,,,,,
2023-08-07,76.96480560302734,,,,,,
2023-08-08,76.15312194824219,,,,,,
2023-08-09,75.83039093017578,,,,,,
2023-08-10,75.94775390625,,,,,,
2023-08-11,75.37076568603516,,,,,,
2023-08-14,76.06510162353516,,,,,,
2023-08-15,75.09693908691406,,,,,,
2023-08-16,74.38301849365234,,,,,,
2023-08-17,73.43441772460938,,,,,,
2023-08-18,73.46375274658203,,,,,,
2023-08-21,74.30479431152344,,,,,,
2023-08-22,74.24610900878906,,,,,,
2023-08-23,75.05780792236328,,,,,,
2023-08-24,73.5224380493164,,,,,,
2023-08-25,74.1287612915039,,,,,,
2023-08-28,74.66663360595703,,,,,,
2023-08-29,76.04554748535156,,,,,,
2023-08-30,76.43671417236328,,,,,,
2023-08-31,76.48562622070312,,,,,,
2023-09-01,76.76923370361328,,,,,,
2023-09-05,76.38782501220703,,,,,,
2023-09-06,76.35848236083984,,,,,,
2023-09-07,75.74237060546875,,,,,,
2023-09-08,75.771728515625,,,,,,
2023-09-11,76.35848236083984,,,,,,
2023-09-12,75.771728515625,,,,,,
2023-09-13,75.73259735107422,,,,,,
2023-09-14,76.43671417236328,,,,,,
2023-09-15,75.10670471191406,,,,,,
2023-09-18,74.9991455078125,,,,,,
2023-09-19,74.82762145996094,,,,,,
2023-09-20,74.2493896484375,,,,,,
2023-09-21,72.82828521728516,,,,,,
2023-09-22,72.93609619140625,,,,,,
2023-09-25,73.08312225341797,,,,,,
2023-09-26,72.21085357666016,,,,,,
2023-09-27,72.59308624267578,,,,,,
2023-09-28,73.23013305664062,,,,,,
2023-09-29,73.27912139892578,,,,,,
2023-10-02,73.1517105102539,,,,,,
2023-10-03,71.87763214111328,,,,,,
2023-10-04,72.70088958740234,,,,,,
2023-10-05,72.31866455078125,,,,,,
2023-10-06,73.53394317626953,,,,,,
2023-10-09,73.80836486816406,,,,,,
2023-10-10,74.62181091308594,,,,,,
2023-10-11,74.82762145996094,,,,,,
2023-10-12,74.20039367675781,,,,,,
2023-10-13,73.47512817382812,,,,,,
2023-10-16,74.42578887939453,,,,,,
2023-10-17,74.45519256591797,,,,,,
2023-10-18,73.20072937011719,,,,,,
2023-10-19,72.25006103515625,,,,,,
2023-10-20,71.27001190185547,,,,,,
2023-10-23,71.12298583984375,,,,,,
2023-10-24,71.78943634033203,,,,,,
2023-10-25,70.14292907714844,,,,,,
2023-10-26,69.28047943115234,,,,,,
2023-10-27,69.04525756835938,,,,,,
2023-10-30,69.29027557373047,,,,,,
2023-10-31,69.8488998413086,,,,,,
2023-11-01,70.5839614868164,,,,,,
2023-11-02,72.04425048828125,,,,,,
2023-11-03,73.28893280029297,,,,,,
2023-11-06,73.02429962158203,,,,,,
2023-11-07,73.63195037841797,,,,,,
2023-11-08,73.19092559814453,,,,,,
2023-11-09,72.51466369628906,,,,,,
2023-11-10,73.78875732421875,,,,,,
2023-11-13,73.64175415039062,,,,,,
2023-11-14,75.77827453613281,,,,,,
2023-11-15,76.05268859863281,,,,,,
2023-11-16,75.69007110595703,,,,,,
2023-11-17,75.97430419921875,,,,,,
2023-11-20,76.93474578857422,,,,,,
2023-11-21,76.48393249511719,,,,,,
2023-11-22,76.67013549804688,,,,,,
2023-11-24,76.94454956054688,,,,,,
2023-11-27,76.7191390991211,,,,,,
2023-11-28,76.83673858642578,,,,,,
2023-11-29,77.24837493896484,,,,,,
2023-11-30,77.3659896850586,,,,,,
2023-12-01,78.14022064208984,,,,,,
2023-12-04,77.72858428955078,,,,,,
2023-12-05,77.228759765625,,,,,,
2023-12-06,77.02295684814453,,,,,,
2023-12-07,77.83641052246094,,,,,,
2023-12-08,77.92461395263672,,,,,,
2023-12-11,79.49270629882812,,,,,,
2023-12-12,79.90433502197266,,,,,,
2023-12-13,81.38422393798828,,,,,,
2023-12-14,82.02125549316406,,,,,,
2023-12-15,81.88407135009766,,,,,,
2023-12-18,82.16825866699219,,,,,,
2023-12-19,82.62890625,,,,,,
2023-12-20,81.35482788085938,,,,,,
2023-12-21,82.4419937133789,,,,,,
2023-12-22,82.8056869506836,,,,,,
2023-12-26,83.46427917480469,,,,,,
2023-12-27,83.552734375,,,,,,
2023-12-28,83.4937744140625,,,,,,
2023-12-29,83.19889831542969,,,,,,
2024-01-02,82.11761474609375,,,,,,
2024-01-03,81.10515594482422,,,,,,
2024-01-04,80.73161315917969,,,,,,
2024-01-05,80.78077697753906,,,,,,
2024-01-08,82.34368896484375,,,,,,
2024-01-09,82.28472137451172,,,,,,
2024-01-10,82.59925842285156,,,,,,
2024-01-11,82.62874603271484,,,,,,
2024-01-12,82.59925842285156,,,,,,
2024-01-16,82.314208984375,,,,,,
2024-01-17,81.83255767822266,,,,,,
2024-01-18,82.74671173095703,,,,,,
2024-01-19,84.01473999023438,,,,,,
2024-01-22,84.45707702636719,,,,,,
2024-01-23,84.81095886230469,,,,,,
2024-01-24,84.65370178222656,,,,,,
2024-01-25,84.99771118164062,,,,,,
2024-01-26,84.52588653564453,,,,,,
2024-01-29,85.44005584716797,,,,,,
2024-01-30,84.91908264160156,,,,,,
2024-01-31,83.71002960205078,,,,,,
2024-02-01,84.58486938476562,,,,,,
2024-02-02,84.8797607421875,,,,,,
2024-02-05,84.46691131591797,,,,,,
2024-02-06,84.7618179321289,,,,,,
2024-02-07,85.44988250732422,,,,,,
2024-02-08,85.7349624633789,,,,,,
2024-02-09,86.1281509399414,,,,,,
2024-02-12,86.13797760009766,,,,,,
2024-02-13,84.56521606445312,,,,,,
2024-02-14,85.4793701171875,,,,,,
2024-02-15,86.2264404296875,,,,,,
2024-02-16,85.55802154541016,,,,,,
2024-02-20,85.09602355957031,,,,,,
2024-02-21,84.53571319580078,,,,,,
2024-02-22,86.47218322753906,,,,,,
2024-02-23,86.206787109375,,,,,,
2024-02-26,86.37389373779297,,,,,,
2024-02-27,86.7670669555664,,,,,,
2024-02-28,86.40338134765625,,,,,,
2024-02-29,86.7867202758789,,,,,,
2024-03-01,87.7205581665039,,,,,,
2024-03-04,87.56328582763672,,,,,,
2024-03-05,86.17728424072266,,,,,,
2024-03-06,86.99315643310547,,,,,,
2024-03-07,87.93682098388672,,,,,,
2024-03-08,86.94400024414062,,,,,,
2024-03-11,87.01280975341797,,,,,,
2024-03-12,87.6517562866211,,,,,,
2024-03-13,86.95384216308594,,,,,,
2024-03-14,86.33456420898438,,,,,,
2024-03-15,85.62682342529297,,,,,,
2024-03-18,86.23626708984375,,,,,,
2024-03-19,86.43426513671875,,,,,,
2024-03-20,87.32089233398438,,,,,,
2024-03-21,87.92181396484375,,,,,,
2024-03-22,87.44893646240234,,,,,,
2024-03-25,87.2814712524414,,,,,,
2024-03-26,87.1829605102539,,,,,,
2024-03-27,87.9612045288086,,,,,,
2024-03-28,87.87254333496094,,,,,,
2024-04-01,87.67552185058594,,,,,,
2024-04-02,86.66085052490234,,,,,,
2024-04-03,86.78892517089844,,,,,,
2024-04-04,85.40975952148438,,,,,,
2024-04-05,86.18799591064453,,,,,,
2024-04-08,86.37517547607422,,,,,,
2024-04-09,87.01549530029297,,,,,,
2024-04-10,85.56737518310547,,,,,,
2024-04-11,86.37517547607422,,,,,,
2024-04-12,84.8384017944336,,,,,,
2024-04-15,83.6266860961914,,,,,,
2024-04-16,83.66609954833984,,,,,,
2024-04-17,82.72036743164062,,,,,,
2024-04-18,82.28691864013672,,,,,,
2024-04-19,81.56779479980469,,,,,,
2024-04-22,82.35588836669922,,,,,,
2024-04-23,83.46908569335938,,,,,,
2024-04-24,83.82371520996094,,,,,,
2024-04-25,83.72518920898438,,,,,,
2024-04-26,84.26700592041016,,,,,,
2024-04-29,84.67091369628906,,,,,,
2024-04-30,83.10457611083984,,,,,,
2024-05-01,82.62187194824219,,,,,,
2024-05-02,83.38042449951172,,,,,,
2024-05-03,84.39508819580078,,,,,,
2024-05-06,84.95660400390625,,,,,,
2024-05-07,85.01570129394531,,,,,,
2024-05-08,84.82854461669922,,,,,,
2024-05-09,85.17332458496094,,,,,,
2024-05-10,85.37035369873047,,,,,,
2024-05-13,85.67573547363281,,,,,,
2024-05-14,86.0303726196289,,,,,,
2024-05-15,87.16326904296875,,,,,,
2024-05-16,87.11400604248047,,,,,,
2024-05-17,86.9859390258789,,,,,,
2024-05-20,87.47850799560547,,,,,,
2024-05-21,87.31103515625,,,,,,
2024-05-22,87.58685302734375,,,,,,
2024-05-23,86.59190368652344,,,,,,
2024-05-24,87.2026596069336,,,,,,
2024-05-28,86.6115951538086,,,,,,
2024-05-29,85.596923828125,,,,,,
2024-05-30,85.37035369873047,,,,,,
2024-05-31,85.45901489257812,,,,,,
2024-06-03,85.39005279541016,,,,,,
2024-06-04,85.39990997314453,,,,,,
2024-06-05,86.66085052490234,,,,,,
2024-06-06,86.59190368652344,,,,,,
2024-06-07,86.33576202392578,,,,,,
2024-06-10,86.70025634765625,,,,,,
2024-06-11,86.76922607421875,,,,,,
2024-06-12,87.37999725341797,,,,,,
2024-06-13,87.08445739746094,,,,,,
2024-06-14,86.99578857421875,,,,,,
2024-06-17,87.95135498046875,,,,,,
2024-06-18,88.1089859008789,,,,,,
2024-06-20,87.69522857666016,,,,,,
2024-06-21,88.0400161743164,,,,,,
2024-06-24,87.63611602783203,,,,,,
2024-06-25,88.00135040283203,,,,,,
2024-06-26,87.55715942382812,,,,,,
2024-06-27,87.67560577392578,,,,,,
2024-06-28,87.59662628173828,,,,,,
2024-07-01,87.33011627197266,,,,,,
2024-07-02,88.15929412841797,,,,,,
2024-07-03,88.29747772216797,,,,,,
2024-07-05,89.0279541015625,,,,,,
2024-07-08,88.89962768554688,,,,,,
2024-07-09,88.63310241699219,,,,,,
2024-07-10,89.43267059326172,,,,,,
2024-07-11,89.06744384765625,,,,,,
2024-07-12,89.7682876586914,,,,,,
2024-07-15,89.94596862792969,,,,,,
2024-07-16,90.87385559082033,,,,,,
2024-07-17,89.11679077148438,,,,,,
2024-07-18,88.34683990478516,,,,,,
2024-07-19,87.67560577392578,,,,,,
2024-07-22,88.58375549316406,,,,,,
2024-07-23,87.93226623535156,,,,,,
2024-07-24,85.73098754882812,,,,,,
2024-07-25,85.42499542236328,,,,,,
2024-07-26,86.2048110961914,,,,,,
2024-07-29,86.50093078613281,,,,,,
2024-07-30,85.85931396484375,,,,,,
2024-07-31,87.45845031738281,,,,,,
2024-08-01,85.27691650390625,,,,,,
2024-08-02,83.25332641601562,,,,,,
2024-08-05,81.34819793701172,,,,,,
2024-08-06,82.00955963134766,,,,,,
2024-08-07,81.51600646972656,,,,,,
2024-08-08,83.48035430908203,,,,,,
2024-08-09,83.75675201416016,,,,,,
2024-08-12,83.43101501464844,,,,,,
2024-08-13,85.07948303222656,,,,,,
2024-08-14,85.1485824584961,,,,,,
2024-08-15,87.01424407958984,,,,,,
2024-08-16,87.31037902832031,,,,,,
2024-08-19,88.2876205444336,,,,,,
2024-08-20,87.85327911376953,,,,,,
2024-08-21,88.52452087402344,,,,,,
2024-08-22,87.48805236816406,,,,,,
2024-08-23,88.3764419555664,,,,,,
2024-08-26,87.8730239868164,,,,,,
2024-08-27,87.96187591552734,,,,,,
2024-08-28,87.06359100341797,,,,,,
2024-08-29,87.46832275390625,,,,,,
2024-08-30,88.4356918334961,,,,,,
2024-09-03,86.37261962890625,,,,,,
2024-09-04,85.93827819824219,,,,,,
2024-09-05,85.58292388916016,,,,,,
2024-09-06,84.08250427246094,,,,,,
2024-09-09,85.05974578857422,,,,,,
2024-09-10,85.16832733154297,,,,,,
2024-09-11,86.17518615722656,,,,,,
2024-09-12,86.6884765625,,,,,,
2024-09-13,87.31037902832031,,,,,,
2024-09-16,87.40908813476562,,,,,,
2024-09-17,87.36961364746094,,,,,,
2024-09-18,87.02410888671875,,,,,,
2024-09-19,88.66270446777344,,,,,,
2024-09-20,88.32710266113281,,,,,,
2024-09-23,88.46530151367188,,,,,,
2024-09-24,88.73230743408203,,,,,,
2024-09-25,88.4356460571289,,,,,,
2024-09-26,89.37506103515625,,,,,,
2024-09-27,89.36518096923828,,,,,,
2024-09-30,89.19707489013672,,,,,,
2024-10-01,88.21808624267578,,,,,,
2024-10-02,88.63340759277344,,,,,,
2024-10-03,88.27741241455078,,,,,,
2024-10-04,89.18719482421875,,,,,,
2024-10-07,88.52462768554688,,,,,,
2024-10-08,89.23663330078125,,,,,,
2024-10-09,90.14640808105467,,,,,,
2024-10-10,90.10684204101562,,,,,,
2024-10-11,90.79905700683594,,,,,,
2024-10-14,91.54071807861328,,,,,,
2024-10-15,90.28485107421876,,,,,,
2024-10-16,90.2353973388672,,,,,,
2024-10-17,89.9881820678711,,,,,,
2024-10-18,90.58150482177734,,,,,,
2024-10-21,90.06729125976562,,,,,,
2024-10-22,90.01783752441406,,,,,,
2024-10-23,88.86085510253906,,,,,,
2024-10-24,89.37506103515625,,,,,,
2024-10-25,89.6915054321289,,,,,,
2024-10-28,89.9980697631836,,,,,,
2024-10-29,90.4232940673828,,,,,,
2024-10-30,89.53329467773438,,,,,,
2024-10-31,88.02030181884766,,,,,,
2024-11-01,88.72241973876953,,,,,,
2024-11-04,88.80152893066406,,,,,,
2024-11-05,89.6420669555664,,,,,,
2024-11-06,91.76817321777344,,,,,,
2024-11-07,93.03394317626952,,,,,,
2024-11-08,92.93505096435548,,,,,,
2024-11-11,93.13282012939452,,,,,,
2024-11-12,92.66803741455078,,,,,,
2024-11-13,92.7372589111328,,,,,,
2024-11-14,92.01537322998048,,,,,,
2024-11-15,89.83984375,,,,,,
2024-11-18,90.5023956298828,,,,,,
2024-11-19,90.72982788085938,,,,,,
2024-11-20,90.9078369140625,,,,,,
2024-11-21,92.22305297851562,,,,,,
2024-11-22,92.96471405029295,,,,,,
2024-11-25,93.9634780883789,,,,,,
2024-11-26,93.62725830078124,,,,,,
2024-11-27,93.0240478515625,,,,,,
2024-11-29,93.57780456542967,,,,,,
2024-12-02,94.3194808959961,,,,,,
2024-12-03,94.1612548828125,,,,,,
2024-12-04,95.16991424560548,,,,,,
2024-12-05,94.09203338623048,,,,,,
2024-12-06,94.81391143798828,,,,,,
2024-12-09,94.2205810546875,,,,,,
2024-12-10,93.29105377197266,,,,,,
2024-12-11,94.17115020751952,,,,,,
2024-12-12,93.9140396118164,,,,,,
2024-12-13,93.57780456542967,,,,,,
2024-12-16,93.80526733398438,,,,,,
2024-12-17,93.27127075195312,,,,,,
2024-12-18,89.9486083984375,,,,,,
2024-12-19,89.21685028076172,,,,,,
2024-12-20,90.13650512695312,,,,,,
2024-12-23,90.36455535888672,,,,,,
2024-12-24,91.3758773803711,,,,,,
2024-12-26,91.3758773803711,,,,,,
2024-12-27,90.5033721923828,,,,,,
2024-12-30,89.38298034667969,,,,,,
2024-12-31,89.0062026977539,,,,,,
2025-01-02,88.9566421508789,,,,,,
2025-01-03,90.46369934082033,,,,,,
2025-01-06,91.11808776855467,,,,,,
2025-01-07,90.26539611816406,,,,,,
2025-01-08,90.18607330322266,,,,,,
2025-01-10,88.89714050292969,,,,,,
2025-01-13,88.7979965209961,,,,,,
2025-01-14,89.38298034667969,,,,,,
2025-01-15,90.67191314697266,,,,,,
2025-01-16,91.02886199951172,,,,,,
2025-01-17,92.1095733642578,,,,,,
2025-01-21,92.91268157958984,,,,,,
2025-01-22,93.55715942382812,,,,,,
2025-01-23,93.68604278564452,,,,,,
2025-01-24,93.21013641357422,,,,,,
2025-01-27,92.1095733642578,,,,,,
2025-01-28,92.2285614013672,,,,,,
2025-01-29,92.35745239257812,,,,,,
2025-01-30,93.37869262695312,,,,,,
2025-01-31,93.37869262695312,,,,,,
2025-02-03,92.96226501464844,,,,,,
2025-02-04,93.58690643310548,,,,,,
2025-02-05,94.51891326904295,,,,,,
2025-02-06,94.6279754638672,,,,,,
2025-02-07,94.02315521240234,,,,,,
2025-02-10,94.84609985351562,,,,,,
2025-02-11,94.65771484375,,,,,,
2025-02-12,94.78660583496094,,,,,,
2025-02-13,95.8673324584961,,,,,,
2025-02-14,95.9863052368164,,,,,,
2025-02-18,97.14635467529295,,,,,,
2025-02-19,96.89849090576172,,,,,,
2025-02-20,96.43247985839844,,,,,,
2025-02-21,94.5783920288086,,,,,,
2025-02-24,93.87443542480467,,,,,,
2025-02-25,92.93252563476562,,,,,,
2025-02-26,92.97216796875,,,,,,
2025-02-27,91.08834838867188,,,,,,
2025-02-28,92.13932037353516,,,,,,
2025-03-03,90.96935272216795,,,,,,
2025-03-04,90.3546371459961,,,,,,
2025-03-05,91.27671813964844,,,,,,
2025-03-06,89.08552551269531,,,,,,
2025-03-07,89.73992919921875,,,,,,
2025-03-10,87.31076049804688,,,,,,
2025-03-11,86.43824005126953,,,,,,
2025-03-12,86.7356948852539,,,,,,
2025-03-13,85.5062484741211,,,,,,
2025-03-14,87.38017272949219,,,,,,
2025-03-17,88.80791473388672,,,,,,
2025-03-18,87.89573669433594,,,,,,
2025-03-19,88.56995391845703,,,,,,
2025-03-20,88.25267791748047,,,,,,
2025-03-21,88.1336898803711,,,,,,
2025-03-24,89.95804595947266,,,,,,
2025-03-25,90.157470703125,,,,,,
2025-03-26,89.32405090332031,,,,,,
2025-03-27,88.53032684326172,,,,,,
2025-03-28,86.5063247680664,,,,,,
2025-03-31,86.5063247680664,,,,,,
2025-04-01,86.95278930664062,,,,,,
2025-04-02,87.52825164794922,,,,,,
2025-04-03,83.261962890625,,,,,,
2025-04-04,78.043212890625,,,,,,
2025-04-07,77.92414855957031,,,,,,
2025-04-08,76.37638854980469,,,,,,
2025-04-09,84.50216674804688,,,,,,
2025-04-10,81.14867401123047,,,,,,
2025-04-11,82.3392562866211,,,,,,
2025-04-14,82.9345474243164,,,,,,
2025-04-15,83.18258666992188,,,,,,
2025-04-16,81.48600006103516,,,,,,
2025-04-17,81.81340789794922,,,,,,
2025-04-21,80.09697723388672,,,,,,
2025-04-22,81.94239044189453,,,,,,
2025-04-23,83.38101959228516,,,,,,
2025-04-24,85.6629867553711,,,,,,
2025-04-25,86.11937713623047,,,,,,
2025-04-28,86.367431640625,,,,,,
2025-04-29,86.89326477050781,,,,,,
2025-04-30,87.00240325927734,,,,,,
2025-05-01,87.14130401611328,,,,,,
2025-05-02,88.81805419921875,,,,,,
2025-05-05,88.57000732421875,,,,,,
2025-05-06,87.77629089355469,,,,,,
2025-05-07,88.39141845703125,,,,,,
2025-05-08,89.30421447753906,,,,,,
2025-05-09,89.35381317138672,,,,,,
2025-05-12,92.68746185302734,,,,,,
2025-05-13,93.53079986572266,,,,,,
2025-05-14,93.63994598388672,,,,,,
2025-05-15,93.95743560791016,,,,,,
2025-05-16,94.6321029663086,,,,,,
2025-05-19,94.55272674560548,,,,,,
2025-05-20,94.4535140991211,,,,,,
2025-05-21,92.75691986083984,,,,,,
2025-05-22,92.77677154541016,,,,,,
2025-05-23,92.0028839111328,,,,,,
2025-05-27,93.69947052001952,,,,,,
2025-05-28,93.11409759521484,,,,,,
2025-05-29,92.9751968383789,,,,,,
2025-05-30,92.83629608154295,,,,,,
2025-06-02,93.46134948730467,,,,,,
2025-06-03,94.4039077758789,,,,,,
2025-06-04,94.64202880859376,,,,,,
2025-06-05,94.10625457763672,,,,,,
2025-06-06,95.04881286621094,,,,,,
2025-06-09,95.05872344970705,,,,,,
2025-06-10,95.86238098144533,,,,,,
2025-06-11,95.61434173583984,,,,,,
2025-06-12,95.67388153076172,,,,,,
2025-06-13,94.09634399414062,,,,,,
2025-06-16,95.5250473022461,,,,,,
2025-06-17,94.34437561035156,,,,,,
2025-06-18,94.39397430419922,,,,,,
2025-06-20,94.13602447509766,,,,,,
2025-06-23,94.85037231445312,,,,,,
2025-06-24,96.50180053710938,,,,,,
2025-06-25,96.01492309570312,,,,,,
2025-06-26,96.70053100585938,,,,,,
2025-06-27,96.88932037353516,,,,,,
2025-06-30,97.6842269897461,,,,,,
2025-07-01,97.72396850585938,,,,,,
2025-07-02,98.08168029785156,,,,,,
2025-07-03,98.81696319580078,,,,,,
2025-07-07,98.0320053100586,,,,,,
2025-07-08,98.47913360595705,,,,,,
2025-07-09,98.73748016357422,,,,,,
2025-07-10,98.33008575439452,,,,,,
2025-07-11,97.84320068359376,,,,,,
2025-07-14,98.18104553222656,,,,,,
2025-07-15,97.55504608154295,,,,,,
2025-07-16,97.6345443725586,,,,,,
2025-07-17,98.5486831665039,,,,,,
2025-07-18,98.4990005493164,,,,,,
2025-07-21,98.9063949584961,,,,,,
2025-07-22,99.2740478515625,,,,,,
2025-07-23,99.68142700195312,,,,,,
2025-07-24,99.44296264648438,,,,,,
2025-07-25,99.74105072021484,,,,,,
2025-07-28,99.68142700195312,,,,,,
2025-07-29,99.6218032836914,,,,,,
2025-07-30,99.32371520996094,,,,,,
2025-07-31,97.7339096069336,,,,,,
2025-08-01,96.2136459350586,,,,,,
2025-08-04,97.76370239257812,,,,,,
2025-08-05,96.95887756347656,,,,,,
2025-08-06,97.3463897705078,,,,,,
2025-08-07,97.21720886230467,,,,,,
2025-08-08,97.02843475341795,,,,,,
2025-08-11,96.56140899658205,,,,,,
2025-08-12,97.74384307861328,,,,,,
2025-08-13,98.58843994140624,,,,,,
2025-08-14,97.96244049072266,,,,,,
2025-08-15,97.65441131591795,,,,,,
2025-08-18,97.81340026855467,,,,,,
2025-08-19,97.2768325805664,,,,,,
2025-08-20,97.01849365234376,,,,,,
2025-08-21,96.60116577148438,,,,,,
2025-08-22,98.27046966552734,,,,,,
2025-08-25,97.42588806152344,,,,,,
2025-08-26,97.4556884765625,,,,,,
2025-08-27,97.79352569580078,,,,,,
2025-08-28,98.15122985839844,,,,,,
2025-08-29,97.42588806152344,,,,,,
2025-09-02,96.61109924316406,,,,,,
2025-09-03,96.60116577148438,,,,,,
2025-09-04,97.14765167236328,,,,,,
2025-09-05,97.31658935546876,,,,,,
2025-09-08,97.69416046142578,,,,,,
2025-09-09,97.94256591796876,,,,,,
2025-09-10,97.1277847290039,,,,,,
2025-09-11,98.43938446044922,,,,,,
2025-09-12,98.34996032714844,,,,,,
2025-09-15,98.65799713134766,,,,,,
2025-09-16,98.62818145751952,,,,,,
2025-09-17,99.12499237060548,,,,,,
2025-09-18,100.23786926269533,,,,,,
2025-09-19,100.19811248779295,,,,,,
2025-09-22,100.65519714355467,,,,,,
2025-09-23,100.38353729248048,,,,,,
2025-09-24,100.19446563720705,,,,,,
2025-09-25,99.55762481689452,,,,,,
2025-09-26,100.52284240722656,,,,,,
2025-09-29,101.2094497680664,,,,,,
2025-09-30,101.10994720458984,,,,,,
2025-10-01,101.67713928222656,,,,,,
2025-10-02,102.22443389892578,,,,,,
2025-10-03,102.25428771972656,,,,,,
2025-10-06,102.61251831054688,,,,,,
2025-10-07,101.91595458984376,,,,,,
2025-10-08,102.99064636230467,,,,,,
2025-10-09,102.44334411621094,,,,,,
2025-10-10,99.27899932861328,,,,,,
2025-10-13,100.8512191772461,,,,,,
2025-10-14,100.97063446044922,,,,,,
2025-10-15,101.3487548828125,,,,,,
2025-10-16,100.78156280517578,,,,,,
2025-10-17,101.35871124267578,,,,,,
2025-10-20,102.73191833496094,,,,,,
2025-10-21,103.25931549072266,,,,,,
2025-10-22,102.3338851928711,,,,,,
2025-10-23,103.03044128417967,,,,,,
2025-10-24,103.47823333740234,,,,,,
2025-10-27,104.7121353149414,,,,,,
2025-10-28,104.43350219726562,,,,,,
2025-10-29,103.4881820678711,,,,,,
2025-10-30,102.6523208618164,,,,,,
2025-10-31,103.18965911865234,,,,,,
2025-11-03,103.06029510498048,,,,,,
2025-11-04,101.37860870361328,,,,,,
2025-11-05,102.14482879638672,,,,,,
2025-11-06,100.59249877929688,,,,,,
2025-11-07,100.58255004882812,,,,,,
2025-11-10,101.68709564208984,,,,,,
2025-11-11,101.88610076904295,,,,,,
2025-11-12,101.94580078125,,,,,,
2025-11-13,100.3238296508789,,,,,,
2025-11-14,100.134765625,,,,,,
2025-11-17,99.02027893066406,,,,,,
2025-11-18,98.53268432617188,,,,,,
2025-11-19,98.5625457763672,,,,,,
2025-11-20,96.4330825805664,,,,,,
2025-11-21,97.93563842773438,,,,,,
2025-11-24,99.08993530273438,,,,,,
2025-11-25,100.1148681640625,,,,,,
2025-11-26,100.72186279296876,,,,,,
2025-11-28,101.64728546142578,,,,,,
2025-12-01,101.27910614013672,,,,,,
2025-12-02,102.27418518066406,,,,,,
2025-12-03,103.40857696533205,,,,,,
2025-12-04,103.08019256591795,,,,,,
2025-12-05,103.56779479980467,,,,,,
2025-12-08,103.04039764404295,,,,,,
2025-12-09,102.95083618164062,,,,,,
2025-12-10,103.92601776123048,,,,,,
2025-12-11,103.9160614013672,,,,,,
2025-12-12,102.73191833496094,,,,,,
2025-12-15,102.52294921875,,,,,,
2025-12-16,102.2940902709961,,,,,,
2025-12-17,101.05023956298828,,,,,,
2025-12-18,101.98561096191406,,,,,,
2025-12-19,102.76177215576172,,,,,,
2025-12-22,103.3389129638672,,,,,,
2025-12-23,103.13058471679688,,,,,,
2025-12-24,103.4395980834961,,,,,,
2025-12-26,103.48944091796876,,,,,,
2025-12-29,103.22029876708984,,,,,,
2025-12-30,102.92124938964844,,,,,,
2025-12-31,101.98424530029295,,,,,,
2026-01-02,102.03408813476562,,,,,,
2026-01-05,103.05083465576172,,,,,,
2026-01-06,104.91488647460938,,,,,,
2026-01-07,104.50618743896484,,,,,,
2026-01-08,104.01775360107422,,,,,,
2026-01-09,104.8550796508789,,,,,,
2026-01-12,104.74542999267578,,,,,,
2026-01-13,104.40650177001952,,,,,,
2026-01-14,103.98784637451172,,,,,,
2026-01-15,104.1473388671875,,,,,,
2026-01-16,103.9479751586914,,,,,,
2026-01-20,102.49262237548828,,,,,,
2026-01-21,104.16727447509766,,,,,,
2026-01-22,104.80523681640624,,,,,,
2026-01-23,104.5859375,,,,,,
2026-01-26,105.16409301757812,,,,,,
2026-01-27,105.60269165039062,,,,,,
2026-01-28,105.871826171875,,,,,,
2026-01-29,105.0644073486328,,,,,,
2026-01-30,103.53927612304688,,,,,,
2026-02-02,104.20714569091795,,,,,,
2026-02-03,102.27332305908205,,,,,,
2026-02-04,101.64533233642578,,,,,,
2026-02-05,100.16007232666016,,,,,,
2026-02-06,102.2234878540039,,,,,,
2026-02-09,102.71192169189452,,,,,,
2026-02-10,102.58234405517578,,,,,,
2026-02-11,102.95115661621094,,,,,,
2026-02-12,101.19676208496094,,,,,,
2026-02-13,102.35306549072266,,,,,,
2026-02-17,102.00418853759766,,,,,,
2026-02-18,102.8415069580078,,,,,,
2026-02-19,102.41287231445312,,,,,,
2026-02-20,102.91128540039062,,,,,,
2026-02-23,101.4160614013672,,,,,,
2026-02-24,102.50259399414062,,,,,,
2026-02-25,103.69876861572266,,,,,,
2026-02-26,103.6190185546875,,,,,,
2026-02-27,103.64893341064452,,,,,,
2026-03-02,103.38976287841795,,,,,,
2026-03-03,102.08393096923828,,,,,,
2026-03-04,103.44956970214844,,,,,,
2026-03-05,103.0009994506836,,,,,,
2026-03-06,101.6951675415039,,,,,,
2026-03-09,102.5923080444336,,,,,,
2026-03-10,102.00418853759766,,,,,,
2026-03-11,101.7151107788086,,,,,,
2026-03-12,99.58191680908205,,,,,,
2026-03-13,99.62179565429688,,,,,,
2026-03-16,100.7481918334961,,,,,,
2026-03-17,101.57555389404295,,,,,,
2026-03-18,100.03048706054688,,,,,,
2026-03-19,100.06038665771484,,,,,,
2026-03-20,98.5851058959961,,,,,,
2026-03-23,99.58191680908205,,,,,,
2026-03-24,98.65635681152344,,,,,,
2026-03-25,99.34528350830078,,,,,,
2026-03-26,98.13716888427734,,,,,,
2026-03-27,96.1502685546875,,,,,,
2026-03-30,95.91063690185548,,,,,,
2026-03-31,98.37679290771484,,,,,,
2026-04-01,99.0457534790039,,,,,,
2026-04-02,99.10565948486328,,,,,,
2026-04-06,99.81455993652344,,,,,,
2026-04-07,99.53499603271484,,,,,,
2026-04-08,101.94124603271484,,,,,,
2026-04-09,101.58180236816406,,,,,,
2026-04-10,100.9627685546875,,,,,,
2026-04-13,102.44046783447266,,,,,,
2026-04-14,103.34905242919922,,,,,,
2026-04-15,104.36746215820312,,,,,,
2026-04-16,105.16622161865234,,,,,,
2026-04-17,106.49415588378906,,,,,,
2026-04-20,106.91350555419922,,,,,,
2026-04-21,106.62395477294922,,,,,,
2026-04-22,107.75218963623048,,,,,,
2026-04-23,107.62239837646484,,,,,,
2026-04-24,108.67076110839844,,,,,,
2026-04-27,108.11163330078124,,,,,,
2026-04-28,106.94345092773438,,,,,,
2026-04-29,107.82208251953124,,,,,,
2026-04-30,109.3097686767578,,,,,,
2026-05-01,110.1983871459961,,,,,,
2026-05-04,109.97872924804688,,,,,,
2026-05-05,111.04706573486328,,,,,,
2026-05-06,112.42491912841795,,,,,,
2026-05-07,112.26516723632812,,,,,,
2026-05-08,113.87266540527344,,,,,,
2026-05-11,113.98249816894533,,,,,,
2026-05-12,112.82429504394533,,,,,,
2026-05-13,113.02397918701172,,,,,,
2026-05-14,113.58311462402344,,,,,,
2026-05-15,112.48482513427734,,,,,,
2026-05-18,112.73443603515624,,,,,,
2026-05-19,112.47483825683594,,,,,,
2026-05-20,114.5316390991211,,,,,,
2026-05-21,115.3104248046875,,,,,,
2026-05-22,116.43866729736328,,,,,,
2026-05-26,118.18595123291016,,,,,,
2026-05-27,117.13758087158205,,,,,,
2026-05-28,118.15599060058594,,,,,,
2026-05-29,119.1045150756836,,,,,,
2026-06-01,120.80187225341795,,,,,,
2026-06-02,121.6006317138672,,,,,,
2026-06-03,121.4808120727539,,,,,,
2026-06-04,121.21123504638672,,,,,,
2026-06-05,116.03929138183594,,,,,,
2026-06-08,117.48703002929688,,,,,,
2026-06-09,116.49857330322266,,,,,,
2026-06-10,114.4118194580078,,,,,,
2026-06-11,118.07611846923828,,,,,,
2026-06-12,119.46395874023438,,,,,,
2026-06-15,122.52918243408205,,,,,,
2026-06-16,120.35256958007812,,,,,,
2026-06-17,119.27424621582033,,,,,,
2026-06-18,121.49079895019533,,,,,,
2026-06-22,121.36100769042967,,,,,,
2026-06-23,118.73999786376952,,,,,,
2026-06-24,118.68000030517578,,,,,,
2026-06-25,119.48999786376952,,,,,,
2026-06-26,118.68000030517578,,,,,,
2026-06-29,120.9499969482422,,,,,,
2026-06-30,122.01000213623048,,,,,,
2026-07-01,121.0999984741211,,,,,,
2026-07-02,120.1500015258789,,,,,,
2026-07-06,120.88999938964844,,,,,,
2026-07-07,119.38999938964844,,,,,,
2026-07-08,119.0500030517578,,,,,,
2026-07-09,120.56999969482422,,,,,,
2026-07-10,120.61000061035156,,,,,,
2026-07-13,119.1500015258789,,,,,,
2026-07-14,119.22000122070312,,,,,,
2026-07-15,118.7300033569336,,,,,,
2026-07-16,118.41999816894533,,,,,,
2026-07-17,116.8000030517578,,,,,,
2026-07-20,116.6999969482422,,,,,,
2026-07-21,118.06999969482422,,,,,,
2026-07-22,117.3000030517578,,,,,,
2026-07-23,116.16999816894533,,,,,,
2026-07-24,115.41000366210938,,,,,,
2026-07-27,116.3000030517578,,,,,,
2026-07-28,116.44000244140624,,,,,,
2026-07-29,115.51000213623048,,,,,,
2026-07-30,116.7300033569336,,,,,,
2026-07-31,117.06999969482422,,,,,,
2026-08-03,118.58000183105467,,,,,,
2026-08-04,121.98999786376952,,,,,,
2026-08-05,121.08000183105467,,,,,,
2026-08-06,120.02999877929688,,,,,,
2026-08-07,121.95999908447266,,,,,,
2026-08-10,122.1500015258789,,,,,,
2026-08-11,122.36000061035156,,,,,,
2026-08-12,123.13999938964844,,,,,,
2026-08-13,124.69000244140624,,,,,,
2026-08-14,124.62999725341795,,,,,,
2026-08-17,123.9499969482422,,,,,,
2026-08-25,122.37999725341795,,,,,,
2026-08-26,122.29000091552734,,,,,,
2026-08-27,123.38999938964844,,,,,,
2026-08-28,122.27,122.9,123.09,122.05,129045.0,122.414,546.0
2026-08-31,121.94,121.87,122.1,121.42,108184.0,121.754,440.0
2026-09-01,119.9,120.97,120.97,119.6,124928.0,120.162,490.0
