date,close,open,high,low,volume,average,barCount
2010-07-14,1.0427972078323364,,,,,,
2010-07-15,1.0579290390014648,,,,,,
2010-07-16,0.9966034889221193,,,,,,
2010-07-19,0.9859848022460938,,,,,,
2010-07-20,1.022886037826538,,,,,,
2010-07-21,1.0082850456237793,,,,,,
2010-07-22,1.046513557434082,,,,,,
2010-07-23,1.0783709287643433,,,,,,
2010-07-26,1.1017330884933472,,,,,,
2010-07-27,1.1094321012496948,,,,,,
2010-07-28,1.0573986768722534,,,,,,
2010-07-29,1.0573986768722534,,,,,,
2010-07-30,1.0181068181991575,,,,,,
2010-08-02,1.0900524854660034,,,,,,
2010-08-03,1.05899178981781,,,,,,
2010-08-04,1.0850077867507937,,,,,,
2010-08-05,1.0879285335540771,,,,,,
2010-08-06,1.0624423027038574,,,,,,
2010-08-09,1.1017330884933472,,,,,,
2010-08-10,1.0799640417099,,,,,,
2010-08-11,1.0457172393798828,,,,,,
2010-08-12,1.038549304008484,,,,,,
2010-08-13,1.0167804956436155,,,,,,
2010-08-16,1.025010347366333,,,,,,
2010-08-17,1.045982837677002,,,,,,
2010-08-18,1.0719997882843018,,,,,,
2010-08-19,1.0364254713058472,,,,,,
2010-08-20,1.0279306173324585,,,,,,
2010-08-23,1.0380182266235352,,,,,,
2010-08-24,1.021559476852417,,,,,,
2010-08-25,1.0481067895889282,,,,,,
2010-08-26,1.0475753545761108,,,,,,
2010-08-27,1.0475753545761108,,,,,,
2010-08-30,1.009346604347229,,,,,,
2010-08-31,1.021293044090271,,,,,,
2010-09-01,1.0706719160079956,,,,,,
2010-09-02,1.1118214130401611,,,,,,
2010-09-03,1.1343867778778076,,,,,,
2010-09-07,1.1086353063583374,,,,,,
2010-09-08,1.121113657951355,,,,,,
2010-09-09,1.1181926727294922,,,,,,
2010-09-10,1.137307047843933,,,,,,
2010-09-13,1.1596075296401978,,,,,,
2010-09-14,1.2023495435714722,,,,,,
2010-09-15,1.1930575370788574,,,,,,
2010-09-16,1.1864209175109863,,,,,,
2010-09-17,1.1840314865112305,,,,,,
2010-09-20,1.2347371578216553,,,,,,
2010-09-21,1.2312865257263184,,,,,,
2010-09-22,1.234553337097168,,,,,,
2010-09-23,1.234553337097168,,,,,,
2010-09-24,1.303877353668213,,,,,,
2010-09-27,1.290066123008728,,,,,,
2010-09-28,1.3126428127288818,,,,,,
2010-09-29,1.2998932600021362,,,,,,
2010-09-30,1.2924562692642212,,,,,,
2010-10-01,1.2850196361541748,,,,,,
2010-10-04,1.2850196361541748,,,,,,
2010-10-05,1.3152992725372314,,,,,,
2010-10-06,1.3110487461090088,,,,,,
2010-10-07,1.3147679567337036,,,,,,
2010-10-08,1.323001503944397,,,,,,
2010-10-11,1.3307043313980105,,,,,,
2010-10-12,1.3264548778533936,,,,,,
2010-10-13,1.3142359256744385,,,,,,
2010-10-14,1.282097578048706,,,,,,
2010-10-15,1.3264548778533936,,,,,,
2010-10-18,1.3176898956298828,,,,,,
2010-10-19,1.2810354232788086,,,,,,
2010-10-20,1.301221489906311,,,,,,
2010-10-21,1.333094596862793,,,,,,
2010-10-22,1.3423913717269895,,,,,,
2010-10-25,1.3482344150543213,,,,,,
2010-10-26,1.356468677520752,,,,,,
2010-10-27,1.3129087686538696,,,,,,
2010-10-28,1.3264548778533936,,,,,,
2010-10-29,1.3261884450912476,,,,,,
2010-11-01,1.326985478401184,,,,,,
2010-11-02,1.3540778160095217,,,,,,
2010-11-03,1.3607184886932373,,,,,,
2010-11-04,1.4093248844146729,,,,,,
2010-11-05,1.4241986274719238,,,,,,
2010-11-08,1.415168046951294,,,,,,
2010-11-09,1.3891382217407229,,,,,,
2010-11-10,1.4082624912261963,,,,,,
2010-11-11,1.411715388298035,,,,,,
2010-11-12,1.3732012510299685,,,,,,
2010-11-15,1.3556712865829468,,,,,,
2010-11-16,1.3546092510223389,,,,,,
2010-11-17,1.365499496459961,,,,,,
2010-11-18,1.383029818534851,,,,,,
2010-11-19,1.408528208732605,,,,,,
2010-11-22,1.4366824626922607,,,,,,
2010-11-23,1.4186205863952637,,,,,,
2010-11-24,1.472805380821228,,,,,,
2010-11-26,1.4669617414474487,,,,,,
2010-11-29,1.45182204246521,,,,,,
2010-11-30,1.462712645530701,,,,,,
2010-12-01,1.498038649559021,,,,,,
2010-12-02,1.5352240800857544,,,,,,
2010-12-03,1.527521014213562,,,,,,
2010-12-06,1.5307083129882812,,,,,,
2010-12-07,1.5389422178268433,,,,,,
2010-12-08,1.534957766532898,,,,,,
2010-12-09,1.5338956117630005,,,,,,
2010-12-10,1.540270209312439,,,,,,
2010-12-13,1.5299113988876345,,,,,,
2010-12-14,1.522303819656372,,,,,,
2010-12-15,1.526857852935791,,,,,,
2010-12-16,1.5356974601745603,,,,,,
2010-12-17,1.5399833917617798,,,,,,
2010-12-20,1.5493589639663696,,,,,,
2010-12-21,1.5512337684631348,,,,,,
2010-12-22,1.5447331666946411,,,,,,
2010-12-23,1.548224925994873,,,,,,
2010-12-27,1.5468815565109253,,,,,,
2010-12-28,1.5388221740722656,,,,,,
2010-12-29,1.554941177368164,,,,,,
2010-12-30,1.5546727180480957,,,,,,
2010-12-31,1.5546727180480957,,,,,,
2011-01-03,1.573477864265442,,,,,,
2011-01-04,1.573477864265442,,,,,,
2011-01-05,1.5278080701828003,,,,,,
2011-01-06,1.4848238229751587,,,,,,
2011-01-07,1.4810631275177002,,,,,,
2011-01-10,1.4872413873672483,,,,,,
2011-01-11,1.4858989715576172,,,,,,
2011-01-12,1.5033605098724363,,,,,,
2011-01-13,1.5047038793563845,,,,,,
2011-01-14,1.5240468978881836,,,,,,
2011-01-18,1.5213605165481567,,,,,,
2011-01-19,1.5017484426498413,,,,,,
2011-01-20,1.5331804752349854,,,,,,
2011-01-21,1.518673539161682,,,,,,
2011-01-24,1.528882384300232,,,,,,
2011-01-25,1.532374620437622,,,,,,
2011-01-26,1.5527923107147217,,,,,,
2011-01-27,1.5791195631027222,,,,,,
2011-01-28,1.5076594352722168,,,,,,
2011-01-31,1.4961072206497192,,,,,,
2011-02-01,1.5218971967697144,,,,,,
2011-02-02,1.5218971967697144,,,,,,
2011-02-03,1.521091341972351,,,,,,
2011-02-04,1.5458073616027832,,,,,,
2011-02-07,1.555478811264038,,,,,,
2011-02-08,1.5780450105667114,,,,,,
2011-02-09,1.6008802652359009,,,,,,
2011-02-10,1.5944325923919678,,,,,,
2011-02-11,1.621834635734558,,,,,,
2011-02-14,1.6086710691452026,,,,,,
2011-02-15,1.6094770431518557,,,,,,
2011-02-16,1.6266705989837646,,,,,,
2011-02-17,1.6290881633758545,,,,,,
2011-02-18,1.6358048915863037,,,,,,
2011-02-22,1.571329116821289,,,,,,
2011-02-23,1.5122257471084597,,,,,,
2011-02-24,1.5025546550750732,,,,,,
2011-02-25,1.5232410430908203,,,,,,
2011-02-28,1.5232410430908203,,,,,,
2011-03-01,1.5004057884216309,,,,,,
2011-03-02,1.507390379905701,,,,,,
2011-03-03,1.5355982780456543,,,,,,
2011-03-04,1.5041667222976685,,,,,,
2011-03-07,1.4915404319763184,,,,,,
2011-03-08,1.4915404319763184,,,,,,
2011-03-09,1.5326436758041382,,,,,,
2011-03-10,1.5087336301803589,,,,,,
2011-03-11,1.5237784385681152,,,,,,
2011-03-14,1.4977190494537354,,,,,,
2011-03-15,1.4775701761245728,,,,,,
2011-03-16,1.4450640678405762,,,,,,
2011-03-17,1.4450640678405762,,,,,,
2011-03-18,1.4450640678405762,,,,,,
2011-03-21,1.4450640678405762,,,,,,
2011-03-22,1.4450640678405762,,,,,,
2011-03-23,1.4450640678405762,,,,,,
2011-03-24,1.4450640678405762,,,,,,
2011-03-25,1.5315688848495483,,,,,,
2011-03-28,1.505509853363037,,,,,,
2011-03-29,1.5248531103134155,,,,,,
2011-03-30,1.565150260925293,,,,,,
2011-03-31,1.5407034158706665,,,,,,
2011-04-01,1.5503746271133425,,,,,,
2011-04-04,1.5664937496185305,,,,,,
2011-04-05,1.607596755027771,,,,,,
2011-04-06,1.6100146770477295,,,,,,
2011-04-07,1.6277457475662231,,,,,,
2011-04-08,1.6067910194396973,,,,,,
2011-04-11,1.610551357269287,,,,,,
2011-04-12,1.6159247159957886,,,,,,
2011-04-13,1.6231778860092163,,,,,,
2011-04-14,1.616462230682373,,,,,,
2011-04-15,1.625058889389038,,,,,,
2011-04-18,1.5861046314239502,,,,,,
2011-04-19,1.6003433465957642,,,,,,
2011-04-20,1.6492371559143066,,,,,,
2011-04-21,1.6519243717193604,,,,,,
2011-04-25,1.6519243717193604,,,,,,
2011-04-26,1.6508489847183228,,,,,,
2011-04-27,1.7053853273391724,,,,,,
2011-04-28,1.6973251104354858,,,,,,
2011-04-29,1.6973251104354858,,,,,,
2011-05-02,1.6973251104354858,,,,,,
2011-05-03,1.7024296522140503,,,,,,
2011-05-04,1.7024296522140503,,,,,,
2011-05-05,1.6927579641342163,,,,,,
2011-05-06,1.6927579641342163,,,,,,
2011-05-09,1.7048470973968506,,,,,,
2011-05-10,1.7435331344604492,,,,,,
2011-05-11,1.741384506225586,,,,,,
2011-05-12,1.782487392425537,,,,,,
2011-05-13,1.7607271671295166,,,,,,
2011-05-16,1.7118326425552368,,,,,,
2011-05-17,1.7231156826019287,,,,,,
2011-05-18,1.7231156826019287,,,,,,
2011-05-19,1.7198923826217651,,,,,,
2011-05-20,1.7198923826217651,,,,,,
2011-05-23,1.661863923072815,,,,,,
2011-05-24,1.661863923072815,,,,,,
2011-05-25,1.624790072441101,,,,,,
2011-05-26,1.6487001180648804,,,,,,
2011-05-27,1.6487001180648804,,,,,,
2011-05-31,1.6645499467849731,,,,,,
2011-06-01,1.6521923542022705,,,,,,
2011-06-02,1.5742840766906738,,,,,,
2011-06-03,1.5742840766906738,,,,,,
2011-06-06,1.5157185792922974,,,,,,
2011-06-07,1.5157185792922974,,,,,,
2011-06-08,1.5157185792922974,,,,,,
2011-06-09,1.5200170278549194,,,,,,
2011-06-10,1.5200170278549194,,,,,,
2011-06-13,1.5200170278549194,,,,,,
2011-06-14,1.522434949874878,,,,,,
2011-06-15,1.482943415641785,,,,,,
2011-06-16,1.479719638824463,,,,,,
2011-06-17,1.504435658454895,,,,,,
2011-06-20,1.504435658454895,,,,,,
2011-06-21,1.5855674743652344,,,,,,
2011-06-22,1.5581645965576172,,,,,,
2011-06-23,1.576164722442627,,,,,,
2011-06-24,1.584761142730713,,,,,,
2011-06-27,1.558702826499939,,,,,,
2011-06-28,1.597925305366516,,,,,,
2011-06-29,1.6159247159957886,,,,,,
2011-06-30,1.6161930561065674,,,,,,
2011-07-01,1.6750271320343018,,,,,,
2011-07-05,1.6879225969314575,,,,,,
2011-07-06,1.6978628635406494,,,,,,
2011-07-07,1.76959228515625,,,,,,
2011-07-08,1.735205054283142,,,,,,
2011-07-11,1.699205756187439,,,,,,
2011-07-12,1.699205756187439,,,,,,
2011-07-13,1.699205756187439,,,,,,
2011-07-14,1.686579942703247,,,,,,
2011-07-15,1.6645499467849731,,,,,,
2011-07-18,1.6645499467849731,,,,,,
2011-07-19,1.7099521160125732,,,,,,
2011-07-20,1.690340518951416,,,,,,
2011-07-21,1.7112948894500732,,,,,,
2011-07-22,1.7174742221832275,,,,,,
2011-07-25,1.7032352685928345,,,,,,
2011-07-26,1.7032352685928345,,,,,,
2011-07-27,1.7026989459991455,,,,,,
2011-07-28,1.683355689048767,,,,,,
2011-07-29,1.6296257972717283,,,,,,
2011-08-01,1.604103922843933,,,,,,
2011-08-02,1.586910605430603,,,,,,
2011-08-03,1.4977190494537354,,,,,,
2011-08-04,1.4670931100845337,,,,,,
2011-08-05,1.4670931100845337,,,,,,
2011-08-08,1.2785009145736694,,,,,,
2011-08-09,1.25647234916687,,,,,,
2011-08-10,1.25647234916687,,,,,,
2011-08-11,1.3572156429290771,,,,,,
2011-08-12,1.366887092590332,,,,,,
2011-08-15,1.388915777206421,,,,,,
2011-08-16,1.4141695499420166,,,,,,
2011-08-17,1.4141695499420166,,,,,,
2011-08-18,1.3153060674667358,,,,,,
2011-08-19,1.2994557619094849,,,,,,
2011-08-22,1.3075153827667236,,,,,,
2011-08-23,1.3075153827667236,,,,,,
2011-08-24,1.397781491279602,,,,,,
2011-08-25,1.3848860263824463,,,,,,
2011-08-26,1.4308253526687622,,,,,,
2011-08-29,1.4711225032806396,,,,,,
2011-08-30,1.505241632461548,,,,,,
2011-08-31,1.4990626573562622,,,,,,
2011-09-01,1.4990626573562622,,,,,,
2011-09-02,1.4297510385513306,,,,,,
2011-09-06,1.3684991598129272,,,,,,
2011-09-07,1.4646748304367063,,,,,,
2011-09-08,1.4826751947402954,,,,,,
2011-09-09,1.4826751947402954,,,,,,
2011-09-12,1.4104076623916626,,,,,,
2011-09-13,1.481600046157837,,,,,,
2011-09-14,1.5275392532348633,,,,,,
2011-09-15,1.5275392532348633,,,,,,
2011-09-16,1.606521725654602,,,,,,
2011-09-19,1.6038353443145752,,,,,,
2011-09-20,1.5753589868545532,,,,,,
2011-09-21,1.5681058168411257,,,,,,
2011-09-22,1.4396904706954956,,,,,,
2011-09-23,1.4614510536193848,,,,,,
2011-09-26,1.4614510536193848,,,,,,
2011-09-27,1.4614510536193848,,,,,,
2011-09-28,1.5141068696975708,,,,,,
2011-09-29,1.5047038793563845,,,,,,
2011-09-30,1.4474815130233765,,,,,,
2011-10-03,1.402348518371582,,,,,,
2011-10-04,1.3346492052078247,,,,,,
2011-10-05,1.4654808044433594,,,,,,
2011-10-06,1.4751524925231934,,,,,,
2011-10-07,1.5006743669509888,,,,,,
2011-10-10,1.590134620666504,,,,,,
2011-10-11,1.607596755027771,,,,,,
2011-10-12,1.6535358428955078,,,,,,
2011-10-13,1.6535358428955078,,,,,,
2011-10-14,1.6653560400009155,,,,,,
2011-10-17,1.6406404972076416,,,,,,
2011-10-18,1.701892614364624,,,,,,
2011-10-19,1.6881916522979736,,,,,,
2011-10-20,1.6672369241714478,,,,,,
2011-10-21,1.7255337238311768,,,,,,
2011-10-24,1.750517725944519,,,,,,
2011-10-25,1.6852364540100098,,,,,,
2011-10-26,1.63499915599823,,,,,,
2011-10-27,1.7061907052993774,,,,,,
2011-10-28,1.684967875480652,,,,,,
2011-10-31,1.6656252145767212,,,,,,
2011-11-01,1.6468194723129272,,,,,,
2011-11-02,1.6731469631195068,,,,,,
2011-11-03,1.6900720596313477,,,,,,
2011-11-04,1.6922212839126587,,,,,,
2011-11-07,1.7185485363006592,,,,,,
2011-11-08,1.7575032711029053,,,,,,
2011-11-09,1.661057710647583,,,,,,
2011-11-10,1.6693856716156006,,,,,,
2011-11-11,1.7429964542388916,,,,,,
2011-11-14,1.7362796068191528,,,,,,
2011-11-15,1.7212351560592651,,,,,,
2011-11-16,1.6666992902755735,,,,,,
2011-11-17,1.6255959272384644,,,,,,
2011-11-18,1.617536544799805,,,,,,
2011-11-21,1.576433181762695,,,,,,
2011-11-22,1.5724036693572998,,,,,,
2011-11-23,1.5355982780456543,,,,,,
2011-11-25,1.512495040893555,,,,,,
2011-11-28,1.5823432207107544,,,,,,
2011-11-29,1.622372269630432,,,,,,
2011-11-30,1.6723411083221436,,,,,,
2011-12-01,1.6844303607940674,,,,,,
2011-12-02,1.7016236782073977,,,,,,
2011-12-05,1.7489057779312134,,,,,,
2011-12-06,1.7690547704696655,,,,,,
2011-12-07,1.7881287336349487,,,,,,
2011-12-08,1.6935640573501587,,,,,,
2011-12-09,1.741114854812622,,,,,,
2011-12-12,1.69544517993927,,,,,,
2011-12-13,1.5872623920440674,,,,,,
2011-12-14,1.5810678005218506,,,,,,
2011-12-15,1.5909221172332764,,,,,,
2011-12-16,1.6134488582611084,,,,,,
2011-12-19,1.5506571531295776,,,,,,
2011-12-20,1.6832808256149292,,,,,,
2011-12-21,1.6680759191513062,,,,,,
2011-12-22,1.6661041975021362,,,,,,
2011-12-23,1.69398033618927,,,,,,
2011-12-27,1.7094680070877075,,,,,,
2011-12-28,1.6644147634506226,,,,,,
2011-12-29,1.6644147634506226,,,,,,
2011-12-30,1.6644147634506226,,,,,,
2012-01-03,1.6793386936187744,,,,,,
2012-01-04,1.6942625045776367,,,,,,
2012-01-05,1.700456976890564,,,,,,
2012-01-06,1.705525517463684,,,,,,
2012-01-09,1.6889119148254397,,,,,,
2012-01-10,1.702428102493286,,,,,,
2012-01-11,1.702428102493286,,,,,,
2012-01-12,1.6917283535003662,,,,,,
2012-01-13,1.6953885555267334,,,,,,
2012-01-17,1.7646570205688477,,,,,,
2012-01-18,1.8527910709381104,,,,,,
2012-01-19,1.9181180000305176,,,,,,
2012-01-20,1.8665891885757449,,,,,,
2012-01-23,1.851946234703064,,,,,,
2012-01-24,1.859548807144165,,,,,,
2012-01-25,1.887988805770874,,,,,,
2012-01-26,1.895872712135315,,,,,,
2012-01-27,1.918962836265564,,,,,,
2012-01-30,1.870813250541687,,,,,,
2012-01-31,1.8924936056137085,,,,,,
2012-02-01,1.8924936056137085,,,,,,
2012-02-02,1.9015045166015625,,,,,,
2012-02-03,1.980346441268921,,,,,,
2012-02-06,1.967113256454468,,,,,,
2012-02-07,1.982599258422852,,,,,,
2012-02-08,1.982599258422852,,,,,,
2012-02-09,1.991891980171204,,,,,,
2012-02-10,1.991891980171204,,,,,,
2012-02-13,2.021738290786743,,,,,,
2012-02-14,2.0223021507263184,,,,,,
2012-02-15,1.981191873550415,,,,,,
2012-02-16,1.991891980171204,,,,,,
2012-02-17,2.062849521636963,,,,,,
2012-02-21,2.0099124908447266,,,,,,
2012-02-22,1.9842894077301023,,,,,,
2012-02-23,2.0085043907165527,,,,,,
2012-02-24,2.0189225673675537,,,,,,
2012-02-27,2.0287787914276123,,,,,,
2012-02-28,2.0760838985443115,,,,,,
2012-02-29,2.0800259113311768,,,,,,
2012-03-01,2.1062123775482178,,,,,,
2012-03-02,2.114097118377685,,,,,,
2012-03-05,2.127612829208374,,,,,,
2012-03-06,2.083405017852783,,,,,,
2012-03-07,2.167033672332764,,,,,,
2012-03-08,2.2447493076324463,,,,,,
2012-03-09,2.252915382385254,,,,,,
2012-03-12,2.274878740310669,,,,,,
2012-03-13,2.325000047683716,,,,,,
2012-03-14,2.343583583831787,,,,,,
2012-03-15,2.3520314693450928,,,,,,
2012-03-16,2.3427391052246094,,,,,,
2012-03-19,2.334855079650879,,,,,,
2012-03-20,2.4038424491882324,,,,,,
2012-03-21,2.422425985336304,,,,,,
2012-03-22,2.421862840652466,,,,,,
2012-03-23,2.409473657608032,,,,,,
2012-03-26,2.5319604873657227,,,,,,
2012-03-27,2.534494638442993,,,,,,
2012-03-28,2.4581873416900635,,,,,,
2012-03-29,2.4711389541625977,,,,,,
2012-03-30,2.475362777709961,,,,,,
2012-04-02,2.495635986328125,,,,,,
2012-04-03,2.4733917713165283,,,,,,
2012-04-04,2.396239757537842,,,,,,
2012-04-05,2.480430841445923,,,,,,
2012-04-09,2.405813217163086,,,,,,
2012-04-10,2.24503231048584,,,,,,
2012-04-11,2.3103575706481934,,,,,,
2012-04-12,2.3920164108276367,,,,,,
2012-04-13,2.3920164108276367,,,,,,
2012-04-16,2.395112991333008,,,,,,
2012-04-17,2.4942290782928467,,,,,,
2012-04-18,2.528581619262696,,,,,,
2012-04-19,2.4449524879455566,,,,,,
2012-04-20,2.502957582473755,,,,,,
2012-04-23,2.361886501312256,,,,,,
2012-04-24,2.286141157150269,,,,,,
2012-04-25,2.376528263092041,,,,,,
2012-04-26,2.470858097076416,,,,,,
2012-04-27,2.64768934249878,,,,,,
2012-04-30,2.6012284755706787,,,,,,
2012-05-01,2.6313579082489014,,,,,,
2012-05-02,2.6848576068878174,,,,,,
2012-05-03,2.610520839691162,,,,,,
2012-05-04,2.5156285762786865,,,,,,
2012-05-07,2.5057740211486816,,,,,,
2012-05-08,2.427212715148926,,,,,,
2012-05-09,2.411163091659546,,,,,,
2012-05-10,2.442700386047364,,,,,,
2012-05-11,2.4742367267608643,,,,,,
2012-05-14,2.3686444759368896,,,,,,
2012-05-15,2.382723569869995,,,,,,
2012-05-16,2.3692076206207275,,,,,,
2012-05-17,2.1954734325408936,,,,,,
2012-05-18,2.171820878982544,,,,,,
2012-05-21,2.2289819717407227,,,,,,
2012-05-22,2.2765684127807617,,,,,,
2012-05-23,2.3258447647094727,,,,,,
2012-05-24,2.3548479080200195,,,,,,
2012-05-25,2.4122893810272217,,,,,,
2012-05-29,2.480713367462158,,,,,,
2012-05-30,2.3858203887939453,,,,,,
2012-05-31,2.4117259979248047,,,,,,
2012-06-01,2.2399630546569824,,,,,,
2012-06-04,2.2655866146087646,,,,,,
2012-06-05,2.2458760738372803,,,,,,
2012-06-06,2.403559684753418,,,,,,
2012-06-07,2.4345345497131348,,,,,,
2012-06-08,2.5325236320495605,,,,,,
2012-06-11,2.4139790534973145,,,,,,
2012-06-12,2.4829657077789307,,,,,,
2012-06-13,2.3652656078338623,,,,,,
2012-06-14,2.5018317699432373,,,,,,
2012-06-15,2.520415782928467,,,,,,
2012-06-18,2.6046078205108643,,,,,,
2012-06-19,2.6406497955322266,,,,,,
2012-06-20,2.612492084503174,,,,,,
2012-06-21,2.4418556690216064,,,,,,
2012-06-22,2.468323469161988,,,,,,
2012-06-25,2.40271520614624,,,,,,
2012-06-26,2.457061529159546,,,,,,
2012-06-27,2.422425985336304,,,,,,
2012-06-28,2.329223394393921,,,,,,
2012-06-29,2.562370777130127,,,,,,
2012-07-02,2.5772950649261475,,,,,,
2012-07-03,2.574760913848877,,,,,,
2012-07-05,2.597288131713867,,,,,,
2012-07-06,2.616997718811035,,,,,,
2012-07-09,2.615870952606201,,,,,,
2012-07-10,2.610520839691162,,,,,,
2012-07-11,2.5342135429382324,,,,,,
2012-07-12,2.487189292907715,,,,,,
2012-07-13,2.656418800354004,,,,,,
2012-07-16,2.6429030895233154,,,,,,
2012-07-17,2.613618850708008,,,,,,
2012-07-18,2.640930891036988,,,,,,
2012-07-19,2.6910533905029297,,,,,,
2012-07-20,2.651350975036621,,,,,,
2012-07-23,2.5060555934906006,,,,,,
2012-07-24,2.551108121871948,,,,,,
2012-07-25,2.5435051918029785,,,,,,
2012-07-26,2.634173393249512,,,,,,
2012-07-27,2.827336549758911,,,,,,
2012-07-30,2.822268486022949,,,,,,
2012-07-31,2.736950159072876,,,,,,
2012-08-01,2.6750035285949707,,,,,,
2012-08-02,2.617842197418213,,,,,,
2012-08-03,2.7724289894104004,,,,,,
2012-08-06,2.7927026748657227,,,,,,
2012-08-07,2.845921277999878,,,,,,
2012-08-08,2.85267972946167,,,,,,
2012-08-09,2.834095001220703,,,,,,
2012-08-10,2.796645402908325,,,,,,
2012-08-13,2.79045033454895,,,,,,
2012-08-14,2.86084532737732,,,,,,
2012-08-15,2.905052900314331,,,,,,
2012-08-16,2.963621139526367,,,,,,
2012-08-17,2.9799532890319824,,,,,,
2012-08-20,2.9199774265289307,,,,,,
2012-08-21,2.9568629264831543,,,,,,
2012-08-22,2.9568629264831543,,,,,,
2012-08-23,2.924482107162476,,,,,,
2012-08-24,3.009519338607788,,,,,,
2012-08-27,2.996284246444702,,,,,,
2012-08-28,3.032608985900879,,,,,,
2012-08-29,3.0883610248565674,,,,,,
2012-08-30,3.059359312057495,,,,,,
2012-08-31,3.080195665359497,,,,,,
2012-09-04,3.1125779151916504,,,,,,
2012-09-05,3.072029590606689,,,,,,
2012-09-06,3.2311208248138428,,,,,,
2012-09-07,3.214227199554444,,,,,,
2012-09-10,3.25927996635437,,,,,,
2012-09-11,3.182971239089966,,,,,,
2012-09-12,3.190574884414673,,,,,,
2012-09-13,3.3316457271575928,,,,,,
2012-09-14,3.322634696960449,,,,,,
2012-09-17,3.2736401557922363,,,,,,
2012-09-18,3.223237991333008,,,,,,
2012-09-19,3.351074695587158,,,,,,
2012-09-20,3.306021451950073,,,,,,
2012-09-21,3.328830003738404,,,,,,
2012-09-24,3.2390060424804688,,,,,,
2012-09-25,3.150590181350708,,,,,,
2012-09-26,3.1477739810943604,,,,,,
2012-09-27,3.2024002075195312,,,,,,
2012-09-28,3.170300245285034,,,,,,
2012-10-01,3.2088778018951416,,,,,,
2012-10-02,3.123839855194092,,,,,,
2012-10-03,3.237598419189453,,,,,,
2012-10-04,3.331082344055176,,,,,,
2012-10-05,3.3924663066864014,,,,,,
2012-10-08,3.374446392059326,,,,,,
2012-10-09,3.2395689487457275,,,,,,
2012-10-10,3.1863508224487305,,,,,,
2012-10-11,3.125529527664185,,,,,,
2012-10-12,3.096527576446533,,,,,,
2012-10-15,3.158756256103516,,,,,,
2012-10-16,3.233937263488769,,,,,,
2012-10-17,3.2609689235687256,,,,,,
2012-10-18,3.215635299682617,,,,,,
2012-10-19,3.122431516647339,,,,,,
2012-10-22,3.0461246967315674,,,,,,
2012-10-23,3.045560836791992,,,,,,
2012-10-24,2.987837791442871,,,,,,
2012-10-25,2.987837791442871,,,,,,
2012-10-26,2.992060661315918,,,,,,
2012-10-31,3.091458559036255,,,,,,
2012-11-01,3.10272216796875,,,,,,
2012-11-02,3.069213628768921,,,,,,
2012-11-05,3.111732482910156,,,,,,
2012-11-06,3.1697371006011963,,,,,,
2012-11-07,3.063863754272461,,,,,,
2012-11-08,2.900265693664551,,,,,,
2012-11-09,2.8822450637817383,,,,,,
2012-11-12,2.8822450637817383,,,,,,
2012-11-13,2.9326486587524414,,,,,,
2012-11-14,2.809034824371338,,,,,,
2012-11-15,2.787071228027344,,,,,,
2012-11-16,2.812695264816284,,,,,,
2012-11-19,2.995159149169922,,,,,,
2012-11-20,3.0219085216522217,,,,,,
2012-11-21,3.063300132751465,,,,,,
2012-11-23,3.167766094207764,,,,,,
2012-11-26,3.1387643814086914,,,,,,
2012-11-27,3.124403715133667,,,,,,
2012-11-28,3.266318798065185,,,,,,
2012-11-29,3.226897716522217,,,,,,
2012-11-30,3.30855679512024,,,,,,
2012-12-03,3.259561538696289,,,,,,
2012-12-04,3.1801562309265137,,,,,,
2012-12-05,3.220139980316162,,,,,,
2012-12-06,3.220139980316162,,,,,,
2012-12-07,3.2252089977264404,,,,,,
2012-12-10,3.1387643814086914,,,,,,
2012-12-11,3.069213628768921,,,,,,
2012-12-12,3.066502332687378,,,,,,
2012-12-13,3.0906405448913574,,,,,,
2012-12-14,2.968457221984864,,,,,,
2012-12-17,3.073951482772827,,,,,,
2012-12-18,3.1967310905456543,,,,,,
2012-12-19,3.1067326068878174,,,,,,
2012-12-20,3.081402540206909,,,,,,
2012-12-21,3.003324508666992,,,,,,
2012-12-24,3.0116686820983887,,,,,,
2012-12-26,2.8724989891052246,,,,,,
2012-12-27,2.8608767986297607,,,,,,
2012-12-28,2.813493490219116,,,,,,
2012-12-31,2.958028078079224,,,,,,
2013-01-02,3.075739860534668,,,,,,
2013-01-03,3.105242967605591,,,,,,
2013-01-04,3.150242567062378,,,,,,
2013-01-07,3.14428186416626,,,,,,
2013-01-08,3.090937852859497,,,,,,
2013-01-09,3.1091177463531494,,,,,,
2013-01-10,3.035508632659912,,,,,,
2013-01-11,3.132957696914673,,,,,,
2013-01-14,3.145474433898926,,,,,,
2013-01-15,3.2220618724823,,,,,,
2013-01-16,3.24113392829895,,,,,,
2013-01-17,3.300736665725708,,,,,,
2013-01-18,3.298650026321411,,,,,,
2013-01-22,3.350802183151245,,,,,,
2013-01-23,3.367192268371582,,,,,,
2013-01-24,3.528414011001587,,,,,,
2013-01-25,3.617517471313477,,,,,,
2013-01-28,3.5760953426361084,,,,,,
2013-01-29,3.522751569747925,,,,,,
2013-01-30,3.550467014312744,,,,,,
2013-01-31,3.503976821899414,,,,,,
2013-02-01,3.540334224700928,,,,,,
2013-02-04,3.4312636852264404,,,,,,
2013-02-05,3.557024002075196,,,,,,
2013-02-06,3.557024002075196,,,,,,
2013-02-07,3.4750709533691406,,,,,,
2013-02-08,3.5862271785736084,,,,,,
2013-02-11,3.572519540786743,,,,,,
2013-02-12,3.572519540786743,,,,,,
2013-02-13,3.61185622215271,,,,,,
2013-02-14,3.628246307373047,,,,,,
2013-02-15,3.52483868598938,,,,,,
2013-02-19,3.589803695678711,,,,,,
2013-02-20,3.5743072032928467,,,,,,
2013-02-21,3.4658327102661133,,,,,,
2013-02-22,3.4413957595825195,,,,,,
2013-02-25,3.3525893688201904,,,,,,
2013-02-26,3.3916287422180176,,,,,,
2013-02-27,3.5847384929656982,,,,,,
2013-02-28,3.604406595230103,,,,,,
2013-03-01,3.6032137870788574,,,,,,
2013-03-04,3.737019062042236,,,,,,
2013-03-05,3.875593662261963,,,,,,
2013-03-06,3.824932098388672,,,,,,
2013-03-07,3.790661573410034,,,,,,
2013-03-08,3.878872871398926,,,,,,
2013-03-11,3.876487493515015,,,,,,
2013-03-12,3.8860228061676025,,,,,,
2013-03-13,3.936983346939087,,,,,,
2013-03-14,3.8860228061676025,,,,,,
2013-03-15,3.7510268688201904,,,,,,
2013-03-18,3.7757606506347656,,,,,,
2013-03-19,3.589803695678711,,,,,,
2013-03-20,3.786488771438599,,,,,,
2013-03-21,3.7259938716888414,,,,,,
2013-03-22,3.814502239227295,,,,,,
2013-03-25,3.887812376022339,,,,,,
2013-03-26,3.9080770015716553,,,,,,
2013-03-27,3.934003591537476,,,,,,
2013-03-28,3.958739042282105,,,,,,
2013-04-01,3.918506860733032,,,,,,
2013-04-02,4.005228042602539,,,,,,
2013-04-03,3.911355018615722,,,,,,
2013-04-04,3.98466420173645,,,,,,
2013-04-05,3.906883478164673,,,,,,
2013-04-08,4.0901594161987305,,,,,,
2013-04-09,4.091054439544678,,,,,,
2013-04-10,4.157209873199463,,,,,,
2013-04-11,4.268964767456055,,,,,,
2013-04-12,4.368201732635498,,,,,,
2013-04-15,4.189396381378174,,,,,,
2013-04-16,4.237673759460449,,,,,,
2013-04-17,4.128601551055908,,,,,,
2013-04-18,4.001651287078857,,,,,,
2013-04-19,4.138436794281006,,,,,,
2013-04-22,4.145589351654053,,,,,,
2013-04-23,4.272539615631104,,,,,,
2013-04-24,4.300255298614502,,,,,,
2013-04-25,4.420948028564453,,,,,,
2013-04-26,4.345849990844727,,,,,,
2013-04-29,4.30919361114502,,,,,,
2013-04-30,4.344060897827148,,,,,,
2013-05-01,4.232308387756348,,,,,,
2013-05-02,4.332440376281738,,,,,,
2013-05-03,4.506774425506592,,,,,,
2013-05-06,4.538958549499512,,,,,,
2013-05-07,4.622997760772705,,,,,,
2013-05-08,4.656075954437256,,,,,,
2013-05-09,4.649818420410156,,,,,,
2013-05-10,4.785710334777832,,,,,,
2013-05-13,4.808954238891602,,,,,,
2013-05-14,4.969878196716309,,,,,,
2013-05-15,5.006534099578857,,,,,,
2013-05-16,4.881370067596436,,,,,,
2013-05-17,4.979712963104248,,,,,,
2013-05-20,4.905509948730469,,,,,,
2013-05-21,5.038718223571777,,,,,,
2013-05-22,4.890311241149902,,,,,,
2013-05-23,4.866172790527344,,,,,,
2013-05-24,4.862595081329346,,,,,,
2013-05-28,4.952891826629639,,,,,,
2013-05-29,4.831305503845215,,,,,,
2013-05-30,4.825941562652588,,,,,,
2013-05-31,4.725811004638672,,,,,,
2013-06-03,4.767829418182373,,,,,,
2013-06-04,4.690048694610596,,,,,,
2013-06-05,4.547900199890137,,,,,,
2013-06-06,4.642666339874268,,,,,,
2013-06-07,4.8348822593688965,,,,,,
2013-06-10,4.827728271484375,,,,,,
2013-06-11,4.757995128631592,,,,,,
2013-06-12,4.597964763641357,,,,,,
2013-06-13,4.783923149108887,,,,,,
2013-06-14,4.746372699737549,,,,,,
2013-06-17,4.784816741943359,,,,,,
2013-06-18,4.94127082824707,,,,,,
2013-06-19,4.769618034362793,,,,,,
2013-06-20,4.42988920211792,,,,,,
2013-06-21,4.476378440856934,,,,,,
2013-06-24,4.375353813171387,,,,,,
2013-06-25,4.503198623657227,,,,,,
2013-06-26,4.631938457489014,,,,,,
2013-06-27,4.715976715087891,,,,,,
2013-06-28,4.7356438636779785,,,,,,
2013-07-01,4.828622817993164,,,,,,
2013-07-02,4.895675659179688,,,,,,
2013-07-03,4.909084796905518,,,,,,
2013-07-05,4.979712963104248,,,,,,
2013-07-08,5.247025966644287,,,,,,
2013-07-09,5.3167595863342285,,,,,,
2013-07-10,5.353414535522461,,,,,,
2013-07-11,5.537582874298096,,,,,,
2013-07-12,5.602848052978516,,,,,,
2013-07-15,5.563509941101074,,,,,,
2013-07-16,5.50808048248291,,,,,,
2013-07-17,5.542947769165039,,,,,,
2013-07-18,5.567978858947754,,,,,,
2013-07-19,5.551888465881348,,,,,,
2013-07-22,5.609999179840088,,,,,,
2013-07-23,5.58139181137085,,,,,,
2013-07-24,5.453546047210693,,,,,,
2013-07-25,5.5018229484558105,,,,,,
2013-07-26,5.549206256866455,,,,,,
2013-07-29,5.506293296813965,,,,,,
2013-07-30,5.485730648040772,,,,,,
2013-07-31,5.578709602355957,,,,,,
2013-08-01,5.713705539703369,,,,,,
2013-08-02,5.806685447692871,,,,,,
2013-08-05,5.818307876586914,,,,,,
2013-08-06,5.611787796020508,,,,,,
2013-08-07,5.475896835327148,,,,,,
2013-08-08,5.550100803375244,,,,,,
2013-08-09,5.508974552154541,,,,,,
2013-08-12,5.525961399078369,,,,,,
2013-08-13,5.539372444152832,,,,,,
2013-08-14,5.334640502929688,,,,,,
2013-08-15,4.988653659820557,,,,,,
2013-08-16,4.918920040130615,,,,,,
2013-08-19,4.892992973327637,,,,,,
2013-08-20,5.050342082977295,,,,,,
2013-08-21,5.0110039710998535,,,,,,
2013-08-22,5.00563907623291,,,,,,
2013-08-23,4.988653659820557,,,,,,
2013-08-26,5.044082164764404,,,,,,
2013-08-27,4.776770114898682,,,,,,
2013-08-28,4.873325347900391,,,,,,
2013-08-29,4.903721809387207,,,,,,
2013-08-30,4.784816741943359,,,,,,
2013-09-03,4.8170013427734375,,,,,,
2013-09-04,4.9680891036987305,,,,,,
2013-09-05,4.995806217193604,,,,,,
2013-09-06,4.988653659820557,,,,,,
2013-09-09,5.139742374420166,,,,,,
2013-09-10,5.196961879730225,,,,,,
2013-09-11,5.291727066040039,,,,,,
2013-09-12,5.24791955947876,,,,,,
2013-09-13,5.255072116851807,,,,,,
2013-09-16,5.323912143707275,,,,,,
2013-09-17,5.5250678062438965,,,,,,
2013-09-18,5.742315769195557,,,,,,
2013-09-19,5.763771057128906,,,,,,
2013-09-20,5.630563259124756,,,,,,
2013-09-23,5.525961399078369,,,,,,
2013-09-24,5.565298080444336,,,,,,
2013-09-25,5.456228256225586,,,,,,
2013-09-26,5.532219886779785,,,,,,
2013-09-27,5.517021179199219,,,,,,
2013-09-30,5.449075222015381,,,,,,
2013-10-01,5.5313262939453125,,,,,,
2013-10-02,5.637714862823486,,,,,,
2013-10-03,5.483048439025879,,,,,,
2013-10-04,5.532219886779785,,,,,,
2013-10-07,5.310502052307129,,,,,,
2013-10-08,5.088784217834473,,,,,,
2013-10-09,5.078948974609375,,,,,,
2013-10-10,5.325699806213379,,,,,,
2013-10-11,5.412420272827148,,,,,,
2013-10-14,5.475002765655518,,,,,,
2013-10-15,5.372189521789551,,,,,,
2013-10-16,5.528644561767578,,,,,,
2013-10-17,5.694931507110596,,,,,,
2013-10-18,5.757513523101807,,,,,,
2013-10-21,5.744103908538818,,,,,,
2013-10-22,5.92469596862793,,,,,,
2013-10-23,5.867478847503662,,,,,,
2013-10-24,6.020358085632324,,,,,,
2013-10-25,6.191114902496338,,,,,,
2013-10-28,6.17412805557251,,,,,,
2013-10-29,6.388696670532227,,,,,,
2013-10-30,6.417304039001465,,,,,,
2013-10-31,6.420878887176514,,,,,,
2013-11-01,6.339524745941162,,,,,,
2013-11-04,6.405680179595947,,,,,,
2013-11-05,6.471838474273682,,,,,,
2013-11-06,6.402998924255371,,,,,,
2013-11-07,6.084726810455322,,,,,,
2013-11-08,6.223300457000732,,,,,,
2013-11-11,6.487931251525879,,,,,,
2013-11-12,6.410151481628418,,,,,,
2013-11-13,6.70160436630249,,,,,,
2013-11-14,6.955504894256592,,,,,,
2013-11-15,7.030603408813477,,,,,,
2013-11-18,6.856268405914307,,,,,,
2013-11-19,6.813354969024658,,,,,,
2013-11-20,6.655113697052002,,,,,,
2013-11-21,6.807097434997559,,,,,,
2013-11-22,6.831236362457275,,,,,,
2013-11-25,6.901864051818848,,,,,,
2013-11-26,7.009147644042969,,,,,,
2013-11-27,7.106595993041992,,,,,,
2013-11-29,7.153085231781006,,,,,,
2013-12-02,7.009147644042969,,,,,,
2013-12-03,6.865209102630615,,,,,,
2013-12-04,6.764184474945068,,,,,,
2013-12-05,6.676570415496826,,,,,,
2013-12-06,6.786535739898682,,,,,,
2013-12-09,6.744515895843506,,,,,,
2013-12-10,6.73199987411499,,,,,,
2013-12-11,6.615777015686035,,,,,,
2013-12-12,6.54514741897583,,,,,,
2013-12-13,6.597896099090576,,,,,,
2013-12-16,6.620246887207031,,,,,,
2013-12-17,6.585378646850586,,,,,,
2013-12-18,6.864315509796143,,,,,,
2013-12-19,6.818719863891602,,,,,,
2013-12-20,6.860738754272461,,,,,,
2013-12-23,6.9635515213012695,,,,,,
2013-12-24,6.946565628051758,,,,,,
2013-12-26,7.115537166595459,,,,,,
2013-12-27,6.993054389953613,,,,,,
2013-12-30,7.02077054977417,,,,,,
2013-12-31,7.028815269470215,,,,,,
2014-01-02,7.074411869049072,,,,,,
2014-01-03,7.054742813110352,,,,,,
2014-01-06,6.877726078033447,,,,,,
2014-01-07,6.917956352233887,,,,,,
2014-01-08,6.900970458984375,,,,,,
2014-01-09,6.906332969665527,,,,,,
2014-01-10,6.918850421905518,,,,,,
2014-01-13,6.540678977966309,,,,,,
2014-01-14,6.646172523498535,,,,,,
2014-01-15,6.5818047523498535,,,,,,
2014-01-16,6.365449905395508,,,,,,
2014-01-17,6.29035234451294,,,,,,
2014-01-21,6.231345653533936,,,,,,
2014-01-22,6.186645984649658,,,,,,
2014-01-23,6.140155792236328,,,,,,
2014-01-24,5.88178300857544,,,,,,
2014-01-27,5.814730644226074,,,,,,
2014-01-28,5.931848526000977,,,,,,
2014-01-29,5.638607501983643,,,,,,
2014-01-30,5.900557518005371,,,,,,
2014-01-31,5.4893059730529785,,,,,,
2014-02-03,5.039612770080566,,,,,,
2014-02-04,5.086102485656738,,,,,,
2014-02-05,5.183549880981445,,,,,,
2014-02-06,5.497354030609131,,,,,,
2014-02-07,5.629668712615967,,,,,,
2014-02-10,5.637714862823486,,,,,,
2014-02-11,5.811155796051025,,,,,,
2014-02-12,5.698508262634277,,,,,,
2014-02-13,5.822779655456543,,,,,,
2014-02-14,5.874630928039551,,,,,,
2014-02-18,5.828141212463379,,,,,,
2014-02-19,5.706555366516113,,,,,,
2014-02-20,5.717281341552734,,,,,,
2014-02-21,5.674369812011719,,,,,,
2014-02-24,5.811155796051025,,,,,,
2014-02-25,6.011414527893066,,,,,,
2014-02-26,6.3341593742370605,,,,,,
2014-02-27,6.332370758056641,,,,,,
2014-02-28,6.42534875869751,,,,,,
2014-03-03,6.268002033233643,,,,,,
2014-03-04,6.474521160125732,,,,,,
2014-03-05,6.473626613616943,,,,,,
2014-03-06,6.411940097808838,,,,,,
2014-03-07,6.426244258880615,,,,,,
2014-03-10,6.408364295959473,,,,,,
2014-03-11,6.405680179595947,,,,,,
2014-03-12,6.414621353149414,,,,,,
2014-03-13,6.223300457000732,,,,,,
2014-03-14,6.281412124633789,,,,,,
2014-03-17,6.374391078948975,,,,,,
2014-03-18,6.392270088195801,,,,,,
2014-03-19,6.276048183441162,,,,,,
2014-03-20,6.300186634063721,,,,,,
2014-03-21,6.419092178344727,,,,,,
2014-03-24,6.109760761260986,,,,,,
2014-03-25,6.036450386047363,,,,,,
2014-03-26,5.915757179260254,,,,,,
2014-03-27,5.802215099334717,,,,,,
2014-03-28,5.885358810424805,,,,,,
2014-03-31,5.9354248046875,,,,,,
2014-04-01,6.112441539764404,,,,,,
2014-04-02,6.213465213775635,,,,,,
2014-04-03,6.029297828674316,,,,,,
2014-04-04,5.895193576812744,,,,,,
2014-04-07,5.600165367126465,,,,,,
2014-04-08,5.757513523101807,,,,,,
2014-04-09,5.878206729888916,,,,,,
2014-04-10,5.465167045593262,,,,,,
2014-04-11,5.238981246948242,,,,,,
2014-04-14,5.297091960906982,,,,,,
2014-04-15,5.208583354949951,,,,,,
2014-04-16,5.464274883270264,,,,,,
2014-04-17,5.530431270599365,,,,,,
2014-04-21,5.6189398765563965,,,,,,
2014-04-22,5.8075785636901855,,,,,,
2014-04-23,5.658276557922363,,,,,,
2014-04-24,5.750362396240234,,,,,,
2014-04-25,5.466062068939209,,,,,,
2014-04-28,5.578709602355957,,,,,,
2014-04-29,5.565298080444336,,,,,,
2014-04-30,5.5313262939453125,,,,,,
2014-05-01,5.608211040496826,,,,,,
2014-05-02,5.687779903411865,,,,,,
2014-05-05,5.550100803375244,,,,,,
2014-05-06,5.241661071777344,,,,,,
2014-05-07,5.16656494140625,,,,,,
2014-05-08,5.2747416496276855,,,,,,
2014-05-09,5.34179162979126,,,,,,
2014-05-12,5.621622562408447,,,,,,
2014-05-13,5.544735431671143,,,,,,
2014-05-14,5.37844705581665,,,,,,
2014-05-15,5.205901145935059,,,,,,
2014-05-16,5.3641438484191895,,,,,,
2014-05-19,5.387387752532959,,,,,,
2014-05-20,5.181761264801025,,,,,,
2014-05-21,5.176397800445557,,,,,,
2014-05-22,5.317654609680176,,,,,,
2014-05-23,5.402586460113525,,,,,,
2014-05-27,5.440135955810547,,,,,,
2014-05-28,5.385601043701172,,,,,,
2014-05-29,5.385601043701172,,,,,,
2014-05-30,5.503611564636231,,,,,,
2014-06-02,5.5313262939453125,,,,,,
2014-06-03,5.516127109527588,,,,,,
2014-06-04,5.623410224914551,,,,,,
2014-06-05,5.78880500793457,,,,,,
2014-06-06,5.921121120452881,,,,,,
2014-06-09,5.9032392501831055,,,,,,
2014-06-10,5.879101753234863,,,,,,
2014-06-11,5.825460910797119,,,,,,
2014-06-12,5.578709602355957,,,,,,
2014-06-13,5.534902095794678,,,,,,
2014-06-16,5.641290187835693,,,,,,
2014-06-17,5.7190704345703125,,,,,,
2014-06-18,5.811155796051025,,,,,,
2014-06-19,5.795955657958984,,,,,,
2014-06-20,5.705661296844482,,,,,,
2014-06-23,5.782546043395996,,,,,,
2014-06-24,5.82903528213501,,,,,,
2014-06-25,5.775393486022949,,,,,,
2014-06-26,5.679734230041504,,,,,,
2014-06-27,5.726223468780518,,,,,,
2014-06-30,5.789697647094727,,,,,,
2014-07-01,5.962245941162109,,,,,,
2014-07-02,5.9586687088012695,,,,,,
2014-07-03,6.155354499816895,,,,,,
2014-07-07,6.0525407791137695,,,,,,
2014-07-08,5.922908306121826,,,,,,
2014-07-09,6.034660816192627,,,,,,
2014-07-10,5.85675048828125,,,,,,
2014-07-11,5.98996114730835,,,,,,
2014-07-14,6.030190467834473,,,,,,
2014-07-15,6.031084060668945,,,,,,
2014-07-16,6.015886306762695,,,,,,
2014-07-17,5.87373685836792,,,,,,
2014-07-18,6.038238048553467,,,,,,
2014-07-21,5.947046279907227,,,,,,
2014-07-22,5.994429588317871,,,,,,
2014-07-23,5.990853786468506,,,,,,
2014-07-24,6.131214618682861,,,,,,
2014-07-25,5.698508262634277,,,,,,
2014-07-28,5.71281099319458,,,,,,
2014-07-29,5.711023807525635,,,,,,
2014-07-30,5.800426483154297,,,,,,
2014-07-31,5.54563045501709,,,,,,
2014-08-01,5.462483882904053,,,,,,
2014-08-04,5.593013286590576,,,,,,
2014-08-05,5.508974552154541,,,,,,
2014-08-06,5.608211040496826,,,,,,
2014-08-07,5.587648868560791,,,,,,
2014-08-08,5.8647966384887695,,,,,,
2014-08-11,5.912179946899414,,,,,,
2014-08-12,5.878206729888916,,,,,,
2014-08-13,5.813838481903076,,,,,,
2014-08-14,5.981019973754883,,,,,,
2014-08-15,5.818307876586914,,,,,,
2014-08-18,6.1213812828063965,,,,,,
2014-08-19,6.471838474273682,,,,,,
2014-08-20,6.660478115081787,,,,,,
2014-08-21,6.676570415496826,,,,,,
2014-08-22,6.765974521636963,,,,,,
2014-08-25,6.81067419052124,,,,,,
2014-08-26,6.910804748535156,,,,,,
2014-08-27,6.918850421905518,,,,,,
2014-08-28,6.910804748535156,,,,,,
2014-08-29,6.89918327331543,,,,,,
2014-09-02,6.901864051818848,,,,,,
2014-09-03,6.883984088897705,,,,,,
2014-09-04,7.071728706359863,,,,,,
2014-09-05,7.162024974822998,,,,,,
2014-09-08,7.036862373352051,,,,,,
2014-09-09,6.794581890106201,,,,,,
2014-09-10,6.835707187652588,,,,,,
2014-09-11,6.807991981506348,,,,,,
2014-09-12,6.807097434997559,,,,,,
2014-09-15,6.70160436630249,,,,,,
2014-09-16,6.955504894256592,,,,,,
2014-09-17,6.910804748535156,,,,,,
2014-09-18,6.973386287689209,,,,,,
2014-09-19,7.094080448150635,,,,,,
2014-09-22,6.71054220199585,,,,,,
2014-09-23,6.639915943145752,,,,,,
2014-09-24,6.90454626083374,,,,,,
2014-09-25,6.669418811798096,,,,,,
2014-09-26,6.788322925567627,,,,,,
2014-09-29,6.640809059143066,,,,,,
2014-09-30,6.6792521476745605,,,,,,
2014-10-01,6.471838474273682,,,,,,
2014-10-02,6.571075916290283,,,,,,
2014-10-03,6.855374813079834,,,,,,
2014-10-06,6.803522109985352,,,,,,
2014-10-07,6.553195476531982,,,,,,
2014-10-08,6.839281558990479,,,,,,
2014-10-09,6.592531204223633,,,,,,
2014-10-10,6.480778694152832,,,,,,
2014-10-13,6.347569465637207,,,,,,
2014-10-14,6.258166313171387,,,,,,
2014-10-15,5.761984348297119,,,,,,
2014-10-16,5.811155796051025,,,,,,
2014-10-17,5.994429588317871,,,,,,
2014-10-20,6.265317440032959,,,,,,
2014-10-21,6.657795429229736,,,,,,
2014-10-22,6.645279884338379,,,,,,
2014-10-23,6.761503219604492,,,,,,
2014-10-24,6.59163761138916,,,,,,
2014-10-27,6.656009197235107,,,,,,
2014-10-28,6.705178737640381,,,,,,
2014-10-29,6.669418811798096,,,,,,
2014-10-30,6.862527370452881,,,,,,
2014-10-31,6.997527122497559,,,,,,
2014-11-03,7.010933876037598,,,,,,
2014-11-04,6.989477634429932,,,,,,
2014-11-05,6.983220100402832,,,,,,
2014-11-06,7.18973970413208,,,,,,
2014-11-07,7.290765285491943,,,,,,
2014-11-10,7.4472198486328125,,,,,,
2014-11-11,7.430233478546143,,,,,,
2014-11-12,7.642117500305176,,,,,,
2014-11-13,7.846848011016846,,,,,,
2014-11-14,7.951448440551758,,,,,,
2014-11-17,7.844166755676269,,,,,,
2014-11-18,7.818238258361816,,,,,,
2014-11-19,8.123098373413086,,,,,,
2014-11-20,8.326937675476074,,,,,,
2014-11-21,8.404717445373535,,,,,,
2014-11-24,8.540608406066895,,,,,,
2014-11-25,8.461039543151855,,,,,,
2014-11-26,8.4601469039917,,,,,,
2014-11-28,8.879447937011719,,,,,,
2014-12-01,8.500378608703613,,,,,,
2014-12-02,8.574584007263184,,,,,,
2014-12-03,8.556703567504883,,,,,,
2014-12-04,8.549551963806152,,,,,,
2014-12-05,8.462828636169434,,,,,,
2014-12-08,8.390412330627441,,,,,,
2014-12-09,8.464616775512695,,,,,,
2014-12-10,8.156179428100586,,,,,,
2014-12-11,8.477134704589844,,,,,,
2014-12-12,8.349288940429688,,,,,,
2014-12-15,8.483393669128418,,,,,,
2014-12-16,7.960388660430908,,,,,,
2014-12-17,8.42170524597168,,,,,,
2014-12-18,8.761434555053711,,,,,,
2014-12-19,8.765905380249023,,,,,,
2014-12-22,9.05556869506836,,,,,,
2014-12-23,9.203978538513184,,,,,,
2014-12-24,9.102949142456056,,,,,,
2014-12-26,9.21470546722412,,,,,,
2014-12-29,9.398871421813965,,,,,,
2014-12-30,9.364900588989258,,,,,,
2014-12-31,9.329139709472656,,,,,,
2015-01-02,9.136030197143556,,,,,,
2015-01-05,8.70958137512207,,,,,,
2015-01-06,8.637164115905762,,,,,,
2015-01-07,9.22453784942627,,,,,,
2015-01-08,9.610757827758787,,,,,,
2015-01-09,9.173578262329102,,,,,,
2015-01-12,9.0922212600708,,,,,,
2015-01-13,8.887491226196289,,,,,,
2015-01-14,8.604981422424316,,,,,,
2015-01-15,8.369853019714355,,,,,,
2015-01-16,8.582626342773438,,,,,,
2015-01-20,8.446739196777344,,,,,,
2015-01-21,8.730143547058105,,,,,,
2015-01-22,9.346124649047852,,,,,,
2015-01-23,9.500792503356934,,,,,,
2015-01-26,9.561582565307615,,,,,,
2015-01-27,9.43195343017578,,,,,,
2015-01-28,9.139605522155762,,,,,,
2015-01-29,9.447153091430664,,,,,,
2015-01-30,9.406027793884276,,,,,,
2015-02-02,9.632214546203612,,,,,,
2015-02-03,10.289318084716797,,,,,,
2015-02-04,10.40286350250244,,,,,,
2015-02-05,10.705934524536133,,,,,,
2015-02-06,10.621898651123049,,,,,,
2015-02-09,10.41805934906006,,,,,,
2015-02-10,10.770308494567873,,,,,,
2015-02-11,10.815006256103516,,,,,,
2015-02-12,10.942853927612305,,,,,,
2015-02-13,11.043875694274902,,,,,,
2015-02-17,10.950897216796877,,,,,,
2015-02-18,10.969672203063965,,,,,,
2015-02-19,10.78908348083496,,,,,,
2015-02-20,11.102883338928224,,,,,,
2015-02-23,11.09036350250244,,,,,,
2015-02-24,11.31923484802246,,,,,,
2015-02-25,11.432777404785156,,,,,,
2015-02-26,11.332647323608398,,,,,,
2015-02-27,11.333542823791504,,,,,,
2015-03-02,11.613370895385742,,,,,,
2015-03-03,11.463173866271973,,,,,,
2015-03-04,11.185135841369627,,,,,,
2015-03-05,11.452446937561035,,,,,,
2015-03-06,10.961627006530762,,,,,,
2015-03-09,11.15473747253418,,,,,,
2015-03-10,10.85970687866211,,,,,,
2015-03-11,10.657659530639648,,,,,,
2015-03-12,11.351420402526855,,,,,,
2015-03-13,11.169039726257324,,,,,,
2015-03-16,11.466750144958496,,,,,,
2015-03-17,11.398804664611816,,,,,,
2015-03-18,11.42562198638916,,,,,,
2015-03-19,11.464962005615234,,,,,,
2015-03-20,11.86280345916748,,,,,,
2015-03-23,11.804691314697266,,,,,,
2015-03-24,11.845816612243652,,,,,,
2015-03-25,11.26559352874756,,,,,,
2015-03-26,11.048345565795898,,,,,,
2015-03-27,11.19764804840088,,,,,,
2015-03-30,11.583868026733398,,,,,,
2015-03-31,11.524861335754396,,,,,,
2015-04-01,11.194074630737305,,,,,,
2015-04-02,11.470325469970703,,,,,,
2015-04-06,11.63482666015625,,,,,,
2015-04-07,11.398804664611816,,,,,,
2015-04-08,11.77698040008545,,,,,,
2015-04-09,11.645559310913086,,,,,,
2015-04-10,11.77071762084961,,,,,,
2015-04-13,11.57492733001709,,,,,,
2015-04-14,11.548998832702637,,,,,,
2015-04-15,11.360360145568848,,,,,,
2015-04-16,11.493572235107422,,,,,,
2015-04-17,10.89367961883545,,,,,,
2015-04-20,11.32459831237793,,,,,,
2015-04-21,11.395227432250977,,,,,,
2015-04-22,11.377346992492676,,,,,,
2015-04-23,11.585653305053713,,,,,,
2015-04-24,12.283888816833496,,,,,,
2015-04-27,11.801115036010742,,,,,,
2015-04-28,11.60890007019043,,,,,,
2015-04-29,11.108247756958008,,,,,,
2015-04-30,10.76047420501709,,,,,,
2015-05-01,11.26470184326172,,,,,,
2015-05-04,11.376456260681152,,,,,,
2015-05-05,11.053711891174316,,,,,,
2015-05-06,11.017056465148926,,,,,,
2015-05-07,11.370195388793944,,,,,,
2015-05-08,11.732275009155272,,,,,,
2015-05-11,11.653600692749023,,,,,,
2015-05-12,11.730485916137695,,,,,,
2015-05-13,11.310296058654783,,,,,,
2015-05-14,11.19943904876709,,,,,,
2015-05-15,11.532909393310549,,,,,,
2015-05-18,11.742108345031738,,,,,,
2015-05-19,11.407748222351074,,,,,,
2015-05-20,11.23251724243164,,,,,,
2015-05-21,11.432777404785156,,,,,,
2015-05-22,11.261126518249512,,,,,,
2015-05-26,11.014373779296877,,,,,,
2015-05-27,11.27900505065918,,,,,,
2015-05-28,11.2289400100708,,,,,,
2015-05-29,11.014373779296877,,,,,,
2015-06-01,11.032254219055176,,,,,,
2015-06-02,11.107352256774902,,,,,,
2015-06-03,11.48641872406006,,,,,,
2015-06-04,11.23251724243164,,,,,,
2015-06-05,11.028681755065918,,,,,,
2015-06-08,10.735440254211426,,,,,,
2015-06-09,10.781925201416016,,,,,,
2015-06-10,11.125232696533203,,,,,,
2015-06-11,11.128809928894045,,,,,,
2015-06-12,11.085895538330078,,,,,,
2015-06-15,10.871333122253418,,,,,,
2015-06-16,10.985763549804688,,,,,,
2015-06-17,11.168145179748535,,,,,,
2015-06-18,11.515027046203612,,,,,,
2015-06-19,11.51860237121582,,,,,,
2015-06-22,11.550786972045898,,,,,,
2015-06-23,11.726017951965332,,,,,,
2015-06-24,11.5686674118042,,,,,,
2015-06-25,11.436352729797363,,,,,,
2015-06-26,11.436352729797363,,,,,,
2015-06-29,10.84987449645996,,,,,,
2015-06-30,10.889211654663086,,,,,,
2015-07-01,11.178873062133787,,,,,,
2015-07-02,11.035829544067385,,,,,,
2015-07-06,11.093047142028809,,,,,,
2015-07-07,11.443507194519045,,,,,,
2015-07-08,11.00722312927246,,,,,,
2015-07-09,11.125232696533203,,,,,,
2015-07-10,11.536483764648438,,,,,,
2015-07-13,12.094354629516602,,,,,,
2015-07-14,12.212366104125977,,,,,,
2015-07-15,12.137269973754885,,,,,,
2015-07-16,12.695138931274414,,,,,,
2015-07-17,12.530634880065918,,,,,,
2015-07-20,12.516332626342772,,,,,,
2015-07-21,12.391169548034668,,,,,,
2015-07-22,12.573552131652832,,,,,,
2015-07-23,12.244552612304688,,,,,,
2015-07-24,12.555671691894531,,,,,,
2015-07-27,12.409052848815918,,,,,,
2015-07-28,12.52348804473877,,,,,,
2015-07-29,12.90970516204834,,,,,,
2015-07-30,13.016986846923828,,,,,,
2015-07-31,13.192215919494627,,,,,,
2015-08-03,12.99195671081543,,,,,,
2015-08-04,13.199368476867676,,,,,,
2015-08-05,13.649957656860352,,,,,,
2015-08-06,13.127847671508787,,,,,,
2015-08-07,12.863215446472168,,,,,,
2015-08-10,13.142151832580566,,,,,,
2015-08-11,13.195792198181152,,,,,,
2015-08-12,12.999105453491213,,,,,,
2015-08-13,13.328105926513672,,,,,,
2015-08-14,13.517641067504885,,,,,,
2015-08-17,13.589163780212402,,,,,,
2015-08-18,13.750089645385742,,,,,,
2015-08-19,13.639229774475098,,,,,,
2015-08-20,12.8882474899292,,,,,,
2015-08-21,11.51860237121582,,,,,,
2015-08-24,10.19187355041504,,,,,,
2015-08-25,10.420743942260742,,,,,,
2015-08-26,11.135957717895508,,,,,,
2015-08-27,11.826147079467772,,,,,,
2015-08-28,11.618736267089844,,,,,,
2015-08-31,11.611583709716797,,,,,,
2015-09-01,10.621004104614258,,,,,,
2015-09-02,11.211060523986816,,,,,,
2015-09-03,11.1931791305542,,,,,,
2015-09-04,10.867754936218262,,,,,,
2015-09-08,11.582971572875977,,,,,,
2015-09-09,11.286154747009276,,,,,,
2015-09-10,11.261126518249512,,,,,,
2015-09-11,11.48641872406006,,,,,,
2015-09-14,11.243245124816896,,,,,,
2015-09-15,11.500724792480469,,,,,,
2015-09-16,11.872638702392578,,,,,,
2015-09-17,11.929851531982422,,,,,,
2015-09-18,11.51860237121582,,,,,,
2015-09-21,11.711714744567873,,,,,,
2015-09-22,11.461384773254396,,,,,,
2015-09-23,11.48641872406006,,,,,,
2015-09-24,11.368406295776367,,,,,,
2015-09-25,11.464962005615234,,,,,,
2015-09-28,10.592392921447754,,,,,,
2015-09-29,10.34921932220459,,,,,,
2015-09-30,11.014373779296877,,,,,,
2015-10-01,11.29331111907959,,,,,,
2015-10-02,11.579395294189451,,,,,,
2015-10-05,12.144421577453612,,,,,,
2015-10-06,11.75105094909668,,,,,,
2015-10-07,11.879788398742676,,,,,,
2015-10-08,12.194486618041992,,,,,,
2015-10-09,12.2946195602417,,,,,,
2015-10-12,12.544943809509276,,,,,,
2015-10-13,12.22667121887207,,,,,,
2015-10-14,11.454237937927246,,,,,,
2015-10-15,11.700984954833984,,,,,,
2015-10-16,11.954886436462402,,,,,,
2015-10-19,12.058595657348633,,,,,,
2015-10-20,11.861908912658691,,,,,,
2015-10-21,11.801115036010742,,,,,,
2015-10-22,12.101508140563965,,,,,,
2015-10-23,12.20163631439209,,,,,,
2015-10-26,12.623617172241213,,,,,,
2015-10-27,12.466268539428713,,,,,,
2015-10-28,12.848909378051758,,,,,,
2015-10-29,13.020563125610352,,,,,,
2015-10-30,13.11711883544922,,,,,,
2015-11-02,13.22439956665039,,,,,,
2015-11-03,13.417510986328123,,,,,,
2015-11-04,13.546253204345703,,,,,,
2015-11-05,13.885978698730469,,,,,,
2015-11-06,13.78227424621582,,,,,,
2015-11-09,13.23155403137207,,,,,,
2015-11-10,13.564129829406738,,,,,,
2015-11-11,13.177911758422852,,,,,,
2015-11-12,12.791690826416016,,,,,,
2015-11-13,11.37555980682373,,,,,,
2015-11-16,11.958462715148926,,,,,,
2015-11-17,12.41977882385254,,,,,,
2015-11-18,12.974075317382812,,,,,,
2015-11-19,12.945464134216309,,,,,,
2015-11-20,13.560552597045898,,,,,,
2015-11-23,14.00756549835205,,,,,,
2015-11-24,14.025447845458984,,,,,,
2015-11-25,14.272196769714355,,,,,,
2015-11-27,14.26862335205078,,,,,,
2015-11-30,13.75723934173584,,,,,,
2015-12-01,14.039752960205078,,,,,,
2015-12-02,13.889555931091309,,,,,,
2015-12-03,13.560552597045898,,,,,,
2015-12-04,14.304381370544434,,,,,,
2015-12-07,14.082666397094728,,,,,,
2015-12-08,14.315113067626951,,,,,,
2015-12-09,13.660682678222656,,,,,,
2015-12-10,13.732206344604492,,,,,,
2015-12-11,12.90970516204834,,,,,,
2015-12-14,13.410357475280762,,,,,,
2015-12-15,13.31380558013916,,,,,,
2015-12-16,13.943194389343262,,,,,,
2015-12-17,13.353140830993652,,,,,,
2015-12-18,12.845335006713867,,,,,,
2015-12-21,12.938311576843262,,,,,,
2015-12-22,13.24586009979248,,,,,,
2015-12-23,13.496185302734377,,,,,,
2015-12-24,13.410357475280762,,,,,,
2015-12-28,13.506914138793944,,,,,,
2015-12-29,14.10769748687744,,,,,,
2015-12-30,13.911009788513184,,,,,,
2015-12-31,13.460426330566406,,,,,,
2016-01-04,12.705866813659668,,,,,,
2016-01-05,12.83460807800293,,,,,,
2016-01-06,12.612889289855955,,,,,,
2016-01-07,12.008529663085938,,,,,,
2016-01-08,11.371983528137209,,,,,,
2016-01-11,11.886940002441406,,,,,,
2016-01-12,12.137269973754885,,,,,,
2016-01-13,10.706829071044922,,,,,,
2016-01-14,10.749743461608888,,,,,,
2016-01-15,10.19187355041504,,,,,,
2016-01-19,10.41359043121338,,,,,,
2016-01-20,10.034523963928224,,,,,,
2016-01-21,10.36709976196289,,,,,,
2016-01-22,10.99291706085205,,,,,,
2016-01-25,10.79980754852295,,,,,,
2016-01-26,11.089470863342283,,,,,,
2016-01-27,10.656764030456545,,,,,,
2016-01-28,11.371983528137209,,,,,,
2016-01-29,11.368406295776367,,,,,,
2016-02-01,11.52933406829834,,,,,,
2016-02-02,10.975037574768066,,,,,,
2016-02-03,10.31346035003662,,,,,,
2016-02-04,10.020219802856444,,,,,,
2016-02-05,9.072553634643556,,,,,,
2016-02-08,8.621965408325195,,,,,,
2016-02-09,8.682759284973145,,,,,,
2016-02-10,8.772162437438965,,,,,,
2016-02-11,8.836531639099121,,,,,,
2016-02-12,9.194143295288086,,,,,,
2016-02-16,9.819958686828612,,,,,,
2016-02-17,10.317035675048828,,,,,,
2016-02-18,9.955850601196287,,,,,,
2016-02-19,10.088164329528809,,,,,,
2016-02-22,10.73186206817627,,,,,,
2016-02-23,10.724712371826172,,,,,,
2016-02-24,11.107352256774902,,,,,,
2016-02-25,11.429201126098633,,,,,,
2016-02-26,11.261126518249512,,,,,,
2016-02-29,10.978611946105955,,,,,,
2016-03-01,11.683104515075684,,,,,,
2016-03-02,11.73674488067627,,,,,,
2016-03-03,11.772507667541504,,,,,,
2016-03-04,11.83330249786377,,,,,,
2016-03-07,11.593700408935549,,,,,,
2016-03-08,11.65807056427002,,,,,,
2016-03-09,11.704562187194824,,,,,,
2016-03-10,11.84045124053955,,,,,,
2016-03-11,12.29103946685791,,,,,,
2016-03-14,12.444811820983888,,,,,,
2016-03-15,12.462691307067873,,,,,,
2016-03-16,12.54136562347412,,,,,,
2016-03-17,12.39474868774414,,,,,,
2016-03-18,12.398324012756348,,,,,,
2016-03-21,12.405473709106444,,,,,,
2016-03-22,12.39474868774414,,,,,,
2016-03-23,12.48057746887207,,,,,,
2016-03-24,12.59500789642334,,,,,,
2016-03-28,12.805997848510742,,,,,,
2016-03-29,13.26374053955078,,,,,,
2016-03-30,13.496185302734377,,,,,,
2016-03-31,13.356717109680176,,,,,,
2016-04-01,13.65353298187256,,,,,,
2016-04-04,13.360294342041016,,,,,,
2016-04-05,13.016986846923828,,,,,,
2016-04-06,13.3960542678833,,,,,,
2016-04-07,12.766660690307615,,,,,,
2016-04-08,12.64865016937256,,,,,,
2016-04-11,12.516332626342772,,,,,,
2016-04-12,12.920433044433594,,,,,,
2016-04-13,13.31737995147705,,,,,,
2016-04-14,13.37459659576416,,,,,,
2016-04-15,13.639229774475098,,,,,,
2016-04-18,13.957500457763672,,,,,,
2016-04-19,13.5355224609375,,,,,,
2016-04-20,13.589163780212402,,,,,,
2016-04-21,13.285195350646973,,,,,,
2016-04-22,13.177911758422852,,,,,,
2016-04-25,13.177911758422852,,,,,,
2016-04-26,13.256587982177734,,,,,,
2016-04-27,13.26374053955078,,,,,,
2016-04-28,12.713019371032717,,,,,,
2016-04-29,13.217249870300291,,,,,,
2016-05-02,13.921737670898438,,,,,,
2016-05-03,13.528368949890137,,,,,,
2016-05-04,13.582012176513672,,,,,,
2016-05-05,12.91685676574707,,,,,,
2016-05-06,13.320956230163574,,,,,,
2016-05-09,13.664260864257812,,,,,,
2016-05-10,14.082666397094728,,,,,,
2016-05-11,13.170757293701172,,,,,,
2016-05-12,13.260162353515623,,,,,,
2016-05-13,12.630769729614258,,,,,,
2016-05-16,13.092083930969238,,,,,,
2016-05-17,12.38759708404541,,,,,,
2016-05-18,12.112235069274902,,,,,,
2016-05-19,12.623617172241213,,,,,,
2016-05-20,12.848909378051758,,,,,,
2016-05-23,12.57712745666504,,,,,,
2016-05-24,13.07778549194336,,,,,,
2016-05-25,13.335259437561035,,,,,,
2016-05-26,13.753664016723633,,,,,,
2016-05-27,13.860944747924805,,,,,,
2016-05-31,13.96822738647461,,,,,,
2016-06-01,13.893131256103516,,,,,,
2016-06-02,14.200674057006836,,,,,,
2016-06-03,14.096967697143556,,,,,,
2016-06-06,13.893131256103516,,,,,,
2016-06-07,13.946772575378418,,,,,,
2016-06-08,13.98968505859375,,,,,,
2016-06-09,13.893131256103516,,,,,,
2016-06-10,13.524792671203612,,,,,,
2016-06-13,13.238702774047852,,,,,,
2016-06-14,13.120695114135742,,,,,,
2016-06-15,13.29234504699707,,,,,,
2016-06-16,13.4210844039917,,,,,,
2016-06-17,13.199368476867676,,,,,,
2016-06-20,13.48188018798828,,,,,,
2016-06-21,13.539097785949709,,,,,,
2016-06-22,13.410357475280762,,,,,,
2016-06-23,13.660682678222656,,,,,,
2016-06-24,13.16718292236328,,,,,,
2016-06-27,12.623617172241213,,,,,,
2016-06-28,13.23155403137207,,,,,,
2016-06-29,13.646382331848145,,,,,,
2016-06-30,13.821609497070312,,,,,,
2016-07-01,14.193523406982422,,,,,,
2016-07-05,14.104121208190918,,,,,,
2016-07-06,14.569013595581056,,,,,,
2016-07-07,14.526100158691406,,,,,,
2016-07-08,15.352181434631348,,,,,,
2016-07-11,15.681180953979492,,,,,,
2016-07-12,15.52025318145752,,,,,,
2016-07-13,15.25204849243164,,,,,,
2016-07-14,15.430853843688965,,,,,,
2016-07-15,15.187678337097168,,,,,,
2016-07-18,15.570320129394531,,,,,,
2016-07-19,15.33429718017578,,,,,,
2016-07-20,15.591774940490724,,,,,,
2016-07-21,15.33429718017578,,,,,,
2016-07-22,15.5274019241333,,,,,,
2016-07-25,15.67759895324707,,,,,,
2016-07-26,15.79919147491455,,,,,,
2016-07-27,15.570320129394531,,,,,,
2016-07-28,16.092432022094727,,,,,,
2016-07-29,16.310569763183594,,,,,,
2016-08-01,16.48222541809082,,,,,,
2016-08-02,15.806344032287598,,,,,,
2016-08-03,15.784887313842772,,,,,,
2016-08-04,15.845681190490724,,,,,,
2016-08-05,16.18183135986328,,,,,,
2016-08-08,16.0530948638916,,,,,,
2016-08-09,15.892166137695312,,,,,,
2016-08-10,15.974419593811035,,,,,,
2016-08-11,16.475072860717773,,,,,,
2016-08-12,16.532289505004883,,,,,,
2016-08-15,16.585935592651367,,,,,,
2016-08-16,16.18183135986328,,,,,,
2016-08-17,15.867135047912598,,,,,,
2016-08-18,15.885013580322266,,,,,,
2016-08-19,15.970848083496094,,,,,,
2016-08-22,15.867135047912598,,,,,,
2016-08-23,16.04236602783203,,,,,,
2016-08-24,15.856412887573242,,,,,,
2016-08-25,15.477343559265137,,,,,,
2016-08-26,15.416545867919922,,,,,,
2016-08-29,15.56674575805664,,,,,,
2016-08-30,15.216286659240724,,,,,,
2016-08-31,15.277081489562988,,,,,,
2016-09-01,15.209134101867676,,,,,,
2016-09-02,15.36290454864502,,,,,,
2016-09-06,15.49522590637207,,,,,,
2016-09-07,15.323566436767578,,,,,,
2016-09-08,14.905165672302246,,,,,,
2016-09-09,13.775118827819824,,,,,,
2016-09-12,14.32226276397705,,,,,,
2016-09-13,13.753664016723633,,,,,,
2016-09-14,13.717901229858398,,,,,,
2016-09-15,14.14703369140625,,,,,,
2016-09-16,14.193523406982422,,,,,,
2016-09-19,14.136308670043944,,,,,,
2016-09-20,14.182795524597168,,,,,,
2016-09-21,14.504645347595217,,,,,,
2016-09-22,14.822916984558104,,,,,,
2016-09-23,14.8121919631958,,,,,,
2016-09-26,14.340144157409668,,,,,,
2016-09-27,14.887287139892578,,,,,,
2016-09-28,14.872979164123535,,,,,,
2016-09-29,14.744240760803224,,,,,,
2016-09-30,15.216286659240724,,,,,,
2016-10-03,15.201983451843262,,,,,,
2016-10-04,15.026752471923828,,,,,,
2016-10-05,15.2127103805542,,,,,,
2016-10-06,15.30568790435791,,,,,,
2016-10-07,15.141188621520996,,,,,,
2016-10-10,14.98741340637207,,,,,,
2016-10-11,14.529678344726562,,,,,,
2016-10-12,14.71205711364746,,,,,,
2016-10-13,14.658414840698242,,,,,,
2016-10-14,14.551132202148438,,,,,,
2016-10-17,14.11842441558838,,,,,,
2016-10-18,14.526100158691406,,,,,,
2016-10-19,14.597620964050291,,,,,,
2016-10-20,14.554709434509276,,,,,,
2016-10-21,14.687024116516112,,,,,,
2016-10-24,15.176947593688965,,,,,,
2016-10-25,14.754969596862791,,,,,,
2016-10-26,14.68345069885254,,,,,,
2016-10-27,14.172066688537598,,,,,,
2016-10-28,13.66783618927002,,,,,,
2016-10-31,13.850217819213867,,,,,,
2016-11-01,13.338837623596191,,,,,,
2016-11-02,13.188641548156738,,,,,,
2016-11-03,12.95619297027588,,,,,,
2016-11-04,12.698716163635254,,,,,,
2016-11-07,13.585585594177246,,,,,,
2016-11-08,13.607044219970703,,,,,,
2016-11-09,13.828761100769045,,,,,,
2016-11-10,13.885978698730469,,,,,,
2016-11-11,14.014719009399414,,,,,,
2016-11-14,13.714326858520508,,,,,,
2016-11-15,13.89670753479004,,,,,,
2016-11-16,14.214980125427246,,,,,,
2016-11-17,14.69059944152832,,,,,,
2016-11-18,14.644110679626465,,,,,,
2016-11-21,15.091124534606934,,,,,,
2016-11-22,15.91362476348877,,,,,,
2016-11-23,15.902896881103516,,,,,,
2016-11-25,15.98514461517334,,,,,,
2016-11-28,15.498799324035645,,,,,,
2016-11-29,15.37721061706543,,,,,,
2016-11-30,15.008872985839844,,,,,,
2016-12-01,14.901591300964355,,,,,,
2016-12-02,14.876558303833008,,,,,,
2016-12-05,15.412973403930664,,,,,,
2016-12-06,15.806344032287598,,,,,,
2016-12-07,16.65387535095215,,,,,,
2016-12-08,17.45849609375,,,,,,
2016-12-09,17.15095329284668,,,,,,
2016-12-12,16.289113998413086,,,,,,
2016-12-13,16.35348892211914,,,,,,
2016-12-14,15.788464546203612,,,,,,
2016-12-15,15.83852767944336,,,,,,
2016-12-16,15.280656814575195,,,,,,
2016-12-19,15.37721061706543,,,,,,
2016-12-20,16.094343185424805,,,,,,
2016-12-21,15.66281509399414,,,,,,
2016-12-22,14.028153419494627,,,,,,
2016-12-23,13.84164810180664,,,,,,
2016-12-27,14.214656829833984,,,,,,
2016-12-28,13.713653564453123,,,,,,
2016-12-29,13.629541397094728,,,,,,
2016-12-30,13.355269432067873,,,,,,
2017-01-03,13.6039457321167,,,,,,
2017-01-04,14.371909141540527,,,,,,
2017-01-05,13.333327293395996,,,,,,
2017-01-06,13.018827438354492,,,,,,
2017-01-09,13.10659885406494,,,,,,
2017-01-10,13.629541397094728,,,,,,
2017-01-11,13.369897842407228,,,,,,
2017-01-12,13.23824691772461,,,,,,
2017-01-13,13.333327293395996,,,,,,
2017-01-17,13.585659980773926,,,,,,
2017-01-18,13.483263969421388,,,,,,
2017-01-19,12.788439750671388,,,,,,
2017-01-20,12.75186824798584,,,,,,
2017-01-23,12.492225646972656,,,,,,
2017-01-24,12.967631340026855,,,,,,
2017-01-25,13.124882698059082,,,,,,
2017-01-26,12.605589866638184,,,,,,
2017-01-27,12.097272872924805,,,,,,
2017-01-30,12.093613624572754,,,,,,
2017-01-31,12.543421745300291,,,,,,
2017-02-01,12.071673393249512,,,,,,
2017-02-02,12.122870445251465,,,,,,
2017-02-03,12.324000358581545,,,,,,
2017-02-06,11.994874954223633,,,,,,
2017-02-07,11.775457382202148,,,,,,
2017-02-08,12.287434577941896,,,,,,
2017-02-09,12.931062698364258,,,,,,
2017-02-10,13.165106773376465,,,,,,
2017-02-13,12.726271629333496,,,,,,
2017-02-14,13.044428825378418,,,,,,
2017-02-15,13.395496368408203,,,,,,
2017-02-16,12.62021541595459,,,,,,
2017-02-17,12.90911865234375,,,,,,
2017-02-21,13.38452434539795,,,,,,
2017-02-22,13.32235622406006,,,,,,
2017-02-23,12.353259086608888,,,,,,
2017-02-24,12.773811340332031,,,,,,
2017-02-27,13.13951015472412,,,,,,
2017-02-28,12.23257827758789,,,,,,
2017-03-01,12.188694953918455,,,,,,
2017-03-02,12.378857612609863,,,,,,
2017-03-03,11.914422035217283,,,,,,
2017-03-06,11.676716804504396,,,,,,
2017-03-07,11.263480186462402,,,,,,
2017-03-08,11.57432460784912,,,,,,
2017-03-09,11.237881660461426,,,,,,
2017-03-10,11.409759521484377,,,,,,
2017-03-13,11.215937614440918,,,,,,
2017-03-14,11.259824752807615,,,,,,
2017-03-15,11.537752151489258,,,,,,
2017-03-16,11.702319145202637,,,,,,
2017-03-17,11.866878509521484,,,,,,
2017-03-20,11.245196342468262,,,,,,
2017-03-21,10.59791088104248,,,,,,
2017-03-22,10.484546661376951,,,,,,
2017-03-23,10.733221054077148,,,,,,
2017-03-24,10.649107933044434,,,,,,
2017-03-27,10.66739559173584,,,,,,
2017-03-28,11.139144897460938,,,,,,
2017-03-29,11.72791862487793,,,,,,
2017-03-30,11.79739761352539,,,,,,
2017-03-31,11.57432460784912,,,,,,
2017-04-03,11.06234645843506,,,,,,
2017-04-04,10.71127700805664,,,,,,
2017-04-05,10.407748222351074,,,,,,
2017-04-06,11.02943515777588,,,,,,
2017-04-07,10.934354782104492,,,,,,
2017-04-10,11.395133018493652,,,,,,
2017-04-11,11.603578567504885,,,,,,
2017-04-12,11.523127555847168,,,,,,
2017-04-13,11.069657325744627,,,,,,
2017-04-17,11.175715446472168,,,,,,
2017-04-18,11.351248741149902,,,,,,
2017-04-19,11.592609405517578,,,,,,
2017-04-20,12.181382179260254,,,,,,
2017-04-21,11.983904838562012,,,,,,
2017-04-24,12.152124404907228,,,,,,
2017-04-25,12.196008682250977,,,,,,
2017-04-26,12.48491096496582,,,,,,
2017-04-27,12.41542625427246,,,,,,
2017-04-28,12.013160705566406,,,,,,
2017-05-01,11.972935676574709,,,,,,
2017-05-02,12.250863075256348,,,,,,
2017-05-03,12.06801414489746,,,,,,
2017-05-04,11.833971977233888,,,,,,
2017-05-05,12.287434577941896,,,,,,
2017-05-08,12.25818157196045,,,,,,
2017-05-09,12.62021541595459,,,,,,
2017-05-10,12.953003883361816,,,,,,
2017-05-11,11.940021514892578,,,,,,
2017-05-12,11.30736255645752,,,,,,
2017-05-15,11.248852729797363,,,,,,
2017-05-16,10.952638626098633,,,,,,
2017-05-17,10.356553077697754,,,,,,
2017-05-18,10.393122673034668,,,,,,
2017-05-19,10.32363986968994,,,,,,
2017-05-22,10.543057441711426,,,,,,
2017-05-23,10.05667781829834,,,,,,
2017-05-24,9.968911170959473,,,,,,
2017-05-25,10.254157066345217,,,,,,
2017-05-26,10.181018829345703,,,,,,
2017-05-30,10.188329696655272,,,,,,
2017-05-31,10.093249320983888,,,,,,
2017-06-01,10.685675621032717,,,,,,
2017-06-02,10.499173164367676,,,,,,
2017-06-05,10.462603569030762,,,,,,
2017-06-06,9.866514205932615,,,,,,
2017-06-07,9.92868709564209,,,,,,
2017-06-08,9.895771980285645,,,,,,
2017-06-09,10.217588424682615,,,,,,
2017-06-12,10.462603569030762,,,,,,
2017-06-13,10.374834060668944,,,,,,
2017-06-14,10.232213020324709,,,,,,
2017-06-15,9.97257137298584,,,,,,
2017-06-16,9.606873512268066,,,,,,
2017-06-19,9.705610275268556,,,,,,
2017-06-20,9.157062530517578,,,,,,
2017-06-21,8.805994033813477,,,,,,
2017-06-22,8.96324348449707,,,,,,
2017-06-23,9.18997573852539,,,,,,
2017-06-26,9.764120101928713,,,,,,
2017-06-27,9.804346084594728,,,,,,
2017-06-28,10.06033706665039,,,,,,
2017-06-29,9.987196922302246,,,,,,
2017-06-30,10.170045852661133,,,,,,
2017-07-03,10.385808944702148,,,,,,
2017-07-05,9.80800437927246,,,,,,
2017-07-06,9.200949668884276,,,,,,
2017-07-07,9.387453079223633,,,,,,
2017-07-10,8.765768051147461,,,,,,
2017-07-11,8.692628860473633,,,,,,
2017-07-12,8.827938079833984,,,,,,
2017-07-13,9.508134841918944,,,,,,
2017-07-14,9.467905044555664,,,,,,
2017-07-17,9.67635440826416,,,,,,
2017-07-18,9.570302963256836,,,,,,
2017-07-19,9.873831748962402,,,,,,
2017-07-20,9.943313598632812,,,,,,
2017-07-21,9.793375015258787,,,,,,
2017-07-24,9.317970275878906,,,,,,
2017-07-25,9.954282760620115,,,,,,
2017-07-26,10.05667781829834,,,,,,
2017-07-27,10.45894718170166,,,,,,
2017-07-28,10.389463424682615,,,,,,
2017-07-31,10.239529609680176,,,,,,
2017-08-01,10.42237949371338,,,,,,
2017-08-02,10.027424812316896,,,,,,
2017-08-03,9.97257137298584,,,,,,
2017-08-04,10.27609634399414,,,,,,
2017-08-07,10.385808944702148,,,,,,
2017-08-08,10.170045852661133,,,,,,
2017-08-09,9.8701753616333,,,,,,
2017-08-10,9.03272533416748,,,,,,
2017-08-11,9.215575218200684,,,,,,
2017-08-14,9.211920738220217,,,,,,
2017-08-15,8.465896606445312,,,,,,
2017-08-16,8.688971519470215,,,,,,
2017-08-17,8.253789901733398,,,,,,
2017-08-18,8.14773941040039,,,,,,
2017-08-21,8.001461029052734,,,,,,
2017-08-22,8.323272705078125,,,,,,
2017-08-23,8.268418312072754,,,,,,
2017-08-24,8.49149227142334,,,,,,
2017-08-25,8.923017501831055,,,,,,
2017-08-28,8.776739120483398,,,,,,
2017-08-29,8.546348571777344,,,,,,
2017-08-30,8.612174987792969,,,,,,
2017-08-31,8.732852935791016,,,,,,
2017-09-01,9.07660961151123,,,,,,
2017-09-05,9.040040969848633,,,,,,
2017-09-06,9.350884437561035,,,,,,
2017-09-07,9.570302963256836,,,,,,
2017-09-08,9.339909553527832,,,,,,
2017-09-11,9.555673599243164,,,,,,
2017-09-12,9.939655303955078,,,,,,
2017-09-13,10.294382095336914,,,,,,
2017-09-14,10.012797355651855,,,,,,
2017-09-15,10.265127182006836,,,,,,
2017-09-18,10.085935592651367,,,,,,
2017-09-19,9.811662673950195,,,,,,
2017-09-20,9.749492645263672,,,,,,
2017-09-21,9.639785766601562,,,,,,
2017-09-22,9.968911170959473,,,,,,
2017-09-25,10.23587417602539,,,,,,
2017-09-26,10.488202095031738,,,,,,
2017-09-27,10.81732940673828,,,,,,
2017-09-28,10.65642261505127,,,,,,
2017-09-29,10.696651458740234,,,,,,
2017-10-02,10.663736343383787,,,,,,
2017-10-03,10.751502990722656,,,,,,
2017-10-04,10.521116256713867,,,,,,
2017-10-05,10.769787788391112,,,,,,
2017-10-06,10.550371170043944,,,,,,
2017-10-09,9.987196922302246,,,,,,
2017-10-10,10.071308135986328,,,,,,
2017-10-11,9.658069610595703,,,,,,
2017-10-12,9.292370796203612,,,,,,
2017-10-13,9.350884437561035,,,,,,
2017-10-16,9.175349235534668,,,,,,
2017-10-17,9.343572616577148,,,,,,
2017-10-18,9.51179027557373,,,,,,
2017-10-19,9.416709899902344,,,,,,
2017-10-20,9.793375015258787,,,,,,
2017-10-23,9.866514205932615,,,,,,
2017-10-24,9.946969985961914,,,,,,
2017-10-25,9.74583339691162,,,,,,
2017-10-26,9.83725929260254,,,,,,
2017-10-27,9.383794784545898,,,,,,
2017-10-30,8.919363021850586,,,,,,
2017-10-31,8.959585189819336,,,,,,
2017-11-01,8.977869987487793,,,,,,
2017-11-02,9.296030044555664,,,,,,
2017-11-03,9.200949668884276,,,,,,
2017-11-06,9.219231605529783,,,,,,
2017-11-07,8.568290710449219,,,,,,
2017-11-08,8.615832328796387,,,,,,
2017-11-09,9.036384582519531,,,,,,
2017-11-10,9.358199119567873,,,,,,
2017-11-13,9.040040969848633,,,,,,
2017-11-14,9.087579727172852,,,,,,
2017-11-15,9.131464958190918,,,,,,
2017-11-16,9.661725997924805,,,,,,
2017-11-17,10.400433540344238,,,,,,
2017-11-20,10.729561805725098,,,,,,
2017-11-21,10.312667846679688,,,,,,
2017-11-22,10.411406517028809,,,,,,
2017-11-24,10.312667846679688,,,,,,
2017-11-27,10.33460807800293,,,,,,
2017-11-28,11.274450302124023,,,,,,
2017-11-29,12.115556716918944,,,,,,
2017-11-30,11.961960792541504,,,,,,
2017-12-01,11.74254322052002,,,,,,
2017-12-04,12.605589866638184,,,,,,
2017-12-05,12.250863075256348,,,,,,
2017-12-06,12.243552207946776,,,,,,
2017-12-07,12.492225646972656,,,,,,
2017-12-08,12.956661224365234,,,,,,
2017-12-11,12.857919692993164,,,,,,
2017-12-12,12.261832237243652,,,,,,
2017-12-13,12.64216136932373,,,,,,
2017-12-14,11.888821601867676,,,,,,
2017-12-15,12.466623306274414,,,,,,
2017-12-18,13.483263969421388,,,,,,
2017-12-19,13.20640754699707,,,,,,
2017-12-20,13.330754280090332,,,,,,
2017-12-21,13.414875030517578,,,,,,
2017-12-22,13.491674423217772,,,,,,
2017-12-26,14.032951354980469,,,,,,
2017-12-27,13.52093505859375,,,,,,
2017-12-28,13.48802089691162,,,,,,
2017-12-29,13.180808067321776,,,,,,
2018-01-02,13.912261962890623,,,,,,
2018-01-03,13.904947280883787,,,,,,
2018-01-04,13.626996040344238,,,,,,
2018-01-05,13.97443675994873,,,,,,
2018-01-08,14.179243087768556,,,,,,
2018-01-09,13.729399681091309,,,,,,
2018-01-10,13.967122077941896,,,,,,
2018-01-11,15.056991577148438,,,,,,
2018-01-12,15.609235763549805,,,,,,
2018-01-16,14.629088401794434,,,,,,
2018-01-17,15.009443283081056,,,,,,
2018-01-18,15.170365333557127,,,,,,
2018-01-19,16.033479690551758,,,,,,
2018-01-22,16.54183578491211,,,,,,
2018-01-23,16.552810668945312,,,,,,
2018-01-24,16.198057174682617,,,,,,
2018-01-25,16.01519012451172,,,,,,
2018-01-26,16.46504020690918,,,,,,
2018-01-29,16.402860641479492,,,,,,
2018-01-30,15.316654205322266,,,,,,
2018-01-31,14.892411231994627,,,,,,
2018-02-01,14.402335166931152,,,,,,
2018-02-02,13.246639251708984,,,,,,
2018-02-05,11.900762557983398,,,,,,
2018-02-06,12.97234344482422,,,,,,
2018-02-07,13.400243759155272,,,,,,
2018-02-08,12.182374000549316,,,,,,
2018-02-09,12.434724807739258,,,,,,
2018-02-12,12.42009449005127,,,,,,
2018-02-13,12.639533042907717,,,,,,
2018-02-14,13.349042892456056,,,,,,
2018-02-15,13.784256935119627,,,,,,
2018-02-16,13.77328395843506,,,,,,
2018-02-20,12.880913734436035,,,,,,
2018-02-21,12.93577003479004,,,,,,
2018-02-22,12.847996711730955,,,,,,
2018-02-23,13.429503440856934,,,,,,
2018-02-26,13.594078063964844,,,,,,
2018-02-27,12.75290584564209,,,,,,
2018-02-28,12.8735990524292,,,,,,
2018-03-01,12.474952697753906,,,,,,
2018-03-02,12.866280555725098,,,,,,
2018-03-05,13.085718154907228,,,,,,
2018-03-06,13.590421676635742,,,,,,
2018-03-07,13.060118675231934,,,,,,
2018-03-08,12.40180778503418,,,,,,
2018-03-09,12.921141624450684,,,,,,
2018-03-12,12.851654052734377,,,,,,
2018-03-13,12.73827838897705,,,,,,
2018-03-14,12.50055694580078,,,,,,
2018-03-15,12.270146369934082,,,,,,
2018-03-16,12.449353218078612,,,,,,
2018-03-19,12.18603229522705,,,,,,
2018-03-20,11.869915008544922,,,,,,
2018-03-21,11.899286270141602,,,,,,
2018-03-22,11.337550163269045,,,,,,
2018-03-23,10.99977207183838,,,,,,
2018-03-26,12.00208854675293,,,,,,
2018-03-27,11.315518379211426,,,,,,
2018-03-28,11.682669639587402,,,,,,
2018-03-29,11.994747161865234,,,,,,
2018-04-02,11.084217071533203,,,,,,
2018-04-03,11.477065086364746,,,,,,
2018-04-04,12.457353591918944,,,,,,
2018-04-05,12.696001052856444,,,,,,
2018-04-06,12.101218223571776,,,,,,
2018-04-09,11.825857162475586,,,,,,
2018-04-10,12.578510284423828,,,,,,
2018-04-11,12.464698791503906,,,,,,
2018-04-12,12.519765853881836,,,,,,
2018-04-13,12.02411651611328,,,,,,
2018-04-16,12.28846549987793,,,,,,
2018-04-17,12.567496299743652,,,,,,
2018-04-18,12.53445529937744,,,,,,
2018-04-19,12.08286190032959,,,,,,
2018-04-20,11.565180778503418,,,,,,
2018-04-23,11.80383014678955,,,,,,
2018-04-24,11.873587608337402,,,,,,
2018-04-25,12.075519561767578,,,,,,
2018-04-26,12.596866607666016,,,,,,
2018-04-27,12.989718437194824,,,,,,
2018-04-30,12.545467376708984,,,,,,
2018-05-01,12.43532657623291,,,,,,
2018-05-02,12.567496299743652,,,,,,
2018-05-03,12.178318977355955,,,,,,
2018-05-04,12.35822296142578,,,,,,
2018-05-07,12.19300651550293,,,,,,
2018-05-08,12.115903854370115,,,,,,
2018-05-09,12.4977388381958,,,,,,
2018-05-10,12.519765853881836,,,,,,
2018-05-11,12.765758514404297,,,,,,
2018-05-14,13.24672031402588,,,,,,
2018-05-15,13.316481590270996,,,,,,
2018-05-16,14.021405220031738,,,,,,
2018-05-17,14.039764404296877,,,,,,
2018-05-18,13.668943405151367,,,,,,
2018-05-21,13.804786682128906,,,,,,
2018-05-22,13.059475898742676,,,,,,
2018-05-23,13.400924682617188,,,,,,
2018-05-24,13.749715805053713,,,,,,
2018-05-25,13.705659866333008,,,,,,
2018-05-29,13.657930374145508,,,,,,
2018-05-30,14.182950973510742,,,,,,
2018-05-31,13.419281959533691,,,,,,
2018-06-01,13.628555297851562,,,,,,
2018-06-04,14.57947063446045,,,,,,
2018-06-05,15.346810340881348,,,,,,
2018-06-06,15.589130401611328,,,,,,
2018-06-07,15.897538185119627,,,,,,
2018-06-08,16.338115692138672,,,,,,
2018-06-11,16.87415313720703,,,,,,
2018-06-12,17.02468490600586,,,,,,
2018-06-13,16.411540985107422,,,,,,
2018-06-14,15.967287063598633,,,,,,
2018-06-15,16.19492530822754,,,,,,
2018-06-18,16.7750186920166,,,,,,
2018-06-19,16.967670440673828,,,,,,
2018-06-20,17.493432998657227,,,,,,
2018-06-21,17.555936813354492,,,,,,
2018-06-22,17.276517868041992,,,,,,
2018-06-25,16.537506103515625,,,,,,
2018-06-26,16.713993072509766,,,,,,
2018-06-27,15.974980354309082,,,,,,
2018-06-28,15.974980354309082,,,,,,
2018-06-29,15.445548057556152,,,,,,
2018-07-02,15.324219703674316,,,,,,
2018-07-03,15.62938117980957,,,,,,
2018-07-05,16.085285186767578,,,,,,
2018-07-06,16.541189193725586,,,,,,
2018-07-09,16.75811004638672,,,,,,
2018-07-10,16.441919326782227,,,,,,
2018-07-11,16.011751174926758,,,,,,
2018-07-12,15.780122756958008,,,,,,
2018-07-13,16.059547424316406,,,,,,
2018-07-16,16.140438079833984,,,,,,
2018-07-17,16.695602416992188,,,,,,
2018-07-18,16.857376098632812,,,,,,
2018-07-19,17.397842407226562,,,,,,
2018-07-20,16.783845901489258,,,,,,
2018-07-23,16.76178741455078,,,,,,
2018-07-24,15.98968505859375,,,,,,
2018-07-25,16.40147590637207,,,,,,
2018-07-26,16.816930770874023,,,,,,
2018-07-27,16.01910972595215,,,,,,
2018-07-30,16.195581436157227,,,,,,
2018-07-31,16.305883407592773,,,,,,
2018-08-01,15.721299171447754,,,,,,
2018-08-02,16.28382110595703,,,,,,
2018-08-03,16.60736656188965,,,,,,
2018-08-06,16.923555374145508,,,,,,
2018-08-07,17.327993392944336,,,,,,
2018-08-08,17.37578582763672,,,,,,
2018-08-09,17.60741424560547,,,,,,
2018-08-10,17.673593521118164,,,,,,
2018-08-13,17.379457473754883,,,,,,
2018-08-14,18.574369430541992,,,,,,
2018-08-15,17.147829055786133,,,,,,
2018-08-16,17.247100830078125,,,,,,
2018-08-17,17.77286148071289,,,,,,
2018-08-20,18.544952392578125,,,,,,
2018-08-21,18.9714412689209,,,,,,
2018-08-22,18.98614883422852,,,,,,
2018-08-23,19.089094161987305,,,,,,
2018-08-24,18.46406936645508,,,,,,
2018-08-27,18.0449275970459,,,,,,
2018-08-28,18.41995048522949,,,,,,
2018-08-29,18.28759002685547,,,,,,
2018-08-30,17.96036720275879,,,,,,
2018-08-31,18.57804298400879,,,,,,
2018-09-04,18.853790283203125,,,,,,
2018-09-05,18.30596923828125,,,,,,
2018-09-06,17.647859573364258,,,,,,
2018-09-07,17.798595428466797,,,,,,
2018-09-10,18.33905982971192,,,,,,
2018-09-11,18.69937515258789,,,,,,
2018-09-12,18.55965805053711,,,,,,
2018-09-13,18.114784240722656,,,,,,
2018-09-14,18.23611831665039,,,,,,
2018-09-17,17.640499114990234,,,,,,
2018-09-18,17.861099243164062,,,,,,
2018-09-19,17.88315773010254,,,,,,
2018-09-20,18.09640121459961,,,,,,
2018-09-21,17.9787540435791,,,,,,
2018-09-24,17.544904708862305,,,,,,
2018-09-25,17.464670181274414,,,,,,
2018-09-26,17.917388916015625,,,,,,
2018-09-27,17.751760482788086,,,,,,
2018-09-28,17.589815139770508,,,,,,
2018-10-01,17.192306518554688,,,,,,
2018-10-02,15.598584175109863,,,,,,
2018-10-03,15.668512344360352,,,,,,
2018-10-04,15.13481903076172,,,,,,
2018-10-05,14.825647354125977,,,,,,
2018-10-08,14.928705215454102,,,,,,
2018-10-09,14.85140895843506,,,,,,
2018-10-10,13.769298553466797,,,,,,
2018-10-11,13.36811065673828,,,,,,
2018-10-12,13.94597339630127,,,,,,
2018-10-15,14.089516639709473,,,,,,
2018-10-16,14.803563117980955,,,,,,
2018-10-17,14.214656829833984,,,,,,
2018-10-18,13.434362411499023,,,,,,
2018-10-19,12.874900817871094,,,,,,
2018-10-22,13.331303596496582,,,,,,
2018-10-23,13.42331886291504,,,,,,
2018-10-24,12.7239990234375,,,,,,
2018-10-25,13.427001953125,,,,,,
2018-10-26,12.801288604736328,,,,,,
2018-10-29,13.0037260055542,,,,,,
2018-10-30,14.192575454711914,,,,,,
2018-10-31,13.581586837768556,,,,,,
2018-11-01,14.266190528869627,,,,,,
2018-11-02,14.59008502960205,,,,,,
2018-11-05,14.770437240600586,,,,,,
2018-11-06,14.869812965393066,,,,,,
2018-11-07,15.285725593566896,,,,,,
2018-11-08,15.79365348815918,,,,,,
2018-11-09,14.821965217590332,,,,,,
2018-11-12,14.413412094116213,,,,,,
2018-11-13,14.347162246704102,,,,,,
2018-11-14,13.754578590393066,,,,,,
2018-11-15,13.438044548034668,,,,,,
2018-11-16,12.882264137268066,,,,,,
2018-11-19,12.09092617034912,,,,,,
2018-11-20,10.854228019714355,,,,,,
2018-11-21,11.42104721069336,,,,,,
2018-11-23,11.520426750183104,,,,,,
2018-11-26,12.19398593902588,,,,,,
2018-11-27,12.289681434631348,,,,,,
2018-11-28,12.937475204467772,,,,,,
2018-11-29,12.69087028503418,,,,,,
2018-11-30,12.701913833618164,,,,,,
2018-12-03,13.165675163269045,,,,,,
2018-12-04,11.715498924255373,,,,,,
2018-12-06,11.520426750183104,,,,,,
2018-12-07,10.202754020690918,,,,,,
2018-12-10,10.346298217773438,,,,,,
2018-12-11,10.199070930480955,,,,,,
2018-12-12,10.453038215637209,,,,,,
2018-12-13,9.599128723144531,,,,,,
2018-12-14,9.289952278137209,,,,,,
2018-12-17,8.634796142578125,,,,,,
2018-12-18,8.789384841918945,,,,,,
2018-12-19,8.406599044799805,,,,,,
2018-12-20,7.9281134605407715,,,,,,
2018-12-21,7.203025341033936,,,,,,
2018-12-24,7.14781665802002,,,,,,
2018-12-26,8.395556449890137,,,,,,
2018-12-27,8.237441062927246,,,,,,
2018-12-28,8.425409317016602,,,,,,
2018-12-31,8.539666175842285,,,,,,
2019-01-02,8.937713623046875,,,,,,
2019-01-03,8.565464973449707,,,,,,
2019-01-04,9.302595138549805,,,,,,
2019-01-07,10.205583572387695,,,,,,
2019-01-08,10.493063926696776,,,,,,
2019-01-09,10.754746437072754,,,,,,
2019-01-10,10.198211669921877,,,,,,
2019-01-11,10.36037826538086,,,,,,
2019-01-14,10.113439559936523,,,,,,
2019-01-15,10.22032642364502,,,,,,
2019-01-16,10.282979011535645,,,,,,
2019-01-17,10.51149082183838,,,,,,
2019-01-18,11.064338684082031,,,,,,
2019-01-22,10.242440223693848,,,,,,
2019-01-23,10.275607109069824,,,,,,
2019-01-24,10.386178016662598,,,,,,
2019-01-25,10.868999481201172,,,,,,
2019-01-28,10.802657127380373,,,,,,
2019-01-29,10.353008270263672,,,,,,
2019-01-30,10.463579177856444,,,,,,
2019-01-31,10.518861770629885,,,,,,
2019-02-01,10.268237113952637,,,,,,
2019-02-04,10.618371963500977,,,,,,
2019-02-05,10.905858039855955,,,,,,
2019-02-06,10.728944778442385,,,,,,
2019-02-07,10.518861770629885,,,,,,
2019-02-08,10.282979011535645,,,,,,
2019-02-11,10.45988941192627,,,,,,
2019-02-12,11.001683235168455,,,,,,
2019-02-13,11.009053230285645,,,,,,
2019-02-14,10.935340881347656,,,,,,
2019-02-15,11.337077140808104,,,,,,
2019-02-19,11.525047302246094,,,,,,
2019-02-20,11.565587997436523,,,,,,
2019-02-21,11.009053230285645,,,,,,
2019-02-22,11.145423889160156,,,,,,
2019-02-25,11.24862003326416,,,,,,
2019-02-26,11.477133750915527,,,,,,
2019-02-27,11.853067398071287,,,,,,
2019-02-28,11.71301555633545,,,,,,
2019-03-01,11.930468559265137,,,,,,
2019-03-04,11.241250991821287,,,,,,
2019-03-05,11.510303497314451,,,,,,
2019-03-06,11.25599193572998,,,,,,
2019-03-07,10.76580047607422,,,,,,
2019-03-08,10.507805824279783,,,,,,
2019-03-11,11.064338684082031,,,,,,
2019-03-12,11.145423889160156,,,,,,
2019-03-13,11.230192184448242,,,,,,
2019-03-14,10.72157382965088,,,,,,
2019-03-15,10.640487670898438,,,,,,
2019-03-18,10.846887588500977,,,,,,
2019-03-19,10.715576171875,,,,,,
2019-03-20,10.456656455993652,,,,,,
2019-03-21,10.73406982421875,,,,,,
2019-03-22,9.894431114196776,,,,,,
2019-03-25,10.24212646484375,,,,,,
2019-03-26,10.456656455993652,,,,,,
2019-03-27,10.78585433959961,,,,,,
2019-03-28,10.911615371704102,,,,,,
2019-03-29,10.974495887756348,,,,,,
2019-04-01,11.218624114990234,,,,,,
2019-04-02,10.889424324035645,,,,,,
2019-04-03,11.055872917175291,,,,,,
2019-04-04,11.44795036315918,,,,,,
2019-04-05,11.42945671081543,,,,,,
2019-04-08,11.318490028381348,,,,,,
2019-04-09,10.9301118850708,,,,,,
2019-04-10,11.359177589416504,,,,,,
2019-04-11,11.17053508758545,,,,,,
2019-04-12,11.092859268188477,,,,,,
2019-04-15,11.10765552520752,,,,,,
2019-04-16,11.318490028381348,,,,,,
2019-04-17,11.34438133239746,,,,,,
2019-04-18,11.144643783569336,,,,,,
2019-04-22,10.478851318359377,,,,,,
2019-04-23,10.981894493103027,,,,,,
2019-04-24,11.540420532226562,,,,,,
2019-04-25,11.218624114990234,,,,,,
2019-04-26,11.459047317504885,,,,,,
2019-04-29,11.533023834228516,,,,,,
2019-04-30,11.403563499450684,,,,,,
2019-05-01,10.907915115356444,,,,,,
2019-05-02,11.133545875549316,,,,,,
2019-05-03,11.473840713500977,,,,,,
2019-05-06,11.240815162658691,,,,,,
2019-05-07,10.63050365447998,,,,,,
2019-05-08,10.700780868530272,,,,,,
2019-05-09,10.42336654663086,,,,,,
2019-05-10,10.2051362991333,,,,,,
2019-05-13,9.065888404846191,,,,,,
2019-05-14,9.413581848144531,,,,,,
2019-05-15,9.372894287109377,,,,,,
2019-05-16,9.358098983764648,,,,,,
2019-05-17,9.18055248260498,,,,,,
2019-05-20,9.088082313537598,,,,,,
2019-05-21,9.406183242797852,,,,,,
2019-05-22,8.87724494934082,,,,,,
2019-05-23,8.51106071472168,,,,,,
2019-05-24,8.544352531433105,,,,,,
2019-05-28,8.344614028930664,,,,,,
2019-05-29,7.797181129455566,,,,,,
2019-05-30,7.841569423675537,,,,,,
2019-05-31,7.527164936065674,,,,,,
2019-06-03,7.686216354370117,,,,,,
2019-06-04,8.363105773925781,,,,,,
2019-06-05,7.945136547088623,,,,,,
2019-06-06,7.863763332366943,,,,,,
2019-06-07,8.115283966064453,,,,,,
2019-06-10,8.281732559204102,,,,,,
2019-06-11,8.536953926086426,,,,,,
2019-06-12,8.41858959197998,,,,,,
2019-06-13,8.718196868896484,,,,,,
2019-06-14,8.696002960205078,,,,,,
2019-06-17,8.732990264892578,,,,,,
2019-06-18,8.836559295654297,,,,,,
2019-06-19,8.829161643981934,,,,,,
2019-06-20,8.940130233764648,,,,,,
2019-06-21,8.940130233764648,,,,,,
2019-06-24,8.499964714050293,,,,,,
2019-06-25,8.341085433959961,,,,,,
2019-06-26,8.467297554016113,,,,,,
2019-06-27,8.797672271728516,,,,,,
2019-06-28,8.93130874633789,,,,,,
2019-07-01,8.94244384765625,,,,,,
2019-07-02,8.764264106750488,,,,,,
2019-07-03,8.961006164550781,,,,,,
2019-07-05,9.280245780944824,,,,,,
2019-07-08,9.220852851867676,,,,,,
2019-07-09,9.031537055969238,,,,,,
2019-07-10,8.949870109558105,,,,,,
2019-07-11,8.957293510437012,,,,,,
2019-07-12,9.410168647766112,,,,,,
2019-07-15,9.269109725952148,,,,,,
2019-07-16,9.376761436462402,,,,,,
2019-07-17,9.038959503173828,,,,,,
2019-07-18,8.886765480041504,,,,,,
2019-07-19,8.94244384765625,,,,,,
2019-07-22,8.678884506225586,,,,,,
2019-07-23,8.82365894317627,,,,,,
2019-07-24,9.365625381469728,,,,,,
2019-07-25,9.053811073303224,,,,,,
2019-07-26,9.239415168762209,,,,,,
2019-07-29,9.29138469696045,,,,,,
2019-07-30,8.97956657409668,,,,,,
2019-07-31,9.024110794067385,,,,,,
2019-08-01,8.103511810302734,,,,,,
2019-08-02,7.958741188049316,,,,,,
2019-08-05,7.3982133865356445,,,,,,
2019-08-06,7.732301235198975,,,,,,
2019-08-07,7.6543474197387695,,,,,,
2019-08-08,8.014420509338379,,,,,,
2019-08-09,7.461318016052246,,,,,,
2019-08-12,7.0604119300842285,,,,,,
2019-08-13,7.409350395202637,,,,,,
2019-08-14,6.459051132202148,,,,,,
2019-08-15,6.202916622161865,,,,,,
2019-08-16,6.559279441833496,,,,,,
2019-08-19,6.7968525886535645,,,,,,
2019-08-20,6.585264205932617,,,,,,
2019-08-21,6.975033760070801,,,,,,
2019-08-22,7.335106372833252,,,,,,
2019-08-23,6.41079568862915,,,,,,
2019-08-26,6.678066253662109,,,,,,
2019-08-27,6.429355144500732,,,,,,
2019-08-28,6.952760219573975,,,,,,
2019-08-29,7.246016979217529,,,,,,
2019-08-30,7.012154579162598,,,,,,
2019-09-03,6.692914009094238,,,,,,
2019-09-04,6.934200286865234,,,,,,
2019-09-05,7.713740825653076,,,,,,
2019-09-06,7.672906398773193,,,,,,
2019-09-09,8.471010208129883,,,,,,
2019-09-10,9.176307678222656,,,,,,
2019-09-11,9.376761436462402,,,,,,
2019-09-12,9.09464168548584,,,,,,
2019-09-13,9.161458969116213,,,,,,
2019-09-16,8.860779762268066,,,,,,
2019-09-17,8.630631446838379,,,,,,
2019-09-18,8.367070198059082,,,,,,
2019-09-19,8.22230052947998,,,,,,
2019-09-20,8.155479431152344,,,,,,
2019-09-23,8.407904624938965,,,,,,
2019-09-24,8.17595386505127,,,,,,
2019-09-25,8.395618438720703,,,,,,
2019-09-26,8.26530933380127,,,,,,
2019-09-27,8.261585235595703,,,,,,
2019-09-30,8.525925636291504,,,,,,
2019-10-01,8.31371021270752,,,,,,
2019-10-02,7.617486476898193,,,,,,
2019-10-03,7.703117370605469,,,,,,
2019-10-04,7.859489917755127,,,,,,
2019-10-07,7.855767726898193,,,,,,
2019-10-08,7.498347759246826,,,,,,
2019-10-09,7.703117370605469,,,,,,
2019-10-10,7.922781467437744,,,,,,
2019-10-11,8.466355323791504,,,,,,
2019-10-14,8.187122344970703,,,,,,
2019-10-15,8.50731086730957,,,,,,
2019-10-16,8.641343116760254,,,,,,
2019-10-17,8.939189910888672,,,,,,
2019-10-18,8.59294319152832,,,,,,
2019-10-21,8.901960372924805,,,,,,
2019-10-22,9.237041473388672,,,,,,
2019-10-23,9.359903335571287,,,,,,
2019-10-24,9.277995109558104,,,,,,
2019-10-25,9.590736389160156,,,,,,
2019-10-28,9.821569442749023,,,,,,
2019-10-29,9.352456092834473,,,,,,
2019-10-30,9.110456466674805,,,,,,
2019-10-31,8.764206886291504,,,,,,
2019-11-01,9.129071235656738,,,,,,
2019-11-04,9.549781799316406,,,,,,
2019-11-05,9.966771125793455,,,,,,
2019-11-06,9.79178524017334,,,,,,
2019-11-07,9.765722274780272,,,,,,
2019-11-08,9.590736389160156,,,,,,
2019-11-11,9.572123527526855,,,,,,
2019-11-12,9.519997596740724,,,,,,
2019-11-13,9.39341163635254,,,,,,
2019-11-14,9.560953140258787,,,,,,
2019-11-15,9.843908309936523,,,,,,
2019-11-18,9.814123153686523,,,,,,
2019-11-19,9.251933097839355,,,,,,
2019-11-20,8.868454933166504,,,,,,
2019-11-21,8.820050239562988,,,,,,
2019-11-22,9.155132293701172,,,,,,
2019-11-25,9.613075256347656,,,,,,
2019-11-26,9.79178524017334,,,,,,
2019-11-27,9.951878547668455,,,,,,
2019-11-29,9.680089950561523,,,,,,
2019-12-02,9.367350578308104,,,,,,
2019-12-03,8.954083442687988,,,,,,
2019-12-04,9.155132293701172,,,,,,
2019-12-05,9.054607391357422,,,,,,
2019-12-06,9.691261291503906,,,,,,
2019-12-09,9.82901668548584,,,,,,
2019-12-10,9.795507431030272,,,,,,
2019-12-11,9.583290100097656,,,,,,
2019-12-12,10.134310722351074,,,,,,
2019-12-13,9.538612365722656,,,,,,
2019-12-16,9.527443885803224,,,,,,
2019-12-17,9.832738876342772,,,,,,
2019-12-18,10.119420051574709,,,,,,
2019-12-19,10.272066116333008,,,,,,
2019-12-20,10.35769748687744,,,,,,
2019-12-23,10.214332580566406,,,,,,
2019-12-24,10.355834007263184,,,,,,
2019-12-26,10.575538635253906,,,,,,
2019-12-27,10.690975189208984,,,,,,
2019-12-30,10.456377029418944,,,,,,
2019-12-31,10.53830337524414,,,,,,
2020-01-02,10.251572608947754,,,,,,
2020-01-03,10.054210662841797,,,,,,
2020-01-06,10.151026725769045,,,,,,
2020-01-07,10.061656951904297,,,,,,
2020-01-08,10.07655143737793,,,,,,
2020-01-09,9.957390785217283,,,,,,
2020-01-10,9.83823013305664,,,,,,
2020-01-13,10.039313316345217,,,,,,
2020-01-14,10.203160285949709,,,,,,
2020-01-15,10.002076148986816,,,,,,
2020-01-16,10.43031120300293,,,,,,
2020-01-17,10.389349937438965,,,,,,
2020-01-21,10.188265800476074,,,,,,
2020-01-22,10.09144687652588,,,,,,
2020-01-23,10.07655143737793,,,,,,
2020-01-24,9.68183135986328,,,,,,
2020-01-27,9.428613662719728,,,,,,
2020-01-28,9.596183776855469,,,,,,
2020-01-29,9.517986297607422,,,,,,
2020-01-30,9.339242935180664,,,,,,
2020-01-31,8.527459144592285,,,,,,
2020-02-03,8.803017616271973,,,,,,
2020-02-04,9.00782585144043,,,,,,
2020-02-05,9.61852741241455,,,,,,
2020-02-06,9.428613662719728,,,,,,
2020-02-07,8.978035926818848,,,,,,
2020-02-10,9.06740665435791,,,,,,
2020-02-11,9.298279762268066,,,,,,
2020-02-12,9.760031700134276,,,,,,
2020-02-13,9.6520414352417,,,,,,
2020-02-14,9.562671661376951,,,,,,
2020-02-18,9.68927764892578,,,,,,
2020-02-19,9.76747703552246,,,,,,
2020-02-20,10.396796226501465,,,,,,
2020-02-21,10.173372268676758,,,,,,
2020-02-24,9.089750289916992,,,,,,
2020-02-25,8.158803939819336,,,,,,
2020-02-26,7.618855476379394,,,,,,
2020-02-27,6.9746413230896,,,,,,
2020-02-28,6.833138465881348,,,,,,
2020-03-02,7.131040096282959,,,,,,
2020-03-03,6.669291496276856,,,,,,
2020-03-04,7.227859020233154,,,,,,
2020-03-05,6.430970668792725,,,,,,
2020-03-06,6.222438335418701,,,,,,
2020-03-09,5.239360809326172,,,,,,
2020-03-10,5.485129356384277,,,,,,
2020-03-11,4.308413982391357,,,,,,
2020-03-12,2.744426727294922,,,,,,
2020-03-13,3.2583084106445312,,,,,,
2020-03-16,2.237992525100708,,,,,,
2020-03-17,2.334810733795166,,,,,,
2020-03-18,1.8916808366775515,,,,,,
2020-03-19,2.152345657348633,,,,,,
2020-03-20,1.8283766508102417,,,,,,
2020-03-23,1.6943206787109375,,,,,,
2020-03-24,2.152542352676392,,,,,,
2020-03-25,2.281619071960449,,,,,,
2020-03-26,2.4980123043060303,,,,,,
2020-03-27,2.220876932144165,,,,,,
2020-03-30,2.2094881534576416,,,,,,
2020-03-31,2.163931608200073,,,,,,
2020-04-01,1.7729055881500244,,,,,,
2020-04-02,1.696977972984314,,,,,,
2020-04-03,1.6210503578186035,,,,,,
2020-04-06,2.163931608200073,,,,,,
2020-04-07,2.334768295288086,,,,,,
2020-04-08,2.649867534637451,,,,,,
2020-04-09,2.9270026683807373,,,,,,
2020-04-13,2.835888862609864,,,,,,
2020-04-14,3.166173219680786,,,,,,
2020-04-15,2.752368927001953,,,,,,
2020-04-16,2.7447762489318848,,,,,,
2020-04-17,3.082653284072876,,,,,,
2020-04-20,3.0067262649536133,,,,,,
2020-04-21,2.7789433002471924,,,,,,
2020-04-22,2.801721811294556,,,,,,
2020-04-23,2.8655009269714355,,,,,,
2020-04-24,3.099736452102661,,,,,,
2020-04-27,3.619460105895996,,,,,,
2020-04-28,3.752333402633667,,,,,,
2020-04-29,4.114126682281494,,,,,,
2020-04-30,3.6718499660491934,,,,,,
2020-05-01,3.333213806152344,,,,,,
2020-05-04,3.406863212585449,,,,,,
2020-05-05,3.5177175998687744,,,,,,
2020-05-06,3.545811176300049,,,,,,
2020-05-07,3.597440958023072,,,,,,
2020-05-08,4.061357021331787,,,,,,
2020-05-11,4.052626609802246,,,,,,
2020-05-12,3.7204434871673584,,,,,,
2020-05-13,3.424706220626831,,,,,,
2020-05-14,3.4786148071289062,,,,,,
2020-05-15,3.6946282386779785,,,,,,
2020-05-18,4.192333221435547,,,,,,
2020-05-19,4.02567195892334,,,,,,
2020-05-20,4.062876224517822,,,,,,
2020-05-21,4.313056468963623,,,,,,
2020-05-22,4.375319004058838,,,,,,
2020-05-26,4.752296447753906,,,,,,
2020-05-27,5.247344017028809,,,,,,
2020-05-28,4.876059055328369,,,,,,
2020-05-29,4.930726528167725,,,,,,
2020-06-01,5.013866901397705,,,,,,
2020-06-02,5.350985050201416,,,,,,
2020-06-03,5.813383102416992,,,,,,
2020-06-04,5.830466270446777,,,,,,
2020-06-05,6.278818130493164,,,,,,
2020-06-08,6.655797958374023,,,,,,
2020-06-09,6.194159984588623,,,,,,
2020-06-10,5.761753082275391,,,,,,
2020-06-11,4.783427238464356,,,,,,
2020-06-12,4.973246097564697,,,,,,
2020-06-15,5.1569905281066895,,,,,,
2020-06-16,5.5825629234313965,,,,,,
2020-06-17,5.492209434509277,,,,,,
2020-06-18,5.44931173324585,,,,,,
2020-06-19,5.262149810791016,,,,,,
2020-06-22,5.631916046142578,,,,,,
2020-06-23,5.658491134643555,,,,,,
2020-06-24,5.043478488922119,,,,,,
2020-06-25,5.126998901367188,,,,,,
2020-06-26,4.927309513092041,,,,,,
2020-06-29,5.441719055175781,,,,,,
2020-06-30,5.524100303649902,,,,,,
2020-07-01,5.575730323791504,,,,,,
2020-07-02,5.742011547088623,,,,,,
2020-07-06,6.042684078216553,,,,,,
2020-07-07,5.848689079284668,,,,,,
2020-07-08,6.063944339752197,,,,,,
2020-07-09,5.735936641693115,,,,,,
2020-07-10,5.9701738357543945,,,,,,
2020-07-13,5.571174144744873,,,,,,
2020-07-14,5.880578994750977,,,,,,
2020-07-15,6.481164932250977,,,,,,
2020-07-16,6.606446266174316,,,,,,
2020-07-17,6.41472864151001,,,,,,
2020-07-20,6.312984943389893,,,,,,
2020-07-21,6.738938808441162,,,,,,
2020-07-22,7.087065696716309,,,,,,
2020-07-23,7.005824089050293,,,,,,
2020-07-24,6.77158784866333,,,,,,
2020-07-27,7.0020270347595215,,,,,,
2020-07-28,6.9192657470703125,,,,,,
2020-07-29,7.515296936035156,,,,,,
2020-07-30,7.411654949188232,,,,,,
2020-07-31,7.261319160461426,,,,,,
2020-08-03,7.720301151275635,,,,,,
2020-08-04,8.053242683410645,,,,,,
2020-08-05,8.670151710510254,,,,,,
2020-08-06,8.391119003295898,,,,,,
2020-08-07,8.897554397583008,,,,,,
2020-08-10,9.055484771728516,,,,,,
2020-08-11,8.870980262756348,,,,,,
2020-08-12,9.115846633911133,,,,,,
2020-08-13,9.168235778808594,,,,,,
2020-08-14,9.350462913513184,,,,,,
2020-08-17,9.987493515014648,,,,,,
2020-08-18,9.735795021057127,,,,,,
2020-08-19,9.804509162902832,,,,,,
2020-08-20,9.459036827087402,,,,,,
2020-08-21,9.55167007446289,,,,,,
2020-08-24,10.014826774597168,,,,,,
2020-08-25,9.927513122558594,,,,,,
2020-08-26,10.06949520111084,,,,,,
2020-08-27,9.853861808776855,,,,,,
2020-08-28,9.86411190032959,,,,,,
2020-08-31,9.459036827087402,,,,,,
2020-09-01,10.057345390319824,,,,,,
2020-09-02,10.272222518920898,,,,,,
2020-09-03,9.181524276733398,,,,,,
2020-09-04,8.94804573059082,,,,,,
2020-09-08,8.555879592895508,,,,,,
2020-09-09,9.016002655029297,,,,,,
2020-09-10,8.675847053527832,,,,,,
2020-09-11,8.311016082763672,,,,,,
2020-09-14,8.876296997070312,,,,,,
2020-09-15,8.850478172302246,,,,,,
2020-09-16,8.929443359375,,,,,,
2020-09-17,8.680784225463867,,,,,,
2020-09-18,8.5980224609375,,,,,,
2020-09-21,8.095002174377441,,,,,,
2020-09-22,8.754429817199707,,,,,,
2020-09-23,8.110187530517578,,,,,,
2020-09-24,7.694104671478271,,,,,,
2020-09-25,7.86418342590332,,,,,,
2020-09-28,8.418453216552734,,,,,,
2020-09-29,8.059317588806152,,,,,,
2020-09-30,8.216865539550781,,,,,,
2020-10-01,8.888065338134766,,,,,,
2020-10-02,9.058520317077637,,,,,,
2020-10-05,9.811723709106444,,,,,,
2020-10-06,9.25669002532959,,,,,,
2020-10-07,10.021280288696287,,,,,,
2020-10-08,10.45406723022461,,,,,,
2020-10-09,10.453682899475098,,,,,,
2020-10-12,10.497346878051758,,,,,,
2020-10-13,10.780174255371094,,,,,,
2020-10-14,10.55087661743164,,,,,,
2020-10-15,10.966958999633787,,,,,,
2020-10-16,10.641227722167969,,,,,,
2020-10-19,10.214136123657228,,,,,,
2020-10-20,10.334481239318848,,,,,,
2020-10-21,10.11922836303711,,,,,,
2020-10-22,10.40737247467041,,,,,,
2020-10-23,10.644644737243652,,,,,,
2020-10-26,9.83867359161377,,,,,,
2020-10-27,9.772619247436523,,,,,,
2020-10-28,9.038400650024414,,,,,,
2020-10-29,8.924510955810547,,,,,,
2020-10-30,8.054760932922363,,,,,,
2020-11-02,8.53424072265625,,,,,,
2020-11-03,9.47612190246582,,,,,,
2020-11-04,9.411961555480955,,,,,,
2020-11-05,10.290822982788086,,,,,,
2020-11-06,10.1427640914917,,,,,,
2020-11-09,10.519366264343262,,,,,,
2020-11-10,10.663626670837402,,,,,,
2020-11-11,10.65375518798828,,,,,,
2020-11-12,9.97192668914795,,,,,,
2020-11-13,10.575172424316406,,,,,,
2020-11-16,11.391770362854004,,,,,,
2020-11-17,11.578553199768066,,,,,,
2020-11-18,11.629423141479492,,,,,,
2020-11-19,12.370854377746582,,,,,,
2020-11-20,12.382244110107422,,,,,,
2020-11-23,13.761465072631836,,,,,,
2020-11-24,14.515421867370604,,,,,,
2020-11-25,14.44709014892578,,,,,,
2020-11-27,14.786865234375,,,,,,
2020-11-30,14.033287048339844,,,,,,
2020-12-01,14.475561141967772,,,,,,
2020-12-02,14.484294891357422,,,,,,
2020-12-03,14.95466423034668,,,,,,
2020-12-04,15.470589637756348,,,,,,
2020-12-07,15.231040000915527,,,,,,
2020-12-08,15.57726764678955,,,,,,
2020-12-09,15.31873893737793,,,,,,
2020-12-10,15.29709815979004,,,,,,
2020-12-11,14.787243843078612,,,,,,
2020-12-14,14.330540657043455,,,,,,
2020-12-15,15.39390754699707,,,,,,
2020-12-16,15.57347583770752,,,,,,
2020-12-17,16.440183639526367,,,,,,
2020-12-18,16.303895950317383,,,,,,
2020-12-21,16.48345947265625,,,,,,
2020-12-22,17.23287010192871,,,,,,
2020-12-23,17.59693717956543,,,,,,
2020-12-24,17.552520751953125,,,,,,
2020-12-28,17.89192008972168,,,,,,
2020-12-29,17.177818298339844,,,,,,
2020-12-30,17.735885620117188,,,,,,
2020-12-31,17.243879318237305,,,,,,
2021-01-04,16.55103874206543,,,,,,
2021-01-05,17.680078506469727,,,,,,
2021-01-06,19.903234481811523,,,,,,
2021-01-07,20.31476211547852,,,,,,
2021-01-08,20.340574264526367,,,,,,
2021-01-11,21.645008087158203,,,,,,
2021-01-12,23.68745422363281,,,,,,
2021-01-13,23.427404403686523,,,,,,
2021-01-14,25.701431274414062,,,,,,
2021-01-15,23.83171844482422,,,,,,
2021-01-19,24.106958389282227,,,,,,
2021-01-20,24.294878005981445,,,,,,
2021-01-21,24.923171997070312,,,,,,
2021-01-22,26.69607925415039,,,,,,
2021-01-25,28.028608322143555,,,,,,
2021-01-26,33.899688720703125,,,,,,
2021-01-27,45.90381240844727,,,,,,
2021-01-28,33.14801025390625,,,,,,
2021-01-29,38.74955749511719,,,,,,
2021-02-01,32.08313751220703,,,,,,
2021-02-02,24.12214469909668,,,,,,
2021-02-03,25.6387882232666,,,,,,
2021-02-04,25.37494468688965,,,,,,
2021-02-05,27.001689910888672,,,,,,
2021-02-08,28.09125328063965,,,,,,
2021-02-09,27.81221580505371,,,,,,
2021-02-10,27.59202766418457,,,,,,
2021-02-11,28.045692443847656,,,,,,
2021-02-12,28.0931396484375,,,,,,
2021-02-16,27.8615665435791,,,,,,
2021-02-17,27.10039520263672,,,,,,
2021-02-18,26.04120635986328,,,,,,
2021-02-19,27.09659576416016,,,,,,
2021-02-22,27.216182708740234,,,,,,
2021-02-23,26.020326614379883,,,,,,
2021-02-24,30.099529266357425,,,,,,
2021-02-25,27.318687438964844,,,,,,
2021-02-26,27.17442321777344,,,,,,
2021-03-01,31.22705268859864,,,,,,
2021-03-02,29.693315505981445,,,,,,
2021-03-03,29.307981491088867,,,,,,
2021-03-04,27.635684967041016,,,,,,
2021-03-05,29.40289306640625,,,,,,
2021-03-08,34.75387954711914,,,,,,
2021-03-09,38.94697189331055,,,,,,
2021-03-10,41.137481689453125,,,,,,
2021-03-11,42.44342422485352,,,,,,
2021-03-12,44.62253952026367,,,,,,
2021-03-15,43.10969161987305,,,,,,
2021-03-16,40.67622756958008,,,,,,
2021-03-17,41.634803771972656,,,,,,
2021-03-18,38.30538558959961,,,,,,
2021-03-19,39.91884231567383,,,,,,
2021-03-22,38.66983413696289,,,,,,
2021-03-23,35.151641845703125,,,,,,
2021-03-24,31.41169548034668,,,,,,
2021-03-25,34.27455520629883,,,,,,
2021-03-26,36.37613677978516,,,,,,
2021-03-29,34.44920349121094,,,,,,
2021-03-30,36.3514518737793,,,,,,
2021-03-31,37.06147384643555,,,,,,
2021-04-01,37.37660598754883,,,,,,
2021-04-05,38.58402633666992,,,,,,
2021-04-06,39.08522033691406,,,,,,
2021-04-07,38.10752487182617,,,,,,
2021-04-08,39.02067565917969,,,,,,
2021-04-09,40.77864074707031,,,,,,
2021-04-12,41.46586608886719,,,,,,
2021-04-13,40.54511642456055,,,,,,
2021-04-14,40.89633560180664,,,,,,
2021-04-15,41.05580139160156,,,,,,
2021-04-16,41.56837463378906,,,,,,
2021-04-19,39.954708099365234,,,,,,
2021-04-20,37.287384033203125,,,,,,
2021-04-21,39.17823028564453,,,,,,
2021-04-22,39.4459228515625,,,,,,
2021-04-23,42.0486946105957,,,,,,
2021-04-26,41.061500549316406,,,,,,
2021-04-27,42.754913330078125,,,,,,
2021-04-28,43.09473037719727,,,,,,
2021-04-29,42.98273086547852,,,,,,
2021-04-30,41.41839599609375,,,,,,
2021-05-03,43.77817153930664,,,,,,
2021-05-04,42.673282623291016,,,,,,
2021-05-05,42.82705307006836,,,,,,
2021-05-06,43.14789581298828,,,,,,
2021-05-07,44.497684478759766,,,,,,
2021-05-10,42.3828125,,,,,,
2021-05-11,41.15262985229492,,,,,,
2021-05-12,35.01114654541016,,,,,,
2021-05-13,36.76342010498047,,,,,,
2021-05-14,41.36524963378906,,,,,,
2021-05-17,42.819454193115234,,,,,,
2021-05-18,41.69747924804688,,,,,,
2021-05-19,38.53656005859375,,,,,,
2021-05-20,38.00120162963867,,,,,,
2021-05-21,38.16067123413086,,,,,,
2021-05-24,38.618194580078125,,,,,,
2021-05-25,38.19483947753906,,,,,,
2021-05-26,41.42409896850586,,,,,,
2021-05-27,42.59734725952149,,,,,,
2021-05-28,41.2095832824707,,,,,,
2021-06-01,43.17067337036133,,,,,,
2021-06-02,44.24708557128906,,,,,,
2021-06-03,42.005027770996094,,,,,,
2021-06-04,41.85884475708008,,,,,,
2021-06-07,43.04157638549805,,,,,,
2021-06-08,45.41843795776367,,,,,,
2021-06-09,44.29645156860352,,,,,,
2021-06-10,42.933372497558594,,,,,,
2021-06-11,45.05392837524414,,,,,,
2021-06-14,44.108497619628906,,,,,,
2021-06-15,42.13032150268555,,,,,,
2021-06-16,42.35813522338867,,,,,,
2021-06-17,41.01593780517578,,,,,,
2021-06-18,38.81184387207031,,,,,,
2021-06-21,41.378543853759766,,,,,,
2021-06-22,43.52188491821289,,,,,,
2021-06-23,44.75587844848633,,,,,,
2021-06-24,45.76963424682617,,,,,,
2021-06-25,46.70558166503906,,,,,,
2021-06-28,45.56271743774414,,,,,,
2021-06-29,45.11088562011719,,,,,,
2021-06-30,46.08668518066406,,,,,,
2021-07-01,47.31687927246094,,,,,,
2021-07-02,46.555606842041016,,,,,,
2021-07-06,44.2357063293457,,,,,,
2021-07-07,42.580265045166016,,,,,,
2021-07-08,41.82846450805664,,,,,,
2021-07-09,46.59167098999024,,,,,,
2021-07-12,46.81758117675781,,,,,,
2021-07-13,44.48819732666016,,,,,,
2021-07-14,42.849830627441406,,,,,,
2021-07-15,41.00645446777344,,,,,,
2021-07-16,39.1915283203125,,,,,,
2021-07-19,37.9119758605957,,,,,,
2021-07-20,41.798095703125,,,,,,
2021-07-21,44.08002853393555,,,,,,
2021-07-22,42.684661865234375,,,,,,
2021-07-23,43.717430114746094,,,,,,
2021-07-26,44.37238693237305,,,,,,
2021-07-27,42.60303497314453,,,,,,
2021-07-28,42.701759338378906,,,,,,
2021-07-29,43.6794548034668,,,,,,
2021-07-30,42.658084869384766,,,,,,
2021-08-02,42.51950073242188,,,,,,
2021-08-03,43.81614685058594,,,,,,
2021-08-04,40.31730270385742,,,,,,
2021-08-05,41.74683380126953,,,,,,
2021-08-06,42.03919982910156,,,,,,
2021-08-09,42.03919982910156,,,,,,
2021-08-10,44.94572448730469,,,,,,
2021-08-11,45.34059524536133,,,,,,
2021-08-12,44.49389266967773,,,,,,
2021-08-13,42.9675407409668,,,,,,
2021-08-16,43.11941146850586,,,,,,
2021-08-17,39.36618423461914,,,,,,
2021-08-18,38.95802688598633,,,,,,
2021-08-19,38.94472885131836,,,,,,
2021-08-20,40.90392303466797,,,,,,
2021-08-23,42.2689208984375,,,,,,
2021-08-24,44.74637985229492,,,,,,
2021-08-25,44.69892501831055,,,,,,
2021-08-26,42.39420700073242,,,,,,
2021-08-27,43.26559448242188,,,,,,
2021-08-30,43.54466247558594,,,,,,
2021-08-31,43.035888671875,,,,,,
2021-09-01,43.88638687133789,,,,,,
2021-09-02,43.10422897338867,,,,,,
2021-09-03,42.64670944213867,,,,,,
2021-09-07,40.96088790893555,,,,,,
2021-09-08,39.57881546020508,,,,,,
2021-09-09,40.80330657958984,,,,,,
2021-09-10,38.84601211547852,,,,,,
2021-09-13,38.50617980957031,,,,,,
2021-09-14,37.32345199584961,,,,,,
2021-09-15,38.96181488037109,,,,,,
2021-09-16,40.58118438720703,,,,,,
2021-09-17,40.80521011352539,,,,,,
2021-09-20,38.60871124267578,,,,,,
2021-09-21,38.5479621887207,,,,,,
2021-09-22,40.75015258789063,,,,,,
2021-09-23,42.13982009887695,,,,,,
2021-09-24,41.65951156616211,,,,,,
2021-09-27,43.781982421875,,,,,,
2021-09-28,41.40131759643555,,,,,,
2021-09-29,41.32727813720703,,,,,,
2021-09-30,35.64143753051758,,,,,,
2021-10-01,36.575469970703125,,,,,,
2021-10-04,35.61106491088867,,,,,,
2021-10-05,35.43070983886719,,,,,,
2021-10-06,34.735870361328125,,,,,,
2021-10-07,36.92858123779297,,,,,,
2021-10-08,36.04201126098633,,,,,,
2021-10-11,33.93852233886719,,,,,,
2021-10-12,34.79472351074219,,,,,,
2021-10-13,35.44209671020508,,,,,,
2021-10-14,36.9361686706543,,,,,,
2021-10-15,37.01970672607422,,,,,,
2021-10-18,38.971309661865234,,,,,,
2021-10-19,38.394187927246094,,,,,,
2021-10-20,38.8479118347168,,,,,,
2021-10-21,40.92480850219727,,,,,,
2021-10-22,40.25655364990234,,,,,,
2021-10-25,42.22144317626953,,,,,,
2021-10-26,39.74397277832031,,,,,,
2021-10-27,37.04818344116211,,,,,,
2021-10-28,39.051048278808594,,,,,,
2021-10-29,39.92433166503906,,,,,,
2021-11-01,42.60114288330078,,,,,,
2021-11-02,43.37950134277344,,,,,,
2021-11-03,48.4103889465332,,,,,,
2021-11-04,48.41987228393555,,,,,,
2021-11-05,49.929141998291016,,,,,,
2021-11-08,49.66336441040039,,,,,,
2021-11-09,50.91632843017578,,,,,,
2021-11-10,47.89780807495117,,,,,,
2021-11-11,49.70132827758789,,,,,,
2021-11-12,50.96379089355469,,,,,,
2021-11-15,51.56180191040039,,,,,,
2021-11-16,53.34634780883789,,,,,,
2021-11-17,49.59690856933594,,,,,,
2021-11-18,52.444583892822266,,,,,,
2021-11-19,48.46733474731445,,,,,,
2021-11-22,50.5461311340332,,,,,,
2021-11-23,48.324954986572266,,,,,,
2021-11-24,46.255645751953125,,,,,,
2021-11-26,43.11371994018555,,,,,,
2021-11-29,42.2309455871582,,,,,,
2021-11-30,38.71882247924805,,,,,,
2021-12-01,34.87446975708008,,,,,,
2021-12-02,36.97224807739258,,,,,,
2021-12-03,34.826995849609375,,,,,,
2021-12-06,36.829856872558594,,,,,,
2021-12-07,39.16493988037109,,,,,,
2021-12-08,38.45302581787109,,,,,,
2021-12-09,36.5640869140625,,,,,,
2021-12-10,36.383731842041016,,,,,,
2021-12-13,33.01398468017578,,,,,,
2021-12-14,32.98551177978516,,,,,,
2021-12-15,33.75436782836914,,,,,,
2021-12-16,30.83076858520508,,,,,,
2021-12-17,31.352846145629883,,,,,,
2021-12-20,29.17912673950196,,,,,,
2021-12-21,32.000457763671875,,,,,,
2021-12-22,32.1526985168457,,,,,,
2021-12-23,32.93296813964844,,,,,,
2021-12-27,33.98917770385742,,,,,,
2021-12-28,33.50389099121094,,,,,,
2021-12-29,34.23657989501953,,,,,,
2021-12-30,35.30231094360352,,,,,,
2021-12-31,34.66477966308594,,,,,,
2022-01-03,36.044525146484375,,,,,,
2022-01-04,35.273765563964844,,,,,,
2022-01-05,31.65788650512696,,,,,,
2022-01-06,32.25736618041992,,,,,,
2022-01-07,31.08696556091309,,,,,,
2022-01-10,29.49788856506348,,,,,,
2022-01-11,30.991811752319336,,,,,,
2022-01-12,29.79286766052246,,,,,,
2022-01-13,29.13630485534668,,,,,,
2022-01-14,27.33788108825684,,,,,,
2022-01-18,25.53946304321289,,,,,,
2022-01-19,25.016117095947266,,,,,,
2022-01-20,22.44694709777832,,,,,,
2022-01-21,21.46685028076172,,,,,,
2022-01-24,25.244483947753903,,,,,,
2022-01-25,24.055055618286133,,,,,,
2022-01-26,22.20905494689941,,,,,,
2022-01-27,21.628612518310547,,,,,,
2022-01-28,22.228090286254883,,,,,,
2022-01-31,24.787742614746094,,,,,,
2022-02-01,25.77735137939453,,,,,,
2022-02-02,23.645885467529297,,,,,,
2022-02-03,21.742799758911133,,,,,,
2022-02-04,21.866498947143555,,,,,,
2022-02-07,22.18050765991211,,,,,,
2022-02-08,24.06456756591797,,,,,,
2022-02-09,25.56800842285156,,,,,,
2022-02-10,23.91231918334961,,,,,,
2022-02-11,22.48500061035156,,,,,,
2022-02-14,22.10438537597656,,,,,,
2022-02-15,24.311967849731445,,,,,,
2022-02-16,23.45557403564453,,,,,,
2022-02-17,21.638126373291016,,,,,,
2022-02-18,21.08623313903809,,,,,,
2022-02-22,18.66931533813477,,,,,,
2022-02-23,17.327632904052734,,,,,,
2022-02-24,19.354421615600582,,,,,,
2022-02-25,20.363056182861328,,,,,,
2022-02-28,20.26791000366211,,,,,,
2022-03-01,18.735916137695312,,,,,,
2022-03-02,20.762704849243164,,,,,,
2022-03-03,20.010984420776367,,,,,,
2022-03-04,18.78349494934082,,,,,,
2022-03-07,16.3665714263916,,,,,,
2022-03-08,17.41326904296875,,,,,,
2022-03-09,18.421905517578125,,,,,,
2022-03-10,18.421905517578125,,,,,,
2022-03-11,16.956527709960938,,,,,,
2022-03-14,16.404634475708008,,,,,,
2022-03-15,17.803401947021484,,,,,,
2022-03-16,19.90631675720215,,,,,,
2022-03-17,20.79125595092773,,,,,,
2022-03-18,21.52394294738769,,,,,,
2022-03-21,20.17275047302246,,,,,,
2022-03-22,21.47636604309082,,,,,,
2022-03-23,20.144201278686523,,,,,,
2022-03-24,20.80077362060547,,,,,,
2022-03-25,19.87776565551757,,,,,,
2022-03-28,20.52482032775879,,,,,,
2022-03-29,22.95125770568848,,,,,,
2022-03-30,20.02050399780273,,,,,,
2022-03-31,18.2696590423584,,,,,,
2022-04-01,18.00322914123535,,,,,,
2022-04-04,19.440061569213867,,,,,,
2022-04-05,18.25062561035156,,,,,,
2022-04-06,17.40375328063965,,,,,,
2022-04-07,17.698732376098633,,,,,,
2022-04-08,18.317232131958008,,,,,,
2022-04-11,18.43142318725586,,,,,,
2022-04-12,18.0698356628418,,,,,,
2022-04-13,19.221206665039062,,,,,,
2022-04-14,18.688337326049805,,,,,,
2022-04-18,18.22208404541016,,,,,,
2022-04-19,20.28693580627441,,,,,,
2022-04-20,19.449573516845703,,,,,,
2022-04-21,18.231597900390625,,,,,,
2022-04-22,16.08111000061035,,,,,,
2022-04-25,16.81379508972168,,,,,,
2022-04-26,15.110533714294434,,,,,,
2022-04-27,14.977313995361328,,,,,,
2022-04-28,15.86225414276123,,,,,,
2022-04-29,14.178014755249023,,,,,,
2022-05-02,15.462599754333496,,,,,,
2022-05-03,15.652913093566896,,,,,,
2022-05-04,16.9374942779541,,,,,,
2022-05-05,14.54911994934082,,,,,,
2022-05-06,13.483388900756836,,,,,,
2022-05-09,12.151229858398438,,,,,,
2022-05-10,11.52320957183838,,,,,,
2022-05-11,10.191044807434082,,,,,,
2022-05-12,11.171135902404783,,,,,,
2022-05-13,12.274927139282228,,,,,,
2022-05-16,11.856249809265137,,,,,,
2022-05-17,12.62700080871582,,,,,,
2022-05-18,9.515447616577148,,,,,,
2022-05-19,9.496416091918944,,,,,,
2022-05-20,8.839852333068848,,,,,,
2022-05-23,8.801789283752441,,,,,,
2022-05-24,7.9073381423950195,,,,,,
2022-05-25,9.52496337890625,,,,,,
2022-05-26,10.895188331604004,,,,,,
2022-05-27,11.513693809509276,,,,,,
2022-05-31,10.80954933166504,,,,,,
2022-06-01,10.248139381408691,,,,,,
2022-06-02,11.152105331420898,,,,,,
2022-06-03,10.628756523132324,,,,,,
2022-06-06,10.819063186645508,,,,,,
2022-06-07,10.99034309387207,,,,,,
2022-06-08,10.961796760559082,,,,,,
2022-06-09,10.619239807128906,,,,,,
2022-06-10,9.505932807922363,,,,,,
2022-06-13,8.287956237792969,,,,,,
2022-06-14,8.46874713897705,,,,,,
2022-06-15,8.973068237304688,,,,,,
2022-06-16,7.640904426574707,,,,,,
2022-06-17,8.050068855285645,,,,,,
2022-06-21,8.373595237731934,,,,,,
2022-06-22,8.26115894317627,,,,,,
2022-06-23,8.88050651550293,,,,,,
2022-06-24,9.842881202697754,,,,,,
2022-06-27,9.356927871704102,,,,,,
2022-06-28,8.346915245056152,,,,,,
2022-06-29,7.7847371101379395,,,,,,
2022-06-30,7.155860424041748,,,,,,
2022-07-01,7.346428394317627,,,,,,
2022-07-05,8.118231773376465,,,,,,
2022-07-06,7.575109958648682,,,,,,
2022-07-07,8.404086112976074,,,,,,
2022-07-08,8.26115894317627,,,,,,
2022-07-11,7.651337623596191,,,,,,
2022-07-12,7.6799235343933105,,,,,,
2022-07-13,7.660866260528564,,,,,,
2022-07-14,7.365485191345215,,,,,,
2022-07-15,7.851434230804443,,,,,,
2022-07-18,8.289743423461914,,,,,,
2022-07-19,9.10919189453125,,,,,,
2022-07-20,9.614197731018066,,,,,,
2022-07-21,9.671368598937988,,,,,,
2022-07-22,9.185418128967283,,,,,,
2022-07-25,8.842392921447754,,,,,,
2022-07-26,7.718038082122803,,,,,,
2022-07-27,8.289743423461914,,,,,,
2022-07-28,8.79474925994873,,,,,,
2022-07-29,9.004376411437988,,,,,,
2022-08-01,9.633255958557127,,,,,,
2022-08-02,9.347402572631836,,,,,,
2022-08-03,10.147791862487791,,,,,,
2022-08-04,10.10014820098877,,,,,,
2022-08-05,10.376473426818848,,,,,,
2022-08-08,11.510356903076172,,,,,,
2022-08-09,10.243072509765623,,,,,,
2022-08-10,11.23403263092041,,,,,,
2022-08-11,11.881966590881348,,,,,,
2022-08-12,12.463200569152832,,,,,,
2022-08-15,12.529899597167969,,,,,,
2022-08-16,14.016338348388672,,,,,,
2022-08-17,12.85386562347412,,,,,,
2022-08-18,12.558486938476562,,,,,,
2022-08-19,11.357902526855469,,,,,,
2022-08-22,10.300246238708496,,,,,,
2022-08-23,10.252603530883787,,,,,,
2022-08-24,9.985806465148926,,,,,,
2022-08-25,10.50987148284912,,,,,,
2022-08-26,9.480801582336426,,,,,,
2022-08-29,9.31881618499756,,,,,,
2022-08-30,9.032963752746582,,,,,,
2022-08-31,8.537484169006348,,,,,,
2022-09-01,8.480310440063477,,,,,,
2022-09-02,8.26115894317627,,,,,,
2022-09-06,8.099175453186035,,,,,,
2022-09-07,8.890036582946777,,,,,,
2022-09-08,8.851922035217285,,,,,,
2022-09-09,9.528441429138184,,,,,,
2022-09-12,10.033448219299316,,,,,,
2022-09-13,8.308802604675293,,,,,,
2022-09-14,8.26115894317627,,,,,,
2022-09-15,8.308802604675293,,,,,,
2022-09-16,7.975305080413818,,,,,,
2022-09-19,8.270687103271484,,,,,,
2022-09-20,7.629925727844238,,,,,,
2022-09-21,7.400741577148437,,,,,,
2022-09-22,6.808681964874268,,,,,,
2022-09-23,6.579498767852783,,,,,,
2022-09-26,6.254820346832275,,,,,,
2022-09-27,6.445806503295898,,,,,,
2022-09-28,7.123810291290283,,,,,,
2022-09-29,6.1115803718566895,,,,,,
2022-09-30,5.863296985626221,,,,,,
2022-10-03,6.293018341064453,,,,,,
2022-10-04,7.133358955383301,,,,,,
2022-10-05,6.971020698547363,,,,,,
2022-10-06,6.8373308181762695,,,,,,
2022-10-07,6.3216657638549805,,,,,,
2022-10-10,6.283468246459961,,,,,,
2022-10-11,6.493553638458252,,,,,,
2022-10-12,6.426709175109863,,,,,,
2022-10-13,6.674990653991699,,,,,,
2022-10-14,6.054283618927002,,,,,,
2022-10-17,6.53175163269043,,,,,,
2022-10-18,6.846880435943604,,,,,,
2022-10-19,6.245270729064941,,,,,,
2022-10-20,6.016087055206299,,,,,,
2022-10-21,6.493553638458252,,,,,,
2022-10-24,6.713188648223877,,,,,,
2022-10-25,7.48668622970581,,,,,,
2022-10-26,7.467588424682617,,,,,,
2022-10-27,7.582180023193359,,,,,,
2022-10-28,7.916406154632568,,,,,,
2022-10-31,7.792264938354492,,,,,,
2022-11-01,7.887758255004883,,,,,,
2022-11-02,6.913724899291992,,,,,,
2022-11-03,7.047415733337402,,,,,,
2022-11-04,7.009219169616699,,,,,,
2022-11-07,7.228853702545166,,,,,,
2022-11-08,7.295699119567871,,,,,,
2022-11-09,6.53175163269043,,,,,,
2022-11-10,8.050097465515137,,,,,,
2022-11-11,8.623058319091797,,,,,,
2022-11-14,8.307929039001465,,,,,,
2022-11-15,8.928638458251953,,,,,,
2022-11-16,7.945054531097412,,,,,,
2022-11-17,8.069195747375488,,,,,,
2022-11-18,8.307929039001465,,,,,,
2022-11-21,8.174241065979004,,,,,,
2022-11-22,8.814043998718262,,,,,,
2022-11-23,8.947735786437988,,,,,,
2022-11-25,8.890440940856934,,,,,,
2022-11-28,8.594408988952637,,,,,,
2022-11-29,8.670804023742676,,,,,,
2022-11-30,9.157818794250488,,,,,,
2022-12-01,8.814043998718262,,,,,,
2022-12-02,9.04322910308838,,,,,,
2022-12-05,8.393875122070312,,,,,,
2022-12-06,8.193337440490723,,,,,,
2022-12-07,8.183786392211914,,,,,,
2022-12-08,8.346126556396484,,,,,,
2022-12-09,7.925955772399902,,,,,,
2022-12-12,8.040549278259277,,,,,,
2022-12-13,7.906856060028076,,,,,,
2022-12-14,7.897307395935059,,,,,,
2022-12-15,7.219303131103516,,,,,,
2022-12-16,6.923274517059326,,,,,,
2022-12-19,6.5413007736206055,,,,,,
2022-12-20,6.280874252319336,,,,,,
2022-12-21,6.692576885223389,,,,,,
2022-12-22,6.319172382354736,,,,,,
2022-12-23,6.615981578826904,,,,,,
2022-12-27,6.434065341949463,,,,,,
2022-12-28,6.137256145477295,,,,,,
2022-12-29,6.60640811920166,,,,,,
2022-12-30,6.654279708862305,,,,,,
2023-01-03,6.491512775421143,,,,,,
2023-01-04,7.03726053237915,,,,,,
2023-01-05,6.855344772338867,,,,,,
2023-01-06,7.391515731811523,,,,,,
2023-01-09,7.305346488952637,,,,,,
2023-01-10,7.764922142028809,,,,,,
2023-01-11,8.33939266204834,,,,,,
2023-01-12,8.54045581817627,,,,,,
2023-01-13,8.56917953491211,,,,,,
2023-01-17,8.435138702392578,,,,,,
2023-01-18,8.080879211425781,,,,,,
2023-01-19,7.621304988861084,,,,,,
2023-01-20,8.186200141906738,,,,,,
2023-01-23,8.923437118530273,,,,,,
2023-01-24,8.626627922058105,,,,,,
2023-01-25,8.86599063873291,,,,,,
2023-01-26,9.105351448059082,,,,,,
2023-01-27,9.545781135559082,,,,,,
2023-01-30,9.354290008544922,,,,,,
2023-01-31,10.139400482177734,,,,,,
2023-02-01,11.058551788330078,,,,,,
2023-02-02,12.016002655029297,,,,,,
2023-02-03,11.594725608825684,,,,,,
2023-02-06,10.895785331726074,,,,,,
2023-02-07,10.742593765258787,,,,,,
2023-02-08,10.273443222045898,,,,,,
2023-02-09,9.765995025634766,,,,,,
2023-02-10,9.459609985351562,,,,,,
2023-02-13,10.091527938842772,,,,,,
2023-02-14,10.053230285644531,,,,,,
2023-02-15,10.79046630859375,,,,,,
2023-02-16,10.273443222045898,,,,,,
2023-02-17,10.388336181640623,,,,,,
2023-02-21,8.86599063873291,,,,,,
2023-02-22,9.009608268737791,,,,,,
2023-02-23,8.856415748596191,,,,,,
2023-02-24,8.358543395996094,,,,,,
2023-02-27,8.368115425109863,,,,,,
2023-02-28,8.33939266204834,,,,,,
2023-03-01,7.918114185333252,,,,,,
2023-03-02,8.14790153503418,,,,,,
2023-03-03,8.4542875289917,,,,,,
2023-03-06,7.937263011932373,,,,,,
2023-03-07,7.956413269042969,,,,,,
2023-03-08,7.965987205505371,,,,,,
2023-03-09,7.515985488891602,,,,,,
2023-03-10,6.99896240234375,,,,,,
2023-03-13,6.501087188720703,,,,,,
2023-03-14,6.529810905456543,,,,,,
2023-03-15,6.4532151222229,,,,,,
2023-03-16,6.625556468963623,,,,,,
2023-03-17,6.194704055786133,,,,,,
2023-03-20,6.242576122283936,,,,,,
2023-03-21,6.575181007385254,,,,,,
2023-03-22,6.2771830558776855,,,,,,
2023-03-23,6.056087017059326,,,,,,
2023-03-24,6.13299036026001,,,,,,
2023-03-27,6.18105411529541,,,,,,
2023-03-28,6.344471454620361,,,,,,
2023-03-29,6.430988311767578,,,,,,
2023-03-30,6.584794044494629,,,,,,
2023-03-31,7.094272613525391,,,,,,
2023-04-03,7.248079299926758,,,,,,
2023-04-04,6.969306468963623,,,,,,
2023-04-05,6.51750373840332,,,,,,
2023-04-06,6.469439029693604,,,,,,
2023-04-10,6.8155012130737305,,,,,,
2023-04-11,7.151950836181641,,,,,,
2023-04-12,6.584794044494629,,,,,,
2023-04-13,6.661696434020996,,,,,,
2023-04-14,6.652082920074463,,,,,,
2023-04-17,6.7385993003845215,,,,,,
2023-04-18,6.7385993003845215,,,,,,
2023-04-19,6.7097601890563965,,,,,,
2023-04-20,6.623243808746338,,,,,,
2023-04-21,6.632857799530029,,,,,,
2023-04-24,6.74821138381958,,,,,,
2023-04-25,6.084924221038818,,,,,,
2023-04-26,6.094538688659668,,,,,,
2023-04-27,6.315633773803711,,,,,,
2023-04-28,6.325247764587402,,,,,,
2023-05-01,6.200279712677002,,,,,,
2023-05-02,6.104151725769043,,,,,,
2023-05-03,5.998409271240234,,,,,,
2023-05-04,5.729250431060791,,,,,,
2023-05-05,6.190667629241943,,,,,,
2023-05-08,6.296408653259277,,,,,,
2023-05-09,6.257957458496094,,,,,,
2023-05-10,6.248343467712402,,,,,,
2023-05-11,6.209892272949219,,,,,,
2023-05-12,6.084924221038818,,,,,,
2023-05-15,6.248343467712402,,,,,,
2023-05-16,5.77731466293335,,,,,,
2023-05-17,6.257957458496094,,,,,,
2023-05-18,6.306020736694336,,,,,,
2023-05-19,5.642735004425049,,,,,,
2023-05-22,5.690799713134766,,,,,,
2023-05-23,5.604283809661865,,,,,,
2023-05-24,5.575446128845215,,,,,,
2023-05-25,5.22938346862793,,,,,,
2023-05-26,5.354349136352539,,,,,,
2023-05-30,5.363962650299072,,,,,,
2023-05-31,4.902545928955078,,,,,,
2023-06-01,4.931385517120361,,,,,,
2023-06-02,5.536994934082031,,,,,,
2023-06-05,5.306285381317139,,,,,,
2023-06-06,5.786928176879883,,,,,,
2023-06-07,6.13299036026001,,,,,,
2023-06-08,6.3636980056762695,,,,,,
2023-06-09,6.056087017059326,,,,,,
2023-06-12,6.306020736694336,,,,,,
2023-06-13,6.690534114837647,,,,,,
2023-06-14,6.440601348876953,,,,,,
2023-06-15,6.7385993003845215,,,,,,
2023-06-16,6.421374797821045,,,,,,
2023-06-20,6.325247764587402,,,,,,
2023-06-21,6.360096454620361,,,,,,
2023-06-22,6.3891377449035645,,,,,,
2023-06-23,6.234250068664551,,,,,,
2023-06-26,6.263291358947754,,,,,,
2023-06-27,6.582748889923096,,,,,,
2023-06-28,6.611789703369141,,,,,,
2023-06-29,6.7085957527160645,,,,,,
2023-06-30,6.795719146728516,,,,,,
2023-07-03,6.960288047790527,,,,,,
2023-07-05,6.902205467224121,,,,,,
2023-07-06,6.650511264801025,,,,,,
2023-07-07,6.8150811195373535,,,,,,
2023-07-10,7.173259258270264,,,,,,
2023-07-11,7.618563175201416,,,,,,
2023-07-12,7.6379241943359375,,,,,,
2023-07-13,7.424954414367676,,,,,,
2023-07-14,7.211981296539307,,,,,,
2023-07-17,7.337827682495117,,,,,,
2023-07-18,7.579841136932373,,,,,,
2023-07-19,8.005784034729004,,,,,,
2023-07-20,7.725049018859863,,,,,,
2023-07-21,7.492716312408447,,,,,,
2023-07-24,7.628243923187256,,,,,,
2023-07-25,7.531438827514648,,,,,,
2023-07-26,7.860575199127197,,,,,,
2023-07-27,7.589521884918213,,,,,,
2023-07-28,7.850894927978516,,,,,,
2023-07-31,8.025144577026367,,,,,,
2023-08-01,7.928340435028076,,,,,,
2023-08-02,7.705687522888184,,,,,,
2023-08-03,7.744410037994385,,,,,,
2023-08-04,7.666965961456299,,,,,,
2023-08-07,7.696006774902344,,,,,,
2023-08-08,7.473354816436768,,,,,,
2023-08-09,7.415272235870361,,,,,,
2023-08-10,7.386230945587158,,,,,,
2023-08-11,7.386230945587158,,,,,,
2023-08-14,7.434632778167725,,,,,,
2023-08-15,7.182940483093262,,,,,,
2023-08-16,7.00869083404541,,,,,,
2023-08-17,6.727955341339111,,,,,,
2023-08-18,6.989329814910889,,,,,,
2023-08-21,6.824761390686035,,,,,,
2023-08-22,6.224569320678711,,,,,,
2023-08-23,6.418179988861084,,,,,,
2023-08-24,5.982555866241455,,,,,,
2023-08-25,6.069681167602539,,,,,,
2023-08-28,6.292333126068115,,,,,,
2023-08-29,6.602110385894775,,,,,,
2023-08-30,6.718276500701904,,,,,,
2023-08-31,6.737636566162109,,,,,,
2023-09-01,6.834441661834717,,,,,,
2023-09-05,6.360096454620361,,,,,,
2023-09-06,6.243930816650391,,,,,,
2023-09-07,6.127762794494629,,,,,,
2023-09-08,6.011598110198975,,,,,,
2023-09-11,6.021277904510498,,,,,,
2023-09-12,5.9922380447387695,,,,,,
2023-09-13,5.885752201080322,,,,,,
2023-09-14,6.321375370025635,,,,,,
2023-09-15,6.050320625305176,,,,,,
2023-09-18,5.769584655761719,,,,,,
2023-09-19,5.732663154602051,,,,,,
2023-09-20,5.625782489776611,,,,,,
2023-09-21,5.421739101409912,,,,,,
2023-09-22,5.344007968902588,,,,,,
2023-09-25,5.412022590637207,,,,,,
2023-09-26,5.159396648406982,,,,,,
2023-09-27,5.266277313232422,,,,,,
2023-09-28,5.557767391204834,,,,,,
2023-09-29,5.645215034484863,,,,,,
2023-10-02,5.528619289398193,,,,,,
2023-10-03,5.198262691497803,,,,,,
2023-10-04,5.2468438148498535,,,,,,
2023-10-05,5.013650894165039,,,,,,
2023-10-06,5.081665515899658,,,,,,
2023-10-09,5.159396648406982,,,,,,
2023-10-10,5.470320701599121,,,,,,
2023-10-11,5.392589569091797,,,,,,
2023-10-12,5.081665515899658,,,,,,
2023-10-13,5.013650894165039,,,,,,
2023-10-16,5.421739101409912,,,,,,
2023-10-17,5.684081077575684,,,,,,
2023-10-18,5.489754676818848,,,,,,
2023-10-19,5.2176947593688965,,,,,,
2023-10-20,5.1399641036987305,,,,,,
2023-10-23,4.935919761657715,,,,,,
2023-10-24,4.96506929397583,,,,,,
2023-10-25,4.897054672241211,,,,,,
2023-10-26,4.96506929397583,,,,,,
2023-10-27,4.799891471862793,,,,,,
2023-10-30,4.877622127532959,,,,,,
2023-10-31,4.98450231552124,,,,,,
2023-11-01,4.945637226104736,,,,,,
2023-11-02,5.373157024383545,,,,,,
2023-11-03,5.83954381942749,,,,,,
2023-11-06,5.703514099121094,,,,,,
2023-11-07,5.674365043640137,,,,,,
2023-11-08,5.373157024383545,,,,,,
2023-11-09,5.081665515899658,,,,,,
2023-11-10,5.2176947593688965,,,,,,
2023-11-13,5.12053108215332,,,,,,
2023-11-14,5.849259853363037,,,,,,
2023-11-15,6.247631072998047,,,,,,
2023-11-16,5.596634387969971,,,,,,
2023-11-17,6.072736740112305,,,,,,
2023-11-20,6.1796159744262695,,,,,,
2023-11-21,6.131034851074219,,,,,,
2023-11-22,6.11160135269165,,,,,,
2023-11-24,6.2379150390625,,,,,,
2023-11-27,6.131034851074219,,,,,,
2023-11-28,6.296212673187256,,,,,,
2023-11-29,6.432241439819336,,,,,,
2023-11-30,6.412808895111084,,,,,,
2023-12-01,7.131822109222412,,,,,,
2023-12-04,7.374731063842773,,,,,,
2023-12-05,6.791747570037842,,,,,,
2023-12-06,6.9277777671813965,,,,,,
2023-12-07,7.141537189483643,,,,,,
2023-12-08,7.112388610839844,,,,,,
2023-12-11,7.481611251831055,,,,,,
2023-12-12,7.26785135269165,,,,,,
2023-12-13,7.947997570037842,,,,,,
2023-12-14,8.54069709777832,,,,,,
2023-12-15,8.336652755737305,,,,,,
2023-12-18,8.394951820373535,,,,,,
2023-12-19,8.919635772705078,,,,,,
2023-12-20,8.433815956115723,,,,,,
2023-12-21,8.910541534423828,,,,,,
2023-12-22,8.822799682617188,,,,,,
2023-12-26,9.076272010803224,,,,,,
2023-12-27,9.222505569458008,,,,,,
2023-12-28,9.212756156921388,,,,,,
2023-12-29,8.891042709350586,,,,,,
2024-01-02,8.881293296813965,,,,,,
2024-01-03,7.92589521408081,,,,,,
2024-01-04,7.877151012420654,,,,,,
2024-01-05,7.82840633392334,,,,,,
2024-01-08,8.247611045837402,,,,,,
2024-01-09,8.042882919311523,,,,,,
2024-01-10,8.101377487182617,,,,,,
2024-01-11,7.896650314331055,,,,,,
2024-01-12,7.604180335998535,,,,,,
2024-01-16,7.516440391540527,,,,,,
2024-01-17,7.389703273773193,,,,,,
2024-01-18,7.438448429107666,,,,,,
2024-01-19,7.535937786102295,,,,,,
2024-01-22,7.945394039154053,,,,,,
2024-01-23,7.750414848327637,,,,,,
2024-01-24,7.516440391540527,,,,,,
2024-01-25,7.808908462524414,,,,,,
2024-01-26,7.916146278381348,,,,,,
2024-01-29,8.101377487182617,,,,,,
2024-01-30,8.023385047912598,,,,,,
2024-01-31,7.448198318481445,,,,,,
2024-02-01,8.003887176513672,,,,,,
2024-02-02,8.130624771118164,,,,,,
2024-02-05,7.769912242889404,,,,,,
2024-02-06,8.06238079071045,,,,,,
2024-02-07,8.091628074645996,,,,,,
2024-02-08,8.432841300964355,,,,,,
2024-02-09,8.774054527282715,,,,,,
2024-02-12,9.300498962402344,,,,,,
2024-02-13,8.510832786560059,,,,,,
2024-02-14,8.852046966552734,,,,,,
2024-02-15,9.19325828552246,,,,,,
2024-02-16,9.027528762817385,,,,,,
2024-02-20,8.861795425415039,,,,,,
2024-02-21,8.725309371948242,,,,,,
2024-02-22,8.930036544799805,,,,,,
2024-02-23,9.397987365722656,,,,,,
2024-02-26,9.45648193359375,,,,,,
2024-02-27,10.148655891418455,,,,,,
2024-02-28,9.914681434631348,,,,,,
2024-02-29,10.041418075561523,,,,,,
2024-03-01,10.285141944885254,,,,,,
2024-03-04,10.177902221679688,,,,,,
2024-03-05,10.148655891418455,,,,,,
2024-03-06,9.670958518981934,,,,,,
2024-03-07,9.748950958251951,,,,,,
2024-03-08,9.71970272064209,,,,,,
2024-03-11,9.573466300964355,,,,,,
2024-03-12,9.592966079711914,,,,,,
2024-03-13,9.826940536499023,,,,,,
2024-03-14,9.573466300964355,,,,,,
2024-03-15,9.680707931518556,,,,,,
2024-03-18,9.670958518981934,,,,,,
2024-03-19,9.88908576965332,,,,,,
2024-03-20,10.378158569335938,,,,,,
2024-03-21,10.700947761535645,,,,,,
2024-03-22,10.339033126831056,,,,,,
2024-03-25,10.065150260925291,,,,,,
2024-03-26,10.18252944946289,,,,,,
2024-03-27,10.76941967010498,,,,,,
2024-03-28,10.994394302368164,,,,,,
2024-04-01,10.818325996398926,,,,,,
2024-04-02,9.869522094726562,,,,,,
2024-04-03,9.595641136169434,,,,,,
2024-04-04,9.184819221496582,,,,,,
2024-04-05,9.253288269042969,,,,,,
2024-04-08,9.311976432800291,,,,,,
2024-04-09,9.311976432800291,,,,,,
2024-04-10,8.773996353149414,,,,,,
2024-04-11,8.832684516906738,,,,,,
2024-04-12,8.22623348236084,,,,,,
2024-04-15,7.893661022186279,,,,,,
2024-04-16,7.883880615234375,,,,,,
2024-04-17,7.795845985412598,,,,,,
2024-04-18,7.776282787322998,,,,,,
2024-04-19,7.942567348480225,,,,,,
2024-04-22,8.059945106506348,,,,,,
2024-04-23,8.539237976074219,,,,,,
2024-04-24,8.402297973632812,,,,,,
2024-04-25,8.284920692443848,,,,,,
2024-04-26,8.637053489685059,,,,,,
2024-04-29,8.597929000854492,,,,,,
2024-04-30,8.12841796875,,,,,,
2024-05-01,7.913224220275879,,,,,,
2024-05-02,8.343610763549805,,,,,,
2024-05-03,8.637053489685059,,,,,,
2024-05-06,8.920717239379883,,,,,,
2024-05-07,8.881591796875,,,,,,
2024-05-08,8.637053489685059,,,,,,
2024-05-09,9.067440032958984,,,,,,
2024-05-10,8.94028091430664,,,,,,
2024-05-13,9.615203857421877,,,,,,
2024-05-14,10.456411361694336,,,,,,
2024-05-15,10.045589447021484,,,,,,
2024-05-16,9.683671951293944,,,,,,
2024-05-17,9.429354667663574,,,,,,
2024-05-20,9.321758270263672,,,,,,
2024-05-21,9.21416187286377,,,,,,
2024-05-22,8.871809005737305,,,,,,
2024-05-23,8.646836280822754,,,,,,
2024-05-24,9.038095474243164,,,,,,
2024-05-28,9.106566429138184,,,,,,
2024-05-29,9.028314590454102,,,,,,
2024-05-30,9.351103782653809,,,,,,
2024-05-31,9.91843032836914,,,,,,
2024-06-03,10.368378639221191,,,,,,
2024-06-04,9.713018417358398,,,,,,
2024-06-05,9.95755672454834,,,,,,
2024-06-06,10.12384033203125,,,,,,
2024-06-07,9.360885620117188,,,,,,
2024-06-10,9.24350643157959,,,,,,
2024-06-11,9.380446434020996,,,,,,
2024-06-12,9.536952018737791,,,,,,
2024-06-13,9.30219554901123,,,,,,
2024-06-14,8.871809005737305,,,,,,
2024-06-17,9.311976432800291,,,,,,
2024-06-18,9.341322898864746,,,,,,
2024-06-20,9.17503547668457,,,,,,
2024-06-21,9.184819221496582,,,,,,
2024-06-24,9.40979290008545,,,,,,
2024-06-25,9.192741394042969,,,,,,
2024-06-26,9.094528198242188,,,,,,
2024-06-27,9.015958786010742,,,,,,
2024-06-28,9.035599708557127,,,,,,
2024-07-01,8.524892807006836,,,,,,
2024-07-02,8.544535636901855,,,,,,
2024-07-03,8.456143379211426,,,,,,
2024-07-05,8.456143379211426,,,,,,
2024-07-08,8.554356575012207,,,,,,
2024-07-09,8.377573013305664,,,,,,
2024-07-10,8.583819389343262,,,,,,
2024-07-11,9.467738151550291,,,,,,
2024-07-12,9.693628311157228,,,,,,
2024-07-15,9.428452491760254,,,,,,
2024-07-16,10.400761604309082,,,,,,
2024-07-17,10.08647918701172,,,,,,
2024-07-18,9.3989896774292,,,,,,
2024-07-19,9.074886322021484,,,,,,
2024-07-22,9.251669883728027,,,,,,
2024-07-23,9.212383270263672,,,,,,
2024-07-24,8.770425796508789,,,,,,
2024-07-25,9.065064430236816,,,,,,
2024-07-26,9.585593223571776,,,,,,
2024-07-29,9.556129455566406,,,,,,
2024-07-30,9.73291301727295,,,,,,
2024-07-31,10.066838264465332,,,,,,
2024-08-01,9.349882125854492,,,,,,
2024-08-02,8.426679611206055,,,,,,
2024-08-05,7.857044219970703,,,,,,
2024-08-06,8.01418399810791,,,,,,
2024-08-07,7.54276180267334,,,,,,
2024-08-08,8.141860961914062,,,,,,
2024-08-09,8.12221908569336,,,,,,
2024-08-12,7.915972709655762,,,,,,
2024-08-13,8.289180755615234,,,,,,
2024-08-14,8.12221908569336,,,,,,
2024-08-15,9.11417007446289,,,,,,
2024-08-16,9.340062141418455,,,,,,
2024-08-19,9.369524955749512,,,,,,
2024-08-20,9.133813858032228,,,,,,
2024-08-21,9.477559089660645,,,,,,
2024-08-22,9.00613784790039,,,,,,
2024-08-23,9.624878883361816,,,,,,
2024-08-26,9.624878883361816,,,,,,
2024-08-27,9.507022857666016,,,,,,
2024-08-28,9.094528198242188,,,,,,
2024-08-29,8.947208404541016,,,,,,
2024-08-30,8.986493110656738,,,,,,
2024-09-03,8.534712791442871,,,,,,
2024-09-04,8.24007511138916,,,,,,
2024-09-05,8.073112487792969,,,,,,
2024-09-06,7.670438766479492,,,,,,
2024-09-09,7.6900811195373535,,,,,,
2024-09-10,7.61151123046875,,,,,,
2024-09-11,7.60168981552124,,,,,,
2024-09-12,7.945436000823975,,,,,,
2024-09-13,8.593642234802246,,,,,,
2024-09-16,8.632927894592285,,,,,,
2024-09-17,8.868638038635254,,,,,,
2024-09-18,8.868638038635254,,,,,,
2024-09-19,9.173099517822266,,,,,,
2024-09-20,8.957030296325684,,,,,,
2024-09-23,8.976673126220703,,,,,,
2024-09-24,9.192208290100098,,,,,,
2024-09-25,8.936321258544922,,,,,,
2024-09-26,9.270941734313965,,,,,,
2024-09-27,9.408726692199709,,,,,,
2024-09-30,9.369359016418455,,,,,,
2024-10-01,8.87727165222168,,,,,,
2024-10-02,8.503284454345703,,,,,,
2024-10-03,8.414708137512207,,,,,,
2024-10-04,8.995372772216797,,,,,,
2024-10-07,8.483600616455078,,,,,,
2024-10-08,8.591858863830566,,,,,,
2024-10-09,8.54265022277832,,,,,,
2024-10-10,8.316290855407715,,,,,,
2024-10-11,8.700119018554688,,,,,,
2024-10-14,8.729645729064941,,,,,,
2024-10-15,9.074105262756348,,,,,,
2024-10-16,9.507143020629885,,,,,,
2024-10-17,9.4284086227417,,,,,,
2024-10-18,9.389041900634766,,,,,,
2024-10-21,9.005212783813477,,,,,,
2024-10-22,8.719801902770996,,,,,,
2024-10-23,8.552491188049316,,,,,,
2024-10-24,8.572176933288574,,,,,,
2024-10-25,8.454073905944824,,,,,,
2024-10-28,8.788695335388184,,,,,,
2024-10-29,8.5131254196167,,,,,,
2024-10-30,8.444232940673828,,,,,,
2024-10-31,8.25723934173584,,,,,,
2024-11-01,8.414708137512207,,,,,,
2024-11-04,8.631226539611816,,,,,,
2024-11-05,8.985529899597168,,,,,,
2024-11-06,9.556351661682127,,,,,,
2024-11-07,9.831921577453612,,,,,,
2024-11-08,9.64492893218994,,,,,,
2024-11-11,10.04844093322754,,,,,,
2024-11-12,9.822078704833984,,,,,,
2024-11-13,9.812237739562988,,,,,,
2024-11-14,9.76303005218506,,,,,,
2024-11-15,9.4284086227417,,,,,,
2024-11-18,9.467777252197266,,,,,,
2024-11-19,9.33983325958252,,,,,,
2024-11-20,9.074105262756348,,,,,,
2024-11-21,9.53666877746582,,,,,,
2024-11-22,10.264959335327148,,,,,,
2024-11-25,11.386919975280762,,,,,,
2024-11-26,10.91451644897461,,,,,,
2024-11-27,10.953883171081545,,,,,,
2024-11-29,10.953883171081545,,,,,,
2024-12-02,11.190085411071776,,,,,,
2024-12-03,11.081826210021973,,,,,,
2024-12-04,11.327869415283203,,,,,,
2024-12-05,10.806256294250488,,,,,,
2024-12-06,11.180241584777832,,,,,,
2024-12-09,11.150717735290527,,,,,,
2024-12-10,11.308186531066896,,,,,,
2024-12-11,11.44597053527832,,,,,,
2024-12-12,11.111351013183594,,,,,,
2024-12-13,11.012933731079102,,,,,,
2024-12-16,11.150717735290527,,,,,,
2024-12-17,10.85546588897705,,,,,,
2024-12-18,9.930339813232422,,,,,,
2024-12-19,9.841764450073242,,,,,,
2024-12-20,10.166542053222656,,,,,,
2024-12-23,9.980154037475586,,,,,,
2024-12-24,10.187252044677734,,,,,,
2024-12-26,10.571864128112791,,,,,,
2024-12-27,10.216836929321287,,,,,,
2024-12-30,9.743471145629885,,,,,,
2024-12-31,9.743471145629885,,,,,,
2025-01-02,9.644851684570312,,,,,,
2025-01-03,9.763193130493164,,,,,,
2025-01-06,9.85194969177246,,,,,,
2025-01-07,9.664575576782228,,,,,,
2025-01-08,9.605403900146484,,,,,,
2025-01-10,9.516648292541504,,,,,,
2025-01-13,9.2306547164917,,,,,,
2025-01-14,8.984110832214355,,,,,,
2025-01-15,9.270102500915527,,,,,,
2025-01-16,9.210932731628418,,,,,,
2025-01-17,9.270102500915527,,,,,,
2025-01-21,9.723746299743652,,,,,,
2025-01-22,9.477200508117676,,,,,,
2025-01-23,9.822364807128906,,,,,,
2025-01-24,9.911120414733888,,,,,,
2025-01-27,9.980154037475586,,,,,,
2025-01-28,10.098495483398438,,,,,,
2025-01-29,9.970292091369627,,,,,,
2025-01-30,10.345041275024414,,,,,,
2025-01-31,9.842086791992188,,,,,,
2025-02-03,9.319412231445312,,,,,,
2025-02-04,9.634990692138672,,,,,,
2025-02-05,9.81250286102295,,,,,,
2025-02-06,9.763193130493164,,,,,,
2025-02-07,9.082728385925291,,,,,,
2025-02-10,9.35886001586914,,,,,,
2025-02-11,9.2799654006958,,,,,,
2025-02-12,9.181347846984863,,,,,,
2025-02-13,9.516648292541504,,,,,,
2025-02-14,9.42789363861084,,,,,,
2025-02-18,9.418030738830566,,,,,,
2025-02-19,9.210932731628418,,,,,,
2025-02-20,8.85590648651123,,,,,,
2025-02-21,8.027514457702637,,,,,,
2025-02-24,8.086685180664062,,,,,,
2025-02-25,8.185303688049316,,,,,,
2025-02-26,7.8894500732421875,,,,,,
2025-02-27,7.416082382202148,,,,,,
2025-02-28,7.623180866241455,,,,,,
2025-03-03,6.972301483154297,,,,,,
2025-03-04,6.627136707305908,,,,,,
2025-03-05,6.775064468383789,,,,,,
2025-03-06,6.6468610763549805,,,,,,
2025-03-07,6.844098091125488,,,,,,
2025-03-10,6.498934268951416,,,,,,
2025-03-11,6.084737777709961,,,,,,
2025-03-12,5.857916831970215,,,,,,
2025-03-13,5.463443756103516,,,,,,
2025-03-14,5.680403709411621,,,,,,
2025-03-17,6.065014362335205,,,,,,
2025-03-18,5.808607578277588,,,,,,
2025-03-19,6.114323616027832,,,,,,
2025-03-20,5.995981216430664,,,,,,
2025-03-21,6.035429000854492,,,,,,
2025-03-24,6.627136707305908,,,,,,
2025-03-25,6.4657416343688965,,,,,,
2025-03-26,6.406331539154053,,,,,,
2025-03-27,6.356823921203613,,,,,,
2025-03-28,5.901350498199463,,,,,,
2025-03-31,6.049874305725098,,,,,,
2025-04-01,6.257808208465576,,,,,,
2025-04-02,6.643970012664795,,,,,,
2025-04-03,5.069616317749023,,,,,,
2025-04-04,4.891387939453125,,,,,,
2025-04-07,4.782470226287842,,,,,,
2025-04-08,4.267587661743164,,,,,,
2025-04-09,5.426074028015137,,,,,,
2025-04-10,4.990403652191162,,,,,,
2025-04-11,5.030010223388672,,,,,,
2025-04-14,5.129025936126709,,,,,,
2025-04-15,4.891387939453125,,,,,,
2025-04-16,4.7032575607299805,,,,,,
2025-04-17,5.039912223815918,,,,,,
2025-04-21,4.851781845092773,,,,,,
2025-04-22,5.1884355545043945,,,,,,
2025-04-23,5.24784517288208,,,,,,
2025-04-24,5.485483646392822,,,,,,
2025-04-25,5.49538516998291,,,,,,
2025-04-28,5.544893264770508,,,,,,
2025-04-29,5.614204406738281,,,,,,
2025-04-30,5.525089740753174,,,,,,
2025-05-01,5.634007453918457,,,,,,
2025-05-02,5.960760593414307,,,,,,
2025-05-05,5.901350498199463,,,,,,
2025-05-06,5.752826690673828,,,,,,
2025-05-07,5.861743927001953,,,,,,
2025-05-08,6.109283924102783,,,,,,
2025-05-09,5.931055068969727,,,,,,
2025-05-12,6.931116580963135,,,,,,
2025-05-13,6.950919628143311,,,,,,
2025-05-14,6.881608009338379,,,,,,
2025-05-15,7.208361148834228,,,,,,
2025-05-16,7.48560619354248,,,,,,
2025-05-19,7.416294574737549,,,,,,
2025-05-20,7.495507717132568,,,,,,
2025-05-21,6.83210039138794,,,,,,
2025-05-22,7.188558101654053,,,,,,
2025-05-23,6.941018104553223,,,,,,
2025-05-27,7.416294574737549,,,,,,
2025-05-28,7.376688003540039,,,,,,
2025-05-29,7.257868766784668,,,,,,
2025-05-30,7.257868766784668,,,,,,
2025-06-02,7.356884956359863,,,,,,
2025-06-03,7.703441143035889,,,,,,
2025-06-04,7.554916858673096,,,,,,
2025-06-05,7.713342666625977,,,,,,
2025-06-06,7.950981140136719,,,,,,
2025-06-09,8.069799423217773,,,,,,
2025-06-10,8.139111518859863,,,,,,
2025-06-11,7.822259902954102,,,,,,
2025-06-12,7.584621429443359,,,,,,
2025-06-13,7.04003381729126,,,,,,
2025-06-16,7.505408763885498,,,,,,
2025-06-17,7.287574291229248,,,,,,
2025-06-18,7.277672290802002,,,,,,
2025-06-20,7.48560619354248,,,,,,
2025-06-23,7.604424953460693,,,,,,
2025-06-24,7.601443767547607,,,,,,
2025-06-25,7.382840156555176,,,,,,
2025-06-26,7.412649631500244,,,,,,
2025-06-27,7.621316909790039,,,,,,
2025-06-30,7.551761150360107,,,,,,
2025-07-01,8.207572937011719,,,,,,
2025-07-02,8.446048736572266,,,,,,
2025-07-03,8.585160255432129,,,,,,
2025-07-07,8.396366119384766,,,,,,
2025-07-08,8.356619834899902,,,,,,
2025-07-09,8.455985069274902,,,,,,
2025-07-10,8.684525489807129,,,,,,
2025-07-11,8.475857734680176,,,,,,
2025-07-14,8.634841918945312,,,,,,
2025-07-15,8.088334083557129,,,,,,
2025-07-16,8.068460464477539,,,,,,
2025-07-17,8.207572937011719,,,,,,
2025-07-18,8.217508316040039,,,,,,
2025-07-21,8.475857734680176,,,,,,
2025-07-22,9.171415328979492,,,,,,
2025-07-23,9.26084327697754,,,,,,
2025-07-24,8.823636054992676,,,,,,
2025-07-25,8.853446006774902,,,,,,
2025-07-28,8.813700675964355,,,,,,
2025-07-29,8.376493453979492,,,,,,
2025-07-30,8.147953033447266,,,,,,
2025-07-31,7.810111045837402,,,,,,
2025-08-01,7.621316909790039,,,,,,
2025-08-04,8.118143081665039,,,,,,
2025-08-05,8.138015747070312,,,,,,
2025-08-06,8.684525489807129,,,,,,
2025-08-07,8.624906539916992,,,,,,
2025-08-08,8.465921401977539,,,,,,
2025-08-11,8.575223922729492,,,,,,
2025-08-12,9.221096992492676,,,,,,
2025-08-13,9.827225685119627,,,,,,
2025-08-14,9.419828414916992,,,,,,
2025-08-15,9.360209465026855,,,,,,
2025-08-18,9.578812599182127,,,,,,
2025-08-19,9.568876266479492,,,,,,
2025-08-20,9.39995574951172,,,,,,
2025-08-21,9.201224327087402,,,,,,
2025-08-22,9.866972923278809,,,,,,
2025-08-25,9.668241500854492,,,,,,
2025-08-26,9.608622550964355,,,,,,
2025-08-27,10.135258674621582,,,,,,
2025-08-28,9.916653633117676,,,,,,
2025-08-29,9.489384651184082,,,,,,
2025-09-02,9.529130935668944,,,,,,
2025-09-03,9.658306121826172,,,,,,
2025-09-04,10.39360809326172,,,,,,
2025-09-05,10.522783279418944,,,,,,
2025-09-08,10.612212181091309,,,,,,
2025-09-09,10.363799095153809,,,,,,
2025-09-10,10.184940338134766,,,,,,
2025-09-11,10.781132698059082,,,,,,
2025-09-12,10.09551239013672,,,,,,
2025-09-15,10.473100662231444,,,,,,
2025-09-16,10.483036994934082,,,,,,
2025-09-17,10.552592277526855,,,,,,
2025-09-18,10.801005363464355,,,,,,
2025-09-19,10.373734474182127,,,,,,
2025-09-22,10.204813957214355,,,,,,
2025-09-23,10.274370193481444,,,,,,
2025-09-24,10.383671760559082,,,,,,
2025-09-25,9.837162017822266,,,,,,
2025-09-26,10.135258674621582,,,,,,
2025-09-29,10.234623908996582,,,,,,
2025-09-30,10.006083488464355,,,,,,
2025-10-01,10.065702438354492,,,,,,
2025-10-02,10.224687576293944,,,,,,
2025-10-03,10.274370193481444,,,,,,
2025-10-06,9.717924118041992,,,,,,
2025-10-07,9.270780563354492,,,,,,
2025-10-08,9.409892082214355,,,,,,
2025-10-09,9.062113761901855,,,,,,
2025-10-10,8.217508316040039,,,,,,
2025-10-13,9.022367477416992,,,,,,
2025-10-14,9.439701080322266,,,,,,
2025-10-15,9.519193649291992,,,,,,
2025-10-16,9.121732711791992,,,,,,
2025-10-17,9.121732711791992,,,,,,
2025-10-20,9.380082130432127,,,,,,
2025-10-21,9.529130935668944,,,,,,
2025-10-22,9.409892082214355,,,,,,
2025-10-23,9.469511032104492,,,,,,
2025-10-24,9.370145797729492,,,,,,
2025-10-27,9.54900360107422,,,,,,
2025-10-28,9.539067268371582,,,,,,
2025-10-29,8.942874908447266,,,,,,
2025-10-30,8.157889366149902,,,,,,
2025-10-31,8.138015747070312,,,,,,
2025-11-03,8.128079414367676,,,,,,
2025-11-04,7.740555286407471,,,,,,
2025-11-05,8.147953033447266,,,,,,
2025-11-06,7.432522773742676,,,,,,
2025-11-07,7.720682144165039,,,,,,
2025-11-10,7.810111045837402,,,,,,
2025-11-11,8.038651466369629,,,,,,
2025-11-12,8.177762031555176,,,,,,
2025-11-13,7.889603137969971,,,,,,
2025-11-14,7.730618953704834,,,,,,
2025-11-17,7.353030681610107,,,,,,
2025-11-18,7.343093872070312,,,,,,
2025-11-19,7.233792304992676,,,,,,
2025-11-20,6.955569744110107,,,,,,
2025-11-21,7.651125907897949,,,,,,
2025-11-24,7.551761150360107,,,,,,
2025-11-25,8.545414924621582,,,,,,
2025-11-26,8.932938575744629,,,,,,
2025-11-28,8.893192291259766,,,,,,
2025-12-01,8.982621192932129,,,,,,
2025-12-02,8.873319625854492,,,,,,
2025-12-03,9.240970611572266,,,,,,
2025-12-04,9.161478996276855,,,,,,
2025-12-05,9.479447364807127,,,,,,
2025-12-08,9.390018463134766,,,,,,
2025-12-09,9.638431549072266,,,,,,
2025-12-10,10.025957107543944,,,,,,
2025-12-11,10.324052810668944,,,,,,
2025-12-12,10.035894393920898,,,,,,
2025-12-15,9.956400871276855,,,,,,
2025-12-16,9.837162017822266,,,,,,
2025-12-17,9.80735206604004,,,,,,
2025-12-18,9.80735206604004,,,,,,
2025-12-19,9.886845588684082,,,,,,
2025-12-22,9.80735206604004,,,,,,
2025-12-23,9.55893898010254,,,,,,
2025-12-24,9.857035636901855,,,,,,
2025-12-26,9.817289352416992,,,,,,
2025-12-29,9.598685264587402,,,,,,
2025-12-30,9.39995574951172,,,,,,
2025-12-31,9.161478996276855,,,,,,
2026-01-02,9.360209465026855,,,,,,
2026-01-05,9.707987785339355,,,,,,
2026-01-06,10.383671760559082,,,,,,
2026-01-07,10.115386009216309,,,,,,
2026-01-08,10.612212181091309,,,,,,
2026-01-09,10.731450080871582,,,,,,
2026-01-12,10.69170379638672,,,,,,
2026-01-13,10.810942649841309,,,,,,
2026-01-14,10.622148513793944,,,,,,
2026-01-15,10.989800453186035,,,,,,
2026-01-16,10.84075164794922,,,,,,
2026-01-20,10.244561195373535,,,,,,
2026-01-21,10.781132698059082,,,,,,
2026-01-22,10.542654991149902,,,,,,
2026-01-23,10.244561195373535,,,,,,
2026-01-26,10.214750289916992,,,,,,
2026-01-27,10.075639724731444,,,,,,
2026-01-28,9.717924118041992,,,,,,
2026-01-29,9.380082130432127,,,,,,
2026-01-30,9.380082130432127,,,,,,
2026-02-02,9.89678192138672,,,,,,
2026-02-03,9.936527252197266,,,,,,
2026-02-04,10.353861808776855,,,,,,
2026-02-05,9.638431549072266,,,,,,
2026-02-06,10.413480758666992,,,,,,
2026-02-09,10.19487762451172,,,,,,
2026-02-10,9.628495216369627,,,,,,
2026-02-11,9.588748931884766,,,,,,
2026-02-12,9.31052589416504,,,,,,
2026-02-13,9.737797737121582,,,,,,
2026-02-17,9.598685264587402,,,,,,
2026-02-18,9.80735206604004,,,,,,
2026-02-19,9.817289352416992,,,,,,
2026-02-20,9.976273536682127,,,,,,
2026-02-23,9.380082130432127,,,,,,
2026-02-24,9.55893898010254,,,,,,
2026-02-25,9.320463180541992,,,,,,
2026-02-26,9.638431549072266,,,,,,
2026-02-27,9.419828414916992,,,,,,
2026-03-02,9.141605377197266,,,,,,
2026-03-03,8.992557525634766,,,,,,
2026-03-04,9.072049140930176,,,,,,
2026-03-05,8.654715538024902,,,,,,
2026-03-06,8.157889366149902,,,,,,
2026-03-09,8.09826946258545,,,,,,
2026-03-10,8.038651466369629,,,,,,
2026-03-11,7.800174236297607,,,,,,
2026-03-12,7.333157539367676,,,,,,
2026-03-13,7.273538112640381,,,,,,
2026-03-16,7.323221206665039,,,,,,
2026-03-17,7.343093872070312,,,,,,
2026-03-18,6.955569744110107,,,,,,
2026-03-19,7.213919162750244,,,,,,
2026-03-20,6.846267223358154,,,,,,
2026-03-23,7.253665447235107,,,,,,
2026-03-24,7.078205585479736,,,,,,
2026-03-25,7.297530174255371,,,,,,
2026-03-26,7.25765323638916,,,,,,
2026-03-27,6.88878870010376,,,,,,
2026-03-30,6.828972816467285,,,,,,
2026-03-31,7.357346057891846,,,,,,
2026-04-01,7.407192230224609,,,,,,
2026-04-02,7.367315292358398,,,,,,
2026-04-06,7.716240882873535,,,,,,
2026-04-07,7.546762943267822,,,,,,
2026-04-08,8.035259246826172,,,,,,
2026-04-09,8.29446029663086,,,,,,
2026-04-10,7.955504417419434,,,,,,
2026-04-13,8.1050443649292,,,,,,
2026-04-14,8.204736709594727,,,,,,
2026-04-15,8.29446029663086,,,,,,
2026-04-16,8.473908424377441,,,,,,
2026-04-17,9.18172836303711,,,,,,
2026-04-20,9.51071548461914,,,,,,
2026-04-21,9.281421661376951,,,,,,
2026-04-22,9.251513481140137,,,,,,
2026-04-23,8.872679710388184,,,,,,
2026-04-24,8.812864303588867,,,,,,
2026-04-27,8.643385887145996,,,,,,
2026-04-28,8.42406177520752,,,,,,
2026-04-29,8.214706420898438,,,,,,
2026-04-30,8.802894592285156,,,,,,
2026-05-01,8.723140716552734,,,,,,
2026-05-04,8.115013122558594,,,,,,
2026-05-05,8.344306945800781,,,,,,
2026-05-06,8.523755073547363,,,,,,
2026-05-07,8.30443000793457,,,,,,
2026-05-08,8.394153594970703,,,,,,
2026-05-11,7.516854763031006,,,,,,
2026-05-12,7.247683525085449,,,,,,
2026-05-13,6.998451232910156,,,,,,
2026-05-14,7.138021469116211,,,,,,
2026-05-15,6.819003582000732,,,,,,
2026-05-18,6.928665637969971,,,,,,
2026-05-19,6.80903434753418,,,,,,
2026-05-20,7.25765323638916,,,,,,
2026-05-21,7.4969162940979,,,,,,
2026-05-22,7.686333179473877,,,,,,
2026-05-26,7.786026000976562,,,,,,
2026-05-27,8.075136184692383,,,,,,
2026-05-28,8.543692588806152,,,,,,
2026-05-29,8.075136184692383,,,,,,
2026-06-01,7.875750064849853,,,,,,
2026-06-02,7.98541259765625,,,,,,
2026-06-03,7.885718822479248,,,,,,
2026-06-04,7.93556547164917,,,,,,
2026-06-05,7.676363468170166,,,,,,
2026-06-08,7.975442886352539,,,,,,
2026-06-09,8.26455307006836,,,,,,
2026-06-10,8.314399719238281,,,,,,
2026-06-11,9.092004776000977,,,,,,
2026-06-12,9.101974487304688,,,,,,
2026-06-15,9.02221965789795,,,,,,
2026-06-16,8.912556648254395,,,,,,
2026-06-17,8.1349515914917,,,,,,
2026-06-18,8.653355598449707,,,,,,
2026-06-22,8.444000244140625,,,,,,
2026-06-23,8.520000457763672,,,,,,
2026-06-24,9.260000228881836,,,,,,
2026-06-25,9.010000228881836,,,,,,
2026-06-26,9.359999656677246,,,,,,
2026-06-29,9.15999984741211,,,,,,
2026-06-30,9.079999923706056,,,,,,
2026-07-01,9.079999923706056,,,,,,
2026-07-02,9.149999618530272,,,,,,
2026-07-06,9.0,,,,,,
2026-07-07,8.9,,,,,,
2026-07-08,8.52,,,,,,
2026-07-09,8.81,,,,,,
2026-07-10,9.14,,,,,,
2026-07-13,8.96,,,,,,
2026-07-14,9.01,,,,,,
2026-07-15,9.42,,,,,,
2026-07-16,9.86,,,,,,
2026-07-17,9.53,,,,,,
2026-07-20,9.36,,,,,,
2026-07-21,9.23,,,,,,
2026-07-22,9.32,,,,,,
2026-07-23,8.57,,,,,,
2026-07-24,8.75,,,,,,
2026-07-27,9.48,,,,,,
2026-07-28,10.11,,,,,,
2026-07-29,10.08,,,,,,
2026-07-30,9.82,,,,,,
2026-07-31,9.56,,,,,,
2026-08-03,10.07,,,,,,
2026-08-04,10.38,,,,,,
2026-08-05,10.05,,,,,,
2026-08-06,9.56,,,,,,
2026-08-07,9.83,,,,,,
2026-08-10,9.79,,,,,,
2026-08-11,9.47,,,,,,
2026-08-12,9.19,,,,,,
2026-08-13,9.36,,,,,,
2026-08-14,9.2,,,,,,
2026-08-17,8.78,,,,,,
2026-08-18,8.66,,,,,,
2026-08-19,9.17,,,,,,
2026-08-20,8.52,,,,,,
2026-08-21,8.79,,,,,,
2026-08-24,9.15,,,,,,
2026-08-25,8.86,,,,,,
2026-08-26,8.92,,,,,,
2026-08-27,8.45,,,,,,
2026-08-28,8.52,,,,,,
2026-08-31,8.31,8.51,8.52,8.26,164770.0,8.35,718.0
2026-09-01,8.23,8.19,8.44,8.06,177136.0,8.221,682.0
