date,close,open,high,low,volume,average,barCount
2008-11-05,3.272099733352661,,,,,,
2008-11-06,2.771660566329956,,,,,,
2008-11-07,2.9673454761505127,,,,,,
2008-11-10,2.851858615875244,,,,,,
2008-11-11,2.6632330417633057,,,,,,
2008-11-12,2.366819381713867,,,,,,
2008-11-13,2.708785057067871,,,,,,
2008-11-14,2.3616857528686523,,,,,,
2008-11-17,2.1948723793029785,,,,,,
2008-11-18,2.2147624492645264,,,,,,
2008-11-19,1.8580385446548464,,,,,,
2008-11-20,1.537245512008667,,,,,,
2008-11-21,1.7111157178878784,,,,,,
2008-11-24,1.99983024597168,,,,,,
2008-11-25,2.111466646194458,,,,,,
2008-11-26,2.331531047821045,,,,,,
2008-11-28,2.400822639465332,,,,,,
2008-12-01,1.7771989107131958,,,,,,
2008-12-02,1.9651846885681152,,,,,,
2008-12-03,2.1127498149871826,,,,,,
2008-12-04,1.9440124034881592,,,,,,
2008-12-05,2.141621828079224,,,,,,
2008-12-08,2.3802919387817383,,,,,,
2008-12-09,2.24620008468628,,,,,,
2008-12-10,2.316774368286133,,,,,,
2008-12-11,2.145470142364502,,,,,,
2008-12-12,2.2025716304779053,,,,,,
2008-12-15,2.108257532119751,,,,,,
2008-12-16,2.429693937301636,,,,,,
2008-12-17,2.3715932369232178,,,,,,
2008-12-18,2.240480899810791,,,,,,
2008-12-19,2.2359824180603027,,,,,,
2008-12-22,2.133791446685791,,,,,,
2008-12-23,2.066306829452514,,,,,,
2008-12-24,2.0907299518585205,,,,,,
2008-12-26,2.1344335079193115,,,,,,
2008-12-29,2.1209371089935303,,,,,,
2008-12-30,2.261690616607666,,,,,,
2008-12-31,2.3388149738311768,,,,,,
2009-01-02,2.567619562149048,,,,,,
2009-01-05,2.567619562149048,,,,,,
2009-01-06,2.6299619674682617,,,,,,
2009-01-07,2.4088709354400635,,,,,,
2009-01-08,2.433293104171753,,,,,,
2009-01-09,2.2732584476470947,,,,,,
2009-01-12,2.108082771301269,,,,,,
2009-01-13,2.116438388824463,,,,,,
2009-01-14,1.9094852209091189,,,,,,
2009-01-15,1.93455183506012,,,,,,
2009-01-16,1.973114252090454,,,,,,
2009-01-20,1.66782808303833,,,,,,
2009-01-21,1.8696383237838743,,,,,,
2009-01-22,1.7758028507232666,,,,,,
2009-01-23,1.808581113815308,,,,,,
2009-01-26,1.8285048007965088,,,,,,
2009-01-27,1.8979170322418213,,,,,,
2009-01-28,2.0669500827789307,,,,,,
2009-01-29,1.886991262435913,,,,,,
2009-01-30,1.7687325477600098,,,,,,
2009-02-02,1.7552354335784912,,,,,,
2009-02-03,1.8207920789718628,,,,,,
2009-02-04,1.795083999633789,,,,,,
2009-02-05,1.8908480405807493,,,,,,
2009-02-06,2.045098304748535,,,,,,
2009-02-09,2.0585947036743164,,,,,,
2009-02-10,1.7719461917877195,,,,,,
2009-02-11,1.802796721458435,,,,,,
2009-02-12,1.813722848892212,,,,,,
2009-02-13,1.7584495544433594,,,,,,
2009-02-17,1.5180766582489014,,,,,,
2009-02-18,1.513577580451965,,,,,,
2009-02-19,1.464088797569275,,,,,,
2009-02-20,1.4158859252929688,,,,,,
2009-02-23,1.2770607471466064,,,,,,
2009-02-24,1.4146009683609009,,,,,,
2009-02-25,1.370254397392273,,,,,,
2009-02-26,1.3079109191894531,,,,,,
2009-02-27,1.2237168550491333,,,,,,
2009-03-02,1.057897925376892,,,,,,
2009-03-03,1.033475041389465,,,,,,
2009-03-04,1.0990312099456787,,,,,,
2009-03-05,0.9704890847206116,,,,,,
2009-03-06,0.9711323976516724,,,,,,
2009-03-09,0.9383543133735656,,,,,,
2009-03-10,1.1048156023025513,,,,,,
2009-03-11,1.124739170074463,,,,,,
2009-03-12,1.2616358995437622,,,,,,
2009-03-13,1.290557861328125,,,,,,
2009-03-16,1.274490237236023,,,,,,
2009-03-17,1.3901777267456057,,,,,,
2009-03-18,1.4878697395324707,,,,,,
2009-03-19,1.4377384185791016,,,,,,
2009-03-20,1.3400464057922363,,,,,,
2009-03-23,1.6331210136413574,,,,,,
2009-03-24,1.5307893753051758,,,,,,
2009-03-25,1.573347568511963,,,,,,
2009-03-26,1.681675910949707,,,,,,
2009-03-27,1.5817304849624634,,,,,,
2009-03-30,1.425685167312622,,,,,,
2009-03-31,1.4585702419281006,,,,,,
2009-04-01,1.546264886856079,,,,,,
2009-04-02,1.6842559576034546,,,,,,
2009-04-03,1.7390646934509275,,,,,,
2009-04-06,1.7016661167144775,,,,,,
2009-04-07,1.573347568511963,,,,,,
2009-04-08,1.627511978149414,,,,,,
2009-04-09,1.818376898765564,,,,,,
2009-04-13,1.8312734365463257,,,,,,
2009-04-14,1.735195875167847,,,,,,
2009-04-15,1.789360523223877,,,,,,
2009-04-16,1.868673205375672,,,,,,
2009-04-17,1.911230564117432,,,,,,
2009-04-20,1.6655558347702026,,,,,,
2009-04-21,1.7629220485687256,,,,,,
2009-04-22,1.7313268184661863,,,,,,
2009-04-23,1.7809778451919556,,,,,,
2009-04-24,1.866093993186951,,,,,,
2009-04-27,1.818376898765564,,,,,,
2009-04-28,1.80612587928772,,,,,,
2009-04-29,1.910585761070252,,,,,,
2009-04-30,1.913809418678284,,,,,,
2009-05-01,1.95185387134552,,,,,,
2009-05-04,2.146588087081909,,,,,,
2009-05-05,2.1233747005462646,,,,,,
2009-05-06,2.2239649295806885,,,,,,
2009-05-07,2.1330461502075195,,,,,,
2009-05-08,2.2845780849456787,,,,,,
2009-05-11,2.156259536743164,,,,,,
2009-05-12,2.1382052898406982,,,,,,
2009-05-13,1.973777413368225,,,,,,
2009-05-14,2.0118212699890137,,,,,,
2009-05-15,1.962815880775452,,,,,,
2009-05-18,2.1349806785583496,,,,,,
2009-05-19,2.1330461502075195,,,,,,
2009-05-20,2.0962917804718018,,,,,,
2009-05-21,1.998924970626831,,,,,,
2009-05-22,1.983449459075928,,,,,,
2009-05-26,2.14852261543274,,,,,,
2009-05-27,2.0247180461883545,,,,,,
2009-05-28,2.1059646606445312,,,,,,
2009-05-29,2.2136476039886475,,,,,,
2009-06-01,2.3825902938842773,,,,,,
2009-06-02,2.403869390487671,,,,,,
2009-06-03,2.3052117824554443,,,,,,
2009-06-04,2.3593761920928955,,,,,,
2009-06-05,2.3658246994018555,,,,,,
2009-06-08,2.3419668674468994,,,,,,
2009-06-09,2.3787217140197754,,,,,,
2009-06-10,2.3593761920928955,,,,,,
2009-06-11,2.392261981964112,,,,,,
2009-06-12,2.4064478874206543,,,,,,
2009-06-15,2.232992172241211,,,,,,
2009-06-16,2.1472327709198,,,,,,
2009-06-17,2.141428709030152,,,,,,
2009-06-18,2.1768932342529297,,,,,,
2009-06-19,2.199462413787842,,,,,,
2009-06-22,2.009242296218872,,,,,,
2009-06-23,2.01260757446289,,,,,,
2009-06-24,2.0598485469818115,,,,,,
2009-06-25,2.195101737976074,,,,,,
2009-06-26,2.1802165508270264,,,,,,
2009-06-29,2.242341995239258,,,,,,
2009-06-30,2.1976888179779053,,,,,,
2009-07-01,2.2229275703430176,,,,,,
2009-07-02,2.0397868156433105,,,,,,
2009-07-06,2.033315658569336,,,,,,
2009-07-07,1.912946701049805,,,,,,
2009-07-08,1.912946701049805,,,,,,
2009-07-09,1.9187713861465447,,,,,,
2009-07-10,1.9064757823944087,,,,,,
2009-07-13,2.0410819053649902,,,,,,
2009-07-14,2.081850528717041,,,,,,
2009-07-15,2.2630503177642822,,,,,,
2009-07-16,2.327118158340454,,,,,,
2009-07-17,2.325822830200196,,,,,,
2009-07-20,2.4008913040161133,,,,,,
2009-07-21,2.432600975036621,,,,,,
2009-07-22,2.437778949737549,,,,,,
2009-07-23,2.6027989387512207,,,,,,
2009-07-24,2.6351561546325684,,,,,,
2009-07-27,2.659100294113159,,,,,,
2009-07-28,2.643569231033325,,,,,,
2009-07-29,2.5976219177246094,,,,,,
2009-07-30,2.681750059127808,,,,,,
2009-07-31,2.689515829086304,,,,,,
2009-08-03,2.8234729766845703,,,,,,
2009-08-04,2.8513009548187256,,,,,,
2009-08-05,2.8234729766845703,,,,,,
2009-08-06,2.78335189819336,,,,,,
2009-08-07,2.8953068256378174,,,,,,
2009-08-10,2.8713624477386475,,,,,,
2009-08-11,2.768467664718628,,,,,,
2009-08-12,2.8629491329193115,,,,,,
2009-08-13,2.9205446243286133,,,,,,
2009-08-14,2.8474183082580566,,,,,,
2009-08-17,2.637096881866455,,,,,,
2009-08-18,2.708282709121704,,,,,,
2009-08-19,2.779468297958374,,,,,,
2009-08-20,2.859714269638061,,,,,,
2009-08-21,3.020204782485962,,,,,,
2009-08-24,3.015028238296509,,,,,,
2009-08-25,3.033795118331909,,,,,,
2009-08-26,3.037678003311157,,,,,,
2009-08-27,3.060975313186645,,,,,,
2009-08-28,3.0545034408569336,,,,,,
2009-08-31,2.9729628562927246,,,,,,
2009-09-01,2.777528047561645,,,,,,
2009-09-02,2.74517035484314,,,,,,
2009-09-03,2.8163557052612305,,,,,,
2009-09-04,2.938017606735229,,,,,,
2009-09-08,3.021498441696167,,,,,,
2009-09-09,3.0913898944854736,,,,,,
2009-09-10,3.18716812133789,,,,,,
2009-09-11,3.18716812133789,,,,,,
2009-09-14,3.2447621822357178,,,,,,
2009-09-15,3.29071044921875,,,,,,
2009-09-16,3.4434351921081543,,,,,,
2009-09-17,3.422079563140869,,,,,,
2009-09-18,3.429196834564209,,,,,,
2009-09-21,3.404606342315674,,,,,,
2009-09-22,3.4691379070281982,,,,,,
2009-09-23,3.3673129081726074,,,,,,
2009-09-24,3.253167152404785,,,,,,
2009-09-25,3.207119941711426,,,,,,
2009-09-28,3.371854066848755,,,,,,
2009-09-29,3.354342222213745,,,,,,
2009-09-30,3.310889482498169,,,,,,
2009-10-01,3.059248685836792,,,,,,
2009-10-02,3.020334959030152,,,,,,
2009-10-05,3.15069580078125,,,,,,
2009-10-06,3.2888383865356445,,,,,,
2009-10-07,3.313483715057373,,,,,,
2009-10-08,3.3964993953704834,,,,,,
2009-10-09,3.4542202949523926,,,,,,
2009-10-12,3.5002684593200684,,,,,,
2009-10-13,3.474975109100342,,,,,,
2009-10-14,3.6513822078704834,,,,,,
2009-10-15,3.685107469558716,,,,,,
2009-10-16,3.605983257293701,,,,,,
2009-10-19,3.697429895401001,,,,,,
2009-10-20,3.634519577026367,,,,,,
2009-10-21,3.5359389781951904,,,,,,
2009-10-22,3.635817766189575,,,,,,
2009-10-23,3.5080511569976807,,,,,,
2009-10-26,3.392608404159546,,,,,,
2009-10-27,3.3413710594177246,,,,,,
2009-10-28,3.139021396636963,,,,,,
2009-10-29,3.33683180809021,,,,,,
2009-10-30,3.054060459136963,,,,,,
2009-11-02,3.1169707775115967,,,,,,
2009-11-03,3.152641534805298,,,,,,
2009-11-04,3.164315700531006,,,,,,
2009-11-05,3.349802732467652,,,,,,
2009-11-06,3.376393318176269,,,,,,
2009-11-09,3.6079280376434326,,,,,,
2009-11-10,3.6072800159454346,,,,,,
2009-11-11,3.6630570888519287,,,,,,
2009-11-12,3.552153825759888,,,,,,
2009-11-13,3.610523223876953,,,,,,
2009-11-16,3.773960113525391,,,,,,
2009-11-17,3.7843363285064697,,,,,,
2009-11-18,3.771364688873291,,,,,,
2009-11-19,3.613117694854736,,,,,,
2009-11-20,3.5827105045318604,,,,,,
2009-11-23,3.704631805419922,,,,,,
2009-11-24,3.714914560317993,,,,,,
2009-11-25,3.762653827667236,,,,,,
2009-11-27,3.5812418460845947,,,,,,
2009-11-30,3.614293336868286,,,,,,
2009-12-01,3.743558883666992,,,,,,
2009-12-02,3.7597155570983887,,,,,,
2009-12-03,3.6679091453552246,,,,,,
2009-12-04,3.731807231903076,,,,,,
2009-12-07,3.713444471359253,,,,,,
2009-12-08,3.595931053161621,,,,,,
2009-12-09,3.633388042449951,,,,,,
2009-12-10,3.6994903087615967,,,,,,
2009-12-11,3.753106117248535,,,,,,
2009-12-14,3.832428455352783,,,,,,
2009-12-15,3.784688234329224,,,,,,
2009-12-16,3.810394048690796,,,,,,
2009-12-17,3.677457094192505,,,,,,
2009-12-18,3.734010696411133,,,,,,
2009-12-21,3.8471179008483887,,,,,,
2009-12-22,3.899343967437744,,,,,,
2009-12-23,3.933917284011841,,,,,,
2009-12-24,3.995706558227539,,,,,,
2009-12-28,4.008211135864258,,,,,,
2009-12-29,3.991293668746948,,,,,,
2009-12-30,3.978787660598755,,,,,,
2009-12-31,3.862565517425537,,,,,,
2010-01-04,4.060438632965088,,,,,,
2010-01-05,4.098687171936035,,,,,,
2010-01-06,4.109720706939697,,,,,,
2010-01-07,4.158271789550781,,,,,,
2010-01-08,4.202405452728272,,,,,,
2010-01-11,4.2185893058776855,,,,,,
2010-01-12,4.095010280609131,,,,,,
2010-01-13,4.200199604034424,,,,,,
2010-01-14,4.234036922454834,,,,,,
2010-01-15,4.09133243560791,,,,,,
2010-01-19,4.238450527191162,,,,,,
2010-01-20,4.113397598266602,,,,,,
2010-01-21,3.891252279281616,,,,,,
2010-01-22,3.63306188583374,,,,,,
2010-01-25,3.686760425567627,,,,,,
2010-01-26,3.638211250305176,,,,,,
2010-01-27,3.6904377937316895,,,,,,
2010-01-28,3.5595037937164307,,,,,,
2010-01-29,3.429304838180542,,,,,,
2010-02-01,3.591869592666626,,,,,,
2010-02-02,3.729424715042114,,,,,,
2010-02-03,3.673519134521485,,,,,,
2010-02-04,3.3322067260742188,,,,,,
2010-02-05,3.3483901023864746,,,,,,
2010-02-08,3.272624492645264,,,,,,
2010-02-09,3.3969385623931885,,,,,,
2010-02-10,3.3756070137023926,,,,,,
2010-02-11,3.488151788711548,,,,,,
2010-02-12,3.488886833190918,,,,,,
2010-02-16,3.655129432678223,,,,,,
2010-02-17,3.709562301635742,,,,,,
2010-02-18,3.776501417160034,,,,,,
2010-02-19,3.805924892425537,,,,,,
2010-02-22,3.7993052005767822,,,,,,
2010-02-23,3.661749839782715,,,,,,
2010-02-24,3.7522265911102295,,,,,,
2010-02-25,3.7470779418945312,,,,,,
2010-02-26,3.7514915466308594,,,,,,
2010-03-01,3.8713903427124015,,,,,,
2010-03-02,3.910377264022827,,,,,,
2010-03-03,3.920676469802856,,,,,,
2010-03-04,3.953042507171631,,,,,,
2010-03-05,4.120020389556885,,,,,,
2010-03-08,4.125168800354004,,,,,,
2010-03-09,4.147973537445068,,,,,,
2010-03-10,4.206084251403809,,,,,,
2010-03-11,4.253161430358887,,,,,,
2010-03-12,4.264195442199707,,,,,,
2010-03-15,4.256103515625,,,,,,
2010-03-16,4.370119571685791,,,,,,
2010-03-17,4.4517693519592285,,,,,,
2010-03-18,4.426023960113525,,,,,,
2010-03-19,4.352465629577637,,,,,,
2010-03-22,4.435585975646973,,,,,,
2010-03-23,4.535804748535156,,,,,,
2010-03-24,4.464273452758789,,,,,,
2010-03-25,4.436415195465088,,,,,,
2010-03-26,4.440932750701904,,,,,,
2010-03-29,4.516229152679443,,,,,,
2010-03-30,4.52752161026001,,,,,,
2010-03-31,4.481593132019043,,,,,,
2010-04-01,4.579476356506348,,,,,,
2010-04-05,4.702961921691895,,,,,,
2010-04-06,4.7391037940979,,,,,,
2010-04-07,4.657032489776611,,,,,,
2010-04-08,4.700702667236328,,,,,,
2010-04-09,4.788800239562988,,,,,,
2010-04-12,4.821928977966309,,,,,,
2010-04-13,4.82945728302002,,,,,,
2010-04-14,4.992096900939941,,,,,,
2010-04-15,5.010921001434326,,,,,,
2010-04-16,4.776752471923828,,,,,,
2010-04-19,4.815906047821045,,,,,,
2010-04-20,4.947670936584473,,,,,,
2010-04-21,4.934118747711182,,,,,,
2010-04-22,4.980801582336426,,,,,,
2010-04-23,5.08094596862793,,,,,,
2010-04-26,5.030496597290039,,,,,,
2010-04-27,4.672843933105469,,,,,,
2010-04-28,4.771480560302734,,,,,,
2010-04-29,4.951438903808594,,,,,,
2010-04-30,4.707480430603027,,,,,,
2010-05-03,4.885176658630371,,,,,,
2010-05-04,4.537312030792236,,,,,,
2010-05-05,4.441685199737549,,,,,,
2010-05-06,3.995183944702149,,,,,,
2010-05-07,3.797154903411865,,,,,,
2010-05-10,4.308412075042725,,,,,,
2010-05-11,4.282060146331787,,,,,,
2010-05-12,4.46879243850708,,,,,,
2010-05-13,4.312177658081055,,,,,,
2010-05-14,4.07198429107666,,,,,,
2010-05-17,4.079513549804688,,,,,,
2010-05-18,3.913863897323608,,,,,,
2010-05-19,3.837815284729004,,,,,,
2010-05-20,3.398089408874512,,,,,,
2010-05-21,3.534374952316284,,,,,,
2010-05-24,3.4108896255493164,,,,,,
2010-05-25,3.4169139862060547,,,,,,
2010-05-26,3.3672192096710205,,,,,,
2010-05-27,3.704542875289917,,,,,,
2010-05-28,3.582563638687134,,,,,,
2010-06-01,3.3777592182159424,,,,,,
2010-06-02,3.642801284790039,,,,,,
2010-06-03,3.691742181777954,,,,,,
2010-06-04,3.3152644634246826,,,,,,
2010-06-07,3.170696496963501,,,,,,
2010-06-08,3.260297536849976,,,,,,
2010-06-09,3.2136154174804688,,,,,,
2010-06-10,3.501997470855713,,,,,,
2010-06-11,3.5509397983551025,,,,,,
2010-06-14,3.543410301208496,,,,,,
2010-06-15,3.7820968627929688,,,,,,
2010-06-16,3.776073694229126,,,,,,
2010-06-17,3.7866151332855225,,,,,,
2010-06-18,3.797154903411865,,,,,,
2010-06-21,3.7527318000793457,,,,,,
2010-06-22,3.5678207874298096,,,,,,
2010-06-23,3.532390117645264,,,,,,
2010-06-24,3.355243444442749,,,,,,
2010-06-25,3.401226282119751,,,,,,
2010-06-28,3.359766721725464,,,,,,
2010-06-29,3.0469322204589844,,,,,,
2010-06-30,2.94742751121521,,,,,,
2010-07-01,2.9210450649261475,,,,,,
2010-07-02,2.873553991317749,,,,,,
2010-07-06,2.915766954421997,,,,,,
2010-07-07,3.1961874961853027,,,,,,
2010-07-08,3.287400245666504,,,,,,
2010-07-09,3.365797281265259,,,,,,
2010-07-12,3.368058204650879,,,,,,
2010-07-13,3.5293760299682617,,,,,,
2010-07-14,3.5248522758483887,,,,,,
2010-07-15,3.532390117645264,,,,,,
2010-07-16,3.2338790893554688,,,,,,
2010-07-19,3.294184684753418,,,,,,
2010-07-20,3.407256841659546,,,,,,
2010-07-21,3.27307677268982,,,,,,
2010-07-22,3.4916841983795166,,,,,,
2010-07-23,3.5911881923675537,,,,,,
2010-07-26,3.709537982940674,,,,,,
2010-07-27,3.6944620609283447,,,,,,
2010-07-28,3.620587348937988,,,,,,
2010-07-29,3.565558671951294,,,,,,
2010-07-30,3.5730974674224854,,,,,,
2010-08-02,3.801502704620361,,,,,,
2010-08-03,3.747981309890747,,,,,,
2010-08-04,3.828641653060913,,,,,,
2010-08-05,3.818087100982666,,,,,,
2010-08-06,3.770596504211426,,,,,,
2010-08-09,3.834672212600708,,,,,,
2010-08-10,3.759289741516113,,,,,,
2010-08-11,3.446455240249634,,,,,,
2010-08-12,3.3884103298187256,,,,,,
2010-08-13,3.3507208824157715,,,,,,
2010-08-16,3.3522279262542725,,,,,,
2010-08-17,3.4788689613342285,,,,,,
2010-08-18,3.503745555877685,,,,,,
2010-08-19,3.323583602905273,,,,,,
2010-08-20,3.29192328453064,,,,,,
2010-08-23,3.2512168884277344,,,,,,
2010-08-24,3.1079912185668945,,,,,,
2010-08-25,3.1404051780700684,,,,,,
2010-08-26,3.079346179962158,,,,,,
2010-08-27,3.224832773208618,,,,,,
2010-08-30,3.085376739501953,,,,,,
2010-08-31,3.1004531383514404,,,,,,
2010-09-01,3.359766721725464,,,,,,
2010-09-02,3.4577624797821045,,,,,,
2010-09-03,3.5926966667175293,,,,,,
2010-09-07,3.47510027885437,,,,,,
2010-09-08,3.5414364337921143,,,,,,
2010-09-09,3.587419271469116,,,,,,
2010-09-10,3.642448663711548,,,,,,
2010-09-13,3.768336296081543,,,,,,
2010-09-14,3.763058662414551,,,,,,
2010-09-15,3.8052725791931152,,,,,,
2010-09-16,3.802257061004639,,,,,,
2010-09-17,3.8067805767059326,,,,,,
2010-09-20,3.981665849685669,,,,,,
2010-09-21,3.9582982063293457,,,,,,
2010-09-22,3.8965156078338623,,,,,,
2010-09-23,3.8028600215911865,,,,,,
2010-09-24,4.0302019119262695,,,,,,
2010-09-27,3.987905502319336,,,,,,
2010-09-28,4.037753582000732,,,,,,
2010-09-29,4.01056432723999,,,,,,
2010-09-30,3.98412823677063,,,,,,
2010-10-01,4.029445171356201,,,,,,
2010-10-04,3.938810825347901,,,,,,
2010-10-05,4.173704624176025,,,,,,
2010-10-06,4.165396690368652,,,,,,
2010-10-07,4.151800155639648,,,,,,
2010-10-08,4.225065231323242,,,,,,
2010-10-11,4.241680145263672,,,,,,
2010-10-12,4.2839765548706055,,,,,,
2010-10-13,4.376121044158936,,,,,,
2010-10-14,4.335336208343506,,,,,,
2010-10-15,4.354218482971191,,,,,,
2010-10-18,4.381407737731934,,,,,,
2010-10-19,4.233372211456299,,,,,,
2010-10-20,4.358749866485596,,,,,,
2010-10-21,4.387450695037842,,,,,,
2010-10-22,4.419172763824463,,,,,,
2010-10-25,4.462979316711426,,,,,,
2010-10-26,4.461468696594238,,,,,,
2010-10-27,4.432013034820557,,,,,,
2010-10-28,4.436544418334961,,,,,,
2010-10-29,4.453160285949707,,,,,,
2010-11-01,4.453160285949707,,,,,,
2010-11-02,4.558900833129883,,,,,,
2010-11-03,4.6170573234558105,,,,,,
2010-11-04,4.864790916442871,,,,,,
2010-11-05,4.933521270751953,,,,,,
2010-11-08,4.911618709564209,,,,,,
2010-11-09,4.796814918518066,,,,,,
2010-11-10,4.861014366149902,,,,,,
2010-11-11,4.821740627288818,,,,,,
2010-11-12,4.634429454803467,,,,,,
2010-11-15,4.616302013397217,,,,,,
2010-11-16,4.399535179138184,,,,,,
2010-11-17,4.4184184074401855,,,,,,
2010-11-18,4.613280773162842,,,,,,
2010-11-19,4.652556419372559,,,,,,
2010-11-22,4.652556419372559,,,,,,
2010-11-23,4.447874546051025,,,,,,
2010-11-24,4.657843112945557,,,,,,
2010-11-26,4.512828350067139,,,,,,
2010-11-29,4.537753582000732,,,,,,
2010-11-30,4.452404975891113,,,,,,
2010-12-01,4.734882831573486,,,,,,
2010-12-02,4.919925689697266,,,,,,
2010-12-03,4.965244770050049,,,,,,
2010-12-06,4.95164966583252,,,,,,
2010-12-07,4.958446502685547,,,,,,
2010-12-08,4.999231815338135,,,,,,
2010-12-09,5.053610801696777,,,,,,
2010-12-10,5.143492221832275,,,,,,
2010-12-13,5.149532794952393,,,,,,
2010-12-14,5.162372589111328,,,,,,
2010-12-15,5.0921311378479,,,,,,
2010-12-16,5.178989887237549,,,,,,
2010-12-17,5.212978363037109,,,,,,
2010-12-20,5.240167140960693,,,,,,
2010-12-21,5.345150947570801,,,,,,
2010-12-22,5.392735481262207,,,,,,
2010-12-23,5.370077133178711,,,,,,
2010-12-27,5.374609470367432,,,,,,
2010-12-28,5.3882036209106445,,,,,,
2010-12-29,5.413127899169922,,,,,,
2010-12-30,5.393489837646484,,,,,,
2010-12-31,5.400287628173828,,,,,,
2011-01-03,5.553611278533936,,,,,,
2011-01-04,5.5264201164245605,,,,,,
2011-01-05,5.611767292022705,,,,,,
2011-01-06,5.583066463470459,,,,,,
2011-01-07,5.555876731872559,,,,,,
2011-01-10,5.542281150817871,,,,,,
2011-01-11,5.604214191436768,,,,,,
2011-01-12,5.759803771972656,,,,,,
2011-01-13,5.734879016876221,,,,,,
2011-01-14,5.8406195640563965,,,,,,
2011-01-18,5.893489837646484,,,,,,
2011-01-19,5.703911781311035,,,,,,
2011-01-20,5.667658805847168,,,,,,
2011-01-21,5.704668521881104,,,,,,
2011-01-24,5.80134391784668,,,,,,
2011-01-25,5.805120944976807,,,,,,
2011-01-26,5.888957500457764,,,,,,
2011-01-27,5.938051223754883,,,,,,
2011-01-28,5.62989616394043,,,,,,
2011-01-31,5.75376033782959,,,,,,
2011-02-01,6.023397922515869,,,,,,
2011-02-02,5.991676330566406,,,,,,
2011-02-03,6.035483360290527,,,,,,
2011-02-04,6.082308769226074,,,,,,
2011-02-07,6.206176280975342,,,,,,
2011-02-08,6.286992073059082,,,,,,
2011-02-09,6.250739097595215,,,,,,
2011-02-10,6.261312007904053,,,,,,
2011-02-11,6.379892826080322,,,,,,
2011-02-14,6.428231239318848,,,,,,
2011-02-15,6.366296768188477,,,,,,
2011-02-16,6.485631942749023,,,,,,
2011-02-17,6.549832820892334,,,,,,
2011-02-18,6.576267242431641,,,,,,
2011-02-22,6.169167518615723,,,,,,
2011-02-23,6.050588607788086,,,,,,
2011-02-24,6.036238193511963,,,,,,
2011-02-25,6.235634326934815,,,,,,
2011-02-28,6.355723857879639,,,,,,
2011-03-01,6.035483360290527,,,,,,
2011-03-02,6.066448211669922,,,,,,
2011-03-03,6.379892826080322,,,,,,
2011-03-04,6.249982833862305,,,,,,
2011-03-07,6.089863300323486,,,,,,
2011-03-08,6.249227046966553,,,,,,
2011-03-09,6.222037315368652,,,,,,
2011-03-10,5.881404399871826,,,,,,
2011-03-11,5.991676330566406,,,,,,
2011-03-14,5.888957500457764,,,,,,
2011-03-15,5.704668521881104,,,,,,
2011-03-16,5.398022174835205,,,,,,
2011-03-17,5.576269149780273,,,,,,
2011-03-18,5.652553558349609,,,,,,
2011-03-21,5.912371635437012,,,,,,
2011-03-22,5.848925590515137,,,,,,
2011-03-23,5.898776054382324,,,,,,
2011-03-24,6.073245525360107,,,,,,
2011-03-25,6.132914543151856,,,,,,
2011-03-28,6.088353633880615,,,,,,
2011-03-29,6.212219715118408,,,,,,
2011-03-30,6.351192474365234,,,,,,
2011-03-31,6.333065032958984,,,,,,
2011-04-01,6.412368774414063,,,,,,
2011-04-04,6.431251525878906,,,,,,
2011-04-05,6.431251525878906,,,,,,
2011-04-06,6.481856346130371,,,,,,
2011-04-07,6.430495262145996,,,,,,
2011-04-08,6.354212284088135,,,,,,
2011-04-11,6.296813011169434,,,,,,
2011-04-12,6.148774147033691,,,,,,
2011-04-13,6.155572891235352,,,,,,
2011-04-14,6.1714348793029785,,,,,,
2011-04-15,6.240919589996338,,,,,,
2011-04-18,6.024909019470215,,,,,,
2011-04-19,6.119319915771484,,,,,,
2011-04-20,6.394998073577881,,,,,,
2011-04-21,6.487142562866211,,,,,,
2011-04-25,6.473546981811523,,,,,,
2011-04-26,6.637444496154785,,,,,,
2011-04-27,6.764331817626953,,,,,,
2011-04-28,6.830041408538818,,,,,,
2011-04-29,6.888954162597656,,,,,,
2011-05-02,6.846658229827881,,,,,,
2011-05-03,6.749228000640869,,,,,,
2011-05-04,6.610255241394043,,,,,,
2011-05-05,6.451645374298096,,,,,,
2011-05-06,6.528683185577393,,,,,,
2011-05-09,6.623094081878662,,,,,,
2011-05-10,6.799076080322266,,,,,,
2011-05-11,6.582309246063232,,,,,,
2011-05-12,6.674454689025879,,,,,,
2011-05-13,6.506024360656738,,,,,,
2011-05-16,6.38442325592041,,,,,,
2011-05-17,6.366296768188477,,,,,,
2011-05-18,6.551340579986572,,,,,,
2011-05-19,6.58533239364624,,,,,,
2011-05-20,6.444092750549316,,,,,,
2011-05-23,6.204668045043945,,,,,,
2011-05-24,6.1925811767578125,,,,,,
2011-05-25,6.259803771972656,,,,,,
2011-05-26,6.353457927703857,,,,,,
2011-05-27,6.432763576507568,,,,,,
2011-05-31,6.63140344619751,,,,,,
2011-06-01,6.18804931640625,,,,,,
2011-06-02,6.167657375335693,,,,,,
2011-06-03,5.98110294342041,,,,,,
2011-06-06,5.777930736541748,,,,,,
2011-06-07,5.7718892097473145,,,,,,
2011-06-08,5.692584037780762,,,,,,
2011-06-09,5.811163902282715,,,,,,
2011-06-10,5.565695285797119,,,,,,
2011-06-13,5.570981502532959,,,,,,
2011-06-14,5.783216953277588,,,,,,
2011-06-15,5.484124660491943,,,,,,
2011-06-16,5.506782054901123,,,,,,
2011-06-17,5.552099227905273,,,,,,
2011-06-20,5.641979217529297,,,,,,
2011-06-21,5.879137992858887,,,,,,
2011-06-22,5.777176856994629,,,,,,
2011-06-23,5.732612609863281,,,,,,
2011-06-24,5.543036460876465,,,,,,
2011-06-27,5.673701763153076,,,,,,
2011-06-28,5.901797294616699,,,,,,
2011-06-29,6.059651851654053,,,,,,
2011-06-30,6.230346202850342,,,,,,
2011-07-01,6.497717380523682,,,,,,
2011-07-05,6.48940896987915,,,,,,
2011-07-06,6.521885871887207,,,,,,
2011-07-07,6.7318549156188965,,,,,,
2011-07-08,6.589107036590576,,,,,,
2011-07-11,6.2227935791015625,,,,,,
2011-07-12,6.133669853210449,,,,,,
2011-07-13,6.1933369636535645,,,,,,
2011-07-14,6.063429832458496,,,,,,
2011-07-15,6.17067813873291,,,,,,
2011-07-18,5.998473167419434,,,,,,
2011-07-19,6.299077033996582,,,,,,
2011-07-20,6.283969879150391,,,,,,
2011-07-21,6.536991596221924,,,,,,
2011-07-22,6.560405731201172,,,,,,
2011-07-25,6.444092750549316,,,,,,
2011-07-26,6.369318008422852,,,,,,
2011-07-27,5.965996265411377,,,,,,
2011-07-28,5.898021697998047,,,,,,
2011-07-29,5.793790817260742,,,,,,
2011-08-01,5.71297550201416,,,,,,
2011-08-02,5.264336109161377,,,,,,
2011-08-03,5.351195812225342,,,,,,
2011-08-04,4.561922073364258,,,,,,
2011-08-05,4.498477458953857,,,,,,
2011-08-08,3.611772537231445,,,,,,
2011-08-09,4.129142761230469,,,,,,
2011-08-10,3.5747647285461426,,,,,,
2011-08-11,4.077027797698975,,,,,,
2011-08-12,4.163131713867188,,,,,,
2011-08-15,4.432766914367676,,,,,,
2011-08-16,4.3073906898498535,,,,,,
2011-08-17,4.30587911605835,,,,,,
2011-08-18,3.737905502319336,,,,,,
2011-08-19,3.5475738048553467,,,,,,
2011-08-22,3.546817779541016,,,,,,
2011-08-23,3.9010472297668457,,,,,,
2011-08-24,4.063432693481445,,,,,,
2011-08-25,3.8693251609802246,,,,,,
2011-08-26,4.059657096862793,,,,,,
2011-08-29,4.413886070251465,,,,,,
2011-08-30,4.446362018585205,,,,,,
2011-08-31,4.52642297744751,,,,,,
2011-09-01,4.371588706970215,,,,,,
2011-09-02,4.027180194854736,,,,,,
2011-09-06,3.940320730209351,,,,,,
2011-09-07,4.267360210418701,,,,,,
2011-09-08,4.14424991607666,,,,,,
2011-09-09,3.815699815750122,,,,,,
2011-09-12,3.888207912445069,,,,,,
2011-09-13,4.001500606536865,,,,,,
2011-09-14,4.1729512214660645,,,,,,
2011-09-15,4.38669490814209,,,,,,
2011-09-16,4.449383735656738,,,,,,
2011-09-19,4.31872034072876,,,,,,
2011-09-20,4.288508892059326,,,,,,
2011-09-21,3.8927390575408936,,,,,,
2011-09-22,3.515852451324463,,,,,,
2011-09-23,3.583827495574951,,,,,,
2011-09-26,3.827784299850464,,,,,,
2011-09-27,3.964491605758667,,,,,,
2011-09-28,3.7008965015411377,,,,,,
2011-09-29,3.785488605499268,,,,,,
2011-09-30,3.5022573471069336,,,,,,
2011-10-03,3.182015180587769,,,,,,
2011-10-04,3.4002931118011475,,,,,,
2011-10-05,3.5951569080352783,,,,,,
2011-10-06,3.8028600215911865,,,,,,
2011-10-07,3.7046735286712646,,,,,,
2011-10-10,4.083072185516357,,,,,,
2011-10-11,4.0966668128967285,,,,,,
2011-10-12,4.210712909698486,,,,,,
2011-10-13,4.19032096862793,,,,,,
2011-10-14,4.405577182769775,,,,,,
2011-10-17,4.13896369934082,,,,,,
2011-10-18,4.396512985229492,,,,,,
2011-10-19,4.221288204193115,,,,,,
2011-10-20,4.290019035339356,,,,,,
2011-10-21,4.52415943145752,,,,,,
2011-10-24,4.731859683990479,,,,,,
2011-10-25,4.450138092041016,,,,,,
2011-10-26,4.579293251037598,,,,,,
2011-10-27,5.056633949279785,,,,,,
2011-10-28,5.054367542266846,,,,,,
2011-10-31,4.6842780113220215,,,,,,
2011-11-01,4.30436897277832,,,,,,
2011-11-02,4.506785392761231,,,,,,
2011-11-03,4.756030082702637,,,,,,
2011-11-04,4.688054084777832,,,,,,
2011-11-07,4.758296012878418,,,,,,
2011-11-08,4.938808917999268,,,,,,
2011-11-09,4.38669490814209,,,,,,
2011-11-10,4.489414215087891,,,,,,
2011-11-11,4.749987602233887,,,,,,
2011-11-14,4.63065242767334,,,,,,
2011-11-15,4.697117328643799,,,,,,
2011-11-16,4.476573467254639,,,,,,
2011-11-17,4.253766059875488,,,,,,
2011-11-18,4.234882831573486,,,,,,
2011-11-21,4.003767013549805,,,,,,
2011-11-22,3.952407121658325,,,,,,
2011-11-23,3.685035943984986,,,,,,
2011-11-25,3.66388750076294,,,,,,
2011-11-28,3.9818618297576895,,,,,,
2011-11-29,4.011320114135742,,,,,,
2011-11-30,4.512073040008545,,,,,,
2011-12-01,4.511317729949951,,,,,,
2011-12-02,4.509051322937012,,,,,,
2011-12-05,4.645758628845215,,,,,,
2011-12-06,4.650290012359619,,,,,,
2011-12-07,4.6865434646606445,,,,,,
2011-12-08,4.382164001464844,,,,,,
2011-12-09,4.602706432342529,,,,,,
2011-12-12,4.397270202636719,,,,,,
2011-12-13,4.2590532302856445,,,,,,
2011-12-14,4.113281726837158,,,,,,
2011-12-15,4.167660713195801,,,,,,
2011-12-16,4.189566612243652,,,,,,
2011-12-19,4.052103519439697,,,,,,
2011-12-20,4.415397644042969,,,,,,
2011-12-21,4.449383735656738,,,,,,
2011-12-22,4.577027320861816,,,,,,
2011-12-23,4.682011127471924,,,,,,
2011-12-27,4.691074371337891,,,,,,
2011-12-28,4.520381450653076,,,,,,
2011-12-29,4.645758628845215,,,,,,
2011-12-30,4.595154285430908,,,,,,
2012-01-03,4.799081325531006,,,,,,
2012-01-04,4.808145046234131,,,,,,
2012-01-05,4.864036083221436,,,,,,
2012-01-06,4.830803394317627,,,,,,
2012-01-09,4.857237815856934,,,,,,
2012-01-10,4.998476505279541,,,,,,
2012-01-11,5.01962423324585,,,,,,
2012-01-12,5.048325061798096,,,,,,
2012-01-13,4.98412561416626,,,,,,
2012-01-17,5.020379543304443,,,,,,
2012-01-18,5.195605754852295,,,,,,
2012-01-19,5.282462120056152,,,,,,
2012-01-20,5.286995887756348,,,,,,
2012-01-23,5.29681396484375,,,,,,
2012-01-24,5.292281627655029,,,,,,
2012-01-25,5.435030937194824,,,,,,
2012-01-26,5.342886924743652,,,,,,
2012-01-27,5.345907688140869,,,,,,
2012-01-30,5.293793678283691,,,,,,
2012-01-31,5.277930736541748,,,,,,
2012-02-01,5.435030937194824,,,,,,
2012-02-02,5.46901798248291,,,,,,
2012-02-03,5.702401161193848,,,,,,
2012-02-06,5.693339347839356,,,,,,
2012-02-07,5.737144470214844,,,,,,
2012-02-08,5.7764201164245605,,,,,,
2012-02-09,5.804366111755371,,,,,,
2012-02-10,5.676721572875977,,,,,,
2012-02-13,5.793790817260742,,,,,,
2012-02-14,5.780951976776123,,,,,,
2012-02-15,5.6986260414123535,,,,,,
2012-02-16,5.895000457763672,,,,,,
2012-02-17,5.92747688293457,,,,,,
2012-02-21,5.932764053344727,,,,,,
2012-02-22,5.8708319664001465,,,,,,
2012-02-23,5.962218761444092,,,,,,
2012-02-24,5.995452880859375,,,,,,
2012-02-27,6.021888256072998,,,,,,
2012-02-28,6.070225238800049,,,,,,
2012-02-29,5.9644856452941895,,,,,,
2012-03-01,6.087597370147705,,,,,,
2012-03-02,6.030951976776123,,,,,,
2012-03-05,5.950135707855225,,,,,,
2012-03-06,5.668414115905762,,,,,,
2012-03-07,5.797569751739502,,,,,,
2012-03-08,5.975059509277344,,,,,,
2012-03-09,6.053610801696777,,,,,,
2012-03-12,6.038503646850586,,,,,,
2012-03-13,6.376116752624512,,,,,,
2012-03-14,6.347415447235107,,,,,,
2012-03-15,6.448624134063721,,,,,,
2012-03-16,6.4901628494262695,,,,,,
2012-03-19,6.556629180908203,,,,,,
2012-03-20,6.487142562866211,,,,,,
2012-03-21,6.463730335235596,,,,,,
2012-03-22,6.314938545227051,,,,,,
2012-03-23,6.380647659301758,,,,,,
2012-03-26,6.63970947265625,,,,,,
2012-03-27,6.5815534591674805,,,,,,
2012-03-28,6.479589939117432,,,,,,
2012-03-29,6.453910827636719,,,,,,
2012-03-30,6.509048461914063,,,,,,
2012-04-02,6.663124084472656,,,,,,
2012-04-03,6.603456497192383,,,,,,
2012-04-04,6.396509647369385,,,,,,
2012-04-05,6.372339725494385,,,,,,
2012-04-09,6.158593654632568,,,,,,
2012-04-10,5.835330486297607,,,,,,
2012-04-11,5.96977424621582,,,,,,
2012-04-12,6.2250590324401855,,,,,,
2012-04-13,6.008292198181152,,,,,,
2012-04-16,5.983367919921875,,,,,,
2012-04-17,6.251495361328125,,,,,,
2012-04-18,6.1925811767578125,,,,,,
2012-04-19,6.088353633880615,,,,,,
2012-04-20,6.106479644775391,,,,,,
2012-04-23,5.949380874633789,,,,,,
2012-04-24,6.01357889175415,,,,,,
2012-04-25,6.271886825561523,,,,,,
2012-04-26,6.397263050079346,,,,,,
2012-04-27,6.435785293579102,,,,,,
2012-04-30,6.350438117980957,,,,,,
2012-05-01,6.4712815284729,,,,,,
2012-05-02,6.427475452423096,,,,,,
2012-05-03,6.266600608825684,,,,,,
2012-05-04,5.961465358734131,,,,,,
2012-05-07,5.975815296173096,,,,,,
2012-05-08,5.899531364440918,,,,,,
2012-05-09,5.797569751739502,,,,,,
2012-05-10,5.833065509796143,,,,,,
2012-05-11,5.777176856994629,,,,,,
2012-05-14,5.597416400909424,,,,,,
2012-05-15,5.496210098266602,,,,,,
2012-05-16,5.431254386901856,,,,,,
2012-05-17,5.162372589111328,,,,,,
2012-05-18,5.017358303070068,,,,,,
2012-05-21,5.289260387420654,,,,,,
2012-05-22,5.313429832458496,,,,,,
2012-05-23,5.3338236808776855,,,,,,
2012-05-24,5.362523555755615,,,,,,
2012-05-25,5.30889892578125,,,,,,
2012-05-29,5.502251148223877,,,,,,
2012-05-30,5.259804725646973,,,,,,
2012-05-31,5.2227959632873535,,,,,,
2012-06-01,4.824005126953125,,,,,,
2012-06-04,4.796814918518066,,,,,,
2012-06-05,4.910106658935547,,,,,,
2012-06-06,5.24394416809082,,,,,,
2012-06-07,5.242433547973633,,,,,,
2012-06-08,5.366300106048584,,,,,,
2012-06-11,5.156332015991211,,,,,,
2012-06-12,5.328536510467529,,,,,,
2012-06-13,5.212220668792725,,,,,,
2012-06-14,5.370832443237305,,,,,,
2012-06-15,5.517355918884277,,,,,,
2012-06-18,5.579289436340332,,,,,,
2012-06-19,5.739409923553467,,,,,,
2012-06-20,5.714487075805664,,,,,,
2012-06-21,5.331557273864746,,,,,,
2012-06-22,5.435030937194824,,,,,,
2012-06-25,5.172190189361572,,,,,,
2012-06-26,5.259049892425537,,,,,,
2012-06-27,5.399533748626709,,,,,,
2012-06-28,5.354970932006836,,,,,,
2012-06-29,5.753005027770996,,,,,,
2012-07-02,5.797569751739502,,,,,,
2012-07-03,5.916902542114258,,,,,,
2012-07-05,5.836088180541992,,,,,,
2012-07-06,5.6782331466674805,,,,,,
2012-07-09,5.653308391571045,,,,,,
2012-07-10,5.503762245178223,,,,,,
2012-07-11,5.504518032073975,,,,,,
2012-07-12,5.430500030517578,,,,,,
2012-07-13,5.688050270080566,,,,,,
2012-07-16,5.654064655303955,,,,,,
2012-07-17,5.767355442047119,,,,,,
2012-07-18,5.894243717193604,,,,,,
2012-07-19,5.946359157562256,,,,,,
2012-07-20,5.777930736541748,,,,,,
2012-07-23,5.607235431671143,,,,,,
2012-07-24,5.466752529144287,,,,,,
2012-07-25,5.456933498382568,,,,,,
2012-07-26,5.724305629730225,,,,,,
2012-07-27,6.049078941345215,,,,,,
2012-07-30,6.044547080993652,,,,,,
2012-07-31,5.932764053344727,,,,,,
2012-08-01,5.911617755889893,,,,,,
2012-08-02,5.782462596893311,,,,,,
2012-08-03,6.120828628540039,,,,,,
2012-08-06,6.157838821411133,,,,,,
2012-08-07,6.245452404022217,,,,,,
2012-08-08,6.265088081359863,,,,,,
2012-08-09,6.283969879150391,,,,,,
2012-08-10,6.314938545227051,,,,,,
2012-08-13,6.3043646812438965,,,,,,
2012-08-14,6.312672138214111,,,,,,
2012-08-15,6.328534126281738,,,,,,
2012-08-16,6.4712815284729,,,,,,
2012-08-17,6.49469518661499,,,,,,
2012-08-20,6.497717380523682,,,,,,
2012-08-21,6.438806056976318,,,,,,
2012-08-22,6.438806056976318,,,,,,
2012-08-23,6.293033599853516,,,,,,
2012-08-24,6.400284767150879,,,,,,
2012-08-27,6.403306007385254,,,,,,
2012-08-28,6.389711380004883,,,,,,
2012-08-29,6.401040077209473,,,,,,
2012-08-30,6.259047031402588,,,,,,
2012-08-31,6.329288005828857,,,,,,
2012-09-04,6.317203998565674,,,,,,
2012-09-05,6.309651851654053,,,,,,
2012-09-06,6.691070079803467,,,,,,
2012-09-07,6.777927875518799,,,,,,
2012-09-10,6.661613941192627,,,,,,
2012-09-11,6.719015121459961,,,,,,
2012-09-12,6.774906635284424,,,,,,
2012-09-13,7.09967851638794,,,,,,
2012-09-14,7.189558029174805,,,,,,
2012-09-17,7.1178059577941895,,,,,,
2012-09-18,7.095146656036377,,,,,,
2012-09-19,7.109498023986816,,,,,,
2012-09-20,7.1026997566223145,,,,,,
2012-09-21,7.092881202697754,,,,,,
2012-09-24,7.064181804656982,,,,,,
2012-09-25,6.853456497192383,,,,,,
2012-09-26,6.725812911987305,,,,,,
2012-09-27,6.915390491485596,,,,,,
2012-09-28,6.814180850982666,,,,,,
2012-10-01,6.85798978805542,,,,,,
2012-10-02,6.888954162597656,,,,,,
2012-10-03,6.969016075134277,,,,,,
2012-10-04,7.131401062011719,,,,,,
2012-10-05,7.1178059577941895,,,,,,
2012-10-08,7.047564506530762,,,,,,
2012-10-09,6.8406171798706055,,,,,,
2012-10-10,6.7129740715026855,,,,,,
2012-10-11,6.719015121459961,,,,,,
2012-10-12,6.647264003753662,,,,,,
2012-10-15,6.813426971435547,,,,,,
2012-10-16,7.024150371551514,,,,,,
2012-10-17,7.115540981292725,,,,,,
2012-10-18,7.065691947937012,,,,,,
2012-10-19,6.707686901092529,,,,,,
2012-10-22,6.712218284606934,,,,,,
2012-10-23,6.42596435546875,,,,,,
2012-10-24,6.379137992858887,,,,,,
2012-10-25,6.436539173126221,,,,,,
2012-10-26,6.4191670417785645,,,,,,
2012-10-31,6.391221523284912,,,,,,
2012-11-01,6.623094081878662,,,,,,
2012-11-02,6.43502950668335,,,,,,
2012-11-05,6.481100559234619,,,,,,
2012-11-06,6.630646228790283,,,,,,
2012-11-07,6.173699855804443,,,,,,
2012-11-08,5.941825866699219,,,,,,
2012-11-09,5.959197521209717,,,,,,
2012-11-12,5.98487663269043,,,,,,
2012-11-13,5.92370080947876,,,,,,
2012-11-14,5.70693302154541,,,,,,
2012-11-15,5.64953088760376,,,,,,
2012-11-16,5.724305629730225,,,,,,
2012-11-19,6.082308769226074,,,,,,
2012-11-20,6.100436210632324,,,,,,
2012-11-21,6.135179996490479,,,,,,
2012-11-23,6.355723857879639,,,,,,
2012-11-26,6.342884063720703,,,,,,
2012-11-27,6.246207237243652,,,,,,
2012-11-28,6.38517951965332,,,,,,
2012-11-29,6.4780802726745605,,,,,,
2012-11-30,6.459952831268311,,,,,,
2012-12-03,6.38442325592041,,,,,,
2012-12-04,6.348925590515137,,,,,,
2012-12-05,6.378382205963135,,,,,,
2012-12-06,6.4546661376953125,,,,,,
2012-12-07,6.500738620758057,,,,,,
2012-12-10,6.519619464874268,,,,,,
2012-12-11,6.638199329376221,,,,,,
2012-12-12,6.658593654632568,,,,,,
2012-12-13,6.540768146514893,,,,,,
2012-12-14,6.451645374298096,,,,,,
2012-12-17,6.694090366363525,,,,,,
2012-12-18,6.913123607635498,,,,,,
2012-12-19,6.755269527435303,,,,,,
2012-12-20,6.871583461761475,,,,,,
2012-12-21,6.695601463317871,,,,,,
2012-12-24,6.621583461761475,,,,,,
2012-12-26,6.536991596221924,,,,,,
2012-12-27,6.512068748474121,,,,,,
2012-12-28,6.286237239837647,,,,,,
2012-12-31,6.620073318481445,,,,,,
2013-01-02,7.124603748321533,,,,,,
2013-01-03,7.089860916137695,,,,,,
2013-01-04,7.180495738983154,,,,,,
2013-01-07,7.100435733795166,,,,,,
2013-01-08,7.0581374168396,,,,,,
2013-01-09,7.105721950531006,,,,,,
2013-01-10,7.271884441375732,,,,,,
2013-01-11,7.278682708740234,,,,,,
2013-01-14,7.252246856689453,,,,,,
2013-01-15,7.259799480438232,,,,,,
2013-01-16,7.262821674346924,,,,,,
2013-01-17,7.402548313140869,,,,,,
2013-01-18,7.454663276672363,,,,,,
2013-01-22,7.570223331451416,,,,,,
2013-01-23,7.6094970703125,,,,,,
2013-01-24,7.614027500152588,,,,,,
2013-01-25,7.73638391494751,,,,,,
2013-01-28,7.715235710144043,,,,,,
2013-01-29,7.810404777526855,,,,,,
2013-01-30,7.719769477844238,,,,,,
2013-01-31,7.655569553375244,,,,,,
2013-02-01,7.890464305877685,,,,,,
2013-02-04,7.631399631500244,,,,,,
2013-02-05,7.853453636169434,,,,,,
2013-02-06,7.876113414764404,,,,,,
2013-02-07,7.847410678863525,,,,,,
2013-02-08,7.968257427215576,,,,,,
2013-02-11,7.964479923248291,,,,,,
2013-02-12,8.00753402709961,,,,,,
2013-02-13,8.024903297424316,,,,,,
2013-02-14,8.049830436706543,,,,,,
2013-02-15,8.01357650756836,,,,,,
2013-02-19,8.183515548706055,,,,,,
2013-02-20,7.886685848236084,,,,,,
2013-02-21,7.737894535064697,,,,,,
2013-02-22,7.969769477844238,,,,,,
2013-02-25,7.5211286544799805,,,,,,
2013-02-26,7.667653083801269,,,,,,
2013-02-27,7.951641082763672,,,,,,
2013-02-28,7.88517427444458,,,,,,
2013-03-01,7.99242639541626,,,,,,
2013-03-04,8.111007690429688,,,,,,
2013-03-05,8.335322380065918,,,,,,
2013-03-06,8.370821952819824,,,,,,
2013-03-07,8.415385246276855,,,,,,
2013-03-08,8.523391723632812,,,,,,
2013-03-11,8.609496116638184,,,,,,
2013-03-12,8.561912536621094,,,,,,
2013-03-13,8.588345527648926,,,,,,
2013-03-14,8.73109245300293,,,,,,
2013-03-15,8.696351051330566,,,,,,
2013-03-18,8.547560691833496,,,,,,
2013-03-19,8.499221801757812,,,,,,
2013-03-20,8.659341812133789,,,,,,
2013-03-21,8.44937515258789,,,,,,
2013-03-22,8.6359281539917,,,,,,
2013-03-25,8.554359436035156,,,,,,
2013-03-26,8.73940372467041,,,,,,
2013-03-27,8.73865032196045,,,,,,
2013-03-28,8.790762901306152,,,,,,
2013-04-01,8.719764709472656,,,,,,
2013-04-02,8.841367721557617,,,,,,
2013-04-03,8.555869102478027,,,,,,
2013-04-04,8.675956726074219,,,,,,
2013-04-05,8.562666893005371,,,,,,
2013-04-08,8.734869956970215,,,,,,
2013-04-09,8.807379722595215,,,,,,
2013-04-10,9.1517915725708,,,,,,
2013-04-11,9.23789119720459,,,,,,
2013-04-12,9.167651176452637,,,,,,
2013-04-15,8.546809196472168,,,,,,
2013-04-16,8.904809951782227,,,,,,
2013-04-17,8.499221801757812,,,,,,
2013-04-18,8.3655366897583,,,,,,
2013-04-19,8.56040096282959,,,,,,
2013-04-22,8.675956726074219,,,,,,
2013-04-23,8.963723182678223,,,,,,
2013-04-24,8.986381530761719,,,,,,
2013-04-25,9.08834171295166,,,,,,
2013-04-26,9.049822807312012,,,,,,
2013-04-29,9.21523380279541,,,,,,
2013-04-30,9.276410102844238,,,,,,
2013-05-01,9.038496017456056,,,,,,
2013-05-02,9.274145126342772,,,,,,
2013-05-03,9.546050071716309,,,,,,
2013-05-06,9.641212463378906,,,,,,
2013-05-07,9.774897575378418,,,,,,
2013-05-08,9.919913291931152,,,,,,
2013-05-09,9.83154582977295,,,,,,
2013-05-10,9.93124294281006,,,,,,
2013-05-13,9.951637268066406,,,,,,
2013-05-14,10.264321327209473,,,,,,
2013-05-15,10.41160488128662,,,,,,
2013-05-16,10.280183792114258,,,,,,
2013-05-17,10.570215225219728,,,,,,
2013-05-20,10.567947387695312,,,,,,
2013-05-21,10.608732223510742,,,,,,
2013-05-22,10.388948440551758,,,,,,
2013-05-23,10.296046257019045,,,,,,
2013-05-24,10.25978946685791,,,,,,
2013-05-28,10.445591926574709,,,,,,
2013-05-29,10.24846363067627,,,,,,
2013-05-30,10.348159790039062,,,,,,
2013-05-31,9.913114547729492,,,,,,
2013-06-03,10.055864334106444,,,,,,
2013-06-04,9.926711082458496,,,,,,
2013-06-05,9.493932723999023,,,,,,
2013-06-06,9.7567720413208,,,,,,
2013-06-07,10.114776611328123,,,,,,
2013-06-10,10.128373146057127,,,,,,
2013-06-11,9.822481155395508,,,,,,
2013-06-12,9.577773094177246,,,,,,
2013-06-13,9.999218940734863,,,,,,
2013-06-14,9.811151504516602,,,,,,
2013-06-17,10.051331520080566,,,,,,
2013-06-18,10.271122932434082,,,,,,
2013-06-19,9.872331619262695,,,,,,
2013-06-20,9.122334480285645,,,,,,
2013-06-21,9.208433151245115,,,,,,
2013-06-24,8.857227325439453,,,,,,
2013-06-25,9.117801666259766,,,,,,
2013-06-26,9.369311332702637,,,,,,
2013-06-27,9.539249420166016,,,,,,
2013-06-28,9.34665298461914,,,,,,
2013-07-01,9.584565162658691,,,,,,
2013-07-02,9.536981582641602,,,,,,
2013-07-03,9.568702697753906,,,,,,
2013-07-05,9.872331619262695,,,,,,
2013-07-08,10.044537544250488,,,,,,
2013-07-09,10.264321327209473,,,,,,
2013-07-10,10.273387908935549,,,,,,
2013-07-11,10.70163345336914,,,,,,
2013-07-12,10.697102546691896,,,,,,
2013-07-15,10.83758544921875,,,,,,
2013-07-16,10.706167221069336,,,,,,
2013-07-17,10.79000186920166,,,,,,
2013-07-18,10.978071212768556,,,,,,
2013-07-19,11.036982536315918,,,,,,
2013-07-22,11.09136199951172,,,,,,
2013-07-23,11.030180931091309,,,,,,
2013-07-24,10.898762702941896,,,,,,
2013-07-25,10.987133979797363,,,,,,
2013-07-26,11.000726699829102,,,,,,
2013-07-29,10.903290748596191,,,,,,
2013-07-30,10.903290748596191,,,,,,
2013-07-31,10.930485725402832,,,,,,
2013-08-01,11.29755401611328,,,,,,
2013-08-02,11.354201316833496,,,,,,
2013-08-05,11.317946434020996,,,,,,
2013-08-06,11.129878997802734,,,,,,
2013-08-07,11.014321327209473,,,,,,
2013-08-08,11.116286277770996,,,,,,
2013-08-09,11.034711837768556,,,,,,
2013-08-12,10.982599258422852,,,,,,
2013-08-13,11.093628883361816,,,,,,
2013-08-14,10.919157028198242,,,,,,
2013-08-15,10.443324089050291,,,,,,
2013-08-16,10.366284370422363,,,,,,
2013-08-19,10.153294563293455,,,,,,
2013-08-20,10.30284023284912,,,,,,
2013-08-21,10.119309425354004,,,,,,
2013-08-22,10.3798828125,,,,,,
2013-08-23,10.48637580871582,,,,,,
2013-08-26,10.368550300598145,,,,,,
2013-08-27,9.872331619262695,,,,,,
2013-08-28,9.96749782562256,,,,,,
2013-08-29,10.024141311645508,,,,,,
2013-08-30,9.913114547729492,,,,,,
2013-09-03,10.046804428100586,,,,,,
2013-09-04,10.30963897705078,,,,,,
2013-09-05,10.327766418457031,,,,,,
2013-09-06,10.350425720214844,,,,,,
2013-09-09,10.658581733703612,,,,,,
2013-09-10,10.885167121887209,,,,,,
2013-09-11,10.998458862304688,,,,,,
2013-09-12,10.912360191345217,,,,,,
2013-09-13,10.973535537719728,,,,,,
2013-09-16,11.166132926940918,,,,,,
2013-09-17,11.30661678314209,,,,,,
2013-09-18,11.72126579284668,,,,,,
2013-09-19,11.664620399475098,,,,,,
2013-09-20,11.406315803527832,,,,,,
2013-09-23,11.259035110473633,,,,,,
2013-09-24,11.177462577819824,,,,,,
2013-09-25,11.077765464782717,,,,,,
2013-09-26,11.19332504272461,,,,,,
2013-09-27,11.05284023284912,,,,,,
2013-09-30,10.885167121887209,,,,,,
2013-10-01,11.127614974975586,,,,,,
2013-10-02,11.075502395629885,,,,,,
2013-10-03,10.778672218322754,,,,,,
2013-10-04,11.012055397033691,,,,,,
2013-10-07,10.733356475830078,,,,,,
2013-10-08,10.352688789367676,,,,,,
2013-10-09,10.3798828125,,,,,,
2013-10-10,11.05284023284912,,,,,,
2013-10-11,11.265833854675291,,,,,,
2013-10-14,11.40857982635498,,,,,,
2013-10-15,11.145743370056152,,,,,,
2013-10-16,11.617039680480955,,,,,,
2013-10-17,11.85495376586914,,,,,,
2013-10-18,12.072476387023926,,,,,,
2013-10-21,12.097399711608888,,,,,,
2013-10-22,12.278668403625488,,,,,,
2013-10-23,12.124590873718262,,,,,,
2013-10-24,12.235617637634276,,,,,,
2013-10-25,12.40102481842041,,,,,,
2013-10-28,12.4667329788208,,,,,,
2013-10-29,12.670661926269531,,,,,,
2013-10-30,12.473533630371094,,,,,,
2013-10-31,12.339849472045898,,,,,,
2013-11-01,12.453139305114746,,,,,,
2013-11-04,12.58229160308838,,,,,,
2013-11-05,12.464470863342283,,,,,,
2013-11-06,12.641206741333008,,,,,,
2013-11-07,12.181235313415527,,,,,,
2013-11-08,12.663861274719238,,,,,,
2013-11-11,12.654804229736328,,,,,,
2013-11-12,12.59135913848877,,,,,,
2013-11-13,12.883652687072754,,,,,,
2013-11-14,13.096644401550291,,,,,,
2013-11-15,13.262048721313477,,,,,,
2013-11-18,13.126094818115234,,,,,,
2013-11-19,13.0354642868042,,,,,,
2013-11-20,12.91310977935791,,,,,,
2013-11-21,13.21446704864502,,,,,,
2013-11-22,13.40026569366455,,,,,,
2013-11-25,13.38440227508545,,,,,,
2013-11-26,13.38440227508545,,,,,,
2013-11-27,13.470508575439451,,,,,,
2013-11-29,13.434252738952637,,,,,,
2013-12-02,13.341353416442873,,,,,,
2013-12-03,13.18954372406006,,,,,,
2013-12-04,13.151023864746094,,,,,,
2013-12-05,12.992412567138672,,,,,,
2013-12-06,13.416130065917969,,,,,,
2013-12-09,13.522624969482422,,,,,,
2013-12-10,13.391202926635742,,,,,,
2013-12-11,12.922171592712402,,,,,,
2013-12-12,12.79981517791748,,,,,,
2013-12-13,12.781688690185549,,,,,,
2013-12-16,13.028666496276855,,,,,,
2013-12-17,12.885918617248535,,,,,,
2013-12-18,13.558877944946287,,,,,,
2013-12-19,13.536219596862791,,,,,,
2013-12-20,13.758273124694824,,,,,,
2013-12-23,13.973527908325195,,,,,,
2013-12-24,14.075491905212402,,,,,,
2013-12-26,14.283950805664062,,,,,,
2013-12-27,14.27715301513672,,,,,,
2013-12-30,14.26129150390625,,,,,,
2013-12-31,14.456153869628906,,,,,,
2014-01-02,14.057367324829102,,,,,,
2014-01-03,14.018844604492188,,,,,,
2014-01-06,13.91235065460205,,,,,,
2014-01-07,14.168390274047852,,,,,,
2014-01-08,14.175190925598145,,,,,,
2014-01-09,14.200111389160156,,,,,,
2014-01-10,14.304343223571776,,,,,,
2014-01-13,13.758273124694824,,,,,,
2014-01-14,14.19105052947998,,,,,,
2014-01-15,14.424433708190918,,,,,,
2014-01-16,14.363253593444824,,,,,,
2014-01-17,14.172924041748049,,,,,,
2014-01-21,14.308873176574709,,,,,,
2014-01-22,14.3337984085083,,,,,,
2014-01-23,13.982590675354004,,,,,,
2014-01-24,13.076251983642578,,,,,,
2014-01-27,12.888185501098633,,,,,,
2014-01-28,13.123833656311035,,,,,,
2014-01-29,12.73183822631836,,,,,,
2014-01-30,13.148759841918944,,,,,,
2014-01-31,12.89951229095459,,,,,,
2014-02-03,12.033957481384276,,,,,,
2014-02-04,12.285465240478516,,,,,,
2014-02-05,12.22882080078125,,,,,,
2014-02-06,12.709181785583496,,,,,,
2014-02-07,13.200870513916016,,,,,,
2014-02-10,13.25752067565918,,,,,,
2014-02-11,13.694828987121582,,,,,,
2014-02-12,13.737881660461426,,,,,,
2014-02-13,13.935007095336914,,,,,,
2014-02-14,14.159329414367676,,,,,,
2014-02-18,14.209177017211914,,,,,,
2014-02-19,13.935007095336914,,,,,,
2014-02-20,14.170658111572266,,,,,,
2014-02-21,14.129873275756836,,,,,,
2014-02-24,14.327001571655272,,,,,,
2014-02-25,14.329270362854004,,,,,,
2014-02-26,14.34059715270996,,,,,,
2014-02-27,14.5717134475708,,,,,,
2014-02-28,14.680475234985352,,,,,,
2014-03-03,14.35646152496338,,,,,,
2014-03-04,14.997693061828612,,,,,,
2014-03-05,14.984102249145508,,,,,,
2014-03-06,15.115520477294922,,,,,,
2014-03-07,15.120052337646484,,,,,,
2014-03-10,15.104192733764648,,,,,,
2014-03-11,14.882132530212402,,,,,,
2014-03-12,14.891199111938477,,,,,,
2014-03-13,14.41083812713623,,,,,,
2014-03-14,14.25449562072754,,,,,,
2014-03-17,14.64648723602295,,,,,,
2014-03-18,14.965970993041992,,,,,,
2014-03-19,14.721261978149414,,,,,,
2014-03-20,14.979567527770996,,,,,,
2014-03-21,14.800567626953123,,,,,,
2014-03-24,14.614766120910645,,,,,,
2014-03-25,14.832290649414062,,,,,,
2014-03-26,14.49920654296875,,,,,,
2014-03-27,14.428964614868164,,,,,,
2014-03-28,14.619297981262209,,,,,,
2014-03-31,14.98183536529541,,,,,,
2014-04-01,15.274129867553713,,,,,,
2014-04-02,15.425942420959473,,,,,,
2014-04-03,15.36249542236328,,,,,,
2014-04-04,14.8300199508667,,,,,,
2014-04-07,14.322470664978027,,,,,,
2014-04-08,14.506003379821776,,,,,,
2014-04-09,14.979567527770996,,,,,,
2014-04-10,14.03017520904541,,,,,,
2014-04-11,13.644978523254396,,,,,,
2014-04-14,13.973527908325195,,,,,,
2014-04-15,14.25449562072754,,,,,,
2014-04-16,14.689538955688477,,,,,,
2014-04-17,14.75071620941162,,,,,,
2014-04-21,14.918389320373535,,,,,,
2014-04-22,15.099658966064451,,,,,,
2014-04-23,15.01582145690918,,,,,,
2014-04-24,15.104192733764648,,,,,,
2014-04-25,14.72805881500244,,,,,,
2014-04-28,14.870806694030762,,,,,,
2014-04-29,15.065671920776367,,,,,,
2014-04-30,15.224281311035156,,,,,,
2014-05-01,15.212949752807615,,,,,,
2014-05-02,15.151772499084473,,,,,,
2014-05-05,15.23334503173828,,,,,,
2014-05-06,14.848148345947266,,,,,,
2014-05-07,15.099658966064451,,,,,,
2014-05-08,15.047545433044434,,,,,,
2014-05-09,15.108722686767578,,,,,,
2014-05-12,15.536964416503906,,,,,,
2014-05-13,15.58228588104248,,,,,,
2014-05-14,15.371559143066406,,,,,,
2014-05-15,14.945579528808594,,,,,,
2014-05-16,15.12685203552246,,,,,,
2014-05-19,15.27639865875244,,,,,,
2014-05-20,14.984102249145508,,,,,,
2014-05-21,15.3579683303833,,,,,,
2014-05-22,15.478053092956545,,,,,,
2014-05-23,15.675186157226562,,,,,,
2014-05-27,15.94935703277588,,,,,,
2014-05-28,15.906299591064451,,,,,,
2014-05-29,16.164615631103516,,,,,,
2014-05-30,16.20538902282715,,,,,,
2014-06-02,16.286962509155273,,,,,,
2014-06-03,16.264305114746094,,,,,,
2014-06-04,16.341346740722656,,,,,,
2014-06-05,16.688020706176758,,,,,,
2014-06-06,16.9168758392334,,,,,,
2014-06-09,16.978055953979492,,,,,,
2014-06-10,16.975786209106445,,,,,,
2014-06-11,16.814912796020508,,,,,,
2014-06-12,16.43877601623535,,,,,,
2014-06-13,16.595121383666992,,,,,,
2014-06-16,16.62684440612793,,,,,,
2014-06-17,16.75826644897461,,,,,,
2014-06-18,17.127595901489258,,,,,,
2014-06-19,17.188777923583984,,,,,,
2014-06-20,17.295270919799805,,,,,,
2014-06-23,17.2839412689209,,,,,,
2014-06-24,16.968994140625,,,,,,
2014-06-25,17.186508178710938,,,,,,
2014-06-26,17.1547908782959,,,,,,
2014-06-27,17.24089241027832,,,,,,
2014-06-30,17.229562759399414,,,,,,
2014-07-01,17.57624053955078,,,,,,
2014-07-02,17.619293212890625,,,,,,
2014-07-03,17.877595901489258,,,,,,
2014-07-07,17.705392837524414,,,,,,
2014-07-08,17.363250732421875,,,,,,
2014-07-09,17.57624053955078,,,,,,
2014-07-10,17.365510940551758,,,,,,
2014-07-11,17.451616287231445,,,,,,
2014-07-14,17.705392837524414,,,,,,
2014-07-15,17.603425979614258,,,,,,
2014-07-16,17.7914981842041,,,,,,
2014-07-17,17.188777923583984,,,,,,
2014-07-18,17.69859504699707,,,,,,
2014-07-21,17.605695724487305,,,,,,
2014-07-22,17.84360694885254,,,,,,
2014-07-23,17.959165573120117,,,,,,
2014-07-24,17.959165573120117,,,,,,
2014-07-25,17.714454650878906,,,,,,
2014-07-28,17.72125244140625,,,,,,
2014-07-29,17.50146484375,,,,,,
2014-07-30,17.505996704101562,,,,,,
2014-07-31,16.454639434814453,,,,,,
2014-08-01,16.309629440307617,,,,,,
2014-08-04,16.658565521240234,,,,,,
2014-08-05,16.164615631103516,,,,,,
2014-08-06,16.189533233642578,,,,,,
2014-08-07,15.917632102966309,,,,,,
2014-08-08,16.465972900390625,,,,,,
2014-08-11,16.613252639770508,,,,,,
2014-08-12,16.55660057067871,,,,,,
2014-08-13,16.901010513305664,,,,,,
2014-08-14,17.114002227783203,,,,,,
2014-08-15,17.12080192565918,,,,,,
2014-08-18,17.521860122680664,,,,,,
2014-08-19,17.786968231201172,,,,,,
2014-08-20,17.943307876586914,,,,,,
2014-08-21,18.11097526550293,,,,,,
2014-08-22,18.01354217529297,,,,,,
2014-08-25,18.292245864868164,,,,,,
2014-08-26,18.333038330078125,,,,,,
2014-08-27,18.31717300415039,,,,,,
2014-08-28,18.283185958862305,,,,,,
2014-08-29,18.42820167541504,,,,,,
2014-09-02,18.39194297790528,,,,,,
2014-09-03,18.369285583496094,,,,,,
2014-09-04,18.26505851745605,,,,,,
2014-09-05,18.53015899658203,,,,,,
2014-09-08,18.39648056030273,,,,,,
2014-09-09,18.036205291748047,,,,,,
2014-09-10,18.24692916870117,,,,,,
2014-09-11,18.29677963256836,,,,,,
2014-09-12,17.975027084350586,,,,,,
2014-09-15,17.93424415588379,,,,,,
2014-09-16,18.34209442138672,,,,,,
2014-09-17,18.4055404663086,,,,,,
2014-09-18,18.686508178710938,,,,,,
2014-09-19,18.65478134155273,,,,,,
2014-09-22,18.215208053588867,,,,,,
2014-09-23,17.907052993774414,,,,,,
2014-09-24,18.33756446838379,,,,,,
2014-09-25,17.440290451049805,,,,,,
2014-09-26,17.85267448425293,,,,,,
2014-09-29,17.74390983581543,,,,,,
2014-09-30,17.592098236083984,,,,,,
2014-10-01,16.88515281677246,,,,,,
2014-10-02,16.887420654296875,,,,,,
2014-10-03,17.44255828857422,,,,,,
2014-10-06,17.385906219482422,,,,,,
2014-10-07,16.5860595703125,,,,,,
2014-10-08,17.45615005493164,,,,,,
2014-10-09,16.40479278564453,,,,,,
2014-10-10,15.856451034545898,,,,,,
2014-10-13,15.056607246398926,,,,,,
2014-10-14,15.160836219787598,,,,,,
2014-10-15,14.752984046936035,,,,,,
2014-10-16,14.755248069763184,,,,,,
2014-10-17,15.31491470336914,,,,,,
2014-10-20,15.747693061828612,,,,,,
2014-10-21,16.667633056640625,,,,,,
2014-10-22,16.323226928710938,,,,,,
2014-10-23,16.89195442199707,,,,,,
2014-10-24,17.252220153808594,,,,,,
2014-10-27,17.195573806762695,,,,,,
2014-10-28,17.775632858276367,,,,,,
2014-10-29,17.716724395751953,,,,,,
2014-10-30,18.0656681060791,,,,,,
2014-10-31,18.666109085083008,,,,,,
2014-11-03,18.68877410888672,,,,,,
2014-11-04,18.518836975097656,,,,,,
2014-11-05,18.847387313842773,,,,,,
2014-11-06,19.07849884033203,,,,,,
2014-11-07,19.123815536499023,,,,,,
2014-11-10,19.30508804321289,,,,,,
2014-11-11,19.350400924682617,,,,,,
2014-11-12,19.300552368164062,,,,,,
2014-11-13,19.35266494750977,,,,,,
2014-11-14,19.363998413085938,,,,,,
2014-11-17,19.40251541137696,,,,,,
2014-11-18,19.74238967895508,,,,,,
2014-11-19,19.63817405700684,,,,,,
2014-11-20,19.74919319152832,,,,,,
2014-11-21,20.073213577270508,,,,,,
2014-11-24,20.234086990356445,,,,,,
2014-11-25,20.197830200195312,,,,,,
2014-11-26,20.342845916748047,,,,,,
2014-11-28,20.215959548950195,,,,,,
2014-12-01,19.78091812133789,,,,,,
2014-12-02,20.159313201904297,,,,,,
2014-12-03,20.392696380615234,,,,,,
2014-12-04,20.315658569335938,,,,,,
2014-12-05,20.424415588378903,,,,,,
2014-12-08,20.01429557800293,,,,,,
2014-12-09,19.9621810913086,,,,,,
2014-12-10,19.01732063293457,,,,,,
2014-12-11,19.28696250915528,,,,,,
2014-12-12,18.348892211914062,,,,,,
2014-12-15,17.972763061523438,,,,,,
2014-12-16,17.544513702392578,,,,,,
2014-12-17,18.57321548461914,,,,,,
2014-12-18,19.93499565124512,,,,,,
2014-12-19,20.19103240966797,,,,,,
2014-12-22,20.472002029418945,,,,,,
2014-12-23,20.558103561401367,,,,,,
2014-12-24,20.580760955810547,,,,,,
2014-12-26,20.764299392700195,,,,,,
2014-12-29,20.84133720397949,,,,,,
2014-12-30,20.50598907470703,,,,,,
2014-12-31,19.87608528137207,,,,,,
2015-01-02,19.857954025268555,,,,,,
2015-01-05,18.793004989624023,,,,,,
2015-01-06,18.274126052856445,,,,,,
2015-01-07,18.95387840270996,,,,,,
2015-01-08,19.9621810913086,,,,,,
2015-01-09,19.454635620117188,,,,,,
2015-01-12,18.99919319152832,,,,,,
2015-01-13,18.82925605773925,,,,,,
2015-01-14,18.493906021118164,,,,,,
2015-01-15,17.99542236328125,,,,,,
2015-01-16,18.670642852783203,,,,,,
2015-01-20,18.79979705810547,,,,,,
2015-01-21,19.092100143432617,,,,,,
2015-01-22,19.93499565124512,,,,,,
2015-01-23,19.60191535949707,,,,,,
2015-01-26,19.7559871673584,,,,,,
2015-01-27,18.96294212341309,,,,,,
2015-01-28,18.22200584411621,,,,,,
2015-01-29,18.73409080505371,,,,,,
2015-01-30,18.0339412689209,,,,,,
2015-02-02,18.677446365356445,,,,,,
2015-02-03,19.48408889770508,,,,,,
2015-02-04,19.273361206054688,,,,,,
2015-02-05,19.87154960632324,,,,,,
2015-02-06,19.67668342590332,,,,,,
2015-02-09,19.420642852783203,,,,,,
2015-02-10,20.03468894958496,,,,,,
2015-02-11,20.08227729797364,,,,,,
2015-02-12,20.641935348510746,,,,,,
2015-02-13,20.92064094543457,,,,,,
2015-02-17,21.011268615722656,,,,,,
2015-02-18,21.018070220947266,,,,,,
2015-02-19,20.97955322265625,,,,,,
2015-02-20,21.34662437438965,,,,,,
2015-02-23,21.337554931640625,,,,,,
2015-02-24,21.512025833129883,,,,,,
2015-02-25,21.45311546325684,,,,,,
2015-02-26,21.373815536499023,,,,,,
2015-02-27,21.15629196166992,,,,,,
2015-03-02,21.55507469177246,,,,,,
2015-03-03,21.28544235229492,,,,,,
2015-03-04,21.022607803344727,,,,,,
2015-03-05,21.07698440551757,,,,,,
2015-03-06,20.19103240966797,,,,,,
2015-03-09,20.440279006958008,,,,,,
2015-03-10,19.44783973693848,,,,,,
2015-03-11,19.30281639099121,,,,,,
2015-03-12,20.05281448364257,,,,,,
2015-03-13,19.66762351989746,,,,,,
2015-03-16,20.472002029418945,,,,,,
2015-03-17,20.274873733520508,,,,,,
2015-03-18,21.004478454589844,,,,,,
2015-03-19,20.698585510253903,,,,,,
2015-03-20,21.2514591217041,,,,,,
2015-03-23,21.135894775390625,,,,,,
2015-03-24,20.764299392700195,,,,,,
2015-03-25,19.867019653320312,,,,,,
2015-03-26,19.722007751464844,,,,,,
2015-03-27,19.839826583862305,,,,,,
2015-03-30,20.5739688873291,,,,,,
2015-03-31,20.03922462463379,,,,,,
2015-04-01,19.844358444213867,,,,,,
2015-04-02,20.00523567199707,,,,,,
2015-04-06,20.4289493560791,,,,,,
2015-04-07,20.263540267944336,,,,,,
2015-04-08,20.46973419189453,,,,,,
2015-04-09,20.75522994995117,,,,,,
2015-04-10,21.072452545166016,,,,,,
2015-04-13,20.78695297241211,,,,,,
2015-04-14,20.90251541137696,,,,,,
2015-04-15,21.197078704833984,,,,,,
2015-04-16,21.1630859375,,,,,,
2015-04-17,20.435747146606445,,,,,,
2015-04-20,20.98408317565918,,,,,,
2015-04-21,20.916109085083008,,,,,,
2015-04-22,21.235595703125,,,,,,
2015-04-23,21.37607765197754,,,,,,
2015-04-24,21.534692764282227,,,,,,
2015-04-27,21.253719329833984,,,,,,
2015-04-28,21.448591232299805,,,,,,
2015-04-29,21.194808959960938,,,,,,
2015-04-30,20.56490135192871,,,,,,
2015-05-01,21.201610565185547,,,,,,
2015-05-04,21.405536651611328,,,,,,
2015-05-05,20.65327262878418,,,,,,
2015-05-06,20.41535377502441,,,,,,
2015-05-07,20.648740768432617,,,,,,
2015-05-08,21.455381393432617,,,,,,
2015-05-11,21.149490356445312,,,,,,
2015-05-12,20.95009422302246,,,,,,
2015-05-13,20.97501564025879,,,,,,
2015-05-14,21.62078857421875,,,,,,
2015-05-15,21.69329833984375,,,,,,
2015-05-18,21.897220611572266,,,,,,
2015-05-19,21.86323547363281,,,,,,
2015-05-20,21.817920684814453,,,,,,
2015-05-21,22.01278686523437,,,,,,
2015-05-22,21.84964179992676,,,,,,
2015-05-26,21.176681518554688,,,,,,
2015-05-27,21.74314308166504,,,,,,
2015-05-28,21.691028594970703,,,,,,
2015-05-29,21.267318725585938,,,,,,
2015-06-01,21.391939163208008,,,,,,
2015-06-02,21.317163467407227,,,,,,
2015-06-03,21.50522804260254,,,,,,
2015-06-04,20.99994659423828,,,,,,
2015-06-05,20.83679962158203,,,,,,
2015-06-08,20.460674285888672,,,,,,
2015-06-09,20.431211471557617,,,,,,
2015-06-10,21.181211471557617,,,,,,
2015-06-11,21.380603790283203,,,,,,
2015-06-12,20.89798164367676,,,,,,
2015-06-15,20.5943546295166,,,,,,
2015-06-16,20.95463180541992,,,,,,
2015-06-17,21.0543212890625,,,,,,
2015-06-18,21.691028594970703,,,,,,
2015-06-19,21.305837631225582,,,,,,
2015-06-22,21.74314308166504,,,,,,
2015-06-23,21.79526329040528,,,,,,
2015-06-24,21.323963165283203,,,,,,
2015-06-25,21.122299194335938,,,,,,
2015-06-26,21.11324119567871,,,,,,
2015-06-29,19.78544807434082,,,,,,
2015-06-30,19.93273162841797,,,,,,
2015-07-01,20.36097717285156,,,,,,
2015-07-02,20.311128616333008,,,,,,
2015-07-06,20.14571952819824,,,,,,
2015-07-07,20.50598907470703,,,,,,
2015-07-08,19.48861694335937,,,,,,
2015-07-09,19.58378219604492,,,,,,
2015-07-10,20.317920684814453,,,,,,
2015-07-13,20.98861312866211,,,,,,
2015-07-14,21.265050888061523,,,,,,
2015-07-15,21.24692153930664,,,,,,
2015-07-16,21.704626083374023,,,,,,
2015-07-17,21.80432510375977,,,,,,
2015-07-20,21.845111846923828,,,,,,
2015-07-21,21.577735900878903,,,,,,
2015-07-22,21.446319580078125,,,,,,
2015-07-23,21.095109939575195,,,,,,
2015-07-24,20.435747146606445,,,,,,
2015-07-27,20.07773780822754,,,,,,
2015-07-28,20.79828453063965,,,,,,
2015-07-29,21.235595703125,,,,,,
2015-07-30,21.24918365478516,,,,,,
2015-07-31,21.1472282409668,,,,,,
2015-08-03,20.93197250366211,,,,,,
2015-08-04,20.796016693115234,,,,,,
2015-08-05,21.011268615722656,,,,,,
2015-08-06,20.524112701416016,,,,,,
2015-08-07,20.381366729736328,,,,,,
2015-08-10,21.13363075256348,,,,,,
2015-08-11,20.571697235107425,,,,,,
2015-08-12,20.64647674560547,,,,,,
2015-08-13,20.55584144592285,,,,,,
2015-08-14,20.78470230102539,,,,,,
2015-08-17,21.1155014038086,,,,,,
2015-08-18,20.93423843383789,,,,,,
2015-08-19,20.43800926208496,,,,,,
2015-08-20,19.148744583129883,,,,,,
2015-08-21,17.340591430664062,,,,,,
2015-08-24,15.244670867919922,,,,,,
2015-08-25,14.680475234985352,,,,,,
2015-08-26,16.400259017944336,,,,,,
2015-08-27,17.5943660736084,,,,,,
2015-08-28,17.596628189086914,,,,,,
2015-08-31,17.150257110595703,,,,,,
2015-09-01,15.618539810180664,,,,,,
2015-09-02,16.497692108154297,,,,,,
2015-09-03,16.518083572387695,,,,,,
2015-09-04,15.786211013793944,,,,,,
2015-09-08,16.996173858642578,,,,,,
2015-09-09,16.286962509155273,,,,,,
2015-09-10,16.549806594848633,,,,,,
2015-09-11,16.774126052856445,,,,,,
2015-09-14,16.57699966430664,,,,,,
2015-09-15,17.22503089904785,,,,,,
2015-09-16,17.666868209838867,,,,,,
2015-09-17,17.53998374938965,,,,,,
2015-09-18,16.665363311767578,,,,,,
2015-09-21,16.925941467285156,,,,,,
2015-09-22,16.28243637084961,,,,,,
2015-09-23,16.19407081604004,,,,,,
2015-09-24,16.04225730895996,,,,,,
2015-09-25,15.98787784576416,,,,,,
2015-09-28,14.773375511169434,,,,,,
2015-09-29,14.81416130065918,,,,,,
2015-09-30,15.650260925292969,,,,,,
2015-10-01,15.77715301513672,,,,,,
2015-10-02,16.454639434814453,,,,,,
2015-10-05,17.342857360839844,,,,,,
2015-10-06,17.1706485748291,,,,,,
2015-10-07,17.5943660736084,,,,,,
2015-10-08,18.074726104736328,,,,,,
2015-10-09,18.097381591796875,,,,,,
2015-10-12,18.167625427246094,,,,,,
2015-10-13,17.79829216003418,,,,,,
2015-10-14,17.5377140045166,,,,,,
2015-10-15,18.33530235290528,,,,,,
2015-10-16,18.57321548461914,,,,,,
2015-10-19,18.61626434326172,,,,,,
2015-10-20,18.53696060180664,,,,,,
2015-10-21,18.20614624023437,,,,,,
2015-10-22,19.110219955444336,,,,,,
2015-10-23,19.75145530700684,,,,,,
2015-10-26,19.60191535949707,,,,,,
2015-10-27,19.49088478088379,,,,,,
2015-10-28,20.15704345703125,,,,,,
2015-10-29,20.132123947143555,,,,,,
2015-10-30,19.853422164916992,,,,,,
2015-11-02,20.551307678222656,,,,,,
2015-11-03,20.72577857971192,,,,,,
2015-11-04,20.55356979370117,,,,,,
2015-11-05,20.47426986694336,,,,,,
2015-11-06,20.444812774658203,,,,,,
2015-11-09,19.869287490844727,,,,,,
2015-11-10,19.99616813659668,,,,,,
2015-11-11,19.75825309753418,,,,,,
2015-11-12,18.958410263061523,,,,,,
2015-11-13,18.31717300415039,,,,,,
2015-11-16,19.15100860595703,,,,,,
2015-11-17,19.08755683898925,,,,,,
2015-11-18,19.99616813659668,,,,,,
2015-11-19,19.941791534423828,,,,,,
2015-11-20,20.188764572143555,,,,,,
2015-11-23,20.08453750610352,,,,,,
2015-11-24,20.17517471313477,,,,,,
2015-11-25,20.16384506225586,,,,,,
2015-11-27,20.23635482788086,,,,,,
2015-11-30,19.97577857971192,,,,,,
2015-12-01,20.56036758422852,,,,,,
2015-12-02,19.90780639648437,,,,,,
2015-12-03,19.073963165283203,,,,,,
2015-12-04,20.177440643310547,,,,,,
2015-12-07,19.799043655395508,,,,,,
2015-12-08,19.345867156982425,,,,,,
2015-12-09,18.981069564819336,,,,,,
2015-12-10,19.110219955444336,,,,,,
2015-12-11,17.999954223632812,,,,,,
2015-12-14,18.29677963256836,,,,,,
2015-12-15,18.84284782409668,,,,,,
2015-12-16,19.647232055664062,,,,,,
2015-12-17,18.779407501220703,,,,,,
2015-12-18,17.70766258239746,,,,,,
2015-12-21,18.194822311401367,,,,,,
2015-12-22,18.68877410888672,,,,,,
2015-12-23,19.36626243591309,,,,,,
2015-12-24,19.2597713470459,,,,,,
2015-12-28,19.135149002075195,,,,,,
2015-12-29,19.76505279541016,,,,,,
2015-12-30,19.345867156982425,,,,,,
2015-12-31,18.779407501220703,,,,,,
2016-01-04,17.9569034576416,,,,,,
2016-01-05,18.07699203491211,,,,,,
2016-01-06,17.358715057373047,,,,,,
2016-01-07,16.119295120239258,,,,,,
2016-01-08,15.589081764221191,,,,,,
2016-01-11,15.598146438598633,,,,,,
2016-01-12,15.996936798095703,,,,,,
2016-01-13,14.82096004486084,,,,,,
2016-01-14,15.512042999267578,,,,,,
2016-01-15,14.526399612426758,,,,,,
2016-01-19,14.587574005126951,,,,,,
2016-01-20,14.066429138183594,,,,,,
2016-01-21,14.238632202148438,,,,,,
2016-01-22,15.117785453796388,,,,,,
2016-01-25,14.431233406066896,,,,,,
2016-01-26,15.020350456237791,,,,,,
2016-01-27,14.530927658081056,,,,,,
2016-01-28,14.76657485961914,,,,,,
2016-01-29,15.83606243133545,,,,,,
2016-02-01,15.842853546142578,,,,,,
2016-02-02,14.977302551269531,,,,,,
2016-02-03,15.21974754333496,,,,,,
2016-02-04,15.29905128479004,,,,,,
2016-02-05,14.431233406066896,,,,,,
2016-02-08,13.848905563354492,,,,,,
2016-02-09,13.830780982971191,,,,,,
2016-02-10,13.810385704040527,,,,,,
2016-02-11,13.305103302001951,,,,,,
2016-02-12,14.095885276794434,,,,,,
2016-02-16,14.796037673950195,,,,,,
2016-02-17,15.5233736038208,,,,,,
2016-02-18,15.328508377075195,,,,,,
2016-02-19,15.32624340057373,,,,,,
2016-02-22,15.967477798461914,,,,,,
2016-02-23,15.396486282348633,,,,,,
2016-02-24,15.58228588104248,,,,,,
2016-02-25,16.139680862426758,,,,,,
2016-02-26,16.03998565673828,,,,,,
2016-02-29,15.609477043151855,,,,,,
2016-03-01,16.771854400634766,,,,,,
2016-03-02,16.98711585998535,,,,,,
2016-03-03,17.179718017578125,,,,,,
2016-03-04,17.351913452148438,,,,,,
2016-03-07,17.385906219482422,,,,,,
2016-03-08,16.8081111907959,,,,,,
2016-03-09,17.070955276489258,,,,,,
2016-03-10,17.107208251953125,,,,,,
2016-03-11,17.925180435180664,,,,,,
2016-03-14,17.859466552734375,,,,,,
2016-03-15,17.784690856933594,,,,,,
2016-03-16,18.08832359313965,,,,,,
2016-03-17,18.42366981506348,,,,,,
2016-03-18,18.636661529541016,,,,,,
2016-03-21,18.72956275939941,,,,,,
2016-03-22,18.695571899414062,,,,,,
2016-03-23,18.33530235290528,,,,,,
2016-03-24,18.308109283447266,,,,,,
2016-03-28,18.33077049255371,,,,,,
2016-03-29,18.85190963745117,,,,,,
2016-03-30,19.09889411926269,,,,,,
2016-03-31,18.940279006958008,,,,,,
2016-04-01,19.30734634399414,,,,,,
2016-04-04,19.13288116455078,,,,,,
2016-04-05,18.566415786743164,,,,,,
2016-04-06,19.160064697265625,,,,,,
2016-04-07,18.47578239440918,,,,,,
2016-04-08,18.63439178466797,,,,,,
2016-04-11,18.48711395263672,,,,,,
2016-04-12,19.019588470458984,,,,,,
2016-04-13,19.57699012756348,,,,,,
2016-04-14,19.592849731445312,,,,,,
2016-04-15,19.51581382751465,,,,,,
2016-04-18,19.928192138671875,,,,,,
2016-04-19,20.11172866821289,,,,,,
2016-04-20,20.16158103942871,,,,,,
2016-04-21,19.84209251403809,,,,,,
2016-04-22,19.85114860534668,,,,,,
2016-04-25,19.74012756347656,,,,,,
2016-04-26,19.84889030456543,,,,,,
2016-04-27,19.941791534423828,,,,,,
2016-04-28,19.40251541137696,,,,,,
2016-04-29,19.08755683898925,,,,,,
2016-05-02,19.533939361572266,,,,,,
2016-05-03,19.033184051513672,,,,,,
2016-05-04,18.71142768859864,,,,,,
2016-05-05,18.691038131713867,,,,,,
2016-05-06,18.89950180053711,,,,,,
2016-05-09,18.956148147583008,,,,,,
2016-05-10,19.62457275390625,,,,,,
2016-05-11,19.123815536499023,,,,,,
2016-05-12,19.105693817138672,,,,,,
2016-05-13,18.60040664672852,,,,,,
2016-05-16,19.13967704772949,,,,,,
2016-05-17,18.641189575195312,,,,,,
2016-05-18,18.641189575195312,,,,,,
2016-05-19,18.444061279296875,,,,,,
2016-05-20,18.763545989990234,,,,,,
2016-05-23,18.706899642944336,,,,,,
2016-05-24,19.43197631835937,,,,,,
2016-05-25,19.80130386352539,,,,,,
2016-05-26,19.83529663085937,,,,,,
2016-05-27,20.07773780822754,,,,,,
2016-05-31,19.984840393066406,,,,,,
2016-06-01,20.09360885620117,,,,,,
2016-06-02,20.27260971069336,,,,,,
2016-06-03,20.104930877685547,,,,,,
2016-06-06,20.3972282409668,,,,,,
2016-06-07,20.48559761047364,,,,,,
2016-06-08,20.680456161499023,,,,,,
2016-06-09,20.60795211791992,,,,,,
2016-06-10,20.03015899658203,,,,,,
2016-06-13,19.55206298828125,,,,,,
2016-06-14,19.427440643310547,,,,,,
2016-06-15,19.34360694885254,,,,,,
2016-06-16,19.542999267578125,,,,,,
2016-06-17,19.30281639099121,,,,,,
2016-06-20,19.65856170654297,,,,,,
2016-06-21,19.837560653686523,,,,,,
2016-06-22,19.71746826171875,,,,,,
2016-06-23,20.50371742248535,,,,,,
2016-06-24,18.28092384338379,,,,,,
2016-06-27,17.28167724609375,,,,,,
2016-06-28,18.18122291564941,,,,,,
2016-06-29,19.17140388488769,,,,,,
2016-06-30,19.930463790893555,,,,,,
2016-07-01,20.04375648498535,,,,,,
2016-07-05,19.66082572937012,,,,,,
2016-07-06,19.9893741607666,,,,,,
2016-07-07,19.939531326293945,,,,,,
2016-07-08,20.85266494750977,,,,,,
2016-07-11,21.070188522338867,,,,,,
2016-07-12,21.512025833129883,,,,,,
2016-07-13,21.52109336853028,,,,,,
2016-07-14,21.8655014038086,,,,,,
2016-07-15,21.77260398864746,,,,,,
2016-07-18,21.96067237854004,,,,,,
2016-07-19,21.872295379638672,,,,,,
2016-07-20,22.162328720092773,,,,,,
2016-07-21,21.89495658874512,,,,,,
2016-07-22,22.18951797485352,,,,,,
2016-07-25,22.01504898071289,,,,,,
2016-07-26,22.030908584594727,,,,,,
2016-07-27,21.969730377197266,,,,,,
2016-07-28,22.0422420501709,,,,,,
2016-07-29,22.162328720092773,,,,,,
2016-08-01,22.071691513061523,,,,,,
2016-08-02,21.66157531738281,,,,,,
2016-08-03,21.85190773010254,,,,,,
2016-08-04,21.91534996032715,,,,,,
2016-08-05,22.46142578125,,,,,,
2016-08-08,22.42063331604004,,,,,,
2016-08-09,22.45462417602539,,,,,,
2016-08-10,22.293750762939453,,,,,,
2016-08-11,22.60417366027832,,,,,,
2016-08-12,22.531667709350582,,,,,,
2016-08-15,22.751453399658203,,,,,,
2016-08-16,22.38891220092773,,,,,,
2016-08-17,22.49087905883789,,,,,,
2016-08-18,22.65855407714844,,,,,,
2016-08-19,22.545259475708008,,,,,,
2016-08-22,22.53619384765625,,,,,,
2016-08-23,22.65628433227539,,,,,,
2016-08-24,22.34586524963379,,,,,,
2016-08-25,22.26428604125977,,,,,,
2016-08-26,22.139667510986328,,,,,,
2016-08-29,22.46369171142578,,,,,,
2016-08-30,22.348129272460938,,,,,,
2016-08-31,22.162328720092773,,,,,,
2016-09-01,22.169124603271484,,,,,,
2016-09-02,22.456892013549805,,,,,,
2016-09-06,22.66988182067871,,,,,,
2016-09-07,22.66534805297852,,,,,,
2016-09-08,22.4976749420166,,,,,,
2016-09-09,20.868520736694336,,,,,,
2016-09-12,21.77939987182617,,,,,,
2016-09-13,20.8322696685791,,,,,,
2016-09-14,20.79375267028809,,,,,,
2016-09-15,21.423656463623047,,,,,,
2016-09-16,21.160818099975582,,,,,,
2016-09-19,21.1789493560791,,,,,,
2016-09-20,21.18800544738769,,,,,,
2016-09-21,21.88362503051757,,,,,,
2016-09-22,22.29601287841797,,,,,,
2016-09-23,21.931215286254883,,,,,,
2016-09-26,21.412334442138672,,,,,,
2016-09-27,21.80205726623535,,,,,,
2016-09-28,22.12834548950196,,,,,,
2016-09-29,21.50522804260254,,,,,,
2016-09-30,22.01958274841309,,,,,,
2016-10-03,21.81112289428711,,,,,,
2016-10-04,21.52335548400879,,,,,,
2016-10-05,21.77260398864746,,,,,,
2016-10-06,21.833778381347656,,,,,,
2016-10-07,21.609458923339844,,,,,,
2016-10-10,21.92214775085449,,,,,,
2016-10-11,21.122299194335938,,,,,,
2016-10-12,21.194808959960938,,,,,,
2016-10-13,20.986352920532227,,,,,,
2016-10-14,20.99541664123535,,,,,,
2016-10-17,20.78695297241211,,,,,,
2016-10-18,21.1472282409668,,,,,,
2016-10-19,21.321701049804688,,,,,,
2016-10-20,21.208402633666992,,,,,,
2016-10-21,21.235595703125,,,,,,
2016-10-24,21.487104415893555,,,,,,
2016-10-25,21.305837631225582,,,,,,
2016-10-26,21.16535758972168,,,,,,
2016-10-27,20.990886688232425,,,,,,
2016-10-28,20.79375267028809,,,,,,
2016-10-31,20.77335929870605,,,,,,
2016-11-01,20.34738540649414,,,,,,
2016-11-02,19.96444702148437,,,,,,
2016-11-03,19.697078704833984,,,,,,
2016-11-04,19.61323928833008,,,,,,
2016-11-07,20.89798164367676,,,,,,
2016-11-08,21.190279006958008,,,,,,
2016-11-09,21.87003517150879,,,,,,
2016-11-10,22.0105209350586,,,,,,
2016-11-11,21.885894775390625,,,,,,
2016-11-14,21.91988182067871,,,,,,
2016-11-15,22.42063331604004,,,,,,
2016-11-16,22.33452796936035,,,,,,
2016-11-17,22.644954681396484,,,,,,
2016-11-18,22.49087905883789,,,,,,
2016-11-21,22.98710250854492,,,,,,
2016-11-22,23.13891220092773,,,,,,
2016-11-23,23.18196487426757,,,,,,
2016-11-25,23.428943634033203,,,,,,
2016-11-28,23.10492706298828,,,,,,
2016-11-29,23.220483779907227,,,,,,
2016-11-30,23.03241539001465,,,,,,
2016-12-01,22.79676818847656,,,,,,
2016-12-02,22.82168960571289,,,,,,
2016-12-05,23.215951919555664,,,,,,
2016-12-06,23.45159339904785,,,,,,
2016-12-07,24.369272232055664,,,,,,
2016-12-08,24.564132690429688,,,,,,
2016-12-09,25.003711700439453,,,,,,
2016-12-12,24.913074493408203,,,,,,
2016-12-13,25.388904571533203,,,,,,
2016-12-14,24.792984008789062,,,,,,
2016-12-15,25.087547302246094,,,,,,
2016-12-16,24.94933319091797,,,,,,
2016-12-19,25.085281372070312,,,,,,
2016-12-20,25.37757873535156,,,,,,
2016-12-21,25.18725204467773,,,,,,
2016-12-22,25.05355453491211,,,,,,
2016-12-23,25.12153625488281,,,,,,
2016-12-27,25.30280303955078,,,,,,
2016-12-28,24.718212127685547,,,,,,
2016-12-29,24.675167083740234,,,,,,
2016-12-30,24.414588928222656,,,,,,
2017-01-03,24.93120384216309,,,,,,
2017-01-04,25.373044967651367,,,,,,
2017-01-05,25.31413650512696,,,,,,
2017-01-06,25.59963035583496,,,,,,
2017-01-09,25.35718536376953,,,,,,
2017-01-10,25.33452415466309,,,,,,
2017-01-11,25.54525184631348,,,,,,
2017-01-12,25.361717224121094,,,,,,
2017-01-13,25.52259063720703,,,,,,
2017-01-17,25.24842643737793,,,,,,
2017-01-18,25.41156768798828,,,,,,
2017-01-19,25.1396541595459,,,,,,
2017-01-20,25.386638641357425,,,,,,
2017-01-23,25.20537567138672,,,,,,
2017-01-24,25.67440223693848,,,,,,
2017-01-25,26.311111450195312,,,,,,
2017-01-26,26.24992752075196,,,,,,
2017-01-27,26.14570426940918,,,,,,
2017-01-30,25.67213249206543,,,,,,
2017-01-31,25.638147354125977,,,,,,
2017-02-01,25.67213249206543,,,,,,
2017-02-02,25.690269470214844,,,,,,
2017-02-03,26.220474243164062,,,,,,
2017-02-06,26.098119735717773,,,,,,
2017-02-07,26.098119735717773,,,,,,
2017-02-08,26.184223175048828,,,,,,
2017-02-09,26.646455764770508,,,,,,
2017-02-10,26.95461082458496,,,,,,
2017-02-13,27.382858276367188,,,,,,
2017-02-14,27.73859596252441,,,,,,
2017-02-15,28.146453857421875,,,,,,
2017-02-16,28.094331741333008,,,,,,
2017-02-17,28.19403648376465,,,,,,
2017-02-21,28.68572425842285,,,,,,
2017-02-22,28.642671585083008,,,,,,
2017-02-23,28.69252014160156,,,,,,
2017-02-24,28.810346603393555,,,,,,
2017-02-27,28.916841506958008,,,,,,
2017-02-28,28.68119430541992,,,,,,
2017-03-01,29.870769500732425,,,,,,
2017-03-02,29.340560913085938,,,,,,
2017-03-03,29.385875701904297,,,,,,
2017-03-06,29.111705780029297,,,,,,
2017-03-07,28.864727020263672,,,,,,
2017-03-08,28.697052001953125,,,,,,
2017-03-09,28.77409553527832,,,,,,
2017-03-10,29.05279922485352,,,,,,
2017-03-13,29.10264778137207,,,,,,
2017-03-14,28.765031814575195,,,,,,
2017-03-15,29.485572814941406,,,,,,
2017-03-16,29.36548614501953,,,,,,
2017-03-17,29.195545196533203,,,,,,
2017-03-20,29.08224868774414,,,,,,
2017-03-21,27.98784065246582,,,,,,
2017-03-22,28.14191627502441,,,,,,
2017-03-23,28.06035041809082,,,,,,
2017-03-24,28.01729965209961,,,,,,
2017-03-27,27.897214889526367,,,,,,
2017-03-28,28.488597869873047,,,,,,
2017-03-29,28.606416702270508,,,,,,
2017-03-30,28.833011627197266,,,,,,
2017-03-31,28.62907600402832,,,,,,
2017-04-03,28.51578521728516,,,,,,
2017-04-04,28.56110382080078,,,,,,
2017-04-05,28.259746551513672,,,,,,
2017-04-06,28.499929428100582,,,,,,
2017-04-07,28.422887802124023,,,,,,
2017-04-10,28.45687294006348,,,,,,
2017-04-11,28.37077140808105,,,,,,
2017-04-12,28.010501861572266,,,,,,
2017-04-13,27.464427947998047,,,,,,
2017-04-17,28.15778160095215,,,,,,
2017-04-18,27.90853309631348,,,,,,
2017-04-19,27.758995056152344,,,,,,
2017-04-20,28.41156005859375,,,,,,
2017-04-21,28.13512420654297,,,,,,
2017-04-24,29.03919792175293,,,,,,
2017-04-25,29.553550720214844,,,,,,
2017-04-26,29.530893325805664,,,,,,
2017-04-27,29.60113525390625,,,,,,
2017-04-28,29.4017333984375,,,,,,
2017-05-01,29.573945999145508,,,,,,
2017-05-02,29.63738822937012,,,,,,
2017-05-03,29.49236869812012,,,,,,
2017-05-04,29.59207534790039,,,,,,
2017-05-05,29.945539474487305,,,,,,
2017-05-08,29.954605102539062,,,,,,
2017-05-09,29.882099151611328,,,,,,
2017-05-10,30.00898551940918,,,,,,
2017-05-11,29.845842361450195,,,,,,
2017-05-12,29.69176483154297,,,,,,
2017-05-15,30.108688354492188,,,,,,
2017-05-16,30.05430030822754,,,,,,
2017-05-17,28.49539375305176,,,,,,
2017-05-18,28.78542137145996,,,,,,
2017-05-19,29.32922744750977,,,,,,
2017-05-22,29.791460037231445,,,,,,
2017-05-23,29.981794357299805,,,,,,
2017-05-24,30.181188583374023,,,,,,
2017-05-25,30.60717964172364,,,,,,
2017-05-26,30.634361267089844,,,,,,
2017-05-30,30.54372787475586,,,,,,
2017-05-31,30.49840545654297,,,,,,
2017-06-01,31.205360412597656,,,,,,
2017-06-02,31.48631477355957,,,,,,
2017-06-05,31.41381454467773,,,,,,
2017-06-06,31.14191246032715,,,,,,
2017-06-07,31.32317543029785,,,,,,
2017-06-08,31.359432220458984,,,,,,
2017-06-09,31.22348403930664,,,,,,
2017-06-12,31.178163528442383,,,,,,
2017-06-13,31.622278213500977,,,,,,
2017-06-14,31.522565841674805,,,,,,
2017-06-15,31.332246780395508,,,,,,
2017-06-16,31.314109802246094,,,,,,
2017-06-19,32.08451461791992,,,,,,
2017-06-20,31.495386123657227,,,,,,
2017-06-21,31.4500675201416,,,,,,
2017-06-22,31.377561569213867,,,,,,
2017-06-23,31.522565841674805,,,,,,
2017-06-26,31.531644821166992,,,,,,
2017-06-27,30.824689865112305,,,,,,
2017-06-28,31.58601760864257,,,,,,
2017-06-29,30.77937126159668,,,,,,
2017-06-30,30.933462142944336,,,,,,
2017-07-03,31.069398880004883,,,,,,
2017-07-05,31.277862548828125,,,,,,
2017-07-06,30.462156295776367,,,,,,
2017-07-07,30.996902465820312,,,,,,
2017-07-10,31.0875301361084,,,,,,
2017-07-11,31.042207717895508,,,,,,
2017-07-12,31.73103904724121,,,,,,
2017-07-13,31.88510704040528,,,,,,
2017-07-14,32.283905029296875,,,,,,
2017-07-17,32.283905029296875,,,,,,
2017-07-18,32.338287353515625,,,,,,
2017-07-19,32.86396026611328,,,,,,
2017-07-20,32.891143798828125,,,,,,
2017-07-21,32.82770919799805,,,,,,
2017-07-24,32.78239059448242,,,,,,
2017-07-25,33.027099609375,,,,,,
2017-07-26,33.027099609375,,,,,,
2017-07-27,32.93647384643555,,,,,,
2017-07-28,32.80051803588867,,,,,,
2017-07-31,32.74613952636719,,,,,,
2017-08-01,32.945526123046875,,,,,,
2017-08-02,32.99085235595703,,,,,,
2017-08-03,32.82770919799805,,,,,,
2017-08-04,32.981781005859375,,,,,,
2017-08-07,33.12681198120117,,,,,,
2017-08-08,32.92741012573242,,,,,,
2017-08-09,32.882083892822266,,,,,,
2017-08-10,31.522565841674805,,,,,,
2017-08-11,31.622278213500977,,,,,,
2017-08-14,32.54673385620117,,,,,,
2017-08-15,32.54673385620117,,,,,,
2017-08-16,32.70988082885742,,,,,,
2017-08-17,31.178163528442383,,,,,,
2017-08-18,31.02408599853516,,,,,,
2017-08-21,31.114730834960938,,,,,,
2017-08-22,32.03013610839844,,,,,,
2017-08-23,31.7129020690918,,,,,,
2017-08-24,31.477264404296875,,,,,,
2017-08-25,31.66758155822754,,,,,,
2017-08-28,31.7129020690918,,,,,,
2017-08-29,31.77635383605957,,,,,,
2017-08-30,32.26577377319336,,,,,,
2017-08-31,32.80958557128906,,,,,,
2017-09-01,32.981781005859375,,,,,,
2017-09-05,32.26577377319336,,,,,,
2017-09-06,32.5557975769043,,,,,,
2017-09-07,32.56487274169922,,,,,,
2017-09-08,32.4107780456543,,,,,,
2017-09-11,33.4258918762207,,,,,,
2017-09-12,33.77936935424805,,,,,,
2017-09-13,33.842811584472656,,,,,,
2017-09-14,33.80655288696289,,,,,,
2017-09-15,33.91530990600586,,,,,,
2017-09-18,34.114715576171875,,,,,,
2017-09-19,34.21441650390625,,,,,,
2017-09-20,34.28693389892578,,,,,,
2017-09-21,33.99688720703125,,,,,,
2017-09-22,33.99688720703125,,,,,,
2017-09-25,33.80655288696289,,,,,,
2017-09-26,33.85188293457031,,,,,,
2017-09-27,34.205345153808594,,,,,,
2017-09-28,34.33224105834961,,,,,,
2017-09-29,34.649452209472656,,,,,,
2017-10-02,35.129817962646484,,,,,,
2017-10-03,35.36547088623047,,,,,,
2017-10-04,35.46516418457031,,,,,,
2017-10-05,36.09054183959961,,,,,,
2017-10-06,35.972713470458984,,,,,,
2017-10-09,35.81863021850586,,,,,,
2017-10-10,36.072410583496094,,,,,,
2017-10-11,36.2446174621582,,,,,,
2017-10-12,36.072410583496094,,,,,,
2017-10-13,36.19024658203125,,,,,,
2017-10-16,36.3261833190918,,,,,,
2017-10-17,36.39869689941406,,,,,,
2017-10-18,36.48933792114258,,,,,,
2017-10-19,36.54372024536133,,,,,,
2017-10-20,37.05125427246094,,,,,,
2017-10-23,36.67060470581055,,,,,,
2017-10-24,36.842811584472656,,,,,,
2017-10-25,36.31713104248047,,,,,,
2017-10-26,36.43495178222656,,,,,,
2017-10-27,37.29597473144531,,,,,,
2017-10-30,36.915313720703125,,,,,,
2017-10-31,37.04220199584961,,,,,,
2017-11-01,37.22346878051758,,,,,,
2017-11-02,37.25065994262695,,,,,,
2017-11-03,37.57693862915039,,,,,,
2017-11-06,37.73101425170898,,,,,,
2017-11-07,37.70381927490234,,,,,,
2017-11-08,37.89415740966797,,,,,,
2017-11-09,37.46818161010742,,,,,,
2017-11-10,37.39567565917969,,,,,,
2017-11-13,37.4953727722168,,,,,,
2017-11-14,37.25065994262695,,,,,,
2017-11-15,36.67060470581055,,,,,,
2017-11-16,37.57693862915039,,,,,,
2017-11-17,37.27785110473633,,,,,,
2017-11-20,37.41379928588867,,,,,,
2017-11-21,38.15699768066406,,,,,,
2017-11-22,38.075416564941406,,,,,,
2017-11-24,38.29294967651367,,,,,,
2017-11-27,38.25669479370117,,,,,,
2017-11-28,39.39868927001953,,,,,,
2017-11-29,39.3261833190918,,,,,,
2017-11-30,40.3140869140625,,,,,,
2017-12-01,40.10562896728516,,,,,,
2017-12-04,39.96062088012695,,,,,,
2017-12-05,39.51650619506836,,,,,,
2017-12-06,39.507450103759766,,,,,,
2017-12-07,39.88811111450195,,,,,,
2017-12-08,40.54067993164063,,,,,,
2017-12-11,40.91227340698242,,,,,,
2017-12-12,41.13886642456055,,,,,,
2017-12-13,41.09563827514648,,,,,,
2017-12-14,40.597686767578125,,,,,,
2017-12-15,41.59360504150391,,,,,,
2017-12-18,42.41099166870117,,,,,,
2017-12-19,41.93531799316406,,,,,,
2017-12-20,41.84112930297852,,,,,,
2017-12-21,42.05778884887695,,,,,,
2017-12-22,42.01067733764648,,,,,,
2017-12-26,41.85997772216797,,,,,,
2017-12-27,41.93531799316406,,,,,,
2017-12-28,42.1425666809082,,,,,,
2017-12-29,41.75636672973633,,,,,,
2018-01-02,42.56642150878906,,,,,,
2018-01-03,43.31998443603516,,,,,,
2018-01-04,43.866310119628906,,,,,,
2018-01-05,44.69522476196289,,,,,,
2018-01-08,44.968387603759766,,,,,,
2018-01-09,45.27922439575195,,,,,,
2018-01-10,45.01548767089844,,,,,,
2018-01-11,46.03277587890625,,,,,,
2018-01-12,46.92762756347656,,,,,,
2018-01-16,46.42839813232422,,,,,,
2018-01-17,47.71885299682617,,,,,,
2018-01-18,47.53047561645508,,,,,,
2018-01-19,48.12389373779297,,,,,,
2018-01-22,49.31074523925781,,,,,,
2018-01-23,49.64042282104492,,,,,,
2018-01-24,49.56507110595703,,,,,,
2018-01-25,49.63099670410156,,,,,,
2018-01-26,51.31708526611328,,,,,,
2018-01-29,50.30919647216797,,,,,,
2018-01-30,48.70790100097656,,,,,,
2018-01-31,48.830352783203125,,,,,,
2018-02-01,48.632545471191406,,,,,,
2018-02-02,45.46760940551758,,,,,,
2018-02-05,39.88189315795898,,,,,,
2018-02-06,42.09545135498047,,,,,,
2018-02-07,41.37015151977539,,,,,,
2018-02-08,36.773468017578125,,,,,,
2018-02-09,38.45955276489258,,,,,,
2018-02-12,39.96665954589844,,,,,,
2018-02-13,40.32460403442383,,,,,,
2018-02-14,41.93531799316406,,,,,,
2018-02-15,43.50837326049805,,,,,,
2018-02-16,43.51779174804688,,,,,,
2018-02-20,42.735984802246094,,,,,,
2018-02-21,42.02952575683594,,,,,,
2018-02-22,42.23674774169922,,,,,,
2018-02-23,44.25250244140625,,,,,,
2018-02-26,45.79729461669922,,,,,,
2018-02-27,44.06412506103516,,,,,,
2018-02-28,42.60410690307617,,,,,,
2018-03-01,40.86152267456055,,,,,,
2018-03-02,41.50203704833984,,,,,,
2018-03-05,42.88668441772461,,,,,,
2018-03-06,43.22578430175781,,,,,,
2018-03-07,43.19752883911133,,,,,,
2018-03-08,43.809791564941406,,,,,,
2018-03-09,46.05160903930664,,,,,,
2018-03-12,45.8914794921875,,,,,,
2018-03-13,44.97780227661133,,,,,,
2018-03-14,44.2901725769043,,,,,,
2018-03-15,44.13004684448242,,,,,,
2018-03-16,44.233665466308594,,,,,,
2018-03-19,42.43455505371094,,,,,,
2018-03-20,42.641788482666016,,,,,,
2018-03-21,42.42513656616211,,,,,,
2018-03-22,39.26962661743164,,,,,,
2018-03-23,36.669864654541016,,,,,,
2018-03-26,39.74059677124024,,,,,,
2018-03-27,37.602386474609375,,,,,,
2018-03-28,37.33863830566406,,,,,,
2018-03-29,38.89285659790039,,,,,,
2018-04-02,36.18946838378906,,,,,,
2018-04-03,37.611793518066406,,,,,,
2018-04-04,38.8269157409668,,,,,,
2018-04-05,39.65582275390625,,,,,,
2018-04-06,37.05604934692383,,,,,,
2018-04-09,37.47993469238281,,,,,,
2018-04-10,39.36381912231445,,,,,,
2018-04-11,38.68562698364258,,,,,,
2018-04-12,39.66524505615234,,,,,,
2018-04-13,39.30730438232422,,,,,,
2018-04-16,40.24925231933594,,,,,,
2018-04-17,41.53029251098633,,,,,,
2018-04-18,41.60564804077149,,,,,,
2018-04-19,40.92744827270508,,,,,,
2018-04-20,39.8630485534668,,,,,,
2018-04-23,39.83478927612305,,,,,,
2018-04-24,38.28058624267578,,,,,,
2018-04-25,38.49723434448242,,,,,,
2018-04-26,39.65582275390625,,,,,,
2018-04-27,39.75001907348633,,,,,,
2018-04-30,38.8269157409668,,,,,,
2018-05-01,39.03414916992188,,,,,,
2018-05-02,38.20523834228516,,,,,,
2018-05-03,37.9603271484375,,,,,,
2018-05-04,39.42033767700195,,,,,,
2018-05-07,39.797122955322266,,,,,,
2018-05-08,39.80654144287109,,,,,,
2018-05-09,40.94629287719727,,,,,,
2018-05-10,42.12371063232422,,,,,,
2018-05-11,42.35920333862305,,,,,,
2018-05-14,42.49107360839844,,,,,,
2018-05-15,41.64332580566406,,,,,,
2018-05-16,42.18965148925781,,,,,,
2018-05-17,42.05778884887695,,,,,,
2018-05-18,41.73751449584961,,,,,,
2018-05-21,42.65120315551758,,,,,,
2018-05-22,42.293270111083984,,,,,,
2018-05-23,42.65120315551758,,,,,,
2018-05-24,42.40630722045898,,,,,,
2018-05-25,42.05778884887695,,,,,,
2018-05-29,40.64486312866211,,,,,,
2018-05-30,42.2179069519043,,,,,,
2018-05-31,41.35133361816406,,,,,,
2018-06-01,42.641788482666016,,,,,,
2018-06-04,43.244625091552734,,,,,,
2018-06-05,43.33882522583008,,,,,,
2018-06-06,44.43146133422852,,,,,,
2018-06-07,44.35612487792969,,,,,,
2018-06-08,44.7328987121582,,,,,,
2018-06-11,44.93069839477539,,,,,,
2018-06-12,45.14735794067383,,,,,,
2018-06-13,44.6292839050293,,,,,,
2018-06-14,44.97780227661133,,,,,,
2018-06-15,44.798828125,,,,,,
2018-06-18,44.48798751831055,,,,,,
2018-06-19,43.99238967895508,,,,,,
2018-06-20,44.24678421020508,,,,,,
2018-06-21,43.38935470581055,,,,,,
2018-06-22,43.57779693603516,,,,,,
2018-06-25,41.834693908691406,,,,,,
2018-06-26,42.07025909423828,,,,,,
2018-06-27,41.00554656982422,,,,,,
2018-06-28,41.77817153930664,,,,,,
2018-06-29,41.96659851074219,,,,,,
2018-07-02,42.089088439941406,,,,,,
2018-07-03,41.61798095703125,,,,,,
2018-07-05,42.6450080871582,,,,,,
2018-07-06,43.69087600708008,,,,,,
2018-07-09,44.9251823425293,,,,,,
2018-07-10,45.35860824584961,,,,,,
2018-07-11,44.444637298583984,,,,,,
2018-07-12,45.56588745117188,,,,,,
2018-07-13,45.65069961547852,,,,,,
2018-07-16,45.55645751953125,,,,,,
2018-07-17,46.10296630859375,,,,,,
2018-07-18,46.3762092590332,,,,,,
2018-07-19,45.8297119140625,,,,,,
2018-07-20,45.70722579956055,,,,,,
2018-07-23,45.95221328735352,,,,,,
2018-07-24,46.55523681640625,,,,,,
2018-07-25,47.8460693359375,,,,,,
2018-07-26,47.42207336425781,,,,,,
2018-07-27,46.47985458374024,,,,,,
2018-07-30,45.678955078125,,,,,,
2018-07-31,46.347938537597656,,,,,,
2018-08-01,46.19718170166016,,,,,,
2018-08-02,46.85673141479492,,,,,,
2018-08-03,47.49745559692383,,,,,,
2018-08-06,48.01567459106445,,,,,,
2018-08-07,48.46794891357422,,,,,,
2018-08-08,48.41140365600586,,,,,,
2018-08-09,48.20411682128906,,,,,,
2018-08-10,47.20535659790039,,,,,,
2018-08-13,46.65887069702149,,,,,,
2018-08-14,47.53514099121094,,,,,,
2018-08-15,46.50811004638672,,,,,,
2018-08-16,47.59167098999024,,,,,,
2018-08-17,48.0533561706543,,,,,,
2018-08-20,48.37371063232422,,,,,,
2018-08-21,48.67522430419922,,,,,,
2018-08-22,48.628116607666016,,,,,,
2018-08-23,48.401973724365234,,,,,,
2018-08-24,49.23114776611328,,,,,,
2018-08-27,50.39006805419922,,,,,,
2018-08-28,50.53141403198242,,,,,,
2018-08-29,51.30403900146485,,,,,,
2018-08-30,50.64447784423828,,,,,,
2018-08-31,50.64447784423828,,,,,,
2018-09-04,50.40892028808594,,,,,,
2018-09-05,50.02261734008789,,,,,,
2018-09-06,49.5609245300293,,,,,,
2018-09-07,49.17461013793945,,,,,,
2018-09-10,49.45727157592773,,,,,,
2018-09-11,49.98492431640625,,,,,,
2018-09-12,50.00375747680664,,,,,,
2018-09-13,50.823490142822266,,,,,,
2018-09-14,50.84234237670898,,,,,,
2018-09-17,50.02261734008789,,,,,,
2018-09-18,50.80464553833008,,,,,,
2018-09-19,50.99309539794922,,,,,,
2018-09-20,52.18030548095703,,,,,,
2018-09-21,52.05781555175781,,,,,,
2018-09-24,51.56785583496094,,,,,,
2018-09-25,51.37334060668945,,,,,,
2018-09-26,50.89181518554688,,,,,,
2018-09-27,51.307254791259766,,,,,,
2018-09-28,51.28837966918945,,,,,,
2018-10-01,51.82655715942383,,,,,,
2018-10-02,51.741580963134766,,,,,,
2018-10-03,51.85488128662109,,,,,,
2018-10-04,50.61800384521485,,,,,,
2018-10-05,49.8437728881836,,,,,,
2018-10-08,49.72101211547852,,,,,,
2018-10-09,49.53217697143555,,,,,,
2018-10-10,44.83955764770508,,,,,,
2018-10-11,41.79927062988281,,,,,,
2018-10-12,43.59322738647461,,,,,,
2018-10-15,42.818992614746094,,,,,,
2018-10-16,45.52882385253906,,,,,,
2018-10-17,45.5854721069336,,,,,,
2018-10-18,43.668758392333984,,,,,,
2018-10-19,43.4893684387207,,,,,,
2018-10-22,42.97949981689453,,,,,,
2018-10-23,42.243045806884766,,,,,,
2018-10-24,38.41907501220703,,,,,,
2018-10-25,40.52461242675781,,,,,,
2018-10-26,38.296329498291016,,,,,,
2018-10-29,37.64482879638672,,,,,,
2018-10-30,39.39159393310547,,,,,,
2018-10-31,40.609596252441406,,,,,,
2018-11-01,41.91257095336914,,,,,,
2018-11-02,41.0533561706543,,,,,,
2018-11-05,41.77094650268555,,,,,,
2018-11-06,42.5640754699707,,,,,,
2018-11-07,45.217227935791016,,,,,,
2018-11-08,45.00007629394531,,,,,,
2018-11-09,43.74430465698242,,,,,,
2018-11-12,41.20443344116211,,,,,,
2018-11-13,40.97782897949219,,,,,,
2018-11-14,40.14693832397461,,,,,,
2018-11-15,41.42160034179688,,,,,,
2018-11-16,41.65763854980469,,,,,,
2018-11-19,39.73150253295898,,,,,,
2018-11-20,37.41823196411133,,,,,,
2018-11-21,37.77702331542969,,,,,,
2018-11-23,37.01222610473633,,,,,,
2018-11-26,38.71177673339844,,,,,,
2018-11-27,39.08945083618164,,,,,,
2018-11-28,41.79927062988281,,,,,,
2018-11-29,41.51601409912109,,,,,,
2018-11-30,42.356353759765625,,,,,,
2018-12-03,43.9048080444336,,,,,,
2018-12-04,39.75037384033203,,,,,,
2018-12-06,39.52377700805664,,,,,,
2018-12-07,36.71952438354492,,,,,,
2018-12-10,36.89891815185547,,,,,,
2018-12-11,36.90836715698242,,,,,,
2018-12-12,37.474884033203125,,,,,,
2018-12-13,37.39935302734375,,,,,,
2018-12-14,35.3504524230957,,,,,,
2018-12-17,33.30156707763672,,,,,,
2018-12-18,33.14105987548828,,,,,,
2018-12-19,31.507606506347656,,,,,,
2018-12-20,30.10076141357422,,,,,,
2018-12-21,28.240705490112305,,,,,,
2018-12-24,26.002975463867188,,,,,,
2018-12-26,29.77029800415039,,,,,,
2018-12-27,30.604795455932617,,,,,,
2018-12-28,30.42420959472656,,,,,,
2018-12-31,31.27011680603028,,,,,,
2019-01-02,31.29863739013672,,,,,,
2019-01-03,28.979511260986328,,,,,,
2019-01-04,31.90692138671875,,,,,,
2019-01-07,32.67679214477539,,,,,,
2019-01-08,33.560726165771484,,,,,,
2019-01-09,34.05496597290039,,,,,,
2019-01-10,34.435150146484375,,,,,,
2019-01-11,34.44465255737305,,,,,,
2019-01-14,33.817352294921875,,,,,,
2019-01-15,34.98642349243164,,,,,,
2019-01-16,35.186012268066406,,,,,,
2019-01-17,36.03192138671875,,,,,,
2019-01-18,37.40059280395508,,,,,,
2019-01-22,35.93687057495117,,,,,,
2019-01-23,36.079437255859375,,,,,,
2019-01-24,36.17449188232422,,,,,,
2019-01-25,37.16296005249024,,,,,,
2019-01-28,36.250518798828125,,,,,,
2019-01-29,36.06044387817383,,,,,,
2019-01-30,37.771263122558594,,,,,,
2019-01-31,38.77874755859375,,,,,,
2019-02-01,38.807254791259766,,,,,,
2019-02-04,39.62466049194336,,,,,,
2019-02-05,40.118896484375,,,,,,
2019-02-06,39.9668197631836,,,,,,
2019-02-07,38.79775238037109,,,,,,
2019-02-08,38.91181564331055,,,,,,
2019-02-11,38.997344970703125,,,,,,
2019-02-12,40.49908065795898,,,,,,
2019-02-13,40.85073852539063,,,,,,
2019-02-14,40.575103759765625,,,,,,
2019-02-15,41.88675308227539,,,,,,
2019-02-19,42.1053581237793,,,,,,
2019-02-20,42.35248947143555,,,,,,
2019-02-21,41.88675308227539,,,,,,
2019-02-22,42.68514633178711,,,,,,
2019-02-25,42.846717834472656,,,,,,
2019-02-26,42.74216842651367,,,,,,
2019-02-27,42.64711380004883,,,,,,
2019-02-28,42.371490478515625,,,,,,
2019-03-01,43.19839859008789,,,,,,
2019-03-04,42.66613006591797,,,,,,
2019-03-05,42.5235595703125,,,,,,
2019-03-06,41.70616912841797,,,,,,
2019-03-07,40.69868087768555,,,,,,
2019-03-08,40.42303466796875,,,,,,
2019-03-11,42.20040512084961,,,,,,
2019-03-12,42.64711380004883,,,,,,
2019-03-13,43.49302291870117,,,,,,
2019-03-14,43.38849258422852,,,,,,
2019-03-15,44.034793853759766,,,,,,
2019-03-18,44.46250534057617,,,,,,
2019-03-19,44.53854370117188,,,,,,
2019-03-20,44.09182357788086,,,,,,
2019-03-21,45.546024322509766,,,,,,
2019-03-22,42.94176483154297,,,,,,
2019-03-25,42.789695739746094,,,,,,
2019-03-26,43.74965286254883,,,,,,
2019-03-27,43.09383010864258,,,,,,
2019-03-28,43.59758377075195,,,,,,
2019-03-29,44.4434928894043,,,,,,
2019-04-01,45.9642219543457,,,,,,
2019-04-02,46.01174545288086,,,,,,
2019-04-03,46.239864349365234,,,,,,
2019-04-04,46.58201217651367,,,,,,
2019-04-05,47.19982147216797,,,,,,
2019-04-08,47.34238052368164,,,,,,
2019-04-09,46.58201217651367,,,,,,
2019-04-10,47.057247161865234,,,,,,
2019-04-11,47.019229888916016,,,,,,
2019-04-12,47.95068740844727,,,,,,
2019-04-15,47.85563659667969,,,,,,
2019-04-16,47.93168258666992,,,,,,
2019-04-17,47.55149841308594,,,,,,
2019-04-18,47.80812072753906,,,,,,
2019-04-22,47.89365005493164,,,,,,
2019-04-23,49.18627166748047,,,,,,
2019-04-24,48.92966079711914,,,,,,
2019-04-25,48.79658508300781,,,,,,
2019-04-26,49.442901611328125,,,,,,
2019-04-29,49.61398696899414,,,,,,
2019-04-30,49.70903015136719,,,,,,
2019-05-01,48.61601257324219,,,,,,
2019-05-02,48.283348083496094,,,,,,
2019-05-03,49.66151428222656,,,,,,
2019-05-06,49.08172607421875,,,,,,
2019-05-07,46.62954711914063,,,,,,
2019-05-08,46.41094207763672,,,,,,
2019-05-09,46.04977416992188,,,,,,
2019-05-10,46.54400634765625,,,,,,
2019-05-13,43.11284255981445,,,,,,
2019-05-14,44.20587158203125,,,,,,
2019-05-15,44.98525619506836,,,,,,
2019-05-16,46.21133804321289,,,,,,
2019-05-17,45.36543655395508,,,,,,
2019-05-20,44.42448043823242,,,,,,
2019-05-21,45.61255645751953,,,,,,
2019-05-22,45.21336364746094,,,,,,
2019-05-23,43.6165771484375,,,,,,
2019-05-24,43.77816390991211,,,,,,
2019-05-28,42.580596923828125,,,,,,
2019-05-29,41.70616912841797,,,,,,
2019-05-30,42.05783462524414,,,,,,
2019-05-31,40.41354370117188,,,,,,
2019-06-03,40.01434326171875,,,,,,
2019-06-04,42.60910415649414,,,,,,
2019-06-05,43.71163177490234,,,,,,
2019-06-06,44.56705093383789,,,,,,
2019-06-07,45.869178771972656,,,,,,
2019-06-10,46.48697662353516,,,,,,
2019-06-11,46.45846557617188,,,,,,
2019-06-12,46.220848083496094,,,,,,
2019-06-13,46.800628662109375,,,,,,
2019-06-14,46.58201217651367,,,,,,
2019-06-17,46.67707061767578,,,,,,
2019-06-18,48.03621673583984,,,,,,
2019-06-19,48.46393585205078,,,,,,
2019-06-20,49.8135871887207,,,,,,
2019-06-21,49.57597732543945,,,,,,
2019-06-24,49.38588333129883,,,,,,
2019-06-25,47.89761734008789,,,,,,
2019-06-26,47.792476654052734,,,,,,
2019-06-27,48.24172592163086,,,,,,
2019-06-28,49.0828742980957,,,,,,
2019-07-01,50.23945236206055,,,,,,
2019-07-02,50.69826126098633,,,,,,
2019-07-03,51.835716247558594,,,,,,
2019-07-05,51.6063232421875,,,,,,
2019-07-08,50.87987518310547,,,,,,
2019-07-09,51.02325439453125,,,,,,
2019-07-10,51.75925064086914,,,,,,
2019-07-11,52.06512451171875,,,,,,
2019-07-12,52.72466278076172,,,,,,
2019-07-15,52.79157257080078,,,,,,
2019-07-16,52.22762298583984,,,,,,
2019-07-17,51.24309158325195,,,,,,
2019-07-18,51.77837371826172,,,,,,
2019-07-19,50.83207321166992,,,,,,
2019-07-22,51.21441650390625,,,,,,
2019-07-23,52.31364822387695,,,,,,
2019-07-24,53.04964447021485,,,,,,
2019-07-25,52.246726989746094,,,,,,
2019-07-26,53.27904891967773,,,,,,
2019-07-29,53.01142501831055,,,,,,
2019-07-30,52.66732025146485,,,,,,
2019-07-31,50.84163284301758,,,,,,
2019-08-01,49.53211975097656,,,,,,
2019-08-02,48.43289566040039,,,,,,
2019-08-05,44.09334945678711,,,,,,
2019-08-06,45.88076400756836,,,,,,
2019-08-07,45.96680450439453,,,,,,
2019-08-08,48.59539413452149,,,,,,
2019-08-09,47.53439712524414,,,,,,
2019-08-12,45.84254837036133,,,,,,
2019-08-13,47.99320602416992,,,,,,
2019-08-14,43.71100616455078,,,,,,
2019-08-15,44.06465911865234,,,,,,
2019-08-16,45.95724105834961,,,,,,
2019-08-19,47.61085510253906,,,,,,
2019-08-20,46.53075408935547,,,,,,
2019-08-21,47.67778396606445,,,,,,
2019-08-22,47.57263946533203,,,,,,
2019-08-23,43.949954986572266,,,,,,
2019-08-26,45.37417984008789,,,,,,
2019-08-27,44.829345703125,,,,,,
2019-08-28,45.77563095092773,,,,,,
2019-08-29,47.48660659790039,,,,,,
2019-08-30,47.4483642578125,,,,,,
2019-09-03,46.626346588134766,,,,,,
2019-09-04,48.13658142089844,,,,,,
2019-09-05,50.01004409790039,,,,,,
2019-09-06,50.12475204467773,,,,,,
2019-09-09,50.14387130737305,,,,,,
2019-09-10,50.20122146606445,,,,,,
2019-09-11,51.25265502929688,,,,,,
2019-09-12,51.71146011352539,,,,,,
2019-09-13,51.57764053344727,,,,,,
2019-09-16,51.1379508972168,,,,,,
2019-09-17,51.47249603271485,,,,,,
2019-09-18,51.58720397949219,,,,,,
2019-09-19,51.56808090209961,,,,,,
2019-09-20,50.717384338378906,,,,,,
2019-09-23,50.79384231567383,,,,,,
2019-09-24,49.54168319702149,,,,,,
2019-09-25,50.44975280761719,,,,,,
2019-09-26,50.08650970458984,,,,,,
2019-09-27,49.245365142822266,,,,,,
2019-09-30,50.00049209594727,,,,,,
2019-10-01,48.16525268554688,,,,,,
2019-10-02,45.67048645019531,,,,,,
2019-10-03,46.70281219482422,,,,,,
2019-10-04,48.57627487182617,,,,,,
2019-10-07,47.92629623413086,,,,,,
2019-10-08,45.76607894897461,,,,,,
2019-10-09,46.96089172363281,,,,,,
2019-10-10,47.99320602416992,,,,,,
2019-10-11,49.44608688354492,,,,,,
2019-10-14,49.312278747558594,,,,,,
2019-10-15,50.74606323242188,,,,,,
2019-10-16,50.47842025756836,,,,,,
2019-10-17,50.84163284301758,,,,,,
2019-10-18,50.182090759277344,,,,,,
2019-10-21,51.27177810668945,,,,,,
2019-10-22,50.688697814941406,,,,,,
2019-10-23,51.1666259765625,,,,,,
2019-10-24,51.35779571533203,,,,,,
2019-10-25,52.055572509765625,,,,,,
2019-10-28,52.887149810791016,,,,,,
2019-10-29,52.8011360168457,,,,,,
2019-10-30,53.27904891967773,,,,,,
2019-10-31,52.8011360168457,,,,,,
2019-11-01,54.292259216308594,,,,,,
2019-11-04,54.91355514526367,,,,,,
2019-11-05,54.73194885253906,,,,,,
2019-11-06,54.79886245727539,,,,,,
2019-11-07,55.391483306884766,,,,,,
2019-11-08,55.71647262573242,,,,,,
2019-11-11,55.40103912353516,,,,,,
2019-11-12,55.71647262573242,,,,,,
2019-11-13,55.79294204711914,,,,,,
2019-11-14,56.051025390625,,,,,,
2019-11-15,57.25538635253906,,,,,,
2019-11-18,57.303184509277344,,,,,,
2019-11-19,57.25538635253906,,,,,,
2019-11-20,56.653202056884766,,,,,,
2019-11-21,56.38556671142578,,,,,,
2019-11-22,56.71055603027344,,,,,,
2019-11-25,58.010501861572266,,,,,,
2019-11-26,58.39284896850586,,,,,,
2019-11-27,59.14796829223633,,,,,,
2019-11-29,58.517120361328125,,,,,,
2019-12-02,56.97818756103516,,,,,,
2019-12-03,55.8025016784668,,,,,,
2019-12-04,56.83481216430664,,,,,,
2019-12-05,57.21715927124024,,,,,,
2019-12-06,58.69873046875,,,,,,
2019-12-09,58.19211959838867,,,,,,
2019-12-10,57.98183059692383,,,,,,
2019-12-11,58.46931076049805,,,,,,
2019-12-12,59.96999740600586,,,,,,
2019-12-13,60.02734375,,,,,,
2019-12-16,61.27951431274414,,,,,,
2019-12-17,61.29863357543945,,,,,,
2019-12-18,61.29863357543945,,,,,,
2019-12-19,62.072879791259766,,,,,,
2019-12-20,62.98092651367188,,,,,,
2019-12-23,63.10760116577149,,,,,,
2019-12-24,63.12678146362305,,,,,,
2019-12-26,64.08647918701172,,,,,,
2019-12-27,64.04808807373047,,,,,,
2019-12-30,62.925270080566406,,,,,,
2019-12-31,63.41469955444336,,,,,,
2020-01-02,65.1708755493164,,,,,,
2020-01-03,63.60663986206055,,,,,,
2020-01-06,64.34557342529297,,,,,,
2020-01-07,63.856143951416016,,,,,,
2020-01-08,64.83500671386719,,,,,,
2020-01-09,66.14974212646484,,,,,,
2020-01-10,65.52596282958984,,,,,,
2020-01-13,66.94625854492188,,,,,,
2020-01-14,66.58160400390625,,,,,,
2020-01-15,67.05181121826172,,,,,,
2020-01-16,68.62569427490234,,,,,,
2020-01-17,69.3358383178711,,,,,,
2020-01-21,68.83680725097656,,,,,,
2020-01-22,68.9423599243164,,,,,,
2020-01-23,69.12470245361328,,,,,,
2020-01-24,67.22457122802734,,,,,,
2020-01-27,64.00967407226562,,,,,,
2020-01-28,65.9673843383789,,,,,,
2020-01-29,65.85225677490234,,,,,,
2020-01-30,66.4664306640625,,,,,,
2020-01-31,62.85808181762695,,,,,,
2020-02-03,64.19203186035156,,,,,,
2020-02-04,67.1861801147461,,,,,,
2020-02-05,69.43177795410156,,,,,,
2020-02-06,70.18032836914062,,,,,,
2020-02-07,69.00955200195312,,,,,,
2020-02-10,70.50662231445312,,,,,,
2020-02-11,70.9384765625,,,,,,
2020-02-12,72.26282501220703,,,,,,
2020-02-13,72.0420913696289,,,,,,
2020-02-14,72.33958435058594,,,,,,
2020-02-18,71.68700408935547,,,,,,
2020-02-19,72.77143096923828,,,,,,
2020-02-20,71.90774536132812,,,,,,
2020-02-21,69.58533477783203,,,,,,
2020-02-24,62.67575073242188,,,,,,
2020-02-25,57.01371383666992,,,,,,
2020-02-26,56.30356979370117,,,,,,
2020-02-27,48.79899215698242,,,,,,
2020-02-28,48.2327880859375,,,,,,
2020-03-02,54.24029159545898,,,,,,
2020-03-03,49.62430953979492,,,,,,
2020-03-04,55.81414794921875,,,,,,
2020-03-05,50.20009994506836,,,,,,
2020-03-06,47.69538497924805,,,,,,
2020-03-09,36.62083435058594,,,,,,
2020-03-10,42.22528076171875,,,,,,
2020-03-11,36.073822021484375,,,,,,
2020-03-12,25.728633880615234,,,,,,
2020-03-13,32.667015075683594,,,,,,
2020-03-16,21.6020736694336,,,,,,
2020-03-17,25.13363647460937,,,,,,
2020-03-18,21.342958450317383,,,,,,
2020-03-19,21.1318359375,,,,,,
2020-03-20,18.34880447387696,,,,,,
2020-03-23,16.842130661010742,,,,,,
2020-03-24,21.525299072265625,,,,,,
2020-03-25,22.331411361694336,,,,,,
2020-03-26,26.304431915283203,,,,,,
2020-03-27,23.895666122436523,,,,,,
2020-03-30,26.18927383422852,,,,,,
2020-03-31,24.999286651611328,,,,,,
2020-04-01,21.678844451904297,,,,,,
2020-04-02,23.147130966186523,,,,,,
2020-04-03,22.17787170410156,,,,,,
2020-04-06,26.66910171508789,,,,,,
2020-04-07,26.65951156616211,,,,,,
2020-04-08,29.3753662109375,,,,,,
2020-04-09,30.69010162353516,,,,,,
2020-04-13,29.83600234985352,,,,,,
2020-04-14,32.51347351074219,,,,,,
2020-04-15,30.421396255493164,,,,,,
2020-04-16,30.882036209106445,,,,,,
2020-04-17,33.357967376708984,,,,,,
2020-04-20,31.61138343811035,,,,,,
2020-04-21,28.732383728027344,,,,,,
2020-04-22,30.622926712036133,,,,,,
2020-04-23,30.565349578857425,,,,,,
2020-04-24,31.89927864074707,,,,,,
2020-04-27,33.26201629638672,,,,,,
2020-04-28,32.8205680847168,,,,,,
2020-04-29,35.35408020019531,,,,,,
2020-04-30,34.30804443359375,,,,,,
2020-05-01,31.659366607666016,,,,,,
2020-05-04,31.880088806152344,,,,,,
2020-05-05,32.75338363647461,,,,,,
2020-05-06,32.11040496826172,,,,,,
2020-05-07,33.271602630615234,,,,,,
2020-05-08,34.9222297668457,,,,,,
2020-05-11,34.91263198852539,,,,,,
2020-05-12,32.85895156860352,,,,,,
2020-05-13,31.14114570617676,,,,,,
2020-05-14,32.19677734375,,,,,,
2020-05-15,32.59024429321289,,,,,,
2020-05-18,35.5939826965332,,,,,,
2020-05-19,34.52877426147461,,,,,,
2020-05-20,36.304141998291016,,,,,,
2020-05-21,35.450050354003906,,,,,,
2020-05-22,35.68996047973633,,,,,,
2020-05-26,37.08147430419922,,,,,,
2020-05-27,38.63613128662109,,,,,,
2020-05-28,38.48258972167969,,,,,,
2020-05-29,38.89524459838867,,,,,,
2020-06-01,39.4422492980957,,,,,,
2020-06-02,40.40191268920898,,,,,,
2020-06-03,42.03334045410156,,,,,,
2020-06-04,41.67826843261719,,,,,,
2020-06-05,44.8835563659668,,,,,,
2020-06-08,46.52458953857422,,,,,,
2020-06-09,45.50732803344727,,,,,,
2020-06-10,44.76840591430664,,,,,,
2020-06-11,37.00469207763672,,,,,,
2020-06-12,38.271461486816406,,,,,,
2020-06-15,39.34628677368164,,,,,,
2020-06-16,41.61110305786133,,,,,,
2020-06-17,41.04489135742188,,,,,,
2020-06-18,41.131256103515625,,,,,,
2020-06-19,40.43070983886719,,,,,,
2020-06-22,41.208038330078125,,,,,,
2020-06-23,41.76139450073242,,,,,,
2020-06-24,38.59111022949219,,,,,,
2020-06-25,39.82079315185547,,,,,,
2020-06-26,37.02516555786133,,,,,,
2020-06-29,38.53345489501953,,,,,,
2020-06-30,40.166648864746094,,,,,,
2020-07-01,40.91598129272461,,,,,,
2020-07-02,41.55004501342773,,,,,,
2020-07-06,43.46182632446289,,,,,,
2020-07-07,42.13606262207031,,,,,,
2020-07-08,43.06794357299805,,,,,,
2020-07-09,42.36663436889648,,,,,,
2020-07-10,43.66358184814453,,,,,,
2020-07-13,42.54916763305664,,,,,,
2020-07-14,44.20156478881836,,,,,,
2020-07-15,45.38322067260742,,,,,,
2020-07-16,44.93169403076172,,,,,,
2020-07-17,45.27754974365234,,,,,,
2020-07-20,46.411163330078125,,,,,,
2020-07-21,46.7089729309082,,,,,,
2020-07-22,47.48713302612305,,,,,,
2020-07-23,45.85396194458008,,,,,,
2020-07-24,44.90286636352539,,,,,,
2020-07-27,45.873165130615234,,,,,,
2020-07-28,45.07579803466797,,,,,,
2020-07-29,46.66094207763672,,,,,,
2020-07-30,46.161376953125,,,,,,
2020-07-31,47.27577972412109,,,,,,
2020-08-03,48.23647689819336,,,,,,
2020-08-04,48.78407287597656,,,,,,
2020-08-05,49.67752456665039,,,,,,
2020-08-06,50.69585800170898,,,,,,
2020-08-07,50.79193115234375,,,,,,
2020-08-10,51.281883239746094,,,,,,
2020-08-11,50.03297424316406,,,,,,
2020-08-12,52.040828704833984,,,,,,
2020-08-13,51.839088439941406,,,,,,
2020-08-14,51.79104995727539,,,,,,
2020-08-17,52.26178359985352,,,,,,
2020-08-18,52.58842468261719,,,,,,
2020-08-19,51.94476318359375,,,,,,
2020-08-20,52.42509841918945,,,,,,
2020-08-21,52.96309661865234,,,,,,
2020-08-24,54.60588455200195,,,,,,
2020-08-25,55.17269134521485,,,,,,
2020-08-26,56.8250846862793,,,,,,
2020-08-27,57.19975280761719,,,,,,
2020-08-28,58.32377624511719,,,,,,
2020-08-31,57.64167404174805,,,,,,
2020-09-01,59.303672790527344,,,,,,
2020-09-02,61.887962341308594,,,,,,
2020-09-03,55.51853942871094,,,,,,
2020-09-04,54.13513946533203,,,,,,
2020-09-08,49.64870834350586,,,,,,
2020-09-09,52.58842468261719,,,,,,
2020-09-10,49.87926483154297,,,,,,
2020-09-11,49.89847946166992,,,,,,
2020-09-14,51.90633010864258,,,,,,
2020-09-15,52.64606857299805,,,,,,
2020-09-16,52.0600471496582,,,,,,
2020-09-17,50.70547103881836,,,,,,
2020-09-18,48.96660614013672,,,,,,
2020-09-21,47.27577972412109,,,,,,
2020-09-22,48.74564743041992,,,,,,
2020-09-23,45.34478759765625,,,,,,
2020-09-24,45.6810302734375,,,,,,
2020-09-25,47.89062881469727,,,,,,
2020-09-28,50.301979064941406,,,,,,
2020-09-29,49.43733596801758,,,,,,
2020-09-30,50.59018707275391,,,,,,
2020-10-01,51.51244354248047,,,,,,
2020-10-02,50.12904739379883,,,,,,
2020-10-05,52.6941032409668,,,,,,
2020-10-06,50.49411010742188,,,,,,
2020-10-07,53.05916595458984,,,,,,
2020-10-08,54.46177673339844,,,,,,
2020-10-09,55.93164443969727,,,,,,
2020-10-12,58.69844818115234,,,,,,
2020-10-13,57.5071907043457,,,,,,
2020-10-14,56.4792366027832,,,,,,
2020-10-15,56.24867248535156,,,,,,
2020-10-16,56.11417388916016,,,,,,
2020-10-19,53.58755111694336,,,,,,
2020-10-20,54.14475631713867,,,,,,
2020-10-21,53.81811141967773,,,,,,
2020-10-22,54.74038696289063,,,,,,
2020-10-23,55.259159088134766,,,,,,
2020-10-26,52.271392822265625,,,,,,
2020-10-27,51.68537139892578,,,,,,
2020-10-28,46.411163330078125,,,,,,
2020-10-29,47.76573944091797,,,,,,
2020-10-30,46.247840881347656,,,,,,
2020-11-02,47.842586517333984,,,,,,
2020-11-03,50.33079147338867,,,,,,
2020-11-04,53.69321441650391,,,,,,
2020-11-05,56.84429931640625,,,,,,
2020-11-06,56.81548309326172,,,,,,
2020-11-09,58.98666000366211,,,,,,
2020-11-10,58.70805358886719,,,,,,
2020-11-11,59.95695877075195,,,,,,
2020-11-12,58.26613235473633,,,,,,
2020-11-13,60.639041900634766,,,,,,
2020-11-16,62.92549133300781,,,,,,
2020-11-17,61.916770935058594,,,,,,
2020-11-18,59.7167854309082,,,,,,
2020-11-19,60.418087005615234,,,,,,
2020-11-20,59.19800567626953,,,,,,
2020-11-23,60.2932014465332,,,,,,
2020-11-24,63.11764907836914,,,,,,
2020-11-25,62.84863662719727,,,,,,
2020-11-27,63.38663864135742,,,,,,
2020-11-30,62.5316162109375,,,,,,
2020-12-01,64.549072265625,,,,,,
2020-12-02,64.94296264648438,,,,,,
2020-12-03,64.89492797851562,,,,,,
2020-12-04,66.63377380371094,,,,,,
2020-12-07,66.20148468017578,,,,,,
2020-12-08,66.7298583984375,,,,,,
2020-12-09,64.99098205566406,,,,,,
2020-12-10,64.87570190429688,,,,,,
2020-12-11,64.63553619384766,,,,,,
2020-12-14,63.780521392822266,,,,,,
2020-12-15,66.34557342529297,,,,,,
2020-12-16,66.67220306396484,,,,,,
2020-12-17,67.83465576171875,,,,,,
2020-12-18,66.97001647949219,,,,,,
2020-12-21,66.29753875732422,,,,,,
2020-12-22,65.93665313720703,,,,,,
2020-12-23,66.05216217041016,,,,,,
2020-12-24,66.87973022460938,,,,,,
2020-12-28,68.57337951660156,,,,,,
2020-12-29,68.20771789550781,,,,,,
2020-12-30,68.43865966796875,,,,,,
2020-12-31,69.52605438232422,,,,,,
2021-01-04,66.6487808227539,,,,,,
2021-01-05,67.99600219726562,,,,,,
2021-01-06,69.24697875976562,,,,,,
2021-01-07,72.26860809326172,,,,,,
2021-01-08,73.5003433227539,,,,,,
2021-01-11,72.1242446899414,,,,,,
2021-01-12,72.09538269042969,,,,,,
2021-01-13,72.66313934326172,,,,,,
2021-01-14,71.83557891845703,,,,,,
2021-01-15,70.26701354980469,,,,,,
2021-01-19,71.95103454589844,,,,,,
2021-01-20,74.9245376586914,,,,,,
2021-01-21,75.11700439453125,,,,,,
2021-01-22,74.31830596923828,,,,,,
2021-01-25,75.20360565185547,,,,,,
2021-01-26,74.83792114257812,,,,,,
2021-01-27,69.37208557128906,,,,,,
2021-01-28,71.03685760498047,,,,,,
2021-01-29,66.90859985351562,,,,,,
2021-02-01,70.16118621826172,,,,,,
2021-02-02,73.1539077758789,,,,,,
2021-02-03,73.33674621582031,,,,,,
2021-02-04,75.78097534179688,,,,,,
2021-02-05,76.68553924560547,,,,,,
2021-02-08,78.37918853759766,,,,,,
2021-02-09,78.18673706054688,,,,,,
2021-02-10,78.09049987792969,,,,,,
2021-02-11,78.47542572021484,,,,,,
2021-02-12,79.6590576171875,,,,,,
2021-02-16,79.46659088134766,,,,,,
2021-02-17,79.48585510253906,,,,,,
2021-02-18,78.44654846191406,,,,,,
2021-02-19,78.01351165771484,,,,,,
2021-02-22,76.25251770019531,,,,,,
2021-02-23,76.47383880615234,,,,,,
2021-02-24,78.98544311523438,,,,,,
2021-02-25,73.3078842163086,,,,,,
2021-02-26,72.18199157714844,,,,,,
2021-03-01,77.38801574707031,,,,,,
2021-03-02,75.63664245605469,,,,,,
2021-03-03,72.58614349365234,,,,,,
2021-03-04,69.91095733642578,,,,,,
2021-03-05,73.69279479980469,,,,,,
2021-03-08,72.65352630615234,,,,,,
2021-03-09,75.67512512207031,,,,,,
2021-03-10,77.10894775390625,,,,,,
2021-03-11,79.44733428955078,,,,,,
2021-03-12,79.83226013183594,,,,,,
2021-03-15,81.28533172607422,,,,,,
2021-03-16,80.96778106689453,,,,,,
2021-03-17,81.65099334716797,,,,,,
2021-03-18,78.16749572753906,,,,,,
2021-03-19,77.74408721923828,,,,,,
2021-03-22,79.5916976928711,,,,,,
2021-03-23,77.63822937011719,,,,,,
2021-03-24,76.48347473144531,,,,,,
2021-03-25,77.80181121826172,,,,,,
2021-03-26,81.4393081665039,,,,,,
2021-03-29,81.39118194580078,,,,,,
2021-03-30,80.83305358886719,,,,,,
2021-03-31,81.74723052978516,,,,,,
2021-04-01,84.23961639404297,,,,,,
2021-04-05,87.99256134033203,,,,,,
2021-04-06,87.7231216430664,,,,,,
2021-04-07,88.05028533935547,,,,,,
2021-04-08,89.3205337524414,,,,,,
2021-04-09,91.23548889160156,,,,,,
2021-04-12,91.34134674072266,,,,,,
2021-04-13,92.18817901611328,,,,,,
2021-04-14,91.32209777832033,,,,,,
2021-04-15,94.20899200439452,,,,,,
2021-04-16,95.1905517578125,,,,,,
2021-04-19,93.7085952758789,,,,,,
2021-04-20,91.63966369628906,,,,,,
2021-04-21,94.2186279296875,,,,,,
2021-04-22,91.69741821289062,,,,,,
2021-04-23,94.55543518066406,,,,,,
2021-04-26,95.18094635009766,,,,,,
2021-04-27,95.07508087158205,,,,,,
2021-04-28,95.00769805908205,,,,,,
2021-04-29,96.77833557128906,,,,,,
2021-04-30,94.99807739257812,,,,,,
2021-05-03,95.49847412109376,,,,,,
2021-05-04,93.75674438476562,,,,,,
2021-05-05,93.8048324584961,,,,,,
2021-05-06,96.03736877441406,,,,,,
2021-05-07,98.1640396118164,,,,,,
2021-05-10,95.31563568115234,,,,,,
2021-05-11,92.77517700195312,,,,,,
2021-05-12,86.75119018554688,,,,,,
2021-05-13,89.86904907226562,,,,,,
2021-05-14,94.07427215576172,,,,,,
2021-05-17,93.2852020263672,,,,,,
2021-05-18,90.9468231201172,,,,,,
2021-05-19,90.23470306396484,,,,,,
2021-05-20,93.04462432861328,,,,,,
2021-05-21,92.80406188964844,,,,,,
2021-05-24,95.68132019042967,,,,,,
2021-05-25,95.0846939086914,,,,,,
2021-05-26,95.61395263671876,,,,,,
2021-05-27,95.7005615234375,,,,,,
2021-05-28,96.2779541015625,,,,,,
2021-06-01,96.01811981201172,,,,,,
2021-06-02,96.43191528320312,,,,,,
2021-06-03,95.38299560546876,,,,,,
2021-06-04,97.95233917236328,,,,,,
2021-06-07,97.75023651123048,,,,,,
2021-06-08,97.75023651123048,,,,,,
2021-06-09,97.2979736328125,,,,,,
2021-06-10,98.65482330322266,,,,,,
2021-06-11,99.14559936523438,,,,,,
2021-06-14,99.80958557128906,,,,,,
2021-06-15,99.23219299316406,,,,,,
2021-06-16,97.53855895996094,,,,,,
2021-06-17,97.50006103515624,,,,,,
2021-06-18,93.54500579833984,,,,,,
2021-06-21,97.57704162597656,,,,,,
2021-06-22,99.05091857910156,,,,,,
2021-06-23,98.75249481201172,,,,,,
2021-06-24,100.49495697021484,,,,,,
2021-06-25,101.49614715576172,,,,,,
2021-06-28,102.17003631591795,,,,,,
2021-06-29,102.2181625366211,,,,,,
2021-06-30,102.6032257080078,,,,,,
2021-07-01,104.24943542480467,,,,,,
2021-07-02,106.64653778076172,,,,,,
2021-07-06,105.97264099121094,,,,,,
2021-07-07,107.13748931884766,,,,,,
2021-07-08,104.4612274169922,,,,,,
2021-07-09,107.7824935913086,,,,,,
2021-07-12,109.04361724853516,,,,,,
2021-07-13,107.9172821044922,,,,,,
2021-07-14,108.24457550048828,,,,,,
2021-07-15,107.26263427734376,,,,,,
2021-07-16,104.69226837158205,,,,,,
2021-07-19,100.1580047607422,,,,,,
2021-07-20,104.4034652709961,,,,,,
2021-07-21,106.88720703125,,,,,,
2021-07-22,107.57071685791016,,,,,,
2021-07-23,110.8245849609375,,,,,,
2021-07-26,111.62362670898438,,,,,,
2021-07-27,110.0351791381836,,,,,,
2021-07-28,109.96780395507812,,,,,,
2021-07-29,111.37332153320312,,,,,,
2021-07-30,109.63085174560548,,,,,,
2021-08-02,109.04361724853516,,,,,,
2021-08-03,111.65251922607422,,,,,,
2021-08-04,110.0351791381836,,,,,,
2021-08-05,111.9990692138672,,,,,,
2021-08-06,112.6633071899414,,,,,,
2021-08-09,112.35526275634766,,,,,,
2021-08-10,112.74034881591795,,,,,,
2021-08-11,113.5682601928711,,,,,,
2021-08-12,114.52130126953124,,,,,,
2021-08-13,115.20481872558594,,,,,,
2021-08-16,116.0712432861328,,,,,,
2021-08-17,113.72228240966795,,,,,,
2021-08-18,109.95818328857422,,,,,,
2021-08-19,110.53577423095705,,,,,,
2021-08-20,113.19280242919922,,,,,,
2021-08-23,116.04235076904295,,,,,,
2021-08-24,116.67771911621094,,,,,,
2021-08-25,117.39012145996094,,,,,,
2021-08-26,115.2914581298828,,,,,,
2021-08-27,118.3431625366211,,,,,,
2021-08-30,119.94124603271484,,,,,,
2021-08-31,119.45027923583984,,,,,,
2021-09-01,119.75833129882812,,,,,,
2021-09-02,120.74026489257812,,,,,,
2021-09-03,120.59588623046876,,,,,,
2021-09-07,119.35398864746094,,,,,,
2021-09-08,118.85338592529295,,,,,,
2021-09-09,117.21683502197266,,,,,,
2021-09-10,114.57906341552734,,,,,,
2021-09-13,115.36847686767578,,,,,,
2021-09-14,113.53937530517578,,,,,,
2021-09-15,116.35041809082033,,,,,,
2021-09-16,115.73429870605467,,,,,,
2021-09-17,112.49004364013672,,,,,,
2021-09-20,106.74280548095705,,,,,,
2021-09-21,106.53099822998048,,,,,,
2021-09-22,109.54421997070312,,,,,,
2021-09-23,113.5682601928711,,,,,,
2021-09-24,114.10735321044922,,,,,,
2021-09-27,113.13504028320312,,,,,,
2021-09-28,106.22295379638672,,,,,,
2021-09-29,106.74280548095705,,,,,,
2021-09-30,102.98831939697266,,,,,,
2021-10-01,106.55987548828124,,,,,,
2021-10-04,102.48771667480467,,,,,,
2021-10-05,105.5586929321289,,,,,,
2021-10-06,106.9353256225586,,,,,,
2021-10-07,109.65011596679688,,,,,,
2021-10-08,109.05323791503906,,,,,,
2021-10-11,106.68502044677734,,,,,,
2021-10-12,105.92450714111328,,,,,,
2021-10-13,106.9353256225586,,,,,,
2021-10-14,112.38414764404295,,,,,,
2021-10-15,114.93526458740234,,,,,,
2021-10-18,115.99422454833984,,,,,,
2021-10-19,118.61272430419922,,,,,,
2021-10-20,120.07601165771484,,,,,,
2021-10-21,121.0579605102539,,,,,,
2021-10-22,120.5284652709961,,,,,,
2021-10-25,122.37684631347656,,,,,,
2021-10-26,122.84855651855467,,,,,,
2021-10-27,121.18309783935548,,,,,,
2021-10-28,124.66804504394533,,,,,,
2021-10-29,125.37081146240234,,,,,,
2021-11-01,126.05429077148438,,,,,,
2021-11-02,127.53683471679688,,,,,,
2021-11-03,129.8761749267578,,,,,,
2021-11-04,131.64752197265625,,,,,,
2021-11-05,133.0530242919922,,,,,,
2021-11-08,133.52474975585938,,,,,,
2021-11-09,132.17703247070312,,,,,,
2021-11-10,129.0001220703125,,,,,,
2021-11-11,129.01937866210938,,,,,,
2021-11-12,131.96522521972656,,,,,,
2021-11-15,132.05181884765625,,,,,,
2021-11-16,133.6306610107422,,,,,,
2021-11-17,132.65835571289062,,,,,,
2021-11-18,134.0349884033203,,,,,,
2021-11-19,133.30332946777344,,,,,,
2021-11-22,132.1865997314453,,,,,,
2021-11-23,132.802734375,,,,,,
2021-11-24,133.68841552734375,,,,,,
2021-11-26,124.68728637695312,,,,,,
2021-11-29,129.433349609375,,,,,,
2021-11-30,122.03990173339844,,,,,,
2021-12-01,117.77518463134766,,,,,,
2021-12-02,123.01220703125,,,,,,
2021-12-03,119.70056915283205,,,,,,
2021-12-06,124.11930084228516,,,,,,
2021-12-07,131.8400421142578,,,,,,
2021-12-08,132.83163452148438,,,,,,
2021-12-09,130.22274780273438,,,,,,
2021-12-10,133.90985107421875,,,,,,
2021-12-13,130.36715698242188,,,,,,
2021-12-14,127.6235122680664,,,,,,
2021-12-15,133.57290649414062,,,,,,
2021-12-16,130.0012969970703,,,,,,
2021-12-17,125.90991973876952,,,,,,
2021-12-20,121.72222137451172,,,,,,
2021-12-21,128.2792510986328,,,,,,
2021-12-22,132.1913604736328,,,,,,
2021-12-23,134.58096313476562,,,,,,
2021-12-27,140.2852325439453,,,,,,
2021-12-28,139.97691345214844,,,,,,
2021-12-29,140.4683380126953,,,,,,
2021-12-30,139.30242919921875,,,,,,
2021-12-31,138.18470764160156,,,,,,
2022-01-03,140.63218688964844,,,,,,
2022-01-04,140.4683380126953,,,,,,
2022-01-05,132.3069305419922,,,,,,
2022-01-06,131.95045471191406,,,,,,
2022-01-07,130.43763732910156,,,,,,
2022-01-10,129.92694091796875,,,,,,
2022-01-11,133.4246826171875,,,,,,
2022-01-12,134.51353454589844,,,,,,
2022-01-13,129.00192260742188,,,,,,
2022-01-14,129.0597381591797,,,,,,
2022-01-18,122.2666244506836,,,,,,
2022-01-19,118.41236877441406,,,,,,
2022-01-20,114.5195770263672,,,,,,
2022-01-21,107.70716857910156,,,,,,
2022-01-24,109.17180633544922,,,,,,
2022-01-25,104.8357391357422,,,,,,
2022-01-26,104.43106842041016,,,,,,
2022-01-27,102.66773223876952,,,,,,
2022-01-28,110.4051513671875,,,,,,
2022-01-31,116.35033416748048,,,,,,
2022-02-01,118.79779815673828,,,,,,
2022-02-02,122.14136505126952,,,,,,
2022-02-03,113.39219665527344,,,,,,
2022-02-04,115.09769439697266,,,,,,
2022-02-07,113.93180084228516,,,,,,
2022-02-08,116.82247924804688,,,,,,
2022-02-09,121.7655792236328,,,,,,
2022-02-10,115.4542236328125,,,,,,
2022-02-11,108.458740234375,,,,,,
2022-02-14,107.52409362792967,,,,,,
2022-02-15,112.48645782470705,,,,,,
2022-02-16,112.98751068115234,,,,,,
2022-02-17,105.6933364868164,,,,,,
2022-02-18,103.52531433105467,,,,,,
2022-02-22,100.39373016357422,,,,,,
2022-02-23,94.73760223388672,,,,,,
2022-02-24,99.16999816894533,,,,,,
2022-02-25,105.62586975097656,,,,,,
2022-02-28,104.81647491455078,,,,,,
2022-03-01,100.2106475830078,,,,,,
2022-03-02,105.70295715332033,,,,,,
2022-03-03,103.9685287475586,,,,,,
2022-03-04,101.4343719482422,,,,,,
2022-03-07,92.55994415283205,,,,,,
2022-03-08,90.34374237060548,,,,,,
2022-03-09,97.54155731201172,,,,,,
2022-03-10,96.38528442382812,,,,,,
2022-03-11,92.66593933105467,,,,,,
2022-03-14,90.64244842529295,,,,,,
2022-03-15,96.46239471435548,,,,,,
2022-03-16,103.10134887695312,,,,,,
2022-03-17,106.81106567382812,,,,,,
2022-03-18,110.2220687866211,,,,,,
2022-03-21,110.29916381835938,,,,,,
2022-03-22,114.05706787109376,,,,,,
2022-03-23,109.74993133544922,,,,,,
2022-03-24,114.66410064697266,,,,,,
2022-03-25,116.23471069335938,,,,,,
2022-03-28,118.7592544555664,,,,,,
2022-03-29,123.1627426147461,,,,,,
2022-03-30,120.9658203125,,,,,,
2022-03-31,115.43496704101562,,,,,,
2022-04-01,116.18653106689452,,,,,,
2022-04-04,119.029052734375,,,,,,
2022-04-05,114.8857192993164,,,,,,
2022-04-06,111.40725708007812,,,,,,
2022-04-07,112.98751068115234,,,,,,
2022-04-08,112.16847229003906,,,,,,
2022-04-11,106.30036163330078,,,,,,
2022-04-12,105.15374755859376,,,,,,
2022-04-13,108.69001770019533,,,,,,
2022-04-14,104.69123840332033,,,,,,
2022-04-18,104.7490234375,,,,,,
2022-04-19,109.7595672607422,,,,,,
2022-04-20,109.5475845336914,,,,,,
2022-04-21,104.6526870727539,,,,,,
2022-04-22,96.05768585205078,,,,,,
2022-04-25,97.6090316772461,,,,,,
2022-04-26,89.15857696533203,,,,,,
2022-04-27,89.95832824707031,,,,,,
2022-04-28,96.7225570678711,,,,,,
2022-04-29,86.08480072021484,,,,,,
2022-05-02,87.50125122070312,,,,,,
2022-05-03,88.73458862304688,,,,,,
2022-05-04,96.77071380615234,,,,,,
2022-05-05,86.46058654785156,,,,,,
2022-05-06,85.01525115966797,,,,,,
2022-05-09,76.81532287597656,,,,,,
2022-05-10,77.22002410888672,,,,,,
2022-05-11,73.61627960205078,,,,,,
2022-05-12,73.31756591796875,,,,,,
2022-05-13,78.49191284179688,,,,,,
2022-05-16,77.65361022949219,,,,,,
2022-05-17,82.30763244628906,,,,,,
2022-05-18,72.4889144897461,,,,,,
2022-05-19,71.02430725097656,,,,,,
2022-05-20,71.1592025756836,,,,,,
2022-05-23,75.12907409667969,,,,,,
2022-05-24,73.43319702148438,,,,,,
2022-05-25,75.42779541015625,,,,,,
2022-05-26,79.82161712646484,,,,,,
2022-05-27,85.7668228149414,,,,,,
2022-05-31,84.26366424560547,,,,,,
2022-06-01,82.25946044921875,,,,,,
2022-06-02,86.85563659667969,,,,,,
2022-06-03,82.62560272216797,,,,,,
2022-06-06,83.29047393798828,,,,,,
2022-06-07,85.70901489257812,,,,,,
2022-06-08,82.94357299804688,,,,,,
2022-06-09,77.02729797363281,,,,,,
2022-06-10,70.3016128540039,,,,,,
2022-06-13,62.284767150878906,,,,,,
2022-06-14,61.69699096679688,,,,,,
2022-06-15,64.22152709960938,,,,,,
2022-06-16,58.04509353637695,,,,,,
2022-06-17,58.26670455932617,,,,,,
2022-06-21,62.5545768737793,,,,,,
2022-06-22,62.24392318725586,,,,,,
2022-06-23,64.04796600341797,,,,,,
2022-06-24,70.12571716308594,,,,,,
2022-06-27,69.40219116210938,,,,,,
2022-06-28,65.20561218261719,,,,,,
2022-06-29,65.00302124023438,,,,,,
2022-06-30,63.27618789672852,,,,,,
2022-07-01,65.28280639648438,,,,,,
2022-07-05,65.65904998779297,,,,,,
2022-07-06,66.36328887939453,,,,,,
2022-07-07,69.2863998413086,,,,,,
2022-07-08,69.10311126708984,,,,,,
2022-07-11,66.77810668945312,,,,,,
2022-07-12,65.0126724243164,,,,,,
2022-07-13,63.90324783325195,,,,,,
2022-07-14,63.43053436279297,,,,,,
2022-07-15,67.08684539794922,,,,,,
2022-07-18,65.4371566772461,,,,,,
2022-07-19,70.64666748046875,,,,,,
2022-07-20,71.98761749267578,,,,,,
2022-07-21,74.15825653076172,,,,,,
2022-07-22,72.1612777709961,,,,,,
2022-07-25,72.33491516113281,,,,,,
2022-07-26,69.78804016113281,,,,,,
2022-07-27,75.21945190429688,,,,,,
2022-07-28,77.97854614257812,,,,,,
2022-07-29,81.49015808105469,,,,,,
2022-08-01,80.70873260498047,,,,,,
2022-08-02,79.1072998046875,,,,,,
2022-08-03,82.79253387451172,,,,,,
2022-08-04,82.56099700927734,,,,,,
2022-08-05,82.05933380126953,,,,,,
2022-08-08,81.87604522705078,,,,,,
2022-08-09,80.84378051757812,,,,,,
2022-08-10,85.8892822265625,,,,,,
2022-08-11,85.91822814941406,,,,,,
2022-08-12,90.17266845703124,,,,,,
2022-08-15,91.3206787109375,,,,,,
2022-08-16,91.85128021240234,,,,,,
2022-08-17,89.94113159179688,,,,,,
2022-08-18,90.61644744873048,,,,,,
2022-08-19,86.90225982666016,,,,,,
2022-08-22,81.50945281982422,,,,,,
2022-08-23,80.89202117919922,,,,,,
2022-08-24,81.60591125488281,,,,,,
2022-08-25,85.04033660888672,,,,,,
2022-08-26,76.42535400390625,,,,,,
2022-08-29,74.8818130493164,,,,,,
2022-08-30,72.3638687133789,,,,,,
2022-08-31,70.63702392578125,,,,,,
2022-09-01,71.3605728149414,,,,,,
2022-09-02,68.99697875976562,,,,,,
2022-09-06,68.21556091308594,,,,,,
2022-09-07,71.89115905761719,,,,,,
2022-09-08,73.31895446777344,,,,,,
2022-09-09,76.68582153320312,,,,,,
2022-09-12,79.13623046875,,,,,,
2022-09-13,68.90052032470703,,,,,,
2022-09-14,69.6144027709961,,,,,,
2022-09-15,67.22190856933594,,,,,,
2022-09-16,65.57221984863281,,,,,,
2022-09-19,67.09648895263672,,,,,,
2022-09-20,64.83903503417969,,,,,,
2022-09-21,61.42390823364258,,,,,,
2022-09-22,59.83211517333984,,,,,,
2022-09-23,56.81253433227539,,,,,,
2022-09-26,55.104976654052734,,,,,,
2022-09-27,54.69014358520508,,,,,,
2022-09-28,57.835147857666016,,,,,,
2022-09-29,54.18849563598633,,,,,,
2022-09-30,51.68986129760742,,,,,,
2022-10-03,55.72240447998047,,,,,,
2022-10-04,60.85473251342773,,,,,,
2022-10-05,60.44954299926758,,,,,,
2022-10-06,58.56832885742188,,,,,,
2022-10-07,53.66754531860352,,,,,,
2022-10-10,52.500221252441406,,,,,,
2022-10-11,51.40043258666992,,,,,,
2022-10-12,50.90842819213867,,,,,,
2022-10-13,54.844505310058594,,,,,,
2022-10-14,51.11103057861328,,,,,,
2022-10-17,54.98920440673828,,,,,,
2022-10-18,56.90901947021485,,,,,,
2022-10-19,55.78992462158203,,,,,,
2022-10-20,54.33319854736328,,,,,,
2022-10-21,58.21137619018555,,,,,,
2022-10-24,60.36271286010742,,,,,,
2022-10-25,63.26653671264648,,,,,,
2022-10-26,61.81945037841797,,,,,,
2022-10-27,60.78718566894531,,,,,,
2022-10-28,65.08020782470703,,,,,,
2022-10-31,63.67171096801758,,,,,,
2022-11-01,62.8420524597168,,,,,,
2022-11-02,58.09561920166016,,,,,,
2022-11-03,56.22405242919922,,,,,,
2022-11-04,58.6262092590332,,,,,,
2022-11-07,60.314491271972656,,,,,,
2022-11-08,61.29850006103516,,,,,,
2022-11-09,57.49749374389648,,,,,,
2022-11-10,66.89389038085938,,,,,,
2022-11-11,68.87156677246094,,,,,,
2022-11-14,67.08684539794922,,,,,,
2022-11-15,68.78474426269531,,,,,,
2022-11-16,67.24119567871094,,,,,,
2022-11-17,66.52729034423828,,,,,,
2022-11-18,67.45342254638672,,,,,,
2022-11-21,66.6527099609375,,,,,,
2022-11-22,69.34429168701172,,,,,,
2022-11-23,70.55020141601562,,,,,,
2022-11-25,70.50196075439453,,,,,,
2022-11-28,67.14469909667969,,,,,,
2022-11-29,66.76849365234375,,,,,,
2022-11-30,72.92341613769531,,,,,,
2022-12-01,72.88481140136719,,,,,,
2022-12-02,72.53751373291016,,,,,,
2022-12-05,68.64004516601562,,,,,,
2022-12-06,65.66869354248047,,,,,,
2022-12-07,65.24420928955078,,,,,,
2022-12-08,66.78777313232422,,,,,,
2022-12-09,65.27313995361328,,,,,,
2022-12-12,68.01296997070312,,,,,,
2022-12-13,69.54685974121094,,,,,,
2022-12-14,68.24449920654297,,,,,,
2022-12-15,63.1796875,,,,,,
2022-12-16,60.87400817871094,,,,,,
2022-12-19,59.34976196289063,,,,,,
2022-12-20,59.55662155151367,,,,,,
2022-12-21,62.214969635009766,,,,,,
2022-12-22,59.54695129394531,,,,,,
2022-12-23,60.44596481323242,,,,,,
2022-12-27,59.75962448120117,,,,,,
2022-12-28,57.54594802856445,,,,,,
2022-12-29,60.52329635620117,,,,,,
2022-12-30,60.03995895385742,,,,,,
2023-01-03,59.31495666503906,,,,,,
2023-01-04,60.61995697021485,,,,,,
2023-01-05,58.51261520385742,,,,,,
2023-01-06,62.48563766479492,,,,,,
2023-01-09,62.40830612182617,,,,,,
2023-01-10,63.6843147277832,,,,,,
2023-01-11,66.10099029541016,,,,,,
2023-01-12,66.75833892822266,,,,,,
2023-01-13,67.45433044433594,,,,,,
2023-01-17,67.10631561279297,,,,,,
2023-01-18,63.916316986083984,,,,,,
2023-01-19,62.51464080810547,,,,,,
2023-01-20,65.85932159423828,,,,,,
2023-01-23,68.2373275756836,,,,,,
2023-01-24,68.02466583251953,,,,,,
2023-01-25,68.12133026123047,,,,,,
2023-01-26,70.22867584228516,,,,,,
2023-01-27,70.70234680175781,,,,,,
2023-01-30,68.072998046875,,,,,,
2023-01-31,71.00199890136719,,,,,,
2023-02-01,73.29302978515625,,,,,,
2023-02-02,76.39604187011719,,,,,,
2023-02-03,73.97936248779297,,,,,,
2023-02-06,72.6453628540039,,,,,,
2023-02-07,75.40037536621094,,,,,,
2023-02-08,72.98367309570312,,,,,,
2023-02-09,71.0116958618164,,,,,,
2023-02-10,71.3983383178711,,,,,,
2023-02-13,73.90202331542969,,,,,,
2023-02-14,73.79569244384766,,,,,,
2023-02-15,74.49169921875,,,,,,
2023-02-16,71.3886947631836,,,,,,
2023-02-17,70.76033782958984,,,,,,
2023-02-21,66.48765563964844,,,,,,
2023-02-22,66.21699523925781,,,,,,
2023-02-23,67.17399597167969,,,,,,
2023-02-24,64.98931121826172,,,,,,
2023-02-27,65.60798645019531,,,,,,
2023-02-28,64.89264678955078,,,,,,
2023-03-01,64.2063217163086,,,,,,
2023-03-02,65.55966186523438,,,,,,
2023-03-03,68.6433334350586,,,,,,
2023-03-06,68.84632873535156,,,,,,
2023-03-07,65.65632629394531,,,,,,
2023-03-08,65.93665313720703,,,,,,
2023-03-09,62.28263092041016,,,,,,
2023-03-10,59.53729248046875,,,,,,
2023-03-13,59.24728775024414,,,,,,
2023-03-14,62.089317321777344,,,,,,
2023-03-15,61.0356330871582,,,,,,
2023-03-16,64.09030151367188,,,,,,
2023-03-17,61.87664031982422,,,,,,
2023-03-20,63.57798767089844,,,,,,
2023-03-21,66.08390045166016,,,,,,
2023-03-22,62.77437973022461,,,,,,
2023-03-23,63.11405944824219,,,,,,
2023-03-24,64.35633087158203,,,,,,
2023-03-27,64.68633270263672,,,,,,
2023-03-28,64.26901245117188,,,,,,
2023-03-29,67.07384490966797,,,,,,
2023-03-30,68.16085052490234,,,,,,
2023-03-31,71.02394104003906,,,,,,
2023-04-03,71.7712631225586,,,,,,
2023-04-04,70.6163101196289,,,,,,
2023-04-05,69.9854736328125,,,,,,
2023-04-06,70.71337890625,,,,,,
2023-04-10,70.95599365234375,,,,,,
2023-04-11,70.93658447265625,,,,,,
2023-04-12,70.13105773925781,,,,,,
2023-04-13,72.78060913085938,,,,,,
2023-04-14,72.3050537109375,,,,,,
2023-04-17,73.03295135498047,,,,,,
2023-04-18,73.13001251220703,,,,,,
2023-04-19,73.13001251220703,,,,,,
2023-04-20,71.81007385253906,,,,,,
2023-04-21,71.93624877929688,,,,,,
2023-04-24,72.14006805419922,,,,,,
2023-04-25,68.74317932128906,,,,,,
2023-04-26,67.840576171875,,,,,,
2023-04-27,71.81007385253906,,,,,,
2023-04-28,73.63468933105469,,,,,,
2023-05-01,73.35322570800781,,,,,,
2023-05-02,70.91719055175781,,,,,,
2023-05-03,69.36433410644531,,,,,,
2023-05-04,67.89881134033203,,,,,,
2023-05-05,71.54803466796875,,,,,,
2023-05-08,71.62567138671875,,,,,,
2023-05-09,70.6939468383789,,,,,,
2023-05-10,71.64508819580078,,,,,,
2023-05-11,71.16951751708984,,,,,,
2023-05-12,70.85895538330078,,,,,,
2023-05-15,71.53834533691406,,,,,,
2023-05-16,70.121337890625,,,,,,
2023-05-17,72.63502502441406,,,,,,
2023-05-18,74.64405059814453,,,,,,
2023-05-19,74.34317779541016,,,,,,
2023-05-22,74.40142822265625,,,,,,
2023-05-23,71.87799835205078,,,,,,
2023-05-24,70.29603576660156,,,,,,
2023-05-25,72.02359771728516,,,,,,
2023-05-26,74.7993392944336,,,,,,
2023-05-30,74.80903625488281,,,,,,
2023-05-31,73.59587860107422,,,,,,
2023-06-01,75.63398742675781,,,,,,
2023-06-02,78.85617065429688,,,,,,
2023-06-05,78.34178924560547,,,,,,
2023-06-06,78.8755874633789,,,,,,
2023-06-07,78.09916687011719,,,,,,
2023-06-08,79.3220443725586,,,,,,
2023-06-09,79.78789520263672,,,,,,
2023-06-12,81.85514068603516,,,,,,
2023-06-13,83.46623992919922,,,,,,
2023-06-14,83.88357543945312,,,,,,
2023-06-15,86.76604461669922,,,,,,
2023-06-16,85.85375213623047,,,,,,
2023-06-20,84.5726547241211,,,,,,
2023-06-21,83.23710632324219,,,,,,
2023-06-22,83.98662567138672,,,,,,
2023-06-23,82.0787353515625,,,,,,
2023-06-26,81.01771545410156,,,,,,
2023-06-27,83.68489837646484,,,,,,
2023-06-28,83.86009979248047,,,,,,
2023-06-29,84.72645568847656,,,,,,
2023-06-30,87.58831024169922,,,,,,
2023-07-03,87.89978790283203,,,,,,
2023-07-05,87.48123931884766,,,,,,
2023-07-06,85.28128051757812,,,,,,
2023-07-07,84.59990692138672,,,,,,
2023-07-10,85.20342254638672,,,,,,
2023-07-11,86.88744354248047,,,,,,
2023-07-12,88.90243530273438,,,,,,
2023-07-13,90.87845611572266,,,,,,
2023-07-14,90.6935043334961,,,,,,
2023-07-17,91.62799835205078,,,,,,
2023-07-18,93.60403442382812,,,,,,
2023-07-19,94.12967681884766,,,,,,
2023-07-20,92.3191146850586,,,,,,
2023-07-21,92.25096893310548,,,,,,
2023-07-24,93.40934753417967,,,,,,
2023-07-25,94.19780731201172,,,,,,
2023-07-26,94.25621795654295,,,,,,
2023-07-27,92.28990173339844,,,,,,
2023-07-28,94.88894653320312,,,,,,
2023-07-31,95.48272705078124,,,,,,
2023-08-01,94.53852081298828,,,,,,
2023-08-02,90.63510131835938,,,,,,
2023-08-03,89.78822326660156,,,,,,
2023-08-04,88.48384094238281,,,,,,
2023-08-07,90.75192260742188,,,,,,
2023-08-08,89.59354400634766,,,,,,
2023-08-09,87.79270935058594,,,,,,
2023-08-10,87.77324676513672,,,,,,
2023-08-11,87.54936218261719,,,,,,
2023-08-14,88.921875,,,,,,
2023-08-15,85.88481903076172,,,,,,
2023-08-16,83.95743560791016,,,,,,
2023-08-17,81.90353393554688,,,,,,
2023-08-18,81.91325378417969,,,,,,
2023-08-21,83.558349609375,,,,,,
2023-08-22,82.79907989501953,,,,,,
2023-08-23,85.53439331054688,,,,,,
2023-08-24,81.98140716552734,,,,,,
2023-08-25,83.64595031738281,,,,,,
2023-08-28,85.13528442382812,,,,,,
2023-08-29,88.84400177001953,,,,,,
2023-08-30,90.01211547851562,,,,,,
2023-08-31,89.46699523925781,,,,,,
2023-09-01,89.9147720336914,,,,,,
2023-09-05,88.71746063232422,,,,,,
2023-09-06,86.91664123535156,,,,,,
2023-09-07,85.9821548461914,,,,,,
2023-09-08,86.36177825927734,,,,,,
2023-09-11,88.03607177734375,,,,,,
2023-09-12,86.54674530029297,,,,,,
2023-09-13,86.87771606445312,,,,,,
2023-09-14,88.999755859375,,,,,,
2023-09-15,85.72906494140625,,,,,,
2023-09-18,85.8945541381836,,,,,,
2023-09-19,85.35214233398438,,,,,,
2023-09-20,82.88395690917969,,,,,,
2023-09-21,78.76707458496094,,,,,,
2023-09-22,78.12319946289062,,,,,,
2023-09-25,79.09876251220703,,,,,,
2023-09-26,75.57699584960938,,,,,,
2023-09-27,75.61600494384766,,,,,,
2023-09-28,76.9427719116211,,,,,,
2023-09-29,76.28913116455078,,,,,,
2023-10-02,76.20134735107422,,,,,,
2023-10-03,73.09905242919922,,,,,,
2023-10-04,74.74775695800781,,,,,,
2023-10-05,74.54290008544922,,,,,,
2023-10-06,77.08910369873047,,,,,,
2023-10-09,78.55245971679688,,,,,,
2023-10-10,79.79141998291016,,,,,,
2023-10-11,80.77674865722656,,,,,,
2023-10-12,79.25484466552734,,,,,,
2023-10-13,77.96710968017578,,,,,,
2023-10-16,80.415771484375,,,,,,
2023-10-17,80.35726165771484,,,,,,
2023-10-18,77.13789367675781,,,,,,
2023-10-19,75.03067016601562,,,,,,
2023-10-20,72.21127319335938,,,,,,
2023-10-23,71.78203582763672,,,,,,
2023-10-24,73.41121673583984,,,,,,
2023-10-25,70.21138000488281,,,,,,
2023-10-26,67.6749038696289,,,,,,
2023-10-27,66.66032409667969,,,,,,
2023-10-30,69.05046844482422,,,,,,
2023-10-31,70.2796630859375,,,,,,
2023-11-01,72.52346801757812,,,,,,
2023-11-02,76.65010833740234,,,,,,
2023-11-03,78.69879913330078,,,,,,
2023-11-06,79.2158432006836,,,,,,
2023-11-07,79.86946868896484,,,,,,
2023-11-08,79.99629211425781,,,,,,
2023-11-09,78.06466674804688,,,,,,
2023-11-10,81.66450500488281,,,,,,
2023-11-13,81.37185668945312,,,,,,
2023-11-14,86.13257598876953,,,,,,
2023-11-15,86.66915130615234,,,,,,
2023-11-16,86.8740234375,,,,,,
2023-11-17,87.34229278564453,,,,,,
2023-11-20,89.16658782958984,,,,,,
2023-11-21,88.52272033691406,,,,,,
2023-11-22,89.5177993774414,,,,,,
2023-11-24,89.60560607910156,,,,,,
2023-11-27,89.09831237792969,,,,,,
2023-11-28,89.34220886230469,,,,,,
2023-11-29,89.18610382080078,,,,,,
2023-11-30,90.13240814208984,,,,,,
2023-12-01,91.62500762939452,,,,,,
2023-12-04,90.23971557617188,,,,,,
2023-12-05,90.15191650390624,,,,,,
2023-12-06,88.97148132324219,,,,,,
2023-12-07,90.9421157836914,,,,,,
2023-12-08,92.03474426269533,,,,,,
2023-12-11,93.13713836669922,,,,,,
2023-12-12,94.37611389160156,,,,,,
2023-12-13,98.20032501220705,,,,,,
2023-12-14,99.06858825683594,,,,,,
2023-12-15,98.64909362792967,,,,,,
2023-12-18,100.2197494506836,,,,,,
2023-12-19,101.97576141357422,,,,,,
2023-12-20,97.59546661376952,,,,,,
2023-12-21,100.30992889404295,,,,,,
2023-12-22,100.9264144897461,,,,,,
2023-12-26,102.12023162841795,,,,,,
2023-12-27,102.74649810791016,,,,,,
2023-12-28,102.74649810791016,,,,,,
2023-12-29,101.7581787109375,,,,,,
2024-01-02,99.92829895019533,,,,,,
2024-01-03,97.4917449951172,,,,,,
2024-01-04,96.51322174072266,,,,,,
2024-01-05,96.8067626953125,,,,,,
2024-01-08,100.88726806640624,,,,,,
2024-01-09,100.3588638305664,,,,,,
2024-01-10,102.12023162841795,,,,,,
2024-01-11,101.84622955322266,,,,,,
2024-01-12,102.01258850097656,,,,,,
2024-01-16,100.8481216430664,,,,,,
2024-01-17,99.1454620361328,,,,,,
2024-01-18,101.67009735107422,,,,,,
2024-01-19,105.3494110107422,,,,,,
2024-01-22,106.02459716796876,,,,,,
2024-01-23,106.89549255371094,,,,,,
2024-01-24,107.1988296508789,,,,,,
2024-01-25,108.9308624267578,,,,,,
2024-01-26,108.53944396972656,,,,,,
2024-01-29,110.94664001464844,,,,,,
2024-01-30,110.71179962158205,,,,,,
2024-01-31,105.25154876708984,,,,,,
2024-02-01,109.2146224975586,,,,,,
2024-02-02,112.63951110839844,,,,,,
2024-02-05,111.37720489501952,,,,,,
2024-02-06,112.27745819091795,,,,,,
2024-02-07,115.04671478271484,,,,,,
2024-02-08,115.1837158203125,,,,,,
2024-02-09,117.05271911621094,,,,,,
2024-02-12,116.85700988769533,,,,,,
2024-02-13,112.05239868164062,,,,,,
2024-02-14,115.03692626953124,,,,,,
2024-02-15,117.24842071533205,,,,,,
2024-02-16,115.43814086914062,,,,,,
2024-02-20,113.46147918701172,,,,,,
2024-02-21,113.75505828857422,,,,,,
2024-02-22,120.75159454345705,,,,,,
2024-02-23,120.87879180908205,,,,,,
2024-02-26,119.6067123413086,,,,,,
2024-02-27,120.17425537109376,,,,,,
2024-02-28,119.6262664794922,,,,,,
2024-02-29,120.78094482421876,,,,,,
2024-03-01,124.3134765625,,,,,,
2024-03-04,123.77526092529295,,,,,,
2024-03-05,120.06661224365234,,,,,,
2024-03-06,121.86711883544922,,,,,,
2024-03-07,125.39964294433594,,,,,,
2024-03-08,123.0315933227539,,,,,,
2024-03-11,122.67931365966795,,,,,,
2024-03-12,126.61302185058594,,,,,,
2024-03-13,125.94763946533205,,,,,,
2024-03-14,125.0571517944336,,,,,,
2024-03-15,122.34661865234376,,,,,,
2024-03-18,124.55810546875,,,,,,
2024-03-19,126.69306182861328,,,,,,
2024-03-20,130.01080322265625,,,,,,
2024-03-21,131.22796630859375,,,,,,
2024-03-22,130.4917755126953,,,,,,
2024-03-25,129.4512939453125,,,,,,
2024-03-26,128.4010009765625,,,,,,
2024-03-27,131.6107940673828,,,,,,
2024-03-28,131.5616912841797,,,,,,
2024-04-01,130.89422607421875,,,,,,
2024-04-02,128.2733917236328,,,,,,
2024-04-03,128.63661193847656,,,,,,
2024-04-04,123.85627746582033,,,,,,
2024-04-05,127.53721618652344,,,,,,
2024-04-08,127.67464447021484,,,,,,
2024-04-09,128.11634826660156,,,,,,
2024-04-10,124.2783432006836,,,,,,
2024-04-11,127.01696014404295,,,,,,
2024-04-12,121.55936431884766,,,,,,
2024-04-15,117.06370544433594,,,,,,
2024-04-16,116.33733367919922,,,,,,
2024-04-17,114.2072982788086,,,,,,
2024-04-18,113.40241241455078,,,,,,
2024-04-19,110.47727966308594,,,,,,
2024-04-22,113.32386779785156,,,,,,
2024-04-23,117.30911254882812,,,,,,
2024-04-24,117.15204620361328,,,,,,
2024-04-25,115.66986846923828,,,,,,
2024-04-26,118.90908813476562,,,,,,
2024-04-29,120.10661315917967,,,,,,
2024-04-30,114.47232055664062,,,,,,
2024-05-01,113.22572326660156,,,,,,
2024-05-02,116.2588119506836,,,,,,
2024-05-03,120.59742736816406,,,,,,
2024-05-06,124.28817749023438,,,,,,
2024-05-07,124.75933074951172,,,,,,
2024-05-08,124.6906280517578,,,,,,
2024-05-09,126.72252655029295,,,,,,
2024-05-10,127.1642074584961,,,,,,
2024-05-13,127.18384552001952,,,,,,
2024-05-14,128.7936553955078,,,,,,
2024-05-15,133.58377075195312,,,,,,
2024-05-16,132.5825653076172,,,,,,
2024-05-17,133.0929718017578,,,,,,
2024-05-20,133.6033935546875,,,,,,
2024-05-21,134.4770050048828,,,,,,
2024-05-22,133.28929138183594,,,,,,
2024-05-23,130.2267608642578,,,,,,
2024-05-24,132.73960876464844,,,,,,
2024-05-28,133.00465393066406,,,,,,
2024-05-29,130.20712280273438,,,,,,
2024-05-30,127.58628845214844,,,,,,
2024-05-31,130.84512329101562,,,,,,
2024-06-03,131.10035705566406,,,,,,
2024-06-04,131.47335815429688,,,,,,
2024-06-05,136.13589477539062,,,,,,
2024-06-06,136.08680725097656,,,,,,
2024-06-07,135.42913818359375,,,,,,
2024-06-10,136.67575073242188,,,,,,
2024-06-11,137.57882690429688,,,,,,
2024-06-12,140.926025390625,,,,,,
2024-06-13,141.7996368408203,,,,,,
2024-06-14,141.9075927734375,,,,,,
2024-06-17,145.22535705566406,,,,,,
2024-06-18,146.28546142578125,,,,,,
2024-06-20,145.06829833984375,,,,,,
2024-06-21,144.03765869140625,,,,,,
2024-06-24,142.81068420410156,,,,,,
2024-06-25,144.4901123046875,,,,,,
2024-06-26,145.05093383789062,,,,,,
2024-06-27,145.54283142089844,,,,,,
2024-06-28,143.71286010742188,,,,,,
2024-07-01,144.61801147460938,,,,,,
2024-07-02,147.3531494140625,,,,,,
2024-07-03,149.22247314453125,,,,,,
2024-07-05,151.7215118408203,,,,,,
2024-07-08,152.19375610351562,,,,,,
2024-07-09,152.567626953125,,,,,,
2024-07-10,156.97531127929688,,,,,,
2024-07-11,152.92181396484375,,,,,,
2024-07-12,155.60775756835938,,,,,,
2024-07-15,156.87693786621094,,,,,,
2024-07-16,159.64158630371094,,,,,,
2024-07-17,152.88247680664062,,,,,,
2024-07-18,149.2815399169922,,,,,,
2024-07-19,146.15286254882812,,,,,,
2024-07-22,150.54087829589844,,,,,,
2024-07-23,149.7537841796875,,,,,,
2024-07-24,139.6199951171875,,,,,,
2024-07-25,137.32757568359375,,,,,,
2024-07-26,141.71560668945312,,,,,,
2024-07-29,141.96157836914062,,,,,,
2024-07-30,139.77740478515625,,,,,,
2024-07-31,146.3102569580078,,,,,,
2024-08-01,140.22999572753906,,,,,,
2024-08-02,132.3394012451172,,,,,,
2024-08-05,120.75931549072266,,,,,,
2024-08-06,123.91754150390624,,,,,,
2024-08-07,121.4480438232422,,,,,,
2024-08-08,129.6928253173828,,,,,,
2024-08-09,131.1981201171875,,,,,,
2024-08-12,131.44410705566406,,,,,,
2024-08-13,137.86871337890625,,,,,,
2024-08-14,139.22642517089844,,,,,,
2024-08-15,146.27090454101562,,,,,,
2024-08-16,147.0678253173828,,,,,,
2024-08-19,151.30825805664062,,,,,,
2024-08-20,150.51133728027344,,,,,,
2024-08-21,152.01666259765625,,,,,,
2024-08-22,148.32717895507812,,,,,,
2024-08-23,152.8726348876953,,,,,,
2024-08-26,151.8001708984375,,,,,,
2024-08-27,152.37083435058594,,,,,,
2024-08-28,149.70458984375,,,,,,
2024-08-29,149.70458984375,,,,,,
2024-08-30,153.65969848632812,,,,,,
2024-09-03,144.2343292236328,,,,,,
2024-09-04,143.1323699951172,,,,,,
2024-09-05,142.06982421875,,,,,,
2024-09-06,134.9171142578125,,,,,,
2024-09-09,139.29534912109375,,,,,,
2024-09-10,141.05642700195312,,,,,,
2024-09-11,145.28704833984375,,,,,,
2024-09-12,148.90768432617188,,,,,,
2024-09-13,151.052490234375,,,,,,
2024-09-16,151.69198608398438,,,,,,
2024-09-17,151.8887481689453,,,,,,
2024-09-18,150.38345336914062,,,,,,
2024-09-19,158.0477294921875,,,,,,
2024-09-20,156.97531127929688,,,,,,
2024-09-23,158.22482299804688,,,,,,
2024-09-24,159.5083465576172,,,,,,
2024-09-25,158.3755340576172,,,,,,
2024-09-26,160.33578491210938,,,,,,
2024-09-27,159.41969299316406,,,,,,
2024-09-30,161.49815368652344,,,,,,
2024-10-01,156.9373779296875,,,,,,
2024-10-02,157.06541442871094,,,,,,
2024-10-03,156.13951110839844,,,,,,
2024-10-04,160.2077178955078,,,,,,
2024-10-07,155.91293334960938,,,,,,
2024-10-08,160.2077178955078,,,,,,
2024-10-09,163.43865966796875,,,,,,
2024-10-10,162.58168029785156,,,,,,
2024-10-11,165.26101684570312,,,,,,
2024-10-14,169.32923889160156,,,,,,
2024-10-15,165.38905334472656,,,,,,
2024-10-16,167.40841674804688,,,,,,
2024-10-17,167.49703979492188,,,,,,
2024-10-18,169.19131469726562,,,,,,
2024-10-21,168.41317749023438,,,,,,
2024-10-22,167.9895782470703,,,,,,
2024-10-23,163.31060791015625,,,,,,
2024-10-24,164.33505249023438,,,,,,
2024-10-25,164.04942321777344,,,,,,
2024-10-28,165.55653381347656,,,,,,
2024-10-29,166.2657470703125,,,,,,
2024-10-30,164.74879455566406,,,,,,
2024-10-31,154.97714233398438,,,,,,
2024-11-01,156.79946899414062,,,,,,
2024-11-04,155.79470825195312,,,,,,
2024-11-05,161.3503875732422,,,,,,
2024-11-06,173.3482208251953,,,,,,
2024-11-07,177.39674377441406,,,,,,
2024-11-08,179.5047607421875,,,,,,
2024-11-11,179.9677276611328,,,,,,
2024-11-12,178.15525817871094,,,,,,
2024-11-13,178.4507598876953,,,,,,
2024-11-14,174.89476013183594,,,,,,
2024-11-15,167.9994354248047,,,,,,
2024-11-18,170.10743713378906,,,,,,
2024-11-19,171.8706512451172,,,,,,
2024-11-20,171.89036560058594,,,,,,
2024-11-21,174.5105743408203,,,,,,
2024-11-22,176.0669708251953,,,,,,
2024-11-25,177.73167419433594,,,,,,
2024-11-26,180.5784606933593,,,,,,
2024-11-27,178.70687866210938,,,,,,
2024-11-29,181.927963256836,,,,,,
2024-12-02,182.9031677246093,,,,,,
2024-12-03,183.0804748535156,,,,,,
2024-12-04,186.3409881591797,,,,,,
2024-12-05,185.47412109375,,,,,,
2024-12-06,186.3902130126953,,,,,,
2024-12-09,183.37599182128903,,,,,,
2024-12-10,181.7211151123047,,,,,,
2024-12-11,185.8188934326172,,,,,,
2024-12-12,182.9130096435547,,,,,,
2024-12-13,182.6470489501953,,,,,,
2024-12-16,184.8436889648437,,,,,,
2024-12-17,182.381088256836,,,,,,
2024-12-18,166.20663452148438,,,,,,
2024-12-19,165.85203552246094,,,,,,
2024-12-20,171.33876037597656,,,,,,
2024-12-23,174.78390502929688,,,,,,
2024-12-24,180.2412567138672,,,,,,
2024-12-26,180.25112915039065,,,,,,
2024-12-27,174.56678771972656,,,,,,
2024-12-30,168.49757385253906,,,,,,
2024-12-31,166.48434448242188,,,,,,
2025-01-02,165.11260986328125,,,,,,
2025-01-03,171.09300231933594,,,,,,
2025-01-06,174.15228271484375,,,,,,
2025-01-07,168.29031372070312,,,,,,
2025-01-08,168.72451782226562,,,,,,
2025-01-10,160.94801330566406,,,,,,
2025-01-13,161.6388397216797,,,,,,
2025-01-14,162.06317138671875,,,,,,
2025-01-15,170.8759002685547,,,,,,
2025-01-16,170.0370635986328,,,,,,
2025-01-17,174.78390502929688,,,,,,
2025-01-21,179.45175170898438,,,,,,
2025-01-22,182.36300659179688,,,,,,
2025-01-23,185.36309814453125,,,,,,
2025-01-24,183.54725646972656,,,,,,
2025-01-27,175.8595733642578,,,,,,
2025-01-28,180.1228485107422,,,,,,
2025-01-29,177.86289978027344,,,,,,
2025-01-30,180.6261444091797,,,,,,
2025-01-31,177.61619567871094,,,,,,
2025-02-03,173.8364715576172,,,,,,
2025-02-04,177.172119140625,,,,,,
2025-02-05,179.43203735351562,,,,,,
2025-02-06,181.2577362060547,,,,,,
2025-02-07,176.14578247070312,,,,,,
2025-02-10,179.5504608154297,,,,,,
2025-02-11,179.92547607421875,,,,,,
2025-02-12,178.28726196289062,,,,,,
2025-02-13,183.6952972412109,,,,,,
2025-02-14,183.52752685546875,,,,,,
2025-02-18,184.9486083984375,,,,,,
2025-02-19,186.27101135253903,,,,,,
2025-02-20,183.87294006347656,,,,,,
2025-02-21,174.4384765625,,,,,,
2025-02-24,171.90223693847656,,,,,,
2025-02-25,169.24757385253906,,,,,,
2025-02-26,169.3758544921875,,,,,,
2025-02-27,161.40199279785156,,,,,,
2025-02-28,168.62583923339844,,,,,,
2025-03-03,159.8723602294922,,,,,,
2025-03-04,154.1584014892578,,,,,,
2025-03-05,158.3920440673828,,,,,,
2025-03-06,150.5365753173828,,,,,,
2025-03-07,152.66819763183594,,,,,,
2025-03-10,140.62843322753906,,,,,,
2025-03-11,136.97703552246094,,,,,,
2025-03-12,139.00999450683594,,,,,,
2025-03-13,133.5625,,,,,,
2025-03-14,141.51661682128906,,,,,,
2025-03-17,144.61538696289062,,,,,,
2025-03-18,140.22384643554688,,,,,,
2025-03-19,144.49696350097656,,,,,,
2025-03-20,143.49037170410156,,,,,,
2025-03-21,143.4114227294922,,,,,,
2025-03-24,150.9115753173828,,,,,,
2025-03-25,151.99472045898438,,,,,,
2025-03-26,146.68800354003906,,,,,,
2025-03-27,145.3415069580078,,,,,,
2025-03-28,136.5596160888672,,,,,,
2025-03-31,138.9951934814453,,,,,,
2025-04-01,140.3020782470703,,,,,,
2025-04-02,142.91583251953125,,,,,,
2025-04-03,122.58980560302734,,,,,,
2025-04-04,100.49156951904295,,,,,,
2025-04-07,99.74901580810548,,,,,,
2025-04-08,95.15511322021484,,,,,,
2025-04-09,121.38191986083984,,,,,,
2025-04-10,108.9962158203125,,,,,,
2025-04-11,114.590087890625,,,,,,
2025-04-14,117.95630645751952,,,,,,
2025-04-15,117.11474609375,,,,,,
2025-04-16,109.29324340820312,,,,,,
2025-04-17,109.54075622558594,,,,,,
2025-04-21,101.73905181884766,,,,,,
2025-04-22,109.33284759521484,,,,,,
2025-04-23,114.6890869140625,,,,,,
2025-04-24,121.78785705566406,,,,,,
2025-04-25,124.37193298339844,,,,,,
2025-04-28,124.56993103027344,,,,,,
2025-04-29,126.73817443847656,,,,,,
2025-04-30,126.81737518310548,,,,,,
2025-05-01,129.50045776367188,,,,,,
2025-05-02,135.1933135986328,,,,,,
2025-05-05,132.89637756347656,,,,,,
2025-05-06,129.58956909179688,,,,,,
2025-05-07,131.18356323242188,,,,,,
2025-05-08,133.85675048828125,,,,,,
2025-05-09,133.18350219726562,,,,,,
2025-05-12,146.26223754882812,,,,,,
2025-05-13,149.15322875976562,,,,,,
2025-05-14,149.69778442382812,,,,,,
2025-05-15,151.80662536621094,,,,,,
2025-05-16,154.69761657714844,,,,,,
2025-05-19,155.12332153320312,,,,,,
2025-05-20,153.39071655273438,,,,,,
2025-05-21,145.75730895996094,,,,,,
2025-05-22,145.6880340576172,,,,,,
2025-05-23,142.7178192138672,,,,,,
2025-05-27,151.4997100830078,,,,,,
2025-05-28,148.6879119873047,,,,,,
2025-05-29,150.7076416015625,,,,,,
2025-05-30,149.93539428710938,,,,,,
2025-06-02,152.4303436279297,,,,,,
2025-06-03,155.0540313720703,,,,,,
2025-06-04,154.74710083007812,,,,,,
2025-06-05,152.51947021484375,,,,,,
2025-06-06,156.9945831298828,,,,,,
2025-06-09,157.41038513183594,,,,,,
2025-06-10,160.06375122070312,,,,,,
2025-06-11,158.737060546875,,,,,,
2025-06-12,160.42015075683594,,,,,,
2025-06-13,155.00453186035156,,,,,,
2025-06-16,159.4300994873047,,,,,,
2025-06-17,155.2718505859375,,,,,,
2025-06-18,155.07382202148438,,,,,,
2025-06-20,153.5293426513672,,,,,,
2025-06-23,158.3806610107422,,,,,,
2025-06-24,163.4213104248047,,,,,,
2025-06-25,163.69952392578125,,,,,,
2025-06-26,167.60446166992188,,,,,,
2025-06-27,169.840087890625,,,,,,
2025-06-30,172.4235382080078,,,,,,
2025-07-01,172.1254425048828,,,,,,
2025-07-02,174.31141662597656,,,,,,
2025-07-03,178.26605224609375,,,,,,
2025-07-07,174.2915496826172,,,,,,
2025-07-08,173.95370483398438,,,,,,
2025-07-09,176.9842529296875,,,,,,
2025-07-10,178.4945831298828,,,,,,
2025-07-11,176.407958984375,,,,,,
2025-07-14,177.35191345214844,,,,,,
2025-07-15,175.05662536621094,,,,,,
2025-07-16,176.72592163085938,,,,,,
2025-07-17,179.88563537597656,,,,,,
2025-07-18,179.44845581054688,,,,,,
2025-07-21,180.39239501953125,,,,,,
2025-07-22,180.3824462890625,,,,,,
2025-07-23,184.95314025878903,,,,,,
2025-07-24,185.18165588378903,,,,,,
2025-07-25,187.228515625,,,,,,
2025-07-28,187.08941650390625,,,,,,
2025-07-29,185.5691680908203,,,,,,
2025-07-30,184.87364196777344,,,,,,
2025-07-31,182.6280517578125,,,,,,
2025-08-01,173.536376953125,,,,,,
2025-08-04,181.3661346435547,,,,,,
2025-08-05,178.68336486816406,,,,,,
2025-08-06,182.5882873535156,,,,,,
2025-08-07,182.2603912353516,,,,,,
2025-08-08,186.2050628662109,,,,,,
2025-08-11,185.1021728515625,,,,,,
2025-08-12,190.9248046875,,,,,,
2025-08-13,192.8822326660156,,,,,,
2025-08-14,192.802734375,,,,,,
2025-08-15,191.39181518554688,,,,,,
2025-08-18,191.2030334472656,,,,,,
2025-08-19,188.00357055664065,,,,,,
2025-08-20,186.33425903320312,,,,,,
2025-08-21,184.05886840820312,,,,,,
2025-08-22,192.35562133789065,,,,,,
2025-08-25,189.9510498046875,,,,,,
2025-08-26,192.18670654296875,,,,,,
2025-08-27,193.41880798339844,,,,,,
2025-08-28,195.41598510742188,,,,,,
2025-08-29,191.77931213378903,,,,,,
2025-09-02,187.3974456787109,,,,,,
2025-09-03,190.32864379882807,,,,,,
2025-09-04,194.9688720703125,,,,,,
2025-09-05,192.9816131591797,,,,,,
2025-09-08,194.7005615234375,,,,,,
2025-09-09,195.9028778076172,,,,,,
2025-09-10,197.64170837402344,,,,,,
2025-09-11,202.341537475586,,,,,,
2025-09-12,202.05340576171875,,,,,,
2025-09-15,205.1634521484375,,,,,,
2025-09-16,204.2691802978516,,,,,,
2025-09-17,203.55377197265625,,,,,,
2025-09-18,206.36572265625,,,,,,
2025-09-19,209.07830810546875,,,,,,
2025-09-22,211.9796905517578,,,,,,
2025-09-23,208.4416656494141,,,,,,
2025-09-24,206.50149536132807,,,,,,
2025-09-25,203.526611328125,,,,,,
2025-09-26,206.9392852783203,,,,,,
2025-09-29,208.5809631347656,,,,,,
2025-09-30,210.8295288085937,,,,,,
2025-10-01,213.0582275390625,,,,,,
2025-10-02,213.63528442382807,,,,,,
2025-10-03,213.43630981445312,,,,,,
2025-10-06,215.76446533203125,,,,,,
2025-10-07,213.30694580078125,,,,,,
2025-10-08,217.00816345214844,,,,,,
2025-10-09,215.1575622558593,,,,,,
2025-10-10,197.5967254638672,,,,,,
2025-10-13,206.5214080810547,,,,,,
2025-10-14,205.7552947998047,,,,,,
2025-10-15,208.40188598632807,,,,,,
2025-10-16,204.1036834716797,,,,,,
2025-10-17,207.3671112060547,,,,,,
2025-10-20,213.7049255371093,,,,,,
2025-10-21,213.53579711914065,,,,,,
2025-10-22,210.2325592041016,,,,,,
2025-10-23,213.7546844482422,,,,,,
2025-10-24,218.8886108398437,,,,,,
2025-10-27,226.7089233398437,,,,,,
2025-10-28,228.390380859375,,,,,,
2025-10-29,228.7386016845703,,,,,,
2025-10-30,221.2765045166016,,,,,,
2025-10-31,223.10720825195312,,,,,,
2025-11-03,224.3309936523437,,,,,,
2025-11-04,216.4609375,,,,,,
2025-11-05,218.45083618164065,,,,,,
2025-11-06,211.28721618652344,,,,,,
2025-11-07,211.8841857910156,,,,,,
2025-11-10,221.53518676757807,,,,,,
2025-11-11,223.0276031494141,,,,,,
2025-11-12,223.38577270507807,,,,,,
2025-11-13,212.31201171875,,,,,,
2025-11-14,212.0433654785156,,,,,,
2025-11-17,206.02394104003903,,,,,,
2025-11-18,200.90988159179688,,,,,,
2025-11-19,203.09878540039065,,,,,,
2025-11-20,193.736328125,,,,,,
2025-11-21,199.4174652099609,,,,,,
2025-11-24,208.123275756836,,,,,,
2025-11-25,213.884033203125,,,,,,
2025-11-26,218.1324615478516,,,,,,
2025-11-28,221.6048278808593,,,,,,
2025-12-01,218.52047729492188,,,,,,
2025-12-02,219.60498046875,,,,,,
2025-12-03,221.85354614257807,,,,,,
2025-12-04,222.42068481445312,,,,,,
2025-12-05,223.395736694336,,,,,,
2025-12-08,221.3461456298828,,,,,,
2025-12-09,220.6496734619141,,,,,,
2025-12-10,224.83840942382807,,,,,,
2025-12-11,226.4203643798828,,,,,,
2025-12-12,218.9781494140625,,,,,,
2025-12-15,217.953353881836,,,,,,
2025-12-16,216.01321411132807,,,,,,
2025-12-17,208.6705017089844,,,,,,
2025-12-18,213.5059356689453,,,,,,
2025-12-19,219.07765197753903,,,,,,
2025-12-22,223.08729553222656,,,,,,
2025-12-23,226.126220703125,,,,,,
2025-12-24,228.3964385986328,,,,,,
2025-12-26,228.1375427246093,,,,,,
2025-12-29,225.6482696533203,,,,,,
2025-12-30,224.67247009277344,,,,,,
2025-12-31,219.6640472412109,,,,,,
2026-01-02,220.6896209716797,,,,,,
2026-01-05,225.060791015625,,,,,,
2026-01-06,229.01377868652344,,,,,,
2026-01-07,226.79335021972656,,,,,,
2026-01-08,226.5742950439453,,,,,,
2026-01-09,230.8259735107422,,,,,,
2026-01-12,231.96109008789065,,,,,,
2026-01-13,230.3978271484375,,,,,,
2026-01-14,227.0323181152344,,,,,,
2026-01-15,228.77479553222656,,,,,,
2026-01-16,227.928466796875,,,,,,
2026-01-20,213.9486389160156,,,,,,
2026-01-21,221.1874847412109,,,,,,
2026-01-22,224.53306579589844,,,,,,
2026-01-23,224.6326599121093,,,,,,
2026-01-26,228.14752197265625,,,,,,
2026-01-27,230.90562438964844,,,,,,
2026-01-28,230.7861328125,,,,,,
2026-01-29,229.15318298339844,,,,,,
2026-01-30,226.99249267578125,,,,,,
2026-02-02,230.30821228027344,,,,,,
2026-02-03,224.36380004882807,,,,,,
2026-02-04,221.00827026367188,,,,,,
2026-02-05,212.55465698242188,,,,,,
2026-02-06,224.831787109375,,,,,,
2026-02-09,227.9881896972656,,,,,,
2026-02-10,226.00672912597656,,,,,,
2026-02-11,225.897201538086,,,,,,
2026-02-12,215.40240478515625,,,,,,
2026-02-13,215.48204040527344,,,,,,
2026-02-17,216.5275421142578,,,,,,
2026-02-18,219.79348754882807,,,,,,
2026-02-19,217.99122619628903,,,,,,
2026-02-20,222.48190307617188,,,,,,
2026-02-23,215.691146850586,,,,,,
2026-02-24,220.3610382080078,,,,,,
2026-02-25,225.76776123046875,,,,,,
2026-02-26,221.99400329589844,,,,,,
2026-02-27,218.78781127929688,,,,,,
2026-03-02,218.8674774169922,,,,,,
2026-03-03,213.02264404296875,,,,,,
2026-03-04,217.4137420654297,,,,,,
2026-03-05,213.96856689453125,,,,,,
2026-03-06,205.28594970703125,,,,,,
2026-03-09,210.6229705810547,,,,,,
2026-03-10,209.408203125,,,,,,
2026-03-11,208.64149475097656,,,,,,
2026-03-12,199.0528106689453,,,,,,
2026-03-13,195.5080718994141,,,,,,
2026-03-16,201.3927154541016,,,,,,
2026-03-17,202.9759216308593,,,,,,
2026-03-18,194.5023956298828,,,,,,
2026-03-19,192.91921997070312,,,,,,
2026-03-20,184.32620239257807,,,,,,
2026-03-23,190.1909637451172,,,,,,
2026-03-24,188.19482421875,,,,,,
2026-03-25,191.2888336181641,,,,,,
2026-03-26,181.15847778320312,,,,,,
2026-03-27,171.71681213378906,,,,,,
2026-03-30,169.87039184570312,,,,,,
2026-03-31,184.5319366455078,,,,,,
2026-04-01,188.77371215820312,,,,,,
2026-04-02,189.2328186035156,,,,,,
2026-04-06,191.6082000732422,,,,,,
2026-04-07,191.9475555419922,,,,,,
2026-04-08,206.4993133544922,,,,,,
2026-04-09,210.0624084472656,,,,,,
2026-04-10,209.3537750244141,,,,,,
2026-04-13,215.4918670654297,,,,,,
2026-04-14,223.23683166503903,,,,,,
2026-04-15,228.5565185546875,,,,,,
2026-04-16,230.17337036132807,,,,,,
2026-04-17,238.2676696777344,,,,,,
2026-04-20,236.87039184570312,,,,,,
2026-04-21,232.22938537597656,,,,,,
2026-04-22,239.225814819336,,,,,,
2026-04-23,236.1617584228516,,,,,,
2026-04-24,241.6710662841797,,,,,,
2026-04-27,242.82882690429688,,,,,,
2026-04-28,239.2457733154297,,,,,,
2026-04-29,239.135986328125,,,,,,
2026-04-30,245.8928680419922,,,,,,
2026-05-01,247.998779296875,,,,,,
2026-05-04,245.2541046142578,,,,,,
2026-05-05,250.9630279541016,,,,,,
2026-05-06,261.4327392578125,,,,,,
2026-05-07,258.877685546875,,,,,,
2026-05-08,265.04571533203125,,,,,,
2026-05-11,266.7523803710937,,,,,,
2026-05-12,265.67449951171875,,,,,,
2026-05-13,270.05596923828125,,,,,,
2026-05-14,276.3637390136719,,,,,,
2026-05-15,266.0837097167969,,,,,,
2026-05-18,265.3551025390625,,,,,,
2026-05-19,260.19512939453125,,,,,,
2026-05-20,268.1297302246094,,,,,,
2026-05-21,269.7166442871094,,,,,,
2026-05-22,272.5511474609375,,,,,,
2026-05-26,277.85089111328125,,,,,,
2026-05-27,277.8309020996094,,,,,,
2026-05-28,282.36212158203125,,,,,,
2026-05-29,284.0987243652344,,,,,,
2026-06-01,286.304443359375,,,,,,
2026-06-02,287.4721984863281,,,,,,
2026-06-03,281.4838256835937,,,,,,
2026-06-04,284.5079345703125,,,,,,
2026-06-05,262.051513671875,,,,,,
2026-06-08,264.0177001953125,,,,,,
2026-06-09,261.552490234375,,,,,,
2026-06-10,249.1864776611328,,,,,,
2026-06-11,261.7121887207031,,,,,,
2026-06-12,265.7543334960937,,,,,,
2026-06-15,279.6773376464844,,,,,,
2026-06-16,274.766845703125,,,,,,
2026-06-17,264.4369201660156,,,,,,
2026-06-18,272.092041015625,,,,,,
2026-06-22,269.5369873046875,,,,,,
2026-06-23,257.9700012207031,,,,,,
2026-06-24,257.1199951171875,,,,,,
2026-06-25,257.5299987792969,,,,,,
2026-06-26,251.6499938964844,,,,,,
2026-06-29,265.1300048828125,,,,,,
2026-06-30,270.6700134277344,,,,,,
2026-07-01,269.989990234375,,,,,,
2026-07-02,268.8099975585937,,,,,,
2026-07-06,275.8099975585937,,,,,,
2026-07-07,271.5599975585937,,,,,,
2026-07-08,269.1000061035156,,,,,,
2026-07-09,275.7900085449219,,,,,,
2026-07-10,279.17999267578125,,,,,,
2026-07-13,272.7200012207031,,,,,,
2026-07-14,275.6300048828125,,,,,,
2026-07-15,278.7099914550781,,,,,,
2026-07-16,274.239990234375,,,,,,
2026-07-17,265.7300109863281,,,,,,
2026-07-20,264.5400085449219,,,,,,
2026-07-21,271.0400085449219,,,,,,
2026-07-22,269.9700012207031,,,,,,
2026-07-23,260.04998779296875,,,,,,
2026-07-24,260.3999938964844,,,,,,
2026-07-27,260.5799865722656,,,,,,
2026-07-28,262.4200134277344,,,,,,
2026-07-29,250.1999969482422,,,,,,
2026-07-30,262.9100036621094,,,,,,
2026-07-31,268.20001220703125,,,,,,
2026-08-03,279.67999267578125,,,,,,
2026-08-04,294.5599975585937,,,,,,
2026-08-05,292.8500061035156,,,,,,
2026-08-06,291.20001220703125,,,,,,
2026-08-07,296.3299865722656,,,,,,
2026-08-10,296.17999267578125,,,,,,
2026-08-11,293.1700134277344,,,,,,
2026-08-12,295.4200134277344,,,,,,
2026-08-13,301.3500061035156,,,,,,
2026-08-14,299.3099975585937,,,,,,
2026-08-17,294.989990234375,,,,,,
2026-08-25,286.61,287.08,287.59,283.52,736554.0,285.927,3666.0
2026-08-26,286.65,285.2,288.12,284.37,626088.0,286.48,2946.0
2026-08-27,292.25,289.39,293.72,287.9,921965.0,290.996,4193.0
2026-08-28,290.14,292.87,296.87,288.95,1273028.0,292.01,5872.0
2026-08-31,287.3299865722656,,,,,,
2026-09-01,281.35,281.71,284.68,278.9,1408237.0,281.654,7735.0
