date,close,open,high,low,volume,average,barCount
2008-11-19,1088795.25,,,,,,
2008-11-20,1284947.875,,,,,,
2008-11-21,1083393.25,,,,,,
2008-11-24,896667.4375,,,,,,
2008-11-25,847946.875,,,,,,
2008-11-26,752942.25,,,,,,
2008-11-28,733983.625,,,,,,
2008-12-01,918697.5625,,,,,,
2008-12-02,814478.25,,,,,,
2008-12-03,753260.0,,,,,,
2008-12-04,812254.0,,,,,,
2008-12-05,721485.75,,,,,,
2008-12-08,654018.5,,,,,,
2008-12-09,683780.4375,,,,,,
2008-12-10,660267.5,,,,,,
2008-12-11,714283.75,,,,,,
2008-12-12,694795.5625,,,,,,
2008-12-15,722333.125,,,,,,
2008-12-16,614618.5,,,,,,
2008-12-17,629658.4375,,,,,,
2008-12-18,663762.6875,,,,,,
2008-12-19,661962.1875,,,,,,
2008-12-22,695854.5625,,,,,,
2008-12-23,712377.0625,,,,,,
2008-12-24,703056.6875,,,,,,
2008-12-26,688864.25,,,,,,
2008-12-29,695536.8125,,,,,,
2008-12-30,649570.25,,,,,,
2008-12-31,618537.375,,,,,,
2009-01-02,564309.5,,,,,,
2009-01-05,564944.8125,,,,,,
2009-01-06,549693.25,,,,,,
2009-01-07,598096.125,,,,,,
2009-01-08,589834.625,,,,,,
2009-01-09,624151.0,,,,,,
2009-01-12,672553.4375,,,,,,
2009-01-13,667363.8125,,,,,,
2009-01-14,733877.8125,,,,,,
2009-01-15,728476.125,,,,,,
2009-01-16,711635.8125,,,,,,
2009-01-20,824857.6875,,,,,,
2009-01-21,720320.625,,,,,,
2009-01-22,751989.0,,,,,,
2009-01-23,741397.625,,,,,,
2009-01-26,728899.75,,,,,,
2009-01-27,702738.9375,,,,,,
2009-01-28,633577.125,,,,,,
2009-01-29,693736.25,,,,,,
2009-01-30,735890.125,,,,,,
2009-02-02,741715.25,,,,,,
2009-02-03,709623.375,,,,,,
2009-02-04,720744.3125,,,,,,
2009-02-05,688334.5,,,,,,
2009-02-06,629234.75,,,,,,
2009-02-09,624680.375,,,,,,
2009-02-10,710258.875,,,,,,
2009-02-11,697972.875,,,,,,
2009-02-12,696172.3125,,,,,,
2009-02-13,714919.0625,,,,,,
2009-02-17,809076.5,,,,,,
2009-02-18,815219.5625,,,,,,
2009-02-19,842015.5625,,,,,,
2009-02-20,872730.75,,,,,,
2009-02-23,954708.3125,,,,,,
2009-02-24,848264.75,,,,,,
2009-02-25,870824.25,,,,,,
2009-02-26,911707.25,,,,,,
2009-02-27,959368.4375,,,,,,
2009-03-02,1100975.125,,,,,,
2009-03-03,1127771.625,,,,,,
2009-03-04,1043464.0625,,,,,,
2009-03-05,1167806.875,,,,,,
2009-03-06,1165159.125,,,,,,
2009-03-09,1205088.75,,,,,,
2009-03-10,984999.6875,,,,,,
2009-03-11,973031.25,,,,,,
2009-03-12,854831.3125,,,,,,
2009-03-13,829729.8125,,,,,,
2009-03-16,841380.3125,,,,,,
2009-03-17,766605.0625,,,,,,
2009-03-18,712059.375,,,,,,
2009-03-19,735360.5,,,,,,
2009-03-20,781962.5,,,,,,
2009-03-23,618537.375,,,,,,
2009-03-24,646074.9375,,,,,,
2009-03-25,636542.75,,,,,,
2009-03-26,591529.3125,,,,,,
2009-03-27,622668.0625,,,,,,
2009-03-30,685369.125,,,,,,
2009-03-31,669799.6875,,,,,,
2009-04-01,628705.25,,,,,,
2009-04-02,575006.6875,,,,,,
2009-04-03,554035.875,,,,,,
2009-04-06,568122.4375,,,,,,
2009-04-07,608157.75,,,,,,
2009-04-08,585280.3125,,,,,,
2009-04-09,516542.21875,,,,,,
2009-04-13,514741.78125,,,,,,
2009-04-14,544927.25,,,,,,
2009-04-15,523638.4375,,,,,,
2009-04-16,498536.84375,,,,,,
2009-04-17,490487.46875,,,,,,
2009-04-20,551388.0625,,,,,,
2009-04-21,520249.34375,,,,,,
2009-04-22,526921.75,,,,,,
2009-04-23,513682.625,,,,,,
2009-04-24,489322.4375,,,,,,
2009-04-27,501502.5,,,,,,
2009-04-28,504997.625,,,,,,
2009-04-29,472376.1875,,,,,,
2009-04-30,472376.1875,,,,,,
2009-05-01,463161.625,,,,,,
2009-05-04,415924.03125,,,,,,
2009-05-05,418465.90625,,,,,,
2009-05-06,400142.875,,,,,,
2009-05-07,416771.3125,,,,,,
2009-05-08,385844.4375,,,,,,
2009-05-11,406285.875,,,,,,
2009-05-12,412323.0,,,,,,
2009-05-13,444414.875,,,,,,
2009-05-14,433929.4375,,,,,,
2009-05-15,443991.21875,,,,,,
2009-05-18,403320.28125,,,,,,
2009-05-19,405014.90625,,,,,,
2009-05-20,412323.0,,,,,,
2009-05-21,430222.40625,,,,,,
2009-05-22,432446.65625,,,,,,
2009-05-26,399613.28125,,,,,,
2009-05-27,419101.4375,,,,,,
2009-05-28,400884.1875,,,,,,
2009-05-29,382137.46875,,,,,,
2009-06-01,352905.25,,,,,,
2009-06-02,351634.28125,,,,,,
2009-06-03,365508.96875,,,,,,
2009-06-04,354599.84375,,,,,,
2009-06-05,354811.6875,,,,,,
2009-06-08,357989.125,,,,,,
2009-06-09,351952.03125,,,,,,
2009-06-10,356188.53125,,,,,,
2009-06-11,349621.9375,,,,,,
2009-06-12,347291.78125,,,,,,
2009-06-15,372499.25,,,,,,
2009-06-16,388598.28125,,,,,,
2009-06-17,389233.71875,,,,,,
2009-06-18,382878.90625,,,,,,
2009-06-19,377900.9375,,,,,,
2009-06-22,411052.0625,,,,,,
2009-06-23,410416.5,,,,,,
2009-06-24,400460.65625,,,,,,
2009-06-25,374088.0,,,,,,
2009-06-26,375570.875,,,,,,
2009-06-29,365403.0625,,,,,,
2009-06-30,372287.46875,,,,,,
2009-07-01,368262.75,,,,,,
2009-07-02,397812.6875,,,,,,
2009-07-06,398554.15625,,,,,,
2009-07-07,422173.0,,,,,,
2009-07-08,424503.0625,,,,,,
2009-07-09,421537.46875,,,,,,
2009-07-10,424291.25,,,,,,
2009-07-13,393682.125,,,,,,
2009-07-14,385420.8125,,,,,,
2009-07-15,352163.8125,,,,,,
2009-07-16,340831.03125,,,,,,
2009-07-17,341466.5625,,,,,,
2009-07-20,330875.09375,,,,,,
2009-07-21,326214.90625,,,,,,
2009-07-22,325367.625,,,,,,
2009-07-23,302702.0625,,,,,,
2009-07-24,298571.34375,,,,,,
2009-07-27,296982.65625,,,,,,
2009-07-28,299206.9375,,,,,,
2009-07-29,302913.90625,,,,,,
2009-07-30,293805.21875,,,,,,
2009-07-31,292746.15625,,,,,,
2009-08-03,278341.8125,,,,,,
2009-08-04,274528.90625,,,,,,
2009-08-05,277176.71875,,,,,,
2009-08-06,281731.03125,,,,,,
2009-08-07,269974.59375,,,,,,
2009-08-10,272410.625,,,,,,
2009-08-11,282154.75,,,,,,
2009-08-12,272304.71875,,,,,,
2009-08-13,266373.5625,,,,,,
2009-08-14,273152.03125,,,,,,
2009-08-17,293487.4375,,,,,,
2009-08-18,285967.625,,,,,,
2009-08-19,278024.0625,,,,,,
2009-08-20,270398.3125,,,,,,
2009-08-21,254934.84375,,,,,,
2009-08-24,255146.671875,,,,,,
2009-08-25,253134.34375,,,,,,
2009-08-26,253240.1875,,,,,,
2009-08-27,250910.109375,,,,,,
2009-08-28,251651.484375,,,,,,
2009-08-31,257794.546875,,,,,,
2009-09-01,275270.34375,,,,,,
2009-09-02,278871.40625,,,,,,
2009-09-03,271033.78125,,,,,,
2009-09-04,260124.671875,,,,,,
2009-09-08,252604.75,,,,,,
2009-09-09,245826.234375,,,,,,
2009-09-10,238624.109375,,,,,,
2009-09-11,238306.34375,,,,,,
2009-09-14,234069.828125,,,,,,
2009-09-15,230892.359375,,,,,,
2009-09-16,219983.234375,,,,,,
2009-09-17,221571.953125,,,,,,
2009-09-18,221148.296875,,,,,,
2009-09-21,222842.90625,,,,,,
2009-09-22,218182.6875,,,,,,
2009-09-23,224007.953125,,,,,,
2009-09-24,232057.484375,,,,,,
2009-09-25,235870.328125,,,,,,
2009-09-28,223478.4375,,,,,,
2009-09-29,224325.703125,,,,,,
2009-09-30,226761.671875,,,,,,
2009-10-01,244343.515625,,,,,,
2009-10-02,248368.140625,,,,,,
2009-10-05,236188.09375,,,,,,
2009-10-06,226867.609375,,,,,,
2009-10-07,224537.53125,,,,,,
2009-10-08,219453.6875,,,,,,
2009-10-09,215111.203125,,,,,,
2009-10-12,212357.4375,,,,,,
2009-10-13,213628.390625,,,,,,
2009-10-14,202931.09375,,,,,,
2009-10-15,200600.984375,,,,,,
2009-10-16,204837.578125,,,,,,
2009-10-19,199753.6875,,,,,,
2009-10-20,203037.03125,,,,,,
2009-10-21,208650.4375,,,,,,
2009-10-22,202507.453125,,,,,,
2009-10-23,209391.875,,,,,,
2009-10-26,216594.0,,,,,,
2009-10-27,219771.4375,,,,,,
2009-10-28,233540.234375,,,,,,
2009-10-29,218288.625,,,,,,
2009-10-30,235976.203125,,,,,,
2009-11-02,232269.21875,,,,,,
2009-11-03,228985.96875,,,,,,
2009-11-04,228244.53125,,,,,,
2009-11-05,215005.3125,,,,,,
2009-11-06,213204.75,,,,,,
2009-11-09,198588.609375,,,,,,
2009-11-10,198376.8125,,,,,,
2009-11-11,195411.203125,,,,,,
2009-11-12,201554.203125,,,,,,
2009-11-13,197847.25,,,,,,
2009-11-16,189374.125,,,,,,
2009-11-17,188844.53125,,,,,,
2009-11-18,189056.375,,,,,,
2009-11-19,196999.90625,,,,,,
2009-11-20,198694.53125,,,,,,
2009-11-23,191492.375,,,,,,
2009-11-24,191280.59375,,,,,,
2009-11-25,188844.53125,,,,,,
2009-11-27,197953.15625,,,,,,
2009-11-30,195834.84375,,,,,,
2009-12-01,188950.46875,,,,,,
2009-12-02,187997.25,,,,,,
2009-12-03,192763.375,,,,,,
2009-12-04,189268.21875,,,,,,
2009-12-07,190115.53125,,,,,,
2009-12-08,196152.578125,,,,,,
2009-12-09,194246.15625,,,,,,
2009-12-10,190645.0625,,,,,,
2009-12-11,187891.34375,,,,,,
2009-12-14,183760.6875,,,,,,
2009-12-15,186090.78125,,,,,,
2009-12-16,184713.921875,,,,,,
2009-12-17,191386.453125,,,,,,
2009-12-18,188103.15625,,,,,,
2009-12-21,182383.796875,,,,,,
2009-12-22,180159.59375,,,,,,
2009-12-23,178464.984375,,,,,,
2009-12-24,175605.28125,,,,,,
2009-12-28,175075.734375,,,,,,
2009-12-29,175923.03125,,,,,,
2009-12-30,176240.78125,,,,,,
2009-12-31,181218.734375,,,,,,
2010-01-04,172216.0625,,,,,,
2010-01-05,170627.390625,,,,,,
2010-01-06,169885.953125,,,,,,
2010-01-07,167767.6875,,,,,,
2010-01-08,165967.15625,,,,,,
2010-01-11,165437.546875,,,,,,
2010-01-12,170203.734375,,,,,,
2010-01-13,165755.328125,,,,,,
2010-01-14,164590.25,,,,,,
2010-01-15,169991.828125,,,,,,
2010-01-19,163954.765625,,,,,,
2010-01-20,168509.109375,,,,,,
2010-01-21,177829.5,,,,,,
2010-01-22,189585.921875,,,,,,
2010-01-25,186832.15625,,,,,,
2010-01-26,189585.921875,,,,,,
2010-01-27,186832.15625,,,,,,
2010-01-28,193398.828125,,,,,,
2010-01-29,199965.53125,,,,,,
2010-02-01,190856.9375,,,,,,
2010-02-02,183442.921875,,,,,,
2010-02-03,186302.609375,,,,,,
2010-02-04,203672.46875,,,,,,
2010-02-05,202189.671875,,,,,,
2010-02-08,206955.796875,,,,,,
2010-02-09,199012.296875,,,,,,
2010-02-10,199965.53125,,,,,,
2010-02-11,193504.765625,,,,,,
2010-02-12,193504.765625,,,,,,
2010-02-16,184184.3125,,,,,,
2010-02-17,181218.734375,,,,,,
2010-02-18,177829.5,,,,,,
2010-02-19,176770.359375,,,,,,
2010-02-22,176982.1875,,,,,,
2010-02-23,183760.6875,,,,,,
2010-02-24,178570.9375,,,,,,
2010-02-25,178888.625,,,,,,
2010-02-26,178464.984375,,,,,,
2010-03-01,172745.625,,,,,,
2010-03-02,171051.03125,,,,,,
2010-03-03,170627.390625,,,,,,
2010-03-04,169250.484375,,,,,,
2010-03-05,161836.515625,,,,,,
2010-03-08,161624.65625,,,,,,
2010-03-09,160883.28125,,,,,,
2010-03-10,158341.34375,,,,,,
2010-03-11,156646.75,,,,,,
2010-03-12,156328.96875,,,,,,
2010-03-15,156434.890625,,,,,,
2010-03-16,152410.15625,,,,,,
2010-03-17,149550.46875,,,,,,
2010-03-18,150080.015625,,,,,,
2010-03-19,152516.046875,,,,,,
2010-03-22,149868.234375,,,,,,
2010-03-23,146584.84375,,,,,,
2010-03-24,148491.328125,,,,,,
2010-03-25,149762.265625,,,,,,
2010-03-26,149656.421875,,,,,,
2010-03-29,146902.609375,,,,,,
2010-03-30,146584.84375,,,,,,
2010-03-31,148173.578125,,,,,,
2010-04-01,144996.1875,,,,,,
2010-04-05,141077.375,,,,,,
2010-04-06,140124.140625,,,,,,
2010-04-07,142348.328125,,,,,,
2010-04-08,141077.375,,,,,,
2010-04-09,138217.671875,,,,,,
2010-04-12,137370.40625,,,,,,
2010-04-13,137052.625,,,,,,
2010-04-14,132392.40625,,,,,,
2010-04-15,131862.875,,,,,,
2010-04-16,138217.671875,,,,,,
2010-04-19,136840.796875,,,,,,
2010-04-20,133133.828125,,,,,,
2010-04-21,133557.46875,,,,,,
2010-04-22,132286.515625,,,,,,
2010-04-23,129320.921875,,,,,,
2010-04-26,130803.7421875,,,,,,
2010-04-27,140124.140625,,,,,,
2010-04-28,137264.453125,,,,,,
2010-04-29,131968.703125,,,,,,
2010-04-30,138535.40625,,,,,,
2010-05-03,133133.828125,,,,,,
2010-05-04,142560.125,,,,,,
2010-05-05,145525.75,,,,,,
2010-05-06,160035.9375,,,,,,
2010-05-07,168720.90625,,,,,,
2010-05-10,145525.75,,,,,,
2010-05-11,146478.96875,,,,,,
2010-05-12,140124.140625,,,,,,
2010-05-13,144784.375,,,,,,
2010-05-14,152833.78125,,,,,,
2010-05-17,152621.984375,,,,,,
2010-05-18,159082.71875,,,,,,
2010-05-19,162048.3125,,,,,,
2010-05-20,180583.28125,,,,,,
2010-05-21,172533.78125,,,,,,
2010-05-24,179100.46875,,,,,,
2010-05-25,178570.9375,,,,,,
2010-05-26,181324.671875,,,,,,
2010-05-27,162577.875,,,,,,
2010-05-28,168085.4375,,,,,,
2010-06-01,177405.84375,,,,,,
2010-06-02,163954.765625,,,,,,
2010-06-03,161518.734375,,,,,,
2010-06-04,178888.625,,,,,,
2010-06-07,185773.046875,,,,,,
2010-06-08,180689.1875,,,,,,
2010-06-09,183019.296875,,,,,,
2010-06-10,166496.71875,,,,,,
2010-06-11,163954.765625,,,,,,
2010-06-14,164484.328125,,,,,,
2010-06-15,153363.40625,,,,,,
2010-06-16,153575.203125,,,,,,
2010-06-17,152939.734375,,,,,,
2010-06-18,152727.890625,,,,,,
2010-06-21,154422.515625,,,,,,
2010-06-22,162048.3125,,,,,,
2010-06-23,163637.03125,,,,,,
2010-06-24,171580.546875,,,,,,
2010-06-25,169144.578125,,,,,,
2010-06-28,171262.828125,,,,,,
2010-06-29,187255.84375,,,,,,
2010-06-30,193292.96875,,,,,,
2010-07-01,194881.65625,,,,,,
2010-07-02,198164.953125,,,,,,
2010-07-06,195517.15625,,,,,,
2010-07-07,176558.53125,,,,,,
2010-07-08,171474.6875,,,,,,
2010-07-09,167449.921875,,,,,,
2010-07-12,167344.046875,,,,,,
2010-07-13,159612.28125,,,,,,
2010-07-14,159506.40625,,,,,,
2010-07-15,159188.671875,,,,,,
2010-07-16,172639.6875,,,,,,
2010-07-19,169462.296875,,,,,,
2010-07-20,163848.84375,,,,,,
2010-07-21,169991.828125,,,,,,
2010-07-22,158447.28125,,,,,,
2010-07-23,154104.75,,,,,,
2010-07-26,148809.046875,,,,,,
2010-07-27,149656.421875,,,,,,
2010-07-28,152516.046875,,,,,,
2010-07-29,154846.15625,,,,,,
2010-07-30,154422.515625,,,,,,
2010-08-02,144466.59375,,,,,,
2010-08-03,146373.078125,,,,,,
2010-08-04,143513.359375,,,,,,
2010-08-05,143831.125,,,,,,
2010-08-06,145419.828125,,,,,,
2010-08-09,143195.671875,,,,,,
2010-08-10,145737.5625,,,,,,
2010-08-11,158023.59375,,,,,,
2010-08-12,160777.34375,,,,,,
2010-08-13,162260.171875,,,,,,
2010-08-16,162154.265625,,,,,,
2010-08-17,155905.34375,,,,,,
2010-08-18,155163.90625,,,,,,
2010-08-19,162789.71875,,,,,,
2010-08-20,164484.328125,,,,,,
2010-08-23,166602.609375,,,,,,
2010-08-24,174122.484375,,,,,,
2010-08-25,172427.90625,,,,,,
2010-08-26,175711.28125,,,,,,
2010-08-27,166814.4375,,,,,,
2010-08-30,174228.4375,,,,,,
2010-08-31,174440.28125,,,,,,
2010-09-01,158553.1875,,,,,,
2010-09-02,153681.125,,,,,,
2010-09-03,147644.046875,,,,,,
2010-09-07,152516.046875,,,,,,
2010-09-08,149762.265625,,,,,,
2010-09-09,147749.953125,,,,,,
2010-09-10,145631.640625,,,,,,
2010-09-13,140441.890625,,,,,,
2010-09-14,140653.71875,,,,,,
2010-09-15,138959.078125,,,,,,
2010-09-16,139170.90625,,,,,,
2010-09-17,138959.078125,,,,,,
2010-09-20,132392.40625,,,,,,
2010-09-21,133345.625,,,,,,
2010-09-22,135146.21875,,,,,,
2010-09-23,138535.40625,,,,,,
2010-09-24,129956.3828125,,,,,,
2010-09-27,131545.09375,,,,,,
2010-09-28,129638.6796875,,,,,,
2010-09-29,130485.9609375,,,,,,
2010-09-30,131545.09375,,,,,,
2010-10-01,129850.5078125,,,,,,
2010-10-04,132921.96875,,,,,,
2010-10-05,124766.625,,,,,,
2010-10-06,125084.359375,,,,,,
2010-10-07,125508.0078125,,,,,,
2010-10-08,123071.96875,,,,,,
2010-10-11,122754.2265625,,,,,,
2010-10-12,121377.3671875,,,,,,
2010-10-13,118835.4296875,,,,,,
2010-10-14,120000.4921875,,,,,,
2010-10-15,119259.078125,,,,,,
2010-10-18,117988.1015625,,,,,,
2010-10-19,122542.4609375,,,,,,
2010-10-20,118729.5234375,,,,,,
2010-10-21,118094.046875,,,,,,
2010-10-22,117034.9140625,,,,,,
2010-10-25,116081.6796875,,,,,,
2010-10-26,116081.6796875,,,,,,
2010-10-27,116823.0703125,,,,,,
2010-10-28,116505.34375,,,,,,
2010-10-29,116081.6796875,,,,,,
2010-11-01,116187.5859375,,,,,,
2010-11-02,113221.9921875,,,,,,
2010-11-03,111951.03125,,,,,,
2010-11-04,105702.109375,,,,,,
2010-11-05,104219.2890625,,,,,,
2010-11-08,104748.8828125,,,,,,
2010-11-09,107078.9765625,,,,,,
2010-11-10,105596.171875,,,,,,
2010-11-11,106549.421875,,,,,,
2010-11-12,110680.0546875,,,,,,
2010-11-15,110891.890625,,,,,,
2010-11-16,116293.5078125,,,,,,
2010-11-17,115763.921875,,,,,,
2010-11-18,110785.9765625,,,,,,
2010-11-19,109620.90625,,,,,,
2010-11-22,109832.75,,,,,,
2010-11-23,114281.1484375,,,,,,
2010-11-24,108985.4296875,,,,,,
2010-11-26,112480.609375,,,,,,
2010-11-29,111845.125,,,,,,
2010-11-30,113751.5546875,,,,,,
2010-12-01,106443.5,,,,,,
2010-12-02,102418.7890625,,,,,,
2010-12-03,101465.546875,,,,,,
2010-12-06,101677.3828125,,,,,,
2010-12-07,101677.3828125,,,,,,
2010-12-08,100724.1484375,,,,,,
2010-12-09,99559.0859375,,,,,,
2010-12-10,97864.46875,,,,,,
2010-12-13,97758.578125,,,,,,
2010-12-14,97546.75,,,,,,
2010-12-15,98711.796875,,,,,,
2010-12-16,97017.1484375,,,,,,
2010-12-17,96381.6875,,,,,,
2010-12-20,95852.1328125,,,,,,
2010-12-21,93945.671875,,,,,,
2010-12-22,93098.359375,,,,,,
2010-12-23,93310.1875,,,,,,
2010-12-27,93310.1875,,,,,,
2010-12-28,93204.265625,,,,,,
2010-12-29,92780.6015625,,,,,,
2010-12-30,92992.453125,,,,,,
2010-12-31,92886.5234375,,,,,,
2011-01-03,90344.59375,,,,,,
2011-01-04,90662.3359375,,,,,,
2011-01-05,89179.5390625,,,,,,
2011-01-06,89497.28125,,,,,,
2011-01-07,90132.7578125,,,,,,
2011-01-10,90344.59375,,,,,,
2011-01-11,89179.5390625,,,,,,
2011-01-12,86743.5078125,,,,,,
2011-01-13,87167.1640625,,,,,,
2011-01-14,85472.5546875,,,,,,
2011-01-18,84837.046875,,,,,,
2011-01-19,87379.0078125,,,,,,
2011-01-20,88120.390625,,,,,,
2011-01-21,87590.8203125,,,,,,
2011-01-24,85790.2734375,,,,,,
2011-01-25,85790.2734375,,,,,,
2011-01-26,84519.3203125,,,,,,
2011-01-27,83989.75,,,,,,
2011-01-28,88332.2109375,,,,,,
2011-01-31,86213.953125,,,,,,
2011-02-01,81977.3828125,,,,,,
2011-02-02,82612.8515625,,,,,,
2011-02-03,81977.3828125,,,,,,
2011-02-04,81235.984375,,,,,,
2011-02-07,79753.203125,,,,,,
2011-02-08,78482.234375,,,,,,
2011-02-09,79117.7265625,,,,,,
2011-02-10,78905.875,,,,,,
2011-02-11,77317.171875,,,,,,
2011-02-14,76681.703125,,,,,,
2011-02-15,77423.078125,,,,,,
2011-02-16,75940.2890625,,,,,,
2011-02-17,75304.8203125,,,,,,
2011-02-18,74987.078125,,,,,,
2011-02-22,79647.28125,,,,,,
2011-02-23,81235.984375,,,,,,
2011-02-24,81257.1640625,,,,,,
2011-02-25,78376.3125,,,,,,
2011-02-28,77062.984375,,,,,,
2011-03-01,80918.2578125,,,,,,
2011-03-02,80388.671875,,,,,,
2011-03-03,76173.296875,,,,,,
2011-03-04,77783.1875,,,,,,
2011-03-07,79753.203125,,,,,,
2011-03-08,77634.9140625,,,,,,
2011-03-09,78058.5703125,,,,,,
2011-03-10,82273.9453125,,,,,,
2011-03-11,80621.6875,,,,,,
2011-03-14,81977.3828125,,,,,,
2011-03-15,84688.796875,,,,,,
2011-03-16,89158.3515625,,,,,,
2011-03-17,85980.9375,,,,,,
2011-03-18,84921.796875,,,,,,
2011-03-21,80960.609375,,,,,,
2011-03-22,81744.3828125,,,,,,
2011-03-23,81130.0859375,,,,,,
2011-03-24,78757.59375,,,,,,
2011-03-25,77952.671875,,,,,,
2011-03-28,78524.59375,,,,,,
2011-03-29,76893.5234375,,,,,,
2011-03-30,75283.625,,,,,,
2011-03-31,75410.7109375,,,,,,
2011-04-01,74351.609375,,,,,,
2011-04-04,74139.75,,,,,,
2011-04-05,74097.3671875,,,,,,
2011-04-06,73504.2578125,,,,,,
2011-04-07,74033.828125,,,,,,
2011-04-08,74881.1328125,,,,,,
2011-04-11,75643.7421875,,,,,,
2011-04-12,77401.90625,,,,,,
2011-04-13,77168.8984375,,,,,,
2011-04-14,77105.3515625,,,,,,
2011-04-15,76152.1171875,,,,,,
2011-04-18,78757.59375,,,,,,
2011-04-19,77486.6171875,,,,,,
2011-04-20,74097.3671875,,,,,,
2011-04-21,72953.5234375,,,,,,
2011-04-25,73165.359375,,,,,,
2011-04-26,71258.890625,,,,,,
2011-04-27,69882.015625,,,,,,
2011-04-28,69225.359375,,,,,,
2011-04-29,68653.421875,,,,,,
2011-05-02,69077.0625,,,,,,
2011-05-03,69945.5625,,,,,,
2011-05-04,71407.171875,,,,,,
2011-05-05,73144.15625,,,,,,
2011-05-06,72254.4765625,,,,,,
2011-05-09,71174.1640625,,,,,,
2011-05-10,69310.09375,,,,,,
2011-05-11,71534.2734375,,,,,,
2011-05-12,70517.4921875,,,,,,
2011-05-13,72212.1328125,,,,,,
2011-05-16,73589.0,,,,,,
2011-05-17,73779.6484375,,,,,,
2011-05-18,71661.375,,,,,,
2011-05-19,71216.515625,,,,,,
2011-05-20,72720.4921875,,,,,,
2011-05-23,75368.3671875,,,,,,
2011-05-24,75601.375,,,,,,
2011-05-25,74732.875,,,,,,
2011-05-26,73652.546875,,,,,,
2011-05-27,72635.78125,,,,,,
2011-05-31,70432.7578125,,,,,,
2011-06-01,75114.15625,,,,,,
2011-06-02,75325.9921875,,,,,,
2011-06-03,77592.546875,,,,,,
2011-06-06,80240.3984375,,,,,,
2011-06-07,80409.859375,,,,,,
2011-06-08,81405.4453125,,,,,,
2011-06-09,79689.640625,,,,,,
2011-06-10,82994.1796875,,,,,,
2011-06-13,82994.1796875,,,,,,
2011-06-14,79668.453125,,,,,,
2011-06-15,83841.46875,,,,,,
2011-06-16,83502.546875,,,,,,
2011-06-17,82782.3515625,,,,,,
2011-06-20,81426.6328125,,,,,,
2011-06-21,77931.4765625,,,,,,
2011-06-22,79265.984375,,,,,,
2011-06-23,79859.109375,,,,,,
2011-06-24,82612.8515625,,,,,,
2011-06-27,80536.953125,,,,,,
2011-06-28,77317.171875,,,,,,
2011-06-29,75220.0625,,,,,,
2011-06-30,73207.7109375,,,,,,
2011-07-01,69903.203125,,,,,,
2011-07-05,70030.3046875,,,,,,
2011-07-06,69627.828125,,,,,,
2011-07-07,67403.6328125,,,,,,
2011-07-08,68844.0546875,,,,,,
2011-07-11,72678.140625,,,,,,
2011-07-12,73652.546875,,,,,,
2011-07-13,72953.5234375,,,,,,
2011-07-14,74457.5,,,,,,
2011-07-15,73101.8046875,,,,,,
2011-07-18,75135.34375,,,,,,
2011-07-19,71407.171875,,,,,,
2011-07-20,71513.109375,,,,,,
2011-07-21,68632.2265625,,,,,,
2011-07-22,68420.3984375,,,,,,
2011-07-25,69585.453125,,,,,,
2011-07-26,70453.953125,,,,,,
2011-07-27,74902.3359375,,,,,,
2011-07-28,75686.1015625,,,,,,
2011-07-29,77041.7890625,,,,,,
2011-08-01,78058.5703125,,,,,,
2011-08-02,84138.03125,,,,,,
2011-08-03,82761.140625,,,,,,
2011-08-04,95025.984375,,,,,,
2011-08-05,96000.3984375,,,,,,
2011-08-08,115403.8359375,,,,,,
2011-08-09,98012.7578125,,,,,,
2011-08-10,111019.0078125,,,,,,
2011-08-11,95640.296875,,,,,,
2011-08-12,93564.375,,,,,,
2011-08-15,87421.3515625,,,,,,
2011-08-16,90026.84375,,,,,,
2011-08-17,89815.0,,,,,,
2011-08-18,101740.9140625,,,,,,
2011-08-19,106782.4140625,,,,,,
2011-08-22,106867.1484375,,,,,,
2011-08-23,96106.296875,,,,,,
2011-08-24,92123.9375,,,,,,
2011-08-25,96445.2421875,,,,,,
2011-08-26,91615.578125,,,,,,
2011-08-29,83587.2734375,,,,,,
2011-08-30,82909.4296875,,,,,,
2011-08-31,81532.5390625,,,,,,
2011-09-01,84434.5859375,,,,,,
2011-09-02,90980.0859375,,,,,,
2011-09-06,92822.96875,,,,,,
2011-09-07,84625.2421875,,,,,,
2011-09-08,87379.0078125,,,,,,
2011-09-09,94242.234375,,,,,,
2011-09-12,92484.0390625,,,,,,
2011-09-13,89857.390625,,,,,,
2011-09-14,85980.9375,,,,,,
2011-09-15,81596.1015625,,,,,,
2011-09-16,80303.9453125,,,,,,
2011-09-19,82591.6875,,,,,,
2011-09-20,83290.703125,,,,,,
2011-09-21,90852.984375,,,,,,
2011-09-22,99537.9140625,,,,,,
2011-09-23,97906.859375,,,,,,
2011-09-26,91022.4296875,,,,,,
2011-09-27,87929.75,,,,,,
2011-09-28,93712.640625,,,,,,
2011-09-29,91403.7421875,,,,,,
2011-09-30,98033.9375,,,,,,
2011-10-03,107333.1875,,,,,,
2011-10-04,99940.390625,,,,,,
2011-10-05,93988.03125,,,,,,
2011-10-06,88734.7109375,,,,,,
2011-10-07,90619.9765625,,,,,,
2011-10-10,81511.359375,,,,,,
2011-10-11,81299.5234375,,,,,,
2011-10-12,78905.875,,,,,,
2011-10-13,79329.5390625,,,,,,
2011-10-14,75198.8828125,,,,,,
2011-10-17,79647.28125,,,,,,
2011-10-18,74965.8828125,,,,,,
2011-10-19,77592.546875,,,,,,
2011-10-20,76596.9609375,,,,,,
2011-10-21,72190.9453125,,,,,,
2011-10-24,69034.6953125,,,,,,
2011-10-25,73250.078125,,,,,,
2011-10-26,70792.875,,,,,,
2011-10-27,63400.0859375,,,,,,
2011-10-28,63400.0859375,,,,,,
2011-10-31,68060.3046875,,,,,,
2011-11-01,73758.4765625,,,,,,
2011-11-02,70072.65625,,,,,,
2011-11-03,66153.84375,,,,,,
2011-11-04,67170.625,,,,,,
2011-11-07,66047.9140625,,,,,,
2011-11-08,63654.28515625,,,,,,
2011-11-09,70771.6875,,,,,,
2011-11-10,68992.3359375,,,,,,
2011-11-11,64988.796875,,,,,,
2011-11-14,66704.5859375,,,,,,
2011-11-15,65666.6328125,,,,,,
2011-11-16,68738.1328125,,,,,,
2011-11-17,72127.390625,,,,,,
2011-11-18,72487.4921875,,,,,,
2011-11-21,76342.7578125,,,,,,
2011-11-22,77232.4375,,,,,,
2011-11-23,82401.046875,,,,,,
2011-11-25,82930.6171875,,,,,,
2011-11-28,75580.1875,,,,,,
2011-11-29,75092.984375,,,,,,
2011-11-30,65772.546875,,,,,,
2011-12-01,65772.546875,,,,,,
2011-12-02,65730.1953125,,,,,,
2011-12-05,63717.8203125,,,,,,
2011-12-06,63548.390625,,,,,,
2011-12-07,63018.78125,,,,,,
2011-12-08,67234.1640625,,,,,,
2011-12-09,63781.3671875,,,,,,
2011-12-12,66598.6796875,,,,,,
2011-12-13,68611.0546875,,,,,,
2011-12-14,70877.609375,,,,,,
2011-12-15,70178.5703125,,,,,,
2011-12-16,69479.5390625,,,,,,
2011-12-19,71894.375,,,,,,
2011-12-20,65391.2421875,,,,,,
2011-12-21,64988.796875,,,,,,
2011-12-22,63124.703125,,,,,,
2011-12-23,61641.9140625,,,,,,
2011-12-27,61493.63671875,,,,,,
2011-12-28,63739.0,,,,,,
2011-12-29,61853.75,,,,,,
2011-12-30,62552.76171875,,,,,,
2012-01-03,59671.90625,,,,,,
2012-01-04,59671.90625,,,,,,
2012-01-05,59036.4296875,,,,,,
2012-01-06,59269.43359375,,,,,,
2012-01-09,59015.24609375,,,,,,
2012-01-10,57278.26171875,,,,,,
2012-01-11,57129.98046875,,,,,,
2012-01-12,56685.13671875,,,,,,
2012-01-13,57299.44140625,,,,,,
2012-01-17,56960.515625,,,,,,
2012-01-18,55032.8828125,,,,,,
2012-01-19,53973.73828125,,,,,,
2012-01-20,53931.375,,,,,,
2012-01-23,53931.375,,,,,,
2012-01-24,53910.19921875,,,,,,
2012-01-25,52448.5859375,,,,,,
2012-01-26,53295.88671875,,,,,,
2012-01-27,53359.43359375,,,,,,
2012-01-30,53804.28125,,,,,,
2012-01-31,53931.375,,,,,,
2012-02-01,52279.11328125,,,,,,
2012-02-02,52088.46875,,,,,,
2012-02-03,49779.54296875,,,,,,
2012-02-06,49843.08984375,,,,,,
2012-02-07,49482.98828125,,,,,,
2012-02-08,49059.3359375,,,,,,
2012-02-09,48847.51953125,,,,,,
2012-02-10,49885.4609375,,,,,,
2012-02-13,48868.68359375,,,,,,
2012-02-14,48995.7890625,,,,,,
2012-02-15,49652.4453125,,,,,,
2012-02-16,47873.09375,,,,,,
2012-02-17,47682.44921875,,,,,,
2012-02-21,47555.36328125,,,,,,
2012-02-22,48106.11328125,,,,,,
2012-02-23,47343.53125,,,,,,
2012-02-24,47068.1484375,,,,,,
2012-02-27,46835.140625,,,,,,
2012-02-28,46517.3984375,,,,,,
2012-02-29,47491.8046875,,,,,,
2012-03-01,46263.20703125,,,,,,
2012-03-02,46750.4140625,,,,,,
2012-03-05,47322.34375,,,,,,
2012-03-06,49567.7265625,,,,,,
2012-03-07,48445.03515625,,,,,,
2012-03-08,46941.05859375,,,,,,
2012-03-09,46305.5703125,,,,,,
2012-03-12,46347.9375,,,,,,
2012-03-13,43805.99609375,,,,,,
2012-03-14,44039.01171875,,,,,,
2012-03-15,43318.8046875,,,,,,
2012-03-16,43106.9765625,,,,,,
2012-03-19,42619.765625,,,,,,
2012-03-20,43043.4296875,,,,,,
2012-03-21,43191.703125,,,,,,
2012-03-22,44166.10546875,,,,,,
2012-03-23,43700.08203125,,,,,,
2012-03-26,41899.5546875,,,,,,
2012-03-27,42302.03125,,,,,,
2012-03-28,42937.51171875,,,,,,
2012-03-29,43128.15234375,,,,,,
2012-03-30,42704.50390625,,,,,,
2012-04-02,41708.91015625,,,,,,
2012-04-03,42090.19140625,,,,,,
2012-04-04,43467.08203125,,,,,,
2012-04-05,43509.4453125,,,,,,
2012-04-09,44949.8671875,,,,,,
2012-04-10,47301.1640625,,,,,,
2012-04-11,46220.83984375,,,,,,
2012-04-12,44250.84765625,,,,,,
2012-04-13,45754.82421875,,,,,,
2012-04-16,45945.46484375,,,,,,
2012-04-17,43827.18359375,,,,,,
2012-04-18,44272.02734375,,,,,,
2012-04-19,45013.421875,,,,,,
2012-04-20,44865.140625,,,,,,
2012-04-23,46030.1953125,,,,,,
2012-04-24,45564.171875,,,,,,
2012-04-25,43572.9921875,,,,,,
2012-04-26,42640.9609375,,,,,,
2012-04-27,42386.75,,,,,,
2012-04-30,42937.51171875,,,,,,
2012-05-01,42153.7421875,,,,,,
2012-05-02,42450.296875,,,,,,
2012-05-03,43509.4453125,,,,,,
2012-05-04,45585.359375,,,,,,
2012-05-07,45479.44140625,,,,,,
2012-05-08,46051.3828125,,,,,,
2012-05-09,46813.9609375,,,,,,
2012-05-10,46559.7734375,,,,,,
2012-05-11,46919.87109375,,,,,,
2012-05-14,48423.8515625,,,,,,
2012-05-15,49334.7109375,,,,,,
2012-05-16,49885.4609375,,,,,,
2012-05-17,52363.85546875,,,,,,
2012-05-18,53656.0078125,,,,,,
2012-05-21,50859.875,,,,,,
2012-05-22,50648.046875,,,,,,
2012-05-23,50436.21484375,,,,,,
2012-05-24,50182.01171875,,,,,,
2012-05-25,50542.13671875,,,,,,
2012-05-29,48783.96484375,,,,,,
2012-05-30,50923.421875,,,,,,
2012-05-31,51304.70703125,,,,,,
2012-06-01,55308.2578125,,,,,,
2012-06-04,55477.72265625,,,,,,
2012-06-05,54206.75390625,,,,,,
2012-06-06,50457.390625,,,,,,
2012-06-07,50499.7578125,,,,,,
2012-06-08,49249.9765625,,,,,,
2012-06-11,51283.53125,,,,,,
2012-06-12,49504.18359375,,,,,,
2012-06-13,50563.3125,,,,,,
2012-06-14,48995.7890625,,,,,,
2012-06-15,47597.72265625,,,,,,
2012-06-18,47110.515625,,,,,,
2012-06-19,45733.640625,,,,,,
2012-06-20,45945.46484375,,,,,,
2012-06-21,49038.14453125,,,,,,
2012-06-22,48042.56640625,,,,,,
2012-06-25,50372.671875,,,,,,
2012-06-26,49504.18359375,,,,,,
2012-06-27,48233.20703125,,,,,,
2012-06-28,48423.8515625,,,,,,
2012-06-29,44886.32421875,,,,,,
2012-07-02,44547.39453125,,,,,,
2012-07-03,43721.27734375,,,,,,
2012-07-05,44250.84765625,,,,,,
2012-07-06,45437.078125,,,,,,
2012-07-09,45670.08984375,,,,,,
2012-07-10,46813.9609375,,,,,,
2012-07-11,46708.0390625,,,,,,
2012-07-12,47407.07421875,,,,,,
2012-07-13,45119.3359375,,,,,,
2012-07-16,45394.7265625,,,,,,
2012-07-17,44420.30078125,,,,,,
2012-07-18,43467.08203125,,,,,,
2012-07-19,43170.51953125,,,,,,
2012-07-20,44272.02734375,,,,,,
2012-07-23,45627.7265625,,,,,,
2012-07-24,46792.7734375,,,,,,
2012-07-25,46835.140625,,,,,,
2012-07-26,44547.39453125,,,,,,
2012-07-27,41899.5546875,,,,,,
2012-07-30,42026.65234375,,,,,,
2012-07-31,42831.59765625,,,,,,
2012-08-01,42916.33203125,,,,,,
2012-08-02,43848.375,,,,,,
2012-08-03,41285.25390625,,,,,,
2012-08-06,41073.42578125,,,,,,
2012-08-07,40437.9375,,,,,,
2012-08-08,40226.109375,,,,,,
2012-08-09,40204.9296875,,,,,,
2012-08-10,39950.73046875,,,,,,
2012-08-13,39993.09765625,,,,,,
2012-08-14,40035.46875,,,,,,
2012-08-15,39844.8203125,,,,,,
2012-08-16,39039.87890625,,,,,,
2012-08-17,38806.8671875,,,,,,
2012-08-20,38743.30859375,,,,,,
2012-08-21,39145.79296875,,,,,,
2012-08-22,39124.609375,,,,,,
2012-08-23,40014.2890625,,,,,,
2012-08-24,39272.88671875,,,,,,
2012-08-27,39315.2578125,,,,,,
2012-08-28,39421.16796875,,,,,,
2012-08-29,39315.2578125,,,,,,
2012-08-30,40204.9296875,,,,,,
2012-08-31,39548.2578125,,,,,,
2012-09-04,39781.27734375,,,,,,
2012-09-05,39781.27734375,,,,,,
2012-09-06,37366.4375,,,,,,
2012-09-07,36858.04296875,,,,,,
2012-09-10,37557.078125,,,,,,
2012-09-11,37218.16015625,,,,,,
2012-09-12,36836.875,,,,,,
2012-09-13,35078.6875,,,,,,
2012-09-14,34655.046875,,,,,,
2012-09-17,34930.41796875,,,,,,
2012-09-18,35015.15234375,,,,,,
2012-09-19,35015.15234375,,,,,,
2012-09-20,35036.328125,,,,,,
2012-09-21,35078.6875,,,,,,
2012-09-24,35269.34375,,,,,,
2012-09-25,36264.9296875,,,,,,
2012-09-26,36942.78125,,,,,,
2012-09-27,35862.4609375,,,,,,
2012-09-28,36392.02734375,,,,,,
2012-10-01,36116.6484375,,,,,,
2012-10-02,35989.5546875,,,,,,
2012-10-03,35565.89453125,,,,,,
2012-10-04,34739.76953125,,,,,,
2012-10-05,34803.3203125,,,,,,
2012-10-08,35163.4296875,,,,,,
2012-10-09,36116.6484375,,,,,,
2012-10-10,36858.04296875,,,,,,
2012-10-11,36752.12890625,,,,,,
2012-10-12,37133.43359375,,,,,,
2012-10-15,36243.74609375,,,,,,
2012-10-16,35078.6875,,,,,,
2012-10-17,34633.8515625,,,,,,
2012-10-18,34888.05078125,,,,,,
2012-10-19,36667.41015625,,,,,,
2012-10-22,36625.0390625,,,,,,
2012-10-23,38213.74609375,,,,,,
2012-10-24,38467.9375,,,,,,
2012-10-25,38129.01171875,,,,,,
2012-10-26,38234.93359375,,,,,,
2012-10-31,38298.48046875,,,,,,
2012-11-01,36985.14453125,,,,,,
2012-11-02,37959.5625,,,,,,
2012-11-05,37662.99609375,,,,,,
2012-11-06,36879.23828125,,,,,,
2012-11-07,39378.796875,,,,,,
2012-11-08,40798.05078125,,,,,,
2012-11-09,40713.31640625,,,,,,
2012-11-12,40565.04296875,,,,,,
2012-11-13,40946.32421875,,,,,,
2012-11-14,42640.9609375,,,,,,
2012-11-15,42831.59765625,,,,,,
2012-11-16,42280.83984375,,,,,,
2012-11-19,39675.359375,,,,,,
2012-11-20,39611.8203125,,,,,,
2012-11-21,39357.62109375,,,,,,
2012-11-23,37811.2734375,,,,,,
2012-11-26,37874.81640625,,,,,,
2012-11-27,38510.30859375,,,,,,
2012-11-28,37620.625,,,,,,
2012-11-29,37069.875,,,,,,
2012-11-30,37175.8046875,,,,,,
2012-12-03,37662.99609375,,,,,,
2012-12-04,37811.2734375,,,,,,
2012-12-05,37620.625,,,,,,
2012-12-06,37239.34375,,,,,,
2012-12-07,36836.875,,,,,,
2012-12-10,36773.3203125,,,,,,
2012-12-11,36095.47265625,,,,,,
2012-12-12,35968.375,,,,,,
2012-12-13,36603.85546875,,,,,,
2012-12-14,37048.68359375,,,,,,
2012-12-17,35693.00390625,,,,,,
2012-12-18,34506.74609375,,,,,,
2012-12-19,35269.34375,,,,,,
2012-12-20,34676.2265625,,,,,,
2012-12-21,35587.08203125,,,,,,
2012-12-24,35989.5546875,,,,,,
2012-12-26,36413.203125,,,,,,
2012-12-27,36519.12890625,,,,,,
2012-12-28,37811.2734375,,,,,,
2012-12-31,35820.09375,,,,,,
2013-01-02,33129.875,,,,,,
2013-01-03,33256.97265625,,,,,,
2013-01-04,32769.765625,,,,,,
2013-01-07,33129.875,,,,,,
2013-01-08,33362.88671875,,,,,,
2013-01-09,33108.6953125,,,,,,
2013-01-10,32367.306640625,,,,,,
2013-01-11,32303.75,,,,,,
2013-01-14,32430.841796875,,,,,,
2013-01-15,32346.1171875,,,,,,
2013-01-16,32346.1171875,,,,,,
2013-01-17,31731.810546875,,,,,,
2013-01-18,31498.80859375,,,,,,
2013-01-22,31011.599609375,,,,,,
2013-01-23,30863.318359375,,,,,,
2013-01-24,30842.138671875,,,,,,
2013-01-25,30333.75390625,,,,,,
2013-01-28,30418.48828125,,,,,,
2013-01-29,30058.380859375,,,,,,
2013-01-30,30354.93359375,,,,,,
2013-01-31,30587.94921875,,,,,,
2013-02-01,29677.087890625,,,,,,
2013-02-04,30651.49609375,,,,,,
2013-02-05,29782.998046875,,,,,,
2013-02-06,29677.087890625,,,,,,
2013-02-07,29740.634765625,,,,,,
2013-02-08,29295.79296875,,,,,,
2013-02-11,29295.79296875,,,,,,
2013-02-12,29147.515625,,,,,,
2013-02-13,29083.970703125,,,,,,
2013-02-14,28978.05078125,,,,,,
2013-02-15,29083.970703125,,,,,,
2013-02-19,28469.662109375,,,,,,
2013-02-20,29528.802734375,,,,,,
2013-02-21,29994.826171875,,,,,,
2013-02-22,29126.3359375,,,,,,
2013-02-25,30799.76953125,,,,,,
2013-02-26,30143.1015625,,,,,,
2013-02-27,29062.78125,,,,,,
2013-02-28,29253.435546875,,,,,,
2013-03-01,28935.693359375,,,,,,
2013-03-04,28469.662109375,,,,,,
2013-03-05,27685.90625,,,,,,
2013-03-06,27537.62890625,,,,,,
2013-03-07,27389.34375,,,,,,
2013-03-08,27050.41796875,,,,,,
2013-03-11,26753.861328125,,,,,,
2013-03-12,26880.95703125,,,,,,
2013-03-13,26817.40625,,,,,,
2013-03-14,26393.751953125,,,,,,
2013-03-15,26499.666015625,,,,,,
2013-03-18,26880.95703125,,,,,,
2013-03-19,27071.603515625,,,,,,
2013-03-20,26542.029296875,,,,,,
2013-03-21,27198.69921875,,,,,,
2013-03-22,26584.3984375,,,,,,
2013-03-25,26859.77734375,,,,,,
2013-03-26,26245.474609375,,,,,,
2013-03-27,26266.658203125,,,,,,
2013-03-28,26097.193359375,,,,,,
2013-04-01,26287.83984375,,,,,,
2013-04-02,25906.546875,,,,,,
2013-04-03,26711.4921875,,,,,,
2013-04-04,26393.751953125,,,,,,
2013-04-05,26711.4921875,,,,,,
2013-04-08,26181.927734375,,,,,,
2013-04-09,25885.365234375,,,,,,
2013-04-10,24932.134765625,,,,,,
2013-04-11,24699.134765625,,,,,,
2013-04-12,24847.408203125,,,,,,
2013-04-15,26542.029296875,,,,,,
2013-04-16,25440.533203125,,,,,,
2013-04-17,26563.2109375,,,,,,
2013-04-18,27050.41796875,,,,,,
2013-04-19,26330.203125,,,,,,
2013-04-22,25991.275390625,,,,,,
2013-04-23,25186.3359375,,,,,,
2013-04-24,25143.96875,,,,,,
2013-04-25,24826.22265625,,,,,,
2013-04-26,24953.32421875,,,,,,
2013-04-29,24487.298828125,,,,,,
2013-04-30,24317.84375,,,,,,
2013-05-01,24910.95703125,,,,,,
2013-05-02,24254.287109375,,,,,,
2013-05-03,23491.71484375,,,,,,
2013-05-06,23301.06640625,,,,,,
2013-05-07,22940.962890625,,,,,,
2013-05-08,22623.220703125,,,,,,
2013-05-09,22771.49609375,,,,,,
2013-05-10,22559.66796875,,,,,,
2013-05-13,22496.12109375,,,,,,
2013-05-14,21818.267578125,,,,,,
2013-05-15,21458.166015625,,,,,,
2013-05-16,21797.08984375,,,,,,
2013-05-17,21119.244140625,,,,,,
2013-05-20,21076.87109375,,,,,,
2013-05-21,21034.5078125,,,,,,
2013-05-22,21500.52734375,,,,,,
2013-05-23,21606.44140625,,,,,,
2013-05-24,21733.541015625,,,,,,
2013-05-28,21373.431640625,,,,,,
2013-05-29,21754.72265625,,,,,,
2013-05-30,21521.71484375,,,,,,
2013-05-31,22453.75,,,,,,
2013-06-03,22051.283203125,,,,,,
2013-06-04,22411.38671875,,,,,,
2013-06-05,23364.61328125,,,,,,
2013-06-06,22729.126953125,,,,,,
2013-06-07,21860.638671875,,,,,,
2013-06-10,21839.451171875,,,,,,
2013-06-11,22496.12109375,,,,,,
2013-06-12,23046.873046875,,,,,,
2013-06-13,22030.09765625,,,,,,
2013-06-14,22390.20703125,,,,,,
2013-06-17,21902.998046875,,,,,,
2013-06-18,21394.611328125,,,,,,
2013-06-19,22199.56640625,,,,,,
2013-06-20,23915.369140625,,,,,,
2013-06-21,23682.353515625,,,,,,
2013-06-24,24593.216796875,,,,,,
2013-06-25,23851.822265625,,,,,,
2013-06-26,23173.96875,,,,,,
2013-06-27,22771.49609375,,,,,,
2013-06-28,23173.96875,,,,,,
2013-07-01,22623.220703125,,,,,,
2013-07-02,22707.94921875,,,,,,
2013-07-03,22623.220703125,,,,,,
2013-07-05,21924.1875,,,,,,
2013-07-08,21585.259765625,,,,,,
2013-07-09,21119.244140625,,,,,,
2013-07-10,21055.69140625,,,,,,
2013-07-11,20187.193359375,,,,,,
2013-07-12,20166.01171875,,,,,,
2013-07-15,19911.8203125,,,,,,
2013-07-16,20144.828125,,,,,,
2013-07-17,19996.548828125,,,,,,
2013-07-18,19657.62890625,,,,,,
2013-07-19,19551.71484375,,,,,,
2013-07-22,19445.796875,,,,,,
2013-07-23,19572.896484375,,,,,,
2013-07-24,19763.541015625,,,,,,
2013-07-25,19636.443359375,,,,,,
2013-07-26,19572.896484375,,,,,,
2013-07-29,19763.541015625,,,,,,
2013-07-30,19742.353515625,,,,,,
2013-07-31,19699.994140625,,,,,,
2013-08-01,19043.32421875,,,,,,
2013-08-02,18937.408203125,,,,,,
2013-08-05,18958.59375,,,,,,
2013-08-06,19297.525390625,,,,,,
2013-08-07,19488.16796875,,,,,,
2013-08-08,19297.525390625,,,,,,
2013-08-09,19445.796875,,,,,,
2013-08-12,19530.52734375,,,,,,
2013-08-13,19339.884765625,,,,,,
2013-08-14,19636.443359375,,,,,,
2013-08-15,20504.939453125,,,,,,
2013-08-16,20632.03125,,,,,,
2013-08-19,21055.69140625,,,,,,
2013-08-20,20767.607421875,,,,,,
2013-08-21,21127.7109375,,,,,,
2013-08-22,20585.4375,,,,,,
2013-08-23,20356.658203125,,,,,,
2013-08-26,20589.669921875,,,,,,
2013-08-27,21589.49609375,,,,,,
2013-08-28,21369.1953125,,,,,,
2013-08-29,21242.103515625,,,,,,
2013-08-30,21458.166015625,,,,,,
2013-09-03,21170.078125,,,,,,
2013-09-04,20627.794921875,,,,,,
2013-09-05,20598.14453125,,,,,,
2013-09-06,20547.3046875,,,,,,
2013-09-09,19907.58203125,,,,,,
2013-09-10,19488.16796875,,,,,,
2013-09-11,19289.046875,,,,,,
2013-09-12,19420.376953125,,,,,,
2013-09-13,19310.228515625,,,,,,
2013-09-16,18962.828125,,,,,,
2013-09-17,18717.109375,,,,,,
2013-09-18,18047.736328125,,,,,,
2013-09-19,18128.23046875,,,,,,
2013-09-20,18556.126953125,,,,,,
2013-09-23,18763.712890625,,,,,,
2013-09-24,18890.80859375,,,,,,
2013-09-25,19051.798828125,,,,,,
2013-09-26,18865.388671875,,,,,,
2013-09-27,19085.689453125,,,,,,
2013-09-30,19390.7265625,,,,,,
2013-10-01,18937.408203125,,,,,,
2013-10-02,19013.671875,,,,,,
2013-10-03,19526.294921875,,,,,,
2013-10-04,19094.166015625,,,,,,
2013-10-07,19568.66015625,,,,,,
2013-10-08,20280.3984375,,,,,,
2013-10-09,20225.330078125,,,,,,
2013-10-10,18895.046875,,,,,,
2013-10-11,18539.17578125,,,,,,
2013-10-14,18310.400390625,,,,,,
2013-10-15,18704.40234375,,,,,,
2013-10-16,17937.58203125,,,,,,
2013-10-17,17560.53125,,,,,,
2013-10-18,17221.603515625,,,,,,
2013-10-21,17213.1328125,,,,,,
2013-10-22,16899.62890625,,,,,,
2013-10-23,17115.689453125,,,,,,
2013-10-24,16958.9375,,,,,,
2013-10-25,16751.345703125,,,,,,
2013-10-28,16662.380859375,,,,,,
2013-10-29,16395.4765625,,,,,,
2013-10-30,16611.541015625,,,,,,
2013-10-31,16802.185546875,,,,,,
2013-11-01,16675.08984375,,,,,,
2013-11-04,16484.447265625,,,,,,
2013-11-05,16632.7265625,,,,,,
2013-11-06,16378.529296875,,,,,,
2013-11-07,16992.83203125,,,,,,
2013-11-08,16310.7451171875,,,,,,
2013-11-11,16306.509765625,,,,,,
2013-11-12,16395.4765625,,,,,,
2013-11-13,16001.4775390625,,,,,,
2013-11-14,15755.7587890625,,,,,,
2013-11-15,15543.931640625,,,,,,
2013-11-18,15717.62890625,,,,,,
2013-11-19,15819.302734375,,,,,,
2013-11-20,15954.876953125,,,,,,
2013-11-21,15569.3515625,,,,,,
2013-11-22,15340.576171875,,,,,,
2013-11-25,15365.994140625,,,,,,
2013-11-26,15378.7060546875,,,,,,
2013-11-27,15251.6083984375,,,,,,
2013-11-29,15306.6826171875,,,,,,
2013-12-02,15399.884765625,,,,,,
2013-12-03,15577.822265625,,,,,,
2013-12-04,15620.1865234375,,,,,,
2013-12-05,15793.8837890625,,,,,,
2013-12-06,15285.4990234375,,,,,,
2013-12-09,15166.876953125,,,,,,
2013-12-10,15306.6826171875,,,,,,
2013-12-11,15832.015625,,,,,,
2013-12-12,15984.53125,,,,,,
2013-12-13,15997.2421875,,,,,,
2013-12-16,15692.2099609375,,,,,,
2013-12-17,15857.4306640625,,,,,,
2013-12-18,15031.30859375,,,,,,
2013-12-19,15065.2001953125,,,,,,
2013-12-20,14823.7158203125,,,,,,
2013-12-23,14577.9912109375,,,,,,
2013-12-24,14472.0810546875,,,,,,
2013-12-26,14260.251953125,,,,,,
2013-12-27,14256.0166015625,,,,,,
2013-12-30,14268.724609375,,,,,,
2013-12-31,14073.8427734375,,,,,,
2014-01-02,14459.3720703125,,,,,,
2014-01-03,14476.3154296875,,,,,,
2014-01-06,14594.94140625,,,,,,
2014-01-07,14332.275390625,,,,,,
2014-01-08,14323.802734375,,,,,,
2014-01-09,14285.673828125,,,,,,
2014-01-10,14183.994140625,,,,,,
2014-01-13,14734.75,,,,,,
2014-01-14,14251.779296875,,,,,,
2014-01-15,14018.7685546875,,,,,,
2014-01-16,14073.8427734375,,,,,,
2014-01-17,14256.0166015625,,,,,,
2014-01-21,14137.392578125,,,,,,
2014-01-22,14095.0263671875,,,,,,
2014-01-23,14442.4248046875,,,,,,
2014-01-24,15382.9384765625,,,,,,
2014-01-27,15599.001953125,,,,,,
2014-01-28,15310.9169921875,,,,,,
2014-01-29,15776.939453125,,,,,,
2014-01-30,15234.6611328125,,,,,,
2014-01-31,15539.69140625,,,,,,
2014-02-03,16556.46484375,,,,,,
2014-02-04,16221.7744140625,,,,,,
2014-02-05,16298.0341796875,,,,,,
2014-02-06,15658.3173828125,,,,,,
2014-02-07,15035.541015625,,,,,,
2014-02-10,14963.51953125,,,,,,
2014-02-11,14467.8466796875,,,,,,
2014-02-12,14425.4794921875,,,,,,
2014-02-13,14226.359375,,,,,,
2014-02-14,14001.8232421875,,,,,,
2014-02-18,13929.80078125,,,,,,
2014-02-19,14205.177734375,,,,,,
2014-02-20,13959.45703125,,,,,,
2014-02-21,13993.349609375,,,,,,
2014-02-24,13811.1767578125,,,,,,
2014-02-25,13789.9931640625,,,,,,
2014-02-26,13777.283203125,,,,,,
2014-02-27,13578.16796875,,,,,,
2014-02-28,13476.4921875,,,,,,
2014-03-03,13739.1552734375,,,,,,
2014-03-04,13124.8544921875,,,,,,
2014-03-05,13133.3291015625,,,,,,
2014-03-06,13018.9384765625,,,,,,
2014-03-07,13006.2314453125,,,,,,
2014-03-10,13014.7041015625,,,,,,
2014-03-11,13218.0595703125,,,,,,
2014-03-12,13213.8232421875,,,,,,
2014-03-13,13641.712890625,,,,,,
2014-03-14,13764.5732421875,,,,,,
2014-03-17,13404.4697265625,,,,,,
2014-03-18,13086.7275390625,,,,,,
2014-03-19,13311.26171875,,,,,,
2014-03-20,13078.2548828125,,,,,,
2014-03-21,13222.2958984375,,,,,,
2014-03-24,13387.521484375,,,,,,
2014-03-25,13188.40234375,,,,,,
2014-03-26,13480.7255859375,,,,,,
2014-03-27,13552.7470703125,,,,,,
2014-03-28,13366.3388671875,,,,,,
2014-03-31,13040.123046875,,,,,,
2014-04-01,12777.458984375,,,,,,
2014-04-02,12654.5947265625,,,,,,
2014-04-03,12705.4365234375,,,,,,
2014-04-04,13133.3291015625,,,,,,
2014-04-07,13578.16796875,,,,,,
2014-04-08,13412.9404296875,,,,,,
2014-04-09,12968.1025390625,,,,,,
2014-04-10,13802.705078125,,,,,,
2014-04-11,14167.048828125,,,,,,
2014-04-14,13828.1220703125,,,,,,
2014-04-15,13535.8017578125,,,,,,
2014-04-16,13112.146484375,,,,,,
2014-04-17,13061.30859375,,,,,,
2014-04-21,12913.02734375,,,,,,
2014-04-22,12747.798828125,,,,,,
2014-04-23,12836.7685546875,,,,,,
2014-04-24,12756.2734375,,,,,,
2014-04-25,13057.0712890625,,,,,,
2014-04-28,12934.2080078125,,,,,,
2014-04-29,12760.5107421875,,,,,,
2014-04-30,12633.416015625,,,,,,
2014-05-01,12641.888671875,,,,,,
2014-05-02,12684.2529296875,,,,,,
2014-05-05,12612.2294921875,,,,,,
2014-05-06,12929.97265625,,,,,,
2014-05-07,12713.9091796875,,,,,,
2014-05-08,12752.0361328125,,,,,,
2014-05-09,12688.490234375,,,,,,
2014-05-12,12328.3837890625,,,,,,
2014-05-13,12298.7255859375,,,,,,
2014-05-14,12459.7158203125,,,,,,
2014-05-15,12794.4033203125,,,,,,
2014-05-16,12646.126953125,,,,,,
2014-05-19,12506.318359375,,,,,,
2014-05-20,12752.0361328125,,,,,,
2014-05-21,12438.53125,,,,,,
2014-05-22,12341.0927734375,,,,,,
2014-05-23,12192.814453125,,,,,,
2014-05-27,11959.8017578125,,,,,,
2014-05-28,11985.2197265625,,,,,,
2014-05-29,11807.28515625,,,,,,
2014-05-30,11760.6826171875,,,,,,
2014-06-02,11701.3720703125,,,,,,
2014-06-03,11714.080078125,,,,,,
2014-06-04,11642.05859375,,,,,,
2014-06-05,11417.5224609375,,,,,,
2014-06-06,11248.060546875,,,,,,
2014-06-09,11209.9296875,,,,,,
2014-06-10,11214.166015625,,,,,,
2014-06-11,11315.8466796875,,,,,,
2014-06-12,11561.564453125,,,,,,
2014-06-13,11459.8876953125,,,,,,
2014-06-16,11425.9951171875,,,,,,
2014-06-17,11341.2646484375,,,,,,
2014-06-18,11078.5966796875,,,,,,
2014-06-19,11044.705078125,,,,,,
2014-06-20,10968.4462890625,,,,,,
2014-06-23,10985.39453125,,,,,,
2014-06-24,11180.2763671875,,,,,,
2014-06-25,11044.705078125,,,,,,
2014-06-26,11044.705078125,,,,,,
2014-06-27,10981.1572265625,,,,,,
2014-06-30,10998.1044921875,,,,,,
2014-07-01,10773.56640625,,,,,,
2014-07-02,10748.146484375,,,,,,
2014-07-03,10582.9189453125,,,,,,
2014-07-07,10697.3056640625,,,,,,
2014-07-08,10892.189453125,,,,,,
2014-07-09,10752.3837890625,,,,,,
2014-07-10,10892.189453125,,,,,,
2014-07-11,10832.876953125,,,,,,
2014-07-14,10671.8876953125,,,,,,
2014-07-15,10731.2001953125,,,,,,
2014-07-16,10608.3369140625,,,,,,
2014-07-17,10968.4462890625,,,,,,
2014-07-18,10637.99609375,,,,,,
2014-07-21,10697.3056640625,,,,,,
2014-07-22,10557.5,,,,,,
2014-07-23,10477.0078125,,,,,,
2014-07-24,10485.48046875,,,,,,
2014-07-25,10616.814453125,,,,,,
2014-07-28,10625.2861328125,,,,,,
2014-07-29,10748.146484375,,,,,,
2014-07-30,10735.435546875,,,,,,
2014-07-31,11383.6298828125,,,,,,
2014-08-01,11489.54296875,,,,,,
2014-08-04,11231.1142578125,,,,,,
2014-08-05,11570.0390625,,,,,,
2014-08-06,11557.3310546875,,,,,,
2014-08-07,11743.740234375,,,,,,
2014-08-08,11332.7919921875,,,,,,
2014-08-11,11235.3515625,,,,,,
2014-08-12,11277.7158203125,,,,,,
2014-08-13,11036.232421875,,,,,,
2014-08-14,10896.4267578125,,,,,,
2014-08-15,10887.9541015625,,,,,,
2014-08-18,10625.2861328125,,,,,,
2014-08-19,10455.822265625,,,,,,
2014-08-20,10371.0908203125,,,,,,
2014-08-21,10277.888671875,,,,,,
2014-08-22,10328.7275390625,,,,,,
2014-08-25,10167.73828125,,,,,,
2014-08-26,10142.3193359375,,,,,,
2014-08-27,10159.2646484375,,,,,,
2014-08-28,10167.73828125,,,,,,
2014-08-29,10074.53515625,,,,,,
2014-09-02,10099.9521484375,,,,,,
2014-09-03,10116.900390625,,,,,,
2014-09-04,10150.7939453125,,,,,,
2014-09-05,10023.6953125,,,,,,
2014-09-08,10087.2451171875,,,,,,
2014-09-09,10282.1259765625,,,,,,
2014-09-10,10167.73828125,,,,,,
2014-09-11,10138.0830078125,,,,,,
2014-09-12,10303.3076171875,,,,,,
2014-09-15,10337.2001953125,,,,,,
2014-09-16,10095.7158203125,,,,,,
2014-09-17,10057.5859375,,,,,,
2014-09-18,9896.5966796875,,,,,,
2014-09-19,9913.5458984375,,,,,,
2014-09-22,10150.7939453125,,,,,,
2014-09-23,10328.7275390625,,,,,,
2014-09-24,10078.767578125,,,,,,
2014-09-25,10561.73828125,,,,,,
2014-09-26,10307.5439453125,,,,,,
2014-09-29,10375.330078125,,,,,,
2014-09-30,10455.822265625,,,,,,
2014-10-01,10879.4775390625,,,,,,
2014-10-02,10866.7705078125,,,,,,
2014-10-03,10510.8974609375,,,,,,
2014-10-06,10553.2646484375,,,,,,
2014-10-07,11036.232421875,,,,,,
2014-10-08,10451.587890625,,,,,,
2014-10-09,11078.5966796875,,,,,,
2014-10-10,11459.8876953125,,,,,,
2014-10-13,12010.6416015625,,,,,,
2014-10-14,11921.671875,,,,,,
2014-10-15,12226.7060546875,,,,,,
2014-10-16,12235.1787109375,,,,,,
2014-10-17,11777.62890625,,,,,,
2014-10-20,11442.94140625,,,,,,
2014-10-21,10769.330078125,,,,,,
2014-10-22,10989.6298828125,,,,,,
2014-10-23,10612.57421875,,,,,,
2014-10-24,10383.8037109375,,,,,,
2014-10-27,10417.6962890625,,,,,,
2014-10-28,10053.3515625,,,,,,
2014-10-29,10087.2451171875,,,,,,
2014-10-30,9888.1259765625,,,,,,
2014-10-31,9566.1455078125,,,,,,
2014-11-03,9553.4365234375,,,,,,
2014-11-04,9638.1689453125,,,,,,
2014-11-05,9451.7568359375,,,,,,
2014-11-06,9350.0810546875,,,,,,
2014-11-07,9311.951171875,,,,,,
2014-11-10,9244.1689453125,,,,,,
2014-11-11,9197.5654296875,,,,,,
2014-11-12,9222.9853515625,,,,,,
2014-11-13,9193.330078125,,,,,,
2014-11-14,9180.619140625,,,,,,
2014-11-17,9167.91015625,,,,,,
2014-11-18,9011.158203125,,,,,,
2014-11-19,9053.5205078125,,,,,,
2014-11-20,9006.9228515625,,,,,,
2014-11-21,8867.11328125,,,,,,
2014-11-24,8782.3837890625,,,,,,
2014-11-25,8795.0947265625,,,,,,
2014-11-26,8731.5439453125,,,,,,
2014-11-28,8786.619140625,,,,,,
2014-12-01,8973.029296875,,,,,,
2014-12-02,8795.0947265625,,,,,,
2014-12-03,8697.6513671875,,,,,,
2014-12-04,8718.83203125,,,,,,
2014-12-05,8672.2333984375,,,,,,
2014-12-08,8850.1689453125,,,,,,
2014-12-09,8867.11328125,,,,,,
2014-12-10,9299.244140625,,,,,,
2014-12-11,9155.2001953125,,,,,,
2014-12-12,9595.802734375,,,,,,
2014-12-15,9799.15234375,,,,,,
2014-12-16,10023.6953125,,,,,,
2014-12-17,9430.57421875,,,,,,
2014-12-18,8735.78125,,,,,,
2014-12-19,8629.8671875,,,,,,
2014-12-22,8511.244140625,,,,,,
2014-12-23,8460.4072265625,,,,,,
2014-12-24,8456.1669921875,,,,,,
2014-12-26,8384.1494140625,,,,,,
2014-12-29,8346.0185546875,,,,,,
2014-12-30,8477.3515625,,,,,,
2014-12-31,8727.3115234375,,,,,,
2015-01-02,8756.96484375,,,,,,
2015-01-05,9227.22265625,,,,,,
2015-01-06,9472.9423828125,,,,,,
2015-01-07,9129.7822265625,,,,,,
2015-01-08,8634.103515625,,,,,,
2015-01-09,8850.1689453125,,,,,,
2015-01-12,9066.232421875,,,,,,
2015-01-13,9125.5458984375,,,,,,
2015-01-14,9290.771484375,,,,,,
2015-01-15,9557.67578125,,,,,,
2015-01-16,9176.3828125,,,,,,
2015-01-20,9117.0712890625,,,,,,
2015-01-21,8964.556640625,,,,,,
2015-01-22,8566.3193359375,,,,,,
2015-01-23,8723.0732421875,,,,,,
2015-01-26,8659.525390625,,,,,,
2015-01-27,8994.2119140625,,,,,,
2015-01-28,9354.3173828125,,,,,,
2015-01-29,9087.4150390625,,,,,,
2015-01-30,9434.8134765625,,,,,,
2015-02-02,9078.9423828125,,,,,,
2015-02-03,8676.4697265625,,,,,,
2015-02-04,8778.146484375,,,,,,
2015-02-05,8502.7705078125,,,,,,
2015-02-06,8583.2666015625,,,,,,
2015-02-09,8701.890625,,,,,,
2015-02-10,8418.0390625,,,,,,
2015-02-11,8396.85546875,,,,,,
2015-02-12,8168.0830078125,,,,,,
2015-02-13,8049.4609375,,,,,,
2015-02-17,8015.56787109375,,,,,,
2015-02-18,8007.09228515625,,,,,,
2015-02-19,8024.03857421875,,,,,,
2015-02-20,7884.2333984375,,,,,,
2015-02-23,7896.94189453125,,,,,,
2015-02-24,7812.2138671875,,,,,,
2015-02-25,7833.39501953125,,,,,,
2015-02-26,7858.814453125,,,,,,
2015-02-27,7935.07080078125,,,,,,
2015-03-02,7791.0283203125,,,,,,
2015-03-03,7892.70654296875,,,,,,
2015-03-04,7990.14794921875,,,,,,
2015-03-05,7964.7275390625,,,,,,
2015-03-06,8290.9453125,,,,,,
2015-03-09,8185.02783203125,,,,,,
2015-03-10,8600.2109375,,,,,,
2015-03-11,8655.2880859375,,,,,,
2015-03-12,8320.595703125,,,,,,
2015-03-13,8464.640625,,,,,,
2015-03-16,8125.71875,,,,,,
2015-03-17,8201.974609375,,,,,,
2015-03-18,7901.1796875,,,,,,
2015-03-19,8007.09228515625,,,,,,
2015-03-20,7803.7392578125,,,,,,
2015-03-23,7837.62890625,,,,,,
2015-03-24,7977.4384765625,,,,,,
2015-03-25,8329.072265625,,,,,,
2015-03-26,8388.3837890625,,,,,,
2015-03-27,8337.544921875,,,,,,
2015-03-30,8015.56787109375,,,,,,
2015-03-31,8231.630859375,,,,,,
2015-04-01,8303.65234375,,,,,,
2015-04-02,8235.8681640625,,,,,,
2015-04-06,8057.93115234375,,,,,,
2015-04-07,8129.953125,,,,,,
2015-04-08,8040.98583984375,,,,,,
2015-04-09,7939.3076171875,,,,,,
2015-04-10,7812.2138671875,,,,,,
2015-04-13,7905.416015625,,,,,,
2015-04-14,7867.287109375,,,,,,
2015-04-15,7752.89990234375,,,,,,
2015-04-16,7769.845703125,,,,,,
2015-04-17,8032.51123046875,,,,,,
2015-04-20,7807.97607421875,,,,,,
2015-04-21,7833.39501953125,,,,,,
2015-04-22,7723.24365234375,,,,,,
2015-04-23,7663.9326171875,,,,,,
2015-04-24,7608.85693359375,,,,,,
2015-04-27,7706.29833984375,,,,,,
2015-04-28,7630.04052734375,,,,,,
2015-04-29,7727.4814453125,,,,,,
2015-04-30,7960.4931640625,,,,,,
2015-05-01,7706.29833984375,,,,,,
2015-05-04,7625.80419921875,,,,,,
2015-05-05,7888.4697265625,,,,,,
2015-05-06,7990.14794921875,,,,,,
2015-05-07,7884.2333984375,,,,,,
2015-05-08,7579.20166015625,,,,,,
2015-05-11,7693.5869140625,,,,,,
2015-05-12,7757.1357421875,,,,,,
2015-05-13,7752.89990234375,,,,,,
2015-05-14,7511.4169921875,,,,,,
2015-05-15,7481.759765625,,,,,,
2015-05-18,7418.212890625,,,,,,
2015-05-19,7422.447265625,,,,,,
2015-05-20,7439.3955078125,,,,,,
2015-05-21,7375.84716796875,,,,,,
2015-05-22,7426.68359375,,,,,,
2015-05-26,7655.45849609375,,,,,,
2015-05-27,7439.3955078125,,,,,,
2015-05-28,7469.05029296875,,,,,,
2015-05-29,7600.38427734375,,,,,,
2015-06-01,7558.0185546875,,,,,,
2015-06-02,7574.96533203125,,,,,,
2015-06-03,7519.88818359375,,,,,,
2015-06-04,7702.0625,,,,,,
2015-06-05,7744.42724609375,,,,,,
2015-06-08,7892.70654296875,,,,,,
2015-06-09,7888.4697265625,,,,,,
2015-06-10,7608.85693359375,,,,,,
2015-06-11,7549.5458984375,,,,,,
2015-06-12,7706.29833984375,,,,,,
2015-06-15,7807.97607421875,,,,,,
2015-06-16,7676.6455078125,,,,,,
2015-06-17,7642.74951171875,,,,,,
2015-06-18,7418.212890625,,,,,,
2015-06-19,7541.0703125,,,,,,
2015-06-22,7384.31884765625,,,,,,
2015-06-23,7363.1376953125,,,,,,
2015-06-24,7524.125,,,,,,
2015-06-25,7596.1484375,,,,,,
2015-06-26,7596.1484375,,,,,,
2015-06-29,8079.115234375,,,,,,
2015-06-30,8015.56787109375,,,,,,
2015-07-01,7829.15869140625,,,,,,
2015-07-02,7858.814453125,,,,,,
2015-07-06,7926.59912109375,,,,,,
2015-07-07,7769.845703125,,,,,,
2015-07-08,8159.61083984375,,,,,,
2015-07-09,8117.2451171875,,,,,,
2015-07-10,7812.2138671875,,,,,,
2015-07-13,7553.78125,,,,,,
2015-07-14,7456.34033203125,,,,,,
2015-07-15,7464.814453125,,,,,,
2015-07-16,7286.87890625,,,,,,
2015-07-17,7269.93212890625,,,,,,
2015-07-20,7248.75048828125,,,,,,
2015-07-21,7333.48095703125,,,,,,
2015-07-22,7380.0830078125,,,,,,
2015-07-23,7494.4697265625,,,,,,
2015-07-24,7727.4814453125,,,,,,
2015-07-27,7875.76171875,,,,,,
2015-07-28,7587.673828125,,,,,,
2015-07-29,7426.68359375,,,,,,
2015-07-30,7422.447265625,,,,,,
2015-07-31,7447.86767578125,,,,,,
2015-08-03,7524.125,,,,,,
2015-08-04,7570.72900390625,,,,,,
2015-08-05,7485.9970703125,,,,,,
2015-08-06,7655.45849609375,,,,,,
2015-08-07,7723.24365234375,,,,,,
2015-08-10,7426.68359375,,,,,,
2015-08-11,7625.80419921875,,,,,,
2015-08-12,7596.1484375,,,,,,
2015-08-13,7625.80419921875,,,,,,
2015-08-14,7541.0703125,,,,,,
2015-08-17,7422.447265625,,,,,,
2015-08-18,7481.759765625,,,,,,
2015-08-19,7655.45849609375,,,,,,
2015-08-20,8138.42431640625,,,,,,
2015-08-21,8896.7705078125,,,,,,
2015-08-24,10010.986328125,,,,,,
2015-08-25,10354.146484375,,,,,,
2015-08-26,9129.7822265625,,,,,,
2015-08-27,8477.3515625,,,,,,
2015-08-28,8464.640625,,,,,,
2015-08-31,8680.7060546875,,,,,,
2015-09-01,9472.9423828125,,,,,,
2015-09-02,8926.427734375,,,,,,
2015-09-03,8909.4794921875,,,,,,
2015-09-04,9307.7158203125,,,,,,
2015-09-08,8591.740234375,,,,,,
2015-09-09,8956.08203125,,,,,,
2015-09-10,8786.619140625,,,,,,
2015-09-11,8672.2333984375,,,,,,
2015-09-14,8778.146484375,,,,,,
2015-09-15,8447.6962890625,,,,,,
2015-09-16,8227.3955078125,,,,,,
2015-09-17,8278.232421875,,,,,,
2015-09-18,8684.9423828125,,,,,,
2015-09-21,8540.900390625,,,,,,
2015-09-22,8875.5869140625,,,,,,
2015-09-23,8922.1904296875,,,,,,
2015-09-24,9002.685546875,,,,,,
2015-09-25,9019.6318359375,,,,,,
2015-09-28,9705.9541015625,,,,,,
2015-09-29,9701.716796875,,,,,,
2015-09-30,9142.4921875,,,,,,
2015-10-01,9061.998046875,,,,,,
2015-10-02,8676.4697265625,,,,,,
2015-10-05,8201.974609375,,,,,,
2015-10-06,8278.232421875,,,,,,
2015-10-07,8070.64111328125,,,,,,
2015-10-08,7858.814453125,,,,,,
2015-10-09,7833.39501953125,,,,,,
2015-10-12,7812.2138671875,,,,,,
2015-10-13,7973.20068359375,,,,,,
2015-10-14,8083.35205078125,,,,,,
2015-10-15,7710.53466796875,,,,,,
2015-10-16,7621.56689453125,,,,,,
2015-10-19,7600.38427734375,,,,,,
2015-10-20,7617.33056640625,,,,,,
2015-10-21,7761.37353515625,,,,,,
2015-10-22,7371.609375,,,,,,
2015-10-23,7113.1796875,,,,,,
2015-10-26,7176.7275390625,,,,,,
2015-10-27,7210.62109375,,,,,,
2015-10-28,6964.900390625,,,,,,
2015-10-29,6969.13623046875,,,,,,
2015-10-30,7075.05029296875,,,,,,
2015-11-02,6825.09375,,,,,,
2015-11-03,6761.54638671875,,,,,,
2015-11-04,6816.62060546875,,,,,,
2015-11-05,6842.04052734375,,,,,,
2015-11-06,6846.27685546875,,,,,,
2015-11-09,7036.92138671875,,,,,,
2015-11-10,6994.556640625,,,,,,
2015-11-11,7075.05029296875,,,,,,
2015-11-12,7363.1376953125,,,,,,
2015-11-13,7617.33056640625,,,,,,
2015-11-16,7265.6953125,,,,,,
2015-11-17,7291.1162109375,,,,,,
2015-11-18,6947.9541015625,,,,,,
2015-11-19,6956.42578125,,,,,,
2015-11-20,6875.93359375,,,,,,
2015-11-23,6905.58837890625,,,,,,
2015-11-24,6880.1689453125,,,,,,
2015-11-25,6871.6962890625,,,,,,
2015-11-27,6858.98681640625,,,,,,
2015-11-30,6935.24560546875,,,,,,
2015-12-01,6736.126953125,,,,,,
2015-12-02,6939.48046875,,,,,,
2015-12-03,7236.04052734375,,,,,,
2015-12-04,6803.91162109375,,,,,,
2015-12-07,6926.7705078125,,,,,,
2015-12-08,7066.578125,,,,,,
2015-12-09,7236.04052734375,,,,,,
2015-12-10,7176.7275390625,,,,,,
2015-12-11,7604.6220703125,,,,,,
2015-12-14,7469.05029296875,,,,,,
2015-12-15,7244.5126953125,,,,,,
2015-12-16,6926.7705078125,,,,,,
2015-12-17,7236.04052734375,,,,,,
2015-12-18,7625.80419921875,,,,,,
2015-12-21,7439.3955078125,,,,,,
2015-12-22,7231.8046875,,,,,,
2015-12-23,6969.13623046875,,,,,,
2015-12-24,7007.26513671875,,,,,,
2015-12-28,7045.39501953125,,,,,,
2015-12-29,6820.8564453125,,,,,,
2015-12-30,6960.66357421875,,,,,,
2015-12-31,7168.25439453125,,,,,,
2016-01-04,7473.28515625,,,,,,
2016-01-05,7426.68359375,,,,,,
2016-01-06,7723.24365234375,,,,,,
2016-01-07,8278.232421875,,,,,,
2016-01-08,8545.1357421875,,,,,,
2016-01-11,8532.4267578125,,,,,,
2016-01-12,8312.1259765625,,,,,,
2016-01-13,8930.6630859375,,,,,,
2016-01-14,8498.5341796875,,,,,,
2016-01-15,9032.33984375,,,,,,
2016-01-19,9006.9228515625,,,,,,
2016-01-20,9333.134765625,,,,,,
2016-01-21,9193.330078125,,,,,,
2016-01-22,8634.103515625,,,,,,
2016-01-25,9015.3935546875,,,,,,
2016-01-26,8642.5771484375,,,,,,
2016-01-27,8930.6630859375,,,,,,
2016-01-28,8790.857421875,,,,,,
2016-01-29,8138.42431640625,,,,,,
2016-02-01,8151.13623046875,,,,,,
2016-02-02,8591.740234375,,,,,,
2016-02-03,8460.4072265625,,,,,,
2016-02-04,8405.3291015625,,,,,,
2016-02-05,8871.3515625,,,,,,
2016-02-08,9244.1689453125,,,,,,
2016-02-09,9239.93359375,,,,,,
2016-02-10,9256.87890625,,,,,,
2016-02-11,9600.0380859375,,,,,,
2016-02-12,9023.8681640625,,,,,,
2016-02-16,8574.791015625,,,,,,
2016-02-17,8159.61083984375,,,,,,
2016-02-18,8261.2880859375,,,,,,
2016-02-19,8257.0478515625,,,,,,
2016-02-22,7905.416015625,,,,,,
2016-02-23,8197.73828125,,,,,,
2016-02-24,8083.35205078125,,,,,,
2016-02-25,7803.7392578125,,,,,,
2016-02-26,7846.10498046875,,,,,,
2016-02-29,8053.6962890625,,,,,,
2016-03-01,7456.34033203125,,,,,,
2016-03-02,7363.1376953125,,,,,,
2016-03-03,7282.64306640625,,,,,,
2016-03-04,7214.85693359375,,,,,,
2016-03-07,7189.43798828125,,,,,,
2016-03-08,7426.68359375,,,,,,
2016-03-09,7303.8251953125,,,,,,
2016-03-10,7299.5888671875,,,,,,
2016-03-11,6939.48046875,,,,,,
2016-03-14,6960.66357421875,,,,,,
2016-03-15,6994.556640625,,,,,,
2016-03-16,6867.458984375,,,,,,
2016-03-17,6736.126953125,,,,,,
2016-03-18,6655.630859375,,,,,,
2016-03-21,6634.44873046875,,,,,,
2016-03-22,6638.68603515625,,,,,,
2016-03-23,6778.4921875,,,,,,
2016-03-24,6778.4921875,,,,,,
2016-03-28,6770.0185546875,,,,,,
2016-03-29,6587.84716796875,,,,,,
2016-03-30,6498.87890625,,,,,,
2016-03-31,6537.00830078125,,,,,,
2016-04-01,6409.91162109375,,,,,,
2016-04-04,6469.22412109375,,,,,,
2016-04-05,6664.10546875,,,,,,
2016-04-06,6443.802734375,,,,,,
2016-04-07,6672.57861328125,,,,,,
2016-04-08,6621.73876953125,,,,,,
2016-04-11,6664.10546875,,,,,,
2016-04-12,6486.16943359375,,,,,,
2016-04-13,6282.81494140625,,,,,,
2016-04-14,6282.81494140625,,,,,,
2016-04-15,6308.23291015625,,,,,,
2016-04-18,6176.90087890625,,,,,,
2016-04-19,6117.58935546875,,,,,,
2016-04-20,6104.88037109375,,,,,,
2016-04-21,6198.08349609375,,,,,,
2016-04-22,6198.08349609375,,,,,,
2016-04-25,6231.97607421875,,,,,,
2016-04-26,6193.8466796875,,,,,,
2016-04-27,6155.7177734375,,,,,,
2016-04-28,6320.9443359375,,,,,,
2016-04-29,6422.62109375,,,,,,
2016-05-02,6270.10498046875,,,,,,
2016-05-03,6435.33056640625,,,,,,
2016-05-04,6541.24560546875,,,,,,
2016-05-05,6545.48193359375,,,,,,
2016-05-06,6477.69677734375,,,,,,
2016-05-09,6456.513671875,,,,,,
2016-05-10,6223.50390625,,,,,,
2016-05-11,6397.20166015625,,,,,,
2016-05-12,6384.4921875,,,,,,
2016-05-13,6566.66455078125,,,,,,
2016-05-16,6367.54638671875,,,,,,
2016-05-17,6537.00830078125,,,,,,
2016-05-18,6528.53564453125,,,,,,
2016-05-19,6604.79345703125,,,,,,
2016-05-20,6486.16943359375,,,,,,
2016-05-23,6507.35205078125,,,,,,
2016-05-24,6257.39501953125,,,,,,
2016-05-25,6121.82470703125,,,,,,
2016-05-26,6117.58935546875,,,,,,
2016-05-27,6045.56787109375,,,,,,
2016-05-31,6062.513671875,,,,,,
2016-06-01,6037.09423828125,,,,,,
2016-06-02,5977.783203125,,,,,,
2016-06-03,6037.09423828125,,,,,,
2016-06-06,5939.65380859375,,,,,,
2016-06-07,5909.9970703125,,,,,,
2016-06-08,5854.9228515625,,,,,,
2016-06-09,5884.578125,,,,,,
2016-06-10,6041.3310546875,,,,,,
2016-06-13,6181.1376953125,,,,,,
2016-06-14,6219.265625,,,,,,
2016-06-15,6244.685546875,,,,,,
2016-06-16,6185.37353515625,,,,,,
2016-06-17,6248.9228515625,,,,,,
2016-06-20,6134.53466796875,,,,,,
2016-06-21,6096.4072265625,,,,,,
2016-06-22,6113.35302734375,,,,,,
2016-06-23,5871.8701171875,,,,,,
2016-06-24,6498.87890625,,,,,,
2016-06-27,6863.22314453125,,,,,,
2016-06-28,6490.4052734375,,,,,,
2016-06-29,6159.955078125,,,,,,
2016-06-30,5901.5244140625,,,,,,
2016-07-01,5871.8701171875,,,,,,
2016-07-05,5994.72802734375,,,,,,
2016-07-06,5884.578125,,,,,,
2016-07-07,5897.2890625,,,,,,
2016-07-08,5634.62158203125,,,,,,
2016-07-11,5575.30908203125,,,,,,
2016-07-12,5456.6865234375,,,,,,
2016-07-13,5452.4501953125,,,,,,
2016-07-14,5363.48193359375,,,,,,
2016-07-15,5384.6650390625,,,,,,
2016-07-18,5333.826171875,,,,,,
2016-07-19,5355.0078125,,,,,,
2016-07-20,5295.69677734375,,,,,,
2016-07-21,5346.5341796875,,,,,,
2016-07-22,5278.75,,,,,,
2016-07-25,5321.11669921875,,,,,,
2016-07-26,5312.64306640625,,,,,,
2016-07-27,5321.11669921875,,,,,,
2016-07-28,5312.64306640625,,,,,,
2016-07-29,5278.75,,,,,,
2016-08-01,5299.93359375,,,,,,
2016-08-02,5393.1376953125,,,,,,
2016-08-03,5346.5341796875,,,,,,
2016-08-04,5329.58935546875,,,,,,
2016-08-05,5202.49365234375,,,,,,
2016-08-08,5210.96630859375,,,,,,
2016-08-09,5202.49365234375,,,,,,
2016-08-10,5244.85888671875,,,,,,
2016-08-11,5164.36376953125,,,,,,
2016-08-12,5185.54541015625,,,,,,
2016-08-15,5130.47216796875,,,,,,
2016-08-16,5215.203125,,,,,,
2016-08-17,5189.78173828125,,,,,,
2016-08-18,5147.41748046875,,,,,,
2016-08-19,5172.8359375,,,,,,
2016-08-22,5172.8359375,,,,,,
2016-08-23,5143.181640625,,,,,,
2016-08-24,5215.203125,,,,,,
2016-08-25,5232.1484375,,,,,,
2016-08-26,5261.80419921875,,,,,,
2016-08-29,5185.54541015625,,,,,,
2016-08-30,5210.96630859375,,,,,,
2016-08-31,5257.56787109375,,,,,,
2016-09-01,5249.0947265625,,,,,,
2016-09-02,5177.0732421875,,,,,,
2016-09-06,5134.70849609375,,,,,,
2016-09-07,5130.47216796875,,,,,,
2016-09-08,5168.60009765625,,,,,,
2016-09-09,5537.1796875,,,,,,
2016-09-12,5299.93359375,,,,,,
2016-09-13,5537.1796875,,,,,,
2016-09-14,5532.94384765625,,,,,,
2016-09-15,5376.19189453125,,,,,,
2016-09-16,5431.267578125,,,,,,
2016-09-19,5435.50341796875,,,,,,
2016-09-20,5427.029296875,,,,,,
2016-09-21,5249.0947265625,,,,,,
2016-09-22,5147.41748046875,,,,,,
2016-09-23,5232.1484375,,,,,,
2016-09-26,5355.0078125,,,,,,
2016-09-27,5257.56787109375,,,,,,
2016-09-28,5172.8359375,,,,,,
2016-09-29,5316.87890625,,,,,,
2016-09-30,5202.49365234375,,,,,,
2016-10-03,5240.62109375,,,,,,
2016-10-04,5316.87890625,,,,,,
2016-10-05,5249.0947265625,,,,,,
2016-10-06,5227.9111328125,,,,,,
2016-10-07,5291.45947265625,,,,,,
2016-10-10,5206.728515625,,,,,,
2016-10-11,5397.3740234375,,,,,,
2016-10-12,5384.6650390625,,,,,,
2016-10-13,5431.267578125,,,,,,
2016-10-14,5427.029296875,,,,,,
2016-10-17,5486.34130859375,,,,,,
2016-10-18,5388.90185546875,,,,,,
2016-10-19,5342.298828125,,,,,,
2016-10-20,5367.7177734375,,,,,,
2016-10-21,5359.2451171875,,,,,,
2016-10-24,5299.93359375,,,,,,
2016-10-25,5342.298828125,,,,,,
2016-10-26,5367.7177734375,,,,,,
2016-10-27,5422.79345703125,,,,,,
2016-10-28,5465.15966796875,,,,,,
2016-10-31,5477.86865234375,,,,,,
2016-11-01,5583.78369140625,,,,,,
2016-11-02,5689.69775390625,,,,,,
2016-11-03,5757.48193359375,,,,,,
2016-11-04,5791.37451171875,,,,,,
2016-11-07,5410.08447265625,,,,,,
2016-11-08,5338.06298828125,,,,,,
2016-11-09,5160.12744140625,,,,,,
2016-11-10,5126.23486328125,,,,,,
2016-11-11,5155.89013671875,,,,,,
2016-11-14,5151.65380859375,,,,,,
2016-11-15,5033.029296875,,,,,,
2016-11-16,5054.21240234375,,,,,,
2016-11-17,4977.955078125,,,,,,
2016-11-18,5003.375,,,,,,
2016-11-21,4897.4609375,,,,,,
2016-11-22,4872.0419921875,,,,,,
2016-11-23,4850.8583984375,,,,,,
2016-11-25,4804.25634765625,,,,,,
2016-11-28,4863.56787109375,,,,,,
2016-11-29,4846.62255859375,,,,,,
2016-11-30,4884.75146484375,,,,,,
2016-12-01,4931.353515625,,,,,,
2016-12-02,4931.353515625,,,,,,
2016-12-05,4842.384765625,,,,,,
2016-12-06,4795.78369140625,,,,,,
2016-12-07,4609.37451171875,,,,,,
2016-12-08,4571.24609375,,,,,,
2016-12-09,4482.2783203125,,,,,,
2016-12-12,4499.22412109375,,,,,,
2016-12-13,4410.255859375,,,,,,
2016-12-14,4511.93408203125,,,,,,
2016-12-15,4461.09521484375,,,,,,
2016-12-16,4486.5146484375,,,,,,
2016-12-19,4456.85693359375,,,,,,
2016-12-20,4406.0185546875,,,,,,
2016-12-21,4444.14892578125,,,,,,
2016-12-22,4461.09521484375,,,,,,
2016-12-23,4452.62158203125,,,,,,
2016-12-27,4418.72900390625,,,,,,
2016-12-28,4520.40576171875,,,,,,
2016-12-29,4528.87890625,,,,,,
2016-12-30,4575.48193359375,,,,,,
2017-01-03,4469.5693359375,,,,,,
2017-01-04,4397.54736328125,,,,,,
2017-01-05,4401.7841796875,,,,,,
2017-01-06,4355.18212890625,,,,,,
2017-01-09,4393.3095703125,,,,,,
2017-01-10,4406.0185546875,,,,,,
2017-01-11,4363.65576171875,,,,,,
2017-01-12,4397.54736328125,,,,,,
2017-01-13,4372.1259765625,,,,,,
2017-01-17,4414.49365234375,,,,,,
2017-01-18,4384.8359375,,,,,,
2017-01-19,4427.203125,,,,,,
2017-01-20,4389.0732421875,,,,,,
2017-01-23,4418.72900390625,,,,,,
2017-01-24,4329.7626953125,,,,,,
2017-01-25,4232.3203125,,,,,,
2017-01-26,4232.3203125,,,,,,
2017-01-27,4253.50390625,,,,,,
2017-01-30,4325.5244140625,,,,,,
2017-01-31,4338.23486328125,,,,,,
2017-02-01,4333.9970703125,,,,,,
2017-02-02,4317.0517578125,,,,,,
2017-02-03,4236.55810546875,,,,,,
2017-02-06,4257.74072265625,,,,,,
2017-02-07,4257.74072265625,,,,,,
2017-02-08,4236.55810546875,,,,,,
2017-02-09,4168.7724609375,,,,,,
2017-02-10,4117.93408203125,,,,,,
2017-02-13,4050.149658203125,,,,,,
2017-02-14,3999.310546875,,,,,,
2017-02-15,3939.998046875,,,,,,
2017-02-16,3944.23486328125,,,,,,
2017-02-17,3935.76220703125,,,,,,
2017-02-21,3859.503173828125,,,,,,
2017-02-22,3872.213623046875,,,,,,
2017-02-23,3863.74072265625,,,,,,
2017-02-24,3846.79345703125,,,,,,
2017-02-27,3829.847900390625,,,,,,
2017-02-28,3855.267333984375,,,,,,
2017-03-01,3698.51416015625,,,,,,
2017-03-02,3766.300048828125,,,,,,
2017-03-03,3762.0625,,,,,,
2017-03-06,3795.95458984375,,,,,,
2017-03-07,3825.611083984375,,,,,,
2017-03-08,3851.03125,,,,,,
2017-03-09,3834.083984375,,,,,,
2017-03-10,3800.192138671875,,,,,,
2017-03-13,3787.482666015625,,,,,,
2017-03-14,3829.847900390625,,,,,,
2017-03-15,3740.8798828125,,,,,,
2017-03-16,3753.590576171875,,,,,,
2017-03-17,3779.00927734375,,,,,,
2017-03-20,3787.482666015625,,,,,,
2017-03-21,3935.76220703125,,,,,,
2017-03-22,3906.10693359375,,,,,,
2017-03-23,3918.814453125,,,,,,
2017-03-24,3927.2880859375,,,,,,
2017-03-27,3944.23486328125,,,,,,
2017-03-28,3855.267333984375,,,,,,
2017-03-29,3838.32275390625,,,,,,
2017-03-30,3812.902099609375,,,,,,
2017-03-31,3838.32275390625,,,,,,
2017-04-03,3851.03125,,,,,,
2017-04-04,3842.55810546875,,,,,,
2017-04-05,3880.686767578125,,,,,,
2017-04-06,3855.267333984375,,,,,,
2017-04-07,3867.97705078125,,,,,,
2017-04-10,3859.503173828125,,,,,,
2017-04-11,3872.213623046875,,,,,,
2017-04-12,3914.579345703125,,,,,,
2017-04-13,3995.073974609375,,,,,,
2017-04-17,3897.633056640625,,,,,,
2017-04-18,3931.52587890625,,,,,,
2017-04-19,3952.7080078125,,,,,,
2017-04-20,3855.267333984375,,,,,,
2017-04-21,3897.633056640625,,,,,,
2017-04-24,3766.300048828125,,,,,,
2017-04-25,3698.51416015625,,,,,,
2017-04-26,3702.75146484375,,,,,,
2017-04-27,3698.51416015625,,,,,,
2017-04-28,3715.46044921875,,,,,,
2017-05-01,3696.81982421875,,,,,,
2017-05-02,3690.888916015625,,,,,,
2017-05-03,3703.598876953125,,,,,,
2017-05-04,3693.430908203125,,,,,,
2017-05-05,3648.52392578125,,,,,,
2017-05-08,3650.2177734375,,,,,,
2017-05-09,3661.233154296875,,,,,,
2017-05-10,3640.897705078125,,,,,,
2017-05-11,3661.233154296875,,,,,,
2017-05-12,3679.87353515625,,,,,,
2017-05-15,3626.4931640625,,,,,,
2017-05-16,3633.271240234375,,,,,,
2017-05-17,3825.611083984375,,,,,,
2017-05-18,3782.398193359375,,,,,,
2017-05-19,3710.377197265625,,,,,,
2017-05-22,3649.37060546875,,,,,,
2017-05-23,3629.034912109375,,,,,,
2017-05-24,3604.46337890625,,,,,,
2017-05-25,3553.623779296875,,,,,,
2017-05-26,3551.082275390625,,,,,,
2017-05-30,3562.097900390625,,,,,,
2017-05-31,3567.18115234375,,,,,,
2017-06-01,3484.144287109375,,,,,,
2017-06-02,3447.710205078125,,,,,,
2017-06-05,3457.030517578125,,,,,,
2017-06-06,3487.534423828125,,,,,,
2017-06-07,3470.587890625,,,,,,
2017-06-08,3466.35107421875,,,,,,
2017-06-09,3478.212890625,,,,,,
2017-06-12,3486.686767578125,,,,,,
2017-06-13,3435.0009765625,,,,,,
2017-06-14,3446.015380859375,,,,,,
2017-06-15,3467.19873046875,,,,,,
2017-06-16,3466.35107421875,,,,,,
2017-06-19,3380.773193359375,,,,,,
2017-06-20,3444.32080078125,,,,,,
2017-06-21,3448.5576171875,,,,,,
2017-06-22,3456.183349609375,,,,,,
2017-06-23,3440.08447265625,,,,,,
2017-06-26,3436.6953125,,,,,,
2017-06-27,3519.7314453125,,,,,,
2017-06-28,3428.22216796875,,,,,,
2017-06-29,3512.106201171875,,,,,,
2017-06-30,3496.85498046875,,,,,,
2017-07-03,3478.212890625,,,,,,
2017-07-05,3457.030517578125,,,,,,
2017-07-06,3551.082275390625,,,,,,
2017-07-07,3484.991943359375,,,,,,
2017-07-10,3471.435546875,,,,,,
2017-07-11,3479.908203125,,,,,,
2017-07-12,3402.802978515625,,,,,,
2017-07-13,3385.856689453125,,,,,,
2017-07-14,3339.254150390625,,,,,,
2017-07-17,3342.64404296875,,,,,,
2017-07-18,3334.170654296875,,,,,,
2017-07-19,3281.636962890625,,,,,,
2017-07-20,3278.247802734375,,,,,,
2017-07-21,3286.721435546875,,,,,,
2017-07-24,3290.110595703125,,,,,,
2017-07-25,3268.080322265625,,,,,,
2017-07-26,3267.23388671875,,,,,,
2017-07-27,3274.85888671875,,,,,,
2017-07-28,3288.416015625,,,,,,
2017-07-31,3295.19384765625,,,,,,
2017-08-01,3273.164306640625,,,,,,
2017-08-02,3268.927978515625,,,,,,
2017-08-03,3286.721435546875,,,,,,
2017-08-04,3273.164306640625,,,,,,
2017-08-07,3253.676025390625,,,,,,
2017-08-08,3276.553955078125,,,,,,
2017-08-09,3279.095458984375,,,,,,
2017-08-10,3415.5126953125,,,,,,
2017-08-11,3402.802978515625,,,,,,
2017-08-14,3301.972900390625,,,,,,
2017-08-15,3301.972900390625,,,,,,
2017-08-16,3286.721435546875,,,,,,
2017-08-17,3439.2373046875,,,,,,
2017-08-18,3458.7255859375,,,,,,
2017-08-21,3448.5576171875,,,,,,
2017-08-22,3343.49072265625,,,,,,
2017-08-23,3378.2314453125,,,,,,
2017-08-24,3400.260986328125,,,,,,
2017-08-25,3380.773193359375,,,,,,
2017-08-28,3379.078125,,,,,,
2017-08-29,3369.758056640625,,,,,,
2017-08-30,3319.766357421875,,,,,,
2017-08-31,3265.53857421875,,,,,,
2017-09-01,3246.897705078125,,,,,,
2017-09-05,3318.072021484375,,,,,,
2017-09-06,3285.02685546875,,,,,,
2017-09-07,3286.721435546875,,,,,,
2017-09-08,3300.2783203125,,,,,,
2017-09-11,3194.36474609375,,,,,,
2017-09-12,3163.01416015625,,,,,,
2017-09-13,3157.083251953125,,,,,,
2017-09-14,3160.47216796875,,,,,,
2017-09-15,3147.7626953125,,,,,,
2017-09-18,3129.96875,,,,,,
2017-09-19,3120.6484375,,,,,,
2017-09-20,3116.411376953125,,,,,,
2017-09-21,3142.67822265625,,,,,,
2017-09-22,3142.67822265625,,,,,,
2017-09-25,3158.77734375,,,,,,
2017-09-26,3156.23486328125,,,,,,
2017-09-27,3119.80078125,,,,,,
2017-09-28,3109.6328125,,,,,,
2017-09-29,3077.435302734375,,,,,,
2017-10-02,3040.15380859375,,,,,,
2017-10-03,3019.818603515625,,,,,,
2017-10-04,3007.108154296875,,,,,,
2017-10-05,2956.269775390625,,,,,,
2017-10-06,2963.895263671875,,,,,,
2017-10-09,2979.99462890625,,,,,,
2017-10-10,2957.964599609375,,,,,,
2017-10-11,2945.2548828125,,,,,,
2017-10-12,2957.964599609375,,,,,,
2017-10-13,2949.491455078125,,,,,,
2017-10-16,2936.7822265625,,,,,,
2017-10-17,2932.544677734375,,,,,,
2017-10-18,2922.377197265625,,,,,,
2017-10-19,2917.29345703125,,,,,,
2017-10-20,2875.775390625,,,,,,
2017-10-23,2906.278564453125,,,,,,
2017-10-24,2895.26318359375,,,,,,
2017-10-25,2935.087158203125,,,,,,
2017-10-26,2928.308349609375,,,,,,
2017-10-27,2855.439208984375,,,,,,
2017-10-30,2885.09521484375,,,,,,
2017-10-31,2875.775390625,,,,,,
2017-11-01,2863.064697265625,,,,,,
2017-11-02,2857.9814453125,,,,,,
2017-11-03,2832.5625,,,,,,
2017-11-06,2821.547119140625,,,,,,
2017-11-07,2825.783935546875,,,,,,
2017-11-08,2809.68505859375,,,,,,
2017-11-09,2841.035400390625,,,,,,
2017-11-10,2846.119384765625,,,,,,
2017-11-13,2839.340576171875,,,,,,
2017-11-14,2858.829345703125,,,,,,
2017-11-15,2902.889404296875,,,,,,
2017-11-16,2827.478515625,,,,,,
2017-11-17,2852.050537109375,,,,,,
2017-11-20,2841.035400390625,,,,,,
2017-11-21,2785.11328125,,,,,,
2017-11-22,2792.73876953125,,,,,,
2017-11-24,2774.94580078125,,,,,,
2017-11-27,2778.333984375,,,,,,
2017-11-28,2695.297119140625,,,,,,
2017-11-29,2698.68701171875,,,,,,
2017-11-30,2632.59716796875,,,,,,
2017-12-01,2645.306640625,,,,,,
2017-12-04,2655.47412109375,,,,,,
2017-12-05,2683.435302734375,,,,,,
2017-12-06,2682.58837890625,,,,,,
2017-12-07,2658.86328125,,,,,,
2017-12-08,2616.49755859375,,,,,,
2017-12-11,2590.2314453125,,,,,,
2017-12-12,2577.521484375,,,,,,
2017-12-13,2580.063720703125,,,,,,
2017-12-14,2612.260986328125,,,,,,
2017-12-15,2547.018310546875,,,,,,
2017-12-18,2499.568603515625,,,,,,
2017-12-19,2528.377685546875,,,,,,
2017-12-20,2531.76708984375,,,,,,
2017-12-21,2517.3623046875,,,,,,
2017-12-22,2520.75146484375,,,,,,
2017-12-26,2530.91943359375,,,,,,
2017-12-27,2526.6826171875,,,,,,
2017-12-28,2513.125732421875,,,,,,
2017-12-29,2538.544677734375,,,,,,
2018-01-02,2485.164306640625,,,,,,
2018-01-03,2439.409423828125,,,,,,
2018-01-04,2409.75341796875,,,,,,
2018-01-05,2363.9990234375,,,,,,
2018-01-08,2350.44189453125,,,,,,
2018-01-09,2335.1904296875,,,,,,
2018-01-10,2346.20556640625,,,,,,
2018-01-11,2295.366943359375,,,,,,
2018-01-12,2251.306640625,,,,,,
2018-01-16,2275.031494140625,,,,,,
2018-01-17,2210.6357421875,,,,,,
2018-01-18,2219.9560546875,,,,,,
2018-01-19,2191.99462890625,,,,,,
2018-01-22,2139.461181640625,,,,,,
2018-01-23,2125.904541015625,,,,,,
2018-01-24,2126.751953125,,,,,,
2018-01-25,2125.904541015625,,,,,,
2018-01-26,2052.18798828125,,,,,,
2018-01-29,2093.70703125,,,,,,
2018-01-30,2158.949462890625,,,,,,
2018-01-31,2155.560791015625,,,,,,
2018-02-01,2162.339599609375,,,,,,
2018-02-02,2302.145263671875,,,,,,
2018-02-05,2587.689208984375,,,,,,
2018-02-06,2440.2568359375,,,,,,
2018-02-07,2485.164306640625,,,,,,
2018-02-08,2762.2353515625,,,,,,
2018-02-09,2633.443603515625,,,,,,
2018-02-12,2526.6826171875,,,,,,
2018-02-13,2502.9580078125,,,,,,
2018-02-14,2400.43359375,,,,,,
2018-02-15,2315.70263671875,,,,,,
2018-02-16,2311.4658203125,,,,,,
2018-02-20,2355.5263671875,,,,,,
2018-02-21,2396.196533203125,,,,,,
2018-02-22,2386.876220703125,,,,,,
2018-02-23,2271.642822265625,,,,,,
2018-02-26,2189.45263671875,,,,,,
2018-02-27,2275.031494140625,,,,,,
2018-02-28,2351.2890625,,,,,,
2018-03-01,2443.646240234375,,,,,,
2018-03-02,2406.364501953125,,,,,,
2018-03-05,2325.870361328125,,,,,,
2018-03-06,2308.923828125,,,,,,
2018-03-07,2311.4658203125,,,,,,
2018-03-08,2278.420654296875,,,,,,
2018-03-09,2161.492431640625,,,,,,
2018-03-12,2168.2705078125,,,,,,
2018-03-13,2211.4833984375,,,,,,
2018-03-14,2247.91748046875,,,,,,
2018-03-15,2253.848388671875,,,,,,
2018-03-16,2246.22265625,,,,,,
2018-03-19,2339.42724609375,,,,,,
2018-03-20,2325.771240234375,,,,,,
2018-03-21,2341.88720703125,,,,,,
2018-03-22,2517.46484375,,,,,,
2018-03-23,2679.47119140625,,,,,,
2018-03-26,2456.394287109375,,,,,,
2018-03-27,2587.01708984375,,,,,,
2018-03-28,2609.9189453125,,,,,,
2018-03-29,2498.80419921875,,,,,,
2018-04-02,2671.83740234375,,,,,,
2018-04-03,2570.90185546875,,,,,,
2018-04-04,2484.384521484375,,,,,,
2018-04-05,2430.947998046875,,,,,,
2018-04-06,2592.954833984375,,,,,,
2018-04-09,2561.5712890625,,,,,,
2018-04-10,2437.733642578125,,,,,,
2018-04-11,2471.662109375,,,,,,
2018-04-12,2412.2880859375,,,,,,
2018-04-13,2436.036865234375,,,,,,
2018-04-16,2376.662353515625,,,,,,
2018-04-17,2301.172607421875,,,,,,
2018-04-18,2295.2353515625,,,,,,
2018-04-19,2332.556884765625,,,,,,
2018-04-20,2395.323974609375,,,,,,
2018-04-23,2396.171630859375,,,,,,
2018-04-24,2492.018310546875,,,,,,
2018-04-25,2476.75048828125,,,,,,
2018-04-26,2398.71630859375,,,,,,
2018-04-27,2392.779541015625,,,,,,
2018-04-30,2452.1533203125,,,,,,
2018-05-01,2434.341064453125,,,,,,
2018-05-02,2486.081298828125,,,,,,
2018-05-03,2503.045654296875,,,,,,
2018-05-04,2407.198486328125,,,,,,
2018-05-07,2384.297119140625,,,,,,
2018-05-08,2384.297119140625,,,,,,
2018-05-09,2316.44091796875,,,,,,
2018-05-10,2250.280517578125,,,,,,
2018-05-11,2236.70947265625,,,,,,
2018-05-14,2229.924560546875,,,,,,
2018-05-15,2276.574462890625,,,,,,
2018-05-16,2246.8876953125,,,,,,
2018-05-17,2251.977783203125,,,,,,
2018-05-18,2270.637939453125,,,,,,
2018-05-21,2222.29052734375,,,,,,
2018-05-22,2239.254638671875,,,,,,
2018-05-23,2219.74609375,,,,,,
2018-05-24,2234.165283203125,,,,,,
2018-05-25,2252.826416015625,,,,,,
2018-05-29,2327.46728515625,,,,,,
2018-05-30,2238.40625,,,,,,
2018-05-31,2284.208740234375,,,,,,
2018-06-01,2212.111572265625,,,,,,
2018-06-04,2180.728515625,,,,,,
2018-06-05,2175.639404296875,,,,,,
2018-06-06,2120.506103515625,,,,,,
2018-06-07,2126.443603515625,,,,,,
2018-06-08,2107.783203125,,,,,,
2018-06-11,2097.604248046875,,,,,,
2018-06-12,2089.12255859375,,,,,,
2018-06-13,2114.568359375,,,,,,
2018-06-14,2095.907958984375,,,,,,
2018-06-15,2104.39013671875,,,,,,
2018-06-18,2117.11279296875,,,,,,
2018-06-19,2142.559326171875,,,,,,
2018-06-20,2129.8359375,,,,,,
2018-06-21,2173.093994140625,,,,,,
2018-06-22,2161.219970703125,,,,,,
2018-06-25,2249.4326171875,,,,,,
2018-06-26,2238.40625,,,,,,
2018-06-27,2293.5390625,,,,,,
2018-06-28,2252.826416015625,,,,,,
2018-06-29,2245.19189453125,,,,,,
2018-07-02,2229.924560546875,,,,,,
2018-07-03,2256.218017578125,,,,,,
2018-07-05,2201.085205078125,,,,,,
2018-07-06,2148.4970703125,,,,,,
2018-07-09,2088.2744140625,,,,,,
2018-07-10,2068.765380859375,,,,,,
2018-07-11,2109.479736328125,,,,,,
2018-07-12,2056.89013671875,,,,,,
2018-07-13,2050.953125,,,,,,
2018-07-16,2056.042724609375,,,,,,
2018-07-17,2030.596435546875,,,,,,
2018-07-18,2020.4178466796875,,,,,,
2018-07-19,2045.01611328125,,,,,,
2018-07-20,2051.8017578125,,,,,,
2018-07-23,2039.0782470703125,,,,,,
2018-07-24,2012.7847900390625,,,,,,
2018-07-25,1956.8033447265625,,,,,,
2018-07-26,1974.614990234375,,,,,,
2018-07-27,2012.7847900390625,,,,,,
2018-07-30,2047.5604248046875,,,,,,
2018-07-31,2019.5699462890625,,,,,,
2018-08-01,2027.203857421875,,,,,,
2018-08-02,1995.8203125,,,,,,
2018-08-03,1968.677978515625,,,,,,
2018-08-06,1948.3211669921875,,,,,,
2018-08-07,1931.3570556640625,,,,,,
2018-08-08,1933.0531005859373,,,,,,
2018-08-09,1942.38330078125,,,,,,
2018-08-10,1980.5523681640625,,,,,,
2018-08-13,2005.15087890625,,,,,,
2018-08-14,1966.9813232421875,,,,,,
2018-08-15,2010.239501953125,,,,,,
2018-08-16,1961.8922119140625,,,,,,
2018-08-17,1942.38330078125,,,,,,
2018-08-20,1927.9642333984373,,,,,,
2018-08-21,1917.78564453125,,,,,,
2018-08-22,1920.330078125,,,,,,
2018-08-23,1930.5087890625,,,,,,
2018-08-24,1896.5804443359373,,,,,,
2018-08-27,1850.7777099609373,,,,,,
2018-08-28,1849.08154296875,,,,,,
2018-08-29,1818.5458984375,,,,,,
2018-08-30,1842.2957763671875,,,,,,
2018-08-31,1842.2957763671875,,,,,,
2018-09-04,1850.7777099609373,,,,,,
2018-09-05,1865.197021484375,,,,,,
2018-09-06,1883.009033203125,,,,,,
2018-09-07,1895.732421875,,,,,,
2018-09-10,1886.4019775390625,,,,,,
2018-09-11,1866.045166015625,,,,,,
2018-09-12,1866.8934326171875,,,,,,
2018-09-13,1835.5101318359373,,,,,,
2018-09-14,1833.8135986328125,,,,,,
2018-09-17,1866.045166015625,,,,,,
2018-09-18,1834.6617431640625,,,,,,
2018-09-19,1827.8763427734373,,,,,,
2018-09-20,1786.31396484375,,,,,,
2018-09-21,1791.403564453125,,,,,,
2018-09-24,1807.519287109375,,,,,,
2018-09-25,1814.150146484375,,,,,,
2018-09-26,1832.0030517578125,,,,,,
2018-09-27,1817.550537109375,,,,,,
2018-09-28,1820.10107421875,,,,,,
2018-10-01,1797.9981689453125,,,,,,
2018-10-02,1802.2486572265625,,,,,,
2018-10-03,1797.9981689453125,,,,,,
2018-10-04,1841.3538818359373,,,,,,
2018-10-05,1871.1080322265625,,,,,,
2018-10-08,1873.6580810546875,,,,,,
2018-10-09,1881.3094482421875,,,,,,
2018-10-10,2066.635009765625,,,,,,
2018-10-11,2195.002685546875,,,,,,
2018-10-12,2107.4404296875,,,,,,
2018-10-15,2141.4453125,,,,,,
2018-10-16,2002.8765869140625,,,,,,
2018-10-17,2004.5762939453125,,,,,,
2018-10-18,2087.037841796875,,,,,,
2018-10-19,2095.53857421875,,,,,,
2018-10-22,2122.74267578125,,,,,,
2018-10-23,2158.447509765625,,,,,,
2018-10-24,2354.82470703125,,,,,,
2018-10-25,2223.906494140625,,,,,,
2018-10-26,2344.623291015625,,,,,,
2018-10-29,2385.428466796875,,,,,,
2018-10-30,2275.763916015625,,,,,,
2018-10-31,2204.354736328125,,,,,,
2018-11-01,2135.495361328125,,,,,,
2018-11-02,2174.599853515625,,,,,,
2018-11-05,2140.5947265625,,,,,,
2018-11-06,2099.789306640625,,,,,,
2018-11-07,1967.171875,,,,,,
2018-11-08,1977.3726806640625,,,,,,
2018-11-09,2032.6300048828125,,,,,,
2018-11-12,2151.646728515625,,,,,,
2018-11-13,2163.548583984375,,,,,,
2018-11-14,2206.0546875,,,,,,
2018-11-15,2139.745361328125,,,,,,
2018-11-16,2122.74267578125,,,,,,
2018-11-19,2212.85546875,,,,,,
2018-11-20,2353.124755859375,,,,,,
2018-11-21,2331.87158203125,,,,,,
2018-11-23,2379.477783203125,,,,,,
2018-11-26,2267.262939453125,,,,,,
2018-11-27,2246.009765625,,,,,,
2018-11-28,2091.288818359375,,,,,,
2018-11-29,2104.04052734375,,,,,,
2018-11-30,2062.384033203125,,,,,,
2018-12-03,1985.874267578125,,,,,,
2018-12-04,2172.900146484375,,,,,,
2018-12-06,2186.501220703125,,,,,,
2018-12-07,2343.7734375,,,,,,
2018-12-10,2332.7216796875,,,,,,
2018-12-11,2330.171630859375,,,,,,
2018-12-12,2294.466552734375,,,,,,
2018-12-13,2301.267333984375,,,,,,
2018-12-14,2427.084716796875,,,,,,
2018-12-17,2569.054443359375,,,,,,
2018-12-18,2580.10546875,,,,,,
2018-12-19,2705.923828125,,,,,,
2018-12-20,2835.991455078125,,,,,,
2018-12-21,3006.864990234375,,,,,,
2018-12-24,3244.047607421875,,,,,,
2018-12-26,2753.529541015625,,,,,,
2018-12-27,2688.034423828125,,,,,,
2018-12-28,2705.94384765625,,,,,,
2018-12-31,2625.780029296875,,,,,,
2019-01-02,2626.633056640625,,,,,,
2019-01-03,2824.482666015625,,,,,,
2019-01-04,2535.382568359375,,,,,,
2019-01-07,2477.392333984375,,,,,,
2019-01-08,2408.31591796875,,,,,,
2019-01-09,2375.055419921875,,,,,,
2019-01-10,2346.913330078125,,,,,,
2019-01-11,2348.61865234375,,,,,,
2019-01-14,2390.406005859375,,,,,,
2019-01-15,2311.095458984375,,,,,,
2019-01-16,2295.745361328125,,,,,,
2019-01-17,2242.87109375,,,,,,
2019-01-18,2155.03271484375,,,,,,
2019-01-22,2240.312744140625,,,,,,
2019-01-23,2230.0791015625,,,,,,
2019-01-24,2223.257080078125,,,,,,
2019-01-25,2170.383544921875,,,,,,
2019-01-28,2221.551513671875,,,,,,
2019-01-29,2229.2265625,,,,,,
2019-01-30,2121.7734375,,,,,,
2019-01-31,2069.752197265625,,,,,,
2019-02-01,2067.193359375,,,,,,
2019-02-04,2024.5535888671875,,,,,,
2019-02-05,1998.9698486328125,,,,,,
2019-02-06,2006.645263671875,,,,,,
2019-02-07,2065.48828125,,,,,,
2019-02-08,2057.812744140625,,,,,,
2019-02-11,2055.25439453125,,,,,,
2019-02-12,1978.5023193359373,,,,,,
2019-02-13,1958.8876953125,,,,,,
2019-02-14,1969.974609375,,,,,,
2019-02-15,1909.42529296875,,,,,,
2019-02-19,1900.8975830078125,,,,,,
2019-02-20,1887.252685546875,,,,,,
2019-02-21,1908.572998046875,,,,,,
2019-02-22,1876.166259765625,,,,,,
2019-02-25,1866.78564453125,,,,,,
2019-02-26,1872.7550048828125,,,,,,
2019-02-27,1876.166259765625,,,,,,
2019-02-28,1889.81103515625,,,,,,
2019-03-01,1849.72900390625,,,,,,
2019-03-04,1873.607421875,,,,,,
2019-03-05,1879.5771484375,,,,,,
2019-03-06,1916.2479248046875,,,,,,
2019-03-07,1963.1519775390625,,,,,,
2019-03-08,1975.0916748046875,,,,,,
2019-03-11,1888.9581298828125,,,,,,
2019-03-12,1870.1966552734373,,,,,,
2019-03-13,1833.5263671875,,,,,,
2019-03-14,1836.08447265625,,,,,,
2019-03-15,1809.6475830078125,,,,,,
2019-03-18,1790.8858642578125,,,,,,
2019-03-19,1788.4910888671875,,,,,,
2019-03-20,1809.018798828125,,,,,,
2019-03-21,1748.2906494140625,,,,,,
2019-03-22,1848.36376953125,,,,,,
2019-03-25,1854.351318359375,,,,,,
2019-03-26,1815.0059814453125,,,,,,
2019-03-27,1839.8109130859373,,,,,,
2019-03-28,1820.138427734375,,,,,,
2019-03-29,1784.214599609375,,,,,,
2019-04-01,1723.48583984375,,,,,,
2019-04-02,1721.775390625,,,,,,
2019-04-03,1712.366943359375,,,,,,
2019-04-04,1701.24755859375,,,,,,
2019-04-05,1679.0089111328125,,,,,,
2019-04-08,1673.876953125,,,,,,
2019-04-09,1700.39208984375,,,,,,
2019-04-10,1684.1409912109375,,,,,,
2019-04-11,1684.996337890625,,,,,,
2019-04-12,1652.493896484375,,,,,,
2019-04-15,1655.914794921875,,,,,,
2019-04-16,1653.349365234375,,,,,,
2019-04-17,1666.17919921875,,,,,,
2019-04-18,1658.4813232421875,,,,,,
2019-04-22,1654.2047119140625,,,,,,
2019-04-23,1610.582763671875,,,,,,
2019-04-24,1619.991455078125,,,,,,
2019-04-25,1625.12353515625,,,,,,
2019-04-26,1601.1741943359375,,,,,,
2019-04-29,1596.8975830078125,,,,,,
2019-04-30,1593.4759521484375,,,,,,
2019-05-01,1628.5445556640625,,,,,,
2019-05-02,1640.519287109375,,,,,,
2019-05-03,1593.4759521484375,,,,,,
2019-05-06,1613.1488037109375,,,,,,
2019-05-07,1695.26025390625,,,,,,
2019-05-08,1701.24755859375,,,,,,
2019-05-09,1716.6436767578125,,,,,,
2019-05-10,1694.405029296875,,,,,,
2019-05-13,1820.993408203125,,,,,,
2019-05-14,1775.6612548828125,,,,,,
2019-05-15,1744.8692626953125,,,,,,
2019-05-16,1696.11572265625,,,,,,
2019-05-17,1730.3289794921875,,,,,,
2019-05-20,1765.39697265625,,,,,,
2019-05-21,1719.20947265625,,,,,,
2019-05-22,1733.7501220703125,,,,,,
2019-05-23,1793.623046875,,,,,,
2019-05-24,1786.7806396484375,,,,,,
2019-05-28,1834.6785888671875,,,,,,
2019-05-29,1872.3134765625,,,,,,
2019-05-30,1859.4827880859373,,,,,,
2019-05-31,1932.18603515625,,,,,,
2019-06-03,1951.0037841796875,,,,,,
2019-06-04,1825.2701416015625,,,,,,
2019-06-05,1777.371826171875,,,,,,
2019-06-06,1743.1585693359375,,,,,,
2019-06-07,1692.6944580078125,,,,,,
2019-06-10,1670.45556640625,,,,,,
2019-06-11,1670.45556640625,,,,,,
2019-06-12,1679.8643798828125,,,,,,
2019-06-13,1657.6258544921875,,,,,,
2019-06-14,1666.17919921875,,,,,,
2019-06-17,1663.6131591796875,,,,,,
2019-06-18,1614.0040283203125,,,,,,
2019-06-19,1600.3187255859375,,,,,,
2019-06-20,1558.40771484375,,,,,,
2019-06-21,1562.6842041015625,,,,,,
2019-06-24,1569.527099609375,,,,,,
2019-06-25,1614.6160888671875,,,,,,
2019-06-26,1621.4869384765625,,,,,,
2019-06-27,1604.3101806640625,,,,,,
2019-06-28,1578.544921875,,,,,,
2019-07-01,1539.0382080078125,,,,,,
2019-07-02,1527.014404296875,,,,,,
2019-07-03,1491.8021240234375,,,,,,
2019-07-05,1498.6728515625,,,,,,
2019-07-08,1522.72021484375,,,,,,
2019-07-09,1516.70849609375,,,,,,
2019-07-10,1495.237548828125,,,,,,
2019-07-11,1485.7899169921875,,,,,,
2019-07-12,1466.89599609375,,,,,,
2019-07-15,1465.178466796875,,,,,,
2019-07-16,1480.636962890625,,,,,,
2019-07-17,1508.97900390625,,,,,,
2019-07-18,1495.237548828125,,,,,,
2019-07-19,1521.8614501953125,,,,,,
2019-07-22,1507.2613525390625,,,,,,
2019-07-23,1478.0606689453125,,,,,,
2019-07-24,1458.3076171875,,,,,,
2019-07-25,1478.0606689453125,,,,,,
2019-07-26,1448.8603515625,,,,,,
2019-07-29,1457.4486083984375,,,,,,
2019-07-30,1466.89599609375,,,,,,
2019-07-31,1516.70849609375,,,,,,
2019-08-01,1556.21533203125,,,,,,
2019-08-02,1589.7100830078125,,,,,,
2019-08-05,1732.2772216796875,,,,,,
2019-08-06,1664.4287109375,,,,,,
2019-08-07,1662.7110595703125,,,,,,
2019-08-08,1565.662353515625,,,,,,
2019-08-09,1598.298095703125,,,,,,
2019-08-12,1657.557861328125,,,,,,
2019-08-13,1579.40380859375,,,,,,
2019-08-14,1719.3941650390625,,,,,,
2019-08-15,1707.37060546875,,,,,,
2019-08-16,1631.79296875,,,,,,
2019-08-19,1576.8270263671875,,,,,,
2019-08-20,1612.0394287109375,,,,,,
2019-08-21,1570.815185546875,,,,,,
2019-08-22,1575.9681396484375,,,,,,
2019-08-23,1696.20556640625,,,,,,
2019-08-26,1639.5223388671875,,,,,,
2019-08-27,1658.416748046875,,,,,,
2019-08-28,1627.4986572265625,,,,,,
2019-08-29,1562.22705078125,,,,,,
2019-08-30,1566.5211181640625,,,,,,
2019-09-03,1591.4273681640625,,,,,,
2019-09-04,1539.8970947265625,,,,,,
2019-09-05,1480.636962890625,,,,,,
2019-09-06,1476.343017578125,,,,,,
2019-09-09,1475.484130859375,,,,,,
2019-09-10,1475.484130859375,,,,,,
2019-09-11,1444.56591796875,,,,,,
2019-09-12,1430.8245849609375,,,,,,
2019-09-13,1435.118896484375,,,,,,
2019-09-16,1447.142578125,,,,,,
2019-09-17,1438.5540771484375,,,,,,
2019-09-18,1435.118896484375,,,,,,
2019-09-19,1438.5540771484375,,,,,,
2019-09-20,1460.884033203125,,,,,,
2019-09-23,1455.7310791015625,,,,,,
2019-09-24,1493.30029296875,,,,,,
2019-09-25,1465.7265625,,,,,,
2019-09-26,1477.790283203125,,,,,,
2019-09-27,1500.1939697265625,,,,,,
2019-09-30,1477.790283203125,,,,,,
2019-10-01,1532.076171875,,,,,,
2019-10-02,1613.07470703125,,,,,,
2019-10-03,1575.1605224609375,,,,,,
2019-10-04,1513.98095703125,,,,,,
2019-10-07,1532.076171875,,,,,,
2019-10-08,1604.4580078125,,,,,,
2019-10-09,1558.788330078125,,,,,,
2019-10-10,1525.1826171875,,,,,,
2019-10-11,1480.375,,,,,,
2019-10-14,1486.4068603515625,,,,,,
2019-10-15,1441.5992431640625,,,,,,
2019-10-16,1448.4930419921875,,,,,,
2019-10-17,1438.1524658203125,,,,,,
2019-10-18,1456.247802734375,,,,,,
2019-10-21,1425.2275390625,,,,,,
2019-10-22,1440.73779296875,,,,,,
2019-10-23,1429.5357666015625,,,,,,
2019-10-24,1422.642333984375,,,,,,
2019-10-25,1403.6854248046875,,,,,,
2019-10-28,1379.557861328125,,,,,,
2019-10-29,1384.72802734375,,,,,,
2019-10-30,1371.802734375,,,,,,
2019-10-31,1383.004638671875,,,,,,
2019-11-01,1345.090576171875,,,,,,
2019-11-04,1329.580322265625,,,,,,
2019-11-05,1333.8887939453125,,,,,,
2019-11-06,1332.1651611328125,,,,,,
2019-11-07,1317.5167236328125,,,,,,
2019-11-08,1309.7613525390625,,,,,,
2019-11-11,1316.6551513671875,,,,,,
2019-11-12,1309.7613525390625,,,,,,
2019-11-13,1308.89990234375,,,,,,
2019-11-14,1303.7296142578125,,,,,,
2019-11-15,1274.432373046875,,,,,,
2019-11-18,1273.5706787109375,,,,,,
2019-11-19,1274.432373046875,,,,,,
2019-11-20,1288.21923828125,,,,,,
2019-11-21,1293.3896484375,,,,,,
2019-11-22,1287.3577880859375,,,,,,
2019-11-25,1257.19873046875,,,,,,
2019-11-26,1249.443603515625,,,,,,
2019-11-27,1233.071533203125,,,,,,
2019-11-29,1245.9967041015625,,,,,,
2019-12-02,1278.74072265625,,,,,,
2019-12-03,1304.59130859375,,,,,,
2019-12-04,1279.6024169921875,,,,,,
2019-12-05,1272.7088623046875,,,,,,
2019-12-06,1239.9649658203125,,,,,,
2019-12-09,1250.30517578125,,,,,,
2019-12-10,1253.7518310546875,,,,,,
2019-12-11,1244.2734375,,,,,,
2019-12-12,1212.3909912109375,,,,,,
2019-12-13,1210.667724609375,,,,,,
2019-12-16,1184.817138671875,,,,,,
2019-12-17,1184.817138671875,,,,,,
2019-12-18,1184.817138671875,,,,,,
2019-12-19,1171.891845703125,,,,,,
2019-12-20,1154.6580810546875,,,,,,
2019-12-23,1150.9425048828125,,,,,,
2019-12-24,1151.8065185546875,,,,,,
2019-12-26,1133.6610107421875,,,,,,
2019-12-27,1134.525146484375,,,,,,
2019-12-30,1154.3988037109375,,,,,,
2019-12-31,1144.89404296875,,,,,,
2020-01-02,1113.78759765625,,,,,,
2020-01-03,1138.8455810546875,,,,,,
2020-01-06,1127.6129150390625,,,,,,
2020-01-07,1136.2532958984375,,,,,,
2020-01-08,1118.108154296875,,,,,,
2020-01-09,1095.6419677734375,,,,,,
2020-01-10,1106.0108642578125,,,,,,
2020-01-13,1083.5452880859375,,,,,,
2020-01-14,1088.729736328125,,,,,,
2020-01-15,1081.8167724609375,,,,,,
2020-01-16,1054.1666259765625,,,,,,
2020-01-17,1045.5260009765625,,,,,,
2020-01-21,1051.5743408203125,,,,,,
2020-01-22,1050.71044921875,,,,,,
2020-01-23,1048.1180419921875,,,,,,
2020-01-24,1077.4967041015625,,,,,,
2020-01-27,1127.6129150390625,,,,,,
2020-01-28,1092.185546875,,,,,,
2020-01-29,1094.77783203125,,,,,,
2020-01-30,1085.2734375,,,,,,
2020-01-31,1144.89404296875,,,,,,
2020-02-03,1119.8363037109375,,,,,,
2020-02-04,1067.1278076171875,,,,,,
2020-02-05,1032.5650634765625,,,,,,
2020-02-06,1021.3319091796876,,,,,,
2020-02-07,1036.88525390625,,,,,,
2020-02-10,1016.1474609375,,,,,,
2020-02-11,1010.09912109375,,,,,,
2020-02-12,990.2254028320312,,,,,,
2020-02-13,994.5458374023438,,,,,,
2020-02-14,989.3613891601562,,,,,,
2020-02-18,998.0021362304688,,,,,,
2020-02-19,982.448974609375,,,,,,
2020-02-20,996.2738647460938,,,,,,
2020-02-21,1026.5164794921875,,,,,,
2020-02-24,1129.3409423828125,,,,,,
2020-02-25,1232.165283203125,,,,,,
2020-02-26,1244.2623291015625,,,,,,
2020-02-27,1414.484375,,,,,,
2020-02-28,1436.9503173828125,,,,,,
2020-03-02,1245.990478515625,,,,,,
2020-03-03,1353.135498046875,,,,,,
2020-03-04,1181.1849365234375,,,,,,
2020-03-05,1299.5628662109375,,,,,,
2020-03-06,1364.3681640625,,,,,,
2020-03-09,1684.0743408203125,,,,,,
2020-03-10,1430.901611328125,,,,,,
2020-03-11,1638.2786865234375,,,,,,
2020-03-12,2106.60498046875,,,,,,
2020-03-13,1532.862060546875,,,,,,
2020-03-16,2051.3046875,,,,,,
2020-03-17,1699.6278076171875,,,,,,
2020-03-18,1915.6455078125,,,,,,
2020-03-19,1921.6939697265625,,,,,,
2020-03-20,2187.827880859375,,,,,,
2020-03-23,2372.739013671875,,,,,,
2020-03-24,1731.131103515625,,,,,,
2020-03-25,1637.743408203125,,,,,,
2020-03-26,1346.33935546875,,,,,,
2020-03-27,1461.3441162109375,,,,,,
2020-03-30,1318.668701171875,,,,,,
2020-03-31,1378.3331298828125,,,,,,
2020-04-01,1563.379150390625,,,,,,
2020-04-02,1456.1561279296875,,,,,,
2020-04-03,1517.5498046875,,,,,,
2020-04-06,1210.5811767578125,,,,,,
2020-04-07,1206.2578125,,,,,,
2020-04-08,1082.605224609375,,,,,,
2020-04-09,1031.5882568359375,,,,,,
2020-04-13,1061.8526611328125,,,,,,
2020-04-14,967.600341796875,,,,,,
2020-04-15,1028.1292724609375,,,,,,
2020-04-16,1012.564697265625,,,,,,
2020-04-17,933.0122680664062,,,,,,
2020-04-20,979.7061157226562,,,,,,
2020-04-21,1069.6348876953125,,,,,,
2020-04-22,998.7294921875,,,,,,
2020-04-23,998.7294921875,,,,,,
2020-04-24,957.223876953125,,,,,,
2020-04-27,913.98876953125,,,,,,
2020-04-28,927.8240356445312,,,,,,
2020-04-29,856.0537719726562,,,,,,
2020-04-30,879.4006958007812,,,,,,
2020-05-01,948.5768432617188,,,,,,
2020-05-04,940.79443359375,,,,,,
2020-05-05,913.98876953125,,,,,,
2020-05-06,932.1475219726562,,,,,,
2020-05-07,898.4241333007812,,,,,,
2020-05-08,853.4596557617188,,,,,,
2020-05-11,854.324462890625,,,,,,
2020-05-12,905.3416137695312,,,,,,
2020-05-13,953.764892578125,,,,,,
2020-05-14,919.1771240234376,,,,,,
2020-05-15,907.0711669921876,,,,,,
2020-05-18,822.3305053710938,,,,,,
2020-05-19,849.1361694335938,,,,,,
2020-05-20,805.0364990234375,,,,,,
2020-05-21,821.4658813476562,,,,,,
2020-05-22,816.277587890625,,,,,,
2020-05-26,786.877685546875,,,,,,
2020-05-27,750.5602416992188,,,,,,
2020-05-28,754.8837890625,,,,,,
2020-05-29,745.3720092773438,,,,,,
2020-06-01,734.9957885742188,,,,,,
2020-06-02,718.5663452148438,,,,,,
2020-06-03,688.3018188476562,,,,,,
2020-06-04,695.2193603515625,,,,,,
2020-06-05,640.7433471679688,,,,,,
2020-06-08,616.5316772460938,,,,,,
2020-06-09,630.3668823242188,,,,,,
2020-06-10,640.7433471679688,,,,,,
2020-06-11,752.2897338867188,,,,,,
2020-06-12,725.4839477539062,,,,,,
2020-06-15,703.866455078125,,,,,,
2020-06-16,664.9550170898438,,,,,,
2020-06-17,671.8724365234375,,,,,,
2020-06-18,671.0078125,,,,,,
2020-06-19,683.1135864257812,,,,,,
2020-06-22,671.0078125,,,,,,
2020-06-23,661.49609375,,,,,,
2020-06-24,709.9193725585938,,,,,,
2020-06-25,687.4371948242188,,,,,,
2020-06-26,736.7250366210938,,,,,,
2020-06-29,705.5958251953125,,,,,,
2020-06-30,675.3314819335938,,,,,,
2020-07-01,662.3607177734375,,,,,,
2020-07-02,651.984375,,,,,,
2020-07-06,622.5845947265625,,,,,,
2020-07-07,640.7433471679688,,,,,,
2020-07-08,626.0433959960938,,,,,,
2020-07-09,635.5550537109375,,,,,,
2020-07-10,616.5316772460938,,,,,,
2020-07-13,632.9610595703125,,,,,,
2020-07-14,608.7494506835938,,,,,,
2020-07-15,591.4552612304688,,,,,,
2020-07-16,596.6434326171875,,,,,,
2020-07-17,593.1847534179688,,,,,,
2020-07-20,578.4849243164062,,,,,,
2020-07-21,575.0260009765625,,,,,,
2020-07-22,562.9202880859375,,,,,,
2020-07-23,584.537841796875,,,,,,
2020-07-24,594.9141845703125,,,,,,
2020-07-27,581.9437255859375,,,,,,
2020-07-28,594.0494384765625,,,,,,
2020-07-29,570.7025756835938,,,,,,
2020-07-30,577.6201171875,,,,,,
2020-07-31,563.7847900390625,,,,,,
2020-08-03,552.543701171875,,,,,,
2020-08-04,545.6262817382812,,,,,,
2020-08-05,536.9791870117188,,,,,,
2020-08-06,524.8733520507812,,,,,,
2020-08-07,524.0086669921875,,,,,,
2020-08-10,519.6851806640625,,,,,,
2020-08-11,531.7909545898438,,,,,,
2020-08-12,508.4440307617188,,,,,,
2020-08-13,511.9028625488281,,,,,,
2020-08-14,512.7677001953125,,,,,,
2020-08-17,507.5793762207031,,,,,,
2020-08-18,504.12060546875,,,,,,
2020-08-19,511.9028625488281,,,,,,
2020-08-20,505.8499145507813,,,,,,
2020-08-21,498.932373046875,,,,,,
2020-08-24,484.232421875,,,,,,
2020-08-25,479.9089050292969,,,,,,
2020-08-26,465.2090759277344,,,,,,
2020-08-27,463.4797058105469,,,,,,
2020-08-28,452.2385864257813,,,,,,
2020-08-31,458.2914733886719,,,,,,
2020-09-01,444.4562377929688,,,,,,
2020-09-02,426.2974853515625,,,,,,
2020-09-03,468.6678161621094,,,,,,
2020-09-04,480.7736511230469,,,,,,
2020-09-08,520.5498657226562,,,,,,
2020-09-09,489.420654296875,,,,,,
2020-09-10,515.3616333007812,,,,,,
2020-09-11,514.4968872070312,,,,,,
2020-09-14,494.6089477539063,,,,,,
2020-09-15,485.9618835449219,,,,,,
2020-09-16,492.8795166015625,,,,,,
2020-09-17,505.8499145507813,,,,,,
2020-09-18,523.1439819335938,,,,,,
2020-09-21,541.3026123046875,,,,,,
2020-09-22,524.0086669921875,,,,,,
2020-09-23,560.3262329101562,,,,,,
2020-09-24,554.273193359375,,,,,,
2020-09-25,527.4674682617188,,,,,,
2020-09-28,502.3912658691406,,,,,,
2020-09-29,511.03814697265625,,,,,,
2020-09-30,498.0676574707031,,,,,,
2020-10-01,489.420654296875,,,,,,
2020-10-02,502.3912658691406,,,,,,
2020-10-05,476.45013427734375,,,,,,
2020-10-06,497.2029418945313,,,,,,
2020-10-07,470.397216796875,,,,,,
2020-10-08,457.4266662597656,,,,,,
2020-10-09,445.3208923339844,,,,,,
2020-10-12,423.7034301757813,,,,,,
2020-10-13,433.2151794433594,,,,,,
2020-10-14,440.1327209472656,,,,,,
2020-10-15,442.726806640625,,,,,,
2020-10-16,443.591552734375,,,,,,
2020-10-19,463.4797058105469,,,,,,
2020-10-20,458.2914733886719,,,,,,
2020-10-21,460.8855285644531,,,,,,
2020-10-22,453.1033020019531,,,,,,
2020-10-23,447.9150390625,,,,,,
2020-10-26,472.1266784667969,,,,,,
2020-10-27,478.1796569824219,,,,,,
2020-10-28,525.7380981445312,,,,,,
2020-10-29,509.3086853027344,,,,,,
2020-10-30,526.6027221679688,,,,,,
2020-11-02,508.4440307617188,,,,,,
2020-11-03,480.7736511230469,,,,,,
2020-11-04,449.6443786621094,,,,,,
2020-11-05,421.9739990234375,,,,,,
2020-11-06,421.9739990234375,,,,,,
2020-11-09,407.2740478515625,,,,,,
2020-11-10,408.1387939453125,,,,,,
2020-11-11,400.35650634765625,,,,,,
2020-11-12,411.5976257324219,,,,,,
2020-11-13,394.3035583496094,,,,,,
2020-11-16,379.6036682128906,,,,,,
2020-11-17,384.7918090820313,,,,,,
2020-11-18,399.4917602539063,,,,,,
2020-11-19,393.4388427734375,,,,,,
2020-11-20,402.9505920410156,,,,,,
2020-11-23,395.1682739257813,,,,,,
2020-11-24,376.1448669433594,,,,,,
2020-11-25,378.7389831542969,,,,,,
2020-11-27,375.2801208496094,,,,,,
2020-11-30,379.6036682128906,,,,,,
2020-12-01,367.4978942871094,,,,,,
2020-12-02,364.9037780761719,,,,,,
2020-12-03,365.7684631347656,,,,,,
2020-12-04,355.3920593261719,,,,,,
2020-12-07,357.1214599609375,,,,,,
2020-12-08,355.3920593261719,,,,,,
2020-12-09,363.1743469238281,,,,,,
2020-12-10,364.9037780761719,,,,,,
2020-12-11,364.9037780761719,,,,,,
2020-12-14,370.0919189453125,,,,,,
2020-12-15,356.2567443847656,,,,,,
2020-12-16,353.6626281738281,,,,,,
2020-12-17,347.60968017578125,,,,,,
2020-12-18,351.9332275390625,,,,,,
2020-12-21,355.3920593261719,,,,,,
2020-12-22,357.1214599609375,,,,,,
2020-12-23,357.1214599609375,,,,,,
2020-12-24,352.79791259765625,,,,,,
2020-12-28,343.2861633300781,,,,,,
2020-12-29,345.015625,,,,,,
2020-12-30,344.1509094238281,,,,,,
2020-12-31,338.0980224609375,,,,,,
2021-01-04,351.9332275390625,,,,,,
2021-01-05,345.8803405761719,,,,,,
2021-01-06,338.0980224609375,,,,,,
2021-01-07,323.39813232421875,,,,,,
2021-01-08,318.2099609375,,,,,,
2021-01-11,324.69512939453125,,,,,,
2021-01-12,324.2628479003906,,,,,,
2021-01-13,322.1010437011719,,,,,,
2021-01-14,325.12750244140625,,,,,,
2021-01-15,332.3909912109375,,,,,,
2021-01-19,324.43572998046875,,,,,,
2021-01-20,311.2058410644531,,,,,,
2021-01-21,310.3411560058594,,,,,,
2021-01-22,313.62701416015625,,,,,,
2021-01-25,309.9087219238281,,,,,,
2021-01-26,311.29229736328125,,,,,,
2021-01-27,333.77459716796875,,,,,,
2021-01-28,325.38690185546875,,,,,,
2021-01-29,344.23736572265625,,,,,,
2021-02-01,327.8946533203125,,,,,,
2021-02-02,313.79986572265625,,,,,,
2021-02-03,312.7623291015625,,,,,,
2021-02-04,302.2994079589844,,,,,,
2021-02-05,298.754150390625,,,,,,
2021-02-08,292.2689208984375,,,,,,
2021-02-09,292.701171875,,,,,,
2021-02-10,293.2200622558594,,,,,,
2021-02-11,291.7500305175781,,,,,,
2021-02-12,287.4265441894531,,,,,,
2021-02-16,287.7724609375,,,,,,
2021-02-17,287.85894775390625,,,,,,
2021-02-18,291.4906921386719,,,,,,
2021-02-19,293.2200622558594,,,,,,
2021-02-22,299.791748046875,,,,,,
2021-02-23,298.6676330566406,,,,,,
2021-02-24,288.89654541015625,,,,,,
2021-02-25,309.5628967285156,,,,,,
2021-02-26,314.49169921875,,,,,,
2021-03-01,291.5771484375,,,,,,
2021-03-02,298.5811767578125,,,,,,
2021-03-03,310.1681823730469,,,,,,
2021-03-04,321.7551574707031,,,,,,
2021-03-05,303.9423217773437,,,,,,
2021-03-08,308.3523254394531,,,,,,
2021-03-09,295.2953186035156,,,,,,
2021-03-10,289.76123046875,,,,,,
2021-03-11,280.8548583984375,,,,,,
2021-03-12,279.64422607421875,,,,,,
2021-03-15,274.62896728515625,,,,,,
2021-03-16,275.4936828613281,,,,,,
2021-03-17,272.8995666503906,,,,,,
2021-03-18,284.7459716796875,,,,,,
2021-03-19,286.4753723144531,,,,,,
2021-03-22,279.73077392578125,,,,,,
2021-03-23,285.95660400390625,,,,,,
2021-03-24,290.36651611328125,,,,,,
2021-03-25,285.6971130371094,,,,,,
2021-03-26,272.034912109375,,,,,,
2021-03-29,272.121337890625,,,,,,
2021-03-30,274.1101379394531,,,,,,
2021-03-31,270.9971923828125,,,,,,
2021-04-01,262.17730712890625,,,,,,
2021-04-05,251.02264404296875,,,,,,
2021-04-06,251.5415496826172,,,,,,
2021-04-07,250.5038299560547,,,,,,
2021-04-08,246.8720703125,,,,,,
2021-04-09,241.597412109375,,,,,,
2021-04-12,241.0785675048828,,,,,,
2021-04-13,239.0898284912109,,,,,,
2021-04-14,241.4244842529297,,,,,,
2021-04-15,233.81509399414065,,,,,,
2021-04-16,231.22100830078125,,,,,,
2021-04-19,234.42041015625,,,,,,
2021-04-20,239.6950836181641,,,,,,
2021-04-21,232.86392211914065,,,,,,
2021-04-22,239.17626953125,,,,,,
2021-04-23,231.6533050537109,,,,,,
2021-04-26,230.09686279296875,,,,,,
2021-04-27,230.18338012695312,,,,,,
2021-04-28,230.6157073974609,,,,,,
2021-04-29,226.11929321289065,,,,,,
2021-04-30,230.5292358398437,,,,,,
2021-05-03,229.145736694336,,,,,,
2021-05-04,233.2098083496093,,,,,,
2021-05-05,233.0368804931641,,,,,,
2021-05-06,227.329818725586,,,,,,
2021-05-07,222.3145751953125,,,,,,
2021-05-10,228.88633728027344,,,,,,
2021-05-11,235.0256805419922,,,,,,
2021-05-12,249.9849853515625,,,,,,
2021-05-13,240.8191680908203,,,,,,
2021-05-14,229.8374786376953,,,,,,
2021-05-17,231.73985290527344,,,,,,
2021-05-18,237.4468231201172,,,,,,
2021-05-19,239.5221405029297,,,,,,
2021-05-20,231.9127960205078,,,,,,
2021-05-21,232.0857086181641,,,,,,
2021-05-24,225.1681060791016,,,,,,
2021-05-25,226.7245483398437,,,,,,
2021-05-26,225.25457763671875,,,,,,
2021-05-27,225.0816192626953,,,,,,
2021-05-28,223.6981201171875,,,,,,
2021-06-01,224.47634887695312,,,,,,
2021-06-02,223.2657623291016,,,,,,
2021-06-03,225.68687438964844,,,,,,
2021-06-04,219.5475311279297,,,,,,
2021-06-07,219.9798889160156,,,,,,
2021-06-08,219.8934326171875,,,,,,
2021-06-09,220.9310760498047,,,,,,
2021-06-10,217.81814575195312,,,,,,
2021-06-11,216.780502319336,,,,,,
2021-06-14,215.2240295410156,,,,,,
2021-06-15,216.52105712890625,,,,,,
2021-06-16,220.23928833007807,,,,,,
2021-06-17,220.23928833007807,,,,,,
2021-06-18,228.9727325439453,,,,,,
2021-06-21,219.37461853027344,,,,,,
2021-06-22,216.1752014160156,,,,,,
2021-06-23,216.6075897216797,,,,,,
2021-06-24,212.7163848876953,,,,,,
2021-06-25,210.38169860839844,,,,,,
2021-06-28,209.171142578125,,,,,,
2021-06-29,208.91172790527344,,,,,,
2021-06-30,208.3928985595703,,,,,,
2021-07-01,204.8476104736328,,,,,,
2021-07-02,200.17825317382807,,,,,,
2021-07-06,201.3023681640625,,,,,,
2021-07-07,199.2270965576172,,,,,,
2021-07-08,203.8964691162109,,,,,,
2021-07-09,197.49761962890625,,,,,,
2021-07-12,195.5088653564453,,,,,,
2021-07-13,197.23828125,,,,,,
2021-07-14,196.5465240478516,,,,,,
2021-07-15,198.36236572265625,,,,,,
2021-07-16,202.94528198242188,,,,,,
2021-07-19,212.19754028320312,,,,,,
2021-07-20,203.11822509765625,,,,,,
2021-07-21,198.01649475097656,,,,,,
2021-07-22,196.4600524902344,,,,,,
2021-07-23,190.7530059814453,,,,,,
2021-07-26,189.2830047607422,,,,,,
2021-07-27,191.70416259765625,,,,,,
2021-07-28,191.96359252929688,,,,,,
2021-07-29,189.62887573242188,,,,,,
2021-07-30,192.3959045410156,,,,,,
2021-08-02,193.52003479003903,,,,,,
2021-08-03,188.93711853027344,,,,,,
2021-08-04,191.5312347412109,,,,,,
2021-08-05,187.8995361328125,,,,,,
2021-08-06,187.0348052978516,,,,,,
2021-08-09,187.4671630859375,,,,,,
2021-08-10,186.9483184814453,,,,,,
2021-08-11,185.56480407714844,,,,,,
2021-08-12,183.5760040283203,,,,,,
2021-08-13,182.6248321533203,,,,,,
2021-08-16,181.41424560546875,,,,,,
2021-08-17,185.04595947265625,,,,,,
2021-08-18,191.1853485107422,,,,,,
2021-08-19,190.06124877929688,,,,,,
2021-08-20,185.47833251953125,,,,,,
2021-08-23,180.6360015869141,,,,,,
2021-08-24,179.85775756835938,,,,,,
2021-08-25,178.8201141357422,,,,,,
2021-08-26,181.6736602783203,,,,,,
2021-08-27,177.1771697998047,,,,,,
2021-08-30,174.41015625,,,,,,
2021-08-31,175.4477996826172,,,,,,
2021-09-01,175.0154266357422,,,,,,
2021-09-02,173.37254333496094,,,,,,
2021-09-03,173.54542541503906,,,,,,
2021-09-07,175.36134338378906,,,,,,
2021-09-08,176.2260284423828,,,,,,
2021-09-09,178.30128479003906,,,,,,
2021-09-10,182.451889038086,,,,,,
2021-09-13,181.06832885742188,,,,,,
2021-09-14,184.0948181152344,,,,,,
2021-09-15,179.42543029785156,,,,,,
2021-09-16,180.4630889892578,,,,,,
2021-09-17,185.65126037597656,,,,,,
2021-09-20,194.903564453125,,,,,,
2021-09-21,195.5088653564453,,,,,,
2021-09-22,189.5424194335937,,,,,,
2021-09-23,182.6248321533203,,,,,,
2021-09-24,181.6736602783203,,,,,,
2021-09-27,183.2301025390625,,,,,,
2021-09-28,194.5577087402344,,,,,,
2021-09-29,193.52003479003903,,,,,,
2021-09-30,200.43765258789065,,,,,,
2021-10-01,193.3471069335937,,,,,,
2021-10-04,200.8699645996093,,,,,,
2021-10-05,194.6441802978516,,,,,,
2021-10-06,192.22300720214844,,,,,,
2021-10-07,187.12127685546875,,,,,,
2021-10-08,188.1588897705078,,,,,,
2021-10-11,192.22300720214844,,,,,,
2021-10-12,193.60650634765625,,,,,,
2021-10-13,191.7906646728516,,,,,,
2021-10-14,181.9330596923828,,,,,,
2021-10-15,177.69602966308594,,,,,,
2021-10-18,175.96661376953125,,,,,,
2021-10-19,172.07545471191406,,,,,,
2021-10-20,170.0001983642578,,,,,,
2021-10-21,168.61666870117188,,,,,,
2021-10-22,169.13546752929688,,,,,,
2021-10-25,166.45494079589844,,,,,,
2021-10-26,166.19549560546875,,,,,,
2021-10-27,168.2707977294922,,,,,,
2021-10-28,163.3419647216797,,,,,,
2021-10-29,162.3043212890625,,,,,,
2021-11-01,161.4396514892578,,,,,,
2021-11-02,159.5373077392578,,,,,,
2021-11-03,156.6837921142578,,,,,,
2021-11-04,154.34910583496094,,,,,,
2021-11-05,152.96554565429688,,,,,,
2021-11-08,152.3603057861328,,,,,,
2021-11-09,153.83023071289062,,,,,,
2021-11-10,157.54849243164062,,,,,,
2021-11-11,157.46202087402344,,,,,,
2021-11-12,153.91673278808594,,,,,,
2021-11-15,153.74380493164062,,,,,,
2021-11-16,151.84146118164062,,,,,,
2021-11-17,152.87913513183594,,,,,,
2021-11-18,151.32264709472656,,,,,,
2021-11-19,152.18736267089844,,,,,,
2021-11-22,153.48439025878906,,,,,,
2021-11-23,152.7926483154297,,,,,,
2021-11-24,151.66851806640625,,,,,,
2021-11-26,161.95846557617188,,,,,,
2021-11-29,155.64614868164062,,,,,,
2021-11-30,164.55255126953125,,,,,,
2021-12-01,170.51898193359375,,,,,,
2021-12-02,162.73667907714844,,,,,,
2021-12-03,166.80078125,,,,,,
2021-12-06,161.00729370117188,,,,,,
2021-12-07,150.8903350830078,,,,,,
2021-12-08,149.59324645996094,,,,,,
2021-12-09,152.6197052001953,,,,,,
2021-12-10,148.38265991210938,,,,,,
2021-12-13,152.18736267089844,,,,,,
2021-12-14,155.5596923828125,,,,,,
2021-12-15,148.03677368164062,,,,,,
2021-12-16,152.01438903808594,,,,,,
2021-12-17,156.9431915283203,,,,,,
2021-12-20,161.78553771972656,,,,,,
2021-12-21,153.2249755859375,,,,,,
2021-12-22,148.5556182861328,,,,,,
2021-12-23,145.78857421875,,,,,,
2021-12-27,139.649169921875,,,,,,
2021-12-28,139.90859985351562,,,,,,
2021-12-29,139.56271362304688,,,,,,
2021-12-30,140.68679809570312,,,,,,
2021-12-31,141.63796997070312,,,,,,
2022-01-03,139.13034057617188,,,,,,
2022-01-04,139.3897705078125,,,,,,
2022-01-05,147.25856018066406,,,,,,
2022-01-06,147.6908721923828,,,,,,
2022-01-07,149.3338165283203,,,,,,
2022-01-10,150.19850158691406,,,,,,
2022-01-11,145.87501525878906,,,,,,
2022-01-12,144.83738708496094,,,,,,
2022-01-13,150.63087463378906,,,,,,
2022-01-14,150.54443359375,,,,,,
2022-01-18,158.67262268066406,,,,,,
2022-01-19,163.51492309570312,,,,,,
2022-01-20,168.78961181640625,,,,,,
2022-01-21,178.73365783691406,,,,,,
2022-01-24,176.39895629882812,,,,,,
2022-01-25,182.970703125,,,,,,
2022-01-26,184.26776123046875,,,,,,
2022-01-27,187.2077178955078,,,,,,
2022-01-28,173.28604125976562,,,,,,
2022-01-31,163.94732666015625,,,,,,
2022-02-01,160.7478790283203,,,,,,
2022-02-02,155.819091796875,,,,,,
2022-02-03,166.80078125,,,,,,
2022-02-04,164.37962341308594,,,,,,
2022-02-07,165.849609375,,,,,,
2022-02-08,161.87197875976562,,,,,,
2022-02-09,154.6949920654297,,,,,,
2022-02-10,162.9096221923828,,,,,,
2022-02-11,172.68077087402344,,,,,,
2022-02-14,174.32371520996094,,,,,,
2022-02-15,165.9361114501953,,,,,,
2022-02-16,165.2443389892578,,,,,,
2022-02-17,175.880126953125,,,,,,
2022-02-18,179.3389434814453,,,,,,
2022-02-22,185.04595947265625,,,,,,
2022-02-23,195.2494506835937,,,,,,
2022-02-24,186.17007446289065,,,,,,
2022-02-25,174.1507568359375,,,,,,
2022-02-28,175.10191345214844,,,,,,
2022-03-01,183.14361572265625,,,,,,
2022-03-02,173.28604125976562,,,,,,
2022-03-03,175.79368591308594,,,,,,
2022-03-04,180.0307159423828,,,,,,
2022-03-07,195.94122314453125,,,,,,
2022-03-08,200.17825317382807,,,,,,
2022-03-09,184.18125915527344,,,,,,
2022-03-10,186.6888885498047,,,,,,
2022-03-11,193.7794342041016,,,,,,
2022-03-14,198.18942260742188,,,,,,
2022-03-15,185.30535888671875,,,,,,
2022-03-16,172.85366821289062,,,,,,
2022-03-17,166.45494079589844,,,,,,
2022-03-18,161.00729370117188,,,,,,
2022-03-21,160.92083740234375,,,,,,
2022-03-22,155.1273193359375,,,,,,
2022-03-23,161.09375,,,,,,
2022-03-24,154.17616271972656,,,,,,
2022-03-25,151.66851806640625,,,,,,
2022-03-28,148.64205932617188,,,,,,
2022-03-29,143.10801696777344,,,,,,
2022-03-30,145.44268798828125,,,,,,
2022-03-31,152.27383422851562,,,,,,
2022-04-01,151.23617553710938,,,,,,
2022-04-04,147.25856018066406,,,,,,
2022-04-05,152.7926483154297,,,,,,
2022-04-06,157.2890625,,,,,,
2022-04-07,155.0408477783203,,,,,,
2022-04-08,156.33790588378906,,,,,,
2022-04-11,164.37962341308594,,,,,,
2022-04-12,166.0225372314453,,,,,,
2022-04-13,160.4884490966797,,,,,,
2022-04-14,166.281982421875,,,,,,
2022-04-18,166.281982421875,,,,,,
2022-04-19,158.0673065185547,,,,,,
2022-04-20,158.67262268066406,,,,,,
2022-04-21,165.5037384033203,,,,,,
2022-04-22,179.3389434814453,,,,,,
2022-04-25,176.3125,,,,,,
2022-04-26,191.35829162597656,,,,,,
2022-04-27,189.9747467041016,,,,,,
2022-04-28,175.36134338378906,,,,,,
2022-04-29,194.81707763671875,,,,,,
2022-05-02,191.35829162597656,,,,,,
2022-05-03,188.8506622314453,,,,,,
2022-05-04,171.64308166503906,,,,,,
2022-05-05,190.06124877929688,,,,,,
2022-05-06,193.1741638183593,,,,,,
2022-05-09,211.6787567138672,,,,,,
2022-05-10,210.72756958007807,,,,,,
2022-05-11,220.58517456054688,,,,,,
2022-05-12,221.2769470214844,,,,,,
2022-05-13,205.53936767578125,,,,,,
2022-05-16,207.9605255126953,,,,,,
2022-05-17,195.2494506835937,,,,,,
2022-05-18,218.7693023681641,,,,,,
2022-05-19,223.00631713867188,,,,,,
2022-05-20,222.74693298339844,,,,,,
2022-05-23,209.9493560791016,,,,,,
2022-05-24,214.7052154541016,,,,,,
2022-05-25,208.99819946289065,,,,,,
2022-05-26,196.5465240478516,,,,,,
2022-05-27,182.19244384765625,,,,,,
2022-05-31,185.2189483642578,,,,,,
2022-06-01,189.7153778076172,,,,,,
2022-06-02,178.99305725097656,,,,,,
2022-06-03,187.55360412597656,,,,,,
2022-06-06,186.17007446289065,,,,,,
2022-06-07,180.7224884033203,,,,,,
2022-06-08,186.6024627685547,,,,,,
2022-06-09,199.83233642578125,,,,,,
2022-06-10,217.29931640625,,,,,,
2022-06-13,242.3756103515625,,,,,,
2022-06-14,244.7103271484375,,,,,,
2022-06-15,234.1609802246093,,,,,,
2022-06-16,256.72967529296875,,,,,,
2022-06-17,255.69204711914065,,,,,,
2022-06-21,236.4092254638672,,,,,,
2022-06-22,238.22506713867188,,,,,,
2022-06-23,230.7021331787109,,,,,,
2022-06-24,208.99819946289065,,,,,,
2022-06-27,211.33290100097656,,,,,,
2022-06-28,224.47634887695312,,,,,,
2022-06-29,224.99514770507807,,,,,,
2022-06-30,230.5292358398437,,,,,,
2022-07-01,223.6981201171875,,,,,,
2022-07-05,222.14163208007807,,,,,,
2022-07-06,219.9798889160156,,,,,,
2022-07-07,210.38169860839844,,,,,,
2022-07-08,210.5546875,,,,,,
2022-07-11,217.73165893554688,,,,,,
2022-07-12,223.5251617431641,,,,,,
2022-07-13,227.41636657714844,,,,,,
2022-07-14,229.145736694336,,,,,,
2022-07-15,216.0022888183593,,,,,,
2022-07-18,221.3634033203125,,,,,,
2022-07-19,203.3776397705078,,,,,,
2022-07-20,199.659408569336,,,,,,
2022-07-21,193.4335784912109,,,,,,
2022-07-22,198.7947235107422,,,,,,
2022-07-25,198.2759246826172,,,,,,
2022-07-26,205.1934967041016,,,,,,
2022-07-27,189.2830047607422,,,,,,
2022-07-28,182.2789306640625,,,,,,
2022-07-29,174.49661254882812,,,,,,
2022-08-01,175.880126953125,,,,,,
2022-08-02,179.42543029785156,,,,,,
2022-08-03,171.03782653808594,,,,,,
2022-08-04,171.556640625,,,,,,
2022-08-05,172.5942840576172,,,,,,
2022-08-08,172.94017028808594,,,,,,
2022-08-09,175.18838500976562,,,,,,
2022-08-10,164.20668029785156,,,,,,
2022-08-11,164.03375244140625,,,,,,
2022-08-12,156.0784912109375,,,,,,
2022-08-15,154.00323486328125,,,,,,
2022-08-16,153.05203247070312,,,,,,
2022-08-17,156.51084899902344,,,,,,
2022-08-18,155.2137908935547,,,,,,
2022-08-19,161.3531951904297,,,,,,
2022-08-22,171.556640625,,,,,,
2022-08-23,173.0266571044922,,,,,,
2022-08-24,171.4701690673828,,,,,,
2022-08-25,164.20668029785156,,,,,,
2022-08-26,180.8089294433593,,,,,,
2022-08-29,184.6136169433593,,,,,,
2022-08-30,190.4935760498047,,,,,,
2022-08-31,195.1629638671875,,,,,,
2022-09-01,193.4335784912109,,,,,,
2022-09-02,199.5729522705078,,,,,,
2022-09-06,201.9076690673828,,,,,,
2022-09-07,191.098876953125,,,,,,
2022-09-08,187.38067626953125,,,,,,
2022-09-09,178.64718627929688,,,,,,
2022-09-12,173.11312866210938,,,,,,
2022-09-13,195.42239379882807,,,,,,
2022-09-14,193.52003479003903,,,,,,
2022-09-15,199.91880798339844,,,,,,
2022-09-16,204.7611541748047,,,,,,
2022-09-19,200.17825317382807,,,,,,
2022-09-20,206.83642578125,,,,,,
2022-09-21,217.9046173095703,,,,,,
2022-09-22,223.6116485595703,,,,,,
2022-09-23,234.67984008789065,,,,,,
2022-09-26,241.9432983398437,,,,,,
2022-09-27,243.7591247558593,,,,,,
2022-09-28,229.5780487060547,,,,,,
2022-09-29,244.01858520507807,,,,,,
2022-09-30,255.4326019287109,,,,,,
2022-10-03,235.54446411132807,,,,,,
2022-10-04,213.84051513671875,,,,,,
2022-10-05,215.2240295410156,,,,,,
2022-10-06,222.0551605224609,,,,,,
2022-10-07,240.5598297119141,,,,,,
2022-10-10,246.0938262939453,,,,,,
2022-10-11,251.109115600586,,,,,,
2022-10-12,253.44384765625,,,,,,
2022-10-13,233.81509399414065,,,,,,
2022-10-14,249.63917541503903,,,,,,
2022-10-17,230.5292358398437,,,,,,
2022-10-18,222.48748779296875,,,,,,
2022-10-19,227.15692138671875,,,,,,
2022-10-20,232.95037841796875,,,,,,
2022-10-21,216.4346160888672,,,,,,
2022-10-24,208.3928985595703,,,,,,
2022-10-25,198.6217498779297,,,,,,
2022-10-26,203.03173828125,,,,,,
2022-10-27,206.4905548095703,,,,,,
2022-10-28,191.7906646728516,,,,,,
2022-10-31,195.8547515869141,,,,,,
2022-11-01,198.6217498779297,,,,,,
2022-11-02,213.4081420898437,,,,,,
2022-11-03,220.23928833007807,,,,,,
2022-11-04,210.98699951171875,,,,,,
2022-11-07,204.93409729003903,,,,,,
2022-11-08,201.7346954345703,,,,,,
2022-11-09,214.18638610839844,,,,,,
2022-11-10,179.07952880859375,,,,,,
2022-11-11,173.977783203125,,,,,,
2022-11-14,178.3877716064453,,,,,,
2022-11-15,173.71839904785156,,,,,,
2022-11-16,177.78250122070312,,,,,,
2022-11-17,179.5118865966797,,,,,,
2022-11-18,177.26368713378906,,,,,,
2022-11-21,179.3389434814453,,,,,,
2022-11-22,172.07545471191406,,,,,,
2022-11-23,169.13546752929688,,,,,,
2022-11-25,169.30841064453125,,,,,,
2022-11-28,177.43661499023438,,,,,,
2022-11-29,178.47421264648438,,,,,,
2022-11-30,161.95846557617188,,,,,,
2022-12-01,162.21786499023438,,,,,,
2022-12-02,162.9096221923828,,,,,,
2022-12-05,171.64308166503906,,,,,,
2022-12-06,179.2524871826172,,,,,,
2022-12-07,180.20364379882807,,,,,,
2022-12-08,176.2260284423828,,,,,,
2022-12-09,180.20364379882807,,,,,,
2022-12-12,172.5942840576172,,,,,,
2022-12-13,168.70315551757812,,,,,,
2022-12-14,171.90252685546875,,,,,,
2022-12-15,184.78659057617188,,,,,,
2022-12-16,191.27183532714844,,,,,,
2022-12-19,196.2005920410156,,,,,,
2022-12-20,195.6817779541016,,,,,,
2022-12-21,186.86181640625,,,,,,
2022-12-22,194.99005126953125,,,,,,
2022-12-23,192.1365203857422,,,,,,
2022-12-27,194.21180725097656,,,,,,
2022-12-28,201.4752960205078,,,,,,
2022-12-29,191.27183532714844,,,,,,
2022-12-30,192.82827758789065,,,,,,
2023-01-03,195.3359222412109,,,,,,
2023-01-04,190.8394927978516,,,,,,
2023-01-05,197.4112091064453,,,,,,
2023-01-06,184.0948181152344,,,,,,
2023-01-09,184.440673828125,,,,,,
2023-01-10,180.6360015869141,,,,,,
2023-01-11,173.977783203125,,,,,,
2023-01-12,172.24839782714844,,,,,,
2023-01-13,170.34603881835938,,,,,,
2023-01-17,171.29722595214844,,,,,,
2023-01-18,179.2524871826172,,,,,,
2023-01-19,183.5760040283203,,,,,,
2023-01-20,173.54542541503906,,,,,,
2023-01-23,167.40609741210938,,,,,,
2023-01-24,168.0113525390625,,,,,,
2023-01-25,167.751953125,,,,,,
2023-01-26,162.47726440429688,,,,,,
2023-01-27,161.26669311523438,,,,,,
2023-01-30,167.40609741210938,,,,,,
2023-01-31,160.2290802001953,,,,,,
2023-02-01,155.1273193359375,,,,,,
2023-02-02,148.64205932617188,,,,,,
2023-02-03,153.2249755859375,,,,,,
2023-02-06,156.0784912109375,,,,,,
2023-02-07,150.28501892089844,,,,,,
2023-02-08,155.0408477783203,,,,,,
2023-02-09,159.45082092285156,,,,,,
2023-02-10,158.58612060546875,,,,,,
2023-02-13,152.96554565429688,,,,,,
2023-02-14,153.1385040283203,,,,,,
2023-02-15,151.75498962402344,,,,,,
2023-02-16,158.32672119140625,,,,,,
2023-02-17,159.71023559570312,,,,,,
2023-02-21,169.13546752929688,,,,,,
2023-02-22,169.8271942138672,,,,,,
2023-02-23,167.6654815673828,,,,,,
2023-02-24,173.1995849609375,,,,,,
2023-02-27,171.4701690673828,,,,,,
2023-02-28,173.37254333496094,,,,,,
2023-03-01,175.4477996826172,,,,,,
2023-03-02,171.7295684814453,,,,,,
2023-03-03,163.428466796875,,,,,,
2023-03-06,163.0825653076172,,,,,,
2023-03-07,170.6919708251953,,,,,,
2023-03-08,170.0001983642578,,,,,,
2023-03-09,179.42543029785156,,,,,,
2023-03-10,187.38067626953125,,,,,,
2023-03-13,188.5047607421875,,,,,,
2023-03-14,179.2524871826172,,,,,,
2023-03-15,182.2789306640625,,,,,,
2023-03-16,173.4590301513672,,,,,,
2023-03-17,178.99305725097656,,,,,,
2023-03-20,174.41015625,,,,,,
2023-03-21,167.35047912597656,,,,,,
2023-03-22,175.8360595703125,,,,,,
2023-03-23,174.873779296875,,,,,,
2023-03-24,171.549560546875,,,,,,
2023-03-27,170.58726501464844,,,,,,
2023-03-28,171.72450256347656,,,,,,
2023-03-29,164.55111694335938,,,,,,
2023-03-30,161.66421508789062,,,,,,
2023-03-31,154.92820739746094,,,,,,
2023-04-03,153.4410400390625,,,,,,
2023-04-04,155.8905029296875,,,,,,
2023-04-05,157.377685546875,,,,,,
2023-04-06,155.7155303955078,,,,,,
2023-04-10,155.27813720703125,,,,,,
2023-04-11,155.27813720703125,,,,,,
2023-04-12,157.02774047851562,,,,,,
2023-04-13,151.1665496826172,,,,,,
2023-04-14,152.30381774902344,,,,,,
2023-04-17,150.7291259765625,,,,,,
2023-04-18,150.55416870117188,,,,,,
2023-04-19,150.64166259765625,,,,,,
2023-04-20,153.35357666015625,,,,,,
2023-04-21,153.17861938476562,,,,,,
2023-04-24,152.74119567871094,,,,,,
2023-04-25,159.91461181640625,,,,,,
2023-04-26,162.01414489746094,,,,,,
2023-04-27,152.74119567871094,,,,,,
2023-04-28,148.8920440673828,,,,,,
2023-05-01,149.41690063476562,,,,,,
2023-05-02,154.40333557128906,,,,,,
2023-05-03,157.81509399414062,,,,,,
2023-05-04,161.13934326171875,,,,,,
2023-05-05,152.47877502441406,,,,,,
2023-05-08,152.39126586914062,,,,,,
2023-05-09,154.40333557128906,,,,,,
2023-05-10,152.39126586914062,,,,,,
2023-05-11,153.26608276367188,,,,,,
2023-05-12,154.22836303710938,,,,,,
2023-05-15,152.6537628173828,,,,,,
2023-05-16,155.80303955078125,,,,,,
2023-05-17,150.2042694091797,,,,,,
2023-05-18,146.09266662597656,,,,,,
2023-05-19,146.61756896972656,,,,,,
2023-05-22,146.61756896972656,,,,,,
2023-05-23,151.5164794921875,,,,,,
2023-05-24,154.84072875976562,,,,,,
2023-05-25,151.3415069580078,,,,,,
2023-05-26,145.5677947998047,,,,,,
2023-05-30,145.48031616210938,,,,,,
2023-05-31,147.75482177734375,,,,,,
2023-06-01,143.81814575195312,,,,,,
2023-06-02,137.7820281982422,,,,,,
2023-06-05,138.65679931640625,,,,,,
2023-06-06,137.6945343017578,,,,,,
2023-06-07,139.09423828125,,,,,,
2023-06-08,136.9071807861328,,,,,,
2023-06-09,136.38229370117188,,,,,,
2023-06-12,132.70809936523438,,,,,,
2023-06-13,130.08370971679688,,,,,,
2023-06-14,129.55880737304688,,,,,,
2023-06-15,125.00982666015624,,,,,,
2023-06-16,126.32202911376952,,,,,,
2023-06-20,128.24664306640625,,,,,,
2023-06-21,130.35137939453125,,,,,,
2023-06-22,129.20172119140625,,,,,,
2023-06-23,132.1199951171875,,,,,,
2023-06-26,134.06556701660156,,,,,,
2023-06-27,129.64390563964844,,,,,,
2023-06-28,129.29014587402344,,,,,,
2023-06-29,128.0520782470703,,,,,,
2023-06-30,123.63038635253906,,,,,,
2023-07-03,123.18821716308594,,,,,,
2023-07-05,123.89569091796876,,,,,,
2023-07-06,126.90242767333984,,,,,,
2023-07-07,128.0520782470703,,,,,,
2023-07-10,127.16773986816406,,,,,,
2023-07-11,124.78002166748048,,,,,,
2023-07-12,121.77327728271484,,,,,,
2023-07-13,119.12024688720705,,,,,,
2023-07-14,119.29712677001952,,,,,,
2023-07-17,118.23591613769533,,,,,,
2023-07-18,115.6713409423828,,,,,,
2023-07-19,115.05231475830078,,,,,,
2023-07-20,117.3515853881836,,,,,,
2023-07-21,117.44002532958984,,,,,,
2023-07-24,115.93663787841795,,,,,,
2023-07-25,115.1407470703125,,,,,,
2023-07-26,115.05231475830078,,,,,,
2023-07-27,117.44002532958984,,,,,,
2023-07-28,114.25640106201172,,,,,,
2023-07-31,113.63736724853516,,,,,,
2023-08-01,114.69857025146484,,,,,,
2023-08-02,119.29712677001952,,,,,,
2023-08-03,120.5351791381836,,,,,,
2023-08-04,122.3922882080078,,,,,,
2023-08-07,119.20868682861328,,,,,,
2023-08-08,120.80050659179688,,,,,,
2023-08-09,123.36505889892578,,,,,,
2023-08-10,123.2766342163086,,,,,,
2023-08-11,123.71881866455078,,,,,,
2023-08-14,121.77327728271484,,,,,,
2023-08-15,125.92964935302734,,,,,,
2023-08-16,128.8479461669922,,,,,,
2023-08-17,132.1199951171875,,,,,,
2023-08-18,132.1199951171875,,,,,,
2023-08-21,129.555419921875,,,,,,
2023-08-22,130.79347229003906,,,,,,
2023-08-23,126.46026611328124,,,,,,
2023-08-24,131.67784118652344,,,,,,
2023-08-25,129.11328125,,,,,,
2023-08-28,126.8139877319336,,,,,,
2023-08-29,121.15423583984376,,,,,,
2023-08-30,119.73929595947266,,,,,,
2023-08-31,120.6236343383789,,,,,,
2023-09-01,119.9161605834961,,,,,,
2023-09-05,121.68482971191406,,,,,,
2023-09-06,124.16101837158205,,,,,,
2023-09-07,125.4875030517578,,,,,,
2023-09-08,124.9569091796875,,,,,,
2023-09-11,122.65758514404295,,,,,,
2023-09-12,124.69157409667967,,,,,,
2023-09-13,124.42627716064452,,,,,,
2023-09-14,121.4195327758789,,,,,,
2023-09-15,125.75279235839844,,,,,,
2023-09-18,125.57594299316406,,,,,,
2023-09-19,126.46134185791016,,,,,,
2023-09-20,130.03872680664062,,,,,,
2023-09-21,136.6569366455078,,,,,,
2023-09-22,137.81959533691406,,,,,,
2023-09-25,136.2097625732422,,,,,,
2023-09-26,142.11245727539062,,,,,,
2023-09-27,142.2019500732422,,,,,,
2023-09-28,139.7871856689453,,,,,,
2023-09-29,141.1287384033203,,,,,,
2023-10-02,141.21815490722656,,,,,,
2023-10-03,146.85256958007812,,,,,,
2023-10-04,143.7223358154297,,,,,,
2023-10-05,144.25894165039062,,,,,,
2023-10-06,139.33999633789062,,,,,,
2023-10-09,136.56753540039062,,,,,,
2023-10-10,134.6893768310547,,,,,,
2023-10-11,132.99008178710938,,,,,,
2023-10-12,135.49432373046875,,,,,,
2023-10-13,137.73016357421875,,,,,,
2023-10-16,133.43728637695312,,,,,,
2023-10-17,133.43728637695312,,,,,,
2023-10-18,138.80335998535156,,,,,,
2023-10-19,142.738525390625,,,,,,
2023-10-20,148.10462951660156,,,,,,
2023-10-23,149.17787170410156,,,,,,
2023-10-24,145.7793426513672,,,,,,
2023-10-25,151.9503631591797,,,,,,
2023-10-26,157.94252014160156,,,,,,
2023-10-27,159.99951171875,,,,,,
2023-10-30,154.3651123046875,,,,,,
2023-10-31,151.5032196044922,,,,,,
2023-11-01,146.85256958007812,,,,,,
2023-11-02,138.71395874023438,,,,,,
2023-11-03,135.04710388183594,,,,,,
2023-11-06,134.2421875,,,,,,
2023-11-07,133.16897583007812,,,,,,
2023-11-08,132.81121826171875,,,,,,
2023-11-09,136.03091430664062,,,,,,
2023-11-10,129.7704315185547,,,,,,
2023-11-13,130.30706787109375,,,,,,
2023-11-14,122.79449462890624,,,,,,
2023-11-15,122.07901000976562,,,,,,
2023-11-16,121.81069946289062,,,,,,
2023-11-17,121.363525390625,,,,,,
2023-11-20,118.68045806884766,,,,,,
2023-11-21,119.39595794677734,,,,,,
2023-11-22,118.32273864746094,,,,,,
2023-11-24,118.32273864746094,,,,,,
2023-11-27,118.7698974609375,,,,,,
2023-11-28,118.68045806884766,,,,,,
2023-11-29,118.85934448242188,,,,,,
2023-11-30,117.69669342041016,,,,,,
2023-12-01,115.81855010986328,,,,,,
2023-12-04,117.60725402832033,,,,,,
2023-12-05,117.69669342041016,,,,,,
2023-12-06,119.12763214111328,,,,,,
2023-12-07,116.62345886230467,,,,,,
2023-12-08,115.37137603759766,,,,,,
2023-12-11,113.9404067993164,,,,,,
2023-12-12,112.50945281982422,,,,,,
2023-12-13,107.7693862915039,,,,,,
2023-12-14,106.96446990966795,,,,,,
2023-12-15,107.5010757446289,,,,,,
2023-12-18,105.71237182617188,,,,,,
2023-12-19,104.01313018798828,,,,,,
2023-12-20,108.39542388916016,,,,,,
2023-12-21,105.3644027709961,,,,,,
2023-12-22,104.8231430053711,,,,,,
2023-12-26,103.6504135131836,,,,,,
2023-12-27,103.01896667480467,,,,,,
2023-12-28,103.19937133789062,,,,,,
2023-12-29,104.1916732788086,,,,,,
2024-01-02,105.99586486816406,,,,,,
2024-01-03,108.6119384765625,,,,,,
2024-01-04,109.7846450805664,,,,,,
2024-01-05,109.51402282714844,,,,,,
2024-01-08,104.9133758544922,,,,,,
2024-01-09,105.3644027709961,,,,,,
2024-01-10,103.6504135131836,,,,,,
2024-01-11,104.01126098632812,,,,,,
2024-01-12,103.9210433959961,,,,,,
2024-01-16,105.00357055664062,,,,,,
2024-01-17,106.89796447753906,,,,,,
2024-01-18,104.37210845947266,,,,,,
2024-01-19,100.49310302734376,,,,,,
2024-01-22,99.68122100830078,,,,,,
2024-01-23,99.13996887207033,,,,,,
2024-01-24,98.68891143798828,,,,,,
2024-01-25,97.33577728271484,,,,,,
2024-01-26,97.69660949707033,,,,,,
2024-01-29,95.44139099121094,,,,,,
2024-01-30,95.71200561523438,,,,,,
2024-01-31,100.40289306640624,,,,,,
2024-02-01,96.7042999267578,,,,,,
2024-02-02,93.63719177246094,,,,,,
2024-02-05,94.71971130371094,,,,,,
2024-02-06,93.99803161621094,,,,,,
2024-02-07,91.7427978515625,,,,,,
2024-02-08,91.652587890625,,,,,,
2024-02-09,90.2092514038086,,,,,,
2024-02-12,90.38966369628906,,,,,,
2024-02-13,94.08824157714844,,,,,,
2024-02-14,91.5623779296875,,,,,,
2024-02-15,90.0288314819336,,,,,,
2024-02-16,91.29175567626952,,,,,,
2024-02-20,93.00572967529295,,,,,,
2024-02-21,92.82532501220705,,,,,,
2024-02-22,87.14214324951172,,,,,,
2024-02-23,86.96171569824219,,,,,,
2024-02-26,87.95401763916016,,,,,,
2024-02-27,87.41275024414062,,,,,,
2024-02-28,87.95401763916016,,,,,,
2024-02-29,87.05191802978516,,,,,,
2024-03-01,84.61627197265625,,,,,,
2024-03-04,84.97711181640625,,,,,,
2024-03-05,87.68338775634766,,,,,,
2024-03-06,86.24003601074219,,,,,,
2024-03-07,83.80438995361328,,,,,,
2024-03-08,85.42815399169922,,,,,,
2024-03-11,85.78898620605469,,,,,,
2024-03-12,82.90229797363281,,,,,,
2024-03-13,83.35334777832031,,,,,,
2024-03-14,84.16522979736328,,,,,,
2024-03-15,85.87920379638672,,,,,,
2024-03-18,84.34564971923828,,,,,,
2024-03-19,82.94491577148438,,,,,,
2024-03-20,80.83926391601562,,,,,,
2024-03-21,80.01530456542969,,,,,,
2024-03-22,80.47306060791016,,,,,,
2024-03-25,81.29702758789062,,,,,,
2024-03-26,81.75476837158203,,,,,,
2024-03-27,79.92374420166016,,,,,,
2024-03-28,79.92374420166016,,,,,,
2024-04-01,80.38150024414062,,,,,,
2024-04-02,82.02941131591797,,,,,,
2024-04-03,81.75476837158203,,,,,,
2024-04-04,84.95903015136719,,,,,,
2024-04-05,82.30406951904297,,,,,,
2024-04-08,82.30406951904297,,,,,,
2024-04-09,81.9378662109375,,,,,,
2024-04-10,84.50128173828125,,,,,,
2024-04-11,82.6702651977539,,,,,,
2024-04-12,86.2407455444336,,,,,,
2024-04-15,89.44502258300781,,,,,,
2024-04-16,90.17742919921876,,,,,,
2024-04-17,91.64224243164062,,,,,,
2024-04-18,92.55774688720705,,,,,,
2024-04-19,94.84650421142578,,,,,,
2024-04-22,92.4661865234375,,,,,,
2024-04-23,89.26193237304688,,,,,,
2024-04-24,89.26193237304688,,,,,,
2024-04-25,90.45207977294922,,,,,,
2024-04-26,87.9802017211914,,,,,,
2024-04-29,87.15624237060547,,,,,,
2024-04-30,91.18447875976562,,,,,,
2024-05-01,92.1915283203125,,,,,,
2024-05-02,89.81121826171875,,,,,,
2024-05-03,86.6069564819336,,,,,,
2024-05-06,83.86042022705078,,,,,,
2024-05-07,83.58577728271484,,,,,,
2024-05-08,83.58577728271484,,,,,,
2024-05-09,82.30406951904297,,,,,,
2024-05-10,82.12095642089844,,,,,,
2024-05-13,82.02941131591797,,,,,,
2024-05-14,80.9308090209961,,,,,,
2024-05-15,78.00118255615234,,,,,,
2024-05-16,78.73358917236328,,,,,,
2024-05-17,78.36739349365234,,,,,,
2024-05-20,78.09274291992188,,,,,,
2024-05-21,77.5434341430664,,,,,,
2024-05-22,78.27584838867188,,,,,,
2024-05-23,80.19840240478516,,,,,,
2024-05-24,78.73358917236328,,,,,,
2024-05-28,78.64203643798828,,,,,,
2024-05-29,80.28994750976562,,,,,,
2024-05-30,81.8463134765625,,,,,,
2024-05-31,79.83219146728516,,,,,,
2024-06-03,79.74063873291016,,,,,,
2024-06-04,79.37444305419922,,,,,,
2024-06-05,76.719482421875,,,,,,
2024-06-06,76.719482421875,,,,,,
2024-06-07,77.0856704711914,,,,,,
2024-06-10,76.353271484375,,,,,,
2024-06-11,75.987060546875,,,,,,
2024-06-12,74.06451416015625,,,,,,
2024-06-13,73.60676574707031,,,,,,
2024-06-14,73.60676574707031,,,,,,
2024-06-17,72.05038452148438,,,,,,
2024-06-18,71.50109100341797,,,,,,
2024-06-20,72.05038452148438,,,,,,
2024-06-21,72.59969329833984,,,,,,
2024-06-24,73.33209991455078,,,,,,
2024-06-25,72.46807098388672,,,,,,
2024-06-26,72.1893310546875,,,,,,
2024-06-27,71.91061401367188,,,,,,
2024-06-28,72.9325942993164,,,,,,
2024-07-01,72.37515258789062,,,,,,
2024-07-02,71.0744400024414,,,,,,
2024-07-03,70.23826599121094,,,,,,
2024-07-05,69.12337493896484,,,,,,
2024-07-08,68.93756103515625,,,,,,
2024-07-09,68.6588363647461,,,,,,
2024-07-10,66.70777893066406,,,,,,
2024-07-11,68.4730224609375,,,,,,
2024-07-12,67.3581314086914,,,,,,
2024-07-15,66.8006820678711,,,,,,
2024-07-16,65.5928726196289,,,,,,
2024-07-17,68.4730224609375,,,,,,
2024-07-18,70.14535522460938,,,,,,
2024-07-19,71.72479248046875,,,,,,
2024-07-22,69.402099609375,,,,,,
2024-07-23,69.86663055419922,,,,,,
2024-07-24,74.60494995117188,,,,,,
2024-07-25,75.71983337402344,,,,,,
2024-07-26,73.49003601074219,,,,,,
2024-07-29,73.39713287353516,,,,,,
2024-07-30,74.60494995117188,,,,,,
2024-07-31,70.98152923583984,,,,,,
2024-08-01,73.95457458496094,,,,,,
2024-08-02,78.22833251953125,,,,,,
2024-08-05,85.01060485839844,,,,,,
2024-08-06,82.78083038330078,,,,,,
2024-08-07,84.54606628417969,,,,,,
2024-08-08,78.5999755859375,,,,,,
2024-08-09,77.67089080810547,,,,,,
2024-08-12,77.57798767089844,,,,,,
2024-08-13,73.76876831054688,,,,,,
2024-08-14,73.11840057373047,,,,,,
2024-08-15,69.4950180053711,,,,,,
2024-08-16,69.12337493896484,,,,,,
2024-08-19,67.26522064208984,,,,,,
2024-08-20,67.63684844970703,,,,,,
2024-08-21,66.89359283447266,,,,,,
2024-08-22,68.56593322753906,,,,,,
2024-08-23,66.4290542602539,,,,,,
2024-08-26,66.98650360107422,,,,,,
2024-08-27,66.70777893066406,,,,,,
2024-08-28,67.91557312011719,,,,,,
2024-08-29,68.00847625732422,,,,,,
2024-08-30,66.15032196044922,,,,,,
2024-09-03,70.33116912841797,,,,,,
2024-09-04,70.70280456542969,,,,,,
2024-09-05,71.35316467285156,,,,,,
2024-09-06,74.88365936279297,,,,,,
2024-09-09,72.46807098388672,,,,,,
2024-09-10,71.63188934326172,,,,,,
2024-09-11,69.402099609375,,,,,,
2024-09-12,67.72974395751953,,,,,,
2024-09-13,66.70777893066406,,,,,,
2024-09-16,66.4290542602539,,,,,,
2024-09-17,66.52196502685547,,,,,,
2024-09-18,67.17231750488281,,,,,,
2024-09-19,63.64181137084961,,,,,,
2024-09-20,64.19926452636719,,,,,,
2024-09-23,63.64181137084961,,,,,,
2024-09-24,63.20912551879883,,,,,,
2024-09-25,63.58537292480469,,,,,,
2024-09-26,62.92695617675781,,,,,,
2024-09-27,63.30320358276367,,,,,,
2024-09-30,62.55071258544922,,,,,,
2024-10-01,64.33787536621094,,,,,,
2024-10-02,64.24381256103516,,,,,,
2024-10-03,64.62004852294922,,,,,,
2024-10-04,63.02101516723633,,,,,,
2024-10-07,64.62004852294922,,,,,,
2024-10-08,62.832889556884766,,,,,,
2024-10-09,61.61009216308594,,,,,,
2024-10-10,61.89228820800781,,,,,,
2024-10-11,60.85760116577149,,,,,,
2024-10-14,59.540748596191406,,,,,,
2024-10-15,60.9516716003418,,,,,,
2024-10-16,60.10511779785156,,,,,,
2024-10-17,60.199180603027344,,,,,,
2024-10-18,59.63481140136719,,,,,,
2024-10-21,59.82293319702149,,,,,,
2024-10-22,59.9169921875,,,,,,
2024-10-23,61.61009216308594,,,,,,
2024-10-24,61.23384094238281,,,,,,
2024-10-25,61.51602935791016,,,,,,
2024-10-28,61.04573059082031,,,,,,
2024-10-29,60.66948318481445,,,,,,
2024-10-30,61.23384094238281,,,,,,
2024-10-31,64.80816650390625,,,,,,
2024-11-01,64.1497573852539,,,,,,
2024-11-04,64.71412658691406,,,,,,
2024-11-05,62.36259078979492,,,,,,
2024-11-06,57.65952682495117,,,,,,
2024-11-07,56.34266662597656,,,,,,
2024-11-08,55.68424606323242,,,,,,
2024-11-11,55.68424606323242,,,,,,
2024-11-12,56.154544830322266,,,,,,
2024-11-13,56.06047821044922,,,,,,
2024-11-14,57.18921661376953,,,,,,
2024-11-15,59.44668960571289,,,,,,
2024-11-18,58.69419860839844,,,,,,
2024-11-19,58.22389221191406,,,,,,
2024-11-20,58.129825592041016,,,,,,
2024-11-21,57.18921661376953,,,,,,
2024-11-22,56.71891021728516,,,,,,
2024-11-25,56.34266662597656,,,,,,
2024-11-26,55.30799865722656,,,,,,
2024-11-27,55.96641540527344,,,,,,
2024-11-29,54.93174743652344,,,,,,
2024-12-02,54.64956665039063,,,,,,
2024-12-03,54.64956665039063,,,,,,
2024-12-04,53.70895385742188,,,,,,
2024-12-05,53.99113464355469,,,,,,
2024-12-06,53.70895385742188,,,,,,
2024-12-09,54.64956665039063,,,,,,
2024-12-10,55.119873046875,,,,,,
2024-12-11,53.803009033203125,,,,,,
2024-12-12,54.64956665039063,,,,,,
2024-12-13,54.83768844604492,,,,,,
2024-12-16,54.17925643920898,,,,,,
2024-12-17,54.83768844604492,,,,,,
2024-12-18,59.72887420654297,,,,,,
2024-12-19,59.9169921875,,,,,,
2024-12-20,57.941707611083984,,,,,,
2024-12-23,56.80373764038086,,,,,,
2024-12-24,55.001949310302734,,,,,,
2024-12-26,55.001949310302734,,,,,,
2024-12-27,56.89856719970703,,,,,,
2024-12-30,58.79518508911133,,,,,,
2024-12-31,59.553836822509766,,,,,,
2025-01-02,60.02798843383789,,,,,,
2025-01-03,57.84687423706055,,,,,,
2025-01-06,56.89856719970703,,,,,,
2025-01-07,58.79518508911133,,,,,,
2025-01-08,58.60552215576172,,,,,,
2025-01-10,61.26078796386719,,,,,,
2025-01-13,60.97629928588867,,,,,,
2025-01-14,60.97629928588867,,,,,,
2025-01-15,57.5623893737793,,,,,,
2025-01-16,58.03654479980469,,,,,,
2025-01-17,56.32958221435547,,,,,,
2025-01-21,54.81228256225586,,,,,,
2025-01-22,53.95880508422852,,,,,,
2025-01-23,53.10533142089844,,,,,,
2025-01-24,53.57948303222656,,,,,,
2025-01-27,55.76060104370117,,,,,,
2025-01-28,54.43296432495117,,,,,,
2025-01-29,55.19161224365234,,,,,,
2025-01-30,54.43296432495117,,,,,,
2025-01-31,55.28644180297852,,,,,,
2025-02-03,56.51924514770508,,,,,,
2025-02-04,55.28644180297852,,,,,,
2025-02-05,54.71746063232422,,,,,,
2025-02-06,54.14847183227539,,,,,,
2025-02-07,55.76060104370117,,,,,,
2025-02-10,54.62262344360352,,,,,,
2025-02-11,54.52779769897461,,,,,,
2025-02-12,55.001949310302734,,,,,,
2025-02-13,53.29499435424805,,,,,,
2025-02-14,53.38982009887695,,,,,,
2025-02-18,53.010501861572266,,,,,,
2025-02-19,52.63117599487305,,,,,,
2025-02-20,53.29499435424805,,,,,,
2025-02-21,56.23474884033203,,,,,,
2025-02-24,57.088226318359375,,,,,,
2025-02-25,57.84687423706055,,,,,,
2025-02-26,57.941707611083984,,,,,,
2025-02-27,60.69180679321289,,,,,,
2025-02-28,57.941707611083984,,,,,,
2025-03-03,60.881465911865234,,,,,,
2025-03-04,63.15740585327149,,,,,,
2025-03-05,61.16596221923828,,,,,,
2025-03-06,64.39022064208984,,,,,,
2025-03-07,63.4419059753418,,,,,,
2025-03-10,68.46794128417969,,,,,,
2025-03-11,70.26972198486328,,,,,,
2025-03-12,69.22659301757812,,,,,,
2025-03-13,72.07152557373047,,,,,,
2025-03-14,67.70930480957031,,,,,,
2025-03-17,66.19200897216797,,,,,,
2025-03-18,68.37311553955078,,,,,,
2025-03-19,66.19200897216797,,,,,,
2025-03-20,66.66615295410156,,,,,,
2025-03-21,66.66615295410156,,,,,,
2025-03-24,63.25224685668945,,,,,,
2025-03-25,62.81045150756836,,,,,,
2025-03-26,65.01937866210938,,,,,,
2025-03-27,65.49959564208984,,,,,,
2025-03-28,69.62932586669922,,,,,,
2025-03-31,68.38079833984375,,,,,,
2025-04-01,67.70852661132812,,,,,,
2025-04-02,66.45999145507812,,,,,,
2025-04-03,76.06404113769531,,,,,,
2025-04-04,89.70178985595703,,,,,,
2025-04-07,90.08594512939452,,,,,,
2025-04-08,94.5038070678711,,,,,,
2025-04-09,67.99664306640625,,,,,,
2025-04-10,74.81550598144531,,,,,,
2025-04-11,70.97389221191406,,,,,,
2025-04-14,69.0530776977539,,,,,,
2025-04-15,69.53328704833984,,,,,,
2025-04-16,74.14321899414062,,,,,,
2025-04-17,74.23927307128906,,,,,,
2025-04-21,79.32940673828125,,,,,,
2025-04-22,73.3749008178711,,,,,,
2025-04-23,69.8214111328125,,,,,,
2025-04-24,65.49959564208984,,,,,,
2025-04-25,64.15502166748047,,,,,,
2025-04-28,64.15502166748047,,,,,,
2025-04-29,63.002532958984375,,,,,,
2025-04-30,63.09857177734375,,,,,,
2025-05-01,61.65796661376953,,,,,,
2025-05-02,58.96883773803711,,,,,,
2025-05-05,59.92924499511719,,,,,,
2025-05-06,61.46588897705078,,,,,,
2025-05-07,60.793601989746094,,,,,,
2025-05-08,59.54508209228516,,,,,,
2025-05-09,59.83319854736328,,,,,,
2025-05-12,53.9747314453125,,,,,,
2025-05-13,52.822242736816406,,,,,,
2025-05-14,52.72621154785156,,,,,,
2025-05-15,51.9578857421875,,,,,,
2025-05-16,50.99747467041016,,,,,,
2025-05-19,50.805397033691406,,,,,,
2025-05-20,51.38164138793945,,,,,,
2025-05-21,53.9747314453125,,,,,,
2025-05-22,53.9747314453125,,,,,,
2025-05-23,55.223262786865234,,,,,,
2025-05-27,51.8618392944336,,,,,,
2025-05-28,52.72621154785156,,,,,,
2025-05-29,52.14996337890625,,,,,,
2025-05-30,52.34204864501953,,,,,,
2025-06-02,51.47768020629883,,,,,,
2025-06-03,50.613319396972656,,,,,,
2025-06-04,50.70935821533203,,,,,,
2025-06-05,51.573726654052734,,,,,,
2025-06-06,49.941036224365234,,,,,,
2025-06-09,49.84499740600586,,,,,,
2025-06-10,48.98062896728516,,,,,,
2025-06-11,49.46083450317383,,,,,,
2025-06-12,48.88459396362305,,,,,,
2025-06-13,50.70935821533203,,,,,,
2025-06-16,49.26874923706055,,,,,,
2025-06-17,50.421234130859375,,,,,,
2025-06-18,50.613319396972656,,,,,,
2025-06-20,51.09352111816406,,,,,,
2025-06-23,49.46083450317383,,,,,,
2025-06-24,47.85596466064453,,,,,,
2025-06-25,47.7592887878418,,,,,,
2025-06-26,46.7925033569336,,,,,,
2025-06-27,46.0190658569336,,,,,,
2025-06-30,45.34231948852539,,,,,,
2025-07-01,45.535675048828125,,,,,,
2025-07-02,44.858924865722656,,,,,,
2025-07-03,43.89213943481445,,,,,,
2025-07-07,44.955604553222656,,,,,,
2025-07-08,45.052276611328125,,,,,,
2025-07-09,44.18217468261719,,,,,,
2025-07-10,43.79545593261719,,,,,,
2025-07-11,44.47220993041992,,,,,,
2025-07-14,44.08549499511719,,,,,,
2025-07-15,44.76224136352539,,,,,,
2025-07-16,44.37553024291992,,,,,,
2025-07-17,43.50542068481445,,,,,,
2025-07-18,43.69878005981445,,,,,,
2025-07-21,43.40874481201172,,,,,,
2025-07-22,43.40874481201172,,,,,,
2025-07-23,42.34527587890625,,,,,,
2025-07-24,42.34527587890625,,,,,,
2025-07-25,41.86188507080078,,,,,,
2025-07-28,41.95856094360352,,,,,,
2025-07-29,42.24860000610352,,,,,,
2025-07-30,42.44195938110352,,,,,,
2025-07-31,43.02203369140625,,,,,,
2025-08-01,45.052276611328125,,,,,,
2025-08-04,43.21538543701172,,,,,,
2025-08-05,43.69878005981445,,,,,,
2025-08-06,42.82867050170898,,,,,,
2025-08-07,42.92535400390625,,,,,,
2025-08-08,41.95856094360352,,,,,,
2025-08-11,42.34527587890625,,,,,,
2025-08-12,40.89509582519531,,,,,,
2025-08-13,40.50838088989258,,,,,,
2025-08-14,40.50838088989258,,,,,,
2025-08-15,40.89509582519531,,,,,,
2025-08-18,40.89509582519531,,,,,,
2025-08-19,41.57184600830078,,,,,,
2025-08-20,41.95856094360352,,,,,,
2025-08-21,42.53863525390625,,,,,,
2025-08-22,40.50838088989258,,,,,,
2025-08-25,41.08845520019531,,,,,,
2025-08-26,40.60506057739258,,,,,,
2025-08-27,40.31502914428711,,,,,,
2025-08-28,39.92831039428711,,,,,,
2025-08-29,40.70173645019531,,,,,,
2025-09-02,41.66852569580078,,,,,,
2025-09-03,40.99177551269531,,,,,,
2025-09-04,40.02498626708984,,,,,,
2025-09-05,40.50838088989258,,,,,,
2025-09-08,40.12166976928711,,,,,,
2025-09-09,39.831634521484375,,,,,,
2025-09-10,39.44491195678711,,,,,,
2025-09-11,38.57481002807617,,,,,,
2025-09-12,38.57481002807617,,,,,,
2025-09-15,38.09141540527344,,,,,,
2025-09-16,38.18809127807617,,,,,,
2025-09-17,38.478126525878906,,,,,,
2025-09-18,37.89805603027344,,,,,,
2025-09-19,37.3179817199707,,,,,,
2025-09-22,36.834590911865234,,,,,,
2025-09-23,37.48869323730469,,,,,,
2025-09-24,37.78157043457031,,,,,,
2025-09-25,38.367332458496094,,,,,,
2025-09-26,37.78157043457031,,,,,,
2025-09-29,37.48869323730469,,,,,,
2025-09-30,37.08842468261719,,,,,,
2025-10-01,36.69791412353516,,,,,,
2025-10-02,36.61004638671875,,,,,,
2025-10-03,36.65885925292969,,,,,,
2025-10-06,36.27811813354492,,,,,,
2025-10-07,36.68815231323242,,,,,,
2025-10-08,36.06333923339844,,,,,,
2025-10-09,36.395267486572266,,,,,,
2025-10-10,39.38264846801758,,,,,,
2025-10-13,37.58631896972656,,,,,,
2025-10-14,37.74251937866211,,,,,,
2025-10-15,37.26414489746094,,,,,,
2025-10-16,38.025638580322266,,,,,,
2025-10-17,37.43987274169922,,,,,,
2025-10-20,36.297645568847656,,,,,,
2025-10-21,36.297645568847656,,,,,,
2025-10-22,36.88340377807617,,,,,,
2025-10-23,36.26835632324219,,,,,,
2025-10-24,35.42876434326172,,,,,,
2025-10-27,34.169376373291016,,,,,,
2025-10-28,33.905784606933594,,,,,,
2025-10-29,33.886260986328125,,,,,,
2025-10-30,34.99920654296875,,,,,,
2025-10-31,34.70632553100586,,,,,,
2025-11-03,34.520835876464844,,,,,,
2025-11-04,35.77045822143555,,,,,,
2025-11-05,35.42876434326172,,,,,,
2025-11-06,36.58076477050781,,,,,,
2025-11-07,36.51242446899414,,,,,,
2025-11-10,34.8234748840332,,,,,,
2025-11-11,34.59893798828125,,,,,,
2025-11-12,34.55988693237305,,,,,,
2025-11-13,36.287879943847656,,,,,,
2025-11-14,36.35622024536133,,,,,,
2025-11-17,37.37153625488281,,,,,,
2025-11-18,38.31851577758789,,,,,,
2025-11-19,37.90848922729492,,,,,,
2025-11-20,39.665771484375,,,,,,
2025-11-21,38.51377487182617,,,,,,
2025-11-24,36.8541145324707,,,,,,
2025-11-25,35.819271087646484,,,,,,
2025-11-26,35.10659408569336,,,,,,
2025-11-28,34.56964874267578,,,,,,
2025-12-01,35.04801940917969,,,,,,
2025-12-02,34.89181900024414,,,,,,
2025-12-03,34.53059768676758,,,,,,
2025-12-04,34.46225357055664,,,,,,
2025-12-05,34.32558059692383,,,,,,
2025-12-08,34.64775466918945,,,,,,
2025-12-09,34.735618591308594,,,,,,
2025-12-10,34.07175064086914,,,,,,
2025-12-11,33.84720993041992,,,,,,
2025-12-12,34.979679107666016,,,,,,
2025-12-15,35.15541076660156,,,,,,
2025-12-16,35.45805358886719,,,,,,
2025-12-17,36.65885925292969,,,,,,
2025-12-18,35.83879470825195,,,,,,
2025-12-19,34.89181900024414,,,,,,
2025-12-22,34.25724411010742,,,,,,
2025-12-23,33.79880142211914,,,,,,
2025-12-24,33.48467254638672,,,,,,
2025-12-26,33.52394104003906,,,,,,
2025-12-29,33.88715362548828,,,,,,
2025-12-30,34.02458572387695,,,,,,
2025-12-31,34.81974029541016,,,,,,
2026-01-02,34.672489166259766,,,,,,
2026-01-05,33.99513626098633,,,,,,
2026-01-06,33.396324157714844,,,,,,
2026-01-07,33.73008728027344,,,,,,
2026-01-08,33.75953674316406,,,,,,
2026-01-09,33.13127136230469,,,,,,
2026-01-12,32.9840202331543,,,,,,
2026-01-13,33.1901741027832,,,,,,
2026-01-14,33.70063781738281,,,,,,
2026-01-15,33.445404052734375,,,,,,
2026-01-16,33.592655181884766,,,,,,
2026-01-20,35.64434051513672,,,,,,
2026-01-21,34.41725540161133,,,,,,
2026-01-22,33.896968841552734,,,,,,
2026-01-23,33.90678787231445,,,,,,
2026-01-26,33.396324157714844,,,,,,
2026-01-27,32.993839263916016,,,,,,
2026-01-28,33.01347351074219,,,,,,
2026-01-29,33.239253997802734,,,,,,
2026-01-30,33.58283996582031,,,,,,
2026-02-02,33.07236862182617,,,,,,
2026-02-03,33.95587158203125,,,,,,
2026-02-04,34.44670486450195,,,,,,
2026-02-05,35.77195358276367,,,,,,
2026-02-06,33.73008728027344,,,,,,
2026-02-09,33.26870346069336,,,,,,
2026-02-10,33.54357147216797,,,,,,
2026-02-11,33.57302474975586,,,,,,
2026-02-12,35.15350341796875,,,,,,
2026-02-13,35.1436882019043,,,,,,
2026-02-17,34.976806640625,,,,,,
2026-02-18,34.456520080566406,,,,,,
2026-02-19,34.72157287597656,,,,,,
2026-02-20,34.034400939941406,,,,,,
2026-02-23,35.074974060058594,,,,,,
2026-02-24,34.319087982177734,,,,,,
2026-02-25,33.474853515625,,,,,,
2026-02-26,34.034400939941406,,,,,,
2026-02-27,34.5546875,,,,,,
2026-03-02,34.54486846923828,,,,,,
2026-03-03,35.47745513916016,,,,,,
2026-03-04,34.73139190673828,,,,,,
2026-03-05,35.310569763183594,,,,,,
2026-03-06,36.74380493164063,,,,,,
2026-03-09,35.791587829589844,,,,,,
2026-03-10,36.0075569152832,,,,,,
2026-03-11,36.14498901367188,,,,,,
2026-03-12,37.80400466918945,,,,,,
2026-03-13,38.491172790527344,,,,,,
2026-03-16,37.34262466430664,,,,,,
2026-03-17,37.05793762207031,,,,,,
2026-03-18,38.61878967285156,,,,,,
2026-03-19,38.93292236328125,,,,,,
2026-03-20,40.6606559753418,,,,,,
2026-03-23,39.413944244384766,,,,,,
2026-03-24,39.79354476928711,,,,,,
2026-03-25,39.14931106567383,,,,,,
2026-03-26,41.26040267944336,,,,,,
2026-03-27,43.42104721069336,,,,,,
2026-03-30,43.896785736083984,,,,,,
2026-03-31,40.13052368164063,,,,,,
2026-04-01,39.18895721435547,,,,,,
2026-04-02,39.12948989868164,,,,,,
2026-04-06,38.614105224609375,,,,,,
2026-04-07,38.54472732543945,,,,,,
2026-04-08,35.66056442260742,,,,,,
2026-04-09,35.04607009887695,,,,,,
2026-04-10,35.165000915527344,,,,,,
2026-04-13,34.14414596557617,,,,,,
2026-04-14,32.92506790161133,,,,,,
2026-04-15,32.14208221435547,,,,,,
2026-04-16,31.904211044311523,,,,,,
2026-04-17,30.79415512084961,,,,,,
2026-04-20,30.95273399353028,,,,,,
2026-04-21,31.587053298950195,,,,,,
2026-04-22,30.62566375732422,,,,,,
2026-04-23,31.01220321655273,,,,,,
2026-04-24,30.318416595458984,,,,,,
2026-04-27,30.17966079711914,,,,,,
2026-04-28,30.64548683166504,,,,,,
2026-04-29,30.66530990600586,,,,,,
2026-04-30,29.78321075439453,,,,,,
2026-05-01,29.53542900085449,,,,,,
2026-05-04,29.862499237060547,,,,,,
2026-05-05,29.17862701416016,,,,,,
2026-05-06,27.979368209838867,,,,,,
2026-05-07,28.237060546875,,,,,,
2026-05-08,27.5730094909668,,,,,,
2026-05-11,27.4144287109375,,,,,,
2026-05-12,27.51354217529297,,,,,,
2026-05-13,27.07744789123535,,,,,,
2026-05-14,26.45304298400879,,,,,,
2026-05-15,27.444164276123047,,,,,,
2026-05-18,27.51354217529297,,,,,,
2026-05-19,28.05865859985352,,,,,,
2026-05-20,27.20629501342773,,,,,,
2026-05-21,27.05762481689453,,,,,,
2026-05-22,26.760290145874023,,,,,,
2026-05-26,26.254817962646484,,,,,,
2026-05-27,26.26472854614257,,,,,,
2026-05-28,25.84845733642578,,,,,,
2026-05-29,25.69978904724121,,,,,,
2026-06-01,25.49165344238281,,,,,,
2026-06-02,25.392541885375977,,,,,,
2026-06-03,25.947568893432617,,,,,,
2026-06-04,25.65023231506348,,,,,,
2026-06-05,27.67212104797364,,,,,,
2026-06-08,27.473896026611328,,,,,,
2026-06-09,27.741498947143555,,,,,,
2026-06-10,29.049779891967773,,,,,,
2026-06-11,27.62256622314453,,,,,,
2026-06-12,27.18647193908692,,,,,,
2026-06-15,25.769166946411133,,,,,,
2026-06-16,26.21517372131348,,,,,,
2026-06-17,27.216203689575195,,,,,,
2026-06-18,26.43321990966797,,,,,,
2026-06-22,26.68099975585937,,,,,,
2026-06-23,27.84000015258789,,,,,,
2026-06-24,27.920000076293945,,,,,,
2026-06-25,27.93000030517578,,,,,,
2026-06-26,28.520000457763672,,,,,,
2026-06-29,27.06999969482422,,,,,,
2026-06-30,26.489999771118164,,,,,,
2026-07-01,26.57999992370605,,,,,,
2026-07-02,26.700000762939453,,,,,,
2026-07-06,26.02,,,,,,
2026-07-07,26.42,,,,,,
2026-07-08,26.68,,,,,,
2026-07-09,26.01,,,,,,
2026-07-10,25.7,,,,,,
2026-07-13,26.29,,,,,,
2026-07-14,26.02,,,,,,
2026-07-15,25.73,,,,,,
2026-07-16,26.16,,,,,,
2026-07-17,26.98,,,,,,
2026-07-20,27.1,,,,,,
2026-07-21,26.44,,,,,,
2026-07-22,26.54,,,,,,
2026-07-23,27.52,,,,,,
2026-07-24,27.49,,,,,,
2026-07-27,27.47,,,,,,
2026-07-28,27.3,,,,,,
2026-07-29,28.58,,,,,,
2026-07-30,27.13,,,,,,
2026-07-31,26.57,,,,,,
2026-08-03,25.44,,,,,,
2026-08-04,24.08,,,,,,
2026-08-05,24.24,,,,,,
2026-08-06,24.37,,,,,,
2026-08-07,23.96,,,,,,
2026-08-10,23.96,,,,,,
2026-08-11,24.22,,,,,,
2026-08-12,24.04,,,,,,
2026-08-13,23.56,,,,,,
2026-08-14,23.72,,,,,,
2026-08-17,24.06,,,,,,
2026-08-18,24.57,,,,,,
2026-08-19,24.41,,,,,,
2026-08-20,25.04,,,,,,
2026-08-21,24.76,,,,,,
2026-08-24,24.99,,,,,,
2026-08-25,24.76,,,,,,
2026-08-26,24.76,,,,,,
2026-08-27,24.28,,,,,,
2026-08-28,24.46,,,,,,
2026-08-31,24.72,24.67,24.92,24.61,9789391.0,24.79,7448.0
2026-09-01,25.23,25.18,25.44,24.94,12414126.0,25.177,9804.0
