date,close,open,high,low,volume,average,barCount
2009-04-16,98.5017547607422,,,,,,
2009-04-17,94.09679412841795,,,,,,
2009-04-20,99.80628967285156,,,,,,
2009-04-21,96.79058837890624,,,,,,
2009-04-22,93.48686981201172,,,,,,
2009-04-23,93.97820281982422,,,,,,
2009-04-24,89.36992645263672,,,,,,
2009-04-27,91.99596405029295,,,,,,
2009-04-28,86.7269515991211,,,,,,
2009-04-29,83.8637466430664,,,,,,
2009-04-30,82.3558578491211,,,,,,
2009-05-01,80.86497497558594,,,,,,
2009-05-04,81.91535949707031,,,,,,
2009-05-05,81.8984146118164,,,,,,
2009-05-06,80.3566665649414,,,,,,
2009-05-07,73.39346313476562,,,,,,
2009-05-08,74.05420684814453,,,,,,
2009-05-11,77.44263458251953,,,,,,
2009-05-12,78.47611236572266,,,,,,
2009-05-13,80.76331329345703,,,,,,
2009-05-14,82.10173797607422,,,,,,
2009-05-15,81.32240295410156,,,,,,
2009-05-18,76.91744232177734,,,,,,
2009-05-19,75.69760131835938,,,,,,
2009-05-20,78.45915222167969,,,,,,
2009-05-21,71.54676055908203,,,,,,
2009-05-22,69.51368713378906,,,,,,
2009-05-26,65.60004425048828,,,,,,
2009-05-27,61.788047790527344,,,,,,
2009-05-28,64.3802261352539,,,,,,
2009-05-29,70.3608169555664,,,,,,
2009-06-01,63.53312301635742,,,,,,
2009-06-02,64.6682357788086,,,,,,
2009-06-03,66.15912628173828,,,,,,
2009-06-04,61.80500793457031,,,,,,
2009-06-05,60.22938537597656,,,,,,
2009-06-08,59.68724822998047,,,,,,
2009-06-09,59.85668563842773,,,,,,
2009-06-10,56.40044403076172,,,,,,
2009-06-11,58.61989212036133,,,,,,
2009-06-12,60.12773132324219,,,,,,
2009-06-15,61.957481384277344,,,,,,
2009-06-16,65.46454620361328,,,,,,
2009-06-17,64.07524108886719,,,,,,
2009-06-18,61.63561630249024,,,,,,
2009-06-19,63.92277908325195,,,,,,
2009-06-22,66.0914077758789,,,,,,
2009-06-23,68.49270629882812,,,,,,
2009-06-24,65.93016815185547,,,,,,
2009-06-25,70.39339447021484,,,,,,
2009-06-26,70.8006820678711,,,,,,
2009-06-29,70.88553619384766,,,,,,
2009-06-30,70.4612808227539,,,,,,
2009-07-01,69.6976089477539,,,,,,
2009-07-02,70.4612808227539,,,,,,
2009-07-06,69.64669799804688,,,,,,
2009-07-07,71.19099426269531,,,,,,
2009-07-08,75.62029266357422,,,,,,
2009-07-09,72.22620391845703,,,,,,
2009-07-10,74.95845794677734,,,,,,
2009-07-13,73.19352722167969,,,,,,
2009-07-14,69.13758087158203,,,,,,
2009-07-15,63.40161895751953,,,,,,
2009-07-16,65.86229705810547,,,,,,
2009-07-17,62.96034622192383,,,,,,
2009-07-20,63.7579345703125,,,,,,
2009-07-21,68.08543395996094,,,,,,
2009-07-22,65.98108673095703,,,,,,
2009-07-23,61.840274810791016,,,,,,
2009-07-24,62.756683349609375,,,,,,
2009-07-27,60.686283111572266,,,,,,
2009-07-28,62.50212860107422,,,,,,
2009-07-29,63.46944808959961,,,,,,
2009-07-30,66.57503509521484,,,,,,
2009-07-31,70.66493225097656,,,,,,
2009-08-03,67.0162582397461,,,,,,
2009-08-04,65.3531723022461,,,,,,
2009-08-05,61.82331848144531,,,,,,
2009-08-06,62.705810546875,,,,,,
2009-08-07,60.6184196472168,,,,,,
2009-08-10,63.28277587890625,,,,,,
2009-08-11,65.89623260498047,,,,,,
2009-08-12,62.97731018066406,,,,,,
2009-08-13,66.47323608398438,,,,,,
2009-08-14,67.15203857421875,,,,,,
2009-08-17,69.8163833618164,,,,,,
2009-08-18,68.54359436035156,,,,,,
2009-08-19,70.6988754272461,,,,,,
2009-08-20,72.65045928955078,,,,,,
2009-08-21,67.25385284423828,,,,,,
2009-08-24,71.19099426269531,,,,,,
2009-08-25,73.17652893066406,,,,,,
2009-08-26,74.16083526611328,,,,,,
2009-08-27,72.63350677490234,,,,,,
2009-08-28,74.17779541015625,,,,,,
2009-08-31,74.78874206542969,,,,,,
2009-09-01,74.02506256103516,,,,,,
2009-09-02,77.70765686035156,,,,,,
2009-09-03,75.56936645507812,,,,,,
2009-09-04,71.32674407958984,,,,,,
2009-09-08,69.62970733642578,,,,,,
2009-09-09,69.40911865234375,,,,,,
2009-09-10,73.82142639160156,,,,,,
2009-09-11,75.1451187133789,,,,,,
2009-09-14,72.78620910644531,,,,,,
2009-09-15,71.44554901123047,,,,,,
2009-09-16,72.12438201904297,,,,,,
2009-09-17,75.06027221679688,,,,,,
2009-09-18,73.0577621459961,,,,,,
2009-09-21,73.29534149169922,,,,,,
2009-09-22,73.99115753173828,,,,,,
2009-09-23,73.85437774658203,,,,,,
2009-09-24,75.25625610351562,,,,,,
2009-09-25,78.19676208496094,,,,,,
2009-09-28,80.55599212646484,,,,,,
2009-09-29,80.52179718017578,,,,,,
2009-09-30,80.33375549316406,,,,,,
2009-10-01,83.59904479980469,,,,,,
2009-10-02,81.80396270751953,,,,,,
2009-10-05,81.61590576171875,,,,,,
2009-10-06,78.91477966308594,,,,,,
2009-10-07,81.95785522460938,,,,,,
2009-10-08,79.08575439453125,,,,,,
2009-10-09,73.32440185546875,,,,,,
2009-10-12,74.28177642822266,,,,,,
2009-10-13,75.41011047363281,,,,,,
2009-10-14,71.58061981201172,,,,,,
2009-10-15,70.33261108398438,,,,,,
2009-10-16,72.69186401367188,,,,,,
2009-10-19,74.40144348144531,,,,,,
2009-10-20,75.5981674194336,,,,,,
2009-10-21,74.0937271118164,,,,,,
2009-10-22,73.01668548583984,,,,,,
2009-10-23,70.84552001953125,,,,,,
2009-10-26,67.93916320800781,,,,,,
2009-10-27,71.01646423339844,,,,,,
2009-10-28,72.14478302001953,,,,,,
2009-10-29,69.46070861816406,,,,,,
2009-10-30,72.74315643310547,,,,,,
2009-11-02,71.70028686523438,,,,,,
2009-11-03,69.05040740966797,,,,,,
2009-11-04,67.40919494628906,,,,,,
2009-11-05,66.96470642089844,,,,,,
2009-11-06,67.35791015625,,,,,,
2009-11-09,67.66565704345703,,,,,,
2009-11-10,67.05020141601562,,,,,,
2009-11-11,67.83660888671875,,,,,,
2009-11-12,67.58016967773438,,,,,,
2009-11-13,68.65724182128906,,,,,,
2009-11-16,71.40966796875,,,,,,
2009-11-17,72.4183349609375,,,,,,
2009-11-18,70.69163513183594,,,,,,
2009-11-19,71.05067443847656,,,,,,
2009-11-20,71.08294677734375,,,,,,
2009-11-23,70.83576202392578,,,,,,
2009-11-24,72.37610626220703,,,,,,
2009-11-25,73.28888702392578,,,,,,
2009-11-27,74.16361999511719,,,,,,
2009-11-30,74.92426300048828,,,,,,
2009-12-01,71.86265563964844,,,,,,
2009-12-02,72.45214080810547,,,,,,
2009-12-03,69.71379089355469,,,,,,
2009-12-04,67.16561889648438,,,,,,
2009-12-07,67.71710205078125,,,,,,
2009-12-08,68.09741973876953,,,,,,
2009-12-09,67.07052612304688,,,,,,
2009-12-10,64.37020874023438,,,,,,
2009-12-11,64.2370834350586,,,,,,
2009-12-14,64.57940673828125,,,,,,
2009-12-15,63.5525016784668,,,,,,
2009-12-16,63.19120788574219,,,,,,
2009-12-17,66.76626586914062,,,,,,
2009-12-18,65.51117706298828,,,,,,
2009-12-21,62.14530563354492,,,,,,
2009-12-22,60.748870849609375,,,,,,
2009-12-23,60.82559967041016,,,,,,
2009-12-24,58.73477935791016,,,,,,
2009-12-28,58.48541259765625,,,,,,
2009-12-29,59.693878173828125,,,,,,
2009-12-30,60.863956451416016,,,,,,
2009-12-31,59.847312927246094,,,,,,
2010-01-04,59.924049377441406,,,,,,
2010-01-05,61.15168762207031,,,,,,
2010-01-06,58.60050201416016,,,,,,
2010-01-07,58.60050201416016,,,,,,
2010-01-08,58.2935905456543,,,,,,
2010-01-11,57.52630615234375,,,,,,
2010-01-12,60.53786849975586,,,,,,
2010-01-13,58.2744255065918,,,,,,
2010-01-14,60.652976989746094,,,,,,
2010-01-15,61.76552200317383,,,,,,
2010-01-19,61.51614761352539,,,,,,
2010-01-20,63.1657829284668,,,,,,
2010-01-21,64.5276870727539,,,,,,
2010-01-22,64.00977325439453,,,,,,
2010-01-25,62.93560028076172,,,,,,
2010-01-26,62.9931526184082,,,,,,
2010-01-27,63.08904266357422,,,,,,
2010-01-28,62.43686294555664,,,,,,
2010-01-29,64.23998260498047,,,,,,
2010-02-01,62.4752311706543,,,,,,
2010-02-02,62.82050704956055,,,,,,
2010-02-03,60.57622909545898,,,,,,
2010-02-04,63.70285034179688,,,,,,
2010-02-05,63.952247619628906,,,,,,
2010-02-08,64.29747772216797,,,,,,
2010-02-09,62.34098052978516,,,,,,
2010-02-10,60.46113204956055,,,,,,
2010-02-11,59.32940673828125,,,,,,
2010-02-12,60.00077438354492,,,,,,
2010-02-16,60.53786849975586,,,,,,
2010-02-17,58.60050201416016,,,,,,
2010-02-18,57.60304641723633,,,,,,
2010-02-19,58.50457763671875,,,,,,
2010-02-22,58.06340408325195,,,,,,
2010-02-23,60.88314437866211,,,,,,
2010-02-24,61.03660202026367,,,,,,
2010-02-25,62.1491584777832,,,,,,
2010-02-26,63.06987762451172,,,,,,
2010-03-01,63.06987762451172,,,,,,
2010-03-02,62.74378967285156,,,,,,
2010-03-03,62.16831207275391,,,,,,
2010-03-04,63.05069351196289,,,,,,
2010-03-05,60.49951934814453,,,,,,
2010-03-08,59.674686431884766,,,,,,
2010-03-09,59.75142288208008,,,,,,
2010-03-10,59.32940673828125,,,,,,
2010-03-11,59.80895614624024,,,,,,
2010-03-12,61.01739883422852,,,,,,
2010-03-15,60.95987701416016,,,,,,
2010-03-16,62.321807861328125,,,,,,
2010-03-17,63.031494140625,,,,,,
2010-03-18,62.4752311706543,,,,,,
2010-03-19,62.64786529541016,,,,,,
2010-03-22,62.9931526184082,,,,,,
2010-03-23,61.925392150878906,,,,,,
2010-03-24,58.494747161865234,,,,,,
2010-03-25,57.28050994873047,,,,,,
2010-03-26,57.85872650146485,,,,,,
2010-03-29,57.02996826171875,,,,,,
2010-03-30,57.66598510742188,,,,,,
2010-03-31,58.822391510009766,,,,,,
2010-04-01,58.28271865844727,,,,,,
2010-04-05,55.31460571289063,,,,,,
2010-04-06,55.52663040161133,,,,,,
2010-04-07,57.85872650146485,,,,,,
2010-04-08,57.82016754150391,,,,,,
2010-04-09,58.18635940551758,,,,,,
2010-04-12,59.30423355102539,,,,,,
2010-04-13,59.92094802856445,,,,,,
2010-04-14,58.41764831542969,,,,,,
2010-04-15,58.76456451416016,,,,,,
2010-04-16,60.07516098022461,,,,,,
2010-04-19,59.47766876220703,,,,,,
2010-04-20,60.24861526489258,,,,,,
2010-04-21,61.80974960327149,,,,,,
2010-04-22,61.13518524169922,,,,,,
2010-04-23,60.38351440429688,,,,,,
2010-04-26,60.44134521484375,,,,,,
2010-04-27,63.37091445922852,,,,,,
2010-04-28,61.57845687866211,,,,,,
2010-04-29,62.387969970703125,,,,,,
2010-04-30,64.68148803710938,,,,,,
2010-05-03,64.46949005126953,,,,,,
2010-05-04,68.09288787841797,,,,,,
2010-05-05,69.32640075683594,,,,,,
2010-05-06,76.49608612060547,,,,,,
2010-05-07,72.83413696289062,,,,,,
2010-05-10,68.01577758789062,,,,,,
2010-05-11,67.64960479736328,,,,,,
2010-05-12,65.72225952148438,,,,,,
2010-05-13,67.30268096923828,,,,,,
2010-05-14,71.06095886230469,,,,,,
2010-05-17,70.00096130371094,,,,,,
2010-05-18,73.79779815673828,,,,,,
2010-05-19,74.68437194824219,,,,,,
2010-05-20,79.48345947265625,,,,,,
2010-05-21,79.90748596191406,,,,,,
2010-05-24,78.90523529052734,,,,,,
2010-05-25,80.02313232421875,,,,,,
2010-05-26,79.23290252685547,,,,,,
2010-05-27,73.373779296875,,,,,,
2010-05-28,75.37824249267578,,,,,,
2010-06-01,76.14915466308594,,,,,,
2010-06-02,73.89415740966797,,,,,,
2010-06-03,72.12101745605469,,,,,,
2010-06-04,78.28849792480469,,,,,,
2010-06-07,79.96528625488281,,,,,,
2010-06-08,78.6739730834961,,,,,,
2010-06-09,78.69324493408203,,,,,,
2010-06-10,74.00981903076172,,,,,,
2010-06-11,77.07428741455078,,,,,,
2010-06-14,75.80223083496094,,,,,,
2010-06-15,74.5494613647461,,,,,,
2010-06-16,75.84078216552734,,,,,,
2010-06-17,77.84521484375,,,,,,
2010-06-18,77.3826675415039,,,,,,
2010-06-21,76.76589965820312,,,,,,
2010-06-22,79.6535873413086,,,,,,
2010-06-23,81.28153228759766,,,,,,
2010-06-24,79.75050354003906,,,,,,
2010-06-25,80.7388916015625,,,,,,
2010-06-28,83.20020294189453,,,,,,
2010-06-29,86.1072998046875,,,,,,
2010-06-30,88.00654602050781,,,,,,
2010-07-01,88.39418029785156,,,,,,
2010-07-02,86.20419311523438,,,,,,
2010-07-06,88.27790832519531,,,,,,
2010-07-07,85.02198791503906,,,,,,
2010-07-08,83.39399719238281,,,,,,
2010-07-09,81.70791625976562,,,,,,
2010-07-12,81.76607513427734,,,,,,
2010-07-13,79.53730773925781,,,,,,
2010-07-14,81.99862670898438,,,,,,
2010-07-15,84.78939819335938,,,,,,
2010-07-16,86.01038360595703,,,,,,
2010-07-19,84.18861389160156,,,,,,
2010-07-20,84.59559631347656,,,,,,
2010-07-21,89.11123657226562,,,,,,
2010-07-22,85.91345977783203,,,,,,
2010-07-23,83.04515838623047,,,,,,
2010-07-26,82.65755462646484,,,,,,
2010-07-27,80.27376556396484,,,,,,
2010-07-28,80.77764129638672,,,,,,
2010-07-29,80.79703521728516,,,,,,
2010-07-30,84.57622528076172,,,,,,
2010-08-02,81.02960968017578,,,,,,
2010-08-03,82.19242095947266,,,,,,
2010-08-04,80.17687225341797,,,,,,
2010-08-05,81.22340393066406,,,,,,
2010-08-06,84.01419830322266,,,,,,
2010-08-09,83.18083190917969,,,,,,
2010-08-10,83.41339111328125,,,,,,
2010-08-11,86.94064331054688,,,,,,
2010-08-12,86.14604949951172,,,,,,
2010-08-13,89.63451385498047,,,,,,
2010-08-16,96.45643615722656,,,,,,
2010-08-17,94.55714416503906,,,,,,
2010-08-18,95.6230926513672,,,,,,
2010-08-19,100.23561096191406,,,,,,
2010-08-20,99.75113677978516,,,,,,
2010-08-23,99.57667541503906,,,,,,
2010-08-24,104.53810119628906,,,,,,
2010-08-25,103.76284790039062,,,,,,
2010-08-26,106.68934631347656,,,,,,
2010-08-27,97.05721282958984,,,,,,
2010-08-30,103.08455657958984,,,,,,
2010-08-31,106.51487731933594,,,,,,
2010-09-01,99.26661682128906,,,,,,
2010-09-02,95.9525375366211,,,,,,
2010-09-03,92.11519622802734,,,,,,
2010-09-07,98.16193389892578,,,,,,
2010-09-08,95.6230926513672,,,,,,
2010-09-09,89.71204376220703,,,,,,
2010-09-10,88.27790832519531,,,,,,
2010-09-13,89.4794921875,,,,,,
2010-09-14,92.30901336669922,,,,,,
2010-09-15,88.18099212646484,,,,,,
2010-09-16,85.8553466796875,,,,,,
2010-09-17,86.78559875488281,,,,,,
2010-09-20,88.45230102539062,,,,,,
2010-09-21,91.8438949584961,,,,,,
2010-09-22,94.42350006103516,,,,,,
2010-09-23,95.37531280517578,,,,,,
2010-09-24,91.60690307617188,,,,,,
2010-09-27,96.13287353515624,,,,,,
2010-09-28,98.15304565429688,,,,,,
2010-09-29,97.02642059326172,,,,,,
2010-09-30,96.90985107421876,,,,,,
2010-10-01,95.23931121826172,,,,,,
2010-10-04,96.05519104003906,,,,,,
2010-10-05,94.38463592529295,,,,,,
2010-10-06,97.881103515625,,,,,,
2010-10-07,95.51128387451172,,,,,,
2010-10-08,94.42350006103516,,,,,,
2010-10-11,94.365234375,,,,,,
2010-10-12,91.49034881591795,,,,,,
2010-10-13,91.12128448486328,,,,,,
2010-10-14,86.96440887451172,,,,,,
2010-10-15,83.89529418945312,,,,,,
2010-10-18,86.01260375976562,,,,,,
2010-10-19,87.35291290283203,,,,,,
2010-10-20,87.72195434570312,,,,,,
2010-10-21,84.84710693359375,,,,,,
2010-10-22,86.34281921386719,,,,,,
2010-10-25,87.25576782226562,,,,,,
2010-10-26,83.11830139160156,,,,,,
2010-10-27,81.02044677734375,,,,,,
2010-10-28,81.4283676147461,,,,,,
2010-10-29,83.75935363769531,,,,,,
2010-11-01,82.84637451171875,,,,,,
2010-11-02,85.93490600585938,,,,,,
2010-11-03,80.96215057373047,,,,,,
2010-11-04,82.65213775634766,,,,,,
2010-11-05,78.61178588867188,,,,,,
2010-11-08,79.50532531738281,,,,,,
2010-11-09,74.20235443115234,,,,,,
2010-11-10,74.45491027832031,,,,,,
2010-11-11,74.43547821044922,,,,,,
2010-11-12,73.19231414794922,,,,,,
2010-11-15,68.72460174560547,,,,,,
2010-11-16,73.5807876586914,,,,,,
2010-11-17,72.41531372070312,,,,,,
2010-11-18,73.19231414794922,,,,,,
2010-11-19,74.49373626708984,,,,,,
2010-11-22,75.42613220214844,,,,,,
2010-11-23,76.68872833251953,,,,,,
2010-11-24,72.6095199584961,,,,,,
2010-11-26,75.445556640625,,,,,,
2010-11-29,77.44629669189453,,,,,,
2010-11-30,78.70891571044922,,,,,,
2010-12-01,73.5807876586914,,,,,,
2010-12-02,72.78437805175781,,,,,,
2010-12-03,71.19151306152344,,,,,,
2010-12-06,74.12467956542969,,,,,,
2010-12-07,69.34619140625,,,,,,
2010-12-08,67.50083923339844,,,,,,
2010-12-09,68.3944091796875,,,,,,
2010-12-10,67.28717803955078,,,,,,
2010-12-13,67.81166076660156,,,,,,
2010-12-14,64.92710876464844,,,,,,
2010-12-15,62.4483528137207,,,,,,
2010-12-16,63.66774368286133,,,,,,
2010-12-17,67.02605438232422,,,,,,
2010-12-20,66.96604919433594,,,,,,
2010-12-21,68.28540802001953,,,,,,
2010-12-22,66.9385757446289,,,,,,
2010-12-23,66.15225982666016,,,,,,
2010-12-27,68.30958557128906,,,,,,
2010-12-28,64.27716827392578,,,,,,
2010-12-29,67.42245483398438,,,,,,
2010-12-30,67.3418197631836,,,,,,
2010-12-31,69.45884704589844,,,,,,
2011-01-03,68.20877838134766,,,,,,
2011-01-04,68.10799407958984,,,,,,
2011-01-05,63.69247055053711,,,,,,
2011-01-06,64.45861053466797,,,,,,
2011-01-07,65.48690032958984,,,,,,
2011-01-10,66.55550384521484,,,,,,
2011-01-11,65.38607025146484,,,,,,
2011-01-12,64.09568786621094,,,,,,
2011-01-13,65.60786437988281,,,,,,
2011-01-14,64.39813995361328,,,,,,
2011-01-18,63.45050430297852,,,,,,
2011-01-19,64.74088287353516,,,,,,
2011-01-20,62.32141876220703,,,,,,
2011-01-21,63.55131149291992,,,,,,
2011-01-24,63.6319694519043,,,,,,
2011-01-25,65.48690032958984,,,,,,
2011-01-26,62.60368728637695,,,,,,
2011-01-27,63.28919982910156,,,,,,
2011-01-28,64.23681640625,,,,,,
2011-01-31,62.92628479003906,,,,,,
2011-02-01,61.99882888793945,,,,,,
2011-02-02,62.059303283691406,,,,,,
2011-02-03,60.46649932861328,,,,,,
2011-02-04,58.712398529052734,,,,,,
2011-02-07,59.47856903076172,,,,,,
2011-02-08,57.905887603759766,,,,,,
2011-02-09,59.39790725708008,,,,,,
2011-02-10,57.36150360107422,,,,,,
2011-02-11,59.76082229614258,,,,,,
2011-02-14,59.962440490722656,,,,,,
2011-02-15,60.68828201293945,,,,,,
2011-02-16,60.12375259399414,,,,,,
2011-02-17,60.44634246826172,,,,,,
2011-02-18,59.90195846557617,,,,,,
2011-02-22,62.46256637573242,,,,,,
2011-02-23,63.22872924804688,,,,,,
2011-02-24,64.35781860351562,,,,,,
2011-02-25,65.44657135009766,,,,,,
2011-02-28,65.74897766113281,,,,,,
2011-03-01,66.41437530517578,,,,,,
2011-03-02,63.32952499389648,,,,,,
2011-03-03,61.43428421020508,,,,,,
2011-03-04,62.92628479003906,,,,,,
2011-03-07,61.736724853515625,,,,,,
2011-03-08,60.58745574951172,,,,,,
2011-03-09,62.32141876220703,,,,,,
2011-03-10,65.50706481933594,,,,,,
2011-03-11,64.45861053466797,,,,,,
2011-03-14,64.27716827392578,,,,,,
2011-03-15,67.20068359375,,,,,,
2011-03-16,69.43868255615234,,,,,,
2011-03-17,67.84586334228516,,,,,,
2011-03-18,68.32977294921875,,,,,,
2011-03-21,67.14019012451172,,,,,,
2011-03-22,67.84586334228516,,,,,,
2011-03-23,67.60392761230469,,,,,,
2011-03-24,66.03126525878906,,,,,,
2011-03-25,65.52720642089844,,,,,,
2011-03-28,65.84982299804688,,,,,,
2011-03-29,64.337646484375,,,,,,
2011-03-30,65.7691650390625,,,,,,
2011-03-31,65.38607025146484,,,,,,
2011-04-01,66.39420318603516,,,,,,
2011-04-04,66.55550384521484,,,,,,
2011-04-05,65.78933715820312,,,,,,
2011-04-06,62.94645309448242,,,,,,
2011-04-07,62.482723236083984,,,,,,
2011-04-08,61.45444869995117,,,,,,
2011-04-11,61.55526351928711,,,,,,
2011-04-12,63.61178970336914,,,,,,
2011-04-13,64.72074127197266,,,,,,
2011-04-14,64.57959747314453,,,,,,
2011-04-15,67.07970428466797,,,,,,
2011-04-18,67.64423370361328,,,,,,
2011-04-19,68.45072937011719,,,,,,
2011-04-20,67.18053436279297,,,,,,
2011-04-21,67.05955505371094,,,,,,
2011-04-25,67.74504852294922,,,,,,
2011-04-26,69.76127624511719,,,,,,
2011-04-27,67.64423370361328,,,,,,
2011-04-28,69.11610412597656,,,,,,
2011-04-29,69.68062591552734,,,,,,
2011-05-02,70.16452026367188,,,,,,
2011-05-03,71.33393096923828,,,,,,
2011-05-04,72.28158569335938,,,,,,
2011-05-05,74.31795501708984,,,,,,
2011-05-06,73.39049530029297,,,,,,
2011-05-09,73.06787872314453,,,,,,
2011-05-10,71.5960464477539,,,,,,
2011-05-11,72.6848373413086,,,,,,
2011-05-12,71.3944320678711,,,,,,
2011-05-13,73.28965759277344,,,,,,
2011-05-16,74.58006286621094,,,,,,
2011-05-17,76.81805419921875,,,,,,
2011-05-18,73.79373168945312,,,,,,
2011-05-19,73.71307373046875,,,,,,
2011-05-20,73.69290924072266,,,,,,
2011-05-23,74.78167724609375,,,,,,
2011-05-24,75.62849426269531,,,,,,
2011-05-25,74.66070556640625,,,,,,
2011-05-26,76.55596160888672,,,,,,
2011-05-27,76.41482543945312,,,,,,
2011-05-31,76.89869689941406,,,,,,
2011-06-01,80.1045150756836,,,,,,
2011-06-02,75.54784393310547,,,,,,
2011-06-03,76.79788208007812,,,,,,
2011-06-06,75.06394958496094,,,,,,
2011-06-07,75.97126007080078,,,,,,
2011-06-08,77.82615661621094,,,,,,
2011-06-09,76.91887664794922,,,,,,
2011-06-10,78.61251068115234,,,,,,
2011-06-13,77.46327209472656,,,,,,
2011-06-14,73.9953384399414,,,,,,
2011-06-15,77.96730041503906,,,,,,
2011-06-16,79.05608367919922,,,,,,
2011-06-17,77.9471435546875,,,,,,
2011-06-20,78.04792785644531,,,,,,
2011-06-21,77.24147033691406,,,,,,
2011-06-22,77.18096923828125,,,,,,
2011-06-23,79.0157241821289,,,,,,
2011-06-24,78.12857818603516,,,,,,
2011-06-27,74.96310424804688,,,,,,
2011-06-28,72.98722839355469,,,,,,
2011-06-29,71.67669677734375,,,,,,
2011-06-30,71.21298217773438,,,,,,
2011-07-01,70.85002899169922,,,,,,
2011-07-05,71.45491027832031,,,,,,
2011-07-06,72.40253448486328,,,,,,
2011-07-07,71.73719024658203,,,,,,
2011-07-08,74.86233520507812,,,,,,
2011-07-11,78.00762939453125,,,,,,
2011-07-12,78.99557495117188,,,,,,
2011-07-13,79.64078521728516,,,,,,
2011-07-14,76.35431671142578,,,,,,
2011-07-15,76.57611846923828,,,,,,
2011-07-18,74.41876220703125,,,,,,
2011-07-19,79.07622528076172,,,,,,
2011-07-20,76.2535171508789,,,,,,
2011-07-21,74.41876220703125,,,,,,
2011-07-22,76.07205963134766,,,,,,
2011-07-25,73.652587890625,,,,,,
2011-07-26,75.16474914550781,,,,,,
2011-07-27,75.26556396484375,,,,,,
2011-07-28,75.93091583251953,,,,,,
2011-07-29,80.6690444946289,,,,,,
2011-08-01,82.90704345703125,,,,,,
2011-08-02,90.3065948486328,,,,,,
2011-08-03,90.97193145751952,,,,,,
2011-08-04,100.34735107421876,,,,,,
2011-08-05,91.89938354492188,,,,,,
2011-08-08,100.4885025024414,,,,,,
2011-08-09,101.31514739990234,,,,,,
2011-08-10,110.48896026611328,,,,,,
2011-08-11,93.97612762451172,,,,,,
2011-08-12,99.23843383789062,,,,,,
2011-08-15,96.21412658691406,,,,,,
2011-08-16,101.09334564208984,,,,,,
2011-08-17,106.21453857421876,,,,,,
2011-08-18,112.76725769042967,,,,,,
2011-08-19,115.46902465820312,,,,,,
2011-08-22,114.50128936767578,,,,,,
2011-08-23,110.0857162475586,,,,,,
2011-08-24,100.56915283203124,,,,,,
2011-08-25,103.67414093017578,,,,,,
2011-08-26,106.8194351196289,,,,,,
2011-08-29,102.36360168457033,,,,,,
2011-08-30,107.30330657958984,,,,,,
2011-08-31,102.72650909423828,,,,,,
2011-09-01,108.71467590332033,,,,,,
2011-09-02,119.2394027709961,,,,,,
2011-09-06,123.050048828125,,,,,,
2011-09-07,116.2553482055664,,,,,,
2011-09-08,119.17892456054688,,,,,,
2011-09-09,123.0903778076172,,,,,,
2011-09-12,123.35246276855467,,,,,,
2011-09-13,118.19092559814452,,,,,,
2011-09-14,121.07412719726562,,,,,,
2011-09-15,115.73112487792967,,,,,,
2011-09-16,117.9489517211914,,,,,,
2011-09-19,124.68313598632812,,,,,,
2011-09-20,126.37676239013672,,,,,,
2011-09-21,138.75637817382812,,,,,,
2011-09-22,154.5635986328125,,,,,,
2011-09-23,146.2769012451172,,,,,,
2011-09-26,139.26048278808594,,,,,,
2011-09-27,132.5867462158203,,,,,,
2011-09-28,132.56658935546875,,,,,,
2011-09-29,135.24815368652344,,,,,,
2011-09-30,145.20834350585938,,,,,,
2011-10-03,157.1644744873047,,,,,,
2011-10-04,151.619873046875,,,,,,
2011-10-05,148.09152221679688,,,,,,
2011-10-06,140.04678344726562,,,,,,
2011-10-07,136.82086181640625,,,,,,
2011-10-10,130.91331481933594,,,,,,
2011-10-11,129.76405334472656,,,,,,
2011-10-12,124.13875579833984,,,,,,
2011-10-13,127.32437896728516,,,,,,
2011-10-14,122.16291046142578,,,,,,
2011-10-17,128.19137573242188,,,,,,
2011-10-18,126.15501403808594,,,,,,
2011-10-19,125.75179290771484,,,,,,
2011-10-20,123.3121337890625,,,,,,
2011-10-21,119.27967834472656,,,,,,
2011-10-24,119.7031021118164,,,,,,
2011-10-25,128.89712524414062,,,,,,
2011-10-26,122.30401611328124,,,,,,
2011-10-27,109.74295043945312,,,,,,
2011-10-28,113.13019561767578,,,,,,
2011-10-31,126.51789855957033,,,,,,
2011-11-01,138.9781494140625,,,,,,
2011-11-02,134.09893798828125,,,,,,
2011-11-03,128.65513610839844,,,,,,
2011-11-04,128.95755004882812,,,,,,
2011-11-07,131.49795532226562,,,,,,
2011-11-08,126.39698028564452,,,,,,
2011-11-09,134.44166564941406,,,,,,
2011-11-10,128.433349609375,,,,,,
2011-11-11,125.81221771240234,,,,,,
2011-11-14,132.0424041748047,,,,,,
2011-11-15,131.57867431640625,,,,,,
2011-11-16,135.00625610351562,,,,,,
2011-11-17,138.45396423339844,,,,,,
2011-11-18,138.29270935058594,,,,,,
2011-11-21,140.55084228515625,,,,,,
2011-11-22,145.24859619140625,,,,,,
2011-11-23,149.42221069335938,,,,,,
2011-11-25,143.4542236328125,,,,,,
2011-11-28,142.82911682128906,,,,,,
2011-11-29,139.46206665039062,,,,,,
2011-11-30,132.70770263671875,,,,,,
2011-12-01,130.8124542236328,,,,,,
2011-12-02,136.2159881591797,,,,,,
2011-12-05,135.7723846435547,,,,,,
2011-12-06,131.57867431640625,,,,,,
2011-12-07,133.2319793701172,,,,,,
2011-12-08,137.9700927734375,,,,,,
2011-12-09,129.42129516601562,,,,,,
2011-12-12,133.71588134765625,,,,,,
2011-12-13,137.39085388183594,,,,,,
2011-12-14,145.33404541015625,,,,,,
2011-12-15,143.72914123535156,,,,,,
2011-12-16,148.52346801757812,,,,,,
2011-12-19,154.0695343017578,,,,,,
2011-12-20,142.81494140625,,,,,,
2011-12-21,137.02517700195312,,,,,,
2011-12-22,138.56915283203125,,,,,,
2011-12-23,133.63253784179688,,,,,,
2011-12-27,135.66404724121094,,,,,,
2011-12-28,142.97752380371094,,,,,,
2011-12-29,144.03384399414062,,,,,,
2011-12-30,145.2933807373047,,,,,,
2012-01-03,138.89410400390625,,,,,,
2012-01-04,134.20138549804688,,,,,,
2012-01-05,133.3074951171875,,,,,,
2012-01-06,136.2735137939453,,,,,,
2012-01-09,135.6031036376953,,,,,,
2012-01-10,135.0546112060547,,,,,,
2012-01-11,139.9911651611328,,,,,,
2012-01-12,139.58482360839844,,,,,,
2012-01-13,143.72914123535156,,,,,,
2012-01-17,145.80128479003906,,,,,,
2012-01-18,140.4584197998047,,,,,,
2012-01-19,134.8514404296875,,,,,,
2012-01-20,130.23988342285156,,,,,,
2012-01-23,127.7615203857422,,,,,,
2012-01-24,128.08656311035156,,,,,,
2012-01-25,127.43643951416016,,,,,,
2012-01-26,132.4949188232422,,,,,,
2012-01-27,133.5919647216797,,,,,,
2012-01-30,138.46755981445312,,,,,,
2012-01-31,143.1197052001953,,,,,,
2012-02-01,138.0612335205078,,,,,,
2012-02-02,138.14247131347656,,,,,,
2012-02-03,129.2648162841797,,,,,,
2012-02-06,132.9215087890625,,,,,,
2012-02-07,128.08656311035156,,,,,,
2012-02-08,128.4928436279297,,,,,,
2012-02-09,125.5877914428711,,,,,,
2012-02-10,130.11802673339844,,,,,,
2012-02-13,130.78839111328125,,,,,,
2012-02-14,133.00283813476562,,,,,,
2012-02-15,132.14956665039062,,,,,,
2012-02-16,129.1429443359375,,,,,,
2012-02-17,128.9600830078125,,,,,,
2012-02-21,124.65324401855467,,,,,,
2012-02-22,129.22418212890625,,,,,,
2012-02-23,129.2648162841797,,,,,,
2012-02-24,131.7229766845703,,,,,,
2012-02-27,135.42030334472656,,,,,,
2012-02-28,134.07945251464844,,,,,,
2012-02-29,131.74327087402344,,,,,,
2012-03-01,128.02565002441406,,,,,,
2012-03-02,131.35726928710938,,,,,,
2012-03-05,128.47250366210938,,,,,,
2012-03-06,132.65740966796875,,,,,,
2012-03-07,130.6665802001953,,,,,,
2012-03-08,126.7253875732422,,,,,,
2012-03-09,127.1114730834961,,,,,,
2012-03-12,127.2130126953125,,,,,,
2012-03-13,120.75279235839844,,,,,,
2012-03-14,111.59070587158205,,,,,,
2012-03-15,111.81414031982422,,,,,,
2012-03-16,112.6268081665039,,,,,,
2012-03-19,108.56377410888672,,,,,,
2012-03-20,109.8842315673828,,,,,,
2012-03-21,113.45667266845705,,,,,,
2012-03-22,114.49366760253906,,,,,,
2012-03-23,117.76725006103516,,,,,,
2012-03-26,116.0186538696289,,,,,,
2012-03-27,118.3975601196289,,,,,,
2012-03-28,117.99089050292967,,,,,,
2012-03-29,120.5731430053711,,,,,,
2012-03-30,114.5953140258789,,,,,,
2012-04-02,116.54727935791016,,,,,,
2012-04-03,110.36609649658205,,,,,,
2012-04-04,114.9613037109375,,,,,,
2012-04-05,117.34024810791016,,,,,,
2012-04-09,125.67668914794922,,,,,,
2012-04-10,129.82455444335938,,,,,,
2012-04-11,125.2496337890625,,,,,,
2012-04-12,123.80606079101562,,,,,,
2012-04-13,129.45860290527344,,,,,,
2012-04-16,129.17388916015625,,,,,,
2012-04-17,128.86888122558594,,,,,,
2012-04-18,129.94651794433594,,,,,,
2012-04-19,130.4142303466797,,,,,,
2012-04-20,130.4142303466797,,,,,,
2012-04-23,133.19976806640625,,,,,,
2012-04-24,130.515869140625,,,,,,
2012-04-25,128.52322387695312,,,,,,
2012-04-26,130.6785430908203,,,,,,
2012-04-27,131.00384521484375,,,,,,
2012-04-30,131.0648956298828,,,,,,
2012-05-01,129.09255981445312,,,,,,
2012-05-02,131.87811279296875,,,,,,
2012-05-03,131.59353637695312,,,,,,
2012-05-04,134.72474670410156,,,,,,
2012-05-07,134.78573608398438,,,,,,
2012-05-08,137.1443328857422,,,,,,
2012-05-09,137.205322265625,,,,,,
2012-05-10,136.04637145996094,,,,,,
2012-05-11,139.3402862548828,,,,,,
2012-05-14,145.31808471679688,,,,,,
2012-05-15,147.0870361328125,,,,,,
2012-05-16,148.1239776611328,,,,,,
2012-05-17,155.9927978515625,,,,,,
2012-05-18,156.2774200439453,,,,,,
2012-05-21,155.17950439453125,,,,,,
2012-05-22,150.15728759765625,,,,,,
2012-05-23,153.04454040527344,,,,,,
2012-05-24,151.37725830078125,,,,,,
2012-05-25,153.06488037109375,,,,,,
2012-05-29,151.60092163085938,,,,,,
2012-05-30,163.04824829101562,,,,,,
2012-05-31,168.9447021484375,,,,,,
2012-06-01,180.7173767089844,,,,,,
2012-06-04,176.54920959472656,,,,,,
2012-06-05,170.44932556152344,,,,,,
2012-06-06,159.40866088867188,,,,,,
2012-06-07,160.0593719482422,,,,,,
2012-06-08,159.87637329101562,,,,,,
2012-06-11,162.2755889892578,,,,,,
2012-06-12,157.61941528320312,,,,,,
2012-06-13,162.21463012695312,,,,,,
2012-06-14,161.72659301757812,,,,,,
2012-06-15,164.30886840820312,,,,,,
2012-06-18,166.9114532470703,,,,,,
2012-06-19,160.50665283203125,,,,,,
2012-06-20,162.76364135742188,,,,,,
2012-06-21,165.28488159179688,,,,,,
2012-06-22,158.88009643554688,,,,,,
2012-06-25,165.58990478515625,,,,,,
2012-06-26,163.8616180419922,,,,,,
2012-06-27,164.4512481689453,,,,,,
2012-06-28,165.75247192382812,,,,,,
2012-06-29,159.18502807617188,,,,,,
2012-07-02,164.10556030273438,,,,,,
2012-07-03,160.6083526611328,,,,,,
2012-07-05,162.8245391845703,,,,,,
2012-07-06,167.3181610107422,,,,,,
2012-07-09,171.6083221435547,,,,,,
2012-07-10,172.706298828125,,,,,,
2012-07-11,173.23492431640625,,,,,,
2012-07-12,177.01683044433594,,,,,,
2012-07-13,175.55288696289062,,,,,,
2012-07-16,178.2165069580078,,,,,,
2012-07-17,174.14991760253906,,,,,,
2012-07-18,173.96690368652344,,,,,,
2012-07-19,172.990966796875,,,,,,
2012-07-20,179.0298309326172,,,,,,
2012-07-23,182.1000061035156,,,,,,
2012-07-24,186.4105987548828,,,,,,
2012-07-25,187.91522216796875,,,,,,
2012-07-26,182.7303466796875,,,,,,
2012-07-27,172.78759765625,,,,,,
2012-07-30,175.97984313964844,,,,,,
2012-07-31,177.38282775878906,,,,,,
2012-08-01,174.41427612304688,,,,,,
2012-08-02,177.68783569335938,,,,,,
2012-08-03,169.1480712890625,,,,,,
2012-08-06,169.31076049804688,,,,,,
2012-08-07,162.8245391845703,,,,,,
2012-08-08,160.343994140625,,,,,,
2012-08-09,159.85598754882812,,,,,,
2012-08-10,161.8689727783203,,,,,,
2012-08-13,161.23866271972656,,,,,,
2012-08-14,154.85414123535156,,,,,,
2012-08-15,148.38833618164062,,,,,,
2012-08-16,144.32183837890625,,,,,,
2012-08-17,146.39573669433594,,,,,,
2012-08-20,147.27003479003906,,,,,,
2012-08-21,149.2626495361328,,,,,,
2012-08-22,156.5620880126953,,,,,,
2012-08-23,158.57504272460938,,,,,,
2012-08-24,158.3513641357422,,,,,,
2012-08-27,160.95394897460938,,,,,,
2012-08-28,161.990966796875,,,,,,
2012-08-29,160.07965087890625,,,,,,
2012-08-30,162.47894287109375,,,,,,
2012-08-31,169.20907592773438,,,,,,
2012-09-04,168.76173400878906,,,,,,
2012-09-05,166.3828125,,,,,,
2012-09-06,158.1073760986328,,,,,,
2012-09-07,155.95213317871094,,,,,,
2012-09-10,156.82640075683594,,,,,,
2012-09-11,153.97982788085938,,,,,,
2012-09-12,148.30702209472656,,,,,,
2012-09-13,146.51773071289062,,,,,,
2012-09-14,134.90769958496094,,,,,,
2012-09-17,139.66563415527344,,,,,,
2012-09-18,141.658203125,,,,,,
2012-09-19,144.50477600097656,,,,,,
2012-09-20,145.58245849609375,,,,,,
2012-09-21,146.2940216064453,,,,,,
2012-09-24,149.5270233154297,,,,,,
2012-09-25,154.02049255371094,,,,,,
2012-09-26,158.900390625,,,,,,
2012-09-27,155.58615112304688,,,,,,
2012-09-28,155.89111328125,,,,,,
2012-10-01,157.43641662597656,,,,,,
2012-10-02,156.7450714111328,,,,,,
2012-10-03,156.96878051757812,,,,,,
2012-10-04,151.21461486816406,,,,,,
2012-10-05,145.0944366455078,,,,,,
2012-10-08,149.09999084472656,,,,,,
2012-10-09,148.1239776611328,,,,,,
2012-10-10,151.13323974609375,,,,,,
2012-10-11,154.28482055664062,,,,,,
2012-10-12,155.5251007080078,,,,,,
2012-10-15,154.28482055664062,,,,,,
2012-10-16,147.981689453125,,,,,,
2012-10-17,143.9965057373047,,,,,,
2012-10-18,141.29220581054688,,,,,,
2012-10-19,146.72108459472656,,,,,,
2012-10-22,144.1591339111328,,,,,,
2012-10-23,150.17759704589844,,,,,,
2012-10-24,145.94839477539062,,,,,,
2012-10-25,143.6304473876953,,,,,,
2012-10-26,149.79135131835938,,,,,,
2012-10-31,152.57688903808594,,,,,,
2012-11-01,149.8319549560547,,,,,,
2012-11-02,149.5270233154297,,,,,,
2012-11-05,152.02786254882812,,,,,,
2012-11-06,147.7783966064453,,,,,,
2012-11-07,155.68780517578125,,,,,,
2012-11-08,162.6619415283203,,,,,,
2012-11-09,162.92623901367188,,,,,,
2012-11-12,163.92254638671875,,,,,,
2012-11-13,165.58990478515625,,,,,,
2012-11-14,165.97616577148438,,,,,,
2012-11-15,165.36618041992188,,,,,,
2012-11-16,165.06114196777344,,,,,,
2012-11-19,161.990966796875,,,,,,
2012-11-20,157.0500946044922,,,,,,
2012-11-21,156.62310791015625,,,,,,
2012-11-23,156.2978057861328,,,,,,
2012-11-26,158.24977111816406,,,,,,
2012-11-27,160.40496826171875,,,,,,
2012-11-28,159.85598754882812,,,,,,
2012-11-29,159.693359375,,,,,,
2012-11-30,158.53439331054688,,,,,,
2012-12-03,158.94097900390625,,,,,,
2012-12-04,161.625,,,,,,
2012-12-05,161.36062622070312,,,,,,
2012-12-06,162.2349090576172,,,,,,
2012-12-07,157.9447021484375,,,,,,
2012-12-10,160.01866149902344,,,,,,
2012-12-11,156.379150390625,,,,,,
2012-12-12,151.11294555664062,,,,,,
2012-12-13,150.99093627929688,,,,,,
2012-12-14,154.52879333496094,,,,,,
2012-12-17,147.69700622558594,,,,,,
2012-12-18,143.3902587890625,,,,,,
2012-12-19,144.69287109375,,,,,,
2012-12-20,144.6114501953125,,,,,,
2012-12-21,149.23167419433594,,,,,,
2012-12-24,148.4786376953125,,,,,,
2012-12-26,150.08653259277344,,,,,,
2012-12-27,151.42982482910156,,,,,,
2012-12-28,154.21829223632812,,,,,,
2012-12-31,146.1583251953125,,,,,,
2013-01-02,140.43898010253906,,,,,,
2013-01-03,134.74005126953125,,,,,,
2013-01-04,135.94085693359375,,,,,,
2013-01-07,136.388671875,,,,,,
2013-01-08,138.93280029296875,,,,,,
2013-01-09,138.6885986328125,,,,,,
2013-01-10,137.44700622558594,,,,,,
2013-01-11,141.31422424316406,,,,,,
2013-01-14,140.0115509033203,,,,,,
2013-01-15,141.63983154296875,,,,,,
2013-01-16,142.8406982421875,,,,,,
2013-01-17,138.7293243408203,,,,,,
2013-01-18,141.5787811279297,,,,,,
2013-01-22,142.51504516601562,,,,,,
2013-01-23,141.9451446533203,,,,,,
2013-01-24,140.33717346191406,,,,,,
2013-01-25,134.84173583984375,,,,,,
2013-01-28,133.33560180664062,,,,,,
2013-01-29,131.15780639648438,,,,,,
2013-01-30,130.30291748046875,,,,,,
2013-01-31,132.15513610839844,,,,,,
2013-02-01,127.16846466064452,,,,,,
2013-02-04,131.80908203125,,,,,,
2013-02-05,128.5525665283203,,,,,,
2013-02-06,131.36131286621094,,,,,,
2013-02-07,130.42506408691406,,,,,,
2013-02-08,132.05331420898438,,,,,,
2013-02-11,131.7277374267578,,,,,,
2013-02-12,131.01535034179688,,,,,,
2013-02-13,127.8198699951172,,,,,,
2013-02-14,131.05599975585938,,,,,,
2013-02-15,129.81448364257812,,,,,,
2013-02-19,128.10472106933594,,,,,,
2013-02-20,129.0207061767578,,,,,,
2013-02-21,131.25958251953125,,,,,,
2013-02-22,131.80908203125,,,,,,
2013-02-25,139.33990478515625,,,,,,
2013-02-26,137.06028747558594,,,,,,
2013-02-27,135.92050170898438,,,,,,
2013-02-28,136.63291931152344,,,,,,
2013-03-01,138.8513641357422,,,,,,
2013-03-04,136.5514678955078,,,,,,
2013-03-05,135.35061645507812,,,,,,
2013-03-06,131.8497772216797,,,,,,
2013-03-07,128.6746826171875,,,,,,
2013-03-08,124.74647521972656,,,,,,
2013-03-11,124.97032165527344,,,,,,
2013-03-12,127.61628723144533,,,,,,
2013-03-13,127.16846466064452,,,,,,
2013-03-14,126.13050842285156,,,,,,
2013-03-15,127.63666534423828,,,,,,
2013-03-18,130.70997619628906,,,,,,
2013-03-19,133.38668823242188,,,,,,
2013-03-20,129.08848571777344,,,,,,
2013-03-21,132.3478240966797,,,,,,
2013-03-22,133.02005004882812,,,,,,
2013-03-25,132.38853454589844,,,,,,
2013-03-26,132.9589080810547,,,,,,
2013-03-27,136.3201141357422,,,,,,
2013-03-28,134.221923828125,,,,,,
2013-04-01,137.25717163085938,,,,,,
2013-04-02,135.708984375,,,,,,
2013-04-03,139.27378845214844,,,,,,
2013-04-04,144.34609985351562,,,,,,
2013-04-05,152.92214965820312,,,,,,
2013-04-08,149.7443084716797,,,,,,
2013-04-09,148.52210998535156,,,,,,
2013-04-10,142.39053344726562,,,,,,
2013-04-11,143.06277465820312,,,,,,
2013-04-12,149.43870544433594,,,,,,
2013-04-15,153.1869354248047,,,,,,
2013-04-16,149.56092834472656,,,,,,
2013-04-17,152.49432373046875,,,,,,
2013-04-18,153.61471557617188,,,,,,
2013-04-19,152.7591094970703,,,,,,
2013-04-22,153.20730590820312,,,,,,
2013-04-23,151.43502807617188,,,,,,
2013-04-24,152.5350799560547,,,,,,
2013-04-25,150.86473083496094,,,,,,
2013-04-26,154.69439697265625,,,,,,
2013-04-29,153.04434204101562,,,,,,
2013-04-30,153.34988403320312,,,,,,
2013-05-01,157.8925323486328,,,,,,
2013-05-02,157.66847229003906,,,,,,
2013-05-03,146.2405548095703,,,,,,
2013-05-06,145.28317260742188,,,,,,
2013-05-07,143.63314819335938,,,,,,
2013-05-08,144.1423797607422,,,,,,
2013-05-09,142.81829833984375,,,,,,
2013-05-10,138.39791870117188,,,,,,
2013-05-13,135.36264038085938,,,,,,
2013-05-14,130.86077880859375,,,,,,
2013-05-15,133.38668823242188,,,,,,
2013-05-16,137.64414978027344,,,,,,
2013-05-17,132.26632690429688,,,,,,
2013-05-20,132.04229736328125,,,,,,
2013-05-21,134.99600219726562,,,,,,
2013-05-22,129.0478057861328,,,,,,
2013-05-23,130.738525390625,,,,,,
2013-05-24,131.24781799316406,,,,,,
2013-05-28,121.26622009277344,,,,,,
2013-05-29,125.38111114501952,,,,,,
2013-05-30,124.54586029052734,,,,,,
2013-05-31,123.2218246459961,,,,,,
2013-06-03,125.52364349365234,,,,,,
2013-06-04,121.42916107177734,,,,,,
2013-06-05,126.72549438476562,,,,,,
2013-06-06,126.17555236816406,,,,,,
2013-06-07,120.14582061767578,,,,,,
2013-06-10,117.94578552246094,,,,,,
2013-06-11,121.9995574951172,,,,,,
2013-06-12,116.90690612792967,,,,,,
2013-06-13,122.2032241821289,,,,,,
2013-06-14,121.65325164794922,,,,,,
2013-06-17,119.65689849853516,,,,,,
2013-06-18,119.7549285888672,,,,,,
2013-06-19,116.4073715209961,,,,,,
2013-06-20,110.5288314819336,,,,,,
2013-06-21,104.7319564819336,,,,,,
2013-06-24,105.89541625976562,,,,,,
2013-06-25,103.30315399169922,,,,,,
2013-06-26,105.14019012451172,,,,,,
2013-06-27,108.3243637084961,,,,,,
2013-06-28,110.4880142211914,,,,,,
2013-07-01,111.34529113769533,,,,,,
2013-07-02,111.10037994384766,,,,,,
2013-07-03,110.3451690673828,,,,,,
2013-07-05,99.0371322631836,,,,,,
2013-07-08,101.58853912353516,,,,,,
2013-07-09,102.0784683227539,,,,,,
2013-07-10,99.54740142822266,,,,,,
2013-07-11,103.09901428222656,,,,,,
2013-07-12,102.81327056884766,,,,,,
2013-07-15,104.32371520996094,,,,,,
2013-07-16,105.34429931640624,,,,,,
2013-07-17,105.99748992919922,,,,,,
2013-07-18,102.32337188720705,,,,,,
2013-07-19,106.95682525634766,,,,,,
2013-07-22,107.22216033935548,,,,,,
2013-07-23,105.87499237060548,,,,,,
2013-07-24,101.99679565429688,,,,,,
2013-07-25,102.0172119140625,,,,,,
2013-07-26,103.65015411376952,,,,,,
2013-07-29,101.60897064208984,,,,,,
2013-07-30,101.4048843383789,,,,,,
2013-07-31,102.30299377441406,,,,,,
2013-08-01,96.5468978881836,,,,,,
2013-08-02,99.7719268798828,,,,,,
2013-08-05,97.50623321533205,,,,,,
2013-08-06,98.2614517211914,,,,,,
2013-08-07,100.4046859741211,,,,,,
2013-08-08,101.05785369873048,,,,,,
2013-08-09,101.83350372314452,,,,,,
2013-08-12,99.71068572998048,,,,,,
2013-08-13,95.40386962890624,,,,,,
2013-08-14,95.52632904052734,,,,,,
2013-08-15,91.91343688964844,,,,,,
2013-08-16,90.97454071044922,,,,,,
2013-08-19,88.56597137451172,,,,,,
2013-08-20,90.56631469726562,,,,,,
2013-08-21,87.70866394042969,,,,,,
2013-08-22,90.2601089477539,,,,,,
2013-08-23,93.17898559570312,,,,,,
2013-08-26,94.66902923583984,,,,,,
2013-08-27,98.22066497802734,,,,,,
2013-08-28,95.89373016357422,,,,,,
2013-08-29,98.1594009399414,,,,,,
2013-08-30,97.73077392578124,,,,,,
2013-09-03,93.75050354003906,,,,,,
2013-09-04,92.09717559814452,,,,,,
2013-09-05,89.17831420898438,,,,,,
2013-09-06,90.38258361816406,,,,,,
2013-09-09,90.54586791992188,,,,,,
2013-09-10,88.62721252441406,,,,,,
2013-09-11,90.93372344970705,,,,,,
2013-09-12,90.52548217773438,,,,,,
2013-09-13,91.64810943603516,,,,,,
2013-09-16,89.99478912353516,,,,,,
2013-09-17,92.01502227783205,,,,,,
2013-09-18,95.38890838623048,,,,,,
2013-09-19,93.79397583007812,,,,,,
2013-09-20,95.26622009277344,,,,,,
2013-09-23,97.33141326904295,,,,,,
2013-09-24,100.5008316040039,,,,,,
2013-09-25,101.01204681396484,,,,,,
2013-09-26,99.06951141357422,,,,,,
2013-09-27,99.60115051269533,,,,,,
2013-09-30,99.23308563232422,,,,,,
2013-10-01,97.8630828857422,,,,,,
2013-10-02,98.74235534667967,,,,,,
2013-10-03,98.31292724609376,,,,,,
2013-10-04,98.14935302734376,,,,,,
2013-10-07,99.27398681640624,,,,,,
2013-10-08,99.3353042602539,,,,,,
2013-10-09,96.94293975830078,,,,,,
2013-10-10,97.4132308959961,,,,,,
2013-10-11,97.27011108398438,,,,,,
2013-10-14,94.91862487792967,,,,,,
2013-10-15,94.7754898071289,,,,,,
2013-10-16,98.41515350341795,,,,,,
2013-10-17,101.0733871459961,,,,,,
2013-10-18,101.64591217041016,,,,,,
2013-10-21,100.68489837646484,,,,,,
2013-10-22,104.1405792236328,,,,,,
2013-10-23,105.2038345336914,,,,,,
2013-10-24,104.1405792236328,,,,,,
2013-10-25,105.2651824951172,,,,,,
2013-10-28,104.07921600341795,,,,,,
2013-10-29,104.61085510253906,,,,,,
2013-10-30,102.56608581542967,,,,,,
2013-10-31,103.32262420654295,,,,,,
2013-11-01,99.98963165283205,,,,,,
2013-11-04,100.15322875976562,,,,,,
2013-11-05,96.55441284179688,,,,,,
2013-11-06,96.8406982421875,,,,,,
2013-11-07,99.13084411621094,,,,,,
2013-11-08,92.23995208740234,,,,,,
2013-11-11,90.97218322753906,,,,,,
2013-11-12,92.1786117553711,,,,,,
2013-11-13,93.30321502685548,,,,,,
2013-11-14,95.02084350585938,,,,,,
2013-11-15,95.63426208496094,,,,,,
2013-11-18,97.22923278808594,,,,,,
2013-11-19,95.02084350585938,,,,,,
2013-11-20,90.33832550048828,,,,,,
2013-11-21,90.58367156982422,,,,,,
2013-11-22,93.09873962402344,,,,,,
2013-11-25,94.03936767578124,,,,,,
2013-11-26,94.95948791503906,,,,,,
2013-11-27,94.59144592285156,,,,,,
2013-11-29,94.85729217529295,,,,,,
2013-12-02,92.52619171142578,,,,,,
2013-12-03,93.40545654296876,,,,,,
2013-12-04,90.76769256591795,,,,,,
2013-12-05,89.99068450927734,,,,,,
2013-12-06,91.15618896484376,,,,,,
2013-12-09,91.892333984375,,,,,,
2013-12-10,93.8144073486328,,,,,,
2013-12-11,91.6878433227539,,,,,,
2013-12-12,90.76769256591795,,,,,,
2013-12-13,91.8514404296875,,,,,,
2013-12-16,91.11531829833984,,,,,,
2013-12-17,92.11725616455078,,,,,,
2013-12-18,90.74726104736328,,,,,,
2013-12-19,90.62456512451172,,,,,,
2013-12-20,94.6527862548828,,,,,,
2013-12-23,93.2009735107422,,,,,,
2013-12-24,90.95174407958984,,,,,,
2013-12-26,89.7657470703125,,,,,,
2013-12-27,88.96829223632812,,,,,,
2013-12-30,90.78813934326172,,,,,,
2013-12-31,89.15231323242188,,,,,,
2014-01-02,90.05203247070312,,,,,,
2014-01-03,90.09293365478516,,,,,,
2014-01-06,90.95174407958984,,,,,,
2014-01-07,91.72874450683594,,,,,,
2014-01-08,91.0539779663086,,,,,,
2014-01-09,92.48529815673828,,,,,,
2014-01-10,95.79785919189452,,,,,,
2014-01-13,97.31099700927734,,,,,,
2014-01-14,95.92054748535156,,,,,,
2014-01-15,95.75694274902344,,,,,,
2014-01-16,97.43366241455078,,,,,,
2014-01-17,98.68097686767578,,,,,,
2014-01-21,98.90593719482422,,,,,,
2014-01-22,98.29248809814452,,,,,,
2014-01-23,102.48429870605467,,,,,,
2014-01-24,104.26325225830078,,,,,,
2014-01-27,102.1571044921875,,,,,,
2014-01-28,103.0568389892578,,,,,,
2014-01-29,105.4287567138672,,,,,,
2014-01-30,104.71307373046876,,,,,,
2014-01-31,106.51251220703124,,,,,,
2014-02-03,110.47936248779295,,,,,,
2014-02-04,107.26905059814452,,,,,,
2014-02-05,104.24276733398438,,,,,,
2014-02-06,102.77054595947266,,,,,,
2014-02-07,102.9136962890625,,,,,,
2014-02-10,103.7520523071289,,,,,,
2014-02-11,102.07533264160156,,,,,,
2014-02-12,100.56219482421876,,,,,,
2014-02-13,102.2798080444336,,,,,,
2014-02-14,102.17754364013672,,,,,,
2014-02-18,102.89323425292967,,,,,,
2014-02-19,101.66636657714844,,,,,,
2014-02-20,101.0733871459961,,,,,,
2014-02-21,102.4433822631836,,,,,,
2014-02-24,101.74817657470705,,,,,,
2014-02-25,104.46771240234376,,,,,,
2014-02-26,106.10353088378906,,,,,,
2014-02-27,107.82115173339844,,,,,,
2014-02-28,108.25055694580078,,,,,,
2014-03-03,110.23400115966795,,,,,,
2014-03-04,105.2651824951172,,,,,,
2014-03-05,105.796875,,,,,,
2014-03-06,102.81143188476562,,,,,,
2014-03-07,100.93023681640624,,,,,,
2014-03-10,101.29830932617188,,,,,,
2014-03-11,101.95266723632812,,,,,,
2014-03-12,104.07921600341795,,,,,,
2014-03-13,108.31190490722656,,,,,,
2014-03-14,108.47550201416016,,,,,,
2014-03-17,106.0217514038086,,,,,,
2014-03-18,107.22817993164062,,,,,,
2014-03-19,104.67220306396484,,,,,,
2014-03-20,104.09964752197266,,,,,,
2014-03-21,107.3712921142578,,,,,,
2014-03-24,109.84549713134766,,,,,,
2014-03-25,108.6390609741211,,,,,,
2014-03-26,111.0519027709961,,,,,,
2014-03-27,112.66728973388672,,,,,,
2014-03-28,110.72469329833984,,,,,,
2014-03-31,110.15221405029295,,,,,,
2014-04-01,107.1463851928711,,,,,,
2014-04-02,105.36742401123048,,,,,,
2014-04-03,106.73741149902344,,,,,,
2014-04-04,108.80265045166016,,,,,,
2014-04-07,110.88831329345705,,,,,,
2014-04-08,111.52220153808594,,,,,,
2014-04-09,110.04996490478516,,,,,,
2014-04-10,113.05579376220705,,,,,,
2014-04-11,115.67308807373048,,,,,,
2014-04-14,114.89608764648438,,,,,,
2014-04-15,116.7772445678711,,,,,,
2014-04-16,117.41112518310548,,,,,,
2014-04-17,113.44430541992188,,,,,,
2014-04-21,113.17847442626952,,,,,,
2014-04-22,114.46669006347656,,,,,,
2014-04-23,116.38878631591795,,,,,,
2014-04-24,117.00222778320312,,,,,,
2014-04-25,117.37030029296876,,,,,,
2014-04-28,115.89803314208984,,,,,,
2014-04-29,115.46865844726562,,,,,,
2014-04-30,116.7159194946289,,,,,,
2014-05-01,120.0693817138672,,,,,,
2014-05-02,122.72763061523438,,,,,,
2014-05-05,120.5192642211914,,,,,,
2014-05-06,122.05281066894533,,,,,,
2014-05-07,120.5192642211914,,,,,,
2014-05-08,119.1901397705078,,,,,,
2014-05-09,117.98370361328124,,,,,,
2014-05-12,116.57281494140624,,,,,,
2014-05-13,119.3945770263672,,,,,,
2014-05-14,123.36151123046876,,,,,,
2014-05-15,126.34683990478516,,,,,,
2014-05-16,125.1813507080078,,,,,,
2014-05-19,122.54354858398438,,,,,,
2014-05-20,123.15699005126952,,,,,,
2014-05-21,121.0712890625,,,,,,
2014-05-22,120.62149047851562,,,,,,
2014-05-23,122.2981948852539,,,,,,
2014-05-27,124.58834075927734,,,,,,
2014-05-28,129.0459747314453,,,,,,
2014-05-29,127.2465591430664,,,,,,
2014-05-30,126.98072052001952,,,,,,
2014-06-02,124.1998062133789,,,,,,
2014-06-03,119.57862854003906,,,,,,
2014-06-04,119.45597076416016,,,,,,
2014-06-05,119.72175598144533,,,,,,
2014-06-06,119.80359649658205,,,,,,
2014-06-09,119.06744384765624,,,,,,
2014-06-10,117.840576171875,,,,,,
2014-06-11,118.3517608642578,,,,,,
2014-06-12,120.70327758789062,,,,,,
2014-06-13,121.27579498291016,,,,,,
2014-06-16,122.19595336914062,,,,,,
2014-06-17,119.3945770263672,,,,,,
2014-06-18,122.13459777832033,,,,,,
2014-06-19,117.39071655273438,,,,,,
2014-06-20,120.0080337524414,,,,,,
2014-06-23,118.82208251953124,,,,,,
2014-06-24,122.68667602539062,,,,,,
2014-06-25,123.46369934082033,,,,,,
2014-06-26,125.2018051147461,,,,,,
2014-06-27,124.6701431274414,,,,,,
2014-06-30,125.7129364013672,,,,,,
2014-07-01,122.46175384521484,,,,,,
2014-07-02,118.57671356201172,,,,,,
2014-07-03,117.41112518310548,,,,,,
2014-07-07,119.8648910522461,,,,,,
2014-07-08,123.83175659179688,,,,,,
2014-07-09,124.1998062133789,,,,,,
2014-07-10,124.22023010253906,,,,,,
2014-07-11,126.59219360351562,,,,,,
2014-07-14,124.89505004882812,,,,,,
2014-07-15,124.1998062133789,,,,,,
2014-07-16,126.24459075927734,,,,,,
2014-07-17,130.9475860595703,,,,,,
2014-07-18,129.80252075195312,,,,,,
2014-07-21,131.60189819335938,,,,,,
2014-07-22,132.4402618408203,,,,,,
2014-07-23,131.82684326171875,,,,,,
2014-07-24,129.0050811767578,,,,,,
2014-07-25,133.3399658203125,,,,,,
2014-07-28,132.89012145996094,,,,,,
2014-07-29,134.2601318359375,,,,,,
2014-07-30,128.6983184814453,,,,,,
2014-07-31,127.73728942871094,,,,,,
2014-08-01,130.5795135498047,,,,,,
2014-08-04,129.4958038330078,,,,,,
2014-08-05,130.76356506347656,,,,,,
2014-08-06,130.98851013183594,,,,,,
2014-08-07,134.44419860839844,,,,,,
2014-08-08,133.8102569580078,,,,,,
2014-08-11,133.8307647705078,,,,,,
2014-08-12,131.17251586914062,,,,,,
2014-08-13,133.68760681152344,,,,,,
2014-08-14,136.8979034423828,,,,,,
2014-08-15,141.3759765625,,,,,,
2014-08-18,137.14332580566406,,,,,,
2014-08-19,135.89599609375,,,,,,
2014-08-20,135.20079040527344,,,,,,
2014-08-21,137.49085998535156,,,,,,
2014-08-22,139.8218994140625,,,,,,
2014-08-25,141.25328063964844,,,,,,
2014-08-26,139.9241485595703,,,,,,
2014-08-27,143.52293395996094,,,,,,
2014-08-28,145.75181579589844,,,,,,
2014-08-29,146.16075134277344,,,,,,
2014-09-02,138.472412109375,,,,,,
2014-09-03,140.78297424316406,,,,,,
2014-09-04,135.85504150390625,,,,,,
2014-09-05,135.05755615234375,,,,,,
2014-09-08,134.89407348632812,,,,,,
2014-09-09,134.68951416015625,,,,,,
2014-09-10,132.25625610351562,,,,,,
2014-09-11,130.8249053955078,,,,,,
2014-09-12,126.67401123046876,,,,,,
2014-09-15,127.22608184814452,,,,,,
2014-09-16,125.77430725097656,,,,,,
2014-09-17,124.6701431274414,,,,,,
2014-09-18,125.91744995117188,,,,,,
2014-09-19,130.66131591796875,,,,,,
2014-09-22,131.02943420410156,,,,,,
2014-09-23,133.50357055664062,,,,,,
2014-09-24,131.5405731201172,,,,,,
2014-09-25,136.0186309814453,,,,,,
2014-09-26,135.48696899414062,,,,,,
2014-09-29,138.67686462402344,,,,,,
2014-09-30,136.4480438232422,,,,,,
2014-10-01,144.2590789794922,,,,,,
2014-10-02,140.63983154296875,,,,,,
2014-10-03,142.2347869873047,,,,,,
2014-10-06,142.43922424316406,,,,,,
2014-10-07,148.32815551757812,,,,,,
2014-10-08,148.3895721435547,,,,,,
2014-10-09,146.52879333496094,,,,,,
2014-10-10,150.8228302001953,,,,,,
2014-10-13,153.6241912841797,,,,,,
2014-10-14,156.44595336914062,,,,,,
2014-10-15,160.1470489501953,,,,,,
2014-10-16,157.36611938476562,,,,,,
2014-10-17,154.89190673828125,,,,,,
2014-10-20,156.22103881835938,,,,,,
2014-10-21,152.6427001953125,,,,,,
2014-10-22,152.80628967285156,,,,,,
2014-10-23,148.8394012451172,,,,,,
2014-10-24,149.2074432373047,,,,,,
2014-10-27,150.06625366210938,,,,,,
2014-10-28,147.53076171875,,,,,,
2014-10-29,148.20547485351562,,,,,,
2014-10-30,148.614501953125,,,,,,
2014-10-31,147.44895935058594,,,,,,
2014-11-03,147.59207153320312,,,,,,
2014-11-04,148.7576446533203,,,,,,
2014-11-05,148.47134399414062,,,,,,
2014-11-06,145.44503784179688,,,,,,
2014-11-07,150.35250854492188,,,,,,
2014-11-10,146.18118286132812,,,,,,
2014-11-11,146.6923828125,,,,,,
2014-11-12,146.16075134277344,,,,,,
2014-11-13,147.12173461914062,,,,,,
2014-11-14,149.16661071777344,,,,,,
2014-11-17,148.3895721435547,,,,,,
2014-11-18,149.3505859375,,,,,,
2014-11-19,146.85598754882812,,,,,,
2014-11-20,148.71673583984375,,,,,,
2014-11-21,151.57937622070312,,,,,,
2014-11-24,151.9474639892578,,,,,,
2014-11-25,155.5667266845703,,,,,,
2014-11-26,156.89584350585938,,,,,,
2014-11-28,160.84222412109375,,,,,,
2014-12-01,157.91819763183594,,,,,,
2014-12-02,153.33790588378906,,,,,,
2014-12-03,155.13734436035156,,,,,,
2014-12-04,158.85882568359375,,,,,,
2014-12-05,156.2824249267578,,,,,,
2014-12-08,161.70108032226562,,,,,,
2014-12-09,164.40016174316406,,,,,,
2014-12-10,168.12171936035156,,,,,,
2014-12-11,169.43032836914062,,,,,,
2014-12-12,176.8528594970703,,,,,,
2014-12-15,175.8917999267578,,,,,,
2014-12-16,182.3123779296875,,,,,,
2014-12-17,177.4662628173828,,,,,,
2014-12-18,169.38941955566406,,,,,,
2014-12-19,174.66494750976562,,,,,,
2014-12-22,175.72824096679688,,,,,,
2014-12-23,165.01361083984375,,,,,,
2014-12-24,168.12171936035156,,,,,,
2014-12-26,169.55299377441406,,,,,,
2014-12-29,173.41766357421875,,,,,,
2014-12-30,174.74676513671875,,,,,,
2014-12-31,175.93270874023438,,,,,,
2015-01-02,181.35134887695312,,,,,,
2015-01-05,190.0825653076172,,,,,,
2015-01-06,200.20420837402344,,,,,,
2015-01-07,199.1613922119141,,,,,,
2015-01-08,191.3299102783203,,,,,,
2015-01-09,197.7096099853516,,,,,,
2015-01-12,201.0016632080078,,,,,,
2015-01-13,200.9812469482422,,,,,,
2015-01-14,205.31619262695312,,,,,,
2015-01-15,215.3969573974609,,,,,,
2015-01-16,206.7679748535156,,,,,,
2015-01-20,215.02886962890625,,,,,,
2015-01-21,207.7494354248047,,,,,,
2015-01-22,205.2344207763672,,,,,,
2015-01-23,213.8837890625,,,,,,
2015-01-26,212.12527465820312,,,,,,
2015-01-27,213.0250244140625,,,,,,
2015-01-28,223.41246032714844,,,,,,
2015-01-29,219.15936279296875,,,,,,
2015-01-30,230.4873962402344,,,,,,
2015-02-02,228.31988525390625,,,,,,
2015-02-03,213.72021484375,,,,,,
2015-02-04,214.5790405273437,,,,,,
2015-02-05,207.974365234375,,,,,,
2015-02-06,196.8712158203125,,,,,,
2015-02-09,195.8079528808593,,,,,,
2015-02-10,191.023193359375,,,,,,
2015-02-11,191.84109497070312,,,,,,
2015-02-12,190.0008087158203,,,,,,
2015-02-13,184.11184692382807,,,,,,
2015-02-17,175.9122772216797,,,,,,
2015-02-18,178.75448608398438,,,,,,
2015-02-19,175.64646911621094,,,,,,
2015-02-20,177.11868286132812,,,,,,
2015-02-23,182.700927734375,,,,,,
2015-02-24,190.2461700439453,,,,,,
2015-02-25,192.69989013671875,,,,,,
2015-02-26,184.7866058349609,,,,,,
2015-02-27,189.3055725097656,,,,,,
2015-03-02,178.79541015625,,,,,,
2015-03-03,176.75067138671875,,,,,,
2015-03-04,177.73211669921875,,,,,,
2015-03-05,176.6484375,,,,,,
2015-03-06,164.7886962890625,,,,,,
2015-03-09,169.36900329589844,,,,,,
2015-03-10,175.8917999267578,,,,,,
2015-03-11,179.83824157714844,,,,,,
2015-03-12,179.42930603027344,,,,,,
2015-03-13,177.71170043945312,,,,,,
2015-03-16,182.78273010253903,,,,,,
2015-03-17,187.3426055908203,,,,,,
2015-03-18,198.13902282714844,,,,,,
2015-03-19,195.3581085205078,,,,,,
2015-03-20,198.3025817871093,,,,,,
2015-03-23,197.7709350585937,,,,,,
2015-03-24,203.31231689453125,,,,,,
2015-03-25,198.13902282714844,,,,,,
2015-03-26,189.12155151367188,,,,,,
2015-03-27,195.603515625,,,,,,
2015-03-30,192.9043884277344,,,,,,
2015-03-31,194.1721649169922,,,,,,
2015-04-01,201.9627380371093,,,,,,
2015-04-02,195.54209899902344,,,,,,
2015-04-06,192.2295837402344,,,,,,
2015-04-07,196.91212463378903,,,,,,
2015-04-08,196.91212463378903,,,,,,
2015-04-09,189.4691162109375,,,,,,
2015-04-10,190.1643981933593,,,,,,
2015-04-13,191.06411743164065,,,,,,
2015-04-14,195.0514068603516,,,,,,
2015-04-15,194.662826538086,,,,,,
2015-04-16,191.6775054931641,,,,,,
2015-04-17,198.2821655273437,,,,,,
2015-04-20,193.14976501464844,,,,,,
2015-04-21,190.5733184814453,,,,,,
2015-04-22,181.57627868652344,,,,,,
2015-04-23,183.94825744628903,,,,,,
2015-04-24,187.526611328125,,,,,,
2015-04-27,187.363037109375,,,,,,
2015-04-28,179.6542510986328,,,,,,
2015-04-29,173.1518096923828,,,,,,
2015-04-30,174.1741943359375,,,,,,
2015-05-01,167.16062927246094,,,,,,
2015-05-04,162.35540771484375,,,,,,
2015-05-05,161.61927795410156,,,,,,
2015-05-06,153.21524047851562,,,,,,
2015-05-07,159.3699951171875,,,,,,
2015-05-08,160.76043701171875,,,,,,
2015-05-11,148.94163513183594,,,,,,
2015-05-12,150.0458221435547,,,,,,
2015-05-13,146.38571166992188,,,,,,
2015-05-14,147.67384338378906,,,,,,
2015-05-15,156.2824249267578,,,,,,
2015-05-18,148.7576446533203,,,,,,
2015-05-19,144.8724822998047,,,,,,
2015-05-20,145.50640869140625,,,,,,
2015-05-21,151.4771270751953,,,,,,
2015-05-22,151.6815948486328,,,,,,
2015-05-26,159.20645141601562,,,,,,
2015-05-27,160.61734008789062,,,,,,
2015-05-28,159.410888671875,,,,,,
2015-05-29,160.39236450195312,,,,,,
2015-06-01,155.19866943359375,,,,,,
2015-06-02,148.65536499023438,,,,,,
2015-06-03,141.70314025878906,,,,,,
2015-06-04,146.9786376953125,,,,,,
2015-06-05,141.66220092773438,,,,,,
2015-06-08,141.17152404785156,,,,,,
2015-06-09,137.961181640625,,,,,,
2015-06-10,134.32147216796875,,,,,,
2015-06-11,142.54150390625,,,,,,
2015-06-12,142.82777404785156,,,,,,
2015-06-15,143.27764892578125,,,,,,
2015-06-16,146.75375366210938,,,,,,
2015-06-17,143.4615936279297,,,,,,
2015-06-18,141.25328063964844,,,,,,
2015-06-19,146.61062622070312,,,,,,
2015-06-22,137.87939453125,,,,,,
2015-06-23,135.28256225585938,,,,,,
2015-06-24,138.61550903320312,,,,,,
2015-06-25,137.24554443359375,,,,,,
2015-06-26,132.62425231933594,,,,,,
2015-06-29,142.78684997558594,,,,,,
2015-06-30,140.3535614013672,,,,,,
2015-07-01,134.5259246826172,,,,,,
2015-07-02,135.97772216796875,,,,,,
2015-07-06,143.25717163085938,,,,,,
2015-07-07,147.30577087402344,,,,,,
2015-07-08,151.29318237304688,,,,,,
2015-07-09,142.3369903564453,,,,,,
2015-07-10,135.54833984375,,,,,,
2015-07-13,134.2601318359375,,,,,,
2015-07-14,135.4665069580078,,,,,,
2015-07-15,139.78103637695312,,,,,,
2015-07-16,142.68460083007812,,,,,,
2015-07-17,144.97479248046875,,,,,,
2015-07-20,143.19580078125,,,,,,
2015-07-21,145.48597717285156,,,,,,
2015-07-22,148.08285522460938,,,,,,
2015-07-23,153.70599365234375,,,,,,
2015-07-24,154.9532928466797,,,,,,
2015-07-27,157.30477905273438,,,,,,
2015-07-28,153.9104461669922,,,,,,
2015-07-29,152.15196228027344,,,,,,
2015-07-30,155.6280517578125,,,,,,
2015-07-31,159.16552734375,,,,,,
2015-08-03,164.2570037841797,,,,,,
2015-08-04,160.2083740234375,,,,,,
2015-08-05,156.54820251464844,,,,,,
2015-08-06,160.55596923828125,,,,,,
2015-08-07,166.7516632080078,,,,,,
2015-08-10,160.9649658203125,,,,,,
2015-08-11,168.30567932128906,,,,,,
2015-08-12,165.74972534179688,,,,,,
2015-08-13,164.0525665283203,,,,,,
2015-08-14,165.17721557617188,,,,,,
2015-08-17,167.36508178710938,,,,,,
2015-08-18,163.41867065429688,,,,,,
2015-08-19,168.26480102539062,,,,,,
2015-08-20,173.3358612060547,,,,,,
2015-08-21,174.8489990234375,,,,,,
2015-08-24,174.93075561523438,,,,,,
2015-08-25,166.38357543945312,,,,,,
2015-08-26,156.58912658691406,,,,,,
2015-08-27,157.1207733154297,,,,,,
2015-08-28,158.0818328857422,,,,,,
2015-08-31,154.7897186279297,,,,,,
2015-09-01,157.77508544921875,,,,,,
2015-09-02,153.9104461669922,,,,,,
2015-09-03,156.0779571533203,,,,,,
2015-09-04,160.35150146484375,,,,,,
2015-09-08,153.4810333251953,,,,,,
2015-09-09,155.28048706054688,,,,,,
2015-09-10,152.3973388671875,,,,,,
2015-09-11,155.15773010253906,,,,,,
2015-09-14,155.91432189941406,,,,,,
2015-09-15,147.1013946533203,,,,,,
2015-09-16,145.3428497314453,,,,,,
2015-09-17,150.7410888671875,,,,,,
2015-09-18,157.42747497558594,,,,,,
2015-09-21,150.06625366210938,,,,,,
2015-09-22,155.97567749023438,,,,,,
2015-09-23,156.098388671875,,,,,,
2015-09-24,159.24732971191406,,,,,,
2015-09-25,155.23956298828125,,,,,,
2015-09-28,162.94837951660156,,,,,,
2015-09-29,164.52285766601562,,,,,,
2015-09-30,162.68260192871094,,,,,,
2015-10-01,164.68646240234375,,,,,,
2015-10-02,167.6309356689453,,,,,,
2015-10-05,161.21031188964844,,,,,,
2015-10-06,162.9893035888672,,,,,,
2015-10-07,161.53750610351562,,,,,,
2015-10-08,157.50926208496094,,,,,,
2015-10-09,158.6134490966797,,,,,,
2015-10-12,162.15089416503906,,,,,,
2015-10-13,162.86659240722656,,,,,,
2015-10-14,166.99703979492188,,,,,,
2015-10-15,165.03404235839844,,,,,,
2015-10-16,164.8704833984375,,,,,,
2015-10-19,163.58224487304688,,,,,,
2015-10-20,160.39236450195312,,,,,,
2015-10-21,165.3203125,,,,,,
2015-10-22,166.19952392578125,,,,,,
2015-10-23,162.15089416503906,,,,,,
2015-10-26,164.93182373046875,,,,,,
2015-10-27,166.22003173828125,,,,,,
2015-10-28,164.2979278564453,,,,,,
2015-10-29,156.69131469726562,,,,,,
2015-10-30,159.86074829101562,,,,,,
2015-11-02,157.77508544921875,,,,,,
2015-11-03,154.094482421875,,,,,,
2015-11-04,154.60565185546875,,,,,,
2015-11-05,153.27658081054688,,,,,,
2015-11-06,146.63107299804688,,,,,,
2015-11-09,144.23866271972656,,,,,,
2015-11-10,145.26100158691406,,,,,,
2015-11-11,144.4022674560547,,,,,,
2015-11-12,146.38571166992188,,,,,,
2015-11-13,148.9620819091797,,,,,,
2015-11-16,148.53268432617188,,,,,,
2015-11-17,149.18698120117188,,,,,,
2015-11-18,150.25027465820312,,,,,,
2015-11-19,153.09255981445312,,,,,,
2015-11-20,151.96792602539062,,,,,,
2015-11-23,153.25611877441406,,,,,,
2015-11-24,153.17437744140625,,,,,,
2015-11-25,154.21714782714844,,,,,,
2015-11-27,153.767333984375,,,,,,
2015-11-30,155.52584838867188,,,,,,
2015-12-01,161.8441925048828,,,,,,
2015-12-02,161.926025390625,,,,,,
2015-12-03,148.77804565429688,,,,,,
2015-12-04,152.72447204589844,,,,,,
2015-12-07,156.9776153564453,,,,,,
2015-12-08,157.30477905273438,,,,,,
2015-12-09,156.79359436035156,,,,,,
2015-12-10,157.38661193847656,,,,,,
2015-12-11,164.89089965820312,,,,,,
2015-12-14,158.47027587890625,,,,,,
2015-12-15,155.68939208984375,,,,,,
2015-12-16,154.66705322265625,,,,,,
2015-12-17,159.86074829101562,,,,,,
2015-12-18,162.60073852539062,,,,,,
2015-12-21,162.4371795654297,,,,,,
2015-12-22,159.04283142089844,,,,,,
2015-12-23,155.36221313476562,,,,,,
2015-12-24,157.8977508544922,,,,,,
2015-12-28,159.3699951171875,,,,,,
2015-12-29,151.57937622070312,,,,,,
2015-12-30,150.98646545410156,,,,,,
2015-12-31,151.78390502929688,,,,,,
2016-01-04,156.2824249267578,,,,,,
2016-01-05,154.36032104492188,,,,,,
2016-01-06,160.53553771972656,,,,,,
2016-01-07,161.3738555908203,,,,,,
2016-01-08,163.4391326904297,,,,,,
2016-01-11,158.16354370117188,,,,,,
2016-01-12,165.03404235839844,,,,,,
2016-01-13,169.90060424804688,,,,,,
2016-01-14,165.21803283691406,,,,,,
2016-01-15,172.98826599121094,,,,,,
2016-01-19,171.35240173339844,,,,,,
2016-01-20,176.75067138671875,,,,,,
2016-01-21,172.96780395507812,,,,,,
2016-01-22,171.18882751464844,,,,,,
2016-01-25,173.82656860351562,,,,,,
2016-01-26,174.21510314941406,,,,,,
2016-01-27,173.8675079345703,,,,,,
2016-01-28,174.68540954589844,,,,,,
2016-01-29,178.7135772705078,,,,,,
2016-02-01,177.42544555664062,,,,,,
2016-02-02,187.1381378173828,,,,,,
2016-02-03,182.6600036621093,,,,,,
2016-02-04,185.3182067871093,,,,,,
2016-02-05,186.11572265625,,,,,,
2016-02-08,197.668701171875,,,,,,
2016-02-09,198.6911163330078,,,,,,
2016-02-10,203.7825927734375,,,,,,
2016-02-11,207.7903747558593,,,,,,
2016-02-12,197.7913818359375,,,,,,
2016-02-16,191.6365966796875,,,,,,
2016-02-17,188.03781127929688,,,,,,
2016-02-18,194.6833038330078,,,,,,
2016-02-19,195.1536407470703,,,,,,
2016-02-22,194.7855529785156,,,,,,
2016-02-23,197.1779327392578,,,,,,
2016-02-24,196.0737762451172,,,,,,
2016-02-25,198.0776824951172,,,,,,
2016-02-26,192.5567626953125,,,,,,
2016-02-29,194.27438354492188,,,,,,
2016-03-01,184.8070831298828,,,,,,
2016-03-02,186.8518524169922,,,,,,
2016-03-03,188.9579467773437,,,,,,
2016-03-04,185.2977752685547,,,,,,
2016-03-07,185.13424682617188,,,,,,
2016-03-08,191.2890014648437,,,,,,
2016-03-09,187.5470428466797,,,,,,
2016-03-10,185.4818420410156,,,,,,
2016-03-11,179.92001342773438,,,,,,
2016-03-14,181.3718719482422,,,,,,
2016-03-15,181.69900512695312,,,,,,
2016-03-16,183.43704223632807,,,,,,
2016-03-17,185.46139526367188,,,,,,
2016-03-18,187.0563201904297,,,,,,
2016-03-21,182.5373687744141,,,,,,
2016-03-22,182.45558166503903,,,,,,
2016-03-23,188.8148651123047,,,,,,
2016-03-24,188.692123413086,,,,,,
2016-03-28,189.4691162109375,,,,,,
2016-03-29,195.09228515625,,,,,,
2016-03-30,189.36691284179688,,,,,,
2016-03-31,193.0271148681641,,,,,,
2016-04-01,194.8673248291016,,,,,,
2016-04-04,195.1332092285156,,,,,,
2016-04-05,201.4515380859375,,,,,,
2016-04-06,197.15753173828125,,,,,,
2016-04-07,204.2733764648437,,,,,,
2016-04-08,200.4905242919922,,,,,,
2016-04-11,199.6316833496093,,,,,,
2016-04-12,195.664794921875,,,,,,
2016-04-13,197.6074066162109,,,,,,
2016-04-14,194.8878173828125,,,,,,
2016-04-15,199.4067840576172,,,,,,
2016-04-18,197.1779327392578,,,,,,
2016-04-19,195.3990020751953,,,,,,
2016-04-20,188.8148651123047,,,,,,
2016-04-21,185.6249542236328,,,,,,
2016-04-22,184.1323089599609,,,,,,
2016-04-25,181.94436645507807,,,,,,
2016-04-26,179.42930603027344,,,,,,
2016-04-27,184.3367919921875,,,,,,
2016-04-28,186.8313751220703,,,,,,
2016-04-29,188.40582275390625,,,,,,
2016-05-02,182.7213592529297,,,,,,
2016-05-03,189.6735992431641,,,,,,
2016-05-04,192.5771942138672,,,,,,
2016-05-05,196.50320434570312,,,,,,
2016-05-06,194.0699157714844,,,,,,
2016-05-09,195.5625915527344,,,,,,
2016-05-10,195.664794921875,,,,,,
2016-05-11,198.95692443847656,,,,,,
2016-05-12,196.3396453857422,,,,,,
2016-05-13,202.08544921875,,,,,,
2016-05-16,196.7689971923828,,,,,,
2016-05-17,197.4437713623047,,,,,,
2016-05-18,189.203353881836,,,,,,
2016-05-19,191.697998046875,,,,,,
2016-05-20,192.02517700195312,,,,,,
2016-05-23,193.2111053466797,,,,,,
2016-05-24,191.06411743164065,,,,,,
2016-05-25,189.2851104736328,,,,,,
2016-05-26,191.43214416503903,,,,,,
2016-05-27,190.65509033203125,,,,,,
2016-05-31,191.9024200439453,,,,,,
2016-06-01,194.3765869140625,,,,,,
2016-06-02,198.6093139648437,,,,,,
2016-06-03,206.50213623046875,,,,,,
2016-06-06,202.35125732421875,,,,,,
2016-06-07,203.88482666015625,,,,,,
2016-06-08,207.05421447753903,,,,,,
2016-06-09,211.2460174560547,,,,,,
2016-06-10,213.4134979248047,,,,,,
2016-06-13,217.05323791503903,,,,,,
2016-06-14,216.4806365966797,,,,,,
2016-06-15,218.77081298828125,,,,,,
2016-06-16,222.28787231445312,,,,,,
2016-06-17,218.0960388183593,,,,,,
2016-06-20,210.980224609375,,,,,,
2016-06-21,208.322021484375,,,,,,
2016-06-22,209.01724243164065,,,,,,
2016-06-23,202.55572509765625,,,,,,
2016-06-24,217.64617919921875,,,,,,
2016-06-27,234.6791381835937,,,,,,
2016-06-28,235.72198486328125,,,,,,
2016-06-29,230.6100311279297,,,,,,
2016-06-30,232.6344757080078,,,,,,
2016-07-01,242.7559814453125,,,,,,
2016-07-05,251.58953857421875,,,,,,
2016-07-06,252.734603881836,,,,,,
2016-07-07,252.93911743164065,,,,,,
2016-07-08,258.2145690917969,,,,,,
2016-07-11,251.6713714599609,,,,,,
2016-07-12,239.97512817382807,,,,,,
2016-07-13,247.4999237060547,,,,,,
2016-07-14,236.86708068847656,,,,,,
2016-07-15,231.10076904296875,,,,,,
2016-07-18,230.0579528808593,,,,,,
2016-07-19,233.84088134765625,,,,,,
2016-07-20,230.1398468017578,,,,,,
2016-07-21,231.4688720703125,,,,,,
2016-07-22,232.65484619140625,,,,,,
2016-07-25,232.16407775878903,,,,,,
2016-07-26,233.1251983642578,,,,,,
2016-07-27,241.6519470214844,,,,,,
2016-07-28,240.7316436767578,,,,,,
2016-07-29,246.76385498046875,,,,,,
2016-08-01,238.5029296875,,,,,,
2016-08-02,231.10076904296875,,,,,,
2016-08-03,231.6937713623047,,,,,,
2016-08-04,236.5603942871093,,,,,,
2016-08-05,229.3218994140625,,,,,,
2016-08-08,229.95571899414065,,,,,,
2016-08-09,236.9693298339844,,,,,,
2016-08-10,239.7297821044922,,,,,,
2016-08-11,233.65675354003903,,,,,,
2016-08-12,239.423080444336,,,,,,
2016-08-15,232.59356689453125,,,,,,
2016-08-16,231.0191192626953,,,,,,
2016-08-17,235.0472717285156,,,,,,
2016-08-18,236.110580444336,,,,,,
2016-08-19,232.22547912597656,,,,,,
2016-08-22,238.33937072753903,,,,,,
2016-08-23,239.01412963867188,,,,,,
2016-08-24,237.4192657470703,,,,,,
2016-08-25,234.16798400878903,,,,,,
2016-08-26,229.91482543945312,,,,,,
2016-08-29,239.6480255126953,,,,,,
2016-08-30,237.1943206787109,,,,,,
2016-08-31,237.93035888671875,,,,,,
2016-09-01,238.58474731445312,,,,,,
2016-09-02,232.85934448242188,,,,,,
2016-09-06,238.01223754882807,,,,,,
2016-09-07,237.60330200195312,,,,,,
2016-09-08,228.6879730224609,,,,,,
2016-09-09,217.0736389160156,,,,,,
2016-09-12,217.319076538086,,,,,,
2016-09-13,209.71241760253903,,,,,,
2016-09-14,211.0211181640625,,,,,,
2016-09-15,208.158432006836,,,,,,
2016-09-16,213.147689819336,,,,,,
2016-09-19,211.10292053222656,,,,,,
2016-09-20,213.39309692382807,,,,,,
2016-09-21,218.46414184570312,,,,,,
2016-09-22,223.2079315185547,,,,,,
2016-09-23,222.8808441162109,,,,,,
2016-09-26,226.8067626953125,,,,,,
2016-09-27,232.286849975586,,,,,,
2016-09-28,230.97805786132807,,,,,,
2016-09-29,232.286849975586,,,,,,
2016-09-30,226.5614013671875,,,,,,
2016-10-03,223.780517578125,,,,,,
2016-10-04,215.8467712402344,,,,,,
2016-10-05,213.22946166992188,,,,,,
2016-10-06,209.6306304931641,,,,,,
2016-10-07,209.8760223388672,,,,,,
2016-10-10,206.1954803466797,,,,,,
2016-10-11,204.5596160888672,,,,,,
2016-10-12,205.2139434814453,,,,,,
2016-10-13,207.42233276367188,,,,,,
2016-10-14,198.99783325195312,,,,,,
2016-10-17,202.35125732421875,,,,,,
2016-10-18,204.64141845703125,,,,,,
2016-10-19,205.2957305908203,,,,,,
2016-10-20,205.70469665527344,,,,,,
2016-10-21,206.7679748535156,,,,,,
2016-10-24,203.90533447265625,,,,,,
2016-10-25,204.9685974121093,,,,,,
2016-10-26,201.20616149902344,,,,,,
2016-10-27,194.58108520507807,,,,,,
2016-10-28,193.4360198974609,,,,,,
2016-10-31,196.38052368164065,,,,,,
2016-11-01,196.9530487060547,,,,,,
2016-11-02,199.7339324951172,,,,,,
2016-11-03,194.8264617919922,,,,,,
2016-11-04,200.06114196777344,,,,,,
2016-11-07,194.99005126953125,,,,,,
2016-11-08,192.2091827392578,,,,,,
2016-11-09,168.32615661621094,,,,,,
2016-11-10,160.80142211914062,,,,,,
2016-11-11,158.0204620361328,,,,,,
2016-11-14,155.15773010253906,,,,,,
2016-11-15,157.2025146484375,,,,,,
2016-11-16,161.53750610351562,,,,,,
2016-11-17,154.33985900878906,,,,,,
2016-11-18,153.03118896484375,,,,,,
2016-11-21,154.17626953125,,,,,,
2016-11-22,154.01268005371094,,,,,,
2016-11-23,152.2133331298828,,,,,,
2016-11-25,152.7040252685547,,,,,,
2016-11-28,156.22103881835938,,,,,,
2016-11-29,157.85687255859375,,,,,,
2016-11-30,149.43238830566406,,,,,,
2016-12-01,145.83358764648438,,,,,,
2016-12-02,148.85989379882812,,,,,,
2016-12-05,148.4508819580078,,,,,,
2016-12-06,148.20547485351562,,,,,,
2016-12-07,151.6407470703125,,,,,,
2016-12-08,146.48793029785156,,,,,,
2016-12-09,141.17152404785156,,,,,,
2016-12-12,141.58045959472656,,,,,,
2016-12-13,143.29806518554688,,,,,,
2016-12-14,138.55416870117188,,,,,,
2016-12-15,140.4353485107422,,,,,,
2016-12-16,139.53567504882812,,,,,,
2016-12-19,144.03419494628906,,,,,,
2016-12-20,141.9075927734375,,,,,,
2016-12-21,143.62521362304688,,,,,,
2016-12-22,143.05270385742188,,,,,,
2016-12-23,143.70703125,,,,,,
2016-12-27,142.48016357421875,,,,,,
2016-12-28,145.3428497314453,,,,,,
2016-12-29,147.0604705810547,,,,,,
2016-12-30,147.96017456054688,,,,,,
2017-01-03,149.43238830566406,,,,,,
2017-01-04,151.31358337402344,,,,,,
2017-01-05,158.34767150878906,,,,,,
2017-01-06,153.6854705810547,,,,,,
2017-01-09,157.6932830810547,,,,,,
2017-01-10,157.2025146484375,,,,,,
2017-01-11,158.83834838867188,,,,,,
2017-01-12,157.6932830810547,,,,,,
2017-01-13,155.5667266845703,,,,,,
2017-01-17,160.47418212890625,,,,,,
2017-01-18,154.25808715820312,,,,,,
2017-01-19,151.14996337890625,,,,,,
2017-01-20,150.41390991210938,,,,,,
2017-01-23,154.8306121826172,,,,,,
2017-01-24,151.4771270751953,,,,,,
2017-01-25,145.42465209960938,,,,,,
2017-01-26,147.2240447998047,,,,,,
2017-01-27,148.53268432617188,,,,,,
2017-01-30,147.38763427734375,,,,,,
2017-01-31,150.16851806640625,,,,,,
2017-02-01,147.8783721923828,,,,,,
2017-02-02,147.55120849609375,,,,,,
2017-02-03,147.46937561035156,,,,,,
2017-02-06,150.16851806640625,,,,,,
2017-02-07,153.1947784423828,,,,,,
2017-02-08,159.410888671875,,,,,,
2017-02-09,154.01268005371094,,,,,,
2017-02-10,153.767333984375,,,,,,
2017-02-13,152.13148498535156,,,,,,
2017-02-14,148.69622802734375,,,,,,
2017-02-15,146.48793029785156,,,,,,
2017-02-16,149.18698120117188,,,,,,
2017-02-17,151.72259521484375,,,,,,
2017-02-21,150.9046173095703,,,,,,
2017-02-22,151.6407470703125,,,,,,
2017-02-23,153.03118896484375,,,,,,
2017-02-24,158.1022491455078,,,,,,
2017-02-27,155.15773010253906,,,,,,
2017-02-28,156.79359436035156,,,,,,
2017-03-01,149.105224609375,,,,,,
2017-03-02,147.55120849609375,,,,,,
2017-03-03,148.614501953125,,,,,,
2017-03-06,146.65151977539062,,,,,,
2017-03-07,145.17922973632812,,,,,,
2017-03-08,142.8072967529297,,,,,,
2017-03-09,139.37210083007812,,,,,,
2017-03-10,140.7625274658203,,,,,,
2017-03-13,137.9816131591797,,,,,,
2017-03-14,140.19000244140625,,,,,,
2017-03-15,145.09747314453125,,,,,,
2017-03-16,142.97091674804688,,,,,,
2017-03-17,145.5881805419922,,,,,,
2017-03-20,147.8783721923828,,,,,,
2017-03-21,151.31358337402344,,,,,,
2017-03-22,153.03118896484375,,,,,,
2017-03-23,152.2951202392578,,,,,,
2017-03-24,153.93087768554688,,,,,,
2017-03-27,156.05746459960938,,,,,,
2017-03-28,152.86758422851562,,,,,,
2017-03-29,155.64849853515625,,,,,,
2017-03-30,151.96792602539062,,,,,,
2017-03-31,153.11297607421875,,,,,,
2017-04-03,157.77508544921875,,,,,,
2017-04-04,155.15773010253906,,,,,,
2017-04-05,156.38461303710938,,,,,,
2017-04-06,155.97567749023438,,,,,,
2017-04-07,153.84912109375,,,,,,
2017-04-10,156.05746459960938,,,,,,
2017-04-11,160.63778686523438,,,,,,
2017-04-12,163.0914764404297,,,,,,
2017-04-13,164.8091278076172,,,,,,
2017-04-17,163.25514221191406,,,,,,
2017-04-18,169.716552734375,,,,,,
2017-04-19,166.69032287597656,,,,,,
2017-04-20,164.89089965820312,,,,,,
2017-04-21,164.72732543945312,,,,,,
2017-04-24,162.4371795654297,,,,,,
2017-04-25,156.63003540039062,,,,,,
2017-04-26,159.08375549316406,,,,,,
2017-04-27,159.00196838378906,,,,,,
2017-04-28,159.90167236328125,,,,,,
2017-05-01,155.73028564453125,,,,,,
2017-05-02,158.2658233642578,,,,,,
2017-05-03,158.59298706054688,,,,,,
2017-05-04,156.3028564453125,,,,,,
2017-05-05,156.46646118164062,,,,,,
2017-05-08,154.094482421875,,,,,,
2017-05-09,153.93087768554688,,,,,,
2017-05-10,153.440185546875,,,,,,
2017-05-11,153.35836791992188,,,,,,
2017-05-12,156.7117919921875,,,,,,
2017-05-15,155.64849853515625,,,,,,
2017-05-16,157.2025146484375,,,,,,
2017-05-17,163.99122619628906,,,,,,
2017-05-18,164.5637664794922,,,,,,
2017-05-19,165.79066467285156,,,,,,
2017-05-22,164.5637664794922,,,,,,
2017-05-23,160.9649658203125,,,,,,
2017-05-24,163.66404724121094,,,,,,
2017-05-25,163.90940856933594,,,,,,
2017-05-26,164.72732543945312,,,,,,
2017-05-30,167.01744079589844,,,,,,
2017-05-31,168.16253662109375,,,,,,
2017-06-01,168.48974609375,,,,,,
2017-06-02,174.2969512939453,,,,,,
2017-06-05,170.94345092773438,,,,,,
2017-06-06,173.397216796875,,,,,,
2017-06-07,171.35240173339844,,,,,,
2017-06-08,170.04373168945312,,,,,,
2017-06-09,169.225830078125,,,,,,
2017-06-12,168.898681640625,,,,,,
2017-06-13,169.30764770507812,,,,,,
2017-06-14,176.6688232421875,,,,,,
2017-06-15,176.2598876953125,,,,,,
2017-06-16,176.83241271972656,,,,,,
2017-06-19,176.0963134765625,,,,,,
2017-06-20,180.90963745117188,,,,,,
2017-06-21,182.2193756103516,,,,,,
2017-06-22,183.11984252929688,,,,,,
2017-06-23,183.0380096435547,,,,,,
2017-06-26,185.08450317382807,,,,,,
2017-06-27,178.94503784179688,,,,,,
2017-06-28,177.06224060058594,,,,,,
2017-06-29,172.96923828125,,,,,,
2017-06-30,171.4958038330078,,,,,,
2017-07-03,169.8585662841797,,,,,,
2017-07-05,170.10415649414062,,,,,,
2017-07-06,165.9293670654297,,,,,,
2017-07-07,163.0642547607422,,,,,,
2017-07-10,163.39166259765625,,,,,,
2017-07-11,164.2921600341797,,,,,,
2017-07-12,167.81214904785156,,,,,,
2017-07-13,164.3740692138672,,,,,,
2017-07-14,165.19259643554688,,,,,,
2017-07-17,166.25680541992188,,,,,,
2017-07-18,170.67715454101562,,,,,,
2017-07-19,171.08648681640625,,,,,,
2017-07-20,172.31436157226562,,,,,,
2017-07-21,174.5246124267578,,,,,,
2017-07-24,172.6417999267578,,,,,,
2017-07-25,166.0111541748047,,,,,,
2017-07-26,166.74790954589844,,,,,,
2017-07-27,163.88287353515625,,,,,,
2017-07-28,166.91163635253906,,,,,,
2017-07-31,167.32098388671875,,,,,,
2017-08-01,170.7591094970703,,,,,,
2017-08-02,171.08648681640625,,,,,,
2017-08-03,176.5711212158203,,,,,,
2017-08-04,171.98695373535156,,,,,,
2017-08-07,172.4781036376953,,,,,,
2017-08-08,170.9227294921875,,,,,,
2017-08-09,173.5422821044922,,,,,,
2017-08-10,177.9626922607422,,,,,,
2017-08-11,177.88084411621094,,,,,,
2017-08-14,175.6706085205078,,,,,,
2017-08-15,173.21485900878906,,,,,,
2017-08-16,175.17947387695312,,,,,,
2017-08-17,178.86314392089844,,,,,,
2017-08-18,178.78126525878906,,,,,,
2017-08-21,180.25474548339844,,,,,,
2017-08-22,178.04457092285156,,,,,,
2017-08-23,181.6463317871093,,,,,,
2017-08-24,179.35426330566406,,,,,,
2017-08-25,181.4007873535156,,,,,,
2017-08-28,181.23709106445312,,,,,,
2017-08-29,183.0380096435547,,,,,,
2017-08-30,182.8742218017578,,,,,,
2017-08-31,184.2658843994141,,,,,,
2017-09-01,180.3365936279297,,,,,,
2017-09-05,188.5225830078125,,,,,,
2017-09-06,185.2481842041016,,,,,,
2017-09-07,190.9783935546875,,,,,,
2017-09-08,189.7504730224609,,,,,,
2017-09-11,182.9561309814453,,,,,,
2017-09-12,180.0091552734375,,,,,,
2017-09-13,177.9626922607422,,,,,,
2017-09-14,180.0091552734375,,,,,,
2017-09-15,180.1729278564453,,,,,,
2017-09-18,177.2259521484375,,,,,,
2017-09-19,175.58877563476562,,,,,,
2017-09-20,176.1617889404297,,,,,,
2017-09-21,175.6706085205078,,,,,,
2017-09-22,177.1440887451172,,,,,,
2017-09-25,180.1729278564453,,,,,,
2017-09-26,179.68174743652344,,,,,,
2017-09-27,171.6595458984375,,,,,,
2017-09-28,169.6948699951172,,,,,,
2017-09-29,170.8408660888672,,,,,,
2017-10-02,169.8585662841797,,,,,,
2017-10-03,170.02232360839844,,,,,,
2017-10-04,170.43157958984375,,,,,,
2017-10-05,168.46701049804688,,,,,,
2017-10-06,166.99354553222656,,,,,,
2017-10-09,168.46701049804688,,,,,,
2017-10-10,169.44924926757812,,,,,,
2017-10-11,170.51345825195312,,,,,,
2017-10-12,172.4781036376953,,,,,,
2017-10-13,176.32550048828125,,,,,,
2017-10-16,175.99806213378906,,,,,,
2017-10-17,176.6529541015625,,,,,,
2017-10-18,173.1329803466797,,,,,,
2017-10-19,173.7060089111328,,,,,,
2017-10-20,168.548828125,,,,,,
2017-10-23,169.1218719482422,,,,,,
2017-10-24,166.17489624023438,,,,,,
2017-10-25,163.80101013183594,,,,,,
2017-10-26,162.08193969726562,,,,,,
2017-10-27,165.19259643554688,,,,,,
2017-10-30,169.94049072265625,,,,,,
2017-10-31,169.94049072265625,,,,,,
2017-11-01,172.31436157226562,,,,,,
2017-11-02,174.5246124267578,,,,,,
2017-11-03,176.07992553710938,,,,,,
2017-11-06,177.88084411621094,,,,,,
2017-11-07,179.845458984375,,,,,,
2017-11-08,178.86314392089844,,,,,,
2017-11-09,177.3896484375,,,,,,
2017-11-10,169.613037109375,,,,,,
2017-11-13,170.34974670410156,,,,,,
2017-11-14,173.5422821044922,,,,,,
2017-11-15,179.59986877441406,,,,,,
2017-11-16,174.8520965576172,,,,,,
2017-11-17,178.3720245361328,,,,,,
2017-11-20,178.453857421875,,,,,,
2017-11-21,179.845458984375,,,,,,
2017-11-22,181.81011962890625,,,,,,
2017-11-24,180.25474548339844,,,,,,
2017-11-27,179.43614196777344,,,,,,
2017-11-28,179.9273223876953,,,,,,
2017-11-29,174.93385314941406,,,,,,
2017-11-30,172.88735961914062,,,,,,
2017-12-01,179.9273223876953,,,,,,
2017-12-04,180.41848754882807,,,,,,
2017-12-05,182.7924194335937,,,,,,
2017-12-06,184.7570037841797,,,,,,
2017-12-07,180.8277740478516,,,,,,
2017-12-08,180.41848754882807,,,,,,
2017-12-11,179.43614196777344,,,,,,
2017-12-12,179.02682495117188,,,,,,
2017-12-13,182.8742218017578,,,,,,
2017-12-14,185.3300170898437,,,,,,
2017-12-15,187.2128143310547,,,,,,
2017-12-18,182.1375427246093,,,,,,
2017-12-19,175.5017547607422,,,,,,
2017-12-20,169.26025390625,,,,,,
2017-12-21,172.216796875,,,,,,
2017-12-22,173.03805541992188,,,,,,
2017-12-26,174.43417358398438,,,,,,
2017-12-27,181.0863494873047,,,,,,
2017-12-28,180.83995056152344,,,,,,
2017-12-29,181.5791015625,,,,,,
2018-01-02,175.58392333984375,,,,,,
2018-01-03,177.71917724609375,,,,,,
2018-01-04,177.96551513671875,,,,,,
2018-01-05,176.56942749023438,,,,,,
2018-01-08,176.07666015625,,,,,,
2018-01-09,168.7675018310547,,,,,,
2018-01-10,168.43902587890625,,,,,,
2018-01-11,170.49220275878906,,,,,,
2018-01-12,171.2312469482422,,,,,,
2018-01-16,173.03805541992188,,,,,,
2018-01-17,172.873779296875,,,,,,
2018-01-18,168.0283660888672,,,,,,
2018-01-19,165.23611450195312,,,,,,
2018-01-22,165.23611450195312,,,,,,
2018-01-23,167.61776733398438,,,,,,
2018-01-24,165.07188415527344,,,,,,
2018-01-25,169.17816162109375,,,,,,
2018-01-26,166.7965545654297,,,,,,
2018-01-29,163.7578582763672,,,,,,
2018-01-30,160.71923828125,,,,,,
2018-01-31,163.8400421142578,,,,,,
2018-02-01,156.36659240722656,,,,,,
2018-02-02,152.01394653320312,,,,,,
2018-02-05,156.5308380126953,,,,,,
2018-02-06,153.4100799560547,,,,,,
2018-02-07,148.975341796875,,,,,,
2018-02-08,148.64678955078125,,,,,,
2018-02-09,145.52609252929688,,,,,,
2018-02-12,147.74342346191406,,,,,,
2018-02-13,149.22166442871094,,,,,,
2018-02-14,144.62266540527344,,,,,,
2018-02-15,146.10093688964844,,,,,,
2018-02-16,148.2362060546875,,,,,,
2018-02-20,146.1830596923828,,,,,,
2018-02-21,141.09129333496094,,,,,,
2018-02-22,142.15892028808594,,,,,,
2018-02-23,145.9366912841797,,,,,,
2018-02-26,146.10093688964844,,,,,,
2018-02-27,145.52609252929688,,,,,,
2018-02-28,148.15403747558594,,,,,,
2018-03-01,151.27481079101562,,,,,,
2018-03-02,147.25067138671875,,,,,,
2018-03-05,146.5115509033203,,,,,,
2018-03-06,146.67578125,,,,,,
2018-03-07,146.2652130126953,,,,,,
2018-03-08,148.64678955078125,,,,,,
2018-03-09,145.7724609375,,,,,,
2018-03-12,148.31829833984375,,,,,,
2018-03-13,150.6178436279297,,,,,,
2018-03-14,154.47772216796875,,,,,,
2018-03-15,154.47772216796875,,,,,,
2018-03-16,152.58883666992188,,,,,,
2018-03-19,151.43911743164062,,,,,,
2018-03-20,149.46485900878906,,,,,,
2018-03-21,149.7116241455078,,,,,,
2018-03-22,154.3181915283203,,,,,,
2018-03-23,153.82461547851562,,,,,,
2018-03-26,152.17945861816406,,,,,,
2018-03-27,156.95046997070312,,,,,,
2018-03-28,158.01980590820312,,,,,,
2018-03-29,160.6521453857422,,,,,,
2018-04-02,161.47470092773438,,,,,,
2018-04-03,157.60855102539062,,,,,,
2018-04-04,156.6214141845703,,,,,,
2018-04-05,153.248779296875,,,,,,
2018-04-06,158.18438720703125,,,,,,
2018-04-09,158.8424072265625,,,,,,
2018-04-10,158.10208129882812,,,,,,
2018-04-11,159.58274841308594,,,,,,
2018-04-12,156.29237365722656,,,,,,
2018-04-13,157.36175537109375,,,,,,
2018-04-16,157.2794952392578,,,,,,
2018-04-17,158.5955810546875,,,,,,
2018-04-18,154.56494140625,,,,,,
2018-04-19,151.19229125976562,,,,,,
2018-04-20,147.6551513671875,,,,,,
2018-04-23,147.81973266601562,,,,,,
2018-04-24,145.51646423339844,,,,,,
2018-04-25,142.88409423828125,,,,,,
2018-04-26,145.84548950195312,,,,,,
2018-04-27,148.88905334472656,,,,,,
2018-04-30,149.8761749267578,,,,,,
2018-05-01,148.06651306152344,,,,,,
2018-05-02,147.4906005859375,,,,,,
2018-05-03,149.547119140625,,,,,,
2018-05-04,150.3697052001953,,,,,,
2018-05-07,149.62940979003906,,,,,,
2018-05-08,148.97129821777344,,,,,,
2018-05-09,146.5858154296875,,,,,,
2018-05-10,149.8761749267578,,,,,,
2018-05-11,151.0277862548828,,,,,,
2018-05-14,148.7245330810547,,,,,,
2018-05-15,143.45994567871094,,,,,,
2018-05-16,141.979248046875,,,,,,
2018-05-17,139.59378051757812,,,,,,
2018-05-18,143.21319580078125,,,,,,
2018-05-21,143.45994567871094,,,,,,
2018-05-22,142.80186462402344,,,,,,
2018-05-23,145.9276885986328,,,,,,
2018-05-24,149.0535430908203,,,,,,
2018-05-25,152.2616729736328,,,,,,
2018-05-29,161.88600158691406,,,,,,
2018-05-30,158.5955810546875,,,,,,
2018-05-31,157.7730255126953,,,,,,
2018-06-01,155.38754272460938,,,,,,
2018-06-04,151.93263244628906,,,,,,
2018-06-05,153.16650390625,,,,,,
2018-06-06,149.46485900878906,,,,,,
2018-06-07,153.82461547851562,,,,,,
2018-06-08,152.17945861816406,,,,,,
2018-06-11,151.43911743164062,,,,,,
2018-06-12,151.2745361328125,,,,,,
2018-06-13,151.11007690429688,,,,,,
2018-06-14,154.8116912841797,,,,,,
2018-06-15,155.05848693847656,,,,,,
2018-06-18,154.8939666748047,,,,,,
2018-06-19,157.57394409179688,,,,,,
2018-06-20,153.60357666015625,,,,,,
2018-06-21,155.58877563476562,,,,,,
2018-06-22,155.83694458007812,,,,,,
2018-06-25,156.66407775878906,,,,,,
2018-06-26,157.24310302734375,,,,,,
2018-06-27,161.7097930908203,,,,,,
2018-06-28,161.87518310546875,,,,,,
2018-06-29,160.13818359375,,,,,,
2018-07-02,159.89004516601562,,,,,,
2018-07-03,162.12335205078125,,,,,,
2018-07-05,163.77764892578125,,,,,,
2018-07-06,165.2666015625,,,,,,
2018-07-09,162.12335205078125,,,,,,
2018-07-10,162.2060546875,,,,,,
2018-07-11,163.8603973388672,,,,,,
2018-07-12,163.94308471679688,,,,,,
2018-07-13,165.0184326171875,,,,,,
2018-07-16,162.86776733398438,,,,,,
2018-07-17,161.79251098632812,,,,,,
2018-07-18,159.97274780273438,,,,,,
2018-07-19,162.86776733398438,,,,,,
2018-07-20,157.07763671875,,,,,,
2018-07-23,151.2875213623047,,,,,,
2018-07-24,152.85914611816406,,,,,,
2018-07-25,151.9492950439453,,,,,,
2018-07-26,151.20486450195312,,,,,,
2018-07-27,151.78379821777344,,,,,,
2018-07-30,150.21226501464844,,,,,,
2018-07-31,152.61102294921875,,,,,,
2018-08-01,148.9715118408203,,,,,,
2018-08-02,149.550537109375,,,,,,
2018-08-03,151.53570556640625,,,,,,
2018-08-06,151.9492950439453,,,,,,
2018-08-07,149.63320922851562,,,,,,
2018-08-08,150.04678344726562,,,,,,
2018-08-09,153.60357666015625,,,,,,
2018-08-10,156.91226196289062,,,,,,
2018-08-13,156.25050354003906,,,,,,
2018-08-14,155.009765625,,,,,,
2018-08-15,157.57394409179688,,,,,,
2018-08-16,157.57394409179688,,,,,,
2018-08-17,158.1529998779297,,,,,,
2018-08-20,161.2134552001953,,,,,,
2018-08-21,159.72459411621094,,,,,,
2018-08-22,161.46157836914062,,,,,,
2018-08-23,162.2060546875,,,,,,
2018-08-24,163.1986083984375,,,,,,
2018-08-27,160.13818359375,,,,,,
2018-08-28,157.32582092285156,,,,,,
2018-08-29,157.90481567382812,,,,,,
2018-08-30,158.89743041992188,,,,,,
2018-08-31,157.73941040039062,,,,,,
2018-09-04,155.009765625,,,,,,
2018-09-05,153.76902770996094,,,,,,
2018-09-06,155.5060577392578,,,,,,
2018-09-07,151.4529571533203,,,,,,
2018-09-10,153.0246124267578,,,,,,
2018-09-11,149.7159423828125,,,,,,
2018-09-12,150.70855712890625,,,,,,
2018-09-13,151.20486450195312,,,,,,
2018-09-14,149.30238342285156,,,,,,
2018-09-17,149.05419921875,,,,,,
2018-09-18,144.5048370361328,,,,,,
2018-09-19,141.9406280517578,,,,,,
2018-09-20,143.7603759765625,,,,,,
2018-09-21,143.6776885986328,,,,,,
2018-09-24,142.43692016601562,,,,,,
2018-09-25,141.9970703125,,,,,,
2018-09-26,145.06777954101562,,,,,,
2018-09-27,145.2337188720703,,,,,,
2018-09-28,143.9058837890625,,,,,,
2018-10-01,140.7522430419922,,,,,,
2018-10-02,143.49090576171875,,,,,,
2018-10-03,135.85577392578125,,,,,,
2018-10-04,132.8681182861328,,,,,,
2018-10-05,129.6315155029297,,,,,,
2018-10-08,128.05462646484375,,,,,,
2018-10-09,131.87222290039062,,,,,,
2018-10-10,130.87632751464844,,,,,,
2018-10-11,135.60679626464844,,,,,,
2018-10-12,134.3619384765625,,,,,,
2018-10-15,134.19593811035156,,,,,,
2018-10-16,134.94287109375,,,,,,
2018-10-17,132.4531707763672,,,,,,
2018-10-18,132.4531707763672,,,,,,
2018-10-19,131.62326049804688,,,,,,
2018-10-22,130.87632751464844,,,,,,
2018-10-23,131.95523071289062,,,,,,
2018-10-24,135.1088409423828,,,,,,
2018-10-25,133.531982421875,,,,,,
2018-10-26,135.6897430419922,,,,,,
2018-10-29,134.94287109375,,,,,,
2018-10-30,133.03408813476562,,,,,,
2018-10-31,130.79335021972656,,,,,,
2018-11-01,131.04232788085938,,,,,,
2018-11-02,126.22886657714844,,,,,,
2018-11-05,127.55671691894533,,,,,,
2018-11-06,127.30769348144533,,,,,,
2018-11-07,127.72265625,,,,,,
2018-11-08,127.63972473144533,,,,,,
2018-11-09,130.6273956298828,,,,,,
2018-11-12,133.20005798339844,,,,,,
2018-11-13,132.70211791992188,,,,,,
2018-11-14,133.1170654296875,,,,,,
2018-11-15,132.95108032226562,,,,,,
2018-11-16,135.1088409423828,,,,,,
2018-11-19,136.270751953125,,,,,,
2018-11-20,136.43667602539062,,,,,,
2018-11-21,136.270751953125,,,,,,
2018-11-23,136.60269165039062,,,,,,
2018-11-26,135.6897430419922,,,,,,
2018-11-27,136.270751953125,,,,,,
2018-11-28,133.9469451904297,,,,,,
2018-11-29,135.60679626464844,,,,,,
2018-11-30,137.01763916015625,,,,,,
2018-12-03,139.9223175048828,,,,,,
2018-12-04,147.0595245361328,,,,,,
2018-12-06,148.30441284179688,,,,,,
2018-12-07,149.1343231201172,,,,,,
2018-12-10,151.04307556152344,,,,,,
2018-12-11,150.87709045410156,,,,,,
2018-12-12,148.80230712890625,,,,,,
2018-12-13,147.8064422607422,,,,,,
2018-12-14,149.38328552246094,,,,,,
2018-12-17,152.03895568847656,,,,,,
2018-12-18,154.77761840820312,,,,,,
2018-12-19,160.67002868652344,,,,,,
2018-12-20,158.67825317382812,,,,,,
2018-12-21,158.84417724609375,,,,,,
2018-12-24,161.00196838378906,,,,,,
2018-12-26,155.69058227539062,,,,,,
2018-12-27,155.58209228515625,,,,,,
2018-12-28,159.66981506347656,,,,,,
2018-12-31,161.58847045898438,,,,,,
2019-01-02,164.174560546875,,,,,,
2019-01-03,169.7638397216797,,,,,,
2019-01-04,164.0911102294922,,,,,,
2019-01-07,162.2559051513672,,,,,,
2019-01-08,161.00454711914062,,,,,,
2019-01-09,160.0034637451172,,,,,,
2019-01-10,157.00025939941406,,,,,,
2019-01-11,158.7521209716797,,,,,,
2019-01-14,157.0836639404297,,,,,,
2019-01-15,155.415283203125,,,,,,
2019-01-16,155.66554260253906,,,,,,
2019-01-17,155.7489471435547,,,,,,
2019-01-18,153.4965362548828,,,,,,
2019-01-22,156.24949645996094,,,,,,
2019-01-23,156.3328857421875,,,,,,
2019-01-24,159.08580017089844,,,,,,
2019-01-25,157.25054931640625,,,,,,
2019-01-28,156.41632080078125,,,,,,
2019-01-29,158.9189910888672,,,,,,
2019-01-30,158.50186157226562,,,,,,
2019-01-31,162.2559051513672,,,,,,
2019-02-01,159.58636474609375,,,,,,
2019-02-04,157.4173583984375,,,,,,
2019-02-05,159.50291442871094,,,,,,
2019-02-06,159.75315856933594,,,,,,
2019-02-07,162.7563934326172,,,,,,
2019-02-08,165.00875854492188,,,,,,
2019-02-11,163.0066680908203,,,,,,
2019-02-12,161.67190551757812,,,,,,
2019-02-13,160.0034637451172,,,,,,
2019-02-14,162.3393096923828,,,,,,
2019-02-15,163.25694274902344,,,,,,
2019-02-19,164.25794982910156,,,,,,
2019-02-20,162.9232635498047,,,,,,
2019-02-21,158.66868591308594,,,,,,
2019-02-22,161.25479125976562,,,,,,
2019-02-25,159.92001342773438,,,,,,
2019-02-26,162.08900451660156,,,,,,
2019-02-27,156.75,,,,,,
2019-02-28,154.9147186279297,,,,,,
2019-03-01,150.5768280029297,,,,,,
2019-03-04,154.247314453125,,,,,,
2019-03-05,155.16494750976562,,,,,,
2019-03-06,156.75,,,,,,
2019-03-07,159.92001342773438,,,,,,
2019-03-08,161.75531005859375,,,,,,
2019-03-11,160.337158203125,,,,,,
2019-03-12,163.5071563720703,,,,,,
2019-03-13,162.7563934326172,,,,,,
2019-03-14,159.25267028808594,,,,,,
2019-03-15,162.08900451660156,,,,,,
2019-03-18,161.92218017578125,,,,,,
2019-03-19,161.06826782226562,,,,,,
2019-03-20,165.9237823486328,,,,,,
2019-03-21,167.0120849609375,,,,,,
2019-03-22,174.63015747070312,,,,,,
2019-03-25,175.6347198486328,,,,,,
2019-03-26,175.0487518310547,,,,,,
2019-03-27,179.56936645507812,,,,,,
2019-03-28,181.5784912109375,,,,,,
2019-03-29,181.24366760253903,,,,,,
2019-04-01,173.20697021484375,,,,,,
2019-04-02,174.1278533935547,,,,,,
2019-04-03,169.6909637451172,,,,,,
2019-04-04,171.11415100097656,,,,,,
2019-04-05,171.61639404296875,,,,,,
2019-04-08,169.94207763671875,,,,,,
2019-04-09,171.36524963378906,,,,,,
2019-04-10,172.53732299804688,,,,,,
2019-04-11,169.6072235107422,,,,,,
2019-04-12,165.84005737304688,,,,,,
2019-04-15,167.0120849609375,,,,,,
2019-04-16,164.2494354248047,,,,,,
2019-04-17,164.16575622558594,,,,,,
2019-04-18,166.92837524414062,,,,,,
2019-04-22,164.3331756591797,,,,,,
2019-04-23,165.33773803710938,,,,,,
2019-04-24,169.4397735595703,,,,,,
2019-04-25,168.6026153564453,,,,,,
2019-04-26,170.0258331298828,,,,,,
2019-04-29,166.92837524414062,,,,,,
2019-04-30,169.35610961914062,,,,,,
2019-05-01,171.1978302001953,,,,,,
2019-05-02,168.8538055419922,,,,,,
2019-05-03,170.19320678710938,,,,,,
2019-05-06,171.61639404296875,,,,,,
2019-05-07,175.7184600830078,,,,,,
2019-05-08,173.20697021484375,,,,,,
2019-05-09,175.29989624023438,,,,,,
2019-05-10,174.7138671875,,,,,,
2019-05-13,178.7322235107422,,,,,,
2019-05-14,177.14163208007812,,,,,,
2019-05-15,180.23907470703125,,,,,,
2019-05-16,178.56475830078125,,,,,,
2019-05-17,179.7367706298828,,,,,,
2019-05-20,178.4810791015625,,,,,,
2019-05-21,177.64393615722656,,,,,,
2019-05-22,180.406494140625,,,,,,
2019-05-23,186.60142517089844,,,,,,
2019-05-24,187.02001953125,,,,,,
2019-05-28,191.28952026367188,,,,,,
2019-05-29,192.7126617431641,,,,,,
2019-05-30,197.65188598632807,,,,,,
2019-05-31,205.1025390625,,,,,,
2019-06-03,208.7023162841797,,,,,,
2019-06-04,201.7539520263672,,,,,,
2019-06-05,198.23789978027344,,,,,,
2019-06-06,200.3307647705078,,,,,,
2019-06-07,205.4373321533203,,,,,,
2019-06-10,199.7447509765625,,,,,,
2019-06-11,199.99588012695312,,,,,,
2019-06-12,200.4981842041016,,,,,,
2019-06-13,202.50733947753903,,,,,,
2019-06-14,203.5956573486328,,,,,,
2019-06-17,204.7676696777344,,,,,,
2019-06-18,207.8651428222656,,,,,,
2019-06-19,208.7023162841797,,,,,,
2019-06-20,210.2928466796875,,,,,,
2019-06-21,203.1770477294922,,,,,,
2019-06-24,207.8651428222656,,,,,,
2019-06-25,210.1063842773437,,,,,,
2019-06-26,205.48960876464844,,,,,,
2019-06-27,209.434814453125,,,,,,
2019-06-28,209.0151214599609,,,,,,
2019-07-01,207.83999633789065,,,,,,
2019-07-02,212.6246490478516,,,,,,
2019-07-03,216.98960876464844,,,,,,
2019-07-05,208.34361267089844,,,,,,
2019-07-08,209.3509063720703,,,,,,
2019-07-09,208.93118286132807,,,,,,
2019-07-10,205.4056854248047,,,,,,
2019-07-11,197.1793365478516,,,,,,
2019-07-12,197.6830139160156,,,,,,
2019-07-15,201.20855712890625,,,,,,
2019-07-16,199.5297241210937,,,,,,
2019-07-17,205.90928649902344,,,,,,
2019-07-18,205.741439819336,,,,,,
2019-07-19,204.2304534912109,,,,,,
2019-07-22,205.4056854248047,,,,,,
2019-07-23,201.796127319336,,,,,,
2019-07-24,204.4822998046875,,,,,,
2019-07-25,201.88006591796875,,,,,,
2019-07-26,203.2231292724609,,,,,,
2019-07-29,203.3070678710937,,,,,,
2019-07-30,204.65017700195312,,,,,,
2019-07-31,209.68667602539065,,,,,,
2019-08-01,221.85826110839844,,,,,,
2019-08-02,227.56626892089844,,,,,,
2019-08-05,239.82183837890625,,,,,,
2019-08-06,245.0261688232422,,,,,,
2019-08-07,245.6977081298828,,,,,,
2019-08-08,247.0408477783203,,,,,,
2019-08-09,245.8656005859375,,,,,,
2019-08-12,260.8912353515625,,,,,,
2019-08-13,258.37286376953125,,,,,,
2019-08-14,275.4970397949219,,,,,,
2019-08-15,284.56280517578125,,,,,,
2019-08-16,277.67950439453125,,,,,,
2019-08-19,266.0956115722656,,,,,,
2019-08-20,273.81817626953125,,,,,,
2019-08-21,268.5299072265625,,,,,,
2019-08-22,263.3255310058594,,,,,,
2019-08-23,276.00067138671875,,,,,,
2019-08-26,272.64306640625,,,,,,
2019-08-27,285.3182983398437,,,,,,
2019-08-28,286.4095153808594,,,,,,
2019-08-29,283.1358337402344,,,,,,
2019-08-30,283.3036499023437,,,,,,
2019-09-03,283.8912658691406,,,,,,
2019-09-04,285.1504211425781,,,,,,
2019-09-05,270.1246643066406,,,,,,
2019-09-06,275.6649475097656,,,,,,
2019-09-09,260.80718994140625,,,,,,
2019-09-10,247.20864868164065,,,,,,
2019-09-11,245.78170776367188,,,,,,
2019-09-12,240.82913208007807,,,,,,
2019-09-13,225.29986572265625,,,,,,
2019-09-16,233.69403076171875,,,,,,
2019-09-17,237.63931274414065,,,,,,
2019-09-18,240.66119384765625,,,,,,
2019-09-19,242.75978088378903,,,,,,
2019-09-20,251.9094390869141,,,,,,
2019-09-23,251.9094390869141,,,,,,
2019-09-24,261.2369079589844,,,,,,
2019-09-25,249.2936553955078,,,,,,
2019-09-26,254.0878143310547,,,,,,
2019-09-27,256.27459716796875,,,,,,
2019-09-30,257.6202697753906,,,,,,
2019-10-01,260.4800109863281,,,,,,
2019-10-02,262.24615478515625,,,,,,
2019-10-03,269.22705078125,,,,,,
2019-10-04,275.11456298828125,,,,,,
2019-10-07,268.2177734375,,,,,,
2019-10-08,270.2363586425781,,,,,,
2019-10-09,265.52642822265625,,,,,,
2019-10-10,253.58316040039065,,,,,,
2019-10-11,244.0791015625,,,,,,
2019-10-14,249.2936553955078,,,,,,
2019-10-15,240.21006774902344,,,,,,
2019-10-16,240.79884338378903,,,,,,
2019-10-17,239.62136840820312,,,,,,
2019-10-18,239.5372467041016,,,,,,
2019-10-21,233.64976501464844,,,,,,
2019-10-22,237.85516357421875,,,,,,
2019-10-23,238.69615173339844,,,,,,
2019-10-24,237.2663726806641,,,,,,
2019-10-25,233.3974609375,,,,,,
2019-10-28,227.5099334716797,,,,,,
2019-10-29,227.76222229003903,,,,,,
2019-10-30,237.602783203125,,,,,,
2019-10-31,247.0227813720703,,,,,,
2019-11-01,244.8360137939453,,,,,,
2019-11-04,235.24774169921875,,,,,,
2019-11-05,227.25762939453125,,,,,,
2019-11-06,231.3788452148437,,,,,,
2019-11-07,218.84689331054688,,,,,,
2019-11-08,215.9872131347656,,,,,,
2019-11-11,216.1554412841797,,,,,,
2019-11-12,219.2674255371093,,,,,,
2019-11-13,223.05221557617188,,,,,,
2019-11-14,229.8648223876953,,,,,,
2019-11-15,229.44436645507807,,,,,,
2019-11-18,230.62188720703125,,,,,,
2019-11-19,236.00474548339844,,,,,,
2019-11-20,243.23797607421875,,,,,,
2019-11-21,238.948471069336,,,,,,
2019-11-22,239.5372467041016,,,,,,
2019-11-25,241.97642517089844,,,,,,
2019-11-26,246.265869140625,,,,,,
2019-11-27,243.9108123779297,,,,,,
2019-11-29,242.06051635742188,,,,,,
2019-12-02,232.7245483398437,,,,,,
2019-12-03,246.77040100097656,,,,,,
2019-12-04,239.87364196777344,,,,,,
2019-12-05,236.4252777099609,,,,,,
2019-12-06,232.21990966796875,,,,,,
2019-12-09,233.8179473876953,,,,,,
2019-12-10,233.3974609375,,,,,,
2019-12-11,239.0326690673828,,,,,,
2019-12-12,227.42581176757807,,,,,,
2019-12-13,234.91131591796875,,,,,,
2019-12-16,228.68736267089844,,,,,,
2019-12-17,227.76222229003903,,,,,,
2019-12-18,222.1270751953125,,,,,,
2019-12-19,223.1363220214844,,,,,,
2019-12-20,223.5569000244141,,,,,,
2019-12-23,222.62994384765625,,,,,,
2019-12-24,224.39956665039065,,,,,,
2019-12-26,226.0848388671875,,,,,,
2019-12-27,226.84327697753903,,,,,,
2019-12-30,224.568099975586,,,,,,
2019-12-31,217.74256896972656,,,,,,
2020-01-02,225.24221801757807,,,,,,
2020-01-03,235.1855926513672,,,,,,
2020-01-06,231.5620880126953,,,,,,
2020-01-07,228.1071929931641,,,,,,
2020-01-08,223.7254638671875,,,,,,
2020-01-09,225.91632080078125,,,,,,
2020-01-10,231.730697631836,,,,,,
2020-01-13,229.3711853027344,,,,,,
2020-01-14,233.16319274902344,,,,,,
2020-01-15,237.7978363037109,,,,,,
2020-01-16,235.2698516845703,,,,,,
2020-01-17,229.62403869628903,,,,,,
2020-01-21,236.3653106689453,,,,,,
2020-01-22,238.80897521972656,,,,,,
2020-01-23,243.61212158203125,,,,,,
2020-01-24,249.594955444336,,,,,,
2020-01-27,261.30792236328125,,,,,,
2020-01-28,255.0723114013672,,,,,,
2020-01-29,262.3191223144531,,,,,,
2020-01-30,262.82470703125,,,,,,
2020-01-31,269.56597900390625,,,,,,
2020-02-03,269.0603332519531,,,,,,
2020-02-04,257.93731689453125,,,,,,
2020-02-05,249.6791534423828,,,,,,
2020-02-06,253.2184295654297,,,,,,
2020-02-07,262.23486328125,,,,,,
2020-02-10,264.5100402832031,,,,,,
2020-02-11,260.2124328613281,,,,,,
2020-02-12,256.4205017089844,,,,,,
2020-02-13,259.2013244628906,,,,,,
2020-02-14,262.6561279296875,,,,,,
2020-02-18,267.712158203125,,,,,,
2020-02-19,267.88067626953125,,,,,,
2020-02-20,274.1162414550781,,,,,,
2020-02-21,281.615966796875,,,,,,
2020-02-24,294.1714782714844,,,,,,
2020-02-25,299.311767578125,,,,,,
2020-02-26,294.5929260253906,,,,,,
2020-02-27,303.44073486328125,,,,,,
2020-02-28,317.8501892089844,,,,,,
2020-03-02,316.6705322265625,,,,,,
2020-03-03,331.8382568359375,,,,,,
2020-03-04,321.1365966796875,,,,,,
2020-03-05,344.30963134765625,,,,,,
2020-03-06,398.2396240234375,,,,,,
2020-03-09,434.5582580566406,,,,,,
2020-03-10,364.701904296875,,,,,,
2020-03-11,324.33868408203125,,,,,,
2020-03-12,331.07989501953125,,,,,,
2020-03-13,311.1932373046875,,,,,,
2020-03-16,363.3536682128906,,,,,,
2020-03-17,298.21630859375,,,,,,
2020-03-18,244.1177215576172,,,,,,
2020-03-19,267.79638671875,,,,,,
2020-03-20,322.3162841796875,,,,,,
2020-03-23,363.4379577636719,,,,,,
2020-03-24,344.34161376953125,,,,,,
2020-03-25,340.11865234375,,,,,,
2020-03-26,345.4396057128906,,,,,,
2020-03-27,372.7200012207031,,,,,,
2020-03-30,363.513916015625,,,,,,
2020-03-31,355.6592102050781,,,,,,
2020-04-01,369.9329223632813,,,,,,
2020-04-02,376.4363098144531,,,,,,
2020-04-03,379.8991394042969,,,,,,
2020-04-06,376.605224609375,,,,,,
2020-04-07,364.1051330566406,,,,,,
2020-04-08,357.1794738769531,,,,,,
2020-04-09,357.09503173828125,,,,,,
2020-04-13,349.1558532714844,,,,,,
2020-04-14,348.6490783691406,,,,,,
2020-04-15,375.5071716308594,,,,,,
2020-04-16,388.09173583984375,,,,,,
2020-04-17,372.1287536621094,,,,,,
2020-04-20,381.6727600097656,,,,,,
2020-04-21,395.101806640625,,,,,,
2020-04-22,383.6997680664063,,,,,,
2020-04-23,389.6119079589844,,,,,,
2020-04-24,393.0747375488281,,,,,,
2020-04-27,370.5241394042969,,,,,,
2020-04-28,383.3619384765625,,,,,,
2020-04-29,377.4497680664063,,,,,,
2020-04-30,365.2030944824219,,,,,,
2020-05-01,373.311279296875,,,,,,
2020-05-04,368.75042724609375,,,,,,
2020-05-05,361.2335510253906,,,,,,
2020-05-06,343.6659240722656,,,,,,
2020-05-07,360.7267761230469,,,,,,
2020-05-08,347.0444030761719,,,,,,
2020-05-11,338.429443359375,,,,,,
2020-05-12,348.7335510253906,,,,,,
2020-05-13,355.5748291015625,,,,,,
2020-05-14,366.723388671875,,,,,,
2020-05-15,363.4295654296875,,,,,,
2020-05-18,339.6964111328125,,,,,,
2020-05-19,343.75048828125,,,,,,
2020-05-20,346.1997375488281,,,,,,
2020-05-21,348.9024353027344,,,,,,
2020-05-22,354.81463623046875,,,,,,
2020-05-26,341.30108642578125,,,,,,
2020-05-27,339.6119689941406,,,,,,
2020-05-28,335.2200622558594,,,,,,
2020-05-29,341.5544128417969,,,,,,
2020-06-01,335.6422424316406,,,,,,
2020-06-02,331.92608642578125,,,,,,
2020-06-03,318.4970397949219,,,,,,
2020-06-04,304.8145446777344,,,,,,
2020-06-05,298.0578308105469,,,,,,
2020-06-08,301.436279296875,,,,,,
2020-06-09,311.65576171875,,,,,,
2020-06-10,325.5071716308594,,,,,,
2020-06-11,343.8348999023437,,,,,,
2020-06-12,334.7132568359375,,,,,,
2020-06-15,335.5578308105469,,,,,,
2020-06-16,320.69287109375,,,,,,
2020-06-17,323.2266540527344,,,,,,
2020-06-18,333.27740478515625,,,,,,
2020-06-19,334.20654296875,,,,,,
2020-06-22,334.1220703125,,,,,,
2020-06-23,327.8720397949219,,,,,,
2020-06-24,337.6693725585937,,,,,,
2020-06-25,340.6254577636719,,,,,,
2020-06-26,351.9430236816406,,,,,,
2020-06-29,347.72003173828125,,,,,,
2020-06-30,343.4125366210937,,,,,,
2020-07-01,341.7234191894531,,,,,,
2020-07-02,342.3145446777344,,,,,,
2020-07-06,338.0071716308594,,,,,,
2020-07-07,352.2807922363281,,,,,,
2020-07-08,347.88885498046875,,,,,,
2020-07-09,364.1896362304688,,,,,,
2020-07-10,358.8686828613281,,,,,,
2020-07-13,362.2470397949219,,,,,,
2020-07-14,363.9363098144531,,,,,,
2020-07-15,357.9395751953125,,,,,,
2020-07-16,363.9363098144531,,,,,,
2020-07-17,361.2335510253906,,,,,,
2020-07-20,363.6828918457031,,,,,,
2020-07-21,364.9497680664063,,,,,,
2020-07-22,368.1591796875,,,,,,
2020-07-23,380.4902648925781,,,,,,
2020-07-24,381.6727600097656,,,,,,
2020-07-27,373.6490478515625,,,,,,
2020-07-28,384.20654296875,,,,,,
2020-07-29,382.5173034667969,,,,,,
2020-07-30,390.203125,,,,,,
2020-07-31,388.5139770507813,,,,,,
2020-08-03,378.7166748046875,,,,,,
2020-08-04,394.25726318359375,,,,,,
2020-08-05,384.0376586914063,,,,,,
2020-08-06,390.3721923828125,,,,,,
2020-08-07,380.2369689941406,,,,,,
2020-08-10,375.9295349121094,,,,,,
2020-08-11,363.513916015625,,,,,,
2020-08-12,353.2943115234375,,,,,,
2020-08-13,343.0747985839844,,,,,,
2020-08-14,337.2469787597656,,,,,,
2020-08-17,341.0476989746094,,,,,,
2020-08-18,347.88885498046875,,,,,,
2020-08-19,341.97674560546875,,,,,,
2020-08-20,351.0983581542969,,,,,,
2020-08-21,357.4328918457031,,,,,,
2020-08-24,355.0679626464844,,,,,,
2020-08-25,347.2132568359375,,,,,,
2020-08-26,342.90576171875,,,,,,
2020-08-27,325.676025390625,,,,,,
2020-08-28,324.4091491699219,,,,,,
2020-08-31,330.6591796875,,,,,,
2020-09-01,342.6524353027344,,,,,,
2020-09-02,352.5341796875,,,,,,
2020-09-03,355.828125,,,,,,
2020-09-04,335.5578308105469,,,,,,
2020-09-08,340.7098388671875,,,,,,
2020-09-09,338.598388671875,,,,,,
2020-09-10,343.75048828125,,,,,,
2020-09-11,345.0173034667969,,,,,,
2020-09-14,345.3551330566406,,,,,,
2020-09-15,343.4125366210937,,,,,,
2020-09-16,340.28759765625,,,,,,
2020-09-17,343.2436828613281,,,,,,
2020-09-18,339.6119689941406,,,,,,
2020-09-21,344.2572326660156,,,,,,
2020-09-22,344.0037536621094,,,,,,
2020-09-23,345.1017761230469,,,,,,
2020-09-24,349.0712890625,,,,,,
2020-09-25,348.6490783691406,,,,,,
2020-09-28,346.03082275390625,,,,,,
2020-09-29,347.1287536621094,,,,,,
2020-09-30,337.7538452148437,,,,,,
2020-10-01,339.6964111328125,,,,,,
2020-10-02,335.6422424316406,,,,,,
2020-10-05,314.61187744140625,,,,,,
2020-10-06,320.3551330566406,,,,,,
2020-10-07,314.10504150390625,,,,,,
2020-10-08,317.990234375,,,,,,
2020-10-09,317.990234375,,,,,,
2020-10-12,320.1862487792969,,,,,,
2020-10-13,328.5477600097656,,,,,,
2020-10-14,330.74371337890625,,,,,,
2020-10-15,329.39227294921875,,,,,,
2020-10-16,325.9294738769531,,,,,,
2020-10-19,322.5510559082031,,,,,,
2020-10-20,311.82470703125,,,,,,
2020-10-21,309.7132263183594,,,,,,
2020-10-22,300.0848083496094,,,,,,
2020-10-23,304.39227294921875,,,,,,
2020-10-26,313.7673034667969,,,,,,
2020-10-27,320.69287109375,,,,,,
2020-10-28,320.8618469238281,,,,,,
2020-10-29,312.0780334472656,,,,,,
2020-10-30,302.7875671386719,,,,,,
2020-11-02,309.2909545898437,,,,,,
2020-11-03,304.5611877441406,,,,,,
2020-11-04,322.88885498046875,,,,,,
2020-11-05,325.5071716308594,,,,,,
2020-11-06,313.2605285644531,,,,,,
2020-11-09,292.56793212890625,,,,,,
2020-11-10,289.0206298828125,,,,,,
2020-11-11,291.8922119140625,,,,,,
2020-11-12,306.75714111328125,,,,,,
2020-11-13,304.98345947265625,,,,,,
2020-11-16,303.8854675292969,,,,,,
2020-11-17,308.6152648925781,,,,,,
2020-11-18,311.65576171875,,,,,,
2020-11-19,316.469970703125,,,,,,
2020-11-20,324.4091491699219,,,,,,
2020-11-23,318.9193420410156,,,,,,
2020-11-24,311.1489562988281,,,,,,
2020-11-25,307.348388671875,,,,,,
2020-11-27,316.30108642578125,,,,,,
2020-11-30,315.6253662109375,,,,,,
2020-12-01,301.436279296875,,,,,,
2020-12-02,294.0882568359375,,,,,,
2020-12-03,300.760498046875,,,,,,
2020-12-04,286.4868469238281,,,,,,
2020-12-07,295.8617858886719,,,,,,
2020-12-08,299.5780944824219,,,,,,
2020-12-09,296.8754272460937,,,,,,
2020-12-10,311.3069152832031,,,,,,
2020-12-11,314.2073059082031,,,,,,
2020-12-14,311.658447265625,,,,,,
2020-12-15,308.84600830078125,,,,,,
2020-12-16,306.38507080078125,,,,,,
2020-12-17,303.3968200683594,,,,,,
2020-12-18,301.19952392578125,,,,,,
2020-12-21,304.36358642578125,,,,,,
2020-12-22,309.109619140625,,,,,,
2020-12-23,303.04522705078125,,,,,,
2020-12-24,305.94561767578125,,,,,,
2020-12-28,306.73663330078125,,,,,,
2020-12-29,305.59405517578125,,,,,,
2020-12-30,307.439697265625,,,,,,
2020-12-31,308.84600830078125,,,,,,
2021-01-04,307.70343017578125,,,,,,
2021-01-05,301.2873840332031,,,,,,
2021-01-06,282.5668334960937,,,,,,
2021-01-07,274.5688781738281,,,,,,
2021-01-08,272.4595031738281,,,,,,
2021-01-11,270.52587890625,,,,,,
2021-01-12,270.3501281738281,,,,,,
2021-01-13,278.96337890625,,,,,,
2021-01-14,271.49267578125,,,,,,
2021-01-15,274.4808654785156,,,,,,
2021-01-19,277.11767578125,,,,,,
2021-01-20,277.6449279785156,,,,,,
2021-01-21,272.2836608886719,,,,,,
2021-01-22,274.21734619140625,,,,,,
2021-01-25,284.1488647460937,,,,,,
2021-01-26,282.83038330078125,,,,,,
2021-01-27,284.8519897460937,,,,,,
2021-01-28,280.1058959960937,,,,,,
2021-01-29,275.3598937988281,,,,,,
2021-02-01,275.8871765136719,,,,,,
2021-02-02,270.78955078125,,,,,,
2021-02-03,263.05523681640625,,,,,,
2021-02-04,261.1216125488281,,,,,,
2021-02-05,254.4420318603516,,,,,,
2021-02-08,257.8695983886719,,,,,,
2021-02-09,258.3091735839844,,,,,,
2021-02-10,263.2309875488281,,,,,,
2021-02-11,259.5396728515625,,,,,,
2021-02-12,249.87164306640625,,,,,,
2021-02-16,238.533920288086,,,,,,
2021-02-17,242.840576171875,,,,,,
2021-02-18,239.6765289306641,,,,,,
2021-02-19,230.360107421875,,,,,,
2021-02-22,224.9109039306641,,,,,,
2021-02-23,222.9773406982422,,,,,,
2021-02-24,218.40701293945312,,,,,,
2021-02-25,208.47540283203125,,,,,,
2021-02-26,229.12960815429688,,,,,,
2021-03-01,219.46170043945312,,,,,,
2021-03-02,219.3738250732422,,,,,,
2021-03-03,212.07891845703125,,,,,,
2021-03-04,208.21177673339844,,,,,,
2021-03-05,209.3543395996093,,,,,,
2021-03-08,204.34461975097656,,,,,,
2021-03-09,212.60626220703125,,,,,,
2021-03-10,213.6609344482422,,,,,,
2021-03-11,209.70591735839844,,,,,,
2021-03-12,196.3465881347656,,,,,,
2021-03-15,199.3348693847656,,,,,,
2021-03-16,197.4013061523437,,,,,,
2021-03-17,192.5673065185547,,,,,,
2021-03-18,187.1180877685547,,,,,,
2021-03-19,190.1942749023437,,,,,,
2021-03-22,196.3465881347656,,,,,,
2021-03-23,202.0193328857422,,,,,,
2021-03-24,204.92160034179688,,,,,,
2021-03-25,200.61212158203125,,,,,,
2021-03-26,197.9736785888672,,,,,,
2021-03-29,193.2244110107422,,,,,,
2021-03-30,195.9508209228516,,,,,,
2021-03-31,193.84005737304688,,,,,,
2021-04-01,202.0193328857422,,,,,,
2021-04-05,199.8206024169922,,,,,,
2021-04-06,203.7783050537109,,,,,,
2021-04-07,199.8206024169922,,,,,,
2021-04-08,204.6578063964844,,,,,,
2021-04-09,202.0193328857422,,,,,,
2021-04-12,202.1952209472656,,,,,,
2021-04-13,206.2409210205078,,,,,,
2021-04-14,204.56983947753903,,,,,,
2021-04-15,214.5960693359375,,,,,,
2021-04-16,209.67091369628903,,,,,,
2021-04-19,207.73605346679688,,,,,,
2021-04-20,210.9022216796875,,,,,,
2021-04-21,211.95758056640625,,,,,,
2021-04-22,214.77194213867188,,,,,,
2021-04-23,213.01296997070312,,,,,,
2021-04-26,212.1334686279297,,,,,,
2021-04-27,206.85655212402344,,,,,,
2021-04-28,206.94448852539065,,,,,,
2021-04-29,205.2734222412109,,,,,,
2021-04-30,206.15293884277344,,,,,,
2021-05-03,207.03240966796875,,,,,,
2021-05-04,210.9901580810547,,,,,,
2021-05-05,212.1334686279297,,,,,,
2021-05-06,213.18885803222656,,,,,,
2021-05-07,210.1106414794922,,,,,,
2021-05-10,203.9542388916016,,,,,,
2021-05-11,199.38082885742188,,,,,,
2021-05-12,194.1918487548828,,,,,,
2021-05-13,194.6316375732422,,,,,,
2021-05-14,199.99647521972656,,,,,,
2021-05-17,198.8531188964844,,,,,,
2021-05-18,197.4459686279297,,,,,,
2021-05-19,196.0387420654297,,,,,,
2021-05-20,200.9639129638672,,,,,,
2021-05-21,202.81085205078125,,,,,,
2021-05-24,204.6578063964844,,,,,,
2021-05-25,210.8142547607422,,,,,,
2021-05-26,209.40708923339844,,,,,,
2021-05-27,207.120361328125,,,,,,
2021-05-28,205.44932556152344,,,,,,
2021-06-01,205.9770355224609,,,,,,
2021-06-02,207.3842315673828,,,,,,
2021-06-03,205.0975341796875,,,,,,
2021-06-04,212.8370819091797,,,,,,
2021-06-07,211.16604614257807,,,,,,
2021-06-08,215.6514434814453,,,,,,
2021-06-09,221.45611572265625,,,,,,
2021-06-10,225.5896911621093,,,,,,
2021-06-11,224.18251037597656,,,,,,
2021-06-14,219.2573699951172,,,,,,
2021-06-15,218.46583557128903,,,,,,
2021-06-16,216.4429931640625,,,,,,
2021-06-17,227.52459716796875,,,,,,
2021-06-18,239.9253845214844,,,,,,
2021-06-21,228.40408325195312,,,,,,
2021-06-22,229.583236694336,,,,,,
2021-06-23,228.17526245117188,,,,,,
2021-06-24,229.2312164306641,,,,,,
2021-06-25,222.45553588867188,,,,,,
2021-06-28,227.2952880859375,,,,,,
2021-06-29,230.2872314453125,,,,,,
2021-06-30,232.9271240234375,,,,,,
2021-07-01,233.0151214599609,,,,,,
2021-07-02,237.23892211914065,,,,,,
2021-07-06,245.42263793945312,,,,,,
2021-07-07,252.19834899902344,,,,,,
2021-07-08,255.2782440185547,,,,,,
2021-07-09,244.45462036132807,,,,,,
2021-07-12,243.4867248535156,,,,,,
2021-07-13,237.4148712158203,,,,,,
2021-07-14,245.8625946044922,,,,,,
2021-07-15,253.6063537597656,,,,,,
2021-07-16,252.8142547607422,,,,,,
2021-07-19,269.0057678222656,,,,,,
2021-07-20,261.4379577636719,,,,,,
2021-07-21,251.4064178466797,,,,,,
2021-07-22,258.0941772460937,,,,,,
2021-07-23,253.5183258056641,,,,,,
2021-07-26,251.23036193847656,,,,,,
2021-07-27,259.150146484375,,,,,,
2021-07-28,259.06207275390625,,,,,,
2021-07-29,254.750228881836,,,,,,
2021-07-30,258.35809326171875,,,,,,
2021-08-02,264.9579467773437,,,,,,
2021-08-03,265.57379150390625,,,,,,
2021-08-04,267.1578063964844,,,,,,
2021-08-05,263.1979675292969,,,,,,
2021-08-06,250.08642578125,,,,,,
2021-08-09,247.1826171875,,,,,,
2021-08-10,243.838623046875,,,,,,
2021-08-11,243.1347503662109,,,,,,
2021-08-12,242.43072509765625,,,,,,
2021-08-13,253.34230041503903,,,,,,
2021-08-16,255.10223388671875,,,,,,
2021-08-17,255.1902313232422,,,,,,
2021-08-18,257.7421569824219,,,,,,
2021-08-19,263.3739318847656,,,,,,
2021-08-20,263.8139038085937,,,,,,
2021-08-23,263.0219421386719,,,,,,
2021-08-24,257.3021850585937,,,,,,
2021-08-25,250.5264434814453,,,,,,
2021-08-26,253.1663055419922,,,,,,
2021-08-27,257.3901672363281,,,,,,
2021-08-30,259.6781005859375,,,,,,
2021-08-31,254.83824157714844,,,,,,
2021-09-01,255.6302490234375,,,,,,
2021-09-02,258.9740905761719,,,,,,
2021-09-03,252.2863311767578,,,,,,
2021-09-07,245.68663024902344,,,,,,
2021-09-08,250.7024078369141,,,,,,
2021-09-09,259.5900573730469,,,,,,
2021-09-10,252.90235900878903,,,,,,
2021-09-13,257.7421569824219,,,,,,
2021-09-14,266.54180908203125,,,,,,
2021-09-15,263.9018859863281,,,,,,
2021-09-16,260.4700927734375,,,,,,
2021-09-17,256.4221496582031,,,,,,
2021-09-20,266.1018371582031,,,,,,
2021-09-21,265.4417419433594,,,,,,
2021-09-22,269.7543029785156,,,,,,
2021-09-23,251.62399291992188,,,,,,
2021-09-24,244.40711975097656,,,,,,
2021-09-27,241.7667694091797,,,,,,
2021-09-28,230.1492462158203,,,,,,
2021-09-29,231.73342895507807,,,,,,
2021-09-30,231.29342651367188,,,,,,
2021-10-01,236.83816528320312,,,,,,
2021-10-04,235.1659240722656,,,,,,
2021-10-05,228.74110412597656,,,,,,
2021-10-06,232.0855712890625,,,,,,
2021-10-07,225.04464721679688,,,,,,
2021-10-08,220.1159820556641,,,,,,
2021-10-11,218.6198272705078,,,,,,
2021-10-12,229.6212310791016,,,,,,
2021-10-13,236.5740661621093,,,,,,
2021-10-14,239.1264190673828,,,,,,
2021-10-15,235.1659240722656,,,,,,
2021-10-18,237.8942413330078,,,,,,
2021-10-19,228.74110412597656,,,,,,
2021-10-20,223.7244415283203,,,,,,
2021-10-21,223.1963653564453,,,,,,
2021-10-22,229.88525390625,,,,,,
2021-10-25,229.005126953125,,,,,,
2021-10-26,234.90187072753903,,,,,,
2021-10-27,247.6634521484375,,,,,,
2021-10-28,244.84716796875,,,,,,
2021-10-29,247.6634521484375,,,,,,
2021-11-01,241.9427947998047,,,,,,
2021-11-02,245.02310180664065,,,,,,
2021-11-03,237.7182464599609,,,,,,
2021-11-04,244.84716796875,,,,,,
2021-11-05,255.76052856445312,,,,,,
2021-11-08,254.7924346923828,,,,,,
2021-11-09,264.2975769042969,,,,,,
2021-11-10,250.0398101806641,,,,,,
2021-11-11,249.07167053222656,,,,,,
2021-11-12,245.5512237548828,,,,,,
2021-11-15,236.3980712890625,,,,,,
2021-11-16,234.5498504638672,,,,,,
2021-11-17,240.2705535888672,,,,,,
2021-11-18,242.2068328857422,,,,,,
2021-11-19,250.5678558349609,,,,,,
2021-11-22,241.67877197265625,,,,,,
2021-11-23,231.38140869140625,,,,,,
2021-11-24,241.9427947998047,,,,,,
2021-11-26,258.8409118652344,,,,,,
2021-11-29,254.2643585205078,,,,,,
2021-11-30,265.9698181152344,,,,,,
2021-12-01,270.6343994140625,,,,,,
2021-12-02,271.86651611328125,,,,,,
2021-12-03,281.5477905273437,,,,,,
2021-12-06,269.84234619140625,,,,,,
2021-12-07,263.2414855957031,,,,,,
2021-12-08,249.4237518310547,,,,,,
2021-12-09,254.0883178710937,,,,,,
2021-12-10,251.7120056152344,,,,,,
2021-12-13,262.8894348144531,,,,,,
2021-12-14,261.1291809082031,,,,,,
2021-12-15,253.7362365722656,,,,,,
2021-12-16,253.91221618652344,,,,,,
2021-12-17,261.8333435058594,,,,,,
2021-12-20,256.8166809082031,,,,,,
2021-12-21,253.6656951904297,,,,,,
2021-12-22,257.1863708496094,,,,,,
2021-12-23,250.673080444336,,,,,,
2021-12-27,251.90533447265625,,,,,,
2021-12-28,249.3527984619141,,,,,,
2021-12-29,240.72705078125,,,,,,
2021-12-30,247.15235900878903,,,,,,
2021-12-31,247.680419921875,,,,,,
2022-01-03,229.0208435058593,,,,,,
2022-01-04,226.02821350097656,,,,,,
2022-01-05,222.68359375,,,,,,
2022-01-06,223.915771484375,,,,,,
2022-01-07,219.42694091796875,,,,,,
2022-01-10,220.7472381591797,,,,,,
2022-01-11,224.79600524902344,,,,,,
2022-01-12,222.4195098876953,,,,,,
2022-01-13,228.66873168945312,,,,,,
2022-01-14,218.28274536132807,,,,,,
2022-01-18,208.4248046875,,,,,,
2022-01-19,213.4417724609375,,,,,,
2022-01-20,217.1385040283203,,,,,,
2022-01-21,225.236083984375,,,,,,
2022-01-24,219.3389129638672,,,,,,
2022-01-25,217.84263610839844,,,,,,
2022-01-26,210.53721618652344,,,,,,
2022-01-27,221.71539306640625,,,,,,
2022-01-28,222.06748962402344,,,,,,
2022-01-31,218.4587554931641,,,,,,
2022-02-01,216.25831604003903,,,,,,
2022-02-02,218.63479614257807,,,,,,
2022-02-03,213.88185119628903,,,,,,
2022-02-04,203.9359130859375,,,,,,
2022-02-07,204.9041442871093,,,,,,
2022-02-08,200.15115356445312,,,,,,
2022-02-09,201.7354736328125,,,,,,
2022-02-10,191.78952026367188,,,,,,
2022-02-11,200.41519165039065,,,,,,
2022-02-14,193.1097869873047,,,,,,
2022-02-15,186.50848388671875,,,,,,
2022-02-16,189.6771240234375,,,,,,
2022-02-17,193.72589111328125,,,,,,
2022-02-18,199.71109008789065,,,,,,
2022-02-22,201.119369506836,,,,,,
2022-02-23,193.02178955078125,,,,,,
2022-02-24,193.5498962402344,,,,,,
2022-02-25,193.98995971679688,,,,,,
2022-02-28,206.4884490966797,,,,,,
2022-03-01,213.7058258056641,,,,,,
2022-03-02,191.965576171875,,,,,,
2022-03-03,197.9507598876953,,,,,,
2022-03-04,207.8086700439453,,,,,,
2022-03-07,203.5838623046875,,,,,,
2022-03-08,196.89453125,,,,,,
2022-03-09,190.82135009765625,,,,,,
2022-03-10,183.16387939453125,,,,,,
2022-03-11,184.48410034179688,,,,,,
2022-03-14,172.16168212890625,,,,,,
2022-03-15,170.75340270996094,,,,,,
2022-03-16,176.3865203857422,,,,,,
2022-03-17,171.54556274414062,,,,,,
2022-03-18,177.97085571289062,,,,,,
2022-03-21,165.7364501953125,,,,,,
2022-03-22,159.35009765625,,,,,,
2022-03-23,169.92059326171875,,,,,,
2022-03-24,165.69239807128906,,,,,,
2022-03-25,159.2620391845703,,,,,,
2022-03-28,162.96170043945312,,,,,,
2022-03-29,166.66131591796875,,,,,,
2022-03-30,170.80148315429688,,,,,,
2022-03-31,172.3870391845703,,,,,,
2022-04-01,173.3560028076172,,,,,,
2022-04-04,170.27293395996094,,,,,,
2022-04-05,158.90966796875,,,,,,
2022-04-06,154.9457244873047,,,,,,
2022-04-07,151.33413696289062,,,,,,
2022-04-08,145.78463745117188,,,,,,
2022-04-11,139.53042602539062,,,,,,
2022-04-12,138.6495361328125,,,,,,
2022-04-13,139.61854553222656,,,,,,
2022-04-14,131.07406616210938,,,,,,
2022-04-18,129.22422790527344,,,,,,
2022-04-19,126.58157348632812,,,,,,
2022-04-20,133.98095703125,,,,,,
2022-04-21,130.72169494628906,,,,,,
2022-04-22,128.43142700195312,,,,,,
2022-04-25,132.2191619873047,,,,,,
2022-04-26,136.2711944580078,,,,,,
2022-04-27,131.16212463378906,,,,,,
2022-04-28,131.69065856933594,,,,,,
2022-04-29,126.49349975585938,,,,,,
2022-05-02,119.88694763183594,,,,,,
2022-05-03,122.17723083496094,,,,,,
2022-05-04,124.11515045166016,,,,,,
2022-05-05,113.98507690429688,,,,,,
2022-05-06,109.05219268798828,,,,,,
2022-05-09,111.69481658935548,,,,,,
2022-05-10,115.0421371459961,,,,,,
2022-05-11,121.29635620117188,,,,,,
2022-05-12,120.6797332763672,,,,,,
2022-05-13,115.30638885498048,,,,,,
2022-05-16,114.9540557861328,,,,,,
2022-05-17,110.99011993408205,,,,,,
2022-05-18,117.86095428466795,,,,,,
2022-05-19,118.82988739013672,,,,,,
2022-05-20,123.05807495117188,,,,,,
2022-05-23,116.98007202148438,,,,,,
2022-05-24,123.7627944946289,,,,,,
2022-05-25,125.26025390625,,,,,,
2022-05-26,123.41043853759766,,,,,,
2022-05-27,124.20323181152344,,,,,,
2022-05-31,116.45152282714844,,,,,,
2022-06-01,116.09920501708984,,,,,,
2022-06-02,115.92301940917967,,,,,,
2022-06-03,115.21831512451172,,,,,,
2022-06-06,109.22836303710938,,,,,,
2022-06-07,112.48760986328124,,,,,,
2022-06-08,109.6688003540039,,,,,,
2022-06-09,110.63777160644533,,,,,,
2022-06-10,108.61174774169922,,,,,,
2022-06-13,98.30553436279295,,,,,,
2022-06-14,94.69395446777344,,,,,,
2022-06-15,99.97918701171876,,,,,,
2022-06-16,101.91710662841795,,,,,,
2022-06-17,103.32652282714844,,,,,,
2022-06-21,97.95318603515624,,,,,,
2022-06-22,105.77601623535156,,,,,,
2022-06-23,108.6014404296875,,,,,,
2022-06-24,104.18673706054688,,,,,,
2022-06-27,101.53790283203124,,,,,,
2022-06-28,102.59744262695312,,,,,,
2022-06-29,107.36532592773438,,,,,,
2022-06-30,110.27902221679688,,,,,,
2022-07-01,113.63414764404295,,,,,,
2022-07-05,116.54785919189452,,,,,,
2022-07-06,110.63218688964844,,,,,,
2022-07-07,107.71847534179688,,,,,,
2022-07-08,104.0101547241211,,,,,,
2022-07-11,109.21946716308594,,,,,,
2022-07-12,111.07364654541016,,,,,,
2022-07-13,115.22345733642578,,,,,,
2022-07-14,112.1331558227539,,,,,,
2022-07-15,114.3405303955078,,,,,,
2022-07-18,110.63218688964844,,,,,,
2022-07-19,108.77800750732422,,,,,,
2022-07-20,109.4843521118164,,,,,,
2022-07-21,115.31175231933594,,,,,,
2022-07-22,121.31572723388672,,,,,,
2022-07-25,117.43081665039062,,,,,,
2022-07-26,117.78399658203124,,,,,,
2022-07-27,116.1063995361328,,,,,,
2022-07-28,118.4903335571289,,,,,,
2022-07-29,117.43081665039062,,,,,,
2022-08-01,125.5538101196289,,,,,,
2022-08-02,118.0488510131836,,,,,,
2022-08-03,123.52306365966795,,,,,,
2022-08-04,123.08161163330078,,,,,,
2022-08-05,114.60540771484376,,,,,,
2022-08-08,119.90302276611328,,,,,,
2022-08-09,118.66690826416016,,,,,,
2022-08-10,116.19469451904295,,,,,,
2022-08-11,108.15995025634766,,,,,,
2022-08-12,111.07364654541016,,,,,,
2022-08-15,111.07364654541016,,,,,,
2022-08-16,112.39805603027344,,,,,,
2022-08-17,108.6014404296875,,,,,,
2022-08-18,109.04288482666016,,,,,,
2022-08-19,104.0101547241211,,,,,,
2022-08-22,102.86231994628906,,,,,,
2022-08-23,101.09644317626952,,,,,,
2022-08-24,98.97738647460938,,,,,,
2022-08-25,102.86231994628906,,,,,,
2022-08-26,105.06968688964844,,,,,,
2022-08-29,102.59744262695312,,,,,,
2022-08-30,103.56867980957033,,,,,,
2022-08-31,100.39008331298828,,,,,,
2022-09-01,94.91587829589844,,,,,,
2022-09-02,96.41687774658205,,,,,,
2022-09-06,89.35336303710938,,,,,,
2022-09-07,93.503173828125,,,,,,
2022-09-08,90.58946228027344,,,,,,
2022-09-09,91.2075424194336,,,,,,
2022-09-12,88.91189575195312,,,,,,
2022-09-13,89.44166564941406,,,,,,
2022-09-14,90.32459259033205,,,,,,
2022-09-15,90.23629760742188,,,,,,
2022-09-16,88.0289535522461,,,,,,
2022-09-19,88.55873107910156,,,,,,
2022-09-20,85.95352172851562,,,,,,
2022-09-21,89.9410629272461,,,,,,
2022-09-22,83.38378143310547,,,,,,
2022-09-23,84.18128967285156,,,,,,
2022-09-26,79.48486328125,,,,,,
2022-09-27,73.10479736328125,,,,,,
2022-09-28,80.37098693847656,,,,,,
2022-09-29,79.04178619384766,,,,,,
2022-09-30,75.94038391113281,,,,,,
2022-10-03,79.5734634399414,,,,,,
2022-10-04,78.86457061767578,,,,,,
2022-10-05,76.4720687866211,,,,,,
2022-10-06,75.4087142944336,,,,,,
2022-10-07,73.10479736328125,,,,,,
2022-10-10,69.82616424560547,,,,,,
2022-10-11,70.71229553222656,,,,,,
2022-10-12,71.42118072509766,,,,,,
2022-10-13,69.5603256225586,,,,,,
2022-10-14,67.96531677246094,,,,,,
2022-10-17,66.72474670410156,,,,,,
2022-10-18,67.25642395019531,,,,,,
2022-10-19,63.35747909545898,,,,,,
2022-10-20,60.34468078613281,,,,,,
2022-10-21,57.06605529785156,,,,,,
2022-10-24,55.64826583862305,,,,,,
2022-10-25,60.256080627441406,,,,,,
2022-10-26,62.64860153198242,,,,,,
2022-10-27,64.86390686035156,,,,,,
2022-10-28,63.53470993041992,,,,,,
2022-10-31,61.67386245727539,,,,,,
2022-11-01,63.800559997558594,,,,,,
2022-11-02,63.0916633605957,,,,,,
2022-11-03,61.93971252441406,,,,,,
2022-11-04,58.92690658569336,,,,,,
2022-11-07,57.2432746887207,,,,,,
2022-11-08,59.10413360595703,,,,,,
2022-11-09,59.28135299682617,,,,,,
2022-11-10,66.10446166992188,,,,,,
2022-11-11,65.57279968261719,,,,,,
2022-11-14,65.04113006591797,,,,,,
2022-11-15,68.14253234863281,,,,,,
2022-11-16,72.57315063476562,,,,,,
2022-11-17,70.44645690917969,,,,,,
2022-11-18,68.9400405883789,,,,,,
2022-11-21,69.73754119873047,,,,,,
2022-11-22,72.66175079345703,,,,,,
2022-11-23,76.20621490478516,,,,,,
2022-11-25,75.67455291748047,,,,,,
2022-11-28,76.2948226928711,,,,,,
2022-11-29,73.45925903320312,,,,,,
2022-11-30,74.87703704833984,,,,,,
2022-12-01,82.23181915283203,,,,,,
2022-12-02,85.15601348876953,,,,,,
2022-12-05,81.78878021240234,,,,,,
2022-12-06,84.97879791259766,,,,,,
2022-12-07,90.64995574951172,,,,,,
2022-12-08,90.02967071533203,,,,,,
2022-12-09,83.11795806884766,,,,,,
2022-12-12,83.82684326171875,,,,,,
2022-12-13,86.1307373046875,,,,,,
2022-12-14,87.3713150024414,,,,,,
2022-12-15,88.3460464477539,,,,,,
2022-12-16,85.42185974121094,,,,,,
2022-12-19,80.90265655517578,,,,,,
2022-12-20,76.42240142822266,,,,,,
2022-12-21,76.77869415283203,,,,,,
2022-12-22,76.95684051513672,,,,,,
2022-12-23,73.66122436523438,,,,,,
2022-12-27,69.20771026611328,,,,,,
2022-12-28,67.87165069580078,,,,,,
2022-12-29,70.1874771118164,,,,,,
2022-12-30,67.87165069580078,,,,,,
2023-01-03,71.5235366821289,,,,,,
2023-01-04,74.55193328857422,,,,,,
2023-01-05,75.44263458251953,,,,,,
2023-01-06,79.53987121582031,,,,,,
2023-01-09,80.69778442382812,,,,,,
2023-01-10,76.86776733398438,,,,,,
2023-01-11,80.43058013916016,,,,,,
2023-01-12,85.0622329711914,,,,,,
2023-01-13,82.92454528808594,,,,,,
2023-01-17,81.14314270019531,,,,,,
2023-01-18,86.93270874023438,,,,,,
2023-01-19,85.41852569580078,,,,,,
2023-01-20,81.14314270019531,,,,,,
2023-01-23,79.98521423339844,,,,,,
2023-01-24,83.1917724609375,,,,,,
2023-01-25,83.9043197631836,,,,,,
2023-01-26,82.65733337402344,,,,,,
2023-01-27,82.12291717529297,,,,,,
2023-01-30,80.96500396728516,,,,,,
2023-01-31,83.01362609863281,,,,,,
2023-02-01,85.86387634277344,,,,,,
2023-02-02,86.22016906738281,,,,,,
2023-02-03,82.30105590820312,,,,,,
2023-02-06,80.60871887207031,,,,,,
2023-02-07,78.64916229248047,,,,,,
2023-02-08,79.53987121582031,,,,,,
2023-02-09,77.40219116210938,,,,,,
2023-02-10,74.64102172851562,,,,,,
2023-02-13,76.42240142822266,,,,,,
2023-02-14,76.06612396240234,,,,,,
2023-02-15,73.92843627929688,,,,,,
2023-02-16,70.90003967285156,,,,,,
2023-02-17,72.05795288085938,,,,,,
2023-02-21,68.04978942871094,,,,,,
2023-02-22,69.8311996459961,,,,,,
2023-02-23,71.7907485961914,,,,,,
2023-02-24,69.02957153320312,,,,,,
2023-02-27,69.56398010253906,,,,,,
2023-02-28,70.36561584472656,,,,,,
2023-03-01,68.31700134277344,,,,,,
2023-03-02,66.44652557373047,,,,,,
2023-03-03,70.98912048339844,,,,,,
2023-03-06,69.56398010253906,,,,,,
2023-03-07,70.72190856933594,,,,,,
2023-03-08,70.98912048339844,,,,,,
2023-03-09,71.43446350097656,,,,,,
2023-03-10,78.73824310302734,,,,,,
2023-03-13,79.18358612060547,,,,,,
2023-03-14,75.35356903076172,,,,,,
2023-03-15,79.71800994873047,,,,,,
2023-03-16,77.8475341796875,,,,,,
2023-03-17,81.14314270019531,,,,,,
2023-03-20,79.18358612060547,,,,,,
2023-03-21,76.9033203125,,,,,,
2023-03-22,79.94367980957031,,,,,,
2023-03-23,79.76483154296875,,,,,,
2023-03-24,80.6590576171875,,,,,,
2023-03-27,75.293701171875,,,,,,
2023-03-28,75.5619888305664,,,,,,
2023-03-29,75.11487579345703,,,,,,
2023-03-30,76.18792724609375,,,,,,
2023-03-31,79.40714263916016,,,,,,
2023-04-03,80.39079284667969,,,,,,
2023-04-04,81.82154846191406,,,,,,
2023-04-05,84.05711364746094,,,,,,
2023-04-06,84.86193084716797,,,,,,
2023-04-10,80.9273452758789,,,,,,
2023-04-11,81.2850112915039,,,,,,
2023-04-12,80.9273452758789,,,,,,
2023-04-13,78.96002960205078,,,,,,
2023-04-14,76.7244644165039,,,,,,
2023-04-17,74.13121032714844,,,,,,
2023-04-18,74.84660339355469,,,,,,
2023-04-19,74.57833862304688,,,,,,
2023-04-20,76.36678314208984,,,,,,
2023-04-21,75.11487579345703,,,,,,
2023-04-24,77.17160034179688,,,,,,
2023-04-25,80.48021697998047,,,,,,
2023-04-26,77.70811462402344,,,,,,
2023-04-27,75.65139770507812,,,,,,
2023-04-28,79.13887786865234,,,,,,
2023-05-01,72.43219757080078,,,,,,
2023-05-02,77.43985748291016,,,,,,
2023-05-03,78.87062072753906,,,,,,
2023-05-04,76.81391143798828,,,,,,
2023-05-05,75.91967010498047,,,,,,
2023-05-08,72.78988647460938,,,,,,
2023-05-09,71.98507690429688,,,,,,
2023-05-10,73.7735366821289,,,,,,
2023-05-11,75.91967010498047,,,,,,
2023-05-12,74.22064208984375,,,,,,
2023-05-15,71.98507690429688,,,,,,
2023-05-16,71.1802749633789,,,,,,
2023-05-17,70.64376068115234,,,,,,
2023-05-18,69.1235580444336,,,,,,
2023-05-19,67.60338592529297,,,,,,
2023-05-22,66.79857635498047,,,,,,
2023-05-23,67.1562728881836,,,,,,
2023-05-24,66.5302963256836,,,,,,
2023-05-25,65.72550201416016,,,,,,
2023-05-26,67.06684875488281,,,,,,
2023-05-30,69.1235580444336,,,,,,
2023-05-31,70.82259368896484,,,,,,
2023-06-01,71.5379867553711,,,,,,
2023-06-02,69.30241394042969,,,,,,
2023-06-05,68.9447250366211,,,,,,
2023-06-06,70.0177993774414,,,,,,
2023-06-07,67.24568939208984,,,,,,
2023-06-08,69.21297454833984,,,,,,
2023-06-09,68.9447250366211,,,,,,
2023-06-12,69.57067108154297,,,,,,
2023-06-13,67.51395416259766,,,,,,
2023-06-14,69.1235580444336,,,,,,
2023-06-15,70.91201782226562,,,,,,
2023-06-16,70.1966323852539,,,,,,
2023-06-20,71.44853973388672,,,,,,
2023-06-21,72.15026092529297,,,,,,
2023-06-22,69.45137786865234,,,,,,
2023-06-23,71.1606674194336,,,,,,
2023-06-26,71.6104736328125,,,,,,
2023-06-27,70.8008041381836,,,,,,
2023-06-28,71.79041290283203,,,,,,
2023-06-29,68.19189453125,,,,,,
2023-06-30,70.17108154296875,,,,,,
2023-07-03,69.00155639648438,,,,,,
2023-07-05,67.11233520507812,,,,,,
2023-07-06,64.41345977783203,,,,,,
2023-07-07,63.06399154663086,,,,,,
2023-07-10,63.33389663696289,,,,,,
2023-07-11,63.96363067626953,,,,,,
2023-07-12,66.21270751953125,,,,,,
2023-07-13,68.10192108154297,,,,,,
2023-07-14,67.2022933959961,,,,,,
2023-07-17,67.2022933959961,,,,,,
2023-07-18,67.9219970703125,,,,,,
2023-07-19,70.26103973388672,,,,,,
2023-07-20,67.74208068847656,,,,,,
2023-07-21,67.74208068847656,,,,,,
2023-07-24,67.0223617553711,,,,,,
2023-07-25,66.57254791259766,,,,,,
2023-07-26,66.66252136230469,,,,,,
2023-07-27,62.79411315917969,,,,,,
2023-07-28,63.7837142944336,,,,,,
2023-07-31,64.0535888671875,,,,,,
2023-08-01,61.17478561401367,,,,,,
2023-08-02,59.10563278198242,,,,,,
2023-08-03,54.96734237670898,,,,,,
2023-08-04,57.75619125366211,,,,,,
2023-08-07,56.136863708496094,,,,,,
2023-08-08,58.02608108520508,,,,,,
2023-08-09,58.92571640014648,,,,,,
2023-08-10,56.136863708496094,,,,,,
2023-08-11,55.597076416015625,,,,,,
2023-08-14,55.05731201171875,,,,,,
2023-08-15,54.15768051147461,,,,,,
2023-08-16,52.98815536499024,,,,,,
2023-08-17,52.178489685058594,,,,,,
2023-08-18,52.538333892822266,,,,,,
2023-08-21,50.55915832519531,,,,,,
2023-08-22,51.54875564575195,,,,,,
2023-08-23,55.32719039916992,,,,,,
2023-08-24,54.42756271362305,,,,,,
2023-08-25,54.78742218017578,,,,,,
2023-08-28,54.96734237670898,,,,,,
2023-08-29,56.67664337158203,,,,,,
2023-08-30,56.40674591064453,,,,,,
2023-08-31,57.03649139404297,,,,,,
2023-09-01,54.51752471923828,,,,,,
2023-09-05,52.26844787597656,,,,,,
2023-09-06,52.538333892822266,,,,,,
2023-09-07,52.80823516845703,,,,,,
2023-09-08,53.43798065185547,,,,,,
2023-09-11,52.26844787597656,,,,,,
2023-09-12,53.168087005615234,,,,,,
2023-09-13,53.168087005615234,,,,,,
2023-09-14,52.088523864746094,,,,,,
2023-09-15,51.09893798828125,,,,,,
2023-09-18,51.818634033203125,,,,,,
2023-09-19,50.7296257019043,,,,,,
2023-09-20,51.09263229370117,,,,,,
2023-09-21,47.19035339355469,,,,,,
2023-09-22,48.27936172485352,,,,,,
2023-09-25,44.74008941650391,,,,,,
2023-09-26,44.195587158203125,,,,,,
2023-09-27,43.56032943725586,,,,,,
2023-09-28,43.74182891845703,,,,,,
2023-09-29,43.74182891845703,,,,,,
2023-10-02,41.74531936645508,,,,,,
2023-10-03,39.02279281616211,,,,,,
2023-10-04,40.47480010986328,,,,,,
2023-10-05,39.93030548095703,,,,,,
2023-10-06,38.47829055786133,,,,,,
2023-10-09,41.01930618286133,,,,,,
2023-10-10,40.92855453491211,,,,,,
2023-10-11,43.46958160400391,,,,,,
2023-10-12,39.93030548095703,,,,,,
2023-10-13,42.01756286621094,,,,,,
2023-10-16,40.02105331420898,,,,,,
2023-10-17,38.659786224365234,,,,,,
2023-10-18,37.66153335571289,,,,,,
2023-10-19,35.3020133972168,,,,,,
2023-10-20,35.755767822265625,,,,,,
2023-10-23,37.29853439331055,,,,,,
2023-10-24,38.56903839111328,,,,,,
2023-10-25,36.02802276611328,,,,,,
2023-10-26,37.66153335571289,,,,,,
2023-10-27,37.026275634765625,,,,,,
2023-10-30,36.66327667236328,,,,,,
2023-10-31,36.118770599365234,,,,,,
2023-11-01,38.29679107666016,,,,,,
2023-11-02,40.92855453491211,,,,,,
2023-11-03,41.83606719970703,,,,,,
2023-11-06,40.65630340576172,,,,,,
2023-11-07,42.19906997680664,,,,,,
2023-11-08,44.3770866394043,,,,,,
2023-11-09,41.38230895996094,,,,,,
2023-11-10,41.92682266235352,,,,,,
2023-11-13,41.654571533203125,,,,,,
2023-11-14,44.55858612060547,,,,,,
2023-11-15,42.74356460571289,,,,,,
2023-11-16,44.195587158203125,,,,,,
2023-11-17,44.830833435058594,,,,,,
2023-11-20,45.55684280395508,,,,,,
2023-11-21,45.55684280395508,,,,,,
2023-11-22,46.01060104370117,,,,,,
2023-11-24,44.3770866394043,,,,,,
2023-11-27,46.464351654052734,,,,,,
2023-11-28,46.64585494995117,,,,,,
2023-11-29,48.55161666870117,,,,,,
2023-11-30,46.73659896850586,,,,,,
2023-12-01,49.277626037597656,,,,,,
2023-12-04,48.84202194213867,,,,,,
2023-12-05,51.87309646606445,,,,,,
2023-12-06,53.99665069580078,,,,,,
2023-12-07,53.04377746582031,,,,,,
2023-12-08,51.66436767578125,,,,,,
2023-12-11,51.31044006347656,,,,,,
2023-12-12,51.71881866455078,,,,,,
2023-12-13,55.38514709472656,,,,,,
2023-12-14,59.51430130004883,,,,,,
2023-12-15,59.82284164428711,,,,,,
2023-12-18,58.3980712890625,,,,,,
2023-12-19,59.26926040649414,,,,,,
2023-12-20,60.548858642578125,,,,,,
2023-12-21,59.28434753417969,,,,,,
2023-12-22,58.424896240234375,,,,,,
2023-12-26,58.87290573120117,,,,,,
2023-12-27,61.972450256347656,,,,,,
2023-12-28,60.59183120727539,,,,,,
2023-12-29,59.046634674072266,,,,,,
2024-01-02,57.85801315307617,,,,,,
2024-01-03,58.58032989501953,,,,,,
2024-01-04,55.91966247558594,,,,,,
2024-01-05,54.31960678100586,,,,,,
2024-01-08,55.773380279541016,,,,,,
2024-01-09,54.84077835083008,,,,,,
2024-01-10,53.93559646606445,,,,,,
2024-01-11,54.71276092529297,,,,,,
2024-01-12,54.420188903808594,,,,,,
2024-01-16,51.50350570678711,,,,,,
2024-01-17,51.311500549316406,,,,,,
2024-01-18,49.78459548950195,,,,,,
2024-01-19,50.18689727783203,,,,,,
2024-01-22,51.07378387451172,,,,,,
2024-01-23,49.866886138916016,,,,,,
2024-01-24,49.00741958618164,,,,,,
2024-01-25,49.848594665527344,,,,,,
2024-01-26,49.5560188293457,,,,,,
2024-01-29,51.293212890625,,,,,,
2024-01-30,52.61898040771485,,,,,,
2024-01-31,54.18246078491211,,,,,,
2024-02-01,57.153995513916016,,,,,,
2024-02-02,53.46929550170898,,,,,,
2024-02-05,50.22346878051758,,,,,,
2024-02-06,51.54922103881836,,,,,,
2024-02-07,50.9366340637207,,,,,,
2024-02-08,49.94917297363281,,,,,,
2024-02-09,49.62915802001953,,,,,,
2024-02-12,49.76630783081055,,,,,,
2024-02-13,47.22451019287109,,,,,,
2024-02-14,47.928524017333984,,,,,,
2024-02-15,48.57769775390625,,,,,,
2024-02-16,47.71823501586914,,,,,,
2024-02-20,47.7822380065918,,,,,,
2024-02-21,46.83135223388672,,,,,,
2024-02-22,47.37993621826172,,,,,,
2024-02-23,49.30915069580078,,,,,,
2024-02-26,48.815425872802734,,,,,,
2024-02-27,47.8005256652832,,,,,,
2024-02-28,48.68741226196289,,,,,,
2024-02-29,49.638301849365234,,,,,,
2024-03-01,50.51604843139648,,,,,,
2024-03-04,49.94917297363281,,,,,,
2024-03-05,52.06124496459961,,,,,,
2024-03-06,52.92070770263672,,,,,,
2024-03-07,52.69212341308594,,,,,,
2024-03-08,52.47269058227539,,,,,,
2024-03-11,52.335540771484375,,,,,,
2024-03-12,50.97320938110352,,,,,,
2024-03-13,50.27832794189453,,,,,,
2024-03-14,47.8736686706543,,,,,,
2024-03-15,47.85538482666016,,,,,,
2024-03-18,47.352500915527344,,,,,,
2024-03-19,47.766510009765625,,,,,,
2024-03-20,47.71131134033203,,,,,,
2024-03-21,47.93211364746094,,,,,,
2024-03-22,49.27531433105469,,,,,,
2024-03-25,48.576114654541016,,,,,,
2024-03-26,49.01770782470703,,,,,,
2024-03-27,50.26891326904297,,,,,,
2024-03-28,50.140113830566406,,,,,,
2024-04-01,47.34331130981445,,,,,,
2024-04-02,46.625709533691406,,,,,,
2024-04-03,46.53371047973633,,,,,,
2024-04-04,47.41690826416016,,,,,,
2024-04-05,45.48490524291992,,,,,,
2024-04-08,45.44810104370117,,,,,,
2024-04-09,46.69010543823242,,,,,,
2024-04-10,43.66329956054688,,,,,,
2024-04-11,42.97330093383789,,,,,,
2024-04-12,43.66329956054688,,,,,,
2024-04-15,41.63009643554688,,,,,,
2024-04-16,40.78369140625,,,,,,
2024-04-17,42.090091705322266,,,,,,
2024-04-18,41.38169479370117,,,,,,
2024-04-19,41.86929702758789,,,,,,
2024-04-22,41.602500915527344,,,,,,
2024-04-23,41.5840950012207,,,,,,
2024-04-24,40.71009063720703,,,,,,
2024-04-25,39.83609008789063,,,,,,
2024-04-26,40.45249176025391,,,,,,
2024-04-29,41.46449279785156,,,,,,
2024-04-30,40.42488479614258,,,,,,
2024-05-01,41.28050231933594,,,,,,
2024-05-02,41.69449234008789,,,,,,
2024-05-03,42.95489883422852,,,,,,
2024-05-06,43.43329620361328,,,,,,
2024-05-07,44.26130294799805,,,,,,
2024-05-08,43.43329620361328,,,,,,
2024-05-09,43.98530197143555,,,,,,
2024-05-10,43.25849914550781,,,,,,
2024-05-13,43.56209945678711,,,,,,
2024-05-14,44.270503997802734,,,,,,
2024-05-15,46.12890625,,,,,,
2024-05-16,45.93570709228516,,,,,,
2024-05-17,44.97890472412109,,,,,,
2024-05-20,44.564903259277344,,,,,,
2024-05-21,45.24570083618164,,,,,,
2024-05-22,45.35610580444336,,,,,,
2024-05-23,44.426902770996094,,,,,,
2024-05-24,44.83170318603516,,,,,,
2024-05-28,42.85369873046875,,,,,,
2024-05-29,41.335697174072266,,,,,,
2024-05-30,42.43970489501953,,,,,,
2024-05-31,43.3412971496582,,,,,,
2024-06-03,45.300907135009766,,,,,,
2024-06-04,46.88330841064453,,,,,,
2024-06-05,47.90451431274414,,,,,,
2024-06-06,47.74810791015625,,,,,,
2024-06-07,45.06170654296875,,,,,,
2024-06-10,44.13250732421875,,,,,,
2024-06-11,45.457305908203125,,,,,,
2024-06-12,46.496917724609375,,,,,,
2024-06-13,48.46571350097656,,,,,,
2024-06-14,49.66171646118164,,,,,,
2024-06-17,48.11611175537109,,,,,,
2024-06-18,49.45011138916016,,,,,,
2024-06-20,48.44731140136719,,,,,,
2024-06-21,48.41971206665039,,,,,,
2024-06-24,48.9165153503418,,,,,,
2024-06-25,49.21798324584961,,,,,,
2024-06-26,47.12162399291992,,,,,,
2024-06-27,47.60397338867188,,,,,,
2024-06-28,44.98816680908203,,,,,,
2024-07-01,42.67846298217773,,,,,,
2024-07-02,43.58750534057617,,,,,,
2024-07-03,45.33137512207031,,,,,,
2024-07-05,46.30534362792969,,,,,,
2024-07-08,46.55579376220703,,,,,,
2024-07-09,45.92503356933594,,,,,,
2024-07-10,46.37955856323242,,,,,,
2024-07-11,47.78021240234375,,,,,,
2024-07-12,48.22546005249024,,,,,,
2024-07-15,46.6300048828125,,,,,,
2024-07-16,48.54084777832031,,,,,,
2024-07-17,48.57794189453125,,,,,,
2024-07-18,47.47411346435547,,,,,,
2024-07-19,46.6114501953125,,,,,,
2024-07-22,46.10127639770508,,,,,,
2024-07-23,45.980690002441406,,,,,,
2024-07-24,44.43161010742188,,,,,,
2024-07-25,45.51689529418945,,,,,,
2024-07-26,46.5372428894043,,,,,,
2024-07-29,47.2607650756836,,,,,,
2024-07-30,47.74311065673828,,,,,,
2024-07-31,49.21798324584961,,,,,,
2024-08-01,50.53516387939453,,,,,,
2024-08-02,55.10818099975586,,,,,,
2024-08-05,55.95228958129883,,,,,,
2024-08-06,52.34396362304688,,,,,,
2024-08-07,51.01750946044922,,,,,,
2024-08-08,50.09918975830078,,,,,,
2024-08-09,51.60189056396485,,,,,,
2024-08-12,52.15843963623047,,,,,,
2024-08-13,53.15096664428711,,,,,,
2024-08-14,54.18059539794922,,,,,,
2024-08-15,52.80775833129883,,,,,,
2024-08-16,53.28083419799805,,,,,,
2024-08-19,54.02290725708008,,,,,,
2024-08-20,55.3771858215332,,,,,,
2024-08-21,55.3771858215332,,,,,,
2024-08-22,53.72607421875,,,,,,
2024-08-23,54.70004653930664,,,,,,
2024-08-26,54.28262710571289,,,,,,
2024-08-27,53.98580551147461,,,,,,
2024-08-28,53.7910041809082,,,,,,
2024-08-29,53.18806838989258,,,,,,
2024-08-30,51.546234130859375,,,,,,
2024-09-03,53.97652053833008,,,,,,
2024-09-04,55.98939514160156,,,,,,
2024-09-05,56.916988372802734,,,,,,
2024-09-06,56.87988662719727,,,,,,
2024-09-09,57.53847122192383,,,,,,
2024-09-10,58.71651458740234,,,,,,
2024-09-11,58.57737350463867,,,,,,
2024-09-12,57.7610969543457,,,,,,
2024-09-13,58.16923904418945,,,,,,
2024-09-16,59.67193222045898,,,,,,
2024-09-17,58.827823638916016,,,,,,
2024-09-18,56.72219467163086,,,,,,
2024-09-19,56.1285285949707,,,,,,
2024-09-20,55.469947814941406,,,,,,
2024-09-23,55.02470397949219,,,,,,
2024-09-24,55.05740737915039,,,,,,
2024-09-25,53.59967803955078,,,,,,
2024-09-26,53.91738510131836,,,,,,
2024-09-27,54.68362808227539,,,,,,
2024-09-30,53.97344970703125,,,,,,
2024-10-01,55.05740737915039,,,,,,
2024-10-02,53.70246505737305,,,,,,
2024-10-03,52.188663482666016,,,,,,
2024-10-04,50.12354278564453,,,,,,
2024-10-07,49.039588928222656,,,,,,
2024-10-08,49.24517059326172,,,,,,
2024-10-09,48.37613677978516,,,,,,
2024-10-10,47.73137664794922,,,,,,
2024-10-11,47.189395904541016,,,,,,
2024-10-14,47.22676849365234,,,,,,
2024-10-15,49.00221633911133,,,,,,
2024-10-16,49.48812103271485,,,,,,
2024-10-17,47.20807647705078,,,,,,
2024-10-18,47.282833099365234,,,,,,
2024-10-21,44.77852630615234,,,,,,
2024-10-22,44.890663146972656,,,,,,
2024-10-23,44.53557586669922,,,,,,
2024-10-24,45.32984924316406,,,,,,
2024-10-25,44.50754928588867,,,,,,
2024-10-28,44.16179275512695,,,,,,
2024-10-29,44.28327178955078,,,,,,
2024-10-30,44.68508529663086,,,,,,
2024-10-31,44.88131713867188,,,,,,
2024-11-01,42.9843978881836,,,,,,
2024-11-04,44.90000915527344,,,,,,
2024-11-05,45.600833892822266,,,,,,
2024-11-06,41.94716262817383,,,,,,
2024-11-07,43.39554977416992,,,,,,
2024-11-08,45.00279235839844,,,,,,
2024-11-11,44.38606262207031,,,,,,
2024-11-12,42.35832214355469,,,,,,
2024-11-13,41.20895385742188,,,,,,
2024-11-14,41.87241363525391,,,,,,
2024-11-15,41.47060012817383,,,,,,
2024-11-18,41.63880157470703,,,,,,
2024-11-19,42.28356552124024,,,,,,
2024-11-20,41.90044403076172,,,,,,
2024-11-21,41.68552017211914,,,,,,
2024-11-22,41.77896881103516,,,,,,
2024-11-25,44.94672775268555,,,,,,
2024-11-26,44.51688766479492,,,,,,
2024-11-27,45.4326400756836,,,,,,
2024-11-29,46.52593994140625,,,,,,
2024-12-02,47.01184844970703,,,,,,
2024-12-03,45.84379196166992,,,,,,
2024-12-04,47.25480270385742,,,,,,
2024-12-05,47.52579498291016,,,,,,
2024-12-06,47.62858581542969,,,,,,
2024-12-09,46.45117950439453,,,,,,
2024-12-10,45.67559814453125,,,,,,
2024-12-11,44.38606262207031,,,,,,
2024-12-12,42.750789642333984,,,,,,
2024-12-13,41.62010955810547,,,,,,
2024-12-16,41.7415885925293,,,,,,
2024-12-17,42.07798767089844,,,,,,
2024-12-18,40.52681350708008,,,,,,
2024-12-19,38.65792083740234,,,,,,
2024-12-20,39.26531600952149,,,,,,
2024-12-23,38.16199493408203,,,,,,
2024-12-24,38.587799072265625,,,,,,
2024-12-26,38.50264358520508,,,,,,
2024-12-27,37.57532501220703,,,,,,
2024-12-30,38.46479034423828,,,,,,
2024-12-31,37.82134628295898,,,,,,
2025-01-02,38.09575653076172,,,,,,
2025-01-03,37.68887710571289,,,,,,
2025-01-06,37.25360107421875,,,,,,
2025-01-07,35.93832015991211,,,,,,
2025-01-08,36.04240798950195,,,,,,
2025-01-10,35.29487991333008,,,,,,
2025-01-13,35.096168518066406,,,,,,
2025-01-14,34.9920768737793,,,,,,
2025-01-15,36.78047561645508,,,,,,
2025-01-16,37.17789840698242,,,,,,
2025-01-17,37.2630615234375,,,,,,
2025-01-21,38.27554321289063,,,,,,
2025-01-22,37.707801818847656,,,,,,
2025-01-23,36.837249755859375,,,,,,
2025-01-24,37.2252082824707,,,,,,
2025-01-27,38.616188049316406,,,,,,
2025-01-28,38.42694091796875,,,,,,
2025-01-29,38.1998405456543,,,,,,
2025-01-30,38.65403747558594,,,,,,
2025-01-31,37.75511169433594,,,,,,
2025-02-03,38.74866485595703,,,,,,
2025-02-04,39.07038879394531,,,,,,
2025-02-05,40.99126434326172,,,,,,
2025-02-06,41.038570404052734,,,,,,
2025-02-07,40.13964080810547,,,,,,
2025-02-10,39.74222183227539,,,,,,
2025-02-11,38.99468612670898,,,,,,
2025-02-12,37.414459228515625,,,,,,
2025-02-13,39.18393707275391,,,,,,
2025-02-14,39.8273811340332,,,,,,
2025-02-18,38.41747283935547,,,,,,
2025-02-19,38.559417724609375,,,,,,
2025-02-20,38.86220932006836,,,,,,
2025-02-21,40.31943130493164,,,,,,
2025-02-24,40.63168716430664,,,,,,
2025-02-25,42.70396423339844,,,,,,
2025-02-26,43.41363906860352,,,,,,
2025-02-27,42.57149124145508,,,,,,
2025-02-28,44.076019287109375,,,,,,
2025-03-03,44.69107437133789,,,,,,
2025-03-04,43.04461288452149,,,,,,
2025-03-05,42.01320266723633,,,,,,
2025-03-06,41.5495491027832,,,,,,
2025-03-07,41.11427307128906,,,,,,
2025-03-10,42.410621643066406,,,,,,
2025-03-11,41.47384643554688,,,,,,
2025-03-12,40.70738983154297,,,,,,
2025-03-13,41.72932815551758,,,,,,
2025-03-14,41.04802703857422,,,,,,
2025-03-17,41.6441650390625,,,,,,
2025-03-18,41.82395553588867,,,,,,
2025-03-19,42.40116500854492,,,,,,
2025-03-20,42.5431022644043,,,,,,
2025-03-21,41.71040344238281,,,,,,
2025-03-24,40.39512252807617,,,,,,
2025-03-25,40.39321899414063,,,,,,
2025-03-26,39.61203002929688,,,,,,
2025-03-27,39.2404899597168,,,,,,
2025-03-28,40.77428817749024,,,,,,
2025-03-31,41.91749572753906,,,,,,
2025-04-01,43.003536224365234,,,,,,
2025-04-02,42.91779708862305,,,,,,
2025-04-03,43.53703689575195,,,,,,
2025-04-04,44.94698715209961,,,,,,
2025-04-07,40.821922302246094,,,,,,
2025-04-08,38.497406005859375,,,,,,
2025-04-09,39.23096466064453,,,,,,
2025-04-10,35.98236083984375,,,,,,
2025-04-11,36.49679565429688,,,,,,
2025-04-14,37.23035430908203,,,,,,
2025-04-15,37.62094879150391,,,,,,
2025-04-16,38.28781509399414,,,,,,
2025-04-17,37.24940872192383,,,,,,
2025-04-21,35.30595779418945,,,,,,
2025-04-22,35.8775634765625,,,,,,
2025-04-23,36.90644836425781,,,,,,
2025-04-24,37.96391677856445,,,,,,
2025-04-25,38.68794250488281,,,,,,
2025-04-28,39.4786491394043,,,,,,
2025-04-29,40.42180633544922,,,,,,
2025-04-30,39.63108444213867,,,,,,
2025-05-01,38.849891662597656,,,,,,
2025-05-02,37.668582916259766,,,,,,
2025-05-05,36.92549896240234,,,,,,
2025-05-06,37.23035430908203,,,,,,
2025-05-07,37.73527145385742,,,,,,
2025-05-08,36.52538299560547,,,,,,
2025-05-09,36.63970184326172,,,,,,
2025-05-12,35.658451080322266,,,,,,
2025-05-13,35.16305923461914,,,,,,
2025-05-14,34.48666763305664,,,,,,
2025-05-15,35.33454513549805,,,,,,
2025-05-16,35.62034225463867,,,,,,
2025-05-19,35.27737808227539,,,,,,
2025-05-20,34.477134704589844,,,,,,
2025-05-21,32.7528076171875,,,,,,
2025-05-22,33.22914123535156,,,,,,
2025-05-23,33.33393859863281,,,,,,
2025-05-27,34.79152297973633,,,,,,
2025-05-28,34.22944259643555,,,,,,
2025-05-29,35.1916389465332,,,,,,
2025-05-30,35.1916389465332,,,,,,
2025-06-02,34.2866096496582,,,,,,
2025-06-03,34.153228759765625,,,,,,
2025-06-04,35.78229904174805,,,,,,
2025-06-05,35.82992935180664,,,,,,
2025-06-06,34.467613220214844,,,,,,
2025-06-09,34.5628776550293,,,,,,
2025-06-10,35.02015686035156,,,,,,
2025-06-11,35.34406661987305,,,,,,
2025-06-12,36.60158920288086,,,,,,
2025-06-13,35.439334869384766,,,,,,
2025-06-16,34.51524353027344,,,,,,
2025-06-17,35.72513961791992,,,,,,
2025-06-18,35.80134963989258,,,,,,
2025-06-20,35.601287841796875,,,,,,
2025-06-23,36.00141143798828,,,,,,
2025-06-24,36.753604888916016,,,,,,
2025-06-25,36.8305549621582,,,,,,
2025-06-26,37.34997177124024,,,,,,
2025-06-27,36.667030334472656,,,,,,
2025-06-30,37.74434661865234,,,,,,
2025-07-01,37.965576171875,,,,,,
2025-07-02,37.24416732788086,,,,,,
2025-07-03,36.52275466918945,,,,,,
2025-07-07,35.397342681884766,,,,,,
2025-07-08,35.2626838684082,,,,,,
2025-07-09,36.30152130126953,,,,,,
2025-07-10,36.37847137451172,,,,,,
2025-07-11,34.839454650878906,,,,,,
2025-07-14,34.69517135620117,,,,,,
2025-07-15,33.91604232788086,,,,,,
2025-07-16,34.00261306762695,,,,,,
2025-07-17,34.021846771240234,,,,,,
2025-07-18,34.1180419921875,,,,,,
2025-07-21,35.01259994506836,,,,,,
2025-07-22,35.60896301269531,,,,,,
2025-07-23,35.02220916748047,,,,,,
2025-07-24,34.84907531738281,,,,,,
2025-07-25,35.45506286621094,,,,,,
2025-07-28,34.81059646606445,,,,,,
2025-07-29,36.52275466918945,,,,,,
2025-07-30,35.80133819580078,,,,,,
2025-07-31,35.99371337890625,,,,,,
2025-08-01,37.50387573242188,,,,,,
2025-08-04,37.705867767333984,,,,,,
2025-08-05,38.08100509643555,,,,,,
2025-08-06,37.41730880737305,,,,,,
2025-08-07,37.3018798828125,,,,,,
2025-08-08,36.74398422241211,,,,,,
2025-08-11,36.8209342956543,,,,,,
2025-08-12,36.27266311645508,,,,,,
2025-08-13,37.2056884765625,,,,,,
2025-08-14,36.28227996826172,,,,,,
2025-08-15,35.51277160644531,,,,,,
2025-08-18,35.20497131347656,,,,,,
2025-08-19,35.81095886230469,,,,,,
2025-08-20,36.00333404541016,,,,,,
2025-08-21,35.47429656982422,,,,,,
2025-08-22,36.19571304321289,,,,,,
2025-08-25,35.91676712036133,,,,,,
2025-08-26,35.79172134399414,,,,,,
2025-08-27,35.647438049316406,,,,,,
2025-08-28,36.36885070800781,,,,,,
2025-08-29,35.52239227294922,,,,,,
2025-09-02,34.781742095947266,,,,,,
2025-09-03,35.85905075073242,,,,,,
2025-09-04,36.647796630859375,,,,,,
2025-09-05,38.31185531616211,,,,,,
2025-09-08,39.80277633666992,,,,,,
2025-09-09,39.13908004760742,,,,,,
2025-09-10,39.85087203979492,,,,,,
2025-09-11,40.55304718017578,,,,,,
2025-09-12,40.0624885559082,,,,,,
2025-09-15,40.341434478759766,,,,,,
2025-09-16,40.54343032836914,,,,,,
2025-09-17,40.23563003540039,,,,,,
2025-09-18,39.02365112304688,,,,,,
2025-09-19,38.7735595703125,,,,,,
2025-09-22,38.31185531616211,,,,,,
2025-09-23,39.08440780639648,,,,,,
2025-09-24,38.62767791748047,,,,,,
2025-09-25,38.63739776611328,,,,,,
2025-09-26,38.46248245239258,,,,,,
2025-09-29,39.3953742980957,,,,,,
2025-09-30,39.04553985595703,,,,,,
2025-10-01,39.35650253295898,,,,,,
2025-10-02,39.657752990722656,,,,,,
2025-10-03,39.3662223815918,,,,,,
2025-10-06,38.51107025146485,,,,,,
2025-10-07,39.113563537597656,,,,,,
2025-10-08,39.19130706787109,,,,,,
2025-10-09,39.15243148803711,,,,,,
2025-10-10,40.901611328125,,,,,,
2025-10-13,40.89189910888672,,,,,,
2025-10-14,41.26116561889648,,,,,,
2025-10-15,41.00850677490234,,,,,,
2025-10-16,41.89281463623047,,,,,,
2025-10-17,41.66930770874024,,,,,,
2025-10-20,42.11631774902344,,,,,,
2025-10-21,42.75768280029297,,,,,,
2025-10-22,42.89373397827149,,,,,,
2025-10-23,41.94139862060547,,,,,,
2025-10-24,41.92196273803711,,,,,,
2025-10-27,42.310672760009766,,,,,,
2025-10-28,42.63135147094727,,,,,,
2025-10-29,41.36806106567383,,,,,,
2025-10-30,40.678104400634766,,,,,,
2025-10-31,40.24081039428711,,,,,,
2025-11-03,39.90069580078125,,,,,,
2025-11-04,40.19222640991211,,,,,,
2025-11-05,38.812313079833984,,,,,,
2025-11-06,39.87154006958008,,,,,,
2025-11-07,39.58000946044922,,,,,,
2025-11-10,39.50227355957031,,,,,,
2025-11-11,40.06589126586914,,,,,,
2025-11-12,40.30883407592773,,,,,,
2025-11-13,39.29819869995117,,,,,,
2025-11-14,38.59852981567383,,,,,,
2025-11-17,38.90949249267578,,,,,,
2025-11-18,38.792877197265625,,,,,,
2025-11-19,38.61796569824219,,,,,,
2025-11-20,39.04553985595703,,,,,,
2025-11-21,39.29819869995117,,,,,,
2025-11-24,39.96871948242188,,,,,,
2025-11-25,40.24081039428711,,,,,,
2025-11-26,40.76556396484375,,,,,,
2025-11-28,40.133914947509766,,,,,,
2025-12-01,38.656829833984375,,,,,,
2025-12-02,38.73457717895508,,,,,,
2025-12-03,38.9969482421875,,,,,,
2025-12-04,38.39445495605469,,,,,,
2025-12-05,37.82111358642578,,,,,,
2025-12-08,37.44212341308594,,,,,,
2025-12-09,37.50043487548828,,,,,,
2025-12-10,37.89885711669922,,,,,,
2025-12-11,37.78224182128906,,,,,,
2025-12-12,36.65499496459961,,,,,,
2025-12-15,36.73273849487305,,,,,,
2025-12-16,37.34495162963867,,,,,,
2025-12-17,37.23805236816406,,,,,,
2025-12-18,37.72393798828125,,,,,,
2025-12-19,37.1700325012207,,,,,,
2025-12-22,37.03398513793945,,,,,,
2025-12-23,37.210052490234375,,,,,,
2025-12-24,37.81989288330078,,,,,,
2025-12-26,37.44611740112305,,,,,,
2025-12-29,37.81989288330078,,,,,,
2025-12-30,37.58382415771485,,,,,,
2025-12-31,36.70840835571289,,,,,,
2026-01-02,36.49201202392578,,,,,,
2026-01-05,36.98381805419922,,,,,,
2026-01-06,36.75758743286133,,,,,,
2026-01-07,37.40677261352539,,,,,,
2026-01-08,36.806766510009766,,,,,,
2026-01-09,37.51496887207031,,,,,,
2026-01-12,37.17070388793945,,,,,,
2026-01-13,37.33791732788086,,,,,,
2026-01-14,37.98710250854492,,,,,,
2026-01-15,37.97726821899414,,,,,,
2026-01-16,37.25923156738281,,,,,,
2026-01-20,35.8329963684082,,,,,,
2026-01-21,36.649391174316406,,,,,,
2026-01-22,37.08218002319336,,,,,,
2026-01-23,37.30841064453125,,,,,,
2026-01-26,37.83956527709961,,,,,,
2026-01-27,37.12152862548828,,,,,,
2026-01-28,36.86578369140625,,,,,,
2026-01-29,36.89529037475586,,,,,,
2026-01-30,36.324798583984375,,,,,,
2026-02-02,35.970699310302734,,,,,,
2026-02-03,36.1772575378418,,,,,,
2026-02-04,35.89200973510742,,,,,,
2026-02-05,36.99365615844727,,,,,,
2026-02-06,37.0428352355957,,,,,,
2026-02-09,37.0428352355957,,,,,,
2026-02-10,38.321533203125,,,,,,
2026-02-11,37.67234802246094,,,,,,
2026-02-12,39.20678329467773,,,,,,
2026-02-13,39.757606506347656,,,,,,
2026-02-17,40.04285430908203,,,,,,
2026-02-18,39.54121017456055,,,,,,
2026-02-19,39.66908264160156,,,,,,
2026-02-20,39.35432052612305,,,,,,
2026-02-23,39.757606506347656,,,,,,
2026-02-24,39.89531326293945,,,,,,
2026-02-25,39.94449234008789,,,,,,
2026-02-26,40.43629837036133,,,,,,
2026-02-27,41.08548355102539,,,,,,
2026-03-02,39.86580276489258,,,,,,
2026-03-03,39.63957214355469,,,,,,
2026-03-04,39.24612808227539,,,,,,
2026-03-05,38.80350112915039,,,,,,
2026-03-06,38.321533203125,,,,,,
2026-03-09,39.25596237182617,,,,,,
2026-03-10,38.075626373291016,,,,,,
2026-03-11,36.58053588867188,,,,,,
2026-03-12,36.3641471862793,,,,,,
2026-03-13,35.80348587036133,,,,,,
2026-03-16,36.55103302001953,,,,,,
2026-03-17,36.90513229370117,,,,,,
2026-03-18,36.25594711303711,,,,,,
2026-03-19,36.89529037475586,,,,,,
2026-03-20,34.800201416015625,,,,,,
2026-03-23,35.41987228393555,,,,,,
2026-03-24,34.97746276855469,,,,,,
2026-03-25,35.90781784057617,,,,,,
2026-03-26,35.056640625,,,,,,
2026-03-27,34.45289993286133,,,,,,
2026-03-30,35.759361267089844,,,,,,
2026-03-31,35.69007873535156,,,,,,
2026-04-01,35.591102600097656,,,,,,
2026-04-02,36.15525436401367,,,,,,
2026-04-06,36.01668930053711,,,,,,
2026-04-07,35.9375114440918,,,,,,
2026-04-08,36.29381561279297,,,,,,
2026-04-09,36.0364875793457,,,,,,
2026-04-10,35.759361267089844,,,,,,
2026-04-13,36.0364875793457,,,,,,
2026-04-14,36.580841064453125,,,,,,
2026-04-15,36.10576629638672,,,,,,
2026-04-16,35.46243667602539,,,,,,
2026-04-17,36.31361389160156,,,,,,
2026-04-20,36.30371475219727,,,,,,
2026-04-21,35.699974060058594,,,,,,
2026-04-22,35.90781784057617,,,,,,
2026-04-23,35.699974060058594,,,,,,
2026-04-24,35.80884552001953,,,,,,
2026-04-27,35.32387161254883,,,,,,
2026-04-28,35.37335968017578,,,,,,
2026-04-29,34.57167053222656,,,,,,
2026-04-30,34.46279525756836,,,,,,
2026-05-01,34.76961898803711,,,,,,
2026-05-04,34.0471076965332,,,,,,
2026-05-05,34.52218246459961,,,,,,
2026-05-06,35.3139762878418,,,,,,
2026-05-07,34.78941345214844,,,,,,
2026-05-08,35.22489929199219,,,,,,
2026-05-11,34.60136032104492,,,,,,
2026-05-12,33.9481315612793,,,,,,
2026-05-13,33.7006950378418,,,,,,
2026-05-14,33.82936477661133,,,,,,
2026-05-15,32.344749450683594,,,,,,
2026-05-18,32.18639373779297,,,,,,
2026-05-19,31.523265838623047,,,,,,
2026-05-20,32.51300430297852,,,,,,
2026-05-21,32.87921142578125,,,,,,
2026-05-22,33.34438705444336,,,,,,
2026-05-26,33.85905456542969,,,,,,
2026-05-27,34.086692810058594,,,,,,
2026-05-28,34.581565856933594,,,,,,
2026-05-29,34.581565856933594,,,,,,
2026-06-01,34.64094924926758,,,,,,
2026-06-02,34.85869598388672,,,,,,
2026-06-03,34.46279525756836,,,,,,
2026-06-04,34.66074752807617,,,,,,
2026-06-05,34.116390228271484,,,,,,
2026-06-08,33.621517181396484,,,,,,
2026-06-09,34.19556427001953,,,,,,
2026-06-10,33.83926010131836,,,,,,
2026-06-11,35.13582229614258,,,,,,
2026-06-12,34.8092041015625,,,,,,
2026-06-15,34.8092041015625,,,,,,
2026-06-16,35.363460540771484,,,,,,
2026-06-17,35.492130279541016,,,,,,
2026-06-18,35.98699951171875,,,,,,
2026-06-22,35.21500396728516,,,,,,
2026-06-23,35.36000061035156,,,,,,
2026-06-24,36.7400016784668,,,,,,
2026-06-25,36.70000076293945,,,,,,
2026-06-26,36.650001525878906,,,,,,
2026-06-29,36.75,,,,,,
2026-06-30,35.54999923706055,,,,,,
2026-07-01,34.79999923706055,,,,,,
2026-07-02,34.779998779296875,,,,,,
2026-07-06,34.62,,,,,,
2026-07-07,33.52,,,,,,
2026-07-08,33.31,,,,,,
2026-07-09,33.44,,,,,,
2026-07-10,33.43,,,,,,
2026-07-13,32.81,,,,,,
2026-07-14,32.92,,,,,,
2026-07-15,33.05,,,,,,
2026-07-16,33.04,,,,,,
2026-07-17,33.35,,,,,,
2026-07-20,32.66,,,,,,
2026-07-21,32.33,,,,,,
2026-07-22,32.06,,,,,,
2026-07-23,31.78,,,,,,
2026-07-24,31.85,,,,,,
2026-07-27,32.39,,,,,,
2026-07-28,32.91,,,,,,
2026-07-29,31.31,,,,,,
2026-07-30,31.24,,,,,,
2026-07-31,30.59,,,,,,
2026-08-03,30.88,,,,,,
2026-08-04,31.56,,,,,,
2026-08-05,31.78,,,,,,
2026-08-06,31.22,,,,,,
2026-08-07,31.43,,,,,,
2026-08-10,30.64,,,,,,
2026-08-11,30.81,,,,,,
2026-08-12,30.72,,,,,,
2026-08-13,31.24,,,,,,
2026-08-14,30.59,,,,,,
2026-08-17,29.83,,,,,,
2026-08-18,30.12,,,,,,
2026-08-19,31.59,,,,,,
2026-08-20,30.87,,,,,,
2026-08-21,30.5,,,,,,
2026-08-24,31.08,,,,,,
2026-08-25,32.05,,,,,,
2026-08-26,31.84,,,,,,
2026-08-27,31.64,,,,,,
2026-08-28,31.33,,,,,,
2026-08-31,30.93,30.87,30.94,30.51,3848947.0,30.724,13191.0
2026-09-01,30.55,30.58,31.1,30.45,3208782.0,30.698,11739.0
