date,close,open,high,low,volume,average,barCount
2013-12-18,17.752809524536133,,,,,,
2013-12-19,17.89483070373535,,,,,,
2013-12-20,17.838022232055664,,,,,,
2013-12-23,17.852224349975586,,,,,,
2013-12-24,17.845121383666992,,,,,,
2013-12-26,17.88062858581543,,,,,,
2013-12-27,17.87352752685547,,,,,,
2013-12-30,17.859323501586914,,,,,,
2013-12-31,17.830921173095703,,,,,,
2014-01-02,17.944541931152344,,,,,,
2014-01-03,17.916133880615234,,,,,,
2014-01-06,17.88772964477539,,,,,,
2014-01-07,17.923236846923828,,,,,,
2014-01-08,17.972942352294922,,,,,,
2014-01-09,17.95163917541504,,,,,,
2014-01-10,17.87352752685547,,,,,,
2014-01-13,17.830921173095703,,,,,,
2014-01-14,17.901933670043945,,,,,,
2014-01-15,17.972942352294922,,,,,,
2014-01-16,17.972942352294922,,,,,,
2014-01-17,18.02265167236328,,,,,,
2014-01-21,18.0013484954834,,,,,,
2014-01-22,18.02265167236328,,,,,,
2014-01-23,17.93743896484375,,,,,,
2014-01-24,17.909032821655273,,,,,,
2014-01-27,17.901933670043945,,,,,,
2014-01-28,17.93743896484375,,,,,,
2014-01-29,17.944541931152344,,,,,,
2014-01-30,18.008447647094727,,,,,,
2014-01-31,18.008447647094727,,,,,,
2014-02-03,17.965843200683594,,,,,,
2014-02-04,17.95163917541504,,,,,,
2014-02-05,17.909032821655273,,,,,,
2014-02-06,17.88062858581543,,,,,,
2014-02-07,17.88772964477539,,,,,,
2014-02-10,17.88062858581543,,,,,,
2014-02-11,17.88062858581543,,,,,,
2014-02-12,17.87352752685547,,,,,,
2014-02-13,17.788314819335938,,,,,,
2014-02-14,17.759906768798828,,,,,,
2014-02-18,17.738605499267578,,,,,,
2014-02-19,17.802515029907227,,,,,,
2014-02-20,17.80961799621582,,,,,,
2014-02-21,17.7954158782959,,,,,,
2014-02-24,17.767011642456055,,,,,,
2014-02-25,17.759906768798828,,,,,,
2014-02-26,17.81671905517578,,,,,,
2014-02-27,17.781213760375977,,,,,,
2014-02-28,17.731504440307617,,,,,,
2014-03-03,17.759906768798828,,,,,,
2014-03-04,17.802515029907227,,,,,,
2014-03-05,17.752809524536133,,,,,,
2014-03-06,17.688901901245117,,,,,,
2014-03-07,17.710203170776367,,,,,,
2014-03-10,17.731504440307617,,,,,,
2014-03-11,17.752809524536133,,,,,,
2014-03-12,17.745708465576172,,,,,,
2014-03-13,17.688901901245117,,,,,,
2014-03-14,17.66759490966797,,,,,,
2014-03-17,17.653392791748047,,,,,,
2014-03-18,17.639192581176758,,,,,,
2014-03-19,17.752809524536133,,,,,,
2014-03-20,17.838022232055664,,,,,,
2014-03-21,17.745708465576172,,,,,,
2014-03-24,17.745708465576172,,,,,,
2014-03-25,17.703102111816406,,,,,,
2014-03-26,17.688901901245117,,,,,,
2014-03-27,17.710203170776367,,,,,,
2014-03-28,17.72439956665039,,,,,,
2014-03-31,17.72439956665039,,,,,,
2014-04-01,17.731504440307617,,,,,,
2014-04-02,17.759906768798828,,,,,,
2014-04-03,17.7954158782959,,,,,,
2014-04-04,17.738605499267578,,,,,,
2014-04-07,17.788314819335938,,,,,,
2014-04-08,17.59658432006836,,,,,,
2014-04-09,17.539777755737305,,,,,,
2014-04-10,17.49006462097168,,,,,,
2014-04-11,17.539777755737305,,,,,,
2014-04-14,17.561077117919922,,,,,,
2014-04-15,17.61078643798828,,,,,,
2014-04-16,17.61078643798828,,,,,,
2014-04-17,17.617887496948242,,,,,,
2014-04-21,17.60368537902832,,,,,,
2014-04-22,17.59658432006836,,,,,,
2014-04-23,17.60368537902832,,,,,,
2014-04-24,17.60368537902832,,,,,,
2014-04-25,17.61078643798828,,,,,,
2014-04-28,17.60368537902832,,,,,,
2014-04-29,17.59658432006836,,,,,,
2014-04-30,17.561077117919922,,,,,,
2014-05-01,17.546873092651367,,,,,,
2014-05-02,17.504268646240234,,,,,,
2014-05-05,17.504268646240234,,,,,,
2014-05-06,17.46876335144043,,,,,,
2014-05-07,17.454561233520508,,,,,,
2014-05-08,17.475868225097656,,,,,,
2014-05-09,17.504268646240234,,,,,,
2014-05-12,17.518474578857422,,,,,,
2014-05-13,17.59658432006836,,,,,,
2014-05-14,17.575279235839844,,,,,,
2014-05-15,17.568178176879883,,,,,,
2014-05-16,17.561077117919922,,,,,,
2014-05-19,17.532672882080078,,,,,,
2014-05-20,17.518474578857422,,,,,,
2014-05-21,17.553977966308594,,,,,,
2014-05-22,17.553977966308594,,,,,,
2014-05-23,17.61078643798828,,,,,,
2014-05-27,17.568178176879883,,,,,,
2014-05-28,17.60368537902832,,,,,,
2014-05-29,17.561077117919922,,,,,,
2014-05-30,17.546873092651367,,,,,,
2014-06-02,17.653392791748047,,,,,,
2014-06-03,17.653392791748047,,,,,,
2014-06-04,17.66049575805664,,,,,,
2014-06-05,17.575279235839844,,,,,,
2014-06-06,17.575279235839844,,,,,,
2014-06-09,17.64629364013672,,,,,,
2014-06-10,17.66759490966797,,,,,,
2014-06-11,17.60368537902832,,,,,,
2014-06-12,17.589481353759766,,,,,,
2014-06-13,17.60368537902832,,,,,,
2014-06-16,17.58238410949707,,,,,,
2014-06-17,17.64629364013672,,,,,,
2014-06-18,17.58238410949707,,,,,,
2014-06-19,17.52557373046875,,,,,,
2014-06-20,17.575279235839844,,,,,,
2014-06-23,17.52557373046875,,,,,,
2014-06-24,17.539777755737305,,,,,,
2014-06-25,17.511371612548828,,,,,,
2014-06-26,17.49006462097168,,,,,,
2014-06-27,17.461660385131836,,,,,,
2014-06-30,17.461660385131836,,,,,,
2014-07-01,17.419057846069336,,,,,,
2014-07-02,17.461660385131836,,,,,,
2014-07-03,17.504268646240234,,,,,,
2014-07-07,17.504268646240234,,,,,,
2014-07-08,17.48296546936035,,,,,,
2014-07-09,17.46876335144043,,,,,,
2014-07-10,17.475868225097656,,,,,,
2014-07-11,17.497167587280273,,,,,,
2014-07-14,17.48296546936035,,,,,,
2014-07-15,17.52557373046875,,,,,,
2014-07-16,17.553977966308594,,,,,,
2014-07-17,17.561077117919922,,,,,,
2014-07-18,17.539777755737305,,,,,,
2014-07-21,17.546873092651367,,,,,,
2014-07-22,17.553977966308594,,,,,,
2014-07-23,17.561077117919922,,,,,,
2014-07-24,17.58238410949707,,,,,,
2014-07-25,17.561077117919922,,,,,,
2014-07-28,17.60368537902832,,,,,,
2014-07-29,17.66049575805664,,,,,,
2014-07-30,17.703102111816406,,,,,,
2014-07-31,17.738605499267578,,,,,,
2014-08-01,17.695999145507812,,,,,,
2014-08-04,17.717302322387695,,,,,,
2014-08-05,17.767011642456055,,,,,,
2014-08-06,17.717302322387695,,,,,,
2014-08-07,17.738605499267578,,,,,,
2014-08-08,17.695999145507812,,,,,,
2014-08-11,17.72439956665039,,,,,,
2014-08-12,17.695999145507812,,,,,,
2014-08-13,17.717302322387695,,,,,,
2014-08-14,17.717302322387695,,,,,,
2014-08-15,17.688901901245117,,,,,,
2014-08-18,17.703102111816406,,,,,,
2014-08-19,17.731504440307617,,,,,,
2014-08-20,17.788314819335938,,,,,,
2014-08-21,17.80961799621582,,,,,,
2014-08-22,17.838022232055664,,,,,,
2014-08-25,17.845121383666992,,,,,,
2014-08-26,17.88772964477539,,,,,,
2014-08-27,17.7954158782959,,,,,,
2014-08-28,17.86642837524414,,,,,,
2014-08-29,17.81671905517578,,,,,,
2014-09-02,17.930335998535156,,,,,,
2014-09-03,17.89483070373535,,,,,,
2014-09-04,18.02975273132324,,,,,,
2014-09-05,17.994245529174805,,,,,,
2014-09-08,18.10786437988281,,,,,,
2014-09-09,18.122068405151367,,,,,,
2014-09-10,18.122068405151367,,,,,,
2014-09-11,18.18597412109375,,,,,,
2014-09-12,18.200176239013672,,,,,,
2014-09-15,18.1646728515625,,,,,,
2014-09-16,18.114967346191406,,,,,,
2014-09-17,18.264087677001957,,,,,,
2014-09-18,18.221481323242188,,,,,,
2014-09-19,18.278291702270508,,,,,,
2014-09-22,18.292495727539062,,,,,,
2014-09-23,18.278291702270508,,,,,,
2014-09-24,18.342199325561523,,,,,,
2014-09-25,18.399009704589844,,,,,,
2014-09-26,18.484228134155277,,,,,,
2014-09-29,18.491323471069336,,,,,,
2014-09-30,18.52682876586914,,,,,,
2014-10-01,18.52682876586914,,,,,,
2014-10-02,18.41321182250977,,,,,,
2014-10-03,18.63334846496582,,,,,,
2014-10-06,18.44161605834961,,,,,,
2014-10-07,18.44161605834961,,,,,,
2014-10-08,18.328001022338867,,,,,,
2014-10-09,18.399009704589844,,,,,,
2014-10-10,18.50552749633789,,,,,,
2014-10-13,18.377704620361328,,,,,,
2014-10-14,18.42741584777832,,,,,,
2014-10-15,18.31379508972168,,,,,,
2014-10-16,18.28539276123047,,,,,,
2014-10-17,18.370609283447266,,,,,,
2014-10-20,18.320898056030277,,,,,,
2014-10-21,18.342199325561523,,,,,,
2014-10-22,18.42741584777832,,,,,,
2014-10-23,18.484228134155277,,,,,,
2014-10-24,18.470020294189453,,,,,,
2014-10-27,18.46291923522949,,,,,,
2014-10-28,18.39191246032715,,,,,,
2014-10-29,18.498422622680664,,,,,,
2014-10-30,18.51262664794922,,,,,,
2014-10-31,18.690155029296875,,,,,,
2014-11-03,18.79667282104492,,,,,,
2014-11-04,18.75406837463379,,,,,,
2014-11-05,18.874786376953125,,,,,,
2014-11-06,18.981300354003903,,,,,,
2014-11-07,18.85348129272461,,,,,,
2014-11-10,18.92449188232422,,,,,,
2014-11-11,18.888988494873047,,,,,,
2014-11-12,18.917390823364254,,,,,,
2014-11-13,18.91029357910156,,,,,,
2014-11-14,18.867685317993164,,,,,,
2014-11-17,18.94579696655273,,,,,,
2014-11-18,18.91029357910156,,,,,,
2014-11-19,18.959997177124023,,,,,,
2014-11-20,18.94579696655273,,,,,,
2014-11-21,18.995506286621094,,,,,,
2014-11-24,19.009706497192383,,,,,,
2014-11-25,18.967100143432617,,,,,,
2014-11-26,18.91029357910156,,,,,,
2014-11-28,19.10912132263184,,,,,,
2014-12-01,18.995506286621094,,,,,,
2014-12-02,19.13042640686035,,,,,,
2014-12-03,19.21563720703125,,,,,,
2014-12-04,19.187236785888672,,,,,,
2014-12-05,19.307954788208008,,,,,,
2014-12-08,19.3150577545166,,,,,,
2014-12-09,19.244043350219727,,,,,,
2014-12-10,19.144630432128903,,,,,,
2014-12-11,19.29375267028809,,,,,,
2014-12-12,19.1943359375,,,,,,
2014-12-15,19.26534652709961,,,,,,
2014-12-16,19.102022171020508,,,,,,
2014-12-17,19.37186622619629,,,,,,
2014-12-18,19.378963470458984,,,,,,
2014-12-19,19.3912296295166,,,,,,
2014-12-22,19.456153869628903,,,,,,
2014-12-23,19.549936294555664,,,,,,
2014-12-24,19.499439239501957,,,,,,
2014-12-26,19.492225646972656,,,,,,
2014-12-29,19.50665283203125,,,,,,
2014-12-30,19.441726684570312,,,,,,
2014-12-31,19.528297424316406,,,,,,
2015-01-02,19.708646774291992,,,,,,
2015-01-05,19.70142936706543,,,,,,
2015-01-06,19.730287551879883,,,,,,
2015-01-07,19.74471664428711,,,,,,
2015-01-08,19.788000106811523,,,,,,
2015-01-09,19.658145904541016,,,,,,
2015-01-12,19.672576904296875,,,,,,
2015-01-13,19.72307777404785,,,,,,
2015-01-14,19.672576904296875,,,,,,
2015-01-15,19.614864349365234,,,,,,
2015-01-16,19.643718719482425,,,,,,
2015-01-20,19.72307777404785,,,,,,
2015-01-21,19.751928329467773,,,,,,
2015-01-22,19.91785049438477,,,,,,
2015-01-23,19.997203826904297,,,,,,
2015-01-26,19.997203826904297,,,,,,
2015-01-27,19.86013984680176,,,,,,
2015-01-28,19.96834754943848,,,,,,
2015-01-29,20.033275604248047,,,,,,
2015-01-30,20.062129974365234,,,,,,
2015-02-02,20.05491828918457,,,,,,
2015-02-03,19.84571075439453,,,,,,
2015-02-04,19.96834754943848,,,,,,
2015-02-05,19.84571075439453,,,,,,
2015-02-06,20.069345474243164,,,,,,
2015-02-09,19.997203826904297,,,,,,
2015-02-10,20.11984062194824,,,,,,
2015-02-11,20.213623046875,,,,,,
2015-02-12,19.982778549194336,,,,,,
2015-02-13,19.982778549194336,,,,,,
2015-02-17,19.96834754943848,,,,,,
2015-02-18,19.95392227172852,,,,,,
2015-02-19,20.07655906677246,,,,,,
2015-02-20,20.033275604248047,,,,,,
2015-02-23,20.11263084411621,,,,,,
2015-02-24,20.04770278930664,,,,,,
2015-02-25,19.982778549194336,,,,,,
2015-02-26,20.177553176879883,,,,,,
2015-02-27,20.16312599182129,,,,,,
2015-03-02,20.25691032409668,,,,,,
2015-03-03,20.22805404663086,,,,,,
2015-03-04,20.271339416503903,,,,,,
2015-03-05,20.350690841674805,,,,,,
2015-03-06,20.62482452392578,,,,,,
2015-03-09,20.595966339111328,,,,,,
2015-03-10,20.79795837402344,,,,,,
2015-03-11,20.94945335388184,,,,,,
2015-03-12,20.79074478149414,,,,,,
2015-03-13,21.01437759399414,,,,,,
2015-03-16,20.8845272064209,,,,,,
2015-03-17,20.927810668945312,,,,,,
2015-03-18,20.56711196899414,,,,,,
2015-03-19,20.79074478149414,,,,,,
2015-03-20,20.50940322875977,,,,,,
2015-03-23,20.34347915649414,,,,,,
2015-03-24,20.372333526611328,,,,,,
2015-03-25,20.372333526611328,,,,,,
2015-03-26,20.45890617370605,,,,,,
2015-03-27,20.45890617370605,,,,,,
2015-03-30,20.60318374633789,,,,,,
2015-03-31,20.610397338867188,,,,,,
2015-04-01,20.58153915405273,,,,,,
2015-04-02,20.494970321655277,,,,,,
2015-04-06,20.39397621154785,,,,,,
2015-04-07,20.516611099243164,,,,,,
2015-04-08,20.48053932189941,,,,,,
2015-04-09,20.65367889404297,,,,,,
2015-04-10,20.68975067138672,,,,,,
2015-04-13,20.78353309631348,,,,,,
2015-04-14,20.62482452392578,,,,,,
2015-04-15,20.50940322875977,,,,,,
2015-04-16,20.372333526611328,,,,,,
2015-04-17,20.38676071166992,,,,,,
2015-04-20,20.48775291442871,,,,,,
2015-04-21,20.473329544067383,,,,,,
2015-04-22,20.48775291442871,,,,,,
2015-04-23,20.336261749267575,,,,,,
2015-04-24,20.2857666015625,,,,,,
2015-04-27,20.23526954650879,,,,,,
2015-04-28,20.105417251586918,,,,,,
2015-04-29,19.982778549194336,,,,,,
2015-04-30,20.004419326782227,,,,,,
2015-05-01,20.11263084411621,,,,,,
2015-05-04,20.13426971435547,,,,,,
2015-05-05,20.04770278930664,,,,,,
2015-05-06,19.925067901611328,,,,,,
2015-05-07,20.01884651184082,,,,,,
2015-05-08,19.96834754943848,,,,,,
2015-05-11,20.05491828918457,,,,,,
2015-05-12,19.961137771606445,,,,,,
2015-05-13,19.838499069213867,,,,,,
2015-05-14,19.74471664428711,,,,,,
2015-05-15,19.730287551879883,,,,,,
2015-05-18,19.89620780944824,,,,,,
2015-05-19,20.105417251586918,,,,,,
2015-05-20,20.105417251586918,,,,,,
2015-05-21,20.105417251586918,,,,,,
2015-05-22,20.23526954650879,,,,,,
2015-05-26,20.44447326660156,,,,,,
2015-05-27,20.45890617370605,,,,,,
2015-05-28,20.45890617370605,,,,,,
2015-05-29,20.45890617370605,,,,,,
2015-06-01,20.552682876586918,,,,,,
2015-06-02,20.278553009033203,,,,,,
2015-06-03,20.23526954650879,,,,,,
2015-06-04,20.30019187927246,,,,,,
2015-06-05,20.437257766723636,,,,,,
2015-06-08,20.24248313903809,,,,,,
2015-06-09,20.22084045410156,,,,,,
2015-06-10,20.069345474243164,,,,,,
2015-06-11,20.14148712158203,,,,,,
2015-06-12,20.170337677001957,,,,,,
2015-06-15,20.11984062194824,,,,,,
2015-06-16,20.16312599182129,,,,,,
2015-06-17,20.01884651184082,,,,,,
2015-06-18,19.946706771850582,,,,,,
2015-06-19,19.989990234375,,,,,,
2015-06-22,20.033275604248047,,,,,,
2015-06-23,20.19198608398437,,,,,,
2015-06-24,20.22084045410156,,,,,,
2015-06-25,20.199195861816406,,,,,,
2015-06-26,20.278553009033203,,,,,,
2015-06-29,20.177553176879883,,,,,,
2015-06-30,20.24248313903809,,,,,,
2015-07-01,20.379547119140625,,,,,,
2015-07-02,20.350690841674805,,,,,,
2015-07-06,20.40118980407715,,,,,,
2015-07-07,20.516611099243164,,,,,,
2015-07-08,20.39397621154785,,,,,,
2015-07-09,20.43004608154297,,,,,,
2015-07-10,20.379547119140625,,,,,,
2015-07-13,20.48053932189941,,,,,,
2015-07-14,20.44447326660156,,,,,,
2015-07-15,20.56711196899414,,,,,,
2015-07-16,20.632036209106445,,,,,,
2015-07-17,20.704179763793945,,,,,,
2015-07-20,20.725818634033203,,,,,,
2015-07-21,20.617610931396484,,,,,,
2015-07-22,20.718603134155277,,,,,,
2015-07-23,20.6608943939209,,,,,,
2015-07-24,20.725818634033203,,,,,,
2015-07-27,20.632036209106445,,,,,,
2015-07-28,20.63925170898437,,,,,,
2015-07-29,20.704179763793945,,,,,,
2015-07-30,20.733034133911133,,,,,,
2015-07-31,20.704179763793945,,,,,,
2015-08-03,20.747461318969727,,,,,,
2015-08-04,20.812387466430664,,,,,,
2015-08-05,20.841243743896484,,,,,,
2015-08-06,20.819602966308597,,,,,,
2015-08-07,20.754676818847656,,,,,,
2015-08-10,20.6608943939209,,,,,,
2015-08-11,20.769105911254883,,,,,,
2015-08-12,20.646465301513672,,,,,,
2015-08-13,20.696962356567383,,,,,,
2015-08-14,20.67531967163086,,,,,,
2015-08-17,20.704179763793945,,,,,,
2015-08-18,20.79074478149414,,,,,,
2015-08-19,20.66810417175293,,,,,,
2015-08-20,20.67531967163086,,,,,,
2015-08-21,20.523828506469727,,,,,,
2015-08-24,20.278553009033203,,,,,,
2015-08-25,20.437257766723636,,,,,,
2015-08-26,20.552682876586918,,,,,,
2015-08-27,20.60318374633789,,,,,,
2015-08-28,20.62482452392578,,,,,,
2015-08-31,20.66810417175293,,,,,,
2015-09-01,20.617610931396484,,,,,,
2015-09-02,20.67531967163086,,,,,,
2015-09-03,20.754676818847656,,,,,,
2015-09-04,20.79074478149414,,,,,,
2015-09-08,20.682531356811523,,,,,,
2015-09-09,20.704179763793945,,,,,,
2015-09-10,20.62482452392578,,,,,,
2015-09-11,20.595966339111328,,,,,,
2015-09-14,20.632036209106445,,,,,,
2015-09-15,20.66810417175293,,,,,,
2015-09-16,20.55990028381348,,,,,,
2015-09-17,20.40118980407715,,,,,,
2015-09-18,20.588754653930664,,,,,,
2015-09-21,20.632036209106445,,,,,,
2015-09-22,20.725818634033203,,,,,,
2015-09-23,20.79795837402344,,,,,,
2015-09-24,20.733034133911133,,,,,,
2015-09-25,20.776315689086918,,,,,,
2015-09-28,20.79795837402344,,,,,,
2015-09-29,20.79795837402344,,,,,,
2015-09-30,20.812387466430664,,,,,,
2015-10-01,20.725818634033203,,,,,,
2015-10-02,20.696962356567383,,,,,,
2015-10-05,20.682531356811523,,,,,,
2015-10-06,20.53103828430176,,,,,,
2015-10-07,20.545467376708984,,,,,,
2015-10-08,20.46611785888672,,,,,,
2015-10-09,20.39397621154785,,,,,,
2015-10-12,20.372333526611328,,,,,,
2015-10-13,20.422834396362305,,,,,,
2015-10-14,20.264122009277344,,,,,,
2015-10-15,20.24248313903809,,,,,,
2015-10-16,20.329050064086918,,,,,,
2015-10-19,20.40118980407715,,,,,,
2015-10-20,20.39397621154785,,,,,,
2015-10-21,20.46611785888672,,,,,,
2015-10-22,20.595966339111328,,,,,,
2015-10-23,20.718603134155277,,,,,,
2015-10-26,20.682531356811523,,,,,,
2015-10-27,20.704179763793945,,,,,,
2015-10-28,20.78353309631348,,,,,,
2015-10-29,20.769105911254883,,,,,,
2015-10-30,20.68975067138672,,,,,,
2015-11-02,20.65367889404297,,,,,,
2015-11-03,20.65367889404297,,,,,,
2015-11-04,20.79074478149414,,,,,,
2015-11-05,20.841243743896484,,,,,,
2015-11-06,21.086519241333008,,,,,,
2015-11-09,21.028806686401367,,,,,,
2015-11-10,21.07930564880371,,,,,,
2015-11-11,21.028806686401367,,,,,,
2015-11-12,20.956663131713867,,,,,,
2015-11-13,21.01437759399414,,,,,,
2015-11-16,21.07209205627441,,,,,,
2015-11-17,21.1081600189209,,,,,,
2015-11-18,21.12259101867676,,,,,,
2015-11-19,20.956663131713867,,,,,,
2015-11-20,21.021595001220703,,,,,,
2015-11-23,21.064876556396484,,,,,,
2015-11-24,21.007164001464844,,,,,,
2015-11-25,21.036020278930664,,,,,,
2015-11-27,21.12259101867676,,,,,,
2015-11-30,21.158660888671875,,,,,,
2015-12-01,21.04323387145996,,,,,,
2015-12-02,21.07930564880371,,,,,,
2015-12-03,20.82681655883789,,,,,,
2015-12-04,20.8773136138916,,,,,,
2015-12-07,20.992738723754883,,,,,,
2015-12-08,20.992738723754883,,,,,,
2015-12-09,20.819602966308597,,,,,,
2015-12-10,20.891742706298828,,,,,,
2015-12-11,20.91338157653809,,,,,,
2015-12-14,20.90616798400879,,,,,,
2015-12-15,20.999950408935547,,,,,,
2015-12-16,20.985523223876957,,,,,,
2015-12-17,21.151445388793945,,,,,,
2015-12-18,21.05766487121582,,,,,,
2015-12-21,21.059200286865234,,,,,,
2015-12-22,21.01311683654785,,,,,,
2015-12-23,20.997758865356445,,,,,,
2015-12-24,20.96703338623047,,,,,,
2015-12-28,20.920955657958984,,,,,,
2015-12-29,20.928634643554688,,,,,,
2015-12-30,21.028478622436523,,,,,,
2015-12-31,21.01311683654785,,,,,,
2016-01-04,21.120643615722656,,,,,,
2016-01-05,21.136001586914062,,,,,,
2016-01-06,21.205121994018555,,,,,,
2016-01-07,21.0515193939209,,,,,,
2016-01-08,21.17440223693848,,,,,,
2016-01-11,21.22816467285156,,,,,,
2016-01-12,21.22816467285156,,,,,,
2016-01-13,21.274246215820312,,,,,,
2016-01-14,21.2435245513916,,,,,,
2016-01-15,21.30496597290039,,,,,,
2016-01-19,21.34336853027344,,,,,,
2016-01-20,21.34336853027344,,,,,,
2016-01-21,21.35104751586914,,,,,,
2016-01-22,21.41248893737793,,,,,,
2016-01-25,21.38945198059082,,,,,,
2016-01-26,21.320327758789062,,,,,,
2016-01-27,21.30496597290039,,,,,,
2016-01-28,21.266565322875977,,,,,,
2016-01-29,21.38176918029785,,,,,,
2016-02-01,21.274246215820312,,,,,,
2016-02-02,21.31264877319336,,,,,,
2016-02-03,20.936315536499023,,,,,,
2016-02-04,20.851831436157227,,,,,,
2016-02-05,20.982398986816406,,,,,,
2016-02-08,20.936315536499023,,,,,,
2016-02-09,20.82879447937012,,,,,,
2016-02-10,20.75199317932129,,,,,,
2016-02-11,20.75199317932129,,,,,,
2016-02-12,20.7750301361084,,,,,,
2016-02-16,20.928634643554688,,,,,,
2016-02-17,20.836471557617188,,,,,,
2016-02-18,20.851831436157227,,,,,,
2016-02-19,20.7750301361084,,,,,,
2016-02-22,20.851831436157227,,,,,,
2016-02-23,20.85951042175293,,,,,,
2016-02-24,20.86719512939453,,,,,,
2016-02-25,20.82111167907715,,,,,,
2016-02-26,20.99007797241211,,,,,,
2016-02-29,20.9593563079834,,,,,,
2016-03-01,20.936315536499023,,,,,,
2016-03-02,20.89791488647461,,,,,,
2016-03-03,20.76735115051269,,,,,,
2016-03-04,20.736631393432617,,,,,,
2016-03-07,20.659826278686523,,,,,,
2016-03-08,20.713586807250977,,,,,,
2016-03-09,20.63678550720215,,,,,,
2016-03-10,20.52157974243164,,,,,,
2016-03-11,20.506221771240234,,,,,,
2016-03-14,20.52157974243164,,,,,,
2016-03-15,20.63678550720215,,,,,,
2016-03-16,20.40637969970703,,,,,,
2016-03-17,20.17597198486328,,,,,,
2016-03-18,20.19901466369629,,,,,,
2016-03-21,20.275814056396484,,,,,,
2016-03-22,20.314218521118164,,,,,,
2016-03-23,20.45246124267578,,,,,,
2016-03-24,20.47550201416016,,,,,,
2016-03-28,20.398700714111328,,,,,,
2016-03-29,20.22973251342773,,,,,,
2016-03-30,20.137569427490234,,,,,,
2016-03-31,20.152931213378903,,,,,,
2016-04-01,20.137569427490234,,,,,,
2016-04-04,20.152931213378903,,,,,,
2016-04-05,20.19901466369629,,,,,,
2016-04-06,20.10684967041016,,,,,,
2016-04-07,20.17597198486328,,,,,,
2016-04-08,20.07612991333008,,,,,,
2016-04-11,20.022367477416992,,,,,,
2016-04-12,19.97628593444824,,,,,,
2016-04-13,20.06845092773437,,,,,,
2016-04-14,20.114532470703125,,,,,,
2016-04-15,20.10684967041016,,,,,,
2016-04-18,20.03005027770996,,,,,,
2016-04-19,19.92252349853516,,,,,,
2016-04-20,19.99932861328125,,,,,,
2016-04-21,20.053089141845703,,,,,,
2016-04-22,20.168292999267575,,,,,,
2016-04-25,20.122211456298828,,,,,,
2016-04-26,20.06077003479004,,,,,,
2016-04-27,20.07612991333008,,,,,,
2016-04-28,19.861082077026367,,,,,,
2016-04-29,19.73052024841309,,,,,,
2016-05-02,19.684436798095703,,,,,,
2016-05-03,19.853403091430664,,,,,,
2016-05-04,19.937883377075195,,,,,,
2016-05-05,19.991649627685547,,,,,,
2016-05-06,20.04541015625,,,,,,
2016-05-09,20.145252227783203,,,,,,
2016-05-10,20.122211456298828,,,,,,
2016-05-11,20.037729263305664,,,,,,
2016-05-12,20.114532470703125,,,,,,
2016-05-13,20.22973251342773,,,,,,
2016-05-16,20.222055435180664,,,,,,
2016-05-17,20.21437263488769,,,,,,
2016-05-18,20.352619171142575,,,,,,
2016-05-19,20.352619171142575,,,,,,
2016-05-20,20.36798095703125,,,,,,
2016-05-23,20.383338928222656,,,,,,
2016-05-24,20.437101364135746,,,,,,
2016-05-25,20.36798095703125,,,,,,
2016-05-26,20.34493827819824,,,,,,
2016-05-27,20.45246124267578,,,,,,
2016-05-31,20.48318099975586,,,,,,
2016-06-01,20.352619171142575,,,,,,
2016-06-02,20.41405868530273,,,,,,
2016-06-03,20.10684967041016,,,,,,
2016-06-06,20.114532470703125,,,,,,
2016-06-07,20.00700569152832,,,,,,
2016-06-08,19.91484260559082,,,,,,
2016-06-09,20.022367477416992,,,,,,
2016-06-10,20.137569427490234,,,,,,
2016-06-13,20.114532470703125,,,,,,
2016-06-14,20.20669174194336,,,,,,
2016-06-15,20.168292999267575,,,,,,
2016-06-16,20.152931213378903,,,,,,
2016-06-17,20.014686584472656,,,,,,
2016-06-20,19.91484260559082,,,,,,
2016-06-21,19.99932861328125,,,,,,
2016-06-22,19.89948463439941,,,,,,
2016-06-23,19.853403091430664,,,,,,
2016-06-24,20.19133186340332,,,,,,
2016-06-27,20.383338928222656,,,,,,
2016-06-28,20.260454177856445,,,,,,
2016-06-29,20.17597198486328,,,,,,
2016-06-30,20.18365478515625,,,,,,
2016-07-01,20.114532470703125,,,,,,
2016-07-05,20.283496856689453,,,,,,
2016-07-06,20.20669174194336,,,,,,
2016-07-07,20.26813316345215,,,,,,
2016-07-08,20.21437263488769,,,,,,
2016-07-11,20.29117584228516,,,,,,
2016-07-12,20.245094299316406,,,,,,
2016-07-13,20.222055435180664,,,,,,
2016-07-14,20.168292999267575,,,,,,
2016-07-15,20.32957649230957,,,,,,
2016-07-18,20.26813316345215,,,,,,
2016-07-19,20.383338928222656,,,,,,
2016-07-20,20.42173957824707,,,,,,
2016-07-21,20.36798095703125,,,,,,
2016-07-22,20.42173957824707,,,,,,
2016-07-25,20.45246124267578,,,,,,
2016-07-26,20.398700714111328,,,,,,
2016-07-27,20.40637969970703,,,,,,
2016-07-28,20.352619171142575,,,,,,
2016-07-29,20.122211456298828,,,,,,
2016-08-01,20.145252227783203,,,,,,
2016-08-02,20.04541015625,,,,,,
2016-08-03,20.099170684814453,,,,,,
2016-08-04,20.10684967041016,,,,,,
2016-08-05,20.16061019897461,,,,,,
2016-08-08,20.168292999267575,,,,,,
2016-08-09,20.114532470703125,,,,,,
2016-08-10,20.037729263305664,,,,,,
2016-08-11,20.037729263305664,,,,,,
2016-08-12,20.022367477416992,,,,,,
2016-08-15,19.968603134155277,,,,,,
2016-08-16,19.845722198486328,,,,,,
2016-08-17,19.861082077026367,,,,,,
2016-08-18,19.75356101989746,,,,,,
2016-08-19,19.830358505249023,,,,,,
2016-08-22,19.89948463439941,,,,,,
2016-08-23,19.90716552734375,,,,,,
2016-08-24,19.953245162963867,,,,,,
2016-08-25,19.92252349853516,,,,,,
2016-08-26,20.09148979187012,,,,,,
2016-08-29,20.09148979187012,,,,,,
2016-08-30,20.22973251342773,,,,,,
2016-08-31,20.237415313720703,,,,,,
2016-09-01,20.145252227783203,,,,,,
2016-09-02,20.152931213378903,,,,,,
2016-09-06,19.92252349853516,,,,,,
2016-09-07,19.953245162963867,,,,,,
2016-09-08,20.00700569152832,,,,,,
2016-09-09,20.10684967041016,,,,,,
2016-09-12,20.053089141845703,,,,,,
2016-09-13,20.222055435180664,,,,,,
2016-09-14,20.168292999267575,,,,,,
2016-09-15,20.18365478515625,,,,,,
2016-09-16,20.34493827819824,,,,,,
2016-09-19,20.283496856689453,,,,,,
2016-09-20,20.306535720825195,,,,,,
2016-09-21,20.145252227783203,,,,,,
2016-09-22,20.12989044189453,,,,,,
2016-09-23,20.18365478515625,,,,,,
2016-09-26,20.19901466369629,,,,,,
2016-09-27,20.10684967041016,,,,,,
2016-09-28,20.10684967041016,,,,,,
2016-09-29,20.152931213378903,,,,,,
2016-09-30,20.12989044189453,,,,,,
2016-10-03,20.19901466369629,,,,,,
2016-10-04,20.283496856689453,,,,,,
2016-10-05,20.29885482788086,,,,,,
2016-10-06,20.398700714111328,,,,,,
2016-10-07,20.32957649230957,,,,,,
2016-10-10,20.32957649230957,,,,,,
2016-10-11,20.467817306518555,,,,,,
2016-10-12,20.52926445007324,,,,,,
2016-10-13,20.437101364135746,,,,,,
2016-10-14,20.552303314208984,,,,,,
2016-10-17,20.460140228271484,,,,,,
2016-10-18,20.437101364135746,,,,,,
2016-10-19,20.41405868530273,,,,,,
2016-10-20,20.49854278564453,,,,,,
2016-10-21,20.54462242126465,,,,,,
2016-10-24,20.54462242126465,,,,,,
2016-10-25,20.53694725036621,,,,,,
2016-10-26,20.552303314208984,,,,,,
2016-10-27,20.63678550720215,,,,,,
2016-10-28,20.552303314208984,,,,,,
2016-10-31,20.58302497863769,,,,,,
2016-11-01,20.51390266418457,,,,,,
2016-11-02,20.467817306518555,,,,,,
2016-11-03,20.39101791381836,,,,,,
2016-11-04,20.34493827819824,,,,,,
2016-11-07,20.41405868530273,,,,,,
2016-11-08,20.429420471191406,,,,,,
2016-11-09,20.698230743408203,,,,,,
2016-11-10,20.882553100585938,,,,,,
2016-11-11,20.920955657958984,,,,,,
2016-11-14,21.06688117980957,,,,,,
2016-11-15,21.028478622436523,,,,,,
2016-11-16,21.128318786621094,,,,,,
2016-11-17,21.235843658447266,,,,,,
2016-11-18,21.3356876373291,,,,,,
2016-11-21,21.21280288696289,,,,,,
2016-11-22,21.274246215820312,,,,,,
2016-11-23,21.38945198059082,,,,,,
2016-11-25,21.3356876373291,,,,,,
2016-11-28,21.289608001708984,,,,,,
2016-11-29,21.2435245513916,,,,,,
2016-11-30,21.358726501464844,,,,,,
2016-12-01,21.2435245513916,,,,,,
2016-12-02,21.2435245513916,,,,,,
2016-12-05,21.1436824798584,,,,,,
2016-12-06,21.166723251342773,,,,,,
2016-12-07,21.08224105834961,,,,,,
2016-12-08,21.205121994018555,,,,,,
2016-12-09,21.31264877319336,,,,,,
2016-12-12,21.21280288696289,,,,,,
2016-12-13,21.22047996520996,,,,,,
2016-12-14,21.44321060180664,,,,,,
2016-12-15,21.6121768951416,,,,,,
2016-12-16,21.619857788085938,,,,,,
2016-12-19,21.642898559570312,,,,,,
2016-12-20,21.642898559570312,,,,,,
2016-12-21,21.67361831665039,,,,,,
2016-12-22,21.71969985961914,,,,,,
2016-12-23,21.71202087402344,,,,,,
2016-12-27,21.7043399810791,,,,,,
2016-12-28,21.735057830810547,,,,,,
2016-12-29,21.6121768951416,,,,,,
2016-12-30,21.481609344482425,,,,,,
2017-01-03,21.765779495239254,,,,,,
2017-01-04,21.635215759277344,,,,,,
2017-01-05,21.45857048034668,,,,,,
2017-01-06,21.604494094848636,,,,,,
2017-01-09,21.550731658935547,,,,,,
2017-01-10,21.581457138061523,,,,,,
2017-01-11,21.52001190185547,,,,,,
2017-01-12,21.45857048034668,,,,,,
2017-01-13,21.42784881591797,,,,,,
2017-01-17,21.22047996520996,,,,,,
2017-01-18,21.45089340209961,,,,,,
2017-01-19,21.39713287353516,,,,,,
2017-01-20,21.35104751586914,,,,,,
2017-01-23,21.182079315185547,,,,,,
2017-01-24,21.22047996520996,,,,,,
2017-01-25,21.089920043945312,,,,,,
2017-01-26,21.21280288696289,,,,,,
2017-01-27,21.266565322875977,,,,,,
2017-01-30,21.182079315185547,,,,,,
2017-01-31,21.01311683654785,,,,,,
2017-02-01,21.059200286865234,,,,,,
2017-02-02,20.99007797241211,,,,,,
2017-02-03,20.96703338623047,,,,,,
2017-02-06,20.97471809387207,,,,,,
2017-02-07,21.0515193939209,,,,,,
2017-02-08,21.028478622436523,,,,,,
2017-02-09,21.112960815429688,,,,,,
2017-02-10,21.10527801513672,,,,,,
2017-02-13,21.112960815429688,,,,,,
2017-02-14,21.17440223693848,,,,,,
2017-02-15,21.1436824798584,,,,,,
2017-02-16,21.08224105834961,,,,,,
2017-02-17,21.1436824798584,,,,,,
2017-02-21,21.15904235839844,,,,,,
2017-02-22,21.112960815429688,,,,,,
2017-02-23,21.020797729492188,,,,,,
2017-02-24,21.06688117980957,,,,,,
2017-02-27,21.08224105834961,,,,,,
2017-02-28,21.097599029541016,,,,,,
2017-03-01,21.166723251342773,,,,,,
2017-03-02,21.30496597290039,,,,,,
2017-03-03,21.15904235839844,,,,,,
2017-03-06,21.18976211547852,,,,,,
2017-03-07,21.22816467285156,,,,,,
2017-03-08,21.274246215820312,,,,,,
2017-03-09,21.32800674438477,,,,,,
2017-03-10,21.182079315185547,,,,,,
2017-03-13,21.21280288696289,,,,,,
2017-03-14,21.235843658447266,,,,,,
2017-03-15,20.997758865356445,,,,,,
2017-03-16,20.94399642944336,,,,,,
2017-03-17,20.928634643554688,,,,,,
2017-03-20,20.890233993530277,,,,,,
2017-03-21,20.79806900024414,,,,,,
2017-03-22,20.75967025756836,,,,,,
2017-03-23,20.7750301361084,,,,,,
2017-03-24,20.74431037902832,,,,,,
2017-03-27,20.68286895751953,,,,,,
2017-03-28,20.78271102905273,,,,,,
2017-03-29,20.7750301361084,,,,,,
2017-03-30,20.851831436157227,,,,,,
2017-03-31,20.82879447937012,,,,,,
2017-04-03,20.82879447937012,,,,,,
2017-04-04,20.8748722076416,,,,,,
2017-04-05,20.890233993530277,,,,,,
2017-04-06,20.8748722076416,,,,,,
2017-04-07,20.951679229736328,,,,,,
2017-04-10,20.928634643554688,,,,,,
2017-04-11,20.8748722076416,,,,,,
2017-04-12,20.79806900024414,,,,,,
2017-04-13,20.82879447937012,,,,,,
2017-04-17,20.78271102905273,,,,,,
2017-04-18,20.659826278686523,,,,,,
2017-04-19,20.75199317932129,,,,,,
2017-04-20,20.75199317932129,,,,,,
2017-04-21,20.79039192199707,,,,,,
2017-04-24,20.66750717163086,,,,,,
2017-04-25,20.68286895751953,,,,,,
2017-04-26,20.74431037902832,,,,,,
2017-04-27,20.7750301361084,,,,,,
2017-04-28,20.72895050048828,,,,,,
2017-05-01,20.72895050048828,,,,,,
2017-05-02,20.705907821655277,,,,,,
2017-05-03,20.81343078613281,,,,,,
2017-05-04,20.7750301361084,,,,,,
2017-05-05,20.705907821655277,,,,,,
2017-05-08,20.82111167907715,,,,,,
2017-05-09,20.90559196472168,,,,,,
2017-05-10,20.8748722076416,,,,,,
2017-05-11,20.851831436157227,,,,,,
2017-05-12,20.78271102905273,,,,,,
2017-05-15,20.74431037902832,,,,,,
2017-05-16,20.629106521606445,,,,,,
2017-05-17,20.49854278564453,,,,,,
2017-05-18,20.53694725036621,,,,,,
2017-05-19,20.429420471191406,,,,,,
2017-05-22,20.42173957824707,,,,,,
2017-05-23,20.48318099975586,,,,,,
2017-05-24,20.429420471191406,,,,,,
2017-05-25,20.44478416442871,,,,,,
2017-05-26,20.45246124267578,,,,,,
2017-05-30,20.460140228271484,,,,,,
2017-05-31,20.41405868530273,,,,,,
2017-06-01,20.48318099975586,,,,,,
2017-06-02,20.383338928222656,,,,,,
2017-06-05,20.337257385253903,,,,,,
2017-06-06,20.275814056396484,,,,,,
2017-06-07,20.314218521118164,,,,,,
2017-06-08,20.32957649230957,,,,,,
2017-06-09,20.40637969970703,,,,,,
2017-06-12,20.352619171142575,,,,,,
2017-06-13,20.314218521118164,,,,,,
2017-06-14,20.260454177856445,,,,,,
2017-06-15,20.383338928222656,,,,,,
2017-06-16,20.306535720825195,,,,,,
2017-06-19,20.398700714111328,,,,,,
2017-06-20,20.460140228271484,,,,,,
2017-06-21,20.47550201416016,,,,,,
2017-06-22,20.42173957824707,,,,,,
2017-06-23,20.36798095703125,,,,,,
2017-06-26,20.40637969970703,,,,,,
2017-06-27,20.260454177856445,,,,,,
2017-06-28,20.19901466369629,,,,,,
2017-06-29,20.18365478515625,,,,,,
2017-06-30,20.168292999267575,,,,,,
2017-07-03,20.275814056396484,,,,,,
2017-07-05,20.29117584228516,,,,,,
2017-07-06,20.252775192260746,,,,,,
2017-07-07,20.29117584228516,,,,,,
2017-07-10,20.26813316345215,,,,,,
2017-07-11,20.19901466369629,,,,,,
2017-07-12,20.137569427490234,,,,,,
2017-07-13,20.137569427490234,,,,,,
2017-07-14,19.991649627685547,,,,,,
2017-07-17,19.99932861328125,,,,,,
2017-07-18,19.89180564880371,,,,,,
2017-07-19,19.91484260559082,,,,,,
2017-07-20,19.861082077026367,,,,,,
2017-07-21,19.79964256286621,,,,,,
2017-07-24,19.82267951965332,,,,,,
2017-07-25,19.845722198486328,,,,,,
2017-07-26,19.71515846252441,,,,,,
2017-07-27,19.81500244140625,,,,,,
2017-07-28,19.71515846252441,,,,,,
2017-07-31,19.653717041015625,,,,,,
2017-08-01,19.73052024841309,,,,,,
2017-08-02,19.684436798095703,,,,,,
2017-08-03,19.69211769104004,,,,,,
2017-08-04,19.776599884033203,,,,,,
2017-08-07,19.81500244140625,,,,,,
2017-08-08,19.81500244140625,,,,,,
2017-08-09,19.79964256286621,,,,,,
2017-08-10,19.81500244140625,,,,,,
2017-08-11,19.761240005493164,,,,,,
2017-08-14,19.78428077697754,,,,,,
2017-08-15,19.861082077026367,,,,,,
2017-08-16,19.791961669921875,,,,,,
2017-08-17,19.81500244140625,,,,,,
2017-08-18,19.745880126953125,,,,,,
2017-08-21,19.699800491333008,,,,,,
2017-08-22,19.75356101989746,,,,,,
2017-08-23,19.73820304870605,,,,,,
2017-08-24,19.776599884033203,,,,,,
2017-08-25,19.59227561950684,,,,,,
2017-08-28,19.59995651245117,,,,,,
2017-08-29,19.630674362182617,,,,,,
2017-08-30,19.699800491333008,,,,,,
2017-08-31,19.661396026611328,,,,,,
2017-09-01,19.669076919555664,,,,,,
2017-09-05,19.60763359069824,,,,,,
2017-09-06,19.569232940673828,,,,,,
2017-09-07,19.44635391235352,,,,,,
2017-09-08,19.377227783203125,,,,,,
2017-09-11,19.492431640625,,,,,,
2017-09-12,19.53851318359375,,,,,,
2017-09-13,19.62299346923828,,,,,,
2017-09-14,19.569232940673828,,,,,,
2017-09-15,19.515470504760746,,,,,,
2017-09-18,19.59227561950684,,,,,,
2017-09-19,19.53851318359375,,,,,,
2017-09-20,19.669076919555664,,,,,,
2017-09-21,19.6767578125,,,,,,
2017-09-22,19.60763359069824,,,,,,
2017-09-25,19.70747756958008,,,,,,
2017-09-26,19.761240005493164,,,,,,
2017-09-27,19.89948463439941,,,,,,
2017-09-28,19.868764877319336,,,,,,
2017-09-29,19.845722198486328,,,,,,
2017-10-02,19.97628593444824,,,,,,
2017-10-03,19.945566177368164,,,,,,
2017-10-04,19.92252349853516,,,,,,
2017-10-05,20.037729263305664,,,,,,
2017-10-06,19.98396873474121,,,,,,
2017-10-09,19.98396873474121,,,,,,
2017-10-10,19.91484260559082,,,,,,
2017-10-11,19.884122848510746,,,,,,
2017-10-12,19.884122848510746,,,,,,
2017-10-13,19.89948463439941,,,,,,
2017-10-16,19.945566177368164,,,,,,
2017-10-17,19.968603134155277,,,,,,
2017-10-18,19.991649627685547,,,,,,
2017-10-19,19.92252349853516,,,,,,
2017-10-20,20.053089141845703,,,,,,
2017-10-23,20.06845092773437,,,,,,
2017-10-24,20.122211456298828,,,,,,
2017-10-25,20.06845092773437,,,,,,
2017-10-26,20.260454177856445,,,,,,
2017-10-27,20.252775192260746,,,,,,
2017-10-30,20.19133186340332,,,,,,
2017-10-31,20.21437263488769,,,,,,
2017-11-01,20.19901466369629,,,,,,
2017-11-02,20.18365478515625,,,,,,
2017-11-03,20.252775192260746,,,,,,
2017-11-06,20.16061019897461,,,,,,
2017-11-07,20.260454177856445,,,,,,
2017-11-08,20.19901466369629,,,,,,
2017-11-09,20.137569427490234,,,,,,
2017-11-10,20.16061019897461,,,,,,
2017-11-13,20.168292999267575,,,,,,
2017-11-14,20.07612991333008,,,,,,
2017-11-15,20.06845092773437,,,,,,
2017-11-16,20.06845092773437,,,,,,
2017-11-17,19.99932861328125,,,,,,
2017-11-20,20.07612991333008,,,,,,
2017-11-21,20.022367477416992,,,,,,
2017-11-22,19.89948463439941,,,,,,
2017-11-24,19.768918991088867,,,,,,
2017-11-27,19.853403091430664,,,,,,
2017-11-28,19.91484260559082,,,,,,
2017-11-29,19.91484260559082,,,,,,
2017-11-30,19.89180564880371,,,,,,
2017-12-01,19.853403091430664,,,,,,
2017-12-04,19.861082077026367,,,,,,
2017-12-05,19.92252349853516,,,,,,
2017-12-06,19.97628593444824,,,,,,
2017-12-07,20.022367477416992,,,,,,
2017-12-08,20.09148979187012,,,,,,
2017-12-11,20.06077003479004,,,,,,
2017-12-12,20.12989044189453,,,,,,
2017-12-13,19.97628593444824,,,,,,
2017-12-14,19.968603134155277,,,,,,
2017-12-15,20.07612991333008,,,,,,
2017-12-18,20.014686584472656,,,,,,
2017-12-19,19.930206298828125,,,,,,
2017-12-20,19.968603134155277,,,,,,
2017-12-21,19.98396873474121,,,,,,
2017-12-22,19.930206298828125,,,,,,
2017-12-26,19.99932861328125,,,,,,
2017-12-27,19.968603134155277,,,,,,
2017-12-28,19.89180564880371,,,,,,
2017-12-29,19.884122848510746,,,,,,
2018-01-02,19.81500244140625,,,,,,
2018-01-03,19.768918991088867,,,,,,
2018-01-04,19.791961669921875,,,,,,
2018-01-05,19.73052024841309,,,,,,
2018-01-08,19.761240005493164,,,,,,
2018-01-09,19.807321548461918,,,,,,
2018-01-10,19.761240005493164,,,,,,
2018-01-11,19.745880126953125,,,,,,
2018-01-12,19.569232940673828,,,,,,
2018-01-16,19.40795135498047,,,,,,
2018-01-17,19.438671112060547,,,,,,
2018-01-18,19.454029083251957,,,,,,
2018-01-19,19.43099021911621,,,,,,
2018-01-22,19.415632247924805,,,,,,
2018-01-23,19.3925895690918,,,,,,
2018-01-24,19.215940475463867,,,,,,
2018-01-25,19.238983154296875,,,,,,
2018-01-26,19.146821975708008,,,,,,
2018-01-29,19.177539825439453,,,,,,
2018-01-30,19.20058250427246,,,,,,
2018-01-31,19.208261489868164,,,,,,
2018-02-01,19.123779296875,,,,,,
2018-02-02,19.24666404724121,,,,,,
2018-02-05,19.285066604614254,,,,,,
2018-02-06,19.292743682861328,,,,,,
2018-02-07,19.40795135498047,,,,,,
2018-02-08,19.415632247924805,,,,,,
2018-02-09,19.454029083251957,,,,,,
2018-02-12,19.3925895690918,,,,,,
2018-02-13,19.308103561401367,,,,,,
2018-02-14,19.139142990112305,,,,,,
2018-02-15,19.06233787536621,,,,,,
2018-02-16,19.146821975708008,,,,,,
2018-02-20,19.33114624023437,,,,,,
2018-02-21,19.36186790466309,,,,,,
2018-02-22,19.308103561401367,,,,,,
2018-02-23,19.300424575805664,,,,,,
2018-02-26,19.300424575805664,,,,,,
2018-02-27,19.36186790466309,,,,,,
2018-02-28,19.53083229064941,,,,,,
2018-03-01,19.215940475463867,,,,,,
2018-03-02,19.346508026123047,,,,,,
2018-03-05,19.33114624023437,,,,,,
2018-03-06,19.308103561401367,,,,,,
2018-03-07,19.300424575805664,,,,,,
2018-03-08,19.438671112060547,,,,,,
2018-03-09,19.423311233520508,,,,,,
2018-03-12,19.315784454345703,,,,,,
2018-03-13,19.269704818725582,,,,,,
2018-03-14,19.285066604614254,,,,,,
2018-03-15,19.346508026123047,,,,,,
2018-03-16,19.38490867614746,,,,,,
2018-03-19,19.400270462036133,,,,,,
2018-03-20,19.492431640625,,,,,,
2018-03-21,19.285066604614254,,,,,,
2018-03-22,19.308103561401367,,,,,,
2018-03-23,19.254343032836918,,,,,,
2018-03-26,19.269704818725582,,,,,,
2018-03-27,19.215940475463867,,,,,,
2018-03-28,19.43099021911621,,,,,,
2018-03-29,19.38490867614746,,,,,,
2018-04-02,19.423311233520508,,,,,,
2018-04-03,19.35418701171875,,,,,,
2018-04-04,19.292743682861328,,,,,,
2018-04-05,19.38490867614746,,,,,,
2018-04-06,19.369548797607425,,,,,,
2018-04-09,19.300424575805664,,,,,,
2018-04-10,19.277387619018555,,,,,,
2018-04-11,19.231306076049805,,,,,,
2018-04-12,19.33882713317871,,,,,,
2018-04-13,19.308103561401367,,,,,,
2018-04-16,19.24666404724121,,,,,,
2018-04-17,19.231306076049805,,,,,,
2018-04-18,19.231306076049805,,,,,,
2018-04-19,19.38490867614746,,,,,,
2018-04-20,19.438671112060547,,,,,,
2018-04-23,19.569232940673828,,,,,,
2018-04-24,19.61531639099121,,,,,,
2018-04-25,19.64603614807129,,,,,,
2018-04-26,19.699800491333008,,,,,,
2018-04-27,19.69211769104004,,,,,,
2018-04-30,19.69211769104004,,,,,,
2018-05-01,19.845722198486328,,,,,,
2018-05-02,19.90716552734375,,,,,,
2018-05-03,19.884122848510746,,,,,,
2018-05-04,19.92252349853516,,,,,,
2018-05-07,20.00700569152832,,,,,,
2018-05-08,20.03005027770996,,,,,,
2018-05-09,20.06077003479004,,,,,,
2018-05-10,19.937883377075195,,,,,,
2018-05-11,19.89180564880371,,,,,,
2018-05-14,19.991649627685547,,,,,,
2018-05-15,20.053089141845703,,,,,,
2018-05-16,20.09148979187012,,,,,,
2018-05-17,20.099170684814453,,,,,,
2018-05-18,20.152931213378903,,,,,,
2018-05-21,20.16061019897461,,,,,,
2018-05-22,20.19901466369629,,,,,,
2018-05-23,20.17597198486328,,,,,,
2018-05-24,20.152931213378903,,,,,,
2018-05-25,20.22973251342773,,,,,,
2018-05-29,20.314218521118164,,,,,,
2018-05-30,20.245094299316406,,,,,,
2018-05-31,20.245094299316406,,,,,,
2018-06-01,20.19901466369629,,,,,,
2018-06-04,20.26813316345215,,,,,,
2018-06-05,20.26813316345215,,,,,,
2018-06-06,20.19901466369629,,,,,,
2018-06-07,20.17597198486328,,,,,,
2018-06-08,20.18365478515625,,,,,,
2018-06-11,20.22973251342773,,,,,,
2018-06-12,20.283496856689453,,,,,,
2018-06-13,20.237415313720703,,,,,,
2018-06-14,20.460140228271484,,,,,,
2018-06-15,20.52157974243164,,,,,,
2018-06-18,20.398700714111328,,,,,,
2018-06-19,20.490861892700195,,,,,,
2018-06-20,20.490861892700195,,,,,,
2018-06-21,20.437101364135746,,,,,,
2018-06-22,20.398700714111328,,,,,,
2018-06-25,20.429420471191406,,,,,,
2018-06-26,20.40637969970703,,,,,,
2018-06-27,20.629106521606445,,,,,,
2018-06-28,20.52926445007324,,,,,,
2018-06-29,20.41405868530273,,,,,,
2018-07-02,20.559982299804688,,,,,,
2018-07-03,20.44478416442871,,,,,,
2018-07-05,20.429420471191406,,,,,,
2018-07-06,20.222055435180664,,,,,,
2018-07-09,20.252775192260746,,,,,,
2018-07-10,20.275814056396484,,,,,,
2018-07-11,20.337257385253903,,,,,,
2018-07-12,20.460140228271484,,,,,,
2018-07-13,20.42173957824707,,,,,,
2018-07-16,20.352619171142575,,,,,,
2018-07-17,20.506221771240234,,,,,,
2018-07-18,20.506221771240234,,,,,,
2018-07-19,20.506221771240234,,,,,,
2018-07-20,20.42173957824707,,,,,,
2018-07-23,20.41405868530273,,,,,,
2018-07-24,20.36029815673828,,,,,,
2018-07-25,20.321897506713867,,,,,,
2018-07-26,20.45246124267578,,,,,,
2018-07-27,20.306535720825195,,,,,,
2018-07-30,20.237415313720703,,,,,,
2018-07-31,20.275814056396484,,,,,,
2018-08-01,20.314218521118164,,,,,,
2018-08-02,20.506221771240234,,,,,,
2018-08-03,20.429420471191406,,,,,,
2018-08-06,20.44478416442871,,,,,,
2018-08-07,20.45246124267578,,,,,,
2018-08-08,20.460140228271484,,,,,,
2018-08-09,20.45246124267578,,,,,,
2018-08-10,20.64446830749512,,,,,,
2018-08-13,20.698230743408203,,,,,,
2018-08-14,20.72126579284668,,,,,,
2018-08-15,20.75199317932129,,,,,,
2018-08-16,20.736631393432617,,,,,,
2018-08-17,20.60606384277344,,,,,,
2018-08-20,20.559982299804688,,,,,,
2018-08-21,20.467817306518555,,,,,,
2018-08-22,20.460140228271484,,,,,,
2018-08-23,20.60606384277344,,,,,,
2018-08-24,20.48318099975586,,,,,,
2018-08-27,20.39101791381836,,,,,,
2018-08-28,20.44478416442871,,,,,,
2018-08-29,20.429420471191406,,,,,,
2018-08-30,20.437101364135746,,,,,,
2018-08-31,20.552303314208984,,,,,,
2018-09-04,20.64446830749512,,,,,,
2018-09-05,20.58302497863769,,,,,,
2018-09-06,20.57534408569336,,,,,,
2018-09-07,20.68286895751953,,,,,,
2018-09-10,20.60606384277344,,,,,,
2018-09-11,20.64446830749512,,,,,,
2018-09-12,20.552303314208984,,,,,,
2018-09-13,20.49854278564453,,,,,,
2018-09-14,20.51390266418457,,,,,,
2018-09-17,20.506221771240234,,,,,,
2018-09-18,20.467817306518555,,,,,,
2018-09-19,20.429420471191406,,,,,,
2018-09-20,20.375659942626957,,,,,,
2018-09-21,20.40637969970703,,,,,,
2018-09-24,20.44478416442871,,,,,,
2018-09-25,20.467817306518555,,,,,,
2018-09-26,20.490861892700195,,,,,,
2018-09-27,20.57534408569336,,,,,,
2018-09-28,20.552303314208984,,,,,,
2018-10-01,20.552303314208984,,,,,,
2018-10-02,20.613746643066406,,,,,,
2018-10-03,20.76735115051269,,,,,,
2018-10-04,20.76735115051269,,,,,,
2018-10-05,20.690549850463867,,,,,,
2018-10-08,20.698230743408203,,,,,,
2018-10-09,20.698230743408203,,,,,,
2018-10-10,20.698230743408203,,,,,,
2018-10-11,20.613746643066406,,,,,,
2018-10-12,20.60606384277344,,,,,,
2018-10-15,20.64446830749512,,,,,,
2018-10-16,20.52926445007324,,,,,,
2018-10-17,20.72895050048828,,,,,,
2018-10-18,20.736631393432617,,,,,,
2018-10-19,20.705907821655277,,,,,,
2018-10-22,20.82879447937012,,,,,,
2018-10-23,20.7750301361084,,,,,,
2018-10-24,20.86719512939453,,,,,,
2018-10-25,20.86719512939453,,,,,,
2018-10-26,20.890233993530277,,,,,,
2018-10-29,20.982398986816406,,,,,,
2018-10-30,21.097599029541016,,,,,,
2018-10-31,21.1436824798584,,,,,,
2018-11-01,20.890233993530277,,,,,,
2018-11-02,20.913272857666016,,,,,,
2018-11-05,20.920955657958984,,,,,,
2018-11-06,20.94399642944336,,,,,,
2018-11-07,20.928634643554688,,,,,,
2018-11-08,21.0515193939209,,,,,,
2018-11-09,21.043840408325195,,,,,,
2018-11-12,21.17440223693848,,,,,,
2018-11-13,21.128318786621094,,,,,,
2018-11-14,21.08224105834961,,,,,,
2018-11-15,21.043840408325195,,,,,,
2018-11-16,20.90559196472168,,,,,,
2018-11-19,20.936315536499023,,,,,,
2018-11-20,21.020797729492188,,,,,,
2018-11-21,20.997758865356445,,,,,,
2018-11-23,20.96703338623047,,,,,,
2018-11-26,21.059200286865234,,,,,,
2018-11-27,21.289608001708984,,,,,,
2018-11-28,21.074560165405277,,,,,,
2018-11-29,21.08224105834961,,,,,,
2018-11-30,21.15136337280273,,,,,,
2018-12-03,21.10527801513672,,,,,,
2018-12-04,21.120643615722656,,,,,,
2018-12-06,21.028478622436523,,,,,,
2018-12-07,21.112960815429688,,,,,,
2018-12-10,21.19744682312012,,,,,,
2018-12-11,21.166723251342773,,,,,,
2018-12-12,21.1436824798584,,,,,,
2018-12-13,21.136001586914062,,,,,,
2018-12-14,21.22816467285156,,,,,,
2018-12-17,21.182079315185547,,,,,,
2018-12-18,21.182079315185547,,,,,,
2018-12-19,21.15904235839844,,,,,,
2018-12-20,20.96703338623047,,,,,,
2018-12-21,21.043840408325195,,,,,,
2018-12-24,21.15152931213379,,,,,,
2018-12-26,21.074054718017575,,,,,,
2018-12-27,20.609188079833984,,,,,,
2018-12-28,20.950090408325195,,,,,,
2018-12-31,20.95783805847168,,,,,,
2019-01-02,21.050811767578125,,,,,,
2019-01-03,20.94234085083008,,,,,,
2019-01-04,20.85711479187012,,,,,,
2019-01-07,20.77189064025879,,,,,,
2019-01-08,20.81062889099121,,,,,,
2019-01-09,20.4387321472168,,,,,,
2019-01-10,20.77189064025879,,,,,,
2019-01-11,20.787384033203125,,,,,,
2019-01-14,20.733152389526367,,,,,,
2019-01-15,20.787384033203125,,,,,,
2019-01-16,20.764142990112305,,,,,,
2019-01-17,20.80288314819336,,,,,,
2019-01-18,20.8648624420166,,,,,,
2019-01-22,20.911352157592773,,,,,,
2019-01-23,20.8648624420166,,,,,,
2019-01-24,20.919099807739254,,,,,,
2019-01-25,20.80288314819336,,,,,,
2019-01-28,20.82612419128418,,,,,,
2019-01-29,20.779638290405277,,,,,,
2019-01-30,20.77189064025879,,,,,,
2019-01-31,20.748647689819336,,,,,,
2019-02-01,20.74089813232422,,,,,,
2019-02-04,20.748647689819336,,,,,,
2019-02-05,20.911352157592773,,,,,,
2019-02-06,20.82612419128418,,,,,,
2019-02-07,20.94234085083008,,,,,,
2019-02-08,20.988828659057617,,,,,,
2019-02-11,21.043062210083008,,,,,,
2019-02-12,21.035314559936523,,,,,,
2019-02-13,21.074054718017575,,,,,,
2019-02-14,21.074054718017575,,,,,,
2019-02-15,21.043062210083008,,,,,,
2019-02-19,20.97333335876465,,,,,,
2019-02-20,20.981081008911133,,,,,,
2019-02-21,20.988828659057617,,,,,,
2019-02-22,20.903600692749023,,,,,,
2019-02-25,20.950090408325195,,,,,,
2019-02-26,20.89585304260254,,,,,,
2019-02-27,20.87261390686035,,,,,,
2019-02-28,21.004323959350582,,,,,,
2019-03-01,20.9965763092041,,,,,,
2019-03-04,20.9965763092041,,,,,,
2019-03-05,21.09729766845703,,,,,,
2019-03-06,21.05855941772461,,,,,,
2019-03-07,21.267751693725582,,,,,,
2019-03-08,21.20577049255371,,,,,,
2019-03-11,21.128292083740234,,,,,,
2019-03-12,21.09729766845703,,,,,,
2019-03-13,21.066307067871094,,,,,,
2019-03-14,21.043062210083008,,,,,,
2019-03-15,20.988828659057617,,,,,,
2019-03-18,21.012073516845703,,,,,,
2019-03-19,20.965585708618164,,,,,,
2019-03-20,20.88036155700684,,,,,,
2019-03-21,20.9965763092041,,,,,,
2019-03-22,21.004323959350582,,,,,,
2019-03-25,20.9965763092041,,,,,,
2019-03-26,21.043062210083008,,,,,,
2019-03-27,21.13603973388672,,,,,,
2019-03-28,21.15152931213379,,,,,,
2019-03-29,21.167030334472656,,,,,,
2019-04-01,21.143783569335938,,,,,,
2019-04-02,21.159278869628903,,,,,,
2019-04-03,21.120540618896484,,,,,,
2019-04-04,21.143783569335938,,,,,,
2019-04-05,21.174776077270508,,,,,,
2019-04-08,21.13603973388672,,,,,,
2019-04-09,21.074054718017575,,,,,,
2019-04-10,21.050811767578125,,,,,,
2019-04-11,21.10504531860352,,,,,,
2019-04-12,21.05855941772461,,,,,,
2019-04-15,21.081802368164062,,,,,,
2019-04-16,21.11279296875,,,,,,
2019-04-17,21.120540618896484,,,,,,
2019-04-18,21.159278869628903,,,,,,
2019-04-22,21.167030334472656,,,,,,
2019-04-23,21.267751693725582,,,,,,
2019-04-24,21.3452262878418,,,,,,
2019-04-25,21.36846923828125,,,,,,
2019-04-26,21.306489944458008,,,,,,
2019-04-29,21.306489944458008,,,,,,
2019-04-30,21.244508743286133,,,,,,
2019-05-01,21.2600040435791,,,,,,
2019-05-02,21.306489944458008,,,,,,
2019-05-03,21.252256393432617,,,,,,
2019-05-06,21.27549743652344,,,,,,
2019-05-07,21.27549743652344,,,,,,
2019-05-08,21.290990829467773,,,,,,
2019-05-09,21.267751693725582,,,,,,
2019-05-10,21.236759185791016,,,,,,
2019-05-13,21.290990829467773,,,,,,
2019-05-14,21.290990829467773,,,,,,
2019-05-15,21.31423568725586,,,,,,
2019-05-16,21.352975845336918,,,,,,
2019-05-17,21.407207489013672,,,,,,
2019-05-20,21.391714096069336,,,,,,
2019-05-21,21.407207489013672,,,,,,
2019-05-22,21.383968353271484,,,,,,
2019-05-23,21.376218795776367,,,,,,
2019-05-24,21.43820571899414,,,,,,
2019-05-28,21.41495704650879,,,,,,
2019-05-29,21.47694206237793,,,,,,
2019-05-30,21.469194412231445,,,,,,
2019-05-31,21.41495704650879,,,,,,
2019-06-03,21.376218795776367,,,,,,
2019-06-04,21.36846923828125,,,,,,
2019-06-05,21.32973289489746,,,,,,
2019-06-06,21.290990829467773,,,,,,
2019-06-07,21.252256393432617,,,,,,
2019-06-10,21.252256393432617,,,,,,
2019-06-11,21.236759185791016,,,,,,
2019-06-12,21.267751693725582,,,,,,
2019-06-13,21.267751693725582,,,,,,
2019-06-14,21.376218795776367,,,,,,
2019-06-17,21.376218795776367,,,,,,
2019-06-18,21.36846923828125,,,,,,
2019-06-19,21.267751693725582,,,,,,
2019-06-20,21.167030334472656,,,,,,
2019-06-21,21.159278869628903,,,,,,
2019-06-24,21.11279296875,,,,,,
2019-06-25,21.128292083740234,,,,,,
2019-06-26,21.089548110961918,,,,,,
2019-06-27,21.120540618896484,,,,,,
2019-06-28,21.120540618896484,,,,,,
2019-07-01,21.27549743652344,,,,,,
2019-07-02,21.22126579284668,,,,,,
2019-07-03,21.182525634765625,,,,,,
2019-07-05,21.267751693725582,,,,,,
2019-07-08,21.28324508666992,,,,,,
2019-07-09,21.3452262878418,,,,,,
2019-07-10,21.32973289489746,,,,,,
2019-07-11,21.267751693725582,,,,,,
2019-07-12,21.229013442993164,,,,,,
2019-07-15,21.159278869628903,,,,,,
2019-07-16,21.321985244750977,,,,,,
2019-07-17,21.28324508666992,,,,,,
2019-07-18,21.159278869628903,,,,,,
2019-07-19,21.20577049255371,,,,,,
2019-07-22,21.28324508666992,,,,,,
2019-07-23,21.352975845336918,,,,,,
2019-07-24,21.383968353271484,,,,,,
2019-07-25,21.422704696655277,,,,,,
2019-07-26,21.507932662963867,,,,,,
2019-07-29,21.507932662963867,,,,,,
2019-07-30,21.500186920166016,,,,,,
2019-07-31,21.53117561340332,,,,,,
2019-08-01,21.53892517089844,,,,,,
2019-08-02,21.53117561340332,,,,,,
2019-08-05,21.500186920166016,,,,,,
2019-08-06,21.500186920166016,,,,,,
2019-08-07,21.500186920166016,,,,,,
2019-08-08,21.469194412231445,,,,,,
2019-08-09,21.492435455322266,,,,,,
2019-08-12,21.500186920166016,,,,,,
2019-08-13,21.47694206237793,,,,,,
2019-08-14,21.60865020751953,,,,,,
2019-08-15,21.60865020751953,,,,,,
2019-08-16,21.61639976501465,,,,,,
2019-08-19,21.670635223388672,,,,,,
2019-08-20,21.655139923095703,,,,,,
2019-08-21,21.670635223388672,,,,,,
2019-08-22,21.73262023925781,,,,,,
2019-08-23,21.670635223388672,,,,,,
2019-08-26,21.64739227294922,,,,,,
2019-08-27,21.670635223388672,,,,,,
2019-08-28,21.724872589111328,,,,,,
2019-08-29,21.740365982055664,,,,,,
2019-08-30,21.81784439086914,,,,,,
2019-09-03,21.83334350585937,,,,,,
2019-09-04,21.64739227294922,,,,,,
2019-09-05,21.624147415161133,,,,,,
2019-09-06,21.63189697265625,,,,,,
2019-09-09,21.724872589111328,,,,,,
2019-09-10,21.70162582397461,,,,,,
2019-09-11,21.73262023925781,,,,,,
2019-09-12,21.73262023925781,,,,,,
2019-09-13,21.64739227294922,,,,,,
2019-09-16,21.70162582397461,,,,,,
2019-09-17,21.670635223388672,,,,,,
2019-09-18,21.709375381469727,,,,,,
2019-09-19,21.624147415161133,,,,,,
2019-09-20,21.63964462280273,,,,,,
2019-09-23,21.76361083984375,,,,,,
2019-09-24,21.686134338378903,,,,,,
2019-09-25,21.74811363220215,,,,,,
2019-09-26,21.80234909057617,,,,,,
2019-09-27,21.76361083984375,,,,,,
2019-09-30,21.83334350585937,,,,,,
2019-10-01,21.84883689880371,,,,,,
2019-10-02,21.79459953308105,,,,,,
2019-10-03,21.755861282348636,,,,,,
2019-10-04,21.755861282348636,,,,,,
2019-10-07,21.771360397338867,,,,,,
2019-10-08,21.81784439086914,,,,,,
2019-10-09,21.810096740722656,,,,,,
2019-10-10,21.670635223388672,,,,,,
2019-10-11,21.63189697265625,,,,,,
2019-10-14,21.655139923095703,,,,,,
2019-10-15,21.64739227294922,,,,,,
2019-10-16,21.60865020751953,,,,,,
2019-10-17,21.569913864135746,,,,,,
2019-10-18,21.43820571899414,,,,,,
2019-10-21,21.500186920166016,,,,,,
2019-10-22,21.52342796325684,,,,,,
2019-10-23,21.492435455322266,,,,,,
2019-10-24,21.585412979125977,,,,,,
2019-10-25,21.507932662963867,,,,,,
2019-10-28,21.56216812133789,,,,,,
2019-10-29,21.507932662963867,,,,,,
2019-10-30,21.43820571899414,,,,,,
2019-10-31,21.453697204589844,,,,,,
2019-11-01,21.43820571899414,,,,,,
2019-11-04,21.47694206237793,,,,,,
2019-11-05,21.48468971252441,,,,,,
2019-11-06,21.60090446472168,,,,,,
2019-11-07,21.57766532897949,,,,,,
2019-11-08,21.624147415161133,,,,,,
2019-11-11,21.61639976501465,,,,,,
2019-11-12,21.63964462280273,,,,,,
2019-11-13,21.662885665893555,,,,,,
2019-11-14,21.61639976501465,,,,,,
2019-11-15,21.569913864135746,,,,,,
2019-11-18,21.60865020751953,,,,,,
2019-11-19,21.593158721923828,,,,,,
2019-11-20,21.63964462280273,,,,,,
2019-11-21,21.63189697265625,,,,,,
2019-11-22,21.755861282348636,,,,,,
2019-11-25,21.70162582397461,,,,,,
2019-11-26,21.69388008117676,,,,,,
2019-11-27,21.69388008117676,,,,,,
2019-11-29,21.69388008117676,,,,,,
2019-12-02,21.624147415161133,,,,,,
2019-12-03,21.63189697265625,,,,,,
2019-12-04,21.60090446472168,,,,,,
2019-12-05,21.515682220458984,,,,,,
2019-12-06,21.585412979125977,,,,,,
2019-12-09,21.569913864135746,,,,,,
2019-12-10,21.54667091369629,,,,,,
2019-12-11,21.492435455322266,,,,,,
2019-12-12,21.492435455322266,,,,,,
2019-12-13,21.47694206237793,,,,,,
2019-12-16,21.44594955444336,,,,,,
2019-12-17,21.469194412231445,,,,,,
2019-12-18,21.56216812133789,,,,,,
2019-12-19,21.492435455322266,,,,,,
2019-12-20,21.53117561340332,,,,,,
2019-12-23,21.52798080444336,,,,,,
2019-12-24,21.543949127197266,,,,,,
2019-12-26,21.520000457763672,,,,,,
2019-12-27,21.48008918762207,,,,,,
2019-12-30,21.392284393310547,,,,,,
2019-12-31,21.280536651611328,,,,,,
2020-01-02,21.392284393310547,,,,,,
2020-01-03,21.416231155395508,,,,,,
2020-01-06,21.36035919189453,,,,,,
2020-01-07,21.43219757080078,,,,,,
2020-01-08,21.520000457763672,,,,,,
2020-01-09,21.543949127197266,,,,,,
2020-01-10,21.52798080444336,,,,,,
2020-01-13,21.535964965820312,,,,,,
2020-01-14,21.504037857055664,,,,,,
2020-01-15,21.504037857055664,,,,,,
2020-01-16,21.52798080444336,,,,,,
2020-01-17,21.52798080444336,,,,,,
2020-01-21,21.52798080444336,,,,,,
2020-01-22,21.48807144165039,,,,,,
2020-01-23,21.504037857055664,,,,,,
2020-01-24,21.535964965820312,,,,,,
2020-01-27,21.679643630981445,,,,,,
2020-01-28,21.607805252075195,,,,,,
2020-01-29,21.62376976013184,,,,,,
2020-01-30,21.551931381225582,,,,,,
2020-01-31,21.575876235961918,,,,,,
2020-02-03,21.671661376953125,,,,,,
2020-02-04,21.69560813903809,,,,,,
2020-02-05,21.75148582458496,,,,,,
2020-02-06,21.71157455444336,,,,,,
2020-02-07,21.791393280029297,,,,,,
2020-02-10,21.77543258666992,,,,,,
2020-02-11,21.7674503326416,,,,,,
2020-02-12,21.77543258666992,,,,,,
2020-02-13,21.83130645751953,,,,,,
2020-02-14,21.879199981689453,,,,,,
2020-02-18,21.91112899780273,,,,,,
2020-02-19,21.990949630737305,,,,,,
2020-02-20,22.054805755615234,,,,,,
2020-02-21,21.943058013916016,,,,,,
2020-02-24,21.967004776000977,,,,,,
2020-02-25,21.91112899780273,,,,,,
2020-02-26,21.967004776000977,,,,,,
2020-02-27,21.951040267944336,,,,,,
2020-02-28,21.91112899780273,,,,,,
2020-03-02,21.887182235717773,,,,,,
2020-03-03,21.6876277923584,,,,,,
2020-03-04,21.807361602783203,,,,,,
2020-03-05,21.679643630981445,,,,,,
2020-03-06,21.7674503326416,,,,,,
2020-03-09,21.48807144165039,,,,,,
2020-03-10,21.743501663208008,,,,,,
2020-03-11,22.014896392822266,,,,,,
2020-03-12,22.02288055419922,,,,,,
2020-03-13,22.58163452148437,,,,,,
2020-03-16,21.1129093170166,,,,,,
2020-03-17,22.789167404174805,,,,,,
2020-03-18,23.387834548950195,,,,,,
2020-03-19,23.427749633789062,,,,,,
2020-03-20,23.40379905700684,,,,,,
2020-03-23,23.260120391845703,,,,,,
2020-03-24,23.26810073852539,,,,,,
2020-03-25,23.068546295166016,,,,,,
2020-03-26,22.589614868164062,,,,,,
2020-03-27,22.50979232788086,,,,,,
2020-03-30,22.597599029541016,,,,,,
2020-03-31,22.56567001342773,,,,,,
2020-04-01,22.717329025268555,,,,,,
2020-04-02,22.669435501098636,,,,,,
2020-04-03,22.87697410583496,,,,,,
2020-04-06,23.132404327392575,,,,,,
2020-04-07,22.725311279296875,,,,,,
2020-04-08,22.79715156555176,,,,,,
2020-04-09,22.61355972290039,,,,,,
2020-04-13,22.51777648925781,,,,,,
2020-04-14,22.41400718688965,,,,,,
2020-04-15,22.685401916503903,,,,,,
2020-04-16,22.789167404174805,,,,,,
2020-04-17,22.653474807739254,,,,,,
2020-04-20,22.645492553710938,,,,,,
2020-04-21,22.789167404174805,,,,,,
2020-04-22,22.84504508972168,,,,,,
2020-04-23,22.837064743041992,,,,,,
2020-04-24,22.837064743041992,,,,,,
2020-04-27,22.76522254943848,,,,,,
2020-04-28,22.725311279296875,,,,,,
2020-04-29,22.48584747314453,,,,,,
2020-04-30,22.5257568359375,,,,,,
2020-05-01,22.55768585205078,,,,,,
2020-05-04,22.58163452148437,,,,,,
2020-05-05,22.61355972290039,,,,,,
2020-05-06,22.669435501098636,,,,,,
2020-05-07,22.597599029541016,,,,,,
2020-05-08,22.597599029541016,,,,,,
2020-05-11,22.645492553710938,,,,,,
2020-05-12,22.61355972290039,,,,,,
2020-05-13,22.717329025268555,,,,,,
2020-05-14,22.709348678588867,,,,,,
2020-05-15,22.75724220275879,,,,,,
2020-05-18,22.51777648925781,,,,,,
2020-05-19,22.55768585205078,,,,,,
2020-05-20,22.47786521911621,,,,,,
2020-05-21,22.453916549682617,,,,,,
2020-05-22,22.50181198120117,,,,,,
2020-05-26,22.35014915466309,,,,,,
2020-05-27,22.37409782409668,,,,,,
2020-05-28,22.222434997558597,,,,,,
2020-05-29,22.190505981445312,,,,,,
2020-06-01,22.03086471557617,,,,,,
2020-06-02,21.982969284057617,,,,,,
2020-06-03,21.895164489746094,,,,,,
2020-06-04,21.871217727661133,,,,,,
2020-06-05,21.807361602783203,,,,,,
2020-06-08,21.727537155151367,,,,,,
2020-06-09,21.77543258666992,,,,,,
2020-06-10,21.679643630981445,,,,,,
2020-06-11,21.974987030029297,,,,,,
2020-06-12,21.982969284057617,,,,,,
2020-06-15,21.847272872924805,,,,,,
2020-06-16,21.91911125183105,,,,,,
2020-06-17,21.974987030029297,,,,,,
2020-06-18,22.046825408935547,,,,,,
2020-06-19,22.062789916992188,,,,,,
2020-06-22,21.91911125183105,,,,,,
2020-06-23,21.783411026000977,,,,,,
2020-06-24,22.02288055419922,,,,,,
2020-06-25,22.006916046142575,,,,,,
2020-06-26,21.959020614624023,,,,,,
2020-06-29,22.11866569519043,,,,,,
2020-06-30,22.02288055419922,,,,,,
2020-07-01,21.92709350585937,,,,,,
2020-07-02,21.91112899780273,,,,,,
2020-07-06,21.83928871154785,,,,,,
2020-07-07,21.951040267944336,,,,,,
2020-07-08,21.79937744140625,,,,,,
2020-07-09,21.83130645751953,,,,,,
2020-07-10,21.83130645751953,,,,,,
2020-07-13,21.83928871154785,,,,,,
2020-07-14,21.83928871154785,,,,,,
2020-07-15,21.66368293762207,,,,,,
2020-07-16,21.83928871154785,,,,,,
2020-07-17,21.783411026000977,,,,,,
2020-07-20,21.783411026000977,,,,,,
2020-07-21,21.567895889282227,,,,,,
2020-07-22,21.575876235961918,,,,,,
2020-07-23,21.543949127197266,,,,,,
2020-07-24,21.48008918762207,,,,,,
2020-07-27,21.28851890563965,,,,,,
2020-07-28,21.192731857299805,,,,,,
2020-07-29,21.20071601867676,,,,,,
2020-07-30,21.18474769592285,,,,,,
2020-07-31,21.312461853027344,,,,,,
2020-08-03,21.34439468383789,,,,,,
2020-08-04,21.34439468383789,,,,,,
2020-08-05,21.22465705871582,,,,,,
2020-08-06,21.152820587158203,,,,,,
2020-08-07,21.320446014404297,,,,,,
2020-08-10,21.34439468383789,,,,,,
2020-08-11,21.304481506347656,,,,,,
2020-08-12,21.28851890563965,,,,,,
2020-08-13,21.216676712036133,,,,,,
2020-08-14,21.18474769592285,,,,,,
2020-08-17,21.240625381469727,,,,,,
2020-08-18,21.03308868408203,,,,,,
2020-08-19,21.240625381469727,,,,,,
2020-08-20,21.192731857299805,,,,,,
2020-08-21,21.176767349243164,,,,,,
2020-08-24,21.304481506347656,,,,,,
2020-08-25,21.152820587158203,,,,,,
2020-08-26,21.12089157104492,,,,,,
2020-08-27,21.12089157104492,,,,,,
2020-08-28,20.96124649047852,,,,,,
2020-08-31,20.953264236450195,,,,,,
2020-09-01,20.99317741394043,,,,,,
2020-09-02,21.03308868408203,,,,,,
2020-09-03,21.06501579284668,,,,,,
2020-09-04,20.897390365600582,,,,,,
2020-09-08,21.160802841186523,,,,,,
2020-09-09,21.02510452270508,,,,,,
2020-09-10,21.04905128479004,,,,,,
2020-09-11,21.12089157104492,,,,,,
2020-09-14,20.99317741394043,,,,,,
2020-09-15,20.96922874450684,,,,,,
2020-09-16,21.04107093811035,,,,,,
2020-09-17,20.921335220336918,,,,,,
2020-09-18,21.04107093811035,,,,,,
2020-09-21,21.248607635498047,,,,,,
2020-09-22,21.176767349243164,,,,,,
2020-09-23,21.392284393310547,,,,,,
2020-09-24,21.352375030517575,,,,,,
2020-09-25,21.43219757080078,,,,,,
2020-09-28,21.36833953857422,,,,,,
2020-09-29,21.248607635498047,,,,,,
2020-09-30,21.26457023620605,,,,,,
2020-10-01,21.144838333129883,,,,,,
2020-10-02,21.160802841186523,,,,,,
2020-10-05,21.1129093170166,,,,,,
2020-10-06,21.256589889526367,,,,,,
2020-10-07,21.08896255493164,,,,,,
2020-10-08,21.144838333129883,,,,,,
2020-10-09,20.905372619628903,,,,,,
2020-10-12,20.945283889770508,,,,,,
2020-10-13,21.057031631469727,,,,,,
2020-10-14,21.00914001464844,,,,,,
2020-10-15,21.1129093170166,,,,,,
2020-10-16,21.1129093170166,,,,,,
2020-10-19,21.03308868408203,,,,,,
2020-10-20,21.02510452270508,,,,,,
2020-10-21,20.857479095458984,,,,,,
2020-10-22,20.881423950195312,,,,,,
2020-10-23,20.833532333374023,,,,,,
2020-10-26,20.873441696166992,,,,,,
2020-10-27,20.897390365600582,,,,,,
2020-10-28,20.977214813232425,,,,,,
2020-10-29,21.1129093170166,,,,,,
2020-10-30,21.12089157104492,,,,,,
2020-11-02,21.152820587158203,,,,,,
2020-11-03,21.12887191772461,,,,,,
2020-11-04,20.98519515991211,,,,,,
2020-11-05,20.67388916015625,,,,,,
2020-11-06,20.63397979736328,,,,,,
2020-11-09,20.769676208496094,,,,,,
2020-11-10,20.79361915588379,,,,,,
2020-11-11,20.809585571289062,,,,,,
2020-11-12,20.84151268005371,,,,,,
2020-11-13,20.72976493835449,,,,,,
2020-11-16,20.71380043029785,,,,,,
2020-11-17,20.68985366821289,,,,,,
2020-11-18,20.68985366821289,,,,,,
2020-11-19,20.68187141418457,,,,,,
2020-11-20,20.61801147460937,,,,,,
2020-11-23,20.7058162689209,,,,,,
2020-11-24,20.657922744750977,,,,,,
2020-11-25,20.594066619873047,,,,,,
2020-11-27,20.657922744750977,,,,,,
2020-11-30,20.61801147460937,,,,,,
2020-12-01,20.48231315612793,,,,,,
2020-12-02,20.44240379333496,,,,,,
2020-12-03,20.33863639831543,,,,,,
2020-12-04,20.35460090637207,,,,,,
2020-12-07,20.36258316040039,,,,,,
2020-12-08,20.32267189025879,,,,,,
2020-12-09,20.39451026916504,,,,,,
2020-12-10,20.35460090637207,,,,,,
2020-12-11,20.35460090637207,,,,,,
2020-12-14,20.298725128173828,,,,,,
2020-12-15,20.234867095947266,,,,,,
2020-12-16,20.226884841918945,,,,,,
2020-12-17,20.16303062438965,,,,,,
2020-12-18,20.19495391845703,,,,,,
2020-12-21,20.221481323242188,,,,,,
2020-12-22,20.34203720092773,,,,,,
2020-12-23,20.285778045654297,,,,,,
2020-12-24,20.269702911376957,,,,,,
2020-12-28,20.181293487548828,,,,,,
2020-12-29,20.25362777709961,,,,,,
2020-12-30,20.108959197998047,,,,,,
2020-12-31,20.125036239624023,,,,,,
2021-01-04,20.13306999206543,,,,,,
2021-01-05,20.036624908447266,,,,,,
2021-01-06,20.020551681518555,,,,,,
2021-01-07,20.15718078613281,,,,,,
2021-01-08,20.20540428161621,,,,,,
2021-01-11,20.285778045654297,,,,,,
2021-01-12,20.16522026062012,,,,,,
2021-01-13,20.25362777709961,,,,,,
2021-01-14,20.25362777709961,,,,,,
2021-01-15,20.293813705444336,,,,,,
2021-01-19,20.285778045654297,,,,,,
2021-01-20,20.26166534423828,,,,,,
2021-01-21,20.1411075592041,,,,,,
2021-01-22,20.1893310546875,,,,,,
2021-01-25,20.229516983032227,,,,,,
2021-01-26,20.213441848754883,,,,,,
2021-01-27,20.33399772644043,,,,,,
2021-01-28,20.31792449951172,,,,,,
2021-01-29,20.39026260375977,,,,,,
2021-02-01,20.406333923339844,,,,,,
2021-02-02,20.41436767578125,,,,,,
2021-02-03,20.422407150268555,,,,,,
2021-02-04,20.575115203857425,,,,,,
2021-02-05,20.4384822845459,,,,,,
2021-02-08,20.36614799499512,,,,,,
2021-02-09,20.19736862182617,,,,,,
2021-02-10,20.213441848754883,,,,,,
2021-02-11,20.125036239624023,,,,,,
2021-02-12,20.17325782775879,,,,,,
2021-02-16,20.229516983032227,,,,,,
2021-02-17,20.34203720092773,,,,,,
2021-02-18,20.30185317993164,,,,,,
2021-02-19,20.269702911376957,,,,,,
2021-02-22,20.24559211730957,,,,,,
2021-02-23,20.213441848754883,,,,,,
2021-02-24,20.17325782775879,,,,,,
2021-02-25,20.31792449951172,,,,,,
2021-02-26,20.398298263549805,,,,,,
2021-03-01,20.38222312927246,,,,,,
2021-03-02,20.31792449951172,,,,,,
2021-03-03,20.43044662475586,,,,,,
2021-03-04,20.551002502441406,,,,,,
2021-03-05,20.6394100189209,,,,,,
2021-03-08,20.711746215820312,,,,,,
2021-03-09,20.58315086364746,,,,,,
2021-03-10,20.50278091430664,,,,,,
2021-03-11,20.470630645751957,,,,,,
2021-03-12,20.50278091430664,,,,,,
2021-03-15,20.51885414123535,,,,,,
2021-03-16,20.54296493530273,,,,,,
2021-03-17,20.49474334716797,,,,,,
2021-03-18,20.551002502441406,,,,,,
2021-03-19,20.55904006958008,,,,,,
2021-03-22,20.534927368164062,,,,,,
2021-03-23,20.679595947265625,,,,,,
2021-03-24,20.70370864868164,,,,,,
2021-03-25,20.75996780395508,,,,,,
2021-03-26,20.671560287475582,,,,,,
2021-03-29,20.73585700988769,,,,,,
2021-03-30,20.719783782958984,,,,,,
2021-03-31,20.68763542175293,,,,,,
2021-04-01,20.679595947265625,,,,,,
2021-04-05,20.623334884643555,,,,,,
2021-04-06,20.551002502441406,,,,,,
2021-04-07,20.60726356506348,,,,,,
2021-04-08,20.510818481445312,,,,,,
2021-04-09,20.55904006958008,,,,,,
2021-04-12,20.55904006958008,,,,,,
2021-04-13,20.49474334716797,,,,,,
2021-04-14,20.44651985168457,,,,,,
2021-04-15,20.49474334716797,,,,,,
2021-04-16,20.36614799499512,,,,,,
2021-04-19,20.37418556213379,,,,,,
2021-04-20,20.358110427856445,,,,,,
2021-04-21,20.37418556213379,,,,,,
2021-04-22,20.33399772644043,,,,,,
2021-04-23,20.19736862182617,,,,,,
2021-04-26,20.237552642822266,,,,,,
2021-04-27,20.25362777709961,,,,,,
2021-04-28,20.24559211730957,,,,,,
2021-04-29,20.181293487548828,,,,,,
2021-04-30,20.38222312927246,,,,,,
2021-05-03,20.33399772644043,,,,,,
2021-05-04,20.39026260375977,,,,,,
2021-05-05,20.309890747070312,,,,,,
2021-05-06,20.24559211730957,,,,,,
2021-05-07,20.13306999206543,,,,,,
2021-05-10,20.11699676513672,,,,,,
2021-05-11,20.084850311279297,,,,,,
2021-05-12,20.24559211730957,,,,,,
2021-05-13,20.1893310546875,,,,,,
2021-05-14,20.13306999206543,,,,,,
2021-05-17,20.14914321899414,,,,,,
2021-05-18,20.060733795166016,,,,,,
2021-05-19,20.1411075592041,,,,,,
2021-05-20,20.084850311279297,,,,,,
2021-05-21,20.108959197998047,,,,,,
2021-05-24,20.084850311279297,,,,,,
2021-05-25,20.052698135375977,,,,,,
2021-05-26,20.076810836791992,,,,,,
2021-05-27,20.052698135375977,,,,,,
2021-05-28,20.076810836791992,,,,,,
2021-06-01,20.036624908447266,,,,,,
2021-06-02,20.060733795166016,,,,,,
2021-06-03,20.19736862182617,,,,,,
2021-06-04,20.125036239624023,,,,,,
2021-06-07,20.052698135375977,,,,,,
2021-06-08,20.036624908447266,,,,,,
2021-06-09,20.068771362304688,,,,,,
2021-06-10,20.076810836791992,,,,,,
2021-06-11,20.17325782775879,,,,,,
2021-06-14,20.181293487548828,,,,,,
2021-06-15,20.19736862182617,,,,,,
2021-06-16,20.37418556213379,,,,,,
2021-06-17,20.4384822845459,,,,,,
2021-06-18,20.59922409057617,,,,,,
2021-06-21,20.49474334716797,,,,,,
2021-06-22,20.406333923339844,,,,,,
2021-06-23,20.462594985961918,,,,,,
2021-06-24,20.36614799499512,,,,,,
2021-06-25,20.39026260375977,,,,,,
2021-06-28,20.36614799499512,,,,,,
2021-06-29,20.45455741882324,,,,,,
2021-06-30,20.43044662475586,,,,,,
2021-07-01,20.510818481445312,,,,,,
2021-07-02,20.45455741882324,,,,,,
2021-07-06,20.49474334716797,,,,,,
2021-07-07,20.54296493530273,,,,,,
2021-07-08,20.478668212890625,,,,,,
2021-07-09,20.49474334716797,,,,,,
2021-07-12,20.4384822845459,,,,,,
2021-07-13,20.59922409057617,,,,,,
2021-07-14,20.510818481445312,,,,,,
2021-07-15,20.58315086364746,,,,,,
2021-07-16,20.56707763671875,,,,,,
2021-07-19,20.647449493408203,,,,,,
2021-07-20,20.679595947265625,,,,,,
2021-07-21,20.59119033813477,,,,,,
2021-07-22,20.60726356506348,,,,,,
2021-07-23,20.63137435913086,,,,,,
2021-07-26,20.59119033813477,,,,,,
2021-07-27,20.526891708374023,,,,,,
2021-07-28,20.50278091430664,,,,,,
2021-07-29,20.4384822845459,,,,,,
2021-07-30,20.478668212890625,,,,,,
2021-08-02,20.462594985961918,,,,,,
2021-08-03,20.4384822845459,,,,,,
2021-08-04,20.462594985961918,,,,,,
2021-08-05,20.486705780029297,,,,,,
2021-08-06,20.58315086364746,,,,,,
2021-08-09,20.63137435913086,,,,,,
2021-08-10,20.59922409057617,,,,,,
2021-08-11,20.58315086364746,,,,,,
2021-08-12,20.58315086364746,,,,,,
2021-08-13,20.50278091430664,,,,,,
2021-08-16,20.50278091430664,,,,,,
2021-08-17,20.647449493408203,,,,,,
2021-08-18,20.61530113220215,,,,,,
2021-08-19,20.75996780395508,,,,,,
2021-08-20,20.768007278442383,,,,,,
2021-08-23,20.671560287475582,,,,,,
2021-08-24,20.6394100189209,,,,,,
2021-08-25,20.61530113220215,,,,,,
2021-08-26,20.6394100189209,,,,,,
2021-08-27,20.526891708374023,,,,,,
2021-08-30,20.575115203857425,,,,,,
2021-08-31,20.575115203857425,,,,,,
2021-09-01,20.534927368164062,,,,,,
2021-09-02,20.422407150268555,,,,,,
2021-09-03,20.39026260375977,,,,,,
2021-09-07,20.551002502441406,,,,,,
2021-09-08,20.56707763671875,,,,,,
2021-09-09,20.534927368164062,,,,,,
2021-09-10,20.551002502441406,,,,,,
2021-09-13,20.534927368164062,,,,,,
2021-09-14,20.55904006958008,,,,,,
2021-09-15,20.50278091430664,,,,,,
2021-09-16,20.59922409057617,,,,,,
2021-09-17,20.671560287475582,,,,,,
2021-09-20,20.647449493408203,,,,,,
2021-09-21,20.69567108154297,,,,,,
2021-09-22,20.719783782958984,,,,,,
2021-09-23,20.655488967895508,,,,,,
2021-09-24,20.663522720336918,,,,,,
2021-09-27,20.623334884643555,,,,,,
2021-09-28,20.743894577026367,,,,,,
2021-09-29,20.888561248779297,,,,,,
2021-09-30,20.864452362060547,,,,,,
2021-10-01,20.800153732299805,,,,,,
2021-10-04,20.711746215820312,,,,,,
2021-10-05,20.784080505371094,,,,,,
2021-10-06,20.856416702270508,,,,,,
2021-10-07,20.82426643371582,,,,,,
2021-10-08,20.84033966064453,,,,,,
2021-10-11,20.880525588989254,,,,,,
2021-10-12,20.880525588989254,,,,,,
2021-10-13,20.864452362060547,,,,,,
2021-10-14,20.800153732299805,,,,,,
2021-10-15,20.768007278442383,,,,,,
2021-10-18,20.784080505371094,,,,,,
2021-10-19,20.73585700988769,,,,,,
2021-10-20,20.671560287475582,,,,,,
2021-10-21,20.68763542175293,,,,,,
2021-10-22,20.70370864868164,,,,,,
2021-10-25,20.671560287475582,,,,,,
2021-10-26,20.68763542175293,,,,,,
2021-10-27,20.68763542175293,,,,,,
2021-10-28,20.60726356506348,,,,,,
2021-10-29,20.79211807250977,,,,,,
2021-11-01,20.784080505371094,,,,,,
2021-11-02,20.784080505371094,,,,,,
2021-11-03,20.727819442749023,,,,,,
2021-11-04,20.83230400085449,,,,,,
2021-11-05,20.800153732299805,,,,,,
2021-11-08,20.77604484558105,,,,,,
2021-11-09,20.751930236816406,,,,,,
2021-11-10,20.888561248779297,,,,,,
2021-11-11,20.968935012817383,,,,,,
2021-11-12,20.888561248779297,,,,,,
2021-11-15,20.985008239746094,,,,,,
2021-11-16,21.08145523071289,,,,,,
2021-11-17,20.960899353027344,,,,,,
2021-11-18,21.01715660095215,,,,,,
2021-11-19,21.08145523071289,,,,,,
2021-11-22,21.16182518005371,,,,,,
2021-11-23,21.20201110839844,,,,,,
2021-11-24,21.2421989440918,,,,,,
2021-11-26,21.21808624267578,,,,,,
2021-11-29,21.2421989440918,,,,,,
2021-11-30,21.153789520263672,,,,,,
2021-12-01,21.177902221679688,,,,,,
2021-12-02,21.13771629333496,,,,,,
2021-12-03,21.20201110839844,,,,,,
2021-12-06,21.21004867553711,,,,,,
2021-12-07,21.234161376953125,,,,,,
2021-12-08,21.12967872619629,,,,,,
2021-12-09,21.16182518005371,,,,,,
2021-12-10,21.12967872619629,,,,,,
2021-12-13,21.20201110839844,,,,,,
2021-12-14,21.26630973815918,,,,,,
2021-12-15,21.169862747192383,,,,,,
2021-12-16,21.12164306640625,,,,,,
2021-12-17,21.18593978881836,,,,,,
2021-12-20,21.21004867553711,,,,,,
2021-12-21,21.16182518005371,,,,,,
2021-12-22,21.12164306640625,,,,,,
2021-12-23,21.057344436645508,,,,,,
2021-12-27,21.073415756225582,,,,,,
2021-12-28,21.057344436645508,,,,,,
2021-12-29,21.00912094116211,,,,,,
2021-12-30,21.00912094116211,,,,,,
2021-12-31,20.944822311401367,,,,,,
2022-01-03,21.065380096435547,,,,,,
2022-01-04,21.04930686950684,,,,,,
2022-01-05,21.04930686950684,,,,,,
2022-01-06,21.057344436645508,,,,,,
2022-01-07,20.960899353027344,,,,,,
2022-01-10,21.033233642578125,,,,,,
2022-01-11,20.90463638305664,,,,,,
2022-01-12,20.77604484558105,,,,,,
2022-01-13,20.83230400085449,,,,,,
2022-01-14,20.848377227783203,,,,,,
2022-01-18,20.944822311401367,,,,,,
2022-01-19,20.90463638305664,,,,,,
2022-01-20,20.95285987854004,,,,,,
2022-01-21,20.928749084472656,,,,,,
2022-01-24,20.99304580688477,,,,,,
2022-01-25,21.033233642578125,,,,,,
2022-01-26,21.298458099365234,,,,,,
2022-01-27,21.28238296508789,,,,,,
2022-01-28,21.2421989440918,,,,,,
2022-01-31,21.113603591918945,,,,,,
2022-02-01,21.04930686950684,,,,,,
2022-02-02,20.99304580688477,,,,,,
2022-02-03,20.968935012817383,,,,,,
2022-02-04,20.960899353027344,,,,,,
2022-02-07,20.93678474426269,,,,,,
2022-02-08,20.912675857543945,,,,,,
2022-02-09,20.912675857543945,,,,,,
2022-02-10,20.97697257995605,,,,,,
2022-02-11,21.033233642578125,,,,,,
2022-02-14,21.073415756225582,,,,,,
2022-02-15,20.97697257995605,,,,,,
2022-02-16,20.92071533203125,,,,,,
2022-02-17,20.92071533203125,,,,,,
2022-02-18,20.968935012817383,,,,,,
2022-02-22,20.97697257995605,,,,,,
2022-02-23,20.960899353027344,,,,,,
2022-02-24,21.169862747192383,,,,,,
2022-02-25,21.057344436645508,,,,,,
2022-02-28,21.04930686950684,,,,,,
2022-03-01,21.13771629333496,,,,,,
2022-03-02,21.13771629333496,,,,,,
2022-03-03,21.20201110839844,,,,,,
2022-03-04,21.29042053222656,,,,,,
2022-03-07,21.523500442504883,,,,,,
2022-03-08,21.491352081298828,,,,,,
2022-03-09,21.314533233642575,,,,,,
2022-03-10,21.41901397705078,,,,,,
2022-03-11,21.515460968017575,,,,,,
2022-03-14,21.515460968017575,,,,,,
2022-03-15,21.515460968017575,,,,,,
2022-03-16,21.298458099365234,,,,,,
2022-03-17,21.32257080078125,,,,,,
2022-03-18,21.314533233642575,,,,,,
2022-03-21,21.32257080078125,,,,,,
2022-03-22,21.4431266784668,,,,,,
2022-03-23,21.39490509033203,,,,,,
2022-03-24,21.410978317260746,,,,,,
2022-03-25,21.33864402770996,,,,,,
2022-03-28,21.45116424560547,,,,,,
2022-03-29,21.28238296508789,,,,,,
2022-03-30,21.26630973815918,,,,,,
2022-03-31,21.27434539794922,,,,,,
2022-04-01,21.29042053222656,,,,,,
2022-04-04,21.378829956054688,,,,,,
2022-04-05,21.41901397705078,,,,,,
2022-04-06,21.483312606811523,,,,,,
2022-04-07,21.50742530822754,,,,,,
2022-04-08,21.547609329223636,,,,,,
2022-04-11,21.563682556152344,,,,,,
2022-04-12,21.57975959777832,,,,,,
2022-04-13,21.547609329223636,,,,,,
2022-04-14,21.611909866333008,,,,,,
2022-04-18,21.72442626953125,,,,,,
2022-04-19,21.756576538085938,,,,,,
2022-04-20,21.611909866333008,,,,,,
2022-04-21,21.748538970947266,,,,,,
2022-04-22,21.84498405456543,,,,,,
2022-04-25,21.94142723083496,,,,,,
2022-04-26,21.997692108154297,,,,,,
2022-04-27,21.973581314086918,,,,,,
2022-04-28,22.25487899780273,,,,,,
2022-04-29,22.12628555297852,,,,,,
2022-05-02,22.26291847229004,,,,,,
2022-05-03,22.198617935180664,,,,,,
2022-05-04,22.02180290222168,,,,,,
2022-05-05,22.27095413208008,,,,,,
2022-05-06,22.25487899780273,,,,,,
2022-05-09,22.32721328735352,,,,,,
2022-05-10,22.504030227661133,,,,,,
2022-05-11,22.303102493286133,,,,,,
2022-05-12,22.47991752624512,,,,,,
2022-05-13,22.391511917114254,,,,,,
2022-05-16,22.32721328735352,,,,,,
2022-05-17,22.206653594970703,,,,,,
2022-05-18,22.25487899780273,,,,,,
2022-05-19,22.08609771728516,,,,,,
2022-05-20,22.11020851135254,,,,,,
2022-05-23,21.973581314086918,,,,,,
2022-05-24,21.917320251464844,,,,,,
2022-05-25,21.949466705322266,,,,,,
2022-05-26,21.869096755981445,,,,,,
2022-05-27,21.812837600708008,,,,,,
2022-05-31,21.877132415771484,,,,,,
2022-06-01,21.94142723083496,,,,,,
2022-06-02,21.82890892028809,,,,,,
2022-06-03,21.90928268432617,,,,,,
2022-06-06,21.92535781860352,,,,,,
2022-06-07,21.96554183959961,,,,,,
2022-06-08,22.013765335083008,,,,,,
2022-06-09,22.102174758911133,,,,,,
2022-06-10,22.32721328735352,,,,,,
2022-06-13,22.51206588745117,,,,,,
2022-06-14,22.61655044555664,,,,,,
2022-06-15,22.447772979736328,,,,,,
2022-06-16,22.31917762756348,,,,,,
2022-06-17,22.51206588745117,,,,,,
2022-06-21,22.447772979736328,,,,,,
2022-06-22,22.383474349975582,,,,,,
2022-06-23,22.399547576904297,,,,,,
2022-06-24,22.32721328735352,,,,,,
2022-06-27,22.28702735900879,,,,,,
2022-06-28,22.40758514404297,,,,,,
2022-06-29,22.53618049621582,,,,,,
2022-06-30,22.43169593811035,,,,,,
2022-07-01,22.51206588745117,,,,,,
2022-07-05,22.7531852722168,,,,,,
2022-07-06,22.87373924255371,,,,,,
2022-07-07,22.857664108276367,,,,,,
2022-07-08,22.777292251586918,,,,,,
2022-07-11,23.00233459472656,,,,,,
2022-07-12,22.97822380065918,,,,,,
2022-07-13,22.97822380065918,,,,,,
2022-07-14,23.13092994689941,,,,,,
2022-07-15,23.010372161865234,,,,,,
2022-07-18,22.91392707824707,,,,,,
2022-07-19,22.81747817993164,,,,,,
2022-07-20,22.84159278869629,,,,,,
2022-07-21,22.809444427490234,,,,,,
2022-07-22,22.76122093200684,,,,,,
2022-07-25,22.737110137939453,,,,,,
2022-07-26,22.81747817993164,,,,,,
2022-07-27,22.592439651489254,,,,,,
2022-07-28,22.60851287841797,,,,,,
2022-07-29,22.576364517211918,,,,,,
2022-08-01,22.52814483642578,,,,,,
2022-08-02,22.58440399169922,,,,,,
2022-08-03,22.68084716796875,,,,,,
2022-08-04,22.58440399169922,,,,,,
2022-08-05,22.76925468444824,,,,,,
2022-08-08,22.7049617767334,,,,,,
2022-08-09,22.72907257080078,,,,,,
2022-08-10,22.455808639526367,,,,,,
2022-08-11,22.47991752624512,,,,,,
2022-08-12,22.52814483642578,,,,,,
2022-08-15,22.640663146972656,,,,,,
2022-08-16,22.7049617767334,,,,,,
2022-08-17,22.7049617767334,,,,,,
2022-08-18,22.9058895111084,,,,,,
2022-08-19,23.010372161865234,,,,,,
2022-08-22,23.14700126647949,,,,,,
2022-08-23,23.042518615722656,,,,,,
2022-08-24,23.01841163635254,,,,,,
2022-08-25,22.96214866638184,,,,,,
2022-08-26,23.13896751403809,,,,,,
2022-08-29,23.14700126647949,,,,,,
2022-08-30,23.13092994689941,,,,,,
2022-08-31,23.14700126647949,,,,,,
2022-09-01,23.29970932006836,,,,,,
2022-09-02,23.28363800048828,,,,,,
2022-09-06,23.42026710510254,,,,,,
2022-09-07,23.412229537963867,,,,,,
2022-09-08,23.3640079498291,,,,,,
2022-09-09,23.259523391723636,,,,,,
2022-09-12,23.114856719970703,,,,,,
2022-09-13,23.428302764892575,,,,,,
2022-09-14,23.39615631103516,,,,,,
2022-09-15,23.460453033447266,,,,,,
2022-09-16,23.48456573486328,,,,,,
2022-09-19,23.39615631103516,,,,,,
2022-09-20,23.49260139465332,,,,,,
2022-09-21,23.701566696166992,,,,,,
2022-09-22,23.701566696166992,,,,,,
2022-09-23,24.00697898864746,,,,,,
2022-09-26,24.207908630371094,,,,,,
2022-09-27,24.19183349609375,,,,,,
2022-09-28,23.958755493164062,,,,,,
2022-09-29,23.918569564819336,,,,,,
2022-09-30,23.934646606445312,,,,,,
2022-10-03,23.80605125427246,,,,,,
2022-10-04,23.5568962097168,,,,,,
2022-10-05,23.717639923095703,,,,,,
2022-10-06,23.958755493164062,,,,,,
2022-10-07,24.00697898864746,,,,,,
2022-10-10,24.135574340820312,,,,,,
2022-10-11,24.167722702026367,,,,,,
2022-10-12,24.095386505126957,,,,,,
2022-10-13,23.99090576171875,,,,,,
2022-10-14,24.183794021606445,,,,,,
2022-10-17,23.99894142150879,,,,,,
2022-10-18,24.039125442504883,,,,,,
2022-10-19,24.135574340820312,,,,,,
2022-10-20,24.151647567749023,,,,,,
2022-10-21,23.918569564819336,,,,,,
2022-10-24,24.06324005126953,,,,,,
2022-10-25,23.82212257385254,,,,,,
2022-10-26,23.62119483947754,,,,,,
2022-10-27,23.725679397583008,,,,,,
2022-10-28,23.814085006713867,,,,,,
2022-10-31,23.96679306030273,,,,,,
2022-11-01,23.926607131958008,,,,,,
2022-11-02,24.00697898864746,,,,,,
2022-11-03,24.127534866333008,,,,,,
2022-11-04,23.725679397583008,,,,,,
2022-11-07,23.69352912902832,,,,,,
2022-11-08,23.572973251342773,,,,,,
2022-11-09,23.717639923095703,,,,,,
2022-11-10,23.211299896240234,,,,,,
2022-11-11,22.970186233520508,,,,,,
2022-11-14,23.010372161865234,,,,,,
2022-11-15,22.897850036621094,,,,,,
2022-11-16,22.94607162475586,,,,,,
2022-11-17,23.00233459472656,,,,,,
2022-11-18,23.05055809020996,,,,,,
2022-11-21,23.24344825744629,,,,,,
2022-11-22,23.114856719970703,,,,,,
2022-11-23,22.897850036621094,,,,,,
2022-11-25,22.9058895111084,,,,,,
2022-11-28,23.082704544067383,,,,,,
2022-11-29,23.058595657348636,,,,,,
2022-11-30,22.88981437683105,,,,,,
2022-12-01,22.7049617767334,,,,,,
2022-12-02,22.64870262145996,,,,,,
2022-12-05,22.88981437683105,,,,,,
2022-12-06,22.92196273803711,,,,,,
2022-12-07,22.82258415222168,,,,,,
2022-12-08,22.796884536743164,,,,,,
2022-12-09,22.831153869628903,,,,,,
2022-12-12,22.88255500793457,,,,,,
2022-12-13,22.642677307128903,,,,,,
2022-12-14,22.58271026611328,,,,,,
2022-12-15,22.865421295166016,,,,,,
2022-12-16,22.873987197875977,,,,,,
2022-12-19,22.848285675048828,,,,,,
2022-12-20,22.839719772338867,,,,,,
2022-12-21,22.67694664001465,,,,,,
2022-12-22,22.754047393798828,,,,,,
2022-12-23,22.7150936126709,,,,,,
2022-12-27,22.671810150146484,,,,,,
2022-12-28,22.741064071655277,,,,,,
2022-12-29,22.61986923217773,,,,,,
2022-12-30,22.550615310668945,,,,,,
2023-01-03,22.758377075195312,,,,,,
2023-01-04,22.637184143066406,,,,,,
2023-01-05,22.76703453063965,,,,,,
2023-01-06,22.550615310668945,,,,,,
2023-01-09,22.403453826904297,,,,,,
2023-01-10,22.45539283752441,,,,,,
2023-01-11,22.43807983398437,,,,,,
2023-01-12,22.204349517822266,,,,,,
2023-01-13,22.18703842163086,,,,,,
2023-01-17,22.19569396972656,,,,,,
2023-01-18,22.256290435791016,,,,,,
2023-01-19,22.221662521362305,,,,,,
2023-01-20,22.24763298034668,,,,,,
2023-01-23,22.23897933959961,,,,,,
2023-01-24,22.23897933959961,,,,,,
2023-01-25,22.178380966186523,,,,,,
2023-01-26,22.143754959106445,,,,,,
2023-01-27,22.204349517822266,,,,,,
2023-01-30,22.27360343933105,,,,,,
2023-01-31,22.230321884155277,,,,,,
2023-02-01,21.96196556091309,,,,,,
2023-02-02,22.15241050720215,,,,,,
2023-02-03,22.464052200317383,,,,,,
2023-02-06,22.637184143066406,,,,,,
2023-02-07,22.49867820739746,,,,,,
2023-02-08,22.541961669921875,,,,,,
2023-02-09,22.507333755493164,,,,,,
2023-02-10,22.524646759033203,,,,,,
2023-02-13,22.49867820739746,,,,,,
2023-02-14,22.49867820739746,,,,,,
2023-02-15,22.628528594970703,,,,,,
2023-02-16,22.65449905395508,,,,,,
2023-02-17,22.637184143066406,,,,,,
2023-02-21,22.74972152709961,,,,,,
2023-02-22,22.793004989624023,,,,,,
2023-02-23,22.793004989624023,,,,,,
2023-02-24,22.957481384277344,,,,,,
2023-02-27,22.86225891113281,,,,,,
2023-02-28,22.905540466308597,,,,,,
2023-03-01,22.80166244506836,,,,,,
2023-03-02,22.87957000732422,,,,,,
2023-03-03,22.74972152709961,,,,,,
2023-03-06,22.78434562683105,,,,,,
2023-03-07,23.03539085388184,,,,,,
2023-03-08,23.026735305786133,,,,,,
2023-03-09,23.04404830932617,,,,,,
2023-03-10,22.93151092529297,,,,,,
2023-03-13,22.76703453063965,,,,,,
2023-03-14,22.74972152709961,,,,,,
2023-03-15,22.966136932373047,,,,,,
2023-03-16,22.87091445922852,,,,,,
2023-03-17,22.8189754486084,,,,,,
2023-03-20,22.741064071655277,,,,,,
2023-03-21,22.706438064575195,,,,,,
2023-03-22,22.593900680541992,,,,,,
2023-03-23,22.58524513244629,,,,,,
2023-03-24,22.64583969116211,,,,,,
2023-03-27,22.61986923217773,,,,,,
2023-03-28,22.524646759033203,,,,,,
2023-03-29,22.58524513244629,,,,,,
2023-03-30,22.49867820739746,,,,,,
2023-03-31,22.56793212890625,,,,,,
2023-04-03,22.446739196777344,,,,,,
2023-04-04,22.429424285888672,,,,,,
2023-04-05,22.446739196777344,,,,,,
2023-04-06,22.464052200317383,,,,,,
2023-04-10,22.611215591430664,,,,,,
2023-04-11,22.593900680541992,,,,,,
2023-04-12,22.49867820739746,,,,,,
2023-04-13,22.24763298034668,,,,,,
2023-04-14,22.47270774841309,,,,,,
2023-04-17,22.559274673461918,,,,,,
2023-04-18,22.53330612182617,,,,,,
2023-04-19,22.559274673461918,,,,,,
2023-04-20,22.524646759033203,,,,,,
2023-04-21,22.550615310668945,,,,,,
2023-04-24,22.507333755493164,,,,,,
2023-04-25,22.611215591430664,,,,,,
2023-04-26,22.58524513244629,,,,,,
2023-04-27,22.57658576965332,,,,,,
2023-04-28,22.602558135986328,,,,,,
2023-05-01,22.65449905395508,,,,,,
2023-05-02,22.637184143066406,,,,,,
2023-05-03,22.53330612182617,,,,,,
2023-05-04,22.507333755493164,,,,,,
2023-05-05,22.47270774841309,,,,,,
2023-05-08,22.490020751953125,,,,,,
2023-05-09,22.524646759033203,,,,,,
2023-05-10,22.464052200317383,,,,,,
2023-05-11,22.602558135986328,,,,,,
2023-05-12,22.723751068115234,,,,,,
2023-05-15,22.66315460205078,,,,,,
2023-05-16,22.7150936126709,,,,,,
2023-05-17,22.74972152709961,,,,,,
2023-05-18,22.905540466308597,,,,,,
2023-05-19,22.8276309967041,,,,,,
2023-05-22,22.87091445922852,,,,,,
2023-05-23,22.974794387817383,,,,,,
2023-05-24,23.018075942993164,,,,,,
2023-05-25,23.09598922729492,,,,,,
2023-05-26,23.026735305786133,,,,,,
2023-05-30,23.026735305786133,,,,,,
2023-05-31,23.07867431640625,,,,,,
2023-06-01,22.905540466308597,,,,,,
2023-06-02,23.018075942993164,,,,,,
2023-06-05,22.98345184326172,,,,,,
2023-06-06,22.966136932373047,,,,,,
2023-06-07,22.974794387817383,,,,,,
2023-06-08,22.86225891113281,,,,,,
2023-06-09,22.905540466308597,,,,,,
2023-06-12,22.91419792175293,,,,,,
2023-06-13,22.8276309967041,,,,,,
2023-06-14,22.758377075195312,,,,,,
2023-06-15,22.602558135986328,,,,,,
2023-06-16,22.689123153686523,,,,,,
2023-06-20,22.775691986083984,,,,,,
2023-06-21,22.74972152709961,,,,,,
2023-06-22,22.78434562683105,,,,,,
2023-06-23,22.888229370117188,,,,,,
2023-06-26,22.86225891113281,,,,,,
2023-06-27,22.81031608581543,,,,,,
2023-06-28,22.922853469848636,,,,,,
2023-06-29,23.00076484680176,,,,,,
2023-06-30,22.957481384277344,,,,,,
2023-07-03,22.948823928833008,,,,,,
2023-07-05,23.00076484680176,,,,,,
2023-07-06,23.104644775390625,,,,,,
2023-07-07,22.853599548339844,,,,,,
2023-07-10,22.81031608581543,,,,,,
2023-07-11,22.758377075195312,,,,,,
2023-07-12,22.507333755493164,,,,,,
2023-07-13,22.35151481628418,,,,,,
2023-07-14,22.42076873779297,,,,,,
2023-07-17,22.429424285888672,,,,,,
2023-07-18,22.429424285888672,,,,,,
2023-07-19,22.5159912109375,,,,,,
2023-07-20,22.593900680541992,,,,,,
2023-07-21,22.671810150146484,,,,,,
2023-07-24,22.69778060913086,,,,,,
2023-07-25,22.66315460205078,,,,,,
2023-07-26,22.628528594970703,,,,,,
2023-07-27,22.775691986083984,,,,,,
2023-07-28,22.723751068115234,,,,,,
2023-07-31,22.76703453063965,,,,,,
2023-08-01,22.87957000732422,,,,,,
2023-08-02,22.99210548400879,,,,,,
2023-08-03,23.03539085388184,,,,,,
2023-08-04,22.948823928833008,,,,,,
2023-08-07,22.948823928833008,,,,,,
2023-08-08,23.070018768310547,,,,,,
2023-08-09,23.052703857421875,,,,,,
2023-08-10,23.09598922729492,,,,,,
2023-08-11,23.130613327026367,,,,,,
2023-08-14,23.18255424499512,,,,,,
2023-08-15,23.217182159423828,,,,,,
2023-08-16,23.27777671813965,,,,,,
2023-08-17,23.27777671813965,,,,,,
2023-08-18,23.251806259155277,,,,,,
2023-08-21,23.269119262695312,,,,,,
2023-08-22,23.295089721679688,,,,,,
2023-08-23,23.217182159423828,,,,,,
2023-08-24,23.347028732299805,,,,,,
2023-08-25,23.37300109863281,,,,,,
2023-08-28,23.355688095092773,,,,,,
2023-08-29,23.251806259155277,,,,,,
2023-08-30,23.234495162963867,,,,,,
2023-08-31,23.321060180664062,,,,,,
2023-09-01,23.42494201660156,,,,,,
2023-09-05,23.60673141479492,,,,,,
2023-09-06,23.650012969970703,,,,,,
2023-09-07,23.658672332763672,,,,,,
2023-09-08,23.701953887939453,,,,,,
2023-09-11,23.5288200378418,,,,,,
2023-09-12,23.563447952270508,,,,,,
2023-09-13,23.563447952270508,,,,,,
2023-09-14,23.62404441833496,,,,,,
2023-09-15,23.632701873779297,,,,,,
2023-09-18,23.60673141479492,,,,,,
2023-09-19,23.62404441833496,,,,,,
2023-09-20,23.667325973510746,,,,,,
2023-09-21,23.71926689147949,,,,,,
2023-09-22,23.727924346923828,,,,,,
2023-09-25,23.823148727416992,,,,,,
2023-09-26,23.89240264892578,,,,,,
2023-09-27,23.996278762817383,,,,,,
2023-09-28,23.866432189941406,,,,,,
2023-09-29,23.90971565246582,,,,,,
2023-10-02,24.091503143310547,,,,,,
2023-10-03,24.143444061279297,,,,,,
2023-10-04,24.10016250610352,,,,,,
2023-10-05,24.07419204711914,,,,,,
2023-10-06,24.01359367370605,,,,,,
2023-10-09,24.01359367370605,,,,,,
2023-10-10,23.927026748657227,,,,,,
2023-10-11,23.918371200561523,,,,,,
2023-10-12,24.11747360229492,,,,,,
2023-10-13,24.10881805419922,,,,,,
2023-10-16,24.030908584594727,,,,,,
2023-10-17,24.07419204711914,,,,,,
2023-10-18,24.221355438232425,,,,,,
2023-10-19,24.11747360229492,,,,,,
2023-10-20,24.10881805419922,,,,,,
2023-10-23,24.04822158813477,,,,,,
2023-10-24,24.13478660583496,,,,,,
2023-10-25,24.20403861999512,,,,,,
2023-10-26,24.221355438232425,,,,,,
2023-10-27,24.18672752380371,,,,,,
2023-10-30,24.10016250610352,,,,,,
2023-10-31,24.221355438232425,,,,,,
2023-11-01,24.20403861999512,,,,,,
2023-11-02,24.030908584594727,,,,,,
2023-11-03,23.866432189941406,,,,,,
2023-11-06,23.89240264892578,,,,,,
2023-11-07,23.961654663085938,,,,,,
2023-11-08,23.987625122070312,,,,,,
2023-11-09,24.11747360229492,,,,,,
2023-11-10,24.06553268432617,,,,,,
2023-11-13,24.0568790435791,,,,,,
2023-11-14,23.762550354003903,,,,,,
2023-11-15,23.814491271972656,,,,,,
2023-11-16,23.797178268432617,,,,,,
2023-11-17,23.77120780944824,,,,,,
2023-11-20,23.60673141479492,,,,,,
2023-11-21,23.62404441833496,,,,,,
2023-11-22,23.684642791748047,,,,,,
2023-11-24,23.598073959350582,,,,,,
2023-11-27,23.57210350036621,,,,,,
2023-11-28,23.485536575317383,,,,,,
2023-11-29,23.520164489746094,,,,,,
2023-11-30,23.62404441833496,,,,,,
2023-12-01,23.53747940063477,,,,,,
2023-12-04,23.658672332763672,,,,,,
2023-12-05,23.73657989501953,,,,,,
2023-12-06,23.77120780944824,,,,,,
2023-12-07,23.67598533630371,,,,,,
2023-12-08,23.78851890563965,,,,,,
2023-12-11,23.797178268432617,,,,,,
2023-12-12,23.7452392578125,,,,,,
2023-12-13,23.589418411254883,,,,,,
2023-12-14,23.347028732299805,,,,,,
2023-12-15,23.459566116333008,,,,,,
2023-12-18,23.5461368560791,,,,,,
2023-12-19,23.39897346496582,,,,,,
2023-12-20,23.5288200378418,,,,,,
2023-12-21,23.3383731842041,,,,,,
2023-12-22,23.361522674560547,,,,,,
2023-12-26,23.278186798095703,,,,,,
2023-12-27,23.2041130065918,,,,,,
2023-12-28,23.24114990234375,,,,,,
2023-12-29,23.25041007995605,,,,,,
2024-01-02,23.42633819580078,,,,,,
2024-01-03,23.500411987304688,,,,,,
2024-01-04,23.518932342529297,,,,,,
2024-01-05,23.49115562438965,,,,,,
2024-01-08,23.47263526916504,,,,,,
2024-01-09,23.574487686157227,,,,,,
2024-01-10,23.555971145629883,,,,,,
2024-01-11,23.61152648925781,,,,,,
2024-01-12,23.565229415893555,,,,,,
2024-01-16,23.81523323059082,,,,,,
2024-01-17,23.8337516784668,,,,,,
2024-01-18,23.81523323059082,,,,,,
2024-01-19,23.76893615722656,,,,,,
2024-01-22,23.824493408203125,,,,,,
2024-01-23,23.852272033691406,,,,,,
2024-01-24,23.80597305297852,,,,,,
2024-01-25,23.778196334838867,,,,,,
2024-01-26,23.80597305297852,,,,,,
2024-01-29,23.8337516784668,,,,,,
2024-01-30,23.81523323059082,,,,,,
2024-01-31,23.870790481567383,,,,,,
2024-02-01,23.750417709350582,,,,,,
2024-02-02,23.94486618041992,,,,,,
2024-02-05,24.02820205688477,,,,,,
2024-02-06,23.954126358032227,,,,,,
2024-02-07,23.954126358032227,,,,,,
2024-02-08,23.97264289855957,,,,,,
2024-02-09,23.97264289855957,,,,,,
2024-02-12,23.99116325378418,,,,,,
2024-02-13,24.157833099365234,,,,,,
2024-02-14,24.130054473876957,,,,,,
2024-02-15,24.130054473876957,,,,,,
2024-02-16,24.07449722290039,,,,,,
2024-02-20,24.06523704528809,,,,,,
2024-02-21,24.05597877502441,,,,,,
2024-02-22,24.02820205688477,,,,,,
2024-02-23,24.07449722290039,,,,,,
2024-02-26,24.111536026000977,,,,,,
2024-02-27,24.06523704528809,,,,,,
2024-02-28,24.093017578125,,,,,,
2024-02-29,24.093017578125,,,,,,
2024-03-01,24.08375740051269,,,,,,
2024-03-04,24.05597877502441,,,,,,
2024-03-05,24.04671859741211,,,,,,
2024-03-06,23.9633846282959,,,,,,
2024-03-07,23.852272033691406,,,,,,
2024-03-08,23.870790481567383,,,,,,
2024-03-11,23.852272033691406,,,,,,
2024-03-12,23.88930892944336,,,,,,
2024-03-13,23.852272033691406,,,,,,
2024-03-14,23.9633846282959,,,,,,
2024-03-15,23.99116325378418,,,,,,
2024-03-18,24.05597877502441,,,,,,
2024-03-19,24.111536026000977,,,,,,
2024-03-20,24.00968170166016,,,,,,
2024-03-21,24.139312744140625,,,,,,
2024-03-22,24.25042724609375,,,,,,
2024-03-25,24.18561172485352,,,,,,
2024-03-26,24.25042724609375,,,,,,
2024-03-27,24.194869995117188,,,,,,
2024-03-28,24.25968742370605,,,,,,
2024-04-01,24.33376121520996,,,,,,
2024-04-02,24.30598258972168,,,,,,
2024-04-03,24.25968742370605,,,,,,
2024-04-04,24.231908798217773,,,,,,
2024-04-05,24.22264862060547,,,,,,
2024-04-08,24.18561172485352,,,,,,
2024-04-09,24.194869995117188,,,,,,
2024-04-10,24.4078369140625,,,,,,
2024-04-11,24.42635536193848,,,,,,
2024-04-12,24.583765029907227,,,,,,
2024-04-15,24.63006401062012,,,,,,
2024-04-16,24.722658157348636,,,,,,
2024-04-17,24.648582458496094,,,,,,
2024-04-18,24.69487953186035,,,,,,
2024-04-19,24.704137802124023,,,,,,
2024-04-22,24.713397979736328,,,,,,
2024-04-23,24.63006401062012,,,,,,
2024-04-24,24.676359176635746,,,,,,
2024-04-25,24.63006401062012,,,,,,
2024-04-26,24.722658157348636,,,,,,
2024-04-29,24.63006401062012,,,,,,
2024-04-30,24.76895523071289,,,,,,
2024-05-01,24.75043487548828,,,,,,
2024-05-02,24.583765029907227,,,,,,
2024-05-03,24.528209686279297,,,,,,
2024-05-06,24.518949508666992,,,,,,
2024-05-07,24.583765029907227,,,,,,
2024-05-08,24.648582458496094,,,,,,
2024-05-09,24.546728134155277,,,,,,
2024-05-10,24.59302520751953,,,,,,
2024-05-13,24.583765029907227,,,,,,
2024-05-14,24.565248489379883,,,,,,
2024-05-15,24.398578643798828,,,,,,
2024-05-16,24.43561363220215,,,,,,
2024-05-17,24.42635536193848,,,,,,
2024-05-20,24.48191261291504,,,,,,
2024-05-21,24.500431060791016,,,,,,
2024-05-22,24.565248489379883,,,,,,
2024-05-23,24.62080383300781,,,,,,
2024-05-24,24.565248489379883,,,,,,
2024-05-28,24.546728134155277,,,,,,
2024-05-29,24.685619354248047,,,,,,
2024-05-30,24.611543655395508,,,,,,
2024-05-31,24.60228538513184,,,,,,
2024-06-03,24.60228538513184,,,,,,
2024-06-04,24.648582458496094,,,,,,
2024-06-05,24.62080383300781,,,,,,
2024-06-06,24.65784072875977,,,,,,
2024-06-07,24.87080764770508,,,,,,
2024-06-10,24.88932609558105,,,,,,
2024-06-11,24.935625076293945,,,,,,
2024-06-12,24.880067825317383,,,,,,
2024-06-13,24.92636489868164,,,,,,
2024-06-14,24.963401794433597,,,,,,
2024-06-17,24.972660064697266,,,,,,
2024-06-18,24.972660064697266,,,,,,
2024-06-20,25.01895904541016,,,,,,
2024-06-21,25.046735763549805,,,,,,
2024-06-24,24.98192024230957,,,,,,
2024-06-25,25.02821922302246,,,,,,
2024-06-26,25.139331817626957,,,,,,
2024-06-27,25.13007164001465,,,,,,
2024-06-28,25.08377456665039,,,,,,
2024-07-01,25.148590087890625,,,,,,
2024-07-02,25.102294921875,,,,,,
2024-07-03,25.02821922302246,,,,,,
2024-07-05,24.935625076293945,,,,,,
2024-07-08,24.944883346557617,,,,,,
2024-07-09,24.98192024230957,,,,,,
2024-07-10,24.963401794433597,,,,,,
2024-07-11,24.8522891998291,,,,,,
2024-07-12,24.759695053100582,,,,,,
2024-07-15,24.81525039672852,,,,,,
2024-07-16,24.79673385620117,,,,,,
2024-07-17,24.713397979736328,,,,,,
2024-07-18,24.8522891998291,,,,,,
2024-07-19,24.88932609558105,,,,,,
2024-07-22,24.88932609558105,,,,,,
2024-07-23,24.92636489868164,,,,,,
2024-07-24,24.92636489868164,,,,,,
2024-07-25,24.95414352416992,,,,,,
2024-07-26,24.972660064697266,,,,,,
2024-07-29,25.02821922302246,,,,,,
2024-07-30,25.02821922302246,,,,,,
2024-07-31,24.90784454345703,,,,,,
2024-08-01,25.00969886779785,,,,,,
2024-08-02,24.81525039672852,,,,,,
2024-08-05,24.8430290222168,,,,,,
2024-08-06,24.79673385620117,,,,,,
2024-08-07,24.833770751953125,,,,,,
2024-08-08,24.805992126464844,,,,,,
2024-08-09,24.76895523071289,,,,,,
2024-08-12,24.82451057434082,,,,,,
2024-08-13,24.713397979736328,,,,,,
2024-08-14,24.713397979736328,,,,,,
2024-08-15,24.82451057434082,,,,,,
2024-08-16,24.65784072875977,,,,,,
2024-08-19,24.555988311767575,,,,,,
2024-08-20,24.48191261291504,,,,,,
2024-08-21,24.48191261291504,,,,,,
2024-08-22,24.47265243530273,,,,,,
2024-08-23,24.36153984069824,,,,,,
2024-08-26,24.38005828857422,,,,,,
2024-08-27,24.42635536193848,,,,,,
2024-08-28,24.53746795654297,,,,,,
2024-08-29,24.565248489379883,,,,,,
2024-08-30,24.648582458496094,,,,,,
2024-09-03,24.69487953186035,,,,,,
2024-09-04,24.62080383300781,,,,,,
2024-09-05,24.60228538513184,,,,,,
2024-09-06,24.611543655395508,,,,,,
2024-09-09,24.685619354248047,,,,,,
2024-09-10,24.731916427612305,,,,,,
2024-09-11,24.713397979736328,,,,,,
2024-09-12,24.60228538513184,,,,,,
2024-09-13,24.528209686279297,,,,,,
2024-09-16,24.463394165039062,,,,,,
2024-09-17,24.528209686279297,,,,,,
2024-09-18,24.565248489379883,,,,,,
2024-09-19,24.48191261291504,,,,,,
2024-09-20,24.528209686279297,,,,,,
2024-09-23,24.528209686279297,,,,,,
2024-09-24,24.45413398742676,,,,,,
2024-09-25,24.611543655395508,,,,,,
2024-09-26,24.491172790527344,,,,,,
2024-09-27,24.47265243530273,,,,,,
2024-09-30,24.565248489379883,,,,,,
2024-10-01,24.60228538513184,,,,,,
2024-10-02,24.69487953186035,,,,,,
2024-10-03,24.759695053100582,,,,,,
2024-10-04,24.880067825317383,,,,,,
2024-10-07,24.89858627319336,,,,,,
2024-10-08,24.917104721069336,,,,,,
2024-10-09,25.00969886779785,,,,,,
2024-10-10,24.991180419921875,,,,,,
2024-10-11,25.00044059753418,,,,,,
2024-10-14,25.09303474426269,,,,,,
2024-10-15,25.13007164001465,,,,,,
2024-10-16,25.204147338867188,,,,,,
2024-10-17,25.250444412231445,,,,,,
2024-10-18,25.18562889099121,,,,,,
2024-10-21,25.296741485595703,,,,,,
2024-10-22,25.33378028869629,,,,,,
2024-10-23,25.361557006835938,,,,,,
2024-10-24,25.31525993347168,,,,,,
2024-10-25,25.42637252807617,,,,,,
2024-10-28,25.42637252807617,,,,,,
2024-10-29,25.454151153564453,,,,,,
2024-10-30,25.407855987548828,,,,,,
2024-10-31,25.38933563232422,,,,,,
2024-11-01,25.509708404541016,,,,,,
2024-11-04,25.407855987548828,,,,,,
2024-11-05,25.31525993347168,,,,,,
2024-11-06,25.64859962463379,,,,,,
2024-11-07,25.454151153564453,,,,,,
2024-11-08,25.611560821533203,,,,,,
2024-11-11,25.731935501098636,,,,,,
2024-11-12,25.89860343933105,,,,,,
2024-11-13,25.96342086791992,,,,,,
2024-11-14,26.01897621154785,,,,,,
2024-11-15,26.000457763671875,,,,,,
2024-11-18,25.88934326171875,,,,,,
2024-11-19,25.8615665435791,,,,,,
2024-11-20,25.972679138183597,,,,,,
2024-11-21,26.00971794128418,,,,,,
2024-11-22,26.148609161376957,,,,,,
2024-11-25,26.01897621154785,,,,,,
2024-11-26,26.056013107299805,,,,,,
2024-11-27,25.89860343933105,,,,,,
2024-11-29,25.83378791809082,,,,,,
2024-12-02,25.954160690307617,,,,,,
2024-12-03,25.944902420043945,,,,,,
2024-12-04,25.96342086791992,,,,,,
2024-12-05,25.870826721191406,,,,,,
2024-12-06,25.93564224243164,,,,,,
2024-12-09,25.972679138183597,,,,,,
2024-12-10,26.00971794128418,,,,,,
2024-12-11,26.07453346252441,,,,,,
2024-12-12,26.130088806152344,,,,,,
2024-12-13,26.148609161376957,,,,,,
2024-12-16,26.157867431640625,,,,,,
2024-12-17,26.176387786865234,,,,,,
2024-12-18,26.45416831970215,,,,,,
2024-12-19,26.50972557067871,,,,,,
2024-12-20,26.407873153686523,,,,,,
2024-12-23,26.528244018554688,,,,,,
2024-12-24,26.481948852539062,,,,,,
2024-12-26,26.51950454711914,,,,,,
2024-12-27,26.538761138916016,,,,,,
2024-12-30,26.538761138916016,,,,,,
2024-12-31,26.635055541992188,,,,,,
2025-01-02,26.78912734985352,,,,,,
2025-01-03,26.769868850708008,,,,,,
2025-01-06,26.567649841308597,,,,,,
2025-01-07,26.62542724609375,,,,,,
2025-01-08,26.70246315002441,,,,,,
2025-01-10,26.885421752929688,,,,,,
2025-01-13,26.89505195617676,,,,,,
2025-01-14,26.769868850708008,,,,,,
2025-01-15,26.731351852416992,,,,,,
2025-01-16,26.7506103515625,,,,,,
2025-01-17,26.808387756347656,,,,,,
2025-01-21,26.54839134216309,,,,,,
2025-01-22,26.58691024780273,,,,,,
2025-01-23,26.55802154541016,,,,,,
2025-01-24,26.37506103515625,,,,,,
2025-01-27,26.46172523498535,,,,,,
2025-01-28,26.538761138916016,,,,,,
2025-01-29,26.596540451049805,,,,,,
2025-01-30,26.58691024780273,,,,,,
2025-01-31,26.6639461517334,,,,,,
2025-02-03,26.7506103515625,,,,,,
2025-02-04,26.54839134216309,,,,,,
2025-02-05,26.49061584472656,,,,,,
2025-02-06,26.50987434387207,,,,,,
2025-02-07,26.577280044555664,,,,,,
2025-02-10,26.654315948486328,,,,,,
2025-02-11,26.567649841308597,,,,,,
2025-02-12,26.58691024780273,,,,,,
2025-02-13,26.39431953430176,,,,,,
2025-02-14,26.317285537719727,,,,,,
2025-02-18,26.38469123840332,,,,,,
2025-02-19,26.452096939086918,,,,,,
2025-02-20,26.28839492797852,,,,,,
2025-02-21,26.336544036865234,,,,,,
2025-02-24,26.39431953430176,,,,,,
2025-02-25,26.317285537719727,,,,,,
2025-02-26,26.36543083190918,,,,,,
2025-02-27,26.538761138916016,,,,,,
2025-02-28,26.62542724609375,,,,,,
2025-03-03,26.48098564147949,,,,,,
2025-03-04,26.317285537719727,,,,,,
2025-03-05,26.05728912353516,,,,,,
2025-03-06,26.02840232849121,,,,,,
2025-03-07,26.00914192199707,,,,,,
2025-03-10,26.105438232421875,,,,,,
2025-03-11,25.98988342285156,,,,,,
2025-03-12,25.970623016357425,,,,,,
2025-03-13,26.01877212524414,,,,,,
2025-03-14,25.999513626098636,,,,,,
2025-03-17,25.92247772216797,,,,,,
2025-03-18,25.903217315673828,,,,,,
2025-03-19,25.951366424560547,,,,,,
2025-03-20,26.03803253173828,,,,,,
2025-03-21,26.115066528320312,,,,,,
2025-03-24,26.13432502746582,,,,,,
2025-03-25,26.13432502746582,,,,,,
2025-03-26,26.17284393310547,,,,,,
2025-03-27,26.182472229003903,,,,,,
2025-03-28,26.22098922729492,,,,,,
2025-03-31,26.2498779296875,,,,,,
2025-04-01,26.14395523071289,,,,,,
2025-04-02,26.17284393310547,,,,,,
2025-04-03,25.758777618408203,,,,,,
2025-04-04,26.076547622680664,,,,,,
2025-04-07,26.22098922729492,,,,,,
2025-04-08,26.182472229003903,,,,,,
2025-04-09,26.13432502746582,,,,,,
2025-04-10,25.6624813079834,,,,,,
2025-04-11,25.43137550354004,,,,,,
2025-04-14,25.35433959960937,,,,,,
2025-04-15,25.44100570678711,,,,,,
2025-04-16,25.248414993286133,,,,,,
2025-04-17,25.229158401489254,,,,,,
2025-04-21,25.07508659362793,,,,,,
2025-04-22,25.152122497558597,,,,,,
2025-04-23,25.35433959960937,,,,,,
2025-04-24,25.267675399780277,,,,,,
2025-04-25,25.30619239807129,,,,,,
2025-04-28,25.19063949584961,,,,,,
2025-04-29,25.238784790039062,,,,,,
2025-04-30,25.27730369567871,,,,,,
2025-05-01,25.3254508972168,,,,,,
2025-05-02,25.30619239807129,,,,,,
2025-05-05,25.20026969909668,,,,,,
2025-05-06,25.03656768798828,,,,,,
2025-05-07,25.248414993286133,,,,,,
2025-05-08,25.460264205932617,,,,,,
2025-05-09,25.248414993286133,,,,,,
2025-05-12,25.65285301208496,,,,,,
2025-05-13,25.498781204223636,,,,,,
2025-05-14,25.52766990661621,,,,,,
2025-05-15,25.479522705078125,,,,,,
2025-05-16,25.51803970336914,,,,,,
2025-05-19,25.392858505249023,,,,,,
2025-05-20,25.35433959960937,,,,,,
2025-05-21,25.28693389892578,,,,,,
2025-05-22,25.3254508972168,,,,,,
2025-05-23,25.132862091064453,,,,,,
2025-05-27,25.238784790039062,,,,,,
2025-05-28,25.35433959960937,,,,,,
2025-05-29,25.248414993286133,,,,,,
2025-05-30,25.267675399780277,,,,,,
2025-06-02,25.084714889526367,,,,,,
2025-06-03,25.238784790039062,,,,,,
2025-06-04,25.132862091064453,,,,,,
2025-06-05,25.113603591918945,,,,,,
2025-06-06,25.20026969909668,,,,,,
2025-06-09,25.16175079345703,,,,,,
2025-06-10,25.18100929260254,,,,,,
2025-06-11,25.103973388671875,,,,,,
2025-06-12,24.959531784057617,,,,,,
2025-06-13,25.017309188842773,,,,,,
2025-06-16,25.04619789123535,,,,,,
2025-06-17,25.18100929260254,,,,,,
2025-06-18,25.229158401489254,,,,,,
2025-06-20,25.258045196533203,,,,,,
2025-06-23,25.17137908935547,,,,,,
2025-06-24,25.03656768798828,,,,,,
2025-06-25,25.007678985595703,,,,,,
2025-06-26,24.911386489868164,,,,,,
2025-06-27,24.9210147857666,,,,,,
2025-06-30,24.815092086791992,,,,,,
2025-07-01,24.82472038269043,,,,,,
2025-07-02,24.8343505859375,,,,,,
2025-07-03,24.882497787475582,,,,,,
2025-07-07,24.998048782348636,,,,,,
2025-07-08,25.04619789123535,,,,,,
2025-07-09,25.007678985595703,,,,,,
2025-07-10,24.998048782348636,,,,,,
2025-07-11,25.06545639038086,,,,,,
2025-07-14,25.142492294311523,,,,,,
2025-07-15,25.27730369567871,,,,,,
2025-07-16,25.20989799499512,,,,,,
2025-07-17,25.267675399780277,,,,,,
2025-07-18,25.28693389892578,,,,,,
2025-07-21,25.17137908935547,,,,,,
2025-07-22,25.06545639038086,,,,,,
2025-07-23,24.998048782348636,,,,,,
2025-07-24,25.017309188842773,,,,,,
2025-07-25,25.103973388671875,,,,,,
2025-07-28,25.31582260131836,,,,,,
2025-07-29,25.35433959960937,,,,,,
2025-07-30,25.54693031311035,,,,,,
2025-07-31,25.633594512939453,,,,,,
2025-08-01,25.42174530029297,,,,,,
2025-08-04,25.43137550354004,,,,,,
2025-08-05,25.37360000610352,,,,,,
2025-08-06,25.258045196533203,,,,,,
2025-08-07,25.27730369567871,,,,,,
2025-08-08,25.27730369567871,,,,,,
2025-08-11,25.35433959960937,,,,,,
2025-08-12,25.248414993286133,,,,,,
2025-08-13,25.20026969909668,,,,,,
2025-08-14,25.3254508972168,,,,,,
2025-08-15,25.29656410217285,,,,,,
2025-08-18,25.30619239807129,,,,,,
2025-08-19,25.37360000610352,,,,,,
2025-08-20,25.383228302001957,,,,,,
2025-08-21,25.479522705078125,,,,,,
2025-08-22,25.267675399780277,,,,,,
2025-08-25,25.392858505249023,,,,,,
2025-08-26,25.35433959960937,,,,,,
2025-08-27,25.363969802856445,,,,,,
2025-08-28,25.27730369567871,,,,,,
2025-08-29,25.267675399780277,,,,,,
2025-09-02,25.40248680114746,,,,,,
2025-09-03,25.4121150970459,,,,,,
2025-09-04,25.43137550354004,,,,,,
2025-09-05,25.3254508972168,,,,,,
2025-09-08,25.258045196533203,,,,,,
2025-09-09,25.35433959960937,,,,,,
2025-09-10,25.31582260131836,,,,,,
2025-09-11,25.267675399780277,,,,,,
2025-09-12,25.29656410217285,,,,,,
2025-09-15,25.229158401489254,,,,,,
2025-09-16,25.084714889526367,,,,,,
2025-09-17,25.142492294311523,,,,,,
2025-09-18,25.238784790039062,,,,,,
2025-09-19,25.344709396362305,,,,,,
2025-09-22,25.267675399780277,,,,,,
2025-09-23,25.27730369567871,,,,,,
2025-09-24,25.42174530029297,,,,,,
2025-09-25,25.566186904907227,,,,,,
2025-09-26,25.450634002685547,,,,,,
2025-09-29,25.40248680114746,,,,,,
2025-09-30,25.4121150970459,,,,,,
2025-10-01,25.392858505249023,,,,,,
2025-10-02,25.469894409179688,,,,,,
2025-10-03,25.44100570678711,,,,,,
2025-10-06,25.508411407470703,,,,,,
2025-10-07,25.64322280883789,,,,,,
2025-10-08,25.6624813079834,,,,,,
2025-10-09,25.79729461669922,,,,,,
2025-10-10,25.729887008666992,,,,,,
2025-10-13,25.77803611755371,,,,,,
2025-10-14,25.77803611755371,,,,,,
2025-10-15,25.691370010375977,,,,,,
2025-10-16,25.585447311401367,,,,,,
2025-10-17,25.595075607299805,,,,,,
2025-10-20,25.633594512939453,,,,,,
2025-10-21,25.729887008666992,,,,,,
2025-10-22,25.749147415161133,,,,,,
2025-10-23,25.729887008666992,,,,,,
2025-10-24,25.758777618408203,,,,,,
2025-10-27,25.729887008666992,,,,,,
2025-10-28,25.691370010375977,,,,,,
2025-10-29,25.816553115844727,,,,,,
2025-10-30,25.88395881652832,,,,,,
2025-10-31,25.970623016357425,,,,,,
2025-11-03,25.970623016357425,,,,,,
2025-11-04,26.08617782592773,,,,,,
2025-11-05,26.076547622680664,,,,,,
2025-11-06,25.960994720458984,,,,,,
2025-11-07,25.92247772216797,,,,,,
2025-11-10,25.9128475189209,,,,,,
2025-11-11,25.93210792541504,,,,,,
2025-11-12,25.94173622131348,,,,,,
2025-11-13,25.874330520629883,,,,,,
2025-11-14,25.86470031738281,,,,,,
2025-11-17,26.00914192199707,,,,,,
2025-11-18,26.00914192199707,,,,,,
2025-11-19,26.12469482421875,,,,,,
2025-11-20,26.1632137298584,,,,,,
2025-11-21,26.12469482421875,,,,,,
2025-11-24,26.13432502746582,,,,,,
2025-11-25,26.04765892028809,,,,,,
2025-11-26,25.98025321960449,,,,,,
2025-11-28,25.98988342285156,,,,,,
2025-12-01,26.00914192199707,,,,,,
2025-12-02,26.00914192199707,,,,,,
2025-12-03,25.88395881652832,,,,,,
2025-12-04,25.89358901977539,,,,,,
2025-12-05,25.88395881652832,,,,,,
2025-12-08,25.92247772216797,,,,,,
2025-12-09,25.94173622131348,,,,,,
2025-12-10,25.8261833190918,,,,,,
2025-12-11,25.76840591430664,,,,,,
2025-12-12,25.806922912597656,,,,,,
2025-12-15,25.77803611755371,,,,,,
2025-12-16,25.78766632080078,,,,,,
2025-12-17,25.816553115844727,,,,,,
2025-12-18,26.02840232849121,,,,,,
2025-12-19,25.85507202148437,,,,,,
2025-12-22,25.78766632080078,,,,,,
2025-12-23,25.720258712768555,,,,,,
2025-12-24,25.701000213623047,,,,,,
2025-12-26,25.68000030517578,,,,,,
2025-12-29,25.690000534057617,,,,,,
2025-12-30,25.75,,,,,,
2025-12-31,25.799999237060547,,,,,,
2026-01-02,25.82999992370605,,,,,,
2026-01-05,25.799999237060547,,,,,,
2026-01-06,25.81999969482422,,,,,,
2026-01-07,25.86000061035156,,,,,,
2026-01-08,25.950000762939453,,,,,,
2026-01-09,25.96999931335449,,,,,,
2026-01-12,25.96999931335449,,,,,,
2026-01-13,26.0,,,,,,
2026-01-14,25.979999542236328,,,,,,
2026-01-15,25.989999771118164,,,,,,
2026-01-16,25.989999771118164,,,,,,
2026-01-20,25.8700008392334,,,,,,
2026-01-21,25.899999618530277,,,,,,
2026-01-22,25.790000915527344,,,,,,
2026-01-23,25.600000381469727,,,,,,
2026-01-26,25.479999542236328,,,,,,
2026-01-27,25.209999084472656,,,,,,
2026-01-28,25.309999465942383,,,,,,
2026-01-29,25.299999237060547,,,,,,
2026-01-30,25.520000457763672,,,,,,
2026-02-02,25.61000061035156,,,,,,
2026-02-03,25.51000022888184,,,,,,
2026-02-04,25.690000534057617,,,,,,
2026-02-05,25.71999931335449,,,,,,
2026-02-06,25.63999938964844,,,,,,
2026-02-09,25.5,,,,,,
2026-02-10,25.38999938964844,,,,,,
2026-02-11,25.530000686645508,,,,,,
2026-02-12,25.440000534057617,,,,,,
2026-02-13,25.46999931335449,,,,,,
2026-02-17,25.489999771118164,,,,,,
2026-02-18,25.6299991607666,,,,,,
2026-02-19,25.690000534057617,,,,,,
2026-02-20,25.649999618530277,,,,,,
2026-02-23,25.649999618530277,,,,,,
2026-02-24,25.6299991607666,,,,,,
2026-02-25,25.6200008392334,,,,,,
2026-02-26,25.600000381469727,,,,,,
2026-02-27,25.40999984741211,,,,,,
2026-03-02,25.850000381469727,,,,,,
2026-03-03,25.959999084472656,,,,,,
2026-03-04,25.93000030517578,,,,,,
2026-03-05,26.0,,,,,,
2026-03-06,26.0,,,,,,
2026-03-09,25.989999771118164,,,,,,
2026-03-10,26.0,,,,,,
2026-03-11,26.049999237060547,,,,,,
2026-03-12,26.149999618530277,,,,,,
2026-03-13,26.299999237060547,,,,,,
2026-03-16,26.18000030517578,,,,,,
2026-03-17,26.1200008392334,,,,,,
2026-03-18,26.26000022888184,,,,,,
2026-03-19,26.049999237060547,,,,,,
2026-03-20,26.229999542236328,,,,,,
2026-03-23,26.11000061035156,,,,,,
2026-03-24,26.18000030517578,,,,,,
2026-03-25,26.26000022888184,,,,,,
2026-03-26,26.3700008392334,,,,,,
2026-03-27,26.40999984741211,,,,,,
2026-03-30,26.489999771118164,,,,,,
2026-03-31,26.32999992370605,,,,,,
2026-04-01,26.280000686645508,,,,,,
2026-04-02,26.350000381469727,,,,,,
2026-04-06,26.15999984741211,,,,,,
2026-04-07,26.190000534057617,,,,,,
2026-04-08,26.059999465942383,,,,,,
2026-04-09,25.96999931335449,,,,,,
2026-04-10,26.01000022888184,,,,,,
2026-04-13,25.93000030517578,,,,,,
2026-04-14,25.82999992370605,,,,,,
2026-04-15,25.82999992370605,,,,,,
2026-04-16,25.88999938964844,,,,,,
2026-04-17,25.8700008392334,,,,,,
2026-04-20,25.850000381469727,,,,,,
2026-04-21,25.979999542236328,,,,,,
2026-04-22,26.0,,,,,,
2026-04-23,26.020000457763672,,,,,,
2026-04-24,25.979999542236328,,,,,,
2026-04-27,25.979999542236328,,,,,,
2026-04-28,26.01000022888184,,,,,,
2026-04-29,26.11000061035156,,,,,,
2026-04-30,25.920000076293945,,,,,,
2026-05-01,25.899999618530277,,,,,,
2026-05-04,25.959999084472656,,,,,,
2026-05-05,25.979999542236328,,,,,,
2026-05-06,25.81999969482422,,,,,,
2026-05-07,25.899999618530277,,,,,,
2026-05-08,25.809999465942383,,,,,,
2026-05-11,25.8700008392334,,,,,,
2026-05-12,25.920000076293945,,,,,,
2026-05-13,26.0,,,,,,
2026-05-14,26.07999992370605,,,,,,
2026-05-15,26.149999618530277,,,,,,
2026-05-18,26.13999938964844,,,,,,
2026-05-19,26.21999931335449,,,,,,
2026-05-20,26.170000076293945,,,,,,
2026-05-21,26.149999618530277,,,,,,
2026-05-22,26.209999084472656,,,,,,
2026-05-26,26.1299991607666,,,,,,
2026-05-27,26.21999931335449,,,,,,
2026-05-28,26.170000076293945,,,,,,
2026-05-29,26.15999984741211,,,,,,
2026-06-01,26.239999771118164,,,,,,
2026-06-02,26.229999542236328,,,,,,
2026-06-03,26.290000915527344,,,,,,
2026-06-04,26.26000022888184,,,,,,
2026-06-05,26.479999542236328,,,,,,
2026-06-08,26.459999084472656,,,,,,
2026-06-09,26.43000030517578,,,,,,
2026-06-10,26.450000762939453,,,,,,
2026-06-11,26.350000381469727,,,,,,
2026-06-12,26.309999465942383,,,,,,
2026-06-15,26.32999992370605,,,,,,
2026-06-16,26.31999969482422,,,,,,
2026-06-17,26.51000022888184,,,,,,
2026-06-18,26.61000061035156,,,,,,
2026-06-22,26.670000076293945,,,,,,
2026-06-23,26.739999771118164,,,,,,
2026-06-24,26.799999237060547,,,,,,
2026-06-25,26.770000457763672,,,,,,
2026-06-26,26.739999771118164,,,,,,
2026-06-29,26.739999771118164,,,,,,
2026-06-30,26.75,,,,,,
2026-07-01,26.790000915527344,,,,,,
2026-07-02,26.71999931335449,,,,,,
2026-07-06,26.709999084472656,,,,,,
2026-07-07,26.76000022888184,,,,,,
2026-07-08,26.71999931335449,,,,,,
2026-07-09,26.700000762939453,,,,,,
2026-07-10,26.68000030517578,,,,,,
2026-07-13,26.780000686645508,,,,,,
2026-07-14,26.68000030517578,,,,,,
2026-07-15,26.56999969482422,,,,,,
2026-07-16,26.649999618530277,,,,,,
2026-07-17,26.649999618530277,,,,,,
2026-07-20,26.68000030517578,,,,,,
2026-07-21,26.729999542236328,,,,,,
2026-07-22,26.75,,,,,,
2026-07-23,26.799999237060547,,,,,,
2026-07-24,26.81999969482422,,,,,,
2026-07-27,26.81999969482422,,,,,,
2026-07-28,26.780000686645508,,,,,,
2026-07-29,26.700000762939453,,,,,,
2026-07-30,26.450000762939453,,,,,,
2026-07-31,26.489999771118164,,,,,,
2026-08-03,26.5,,,,,,
2026-08-04,26.459999084472656,,,,,,
2026-08-05,26.399999618530277,,,,,,
2026-08-06,26.450000762939453,,,,,,
2026-08-07,26.350000381469727,,,,,,
2026-08-10,26.420000076293945,,,,,,
2026-08-11,26.440000534057617,,,,,,
2026-08-12,26.450000762939453,,,,,,
2026-08-13,26.459999084472656,,,,,,
2026-08-14,26.3799991607666,,,,,,
2026-08-17,26.399999618530277,,,,,,
2026-08-25,26.25,26.27,26.27,26.22,381973.0,26.24,1453.0
2026-08-26,26.28,26.28,26.31,26.26,69842.0,26.29,187.0
2026-08-26,26.280000686645508,,,,,,
2026-08-27,26.3,26.29,26.31,26.28,150956.0,26.297,787.0
2026-08-27,26.299999237060547,,,,,,
2026-08-28,26.38,26.29,26.44,26.27,222361.0,26.398,643.0
2026-08-28,26.3799991607666,,,,,,
2026-08-31,26.32999992370605,,,,,,
2026-08-31,26.33,26.4,26.4,26.33,135482.0,26.354,594.0
2026-09-01,26.364999771118164,,,,,,
2026-09-01,26.41,26.37,26.42,26.35,734533.0,26.394,1761.0
