date,close,open,high,low,volume,average,barCount
2007-03-01,20.54920959472656,,,,,,
2007-03-02,20.540979385375977,,,,,,
2007-03-05,20.672653198242188,,,,,,
2007-03-06,20.65619468688965,,,,,,
2007-03-07,20.57389640808105,,,,,,
2007-03-08,20.672653198242188,,,,,,
2007-03-09,20.705570220947266,,,,,,
2007-03-12,20.63973426818848,,,,,,
2007-03-13,20.590356826782227,,,,,,
2007-03-14,20.540979385375977,,,,,,
2007-03-15,20.540979385375977,,,,,,
2007-03-16,20.466915130615234,,,,,,
2007-03-19,20.57389640808105,,,,,,
2007-03-20,20.45045661926269,,,,,,
2007-03-21,20.39284896850586,,,,,,
2007-03-22,20.39284896850586,,,,,,
2007-03-23,20.51629066467285,,,,,,
2007-03-26,20.45045661926269,,,,,,
2007-03-27,20.44222640991211,,,,,,
2007-03-28,20.44222640991211,,,,,,
2007-03-29,20.466915130615234,,,,,,
2007-03-30,20.40107727050781,,,,,,
2007-04-02,20.45045661926269,,,,,,
2007-04-03,20.47514533996582,,,,,,
2007-04-04,20.45045661926269,,,,,,
2007-04-05,20.38461875915528,,,,,,
2007-04-09,20.51629066467285,,,,,,
2007-04-10,20.45045661926269,,,,,,
2007-04-11,20.45045661926269,,,,,,
2007-04-12,20.32701110839844,,,,,,
2007-04-13,20.31878089904785,,,,,,
2007-04-16,20.236486434936523,,,,,,
2007-04-17,20.228256225585938,,,,,,
2007-04-18,20.20356750488281,,,,,,
2007-04-19,20.20356750488281,,,,,,
2007-04-20,20.12950134277344,,,,,,
2007-04-23,20.236486434936523,,,,,,
2007-04-24,20.2117977142334,,,,,,
2007-04-25,20.17888069152832,,,,,,
2007-04-26,20.26117706298828,,,,,,
2007-04-27,20.1953353881836,,,,,,
2007-04-30,20.154191970825195,,,,,,
2007-05-01,20.277631759643555,,,,,,
2007-05-02,20.29409408569336,,,,,,
2007-05-03,20.31878089904785,,,,,,
2007-05-04,20.244718551635746,,,,,,
2007-05-07,20.29409408569336,,,,,,
2007-05-08,20.351701736450195,,,,,,
2007-05-09,20.37639045715332,,,,,,
2007-05-10,20.40107727050781,,,,,,
2007-05-11,20.417539596557617,,,,,,
2007-05-14,20.40107727050781,,,,,,
2007-05-15,20.335241317749023,,,,,,
2007-05-16,20.425765991210938,,,,,,
2007-05-17,20.47514533996582,,,,,,
2007-05-18,20.433996200561523,,,,,,
2007-05-21,20.49160385131836,,,,,,
2007-05-22,20.499832153320312,,,,,,
2007-05-23,20.48337173461914,,,,,,
2007-05-24,20.51629066467285,,,,,,
2007-05-25,20.499832153320312,,,,,,
2007-05-29,20.5080623626709,,,,,,
2007-05-30,20.540979385375977,,,,,,
2007-05-31,20.5080623626709,,,,,,
2007-06-01,20.51629066467285,,,,,,
2007-06-04,20.433996200561523,,,,,,
2007-06-05,20.37639045715332,,,,,,
2007-06-06,20.4093074798584,,,,,,
2007-06-07,20.540979385375977,,,,,,
2007-06-08,20.60681533813477,,,,,,
2007-06-11,20.65619468688965,,,,,,
2007-06-12,20.697343826293945,,,,,,
2007-06-13,20.738489151000977,,,,,,
2007-06-14,20.7631778717041,,,,,,
2007-06-15,20.64796257019043,,,,,,
2007-06-18,20.623275756835938,,,,,,
2007-06-19,20.63150215148925,,,,,,
2007-06-20,19.84969711303711,,,,,,
2007-06-21,20.65619468688965,,,,,,
2007-06-22,20.532752990722656,,,,,,
2007-06-25,20.59858703613281,,,,,,
2007-06-26,20.56567001342773,,,,,,
2007-06-27,20.59858703613281,,,,,,
2007-06-28,20.59858703613281,,,,,,
2007-06-29,20.47514533996582,,,,,,
2007-07-02,20.3681583404541,,,,,,
2007-07-03,20.335241317749023,,,,,,
2007-07-05,20.433996200561523,,,,,,
2007-07-06,20.39284896850586,,,,,,
2007-07-09,20.40107727050781,,,,,,
2007-07-10,20.26117706298828,,,,,,
2007-07-11,20.236486434936523,,,,,,
2007-07-12,20.20356750488281,,,,,,
2007-07-13,20.22002601623535,,,,,,
2007-07-16,20.2117977142334,,,,,,
2007-07-17,20.2117977142334,,,,,,
2007-07-18,20.1953353881836,,,,,,
2007-07-19,20.187110900878903,,,,,,
2007-07-20,20.154191970825195,,,,,,
2007-07-23,20.1953353881836,,,,,,
2007-07-24,20.03898048400879,,,,,,
2007-07-25,20.2117977142334,,,,,,
2007-07-26,20.121273040771484,,,,,,
2007-07-27,20.285863876342773,,,,,,
2007-07-30,20.31878089904785,,,,,,
2007-07-31,20.285863876342773,,,,,,
2007-08-01,20.29409408569336,,,,,,
2007-08-02,20.32701110839844,,,,,,
2007-08-03,20.13772964477539,,,,,,
2007-08-06,20.17888069152832,,,,,,
2007-08-07,20.236486434936523,,,,,,
2007-08-08,20.17888069152832,,,,,,
2007-08-09,20.335241317749023,,,,,,
2007-08-10,20.351701736450195,,,,,,
2007-08-13,20.4093074798584,,,,,,
2007-08-14,20.540979385375977,,,,,,
2007-08-15,20.63150215148925,,,,,,
2007-08-16,20.57389640808105,,,,,,
2007-08-17,20.51629066467285,,,,,,
2007-08-20,20.56567001342773,,,,,,
2007-08-21,20.57389640808105,,,,,,
2007-08-22,20.51629066467285,,,,,,
2007-08-23,20.48337173461914,,,,,,
2007-08-24,20.39284896850586,,,,,,
2007-08-27,20.37639045715332,,,,,,
2007-08-28,20.37639045715332,,,,,,
2007-08-29,20.35993194580078,,,,,,
2007-08-30,20.45045661926269,,,,,,
2007-08-31,20.40107727050781,,,,,,
2007-09-04,20.433996200561523,,,,,,
2007-09-05,20.35993194580078,,,,,,
2007-09-06,20.302322387695312,,,,,,
2007-09-07,20.187110900878903,,,,,,
2007-09-10,20.16242027282715,,,,,,
2007-09-11,20.187110900878903,,,,,,
2007-09-12,20.088356018066406,,,,,,
2007-09-13,20.14596176147461,,,,,,
2007-09-14,20.1953353881836,,,,,,
2007-09-17,20.17888069152832,,,,,,
2007-09-18,20.11304473876953,,,,,,
2007-09-19,20.104812622070312,,,,,,
2007-09-20,19.95667839050293,,,,,,
2007-09-21,19.96491050720215,,,,,,
2007-09-24,19.95667839050293,,,,,,
2007-09-25,19.907304763793945,,,,,,
2007-09-26,19.9731388092041,,,,,,
2007-09-27,19.94021987915039,,,,,,
2007-09-28,19.79208755493164,,,,,,
2007-10-01,19.8167781829834,,,,,,
2007-10-02,19.94021987915039,,,,,,
2007-10-03,19.99782943725586,,,,,,
2007-10-04,19.9731388092041,,,,,,
2007-10-05,19.94021987915039,,,,,,
2007-10-08,20.06366539001465,,,,,,
2007-10-09,19.989601135253903,,,,,,
2007-10-10,19.93199157714844,,,,,,
2007-10-11,19.94845199584961,,,,,,
2007-10-12,19.9155330657959,,,,,,
2007-10-15,19.890846252441406,,,,,,
2007-10-16,19.9155330657959,,,,,,
2007-10-17,19.907304763793945,,,,,,
2007-10-18,19.783859252929688,,,,,,
2007-10-19,19.742713928222656,,,,,,
2007-10-22,19.907304763793945,,,,,,
2007-10-23,19.783859252929688,,,,,,
2007-10-24,19.75094413757324,,,,,,
2007-10-25,19.70979690551757,,,,,,
2007-10-26,19.627498626708984,,,,,,
2007-10-29,19.59457969665528,,,,,,
2007-10-30,19.63572883605957,,,,,,
2007-10-31,19.545204162597656,,,,,,
2007-11-01,19.61103820800781,,,,,,
2007-11-02,19.42176055908203,,,,,,
2007-11-05,19.5205135345459,,,,,,
2007-11-06,19.454679489135746,,,,,,
2007-11-07,19.35592460632324,,,,,,
2007-11-08,19.339468002319336,,,,,,
2007-11-09,19.339468002319336,,,,,,
2007-11-12,19.5205135345459,,,,,,
2007-11-13,19.44644546508789,,,,,,
2007-11-14,19.454679489135746,,,,,,
2007-11-15,19.504053115844727,,,,,,
2007-11-16,19.479366302490234,,,,,,
2007-11-19,19.42176055908203,,,,,,
2007-11-20,19.240707397460938,,,,,,
2007-11-21,19.14195442199707,,,,,,
2007-11-23,19.281858444213867,,,,,,
2007-11-26,19.18310165405273,,,,,,
2007-11-27,19.290088653564453,,,,,,
2007-11-28,19.34769630432129,,,,,,
2007-11-29,19.454679489135746,,,,,,
2007-11-30,19.60280990600586,,,,,,
2007-12-03,19.56166076660156,,,,,,
2007-12-04,19.42176055908203,,,,,,
2007-12-05,19.66041755676269,,,,,,
2007-12-06,19.652189254760746,,,,,,
2007-12-07,19.68510627746582,,,,,,
2007-12-10,19.545204162597656,,,,,,
2007-12-11,19.504053115844727,,,,,,
2007-12-12,19.57812118530273,,,,,,
2007-12-13,19.64395904541016,,,,,,
2007-12-14,19.890846252441406,,,,,,
2007-12-17,20.05681037902832,,,,,,
2007-12-18,19.865951538085938,,,,,,
2007-12-19,19.92403793334961,,,,,,
2007-12-20,19.95722961425781,,,,,,
2007-12-21,20.00701904296875,,,,,,
2007-12-24,19.874248504638672,,,,,,
2007-12-26,19.799564361572266,,,,,,
2007-12-27,19.675092697143555,,,,,,
2007-12-28,19.54232215881348,,,,,,
2007-12-31,19.666791915893555,,,,,,
2008-01-02,19.49252891540528,,,,,,
2008-01-03,19.53402137756348,,,,,,
2008-01-04,19.326566696166992,,,,,,
2008-01-07,19.517423629760746,,,,,,
2008-01-08,19.49252891540528,,,,,,
2008-01-09,19.64189720153809,,,,,,
2008-01-10,19.451040267944336,,,,,,
2008-01-11,19.54232215881348,,,,,,
2008-01-14,19.44274139404297,,,,,,
2008-01-15,19.426145553588867,,,,,,
2008-01-16,19.666791915893555,,,,,,
2008-01-17,19.63359832763672,,,,,,
2008-01-18,19.691686630249023,,,,,,
2008-01-22,19.72488021850586,,,,,,
2008-01-23,19.666791915893555,,,,,,
2008-01-24,19.50082969665528,,,,,,
2008-01-25,19.550615310668945,,,,,,
2008-01-28,19.426145553588867,,,,,,
2008-01-29,19.4178466796875,,,,,,
2008-01-30,19.301671981811523,,,,,,
2008-01-31,19.451040267944336,,,,,,
2008-02-01,19.52572631835937,,,,,,
2008-02-04,19.49252891540528,,,,,,
2008-02-05,19.699981689453125,,,,,,
2008-02-06,19.699981689453125,,,,,,
2008-02-07,19.890844345092773,,,,,,
2008-02-08,19.8327579498291,,,,,,
2008-02-11,19.79126739501953,,,,,,
2008-02-12,19.72488021850586,,,,,,
2008-02-13,19.758071899414062,,,,,,
2008-02-14,19.691686630249023,,,,,,
2008-02-15,19.691686630249023,,,,,,
2008-02-19,19.65849494934082,,,,,,
2008-02-20,19.666791915893555,,,,,,
2008-02-21,19.52572631835937,,,,,,
2008-02-22,19.301671981811523,,,,,,
2008-02-25,19.4012508392334,,,,,,
2008-02-26,19.26847648620605,,,,,,
2008-02-27,19.14400291442871,,,,,,
2008-02-28,19.03612899780273,,,,,,
2008-02-29,19.0444278717041,,,,,,
2008-03-03,19.0029354095459,,,,,,
2008-03-04,19.05272674560547,,,,,,
2008-03-05,18.961444854736328,,,,,,
2008-03-06,18.861865997314453,,,,,,
2008-03-07,18.91995048522949,,,,,,
2008-03-10,18.861865997314453,,,,,,
2008-03-11,18.986337661743164,,,,,,
2008-03-12,18.654409408569336,,,,,,
2008-03-13,18.60462188720703,,,,,,
2008-03-14,18.637813568115234,,,,,,
2008-03-17,18.480148315429688,,,,,,
2008-03-18,18.69590187072754,,,,,,
2008-03-19,18.71249771118164,,,,,,
2008-03-20,18.91165542602539,,,,,,
2008-03-24,19.19379234313965,,,,,,
2008-03-25,18.770586013793945,,,,,,
2008-03-26,18.505041122436523,,,,,,
2008-03-27,18.538236618041992,,,,,,
2008-03-28,18.55483055114746,,,,,,
2008-03-31,18.588024139404297,,,,,,
2008-04-01,18.878461837768555,,,,,,
2008-04-02,18.69590187072754,,,,,,
2008-04-03,18.762285232543945,,,,,,
2008-04-04,18.579723358154297,,,,,,
2008-04-07,18.71249771118164,,,,,,
2008-04-08,18.71249771118164,,,,,,
2008-04-09,18.588024139404297,,,,,,
2008-04-10,18.67100524902344,,,,,,
2008-04-11,18.60462188720703,,,,,,
2008-04-14,18.60462188720703,,,,,,
2008-04-15,18.6295166015625,,,,,,
2008-04-16,18.44695281982422,,,,,,
2008-04-17,18.546533584594727,,,,,,
2008-04-18,18.67100524902344,,,,,,
2008-04-21,18.529935836791992,,,,,,
2008-04-22,18.46355056762696,,,,,,
2008-04-23,18.588024139404297,,,,,,
2008-04-24,18.79548072814941,,,,,,
2008-04-25,18.84527015686035,,,,,,
2008-04-28,18.82037353515625,,,,,,
2008-04-29,18.895055770874023,,,,,,
2008-04-30,18.762285232543945,,,,,,
2008-05-01,18.91995048522949,,,,,,
2008-05-02,19.019529342651367,,,,,,
2008-05-05,18.92824935913086,,,,,,
2008-05-06,18.861865997314453,,,,,,
2008-05-07,18.986337661743164,,,,,,
2008-05-08,18.986337661743164,,,,,,
2008-05-09,18.861865997314453,,,,,,
2008-05-12,18.83696937561035,,,,,,
2008-05-13,18.91995048522949,,,,,,
2008-05-14,18.94484519958496,,,,,,
2008-05-15,18.92824935913086,,,,,,
2008-05-16,18.745689392089844,,,,,,
2008-05-19,18.84527015686035,,,,,,
2008-05-20,18.654409408569336,,,,,,
2008-05-21,18.521636962890625,,,,,,
2008-05-22,18.637813568115234,,,,,,
2008-05-23,18.529935836791992,,,,,,
2008-05-27,18.637813568115234,,,,,,
2008-05-28,18.720796585083008,,,,,,
2008-05-29,18.870162963867188,,,,,,
2008-05-30,18.84527015686035,,,,,,
2008-06-02,18.82037353515625,,,,,,
2008-06-03,18.91995048522949,,,,,,
2008-06-04,18.96974372863769,,,,,,
2008-06-05,18.878461837768555,,,,,,
2008-06-06,18.662710189819336,,,,,,
2008-06-09,18.82037353515625,,,,,,
2008-06-10,19.019529342651367,,,,,,
2008-06-11,18.895055770874023,,,,,,
2008-06-12,19.05272674560547,,,,,,
2008-06-13,19.077619552612305,,,,,,
2008-06-16,18.99463653564453,,,,,,
2008-06-17,18.953144073486328,,,,,,
2008-06-18,18.936548233032227,,,,,,
2008-06-19,18.953144073486328,,,,,,
2008-06-20,18.82867431640625,,,,,,
2008-06-23,18.936548233032227,,,,,,
2008-06-24,18.88676071166992,,,,,,
2008-06-25,18.79548072814941,,,,,,
2008-06-26,18.679304122924805,,,,,,
2008-06-27,18.62121963500977,,,,,,
2008-06-30,18.662710189819336,,,,,,
2008-07-01,18.64611053466797,,,,,,
2008-07-02,18.55483055114746,,,,,,
2008-07-03,18.73739051818848,,,,,,
2008-07-07,18.720796585083008,,,,,,
2008-07-08,18.80377769470215,,,,,,
2008-07-09,18.67100524902344,,,,,,
2008-07-10,18.654409408569336,,,,,,
2008-07-11,18.529935836791992,,,,,,
2008-07-14,18.49674224853516,,,,,,
2008-07-15,18.480148315429688,,,,,,
2008-07-16,18.571428298950195,,,,,,
2008-07-17,18.60462188720703,,,,,,
2008-07-18,18.60462188720703,,,,,,
2008-07-21,18.538236618041992,,,,,,
2008-07-22,18.67100524902344,,,,,,
2008-07-23,18.745689392089844,,,,,,
2008-07-24,18.72909164428711,,,,,,
2008-07-25,18.75398635864257,,,,,,
2008-07-28,18.71249771118164,,,,,,
2008-07-29,18.870162963867188,,,,,,
2008-07-30,18.85356712341309,,,,,,
2008-07-31,18.85356712341309,,,,,,
2008-08-01,18.91165542602539,,,,,,
2008-08-04,18.91995048522949,,,,,,
2008-08-05,19.061023712158203,,,,,,
2008-08-06,19.119110107421875,,,,,,
2008-08-07,19.218690872192383,,,,,,
2008-08-08,19.52572631835937,,,,,,
2008-08-11,19.63359832763672,,,,,,
2008-08-12,19.59210968017578,,,,,,
2008-08-13,19.59210968017578,,,,,,
2008-08-14,19.70828628540039,,,,,,
2008-08-15,19.85765266418457,,,,,,
2008-08-18,19.799564361572266,,,,,,
2008-08-19,19.70828628540039,,,,,,
2008-08-20,19.766372680664062,,,,,,
2008-08-21,19.54232215881348,,,,,,
2008-08-22,19.74147605895996,,,,,,
2008-08-25,19.73318099975586,,,,,,
2008-08-26,19.84935569763184,,,,,,
2008-08-27,19.79126739501953,,,,,,
2008-08-28,19.85765266418457,,,,,,
2008-08-29,19.865951538085938,,,,,,
2008-09-02,20.05681037902832,,,,,,
2008-09-03,20.040212631225582,,,,,,
2008-09-04,20.197877883911133,,,,,,
2008-09-05,20.27256393432617,,,,,,
2008-09-08,20.38043975830078,,,,,,
2008-09-09,20.38873863220215,,,,,,
2008-09-10,20.52151107788086,,,,,,
2008-09-11,20.57959747314453,,,,,,
2008-09-12,20.18958282470703,,,,,,
2008-09-15,20.00701904296875,,,,,,
2008-09-16,20.29745864868164,,,,,,
2008-09-17,19.85765266418457,,,,,,
2008-09-18,19.94063377380371,,,,,,
2008-09-19,19.7829704284668,,,,,,
2008-09-22,19.334863662719727,,,,,,
2008-09-23,19.45933723449707,,,,,,
2008-09-24,19.65019798278809,,,,,,
2008-09-25,19.617002487182617,,,,,,
2008-09-26,19.617002487182617,,,,,,
2008-09-29,19.766372680664062,,,,,,
2008-09-30,20.28086471557617,,,,,,
2008-10-01,20.363842010498047,,,,,,
2008-10-02,20.645984649658203,,,,,,
2008-10-03,20.563003540039062,,,,,,
2008-10-06,20.81194877624512,,,,,,
2008-10-07,20.662580490112305,,,,,,
2008-10-08,20.59619331359864,,,,,,
2008-10-09,20.70407485961914,,,,,,
2008-10-10,20.73726463317871,,,,,,
2008-10-13,20.72067070007324,,,,,,
2008-10-14,20.71236801147461,,,,,,
2008-10-15,20.95301818847656,,,,,,
2008-10-16,21.06089401245117,,,,,,
2008-10-17,21.09408950805664,,,,,,
2008-10-20,21.26005172729492,,,,,,
2008-10-21,21.60857963562012,,,,,,
2008-10-22,21.86582374572754,,,,,,
2008-10-23,21.741350173950195,,,,,,
2008-10-24,22.30562973022461,,,,,,
2008-10-27,22.30562973022461,,,,,,
2008-10-28,22.04838180541992,,,,,,
2008-10-29,21.69156074523925,,,,,,
2008-10-30,21.66666603088379,,,,,,
2008-10-31,21.990297317504883,,,,,,
2008-11-03,22.09817123413086,,,,,,
2008-11-04,21.63347244262696,,,,,,
2008-11-05,21.70815658569336,,,,,,
2008-11-06,22.01519012451172,,,,,,
2008-11-07,21.96540260314941,,,,,,
2008-11-10,21.981996536254883,,,,,,
2008-11-11,22.32222557067871,,,,,,
2008-11-12,22.37201499938965,,,,,,
2008-11-13,22.01519012451172,,,,,,
2008-11-14,22.19775009155273,,,,,,
2008-11-17,22.18115425109864,,,,,,
2008-11-18,22.247541427612305,,,,,,
2008-11-19,22.32222557067871,,,,,,
2008-11-20,22.471593856811523,,,,,,
2008-11-21,22.36371612548828,,,,,,
2008-11-24,21.8160343170166,,,,,,
2008-11-25,21.55878639221192,,,,,,
2008-11-26,21.799434661865234,,,,,,
2008-11-28,22.03178596496582,,,,,,
2008-12-01,22.1562614440918,,,,,,
2008-12-02,22.03178596496582,,,,,,
2008-12-03,22.064979553222656,,,,,,
2008-12-04,22.006895065307617,,,,,,
2008-12-05,22.09817123413086,,,,,,
2008-12-08,21.72475242614746,,,,,,
2008-12-09,21.782838821411133,,,,,,
2008-12-10,21.658367156982425,,,,,,
2008-12-11,21.17707061767578,,,,,,
2008-12-12,21.127281188964844,,,,,,
2008-12-15,20.759706497192383,,,,,,
2008-12-16,20.258464813232425,,,,,,
2008-12-17,20.01619911193848,,,,,,
2008-12-18,20.35871315002441,,,,,,
2008-12-19,20.66781234741211,,,,,,
2008-12-22,20.659454345703125,,,,,,
2008-12-23,20.64274787902832,,,,,,
2008-12-24,20.63439178466797,,,,,,
2008-12-26,20.52578926086425,,,,,,
2008-12-29,20.62604331970215,,,,,,
2008-12-30,20.53414726257324,,,,,,
2008-12-31,20.62604331970215,,,,,,
2009-01-02,20.81818389892578,,,,,,
2009-01-05,21.04374122619629,,,,,,
2009-01-06,21.01032447814941,,,,,,
2009-01-07,20.87666130065918,,,,,,
2009-01-08,20.66781234741211,,,,,,
2009-01-09,20.98526191711425,,,,,,
2009-01-12,21.08551025390625,,,,,,
2009-01-13,21.327777862548828,,,,,,
2009-01-14,21.411317825317383,,,,,,
2009-01-15,21.4029598236084,,,,,,
2009-01-16,21.21917533874512,,,,,,
2009-01-20,21.829015731811523,,,,,,
2009-01-21,21.63687515258789,,,,,,
2009-01-22,21.62016868591309,,,,,,
2009-01-23,21.61181259155273,,,,,,
2009-01-26,21.327777862548828,,,,,,
2009-01-27,21.302717208862305,,,,,,
2009-01-28,21.377899169921875,,,,,,
2009-01-29,21.544984817504883,,,,,,
2009-01-30,21.678646087646484,,,,,,
2009-02-02,21.66193580627441,,,,,,
2009-02-03,21.394609451293945,,,,,,
2009-02-04,21.59510612487793,,,,,,
2009-02-05,21.66193580627441,,,,,,
2009-02-06,21.478147506713867,,,,,,
2009-02-09,21.336132049560547,,,,,,
2009-02-10,21.58675003051757,,,,,,
2009-02-11,21.62016868591309,,,,,,
2009-02-12,21.70370864868164,,,,,,
2009-02-13,21.63687515258789,,,,,,
2009-02-17,22.062929153442383,,,,,,
2009-02-18,22.16317749023437,,,,,,
2009-02-19,22.03786849975586,,,,,,
2009-02-20,21.7287712097168,,,,,,
2009-02-23,21.92926597595215,,,,,,
2009-02-24,21.81230926513672,,,,,,
2009-02-25,22.079635620117188,,,,,,
2009-02-26,22.062929153442383,,,,,,
2009-02-27,22.12140655517578,,,,,,
2009-03-02,22.34696388244629,,,,,,
2009-03-03,22.33860969543457,,,,,,
2009-03-04,22.213298797607425,,,,,,
2009-03-05,22.330257415771484,,,,,,
2009-03-06,22.22165870666504,,,,,,
2009-03-09,22.34696388244629,,,,,,
2009-03-10,22.22165870666504,,,,,,
2009-03-11,21.979387283325195,,,,,,
2009-03-12,21.87078666687012,,,,,,
2009-03-13,21.89584922790528,,,,,,
2009-03-16,21.829015731811523,,,,,,
2009-03-17,21.79560089111328,,,,,,
2009-03-18,21.09386444091797,,,,,,
2009-03-19,20.843246459960938,,,,,,
2009-03-20,21.0186767578125,,,,,,
2009-03-23,20.910076141357425,,,,,,
2009-03-24,21.14398956298828,,,,,,
2009-03-25,20.97690963745117,,,,,,
2009-03-26,21.110572814941406,,,,,,
2009-03-27,21.36119079589844,,,,,,
2009-03-30,21.494855880737305,,,,,,
2009-03-31,21.41966819763184,,,,,,
2009-04-01,21.43638038635254,,,,,,
2009-04-02,21.152341842651367,,,,,,
2009-04-03,21.08551025390625,,,,,,
2009-04-06,21.18575859069824,,,,,,
2009-04-07,21.344482421875,,,,,,
2009-04-08,21.352840423583984,,,,,,
2009-04-09,21.43638038635254,,,,,,
2009-04-13,21.152341842651367,,,,,,
2009-04-14,21.202468872070312,,,,,,
2009-04-15,21.235883712768555,,,,,,
2009-04-16,21.31106948852539,,,,,,
2009-04-17,21.52827262878418,,,,,,
2009-04-20,21.69535255432129,,,,,,
2009-04-21,21.64522933959961,,,,,,
2009-04-22,21.58675003051757,,,,,,
2009-04-23,21.344482421875,,,,,,
2009-04-24,21.17740631103516,,,,,,
2009-04-27,21.428024291992188,,,,,,
2009-04-28,21.29436111450196,,,,,,
2009-04-29,21.14398956298828,,,,,,
2009-04-30,21.169050216674805,,,,,,
2009-05-01,21.11892890930176,,,,,,
2009-05-04,20.926782608032227,,,,,,
2009-05-05,20.993614196777344,,,,,,
2009-05-06,20.951845169067383,,,,,,
2009-05-07,20.951845169067383,,,,,,
2009-05-08,20.57591438293457,,,,,,
2009-05-11,20.684520721435547,,,,,,
2009-05-12,20.57591438293457,,,,,,
2009-05-13,20.651103973388672,,,,,,
2009-05-14,20.58426856994629,,,,,,
2009-05-15,20.726289749145508,,,,,,
2009-05-18,20.61768341064453,,,,,,
2009-05-19,20.50908088684082,,,,,,
2009-05-20,20.258464813232425,,,,,,
2009-05-21,20.124799728393555,,,,,,
2009-05-22,19.9827823638916,,,,,,
2009-05-26,20.02455139160156,,,,,,
2009-05-27,20.09138298034668,,,,,,
2009-05-28,20.10809135437012,,,,,,
2009-05-29,19.82405471801757,,,,,,
2009-06-01,19.7739315032959,,,,,,
2009-06-02,19.59014320373535,,,,,,
2009-06-03,19.88253593444824,,,,,,
2009-06-04,19.84076499938965,,,,,,
2009-06-05,20.183279037475582,,,,,,
2009-06-08,20.191633224487305,,,,,,
2009-06-09,19.93265724182129,,,,,,
2009-06-10,20.04961585998535,,,,,,
2009-06-11,19.84911727905273,,,,,,
2009-06-12,20.041259765625,,,,,,
2009-06-15,20.408836364746094,,,,,,
2009-06-16,20.141508102416992,,,,,,
2009-06-17,20.02455139160156,,,,,,
2009-06-18,20.11644554138184,,,,,,
2009-06-19,20.02455139160156,,,,,,
2009-06-22,20.158212661743164,,,,,,
2009-06-23,19.924304962158203,,,,,,
2009-06-24,20.041259765625,,,,,,
2009-06-25,20.02455139160156,,,,,,
2009-06-26,19.90759658813477,,,,,,
2009-06-29,19.89088630676269,,,,,,
2009-06-30,19.966073989868164,,,,,,
2009-07-01,19.86582565307617,,,,,,
2009-07-02,19.974428176879883,,,,,,
2009-07-06,20.00784492492676,,,,,,
2009-07-07,20.09138298034668,,,,,,
2009-07-08,20.066320419311523,,,,,,
2009-07-09,19.899242401123047,,,,,,
2009-07-10,19.949365615844727,,,,,,
2009-07-13,19.915950775146484,,,,,,
2009-07-14,19.93265724182129,,,,,,
2009-07-15,19.74051284790039,,,,,,
2009-07-16,19.723806381225582,,,,,,
2009-07-17,19.76557731628418,,,,,,
2009-07-20,19.631914138793945,,,,,,
2009-07-21,19.640270233154297,,,,,,
2009-07-22,19.606853485107425,,,,,,
2009-07-23,19.606853485107425,,,,,,
2009-07-24,19.581790924072266,,,,,,
2009-07-27,19.565082550048828,,,,,,
2009-07-28,19.623559951782227,,,,,,
2009-07-29,19.76557731628418,,,,,,
2009-07-30,19.74051284790039,,,,,,
2009-07-31,19.48154258728028,,,,,,
2009-08-03,19.322813034057617,,,,,,
2009-08-04,19.322813034057617,,,,,,
2009-08-05,19.297752380371094,,,,,,
2009-08-06,19.389646530151367,,,,,,
2009-08-07,19.615205764770508,,,,,,
2009-08-10,19.682035446166992,,,,,,
2009-08-11,19.69874382019043,,,,,,
2009-08-12,19.606853485107425,,,,,,
2009-08-13,19.51495933532715,,,,,,
2009-08-14,19.59014320373535,,,,,,
2009-08-17,19.70709991455078,,,,,,
2009-08-18,19.6569766998291,,,,,,
2009-08-19,19.53166580200196,,,,,,
2009-08-20,19.473188400268555,,,,,,
2009-08-21,19.406354904174805,,,,,,
2009-08-24,19.4481258392334,,,,,,
2009-08-25,19.4481258392334,,,,,,
2009-08-26,19.523313522338867,,,,,,
2009-08-27,19.414709091186523,,,,,,
2009-08-28,19.4481258392334,,,,,,
2009-08-31,19.43141746520996,,,,,,
2009-09-01,19.55672836303711,,,,,,
2009-09-02,19.48154258728028,,,,,,
2009-09-03,19.49825096130371,,,,,,
2009-09-04,19.423065185546875,,,,,,
2009-09-08,19.20585823059082,,,,,,
2009-09-09,19.139028549194336,,,,,,
2009-09-10,19.097257614135746,,,,,,
2009-09-11,19.05548858642578,,,,,,
2009-09-14,19.038780212402344,,,,,,
2009-09-15,18.9719467163086,,,,,,
2009-09-16,18.91346549987793,,,,,,
2009-09-17,18.94688606262207,,,,,,
2009-09-18,19.013717651367188,,,,,,
2009-09-21,19.080547332763672,,,,,,
2009-09-22,18.88005256652832,,,,,,
2009-09-23,18.963594436645508,,,,,,
2009-09-24,19.105613708496094,,,,,,
2009-09-25,19.05548858642578,,,,,,
2009-09-28,19.11396598815918,,,,,,
2009-09-29,19.147380828857425,,,,,,
2009-09-30,19.038780212402344,,,,,,
2009-10-01,19.17244338989257,,,,,,
2009-10-02,19.130674362182617,,,,,,
2009-10-05,19.022071838378903,,,,,,
2009-10-06,18.93852996826172,,,,,,
2009-10-07,18.95524024963379,,,,,,
2009-10-08,18.82993125915528,,,,,,
2009-10-09,18.980300903320312,,,,,,
2009-10-12,18.89676094055176,,,,,,
2009-10-13,18.854990005493164,,,,,,
2009-10-14,18.712974548339844,,,,,,
2009-10-15,18.72132682800293,,,,,,
2009-10-16,18.77145195007324,,,,,,
2009-10-19,18.679555892944336,,,,,,
2009-10-20,18.763097763061523,,,,,,
2009-10-21,18.646141052246094,,,,,,
2009-10-22,18.637788772583008,,,,,,
2009-10-23,18.738035202026367,,,,,,
2009-10-26,18.863344192504883,,,,,,
2009-10-27,18.91346549987793,,,,,,
2009-10-28,18.9886531829834,,,,,,
2009-10-29,18.854990005493164,,,,,,
2009-10-30,18.963594436645508,,,,,,
2009-11-02,18.89676094055176,,,,,,
2009-11-03,18.94688606262207,,,,,,
2009-11-04,18.804866790771484,,,,,,
2009-11-05,19.16409111022949,,,,,,
2009-11-06,19.072195053100582,,,,,,
2009-11-09,18.82993125915528,,,,,,
2009-11-10,18.74639129638672,,,,,,
2009-11-11,18.77980613708496,,,,,,
2009-11-12,19.04713249206543,,,,,,
2009-11-13,18.646141052246094,,,,,,
2009-11-16,18.56260299682617,,,,,,
2009-11-17,18.679555892944336,,,,,,
2009-11-18,18.61272621154785,,,,,,
2009-11-19,18.67120361328125,,,,,,
2009-11-20,18.74639129638672,,,,,,
2009-11-23,18.604372024536133,,,,,,
2009-11-24,18.621078491210938,,,,,,
2009-11-25,18.40387535095215,,,,,,
2009-11-27,18.59601593017578,,,,,,
2009-11-30,18.520830154418945,,,,,,
2009-12-01,18.43729019165039,,,,,,
2009-12-02,18.49576759338379,,,,,,
2009-12-03,18.504121780395508,,,,,,
2009-12-04,18.77980613708496,,,,,,
2009-12-07,18.77980613708496,,,,,,
2009-12-08,18.8716983795166,,,,,,
2009-12-09,18.7965145111084,,,,,,
2009-12-10,18.7965145111084,,,,,,
2009-12-11,18.94688606262207,,,,,,
2009-12-14,18.90511512756348,,,,,,
2009-12-15,19.038780212402344,,,,,,
2009-12-16,19.022071838378903,,,,,,
2009-12-17,19.222570419311523,,,,,,
2009-12-18,19.222570419311523,,,,,,
2009-12-21,19.281042098999023,,,,,,
2009-12-22,19.34787940979004,,,,,,
2009-12-23,19.23927879333496,,,,,,
2009-12-24,19.23927879333496,,,,,,
2009-12-28,19.189149856567383,,,,,,
2009-12-29,19.24762916564941,,,,,,
2009-12-30,19.24762916564941,,,,,,
2009-12-31,19.281042098999023,,,,,,
2010-01-04,19.147380828857425,,,,,,
2010-01-05,19.139028549194336,,,,,,
2010-01-06,19.088905334472656,,,,,,
2010-01-07,19.214216232299805,,,,,,
2010-01-08,19.080547332763672,,,,,,
2010-01-11,18.980300903320312,,,,,,
2010-01-12,18.980300903320312,,,,,,
2010-01-13,18.963594436645508,,,,,,
2010-01-14,18.91346549987793,,,,,,
2010-01-15,19.022071838378903,,,,,,
2010-01-19,19.080547332763672,,,,,,
2010-01-20,19.314462661743164,,,,,,
2010-01-21,19.314462661743164,,,,,,
2010-01-22,19.281042098999023,,,,,,
2010-01-25,19.255983352661133,,,,,,
2010-01-26,19.33952140808105,,,,,,
2010-01-27,19.406354904174805,,,,,,
2010-01-28,19.43977165222168,,,,,,
2010-01-29,19.59014320373535,,,,,,
2010-02-01,19.5066032409668,,,,,,
2010-02-02,19.43977165222168,,,,,,
2010-02-03,19.54837417602539,,,,,,
2010-02-04,19.673683166503903,,,,,,
2010-02-05,19.75722312927246,,,,,,
2010-02-08,19.748868942260746,,,,,,
2010-02-09,19.623559951782227,,,,,,
2010-02-10,19.682035446166992,,,,,,
2010-02-11,19.673683166503903,,,,,,
2010-02-12,19.74051284790039,,,,,,
2010-02-16,19.573436737060547,,,,,,
2010-02-17,19.75722312927246,,,,,,
2010-02-18,19.75722312927246,,,,,,
2010-02-19,19.81570053100586,,,,,,
2010-02-22,19.782285690307617,,,,,,
2010-02-23,19.89088630676269,,,,,,
2010-02-24,19.84911727905273,,,,,,
2010-02-25,19.807350158691406,,,,,,
2010-02-26,19.748868942260746,,,,,,
2010-03-01,19.81570053100586,,,,,,
2010-03-02,19.75722312927246,,,,,,
2010-03-03,19.640270233154297,,,,,,
2010-03-04,19.748868942260746,,,,,,
2010-03-05,19.74051284790039,,,,,,
2010-03-08,19.732162475585938,,,,,,
2010-03-09,19.76557731628418,,,,,,
2010-03-10,19.732162475585938,,,,,,
2010-03-11,19.690391540527344,,,,,,
2010-03-12,19.565082550048828,,,,,,
2010-03-15,19.673683166503903,,,,,,
2010-03-16,19.53166580200196,,,,,,
2010-03-17,19.540019989013672,,,,,,
2010-03-18,19.673683166503903,,,,,,
2010-03-19,19.807350158691406,,,,,,
2010-03-22,19.75722312927246,,,,,,
2010-03-23,19.82405471801757,,,,,,
2010-03-24,20.09138298034668,,,,,,
2010-03-25,20.158212661743164,,,,,,
2010-03-26,20.01619911193848,,,,,,
2010-03-29,19.915950775146484,,,,,,
2010-03-30,19.99113845825196,,,,,,
2010-03-31,19.88253593444824,,,,,,
2010-04-01,19.76557731628418,,,,,,
2010-04-05,19.86582565307617,,,,,,
2010-04-06,19.924304962158203,,,,,,
2010-04-07,19.966073989868164,,,,,,
2010-04-08,19.949365615844727,,,,,,
2010-04-09,19.79899406433105,,,,,,
2010-04-12,19.715456008911133,,,,,,
2010-04-13,19.715456008911133,,,,,,
2010-04-14,19.615205764770508,,,,,,
2010-04-15,19.690391540527344,,,,,,
2010-04-16,19.75722312927246,,,,,,
2010-04-19,19.79064178466797,,,,,,
2010-04-20,19.82405471801757,,,,,,
2010-04-21,19.86582565307617,,,,,,
2010-04-22,19.957719802856445,,,,,,
2010-04-23,19.915950775146484,,,,,,
2010-04-26,19.90759658813477,,,,,,
2010-04-27,20.149864196777344,,,,,,
2010-04-28,20.141508102416992,,,,,,
2010-04-29,20.04961585998535,,,,,,
2010-04-30,20.01619911193848,,,,,,
2010-05-03,20.141508102416992,,,,,,
2010-05-04,20.3670654296875,,,,,,
2010-05-05,20.55920791625977,,,,,,
2010-05-06,20.726289749145508,,,,,,
2010-05-07,20.63439178466797,,,,,,
2010-05-10,20.58426856994629,,,,,,
2010-05-11,20.67616271972656,,,,,,
2010-05-12,20.7346420288086,,,,,,
2010-05-13,20.851598739624023,,,,,,
2010-05-14,21.04374122619629,,,,,,
2010-05-17,21.04374122619629,,,,,,
2010-05-18,21.2692985534668,,,,,,
2010-05-19,21.068803787231445,,,,,,
2010-05-20,20.96020126342773,,,,,,
2010-05-21,20.86830711364746,,,,,,
2010-05-24,21.07715606689453,,,,,,
2010-05-25,21.13563346862793,,,,,,
2010-05-26,21.27765464782715,,,,,,
2010-05-27,21.05209732055664,,,,,,
2010-05-28,21.169050216674805,,,,,,
2010-06-01,21.17740631103516,,,,,,
2010-06-02,21.169050216674805,,,,,,
2010-06-03,21.27765464782715,,,,,,
2010-06-04,21.52827262878418,,,,,,
2010-06-07,21.57839775085449,,,,,,
2010-06-08,21.511564254760746,,,,,,
2010-06-09,21.428024291992188,,,,,,
2010-06-10,21.202468872070312,,,,,,
2010-06-11,21.2692985534668,,,,,,
2010-06-14,21.07715606689453,,,,,,
2010-06-15,20.901721954345703,,,,,,
2010-06-16,20.968555450439453,,,,,,
2010-06-17,20.843246459960938,,,,,,
2010-06-18,20.83489227294922,,,,,,
2010-06-21,20.910076141357425,,,,,,
2010-06-22,20.943492889404297,,,,,,
2010-06-23,20.85995483398437,,,,,,
2010-06-24,20.85995483398437,,,,,,
2010-06-25,20.742996215820312,,,,,,
2010-06-28,20.851598739624023,,,,,,
2010-06-29,20.951845169067383,,,,,,
2010-06-30,20.93513870239257,,,,,,
2010-07-01,20.55085563659668,,,,,,
2010-07-02,20.52578926086425,,,,,,
2010-07-06,20.45896339416504,,,,,,
2010-07-07,20.39212989807129,,,,,,
2010-07-08,20.3670654296875,,,,,,
2010-07-09,20.41719055175781,,,,,,
2010-07-12,20.47567176818848,,,,,,
2010-07-13,20.300233840942383,,,,,,
2010-07-14,20.258464813232425,,,,,,
2010-07-15,20.02455139160156,,,,,,
2010-07-16,20.05796813964844,,,,,,
2010-07-19,20.074678421020508,,,,,,
2010-07-20,20.10809135437012,,,,,,
2010-07-21,20.241756439208984,,,,,,
2010-07-22,20.074678421020508,,,,,,
2010-07-23,20.041259765625,,,,,,
2010-07-26,19.93265724182129,,,,,,
2010-07-27,19.966073989868164,,,,,,
2010-07-28,19.957719802856445,,,,,,
2010-07-29,19.82405471801757,,,,,,
2010-07-30,19.832406997680664,,,,,,
2010-08-02,19.648622512817383,,,,,,
2010-08-03,19.565082550048828,,,,,,
2010-08-04,19.673683166503903,,,,,,
2010-08-05,19.606853485107425,,,,,,
2010-08-06,19.5066032409668,,,,,,
2010-08-09,19.606853485107425,,,,,,
2010-08-10,19.648622512817383,,,,,,
2010-08-11,19.99113845825196,,,,,,
2010-08-12,20.05796813964844,,,,,,
2010-08-13,20.141508102416992,,,,,,
2010-08-16,20.01619911193848,,,,,,
2010-08-17,19.949365615844727,,,,,,
2010-08-18,19.974428176879883,,,,,,
2010-08-19,20.01619911193848,,,,,,
2010-08-20,20.158212661743164,,,,,,
2010-08-23,20.19998550415039,,,,,,
2010-08-24,20.16656875610352,,,,,,
2010-08-25,20.19998550415039,,,,,,
2010-08-26,20.074678421020508,,,,,,
2010-08-27,20.10809135437012,,,,,,
2010-08-30,20.16656875610352,,,,,,
2010-08-31,20.149864196777344,,,,,,
2010-09-01,19.99113845825196,,,,,,
2010-09-02,19.974428176879883,,,,,,
2010-09-03,19.87417984008789,,,,,,
2010-09-07,20.08302879333496,,,,,,
2010-09-08,20.01619911193848,,,,,,
2010-09-09,20.01619911193848,,,,,,
2010-09-10,20.03290748596192,,,,,,
2010-09-13,19.81570053100586,,,,,,
2010-09-14,19.648622512817383,,,,,,
2010-09-15,19.732162475585938,,,,,,
2010-09-16,19.665328979492188,,,,,,
2010-09-17,19.715456008911133,,,,,,
2010-09-20,19.690391540527344,,,,,,
2010-09-21,19.473188400268555,,,,,,
2010-09-22,19.33116912841797,,,,,,
2010-09-23,19.389646530151367,,,,,,
2010-09-24,19.189149856567383,,,,,,
2010-09-27,19.214216232299805,,,,,,
2010-09-28,19.11396598815918,,,,,,
2010-09-29,19.080547332763672,,,,,,
2010-09-30,19.080547332763672,,,,,,
2010-10-01,18.92182350158692,,,,,,
2010-10-04,19.00536155700684,,,,,,
2010-10-05,18.846635818481445,,,,,,
2010-10-06,18.754743576049805,,,,,,
2010-10-07,18.77980613708496,,,,,,
2010-10-08,18.712974548339844,,,,,,
2010-10-11,18.78816032409668,,,,,,
2010-10-12,18.72968292236328,,,,,,
2010-10-13,18.679555892944336,,,,,,
2010-10-14,18.55424690246582,,,,,,
2010-10-15,18.66284942626953,,,,,,
2010-10-18,18.646141052246094,,,,,,
2010-10-19,18.963594436645508,,,,,,
2010-10-20,18.70461845397949,,,,,,
2010-10-21,18.77145195007324,,,,,,
2010-10-22,18.77145195007324,,,,,,
2010-10-25,18.68791389465332,,,,,,
2010-10-26,18.81322288513184,,,,,,
2010-10-27,18.92182350158692,,,,,,
2010-10-28,18.72132682800293,,,,,,
2010-10-29,18.68791389465332,,,,,,
2010-11-01,18.72132682800293,,,,,,
2010-11-02,18.58766365051269,,,,,,
2010-11-03,18.49576759338379,,,,,,
2010-11-04,18.35375022888184,,,,,,
2010-11-05,18.529184341430664,,,,,,
2010-11-08,18.637788772583008,,,,,,
2010-11-09,18.7965145111084,,,,,,
2010-11-10,18.77980613708496,,,,,,
2010-11-11,18.91346549987793,,,,,,
2010-11-12,18.88840675354004,,,,,,
2010-11-15,19.038780212402344,,,,,,
2010-11-16,19.147380828857425,,,,,,
2010-11-17,19.130674362182617,,,,,,
2010-11-18,18.99700927734375,,,,,,
2010-11-19,18.93852996826172,,,,,,
2010-11-22,18.99700927734375,,,,,,
2010-11-23,19.24762916564941,,,,,,
2010-11-24,19.272689819335938,,,,,,
2010-11-26,19.389646530151367,,,,,,
2010-11-29,19.5066032409668,,,,,,
2010-11-30,19.631914138793945,,,,,,
2010-12-01,19.46483039855957,,,,,,
2010-12-02,19.34787940979004,,,,,,
2010-12-03,19.11396598815918,,,,,,
2010-12-06,19.20585823059082,,,,,,
2010-12-07,19.28940200805664,,,,,,
2010-12-08,19.297752380371094,,,,,,
2010-12-09,19.314462661743164,,,,,,
2010-12-10,19.314462661743164,,,,,,
2010-12-13,19.105613708496094,,,,,,
2010-12-14,19.139028549194336,,,,,,
2010-12-15,19.33952140808105,,,,,,
2010-12-16,19.28940200805664,,,,,,
2010-12-17,19.37294006347656,,,,,,
2010-12-20,19.414709091186523,,,,,,
2010-12-21,19.45648193359375,,,,,,
2010-12-22,19.43977165222168,,,,,,
2010-12-23,19.38129425048828,,,,,,
2010-12-27,19.33952140808105,,,,,,
2010-12-28,19.34787940979004,,,,,,
2010-12-29,19.214216232299805,,,,,,
2010-12-30,19.147380828857425,,,,,,
2010-12-31,18.9719467163086,,,,,,
2011-01-03,19.063840866088867,,,,,,
2011-01-04,19.11396598815918,,,,,,
2011-01-05,19.306108474731445,,,,,,
2011-01-06,19.45648193359375,,,,,,
2011-01-07,19.51495933532715,,,,,,
2011-01-10,19.4481258392334,,,,,,
2011-01-11,19.43977165222168,,,,,,
2011-01-12,19.24762916564941,,,,,,
2011-01-13,19.04713249206543,,,,,,
2011-01-14,19.022071838378903,,,,,,
2011-01-18,19.00536155700684,,,,,,
2011-01-19,18.88840675354004,,,,,,
2011-01-20,18.94688606262207,,,,,,
2011-01-21,18.78816032409668,,,,,,
2011-01-24,18.74639129638672,,,,,,
2011-01-25,18.738035202026367,,,,,,
2011-01-26,18.70461845397949,,,,,,
2011-01-27,18.67120361328125,,,,,,
2011-01-28,18.78816032409668,,,,,,
2011-01-31,18.679555892944336,,,,,,
2011-02-01,18.49576759338379,,,,,,
2011-02-02,18.529184341430664,,,,,,
2011-02-03,18.679555892944336,,,,,,
2011-02-04,18.738035202026367,,,,,,
2011-02-07,18.738035202026367,,,,,,
2011-02-08,18.72132682800293,,,,,,
2011-02-09,18.637788772583008,,,,,,
2011-02-10,18.78816032409668,,,,,,
2011-02-11,18.838285446166992,,,,,,
2011-02-14,18.863344192504883,,,,,,
2011-02-15,18.88005256652832,,,,,,
2011-02-16,18.77145195007324,,,,,,
2011-02-17,18.72132682800293,,,,,,
2011-02-18,18.62943458557129,,,,,,
2011-02-22,18.679555892944336,,,,,,
2011-02-23,18.570953369140625,,,,,,
2011-02-24,18.504121780395508,,,,,,
2011-02-25,18.537538528442383,,,,,,
2011-02-28,18.45400047302246,,,,,,
2011-03-01,18.479063034057617,,,,,,
2011-03-02,18.378814697265625,,,,,,
2011-03-03,18.35375022888184,,,,,,
2011-03-04,18.328689575195312,,,,,,
2011-03-07,18.34539794921875,,,,,,
2011-03-08,18.428936004638672,,,,,,
2011-03-09,18.395523071289062,,,,,,
2011-03-10,18.537538528442383,,,,,,
2011-03-11,18.40387535095215,,,,,,
2011-03-14,18.31197929382324,,,,,,
2011-03-15,18.328689575195312,,,,,,
2011-03-16,18.38716697692871,,,,,,
2011-03-17,18.22844123840332,,,,,,
2011-03-18,18.1448974609375,,,,,,
2011-03-21,18.08642196655273,,,,,,
2011-03-22,18.094776153564453,,,,,,
2011-03-23,18.19502639770508,,,,,,
2011-03-24,18.15325355529785,,,,,,
2011-03-25,18.278562545776367,,,,,,
2011-03-28,18.26185607910156,,,,,,
2011-03-29,18.25350379943848,,,,,,
2011-03-30,18.236793518066406,,,,,,
2011-03-31,18.203378677368164,,,,,,
2011-04-01,18.186670303344727,,,,,,
2011-04-04,18.186670303344727,,,,,,
2011-04-05,18.19502639770508,,,,,,
2011-04-06,18.094776153564453,,,,,,
2011-04-07,18.10312843322754,,,,,,
2011-04-08,17.96111297607422,,,,,,
2011-04-11,17.986175537109375,,,,,,
2011-04-12,17.94440460205078,,,,,,
2011-04-13,17.96111297607422,,,,,,
2011-04-14,17.89427947998047,,,,,,
2011-04-15,17.927696228027344,,,,,,
2011-04-18,18.094776153564453,,,,,,
2011-04-19,17.986175537109375,,,,,,
2011-04-20,17.810741424560547,,,,,,
2011-04-21,17.743906021118164,,,,,,
2011-04-25,17.71884536743164,,,,,,
2011-04-26,17.67707633972168,,,,,,
2011-04-27,17.560123443603516,,,,,,
2011-04-28,17.509994506835938,,,,,,
2011-04-29,17.501644134521484,,,,,,
2011-05-02,17.51835060119629,,,,,,
2011-05-03,17.51835060119629,,,,,,
2011-05-04,17.509994506835938,,,,,,
2011-05-05,17.768972396850586,,,,,,
2011-05-06,17.902637481689453,,,,,,
2011-05-09,17.877573013305664,,,,,,
2011-05-10,17.860864639282227,,,,,,
2011-05-11,18.027944564819336,,,,,,
2011-05-12,17.994529724121094,,,,,,
2011-05-13,18.11984062194824,,,,,,
2011-05-16,18.06136131286621,,,,,,
2011-05-17,18.044652938842773,,,,,,
2011-05-18,18.036296844482425,,,,,,
2011-05-19,17.96111297607422,,,,,,
2011-05-20,18.08642196655273,,,,,,
2011-05-23,18.203378677368164,,,,,,
2011-05-24,18.15325355529785,,,,,,
2011-05-25,18.13654899597168,,,,,,
2011-05-26,18.06136131286621,,,,,,
2011-05-27,17.910985946655273,,,,,,
2011-05-31,17.827449798583984,,,,,,
2011-06-01,17.869218826293945,,,,,,
2011-06-02,17.75226402282715,,,,,,
2011-06-03,17.61859893798828,,,,,,
2011-06-06,17.668720245361328,,,,,,
2011-06-07,17.56847381591797,,,,,,
2011-06-08,17.65201187133789,,,,,,
2011-06-09,17.710493087768555,,,,,,
2011-06-10,17.877573013305664,,,,,,
2011-06-13,17.78567886352539,,,,,,
2011-06-14,17.76061248779297,,,,,,
2011-06-15,18.044652938842773,,,,,,
2011-06-16,18.036296844482425,,,,,,
2011-06-17,17.919343948364258,,,,,,
2011-06-20,17.919343948364258,,,,,,
2011-06-21,17.802385330200195,,,,,,
2011-06-22,17.869218826293945,,,,,,
2011-06-23,17.96111297607422,,,,,,
2011-06-24,18.069713592529297,,,,,,
2011-06-27,17.986175537109375,,,,,,
2011-06-28,17.919343948364258,,,,,,
2011-06-29,17.810741424560547,,,,,,
2011-06-30,17.72719955444336,,,,,,
2011-07-01,17.710493087768555,,,,,,
2011-07-05,17.777324676513672,,,,,,
2011-07-06,17.885927200317383,,,,,,
2011-07-07,17.852510452270508,,,,,,
2011-07-08,17.89427947998047,,,,,,
2011-07-11,18.13654899597168,,,,,,
2011-07-12,18.12819099426269,,,,,,
2011-07-13,17.936050415039062,,,,,,
2011-07-14,17.936050415039062,,,,,,
2011-07-15,17.902637481689453,,,,,,
2011-07-18,17.94440460205078,,,,,,
2011-07-19,17.902637481689453,,,,,,
2011-07-20,17.819093704223633,,,,,,
2011-07-21,17.65201187133789,,,,,,
2011-07-22,17.65201187133789,,,,,,
2011-07-25,17.63530731201172,,,,,,
2011-07-26,17.484935760498047,,,,,,
2011-07-27,17.61859893798828,,,,,,
2011-07-28,17.65201187133789,,,,,,
2011-07-29,17.56847381591797,,,,,,
2011-08-01,17.660369873046875,,,,,,
2011-08-02,17.685428619384766,,,,,,
2011-08-03,17.601890563964844,,,,,,
2011-08-04,17.877573013305664,,,,,,
2011-08-05,17.72719955444336,,,,,,
2011-08-08,17.75226402282715,,,,,,
2011-08-09,17.601890563964844,,,,,,
2011-08-10,17.75226402282715,,,,,,
2011-08-11,17.72719955444336,,,,,,
2011-08-12,17.72719955444336,,,,,,
2011-08-15,17.543415069580078,,,,,,
2011-08-16,17.55176544189453,,,,,,
2011-08-17,17.509994506835938,,,,,,
2011-08-18,17.61024284362793,,,,,,
2011-08-19,17.56847381591797,,,,,,
2011-08-22,17.601890563964844,,,,,,
2011-08-23,17.526704788208008,,,,,,
2011-08-24,17.560123443603516,,,,,,
2011-08-25,17.61024284362793,,,,,,
2011-08-26,17.509994506835938,,,,,,
2011-08-29,17.484935760498047,,,,,,
2011-08-30,17.55176544189453,,,,,,
2011-08-31,17.601890563964844,,,,,,
2011-09-01,17.67707633972168,,,,,,
2011-09-02,17.72719955444336,,,,,,
2011-09-06,18.002883911132812,,,,,,
2011-09-07,17.902637481689453,,,,,,
2011-09-08,18.08642196655273,,,,,,
2011-09-09,18.30362892150879,,,,,,
2011-09-12,18.31197929382324,,,,,,
2011-09-13,18.25350379943848,,,,,,
2011-09-14,18.203378677368164,,,,,,
2011-09-15,18.094776153564453,,,,,,
2011-09-16,18.161609649658203,,,,,,
2011-09-19,18.26185607910156,,,,,,
2011-09-20,18.26185607910156,,,,,,
2011-09-21,18.40387535095215,,,,,,
2011-09-22,18.59601593017578,,,,,,
2011-09-23,18.54589462280273,,,,,,
2011-09-26,18.529184341430664,,,,,,
2011-09-27,18.420583724975582,,,,,,
2011-09-28,18.48741149902344,,,,,,
2011-09-29,18.44564247131348,,,,,,
2011-09-30,18.637788772583008,,,,,,
2011-10-03,18.804866790771484,,,,,,
2011-10-04,18.72968292236328,,,,,,
2011-10-05,18.67120361328125,,,,,,
2011-10-06,18.55424690246582,,,,,,
2011-10-07,18.604372024536133,,,,,,
2011-10-10,18.31197929382324,,,,,,
2011-10-11,18.295270919799805,,,,,,
2011-10-12,18.17831802368164,,,,,,
2011-10-13,18.16996192932129,,,,,,
2011-10-14,18.08642196655273,,,,,,
2011-10-17,18.203378677368164,,,,,,
2011-10-18,18.17831802368164,,,,,,
2011-10-19,18.19502639770508,,,,,,
2011-10-20,18.161609649658203,,,,,,
2011-10-21,17.994529724121094,,,,,,
2011-10-24,17.9527587890625,,,,,,
2011-10-25,17.969467163085938,,,,,,
2011-10-26,17.969467163085938,,,,,,
2011-10-27,17.668720245361328,,,,,,
2011-10-28,17.67707633972168,,,,,,
2011-10-31,18.019588470458984,,,,,,
2011-11-01,18.21173477172852,,,,,,
2011-11-02,18.16996192932129,,,,,,
2011-11-03,18.08642196655273,,,,,,
2011-11-04,18.13654899597168,,,,,,
2011-11-07,18.11984062194824,,,,,,
2011-11-08,18.036296844482425,,,,,,
2011-11-09,18.35375022888184,,,,,,
2011-11-10,18.30362892150879,,,,,,
2011-11-11,18.11984062194824,,,,,,
2011-11-14,18.24514961242676,,,,,,
2011-11-15,18.35375022888184,,,,,,
2011-11-16,18.412229537963867,,,,,,
2011-11-17,18.43729019165039,,,,,,
2011-11-18,18.38716697692871,,,,,,
2011-11-21,18.420583724975582,,,,,,
2011-11-22,18.412229537963867,,,,,,
2011-11-23,18.621078491210938,,,,,,
2011-11-25,18.72968292236328,,,,,,
2011-11-28,18.65449333190918,,,,,,
2011-11-29,18.58766365051269,,,,,,
2011-11-30,18.428936004638672,,,,,,
2011-12-01,18.420583724975582,,,,,,
2011-12-02,18.479063034057617,,,,,,
2011-12-05,18.479063034057617,,,,,,
2011-12-06,18.46235084533692,,,,,,
2011-12-07,18.43729019165039,,,,,,
2011-12-08,18.537538528442383,,,,,,
2011-12-09,18.479063034057617,,,,,,
2011-12-12,18.67120361328125,,,,,,
2011-12-13,18.854990005493164,,,,,,
2011-12-14,18.89676094055176,,,,,,
2011-12-15,18.846635818481445,,,,,,
2011-12-16,18.78816032409668,,,,,,
2011-12-19,18.854990005493164,,,,,,
2011-12-20,18.696264266967773,,,,,,
2011-12-21,18.696264266967773,,,,,,
2011-12-22,18.696264266967773,,,,,,
2011-12-23,18.70461845397949,,,,,,
2011-12-27,18.66284942626953,,,,,,
2011-12-28,18.838285446166992,,,,,,
2011-12-29,18.804866790771484,,,,,,
2011-12-30,18.77145195007324,,,,,,
2012-01-03,18.61272621154785,,,,,,
2012-01-04,18.712974548339844,,,,,,
2012-01-05,18.91346549987793,,,,,,
2012-01-06,18.980300903320312,,,,,,
2012-01-09,18.91346549987793,,,,,,
2012-01-10,18.89676094055176,,,,,,
2012-01-11,18.980300903320312,,,,,,
2012-01-12,18.854990005493164,,,,,,
2012-01-13,19.00536155700684,,,,,,
2012-01-17,18.93852996826172,,,,,,
2012-01-18,18.77145195007324,,,,,,
2012-01-19,18.67120361328125,,,,,,
2012-01-20,18.68791389465332,,,,,,
2012-01-23,18.579309463500977,,,,,,
2012-01-24,18.604372024536133,,,,,,
2012-01-25,18.520830154418945,,,,,,
2012-01-26,18.504121780395508,,,,,,
2012-01-27,18.370460510253903,,,,,,
2012-01-30,18.43729019165039,,,,,,
2012-01-31,18.479063034057617,,,,,,
2012-02-01,18.395523071289062,,,,,,
2012-02-02,18.40387535095215,,,,,,
2012-02-03,18.40387535095215,,,,,,
2012-02-06,18.412229537963867,,,,,,
2012-02-07,18.28692054748535,,,,,,
2012-02-08,18.30362892150879,,,,,,
2012-02-09,18.31197929382324,,,,,,
2012-02-10,18.428936004638672,,,,,,
2012-02-13,18.40387535095215,,,,,,
2012-02-14,18.49576759338379,,,,,,
2012-02-15,18.55424690246582,,,,,,
2012-02-16,18.48741149902344,,,,,,
2012-02-17,18.48741149902344,,,,,,
2012-02-21,18.412229537963867,,,,,,
2012-02-22,18.43729019165039,,,,,,
2012-02-23,18.295270919799805,,,,,,
2012-02-24,18.22008514404297,,,,,,
2012-02-27,18.278562545776367,,,,,,
2012-02-28,18.19502639770508,,,,,,
2012-02-29,18.34539794921875,,,,,,
2012-03-01,18.34539794921875,,,,,,
2012-03-02,18.470706939697266,,,,,,
2012-03-05,18.45400047302246,,,,,,
2012-03-06,18.570953369140625,,,,,,
2012-03-07,18.54589462280273,,,,,,
2012-03-08,18.420583724975582,,,,,,
2012-03-09,18.59601593017578,,,,,,
2012-03-12,18.570953369140625,,,,,,
2012-03-13,18.62943458557129,,,,,,
2012-03-14,18.72968292236328,,,,,,
2012-03-15,18.65449333190918,,,,,,
2012-03-16,18.529184341430664,,,,,,
2012-03-19,18.428936004638672,,,,,,
2012-03-20,18.46235084533692,,,,,,
2012-03-21,18.470706939697266,,,,,,
2012-03-22,18.49576759338379,,,,,,
2012-03-23,18.395523071289062,,,,,,
2012-03-26,18.278562545776367,,,,,,
2012-03-27,18.34539794921875,,,,,,
2012-03-28,18.3370418548584,,,,,,
2012-03-29,18.328689575195312,,,,,,
2012-03-30,18.30362892150879,,,,,,
2012-04-02,18.26185607910156,,,,,,
2012-04-03,18.395523071289062,,,,,,
2012-04-04,18.48741149902344,,,,,,
2012-04-05,18.54589462280273,,,,,,
2012-04-09,18.48741149902344,,,,,,
2012-04-10,18.512475967407227,,,,,,
2012-04-11,18.48741149902344,,,,,,
2012-04-12,18.362106323242188,,,,,,
2012-04-13,18.512475967407227,,,,,,
2012-04-16,18.43729019165039,,,,,,
2012-04-17,18.428936004638672,,,,,,
2012-04-18,18.428936004638672,,,,,,
2012-04-19,18.420583724975582,,,,,,
2012-04-20,18.3203353881836,,,,,,
2012-04-23,18.378814697265625,,,,,,
2012-04-24,18.328689575195312,,,,,,
2012-04-25,18.28692054748535,,,,,,
2012-04-26,18.26185607910156,,,,,,
2012-04-27,18.22844123840332,,,,,,
2012-04-30,18.22008514404297,,,,,,
2012-05-01,18.236793518066406,,,,,,
2012-05-02,18.295270919799805,,,,,,
2012-05-03,18.31197929382324,,,,,,
2012-05-04,18.38716697692871,,,,,,
2012-05-07,18.412229537963867,,,,,,
2012-05-08,18.45400047302246,,,,,,
2012-05-09,18.529184341430664,,,,,,
2012-05-10,18.54589462280273,,,,,,
2012-05-11,18.579309463500977,,,,,,
2012-05-14,18.66284942626953,,,,,,
2012-05-15,18.81322288513184,,,,,,
2012-05-16,18.854990005493164,,,,,,
2012-05-17,18.838285446166992,,,,,,
2012-05-18,18.763097763061523,,,,,,
2012-05-21,18.70461845397949,,,,,,
2012-05-22,18.89676094055176,,,,,,
2012-05-23,18.963594436645508,,,,,,
2012-05-24,19.038780212402344,,,,,,
2012-05-25,19.063840866088867,,,,,,
2012-05-29,19.04713249206543,,,,,,
2012-05-30,19.19750595092773,,,,,,
2012-05-31,19.20585823059082,,,,,,
2012-06-01,19.147380828857425,,,,,,
2012-06-04,19.063840866088867,,,,,,
2012-06-05,19.130674362182617,,,,,,
2012-06-06,18.9719467163086,,,,,,
2012-06-07,18.99700927734375,,,,,,
2012-06-08,19.05548858642578,,,,,,
2012-06-11,19.080547332763672,,,,,,
2012-06-12,19.013717651367188,,,,,,
2012-06-13,18.95524024963379,,,,,,
2012-06-14,18.88005256652832,,,,,,
2012-06-15,18.7965145111084,,,,,,
2012-06-18,18.88005256652832,,,,,,
2012-06-19,18.738035202026367,,,,,,
2012-06-20,18.763097763061523,,,,,,
2012-06-21,18.963594436645508,,,,,,
2012-06-22,18.92182350158692,,,,,,
2012-06-25,18.980300903320312,,,,,,
2012-06-26,18.94688606262207,,,,,,
2012-06-27,19.00536155700684,,,,,,
2012-06-28,19.03042793273925,,,,,,
2012-06-29,18.77145195007324,,,,,,
2012-07-02,18.81322288513184,,,,,,
2012-07-03,18.7965145111084,,,,,,
2012-07-05,19.04713249206543,,,,,,
2012-07-06,19.17244338989257,,,,,,
2012-07-09,19.11396598815918,,,,,,
2012-07-10,19.18079948425293,,,,,,
2012-07-11,19.19750595092773,,,,,,
2012-07-12,19.23927879333496,,,,,,
2012-07-13,19.155736923217773,,,,,,
2012-07-16,19.097257614135746,,,,,,
2012-07-17,19.080547332763672,,,,,,
2012-07-18,19.063840866088867,,,,,,
2012-07-19,19.05548858642578,,,,,,
2012-07-20,19.19750595092773,,,,,,
2012-07-23,19.222570419311523,,,,,,
2012-07-24,19.297752380371094,,,,,,
2012-07-25,19.19750595092773,,,,,,
2012-07-26,19.00536155700684,,,,,,
2012-07-27,18.99700927734375,,,,,,
2012-07-30,19.022071838378903,,,,,,
2012-07-31,18.9719467163086,,,,,,
2012-08-01,19.105613708496094,,,,,,
2012-08-02,19.139028549194336,,,,,,
2012-08-03,18.90511512756348,,,,,,
2012-08-06,18.88005256652832,,,,,,
2012-08-07,18.88005256652832,,,,,,
2012-08-08,18.91346549987793,,,,,,
2012-08-09,18.980300903320312,,,,,,
2012-08-10,18.94688606262207,,,,,,
2012-08-13,18.92182350158692,,,,,,
2012-08-14,18.93017578125,,,,,,
2012-08-15,18.980300903320312,,,,,,
2012-08-16,18.91346549987793,,,,,,
2012-08-17,18.94688606262207,,,,,,
2012-08-20,18.92182350158692,,,,,,
2012-08-21,18.7965145111084,,,,,,
2012-08-22,18.70461845397949,,,,,,
2012-08-23,18.67120361328125,,,,,,
2012-08-24,18.72968292236328,,,,,,
2012-08-27,18.74639129638672,,,,,,
2012-08-28,18.67120361328125,,,,,,
2012-08-29,18.70461845397949,,,,,,
2012-08-30,18.74639129638672,,,,,,
2012-08-31,18.62943458557129,,,,,,
2012-09-04,18.65449333190918,,,,,,
2012-09-05,18.637788772583008,,,,,,
2012-09-06,18.58766365051269,,,,,,
2012-09-07,18.38716697692871,,,,,,
2012-09-10,18.44564247131348,,,,,,
2012-09-11,18.30362892150879,,,,,,
2012-09-12,18.28692054748535,,,,,,
2012-09-13,18.16996192932129,,,,,,
2012-09-14,18.078065872192383,,,,,,
2012-09-17,18.10312843322754,,,,,,
2012-09-18,18.161609649658203,,,,,,
2012-09-19,18.10312843322754,,,,,,
2012-09-20,18.186670303344727,,,,,,
2012-09-21,18.16996192932129,,,,,,
2012-09-24,18.21173477172852,,,,,,
2012-09-25,18.24514961242676,,,,,,
2012-09-26,18.278562545776367,,,,,,
2012-09-27,18.22844123840332,,,,,,
2012-09-28,18.31197929382324,,,,,,
2012-10-01,18.270214080810547,,,,,,
2012-10-02,18.25350379943848,,,,,,
2012-10-03,18.30362892150879,,,,,,
2012-10-04,18.17831802368164,,,,,,
2012-10-05,18.17831802368164,,,,,,
2012-10-08,18.22008514404297,,,,,,
2012-10-09,18.3370418548584,,,,,,
2012-10-10,18.295270919799805,,,,,,
2012-10-11,18.26185607910156,,,,,,
2012-10-12,18.236793518066406,,,,,,
2012-10-15,18.24514961242676,,,,,,
2012-10-16,18.16996192932129,,,,,,
2012-10-17,18.078065872192383,,,,,,
2012-10-18,18.15325355529785,,,,,,
2012-10-19,18.22008514404297,,,,,,
2012-10-22,18.22008514404297,,,,,,
2012-10-23,18.30362892150879,,,,,,
2012-10-24,18.30362892150879,,,,,,
2012-10-25,18.3203353881836,,,,,,
2012-10-26,18.3203353881836,,,,,,
2012-10-31,18.28692054748535,,,,,,
2012-11-01,18.31197929382324,,,,,,
2012-11-02,18.43729019165039,,,,,,
2012-11-05,18.479063034057617,,,,,,
2012-11-06,18.45400047302246,,,,,,
2012-11-07,18.48741149902344,,,,,,
2012-11-08,18.48741149902344,,,,,,
2012-11-09,18.529184341430664,,,,,,
2012-11-12,18.537538528442383,,,,,,
2012-11-13,18.55424690246582,,,,,,
2012-11-14,18.54589462280273,,,,,,
2012-11-15,18.54589462280273,,,,,,
2012-11-16,18.579309463500977,,,,,,
2012-11-19,18.49576759338379,,,,,,
2012-11-20,18.48741149902344,,,,,,
2012-11-21,18.49576759338379,,,,,,
2012-11-23,18.3203353881836,,,,,,
2012-11-26,18.328689575195312,,,,,,
2012-11-27,18.38716697692871,,,,,,
2012-11-28,18.35375022888184,,,,,,
2012-11-29,18.328689575195312,,,,,,
2012-11-30,18.31197929382324,,,,,,
2012-12-03,18.25350379943848,,,,,,
2012-12-04,18.19502639770508,,,,,,
2012-12-05,18.236793518066406,,,,,,
2012-12-06,18.3370418548584,,,,,,
2012-12-07,18.370460510253903,,,,,,
2012-12-10,18.34539794921875,,,,,,
2012-12-11,18.278562545776367,,,,,,
2012-12-12,18.24514961242676,,,,,,
2012-12-13,18.26185607910156,,,,,,
2012-12-14,18.16996192932129,,,,,,
2012-12-17,18.16996192932129,,,,,,
2012-12-18,18.11148452758789,,,,,,
2012-12-19,18.10312843322754,,,,,,
2012-12-20,18.08642196655273,,,,,,
2012-12-21,18.17831802368164,,,,,,
2012-12-24,18.17831802368164,,,,,,
2012-12-26,18.17831802368164,,,,,,
2012-12-27,18.17831802368164,,,,,,
2012-12-28,18.19502639770508,,,,,,
2012-12-31,18.22008514404297,,,,,,
2013-01-02,18.22844123840332,,,,,,
2013-01-03,18.370460510253903,,,,,,
2013-01-04,18.370460510253903,,,,,,
2013-01-07,18.31197929382324,,,,,,
2013-01-08,18.3370418548584,,,,,,
2013-01-09,18.395523071289062,,,,,,
2013-01-10,18.21173477172852,,,,,,
2013-01-11,18.161609649658203,,,,,,
2013-01-14,18.13654899597168,,,,,,
2013-01-15,18.186670303344727,,,,,,
2013-01-16,18.203378677368164,,,,,,
2013-01-17,18.16996192932129,,,,,,
2013-01-18,18.25350379943848,,,,,,
2013-01-22,18.236793518066406,,,,,,
2013-01-23,18.236793518066406,,,,,,
2013-01-24,18.236793518066406,,,,,,
2013-01-25,18.19502639770508,,,,,,
2013-01-28,18.203378677368164,,,,,,
2013-01-29,18.15325355529785,,,,,,
2013-01-30,18.078065872192383,,,,,,
2013-01-31,18.06136131286621,,,,,,
2013-02-01,18.044652938842773,,,,,,
2013-02-04,18.13654899597168,,,,,,
2013-02-05,18.12819099426269,,,,,,
2013-02-06,18.186670303344727,,,,,,
2013-02-07,18.28692054748535,,,,,,
2013-02-08,18.295270919799805,,,,,,
2013-02-11,18.31197929382324,,,,,,
2013-02-12,18.270214080810547,,,,,,
2013-02-13,18.278562545776367,,,,,,
2013-02-14,18.328689575195312,,,,,,
2013-02-15,18.34539794921875,,,,,,
2013-02-19,18.35375022888184,,,,,,
2013-02-20,18.48741149902344,,,,,,
2013-02-21,18.56260299682617,,,,,,
2013-02-22,18.570953369140625,,,,,,
2013-02-25,18.646141052246094,,,,,,
2013-02-26,18.66284942626953,,,,,,
2013-02-27,18.58766365051269,,,,,,
2013-02-28,18.68791389465332,,,,,,
2013-03-01,18.74639129638672,,,,,,
2013-03-04,18.738035202026367,,,,,,
2013-03-05,18.712974548339844,,,,,,
2013-03-06,18.78816032409668,,,,,,
2013-03-07,18.70461845397949,,,,,,
2013-03-08,18.846635818481445,,,,,,
2013-03-11,18.804866790771484,,,,,,
2013-03-12,18.7965145111084,,,,,,
2013-03-13,18.8716983795166,,,,,,
2013-03-14,18.7965145111084,,,,,,
2013-03-15,18.712974548339844,,,,,,
2013-03-18,18.82993125915528,,,,,,
2013-03-19,18.88840675354004,,,,,,
2013-03-20,18.846635818481445,,,,,,
2013-03-21,18.846635818481445,,,,,,
2013-03-22,18.72968292236328,,,,,,
2013-03-25,18.863344192504883,,,,,,
2013-03-26,18.854990005493164,,,,,,
2013-03-27,18.93017578125,,,,,,
2013-03-28,18.88005256652832,,,,,,
2013-04-01,18.81322288513184,,,,,,
2013-04-02,18.854990005493164,,,,,,
2013-04-03,18.81322288513184,,,,,,
2013-04-04,18.78816032409668,,,,,,
2013-04-05,18.754743576049805,,,,,,
2013-04-08,18.804866790771484,,,,,,
2013-04-09,18.72132682800293,,,,,,
2013-04-10,18.738035202026367,,,,,,
2013-04-11,18.68791389465332,,,,,,
2013-04-12,18.66284942626953,,,,,,
2013-04-15,18.72132682800293,,,,,,
2013-04-16,18.570953369140625,,,,,,
2013-04-17,18.77145195007324,,,,,,
2013-04-18,18.763097763061523,,,,,,
2013-04-19,18.7965145111084,,,,,,
2013-04-22,18.78816032409668,,,,,,
2013-04-23,18.854990005493164,,,,,,
2013-04-24,18.846635818481445,,,,,,
2013-04-25,18.804866790771484,,,,,,
2013-04-26,18.72132682800293,,,,,,
2013-04-29,18.637788772583008,,,,,,
2013-04-30,18.54589462280273,,,,,,
2013-05-01,18.529184341430664,,,,,,
2013-05-02,18.65449333190918,,,,,,
2013-05-03,18.646141052246094,,,,,,
2013-05-06,18.68791389465332,,,,,,
2013-05-07,18.68791389465332,,,,,,
2013-05-08,18.604372024536133,,,,,,
2013-05-09,18.77980613708496,,,,,,
2013-05-10,18.88005256652832,,,,,,
2013-05-13,18.91346549987793,,,,,,
2013-05-14,18.9886531829834,,,,,,
2013-05-15,19.038780212402344,,,,,,
2013-05-16,19.03042793273925,,,,,,
2013-05-17,19.147380828857425,,,,,,
2013-05-20,19.03042793273925,,,,,,
2013-05-21,19.038780212402344,,,,,,
2013-05-22,19.122318267822266,,,,,,
2013-05-23,18.99700927734375,,,,,,
2013-05-24,18.9719467163086,,,,,,
2013-05-28,19.105613708496094,,,,,,
2013-05-29,18.963594436645508,,,,,,
2013-05-30,18.838285446166992,,,,,,
2013-05-31,18.88840675354004,,,,,,
2013-06-03,18.754743576049805,,,,,,
2013-06-04,18.763097763061523,,,,,,
2013-06-05,18.72968292236328,,,,,,
2013-06-06,18.48741149902344,,,,,,
2013-06-07,18.512475967407227,,,,,,
2013-06-10,18.520830154418945,,,,,,
2013-06-11,18.362106323242188,,,,,,
2013-06-12,18.35375022888184,,,,,,
2013-06-13,18.295270919799805,,,,,,
2013-06-14,18.278562545776367,,,,,,
2013-06-17,18.24514961242676,,,,,,
2013-06-18,18.26185607910156,,,,,,
2013-06-19,18.428936004638672,,,,,,
2013-06-20,18.537538528442383,,,,,,
2013-06-21,18.66284942626953,,,,,,
2013-06-24,18.679555892944336,,,,,,
2013-06-25,18.712974548339844,,,,,,
2013-06-26,18.81322288513184,,,,,,
2013-06-27,18.804866790771484,,,,,,
2013-06-28,18.846635818481445,,,,,,
2013-07-01,18.804866790771484,,,,,,
2013-07-02,18.93017578125,,,,,,
2013-07-03,18.854990005493164,,,,,,
2013-07-05,19.130674362182617,,,,,,
2013-07-08,19.080547332763672,,,,,,
2013-07-09,19.155736923217773,,,,,,
2013-07-10,19.03042793273925,,,,,,
2013-07-11,18.72968292236328,,,,,,
2013-07-12,18.77145195007324,,,,,,
2013-07-15,18.78816032409668,,,,,,
2013-07-16,18.65449333190918,,,,,,
2013-07-17,18.696264266967773,,,,,,
2013-07-18,18.72968292236328,,,,,,
2013-07-19,18.679555892944336,,,,,,
2013-07-22,18.59601593017578,,,,,,
2013-07-23,18.537538528442383,,,,,,
2013-07-24,18.604372024536133,,,,,,
2013-07-25,18.479063034057617,,,,,,
2013-07-26,18.46235084533692,,,,,,
2013-07-29,18.46235084533692,,,,,,
2013-07-30,18.504121780395508,,,,,,
2013-07-31,18.45400047302246,,,,,,
2013-08-01,18.61272621154785,,,,,,
2013-08-02,18.512475967407227,,,,,,
2013-08-05,18.48741149902344,,,,,,
2013-08-06,18.43729019165039,,,,,,
2013-08-07,18.362106323242188,,,,,,
2013-08-08,18.30362892150879,,,,,,
2013-08-09,18.3203353881836,,,,,,
2013-08-12,18.370460510253903,,,,,,
2013-08-13,18.46235084533692,,,,,,
2013-08-14,18.45400047302246,,,,,,
2013-08-15,18.328689575195312,,,,,,
2013-08-16,18.362106323242188,,,,,,
2013-08-19,18.35375022888184,,,,,,
2013-08-20,18.270214080810547,,,,,,
2013-08-21,18.362106323242188,,,,,,
2013-08-22,18.40387535095215,,,,,,
2013-08-23,18.370460510253903,,,,,,
2013-08-26,18.370460510253903,,,,,,
2013-08-27,18.31197929382324,,,,,,
2013-08-28,18.38716697692871,,,,,,
2013-08-29,18.512475967407227,,,,,,
2013-08-30,18.537538528442383,,,,,,
2013-09-03,18.59601593017578,,,,,,
2013-09-04,18.529184341430664,,,,,,
2013-09-05,18.65449333190918,,,,,,
2013-09-06,18.54589462280273,,,,,,
2013-09-09,18.45400047302246,,,,,,
2013-09-10,18.45400047302246,,,,,,
2013-09-11,18.38716697692871,,,,,,
2013-09-12,18.38716697692871,,,,,,
2013-09-13,18.370460510253903,,,,,,
2013-09-16,18.328689575195312,,,,,,
2013-09-17,18.295270919799805,,,,,,
2013-09-18,18.08642196655273,,,,,,
2013-09-19,18.11148452758789,,,,,,
2013-09-20,18.11984062194824,,,,,,
2013-09-23,18.12819099426269,,,,,,
2013-09-24,18.161609649658203,,,,,,
2013-09-25,18.10312843322754,,,,,,
2013-09-26,18.1448974609375,,,,,,
2013-09-27,18.078065872192383,,,,,,
2013-09-30,18.069713592529297,,,,,,
2013-10-01,18.05300521850586,,,,,,
2013-10-02,17.986175537109375,,,,,,
2013-10-03,17.969467163085938,,,,,,
2013-10-04,18.05300521850586,,,,,,
2013-10-07,18.002883911132812,,,,,,
2013-10-08,18.01123809814453,,,,,,
2013-10-09,18.094776153564453,,,,,,
2013-10-10,18.12819099426269,,,,,,
2013-10-11,18.094776153564453,,,,,,
2013-10-14,18.06136131286621,,,,,,
2013-10-15,18.12819099426269,,,,,,
2013-10-16,18.11984062194824,,,,,,
2013-10-17,17.919343948364258,,,,,,
2013-10-18,17.919343948364258,,,,,,
2013-10-21,17.936050415039062,,,,,,
2013-10-22,17.835800170898438,,,,,,
2013-10-23,17.84415626525879,,,,,,
2013-10-24,17.819093704223633,,,,,,
2013-10-25,17.827449798583984,,,,,,
2013-10-28,17.860864639282227,,,,,,
2013-10-29,17.910985946655273,,,,,,
2013-10-30,17.94440460205078,,,,,,
2013-10-31,18.069713592529297,,,,,,
2013-11-01,18.16996192932129,,,,,,
2013-11-04,18.11984062194824,,,,,,
2013-11-05,18.161609649658203,,,,,,
2013-11-06,18.10312843322754,,,,,,
2013-11-07,18.186670303344727,,,,,,
2013-11-08,18.295270919799805,,,,,,
2013-11-11,18.24514961242676,,,,,,
2013-11-12,18.25350379943848,,,,,,
2013-11-13,18.21173477172852,,,,,,
2013-11-14,18.21173477172852,,,,,,
2013-11-15,18.17831802368164,,,,,,
2013-11-18,18.15325355529785,,,,,,
2013-11-19,18.1448974609375,,,,,,
2013-11-20,18.22844123840332,,,,,,
2013-11-21,18.22844123840332,,,,,,
2013-11-22,18.15325355529785,,,,,,
2013-11-25,18.17831802368164,,,,,,
2013-11-26,18.11984062194824,,,,,,
2013-11-27,18.1448974609375,,,,,,
2013-11-29,18.12819099426269,,,,,,
2013-12-02,18.186670303344727,,,,,,
2013-12-03,18.12819099426269,,,,,,
2013-12-04,18.11984062194824,,,,,,
2013-12-05,18.027944564819336,,,,,,
2013-12-06,18.027944564819336,,,,,,
2013-12-09,18.01123809814453,,,,,,
2013-12-10,17.96111297607422,,,,,,
2013-12-11,17.9527587890625,,,,,,
2013-12-12,18.019588470458984,,,,,,
2013-12-13,18.027944564819336,,,,,,
2013-12-16,17.994529724121094,,,,,,
2013-12-17,17.994529724121094,,,,,,
2013-12-18,18.069713592529297,,,,,,
2013-12-19,18.11148452758789,,,,,,
2013-12-20,18.094776153564453,,,,,,
2013-12-23,18.06136131286621,,,,,,
2013-12-24,18.078065872192383,,,,,,
2013-12-26,18.069713592529297,,,,,,
2013-12-27,18.036296844482425,,,,,,
2013-12-30,17.9527587890625,,,,,,
2013-12-31,17.97782325744629,,,,,,
2014-01-02,18.08642196655273,,,,,,
2014-01-03,18.161609649658203,,,,,,
2014-01-06,18.11148452758789,,,,,,
2014-01-07,18.161609649658203,,,,,,
2014-01-08,18.19502639770508,,,,,,
2014-01-09,18.17831802368164,,,,,,
2014-01-10,18.10312843322754,,,,,,
2014-01-13,18.06136131286621,,,,,,
2014-01-14,18.094776153564453,,,,,,
2014-01-15,18.17831802368164,,,,,,
2014-01-16,18.161609649658203,,,,,,
2014-01-17,18.22844123840332,,,,,,
2014-01-21,18.19502639770508,,,,,,
2014-01-22,18.22008514404297,,,,,,
2014-01-23,18.036296844482425,,,,,,
2014-01-24,18.06136131286621,,,,,,
2014-01-27,18.06136131286621,,,,,,
2014-01-28,18.069713592529297,,,,,,
2014-01-29,18.069713592529297,,,,,,
2014-01-30,18.186670303344727,,,,,,
2014-01-31,18.236793518066406,,,,,,
2014-02-03,18.17831802368164,,,,,,
2014-02-04,18.19502639770508,,,,,,
2014-02-05,18.16996192932129,,,,,,
2014-02-06,18.1448974609375,,,,,,
2014-02-07,18.08642196655273,,,,,,
2014-02-10,18.069713592529297,,,,,,
2014-02-11,18.069713592529297,,,,,,
2014-02-12,18.08642196655273,,,,,,
2014-02-13,17.986175537109375,,,,,,
2014-02-14,17.9527587890625,,,,,,
2014-02-18,17.919343948364258,,,,,,
2014-02-19,17.969467163085938,,,,,,
2014-02-20,17.994529724121094,,,,,,
2014-02-21,17.97782325744629,,,,,,
2014-02-24,17.969467163085938,,,,,,
2014-02-25,17.94440460205078,,,,,,
2014-02-26,18.01123809814453,,,,,,
2014-02-27,17.97782325744629,,,,,,
2014-02-28,17.860864639282227,,,,,,
2014-03-03,17.927696228027344,,,,,,
2014-03-04,17.94440460205078,,,,,,
2014-03-05,17.936050415039062,,,,,,
2014-03-06,17.835800170898438,,,,,,
2014-03-07,17.852510452270508,,,,,,
2014-03-10,17.860864639282227,,,,,,
2014-03-11,17.860864639282227,,,,,,
2014-03-12,17.810741424560547,,,,,,
2014-03-13,17.819093704223633,,,,,,
2014-03-14,17.777324676513672,,,,,,
2014-03-17,17.76061248779297,,,,,,
2014-03-18,17.768972396850586,,,,,,
2014-03-19,17.902637481689453,,,,,,
2014-03-20,17.96111297607422,,,,,,
2014-03-21,17.936050415039062,,,,,,
2014-03-24,17.885927200317383,,,,,,
2014-03-25,17.89427947998047,,,,,,
2014-03-26,17.89427947998047,,,,,,
2014-03-27,17.94440460205078,,,,,,
2014-03-28,17.94440460205078,,,,,,
2014-03-31,17.927696228027344,,,,,,
2014-04-01,17.927696228027344,,,,,,
2014-04-02,17.96111297607422,,,,,,
2014-04-03,18.01123809814453,,,,,,
2014-04-04,17.994529724121094,,,,,,
2014-04-07,17.9527587890625,,,,,,
2014-04-08,17.835800170898438,,,,,,
2014-04-09,17.768972396850586,,,,,,
2014-04-10,17.76061248779297,,,,,,
2014-04-11,17.768972396850586,,,,,,
2014-04-14,17.819093704223633,,,,,,
2014-04-15,17.835800170898438,,,,,,
2014-04-16,17.852510452270508,,,,,,
2014-04-17,17.852510452270508,,,,,,
2014-04-21,17.869218826293945,,,,,,
2014-04-22,17.852510452270508,,,,,,
2014-04-23,17.852510452270508,,,,,,
2014-04-24,17.827449798583984,,,,,,
2014-04-25,17.827449798583984,,,,,,
2014-04-28,17.810741424560547,,,,,,
2014-04-29,17.827449798583984,,,,,,
2014-04-30,17.777324676513672,,,,,,
2014-05-01,17.768972396850586,,,,,,
2014-05-02,17.768972396850586,,,,,,
2014-05-05,17.76061248779297,,,,,,
2014-05-06,17.67707633972168,,,,,,
2014-05-07,17.685428619384766,,,,,,
2014-05-08,17.72719955444336,,,,,,
2014-05-09,17.835800170898438,,,,,,
2014-05-12,17.852510452270508,,,,,,
2014-05-13,17.89427947998047,,,,,,
2014-05-14,17.885927200317383,,,,,,
2014-05-15,17.869218826293945,,,,,,
2014-05-16,17.869218826293945,,,,,,
2014-05-19,17.869218826293945,,,,,,
2014-05-20,17.877573013305664,,,,,,
2014-05-21,17.877573013305664,,,,,,
2014-05-22,17.910985946655273,,,,,,
2014-05-23,17.94440460205078,,,,,,
2014-05-27,17.936050415039062,,,,,,
2014-05-28,17.986175537109375,,,,,,
2014-05-29,17.97782325744629,,,,,,
2014-05-30,17.936050415039062,,,,,,
2014-06-02,18.002883911132812,,,,,,
2014-06-03,17.986175537109375,,,,,,
2014-06-04,18.002883911132812,,,,,,
2014-06-05,17.927696228027344,,,,,,
2014-06-06,17.936050415039062,,,,,,
2014-06-09,18.002883911132812,,,,,,
2014-06-10,18.036296844482425,,,,,,
2014-06-11,18.036296844482425,,,,,,
2014-06-12,17.994529724121094,,,,,,
2014-06-13,17.994529724121094,,,,,,
2014-06-16,17.94440460205078,,,,,,
2014-06-17,17.994529724121094,,,,,,
2014-06-18,17.936050415039062,,,,,,
2014-06-19,17.902637481689453,,,,,,
2014-06-20,17.910985946655273,,,,,,
2014-06-23,17.877573013305664,,,,,,
2014-06-24,17.89427947998047,,,,,,
2014-06-25,17.877573013305664,,,,,,
2014-06-26,17.885927200317383,,,,,,
2014-06-27,17.827449798583984,,,,,,
2014-06-30,17.76061248779297,,,,,,
2014-07-01,17.768972396850586,,,,,,
2014-07-02,17.802385330200195,,,,,,
2014-07-03,17.869218826293945,,,,,,
2014-07-07,17.877573013305664,,,,,,
2014-07-08,17.869218826293945,,,,,,
2014-07-09,17.827449798583984,,,,,,
2014-07-10,17.852510452270508,,,,,,
2014-07-11,17.860864639282227,,,,,,
2014-07-14,17.852510452270508,,,,,,
2014-07-15,17.910985946655273,,,,,,
2014-07-16,17.9527587890625,,,,,,
2014-07-17,17.94440460205078,,,,,,
2014-07-18,17.94440460205078,,,,,,
2014-07-21,17.936050415039062,,,,,,
2014-07-22,17.994529724121094,,,,,,
2014-07-23,18.002883911132812,,,,,,
2014-07-24,18.027944564819336,,,,,,
2014-07-25,18.06136131286621,,,,,,
2014-07-28,18.06136131286621,,,,,,
2014-07-29,18.094776153564453,,,,,,
2014-07-30,18.13654899597168,,,,,,
2014-07-31,18.161609649658203,,,,,,
2014-08-01,18.13654899597168,,,,,,
2014-08-04,18.12819099426269,,,,,,
2014-08-05,18.16996192932129,,,,,,
2014-08-06,18.1448974609375,,,,,,
2014-08-07,18.16996192932129,,,,,,
2014-08-08,18.12819099426269,,,,,,
2014-08-11,18.13654899597168,,,,,,
2014-08-12,18.15325355529785,,,,,,
2014-08-13,18.16996192932129,,,,,,
2014-08-14,18.161609649658203,,,,,,
2014-08-15,18.12819099426269,,,,,,
2014-08-18,18.161609649658203,,,,,,
2014-08-19,18.22844123840332,,,,,,
2014-08-20,18.31197929382324,,,,,,
2014-08-21,18.28692054748535,,,,,,
2014-08-22,18.328689575195312,,,,,,
2014-08-25,18.378814697265625,,,,,,
2014-08-26,18.395523071289062,,,,,,
2014-08-27,18.35375022888184,,,,,,
2014-08-28,18.35375022888184,,,,,,
2014-08-29,18.395523071289062,,,,,,
2014-09-02,18.45400047302246,,,,,,
2014-09-03,18.43729019165039,,,,,,
2014-09-04,18.62943458557129,,,,,,
2014-09-05,18.62943458557129,,,,,,
2014-09-08,18.738035202026367,,,,,,
2014-09-09,18.70461845397949,,,,,,
2014-09-10,18.738035202026367,,,,,,
2014-09-11,18.754743576049805,,,,,,
2014-09-12,18.738035202026367,,,,,,
2014-09-15,18.738035202026367,,,,,,
2014-09-16,18.70461845397949,,,,,,
2014-09-17,18.82157516479492,,,,,,
2014-09-18,18.738035202026367,,,,,,
2014-09-19,18.838285446166992,,,,,,
2014-09-22,18.82157516479492,,,,,,
2014-09-23,18.82157516479492,,,,,,
2014-09-24,18.90511512756348,,,,,,
2014-09-25,18.93852996826172,,,,,,
2014-09-26,19.04713249206543,,,,,,
2014-09-29,19.03042793273925,,,,,,
2014-09-30,19.105613708496094,,,,,,
2014-10-01,19.088905334472656,,,,,,
2014-10-02,19.03042793273925,,,,,,
2014-10-03,19.281042098999023,,,,,,
2014-10-06,19.063840866088867,,,,,,
2014-10-07,19.03042793273925,,,,,,
2014-10-08,18.94688606262207,,,,,,
2014-10-09,19.00536155700684,,,,,,
2014-10-10,19.097257614135746,,,,,,
2014-10-13,18.9886531829834,,,,,,
2014-10-14,19.072195053100582,,,,,,
2014-10-15,18.8716983795166,,,,,,
2014-10-16,18.8716983795166,,,,,,
2014-10-17,18.93017578125,,,,,,
2014-10-20,18.863344192504883,,,,,,
2014-10-21,18.963594436645508,,,,,,
2014-10-22,19.04713249206543,,,,,,
2014-10-23,19.063840866088867,,,,,,
2014-10-24,19.03042793273925,,,,,,
2014-10-27,18.980300903320312,,,,,,
2014-10-28,18.94688606262207,,,,,,
2014-10-29,19.088905334472656,,,,,,
2014-10-30,19.139028549194336,,,,,,
2014-10-31,19.28940200805664,,,,,,
2014-11-03,19.38129425048828,,,,,,
2014-11-04,19.33116912841797,,,,,,
2014-11-05,19.423065185546875,,,,,,
2014-11-06,19.55672836303711,,,,,,
2014-11-07,19.43977165222168,,,,,,
2014-11-10,19.49825096130371,,,,,,
2014-11-11,19.423065185546875,,,,,,
2014-11-12,19.489892959594727,,,,,,
2014-11-13,19.473188400268555,,,,,,
2014-11-14,19.423065185546875,,,,,,
2014-11-17,19.523313522338867,,,,,,
2014-11-18,19.43141746520996,,,,,,
2014-11-19,19.46483039855957,,,,,,
2014-11-20,19.43977165222168,,,,,,
2014-11-21,19.59849739074707,,,,,,
2014-11-24,19.54837417602539,,,,,,
2014-11-25,19.5066032409668,,,,,,
2014-11-26,19.4481258392334,,,,,,
2014-11-28,19.606853485107425,,,,,,
2014-12-01,19.51495933532715,,,,,,
2014-12-02,19.673683166503903,,,,,,
2014-12-03,19.732162475585938,,,,,,
2014-12-04,19.6569766998291,,,,,,
2014-12-05,19.807350158691406,,,,,,
2014-12-08,19.76557731628418,,,,,,
2014-12-09,19.673683166503903,,,,,,
2014-12-10,19.565082550048828,,,,,,
2014-12-11,19.640270233154297,,,,,,
2014-12-12,19.573436737060547,,,,,,
2014-12-15,19.615205764770508,,,,,,
2014-12-16,19.473188400268555,,,,,,
2014-12-17,19.715456008911133,,,,,,
2014-12-18,19.7739315032959,,,,,,
2014-12-19,19.857471466064453,,,,,,
2014-12-22,19.87417984008789,,,,,,
2014-12-23,19.974428176879883,,,,,,
2014-12-24,19.949365615844727,,,,,,
2014-12-26,19.957719802856445,,,,,,
2014-12-29,20.00784492492676,,,,,,
2014-12-30,19.957719802856445,,,,,,
2014-12-31,20.02455139160156,,,,,,
2015-01-02,20.216693878173828,,,,,,
2015-01-05,20.258464813232425,,,,,,
2015-01-06,20.300233840942383,,,,,,
2015-01-07,20.37542152404785,,,,,,
2015-01-08,20.45896339416504,,,,,,
2015-01-09,20.3670654296875,,,,,,
2015-01-12,20.3670654296875,,,,,,
2015-01-13,20.42554473876953,,,,,,
2015-01-14,20.38377571105957,,,,,,
2015-01-15,20.45060539245605,,,,,,
2015-01-16,20.542499542236328,,,,,,
2015-01-20,20.62604331970215,,,,,,
2015-01-21,20.567562103271484,,,,,,
2015-01-22,20.87666130065918,,,,,,
2015-01-23,21.06044578552246,,,,,,
2015-01-26,21.02703285217285,,,,,,
2015-01-27,20.826534271240234,,,,,,
2015-01-28,20.951845169067383,,,,,,
2015-01-29,20.968555450439453,,,,,,
2015-01-30,20.993614196777344,,,,,,
2015-02-02,20.951845169067383,,,,,,
2015-02-03,20.70957946777344,,,,,,
2015-02-04,20.83489227294922,,,,,,
2015-02-05,20.684520721435547,,,,,,
2015-02-06,20.93513870239257,,,,,,
2015-02-09,20.91843032836914,,,,,,
2015-02-10,20.943492889404297,,,,,,
2015-02-11,21.0186767578125,,,,,,
2015-02-12,20.81818389892578,,,,,,
2015-02-13,20.809829711914062,,,,,,
2015-02-17,20.78476524353028,,,,,,
2015-02-18,20.793121337890625,,,,,,
2015-02-19,20.86830711364746,,,,,,
2015-02-20,20.851598739624023,,,,,,
2015-02-23,20.910076141357425,,,,,,
2015-02-24,20.86830711364746,,,,,,
2015-02-25,20.826534271240234,,,,,,
2015-02-26,21.04374122619629,,,,,,
2015-02-27,21.05209732055664,,,,,,
2015-03-02,21.09386444091797,,,,,,
2015-03-03,21.08551025390625,,,,,,
2015-03-04,21.19411277770996,,,,,,
2015-03-05,21.29436111450196,,,,,,
2015-03-06,21.553333282470703,,,,,,
2015-03-09,21.553333282470703,,,,,,
2015-03-10,21.77889442443848,,,,,,
2015-03-11,22.02116203308105,,,,,,
2015-03-12,21.904203414916992,,,,,,
2015-03-13,22.129762649536133,,,,,,
2015-03-16,21.962684631347656,,,,,,
2015-03-17,21.97103500366211,,,,,,
2015-03-18,21.53662872314453,,,,,,
2015-03-19,21.8624324798584,,,,,,
2015-03-20,21.57004165649414,,,,,,
2015-03-23,21.336132049560547,,,,,,
2015-03-24,21.4029598236084,,,,,,
2015-03-25,21.344482421875,,,,,,
2015-03-26,21.41966819763184,,,,,,
2015-03-27,21.43638038635254,,,,,,
2015-03-30,21.603458404541016,,,,,,
2015-03-31,21.63687515258789,,,,,,
2015-04-01,21.64522933959961,,,,,,
2015-04-02,21.478147506713867,,,,,,
2015-04-06,21.31106948852539,,,,,,
2015-04-07,21.553333282470703,,,,,,
2015-04-08,21.58675003051757,,,,,,
2015-04-09,21.81230926513672,,,,,,
2015-04-10,21.8624324798584,,,,,,
2015-04-13,21.89584922790528,,,,,,
2015-04-14,21.7287712097168,,,,,,
2015-04-15,21.628522872924805,,,,,,
2015-04-16,21.461441040039062,,,,,,
2015-04-17,21.411317825317383,,,,,,
2015-04-20,21.53662872314453,,,,,,
2015-04-21,21.561691284179688,,,,,,
2015-04-22,21.561691284179688,,,,,,
2015-04-23,21.4029598236084,,,,,,
2015-04-24,21.31942367553711,,,,,,
2015-04-27,21.252592086791992,,,,,,
2015-04-28,21.11892890930176,,,,,,
2015-04-29,20.93513870239257,,,,,,
2015-04-30,20.809829711914062,,,,,,
2015-05-01,20.910076141357425,,,,,,
2015-05-04,20.968555450439453,,,,,,
2015-05-05,20.910076141357425,,,,,,
2015-05-06,20.67616271972656,,,,,,
2015-05-07,20.78476524353028,,,,,,
2015-05-08,20.809829711914062,,,,,,
2015-05-11,20.87666130065918,,,,,,
2015-05-12,20.759706497192383,,,,,,
2015-05-13,20.57591438293457,,,,,,
2015-05-14,20.50908088684082,,,,,,
2015-05-15,20.47567176818848,,,,,,
2015-05-18,20.67616271972656,,,,,,
2015-05-19,20.91843032836914,,,,,,
2015-05-20,20.96020126342773,,,,,,
2015-05-21,20.926782608032227,,,,,,
2015-05-22,21.11892890930176,,,,,,
2015-05-26,21.352840423583984,,,,,,
2015-05-27,21.36119079589844,,,,,,
2015-05-28,21.302717208862305,,,,,,
2015-05-29,21.2692985534668,,,,,,
2015-06-01,21.394609451293945,,,,,,
2015-06-02,21.068803787231445,,,,,,
2015-06-03,20.926782608032227,,,,,,
2015-06-04,20.951845169067383,,,,,,
2015-06-05,21.13563346862793,,,,,,
2015-06-08,20.893369674682617,,,,,,
2015-06-09,20.86830711364746,,,,,,
2015-06-10,20.75135040283203,,,,,,
2015-06-11,20.809829711914062,,,,,,
2015-06-12,20.793121337890625,,,,,,
2015-06-15,20.77641487121582,,,,,,
2015-06-16,20.81818389892578,,,,,,
2015-06-17,20.63439178466797,,,,,,
2015-06-18,20.567562103271484,,,,,,
2015-06-19,20.61768341064453,,,,,,
2015-06-22,20.659454345703125,,,,,,
2015-06-23,20.901721954345703,,,,,,
2015-06-24,20.85995483398437,,,,,,
2015-06-25,20.826534271240234,,,,,,
2015-06-26,20.88501739501953,,,,,,
2015-06-29,20.76805686950684,,,,,,
2015-06-30,20.910076141357425,,,,,,
2015-07-01,21.07715606689453,,,,,,
2015-07-02,21.02703285217285,,,,,,
2015-07-06,21.068803787231445,,,,,,
2015-07-07,21.13563346862793,,,,,,
2015-07-08,21.05209732055664,,,,,,
2015-07-09,21.11892890930176,,,,,,
2015-07-10,20.968555450439453,,,,,,
2015-07-13,21.17740631103516,,,,,,
2015-07-14,21.14398956298828,,,,,,
2015-07-15,21.235883712768555,,,,,,
2015-07-16,21.352840423583984,,,,,,
2015-07-17,21.4029598236084,,,,,,
2015-07-20,21.411317825317383,,,,,,
2015-07-21,21.26094627380371,,,,,,
2015-07-22,21.31106948852539,,,,,,
2015-07-23,21.227527618408203,,,,,,
2015-07-24,21.26094627380371,,,,,,
2015-07-27,21.09386444091797,,,,,,
2015-07-28,21.110572814941406,,,,,,
2015-07-29,21.227527618408203,,,,,,
2015-07-30,21.31106948852539,,,,,,
2015-07-31,21.24423789978028,,,,,,
2015-08-03,21.29436111450196,,,,,,
2015-08-04,21.4029598236084,,,,,,
2015-08-05,21.394609451293945,,,,,,
2015-08-06,21.352840423583984,,,,,,
2015-08-07,21.31942367553711,,,,,,
2015-08-10,21.21917533874512,,,,,,
2015-08-11,21.21917533874512,,,,,,
2015-08-12,20.993614196777344,,,,,,
2015-08-13,21.02703285217285,,,,,,
2015-08-14,21.08551025390625,,,,,,
2015-08-17,21.11892890930176,,,,,,
2015-08-18,21.169050216674805,,,,,,
2015-08-19,21.03538703918457,,,,,,
2015-08-20,20.91843032836914,,,,,,
2015-08-21,20.71793365478516,,,,,,
2015-08-24,20.37542152404785,,,,,,
2015-08-25,20.51744079589844,,,,,,
2015-08-26,20.76805686950684,,,,,,
2015-08-27,20.901721954345703,,,,,,
2015-08-28,20.968555450439453,,,,,,
2015-08-31,20.93513870239257,,,,,,
2015-09-01,20.809829711914062,,,,,,
2015-09-02,20.91843032836914,,,,,,
2015-09-03,21.0186767578125,,,,,,
2015-09-04,20.993614196777344,,,,,,
2015-09-08,20.91843032836914,,,,,,
2015-09-09,20.91843032836914,,,,,,
2015-09-10,20.83489227294922,,,,,,
2015-09-11,20.742996215820312,,,,,,
2015-09-14,20.75135040283203,,,,,,
2015-09-15,20.83489227294922,,,,,,
2015-09-16,20.77641487121582,,,,,,
2015-09-17,20.55920791625977,,,,,,
2015-09-18,20.76805686950684,,,,,,
2015-09-21,20.893369674682617,,,,,,
2015-09-22,20.98526191711425,,,,,,
2015-09-23,20.98526191711425,,,,,,
2015-09-24,20.91843032836914,,,,,,
2015-09-25,20.951845169067383,,,,,,
2015-09-28,20.926782608032227,,,,,,
2015-09-29,20.893369674682617,,,,,,
2015-09-30,20.968555450439453,,,,,,
2015-10-01,20.96020126342773,,,,,,
2015-10-02,20.910076141357425,,,,,,
2015-10-05,20.91843032836914,,,,,,
2015-10-06,20.77641487121582,,,,,,
2015-10-07,20.80147361755371,,,,,,
2015-10-08,20.75135040283203,,,,,,
2015-10-09,20.651103973388672,,,,,,
2015-10-12,20.63439178466797,,,,,,
2015-10-13,20.600976943969727,,,,,,
2015-10-14,20.42554473876953,,,,,,
2015-10-15,20.55920791625977,,,,,,
2015-10-16,20.59262657165528,,,,,,
2015-10-19,20.651103973388672,,,,,,
2015-10-20,20.63439178466797,,,,,,
2015-10-21,20.659454345703125,,,,,,
2015-10-22,20.96020126342773,,,,,,
2015-10-23,21.13563346862793,,,,,,
2015-10-26,21.068803787231445,,,,,,
2015-10-27,21.08551025390625,,,,,,
2015-10-28,21.26094627380371,,,,,,
2015-10-29,21.169050216674805,,,,,,
2015-10-30,21.09386444091797,,,,,,
2015-11-02,21.07715606689453,,,,,,
2015-11-03,21.13563346862793,,,,,,
2015-11-04,21.31106948852539,,,,,,
2015-11-05,21.327777862548828,,,,,,
2015-11-06,21.57839775085449,,,,,,
2015-11-09,21.53662872314453,,,,,,
2015-11-10,21.59510612487793,,,,,,
2015-11-11,21.53662872314453,,,,,,
2015-11-12,21.444732666015625,,,,,,
2015-11-13,21.519920349121094,,,,,,
2015-11-16,21.63687515258789,,,,,,
2015-11-17,21.6702938079834,,,,,,
2015-11-18,21.6702938079834,,,,,,
2015-11-19,21.519920349121094,,,,,,
2015-11-20,21.6702938079834,,,,,,
2015-11-23,21.70370864868164,,,,,,
2015-11-24,21.66193580627441,,,,,,
2015-11-25,21.70370864868164,,,,,,
2015-11-27,21.737123489379883,,,,,,
2015-11-30,21.78724479675293,,,,,,
2015-12-01,21.68699836730957,,,,,,
2015-12-02,21.737123489379883,,,,,,
2015-12-03,21.21917533874512,,,,,,
2015-12-04,21.36954689025879,,,,,,
2015-12-07,21.43638038635254,,,,,,
2015-12-08,21.36954689025879,,,,,,
2015-12-09,21.14398956298828,,,,,,
2015-12-10,21.26094627380371,,,,,,
2015-12-11,21.17740631103516,,,,,,
2015-12-14,21.21917533874512,,,,,,
2015-12-15,21.336132049560547,,,,,,
2015-12-16,21.336132049560547,,,,,,
2015-12-17,21.53662872314453,,,,,,
2015-12-18,21.411317825317383,,,,,,
2015-12-21,21.336132049560547,,,,,,
2015-12-22,21.302717208862305,,,,,,
2015-12-23,21.336132049560547,,,,,,
2015-12-24,21.286006927490234,,,,,,
2015-12-28,21.26094627380371,,,,,,
2015-12-29,21.31942367553711,,,,,,
2015-12-30,21.31942367553711,,,,,,
2015-12-31,21.428024291992188,,,,,,
2016-01-04,21.461441040039062,,,,,,
2016-01-05,21.58675003051757,,,,,,
2016-01-06,21.52827262878418,,,,,,
2016-01-07,21.31106948852539,,,,,,
2016-01-08,21.352840423583984,,,,,,
2016-01-11,21.453086853027344,,,,,,
2016-01-12,21.48650360107422,,,,,,
2016-01-13,21.453086853027344,,,,,,
2016-01-14,21.511564254760746,,,,,,
2016-01-15,21.461441040039062,,,,,,
2016-01-19,21.503211975097656,,,,,,
2016-01-20,21.511564254760746,,,,,,
2016-01-21,21.48650360107422,,,,,,
2016-01-22,21.603458404541016,,,,,,
2016-01-25,21.53662872314453,,,,,,
2016-01-26,21.494855880737305,,,,,,
2016-01-27,21.478147506713867,,,,,,
2016-01-28,21.377899169921875,,,,,,
2016-01-29,21.603458404541016,,,,,,
2016-02-01,21.461441040039062,,,,,,
2016-02-02,21.444732666015625,,,,,,
2016-02-03,21.07715606689453,,,,,,
2016-02-04,20.93513870239257,,,,,,
2016-02-05,21.02703285217285,,,,,,
2016-02-08,20.97690963745117,,,,,,
2016-02-09,20.826534271240234,,,,,,
2016-02-10,20.78476524353028,,,,,,
2016-02-11,20.726289749145508,,,,,,
2016-02-12,20.81818389892578,,,,,,
2016-02-16,21.001968383789062,,,,,,
2016-02-17,20.993614196777344,,,,,,
2016-02-18,21.001968383789062,,,,,,
2016-02-19,20.943492889404297,,,,,,
2016-02-22,21.102218627929688,,,,,,
2016-02-23,21.110572814941406,,,,,,
2016-02-24,21.127281188964844,,,,,,
2016-02-25,21.110572814941406,,,,,,
2016-02-26,21.252592086791992,,,,,,
2016-02-29,21.29436111450196,,,,,,
2016-03-01,21.302717208862305,,,,,,
2016-03-02,21.286006927490234,,,,,,
2016-03-03,21.152341842651367,,,,,,
2016-03-04,21.09386444091797,,,,,,
2016-03-07,21.05209732055664,,,,,,
2016-03-08,21.06044578552246,,,,,,
2016-03-09,21.068803787231445,,,,,,
2016-03-10,20.85995483398437,,,,,,
2016-03-11,20.843246459960938,,,,,,
2016-03-14,20.926782608032227,,,,,,
2016-03-15,20.943492889404297,,,,,,
2016-03-16,20.71793365478516,,,,,,
2016-03-17,20.53414726257324,,,,,,
2016-03-18,20.58426856994629,,,,,,
2016-03-21,20.651103973388672,,,,,,
2016-03-22,20.70957946777344,,,,,,
2016-03-23,20.81818389892578,,,,,,
2016-03-24,20.826534271240234,,,,,,
2016-03-28,20.78476524353028,,,,,,
2016-03-29,20.600976943969727,,,,,,
2016-03-30,20.53414726257324,,,,,,
2016-03-31,20.500730514526367,,,,,,
2016-04-01,20.49237632751465,,,,,,
2016-04-04,20.47567176818848,,,,,,
2016-04-05,20.49237632751465,,,,,,
2016-04-06,20.45060539245605,,,,,,
2016-04-07,20.47567176818848,,,,,,
2016-04-08,20.40048217773437,,,,,,
2016-04-11,20.35035896301269,,,,,,
2016-04-12,20.35035896301269,,,,,,
2016-04-13,20.50908088684082,,,,,,
2016-04-14,20.55920791625977,,,,,,
2016-04-15,20.500730514526367,,,,,,
2016-04-18,20.45896339416504,,,,,,
2016-04-19,20.35871315002441,,,,,,
2016-04-20,20.47567176818848,,,,,,
2016-04-21,20.47567176818848,,,,,,
2016-04-22,20.59262657165528,,,,,,
2016-04-25,20.52578926086425,,,,,,
2016-04-26,20.467315673828125,,,,,,
2016-04-27,20.442251205444336,,,,,,
2016-04-28,20.275171279907227,,,,,,
2016-04-29,20.133155822753903,,,,,,
2016-05-02,20.05796813964844,,,,,,
2016-05-03,20.11644554138184,,,,,,
2016-05-04,20.191633224487305,,,,,,
2016-05-05,20.291879653930664,,,,,,
2016-05-06,20.31694221496582,,,,,,
2016-05-09,20.37542152404785,,,,,,
2016-05-10,20.39212989807129,,,,,,
2016-05-11,20.291879653930664,,,,,,
2016-05-12,20.3670654296875,,,,,,
2016-05-13,20.45896339416504,,,,,,
2016-05-16,20.45060539245605,,,,,,
2016-05-17,20.45060539245605,,,,,,
2016-05-18,20.59262657165528,,,,,,
2016-05-19,20.62604331970215,,,,,,
2016-05-20,20.62604331970215,,,,,,
2016-05-23,20.61768341064453,,,,,,
2016-05-24,20.684520721435547,,,,,,
2016-05-25,20.62604331970215,,,,,,
2016-05-26,20.59262657165528,,,,,,
2016-05-27,20.70957946777344,,,,,,
2016-05-31,20.75135040283203,,,,,,
2016-06-01,20.63439178466797,,,,,,
2016-06-02,20.659454345703125,,,,,,
2016-06-03,20.33365058898925,,,,,,
2016-06-06,20.33365058898925,,,,,,
2016-06-07,20.300233840942383,,,,,,
2016-06-08,20.241756439208984,,,,,,
2016-06-09,20.33365058898925,,,,,,
2016-06-10,20.467315673828125,,,,,,
2016-06-13,20.41719055175781,,,,,,
2016-06-14,20.542499542236328,,,,,,
2016-06-15,20.49237632751465,,,,,,
2016-06-16,20.467315673828125,,,,,,
2016-06-17,20.37542152404785,,,,,,
2016-06-20,20.258464813232425,,,,,,
2016-06-21,20.35871315002441,,,,,,
2016-06-22,20.26681900024414,,,,,,
2016-06-23,20.174922943115234,,,,,,
2016-06-24,20.701229095458984,,,,,,
2016-06-27,20.87666130065918,,,,,,
2016-06-28,20.77641487121582,,,,,,
2016-06-29,20.70957946777344,,,,,,
2016-06-30,20.75135040283203,,,,,,
2016-07-01,20.684520721435547,,,,,,
2016-07-05,20.826534271240234,,,,,,
2016-07-06,20.76805686950684,,,,,,
2016-07-07,20.81818389892578,,,,,,
2016-07-08,20.826534271240234,,,,,,
2016-07-11,20.88501739501953,,,,,,
2016-07-12,20.86830711364746,,,,,,
2016-07-13,20.81818389892578,,,,,,
2016-07-14,20.76805686950684,,,,,,
2016-07-15,20.851598739624023,,,,,,
2016-07-18,20.86830711364746,,,,,,
2016-07-19,20.968555450439453,,,,,,
2016-07-20,20.98526191711425,,,,,,
2016-07-21,20.951845169067383,,,,,,
2016-07-22,21.06044578552246,,,,,,
2016-07-25,21.02703285217285,,,,,,
2016-07-26,21.001968383789062,,,,,,
2016-07-27,20.901721954345703,,,,,,
2016-07-28,20.893369674682617,,,,,,
2016-07-29,20.60933494567871,,,,,,
2016-08-01,20.66781234741211,,,,,,
2016-08-02,20.52578926086425,,,,,,
2016-08-03,20.64274787902832,,,,,,
2016-08-04,20.67616271972656,,,,,,
2016-08-05,20.78476524353028,,,,,,
2016-08-08,20.80147361755371,,,,,,
2016-08-09,20.759706497192383,,,,,,
2016-08-10,20.651103973388672,,,,,,
2016-08-11,20.70957946777344,,,,,,
2016-08-12,20.67616271972656,,,,,,
2016-08-15,20.64274787902832,,,,,,
2016-08-16,20.45896339416504,,,,,,
2016-08-17,20.47567176818848,,,,,,
2016-08-18,20.32529640197754,,,,,,
2016-08-19,20.40048217773437,,,,,,
2016-08-22,20.42554473876953,,,,,,
2016-08-23,20.408836364746094,,,,,,
2016-08-24,20.467315673828125,,,,,,
2016-08-25,20.467315673828125,,,,,,
2016-08-26,20.61768341064453,,,,,,
2016-08-29,20.63439178466797,,,,,,
2016-08-30,20.742996215820312,,,,,,
2016-08-31,20.7346420288086,,,,,,
2016-09-01,20.659454345703125,,,,,,
2016-09-02,20.70957946777344,,,,,,
2016-09-06,20.467315673828125,,,,,,
2016-09-07,20.500730514526367,,,,,,
2016-09-08,20.52578926086425,,,,,,
2016-09-09,20.58426856994629,,,,,,
2016-09-12,20.55085563659668,,,,,,
2016-09-13,20.63439178466797,,,,,,
2016-09-14,20.58426856994629,,,,,,
2016-09-15,20.57591438293457,,,,,,
2016-09-16,20.742996215820312,,,,,,
2016-09-19,20.69287109375,,,,,,
2016-09-20,20.726289749145508,,,,,,
2016-09-21,20.63439178466797,,,,,,
2016-09-22,20.60933494567871,,,,,,
2016-09-23,20.61768341064453,,,,,,
2016-09-26,20.57591438293457,,,,,,
2016-09-27,20.59262657165528,,,,,,
2016-09-28,20.60933494567871,,,,,,
2016-09-29,20.62604331970215,,,,,,
2016-09-30,20.61768341064453,,,,,,
2016-10-03,20.659454345703125,,,,,,
2016-10-04,20.75135040283203,,,,,,
2016-10-05,20.77641487121582,,,,,,
2016-10-06,20.88501739501953,,,,,,
2016-10-07,20.851598739624023,,,,,,
2016-10-10,20.93513870239257,,,,,,
2016-10-11,21.09386444091797,,,,,,
2016-10-12,21.152341842651367,,,,,,
2016-10-13,21.07715606689453,,,,,,
2016-10-14,21.18575859069824,,,,,,
2016-10-17,21.13563346862793,,,,,,
2016-10-18,21.152341842651367,,,,,,
2016-10-19,21.16069793701172,,,,,,
2016-10-20,21.227527618408203,,,,,,
2016-10-21,21.302717208862305,,,,,,
2016-10-24,21.327777862548828,,,,,,
2016-10-25,21.31942367553711,,,,,,
2016-10-26,21.31106948852539,,,,,,
2016-10-27,21.352840423583984,,,,,,
2016-10-28,21.227527618408203,,,,,,
2016-10-31,21.235883712768555,,,,,,
2016-11-01,21.127281188964844,,,,,,
2016-11-02,21.05209732055664,,,,,,
2016-11-03,20.993614196777344,,,,,,
2016-11-04,20.93513870239257,,,,,,
2016-11-07,21.110572814941406,,,,,,
2016-11-08,21.169050216674805,,,,,,
2016-11-09,21.302717208862305,,,,,,
2016-11-10,21.344482421875,,,,,,
2016-11-11,21.377899169921875,,,,,,
2016-11-14,21.58675003051757,,,,,,
2016-11-15,21.62016868591309,,,,,,
2016-11-16,21.678646087646484,,,,,,
2016-11-17,21.803955078125,,,,,,
2016-11-18,21.87914085388184,,,,,,
2016-11-21,21.79560089111328,,,,,,
2016-11-22,21.829015731811523,,,,,,
2016-11-23,21.962684631347656,,,,,,
2016-11-25,21.9209098815918,,,,,,
2016-11-28,21.8624324798584,,,,,,
2016-11-29,21.81230926513672,,,,,,
2016-11-30,21.92926597595215,,,,,,
2016-12-01,21.81230926513672,,,,,,
2016-12-02,21.762184143066406,,,,,,
2016-12-05,21.62016868591309,,,,,,
2016-12-06,21.70370864868164,,,,,,
2016-12-07,21.63687515258789,,,,,,
2016-12-08,21.829015731811523,,,,,,
2016-12-09,21.9209098815918,,,,,,
2016-12-12,21.79560089111328,,,,,,
2016-12-13,21.82066535949707,,,,,,
2016-12-14,22.02951431274414,,,,,,
2016-12-15,22.271778106689453,,,,,,
2016-12-16,22.196592330932617,,,,,,
2016-12-19,22.26342391967773,,,,,,
2016-12-20,22.30519676208496,,,,,,
2016-12-21,22.23836326599121,,,,,,
2016-12-22,22.26342391967773,,,,,,
2016-12-23,22.24671745300293,,,,,,
2016-12-27,22.23836326599121,,,,,,
2016-12-28,22.296844482421875,,,,,,
2016-12-29,22.171531677246094,,,,,,
2016-12-30,22.104698181152344,,,,,,
2017-01-03,22.30519676208496,,,,,,
2017-01-04,22.13811683654785,,,,,,
2017-01-05,21.904203414916992,,,,,,
2017-01-06,22.062929153442383,,,,,,
2017-01-09,22.004451751708984,,,,,,
2017-01-10,22.012805938720703,,,,,,
2017-01-11,21.962684631347656,,,,,,
2017-01-12,21.87914085388184,,,,,,
2017-01-13,21.854080200195312,,,,,,
2017-01-17,21.653583526611328,,,,,,
2017-01-18,21.854080200195312,,,,,,
2017-01-19,21.82066535949707,,,,,,
2017-01-20,21.7454776763916,,,,,,
2017-01-23,21.628522872924805,,,,,,
2017-01-24,21.63687515258789,,,,,,
2017-01-25,21.561691284179688,,,,,,
2017-01-26,21.70370864868164,,,,,,
2017-01-27,21.71206283569336,,,,,,
2017-01-30,21.6702938079834,,,,,,
2017-01-31,21.494855880737305,,,,,,
2017-02-01,21.511564254760746,,,,,,
2017-02-02,21.544984817504883,,,,,,
2017-02-03,21.53662872314453,,,,,,
2017-02-06,21.553333282470703,,,,,,
2017-02-07,21.66193580627441,,,,,,
2017-02-08,21.63687515258789,,,,,,
2017-02-09,21.72041702270508,,,,,,
2017-02-10,21.7454776763916,,,,,,
2017-02-13,21.79560089111328,,,,,,
2017-02-14,21.845722198486328,,,,,,
2017-02-15,21.803955078125,,,,,,
2017-02-16,21.678646087646484,,,,,,
2017-02-17,21.78724479675293,,,,,,
2017-02-21,21.887496948242188,,,,,,
2017-02-22,21.837371826171875,,,,,,
2017-02-23,21.78724479675293,,,,,,
2017-02-24,21.829015731811523,,,,,,
2017-02-27,21.829015731811523,,,,,,
2017-02-28,21.81230926513672,,,,,,
2017-03-01,21.962684631347656,,,,,,
2017-03-02,22.054576873779297,,,,,,
2017-03-03,21.8624324798584,,,,,,
2017-03-06,21.937618255615234,,,,,,
2017-03-07,21.962684631347656,,,,,,
2017-03-08,22.03786849975586,,,,,,
2017-03-09,21.99609565734864,,,,,,
2017-03-10,21.845722198486328,,,,,,
2017-03-13,21.87914085388184,,,,,,
2017-03-14,21.954326629638672,,,,,,
2017-03-15,21.69535255432129,,,,,,
2017-03-16,21.62016868591309,,,,,,
2017-03-17,21.628522872924805,,,,,,
2017-03-20,21.63687515258789,,,,,,
2017-03-21,21.503211975097656,,,,,,
2017-03-22,21.48650360107422,,,,,,
2017-03-23,21.511564254760746,,,,,,
2017-03-24,21.503211975097656,,,,,,
2017-03-27,21.386255264282227,,,,,,
2017-03-28,21.503211975097656,,,,,,
2017-03-29,21.544984817504883,,,,,,
2017-03-30,21.68699836730957,,,,,,
2017-03-31,21.678646087646484,,,,,,
2017-04-03,21.678646087646484,,,,,,
2017-04-04,21.70370864868164,,,,,,
2017-04-05,21.69535255432129,,,,,,
2017-04-06,21.7454776763916,,,,,,
2017-04-07,21.845722198486328,,,,,,
2017-04-10,21.803955078125,,,,,,
2017-04-11,21.737123489379883,,,,,,
2017-04-12,21.628522872924805,,,,,,
2017-04-13,21.70370864868164,,,,,,
2017-04-17,21.64522933959961,,,,,,
2017-04-18,21.461441040039062,,,,,,
2017-04-19,21.53662872314453,,,,,,
2017-04-20,21.544984817504883,,,,,,
2017-04-21,21.561691284179688,,,,,,
2017-04-24,21.36119079589844,,,,,,
2017-04-25,21.302717208862305,,,,,,
2017-04-26,21.352840423583984,,,,,,
2017-04-27,21.386255264282227,,,,,,
2017-04-28,21.36119079589844,,,,,,
2017-05-01,21.377899169921875,,,,,,
2017-05-02,21.344482421875,,,,,,
2017-05-03,21.428024291992188,,,,,,
2017-05-04,21.29436111450196,,,,,,
2017-05-05,21.26094627380371,,,,,,
2017-05-08,21.377899169921875,,,,,,
2017-05-09,21.48650360107422,,,,,,
2017-05-10,21.494855880737305,,,,,,
2017-05-11,21.503211975097656,,,,,,
2017-05-12,21.394609451293945,,,,,,
2017-05-15,21.336132049560547,,,,,,
2017-05-16,21.17740631103516,,,,,,
2017-05-17,21.03538703918457,,,,,,
2017-05-18,21.110572814941406,,,,,,
2017-05-19,20.96020126342773,,,,,,
2017-05-22,20.926782608032227,,,,,,
2017-05-23,21.0186767578125,,,,,,
2017-05-24,20.951845169067383,,,,,,
2017-05-25,20.97690963745117,,,,,,
2017-05-26,21.02703285217285,,,,,,
2017-05-30,21.001968383789062,,,,,,
2017-05-31,20.951845169067383,,,,,,
2017-06-01,20.97690963745117,,,,,,
2017-06-02,20.87666130065918,,,,,,
2017-06-05,20.893369674682617,,,,,,
2017-06-06,20.843246459960938,,,,,,
2017-06-07,20.86830711364746,,,,,,
2017-06-08,20.943492889404297,,,,,,
2017-06-09,21.01032447814941,,,,,,
2017-06-12,20.97690963745117,,,,,,
2017-06-13,20.951845169067383,,,,,,
2017-06-14,20.93513870239257,,,,,,
2017-06-15,21.06044578552246,,,,,,
2017-06-16,20.98526191711425,,,,,,
2017-06-19,21.07715606689453,,,,,,
2017-06-20,21.110572814941406,,,,,,
2017-06-21,21.068803787231445,,,,,,
2017-06-22,21.07715606689453,,,,,,
2017-06-23,21.01032447814941,,,,,,
2017-06-26,21.04374122619629,,,,,,
2017-06-27,20.809829711914062,,,,,,
2017-06-28,20.742996215820312,,,,,,
2017-06-29,20.64274787902832,,,,,,
2017-06-30,20.67616271972656,,,,,,
2017-07-03,20.80147361755371,,,,,,
2017-07-05,20.809829711914062,,,,,,
2017-07-06,20.71793365478516,,,,,,
2017-07-07,20.75135040283203,,,,,,
2017-07-10,20.759706497192383,,,,,,
2017-07-11,20.684520721435547,,,,,,
2017-07-12,20.684520721435547,,,,,,
2017-07-13,20.69287109375,,,,,,
2017-07-14,20.567562103271484,,,,,,
2017-07-17,20.567562103271484,,,,,,
2017-07-18,20.45896339416504,,,,,,
2017-07-19,20.50908088684082,,,,,,
2017-07-20,20.38377571105957,,,,,,
2017-07-21,20.31694221496582,,,,,,
2017-07-24,20.32529640197754,,,,,,
2017-07-25,20.35871315002441,,,,,,
2017-07-26,20.241756439208984,,,,,,
2017-07-27,20.31694221496582,,,,,,
2017-07-28,20.191633224487305,,,,,,
2017-07-31,20.10809135437012,,,,,,
2017-08-01,20.141508102416992,,,,,,
2017-08-02,20.11644554138184,,,,,,
2017-08-03,20.066320419311523,,,,,,
2017-08-04,20.241756439208984,,,,,,
2017-08-07,20.2333984375,,,,,,
2017-08-08,20.26681900024414,,,,,,
2017-08-09,20.25010681152344,,,,,,
2017-08-10,20.216693878173828,,,,,,
2017-08-11,20.141508102416992,,,,,,
2017-08-14,20.225048065185547,,,,,,
2017-08-15,20.31694221496582,,,,,,
2017-08-16,20.25010681152344,,,,,,
2017-08-17,20.291879653930664,,,,,,
2017-08-18,20.225048065185547,,,,,,
2017-08-21,20.16656875610352,,,,,,
2017-08-22,20.25010681152344,,,,,,
2017-08-23,20.16656875610352,,,,,,
2017-08-24,20.208341598510746,,,,,,
2017-08-25,20.041259765625,,,,,,
2017-08-28,19.9827823638916,,,,,,
2017-08-29,20.00784492492676,,,,,,
2017-08-30,20.133155822753903,,,,,,
2017-08-31,20.074678421020508,,,,,,
2017-09-01,20.11644554138184,,,,,,
2017-09-05,20.00784492492676,,,,,,
2017-09-06,19.99113845825196,,,,,,
2017-09-07,19.84911727905273,,,,,,
2017-09-08,19.79899406433105,,,,,,
2017-09-11,19.93265724182129,,,,,,
2017-09-12,19.924304962158203,,,,,,
2017-09-13,20.041259765625,,,,,,
2017-09-14,19.9827823638916,,,,,,
2017-09-15,19.915950775146484,,,,,,
2017-09-18,19.966073989868164,,,,,,
2017-09-19,19.90759658813477,,,,,,
2017-09-20,20.066320419311523,,,,,,
2017-09-21,20.00784492492676,,,,,,
2017-09-22,19.99113845825196,,,,,,
2017-09-25,20.10809135437012,,,,,,
2017-09-26,20.174922943115234,,,,,,
2017-09-27,20.275171279907227,,,,,,
2017-09-28,20.216693878173828,,,,,,
2017-09-29,20.19998550415039,,,,,,
2017-10-02,20.31694221496582,,,,,,
2017-10-03,20.3085880279541,,,,,,
2017-10-04,20.28352928161621,,,,,,
2017-10-05,20.39212989807129,,,,,,
2017-10-06,20.35871315002441,,,,,,
2017-10-09,20.32529640197754,,,,,,
2017-10-10,20.216693878173828,,,,,,
2017-10-11,20.158212661743164,,,,,,
2017-10-12,20.19998550415039,,,,,,
2017-10-13,20.19998550415039,,,,,,
2017-10-16,20.25010681152344,,,,,,
2017-10-17,20.300233840942383,,,,,,
2017-10-18,20.275171279907227,,,,,,
2017-10-19,20.225048065185547,,,,,,
2017-10-20,20.342004776000977,,,,,,
2017-10-23,20.3670654296875,,,,,,
2017-10-24,20.40048217773437,,,,,,
2017-10-25,20.35035896301269,,,,,,
2017-10-26,20.567562103271484,,,,,,
2017-10-27,20.61768341064453,,,,,,
2017-10-30,20.51744079589844,,,,,,
2017-10-31,20.53414726257324,,,,,,
2017-11-01,20.57591438293457,,,,,,
2017-11-02,20.57591438293457,,,,,,
2017-11-03,20.62604331970215,,,,,,
2017-11-06,20.57591438293457,,,,,,
2017-11-07,20.60933494567871,,,,,,
2017-11-08,20.600976943969727,,,,,,
2017-11-09,20.51744079589844,,,,,,
2017-11-10,20.500730514526367,,,,,,
2017-11-13,20.51744079589844,,,,,,
2017-11-14,20.37542152404785,,,,,,
2017-11-15,20.3670654296875,,,,,,
2017-11-16,20.39212989807129,,,,,,
2017-11-17,20.33365058898925,,,,,,
2017-11-20,20.433897018432617,,,,,,
2017-11-21,20.408836364746094,,,,,,
2017-11-22,20.25010681152344,,,,,,
2017-11-24,20.158212661743164,,,,,,
2017-11-27,20.183279037475582,,,,,,
2017-11-28,20.26681900024414,,,,,,
2017-11-29,20.258464813232425,,,,,,
2017-11-30,20.208341598510746,,,,,,
2017-12-01,20.191633224487305,,,,,,
2017-12-04,20.258464813232425,,,,,,
2017-12-05,20.291879653930664,,,,,,
2017-12-06,20.342004776000977,,,,,,
2017-12-07,20.38377571105957,,,,,,
2017-12-08,20.41719055175781,,,,,,
2017-12-11,20.41719055175781,,,,,,
2017-12-12,20.45060539245605,,,,,,
2017-12-13,20.3085880279541,,,,,,
2017-12-14,20.32529640197754,,,,,,
2017-12-15,20.408836364746094,,,,,,
2017-12-18,20.377899169921875,,,,,,
2017-12-19,20.31936264038086,,,,,,
2017-12-20,20.294279098510746,,,,,,
2017-12-21,20.28591728210449,,,,,,
2017-12-22,20.294279098510746,,,,,,
2017-12-26,20.27755546569824,,,,,,
2017-12-27,20.235746383666992,,,,,,
2017-12-28,20.177209854125977,,,,,,
2017-12-29,20.093595504760746,,,,,,
2018-01-02,20.00997543334961,,,,,,
2018-01-03,20.08523178100586,,,,,,
2018-01-04,20.01833915710449,,,,,,
2018-01-05,20.03506088256836,,,,,,
2018-01-08,20.12704086303711,,,,,,
2018-01-09,20.168851852416992,,,,,,
2018-01-10,20.118677139282227,,,,,,
2018-01-11,20.03506088256836,,,,,,
2018-01-12,19.82601356506348,,,,,,
2018-01-16,19.71730613708496,,,,,,
2018-01-17,19.767480850219727,,,,,,
2018-01-18,19.742393493652344,,,,,,
2018-01-19,19.775840759277344,,,,,,
2018-01-22,19.708948135375977,,,,,,
2018-01-23,19.658775329589844,,,,,,
2018-01-24,19.466453552246094,,,,,,
2018-01-25,19.491539001464844,,,,,,
2018-01-26,19.44972801208496,,,,,,
2018-01-29,19.499900817871094,,,,,,
2018-01-30,19.466453552246094,,,,,,
2018-01-31,19.441368103027344,,,,,,
2018-02-01,19.34102249145508,,,,,,
2018-02-02,19.45808982849121,,,,,,
2018-02-05,19.541709899902344,,,,,,
2018-02-06,19.5835189819336,,,,,,
2018-02-07,19.734031677246094,,,,,,
2018-02-08,19.734031677246094,,,,,,
2018-02-09,19.750757217407227,,,,,,
2018-02-12,19.6838607788086,,,,,,
2018-02-13,19.575157165527344,,,,,,
2018-02-14,19.42464256286621,,,,,,
2018-02-15,19.34102249145508,,,,,,
2018-02-16,19.474815368652344,,,,,,
2018-02-20,19.600244522094727,,,,,,
2018-02-21,19.675500869750977,,,,,,
2018-02-22,19.608606338500977,,,,,,
2018-02-23,19.650415420532227,,,,,,
2018-02-26,19.625328063964844,,,,,,
2018-02-27,19.750757217407227,,,,,,
2018-02-28,19.809289932250977,,,,,,
2018-03-01,19.742393493652344,,,,,,
2018-03-02,19.658775329589844,,,,,,
2018-03-05,19.658775329589844,,,,,,
2018-03-06,19.608606338500977,,,,,,
2018-03-07,19.59188270568848,,,,,,
2018-03-08,19.71730613708496,,,,,,
2018-03-09,19.69222450256348,,,,,,
2018-03-12,19.667139053344727,,,,,,
2018-03-13,19.61696434020996,,,,,,
2018-03-14,19.625328063964844,,,,,,
2018-03-15,19.700584411621094,,,,,,
2018-03-16,19.750757217407227,,,,,,
2018-03-19,19.667139053344727,,,,,,
2018-03-20,19.784204483032227,,,,,,
2018-03-21,19.625328063964844,,,,,,
2018-03-22,19.650415420532227,,,,,,
2018-03-23,19.5835189819336,,,,,,
2018-03-26,19.491539001464844,,,,,,
2018-03-27,19.5835189819336,,,,,,
2018-03-28,19.75911521911621,,,,,,
2018-03-29,19.742393493652344,,,,,,
2018-04-02,19.734031677246094,,,,,,
2018-04-03,19.767480850219727,,,,,,
2018-04-04,19.75911521911621,,,,,,
2018-04-05,19.834373474121094,,,,,,
2018-04-06,19.75911521911621,,,,,,
2018-04-09,19.708948135375977,,,,,,
2018-04-10,19.658775329589844,,,,,,
2018-04-11,19.642051696777344,,,,,,
2018-04-12,19.6838607788086,,,,,,
2018-04-13,19.6838607788086,,,,,,
2018-04-16,19.61696434020996,,,,,,
2018-04-17,19.61696434020996,,,,,,
2018-04-18,19.658775329589844,,,,,,
2018-04-19,19.71730613708496,,,,,,
2018-04-20,19.834373474121094,,,,,,
2018-04-23,19.95980453491211,,,,,,
2018-04-24,19.93471908569336,,,,,,
2018-04-25,20.01833915710449,,,,,,
2018-04-26,20.110315322875977,,,,,,
2018-04-27,20.093595504760746,,,,,,
2018-04-30,20.177209854125977,,,,,,
2018-05-01,20.31100273132324,,,,,,
2018-05-02,20.402982711791992,,,,,,
2018-05-03,20.31936264038086,,,,,,
2018-05-04,20.34444999694824,,,,,,
2018-05-07,20.38625907897949,,,,,,
2018-05-08,20.461515426635746,,,,,,
2018-05-09,20.461515426635746,,,,,,
2018-05-10,20.369535446166992,,,,,,
2018-05-11,20.336088180541992,,,,,,
2018-05-14,20.361173629760746,,,,,,
2018-05-15,20.486602783203125,,,,,,
2018-05-16,20.536773681640625,,,,,,
2018-05-17,20.561857223510746,,,,,,
2018-05-18,20.603666305541992,,,,,,
2018-05-21,20.58694648742676,,,,,,
2018-05-22,20.57858085632324,,,,,,
2018-05-23,20.662199020385746,,,,,,
2018-05-24,20.637115478515625,,,,,,
2018-05-25,20.737455368041992,,,,,,
2018-05-29,20.879610061645508,,,,,,
2018-05-30,20.72073554992676,,,,,,
2018-05-31,20.704010009765625,,,,,,
2018-06-01,20.737455368041992,,,,,,
2018-06-04,20.72073554992676,,,,,,
2018-06-05,20.69564819335937,,,,,,
2018-06-06,20.637115478515625,,,,,,
2018-06-07,20.59530258178711,,,,,,
2018-06-08,20.603666305541992,,,,,,
2018-06-11,20.620391845703125,,,,,,
2018-06-12,20.662199020385746,,,,,,
2018-06-13,20.62875366210937,,,,,,
2018-06-14,20.896333694458008,,,,,,
2018-06-15,20.879610061645508,,,,,,
2018-06-18,20.879610061645508,,,,,,
2018-06-19,20.93814277648925,,,,,,
2018-06-20,20.95486640930176,,,,,,
2018-06-21,20.896333694458008,,,,,,
2018-06-22,20.82107734680176,,,,,,
2018-06-25,20.78763008117676,,,,,,
2018-06-26,20.896333694458008,,,,,,
2018-06-27,21.02176094055176,,,,,,
2018-06-28,21.02176094055176,,,,,,
2018-06-29,20.85452651977539,,,,,,
2018-07-02,20.95486640930176,,,,,,
2018-07-03,20.88797187805176,,,,,,
2018-07-05,20.82107734680176,,,,,,
2018-07-06,20.754180908203125,,,,,,
2018-07-09,20.762544631958008,,,,,,
2018-07-10,20.77090644836425,,,,,,
2018-07-11,20.91305923461914,,,,,,
2018-07-12,20.92978286743164,,,,,,
2018-07-13,20.90469551086425,,,,,,
2018-07-16,20.87124824523925,,,,,,
2018-07-17,20.963228225708008,,,,,,
2018-07-18,20.98831558227539,,,,,,
2018-07-19,21.030122756958008,,,,,,
2018-07-20,20.86288833618164,,,,,,
2018-07-23,20.896333694458008,,,,,,
2018-07-24,20.90469551086425,,,,,,
2018-07-25,20.80435371398925,,,,,,
2018-07-26,20.946504592895508,,,,,,
2018-07-27,20.92141914367676,,,,,,
2018-07-30,20.846162796020508,,,,,,
2018-07-31,20.88797187805176,,,,,,
2018-08-01,20.91305923461914,,,,,,
2018-08-02,21.030122756958008,,,,,,
2018-08-03,21.046846389770508,,,,,,
2018-08-06,21.080291748046875,,,,,,
2018-08-07,21.05520820617676,,,,,,
2018-08-08,21.030122756958008,,,,,,
2018-08-09,21.15555000305176,,,,,,
2018-08-10,21.30606460571289,,,,,,
2018-08-13,21.314428329467773,,,,,,
2018-08-14,21.39804458618164,,,,,,
2018-08-15,21.39804458618164,,,,,,
2018-08-16,21.38132095336914,,,,,,
2018-08-17,21.27262115478516,,,,,,
2018-08-20,21.22244644165039,,,,,,
2018-08-21,21.097017288208008,,,,,,
2018-08-22,21.03848457336425,,,,,,
2018-08-23,21.17227554321289,,,,,,
2018-08-24,21.071935653686523,,,,,,
2018-08-27,20.98831558227539,,,,,,
2018-08-28,20.98831558227539,,,,,,
2018-08-29,20.95486640930176,,,,,,
2018-08-30,20.97159004211425,,,,,,
2018-08-31,21.06357192993164,,,,,,
2018-09-04,21.15555000305176,,,,,,
2018-09-05,21.080291748046875,,,,,,
2018-09-06,21.080291748046875,,,,,,
2018-09-07,21.13882827758789,,,,,,
2018-09-10,21.097017288208008,,,,,,
2018-09-11,21.11374282836914,,,,,,
2018-09-12,21.03848457336425,,,,,,
2018-09-13,20.979949951171875,,,,,,
2018-09-14,21.05520820617676,,,,,,
2018-09-17,20.95486640930176,,,,,,
2018-09-18,20.98831558227539,,,,,,
2018-09-19,20.979949951171875,,,,,,
2018-09-20,20.829439163208008,,,,,,
2018-09-21,20.896333694458008,,,,,,
2018-09-24,20.896333694458008,,,,,,
2018-09-25,20.91305923461914,,,,,,
2018-09-26,20.92141914367676,,,,,,
2018-09-27,21.071935653686523,,,,,,
2018-09-28,21.12210273742676,,,,,,
2018-10-01,21.15555000305176,,,,,,
2018-10-02,21.189001083374023,,,,,,
2018-10-03,21.255895614624023,,,,,,
2018-10-04,21.26425743103028,,,,,,
2018-10-05,21.23917007446289,,,,,,
2018-10-08,21.26425743103028,,,,,,
2018-10-09,21.255895614624023,,,,,,
2018-10-10,21.23080825805664,,,,,,
2018-10-11,21.11374282836914,,,,,,
2018-10-12,21.18063735961914,,,,,,
2018-10-15,21.13046836853028,,,,,,
2018-10-16,21.13882827758789,,,,,,
2018-10-17,21.24753189086914,,,,,,
2018-10-18,21.339513778686523,,,,,,
2018-10-19,21.29770469665528,,,,,,
2018-10-22,21.372961044311523,,,,,,
2018-10-23,21.339513778686523,,,,,,
2018-10-24,21.44821548461914,,,,,,
2018-10-25,21.506750106811523,,,,,,
2018-10-26,21.44821548461914,,,,,,
2018-10-29,21.506750106811523,,,,,,
2018-10-30,21.598731994628903,,,,,,
2018-10-31,21.590370178222656,,,,,,
2018-11-01,21.44821548461914,,,,,,
2018-11-02,21.49838638305664,,,,,,
2018-11-05,21.490028381347656,,,,,,
2018-11-06,21.43985366821289,,,,,,
2018-11-07,21.39804458618164,,,,,,
2018-11-08,21.52347183227539,,,,,,
2018-11-09,21.565284729003903,,,,,,
2018-11-12,21.75760841369629,,,,,,
2018-11-13,21.682350158691406,,,,,,
2018-11-14,21.607091903686523,,,,,,
2018-11-15,21.657264709472656,,,,,,
2018-11-16,21.49838638305664,,,,,,
2018-11-19,21.481664657592773,,,,,,
2018-11-20,21.590370178222656,,,,,,
2018-11-21,21.590370178222656,,,,,,
2018-11-23,21.632179260253903,,,,,,
2018-11-26,21.67399024963379,,,,,,
2018-11-27,21.73252296447754,,,,,,
2018-11-28,21.623817443847656,,,,,,
2018-11-29,21.590370178222656,,,,,,
2018-11-30,21.67399024963379,,,,,,
2018-12-03,21.682350158691406,,,,,,
2018-12-04,21.64054107666016,,,,,,
2018-12-06,21.632179260253903,,,,,,
2018-12-07,21.573644638061523,,,,,,
2018-12-10,21.71579933166504,,,,,,
2018-12-11,21.77433204650879,,,,,,
2018-12-12,21.69071388244629,,,,,,
2018-12-13,21.69071388244629,,,,,,
2018-12-14,21.77433204650879,,,,,,
2018-12-17,21.71579933166504,,,,,,
2018-12-18,21.707433700561523,,,,,,
2018-12-19,21.71579933166504,,,,,,
2018-12-20,21.548561096191406,,,,,,
2018-12-21,21.69071388244629,,,,,,
2018-12-24,21.5943603515625,,,,,,
2018-12-26,21.704233169555664,,,,,,
2018-12-27,21.61126708984375,,,,,,
2018-12-28,21.55210304260254,,,,,,
2018-12-31,21.50984573364257,,,,,,
2019-01-02,21.670425415039062,,,,,,
2019-01-03,21.55210304260254,,,,,,
2019-01-04,21.518293380737305,,,,,,
2019-01-07,21.42532730102539,,,,,,
2019-01-08,21.49294090270996,,,,,,
2019-01-09,21.290098190307617,,,,,,
2019-01-10,21.41687393188477,,,,,,
2019-01-11,21.43377685546875,,,,,,
2019-01-14,21.43377685546875,,,,,,
2019-01-15,21.50984573364257,,,,,,
2019-01-16,21.53519821166992,,,,,,
2019-01-17,21.53519821166992,,,,,,
2019-01-18,21.602813720703125,,,,,,
2019-01-22,21.602813720703125,,,,,,
2019-01-23,21.55210304260254,,,,,,
2019-01-24,21.67888069152832,,,,,,
2019-01-25,21.50139236450196,,,,,,
2019-01-28,21.518293380737305,,,,,,
2019-01-29,21.52674674987793,,,,,,
2019-01-30,21.41687393188477,,,,,,
2019-01-31,21.45913314819336,,,,,,
2019-02-01,21.45913314819336,,,,,,
2019-02-04,21.518293380737305,,,,,,
2019-02-05,21.57746124267578,,,,,,
2019-02-06,21.661975860595703,,,,,,
2019-02-07,21.71268653869629,,,,,,
2019-02-08,21.738040924072266,,,,,,
2019-02-11,21.82256126403809,,,,,,
2019-02-12,21.74649429321289,,,,,,
2019-02-13,21.86482048034668,,,,,,
2019-02-14,21.83946418762207,,,,,,
2019-02-15,21.79720687866211,,,,,,
2019-02-19,21.71268653869629,,,,,,
2019-02-20,21.72958946228028,,,,,,
2019-02-21,21.74649429321289,,,,,,
2019-02-22,21.738040924072266,,,,,,
2019-02-25,21.72113990783692,,,,,,
2019-02-26,21.636619567871094,,,,,,
2019-02-27,21.65352439880371,,,,,,
2019-02-28,21.670425415039062,,,,,,
2019-03-01,21.754945755004883,,,,,,
2019-03-04,21.78030014038086,,,,,,
2019-03-05,21.83946418762207,,,,,,
2019-03-06,21.83946418762207,,,,,,
2019-03-07,22.033855438232425,,,,,,
2019-03-08,21.96623992919922,,,,,,
2019-03-11,21.91552925109864,,,,,,
2019-03-12,21.873271942138672,,,,,,
2019-03-13,21.771848678588867,,,,,,
2019-03-14,21.83946418762207,,,,,,
2019-03-15,21.80565643310547,,,,,,
2019-03-18,21.78030014038086,,,,,,
2019-03-19,21.754945755004883,,,,,,
2019-03-20,21.6281681060791,,,,,,
2019-03-21,21.763399124145508,,,,,,
2019-03-22,21.80565643310547,,,,,,
2019-03-25,21.80565643310547,,,,,,
2019-03-26,21.873271942138672,,,,,,
2019-03-27,21.89862632751465,,,,,,
2019-03-28,21.974693298339844,,,,,,
2019-03-29,22.00004768371582,,,,,,
2019-04-01,21.98314476013184,,,,,,
2019-04-02,22.008501052856445,,,,,,
2019-04-03,21.974693298339844,,,,,,
2019-04-04,22.00004768371582,,,,,,
2019-04-05,22.02540397644043,,,,,,
2019-04-08,21.949337005615234,,,,,,
2019-04-09,21.95779037475586,,,,,,
2019-04-10,21.92398452758789,,,,,,
2019-04-11,21.99159812927246,,,,,,
2019-04-12,21.94088554382324,,,,,,
2019-04-15,21.93243408203125,,,,,,
2019-04-16,21.98314476013184,,,,,,
2019-04-17,21.96623992919922,,,,,,
2019-04-18,22.08456420898437,,,,,,
2019-04-22,22.033855438232425,,,,,,
2019-04-23,22.109922409057617,,,,,,
2019-04-24,22.21979522705078,,,,,,
2019-04-25,22.26205444335937,,,,,,
2019-04-26,22.23669815063477,,,,,,
2019-04-29,22.18598747253418,,,,,,
2019-04-30,22.118371963500977,,,,,,
2019-05-01,22.14373016357422,,,,,,
2019-05-02,22.194440841674805,,,,,,
2019-05-03,22.109922409057617,,,,,,
2019-05-06,22.126827239990234,,,,,,
2019-05-07,22.14373016357422,,,,,,
2019-05-08,22.152177810668945,,,,,,
2019-05-09,22.109922409057617,,,,,,
2019-05-10,22.101469039916992,,,,,,
2019-05-13,22.101469039916992,,,,,,
2019-05-14,22.152177810668945,,,,,,
2019-05-15,22.160633087158203,,,,,,
2019-05-16,22.21979522705078,,,,,,
2019-05-17,22.270505905151367,,,,,,
2019-05-20,22.25360107421875,,,,,,
2019-05-21,22.28740882873535,,,,,,
2019-05-22,22.304311752319336,,,,,,
2019-05-23,22.26205444335937,,,,,,
2019-05-24,22.18598747253418,,,,,,
2019-05-28,22.278959274291992,,,,,,
2019-05-29,22.32966995239257,,,,,,
2019-05-30,22.33812141418457,,,,,,
2019-05-31,22.24515151977539,,,,,,
2019-06-03,22.126827239990234,,,,,,
2019-06-04,22.101469039916992,,,,,,
2019-06-05,22.177536010742188,,,,,,
2019-06-06,22.101469039916992,,,,,,
2019-06-07,22.008501052856445,,,,,,
2019-06-10,22.033855438232425,,,,,,
2019-06-11,22.04230690002441,,,,,,
2019-06-12,22.101469039916992,,,,,,
2019-06-13,22.118371963500977,,,,,,
2019-06-14,22.23669815063477,,,,,,
2019-06-17,22.24515151977539,,,,,,
2019-06-18,22.278959274291992,,,,,,
2019-06-19,22.177536010742188,,,,,,
2019-06-20,22.04230690002441,,,,,,
2019-06-21,21.93243408203125,,,,,,
2019-06-24,21.89862632751465,,,,,,
2019-06-25,21.949337005615234,,,,,,
2019-06-26,21.96623992919922,,,,,,
2019-06-27,21.96623992919922,,,,,,
2019-06-28,21.949337005615234,,,,,,
2019-07-01,22.109922409057617,,,,,,
2019-07-02,22.09301948547364,,,,,,
2019-07-03,22.09301948547364,,,,,,
2019-07-05,22.21134376525879,,,,,,
2019-07-08,22.25360107421875,,,,,,
2019-07-09,22.270505905151367,,,,,,
2019-07-10,22.177536010742188,,,,,,
2019-07-11,22.177536010742188,,,,,,
2019-07-12,22.135278701782227,,,,,,
2019-07-15,22.169084548950195,,,,,,
2019-07-16,22.270505905151367,,,,,,
2019-07-17,22.228246688842773,,,,,,
2019-07-18,22.109922409057617,,,,,,
2019-07-19,22.21979522705078,,,,,,
2019-07-22,22.26205444335937,,,,,,
2019-07-23,22.363475799560547,,,,,,
2019-07-24,22.363475799560547,,,,,,
2019-07-25,22.405736923217773,,,,,,
2019-07-26,22.439542770385746,,,,,,
2019-07-29,22.456445693969727,,,,,,
2019-07-30,22.456445693969727,,,,,,
2019-07-31,22.5916748046875,,,,,,
2019-08-01,22.524059295654297,,,,,,
2019-08-02,22.473350524902344,,,,,,
2019-08-05,22.363475799560547,,,,,,
2019-08-06,22.38883209228516,,,,,,
2019-08-07,22.37192916870117,,,,,,
2019-08-08,22.38883209228516,,,,,,
2019-08-09,22.363475799560547,,,,,,
2019-08-12,22.34657287597656,,,,,,
2019-08-13,22.4479923248291,,,,,,
2019-08-14,22.49870491027832,,,,,,
2019-08-15,22.515607833862305,,,,,,
2019-08-16,22.53251266479492,,,,,,
2019-08-19,22.583223342895508,,,,,,
2019-08-20,22.53251266479492,,,,,,
2019-08-21,22.55786895751953,,,,,,
2019-08-22,22.540966033935547,,,,,,
2019-08-23,22.414186477661133,,,,,,
2019-08-26,22.53251266479492,,,,,,
2019-08-27,22.515607833862305,,,,,,
2019-08-28,22.566320419311523,,,,,,
2019-08-29,22.6254825592041,,,,,,
2019-08-30,22.71000099182129,,,,,,
2019-09-03,22.760711669921875,,,,,,
2019-09-04,22.61703109741211,,,,,,
2019-09-05,22.6254825592041,,,,,,
2019-09-06,22.633934020996094,,,,,,
2019-09-09,22.5916748046875,,,,,,
2019-09-10,22.61703109741211,,,,,,
2019-09-11,22.68464469909668,,,,,,
2019-09-12,22.61703109741211,,,,,,
2019-09-13,22.583223342895508,,,,,,
2019-09-16,22.68464469909668,,,,,,
2019-09-17,22.583223342895508,,,,,,
2019-09-18,22.66774177551269,,,,,,
2019-09-19,22.61703109741211,,,,,,
2019-09-20,22.676193237304688,,,,,,
2019-09-23,22.71000099182129,,,,,,
2019-09-24,22.6254825592041,,,,,,
2019-09-25,22.80297088623047,,,,,,
2019-09-26,22.86213111877441,,,,,,
2019-09-27,22.828325271606445,,,,,,
2019-09-30,22.90439224243164,,,,,,
2019-10-01,22.828325271606445,,,,,,
2019-10-02,22.81142234802246,,,,,,
2019-10-03,22.80297088623047,,,,,,
2019-10-04,22.78606414794922,,,,,,
2019-10-07,22.828325271606445,,,,,,
2019-10-08,22.86213111877441,,,,,,
2019-10-09,22.845230102539062,,,,,,
2019-10-10,22.75225830078125,,,,,,
2019-10-11,22.66774177551269,,,,,,
2019-10-14,22.735355377197266,,,,,,
2019-10-15,22.66774177551269,,,,,,
2019-10-16,22.608577728271484,,,,,,
2019-10-17,22.524059295654297,,,,,,
2019-10-18,22.439542770385746,,,,,,
2019-10-21,22.456445693969727,,,,,,
2019-10-22,22.507158279418945,,,,,,
2019-10-23,22.49870491027832,,,,,,
2019-10-24,22.566320419311523,,,,,,
2019-10-25,22.5916748046875,,,,,,
2019-10-28,22.57477188110352,,,,,,
2019-10-29,22.566320419311523,,,,,,
2019-10-30,22.515607833862305,,,,,,
2019-10-31,22.473350524902344,,,,,,
2019-11-01,22.46489906311035,,,,,,
2019-11-04,22.549415588378903,,,,,,
2019-11-05,22.633934020996094,,,,,,
2019-11-06,22.633934020996094,,,,,,
2019-11-07,22.68464469909668,,,,,,
2019-11-08,22.735355377197266,,,,,,
2019-11-11,22.701549530029297,,,,,,
2019-11-12,22.735355377197266,,,,,,
2019-11-13,22.72690391540528,,,,,,
2019-11-14,22.71000099182129,,,,,,
2019-11-15,22.65928840637207,,,,,,
2019-11-18,22.61703109741211,,,,,,
2019-11-19,22.64238739013672,,,,,,
2019-11-20,22.64238739013672,,,,,,
2019-11-21,22.676193237304688,,,,,,
2019-11-22,22.74380874633789,,,,,,
2019-11-25,22.760711669921875,,,,,,
2019-11-26,22.735355377197266,,,,,,
2019-11-27,22.769163131713867,,,,,,
2019-11-29,22.74380874633789,,,,,,
2019-12-02,22.65083694458008,,,,,,
2019-12-03,22.6254825592041,,,,,,
2019-12-04,22.60012626647949,,,,,,
2019-12-05,22.549415588378903,,,,,,
2019-12-06,22.633934020996094,,,,,,
2019-12-09,22.608577728271484,,,,,,
2019-12-10,22.583223342895508,,,,,,
2019-12-11,22.49870491027832,,,,,,
2019-12-12,22.53251266479492,,,,,,
2019-12-13,22.53251266479492,,,,,,
2019-12-16,22.490253448486328,,,,,,
2019-12-17,22.53251266479492,,,,,,
2019-12-18,22.57477188110352,,,,,,
2019-12-19,22.57477188110352,,,,,,
2019-12-20,22.65083694458008,,,,,,
2019-12-23,22.63876914978028,,,,,,
2019-12-24,22.63876914978028,,,,,,
2019-12-26,22.604284286499023,,,,,,
2019-12-27,22.4922103881836,,,,,,
2019-12-30,22.449106216430664,,,,,,
2019-12-31,22.38875770568848,,,,,,
2020-01-02,22.466346740722656,,,,,,
2020-01-03,22.4922103881836,,,,,,
2020-01-06,22.44048500061035,,,,,,
2020-01-07,22.51807403564453,,,,,,
2020-01-08,22.57842254638672,,,,,,
2020-01-09,22.621524810791016,,,,,,
2020-01-10,22.604284286499023,,,,,,
2020-01-13,22.604284286499023,,,,,,
2020-01-14,22.612905502319336,,,,,,
2020-01-15,22.57842254638672,,,,,,
2020-01-16,22.612905502319336,,,,,,
2020-01-17,22.69049453735352,,,,,,
2020-01-21,22.67325210571289,,,,,,
2020-01-22,22.656009674072266,,,,,,
2020-01-23,22.716358184814453,,,,,,
2020-01-24,22.75084114074707,,,,,,
2020-01-27,22.785324096679688,,,,,,
2020-01-28,22.785324096679688,,,,,,
2020-01-29,22.819808959960938,,,,,,
2020-01-30,22.75084114074707,,,,,,
2020-01-31,22.656009674072266,,,,,,
2020-02-03,22.76808357238769,,,,,,
2020-02-04,22.802568435668945,,,,,,
2020-02-05,22.888776779174805,,,,,,
2020-02-06,22.931882858276367,,,,,,
2020-02-07,22.98360824584961,,,,,,
2020-02-10,23.01809310913086,,,,,,
2020-02-11,22.992231369018555,,,,,,
2020-02-12,23.05257606506348,,,,,,
2020-02-13,23.07843971252441,,,,,,
2020-02-14,23.06982040405273,,,,,,
2020-02-18,23.156030654907227,,,,,,
2020-02-19,23.19913482666016,,,,,,
2020-02-20,23.268102645874023,,,,,,
2020-02-21,23.130165100097656,,,,,,
2020-02-24,23.13878631591797,,,,,,
2020-02-25,23.06982040405273,,,,,,
2020-02-26,23.087060928344727,,,,,,
2020-02-27,22.949125289916992,,,,,,
2020-02-28,22.87153434753418,,,,,,
2020-03-02,22.75084114074707,,,,,,
2020-03-03,22.656009674072266,,,,,,
2020-03-04,22.733598709106445,,,,,,
2020-03-05,22.56117820739746,,,,,,
2020-03-06,22.431865692138672,,,,,,
2020-03-09,22.190475463867188,,,,,,
2020-03-10,22.51807403564453,,,,,,
2020-03-11,22.55255889892578,,,,,,
2020-03-12,22.79394721984864,,,,,,
2020-03-13,23.65604591369629,,,,,,
2020-03-16,22.897396087646484,,,,,,
2020-03-17,23.30258560180664,,,,,,
2020-03-18,23.65604591369629,,,,,,
2020-03-19,24.216413497924805,,,,,,
2020-03-20,24.147445678710938,,,,,,
2020-03-23,24.11295890808105,,,,,,
2020-03-24,23.837087631225582,,,,,,
2020-03-25,23.61294174194336,,,,,,
2020-03-26,23.233619689941406,,,,,,
2020-03-27,23.043954849243164,,,,,,
2020-03-30,23.14740943908692,,,,,,
2020-03-31,23.130165100097656,,,,,,
2020-04-01,23.276721954345703,,,,,,
2020-04-02,23.39741516113281,,,,,,
2020-04-03,23.5267333984375,,,,,,
2020-04-06,23.535350799560547,,,,,,
2020-04-07,23.31982612609864,,,,,,
2020-04-08,23.40603828430176,,,,,,
2020-04-09,23.233619689941406,,,,,,
2020-04-13,23.19913482666016,,,,,,
2020-04-14,23.06982040405273,,,,,,
2020-04-15,23.242237091064453,,,,,,
2020-04-16,23.345691680908203,,,,,,
2020-04-17,23.285343170166016,,,,,,
2020-04-20,23.362932205200195,,,,,,
2020-04-21,23.39741516113281,,,,,,
2020-04-22,23.466384887695312,,,,,,
2020-04-23,23.475006103515625,,,,,,
2020-04-24,23.423280715942383,,,,,,
2020-04-27,23.362932205200195,,,,,,
2020-04-28,23.33707046508789,,,,,,
2020-04-29,23.242237091064453,,,,,,
2020-04-30,23.09568214416504,,,,,,
2020-05-01,23.121545791625977,,,,,,
2020-05-04,23.25085830688477,,,,,,
2020-05-05,23.268102645874023,,,,,,
2020-05-06,23.38017463684082,,,,,,
2020-05-07,23.311208724975582,,,,,,
2020-05-08,23.30258560180664,,,,,,
2020-05-11,23.388795852661133,,,,,,
2020-05-12,23.345691680908203,,,,,,
2020-05-13,23.388795852661133,,,,,,
2020-05-14,23.41465950012207,,,,,,
2020-05-15,23.431900024414062,,,,,,
2020-05-18,23.242237091064453,,,,,,
2020-05-19,23.224998474121094,,,,,,
2020-05-20,23.14740943908692,,,,,,
2020-05-21,23.19913482666016,,,,,,
2020-05-22,23.268102645874023,,,,,,
2020-05-26,23.09568214416504,,,,,,
2020-05-27,23.087060928344727,,,,,,
2020-05-28,22.966365814208984,,,,,,
2020-05-29,22.931882858276367,,,,,,
2020-06-01,22.802568435668945,,,,,,
2020-06-02,22.776704788208008,,,,,,
2020-06-03,22.63876914978028,,,,,,
2020-06-04,22.55255889892578,,,,,,
2020-06-05,22.59566116333008,,,,,,
2020-06-08,22.53531646728516,,,,,,
2020-06-09,22.466346740722656,,,,,,
2020-06-10,22.35427474975586,,,,,,
2020-06-11,22.57842254638672,,,,,,
2020-06-12,22.63876914978028,,,,,,
2020-06-15,22.54393577575684,,,,,,
2020-06-16,22.612905502319336,,,,,,
2020-06-17,22.63014793395996,,,,,,
2020-06-18,22.716358184814453,,,,,,
2020-06-19,22.74221992492676,,,,,,
2020-06-22,22.621524810791016,,,,,,
2020-06-23,22.54393577575684,,,,,,
2020-06-24,22.647390365600582,,,,,,
2020-06-25,22.681873321533203,,,,,,
2020-06-26,22.716358184814453,,,,,,
2020-06-29,22.72497940063477,,,,,,
2020-06-30,22.69049453735352,,,,,,
2020-07-01,22.63876914978028,,,,,,
2020-07-02,22.656009674072266,,,,,,
2020-07-06,22.53531646728516,,,,,,
2020-07-07,22.5870418548584,,,,,,
2020-07-08,22.466346740722656,,,,,,
2020-07-09,22.54393577575684,,,,,,
2020-07-10,22.50945281982422,,,,,,
2020-07-13,22.4749698638916,,,,,,
2020-07-14,22.431865692138672,,,,,,
2020-07-15,22.371517181396484,,,,,,
2020-07-16,22.449106216430664,,,,,,
2020-07-17,22.35427474975586,,,,,,
2020-07-20,22.31978988647461,,,,,,
2020-07-21,22.181854248046875,,,,,,
2020-07-22,22.12150955200196,,,,,,
2020-07-23,22.078405380249023,,,,,,
2020-07-24,21.983572006225582,,,,,,
2020-07-27,21.81977272033692,,,,,,
2020-07-28,21.854257583618164,,,,,,
2020-07-29,21.75080299377441,,,,,,
2020-07-30,21.664594650268555,,,,,,
2020-07-31,21.793909072875977,,,,,,
2020-08-03,21.793909072875977,,,,,,
2020-08-04,21.7163200378418,,,,,,
2020-08-05,21.621488571166992,,,,,,
2020-08-06,21.621488571166992,,,,,,
2020-08-07,21.75080299377441,,,,,,
2020-08-10,21.785287857055664,,,,,,
2020-08-11,21.81977272033692,,,,,,
2020-08-12,21.75080299377441,,,,,,
2020-08-13,21.74218368530273,,,,,,
2020-08-14,21.707698822021484,,,,,,
2020-08-17,21.61286735534668,,,,,,
2020-08-18,21.49217414855957,,,,,,
2020-08-19,21.664594650268555,,,,,,
2020-08-20,21.604248046875,,,,,,
2020-08-21,21.707698822021484,,,,,,
2020-08-24,21.74218368530273,,,,,,
2020-08-25,21.664594650268555,,,,,,
2020-08-26,21.638731002807617,,,,,,
2020-08-27,21.664594650268555,,,,,,
2020-08-28,21.49217414855957,,,,,,
2020-08-31,21.46631050109864,,,,,,
2020-09-01,21.509416580200195,,,,,,
2020-09-02,21.58700561523437,,,,,,
2020-09-03,21.59562492370605,,,,,,
2020-09-04,21.630111694335938,,,,,,
2020-09-08,21.74218368530273,,,,,,
2020-09-09,21.707698822021484,,,,,,
2020-09-10,21.75080299377441,,,,,,
2020-09-11,21.707698822021484,,,,,,
2020-09-14,21.65597343444824,,,,,,
2020-09-15,21.673213958740234,,,,,,
2020-09-16,21.699079513549805,,,,,,
2020-09-17,21.621488571166992,,,,,,
2020-09-18,21.64735221862793,,,,,,
2020-09-21,21.80253219604492,,,,,,
2020-09-22,21.88011932373047,,,,,,
2020-09-23,22.00081443786621,,,,,,
2020-09-24,21.96632957458496,,,,,,
2020-09-25,22.026674270629883,,,,,,
2020-09-28,21.95770835876465,,,,,,
2020-09-29,21.854257583618164,,,,,,
2020-09-30,21.854257583618164,,,,,,
2020-10-01,21.81977272033692,,,,,,
2020-10-02,21.87149810791016,,,,,,
2020-10-05,21.776668548583984,,,,,,
2020-10-06,21.837013244628903,,,,,,
2020-10-07,21.8111515045166,,,,,,
2020-10-08,21.80253219604492,,,,,,
2020-10-09,21.673213958740234,,,,,,
2020-10-12,21.64735221862793,,,,,,
2020-10-13,21.776668548583984,,,,,,
2020-10-14,21.72494125366211,,,,,,
2020-10-15,21.8283920288086,,,,,,
2020-10-16,21.80253219604492,,,,,,
2020-10-19,21.733562469482425,,,,,,
2020-10-20,21.664594650268555,,,,,,
2020-10-21,21.552520751953125,,,,,,
2020-10-22,21.638731002807617,,,,,,
2020-10-23,21.58700561523437,,,,,,
2020-10-26,21.664594650268555,,,,,,
2020-10-27,21.621488571166992,,,,,,
2020-10-28,21.759424209594727,,,,,,
2020-10-29,21.84563636779785,,,,,,
2020-10-30,21.87149810791016,,,,,,
2020-11-02,21.89735984802246,,,,,,
2020-11-03,21.776668548583984,,,,,,
2020-11-04,21.74218368530273,,,,,,
2020-11-05,21.5352783203125,,,,,,
2020-11-06,21.45768928527832,,,,,,
2020-11-09,21.59562492370605,,,,,,
2020-11-10,21.59562492370605,,,,,,
2020-11-11,21.621488571166992,,,,,,
2020-11-12,21.621488571166992,,,,,,
2020-11-13,21.578384399414062,,,,,,
2020-11-16,21.52665901184082,,,,,,
2020-11-17,21.49217414855957,,,,,,
2020-11-18,21.500795364379883,,,,,,
2020-11-19,21.46631050109864,,,,,,
2020-11-20,21.49217414855957,,,,,,
2020-11-23,21.52665901184082,,,,,,
2020-11-24,21.423206329345703,,,,,,
2020-11-25,21.38872337341309,,,,,,
2020-11-27,21.34561538696289,,,,,,
2020-11-30,21.39734268188477,,,,,,
2020-12-01,21.20768165588379,,,,,,
2020-12-02,21.18181800842285,,,,,,
2020-12-03,21.069744110107425,,,,,,
2020-12-04,21.09560775756836,,,,,,
2020-12-07,21.13009262084961,,,,,,
2020-12-08,21.15595436096192,,,,,,
2020-12-09,21.164575576782227,,,,,,
2020-12-10,21.10422706604004,,,,,,
2020-12-11,21.15595436096192,,,,,,
2020-12-14,21.09560775756836,,,,,,
2020-12-15,21.02663803100586,,,,,,
2020-12-16,21.00077438354492,,,,,,
2020-12-17,20.888702392578125,,,,,,
2020-12-18,20.914566040039062,,,,,,
2020-12-21,20.957670211791992,,,,,,
2020-12-22,21.069744110107425,,,,,,
2020-12-23,20.97491455078125,,,,,,
2020-12-24,20.99215507507324,,,,,,
2020-12-28,20.99215507507324,,,,,,
2020-12-29,20.923185348510746,,,,,,
2020-12-30,20.836977005004883,,,,,,
2020-12-31,20.89732551574707,,,,,,
2021-01-04,20.914566040039062,,,,,,
2021-01-05,20.793874740600582,,,,,,
2021-01-06,20.768009185791016,,,,,,
2021-01-07,20.888702392578125,,,,,,
2021-01-08,20.923185348510746,,,,,,
2021-01-11,21.05250358581543,,,,,,
2021-01-12,20.94043159484864,,,,,,
2021-01-13,21.009401321411133,,,,,,
2021-01-14,20.966291427612305,,,,,,
2021-01-15,21.10422706604004,,,,,,
2021-01-19,21.043880462646484,,,,,,
2021-01-20,21.03525924682617,,,,,,
2021-01-21,20.94043159484864,,,,,,
2021-01-22,20.98353576660156,,,,,,
2021-01-25,21.009401321411133,,,,,,
2021-01-26,20.94904899597168,,,,,,
2021-01-27,21.07836532592773,,,,,,
2021-01-28,21.02663803100586,,,,,,
2021-01-29,21.05250358581543,,,,,,
2021-02-01,21.15595436096192,,,,,,
2021-02-02,21.18181800842285,,,,,,
2021-02-03,21.17319679260254,,,,,,
2021-02-04,21.26802635192871,,,,,,
2021-02-05,21.147335052490234,,,,,,
2021-02-08,21.13871192932129,,,,,,
2021-02-09,21.02663803100586,,,,,,
2021-02-10,21.01801872253418,,,,,,
2021-02-11,21.009401321411133,,,,,,
2021-02-12,21.02663803100586,,,,,,
2021-02-16,21.02663803100586,,,,,,
2021-02-17,21.11284828186035,,,,,,
2021-02-18,21.043880462646484,,,,,,
2021-02-19,20.99215507507324,,,,,,
2021-02-22,20.93181037902832,,,,,,
2021-02-23,20.94904899597168,,,,,,
2021-02-24,20.914566040039062,,,,,,
2021-02-25,20.98353576660156,,,,,,
2021-02-26,21.13871192932129,,,,,,
2021-03-01,21.15595436096192,,,,,,
2021-03-02,21.07836532592773,,,,,,
2021-03-03,21.13871192932129,,,,,,
2021-03-04,21.276647567749023,,,,,,
2021-03-05,21.35423851013184,,,,,,
2021-03-08,21.474931716918945,,,,,,
2021-03-09,21.35423851013184,,,,,,
2021-03-10,21.319753646850582,,,,,,
2021-03-11,21.2163028717041,,,,,,
2021-03-12,21.2852725982666,,,,,,
2021-03-15,21.3283748626709,,,,,,
2021-03-16,21.3283748626709,,,,,,
2021-03-17,21.22492408752441,,,,,,
2021-03-18,21.35423851013184,,,,,,
2021-03-19,21.36286163330078,,,,,,
2021-03-22,21.319753646850582,,,,,,
2021-03-23,21.449068069458008,,,,,,
2021-03-24,21.500795364379883,,,,,,
2021-03-25,21.56114387512207,,,,,,
2021-03-26,21.5352783203125,,,,,,
2021-03-29,21.58700561523437,,,,,,
2021-03-30,21.673213958740234,,,,,,
2021-03-31,21.65597343444824,,,,,,
2021-04-01,21.56114387512207,,,,,,
2021-04-05,21.49217414855957,,,,,,
2021-04-06,21.44044685363769,,,,,,
2021-04-07,21.46631050109864,,,,,,
2021-04-08,21.37148094177246,,,,,,
2021-04-09,21.38872337341309,,,,,,
2021-04-12,21.380098342895508,,,,,,
2021-04-13,21.302509307861328,,,,,,
2021-04-14,21.276647567749023,,,,,,
2021-04-15,21.276647567749023,,,,,,
2021-04-16,21.25078773498535,,,,,,
2021-04-19,21.13009262084961,,,,,,
2021-04-20,21.164575576782227,,,,,,
2021-04-21,21.13871192932129,,,,,,
2021-04-22,21.19906044006348,,,,,,
2021-04-23,21.07836532592773,,,,,,
2021-04-26,21.07836532592773,,,,,,
2021-04-27,21.086986541748047,,,,,,
2021-04-28,21.009401321411133,,,,,,
2021-04-29,21.01801872253418,,,,,,
2021-04-30,21.19043731689453,,,,,,
2021-05-03,21.09560775756836,,,,,,
2021-05-04,21.19043731689453,,,,,,
2021-05-05,21.18181800842285,,,,,,
2021-05-06,21.07836532592773,,,,,,
2021-05-07,20.923185348510746,,,,,,
2021-05-10,20.923185348510746,,,,,,
2021-05-11,20.905946731567383,,,,,,
2021-05-12,21.06112289428711,,,,,,
2021-05-13,21.02663803100586,,,,,,
2021-05-14,20.94043159484864,,,,,,
2021-05-17,20.914566040039062,,,,,,
2021-05-18,20.81973648071289,,,,,,
2021-05-19,20.914566040039062,,,,,,
2021-05-20,20.811113357543945,,,,,,
2021-05-21,20.88008117675781,,,,,,
2021-05-24,20.828357696533203,,,,,,
2021-05-25,20.80249214172364,,,,,,
2021-05-26,20.88008117675781,,,,,,
2021-05-27,20.862842559814453,,,,,,
2021-05-28,20.88008117675781,,,,,,
2021-06-01,20.84559631347656,,,,,,
2021-06-02,20.84559631347656,,,,,,
2021-06-03,20.97491455078125,,,,,,
2021-06-04,20.89732551574707,,,,,,
2021-06-07,20.862842559814453,,,,,,
2021-06-08,20.888702392578125,,,,,,
2021-06-09,20.905946731567383,,,,,,
2021-06-10,20.888702392578125,,,,,,
2021-06-11,20.99215507507324,,,,,,
2021-06-14,20.97491455078125,,,,,,
2021-06-15,20.99215507507324,,,,,,
2021-06-16,21.164575576782227,,,,,,
2021-06-17,21.3283748626709,,,,,,
2021-06-18,21.39734268188477,,,,,,
2021-06-21,21.29389190673828,,,,,,
2021-06-22,21.25940704345703,,,,,,
2021-06-23,21.29389190673828,,,,,,
2021-06-24,21.276647567749023,,,,,,
2021-06-25,21.2852725982666,,,,,,
2021-06-28,21.29389190673828,,,,,,
2021-06-29,21.34561538696289,,,,,,
2021-06-30,21.40596389770508,,,,,,
2021-07-01,21.46631050109864,,,,,,
2021-07-02,21.380098342895508,,,,,,
2021-07-06,21.45768928527832,,,,,,
2021-07-07,21.49217414855957,,,,,,
2021-07-08,21.40596389770508,,,,,,
2021-07-09,21.35423851013184,,,,,,
2021-07-12,21.380098342895508,,,,,,
2021-07-13,21.509416580200195,,,,,,
2021-07-14,21.40596389770508,,,,,,
2021-07-15,21.46631050109864,,,,,,
2021-07-16,21.49217414855957,,,,,,
2021-07-19,21.52665901184082,,,,,,
2021-07-20,21.552520751953125,,,,,,
2021-07-21,21.500795364379883,,,,,,
2021-07-22,21.52665901184082,,,,,,
2021-07-23,21.5352783203125,,,,,,
2021-07-26,21.46631050109864,,,,,,
2021-07-27,21.431827545166016,,,,,,
2021-07-28,21.37148094177246,,,,,,
2021-07-29,21.29389190673828,,,,,,
2021-07-30,21.35423851013184,,,,,,
2021-08-02,21.3283748626709,,,,,,
2021-08-03,21.33699607849121,,,,,,
2021-08-04,21.37148094177246,,,,,,
2021-08-05,21.37148094177246,,,,,,
2021-08-06,21.49217414855957,,,,,,
2021-08-09,21.5352783203125,,,,,,
2021-08-10,21.552520751953125,,,,,,
2021-08-11,21.509416580200195,,,,,,
2021-08-12,21.5352783203125,,,,,,
2021-08-13,21.431827545166016,,,,,,
2021-08-16,21.449068069458008,,,,,,
2021-08-17,21.578384399414062,,,,,,
2021-08-18,21.578384399414062,,,,,,
2021-08-19,21.681835174560547,,,,,,
2021-08-20,21.65597343444824,,,,,,
2021-08-23,21.52665901184082,,,,,,
2021-08-24,21.509416580200195,,,,,,
2021-08-25,21.49217414855957,,,,,,
2021-08-26,21.552520751953125,,,,,,
2021-08-27,21.45768928527832,,,,,,
2021-08-30,21.45768928527832,,,,,,
2021-08-31,21.45768928527832,,,,,,
2021-09-01,21.41458511352539,,,,,,
2021-09-02,21.36286163330078,,,,,,
2021-09-03,21.319753646850582,,,,,,
2021-09-07,21.423206329345703,,,,,,
2021-09-08,21.45768928527832,,,,,,
2021-09-09,21.40596389770508,,,,,,
2021-09-10,21.44044685363769,,,,,,
2021-09-13,21.44044685363769,,,,,,
2021-09-14,21.44044685363769,,,,,,
2021-09-15,21.39734268188477,,,,,,
2021-09-16,21.49217414855957,,,,,,
2021-09-17,21.56976318359375,,,,,,
2021-09-20,21.578384399414062,,,,,,
2021-09-21,21.56114387512207,,,,,,
2021-09-22,21.621488571166992,,,,,,
2021-09-23,21.5352783203125,,,,,,
2021-09-24,21.59562492370605,,,,,,
2021-09-27,21.621488571166992,,,,,,
2021-09-28,21.699079513549805,,,,,,
2021-09-29,21.854257583618164,,,,,,
2021-09-30,21.81977272033692,,,,,,
2021-10-01,21.776668548583984,,,,,,
2021-10-04,21.707698822021484,,,,,,
2021-10-05,21.75080299377441,,,,,,
2021-10-06,21.8111515045166,,,,,,
2021-10-07,21.80253219604492,,,,,,
2021-10-08,21.785287857055664,,,,,,
2021-10-11,21.84563636779785,,,,,,
2021-10-12,21.87149810791016,,,,,,
2021-10-13,21.75080299377441,,,,,,
2021-10-14,21.75080299377441,,,,,,
2021-10-15,21.72494125366211,,,,,,
2021-10-18,21.733562469482425,,,,,,
2021-10-19,21.681835174560547,,,,,,
2021-10-20,21.64735221862793,,,,,,
2021-10-21,21.699079513549805,,,,,,
2021-10-22,21.65597343444824,,,,,,
2021-10-25,21.69045639038086,,,,,,
2021-10-26,21.733562469482425,,,,,,
2021-10-27,21.72494125366211,,,,,,
2021-10-28,21.59562492370605,,,,,,
2021-10-29,21.768047332763672,,,,,,
2021-11-01,21.699079513549805,,,,,,
2021-11-02,21.75080299377441,,,,,,
2021-11-03,21.699079513549805,,,,,,
2021-11-04,21.8111515045166,,,,,,
2021-11-05,21.793909072875977,,,,,,
2021-11-08,21.75080299377441,,,,,,
2021-11-09,21.72494125366211,,,,,,
2021-11-10,21.95770835876465,,,,,,
2021-11-11,22.00943756103516,,,,,,
2021-11-12,21.983572006225582,,,,,,
2021-11-15,22.104263305664062,,,,,,
2021-11-16,22.190475463867188,,,,,,
2021-11-17,22.147369384765625,,,,,,
2021-11-18,22.087024688720703,,,,,,
2021-11-19,22.199098587036133,,,,,,
2021-11-22,22.311168670654297,,,,,,
2021-11-23,22.302549362182617,,,,,,
2021-11-24,22.38875770568848,,,,,,
2021-11-26,22.21633720397949,,,,,,
2021-11-29,22.25944328308105,,,,,,
2021-11-30,22.155994415283203,,,,,,
2021-12-01,22.21633720397949,,,,,,
2021-12-02,22.22496032714844,,,,,,
2021-12-03,22.21633720397949,,,,,,
2021-12-06,22.250822067260746,,,,,,
2021-12-07,22.25944328308105,,,,,,
2021-12-08,22.155994415283203,,,,,,
2021-12-09,22.23358154296875,,,,,,
2021-12-10,22.199098587036133,,,,,,
2021-12-13,22.268064498901367,,,,,,
2021-12-14,22.311168670654297,,,,,,
2021-12-15,22.27668571472168,,,,,,
2021-12-16,22.181854248046875,,,,,,
2021-12-17,22.337032318115234,,,,,,
2021-12-20,22.311168670654297,,,,,,
2021-12-21,22.285306930541992,,,,,,
2021-12-22,22.199098587036133,,,,,,
2021-12-23,22.181854248046875,,,,,,
2021-12-27,22.190475463867188,,,,,,
2021-12-28,22.21633720397949,,,,,,
2021-12-29,22.155994415283203,,,,,,
2021-12-30,22.190475463867188,,,,,,
2021-12-31,22.095643997192383,,,,,,
2022-01-03,22.23358154296875,,,,,,
2022-01-04,22.250822067260746,,,,,,
2022-01-05,22.22496032714844,,,,,,
2022-01-06,22.24220085144043,,,,,,
2022-01-07,22.12150955200196,,,,,,
2022-01-10,22.17323303222656,,,,,,
2022-01-11,22.078405380249023,,,,,,
2022-01-12,21.931846618652344,,,,,,
2022-01-13,21.92322540283203,,,,,,
2022-01-14,21.983572006225582,,,,,,
2022-01-18,22.12150955200196,,,,,,
2022-01-19,22.069780349731445,,,,,,
2022-01-20,22.138748168945312,,,,,,
2022-01-21,22.078405380249023,,,,,,
2022-01-24,22.147369384765625,,,,,,
2022-01-25,22.155994415283203,,,,,,
2022-01-26,22.27668571472168,,,,,,
2022-01-27,22.466346740722656,,,,,,
2022-01-28,22.457725524902344,,,,,,
2022-01-31,22.302549362182617,,,,,,
2022-02-01,22.24220085144043,,,,,,
2022-02-02,22.155994415283203,,,,,,
2022-02-03,22.043920516967773,,,,,,
2022-02-04,22.026674270629883,,,,,,
2022-02-07,22.035297393798828,,,,,,
2022-02-08,22.069780349731445,,,,,,
2022-02-09,22.043920516967773,,,,,,
2022-02-10,22.078405380249023,,,,,,
2022-02-11,22.17323303222656,,,,,,
2022-02-14,22.23358154296875,,,,,,
2022-02-15,22.147369384765625,,,,,,
2022-02-16,22.104263305664062,,,,,,
2022-02-17,22.112886428833008,,,,,,
2022-02-18,22.17323303222656,,,,,,
2022-02-22,22.181854248046875,,,,,,
2022-02-23,22.20771789550781,,,,,,
2022-02-24,22.38875770568848,,,,,,
2022-02-25,22.27668571472168,,,,,,
2022-02-28,22.311168670654297,,,,,,
2022-03-01,22.48358917236328,,,,,,
2022-03-02,22.466346740722656,,,,,,
2022-03-03,22.55255889892578,,,,,,
2022-03-04,22.72497940063477,,,,,,
2022-03-07,22.888776779174805,,,,,,
2022-03-08,22.845674514770508,,,,,,
2022-03-09,22.621524810791016,,,,,,
2022-03-10,22.733598709106445,,,,,,
2022-03-11,22.854293823242188,,,,,,
2022-03-14,22.845674514770508,,,,,,
2022-03-15,22.819808959960938,,,,,,
2022-03-16,22.656009674072266,,,,,,
2022-03-17,22.604284286499023,,,,,,
2022-03-18,22.63014793395996,,,,,,
2022-03-21,22.716358184814453,,,,,,
2022-03-22,22.707735061645508,,,,,,
2022-03-23,22.733598709106445,,,,,,
2022-03-24,22.759462356567383,,,,,,
2022-03-25,22.76808357238769,,,,,,
2022-03-28,22.83705139160156,,,,,,
2022-03-29,22.699113845825195,,,,,,
2022-03-30,22.57842254638672,,,,,,
2022-03-31,22.67325210571289,,,,,,
2022-04-01,22.707735061645508,,,,,,
2022-04-04,22.811187744140625,,,,,,
2022-04-05,22.931882858276367,,,,,,
2022-04-06,22.949125289916992,,,,,,
2022-04-07,22.992231369018555,,,,,,
2022-04-08,22.992231369018555,,,,,,
2022-04-11,23.043954849243164,,,,,,
2022-04-12,23.121545791625977,,,,,,
2022-04-13,23.02671432495117,,,,,,
2022-04-14,23.130165100097656,,,,,,
2022-04-18,23.224998474121094,,,,,,
2022-04-19,23.276721954345703,,,,,,
2022-04-20,23.11292266845703,,,,,,
2022-04-21,23.1818904876709,,,,,,
2022-04-22,23.31982612609864,,,,,,
2022-04-25,23.431900024414062,,,,,,
2022-04-26,23.578458786010746,,,,,,
2022-04-27,23.72501564025879,,,,,,
2022-04-28,23.862951278686523,,,,,,
2022-04-29,23.76811981201172,,,,,,
2022-05-02,23.888813018798828,,,,,,
2022-05-03,23.8457088470459,,,,,,
2022-05-04,23.64742660522461,,,,,,
2022-05-05,23.8457088470459,,,,,,
2022-05-06,23.888813018798828,,,,,,
2022-05-09,23.89743423461914,,,,,,
2022-05-10,23.949161529541016,,,,,,
2022-05-11,23.975021362304688,,,,,,
2022-05-12,24.181928634643555,,,,,,
2022-05-13,24.11295890808105,,,,,,
2022-05-16,24.01813125610352,,,,,,
2022-05-17,23.8198471069336,,,,,,
2022-05-18,23.940542221069336,,,,,,
2022-05-19,23.69053077697754,,,,,,
2022-05-20,23.74225807189941,,,,,,
2022-05-23,23.5267333984375,,,,,,
2022-05-24,23.457761764526367,,,,,,
2022-05-25,23.54397392272949,,,,,,
2022-05-26,23.466384887695312,,,,,,
2022-05-27,23.41465950012207,,,,,,
2022-05-31,23.457761764526367,,,,,,
2022-06-01,23.638805389404297,,,,,,
2022-06-02,23.431900024414062,,,,,,
2022-06-03,23.535350799560547,,,,,,
2022-06-06,23.58708000183105,,,,,,
2022-06-07,23.56121635437012,,,,,,
2022-06-08,23.630184173583984,,,,,,
2022-06-09,23.80260467529297,,,,,,
2022-06-10,23.99226760864257,,,,,,
2022-06-13,24.22503471374512,,,,,,
2022-06-14,24.276758193969727,,,,,,
2022-06-15,24.08709526062012,,,,,,
2022-06-16,23.85433006286621,,,,,,
2022-06-17,24.095722198486328,,,,,,
2022-06-21,24.00950813293457,,,,,,
2022-06-22,23.975021362304688,,,,,,
2022-06-23,24.00088691711425,,,,,,
2022-06-24,23.949161529541016,,,,,,
2022-06-27,23.90605735778809,,,,,,
2022-06-28,24.043991088867188,,,,,,
2022-06-29,24.181928634643555,,,,,,
2022-06-30,24.10433959960937,,,,,,
2022-07-01,24.181928634643555,,,,,,
2022-07-05,24.526769638061523,,,,,,
2022-07-06,24.63884162902832,,,,,,
2022-07-07,24.6474609375,,,,,,
2022-07-08,24.63022232055664,,,,,,
2022-07-11,24.91471290588379,,,,,,
2022-07-12,24.90609359741211,,,,,,
2022-07-13,24.854368209838867,,,,,,
2022-07-14,25.02678680419922,,,,,,
2022-07-15,24.88022994995117,,,,,,
2022-07-18,24.74229621887207,,,,,,
2022-07-19,24.58711624145508,,,,,,
2022-07-20,24.65608596801757,,,,,,
2022-07-21,24.58711624145508,,,,,,
2022-07-22,24.55263328552246,,,,,,
2022-07-25,24.51814842224121,,,,,,
2022-07-26,24.707809448242188,,,,,,
2022-07-27,24.500905990600582,,,,,,
2022-07-28,24.48366355895996,,,,,,
2022-07-29,24.38883399963379,,,,,,
2022-08-01,24.294002532958984,,,,,,
2022-08-02,24.449180603027344,,,,,,
2022-08-03,24.51814842224121,,,,,,
2022-08-04,24.36297035217285,,,,,,
2022-08-05,24.569873809814453,,,,,,
2022-08-08,24.535388946533203,,,,,,
2022-08-09,24.509525299072266,,,,,,
2022-08-10,24.24227523803711,,,,,,
2022-08-11,24.25951766967773,,,,,,
2022-08-12,24.354347229003903,,,,,,
2022-08-15,24.569873809814453,,,,,,
2022-08-16,24.56125259399414,,,,,,
2022-08-17,24.59573745727539,,,,,,
2022-08-18,24.785398483276367,,,,,,
2022-08-19,24.94057846069336,,,,,,
2022-08-22,25.14748191833496,,,,,,
2022-08-23,25.044029235839844,,,,,,
2022-08-24,25.06127166748047,,,,,,
2022-08-25,25.01816749572754,,,,,,
2022-08-26,25.11299514770508,,,,,,
2022-08-29,25.121618270874023,,,,,,
2022-08-30,25.11299514770508,,,,,,
2022-08-31,25.09575653076172,,,,,,
2022-09-01,25.319902420043945,,,,,,
2022-09-02,25.328521728515625,,,,,,
2022-09-06,25.475078582763672,,,,,,
2022-09-07,25.294038772583008,,,,,,
2022-09-08,25.34576416015625,,,,,,
2022-09-09,25.164724349975582,,,,,,
2022-09-12,25.035409927368164,,,,,,
2022-09-13,25.3802490234375,,,,,,
2022-09-14,25.328521728515625,,,,,,
2022-09-15,25.34576416015625,,,,,,
2022-09-16,25.34576416015625,,,,,,
2022-09-19,25.328521728515625,,,,,,
2022-09-20,25.44921875,,,,,,
2022-09-21,25.69922637939453,,,,,,
2022-09-22,25.73371124267578,,,,,,
2022-09-23,26.13889503479004,,,,,,
2022-09-26,26.4320125579834,,,,,,
2022-09-27,26.44063377380371,,,,,,
2022-09-28,26.095792770385746,,,,,,
2022-09-29,25.992338180541992,,,,,,
2022-09-30,25.992338180541992,,,,,,
2022-10-03,25.871644973754883,,,,,,
2022-10-04,25.518184661865234,,,,,,
2022-10-05,25.75957298278809,,,,,,
2022-10-06,26.01820373535156,,,,,,
2022-10-07,26.12165641784668,,,,,,
2022-10-10,26.23373031616211,,,,,,
2022-10-11,26.25097274780273,,,,,,
2022-10-12,26.25097274780273,,,,,,
2022-10-13,26.07855224609375,,,,,,
2022-10-14,26.25959014892578,,,,,,
2022-10-17,25.992338180541992,,,,,,
2022-10-18,25.97509765625,,,,,,
2022-10-19,26.16476058959961,,,,,,
2022-10-20,26.182003021240234,,,,,,
2022-10-21,25.957857131958008,,,,,,
2022-10-24,25.983718872070312,,,,,,
2022-10-25,25.69922637939453,,,,,,
2022-10-26,25.431974411010746,,,,,,
2022-10-27,25.630258560180664,,,,,,
2022-10-28,25.6733627319336,,,,,,
2022-10-31,25.88888931274414,,,,,,
2022-11-01,25.880268096923828,,,,,,
2022-11-02,25.992338180541992,,,,,,
2022-11-03,26.20786476135254,,,,,,
2022-11-04,25.716466903686523,,,,,,
2022-11-07,25.56991004943848,,,,,,
2022-11-08,25.45783805847168,,,,,,
2022-11-09,25.647499084472656,,,,,,
2022-11-10,25.06127166748047,,,,,,
2022-11-11,24.699188232421875,,,,,,
2022-11-14,24.811262130737305,,,,,,
2022-11-15,24.72505187988281,,,,,,
2022-11-16,24.67332649230957,,,,,,
2022-11-17,24.76815795898437,,,,,,
2022-11-18,24.83712387084961,,,,,,
2022-11-21,25.05265045166016,,,,,,
2022-11-22,24.8974723815918,,,,,,
2022-11-23,24.63884162902832,,,,,,
2022-11-25,24.63884162902832,,,,,,
2022-11-28,24.81988525390625,,,,,,
2022-11-29,24.86298942565918,,,,,,
2022-11-30,24.66470718383789,,,,,,
2022-12-01,24.36297035217285,,,,,,
2022-12-02,24.337108612060547,,,,,,
2022-12-05,24.535388946533203,,,,,,
2022-12-06,24.55263328552246,,,,,,
2022-12-07,24.47504425048828,,,,,,
2022-12-08,24.39745330810547,,,,,,
2022-12-09,24.449180603027344,,,,,,
2022-12-12,24.466421127319336,,,,,,
2022-12-13,24.250896453857425,,,,,,
2022-12-14,24.138824462890625,,,,,,
2022-12-15,24.36297035217285,,,,,,
2022-12-16,24.40607452392578,,,,,,
2022-12-19,24.41216278076172,,,,,,
2022-12-20,24.24692153930664,,,,,,
2022-12-21,24.307802200317383,,,,,,
2022-12-22,24.342588424682617,,,,,,
2022-12-23,24.33388900756836,,,,,,
2022-12-27,24.32519149780273,,,,,,
2022-12-28,24.41216278076172,,,,,,
2022-12-29,24.26431465148925,,,,,,
2022-12-30,24.1860408782959,,,,,,
2023-01-03,24.446950912475582,,,,,,
2023-01-04,24.359981536865234,,,,,,
2023-01-05,24.586101531982425,,,,,,
2023-01-06,24.26431465148925,,,,,,
2023-01-09,24.11646842956543,,,,,,
2023-01-10,24.133861541748047,,,,,,
2023-01-11,24.133861541748047,,,,,,
2023-01-12,23.899045944213867,,,,,,
2023-01-13,23.89034843444824,,,,,,
2023-01-17,23.959924697875977,,,,,,
2023-01-18,23.959924697875977,,,,,,
2023-01-19,23.899045944213867,,,,,,
2023-01-20,23.8642578125,,,,,,
2023-01-23,23.899045944213867,,,,,,
2023-01-24,23.872955322265625,,,,,,
2023-01-25,23.7946834564209,,,,,,
2023-01-26,23.855562210083008,,,,,,
2023-01-27,23.89034843444824,,,,,,
2023-01-30,23.9773178100586,,,,,,
2023-01-31,23.925138473510746,,,,,,
2023-02-01,23.69901657104492,,,,,,
2023-02-02,23.855562210083008,,,,,,
2023-02-03,24.168651580810547,,,,,,
2023-02-06,24.307802200317383,,,,,,
2023-02-07,24.26431465148925,,,,,,
2023-02-08,24.2904052734375,,,,,,
2023-02-09,24.25561714172364,,,,,,
2023-02-10,24.33388900756836,,,,,,
2023-02-13,24.26431465148925,,,,,,
2023-02-14,24.24692153930664,,,,,,
2023-02-15,24.41216278076172,,,,,,
2023-02-16,24.446950912475582,,,,,,
2023-02-17,24.429555892944336,,,,,,
2023-02-21,24.507827758789062,,,,,,
2023-02-22,24.586101531982425,,,,,,
2023-02-23,24.59479713439941,,,,,,
2023-02-24,24.77743148803711,,,,,,
2023-02-27,24.646976470947266,,,,,,
2023-02-28,24.716552734375,,,,,,
2023-03-01,24.586101531982425,,,,,,
2023-03-02,24.716552734375,,,,,,
2023-03-03,24.620887756347656,,,,,,
2023-03-06,24.586101531982425,,,,,,
2023-03-07,24.890491485595703,,,,,,
2023-03-08,24.88179588317871,,,,,,
2023-03-09,24.812219619750977,,,,,,
2023-03-10,24.655675888061523,,,,,,
2023-03-13,24.429555892944336,,,,,,
2023-03-14,24.429555892944336,,,,,,
2023-03-15,24.69046401977539,,,,,,
2023-03-16,24.66437339782715,,,,,,
2023-03-17,24.525222778320312,,,,,,
2023-03-20,24.38607406616211,,,,,,
2023-03-21,24.37737464904785,,,,,,
2023-03-22,24.19474029541016,,,,,,
2023-03-23,24.229528427124023,,,,,,
2023-03-24,24.37737464904785,,,,,,
2023-03-27,24.29910087585449,,,,,,
2023-03-28,24.212133407592773,,,,,,
2023-03-29,24.27301406860352,,,,,,
2023-03-30,24.15995216369629,,,,,,
2023-03-31,24.24692153930664,,,,,,
2023-04-03,24.133861541748047,,,,,,
2023-04-04,24.038196563720703,,,,,,
2023-04-05,24.10776901245117,,,,,,
2023-04-06,24.125164031982425,,,,,,
2023-04-10,24.26431465148925,,,,,,
2023-04-11,24.177345275878903,,,,,,
2023-04-12,24.04689216613769,,,,,,
2023-04-13,23.93383407592773,,,,,,
2023-04-14,24.072982788085938,,,,,,
2023-04-17,24.19474029541016,,,,,,
2023-04-18,24.10776901245117,,,,,,
2023-04-19,24.15995216369629,,,,,,
2023-04-20,24.15995216369629,,,,,,
2023-04-21,24.133861541748047,,,,,,
2023-04-24,24.05558967590332,,,,,,
2023-04-25,24.168651580810547,,,,,,
2023-04-26,24.090377807617188,,,,,,
2023-04-27,24.09907341003418,,,,,,
2023-04-28,24.133861541748047,,,,,,
2023-05-01,24.25561714172364,,,,,,
2023-05-02,24.19474029541016,,,,,,
2023-05-03,24.064287185668945,,,,,,
2023-05-04,24.090377807617188,,,,,,
2023-05-05,24.05558967590332,,,,,,
2023-05-08,24.090377807617188,,,,,,
2023-05-09,24.168651580810547,,,,,,
2023-05-10,24.125164031982425,,,,,,
2023-05-11,24.281709671020508,,,,,,
2023-05-12,24.43825340270996,,,,,,
2023-05-15,24.368677139282227,,,,,,
2023-05-16,24.429555892944336,,,,,,
2023-05-17,24.473039627075195,,,,,,
2023-05-18,24.655675888061523,,,,,,
2023-05-19,24.586101531982425,,,,,,
2023-05-22,24.60349464416504,,,,,,
2023-05-23,24.67306900024414,,,,,,
2023-05-24,24.76003646850586,,,,,,
2023-05-25,24.87309837341309,,,,,,
2023-05-26,24.864398956298828,,,,,,
2023-05-30,24.838308334350582,,,,,,
2023-05-31,24.88179588317871,,,,,,
2023-06-01,24.586101531982425,,,,,,
2023-06-02,24.847007751464844,,,,,,
2023-06-05,24.80352210998535,,,,,,
2023-06-06,24.88179588317871,,,,,,
2023-06-07,24.890491485595703,,,,,,
2023-06-08,24.69046401977539,,,,,,
2023-06-09,24.76873588562012,,,,,,
2023-06-12,24.77743148803711,,,,,,
2023-06-13,24.699159622192383,,,,,,
2023-06-14,24.5774040222168,,,,,,
2023-06-15,24.43825340270996,,,,,,
2023-06-16,24.48173713684082,,,,,,
2023-06-20,24.551313400268555,,,,,,
2023-06-21,24.43825340270996,,,,,,
2023-06-22,24.525222778320312,,,,,,
2023-06-23,24.655675888061523,,,,,,
2023-06-26,24.62958526611328,,,,,,
2023-06-27,24.56870460510254,,,,,,
2023-06-28,24.681764602661133,,,,,,
2023-06-29,24.7861270904541,,,,,,
2023-06-30,24.681764602661133,,,,,,
2023-07-03,24.70785522460937,,,,,,
2023-07-05,24.8209171295166,,,,,,
2023-07-06,24.76003646850586,,,,,,
2023-07-07,24.551313400268555,,,,,,
2023-07-10,24.49043273925781,,,,,,
2023-07-11,24.429555892944336,,,,,,
2023-07-12,24.142559051513672,,,,,,
2023-07-13,23.9773178100586,,,,,,
2023-07-14,24.020801544189453,,,,,,
2023-07-17,23.99471092224121,,,,,,
2023-07-18,24.01210594177246,,,,,,
2023-07-19,24.10776901245117,,,,,,
2023-07-20,24.24692153930664,,,,,,
2023-07-21,24.316495895385746,,,,,,
2023-07-24,24.40346336364746,,,,,,
2023-07-25,24.37737464904785,,,,,,
2023-07-26,24.307802200317383,,,,,,
2023-07-27,24.533918380737305,,,,,,
2023-07-28,24.49913215637207,,,,,,
2023-07-31,24.542613983154297,,,,,,
2023-08-01,24.655675888061523,,,,,,
2023-08-02,24.742645263671875,,,,,,
2023-08-03,24.725248336791992,,,,,,
2023-08-04,24.60349464416504,,,,,,
2023-08-07,24.620887756347656,,,,,,
2023-08-08,24.73394775390625,,,,,,
2023-08-09,24.751338958740234,,,,,,
2023-08-10,24.794824600219727,,,,,,
2023-08-11,24.847007751464844,,,,,,
2023-08-14,24.93397521972656,,,,,,
2023-08-15,24.942672729492188,,,,,,
2023-08-16,25.01224899291992,,,,,,
2023-08-17,25.003549575805664,,,,,,
2023-08-18,25.02094459533692,,,,,,
2023-08-21,24.994853973388672,,,,,,
2023-08-22,25.081823348999023,,,,,,
2023-08-23,24.994853973388672,,,,,,
2023-08-24,25.194881439208984,,,,,,
2023-08-25,25.229671478271484,,,,,,
2023-08-28,25.18618392944336,,,,,,
2023-08-29,25.04703521728516,,,,,,
2023-08-30,25.003549575805664,,,,,,
2023-08-31,25.125307083129883,,,,,,
2023-09-01,25.281850814819336,,,,,,
2023-09-05,25.41230201721192,,,,,,
2023-09-06,25.42100143432617,,,,,,
2023-09-07,25.48187828063965,,,,,,
2023-09-08,25.507970809936523,,,,,,
2023-09-11,25.386213302612305,,,,,,
2023-09-12,25.4296989440918,,,,,,
2023-09-13,25.44709205627441,,,,,,
2023-09-14,25.603635787963867,,,,,,
2023-09-15,25.58624267578125,,,,,,
2023-09-18,25.54275894165039,,,,,,
2023-09-19,25.56015014648437,,,,,,
2023-09-20,25.603635787963867,,,,,,
2023-09-21,25.621028900146484,,,,,,
2023-09-22,25.6819076538086,,,,,,
2023-09-25,25.77757453918457,,,,,,
2023-09-26,25.855846405029297,,,,,,
2023-09-27,25.977602005004883,,,,,,
2023-09-28,25.83844947814941,,,,,,
2023-09-29,25.855846405029297,,,,,,
2023-10-02,26.055871963500977,,,,,,
2023-10-03,26.08196449279785,,,,,,
2023-10-04,26.003692626953125,,,,,,
2023-10-05,25.916723251342773,,,,,,
2023-10-06,25.86454200744629,,,,,,
2023-10-09,25.855846405029297,,,,,,
2023-10-10,25.794965744018555,,,,,,
2023-10-11,25.794965744018555,,,,,,
2023-10-12,26.01238822937012,,,,,,
2023-10-13,26.029783248901367,,,,,,
2023-10-16,25.916723251342773,,,,,,
2023-10-17,25.9254207611084,,,,,,
2023-10-18,26.021085739135746,,,,,,
2023-10-19,25.942813873291016,,,,,,
2023-10-20,25.951509475708008,,,,,,
2023-10-23,25.82105827331543,,,,,,
2023-10-24,25.96890640258789,,,,,,
2023-10-25,26.038480758666992,,,,,,
2023-10-26,26.09935760498047,,,,,,
2023-10-27,26.0645694732666,,,,,,
2023-10-30,25.960208892822266,,,,,,
2023-10-31,26.11675262451172,,,,,,
2023-11-01,26.12544822692871,,,,,,
2023-11-02,25.994997024536133,,,,,,
2023-11-03,25.751483917236328,,,,,,
2023-11-06,25.77757453918457,,,,,,
2023-11-07,25.86454200744629,,,,,,
2023-11-08,25.855846405029297,,,,,,
2023-11-09,25.96890640258789,,,,,,
2023-11-10,25.951509475708008,,,,,,
2023-11-13,25.916723251342773,,,,,,
2023-11-14,25.507970809936523,,,,,,
2023-11-15,25.603635787963867,,,,,,
2023-11-16,25.621028900146484,,,,,,
2023-11-17,25.48187828063965,,,,,,
2023-11-20,25.40360641479492,,,,,,
2023-11-21,25.4296989440918,,,,,,
2023-11-22,25.51666641235352,,,,,,
2023-11-24,25.40360641479492,,,,,,
2023-11-27,25.35142517089844,,,,,,
2023-11-28,25.26445770263672,,,,,,
2023-11-29,25.29054832458496,,,,,,
2023-11-30,25.47318458557129,,,,,,
2023-12-01,25.39491271972656,,,,,,
2023-12-04,25.507970809936523,,,,,,
2023-12-05,25.603635787963867,,,,,,
2023-12-06,25.664514541625977,,,,,,
2023-12-07,25.525362014770508,,,,,,
2023-12-08,25.621028900146484,,,,,,
2023-12-11,25.65581703186035,,,,,,
2023-12-12,25.58624267578125,,,,,,
2023-12-13,25.368820190429688,,,,,,
2023-12-14,25.134002685546875,,,,,,
2023-12-15,25.29924392700196,,,,,,
2023-12-18,25.295543670654297,,,,,,
2023-12-19,25.18451690673828,,,,,,
2023-12-20,25.295543670654297,,,,,,
2023-12-21,25.12900352478028,,,,,,
2023-12-22,25.1197509765625,,,,,,
2023-12-26,25.064239501953125,,,,,,
2023-12-27,24.934709548950195,,,,,,
2023-12-28,25.01797676086425,,,,,,
2023-12-29,25.064239501953125,,,,,,
2024-01-02,25.27703857421875,,,,,,
2024-01-03,25.36030960083008,,,,,,
2024-01-04,25.36030960083008,,,,,,
2024-01-05,25.36030960083008,,,,,,
2024-01-08,25.314048767089844,,,,,,
2024-01-09,25.39731979370117,,,,,,
2024-01-10,25.351057052612305,,,,,,
2024-01-11,25.36956214904785,,,,,,
2024-01-12,25.39731979370117,,,,,,
2024-01-16,25.61937141418457,,,,,,
2024-01-17,25.637874603271484,,,,,,
2024-01-18,25.66563034057617,,,,,,
2024-01-19,25.628623962402344,,,,,,
2024-01-22,25.637874603271484,,,,,,
2024-01-23,25.7026424407959,,,,,,
2024-01-24,25.628623962402344,,,,,,
2024-01-25,25.7026424407959,,,,,,
2024-01-26,25.7026424407959,,,,,,
2024-01-29,25.7026424407959,,,,,,
2024-01-30,25.68413734436035,,,,,,
2024-01-31,25.7489013671875,,,,,,
2024-02-01,25.61937141418457,,,,,,
2024-02-02,25.850675582885746,,,,,,
2024-02-05,25.98945999145508,,,,,,
2024-02-06,25.915441513061523,,,,,,
2024-02-07,25.88768577575684,,,,,,
2024-02-08,25.915441513061523,,,,,,
2024-02-09,25.89693832397461,,,,,,
2024-02-12,25.924694061279297,,,,,,
2024-02-13,26.12824249267578,,,,,,
2024-02-14,26.081981658935547,,,,,,
2024-02-15,25.980205535888672,,,,,,
2024-02-16,25.98945999145508,,,,,,
2024-02-20,25.952449798583984,,,,,,
2024-02-21,25.924694061279297,,,,,,
2024-02-22,25.924694061279297,,,,,,
2024-02-23,25.943199157714844,,,,,,
2024-02-26,25.89693832397461,,,,,,
2024-02-27,25.915441513061523,,,,,,
2024-02-28,25.93394660949707,,,,,,
2024-02-29,25.98945999145508,,,,,,
2024-03-01,25.943199157714844,,,,,,
2024-03-04,25.943199157714844,,,,,,
2024-03-05,25.915441513061523,,,,,,
2024-03-06,25.82291984558105,,,,,,
2024-03-07,25.693389892578125,,,,,,
2024-03-08,25.7026424407959,,,,,,
2024-03-11,25.73039627075196,,,,,,
2024-03-12,25.7489013671875,,,,,,
2024-03-13,25.72114562988281,,,,,,
2024-03-14,25.85992813110352,,,,,,
2024-03-15,25.88768577575684,,,,,,
2024-03-18,25.943199157714844,,,,,,
2024-03-19,26.007965087890625,,,,,,
2024-03-20,25.88768577575684,,,,,,
2024-03-21,26.0634765625,,,,,,
2024-03-22,26.202260971069336,,,,,,
2024-03-25,26.137495040893555,,,,,,
2024-03-26,26.1560001373291,,,,,,
2024-03-27,26.174503326416016,,,,,,
2024-03-28,26.24852180480957,,,,,,
2024-04-01,26.35029602050781,,,,,,
2024-04-02,26.31328773498535,,,,,,
2024-04-03,26.19300651550293,,,,,,
2024-04-04,26.19300651550293,,,,,,
2024-04-05,26.220766067504883,,,,,,
2024-04-08,26.18375396728516,,,,,,
2024-04-09,26.174503326416016,,,,,,
2024-04-10,26.45207023620605,,,,,,
2024-04-11,26.4705753326416,,,,,,
2024-04-12,26.68337631225586,,,,,,
2024-04-15,26.72963523864746,,,,,,
2024-04-16,26.766645431518555,,,,,,
2024-04-17,26.68337631225586,,,,,,
2024-04-18,26.738889694213867,,,,,,
2024-04-19,26.738889694213867,,,,,,
2024-04-22,26.74814224243164,,,,,,
2024-04-23,26.637115478515625,,,,,,
2024-04-24,26.664871215820312,,,,,,
2024-04-25,26.609357833862305,,,,,,
2024-04-26,26.72963523864746,,,,,,
2024-04-29,26.64636611938477,,,,,,
2024-04-30,26.81290626525879,,,,,,
2024-05-01,26.7851505279541,,,,,,
2024-05-02,26.581600189208984,,,,,,
2024-05-03,26.50758171081543,,,,,,
2024-05-06,26.535341262817383,,,,,,
2024-05-07,26.609357833862305,,,,,,
2024-05-08,26.64636611938477,,,,,,
2024-05-09,26.55384635925293,,,,,,
2024-05-10,26.59085273742676,,,,,,
2024-05-13,26.581600189208984,,,,,,
2024-05-14,26.52608871459961,,,,,,
2024-05-15,26.359548568725582,,,,,,
2024-05-16,26.424314498901367,,,,,,
2024-05-17,26.424314498901367,,,,,,
2024-05-20,26.461322784423828,,,,,,
2024-05-21,26.461322784423828,,,,,,
2024-05-22,26.54459381103516,,,,,,
2024-05-23,26.60010528564453,,,,,,
2024-05-24,26.516834259033203,,,,,,
2024-05-28,26.47982788085937,,,,,,
2024-05-29,26.62786293029785,,,,,,
2024-05-30,26.54459381103516,,,,,,
2024-05-31,26.52608871459961,,,,,,
2024-06-03,26.38730430603028,,,,,,
2024-06-04,26.396556854248047,,,,,,
2024-06-05,26.433565139770508,,,,,,
2024-06-06,26.396556854248047,,,,,,
2024-06-07,26.61861038208008,,,,,,
2024-06-10,26.68337631225586,,,,,,
2024-06-11,26.720382690429688,,,,,,
2024-06-12,26.60010528564453,,,,,,
2024-06-13,26.701879501342773,,,,,,
2024-06-14,26.82215690612793,,,,,,
2024-06-17,26.75739288330078,,,,,,
2024-06-18,26.74814224243164,,,,,,
2024-06-20,26.859169006347656,,,,,,
2024-06-21,26.923933029174805,,,,,,
2024-06-24,26.831409454345703,,,,,,
2024-06-25,26.859169006347656,,,,,,
2024-06-26,26.988698959350582,,,,,,
2024-06-27,26.95168876647949,,,,,,
2024-06-28,26.95168876647949,,,,,,
2024-07-01,26.960941314697266,,,,,,
2024-07-02,26.923933029174805,,,,,,
2024-07-03,26.81290626525879,,,,,,
2024-07-05,26.720382690429688,,,,,,
2024-07-08,26.766645431518555,,,,,,
2024-07-09,26.803653717041016,,,,,,
2024-07-10,26.775897979736328,,,,,,
2024-07-11,26.637115478515625,,,,,,
2024-07-12,26.54459381103516,,,,,,
2024-07-15,26.59085273742676,,,,,,
2024-07-16,26.59085273742676,,,,,,
2024-07-17,26.4705753326416,,,,,,
2024-07-18,26.59085273742676,,,,,,
2024-07-19,26.664871215820312,,,,,,
2024-07-22,26.64636611938477,,,,,,
2024-07-23,26.692626953125,,,,,,
2024-07-24,26.68337631225586,,,,,,
2024-07-25,26.68337631225586,,,,,,
2024-07-26,26.664871215820312,,,,,,
2024-07-29,26.738889694213867,,,,,,
2024-07-30,26.75739288330078,,,,,,
2024-07-31,26.609357833862305,,,,,,
2024-08-01,26.701879501342773,,,,,,
2024-08-02,26.433565139770508,,,,,,
2024-08-05,26.28553009033203,,,,,,
2024-08-06,26.368799209594727,,,,,,
2024-08-07,26.424314498901367,,,,,,
2024-08-08,26.461322784423828,,,,,,
2024-08-09,26.433565139770508,,,,,,
2024-08-12,26.433565139770508,,,,,,
2024-08-13,26.294782638549805,,,,,,
2024-08-14,26.322540283203125,,,,,,
2024-08-15,26.4150619506836,,,,,,
2024-08-16,26.28553009033203,,,,,,
2024-08-19,26.146747589111328,,,,,,
2024-08-20,26.054224014282227,,,,,,
2024-08-21,25.97095489501953,,,,,,
2024-08-22,26.09123420715332,,,,,,
2024-08-23,25.869178771972656,,,,,,
2024-08-26,25.924694061279297,,,,,,
2024-08-27,25.8414249420166,,,,,,
2024-08-28,25.98945999145508,,,,,,
2024-08-29,26.081981658935547,,,,,,
2024-08-30,26.1560001373291,,,,,,
2024-09-03,26.202260971069336,,,,,,
2024-09-04,26.072729110717773,,,,,,
2024-09-05,26.035720825195312,,,,,,
2024-09-06,26.072729110717773,,,,,,
2024-09-09,26.18375396728516,,,,,,
2024-09-10,26.19300651550293,,,,,,
2024-09-11,26.220766067504883,,,,,,
2024-09-12,26.109737396240234,,,,,,
2024-09-13,26.072729110717773,,,,,,
2024-09-16,25.98945999145508,,,,,,
2024-09-17,26.072729110717773,,,,,,
2024-09-18,26.100486755371094,,,,,,
2024-09-19,25.98945999145508,,,,,,
2024-09-20,26.035720825195312,,,,,,
2024-09-23,26.072729110717773,,,,,,
2024-09-24,25.924694061279297,,,,,,
2024-09-25,26.100486755371094,,,,,,
2024-09-26,25.980205535888672,,,,,,
2024-09-27,25.97095489501953,,,,,,
2024-09-30,26.072729110717773,,,,,,
2024-10-01,26.18375396728516,,,,,,
2024-10-02,26.294782638549805,,,,,,
2024-10-03,26.3780517578125,,,,,,
2024-10-04,26.52608871459961,,,,,,
2024-10-07,26.54459381103516,,,,,,
2024-10-08,26.54459381103516,,,,,,
2024-10-09,26.664871215820312,,,,,,
2024-10-10,26.65561866760254,,,,,,
2024-10-11,26.67412376403809,,,,,,
2024-10-14,26.75739288330078,,,,,,
2024-10-15,26.775897979736328,,,,,,
2024-10-16,26.849916458129883,,,,,,
2024-10-17,26.93318557739257,,,,,,
2024-10-18,26.859169006347656,,,,,,
2024-10-21,26.97944641113281,,,,,,
2024-10-22,27.0072021484375,,,,,,
2024-10-23,27.0997257232666,,,,,,
2024-10-24,26.99795150756836,,,,,,
2024-10-25,27.090473175048828,,,,,,
2024-10-28,27.090473175048828,,,,,,
2024-10-29,27.0997257232666,,,,,,
2024-10-30,27.034957885742188,,,,,,
2024-10-31,27.01645469665528,,,,,,
2024-11-01,27.12748146057129,,,,,,
2024-11-04,27.02570533752441,,,,,,
2024-11-05,26.91468048095703,,,,,,
2024-11-06,27.349533081054688,,,,,,
2024-11-07,27.12748146057129,,,,,,
2024-11-08,27.31252670288086,,,,,,
2024-11-11,27.46981239318848,,,,,,
2024-11-12,27.590091705322266,,,,,,
2024-11-13,27.74737930297852,,,,,,
2024-11-14,27.85840606689453,,,,,,
2024-11-15,27.830650329589844,,,,,,
2024-11-18,27.69186782836914,,,,,,
2024-11-19,27.68261337280273,,,,,,
2024-11-20,27.82139778137207,,,,,,
2024-11-21,27.91391944885254,,,,,,
2024-11-22,28.061954498291016,,,,,,
2024-11-25,27.867658615112305,,,,,,
2024-11-26,27.9046688079834,,,,,,
2024-11-27,27.664108276367188,,,,,,
2024-11-29,27.617849349975582,,,,,,
2024-12-02,27.784387588500977,,,,,,
2024-12-03,27.77513694763184,,,,,,
2024-12-04,27.765884399414062,,,,,,
2024-12-05,27.617849349975582,,,,,,
2024-12-06,27.69186782836914,,,,,,
2024-12-09,27.738126754760746,,,,,,
2024-12-10,27.802892684936523,,,,,,
2024-12-11,27.895414352416992,,,,,,
2024-12-12,27.98793601989746,,,,,,
2024-12-13,27.997188568115234,,,,,,
2024-12-16,27.950927734375,,,,,,
2024-12-17,27.978683471679688,,,,,,
2024-12-18,28.30251121520996,,,,,,
2024-12-19,28.35802459716797,,,,,,
2024-12-20,28.219242095947266,,,,,,
2024-12-23,28.322710037231445,,,,,,
2024-12-24,28.40006828308105,,,,,,
2024-12-26,28.34204864501953,,,,,,
2024-12-27,28.293699264526367,,,,,,
2024-12-30,28.322710037231445,,,,,,
2024-12-31,28.448415756225582,,,,,,
2025-01-02,28.690160751342773,,,,,,
2025-01-03,28.603132247924805,,,,,,
2025-01-06,28.41940689086914,,,,,,
2025-01-07,28.525774002075195,,,,,,
2025-01-08,28.63214111328125,,,,,,
2025-01-10,28.77718734741211,,,,,,
2025-01-13,28.86421585083008,,,,,,
2025-01-14,28.68049049377441,,,,,,
2025-01-15,28.63214111328125,,,,,,
2025-01-16,28.63214111328125,,,,,,
2025-01-17,28.738508224487305,,,,,,
2025-01-21,28.371057510375977,,,,,,
2025-01-22,28.41940689086914,,,,,,
2025-01-23,28.40973663330078,,,,,,
2025-01-24,28.23568153381348,,,,,,
2025-01-27,28.245349884033203,,,,,,
2025-01-28,28.361387252807617,,,,,,
2025-01-29,28.41940689086914,,,,,,
2025-01-30,28.41940689086914,,,,,,
2025-01-31,28.535444259643555,,,,,,
2025-02-03,28.66114997863769,,,,,,
2025-02-04,28.40006828308105,,,,,,
2025-02-05,28.35171890258789,,,,,,
2025-02-06,28.33237838745117,,,,,,
2025-02-07,28.458086013793945,,,,,,
2025-02-10,28.54511451721192,,,,,,
2025-02-11,28.448415756225582,,,,,,
2025-02-12,28.467756271362305,,,,,,
2025-02-13,28.23568153381348,,,,,,
2025-02-14,28.158323287963867,,,,,,
2025-02-18,28.21634292602539,,,,,,
2025-02-19,28.245349884033203,,,,,,
2025-02-20,28.022947311401367,,,,,,
2025-02-21,28.119644165039062,,,,,,
2025-02-24,28.13898468017578,,,,,,
2025-02-25,28.032615661621094,,,,,,
2025-02-26,28.090635299682617,,,,,,
2025-02-27,28.293699264526367,,,,,,
2025-02-28,28.41940689086914,,,,,,
2025-03-03,28.14865493774414,,,,,,
2025-03-04,27.8972396850586,,,,,,
2025-03-05,27.55879783630371,,,,,,
2025-03-06,27.539459228515625,,,,,,
2025-03-07,27.452430725097656,,,,,,
2025-03-10,27.47177124023437,,,,,,
2025-03-11,27.31705474853516,,,,,,
2025-03-12,27.384742736816406,,,,,,
2025-03-13,27.48144149780273,,,,,,
2025-03-14,27.452430725097656,,,,,,
2025-03-17,27.346065521240234,,,,,,
2025-03-18,27.32672500610352,,,,,,
2025-03-19,27.39441299438477,,,,,,
2025-03-20,27.47177124023437,,,,,,
2025-03-21,27.55879783630371,,,,,,
2025-03-24,27.607147216796875,,,,,,
2025-03-25,27.57813835144043,,,,,,
2025-03-26,27.70384407043457,,,,,,
2025-03-27,27.616817474365234,,,,,,
2025-03-28,27.56846809387207,,,,,,
2025-03-31,27.59747886657715,,,,,,
2025-04-01,27.62648582458496,,,,,,
2025-04-02,27.51045036315918,,,,,,
2025-04-03,27.02696228027344,,,,,,
2025-04-04,27.32672500610352,,,,,,
2025-04-07,27.442760467529297,,,,,,
2025-04-08,27.31705474853516,,,,,,
2025-04-09,27.35573387145996,,,,,,
2025-04-10,26.785219192504883,,,,,,
2025-04-11,26.543476104736328,,,,,,
2025-04-14,26.45644760131836,,,,,,
2025-04-15,26.60149383544922,,,,,,
2025-04-16,26.37908935546875,,,,,,
2025-04-17,26.39842796325684,,,,,,
2025-04-21,26.14701461791992,,,,,,
2025-04-22,26.29206085205078,,,,,,
2025-04-23,26.53380584716797,,,,,,
2025-04-24,26.41776657104492,,,,,,
2025-04-25,26.48545455932617,,,,,,
2025-04-28,26.321069717407227,,,,,,
2025-04-29,26.408098220825195,,,,,,
2025-04-30,26.50479507446289,,,,,,
2025-05-01,26.65951156616211,,,,,,
2025-05-02,26.620832443237305,,,,,,
2025-05-05,26.57248306274414,,,,,,
2025-05-06,26.408098220825195,,,,,,
2025-05-07,26.60149383544922,,,,,,
2025-05-08,26.82389640808105,,,,,,
2025-05-09,26.74654006958008,,,,,,
2025-05-12,27.123659133911133,,,,,,
2025-05-13,26.891584396362305,,,,,,
2025-05-14,26.949604034423828,,,,,,
2025-05-15,26.88191604614257,,,,,,
2025-05-16,26.959272384643555,,,,,,
2025-05-19,26.775548934936523,,,,,,
2025-05-20,26.69819068908692,,,,,,
2025-05-21,26.5821533203125,,,,,,
2025-05-22,26.65951156616211,,,,,,
2025-05-23,26.46611785888672,,,,,,
2025-05-27,26.61116409301757,,,,,,
2025-05-28,26.69819068908692,,,,,,
2025-05-29,26.553142547607425,,,,,,
2025-05-30,26.543476104736328,,,,,,
2025-06-02,26.35974884033203,,,,,,
2025-06-03,26.53380584716797,,,,,,
2025-06-04,26.41776657104492,,,,,,
2025-06-05,26.39842796325684,,,,,,
2025-06-06,26.53380584716797,,,,,,
2025-06-09,26.46611785888672,,,,,,
2025-06-10,26.49512481689453,,,,,,
2025-06-11,26.39842796325684,,,,,,
2025-06-12,26.205034255981445,,,,,,
2025-06-13,26.27272224426269,,,,,,
2025-06-16,26.30173110961914,,,,,,
2025-06-17,26.475786209106445,,,,,,
2025-06-18,26.52413558959961,,,,,,
2025-06-20,26.49512481689453,,,,,,
2025-06-23,26.38875961303711,,,,,,
2025-06-24,26.253381729125977,,,,,,
2025-06-25,26.185693740844727,,,,,,
2025-06-26,26.07932472229004,,,,,,
2025-06-27,26.12767601013184,,,,,,
2025-06-30,25.992298126220703,,,,,,
2025-07-01,25.982629776000977,,,,,,
2025-07-02,25.96328926086425,,,,,,
2025-07-03,26.0889949798584,,,,,,
2025-07-07,26.176023483276367,,,,,,
2025-07-08,26.19536399841309,,,,,,
2025-07-09,26.19536399841309,,,,,,
2025-07-10,26.243711471557617,,,,,,
2025-07-11,26.321069717407227,,,,,,
2025-07-14,26.38875961303711,,,,,,
2025-07-15,26.53380584716797,,,,,,
2025-07-16,26.43710708618164,,,,,,
2025-07-17,26.553142547607425,,,,,,
2025-07-18,26.51446533203125,,,,,,
2025-07-21,26.340410232543945,,,,,,
2025-07-22,26.205034255981445,,,,,,
2025-07-23,26.166353225708008,,,,,,
2025-07-24,26.23404121398925,,,,,,
2025-07-25,26.29206085205078,,,,,,
2025-07-28,26.59182357788086,,,,,,
2025-07-29,26.65951156616211,,,,,,
2025-07-30,26.920595169067383,,,,,,
2025-07-31,26.97861289978028,,,,,,
2025-08-01,26.65951156616211,,,,,,
2025-08-04,26.64984130859375,,,,,,
2025-08-05,26.64984130859375,,,,,,
2025-08-06,26.49512481689453,,,,,,
2025-08-07,26.475786209106445,,,,,,
2025-08-08,26.52413558959961,,,,,,
2025-08-11,26.630502700805664,,,,,,
2025-08-12,26.49512481689453,,,,,,
2025-08-13,26.42743682861328,,,,,,
2025-08-14,26.52413558959961,,,,,,
2025-08-15,26.43710708618164,,,,,,
2025-08-18,26.50479507446289,,,,,,
2025-08-19,26.57248306274414,,,,,,
2025-08-20,26.553142547607425,,,,,,
2025-08-21,26.688520431518555,,,,,,
2025-08-22,26.42743682861328,,,,,,
2025-08-25,26.64017105102539,,,,,,
2025-08-26,26.57248306274414,,,,,,
2025-08-27,26.5821533203125,,,,,,
2025-08-28,26.48545455932617,,,,,,
2025-08-29,26.46611785888672,,,,,,
2025-09-02,26.64017105102539,,,,,,
2025-09-03,26.59182357788086,,,,,,
2025-09-04,26.630502700805664,,,,,,
2025-09-05,26.49512481689453,,,,,,
2025-09-08,26.408098220825195,,,,,,
2025-09-09,26.51446533203125,,,,,,
2025-09-10,26.53380584716797,,,,,,
2025-09-11,26.44677734375,,,,,,
2025-09-12,26.48545455932617,,,,,,
2025-09-15,26.39842796325684,,,,,,
2025-09-16,26.23404121398925,,,,,,
2025-09-17,26.321069717407227,,,,,,
2025-09-18,26.44677734375,,,,,,
2025-09-19,26.52413558959961,,,,,,
2025-09-22,26.42743682861328,,,,,,
2025-09-23,26.408098220825195,,,,,,
2025-09-24,26.60149383544922,,,,,,
2025-09-25,26.785219192504883,,,,,,
2025-09-26,26.688520431518555,,,,,,
2025-09-29,26.630502700805664,,,,,,
2025-09-30,26.60149383544922,,,,,,
2025-10-01,26.59182357788086,,,,,,
2025-10-02,26.630502700805664,,,,,,
2025-10-03,26.5821533203125,,,,,,
2025-10-06,26.70786094665528,,,,,,
2025-10-07,26.86257743835449,,,,,,
2025-10-08,26.920595169067383,,,,,,
2025-10-09,27.104320526123047,,,,,,
2025-10-10,26.96894264221192,,,,,,
2025-10-13,27.06564140319824,,,,,,
2025-10-14,26.98828315734864,,,,,,
2025-10-15,26.910924911499023,,,,,,
2025-10-16,26.80455780029297,,,,,,
2025-10-17,26.83356666564941,,,,,,
2025-10-20,26.901254653930664,,,,,,
2025-10-21,27.00762367248535,,,,,,
2025-10-22,26.97861289978028,,,,,,
2025-10-23,26.98828315734864,,,,,,
2025-10-24,26.98828315734864,,,,,,
2025-10-27,26.959272384643555,,,,,,
2025-10-28,26.9399356842041,,,,,,
2025-10-29,27.094650268554688,,,,,,
2025-10-30,27.201017379760746,,,,,,
2025-10-31,27.27837562561035,,,,,,
2025-11-03,27.29771423339844,,,,,,
2025-11-04,27.384742736816406,,,,,,
2025-11-05,27.39441299438477,,,,,,
2025-11-06,27.249366760253903,,,,,,
2025-11-07,27.230026245117188,,,,,,
2025-11-10,27.249366760253903,,,,,,
2025-11-11,27.2106876373291,,,,,,
2025-11-12,27.220355987548828,,,,,,
2025-11-13,27.14299964904785,,,,,,
2025-11-14,27.181678771972656,,,,,,
2025-11-17,27.249366760253903,,,,,,
2025-11-18,27.27837562561035,,,,,,
2025-11-19,27.452430725097656,,,,,,
2025-11-20,27.47177124023437,,,,,,
2025-11-21,27.452430725097656,,,,,,
2025-11-24,27.452430725097656,,,,,,
2025-11-25,27.375072479248047,,,,,,
2025-11-26,27.29771423339844,,,,,,
2025-11-28,27.27837562561035,,,,,,
2025-12-01,27.268707275390625,,,,,,
2025-12-02,27.259037017822266,,,,,,
2025-12-03,27.123659133911133,,,,,,
2025-12-04,27.181678771972656,,,,,,
2025-12-05,27.15266799926757,,,,,,
2025-12-08,27.191349029541016,,,,,,
2025-12-09,27.230026245117188,,,,,,
2025-12-10,27.084980010986328,,,,,,
2025-12-11,26.98828315734864,,,,,,
2025-12-12,27.02696228027344,,,,,,
2025-12-15,27.00762367248535,,,,,,
2025-12-16,26.97861289978028,,,,,,
2025-12-17,27.036630630493164,,,,,,
2025-12-18,27.055971145629883,,,,,,
2025-12-19,27.14299964904785,,,,,,
2025-12-22,27.030000686645508,,,,,,
2025-12-23,26.940000534057617,,,,,,
2025-12-24,26.950000762939453,,,,,,
2025-12-26,26.96999931335449,,,,,,
2025-12-29,26.979999542236328,,,,,,
2025-12-30,27.049999237060547,,,,,,
2025-12-31,27.030000686645508,,,,,,
2026-01-02,27.11000061035156,,,,,,
2026-01-05,27.06999969482422,,,,,,
2026-01-06,27.15999984741211,,,,,,
2026-01-07,27.200000762939453,,,,,,
2026-01-08,27.270000457763672,,,,,,
2026-01-09,27.32999992370605,,,,,,
2026-01-12,27.280000686645508,,,,,,
2026-01-13,27.350000381469727,,,,,,
2026-01-14,27.32999992370605,,,,,,
2026-01-15,27.43000030517578,,,,,,
2026-01-16,27.43000030517578,,,,,,
2026-01-20,27.209999084472656,,,,,,
2026-01-21,27.270000457763672,,,,,,
2026-01-22,27.14999961853028,,,,,,
2026-01-23,26.90999984741211,,,,,,
2026-01-26,26.780000686645508,,,,,,
2026-01-27,26.46999931335449,,,,,,
2026-01-28,26.6299991607666,,,,,,
2026-01-29,26.59000015258789,,,,,,
2026-01-30,26.850000381469727,,,,,,
2026-02-02,26.989999771118164,,,,,,
2026-02-03,26.920000076293945,,,,,,
2026-02-04,27.01000022888184,,,,,,
2026-02-05,27.09000015258789,,,,,,
2026-02-06,27.01000022888184,,,,,,
2026-02-09,26.790000915527344,,,,,,
2026-02-10,26.799999237060547,,,,,,
2026-02-11,26.82999992370605,,,,,,
2026-02-12,26.81999969482422,,,,,,
2026-02-13,26.81999969482422,,,,,,
2026-02-17,26.90999984741211,,,,,,
2026-02-18,27.07999992370605,,,,,,
2026-02-19,27.1200008392334,,,,,,
2026-02-20,27.09000015258789,,,,,,
2026-02-23,27.09000015258789,,,,,,
2026-02-24,27.11000061035156,,,,,,
2026-02-25,27.07999992370605,,,,,,
2026-02-26,27.100000381469727,,,,,,
2026-02-27,27.07999992370605,,,,,,
2026-03-02,27.32999992370605,,,,,,
2026-03-03,27.459999084472656,,,,,,
2026-03-04,27.40999984741211,,,,,,
2026-03-05,27.479999542236328,,,,,,
2026-03-06,27.46999931335449,,,,,,
2026-03-09,27.459999084472656,,,,,,
2026-03-10,27.450000762939453,,,,,,
2026-03-11,27.549999237060547,,,,,,
2026-03-12,27.68000030517578,,,,,,
2026-03-13,27.88999938964844,,,,,,
2026-03-16,27.729999542236328,,,,,,
2026-03-17,27.68000030517578,,,,,,
2026-03-18,27.850000381469727,,,,,,
2026-03-19,27.57999992370605,,,,,,
2026-03-20,27.68000030517578,,,,,,
2026-03-23,27.559999465942383,,,,,,
2026-03-24,27.64999961853028,,,,,,
2026-03-25,27.700000762939453,,,,,,
2026-03-26,27.809999465942383,,,,,,
2026-03-27,27.84000015258789,,,,,,
2026-03-30,27.979999542236328,,,,,,
2026-03-31,27.780000686645508,,,,,,
2026-04-01,27.729999542236328,,,,,,
2026-04-02,27.86000061035156,,,,,,
2026-04-06,27.82999992370605,,,,,,
2026-04-07,27.75,,,,,,
2026-04-08,27.530000686645508,,,,,,
2026-04-09,27.479999542236328,,,,,,
2026-04-10,27.440000534057617,,,,,,
2026-04-13,27.3799991607666,,,,,,
2026-04-14,27.31999969482422,,,,,,
2026-04-15,27.290000915527344,,,,,,
2026-04-16,27.3700008392334,,,,,,
2026-04-17,27.36000061035156,,,,,,
2026-04-20,27.31999969482422,,,,,,
2026-04-21,27.46999931335449,,,,,,
2026-04-22,27.479999542236328,,,,,,
2026-04-23,27.530000686645508,,,,,,
2026-04-24,27.479999542236328,,,,,,
2026-04-27,27.450000762939453,,,,,,
2026-04-28,27.530000686645508,,,,,,
2026-04-29,27.61000061035156,,,,,,
2026-04-30,27.36000061035156,,,,,,
2026-05-01,27.40999984741211,,,,,,
2026-05-04,27.479999542236328,,,,,,
2026-05-05,27.5,,,,,,
2026-05-06,27.350000381469727,,,,,,
2026-05-07,27.40999984741211,,,,,,
2026-05-08,27.34000015258789,,,,,,
2026-05-11,27.350000381469727,,,,,,
2026-05-12,27.450000762939453,,,,,,
2026-05-13,27.51000022888184,,,,,,
2026-05-14,27.6200008392334,,,,,,
2026-05-15,27.770000457763672,,,,,,
2026-05-18,27.700000762939453,,,,,,
2026-05-19,27.790000915527344,,,,,,
2026-05-20,27.729999542236328,,,,,,
2026-05-21,27.729999542236328,,,,,,
2026-05-22,27.770000457763672,,,,,,
2026-05-26,27.75,,,,,,
2026-05-27,27.75,,,,,,
2026-05-28,27.700000762939453,,,,,,
2026-05-29,27.65999984741211,,,,,,
2026-06-01,27.76000022888184,,,,,,
2026-06-02,27.76000022888184,,,,,,
2026-06-03,27.86000061035156,,,,,,
2026-06-04,27.84000015258789,,,,,,
2026-06-05,28.020000457763672,,,,,,
2026-06-08,28.030000686645508,,,,,,
2026-06-09,28.01000022888184,,,,,,
2026-06-10,28.049999237060547,,,,,,
2026-06-11,27.950000762939453,,,,,,
2026-06-12,27.950000762939453,,,,,,
2026-06-15,27.96999931335449,,,,,,
2026-06-16,27.93000030517578,,,,,,
2026-06-17,28.18000030517578,,,,,,
2026-06-18,28.299999237060547,,,,,,
2026-06-22,28.36000061035156,,,,,,
2026-06-23,28.450000762939453,,,,,,
2026-06-24,28.530000686645508,,,,,,
2026-06-25,28.479999542236328,,,,,,
2026-06-26,28.459999084472656,,,,,,
2026-06-29,28.3700008392334,,,,,,
2026-06-30,28.40999984741211,,,,,,
2026-07-01,28.489999771118164,,,,,,
2026-07-02,28.34000015258789,,,,,,
2026-07-06,28.31999969482422,,,,,,
2026-07-07,28.39999961853028,,,,,,
2026-07-08,28.36000061035156,,,,,,
2026-07-09,28.36000061035156,,,,,,
2026-07-10,28.38999938964844,,,,,,
2026-07-13,28.5,,,,,,
2026-07-14,28.38999938964844,,,,,,
2026-07-15,28.25,,,,,,
2026-07-16,28.34000015258789,,,,,,
2026-07-17,28.32999992370605,,,,,,
2026-07-20,28.38999938964844,,,,,,
2026-07-21,28.479999542236328,,,,,,
2026-07-22,28.450000762939453,,,,,,
2026-07-23,28.559999465942383,,,,,,
2026-07-24,28.57999992370605,,,,,,
2026-07-27,28.600000381469727,,,,,,
2026-07-28,28.57999992370605,,,,,,
2026-07-29,28.420000076293945,,,,,,
2026-07-30,28.13999938964844,,,,,,
2026-07-31,28.170000076293945,,,,,,
2026-08-03,28.170000076293945,,,,,,
2026-08-04,28.15999984741211,,,,,,
2026-08-05,28.09000015258789,,,,,,
2026-08-06,28.190000534057617,,,,,,
2026-08-07,28.06999969482422,,,,,,
2026-08-10,28.13999938964844,,,,,,
2026-08-11,28.13999938964844,,,,,,
2026-08-12,28.200000762939453,,,,,,
2026-08-13,28.18000030517578,,,,,,
2026-08-14,28.11000061035156,,,,,,
2026-08-17,28.100000381469727,,,,,,
2026-08-25,27.940000534057617,,,,,,
2026-08-26,28.02,28.01,28.04,27.99,549179.0,28.013,560.0
2026-08-27,28.02,27.99,28.02,27.99,996232.0,28.007,1057.0
2026-08-28,28.18,28.03,28.2,28.01,1406066.0,28.149,1966.0
2026-08-31,28.12,28.13,28.16,28.1,1179231.0,28.123,2609.0
2026-09-01,28.21,28.16,28.21,28.13,1498017.0,28.183,2155.0
