date,close,open,high,low,volume,average,barCount
2004-01-30,27.449478149414062,,,,,,
2004-02-02,27.53865432739257,,,,,,
2004-02-03,27.5330810546875,,,,,,
2004-02-04,27.41602897644043,,,,,,
2004-02-05,27.41602897644043,,,,,,
2004-02-06,27.689144134521484,,,,,,
2004-02-09,27.67799186706543,,,,,,
2004-02-10,27.733732223510746,,,,,,
2004-02-11,28.19633102416992,,,,,,
2004-02-12,28.084857940673828,,,,,,
2004-02-13,27.973398208618164,,,,,,
2004-02-17,28.17961311340332,,,,,,
2004-02-18,28.06256484985352,,,,,,
2004-02-19,28.16288948059082,,,,,,
2004-02-20,27.945512771606445,,,,,,
2004-02-23,27.923229217529297,,,,,,
2004-02-24,27.756011962890625,,,,,,
2004-02-25,27.967817306518555,,,,,,
2004-02-26,28.00125312805176,,,,,,
2004-02-27,28.16288948059082,,,,,,
2004-03-01,28.391403198242188,,,,,,
2004-03-02,28.26878547668457,,,,,,
2004-03-03,28.26878547668457,,,,,,
2004-03-04,28.330102920532227,,,,,,
2004-03-05,28.50845718383789,,,,,,
2004-03-08,28.36910629272461,,,,,,
2004-03-09,28.15173721313477,,,,,,
2004-03-10,27.71700096130371,,,,,,
2004-03-11,27.27670288085937,,,,,,
2004-03-12,27.45503616333008,,,,,,
2004-03-15,27.187524795532227,,,,,,
2004-03-16,27.27670288085937,,,,,,
2004-03-17,27.694704055786133,,,,,,
2004-03-18,27.62225341796875,,,,,,
2004-03-19,27.421613693237305,,,,,,
2004-03-22,26.98130226135254,,,,,,
2004-03-23,27.009172439575195,,,,,,
2004-03-24,26.752805709838867,,,,,,
2004-03-25,27.120643615722656,,,,,,
2004-03-26,27.25439453125,,,,,,
2004-03-29,27.48417854309082,,,,,,
2004-03-30,27.66914367675781,,,,,,
2004-03-31,27.68593978881836,,,,,,
2004-04-01,27.854080200195312,,,,,,
2004-04-02,27.854080200195312,,,,,,
2004-04-05,28.04463768005371,,,,,,
2004-04-06,28.09506607055664,,,,,,
2004-04-07,27.9549560546875,,,,,,
2004-04-08,27.89332771301269,,,,,,
2004-04-12,27.994199752807617,,,,,,
2004-04-13,27.613096237182617,,,,,,
2004-04-14,27.36089324951172,,,,,,
2004-04-15,27.52341651916504,,,,,,
2004-04-16,27.66914367675781,,,,,,
2004-04-19,27.64110946655273,,,,,,
2004-04-20,27.71957778930664,,,,,,
2004-04-21,27.46177673339844,,,,,,
2004-04-22,27.87088203430176,,,,,,
2004-04-23,27.77000999450684,,,,,,
2004-04-26,27.652326583862305,,,,,,
2004-04-27,27.786834716796875,,,,,,
2004-04-28,27.45056915283203,,,,,,
2004-04-29,27.1310977935791,,,,,,
2004-04-30,27.215171813964844,,,,,,
2004-05-03,27.40572929382324,,,,,,
2004-05-04,27.506610870361328,,,,,,
2004-05-05,27.54024124145508,,,,,,
2004-05-06,27.293642044067383,,,,,,
2004-05-07,26.83968544006348,,,,,,
2004-05-10,26.430559158325195,,,,,,
2004-05-11,26.58745574951172,,,,,,
2004-05-12,26.705167770385746,,,,,,
2004-05-13,26.705167770385746,,,,,,
2004-05-14,26.778026580810547,,,,,,
2004-05-17,26.514623641967773,,,,,,
2004-05-18,26.705167770385746,,,,,,
2004-05-19,26.649120330810547,,,,,,
2004-05-20,26.66594123840332,,,,,,
2004-05-21,26.74440193176269,,,,,,
2004-05-24,26.83968544006348,,,,,,
2004-05-25,27.237598419189453,,,,,,
2004-05-26,27.215171813964844,,,,,,
2004-05-27,27.40572929382324,,,,,,
2004-05-28,27.416927337646484,,,,,,
2004-06-01,27.42254447937012,,,,,,
2004-06-02,27.53461456298828,,,,,,
2004-06-03,27.400129318237305,,,,,,
2004-06-04,27.529024124145508,,,,,,
2004-06-07,27.87088203430176,,,,,,
2004-06-08,27.820465087890625,,,,,,
2004-06-09,27.691556930541992,,,,,,
2004-06-10,27.79804420471192,,,,,,
2004-06-14,27.51781845092773,,,,,,
2004-06-15,27.67473793029785,,,,,,
2004-06-16,27.80363845825196,,,,,,
2004-06-17,27.80923843383789,,,,,,
2004-06-18,27.90452003479004,,,,,,
2004-06-21,27.85968399047852,,,,,,
2004-06-22,27.93814468383789,,,,,,
2004-06-23,28.078258514404297,,,,,,
2004-06-24,28.128707885742188,,,,,,
2004-06-25,28.13430595397949,,,,,,
2004-06-28,27.944997787475582,,,,,,
2004-06-29,28.01262855529785,,,,,,
2004-06-30,28.09147834777832,,,,,,
2004-07-01,27.83233070373535,,,,,,
2004-07-02,27.87739372253418,,,,,,
2004-07-06,27.764707565307617,,,,,,
2004-07-07,27.78724670410156,,,,,,
2004-07-08,27.618221282958984,,,,,,
2004-07-09,27.65203857421875,,,,,,
2004-07-12,27.753427505493164,,,,,,
2004-07-13,27.781614303588867,,,,,,
2004-07-14,27.775972366333008,,,,,,
2004-07-15,27.71963691711425,,,,,,
2004-07-16,27.640748977661133,,,,,,
2004-07-19,27.65203857421875,,,,,,
2004-07-20,27.72526359558105,,,,,,
2004-07-21,27.47174835205078,,,,,,
2004-07-22,27.49991035461425,,,,,,
2004-07-23,27.319623947143555,,,,,,
2004-07-26,27.24074363708496,,,,,,
2004-07-27,27.494281768798828,,,,,,
2004-07-28,27.58442115783692,,,,,,
2004-07-29,27.742176055908203,,,,,,
2004-07-30,27.66893768310547,,,,,,
2004-08-02,27.843582153320312,,,,,,
2004-08-03,27.770341873168945,,,,,,
2004-08-04,27.759077072143555,,,,,,
2004-08-05,27.454843521118164,,,,,,
2004-08-06,26.97031211853028,,,,,,
2004-08-09,27.10552215576172,,,,,,
2004-08-10,27.23510932922364,,,,,,
2004-08-11,27.33651733398437,,,,,,
2004-08-12,27.0548152923584,,,,,,
2004-08-13,27.021026611328125,,,,,,
2004-08-16,27.44356346130371,,,,,,
2004-08-17,27.44919776916504,,,,,,
2004-08-18,27.618221282958984,,,,,,
2004-08-19,27.6801986694336,,,,,,
2004-08-20,27.956268310546875,,,,,,
2004-08-23,27.83233070373535,,,,,,
2004-08-24,27.821054458618164,,,,,,
2004-08-25,28.040775299072266,,,,,,
2004-08-26,28.09147834777832,,,,,,
2004-08-27,28.13091087341309,,,,,,
2004-08-30,28.057674407958984,,,,,,
2004-08-31,28.06332015991211,,,,,,
2004-09-01,28.16472244262696,,,,,,
2004-09-02,28.45769500732422,,,,,,
2004-09-03,28.485864639282227,,,,,,
2004-09-07,28.688705444335938,,,,,,
2004-09-08,28.598556518554688,,,,,,
2004-09-09,28.587278366088867,,,,,,
2004-09-10,28.677419662475582,,,,,,
2004-09-13,28.649253845214844,,,,,,
2004-09-14,28.688705444335938,,,,,,
2004-09-15,28.55349349975586,,,,,,
2004-09-16,28.66053009033203,,,,,,
2004-09-17,28.79574584960937,,,,,,
2004-09-20,28.649253845214844,,,,,,
2004-09-21,28.86898231506348,,,,,,
2004-09-22,28.502769470214844,,,,,,
2004-09-23,28.33938217163086,,,,,,
2004-09-24,28.42391014099121,,,,,,
2004-09-27,28.290721893310547,,,,,,
2004-09-28,28.455062866210938,,,,,,
2004-09-29,28.4833984375,,,,,,
2004-09-30,28.404062271118164,,,,,,
2004-10-01,28.834774017333984,,,,,,
2004-10-04,28.90843963623047,,,,,,
2004-10-05,28.919767379760746,,,,,,
2004-10-06,29.11812400817871,,,,,,
2004-10-07,28.9481201171875,,,,,,
2004-10-08,28.795101165771484,,,,,,
2004-10-11,28.8574275970459,,,,,,
2004-10-12,28.795101165771484,,,,,,
2004-10-13,28.47773742675781,,,,,,
2004-10-14,28.33605194091797,,,,,,
2004-10-15,28.449392318725582,,,,,,
2004-10-18,28.50607681274414,,,,,,
2004-10-19,28.17738151550293,,,,,,
2004-10-20,28.17738151550293,,,,,,
2004-10-21,28.211389541625977,,,,,,
2004-10-22,28.08103370666504,,,,,,
2004-10-25,28.04136085510254,,,,,,
2004-10-26,28.37573432922364,,,,,,
2004-10-27,28.69308853149414,,,,,,
2004-10-28,28.80642890930176,,,,,,
2004-10-29,28.84610748291016,,,,,,
2004-11-01,28.880102157592773,,,,,,
2004-11-02,28.82343864440918,,,,,,
2004-11-03,29.129457473754883,,,,,,
2004-11-04,29.6678524017334,,,,,,
2004-11-05,29.792516708374023,,,,,,
2004-11-08,29.758525848388672,,,,,,
2004-11-09,29.7755184173584,,,,,,
2004-11-10,29.84353446960449,,,,,,
2004-11-11,30.075891494750977,,,,,,
2004-11-12,30.308244705200195,,,,,,
2004-11-15,30.189228057861328,,,,,,
2004-11-16,30.05889892578125,,,,,,
2004-11-17,30.2799015045166,,,,,,
2004-11-18,30.25157928466797,,,,,,
2004-11-19,29.93988990783692,,,,,,
2004-11-22,30.12688064575196,,,,,,
2004-11-23,30.16657066345215,,,,,,
2004-11-24,30.302574157714844,,,,,,
2004-11-26,30.37624931335449,,,,,,
2004-11-29,30.325233459472656,,,,,,
2004-11-30,30.22321891784668,,,,,,
2004-12-01,30.53494071960449,,,,,,
2004-12-02,30.48392677307129,,,,,,
2004-12-03,30.495258331298828,,,,,,
2004-12-06,30.47826766967773,,,,,,
2004-12-07,30.24590110778809,,,,,,
2004-12-08,30.302574157714844,,,,,,
2004-12-09,30.41025161743164,,,,,,
2004-12-10,30.415924072265625,,,,,,
2004-12-13,30.75596237182617,,,,,,
2004-12-14,30.869304656982425,,,,,,
2004-12-15,31.01664352416992,,,,,,
2004-12-16,30.87495231628418,,,,,,
2004-12-17,30.835309982299805,,,,,,
2004-12-20,30.86362266540528,,,,,,
2004-12-21,31.01097869873047,,,,,,
2004-12-22,31.231979370117188,,,,,,
2004-12-23,31.277324676513672,,,,,,
2004-12-27,31.13007354736328,,,,,,
2004-12-28,31.29560279846192,,,,,,
2004-12-29,31.267051696777344,,,,,,
2004-12-30,31.24993324279785,,,,,,
2004-12-31,31.24993324279785,,,,,,
2005-01-03,30.9531364440918,,,,,,
2005-01-04,30.673452377319336,,,,,,
2005-01-05,30.536481857299805,,,,,,
2005-01-06,30.69058418273925,,,,,,
2005-01-07,30.62778091430664,,,,,,
2005-01-10,30.633480072021484,,,,,,
2005-01-11,30.5079288482666,,,,,,
2005-01-12,30.57071304321289,,,,,,
2005-01-13,30.34239959716797,,,,,,
2005-01-14,30.5535945892334,,,,,,
2005-01-18,30.85610580444336,,,,,,
2005-01-19,30.66205787658692,,,,,,
2005-01-20,30.45656967163086,,,,,,
2005-01-21,30.28531837463379,,,,,,
2005-01-24,30.31955909729004,,,,,,
2005-01-25,30.365232467651367,,,,,,
2005-01-26,30.47367477416992,,,,,,
2005-01-27,30.45656967163086,,,,,,
2005-01-28,30.251070022583008,,,,,,
2005-01-31,30.62778091430664,,,,,,
2005-02-01,30.90746116638184,,,,,,
2005-02-02,31.055877685546875,,,,,,
2005-02-03,31.02163314819336,,,,,,
2005-02-04,31.272764205932617,,,,,,
2005-02-07,31.36409950256348,,,,,,
2005-02-08,31.35838508605957,,,,,,
2005-02-09,31.261354446411133,,,,,,
2005-02-10,31.32985115051269,,,,,,
2005-02-11,31.506792068481445,,,,,,
2005-02-14,31.563867568969727,,,,,,
2005-02-15,31.61522674560547,,,,,,
2005-02-16,31.67802047729492,,,,,,
2005-02-17,31.45541381835937,,,,,,
2005-02-18,31.44400787353516,,,,,,
2005-02-22,31.01592063903809,,,,,,
2005-02-23,31.227113723754883,,,,,,
2005-02-24,31.421167373657227,,,,,,
2005-02-25,31.843549728393555,,,,,,
2005-02-28,31.67802047729492,,,,,,
2005-03-01,31.809310913085938,,,,,,
2005-03-02,31.74651908874512,,,,,,
2005-03-03,31.843549728393555,,,,,,
2005-03-04,32.14606094360352,,,,,,
2005-03-07,32.248802185058594,,,,,,
2005-03-08,32.07185363769531,,,,,,
2005-03-09,31.683734893798828,,,,,,
2005-03-10,31.72366714477539,,,,,,
2005-03-11,31.61522674560547,,,,,,
2005-03-14,31.78076171875,,,,,,
2005-03-15,31.6323471069336,,,,,,
2005-03-16,31.341251373291016,,,,,,
2005-03-17,31.421167373657227,,,,,,
2005-03-18,31.415470123291016,,,,,,
2005-03-21,31.267051696777344,,,,,,
2005-03-22,30.896068572998047,,,,,,
2005-03-23,30.83328056335449,,,,,,
2005-03-24,30.79652976989746,,,,,,
2005-03-28,30.86540985107422,,,,,,
2005-03-29,30.601396560668945,,,,,,
2005-03-30,31.02036476135254,,,,,,
2005-03-31,31.135154724121094,,,,,,
2005-04-01,31.037580490112305,,,,,,
2005-04-04,31.066295623779297,,,,,,
2005-04-05,31.106460571289062,,,,,,
2005-04-06,31.24994468688965,,,,,,
2005-04-07,31.381946563720703,,,,,,
2005-04-08,31.158111572265625,,,,,,
2005-04-11,31.19829559326172,,,,,,
2005-04-12,31.34749984741211,,,,,,
2005-04-13,30.980194091796875,,,,,,
2005-04-14,30.687488555908203,,,,,,
2005-04-15,30.18244171142578,,,,,,
2005-04-18,30.27426528930664,,,,,,
2005-04-19,30.66454315185547,,,,,,
2005-04-20,30.12506103515625,,,,,,
2005-04-21,30.62437438964844,,,,,,
2005-04-22,30.41774177551269,,,,,,
2005-04-25,30.830995559692383,,,,,,
2005-04-26,30.589937210083008,,,,,,
2005-04-27,30.63012313842773,,,,,,
2005-04-28,30.302978515625,,,,,,
2005-04-29,30.64157485961914,,,,,,
2005-05-02,30.81949234008789,,,,,,
2005-05-03,30.687488555908203,,,,,,
2005-05-04,31.175331115722656,,,,,,
2005-05-05,31.11218643188477,,,,,,
2005-05-06,31.077749252319336,,,,,,
2005-05-09,31.135154724121094,,,,,,
2005-05-10,30.89412307739257,,,,,,
2005-05-11,31.008888244628903,,,,,,
2005-05-12,30.618635177612305,,,,,,
2005-05-13,30.325925827026367,,,,,,
2005-05-16,30.601396560668945,,,,,,
2005-05-17,30.79652976989746,,,,,,
2005-05-18,31.192550659179688,,,,,,
2005-05-19,31.364723205566406,,,,,,
2005-05-20,31.313081741333008,,,,,,
2005-05-23,31.387664794921875,,,,,,
2005-05-24,31.40489959716797,,,,,,
2005-05-25,31.30158424377441,,,,,,
2005-05-26,31.439327239990234,,,,,,
2005-05-27,31.53690528869629,,,,,,
2005-05-31,31.40489959716797,,,,,,
2005-06-01,31.51968765258789,,,,,,
2005-06-02,31.668907165527344,,,,,,
2005-06-03,31.54837989807129,,,,,,
2005-06-06,31.54837989807129,,,,,,
2005-06-07,31.56559181213379,,,,,,
2005-06-08,31.51968765258789,,,,,,
2005-06-09,31.657413482666016,,,,,,
2005-06-10,31.634483337402344,,,,,,
2005-06-13,31.74350929260254,,,,,,
2005-06-14,31.84107780456543,,,,,,
2005-06-15,31.898452758789062,,,,,,
2005-06-16,32.11081314086914,,,,,,
2005-06-17,32.30596160888672,,,,,,
2005-06-20,32.32316970825195,,,,,,
2005-06-21,32.19692611694336,,,,,,
2005-06-22,32.179691314697266,,,,,,
2005-06-23,31.90995979309082,,,,,,
2005-06-24,31.72628593444824,,,,,,
2005-06-27,31.70377922058105,,,,,,
2005-06-28,31.923141479492188,,,,,,
2005-06-29,31.923141479492188,,,,,,
2005-06-30,31.836538314819336,,,,,,
2005-07-01,31.83077049255371,,,,,,
2005-07-05,32.09056091308594,,,,,,
2005-07-06,31.836538314819336,,,,,,
2005-07-07,31.88850212097168,,,,,,
2005-07-08,32.22332763671875,,,,,,
2005-07-11,32.384979248046875,,,,,,
2005-07-12,32.42536926269531,,,,,,
2005-07-13,32.50040817260742,,,,,,
2005-07-14,32.51774597167969,,,,,,
2005-07-15,32.546600341796875,,,,,,
2005-07-18,32.36764144897461,,,,,,
2005-07-19,32.5350456237793,,,,,,
2005-07-20,32.64472579956055,,,,,,
2005-07-21,32.3734130859375,,,,,,
2005-07-22,32.615875244140625,,,,,,
2005-07-25,32.54084014892578,,,,,,
2005-07-26,32.59855270385742,,,,,,
2005-07-27,32.67359161376953,,,,,,
2005-07-28,32.86410140991211,,,,,,
2005-07-29,32.650508880615234,,,,,,
2005-08-01,32.638954162597656,,,,,,
2005-08-02,32.858333587646484,,,,,,
2005-08-03,32.89872360229492,,,,,,
2005-08-04,32.662044525146484,,,,,,
2005-08-05,32.36764144897461,,,,,,
2005-08-08,32.3099250793457,,,,,,
2005-08-09,32.47153854370117,,,,,,
2005-08-10,32.5350456237793,,,,,,
2005-08-11,32.7717170715332,,,,,,
2005-08-12,32.638954162597656,,,,,,
2005-08-15,32.72555160522461,,,,,,
2005-08-16,32.40805435180664,,,,,,
2005-08-17,32.3734130859375,,,,,,
2005-08-18,32.3907356262207,,,,,,
2005-08-19,32.37919998168945,,,,,,
2005-08-22,32.402286529541016,,,,,,
2005-08-23,32.350337982177734,,,,,,
2005-08-24,32.217552185058594,,,,,,
2005-08-25,32.194461822509766,,,,,,
2005-08-26,32.05591583251953,,,,,,
2005-08-29,32.18870162963867,,,,,,
2005-08-30,32.09632873535156,,,,,,
2005-08-31,32.45423126220703,,,,,,
2005-09-01,32.650508880615234,,,,,,
2005-09-02,32.558135986328125,,,,,,
2005-09-06,32.91604995727539,,,,,,
2005-09-07,32.956451416015625,,,,,,
2005-09-08,32.88141632080078,,,,,,
2005-09-09,33.187374114990234,,,,,,
2005-09-12,33.146949768066406,,,,,,
2005-09-13,32.910274505615234,,,,,,
2005-09-14,32.87563705444336,,,,,,
2005-09-15,32.88141632080078,,,,,,
2005-09-16,33.21622848510742,,,,,,
2005-09-19,33.07768249511719,,,,,,
2005-09-20,32.852569580078125,,,,,,
2005-09-21,32.58123779296875,,,,,,
2005-09-22,32.63319396972656,,,,,,
2005-09-23,32.615875244140625,,,,,,
2005-09-26,32.677494049072266,,,,,,
2005-09-27,32.67168426513672,,,,,,
2005-09-28,32.735618591308594,,,,,,
2005-09-29,32.96817398071289,,,,,,
2005-09-30,33.014678955078125,,,,,,
2005-10-03,32.92164993286133,,,,,,
2005-10-04,32.54958724975586,,,,,,
2005-10-05,32.03800582885742,,,,,,
2005-10-06,31.869422912597656,,,,,,
2005-10-07,31.9973201751709,,,,,,
2005-10-10,31.71245384216309,,,,,,
2005-10-11,31.648496627807617,,,,,,
2005-10-12,31.45084571838379,,,,,,
2005-10-13,31.29388236999512,,,,,,
2005-10-14,31.58456420898437,,,,,,
2005-10-17,31.770597457885746,,,,,,
2005-10-18,31.35782623291016,,,,,,
2005-10-19,31.70083236694336,,,,,,
2005-10-20,31.13111114501953,,,,,,
2005-10-21,31.21829414367676,,,,,,
2005-10-24,31.79966735839844,,,,,,
2005-10-25,31.79383087158203,,,,,,
2005-10-26,31.718280792236328,,,,,,
2005-10-27,31.43340301513672,,,,,,
2005-10-28,31.991498947143555,,,,,,
2005-10-31,32.14265823364258,,,,,,
2005-11-01,32.05546569824219,,,,,,
2005-11-02,32.351932525634766,,,,,,
2005-11-03,32.4449577331543,,,,,,
2005-11-04,32.41007614135742,,,,,,
2005-11-07,32.503082275390625,,,,,,
2005-11-08,32.39844512939453,,,,,,
2005-11-09,32.49726104736328,,,,,,
2005-11-10,32.68912887573242,,,,,,
2005-11-11,32.86934280395508,,,,,,
2005-11-14,32.81700134277344,,,,,,
2005-11-15,32.62516403198242,,,,,,
2005-11-16,32.630977630615234,,,,,,
2005-11-17,32.95073318481445,,,,,,
2005-11-18,33.125118255615234,,,,,,
2005-11-21,33.375091552734375,,,,,,
2005-11-22,33.56695556640625,,,,,,
2005-11-23,33.69484329223633,,,,,,
2005-11-25,33.776241302490234,,,,,,
2005-11-28,33.49717330932617,,,,,,
2005-11-29,33.49717330932617,,,,,,
2005-11-30,33.27628707885742,,,,,,
2005-12-01,33.68903350830078,,,,,,
2005-12-02,33.6657829284668,,,,,,
2005-12-05,33.65996551513672,,,,,,
2005-12-06,33.61927795410156,,,,,,
2005-12-07,33.427425384521484,,,,,,
2005-12-08,33.4041633605957,,,,,,
2005-12-09,33.55533599853516,,,,,,
2005-12-12,33.532073974609375,,,,,,
2005-12-13,33.82856369018555,,,,,,
2005-12-14,33.98550796508789,,,,,,
2005-12-15,33.89253234863281,,,,,,
2005-12-16,33.834373474121094,,,,,,
2005-12-19,33.7297477722168,,,,,,
2005-12-20,33.683197021484375,,,,,,
2005-12-21,33.79948806762695,,,,,,
2005-12-22,33.86924743652344,,,,,,
2005-12-23,33.962257385253906,,,,,,
2005-12-27,33.6680793762207,,,,,,
2005-12-28,33.7149543762207,,,,,,
2005-12-29,33.621192932128906,,,,,,
2005-12-30,33.503990173339844,,,,,,
2006-01-03,34.01968765258789,,,,,,
2006-01-04,34.16034698486328,,,,,,
2006-01-05,34.16621017456055,,,,,,
2006-01-06,34.4474983215332,,,,,,
2006-01-09,34.617469787597656,,,,,,
2006-01-10,34.61161422729492,,,,,,
2006-01-11,34.73467254638672,,,,,,
2006-01-12,34.54126739501953,,,,,,
2006-01-13,34.55885696411133,,,,,,
2006-01-17,34.50613021850586,,,,,,
2006-01-18,34.33029556274414,,,,,,
2006-01-19,34.553001403808594,,,,,,
2006-01-20,33.99625778198242,,,,,,
2006-01-23,34.13105392456055,,,,,,
2006-01-24,34.19552230834961,,,,,,
2006-01-25,34.14864730834961,,,,,,
2006-01-26,34.406494140625,,,,,,
2006-01-27,34.65263366699219,,,,,,
2006-01-30,34.71123123168945,,,,,,
2006-01-31,34.517852783203125,,,,,,
2006-02-01,34.57642364501953,,,,,,
2006-02-02,34.312721252441406,,,,,,
2006-02-03,34.17792510986328,,,,,,
2006-02-06,34.24825668334961,,,,,,
2006-02-07,33.97282028198242,,,,,,
2006-02-08,34.24825668334961,,,,,,
2006-02-09,34.18964385986328,,,,,,
2006-02-10,34.230674743652344,,,,,,
2006-02-13,34.21895980834961,,,,,,
2006-02-14,34.488529205322266,,,,,,
2006-02-15,34.62334442138672,,,,,,
2006-02-16,34.898765563964844,,,,,,
2006-02-17,34.92807388305664,,,,,,
2006-02-21,34.83430862426758,,,,,,
2006-02-22,35.16248321533203,,,,,,
2006-02-23,35.00423812866211,,,,,,
2006-02-24,35.08628845214844,,,,,,
2006-02-27,35.1859245300293,,,,,,
2006-02-28,34.82257080078125,,,,,,
2006-03-01,35.04526901245117,,,,,,
2006-03-02,35.00423812866211,,,,,,
2006-03-03,34.986663818359375,,,,,,
2006-03-06,34.74053192138672,,,,,,
2006-03-07,34.68777847290039,,,,,,
2006-03-08,34.75811004638672,,,,,,
2006-03-09,34.62334442138672,,,,,,
2006-03-10,34.82843399047852,,,,,,
2006-03-13,34.951499938964844,,,,,,
2006-03-14,35.28555679321289,,,,,,
2006-03-15,35.43792724609375,,,,,,
2006-03-16,35.637176513671875,,,,,,
2006-03-17,35.613731384277344,,,,,,
2006-03-20,35.544151306152344,,,,,,
2006-03-21,35.30830764770508,,,,,,
2006-03-22,35.57953643798828,,,,,,
2006-03-23,35.46750259399414,,,,,,
2006-03-24,35.5500602722168,,,,,,
2006-03-27,35.53236770629883,,,,,,
2006-03-28,35.27881622314453,,,,,,
2006-03-29,35.544151306152344,,,,,,
2006-03-30,35.38495635986328,,,,,,
2006-03-31,35.373165130615234,,,,,,
2006-04-03,35.396724700927734,,,,,,
2006-04-04,35.555946350097656,,,,,,
2006-04-05,35.8036003112793,,,,,,
2006-04-06,35.69746398925781,,,,,,
2006-04-07,35.30830764770508,,,,,,
2006-04-10,35.379058837890625,,,,,,
2006-04-11,35.07832717895508,,,,,,
2006-04-12,35.17267227172852,,,,,,
2006-04-13,35.160888671875,,,,,,
2006-04-17,35.160888671875,,,,,,
2006-04-18,35.79771423339844,,,,,,
2006-04-19,35.897945404052734,,,,,,
2006-04-20,35.93921661376953,,,,,,
2006-04-21,35.97459411621094,,,,,,
2006-04-24,35.95101547241211,,,,,,
2006-04-25,35.703365325927734,,,,,,
2006-04-26,35.815406799316406,,,,,,
2006-04-27,36.03945541381836,,,,,,
2006-04-28,36.23405075073242,,,,,,
2006-05-01,35.96870422363281,,,,,,
2006-05-02,36.32249069213867,,,,,,
2006-05-03,36.28121566772461,,,,,,
2006-05-04,36.34019470214844,,,,,,
2006-05-05,36.74703598022461,,,,,,
2006-05-08,36.6762809753418,,,,,,
2006-05-09,36.74114608764648,,,,,,
2006-05-10,36.68218231201172,,,,,,
2006-05-11,36.27531814575195,,,,,,
2006-05-12,35.791805267333984,,,,,,
2006-05-15,35.874359130859375,,,,,,
2006-05-16,35.85077667236328,,,,,,
2006-05-17,35.202171325683594,,,,,,
2006-05-18,34.90142822265625,,,,,,
2006-05-19,35.15499496459961,,,,,,
2006-05-22,35.03704833984375,,,,,,
2006-05-23,34.78940200805664,,,,,,
2006-05-24,34.87784576416016,,,,,,
2006-05-25,35.32007598876953,,,,,,
2006-05-26,35.526466369628906,,,,,,
2006-05-30,35.05475234985352,,,,,,
2006-05-31,35.361366271972656,,,,,,
2006-06-01,35.750526428222656,,,,,,
2006-06-02,35.8802604675293,,,,,,
2006-06-05,35.379058837890625,,,,,,
2006-06-06,35.32007598876953,,,,,,
2006-06-07,35.113712310791016,,,,,,
2006-06-08,35.160888671875,,,,,,
2006-06-09,35.025245666503906,,,,,,
2006-06-12,34.72453689575195,,,,,,
2006-06-13,34.211551666259766,,,,,,
2006-06-14,34.32358169555664,,,,,,
2006-06-15,34.966304779052734,,,,,,
2006-06-16,34.866058349609375,,,,,,
2006-06-19,34.46509552001953,,,,,,
2006-06-20,34.61249923706055,,,,,,
2006-06-21,34.82479476928711,,,,,,
2006-06-22,34.801204681396484,,,,,,
2006-06-23,34.74223709106445,,,,,,
2006-06-26,34.934326171875,,,,,,
2006-06-27,34.762386322021484,,,,,,
2006-06-28,34.975833892822266,,,,,,
2006-06-29,35.639896392822266,,,,,,
2006-06-30,35.68141174316406,,,,,,
2006-07-03,35.93635177612305,,,,,,
2006-07-05,35.76441192626953,,,,,,
2006-07-06,35.948211669921875,,,,,,
2006-07-07,35.81777572631836,,,,,,
2006-07-10,35.9600715637207,,,,,,
2006-07-11,36.025291442871094,,,,,,
2006-07-12,35.70512008666992,,,,,,
2006-07-13,35.254520416259766,,,,,,
2006-07-14,35.124061584472656,,,,,,
2006-07-17,35.0706901550293,,,,,,
2006-07-18,35.165565490722656,,,,,,
2006-07-19,35.788116455078125,,,,,,
2006-07-20,35.580604553222656,,,,,,
2006-07-21,35.414588928222656,,,,,,
2006-07-24,35.97785568237305,,,,,,
2006-07-25,36.19723129272461,,,,,,
2006-07-26,36.35732269287109,,,,,,
2006-07-27,36.20908737182617,,,,,,
2006-07-28,36.594486236572266,,,,,,
2006-07-31,36.582637786865234,,,,,,
2006-08-01,36.53520202636719,,,,,,
2006-08-02,36.624122619628906,,,,,,
2006-08-03,36.7071418762207,,,,,,
2006-08-04,36.72491455078125,,,,,,
2006-08-07,36.624122619628906,,,,,,
2006-08-08,36.56483840942383,,,,,,
2006-08-09,36.375118255615234,,,,,,
2006-08-10,36.44625473022461,,,,,,
2006-08-11,36.34546661376953,,,,,,
2006-08-14,36.33359146118164,,,,,,
2006-08-15,36.74863815307617,,,,,,
2006-08-16,36.93244171142578,,,,,,
2006-08-17,36.991737365722656,,,,,,
2006-08-18,37.1458854675293,,,,,,
2006-08-21,37.080684661865234,,,,,,
2006-08-22,37.12217330932617,,,,,,
2006-08-23,36.991737365722656,,,,,,
2006-08-24,37.06882095336914,,,,,,
2006-08-25,37.07473373413086,,,,,,
2006-08-28,37.24668502807617,,,,,,
2006-08-29,37.27633285522461,,,,,,
2006-08-30,37.21110916137695,,,,,,
2006-08-31,37.19334030151367,,,,,,
2006-09-01,37.38898086547852,,,,,,
2006-09-05,37.46013641357422,,,,,,
2006-09-06,37.17552185058594,,,,,,
2006-09-07,36.99766540527344,,,,,,
2006-09-08,37.08660507202149,,,,,,
2006-09-11,36.99766540527344,,,,,,
2006-09-12,37.29412841796875,,,,,,
2006-09-13,37.49570083618164,,,,,,
2006-09-14,37.45420837402344,,,,,,
2006-09-15,37.45420837402344,,,,,,
2006-09-18,37.531288146972656,,,,,,
2006-09-19,37.483863830566406,,,,,,
2006-09-20,37.61430740356445,,,,,,
2006-09-21,37.41270446777344,,,,,,
2006-09-22,37.448280334472656,,,,,,
2006-09-25,37.7017707824707,,,,,,
2006-09-26,37.99401473999024,,,,,,
2006-09-27,38.035770416259766,,,,,,
2006-09-28,38.06560134887695,,,,,,
2006-09-29,37.99401473999024,,,,,,
2006-10-02,37.93439483642578,,,,,,
2006-10-03,37.98210525512695,,,,,,
2006-10-04,38.345951080322266,,,,,,
2006-10-05,38.39366149902344,,,,,,
2006-10-06,38.33998107910156,,,,,,
2006-10-09,38.36383438110352,,,,,,
2006-10-10,38.48311614990234,,,,,,
2006-10-11,38.39960861206055,,,,,,
2006-10-12,38.679954528808594,,,,,,
2006-10-13,38.83502960205078,,,,,,
2006-10-16,38.9423828125,,,,,,
2006-10-17,38.84099578857422,,,,,,
2006-10-18,38.9423828125,,,,,,
2006-10-19,38.9423828125,,,,,,
2006-10-20,38.97220993041992,,,,,,
2006-10-23,39.17501068115234,,,,,,
2006-10-24,39.20484161376953,,,,,,
2006-10-25,39.407623291015625,,,,,,
2006-10-26,39.520957946777344,,,,,,
2006-10-27,39.26448059082031,,,,,,
2006-10-30,39.246578216552734,,,,,,
2006-10-31,39.18693161010742,,,,,,
2006-11-01,39.00798797607422,,,,,,
2006-11-02,38.95431518554688,,,,,,
2006-11-03,38.912574768066406,,,,,,
2006-11-06,39.288330078125,,,,,,
2006-11-07,39.33605194091797,,,,,,
2006-11-08,39.47323989868164,,,,,,
2006-11-09,39.30621719360352,,,,,,
2006-11-10,39.377811431884766,,,,,,
2006-11-13,39.48516082763672,,,,,,
2006-11-14,39.64620971679688,,,,,,
2006-11-15,39.72373962402344,,,,,,
2006-11-16,39.77145767211914,,,,,,
2006-11-17,39.85497283935547,,,,,,
2006-11-20,39.81917572021485,,,,,,
2006-11-21,39.87287139892578,,,,,,
2006-11-22,39.90864181518555,,,,,,
2006-11-24,39.80723190307617,,,,,,
2006-11-27,39.34797668457031,,,,,,
2006-11-28,39.47323989868164,,,,,,
2006-11-29,39.926536560058594,,,,,,
2006-11-30,39.99812698364258,,,,,,
2006-12-01,39.94441604614258,,,,,,
2006-12-04,40.13529968261719,,,,,,
2006-12-05,40.3559799194336,,,,,,
2006-12-06,40.29038238525391,,,,,,
2006-12-07,40.18301010131836,,,,,,
2006-12-08,40.24264526367188,,,,,,
2006-12-11,40.397727966308594,,,,,,
2006-12-12,40.43949508666992,,,,,,
2006-12-13,40.58858108520508,,,,,,
2006-12-14,40.86298370361328,,,,,,
2006-12-15,40.9703254699707,,,,,,
2006-12-18,40.85103988647461,,,,,,
2006-12-19,40.9703254699707,,,,,,
2006-12-20,40.952423095703125,,,,,,
2006-12-21,40.87489700317383,,,,,,
2006-12-22,40.65856552124024,,,,,,
2006-12-26,40.92296600341797,,,,,,
2006-12-27,41.29555130004883,,,,,,
2006-12-28,41.187381744384766,,,,,,
2006-12-29,41.00109100341797,,,,,,
2007-01-03,40.87490081787109,,,,,,
2007-01-04,40.74870681762695,,,,,,
2007-01-05,40.436222076416016,,,,,,
2007-01-08,40.58042907714844,,,,,,
2007-01-09,40.53840255737305,,,,,,
2007-01-10,40.448238372802734,,,,,,
2007-01-11,40.71864318847656,,,,,,
2007-01-12,40.85086441040039,,,,,,
2007-01-16,40.81480407714844,,,,,,
2007-01-17,40.87490081787109,,,,,,
2007-01-18,40.83884048461914,,,,,,
2007-01-19,41.01311874389648,,,,,,
2007-01-22,40.82080078125,,,,,,
2007-01-23,41.007083892822266,,,,,,
2007-01-24,41.20539093017578,,,,,,
2007-01-25,40.92296600341797,,,,,,
2007-01-26,40.92296600341797,,,,,,
2007-01-29,40.82080078125,,,,,,
2007-01-30,41.1092529296875,,,,,,
2007-01-31,41.31958770751953,,,,,,
2007-02-01,41.674129486083984,,,,,,
2007-02-02,41.7702751159668,,,,,,
2007-02-05,41.740230560302734,,,,,,
2007-02-06,41.82435607910156,,,,,,
2007-02-07,41.83037185668945,,,,,,
2007-02-08,41.72821807861328,,,,,,
2007-02-09,41.51187896728516,,,,,,
2007-02-12,41.313568115234375,,,,,,
2007-02-13,41.776275634765625,,,,,,
2007-02-14,42.04069519042969,,,,,,
2007-02-15,42.03468322753906,,,,,,
2007-02-16,42.03468322753906,,,,,,
2007-02-20,42.124813079833984,,,,,,
2007-02-21,42.03468322753906,,,,,,
2007-02-22,41.96857452392578,,,,,,
2007-02-23,41.81233596801758,,,,,,
2007-02-26,41.872440338134766,,,,,,
2007-02-27,40.32804870605469,,,,,,
2007-02-28,40.6645736694336,,,,,,
2007-03-01,40.58647155761719,,,,,,
2007-03-02,40.12374114990234,,,,,,
2007-03-05,39.72112274169922,,,,,,
2007-03-06,40.32205581665039,,,,,,
2007-03-07,40.2439079284668,,,,,,
2007-03-08,40.50233459472656,,,,,,
2007-03-09,40.58647155761719,,,,,,
2007-03-12,40.64053726196289,,,,,,
2007-03-13,39.86534881591797,,,,,,
2007-03-14,40.0516242980957,,,,,,
2007-03-15,40.28599548339844,,,,,,
2007-03-16,40.087684631347656,,,,,,
2007-03-19,40.50233459472656,,,,,,
2007-03-20,40.80881118774414,,,,,,
2007-03-21,41.541900634765625,,,,,,
2007-03-22,41.60202026367188,,,,,,
2007-03-23,41.674129486083984,,,,,,
2007-03-26,41.62394332885742,,,,,,
2007-03-27,41.5392951965332,,,,,,
2007-03-28,41.279293060302734,,,,,,
2007-03-29,41.43043518066406,,,,,,
2007-03-30,41.35185623168945,,,,,,
2007-04-02,41.40626525878906,,,,,,
2007-04-03,41.81745529174805,,,,,,
2007-04-04,41.78718566894531,,,,,,
2007-04-05,41.877891540527344,,,,,,
2007-04-09,41.93836212158203,,,,,,
2007-04-10,42.0532455444336,,,,,,
2007-04-11,41.81745529174805,,,,,,
2007-04-12,41.998836517333984,,,,,,
2007-04-13,42.1862678527832,,,,,,
2007-04-16,42.597415924072266,,,,,,
2007-04-17,42.645782470703125,,,,,,
2007-04-18,42.79696273803711,,,,,,
2007-04-19,42.69415283203125,,,,,,
2007-04-20,43.1536979675293,,,,,,
2007-04-23,42.93602752685547,,,,,,
2007-04-24,42.881595611572266,,,,,,
2007-04-25,43.4137077331543,,,,,,
2007-04-26,43.38949203491211,,,,,,
2007-04-27,43.35323333740234,,,,,,
2007-04-30,43.08717346191406,,,,,,
2007-05-01,43.18393707275391,,,,,,
2007-05-02,43.44997024536133,,,,,,
2007-05-03,43.69788360595703,,,,,,
2007-05-04,43.74627685546875,,,,,,
2007-05-07,43.9155387878418,,,,,,
2007-05-08,43.90346145629883,,,,,,
2007-05-09,44.04859161376953,,,,,,
2007-05-10,43.47417449951172,,,,,,
2007-05-11,43.95787811279297,,,,,,
2007-05-14,43.80672836303711,,,,,,
2007-05-15,43.8792839050293,,,,,,
2007-05-16,44.21183776855469,,,,,,
2007-05-17,44.16951751708984,,,,,,
2007-05-18,44.45370101928711,,,,,,
2007-05-21,44.562538146972656,,,,,,
2007-05-22,44.54438781738281,,,,,,
2007-05-23,44.47787857055664,,,,,,
2007-05-24,44.04254531860352,,,,,,
2007-05-25,44.36301040649414,,,,,,
2007-05-29,44.32065963745117,,,,,,
2007-05-30,44.68950271606445,,,,,,
2007-05-31,44.629032135009766,,,,,,
2007-06-01,44.84066390991211,,,,,,
2007-06-04,44.9011344909668,,,,,,
2007-06-05,44.59880447387695,,,,,,
2007-06-06,44.19370269775391,,,,,,
2007-06-07,43.33509063720703,,,,,,
2007-06-08,43.9155387878418,,,,,,
2007-06-11,44.0727653503418,,,,,,
2007-06-12,43.54067611694336,,,,,,
2007-06-13,44.23601531982422,,,,,,
2007-06-14,44.381126403808594,,,,,,
2007-06-15,44.68344879150391,,,,,,
2007-06-18,44.62298583984375,,,,,,
2007-06-19,44.72579193115234,,,,,,
2007-06-20,43.98812103271485,,,,,,
2007-06-21,44.25414657592773,,,,,,
2007-06-22,43.71601867675781,,,,,,
2007-06-25,43.45343399047852,,,,,,
2007-06-26,43.24679565429688,,,,,,
2007-06-27,43.79381561279297,,,,,,
2007-06-28,43.763431549072266,,,,,,
2007-06-29,43.696571350097656,,,,,,
2007-07-02,44.2071418762207,,,,,,
2007-07-03,44.49281311035156,,,,,,
2007-07-05,44.322635650634766,,,,,,
2007-07-06,44.41381072998047,,,,,,
2007-07-09,44.45636367797852,,,,,,
2007-07-10,43.702667236328125,,,,,,
2007-07-11,44.00655746459961,,,,,,
2007-07-12,44.84537124633789,,,,,,
2007-07-13,44.99731063842773,,,,,,
2007-07-16,44.90614700317383,,,,,,
2007-07-17,44.79674530029297,,,,,,
2007-07-18,44.71771240234375,,,,,,
2007-07-19,44.76633834838867,,,,,,
2007-07-20,44.28009414672852,,,,,,
2007-07-23,44.46851348876953,,,,,,
2007-07-24,43.520294189453125,,,,,,
2007-07-25,43.67832946777344,,,,,,
2007-07-26,42.49306106567383,,,,,,
2007-07-27,41.57526016235352,,,,,,
2007-07-30,42.2681884765625,,,,,,
2007-07-31,41.636024475097656,,,,,,
2007-08-01,42.1223030090332,,,,,,
2007-08-02,42.15877914428711,,,,,,
2007-08-03,40.84587097167969,,,,,,
2007-08-06,41.92779541015625,,,,,,
2007-08-07,42.38974380493164,,,,,,
2007-08-08,43.00972366333008,,,,,,
2007-08-09,41.696815490722656,,,,,,
2007-08-10,41.51447677612305,,,,,,
2007-08-13,41.59956359863281,,,,,,
2007-08-14,40.87624740600586,,,,,,
2007-08-15,40.2927360534668,,,,,,
2007-08-16,40.90665054321289,,,,,,
2007-08-17,41.82445907592773,,,,,,
2007-08-20,41.80016326904297,,,,,,
2007-08-21,41.86701202392578,,,,,,
2007-08-22,42.353275299072266,,,,,,
2007-08-23,42.32895660400391,,,,,,
2007-08-24,42.72404479980469,,,,,,
2007-08-27,42.35935592651367,,,,,,
2007-08-28,41.31996536254883,,,,,,
2007-08-29,42.1223030090332,,,,,,
2007-08-30,41.88525390625,,,,,,
2007-08-31,42.24386215209961,,,,,,
2007-09-04,42.81522750854492,,,,,,
2007-09-05,42.18917083740234,,,,,,
2007-09-06,42.35935592651367,,,,,,
2007-09-07,41.69074630737305,,,,,,
2007-09-10,41.64211654663086,,,,,,
2007-09-11,42.13446807861328,,,,,,
2007-09-12,42.2681884765625,,,,,,
2007-09-13,42.63286590576172,,,,,,
2007-09-14,42.669342041015625,,,,,,
2007-09-17,42.48699951171875,,,,,,
2007-09-18,43.74519348144531,,,,,,
2007-09-19,44.115970611572266,,,,,,
2007-09-20,43.763431549072266,,,,,,
2007-09-21,43.87282943725586,,,,,,
2007-09-24,43.55474472045898,,,,,,
2007-09-25,43.48745346069336,,,,,,
2007-09-26,43.7015495300293,,,,,,
2007-09-27,43.92177963256836,,,,,,
2007-09-28,43.74437713623047,,,,,,
2007-10-01,44.35611724853516,,,,,,
2007-10-02,44.36833572387695,,,,,,
2007-10-03,44.27045822143555,,,,,,
2007-10-04,44.38056945800781,,,,,,
2007-10-05,44.72925567626953,,,,,,
2007-10-08,44.50292205810547,,,,,,
2007-10-09,44.92499542236328,,,,,,
2007-10-10,44.64361572265625,,,,,,
2007-10-11,44.551856994628906,,,,,,
2007-10-12,44.61302947998047,,,,,,
2007-10-15,44.4478645324707,,,,,,
2007-10-16,43.92788696289063,,,,,,
2007-10-17,43.9095344543457,,,,,,
2007-10-18,43.73214340209961,,,,,,
2007-10-19,42.56374740600586,,,,,,
2007-10-22,42.790077209472656,,,,,,
2007-10-23,43.047000885009766,,,,,,
2007-10-24,42.90631484985352,,,,,,
2007-10-25,43.00419235229492,,,,,,
2007-10-26,43.5424919128418,,,,,,
2007-10-29,43.66486740112305,,,,,,
2007-10-30,43.3283805847168,,,,,,
2007-10-31,43.811668395996094,,,,,,
2007-11-01,42.41083526611328,,,,,,
2007-11-02,42.36800384521485,,,,,,
2007-11-05,41.9520149230957,,,,,,
2007-11-06,42.52093124389648,,,,,,
2007-11-07,41.16901397705078,,,,,,
2007-11-08,41.37699890136719,,,,,,
2007-11-09,41.00385665893555,,,,,,
2007-11-12,40.68576049804688,,,,,,
2007-11-13,41.86027526855469,,,,,,
2007-11-14,41.54827880859375,,,,,,
2007-11-15,40.93043899536133,,,,,,
2007-11-16,40.96713638305664,,,,,,
2007-11-19,40.09849548339844,,,,,,
2007-11-20,40.25141525268555,,,,,,
2007-11-21,39.603004455566406,,,,,,
2007-11-23,40.2759017944336,,,,,,
2007-11-26,39.16868591308594,,,,,,
2007-11-27,39.817115783691406,,,,,,
2007-11-28,41.40148162841797,,,,,,
2007-11-29,41.22407150268555,,,,,,
2007-11-30,41.60335159301758,,,,,,
2007-12-03,41.37699890136719,,,,,,
2007-12-04,40.95492172241211,,,,,,
2007-12-05,41.69511032104492,,,,,,
2007-12-06,42.33129501342773,,,,,,
2007-12-07,42.27012252807617,,,,,,
2007-12-10,42.649391174316406,,,,,,
2007-12-11,41.44429016113281,,,,,,
2007-12-12,41.71955490112305,,,,,,
2007-12-13,41.71955490112305,,,,,,
2007-12-14,41.0833740234375,,,,,,
2007-12-17,40.55730056762695,,,,,,
2007-12-18,40.79588317871094,,,,,,
2007-12-19,40.74693298339844,,,,,,
2007-12-20,40.8055305480957,,,,,,
2007-12-21,41.32987976074219,,,,,,
2007-12-24,41.84185409545898,,,,,,
2007-12-26,41.73700714111328,,,,,,
2007-12-27,41.323692321777344,,,,,,
2007-12-28,41.20648956298828,,,,,,
2007-12-31,40.95357894897461,,,,,,
2008-01-02,40.497108459472656,,,,,,
2008-01-03,40.497108459472656,,,,,,
2008-01-04,39.64582824707031,,,,,,
2008-01-07,39.83088684082031,,,,,,
2008-01-08,39.00429153442383,,,,,,
2008-01-09,39.56562042236328,,,,,,
2008-01-10,39.96041870117188,,,,,,
2008-01-11,39.55946731567383,,,,,,
2008-01-14,39.85554885864258,,,,,,
2008-01-15,38.874755859375,,,,,,
2008-01-16,38.83156204223633,,,,,,
2008-01-17,37.59783935546875,,,,,,
2008-01-18,37.196868896484375,,,,,,
2008-01-22,36.8514289855957,,,,,,
2008-01-23,38.22087097167969,,,,,,
2008-01-24,38.251712799072266,,,,,,
2008-01-25,37.6595344543457,,,,,,
2008-01-28,38.53545379638672,,,,,,
2008-01-29,38.83156204223633,,,,,,
2008-01-30,38.49229431152344,,,,,,
2008-01-31,39.016639709472656,,,,,,
2008-02-01,39.849403381347656,,,,,,
2008-02-04,39.34356689453125,,,,,,
2008-02-05,38.22705841064453,,,,,,
2008-02-06,37.937110900878906,,,,,,
2008-02-07,38.24555206298828,,,,,,
2008-02-08,37.8014030456543,,,,,,
2008-02-11,37.75205993652344,,,,,,
2008-02-12,38.214691162109375,,,,,,
2008-02-13,38.54781723022461,,,,,,
2008-02-14,38.1468505859375,,,,,,
2008-02-15,38.26405715942383,,,,,,
2008-02-19,38.29488754272461,,,,,,
2008-02-20,38.46761703491211,,,,,,
2008-02-21,37.99263381958008,,,,,,
2008-02-22,38.38741683959961,,,,,,
2008-02-25,38.8624153137207,,,,,,
2008-02-26,39.10299301147461,,,,,,
2008-02-27,39.0474739074707,,,,,,
2008-02-28,38.58483123779297,,,,,,
2008-02-29,37.49298477172852,,,,,,
2008-03-03,37.48063659667969,,,,,,
2008-03-04,37.33875274658203,,,,,,
2008-03-05,37.505313873291016,,,,,,
2008-03-06,36.50600051879883,,,,,,
2008-03-07,36.209903717041016,,,,,,
2008-03-10,35.802772521972656,,,,,,
2008-03-11,37.2092170715332,,,,,,
2008-03-12,36.83293151855469,,,,,,
2008-03-13,36.95014190673828,,,,,,
2008-03-14,36.20371627807617,,,,,,
2008-03-17,36.02484130859375,,,,,,
2008-03-18,37.59783935546875,,,,,,
2008-03-19,36.78358459472656,,,,,,
2008-03-20,37.7212142944336,,,,,,
2008-03-24,38.31340026855469,,,,,,
2008-03-25,38.18231201171875,,,,,,
2008-03-26,37.89653015136719,,,,,,
2008-03-27,37.52378082275391,,,,,,
2008-03-28,37.13238906860352,,,,,,
2008-03-31,37.32499694824219,,,,,,
2008-04-01,38.80356979370117,,,,,,
2008-04-02,38.685546875,,,,,,
2008-04-03,38.80978393554688,,,,,,
2008-04-04,38.7352294921875,,,,,,
2008-04-07,38.82841873168945,,,,,,
2008-04-08,38.69174957275391,,,,,,
2008-04-09,38.37490463256836,,,,,,
2008-04-10,38.3314208984375,,,,,,
2008-04-11,37.542423248291016,,,,,,
2008-04-14,37.35605239868164,,,,,,
2008-04-15,37.55486679077149,,,,,,
2008-04-16,38.39353942871094,,,,,,
2008-04-17,38.499149322509766,,,,,,
2008-04-18,38.977516174316406,,,,,,
2008-04-21,38.7290153503418,,,,,,
2008-04-22,38.54885482788086,,,,,,
2008-04-23,38.4432487487793,,,,,,
2008-04-24,38.8594970703125,,,,,,
2008-04-25,39.28193283081055,,,,,,
2008-04-28,39.16389846801758,,,,,,
2008-04-29,38.97130584716797,,,,,,
2008-04-30,38.92161178588867,,,,,,
2008-05-01,39.59877014160156,,,,,,
2008-05-02,39.70438003540039,,,,,,
2008-05-05,39.462100982666016,,,,,,
2008-05-06,39.74165725708008,,,,,,
2008-05-07,38.965110778808594,,,,,,
2008-05-08,38.88432693481445,,,,,,
2008-05-09,38.72280883789063,,,,,,
2008-05-12,39.17011260986328,,,,,,
2008-05-13,39.10799407958984,,,,,,
2008-05-14,39.34407043457031,,,,,,
2008-05-15,39.6671142578125,,,,,,
2008-05-16,39.69817733764648,,,,,,
2008-05-19,39.87213516235352,,,,,,
2008-05-20,39.462100982666016,,,,,,
2008-05-21,38.8532829284668,,,,,,
2008-05-22,38.89054870605469,,,,,,
2008-05-23,38.27550506591797,,,,,,
2008-05-27,38.46188354492188,,,,,,
2008-05-28,38.53642654418945,,,,,,
2008-05-29,38.81599044799805,,,,,,
2008-05-30,38.69796371459961,,,,,,
2008-06-02,38.35005187988281,,,,,,
2008-06-03,38.11397552490234,,,,,,
2008-06-04,38.00215911865234,,,,,,
2008-06-05,38.7352294921875,,,,,,
2008-06-06,37.46165084838867,,,,,,
2008-06-09,37.42438507080078,,,,,,
2008-06-10,37.275272369384766,,,,,,
2008-06-11,36.70994186401367,,,,,,
2008-06-12,36.8714714050293,,,,,,
2008-06-13,37.281497955322266,,,,,,
2008-06-16,37.331199645996094,,,,,,
2008-06-17,37.02679443359375,,,,,,
2008-06-18,36.62297821044922,,,,,,
2008-06-19,36.660247802734375,,,,,,
2008-06-20,36.03278350830078,,,,,,
2008-06-23,35.933380126953125,,,,,,
2008-06-24,35.93712615966797,,,,,,
2008-06-25,36.18743515014648,,,,,,
2008-06-26,35.15494155883789,,,,,,
2008-06-27,34.94843673706055,,,,,,
2008-06-30,35.01100158691406,,,,,,
2008-07-01,35.1736946105957,,,,,,
2008-07-02,34.59800338745117,,,,,,
2008-07-03,34.61051940917969,,,,,,
2008-07-07,34.17251205444336,,,,,,
2008-07-08,35.01100158691406,,,,,,
2008-07-09,34.22883224487305,,,,,,
2008-07-10,34.33519744873047,,,,,,
2008-07-11,33.9034423828125,,,,,,
2008-07-14,33.490421295166016,,,,,,
2008-07-15,32.89595413208008,,,,,,
2008-07-16,33.94098281860352,,,,,,
2008-07-17,34.4603385925293,,,,,,
2008-07-18,34.76070785522461,,,,,,
2008-07-21,34.66059112548828,,,,,,
2008-07-22,35.34892654418945,,,,,,
2008-07-23,35.624263763427734,,,,,,
2008-07-24,34.67936325073242,,,,,,
2008-07-25,34.591739654541016,,,,,,
2008-07-28,33.88465881347656,,,,,,
2008-07-29,34.76070785522461,,,,,,
2008-07-30,35.4365234375,,,,,,
2008-07-31,34.94843673706055,,,,,,
2008-08-01,34.879615783691406,,,,,,
2008-08-04,34.57298278808594,,,,,,
2008-08-05,35.56792449951172,,,,,,
2008-08-06,35.580448150634766,,,,,,
2008-08-07,34.87335968017578,,,,,,
2008-08-08,35.73687744140625,,,,,,
2008-08-11,36.07480239868164,,,,,,
2008-08-12,35.4803352355957,,,,,,
2008-08-13,35.27382278442383,,,,,,
2008-08-14,35.4803352355957,,,,,,
2008-08-15,35.65553665161133,,,,,,
2008-08-18,35.048553466796875,,,,,,
2008-08-19,34.81077575683594,,,,,,
2008-08-20,34.91088104248047,,,,,,
2008-08-21,34.97346115112305,,,,,,
2008-08-22,35.40523147583008,,,,,,
2008-08-25,34.71065139770508,,,,,,
2008-08-26,34.82328414916992,,,,,,
2008-08-27,35.167457580566406,,,,,,
2008-08-28,35.83076095581055,,,,,,
2008-08-29,35.51787567138672,,,,,,
2008-09-02,35.542911529541016,,,,,,
2008-09-03,35.66179656982422,,,,,,
2008-09-04,34.591739654541016,,,,,,
2008-09-05,34.87335968017578,,,,,,
2008-09-08,35.84325408935547,,,,,,
2008-09-09,34.49163818359375,,,,,,
2008-09-10,34.54795837402344,,,,,,
2008-09-11,34.90463638305664,,,,,,
2008-09-12,34.97970962524414,,,,,,
2008-09-15,33.183807373046875,,,,,,
2008-09-16,33.76575469970703,,,,,,
2008-09-17,32.12002182006836,,,,,,
2008-09-18,33.60932159423828,,,,,,
2008-09-19,35.398983001708984,,,,,,
2008-09-22,34.04109191894531,,,,,,
2008-09-23,33.54673385620117,,,,,,
2008-09-24,33.55746078491211,,,,,,
2008-09-25,34.35902404785156,,,,,,
2008-09-26,34.35269927978516,,,,,,
2008-09-29,32.04904556274414,,,,,,
2008-09-30,33.084136962890625,,,,,,
2008-10-01,33.235595703125,,,,,,
2008-10-02,32.04904556274414,,,,,,
2008-10-03,31.556764602661133,,,,,,
2008-10-06,30.729978561401367,,,,,,
2008-10-07,28.53995513916016,,,,,,
2008-10-08,27.75104331970215,,,,,,
2008-10-09,26.07220458984375,,,,,,
2008-10-10,25.933347702026367,,,,,,
2008-10-13,28.34430313110352,,,,,,
2008-10-14,28.672483444213867,,,,,,
2008-10-15,25.81974601745605,,,,,,
2008-10-16,26.9305477142334,,,,,,
2008-10-17,26.678102493286133,,,,,,
2008-10-20,28.02241897583008,,,,,,
2008-10-21,27.34079360961914,,,,,,
2008-10-22,25.67459487915039,,,,,,
2008-10-23,26.03433990478516,,,,,,
2008-10-24,25.13181495666504,,,,,,
2008-10-27,24.33027076721192,,,,,,
2008-10-28,26.94949531555176,,,,,,
2008-10-29,26.38776969909668,,,,,,
2008-10-30,27.08202743530273,,,,,,
2008-10-31,27.71315193176269,,,,,,
2008-11-03,27.593236923217773,,,,,,
2008-11-04,28.74191665649414,,,,,,
2008-11-05,27.09463882446289,,,,,,
2008-11-06,25.83237075805664,,,,,,
2008-11-07,26.60236549377441,,,,,,
2008-11-10,26.255231857299805,,,,,,
2008-11-11,25.661985397338867,,,,,,
2008-11-12,24.33658790588379,,,,,,
2008-11-13,26.11639404296875,,,,,,
2008-11-14,24.9803409576416,,,,,,
2008-11-17,24.412324905395508,,,,,,
2008-11-18,24.69002151489257,,,,,,
2008-11-19,23.1311149597168,,,,,,
2008-11-20,21.39549827575684,,,,,,
2008-11-21,22.727184295654297,,,,,,
2008-11-24,24.09043884277344,,,,,,
2008-11-25,24.63321876525879,,,,,,
2008-11-26,25.510486602783203,,,,,,
2008-11-28,25.870237350463867,,,,,,
2008-12-01,23.358322143554688,,,,,,
2008-12-02,24.57010841369629,,,,,,
2008-12-03,25.24541473388672,,,,,,
2008-12-04,24.380762100219727,,,,,,
2008-12-05,25.478939056396484,,,,,,
2008-12-08,26.47614860534668,,,,,,
2008-12-09,25.78819465637207,,,,,,
2008-12-10,26.110071182250977,,,,,,
2008-12-11,25.32747459411621,,,,,,
2008-12-12,25.58622932434082,,,,,,
2008-12-15,25.163375854492188,,,,,,
2008-12-16,26.60236549377441,,,,,,
2008-12-17,26.27416229248047,,,,,,
2008-12-18,25.55467796325684,,,,,,
2008-12-19,25.573617935180664,,,,,,
2008-12-22,25.121322631835938,,,,,,
2008-12-23,24.94271278381348,,,,,,
2008-12-24,25.089431762695312,,,,,,
2008-12-26,25.26166725158692,,,,,,
2008-12-29,25.1978702545166,,,,,,
2008-12-30,25.87406349182129,,,,,,
2008-12-31,26.2568302154541,,,,,,
2009-01-02,26.984054565429688,,,,,,
2009-01-05,26.84371566772461,,,,,,
2009-01-06,27.06060218811035,,,,,,
2009-01-07,26.180269241333008,,,,,,
2009-01-08,26.288719177246094,,,,,,
2009-01-09,25.71459197998047,,,,,,
2009-01-12,25.000120162963867,,,,,,
2009-01-13,25.089431762695312,,,,,,
2009-01-14,24.16444969177246,,,,,,
2009-01-15,24.055997848510746,,,,,,
2009-01-16,24.119796752929688,,,,,,
2009-01-20,22.748254776000977,,,,,,
2009-01-21,23.83910369873047,,,,,,
2009-01-22,23.36066246032715,,,,,,
2009-01-23,23.539278030395508,,,,,,
2009-01-26,23.63496780395508,,,,,,
2009-01-27,23.90927124023437,,,,,,
2009-01-28,24.84064102172852,,,,,,
2009-01-29,23.858243942260746,,,,,,
2009-01-30,23.34153175354004,,,,,,
2009-02-02,23.239465713500977,,,,,,
2009-02-03,23.42445373535156,,,,,,
2009-02-04,23.22032165527344,,,,,,
2009-02-05,23.526519775390625,,,,,,
2009-02-06,24.29202461242676,,,,,,
2009-02-09,24.38772201538086,,,,,,
2009-02-10,23.02256393432617,,,,,,
2009-02-11,23.271358489990234,,,,,,
2009-02-12,23.207565307617188,,,,,,
2009-02-13,22.91411590576172,,,,,,
2009-02-17,21.69568252563477,,,,,,
2009-02-18,21.55534553527832,,,,,,
2009-02-19,21.31293678283692,,,,,,
2009-02-20,20.94932174682617,,,,,,
2009-02-23,20.27313041687012,,,,,,
2009-02-24,21.22362899780273,,,,,,
2009-02-25,21.096036911010746,,,,,,
2009-02-26,20.77708625793457,,,,,,
2009-02-27,20.177440643310547,,,,,,
2009-03-02,19.11211395263672,,,,,,
2009-03-03,18.8569393157959,,,,,,
2009-03-04,19.23969078063965,,,,,,
2009-03-05,18.32746315002441,,,,,,
2009-03-06,18.41677474975586,,,,,,
2009-03-09,18.34660530090332,,,,,,
2009-03-10,19.65434455871582,,,,,,
2009-03-11,19.641590118408203,,,,,,
2009-03-12,20.604848861694336,,,,,,
2009-03-13,20.828113555908203,,,,,,
2009-03-16,20.76432609558105,,,,,,
2009-03-17,21.472415924072266,,,,,,
2009-03-18,22.15499496459961,,,,,,
2009-03-19,21.746723175048828,,,,,,
2009-03-20,21.19173049926757,,,,,,
2009-03-23,22.888595581054688,,,,,,
2009-03-24,22.352746963500977,,,,,,
2009-03-25,22.647445678710938,,,,,,
2009-03-26,23.092409133911133,,,,,,
2009-03-27,22.621658325195312,,,,,,
2009-03-30,21.647926330566406,,,,,,
2009-03-31,21.83492851257324,,,,,,
2009-04-01,22.39595413208008,,,,,,
2009-04-02,23.07305335998535,,,,,,
2009-04-03,23.41483688354492,,,,,,
2009-04-06,23.21492576599121,,,,,,
2009-04-07,22.58296012878418,,,,,,
2009-04-08,22.7893180847168,,,,,,
2009-04-09,23.9436092376709,,,,,,
2009-04-13,24.07259178161621,,,,,,
2009-04-14,23.45351791381836,,,,,,
2009-04-15,23.879135131835938,,,,,,
2009-04-16,24.201557159423828,,,,,,
2009-04-17,24.40147590637207,,,,,,
2009-04-20,23.092409133911133,,,,,,
2009-04-21,23.711462020874023,,,,,,
2009-04-22,23.505107879638672,,,,,,
2009-04-23,23.72436714172364,,,,,,
2009-04-24,24.11128807067871,,,,,,
2009-04-27,23.82109260559082,,,,,,
2009-04-28,23.711462020874023,,,,,,
2009-04-29,24.29828453063965,,,,,,
2009-04-30,24.2402458190918,,,,,,
2009-05-01,24.3950138092041,,,,,,
2009-05-04,25.542871475219727,,,,,,
2009-05-05,25.33005714416504,,,,,,
2009-05-06,26.078107833862305,,,,,,
2009-05-07,25.71697998046875,,,,,,
2009-05-08,26.61977767944336,,,,,,
2009-05-11,25.86528968811035,,,,,,
2009-05-12,25.762107849121094,,,,,,
2009-05-13,24.96248817443848,,,,,,
2009-05-14,25.233327865600582,,,,,,
2009-05-15,24.898008346557617,,,,,,
2009-05-18,25.72342109680176,,,,,,
2009-05-19,25.65250396728516,,,,,,
2009-05-20,25.4332332611084,,,,,,
2009-05-21,25.059221267700195,,,,,,
2009-05-22,25.007627487182617,,,,,,
2009-05-26,25.633146286010746,,,,,,
2009-05-27,25.091466903686523,,,,,,
2009-05-28,25.510618209838867,,,,,,
2009-05-29,25.962003707885746,,,,,,
2009-06-01,26.548843383789062,,,,,,
2009-06-02,26.54239845275879,,,,,,
2009-06-03,26.071653366088867,,,,,,
2009-06-04,26.42633056640625,,,,,,
2009-06-05,26.34893798828125,,,,,,
2009-06-08,26.32315254211425,,,,,,
2009-06-09,26.4069766998291,,,,,,
2009-06-10,26.34893798828125,,,,,,
2009-06-11,26.61334609985352,,,,,,
2009-06-12,26.65201187133789,,,,,,
2009-06-15,25.968467712402344,,,,,,
2009-06-16,25.59445571899414,,,,,,
2009-06-17,25.4332332611084,,,,,,
2009-06-18,25.671836853027344,,,,,,
2009-06-19,25.72342109680176,,,,,,
2009-06-22,24.87865257263184,,,,,,
2009-06-23,24.96894836425781,,,,,,
2009-06-24,25.11116409301757,,,,,,
2009-06-25,25.63064765930176,,,,,,
2009-06-26,25.57870101928711,,,,,,
2009-06-29,25.87740898132324,,,,,,
2009-06-30,25.682600021362305,,,,,,
2009-07-01,25.786497116088867,,,,,,
2009-07-02,25.013750076293945,,,,,,
2009-07-06,24.9942626953125,,,,,,
2009-07-07,24.507244110107425,,,,,,
2009-07-08,24.403339385986328,,,,,,
2009-07-09,24.481260299682617,,,,,,
2009-07-10,24.3384017944336,,,,,,
2009-07-13,25.03323173522949,,,,,,
2009-07-14,25.221553802490234,,,,,,
2009-07-15,26.007287979125977,,,,,,
2009-07-16,26.20858764648437,,,,,,
2009-07-17,26.104692459106445,,,,,,
2009-07-20,26.422876358032227,,,,,,
2009-07-21,26.513803482055664,,,,,,
2009-07-22,26.520288467407227,,,,,,
2009-07-23,27.18264389038086,,,,,,
2009-07-24,27.35797500610352,,,,,,
2009-07-27,27.578763961791992,,,,,,
2009-07-28,27.43589973449707,,,,,,
2009-07-29,27.241098403930664,,,,,,
2009-07-30,27.61124420166016,,,,,,
2009-07-31,27.72812843322754,,,,,,
2009-08-03,28.20215034484864,,,,,,
2009-08-04,28.36449241638184,,,,,,
2009-08-05,28.44243049621582,,,,,,
2009-08-06,28.35801315307617,,,,,,
2009-08-07,28.767114639282227,,,,,,
2009-08-10,28.68269157409668,,,,,,
2009-08-11,28.21513938903809,,,,,,
2009-08-12,28.578798294067383,,,,,,
2009-08-13,28.8255615234375,,,,,,
2009-08-14,28.57229995727539,,,,,,
2009-08-17,27.857988357543945,,,,,,
2009-08-18,28.10475730895996,,,,,,
2009-08-19,28.36449241638184,,,,,,
2009-08-20,28.689189910888672,,,,,,
2009-08-21,29.286605834960938,,,,,,
2009-08-24,29.319067001342773,,,,,,
2009-08-25,29.37101554870605,,,,,,
2009-08-26,29.364545822143555,,,,,,
2009-08-27,29.455442428588867,,,,,,
2009-08-28,29.4229793548584,,,,,,
2009-08-31,29.17621612548828,,,,,,
2009-09-01,28.383989334106445,,,,,,
2009-09-02,28.21513938903809,,,,,,
2009-09-03,28.50736427307129,,,,,,
2009-09-04,28.871007919311523,,,,,,
2009-09-08,29.182716369628903,,,,,,
2009-09-09,29.46841621398925,,,,,,
2009-09-10,29.786609649658203,,,,,,
2009-09-11,29.695709228515625,,,,,,
2009-09-14,29.96844291687012,,,,,,
2009-09-15,30.12429618835449,,,,,,
2009-09-16,30.65677261352539,,,,,,
2009-09-17,30.526891708374023,,,,,,
2009-09-18,30.56585693359375,,,,,,
2009-09-21,30.39702415466309,,,,,,
2009-09-22,30.650285720825195,,,,,,
2009-09-23,30.332088470458984,,,,,,
2009-09-24,29.959556579589844,,,,,,
2009-09-25,29.79616928100586,,,,,,
2009-09-28,30.371299743652344,,,,,,
2009-09-29,30.325557708740234,,,,,,
2009-09-30,30.11640739440918,,,,,,
2009-10-01,29.30598831176757,,,,,,
2009-10-02,29.129514694213867,,,,,,
2009-10-05,29.71773338317871,,,,,,
2009-10-06,30.12293815612793,,,,,,
2009-10-07,30.19483184814453,,,,,,
2009-10-08,30.43665885925293,,,,,,
2009-10-09,30.57391357421875,,,,,,
2009-10-12,30.78304672241211,,,,,,
2009-10-13,30.65886688232422,,,,,,
2009-10-14,31.292837142944336,,,,,,
2009-10-15,31.364727020263672,,,,,,
2009-10-16,31.05755424499512,,,,,,
2009-10-19,31.33858108520508,,,,,,
2009-10-20,31.122913360595703,,,,,,
2009-10-21,30.75691795349121,,,,,,
2009-10-22,31.20133209228516,,,,,,
2009-10-23,30.724225997924805,,,,,,
2009-10-26,30.26020812988281,,,,,,
2009-10-27,30.20790672302246,,,,,,
2009-10-28,29.56087303161621,,,,,,
2009-10-29,30.273277282714844,,,,,,
2009-10-30,29.31905937194824,,,,,,
2009-11-02,29.46285057067871,,,,,,
2009-11-03,29.573951721191406,,,,,,
2009-11-04,29.573951721191406,,,,,,
2009-11-05,30.19483184814453,,,,,,
2009-11-06,30.214454650878903,,,,,,
2009-11-09,30.952980041503903,,,,,,
2009-11-10,30.94644546508789,,,,,,
2009-11-11,31.149038314819336,,,,,,
2009-11-12,30.763446807861328,,,,,,
2009-11-13,30.887636184692383,,,,,,
2009-11-16,31.410478591918945,,,,,,
2009-11-17,31.44315719604492,,,,,,
2009-11-18,31.501989364624023,,,,,,
2009-11-19,31.02488899230957,,,,,,
2009-11-20,30.933374404907227,,,,,,
2009-11-23,31.364727020263672,,,,,,
2009-11-24,31.34512710571289,,,,,,
2009-11-25,31.49543190002441,,,,,,
2009-11-27,30.91376495361328,,,,,,
2009-11-30,31.09676551818848,,,,,,
2009-12-01,31.482362747192383,,,,,,
2009-12-02,31.48891258239746,,,,,,
2009-12-03,31.214405059814453,,,,,,
2009-12-04,31.40393447875977,,,,,,
2009-12-07,31.364727020263672,,,,,,
2009-12-08,31.01834487915039,,,,,,
2009-12-09,31.11637306213379,,,,,,
2009-12-10,31.260154724121094,,,,,,
2009-12-11,31.462757110595703,,,,,,
2009-12-14,31.62615776062012,,,,,,
2009-12-15,31.423555374145508,,,,,,
2009-12-16,31.475828170776367,,,,,,
2009-12-17,31.135986328125,,,,,,
2009-12-18,31.260154724121094,,,,,,
2009-12-21,31.554271697998047,,,,,,
2009-12-22,31.6406192779541,,,,,,
2009-12-23,31.6406192779541,,,,,,
2009-12-24,31.81859588623047,,,,,,
2009-12-28,31.831771850585938,,,,,,
2009-12-29,31.77904510498047,,,,,,
2009-12-30,31.74608612060547,,,,,,
2009-12-31,31.47582054138184,,,,,,
2010-01-04,32.00316619873047,,,,,,
2010-01-05,32.10862731933594,,,,,,
2010-01-06,32.21410369873047,,,,,,
2010-01-07,32.39207458496094,,,,,,
2010-01-08,32.42504119873047,,,,,,
2010-01-11,32.563472747802734,,,,,,
2010-01-12,32.233863830566406,,,,,,
2010-01-13,32.52392578125,,,,,,
2010-01-14,32.583221435546875,,,,,,
2010-01-15,32.21410369873047,,,,,,
2010-01-19,32.62938690185547,,,,,,
2010-01-20,32.37229919433594,,,,,,
2010-01-21,31.680164337158203,,,,,,
2010-01-22,31.053943634033203,,,,,,
2010-01-25,31.2121524810791,,,,,,
2010-01-26,31.0341796875,,,,,,
2010-01-27,31.159399032592773,,,,,,
2010-01-28,30.92210960388184,,,,,,
2010-01-29,30.70458030700684,,,,,,
2010-02-01,31.113269805908203,,,,,,
2010-02-02,31.60105323791504,,,,,,
2010-02-03,31.350570678710938,,,,,,
2010-02-04,30.35521507263184,,,,,,
2010-02-05,30.3815860748291,,,,,,
2010-02-08,30.09153938293457,,,,,,
2010-02-09,30.473865509033203,,,,,,
2010-02-10,30.447513580322266,,,,,,
2010-02-11,30.70458030700684,,,,,,
2010-02-12,30.671619415283203,,,,,,
2010-02-16,31.18578147888184,,,,,,
2010-02-17,31.291269302368164,,,,,,
2010-02-18,31.4824161529541,,,,,,
2010-02-19,31.561508178710938,,,,,,
2010-02-22,31.587875366210938,,,,,,
2010-02-23,31.23192977905273,,,,,,
2010-02-24,31.535139083862305,,,,,,
2010-02-25,31.4428653717041,,,,,,
2010-02-26,31.50878143310547,,,,,,
2010-03-01,31.74608612060547,,,,,,
2010-03-02,31.844968795776367,,,,,,
2010-03-03,31.81859588623047,,,,,,
2010-03-04,31.9372501373291,,,,,,
2010-03-05,32.40526580810547,,,,,,
2010-03-08,32.464595794677734,,,,,,
2010-03-09,32.5173225402832,,,,,,
2010-03-10,32.66893005371094,,,,,,
2010-03-11,32.79417037963867,,,,,,
2010-03-12,32.76121139526367,,,,,,
2010-03-15,32.774410247802734,,,,,,
2010-03-16,33.09080505371094,,,,,,
2010-03-17,33.31494140625,,,,,,
2010-03-18,33.249019622802734,,,,,,
2010-03-19,33.1105842590332,,,,,,
2010-03-22,33.235843658447266,,,,,,
2010-03-23,33.53905487060547,,,,,,
2010-03-24,33.40062713623047,,,,,,
2010-03-25,33.30122756958008,,,,,,
2010-03-26,33.30784225463867,,,,,,
2010-03-29,33.53978729248047,,,,,,
2010-03-30,33.50003433227539,,,,,,
2010-03-31,33.447025299072266,,,,,,
2010-04-01,33.73860549926758,,,,,,
2010-04-05,34.03021240234375,,,,,,
2010-04-06,34.11635971069336,,,,,,
2010-04-07,33.89766311645508,,,,,,
2010-04-08,33.99043273925781,,,,,,
2010-04-09,34.235633850097656,,,,,,
2010-04-12,34.31516647338867,,,,,,
2010-04-13,34.31516647338867,,,,,,
2010-04-14,34.71942901611328,,,,,,
2010-04-15,34.745933532714844,,,,,,
2010-04-16,34.08982849121094,,,,,,
2010-04-19,34.24226379394531,,,,,,
2010-04-20,34.59349822998047,,,,,,
2010-04-21,34.49409484863281,,,,,,
2010-04-22,34.56698226928711,,,,,,
2010-04-23,34.82545852661133,,,,,,
2010-04-26,34.65977478027344,,,,,,
2010-04-27,33.811500549316406,,,,,,
2010-04-28,34.136234283447266,,,,,,
2010-04-29,34.58687210083008,,,,,,
2010-04-30,34.0434455871582,,,,,,
2010-05-03,34.507347106933594,,,,,,
2010-05-04,33.73860549926758,,,,,,
2010-05-05,33.50666046142578,,,,,,
2010-05-06,32.3270263671875,,,,,,
2010-05-07,31.94928550720215,,,,,,
2010-05-10,33.334354400634766,,,,,,
2010-05-11,33.261444091796875,,,,,,
2010-05-12,33.678977966308594,,,,,,
2010-05-13,33.28133773803711,,,,,,
2010-05-14,32.691532135009766,,,,,,
2010-05-17,32.691532135009766,,,,,,
2010-05-18,32.21437072753906,,,,,,
2010-05-19,32.061946868896484,,,,,,
2010-05-20,30.79616928100586,,,,,,
2010-05-21,31.29322052001953,,,,,,
2010-05-24,30.816049575805664,,,,,,
2010-05-25,30.85581398010254,,,,,,
2010-05-26,30.72990798950196,,,,,,
2010-05-27,31.77034568786621,,,,,,
2010-05-28,31.399246215820312,,,,,,
2010-06-01,30.79616928100586,,,,,,
2010-06-02,31.584794998168945,,,,,,
2010-06-03,31.66432380676269,,,,,,
2010-06-04,30.564233779907227,,,,,,
2010-06-07,30.173234939575195,,,,,,
2010-06-08,30.603986740112305,,,,,,
2010-06-09,30.431678771972656,,,,,,
2010-06-10,31.34622001647949,,,,,,
2010-06-11,31.465517044067383,,,,,,
2010-06-14,31.425750732421875,,,,,,
2010-06-15,32.10834503173828,,,,,,
2010-06-16,32.061946868896484,,,,,,
2010-06-17,32.14147186279297,,,,,,
2010-06-18,32.19449615478516,,,,,,
2010-06-21,32.08183288574219,,,,,,
2010-06-22,31.525150299072266,,,,,,
2010-06-23,31.399246215820312,,,,,,
2010-06-24,30.89027976989746,,,,,,
2010-06-25,31.077054977416992,,,,,,
2010-06-28,30.98368263244629,,,,,,
2010-06-29,30.07651138305664,,,,,,
2010-06-30,29.776348114013672,,,,,,
2010-07-01,29.6229248046875,,,,,,
2010-07-02,29.46284484863281,,,,,,
2010-07-06,29.629594802856445,,,,,,
2010-07-07,30.57678604125977,,,,,,
2010-07-08,30.89027976989746,,,,,,
2010-07-09,31.157093048095703,,,,,,
2010-07-12,31.137094497680664,,,,,,
2010-07-13,31.63737297058105,,,,,,
2010-07-14,31.5306396484375,,,,,,
2010-07-15,31.58399772644043,,,,,,
2010-07-16,30.63681411743164,,,,,,
2010-07-19,30.836917877197266,,,,,,
2010-07-20,31.09039688110352,,,,,,
2010-07-21,30.68351173400879,,,,,,
2010-07-22,31.370546340942383,,,,,,
2010-07-23,31.63737297058105,,,,,,
2010-07-26,32.077613830566406,,,,,,
2010-07-27,32.090946197509766,,,,,,
2010-07-28,31.84415054321289,,,,,,
2010-07-29,31.75743293762207,,,,,,
2010-07-30,31.750776290893555,,,,,,
2010-08-02,32.47782516479492,,,,,,
2010-08-03,32.31107711791992,,,,,,
2010-08-04,32.517860412597656,,,,,,
2010-08-05,32.484493255615234,,,,,,
2010-08-06,32.32441711425781,,,,,,
2010-08-09,32.51118087768555,,,,,,
2010-08-10,32.33108901977539,,,,,,
2010-08-11,31.410573959350582,,,,,,
2010-08-12,31.31719017028809,,,,,,
2010-08-13,31.21714210510254,,,,,,
2010-08-16,31.183780670166016,,,,,,
2010-08-17,31.543975830078125,,,,,,
2010-08-18,31.58399772644043,,,,,,
2010-08-19,31.010358810424805,,,,,,
2010-08-20,30.84360313415528,,,,,,
2010-08-23,30.776899337768555,,,,,,
2010-08-24,30.38334083557129,,,,,,
2010-08-25,30.4633846282959,,,,,,
2010-08-26,30.26327896118164,,,,,,
2010-08-27,30.783565521240234,,,,,,
2010-08-30,30.323318481445312,,,,,,
2010-08-31,30.40335273742676,,,,,,
2010-09-01,31.29718971252441,,,,,,
2010-09-02,31.55731773376465,,,,,,
2010-09-03,31.9642276763916,,,,,,
2010-09-07,31.543975830078125,,,,,,
2010-09-08,31.744081497192383,,,,,,
2010-09-09,31.99088859558105,,,,,,
2010-09-10,32.12430191040039,,,,,,
2010-09-13,32.497833251953125,,,,,,
2010-09-14,32.43780517578125,,,,,,
2010-09-15,32.50450897216797,,,,,,
2010-09-16,32.431148529052734,,,,,,
2010-09-17,32.4111328125,,,,,,
2010-09-20,32.92474365234375,,,,,,
2010-09-21,32.83135986328125,,,,,,
2010-09-22,32.61124801635742,,,,,,
2010-09-23,32.24436950683594,,,,,,
2010-09-24,32.88706588745117,,,,,,
2010-09-27,32.71245574951172,,,,,,
2010-09-28,32.88034439086914,,,,,,
2010-09-29,32.75275802612305,,,,,,
2010-09-30,32.70574188232422,,,,,,
2010-10-01,32.91393280029297,,,,,,
2010-10-04,32.69229888916016,,,,,,
2010-10-05,33.34374237060547,,,,,,
2010-10-06,33.3773193359375,,,,,,
2010-10-07,33.350460052490234,,,,,,
2010-10-08,33.49147033691406,,,,,,
2010-10-11,33.518341064453125,,,,,,
2010-10-12,33.64594650268555,,,,,,
2010-10-13,33.8205680847168,,,,,,
2010-10-14,33.64594650268555,,,,,,
2010-10-15,33.46462631225586,,,,,,
2010-10-18,33.793701171875,,,,,,
2010-10-19,33.296722412109375,,,,,,
2010-10-20,33.65266036987305,,,,,,
2010-10-21,33.65266036987305,,,,,,
2010-10-22,33.659366607666016,,,,,,
2010-10-25,33.71982955932617,,,,,,
2010-10-26,33.666107177734375,,,,,,
2010-10-27,33.572078704833984,,,,,,
2010-10-28,33.605648040771484,,,,,,
2010-10-29,33.59894180297852,,,,,,
2010-11-01,33.558631896972656,,,,,,
2010-11-02,33.7869758605957,,,,,,
2010-11-03,33.914573669433594,,,,,,
2010-11-04,34.63315963745117,,,,,,
2010-11-05,34.84135437011719,,,,,,
2010-11-08,34.7338981628418,,,,,,
2010-11-09,34.41155242919922,,,,,,
2010-11-10,34.57943344116211,,,,,,
2010-11-11,34.50556564331055,,,,,,
2010-11-12,34.14963150024414,,,,,,
2010-11-15,34.136199951171875,,,,,,
2010-11-16,33.59223175048828,,,,,,
2010-11-17,33.58549880981445,,,,,,
2010-11-18,34.03547286987305,,,,,,
2010-11-19,34.08247375488281,,,,,,
2010-11-22,33.93472671508789,,,,,,
2010-11-23,33.44447326660156,,,,,,
2010-11-24,33.88771438598633,,,,,,
2010-11-26,33.58549880981445,,,,,,
2010-11-29,33.61236953735352,,,,,,
2010-11-30,33.39073944091797,,,,,,
2010-12-01,34.116050720214844,,,,,,
2010-12-02,34.58615493774414,,,,,,
2010-12-03,34.686885833740234,,,,,,
2010-12-06,34.63988494873047,,,,,,
2010-12-07,34.686885833740234,,,,,,
2010-12-08,34.86150360107422,,,,,,
2010-12-09,35.05624771118164,,,,,,
2010-12-10,35.31816864013672,,,,,,
2010-12-13,35.351749420166016,,,,,,
2010-12-14,35.38533401489258,,,,,,
2010-12-15,35.1972770690918,,,,,,
2010-12-16,35.405479431152344,,,,,,
2010-12-17,35.43905258178711,,,,,,
2010-12-20,35.5465087890625,,,,,,
2010-12-21,35.80169677734375,,,,,,
2010-12-22,36.023319244384766,,,,,,
2010-12-23,35.95616149902344,,,,,,
2010-12-27,36.01227951049805,,,,,,
2010-12-28,36.079872131347656,,,,,,
2010-12-29,36.09340286254883,,,,,,
2010-12-30,36.03932571411133,,,,,,
2010-12-31,36.0528450012207,,,,,,
2011-01-03,36.47198486328125,,,,,,
2011-01-04,36.53281784057617,,,,,,
2011-01-05,36.695068359375,,,,,,
2011-01-06,36.59367370605469,,,,,,
2011-01-07,36.50579071044922,,,,,,
2011-01-10,36.40437698364258,,,,,,
2011-01-11,36.5531120300293,,,,,,
2011-01-12,36.8911247253418,,,,,,
2011-01-13,36.82352066040039,,,,,,
2011-01-14,37.11422348022461,,,,,,
2011-01-18,37.12773895263672,,,,,,
2011-01-19,36.742408752441406,,,,,,
2011-01-20,36.75590896606445,,,,,,
2011-01-21,36.99252700805664,,,,,,
2011-01-24,37.13449478149414,,,,,,
2011-01-25,37.15476989746094,,,,,,
2011-01-26,37.25616836547852,,,,,,
2011-01-27,37.39138412475586,,,,,,
2011-01-28,36.796478271484375,,,,,,
2011-01-31,37.08040618896485,,,,,,
2011-02-01,37.763214111328125,,,,,,
2011-02-02,37.64152526855469,,,,,,
2011-02-03,37.74967575073242,,,,,,
2011-02-04,37.769962310791016,,,,,,
2011-02-07,38.04714584350586,,,,,,
2011-02-08,38.21614456176758,,,,,,
2011-02-09,38.0809440612793,,,,,,
2011-02-10,38.12825393676758,,,,,,
2011-02-11,38.337833404541016,,,,,,
2011-02-14,38.46627426147461,,,,,,
2011-02-15,38.33106994628906,,,,,,
2011-02-16,38.567684173583984,,,,,,
2011-02-17,38.76373291015625,,,,,,
2011-02-18,38.87190246582031,,,,,,
2011-02-22,38.182350158691406,,,,,,
2011-02-23,37.9930534362793,,,,,,
2011-02-24,37.898399353027344,,,,,,
2011-02-25,38.27022552490234,,,,,,
2011-02-28,38.57444763183594,,,,,,
2011-03-01,37.9525146484375,,,,,,
2011-03-02,37.98629760742188,,,,,,
2011-03-03,38.62175750732422,,,,,,
2011-03-04,38.29051208496094,,,,,,
2011-03-07,38.04714584350586,,,,,,
2011-03-08,38.44599914550781,,,,,,
2011-03-09,38.46627426147461,,,,,,
2011-03-10,37.69561004638672,,,,,,
2011-03-11,37.93898010253906,,,,,,
2011-03-14,37.70912551879883,,,,,,
2011-03-15,37.28996276855469,,,,,,
2011-03-16,36.607177734375,,,,,,
2011-03-17,37.10746383666992,,,,,,
2011-03-18,37.36433792114258,,,,,,
2011-03-21,37.87812042236328,,,,,,
2011-03-22,37.74293518066406,,,,,,
2011-03-23,37.763214111328125,,,,,,
2011-03-24,38.04714584350586,,,,,,
2011-03-25,38.18108367919922,,,,,,
2011-03-28,38.11307907104492,,,,,,
2011-03-29,38.31704330444336,,,,,,
2011-03-30,38.63658142089844,,,,,,
2011-03-31,38.56179428100586,,,,,,
2011-04-01,38.77935409545898,,,,,,
2011-04-04,38.81334686279297,,,,,,
2011-04-05,38.84052658081055,,,,,,
2011-04-06,38.99690628051758,,,,,,
2011-04-07,38.88813018798828,,,,,,
2011-04-08,38.77935409545898,,,,,,
2011-04-11,38.64337539672852,,,,,,
2011-04-12,38.32384490966797,,,,,,
2011-04-13,38.2354736328125,,,,,,
2011-04-14,38.25586700439453,,,,,,
2011-04-15,38.48021697998047,,,,,,
2011-04-18,37.97712707519531,,,,,,
2011-04-19,38.20825958251953,,,,,,
2011-04-20,38.67058181762695,,,,,,
2011-04-21,38.77935409545898,,,,,,
2011-04-25,38.75216293334961,,,,,,
2011-04-26,39.15327453613281,,,,,,
2011-04-27,39.42522048950195,,,,,,
2011-04-28,39.60197830200195,,,,,,
2011-04-29,39.70396041870117,,,,,,
2011-05-02,39.64278411865234,,,,,,
2011-05-03,39.53398513793945,,,,,,
2011-05-04,39.24846267700195,,,,,,
2011-05-05,38.860931396484375,,,,,,
2011-05-06,38.99690628051758,,,,,,
2011-05-09,39.126068115234375,,,,,,
2011-05-10,39.45241165161133,,,,,,
2011-05-11,39.0377082824707,,,,,,
2011-05-12,39.194068908691406,,,,,,
2011-05-13,38.89492416381836,,,,,,
2011-05-16,38.75894927978516,,,,,,
2011-05-17,38.75894927978516,,,,,,
2011-05-18,39.098880767822266,,,,,,
2011-05-19,39.15327453613281,,,,,,
2011-05-20,38.806549072265625,,,,,,
2011-05-23,38.35783004760742,,,,,,
2011-05-24,38.35783004760742,,,,,,
2011-05-25,38.45301818847656,,,,,,
2011-05-26,38.57538986206055,,,,,,
2011-05-27,38.77253723144531,,,,,,
2011-05-31,39.16006851196289,,,,,,
2011-06-01,38.26945495605469,,,,,,
2011-06-02,38.1878776550293,,,,,,
2011-06-03,37.84113693237305,,,,,,
2011-06-06,37.41282653808594,,,,,,
2011-06-07,37.37203598022461,,,,,,
2011-06-08,37.25644302368164,,,,,,
2011-06-09,37.53520202636719,,,,,,
2011-06-10,37.08650970458984,,,,,,
2011-06-13,37.188472747802734,,,,,,
2011-06-14,37.59638214111328,,,,,,
2011-06-15,36.93012237548828,,,,,,
2011-06-16,37.07290649414063,,,,,,
2011-06-17,37.24965286254883,,,,,,
2011-06-20,37.40603256225586,,,,,,
2011-06-21,37.82075500488281,,,,,,
2011-06-22,37.59638214111328,,,,,,
2011-06-23,37.40603256225586,,,,,,
2011-06-24,37.016231536865234,,,,,,
2011-06-27,37.2829475402832,,,,,,
2011-06-28,37.63853073120117,,,,,,
2011-06-29,38.00779342651367,,,,,,
2011-06-30,38.329200744628906,,,,,,
2011-07-01,38.88995742797852,,,,,,
2011-07-05,38.73950958251953,,,,,,
2011-07-06,38.7326774597168,,,,,,
2011-07-07,39.10877990722656,,,,,,
2011-07-08,38.79422378540039,,,,,,
2011-07-11,38.124053955078125,,,,,,
2011-07-12,37.98728942871094,,,,,,
2011-07-13,38.08303451538086,,,,,,
2011-07-14,37.86420440673828,,,,,,
2011-07-15,37.939430236816406,,,,,,
2011-07-18,37.55648040771485,,,,,,
2011-07-19,38.014644622802734,,,,,,
2011-07-20,38.09669876098633,,,,,,
2011-07-21,38.6642951965332,,,,,,
2011-07-22,38.62326049804688,,,,,,
2011-07-25,38.356571197509766,,,,,,
2011-07-26,38.18561553955078,,,,,,
2011-07-27,37.47441101074219,,,,,,
2011-07-28,37.25559616088867,,,,,,
2011-07-29,36.988887786865234,,,,,,
2011-08-01,36.89314651489258,,,,,,
2011-08-02,35.963130950927734,,,,,,
2011-08-03,36.07939147949219,,,,,,
2011-08-04,34.349266052246094,,,,,,
2011-08-05,34.25353240966797,,,,,,
2011-08-08,31.89427375793457,,,,,,
2011-08-09,33.46028137207031,,,,,,
2011-08-10,31.887439727783203,,,,,,
2011-08-11,33.39189147949219,,,,,,
2011-08-12,33.49446487426758,,,,,,
2011-08-15,34.39713287353516,,,,,,
2011-08-16,34.048377990722656,,,,,,
2011-08-17,34.15093994140625,,,,,,
2011-08-18,32.78327178955078,,,,,,
2011-08-19,32.2361946105957,,,,,,
2011-08-22,32.22936248779297,,,,,,
2011-08-23,33.20040512084961,,,,,,
2011-08-24,33.706451416015625,,,,,,
2011-08-25,33.2482795715332,,,,,,
2011-08-26,33.5765266418457,,,,,,
2011-08-29,34.636474609375,,,,,,
2011-08-30,34.6433219909668,,,,,,
2011-08-31,34.80743789672852,,,,,,
2011-09-01,34.390289306640625,,,,,,
2011-09-02,33.49446487426758,,,,,,
2011-09-06,33.13886260986328,,,,,,
2011-09-07,34.14412307739258,,,,,,
2011-09-08,33.76116180419922,,,,,,
2011-09-09,32.87901306152344,,,,,,
2011-09-12,33.07048797607422,,,,,,
2011-09-13,33.3234977722168,,,,,,
2011-09-14,33.74065399169922,,,,,,
2011-09-15,34.32875442504883,,,,,,
2011-09-16,34.50654602050781,,,,,,
2011-09-19,34.027854919433594,,,,,,
2011-09-20,34.01417922973633,,,,,,
2011-09-21,32.87901306152344,,,,,,
2011-09-22,31.92164802551269,,,,,,
2011-09-23,32.09943771362305,,,,,,
2011-09-26,32.919490814208984,,,,,,
2011-09-27,33.326080322265625,,,,,,
2011-09-28,32.664520263671875,,,,,,
2011-09-29,33.167579650878906,,,,,,
2011-09-30,32.423309326171875,,,,,,
2011-10-03,31.3620662689209,,,,,,
2011-10-04,32.06497573852539,,,,,,
2011-10-05,32.6231803894043,,,,,,
2011-10-06,33.23648834228516,,,,,,
2011-10-07,32.91259765625,,,,,,
2011-10-10,34.02897262573242,,,,,,
2011-10-11,33.9462776184082,,,,,,
2011-10-12,34.36665725708008,,,,,,
2011-10-13,34.159915924072266,,,,,,
2011-10-14,34.65606689453125,,,,,,
2011-10-17,33.9187126159668,,,,,,
2011-10-18,34.8145866394043,,,,,,
2011-10-19,34.48380661010742,,,,,,
2011-10-20,34.704322814941406,,,,,,
2011-10-21,35.338314056396484,,,,,,
2011-10-24,35.77245330810547,,,,,,
2011-10-25,35.04888153076172,,,,,,
2011-10-26,35.54506301879883,,,,,,
2011-10-27,36.792362213134766,,,,,,
2011-10-28,36.77858352661133,,,,,,
2011-10-31,35.751792907714844,,,,,,
2011-11-01,34.704322814941406,,,,,,
2011-11-02,35.31764602661133,,,,,,
2011-11-03,35.93785858154297,,,,,,
2011-11-04,35.68288040161133,,,,,,
2011-11-07,35.96541213989258,,,,,,
2011-11-08,36.42023849487305,,,,,,
2011-11-09,35.041996002197266,,,,,,
2011-11-10,35.41412353515625,,,,,,
2011-11-11,36.06879425048828,,,,,,
2011-11-14,35.648406982421875,,,,,,
2011-11-15,35.77245330810547,,,,,,
2011-11-16,35.17292022705078,,,,,,
2011-11-17,34.68364334106445,,,,,,
2011-11-18,34.71121597290039,,,,,,
2011-11-21,34.00141525268555,,,,,,
2011-11-22,33.78779220581055,,,,,,
2011-11-23,33.00907897949219,,,,,,
2011-11-25,32.995296478271484,,,,,,
2011-11-28,33.870479583740234,,,,,,
2011-11-29,34.02207565307617,,,,,,
2011-11-30,35.55194091796875,,,,,,
2011-12-01,35.44167709350586,,,,,,
2011-12-02,35.53128433227539,,,,,,
2011-12-05,35.91028594970703,,,,,,
2011-12-06,36.02055740356445,,,,,,
2011-12-07,36.17215347290039,,,,,,
2011-12-08,35.32453155517578,,,,,,
2011-12-09,35.91717529296875,,,,,,
2011-12-12,35.35210418701172,,,,,,
2011-12-13,35.06956100463867,,,,,,
2011-12-14,34.8145866394043,,,,,,
2011-12-15,35.0282096862793,,,,,,
2011-12-16,35.09712600708008,,,,,,
2011-12-19,34.64917755126953,,,,,,
2011-12-20,35.66909408569336,,,,,,
2011-12-21,35.958526611328125,,,,,,
2011-12-22,36.40645217895508,,,,,,
2011-12-23,36.696739196777344,,,,,,
2011-12-27,36.6689682006836,,,,,,
2011-12-28,36.23839569091797,,,,,,
2011-12-29,36.62035751342773,,,,,,
2011-12-30,36.45368957519531,,,,,,
2012-01-03,37.016204833984375,,,,,,
2012-01-04,37.00927734375,,,,,,
2012-01-05,37.141231536865234,,,,,,
2012-01-06,37.03011703491211,,,,,,
2012-01-09,37.1481819152832,,,,,,
2012-01-10,37.51624298095703,,,,,,
2012-01-11,37.59264373779297,,,,,,
2012-01-12,37.66209030151367,,,,,,
2012-01-13,37.47457885742188,,,,,,
2012-01-17,37.49542236328125,,,,,,
2012-01-18,37.91904067993164,,,,,,
2012-01-19,38.05794525146485,,,,,,
2012-01-20,38.189903259277344,,,,,,
2012-01-23,38.17601776123047,,,,,,
2012-01-24,38.085731506347656,,,,,,
2012-01-25,38.26629638671875,,,,,,
2012-01-26,37.99544525146485,,,,,,
2012-01-27,37.960731506347656,,,,,,
2012-01-30,37.7801628112793,,,,,,
2012-01-31,37.71765899658203,,,,,,
2012-02-01,38.113525390625,,,,,,
2012-02-02,38.17601776123047,,,,,,
2012-02-03,38.738555908203125,,,,,,
2012-02-06,38.71076583862305,,,,,,
2012-02-07,38.80105209350586,,,,,,
2012-02-08,38.91216278076172,,,,,,
2012-02-09,38.90523910522461,,,,,,
2012-02-10,38.59965133666992,,,,,,
2012-02-13,38.84272003173828,,,,,,
2012-02-14,38.724647521972656,,,,,,
2012-02-15,38.551029205322266,,,,,,
2012-02-16,39.0649528503418,,,,,,
2012-02-17,39.231632232666016,,,,,,
2012-02-21,39.22468185424805,,,,,,
2012-02-22,39.00939178466797,,,,,,
2012-02-23,39.16913604736328,,,,,,
2012-02-24,39.1968994140625,,,,,,
2012-02-27,39.328861236572266,,,,,,
2012-02-28,39.3844108581543,,,,,,
2012-02-29,39.18303298950195,,,,,,
2012-03-01,39.41914367675781,,,,,,
2012-03-02,39.30108642578125,,,,,,
2012-03-05,39.1968994140625,,,,,,
2012-03-06,38.551029205322266,,,,,,
2012-03-07,38.85661315917969,,,,,,
2012-03-08,39.16913604736328,,,,,,
2012-03-09,39.30108642578125,,,,,,
2012-03-12,39.356632232666016,,,,,,
2012-03-13,40.12751770019531,,,,,,
2012-03-14,40.009464263916016,,,,,,
2012-03-15,40.273380279541016,,,,,,
2012-03-16,40.33586502075195,,,,,,
2012-03-19,40.42615509033203,,,,,,
2012-03-20,40.308101654052734,,,,,,
2012-03-21,40.22474670410156,,,,,,
2012-03-22,39.85667419433594,,,,,,
2012-03-23,40.04418563842773,,,,,,
2012-03-26,40.56256866455078,,,,,,
2012-03-27,40.38790512084961,,,,,,
2012-03-28,40.185302734375,,,,,,
2012-03-29,40.10847473144531,,,,,,
2012-03-30,40.29708480834961,,,,,,
2012-04-02,40.54861068725586,,,,,,
2012-04-03,40.32503128051758,,,,,,
2012-04-04,39.9477767944336,,,,,,
2012-04-05,39.78009796142578,,,,,,
2012-04-09,39.3120346069336,,,,,,
2012-04-10,38.60639953613281,,,,,,
2012-04-11,38.94873046875,,,,,,
2012-04-12,39.45872497558594,,,,,,
2012-04-13,38.94873046875,,,,,,
2012-04-16,39.1303825378418,,,,,,
2012-04-17,39.633392333984375,,,,,,
2012-04-18,39.45872497558594,,,,,,
2012-04-19,39.30503845214844,,,,,,
2012-04-20,39.38887023925781,,,,,,
2012-04-23,39.109413146972656,,,,,,
2012-04-24,39.43778610229492,,,,,,
2012-04-25,39.75914001464844,,,,,,
2012-04-26,40.0595588684082,,,,,,
2012-04-27,40.066551208496094,,,,,,
2012-04-30,39.92680358886719,,,,,,
2012-05-01,40.25517272949219,,,,,,
2012-05-02,40.05257415771485,,,,,,
2012-05-03,39.78009796142578,,,,,,
2012-05-04,39.23516845703125,,,,,,
2012-05-07,39.28407669067383,,,,,,
2012-05-08,39.1303825378418,,,,,,
2012-05-09,38.82997131347656,,,,,,
2012-05-10,39.0674934387207,,,,,,
2012-05-11,38.89982604980469,,,,,,
2012-05-14,38.44571304321289,,,,,,
2012-05-15,38.187232971191406,,,,,,
2012-05-16,38.04050064086914,,,,,,
2012-05-17,37.50955581665039,,,,,,
2012-05-18,37.23707962036133,,,,,,
2012-05-21,37.64228439331055,,,,,,
2012-05-22,37.72612380981445,,,,,,
2012-05-23,37.65626907348633,,,,,,
2012-05-24,37.80995559692383,,,,,,
2012-05-25,37.75407409667969,,,,,,
2012-05-29,38.117374420166016,,,,,,
2012-05-30,37.58639526367188,,,,,,
2012-05-31,37.5654411315918,,,,,,
2012-06-01,36.67818069458008,,,,,,
2012-06-04,36.5384521484375,,,,,,
2012-06-05,36.85284805297852,,,,,,
2012-06-06,37.69119644165039,,,,,,
2012-06-07,37.74009323120117,,,,,,
2012-06-08,38.04050064086914,,,,,,
2012-06-11,37.61433792114258,,,,,,
2012-06-12,38.03352737426758,,,,,,
2012-06-13,37.87981033325195,,,,,,
2012-06-14,38.3199577331543,,,,,,
2012-06-15,38.69022750854492,,,,,,
2012-06-18,38.62735748291016,,,,,,
2012-06-19,39.03955459594727,,,,,,
2012-06-20,38.9766731262207,,,,,,
2012-06-21,38.20818710327149,,,,,,
2012-06-22,38.43872833251953,,,,,,
2012-06-25,37.81814956665039,,,,,,
2012-06-26,38.00813293457031,,,,,,
2012-06-27,38.409175872802734,,,,,,
2012-06-28,38.43732452392578,,,,,,
2012-06-29,39.359031677246094,,,,,,
2012-07-02,39.41531753540039,,,,,,
2012-07-03,39.64046859741211,,,,,,
2012-07-05,39.337921142578125,,,,,,
2012-07-06,39.04945373535156,,,,,,
2012-07-09,38.95094680786133,,,,,,
2012-07-10,38.6413688659668,,,,,,
2012-07-11,38.76801300048828,,,,,,
2012-07-12,38.61322021484375,,,,,,
2012-07-13,39.2464599609375,,,,,,
2012-07-16,39.18312454223633,,,,,,
2012-07-17,39.5208625793457,,,,,,
2012-07-18,39.72490310668945,,,,,,
2012-07-19,39.64750671386719,,,,,,
2012-07-20,39.3238525390625,,,,,,
2012-07-23,38.9931526184082,,,,,,
2012-07-24,38.61322021484375,,,,,,
2012-07-25,38.66950225830078,,,,,,
2012-07-26,39.25349807739258,,,,,,
2012-07-27,39.96412658691406,,,,,,
2012-07-30,39.942996978759766,,,,,,
2012-07-31,39.82339477539063,,,,,,
2012-08-01,39.71080780029297,,,,,,
2012-08-02,39.33088302612305,,,,,,
2012-08-03,40.09780883789063,,,,,,
2012-08-06,40.16111373901367,,,,,,
2012-08-07,40.315914154052734,,,,,,
2012-08-08,40.42145538330078,,,,,,
2012-08-09,40.46367263793945,,,,,,
2012-08-10,40.56217193603516,,,,,,
2012-08-13,40.4707145690918,,,,,,
2012-08-14,40.4707145690918,,,,,,
2012-08-15,40.47774124145508,,,,,,
2012-08-16,40.69586181640625,,,,,,
2012-08-17,40.709938049316406,,,,,,
2012-08-20,40.7451171875,,,,,,
2012-08-21,40.66067886352539,,,,,,
2012-08-22,40.590309143066406,,,,,,
2012-08-23,40.26665878295898,,,,,,
2012-08-24,40.50588607788086,,,,,,
2012-08-27,40.44960403442383,,,,,,
2012-08-28,40.44256591796875,,,,,,
2012-08-29,40.46367263793945,,,,,,
2012-08-30,40.224456787109375,,,,,,
2012-08-31,40.4144172668457,,,,,,
2012-09-04,40.32998275756836,,,,,,
2012-09-05,40.36515808105469,,,,,,
2012-09-06,41.181339263916016,,,,,,
2012-09-07,41.42054748535156,,,,,,
2012-09-10,41.22353363037109,,,,,,
2012-09-11,41.3853874206543,,,,,,
2012-09-12,41.47684097290039,,,,,,
2012-09-13,42.15230178833008,,,,,,
2012-09-14,42.26488876342773,,,,,,
2012-09-17,42.02565383911133,,,,,,
2012-09-18,41.969356536865234,,,,,,
2012-09-19,42.00454330444336,,,,,,
2012-09-20,42.05379867553711,,,,,,
2012-09-21,42.05379867553711,,,,,,
2012-09-24,42.0452995300293,,,,,,
2012-09-25,41.662879943847656,,,,,,
2012-09-26,41.471656799316406,,,,,,
2012-09-27,41.76909637451172,,,,,,
2012-09-28,41.58496856689453,,,,,,
2012-10-01,41.70536804199219,,,,,,
2012-10-02,41.79743194580078,,,,,,
2012-10-03,41.917816162109375,,,,,,
2012-10-04,42.30731964111328,,,,,,
2012-10-05,42.37106704711914,,,,,,
2012-10-08,42.29316329956055,,,,,,
2012-10-09,41.97447204589844,,,,,,
2012-10-10,41.69827651977539,,,,,,
2012-10-11,41.74784851074219,,,,,,
2012-10-12,41.49998474121094,,,,,,
2012-10-15,41.83992767333984,,,,,,
2012-10-16,42.21525573730469,,,,,,
2012-10-17,42.5835189819336,,,,,,
2012-10-18,42.67557907104492,,,,,,
2012-10-19,42.0382194519043,,,,,,
2012-10-22,41.98155975341797,,,,,,
2012-10-23,41.35127258300781,,,,,,
2012-10-24,41.25920867919922,,,,,,
2012-10-25,41.44333267211914,,,,,,
2012-10-26,41.33710479736328,,,,,,
2012-10-31,41.42208099365234,,,,,,
2012-11-01,41.81868362426758,,,,,,
2012-11-02,41.45749282836914,,,,,,
2012-11-05,41.49289321899414,,,,,,
2012-11-06,41.86116409301758,,,,,,
2012-11-07,40.81305313110352,,,,,,
2012-11-08,40.38105010986328,,,,,,
2012-11-09,40.39520263671875,,,,,,
2012-11-12,40.36687469482422,,,,,,
2012-11-13,40.1615104675293,,,,,,
2012-11-14,39.62328720092773,,,,,,
2012-11-15,39.50997161865234,,,,,,
2012-11-16,39.71535110473633,,,,,,
2012-11-19,40.40228271484375,,,,,,
2012-11-20,40.43770217895508,,,,,,
2012-11-21,40.52976989746094,,,,,,
2012-11-23,41.02549362182617,,,,,,
2012-11-26,40.91926956176758,,,,,,
2012-11-27,40.67848205566406,,,,,,
2012-11-28,41.01134490966797,,,,,,
2012-11-29,41.152976989746094,,,,,,
2012-11-30,41.1175537109375,,,,,,
2012-12-03,40.98300552368164,,,,,,
2012-12-04,40.94051742553711,,,,,,
2012-12-05,41.25212478637695,,,,,,
2012-12-06,41.379581451416016,,,,,,
2012-12-07,41.59912872314453,,,,,,
2012-12-10,41.64870834350586,,,,,,
2012-12-11,41.889495849609375,,,,,,
2012-12-12,41.9886360168457,,,,,,
2012-12-13,41.719520568847656,,,,,,
2012-12-14,41.62746810913086,,,,,,
2012-12-17,42.101959228515625,,,,,,
2012-12-18,42.56227493286133,,,,,,
2012-12-19,42.27901077270508,,,,,,
2012-12-20,42.56227493286133,,,,,,
2012-12-21,42.17276763916016,,,,,,
2012-12-24,42.0085334777832,,,,,,
2012-12-26,41.8942756652832,,,,,,
2012-12-27,41.80146408081055,,,,,,
2012-12-28,41.33016586303711,,,,,,
2012-12-31,41.98710632324219,,,,,,
2013-01-02,43.02964782714844,,,,,,
2013-01-03,42.97966766357422,,,,,,
2013-01-04,43.27241897583008,,,,,,
2013-01-07,43.13675308227539,,,,,,
2013-01-08,42.98681640625,,,,,,
2013-01-09,43.11533737182617,,,,,,
2013-01-10,43.49379348754883,,,,,,
2013-01-11,43.45808792114258,,,,,,
2013-01-14,43.50093078613281,,,,,,
2013-01-15,43.608055114746094,,,,,,
2013-01-16,43.57234191894531,,,,,,
2013-01-17,43.8365364074707,,,,,,
2013-01-18,43.96507263183594,,,,,,
2013-01-22,44.229270935058594,,,,,,
2013-01-23,44.207855224609375,,,,,,
2013-01-24,44.400657653808594,,,,,,
2013-01-25,44.672000885009766,,,,,,
2013-01-28,44.60772705078125,,,,,,
2013-01-29,44.92192459106445,,,,,,
2013-01-30,44.77197647094727,,,,,,
2013-01-31,44.65771484375,,,,,,
2013-02-01,45.08616638183594,,,,,,
2013-02-04,44.65771484375,,,,,,
2013-02-05,45.05045700073242,,,,,,
2013-02-06,45.14329528808594,,,,,,
2013-02-07,44.99333953857422,,,,,,
2013-02-08,45.17185592651367,,,,,,
2013-02-11,45.20756530761719,,,,,,
2013-02-12,45.393211364746094,,,,,,
2013-02-13,45.450340270996094,,,,,,
2013-02-14,45.52174758911133,,,,,,
2013-02-15,45.40035629272461,,,,,,
2013-02-19,45.81450653076172,,,,,,
2013-02-20,45.250396728515625,,,,,,
2013-02-21,44.99333953857422,,,,,,
2013-02-22,45.3789291381836,,,,,,
2013-02-25,44.4863395690918,,,,,,
2013-02-26,44.779109954833984,,,,,,
2013-02-27,45.37178421020508,,,,,,
2013-02-28,45.243255615234375,,,,,,
2013-03-01,45.428897857666016,,,,,,
2013-03-04,45.63599395751953,,,,,,
2013-03-05,46.00730895996094,,,,,,
2013-03-06,46.17154312133789,,,,,,
2013-03-07,46.285789489746094,,,,,,
2013-03-08,46.44289016723633,,,,,,
2013-03-11,46.635684967041016,,,,,,
2013-03-12,46.59999084472656,,,,,,
2013-03-13,46.64997482299805,,,,,,
2013-03-14,46.93560028076172,,,,,,
2013-03-15,46.91416549682617,,,,,,
2013-03-18,46.642822265625,,,,,,
2013-03-19,46.53571319580078,,,,,,
2013-03-20,46.842769622802734,,,,,,
2013-03-21,46.52858352661133,,,,,,
2013-03-22,46.74265670776367,,,,,,
2013-03-25,46.59897994995117,,,,,,
2013-03-26,46.965328216552734,,,,,,
2013-03-27,46.92941284179688,,,,,,
2013-03-28,47.07309341430664,,,,,,
2013-04-01,47.001243591308594,,,,,,
2013-04-02,47.06588745117188,,,,,,
2013-04-03,46.61333465576172,,,,,,
2013-04-04,46.88631439208984,,,,,,
2013-04-05,46.74981689453125,,,,,,
2013-04-08,47.001243591308594,,,,,,
2013-04-09,47.2454948425293,,,,,,
2013-04-10,47.75551986694336,,,,,,
2013-04-11,47.90635681152344,,,,,,
2013-04-12,47.73395156860352,,,,,,
2013-04-15,46.66362762451172,,,,,,
2013-04-16,47.28139877319336,,,,,,
2013-04-17,46.64926528930664,,,,,,
2013-04-18,46.484031677246094,,,,,,
2013-04-19,46.97970962524414,,,,,,
2013-04-22,47.14491271972656,,,,,,
2013-04-23,47.66212463378906,,,,,,
2013-04-24,47.67649459838867,,,,,,
2013-04-25,47.87044143676758,,,,,,
2013-04-26,47.82016372680664,,,,,,
2013-04-29,48.11467742919922,,,,,,
2013-04-30,48.11467742919922,,,,,,
2013-05-01,47.63338088989258,,,,,,
2013-05-02,48.02128982543945,,,,,,
2013-05-03,48.43793487548828,,,,,,
2013-05-06,48.5528678894043,,,,,,
2013-05-07,48.81147766113281,,,,,,
2013-05-08,49.048526763916016,,,,,,
2013-05-09,48.797096252441406,,,,,,
2013-05-10,48.94076919555664,,,,,,
2013-05-13,48.96232604980469,,,,,,
2013-05-14,49.54418182373047,,,,,,
2013-05-15,49.90336608886719,,,,,,
2013-05-16,49.70939636230469,,,,,,
2013-05-17,50.197879791259766,,,,,,
2013-05-20,50.23377227783203,,,,,,
2013-05-21,50.30561065673828,,,,,,
2013-05-22,49.93925857543945,,,,,,
2013-05-23,49.88179397583008,,,,,,
2013-05-24,49.838714599609375,,,,,,
2013-05-28,50.16196823120117,,,,,,
2013-05-29,49.88179397583008,,,,,,
2013-05-30,50.11166763305664,,,,,,
2013-05-31,49.35741424560547,,,,,,
2013-06-03,49.666297912597656,,,,,,
2013-06-04,49.42207717895508,,,,,,
2013-06-05,48.75399398803711,,,,,,
2013-06-06,49.23527526855469,,,,,,
2013-06-07,49.838714599609375,,,,,,
2013-06-10,49.88898849487305,,,,,,
2013-06-11,49.393341064453125,,,,,,
2013-06-12,49.070072174072266,,,,,,
2013-06-13,49.78123474121094,,,,,,
2013-06-14,49.4508056640625,,,,,,
2013-06-17,49.81715774536133,,,,,,
2013-06-18,50.16915130615234,,,,,,
2013-06-19,49.4866943359375,,,,,,
2013-06-20,48.308631896972656,,,,,,
2013-06-21,48.495391845703125,,,,,,
2013-06-24,47.88196563720703,,,,,,
2013-06-25,48.36606216430664,,,,,,
2013-06-26,48.84294509887695,,,,,,
2013-06-27,49.21141815185547,,,,,,
2013-06-28,48.85015869140625,,,,,,
2013-07-01,49.16085052490234,,,,,,
2013-07-02,49.0596923828125,,,,,,
2013-07-03,49.0596923828125,,,,,,
2013-07-05,49.60882186889648,,,,,,
2013-07-08,49.970096588134766,,,,,,
2013-07-09,50.38191986083984,,,,,,
2013-07-10,50.32411193847656,,,,,,
2013-07-11,50.945499420166016,,,,,,
2013-07-12,51.039432525634766,,,,,,
2013-07-15,51.24895477294922,,,,,,
2013-07-16,51.039432525634766,,,,,,
2013-07-17,51.16949844360352,,,,,,
2013-07-18,51.55964279174805,,,,,,
2013-07-19,51.68246841430664,,,,,,
2013-07-22,51.82698440551758,,,,,,
2013-07-23,51.84142303466797,,,,,,
2013-07-24,51.537967681884766,,,,,,
2013-07-25,51.58856201171875,,,,,,
2013-07-26,51.64633560180664,,,,,,
2013-07-29,51.48738861083984,,,,,,
2013-07-30,51.42959213256836,,,,,,
2013-07-31,51.48015594482422,,,,,,
2013-08-01,52.08709335327149,,,,,,
2013-08-02,52.11599349975586,,,,,,
2013-08-05,52.00761032104492,,,,,,
2013-08-06,51.69691848754883,,,,,,
2013-08-07,51.545204162597656,,,,,,
2013-08-08,51.79085159301758,,,,,,
2013-08-09,51.62467193603516,,,,,,
2013-08-12,51.55964279174805,,,,,,
2013-08-13,51.653568267822266,,,,,,
2013-08-14,51.3862533569336,,,,,,
2013-08-15,50.64925384521485,,,,,,
2013-08-16,50.49030303955078,,,,,,
2013-08-19,50.06401062011719,,,,,,
2013-08-20,50.30244064331055,,,,,,
2013-08-21,49.94117736816406,,,,,,
2013-08-22,50.34580612182617,,,,,,
2013-08-23,50.64925384521485,,,,,,
2013-08-26,50.34580612182617,,,,,,
2013-08-27,49.52933883666992,,,,,,
2013-08-28,49.65938949584961,,,,,,
2013-08-29,49.7388801574707,,,,,,
2013-08-30,49.5871467590332,,,,,,
2013-09-03,49.702754974365234,,,,,,
2013-09-04,50.06401062011719,,,,,,
2013-09-05,50.11460113525391,,,,,,
2013-09-06,50.06401062011719,,,,,,
2013-09-09,50.53365707397461,,,,,,
2013-09-10,50.98884963989258,,,,,,
2013-09-11,51.19114685058594,,,,,,
2013-09-12,50.98161697387695,,,,,,
2013-09-13,51.1550407409668,,,,,,
2013-09-16,51.537967681884766,,,,,,
2013-09-17,51.74028015136719,,,,,,
2013-09-18,52.267723083496094,,,,,,
2013-09-19,52.11599349975586,,,,,,
2013-09-20,51.68970489501953,,,,,,
2013-09-23,51.4113655090332,,,,,,
2013-09-24,51.26599884033203,,,,,,
2013-09-25,51.20786285400391,,,,,,
2013-09-26,51.23691940307617,,,,,,
2013-09-27,51.026145935058594,,,,,,
2013-09-30,50.720924377441406,,,,,,
2013-10-01,51.047969818115234,,,,,,
2013-10-02,51.011627197265625,,,,,,
2013-10-03,50.62643814086914,,,,,,
2013-10-04,50.968021392822266,,,,,,
2013-10-07,50.568302154541016,,,,,,
2013-10-08,50.08137893676758,,,,,,
2013-10-09,50.20490646362305,,,,,,
2013-10-10,51.28052520751953,,,,,,
2013-10-11,51.607566833496094,,,,,,
2013-10-14,51.77473449707031,,,,,,
2013-10-15,51.38227844238281,,,,,,
2013-10-16,52.10904693603516,,,,,,
2013-10-17,52.56690979003906,,,,,,
2013-10-18,52.7558708190918,,,,,,
2013-10-21,52.74860000610352,,,,,,
2013-10-22,53.0538330078125,,,,,,
2013-10-23,52.80672836303711,,,,,,
2013-10-24,52.87940216064453,,,,,,
2013-10-25,53.104713439941406,,,,,,
2013-10-28,53.19194412231445,,,,,,
2013-10-29,53.50442123413086,,,,,,
2013-10-30,53.25006484985352,,,,,,
2013-10-31,53.04658889770508,,,,,,
2013-11-01,53.2137336730957,,,,,,
2013-11-04,53.4608039855957,,,,,,
2013-11-05,53.32273483276367,,,,,,
2013-11-06,53.72246170043945,,,,,,
2013-11-07,53.097434997558594,,,,,,
2013-11-08,53.83147048950195,,,,,,
2013-11-11,53.867820739746094,,,,,,
2013-11-12,53.6933822631836,,,,,,
2013-11-13,54.08584976196289,,,,,,
2013-11-14,54.354759216308594,,,,,,
2013-11-15,54.58004379272461,,,,,,
2013-11-18,54.4346923828125,,,,,,
2013-11-19,54.36202621459961,,,,,,
2013-11-20,54.180301666259766,,,,,,
2013-11-21,54.61638259887695,,,,,,
2013-11-22,54.91435241699219,,,,,,
2013-11-25,54.87074661254883,,,,,,
2013-11-26,54.76173400878906,,,,,,
2013-11-27,54.8562126159668,,,,,,
2013-11-29,54.73265838623047,,,,,,
2013-12-02,54.65271759033203,,,,,,
2013-12-03,54.39107894897461,,,,,,
2013-12-04,54.354759216308594,,,,,,
2013-12-05,53.96955871582031,,,,,,
2013-12-06,54.68178939819336,,,,,,
2013-12-09,54.84165954589844,,,,,,
2013-12-10,54.623661041259766,,,,,,
2013-12-11,53.94776153564453,,,,,,
2013-12-12,53.75879287719727,,,,,,
2013-12-13,53.773319244384766,,,,,,
2013-12-16,54.06404495239258,,,,,,
2013-12-17,53.853302001953125,,,,,,
2013-12-18,54.81988906860352,,,,,,
2013-12-19,54.776275634765625,,,,,,
2013-12-20,55.05971908569336,,,,,,
2013-12-23,55.21235275268555,,,,,,
2013-12-24,55.3674201965332,,,,,,
2013-12-26,55.630741119384766,,,,,,
2013-12-27,55.711212158203125,,,,,,
2013-12-30,55.65999221801758,,,,,,
2013-12-31,55.87945556640625,,,,,,
2014-01-02,55.3674201965332,,,,,,
2014-01-03,55.41862106323242,,,,,,
2014-01-06,55.3674201965332,,,,,,
2014-01-07,55.64538192749024,,,,,,
2014-01-08,55.60149765014648,,,,,,
2014-01-09,55.725852966308594,,,,,,
2014-01-10,55.79167556762695,,,,,,
2014-01-13,55.16990280151367,,,,,,
2014-01-14,55.64538192749024,,,,,,
2014-01-15,55.94529724121094,,,,,,
2014-01-16,55.806297302246094,,,,,,
2014-01-17,55.55027389526367,,,,,,
2014-01-21,55.62343597412109,,,,,,
2014-01-22,55.61613082885742,,,,,,
2014-01-23,55.082122802734375,,,,,,
2014-01-24,54.00680923461914,,,,,,
2014-01-27,53.80199813842773,,,,,,
2014-01-28,54.189697265625,,,,,,
2014-01-29,53.77273941040039,,,,,,
2014-01-30,54.20433807373047,,,,,,
2014-01-31,53.81661987304688,,,,,,
2014-02-03,52.63158416748047,,,,,,
2014-02-04,52.85836791992188,,,,,,
2014-02-05,52.792510986328125,,,,,,
2014-02-06,53.385032653808594,,,,,,
2014-02-07,54.04338073730469,,,,,,
2014-02-10,54.050689697265625,,,,,,
2014-02-11,54.687110900878906,,,,,,
2014-02-12,54.70172500610352,,,,,,
2014-02-13,54.9504508972168,,,,,,
2014-02-14,55.308895111083984,,,,,,
2014-02-18,55.308895111083984,,,,,,
2014-02-19,54.92850875854492,,,,,,
2014-02-20,55.3600959777832,,,,,,
2014-02-21,55.30155563354492,,,,,,
2014-02-24,55.60149765014648,,,,,,
2014-02-25,55.4405517578125,,,,,,
2014-02-26,55.50638198852539,,,,,,
2014-02-27,55.76242446899414,,,,,,
2014-02-28,55.95260238647461,,,,,,
2014-03-03,55.57953643798828,,,,,,
2014-03-04,56.36957931518555,,,,,,
2014-03-05,56.36225128173828,,,,,,
2014-03-06,56.54512405395508,,,,,,
2014-03-07,56.698726654052734,,,,,,
2014-03-10,56.65484619140625,,,,,,
2014-03-11,56.3256721496582,,,,,,
2014-03-12,56.31836318969727,,,,,,
2014-03-13,55.820945739746094,,,,,,
2014-03-14,55.69659805297852,,,,,,
2014-03-17,56.20863723754883,,,,,,
2014-03-18,56.6036491394043,,,,,,
2014-03-19,56.3256721496582,,,,,,
2014-03-20,56.779205322265625,,,,,,
2014-03-21,56.713356018066406,,,,,,
2014-03-24,56.6036491394043,,,,,,
2014-03-25,56.95671844482422,,,,,,
2014-03-26,56.67720031738281,,,,,,
2014-03-27,56.58893585205078,,,,,,
2014-03-28,56.91996765136719,,,,,,
2014-03-31,57.456912994384766,,,,,,
2014-04-01,57.63346862792969,,,,,,
2014-04-02,57.8467903137207,,,,,,
2014-04-03,57.87621307373047,,,,,,
2014-04-04,57.40545272827149,,,,,,
2014-04-07,56.80225372314453,,,,,,
2014-04-08,56.9420166015625,,,,,,
2014-04-09,57.42750549316406,,,,,,
2014-04-10,56.39765548706055,,,,,,
2014-04-11,55.97102737426758,,,,,,
2014-04-14,56.36090850830078,,,,,,
2014-04-15,56.7507438659668,,,,,,
2014-04-16,57.26568603515625,,,,,,
2014-04-17,57.38337326049805,,,,,,
2014-04-21,57.51577758789063,,,,,,
2014-04-22,57.670257568359375,,,,,,
2014-04-23,57.68495941162109,,,,,,
2014-04-24,57.655517578125,,,,,,
2014-04-25,57.36130142211914,,,,,,
2014-04-28,57.58197784423828,,,,,,
2014-04-29,57.78058624267578,,,,,,
2014-04-30,57.94976806640625,,,,,,
2014-05-01,57.8173713684082,,,,,,
2014-05-02,57.72174072265625,,,,,,
2014-05-05,57.6481819152832,,,,,,
2014-05-06,57.23624801635742,,,,,,
2014-05-07,57.78794479370117,,,,,,
2014-05-08,57.72174072265625,,,,,,
2014-05-09,57.74380874633789,,,,,,
2014-05-12,58.18516159057617,,,,,,
2014-05-13,58.29551315307617,,,,,,
2014-05-14,58.052730560302734,,,,,,
2014-05-15,57.50841522216797,,,,,,
2014-05-16,57.60403823852539,,,,,,
2014-05-19,57.75851058959961,,,,,,
2014-05-20,57.37601089477539,,,,,,
2014-05-21,57.83208847045898,,,,,,
2014-05-22,57.927696228027344,,,,,,
2014-05-23,58.06748580932617,,,,,,
2014-05-27,58.32490921020508,,,,,,
2014-05-28,58.339630126953125,,,,,,
2014-05-29,58.61179733276367,,,,,,
2014-05-30,58.75157928466797,,,,,,
2014-06-02,58.83985137939453,,,,,,
2014-06-03,58.832462310791016,,,,,,
2014-06-04,58.92075729370117,,,,,,
2014-06-05,59.29591369628906,,,,,,
2014-06-06,59.58277893066406,,,,,,
2014-06-09,59.619571685791016,,,,,,
2014-06-10,59.66371154785156,,,,,,
2014-06-11,59.3768196105957,,,,,,
2014-06-12,58.99431228637695,,,,,,
2014-06-13,59.25911712646485,,,,,,
2014-06-16,59.31797409057617,,,,,,
2014-06-17,59.49452590942383,,,,,,
2014-06-18,59.95792388916016,,,,,,
2014-06-19,60.04619216918945,,,,,,
2014-06-20,60.259525299072266,,,,,,
2014-06-23,60.244815826416016,,,,,,
2014-06-24,59.82614135742188,,,,,,
2014-06-25,59.96670150756836,,,,,,
2014-06-26,59.9001350402832,,,,,,
2014-06-27,59.94448852539063,,,,,,
2014-06-30,59.8779182434082,,,,,,
2014-07-01,60.23297119140625,,,,,,
2014-07-02,60.2477912902832,,,,,,
2014-07-03,60.52146911621094,,,,,,
2014-07-07,60.35133743286133,,,,,,
2014-07-08,60.04066467285156,,,,,,
2014-07-09,60.24037551879883,,,,,,
2014-07-10,60.085060119628906,,,,,,
2014-07-11,60.13680648803711,,,,,,
2014-07-14,60.35874557495117,,,,,,
2014-07-15,60.39570617675781,,,,,,
2014-07-16,60.802520751953125,,,,,,
2014-07-17,60.19599151611328,,,,,,
2014-07-18,60.69156646728516,,,,,,
2014-07-21,60.5732307434082,,,,,,
2014-07-22,60.83212661743164,,,,,,
2014-07-23,60.89870071411133,,,,,,
2014-07-24,60.92090606689453,,,,,,
2014-07-25,60.72116470336914,,,,,,
2014-07-28,60.70637893676758,,,,,,
2014-07-29,60.43268966674805,,,,,,
2014-07-30,60.29216766357422,,,,,,
2014-07-31,59.16040802001953,,,,,,
2014-08-01,58.97551727294922,,,,,,
2014-08-04,59.3823356628418,,,,,,
2014-08-05,58.75359344482422,,,,,,
2014-08-06,58.71661758422852,,,,,,
2014-08-07,58.3985481262207,,,,,,
2014-08-08,59.06427001953125,,,,,,
2014-08-11,59.1826400756836,,,,,,
2014-08-12,59.15304946899414,,,,,,
2014-08-13,59.53028869628906,,,,,,
2014-08-14,59.79655456542969,,,,,,
2014-08-15,59.67821502685547,,,,,,
2014-08-18,60.12945556640625,,,,,,
2014-08-19,60.35133743286133,,,,,,
2014-08-20,60.54365539550781,,,,,,
2014-08-21,60.80994415283203,,,,,,
2014-08-22,60.62502670288086,,,,,,
2014-08-25,60.957889556884766,,,,,,
2014-08-26,60.98747253417969,,,,,,
2014-08-27,61.039249420166016,,,,,,
2014-08-28,60.98747253417969,,,,,,
2014-08-29,61.19458770751953,,,,,,
2014-09-02,61.07621765136719,,,,,,
2014-09-03,61.19458770751953,,,,,,
2014-09-04,61.16498947143555,,,,,,
2014-09-05,61.42389678955078,,,,,,
2014-09-08,61.231590270996094,,,,,,
2014-09-09,60.88388442993164,,,,,,
2014-09-10,61.02446746826172,,,,,,
2014-09-11,61.15019226074219,,,,,,
2014-09-12,60.83954620361328,,,,,,
2014-09-15,60.92090606689453,,,,,,
2014-09-16,61.349910736083984,,,,,,
2014-09-17,61.42389678955078,,,,,,
2014-09-18,61.741973876953125,,,,,,
2014-09-19,61.77892303466797,,,,,,
2014-09-22,61.32772445678711,,,,,,
2014-09-23,60.88388442993164,,,,,,
2014-09-24,61.282691955566406,,,,,,
2014-09-25,60.39735794067383,,,,,,
2014-09-26,60.747013092041016,,,,,,
2014-09-29,60.56846237182617,,,,,,
2014-09-30,60.41221237182617,,,,,,
2014-10-01,59.63103103637695,,,,,,
2014-10-02,59.59383010864258,,,,,,
2014-10-03,60.30062103271485,,,,,,
2014-10-06,60.2187728881836,,,,,,
2014-10-07,59.29623031616211,,,,,,
2014-10-08,60.30804443359375,,,,,,
2014-10-09,59.07301712036133,,,,,,
2014-10-10,58.537357330322266,,,,,,
2014-10-13,57.64458847045898,,,,,,
2014-10-14,57.71896362304688,,,,,,
2014-10-15,57.09400177001953,,,,,,
2014-10-16,57.07167434692383,,,,,,
2014-10-17,57.83057403564453,,,,,,
2014-10-20,58.23232269287109,,,,,,
2014-10-21,59.273921966552734,,,,,,
2014-10-22,58.924224853515625,,,,,,
2014-10-23,59.44503784179688,,,,,,
2014-10-24,59.97325134277344,,,,,,
2014-10-27,59.869102478027344,,,,,,
2014-10-28,60.51637268066406,,,,,,
2014-10-29,60.50151824951172,,,,,,
2014-10-30,60.84373474121094,,,,,,
2014-10-31,61.49845504760742,,,,,,
2014-11-03,61.490997314453125,,,,,,
2014-11-04,61.39427947998047,,,,,,
2014-11-05,61.87788009643555,,,,,,
2014-11-06,62.10107803344727,,,,,,
2014-11-07,62.18291091918945,,,,,,
2014-11-10,62.398685455322266,,,,,,
2014-11-11,62.398685455322266,,,,,,
2014-11-12,62.30195617675781,,,,,,
2014-11-13,62.32427215576172,,,,,,
2014-11-14,62.339168548583984,,,,,,
2014-11-17,62.49539566040039,,,,,,
2014-11-18,62.77068328857422,,,,,,
2014-11-19,62.67396545410156,,,,,,
2014-11-20,62.82275390625,,,,,,
2014-11-21,63.09058380126953,,,,,,
2014-11-24,63.17243957519531,,,,,,
2014-11-25,63.1054801940918,,,,,,
2014-11-26,63.25429153442383,,,,,,
2014-11-28,63.01618957519531,,,,,,
2014-12-01,62.778106689453125,,,,,,
2014-12-02,63.22452926635742,,,,,,
2014-12-03,63.44028472900391,,,,,,
2014-12-04,63.3956184387207,,,,,,
2014-12-05,63.559329986572266,,,,,,
2014-12-08,63.20961380004883,,,,,,
2014-12-09,63.04596328735352,,,,,,
2014-12-10,62.00433349609375,,,,,,
2014-12-11,62.32427215576172,,,,,,
2014-12-12,61.275238037109375,,,,,,
2014-12-15,60.78424072265625,,,,,,
2014-12-16,60.43454360961914,,,,,,
2014-12-17,61.62493515014648,,,,,,
2014-12-18,63.164981842041016,,,,,,
2014-12-19,63.49236297607422,,,,,,
2014-12-22,63.77901458740234,,,,,,
2014-12-23,63.9961051940918,,,,,,
2014-12-24,64.00357055664062,,,,,,
2014-12-26,64.10836029052734,,,,,,
2014-12-29,64.16824340820312,,,,,,
2014-12-30,63.91375732421875,,,,,,
2014-12-31,63.24010467529297,,,,,,
2015-01-02,63.25508880615234,,,,,,
2015-01-05,62.08744430541992,,,,,,
2015-01-06,61.541015625,,,,,,
2015-01-07,62.22964477539063,,,,,,
2015-01-08,63.37483215332031,,,,,,
2015-01-09,62.798484802246094,,,,,,
2015-01-12,62.37187957763672,,,,,,
2015-01-13,62.12487411499024,,,,,,
2015-01-14,61.7056884765625,,,,,,
2015-01-15,61.26408767700195,,,,,,
2015-01-16,62.06495666503906,,,,,,
2015-01-20,62.07992935180664,,,,,,
2015-01-21,62.40927505493164,,,,,,
2015-01-22,63.32991790771485,,,,,,
2015-01-23,62.80597686767578,,,,,,
2015-01-26,62.955657958984375,,,,,,
2015-01-27,62.1323471069336,,,,,,
2015-01-28,61.099422454833984,,,,,,
2015-01-29,61.67574691772461,,,,,,
2015-01-30,60.65029144287109,,,,,,
2015-02-02,61.615867614746094,,,,,,
2015-02-03,62.5814208984375,,,,,,
2015-02-04,62.34191131591797,,,,,,
2015-02-05,63.00056838989258,,,,,,
2015-02-06,62.94819641113281,,,,,,
2015-02-09,62.67124938964844,,,,,,
2015-02-10,63.24760055541992,,,,,,
2015-02-11,63.15777587890625,,,,,,
2015-02-12,63.7415885925293,,,,,,
2015-02-13,63.91375732421875,,,,,,
2015-02-17,64.0634536743164,,,,,,
2015-02-18,63.97364044189453,,,,,,
2015-02-19,63.7864990234375,,,,,,
2015-02-20,64.1457748413086,,,,,,
2015-02-23,64.0709228515625,,,,,,
2015-02-24,64.37783813476562,,,,,,
2015-02-25,64.24308013916016,,,,,,
2015-02-26,64.08589935302734,,,,,,
2015-02-27,63.86883163452149,,,,,,
2015-03-02,64.13832092285156,,,,,,
2015-03-03,63.853851318359375,,,,,,
2015-03-04,63.606895446777344,,,,,,
2015-03-05,63.689208984375,,,,,,
2015-03-06,62.78355407714844,,,,,,
2015-03-09,63.05297470092773,,,,,,
2015-03-10,62.02006912231445,,,,,,
2015-03-11,62.02006912231445,,,,,,
2015-03-12,62.76104736328125,,,,,,
2015-03-13,62.37187957763672,,,,,,
2015-03-16,63.20266342163086,,,,,,
2015-03-17,62.89580154418945,,,,,,
2015-03-18,63.681739807128906,,,,,,
2015-03-19,63.210147857666016,,,,,,
2015-03-20,63.7640495300293,,,,,,
2015-03-23,63.7640495300293,,,,,,
2015-03-24,63.299991607666016,,,,,,
2015-03-25,62.59221649169922,,,,,,
2015-03-26,62.41902923583984,,,,,,
2015-03-27,62.562110900878906,,,,,,
2015-03-30,63.367774963378906,,,,,,
2015-03-31,63.02137756347656,,,,,,
2015-04-01,62.62232208251953,,,,,,
2015-04-02,62.84069061279297,,,,,,
2015-04-06,63.26235961914063,,,,,,
2015-04-07,63.11928176879883,,,,,,
2015-04-08,63.17952728271485,,,,,,
2015-04-09,63.51081085205078,,,,,,
2015-04-10,63.947509765625,,,,,,
2015-04-13,63.68398284912109,,,,,,
2015-04-14,63.86470031738281,,,,,,
2015-04-15,64.20350646972656,,,,,,
2015-04-16,64.14328002929688,,,,,,
2015-04-17,63.488224029541016,,,,,,
2015-04-20,64.03034210205078,,,,,,
2015-04-21,63.7818717956543,,,,,,
2015-04-22,64.06798553466797,,,,,,
2015-04-23,64.25623321533203,,,,,,
2015-04-24,64.3766860961914,,,,,,
2015-04-27,64.10563659667969,,,,,,
2015-04-28,64.54232025146484,,,,,,
2015-04-29,64.3691635131836,,,,,,
2015-04-30,63.827056884765625,,,,,,
2015-05-01,64.43692779541016,,,,,,
2015-05-04,64.69293212890625,,,,,,
2015-05-05,63.99266052246094,,,,,,
2015-05-06,63.7593002319336,,,,,,
2015-05-07,63.93245315551758,,,,,,
2015-05-08,64.81340789794922,,,,,,
2015-05-11,64.48965454101562,,,,,,
2015-05-12,64.28634643554688,,,,,,
2015-05-13,64.33905029296875,,,,,,
2015-05-14,64.90377044677734,,,,,,
2015-05-15,64.97152709960938,,,,,,
2015-05-18,65.13716888427734,,,,,,
2015-05-19,65.1522216796875,,,,,,
2015-05-20,65.11459350585938,,,,,,
2015-05-21,65.26518249511719,,,,,,
2015-05-22,65.01667785644531,,,,,,
2015-05-26,64.3766860961914,,,,,,
2015-05-27,64.88868713378906,,,,,,
2015-05-28,64.896240234375,,,,,,
2015-05-29,64.5799789428711,,,,,,
2015-06-01,64.63267517089844,,,,,,
2015-06-02,64.52727508544922,,,,,,
2015-06-03,64.68541717529297,,,,,,
2015-06-04,64.10563659667969,,,,,,
2015-06-05,63.96256637573242,,,,,,
2015-06-08,63.66892623901367,,,,,,
2015-06-09,63.75176239013672,,,,,,
2015-06-10,64.51976776123047,,,,,,
2015-06-11,64.7230453491211,,,,,,
2015-06-12,64.2336196899414,,,,,,
2015-06-15,63.91740417480469,,,,,,
2015-06-16,64.29388427734375,,,,,,
2015-06-17,64.40682220458984,,,,,,
2015-06-18,64.99410247802734,,,,,,
2015-06-19,64.62516021728516,,,,,,
2015-06-22,64.98873901367188,,,,,,
2015-06-23,65.041748046875,,,,,,
2015-06-24,64.5191421508789,,,,,,
2015-06-25,64.30705261230469,,,,,,
2015-06-26,64.36006164550781,,,,,,
2015-06-29,63.07998275756836,,,,,,
2015-06-30,63.14057922363281,,,,,,
2015-07-01,63.63290786743164,,,,,,
2015-07-02,63.54960632324219,,,,,,
2015-07-06,63.26177215576172,,,,,,
2015-07-07,63.72379684448242,,,,,,
2015-07-08,62.70125961303711,,,,,,
2015-07-09,62.84516906738281,,,,,,
2015-07-10,63.54960632324219,,,,,,
2015-07-13,64.15554809570312,,,,,,
2015-07-14,64.42064666748047,,,,,,
2015-07-15,64.37519073486328,,,,,,
2015-07-16,64.78421783447266,,,,,,
2015-07-17,64.58727264404297,,,,,,
2015-07-20,64.5191421508789,,,,,,
2015-07-21,64.13282012939453,,,,,,
2015-07-22,64.09497833251953,,,,,,
2015-07-23,63.75411224365234,,,,,,
2015-07-24,63.0496711730957,,,,,,
2015-07-27,62.69368743896485,,,,,,
2015-07-28,63.42837142944336,,,,,,
2015-07-29,63.9586296081543,,,,,,
2015-07-30,63.98890686035156,,,,,,
2015-07-31,63.77683639526367,,,,,,
2015-08-03,63.5722885131836,,,,,,
2015-08-04,63.44355392456055,,,,,,
2015-08-05,63.693504333496094,,,,,,
2015-08-06,63.42837142944336,,,,,,
2015-08-07,63.17842864990234,,,,,,
2015-08-10,64.04194641113281,,,,,,
2015-08-11,63.48141479492188,,,,,,
2015-08-12,63.50414657592773,,,,,,
2015-08-13,63.41325759887695,,,,,,
2015-08-14,63.693504333496094,,,,,,
2015-08-17,63.95103073120117,,,,,,
2015-08-18,63.81469345092773,,,,,,
2015-08-19,63.193607330322266,,,,,,
2015-08-20,62.011962890625,,,,,,
2015-08-21,60.24712371826172,,,,,,
2015-08-24,57.76272964477539,,,,,,
2015-08-25,56.800777435302734,,,,,,
2015-08-26,58.90645980834961,,,,,,
2015-08-27,60.33802795410156,,,,,,
2015-08-28,60.36833572387695,,,,,,
2015-08-31,60.05022048950195,,,,,,
2015-09-01,58.22475051879883,,,,,,
2015-09-02,59.17156982421875,,,,,,
2015-09-03,59.37605667114258,,,,,,
2015-09-04,58.376258850097656,,,,,,
2015-09-08,59.83053588867188,,,,,,
2015-09-09,58.982215881347656,,,,,,
2015-09-10,59.26246643066406,,,,,,
2015-09-11,59.43669891357422,,,,,,
2015-09-14,59.2094612121582,,,,,,
2015-09-15,60.01233673095703,,,,,,
2015-09-16,60.54252243041992,,,,,,
2015-09-17,60.33046340942383,,,,,,
2015-09-18,59.27002716064453,,,,,,
2015-09-21,59.571231842041016,,,,,,
2015-09-22,58.86206817626953,,,,,,
2015-09-23,58.70954895019531,,,,,,
2015-09-24,58.56466293334961,,,,,,
2015-09-25,58.70192337036133,,,,,,
2015-09-28,57.37507247924805,,,,,,
2015-09-29,57.58096694946289,,,,,,
2015-09-30,58.52652740478516,,,,,,
2015-10-01,58.59516525268555,,,,,,
2015-10-02,59.35773849487305,,,,,,
2015-10-05,60.600704193115234,,,,,,
2015-10-06,60.50156021118164,,,,,,
2015-10-07,61.03535461425781,,,,,,
2015-10-08,61.622520446777344,,,,,,
2015-10-09,61.53864669799805,,,,,,
2015-10-12,61.508148193359375,,,,,,
2015-10-13,61.18025207519531,,,,,,
2015-10-14,60.87522888183594,,,,,,
2015-10-15,61.7597770690918,,,,,,
2015-10-16,62.03432083129883,,,,,,
2015-10-19,61.92755508422852,,,,,,
2015-10-20,61.95042037963867,,,,,,
2015-10-21,61.55390930175781,,,,,,
2015-10-22,62.59860610961914,,,,,,
2015-10-23,63.22391128540039,,,,,,
2015-10-26,62.98750686645508,,,,,,
2015-10-27,62.7968864440918,,,,,,
2015-10-28,63.63569259643555,,,,,,
2015-10-29,63.39164733886719,,,,,,
2015-10-30,63.00278091430664,,,,,,
2015-11-02,63.811065673828125,,,,,,
2015-11-03,63.94833755493164,,,,,,
2015-11-04,63.750091552734375,,,,,,
2015-11-05,63.66619110107422,,,,,,
2015-11-06,63.71196365356445,,,,,,
2015-11-09,63.10952377319336,,,,,,
2015-11-10,63.27728271484375,,,,,,
2015-11-11,63.0714111328125,,,,,,
2015-11-12,62.095333099365234,,,,,,
2015-11-13,61.65302658081055,,,,,,
2015-11-16,62.644344329833984,,,,,,
2015-11-17,62.51472854614258,,,,,,
2015-11-18,63.42981719970703,,,,,,
2015-11-19,63.376426696777344,,,,,,
2015-11-20,63.42216110229492,,,,,,
2015-11-23,63.30778884887695,,,,,,
2015-11-24,63.483177185058594,,,,,,
2015-11-25,63.406925201416016,,,,,,
2015-11-27,63.49080657958984,,,,,,
2015-11-30,63.34590911865234,,,,,,
2015-12-01,64.02462005615234,,,,,,
2015-12-02,63.26966857910156,,,,,,
2015-12-03,62.41558456420898,,,,,,
2015-12-04,63.63569259643555,,,,,,
2015-12-07,63.22391128540039,,,,,,
2015-12-08,62.59097671508789,,,,,,
2015-12-09,62.331729888916016,,,,,,
2015-12-10,62.468971252441406,,,,,,
2015-12-11,61.30986785888672,,,,,,
2015-12-14,61.60728454589844,,,,,,
2015-12-15,62.453712463378906,,,,,,
2015-12-16,63.36881256103516,,,,,,
2015-12-17,62.46133804321289,,,,,,
2015-12-18,61.36326217651367,,,,,,
2015-12-21,61.83031463623047,,,,,,
2015-12-22,62.51398468017578,,,,,,
2015-12-23,63.412742614746094,,,,,,
2015-12-24,63.297508239746094,,,,,,
2015-12-28,63.07475280761719,,,,,,
2015-12-29,63.65856552124024,,,,,,
2015-12-30,63.21303176879883,,,,,,
2015-12-31,62.62155151367188,,,,,,
2016-01-04,61.86104202270508,,,,,,
2016-01-05,62.06076431274414,,,,,,
2016-01-06,61.1773567199707,,,,,,
2016-01-07,59.74855422973633,,,,,,
2016-01-08,59.04184722900391,,,,,,
2016-01-11,59.00342559814453,,,,,,
2016-01-12,59.36446762084961,,,,,,
2016-01-13,58.12771987915039,,,,,,
2016-01-14,59.07257461547852,,,,,,
2016-01-15,57.797393798828125,,,,,,
2016-01-19,57.80509185791016,,,,,,
2016-01-20,56.921688079833984,,,,,,
2016-01-21,57.18287658691406,,,,,,
2016-01-22,58.19684219360352,,,,,,
2016-01-25,57.18287658691406,,,,,,
2016-01-26,58.166107177734375,,,,,,
2016-01-27,57.86652755737305,,,,,,
2016-01-28,58.11235809326172,,,,,,
2016-01-29,59.64100646972656,,,,,,
2016-02-01,59.5411491394043,,,,,,
2016-02-02,58.3658561706543,,,,,,
2016-02-03,58.84212493896485,,,,,,
2016-02-04,59.034156799316406,,,,,,
2016-02-05,58.38121795654297,,,,,,
2016-02-08,57.75130844116211,,,,,,
2016-02-09,57.68216323852539,,,,,,
2016-02-10,57.53622055053711,,,,,,
2016-02-11,56.59136199951172,,,,,,
2016-02-12,57.85885620117188,,,,,,
2016-02-16,58.74994659423828,,,,,,
2016-02-17,59.62565231323242,,,,,,
2016-02-18,59.5411491394043,,,,,,
2016-02-19,59.41825485229492,,,,,,
2016-02-22,60.24788665771485,,,,,,
2016-02-23,59.47970199584961,,,,,,
2016-02-24,59.6640510559082,,,,,,
2016-02-25,60.37080383300781,,,,,,
2016-02-26,60.22483444213867,,,,,,
2016-02-29,59.70247650146485,,,,,,
2016-03-01,61.01605224609375,,,,,,
2016-03-02,61.51536178588867,,,,,,
2016-03-03,61.83796691894531,,,,,,
2016-03-04,62.07610702514648,,,,,,
2016-03-07,62.29888153076172,,,,,,
2016-03-08,61.57685089111328,,,,,,
2016-03-09,61.922489166259766,,,,,,
2016-03-10,61.922489166259766,,,,,,
2016-03-11,62.905738830566406,,,,,,
2016-03-14,62.74445724487305,,,,,,
2016-03-15,62.56775665283203,,,,,,
2016-03-16,62.88273239135742,,,,,,
2016-03-17,63.38967514038086,,,,,,
2016-03-18,63.673927307128906,,,,,,
2016-03-21,63.71721267700195,,,,,,
2016-03-22,63.62444305419922,,,,,,
2016-03-23,63.17599105834961,,,,,,
2016-03-24,63.1373405456543,,,,,,
2016-03-28,63.1605224609375,,,,,,
2016-03-29,63.57033157348633,,,,,,
2016-03-30,63.81000518798828,,,,,,
2016-03-31,63.70175552368164,,,,,,
2016-04-01,63.98784637451172,,,,,,
2016-04-04,63.70947647094727,,,,,,
2016-04-05,63.1141357421875,,,,,,
2016-04-06,63.66310119628906,,,,,,
2016-04-07,62.91311264038086,,,,,,
2016-04-08,63.14506149291992,,,,,,
2016-04-11,63.09095001220703,,,,,,
2016-04-12,63.73268508911133,,,,,,
2016-04-13,64.45172882080078,,,,,,
2016-04-14,64.46719360351562,,,,,,
2016-04-15,64.38987731933594,,,,,,
2016-04-18,64.86149597167969,,,,,,
2016-04-19,65.37184143066406,,,,,,
2016-04-20,65.48004150390625,,,,,,
2016-04-21,65.0316162109375,,,,,,
2016-04-22,65.20945739746094,,,,,,
2016-04-25,65.0084228515625,,,,,,
2016-04-26,65.27131652832031,,,,,,
2016-04-27,65.66561126708984,,,,,,
2016-04-28,65.03937530517578,,,,,,
2016-04-29,64.66822052001953,,,,,,
2016-05-02,65.08573913574219,,,,,,
2016-05-03,64.42855072021484,,,,,,
2016-05-04,63.97236633300781,,,,,,
2016-05-05,63.97236633300781,,,,,,
2016-05-06,64.14249420166016,,,,,,
2016-05-09,64.03422546386719,,,,,,
2016-05-10,64.8305892944336,,,,,,
2016-05-11,64.436279296875,,,,,,
2016-05-12,64.46719360351562,,,,,,
2016-05-13,63.81000518798828,,,,,,
2016-05-16,64.41309356689453,,,,,,
2016-05-17,63.89504623413086,,,,,,
2016-05-18,63.94918441772461,,,,,,
2016-05-19,63.78681182861328,,,,,,
2016-05-20,64.11927795410156,,,,,,
2016-05-23,63.94918441772461,,,,,,
2016-05-24,64.67596435546875,,,,,,
2016-05-25,65.2558364868164,,,,,,
2016-05-26,65.17076873779297,,,,,,
2016-05-27,65.45685577392578,,,,,,
2016-05-31,65.35636901855469,,,,,,
2016-06-01,65.51097106933594,,,,,,
2016-06-02,65.68882751464844,,,,,,
2016-06-03,65.48004150390625,,,,,,
2016-06-06,65.92850494384766,,,,,,
2016-06-07,66.11405181884766,,,,,,
2016-06-08,66.31509399414062,,,,,,
2016-06-09,66.17591094970703,,,,,,
2016-06-10,65.62694549560547,,,,,,
2016-06-13,65.10892486572266,,,,,,
2016-06-14,64.86320495605469,,,,,,
2016-06-15,64.77767181396484,,,,,,
2016-06-16,65.0576171875,,,,,,
2016-06-17,65.04983520507812,,,,,,
2016-06-20,65.39199829101562,,,,,,
2016-06-21,65.6252670288086,,,,,,
2016-06-22,65.54752349853516,,,,,,
2016-06-23,66.48069763183594,,,,,,
2016-06-24,64.02335357666016,,,,,,
2016-06-27,62.81800842285156,,,,,,
2016-06-28,63.88335800170898,,,,,,
2016-06-29,65.02650451660156,,,,,,
2016-06-30,66.09187316894531,,,,,,
2016-07-01,66.1152114868164,,,,,,
2016-07-05,65.50862121582031,,,,,,
2016-07-06,65.92857360839844,,,,,,
2016-07-07,65.76528930664062,,,,,,
2016-07-08,66.7373046875,,,,,,
2016-07-11,66.96283721923828,,,,,,
2016-07-12,67.50719451904297,,,,,,
2016-07-13,67.65493774414062,,,,,,
2016-07-14,68.02043914794922,,,,,,
2016-07-15,67.98155975341797,,,,,,
2016-07-18,68.07487487792969,,,,,,
2016-07-19,68.00485229492188,,,,,,
2016-07-20,68.2381591796875,,,,,,
2016-07-21,67.99711608886719,,,,,,
2016-07-22,68.33927154541016,,,,,,
2016-07-25,68.1059799194336,,,,,,
2016-07-26,68.16820526123047,,,,,,
2016-07-27,67.9193344116211,,,,,,
2016-07-28,67.88046264648438,,,,,,
2016-07-29,67.95044708251953,,,,,,
2016-08-01,67.67829132080078,,,,,,
2016-08-02,67.30500793457031,,,,,,
2016-08-03,67.55384063720703,,,,,,
2016-08-04,67.59275817871094,,,,,,
2016-08-05,68.28484344482422,,,,,,
2016-08-08,68.3237075805664,,,,,,
2016-08-09,68.3237075805664,,,,,,
2016-08-10,68.09819030761719,,,,,,
2016-08-11,68.44813537597656,,,,,,
2016-08-12,68.37037658691406,,,,,,
2016-08-15,68.57257843017578,,,,,,
2016-08-16,68.26151275634766,,,,,,
2016-08-17,68.4014892578125,,,,,,
2016-08-18,68.61144256591797,,,,,,
2016-08-19,68.49478149414062,,,,,,
2016-08-22,68.44036102294922,,,,,,
2016-08-23,68.5492172241211,,,,,,
2016-08-24,68.33927154541016,,,,,,
2016-08-25,68.30037689208984,,,,,,
2016-08-26,68.12152862548828,,,,,,
2016-08-29,68.58809661865234,,,,,,
2016-08-30,68.55702209472656,,,,,,
2016-08-31,68.40923309326172,,,,,,
2016-09-01,68.3237075805664,,,,,,
2016-09-02,68.68922424316406,,,,,,
2016-09-06,68.78252410888672,,,,,,
2016-09-07,68.80587005615234,,,,,,
2016-09-08,68.83695220947266,,,,,,
2016-09-09,67.25834655761719,,,,,,
2016-09-12,68.1370849609375,,,,,,
2016-09-13,67.00071716308594,,,,,,
2016-09-14,66.75027465820312,,,,,,
2016-09-15,67.38419342041016,,,,,,
2016-09-16,67.0789566040039,,,,,,
2016-09-19,67.19633483886719,,,,,,
2016-09-20,67.11028289794922,,,,,,
2016-09-21,67.8694076538086,,,,,,
2016-09-22,68.21378326416016,,,,,,
2016-09-23,67.87725067138672,,,,,,
2016-09-26,67.27462005615234,,,,,,
2016-09-27,67.66592407226562,,,,,,
2016-09-28,68.1903076171875,,,,,,
2016-09-29,67.54073333740234,,,,,,
2016-09-30,68.08855438232422,,,,,,
2016-10-03,67.89289855957031,,,,,,
2016-10-04,67.53287506103516,,,,,,
2016-10-05,67.95547485351562,,,,,,
2016-10-06,68.01811981201172,,,,,,
2016-10-07,67.78334045410156,,,,,,
2016-10-10,68.11986541748047,,,,,,
2016-10-11,67.31375885009766,,,,,,
2016-10-12,67.3607177734375,,,,,,
2016-10-13,67.13375091552734,,,,,,
2016-10-14,67.1572494506836,,,,,,
2016-10-17,66.98504638671875,,,,,,
2016-10-18,67.3607177734375,,,,,,
2016-10-19,67.52507019042969,,,,,,
2016-10-20,67.38419342041016,,,,,,
2016-10-21,67.25897979736328,,,,,,
2016-10-24,67.48590850830078,,,,,,
2016-10-25,67.44678497314453,,,,,,
2016-10-26,67.58768463134766,,,,,,
2016-10-27,67.51725769042969,,,,,,
2016-10-28,67.28244018554688,,,,,,
2016-10-31,67.34508514404297,,,,,,
2016-11-01,66.9459228515625,,,,,,
2016-11-02,66.5467758178711,,,,,,
2016-11-03,66.35111999511719,,,,,,
2016-11-04,66.2493667602539,,,,,,
2016-11-07,67.68940734863281,,,,,,
2016-11-08,67.91637420654297,,,,,,
2016-11-09,69.07466888427734,,,,,,
2016-11-10,69.77902221679688,,,,,,
2016-11-11,69.64598083496094,,,,,,
2016-11-14,70.13124084472656,,,,,,
2016-11-15,70.63994598388672,,,,,,
2016-11-16,70.25641632080078,,,,,,
2016-11-17,70.53035736083984,,,,,,
2016-11-18,70.42862701416016,,,,,,
2016-11-21,70.88255310058594,,,,,,
2016-11-22,71.08602142333984,,,,,,
2016-11-23,71.1720962524414,,,,,,
2016-11-25,71.5399398803711,,,,,,
2016-11-28,71.17992401123047,,,,,,
2016-11-29,71.22689819335938,,,,,,
2016-11-30,71.38340759277344,,,,,,
2016-12-01,71.57908630371094,,,,,,
2016-12-02,71.49298095703125,,,,,,
2016-12-05,71.8843002319336,,,,,,
2016-12-06,72.18170166015625,,,,,,
2016-12-07,73.14431762695312,,,,,,
2016-12-08,73.28517150878906,,,,,,
2016-12-09,73.71566009521484,,,,,,
2016-12-12,73.75477600097656,,,,,,
2016-12-13,74.13826751708984,,,,,,
2016-12-14,73.44171142578125,,,,,,
2016-12-15,73.8095474243164,,,,,,
2016-12-16,73.72347259521484,,,,,,
2016-12-19,73.91912841796875,,,,,,
2016-12-20,74.16175079345703,,,,,,
2016-12-21,74.0130386352539,,,,,,
2016-12-22,73.96968078613281,,,,,,
2016-12-23,74.02488708496094,,,,,,
2016-12-27,74.1194839477539,,,,,,
2016-12-28,73.50450897216797,,,,,,
2016-12-29,73.47298431396484,,,,,,
2016-12-30,73.33104705810547,,,,,,
2017-01-03,73.81989288330078,,,,,,
2017-01-04,74.22198486328125,,,,,,
2017-01-05,73.946044921875,,,,,,
2017-01-06,74.01696014404297,,,,,,
2017-01-09,73.61490631103516,,,,,,
2017-01-10,73.60699462890625,,,,,,
2017-01-11,73.87505340576172,,,,,,
2017-01-12,73.654296875,,,,,,
2017-01-13,73.75682067871094,,,,,,
2017-01-17,73.36260223388672,,,,,,
2017-01-18,73.48873901367188,,,,,,
2017-01-19,73.17337799072266,,,,,,
2017-01-20,73.51239013671875,,,,,,
2017-01-23,73.26009368896484,,,,,,
2017-01-24,73.79621124267578,,,,,,
2017-01-25,74.34812927246094,,,,,,
2017-01-26,74.31658935546875,,,,,,
2017-01-27,74.19831848144531,,,,,,
2017-01-30,73.73316955566406,,,,,,
2017-01-31,73.69374084472656,,,,,,
2017-02-01,73.48086547851562,,,,,,
2017-02-02,73.50450897216797,,,,,,
2017-02-03,74.17467498779297,,,,,,
2017-02-06,74.00910949707031,,,,,,
2017-02-07,73.86721801757812,,,,,,
2017-02-08,73.86721801757812,,,,,,
2017-02-09,74.34022521972656,,,,,,
2017-02-10,74.6319580078125,,,,,,
2017-02-13,75.13653564453125,,,,,,
2017-02-14,75.49134063720703,,,,,,
2017-02-15,75.8303451538086,,,,,,
2017-02-16,75.84613037109375,,,,,,
2017-02-17,75.8303451538086,,,,,,
2017-02-21,76.29552459716797,,,,,,
2017-02-22,76.24032592773438,,,,,,
2017-02-23,76.40594482421875,,,,,,
2017-02-24,76.41380310058594,,,,,,
2017-02-27,76.49264526367188,,,,,,
2017-02-28,76.3349380493164,,,,,,
2017-03-01,77.45450592041016,,,,,,
2017-03-02,76.88683319091797,,,,,,
2017-03-03,76.91050720214844,,,,,,
2017-03-06,76.65031433105469,,,,,,
2017-03-07,76.38224029541016,,,,,,
2017-03-08,76.19303894042969,,,,,,
2017-03-09,76.256103515625,,,,,,
2017-03-10,76.50050354003906,,,,,,
2017-03-13,76.43743896484375,,,,,,
2017-03-14,76.14570617675781,,,,,,
2017-03-15,76.79224395751953,,,,,,
2017-03-16,76.68184661865234,,,,,,
2017-03-17,76.4847640991211,,,,,,
2017-03-20,76.256103515625,,,,,,
2017-03-21,75.17596435546875,,,,,,
2017-03-22,75.26271057128906,,,,,,
2017-03-23,75.23902130126953,,,,,,
2017-03-24,75.08677673339844,,,,,,
2017-03-27,74.91229248046875,,,,,,
2017-03-28,75.538818359375,,,,,,
2017-03-29,75.5071029663086,,,,,,
2017-03-30,75.87984466552734,,,,,,
2017-03-31,75.63397979736328,,,,,,
2017-04-03,75.4753646850586,,,,,,
2017-04-04,75.57846069335938,,,,,,
2017-04-05,75.26915740966797,,,,,,
2017-04-06,75.5071029663086,,,,,,
2017-04-07,75.41191101074219,,,,,,
2017-04-10,75.41986083984375,,,,,,
2017-04-11,75.41986083984375,,,,,,
2017-04-12,75.1026382446289,,,,,,
2017-04-13,74.47610473632812,,,,,,
2017-04-17,75.078857421875,,,,,,
2017-04-18,74.75369262695312,,,,,,
2017-04-19,74.49198150634766,,,,,,
2017-04-20,75.12642669677734,,,,,,
2017-04-21,74.8329849243164,,,,,,
2017-04-24,75.7291488647461,,,,,,
2017-04-25,76.12567138671875,,,,,,
2017-04-26,76.06221771240234,,,,,,
2017-04-27,75.91158294677734,,,,,,
2017-04-28,75.61017608642578,,,,,,
2017-05-01,75.61811828613281,,,,,,
2017-05-02,75.570556640625,,,,,,
2017-05-03,75.61017608642578,,,,,,
2017-05-04,75.61017608642578,,,,,,
2017-05-05,75.92742919921875,,,,,,
2017-05-08,75.85601806640625,,,,,,
2017-05-09,75.61811828613281,,,,,,
2017-05-10,75.8084487915039,,,,,,
2017-05-11,75.61811828613281,,,,,,
2017-05-12,75.31676483154297,,,,,,
2017-05-15,75.75294494628906,,,,,,
2017-05-16,75.64984893798828,,,,,,
2017-05-17,74.325439453125,,,,,,
2017-05-18,74.44440460205078,,,,,,
2017-05-19,75.03126525878906,,,,,,
2017-05-22,75.34848022460938,,,,,,
2017-05-23,75.61811828613281,,,,,,
2017-05-24,75.68951416015625,,,,,,
2017-05-25,75.88775634765625,,,,,,
2017-05-26,75.90362548828125,,,,,,
2017-05-30,75.76087188720703,,,,,,
2017-05-31,75.65779876708984,,,,,,
2017-06-01,76.34774017333984,,,,,,
2017-06-02,76.36361694335938,,,,,,
2017-06-05,76.34774017333984,,,,,,
2017-06-06,76.1970443725586,,,,,,
2017-06-07,76.30016326904297,,,,,,
2017-06-08,76.37944030761719,,,,,,
2017-06-09,76.99012756347656,,,,,,
2017-06-12,77.14077758789062,,,,,,
2017-06-13,77.39456176757812,,,,,,
2017-06-14,77.30734252929688,,,,,,
2017-06-15,77.19628143310547,,,,,,
2017-06-16,77.30734252929688,,,,,,
2017-06-19,77.71973419189453,,,,,,
2017-06-20,77.22010040283203,,,,,,
2017-06-21,76.91079711914062,,,,,,
2017-06-22,76.84736633300781,,,,,,
2017-06-23,76.86091613769531,,,,,,
2017-06-26,77.07628631591797,,,,,,
2017-06-27,76.6615219116211,,,,,,
2017-06-28,77.25975799560547,,,,,,
2017-06-29,76.83700561523438,,,,,,
2017-06-30,77.02044677734375,,,,,,
2017-07-03,77.52296447753906,,,,,,
2017-07-05,77.5150146484375,,,,,,
2017-07-06,76.7970962524414,,,,,,
2017-07-07,77.1640396118164,,,,,,
2017-07-10,77.11614990234375,,,,,,
2017-07-11,76.94070434570312,,,,,,
2017-07-12,77.38738250732422,,,,,,
2017-07-13,77.53094482421875,,,,,,
2017-07-14,77.7941665649414,,,,,,
2017-07-17,77.78617858886719,,,,,,
2017-07-18,77.66654205322266,,,,,,
2017-07-19,78.00154113769531,,,,,,
2017-07-20,78.06535339355469,,,,,,
2017-07-21,77.92180633544922,,,,,,
2017-07-24,77.8021469116211,,,,,,
2017-07-25,78.1690673828125,,,,,,
2017-07-26,78.00955200195312,,,,,,
2017-07-27,78.13716888427734,,,,,,
2017-07-28,78.06535339355469,,,,,,
2017-07-31,78.2089614868164,,,,,,
2017-08-01,78.40037536621094,,,,,,
2017-08-02,78.39239501953125,,,,,,
2017-08-03,78.3604965209961,,,,,,
2017-08-04,78.55195617675781,,,,,,
2017-08-07,78.56787872314453,,,,,,
2017-08-08,78.42430114746094,,,,,,
2017-08-09,78.39239501953125,,,,,,
2017-08-10,77.49107360839844,,,,,,
2017-08-11,77.4033203125,,,,,,
2017-08-14,78.08130645751953,,,,,,
2017-08-15,78.07333374023438,,,,,,
2017-08-16,78.09727478027344,,,,,,
2017-08-17,76.96463775634766,,,,,,
2017-08-18,76.7970962524414,,,,,,
2017-08-21,76.86091613769531,,,,,,
2017-08-22,77.53094482421875,,,,,,
2017-08-23,77.33152770996094,,,,,,
2017-08-24,77.25178527832031,,,,,,
2017-08-25,77.49903106689453,,,,,,
2017-08-28,77.36344146728516,,,,,,
2017-08-29,77.37141418457031,,,,,,
2017-08-30,77.53894805908203,,,,,,
2017-08-31,77.84203338623047,,,,,,
2017-09-01,78.07333374023438,,,,,,
2017-09-05,77.3075942993164,,,,,,
2017-09-06,77.57084655761719,,,,,,
2017-09-07,77.32357788085938,,,,,,
2017-09-08,77.3395004272461,,,,,,
2017-09-11,78.2807388305664,,,,,,
2017-09-12,78.64764404296875,,,,,,
2017-09-13,78.7991943359375,,,,,,
2017-09-14,78.88692474365234,,,,,,
2017-09-15,79.07837677001953,,,,,,
2017-09-18,79.42932891845703,,,,,,
2017-09-19,79.57291412353516,,,,,,
2017-09-20,79.71648406982422,,,,,,
2017-09-21,79.5888442993164,,,,,,
2017-09-22,79.64909362792969,,,,,,
2017-09-25,79.76152038574219,,,,,,
2017-09-26,79.705322265625,,,,,,
2017-09-27,79.93019104003906,,,,,,
2017-09-28,80.01851654052734,,,,,,
2017-09-29,80.16305541992188,,,,,,
2017-10-02,80.66899871826172,,,,,,
2017-10-03,80.85371398925781,,,,,,
2017-10-04,80.9500961303711,,,,,,
2017-10-05,81.32752227783203,,,,,,
2017-10-06,81.19904327392578,,,,,,
2017-10-09,80.98219299316406,,,,,,
2017-10-10,81.2552719116211,,,,,,
2017-10-11,81.23919677734375,,,,,,
2017-10-12,81.05448913574219,,,,,,
2017-10-13,81.07054901123047,,,,,,
2017-10-16,81.20706176757812,,,,,,
2017-10-17,81.31146240234375,,,,,,
2017-10-18,81.52027130126953,,,,,,
2017-10-19,81.72101593017578,,,,,,
2017-10-20,82.29927062988281,,,,,,
2017-10-23,82.10649871826172,,,,,,
2017-10-24,82.24303436279297,,,,,,
2017-10-25,81.77722930908203,,,,,,
2017-10-26,81.97803497314453,,,,,,
2017-10-27,82.17878723144531,,,,,,
2017-10-30,81.67283630371094,,,,,,
2017-10-31,81.6326904296875,,,,,,
2017-11-01,81.87364196777344,,,,,,
2017-11-02,82.05831909179688,,,,,,
2017-11-03,82.08240509033203,,,,,,
2017-11-06,82.0101318359375,,,,,,
2017-11-07,81.92179107666016,,,,,,
2017-11-08,81.9298324584961,,,,,,
2017-11-09,81.64876556396484,,,,,,
2017-11-10,81.56041717529297,,,,,,
2017-11-13,81.6407241821289,,,,,,
2017-11-14,81.44799041748047,,,,,,
2017-11-15,81.11067962646484,,,,,,
2017-11-16,81.69694519042969,,,,,,
2017-11-17,81.52828979492188,,,,,,
2017-11-20,81.71300506591797,,,,,,
2017-11-21,82.03424072265625,,,,,,
2017-11-22,81.94588470458984,,,,,,
2017-11-24,82.01817321777344,,,,,,
2017-11-27,82.03424072265625,,,,,,
2017-11-28,83.23883056640625,,,,,,
2017-11-29,83.84918212890625,,,,,,
2017-11-30,84.5077133178711,,,,,,
2017-12-01,84.4515151977539,,,,,,
2017-12-04,84.74864959716797,,,,,,
2017-12-05,84.26678466796875,,,,,,
2017-12-06,84.17843627929688,,,,,,
2017-12-07,84.33905792236328,,,,,,
2017-12-08,84.90923309326172,,,,,,
2017-12-11,85.14212036132812,,,,,,
2017-12-12,85.45532989501953,,,,,,
2017-12-13,85.30276489257812,,,,,,
2017-12-14,84.78880310058594,,,,,,
2017-12-15,85.47138977050781,,,,,,
2017-12-18,85.9532470703125,,,,,,
2017-12-19,85.70429992675781,,,,,,
2017-12-20,85.73640441894531,,,,,,
2017-12-21,86.0086898803711,,,,,,
2017-12-22,86.00061798095703,,,,,,
2017-12-26,85.93597412109375,,,,,,
2017-12-27,85.960205078125,,,,,,
2017-12-28,86.18644714355469,,,,,,
2017-12-29,85.9036636352539,,,,,,
2018-01-02,86.17028045654297,,,,,,
2018-01-03,86.50155639648438,,,,,,
2018-01-04,87.00250244140625,,,,,,
2018-01-05,87.43072509765625,,,,,,
2018-01-08,87.51960754394531,,,,,,
2018-01-09,87.72160339355469,,,,,,
2018-01-10,87.67310333251953,,,,,,
2018-01-11,88.2790756225586,,,,,,
2018-01-12,88.91741180419922,,,,,,
2018-01-16,88.63457489013672,,,,,,
2018-01-17,89.41832733154297,,,,,,
2018-01-18,89.26483154296875,,,,,,
2018-01-19,89.54761505126953,,,,,,
2018-01-22,90.25863647460938,,,,,,
2018-01-23,90.22630310058594,,,,,,
2018-01-24,90.40406799316406,,,,,,
2018-01-25,90.51719665527344,,,,,,
2018-01-26,91.5110092163086,,,,,,
2018-01-29,91.0262222290039,,,,,,
2018-01-30,89.91927337646484,,,,,,
2018-01-31,89.95159912109375,,,,,,
2018-02-01,90.06472778320312,,,,,,
2018-02-02,88.02861022949219,,,,,,
2018-02-05,84.27156066894531,,,,,,
2018-02-06,85.60469818115234,,,,,,
2018-02-07,85.39463806152344,,,,,,
2018-02-08,82.27584838867188,,,,,,
2018-02-09,83.5282211303711,,,,,,
2018-02-12,84.58666229248047,,,,,,
2018-02-13,84.83712768554688,,,,,,
2018-02-14,85.9036636352539,,,,,,
2018-02-15,86.80049896240234,,,,,,
2018-02-16,86.905517578125,,,,,,
2018-02-20,86.12986755371094,,,,,,
2018-02-21,85.5804672241211,,,,,,
2018-02-22,85.64510345458984,,,,,,
2018-02-23,86.95404052734375,,,,,,
2018-02-26,88.02056121826172,,,,,,
2018-02-27,87.05098724365234,,,,,,
2018-02-28,85.960205078125,,,,,,
2018-03-01,84.81290435791016,,,,,,
2018-03-02,85.20072174072266,,,,,,
2018-03-05,86.18644714355469,,,,,,
2018-03-06,86.29956817626953,,,,,,
2018-03-07,86.16221618652344,,,,,,
2018-03-08,86.41267395019531,,,,,,
2018-03-09,87.8750991821289,,,,,,
2018-03-12,87.59234619140625,,,,,,
2018-03-13,87.05098724365234,,,,,,
2018-03-14,86.43693542480469,,,,,,
2018-03-15,86.42076110839844,,,,,,
2018-03-16,86.6308364868164,,,,,,
2018-03-19,85.64510345458984,,,,,,
2018-03-20,85.60469818115234,,,,,,
2018-03-21,85.55622863769531,,,,,,
2018-03-22,83.42964935302734,,,,,,
2018-03-23,81.64193725585938,,,,,,
2018-03-26,83.8928451538086,,,,,,
2018-03-27,82.83646392822266,,,,,,
2018-03-28,82.83646392822266,,,,,,
2018-03-29,83.8440933227539,,,,,,
2018-04-02,81.99951171875,,,,,,
2018-04-03,83.14525604248047,,,,,,
2018-04-04,84.11225128173828,,,,,,
2018-04-05,84.68106079101562,,,,,,
2018-04-06,82.92584228515625,,,,,,
2018-04-09,83.23464965820312,,,,,,
2018-04-10,84.5347900390625,,,,,,
2018-04-11,83.99034881591797,,,,,,
2018-04-12,84.77857971191406,,,,,,
2018-04-13,84.47792053222656,,,,,,
2018-04-16,85.22551727294922,,,,,,
2018-04-17,85.76181030273438,,,,,,
2018-04-18,85.73744201660156,,,,,,
2018-04-19,85.59117126464844,,,,,,
2018-04-20,85.10362243652344,,,,,,
2018-04-23,85.2092514038086,,,,,,
2018-04-24,84.49417877197266,,,,,,
2018-04-25,84.58355712890625,,,,,,
2018-04-26,84.99796295166016,,,,,,
2018-04-27,85.119873046875,,,,,,
2018-04-30,84.19349670410156,,,,,,
2018-05-01,84.03910064697266,,,,,,
2018-05-02,83.19400787353516,,,,,,
2018-05-03,82.87708282470703,,,,,,
2018-05-04,83.77096557617188,,,,,,
2018-05-07,83.9334716796875,,,,,,
2018-05-08,83.90908813476562,,,,,,
2018-05-09,84.62417602539062,,,,,,
2018-05-10,85.4205322265625,,,,,,
2018-05-11,85.68869018554688,,,,,,
2018-05-14,85.84310150146484,,,,,,
2018-05-15,85.44490051269531,,,,,,
2018-05-16,85.78619384765625,,,,,,
2018-05-17,85.75369262695312,,,,,,
2018-05-18,85.4205322265625,,,,,,
2018-05-21,86.12747955322266,,,,,,
2018-05-22,86.0218734741211,,,,,,
2018-05-23,85.9893569946289,,,,,,
2018-05-24,85.74555969238281,,,,,,
2018-05-25,85.45304107666016,,,,,,
2018-05-29,84.24224853515625,,,,,,
2018-05-30,85.45304107666016,,,,,,
2018-05-31,84.70543670654297,,,,,,
2018-06-01,85.50991821289062,,,,,,
2018-06-04,85.74555969238281,,,,,,
2018-06-05,85.73744201660156,,,,,,
2018-06-06,86.50941467285156,,,,,,
2018-06-07,86.72880554199219,,,,,,
2018-06-08,87.0213623046875,,,,,,
2018-06-11,87.11883544921875,,,,,,
2018-06-12,87.01319885253906,,,,,,
2018-06-13,86.63941192626953,,,,,,
2018-06-14,86.56627655029297,,,,,,
2018-06-15,86.51753997802734,,,,,,
2018-06-18,86.20063018798828,,,,,,
2018-06-19,85.99746704101562,,,,,,
2018-06-20,85.9649887084961,,,,,,
2018-06-21,85.49365997314453,,,,,,
2018-06-22,85.76180267333984,,,,,,
2018-06-25,85.03424072265625,,,,,,
2018-06-26,84.99336242675781,,,,,,
2018-06-27,84.47833251953125,,,,,,
2018-06-28,84.83804321289062,,,,,,
2018-06-29,84.87892150878906,,,,,,
2018-07-02,85.00154113769531,,,,,,
2018-07-03,84.88709259033203,,,,,,
2018-07-05,85.4838638305664,,,,,,
2018-07-06,85.99069213867188,,,,,,
2018-07-09,86.80819702148438,,,,,,
2018-07-10,87.19237518310547,,,,,,
2018-07-11,86.4566421508789,,,,,,
2018-07-12,86.97166442871094,,,,,,
2018-07-13,87.02071380615234,,,,,,
2018-07-16,87.10247802734375,,,,,,
2018-07-17,87.36405944824219,,,,,,
2018-07-18,87.68285369873047,,,,,,
2018-07-19,87.25777435302734,,,,,,
2018-07-20,87.18419647216797,,,,,,
2018-07-23,87.46212768554688,,,,,,
2018-07-24,87.88725280761719,,,,,,
2018-07-25,88.5003662109375,,,,,,
2018-07-26,88.77828979492188,,,,,,
2018-07-27,88.54121398925781,,,,,,
2018-07-30,88.48402404785156,,,,,,
2018-07-31,88.82735443115234,,,,,,
2018-08-01,88.40223693847656,,,,,,
2018-08-02,88.59844970703125,,,,,,
2018-08-03,89.21156311035156,,,,,,
2018-08-06,89.46497344970703,,,,,,
2018-08-07,89.75926208496094,,,,,,
2018-08-08,89.71021270751953,,,,,,
2018-08-09,89.51403045654297,,,,,,
2018-08-10,88.92545318603516,,,,,,
2018-08-13,88.41861724853516,,,,,,
2018-08-14,88.9990005493164,,,,,,
2018-08-15,88.46764373779297,,,,,,
2018-08-16,89.39957427978516,,,,,,
2018-08-17,89.83283996582031,,,,,,
2018-08-20,90.0944366455078,,,,,,
2018-08-21,90.2088851928711,,,,,,
2018-08-22,89.97999572753906,,,,,,
2018-08-23,89.79198455810547,,,,,,
2018-08-24,90.19253540039062,,,,,,
2018-08-27,90.85469818115234,,,,,,
2018-08-28,90.86286163330078,,,,,,
2018-08-29,91.1081085205078,,,,,,
2018-08-30,90.60945892333984,,,,,,
2018-08-31,90.51134490966795,,,,,,
2018-09-04,90.42961120605467,,,,,,
2018-09-05,90.59310150146484,,,,,,
2018-09-06,90.48682403564452,,,,,,
2018-09-07,90.24158477783205,,,,,,
2018-09-10,90.42961120605467,,,,,,
2018-09-11,90.53587341308594,,,,,,
2018-09-12,90.65850830078124,,,,,,
2018-09-13,91.0672378540039,,,,,,
2018-09-14,91.23889923095705,,,,,,
2018-09-17,91.17351531982422,,,,,,
2018-09-18,91.5413589477539,,,,,,
2018-09-19,91.72940826416016,,,,,,
2018-09-20,92.4487762451172,,,,,,
2018-09-21,92.58776092529295,,,,,,
2018-09-24,91.98281860351562,,,,,,
2018-09-25,91.5413589477539,,,,,,
2018-09-26,91.12448120117188,,,,,,
2018-09-27,91.11627960205078,,,,,,
2018-09-28,91.0759735107422,,,,,,
2018-10-01,91.46271514892578,,,,,,
2018-10-02,91.67668151855467,,,,,,
2018-10-03,91.79187774658205,,,,,,
2018-10-04,91.61083221435548,,,,,,
2018-10-05,91.32282257080078,,,,,,
2018-10-08,91.61083221435548,,,,,,
2018-10-09,91.3310775756836,,,,,,
2018-10-10,88.96939849853516,,,,,,
2018-10-11,86.78056335449219,,,,,,
2018-10-12,87.38948822021484,,,,,,
2018-10-15,87.1426010131836,,,,,,
2018-10-16,88.7060546875,,,,,,
2018-10-17,88.84593963623047,,,,,,
2018-10-18,87.9902114868164,,,,,,
2018-10-19,88.03131866455078,,,,,,
2018-10-22,87.38948822021484,,,,,,
2018-10-23,86.87105560302734,,,,,,
2018-10-24,84.64929962158203,,,,,,
2018-10-25,85.751953125,,,,,,
2018-10-26,84.5999526977539,,,,,,
2018-10-29,84.71513366699219,,,,,,
2018-10-30,85.95767211914062,,,,,,
2018-10-31,86.54190826416016,,,,,,
2018-11-01,87.10971069335938,,,,,,
2018-11-02,86.95333862304688,,,,,,
2018-11-05,87.95726776123047,,,,,,
2018-11-06,88.41808319091797,,,,,,
2018-11-07,89.93216705322266,,,,,,
2018-11-08,89.85811614990234,,,,,,
2018-11-09,89.183349609375,,,,,,
2018-11-12,87.9983901977539,,,,,,
2018-11-13,87.92436981201172,,,,,,
2018-11-14,87.2331314086914,,,,,,
2018-11-15,88.03131866455078,,,,,,
2018-11-16,88.5003890991211,,,,,,
2018-11-19,87.89966583251953,,,,,,
2018-11-20,86.16340637207031,,,,,,
2018-11-21,86.26213073730469,,,,,,
2018-11-23,85.83422088623047,,,,,,
2018-11-26,87.04388427734375,,,,,,
2018-11-27,87.38948822021484,,,,,,
2018-11-28,88.92825317382812,,,,,,
2018-11-29,88.69786834716797,,,,,,
2018-11-30,89.37262725830078,,,,,,
2018-12-03,90.04734802246094,,,,,,
2018-12-04,87.51288604736328,,,,,,
2018-12-06,87.09325408935547,,,,,,
2018-12-07,85.32403564453125,,,,,,
2018-12-10,85.18416595458984,,,,,,
2018-12-11,85.10187530517578,,,,,,
2018-12-12,85.42282104492188,,,,,,
2018-12-13,85.41455841064453,,,,,,
2018-12-14,84.00745391845703,,,,,,
2018-12-17,82.378173828125,,,,,,
2018-12-18,82.05725860595703,,,,,,
2018-12-19,81.11092376708984,,,,,,
2018-12-20,79.9918212890625,,,,,,
2018-12-21,78.76575469970703,,,,,,
2018-12-24,76.51746368408203,,,,,,
2018-12-26,79.67598724365234,,,,,,
2018-12-27,80.48841857910156,,,,,,
2018-12-28,80.40550994873047,,,,,,
2018-12-31,81.20135498046875,,,,,,
2019-01-02,81.2428207397461,,,,,,
2019-01-03,79.74230194091797,,,,,,
2019-01-04,82.03865051269531,,,,,,
2019-01-07,82.5112075805664,,,,,,
2019-01-08,83.11640167236328,,,,,,
2019-01-09,83.26557922363281,,,,,,
2019-01-10,83.56404876708984,,,,,,
2019-01-11,83.7298355102539,,,,,,
2019-01-14,83.35677337646484,,,,,,
2019-01-15,84.11117553710938,,,,,,
2019-01-16,84.39306640625,,,,,,
2019-01-17,85.00651550292969,,,,,,
2019-01-18,86.18370056152344,,,,,,
2019-01-22,85.2552261352539,,,,,,
2019-01-23,85.49564361572266,,,,,,
2019-01-24,85.4210205078125,,,,,,
2019-01-25,85.88525390625,,,,,,
2019-01-28,85.37956237792969,,,,,,
2019-01-29,85.53707885742188,,,,,,
2019-01-30,86.3495101928711,,,,,,
2019-01-31,86.84689331054688,,,,,,
2019-02-01,87.07073974609375,,,,,,
2019-02-04,87.41893768310547,,,,,,
2019-02-05,87.52670288085938,,,,,,
2019-02-06,87.5681381225586,,,,,,
2019-02-07,86.83030700683594,,,,,,
2019-02-08,86.78060913085938,,,,,,
2019-02-11,86.82203674316406,,,,,,
2019-02-12,87.94947052001953,,,,,,
2019-02-13,88.20647430419922,,,,,,
2019-02-14,87.80854034423828,,,,,,
2019-02-15,89.08523559570312,,,,,,
2019-02-19,89.30904388427734,,,,,,
2019-02-20,89.5826187133789,,,,,,
2019-02-21,89.34222412109375,,,,,,
2019-02-22,89.72356414794922,,,,,,
2019-02-25,89.864501953125,,,,,,
2019-02-26,89.72356414794922,,,,,,
2019-02-27,89.64065551757812,,,,,,
2019-02-28,89.33394622802734,,,,,,
2019-03-01,89.78987884521484,,,,,,
2019-03-04,89.3753890991211,,,,,,
2019-03-05,89.1680908203125,,,,,,
2019-03-06,88.58782196044922,,,,,,
2019-03-07,88.02410125732422,,,,,,
2019-03-08,87.86656951904297,,,,,,
2019-03-11,89.0022964477539,,,,,,
2019-03-12,89.22614288330078,,,,,,
2019-03-13,89.856201171875,,,,,,
2019-03-14,89.78987884521484,,,,,,
2019-03-15,90.13806915283205,,,,,,
2019-03-18,90.6106185913086,,,,,,
2019-03-19,90.4696807861328,,,,,,
2019-03-20,89.6489486694336,,,,,,
2019-03-21,90.37017059326172,,,,,,
2019-03-22,88.87796783447266,,,,,,
2019-03-25,88.72874450683594,,,,,,
2019-03-26,89.48314666748047,,,,,,
2019-03-27,89.08523559570312,,,,,,
2019-03-28,89.33147430419922,,,,,,
2019-03-29,89.84062194824219,,,,,,
2019-04-01,90.89241027832033,,,,,,
2019-04-02,90.66700744628906,,,,,,
2019-04-03,90.6837158203125,,,,,,
2019-04-04,91.0843734741211,,,,,,
2019-04-05,91.4850616455078,,,,,,
2019-04-08,91.55181884765624,,,,,,
2019-04-09,90.95916748046876,,,,,,
2019-04-10,91.20958709716795,,,,,,
2019-04-11,91.22628021240234,,,,,,
2019-04-12,91.80224609375,,,,,,
2019-04-15,91.70207214355467,,,,,,
2019-04-16,91.90241241455078,,,,,,
2019-04-17,91.6770248413086,,,,,,
2019-04-18,91.70207214355467,,,,,,
2019-04-22,91.70207214355467,,,,,,
2019-04-23,92.34479522705078,,,,,,
2019-04-24,92.0860366821289,,,,,,
2019-04-25,91.7771987915039,,,,,,
2019-04-26,92.23629760742188,,,,,,
2019-04-29,92.46998596191406,,,,,,
2019-04-30,92.86233520507812,,,,,,
2019-05-01,92.1528091430664,,,,,,
2019-05-02,91.9441375732422,,,,,,
2019-05-03,92.65364837646484,,,,,,
2019-05-06,92.34479522705078,,,,,,
2019-05-07,90.96753692626952,,,,,,
2019-05-08,90.7254409790039,,,,,,
2019-05-09,90.51677703857422,,,,,,
2019-05-10,91.04264831542967,,,,,,
2019-05-13,89.22296142578125,,,,,,
2019-05-14,89.79057312011719,,,,,,
2019-05-15,89.98252868652344,,,,,,
2019-05-16,90.708740234375,,,,,,
2019-05-17,90.34983825683594,,,,,,
2019-05-20,90.21624755859376,,,,,,
2019-05-21,90.90074920654295,,,,,,
2019-05-22,90.60858917236328,,,,,,
2019-05-23,89.63196563720703,,,,,,
2019-05-24,89.87403869628906,,,,,,
2019-05-28,88.67205047607422,,,,,,
2019-05-29,88.1795654296875,,,,,,
2019-05-30,88.15450286865234,,,,,,
2019-05-31,86.98590850830078,,,,,,
2019-06-03,87.81230926513672,,,,,,
2019-06-04,89.56520080566406,,,,,,
2019-06-05,90.1161117553711,,,,,,
2019-06-06,90.67534637451172,,,,,,
2019-06-07,91.1261215209961,,,,,,
2019-06-10,91.41826629638672,,,,,,
2019-06-11,91.37654113769533,,,,,,
2019-06-12,91.25132751464844,,,,,,
2019-06-13,91.63528442382812,,,,,,
2019-06-14,91.58521270751952,,,,,,
2019-06-17,91.40158081054688,,,,,,
2019-06-18,92.1778564453125,,,,,,
2019-06-19,92.4115753173828,,,,,,
2019-06-20,93.2129135131836,,,,,,
2019-06-21,93.15446472167967,,,,,,
2019-06-24,93.05431365966795,,,,,,
2019-06-25,92.66200256347656,,,,,,
2019-06-26,92.26966094970705,,,,,,
2019-06-27,92.63844299316406,,,,,,
2019-06-28,93.17605590820312,,,,,,
2019-07-01,93.82288360595705,,,,,,
2019-07-02,93.99090576171876,,,,,,
2019-07-03,94.73011779785156,,,,,,
2019-07-05,94.57891082763672,,,,,,
2019-07-08,94.17570495605467,,,,,,
2019-07-09,94.11691284179688,,,,,,
2019-07-10,94.2765121459961,,,,,,
2019-07-11,94.5369110107422,,,,,,
2019-07-12,94.95693969726562,,,,,,
2019-07-15,94.85613250732422,,,,,,
2019-07-16,94.63773345947266,,,,,,
2019-07-17,93.8817138671875,,,,,,
2019-07-18,94.33531951904295,,,,,,
2019-07-19,93.90689849853516,,,,,,
2019-07-22,93.86489868164062,,,,,,
2019-07-23,94.59574127197266,,,,,,
2019-07-24,94.97372436523438,,,,,,
2019-07-25,94.58731842041016,,,,,,
2019-07-26,95.06613159179688,,,,,,
2019-07-29,95.0493392944336,,,,,,
2019-07-30,94.90653228759766,,,,,,
2019-07-31,93.94889068603516,,,,,,
2019-08-01,92.9072494506836,,,,,,
2019-08-02,92.40323638916016,,,,,,
2019-08-05,89.90834045410156,,,,,,
2019-08-06,90.94158172607422,,,,,,
2019-08-07,90.74839782714844,,,,,,
2019-08-08,92.1848373413086,,,,,,
2019-08-09,91.67241668701172,,,,,,
2019-08-12,90.55517578125,,,,,,
2019-08-13,91.63880920410156,,,,,,
2019-08-14,89.00110626220703,,,,,,
2019-08-15,89.0683364868164,,,,,,
2019-08-16,90.36197662353516,,,,,,
2019-08-19,91.31118774414062,,,,,,
2019-08-20,90.40397644042967,,,,,,
2019-08-21,90.96678924560548,,,,,,
2019-08-22,91.03401184082033,,,,,,
2019-08-23,88.88350677490234,,,,,,
2019-08-26,89.72354888916016,,,,,,
2019-08-27,89.16912841796875,,,,,,
2019-08-28,89.97554016113281,,,,,,
2019-08-29,90.92478942871094,,,,,,
2019-08-30,91.16001892089844,,,,,,
2019-09-03,90.82398986816406,,,,,,
2019-09-04,91.70601654052734,,,,,,
2019-09-05,92.74766540527344,,,,,,
2019-09-06,92.91566467285156,,,,,,
2019-09-09,93.60447692871094,,,,,,
2019-09-10,94.11691284179688,,,,,,
2019-09-11,94.8309326171875,,,,,,
2019-09-12,94.9485321044922,,,,,,
2019-09-13,95.0577392578125,,,,,,
2019-09-16,94.80258178710938,,,,,,
2019-09-17,94.80258178710938,,,,,,
2019-09-18,94.8279266357422,,,,,,
2019-09-19,94.73497009277344,,,,,,
2019-09-20,94.57443237304688,,,,,,
2019-09-23,94.6082000732422,,,,,,
2019-09-24,93.98298645019533,,,,,,
2019-09-25,94.32939910888672,,,,,,
2019-09-26,94.06745147705078,,,,,,
2019-09-27,94.03367614746094,,,,,,
2019-09-30,94.3125,,,,,,
2019-10-01,92.9521484375,,,,,,
2019-10-02,91.30450439453124,,,,,,
2019-10-03,91.81147003173828,,,,,,
2019-10-04,93.0619659423828,,,,,,
2019-10-07,92.63951110839844,,,,,,
2019-10-08,91.16930389404295,,,,,,
2019-10-09,91.86217498779295,,,,,,
2019-10-10,92.48741149902344,,,,,,
2019-10-11,93.39151763916016,,,,,,
2019-10-14,93.30701446533205,,,,,,
2019-10-15,94.17731475830078,,,,,,
2019-10-16,94.08435821533205,,,,,,
2019-10-17,94.41388702392578,,,,,,
2019-10-18,94.35472869873048,,,,,,
2019-10-21,94.9715576171875,,,,,,
2019-10-22,95.28419494628906,,,,,,
2019-10-23,95.520751953125,,,,,,
2019-10-24,95.2503890991211,,,,,,
2019-10-25,95.63062286376952,,,,,,
2019-10-28,96.01084899902344,,,,,,
2019-10-29,96.30655670166016,,,,,,
2019-10-30,96.49246215820312,,,,,,
2019-10-31,96.103759765625,,,,,,
2019-11-01,97.0754623413086,,,,,,
2019-11-04,97.60777282714844,,,,,,
2019-11-05,97.70916748046876,,,,,,
2019-11-06,97.83589935302734,,,,,,
2019-11-07,98.28372955322266,,,,,,
2019-11-08,98.60480499267578,,,,,,
2019-11-11,98.24993133544922,,,,,,
2019-11-12,98.25837707519533,,,,,,
2019-11-13,98.18234252929688,,,,,,
2019-11-14,98.10629272460938,,,,,,
2019-11-15,98.84140014648438,,,,,,
2019-11-18,98.8667221069336,,,,,,
2019-11-19,98.70618438720705,,,,,,
2019-11-20,98.37667846679688,,,,,,
2019-11-21,98.46961212158205,,,,,,
2019-11-22,98.82450103759766,,,,,,
2019-11-25,99.38215637207033,,,,,,
2019-11-26,99.49198150634766,,,,,,
2019-11-27,99.7116928100586,,,,,,
2019-11-29,99.40750885009766,,,,,,
2019-12-02,98.85828399658205,,,,,,
2019-12-03,98.03024291992188,,,,,,
2019-12-04,98.74845123291016,,,,,,
2019-12-05,98.95124816894533,,,,,,
2019-12-06,99.7792739868164,,,,,,
2019-12-09,99.53424072265624,,,,,,
2019-12-10,99.44129943847656,,,,,,
2019-12-11,99.66944122314452,,,,,,
2019-12-12,100.79322052001952,,,,,,
2019-12-13,100.4890365600586,,,,,,
2019-12-16,101.1987762451172,,,,,,
2019-12-17,101.29173278808594,,,,,,
2019-12-18,101.21569061279295,,,,,,
2019-12-19,101.42692565917967,,,,,,
2019-12-20,102.02682495117188,,,,,,
2019-12-23,102.0437240600586,,,,,,
2019-12-24,102.00030517578124,,,,,,
2019-12-26,102.24718475341795,,,,,,
2019-12-27,102.24718475341795,,,,,,
2019-12-30,101.77894592285156,,,,,,
2019-12-31,102.03436279296876,,,,,,
2020-01-02,102.53663635253906,,,,,,
2020-01-03,101.71935272216795,,,,,,
2020-01-06,101.84705352783205,,,,,,
2020-01-07,101.4554443359375,,,,,,
2020-01-08,101.69383239746094,,,,,,
2020-01-09,102.16205596923828,,,,,,
2020-01-10,101.82152557373048,,,,,,
2020-01-13,102.24718475341795,,,,,,
2020-01-14,102.3834228515625,,,,,,
2020-01-15,102.545166015625,,,,,,
2020-01-16,103.21773529052734,,,,,,
2020-01-17,103.3284149169922,,,,,,
2020-01-21,102.92826080322266,,,,,,
2020-01-22,103.0389175415039,,,,,,
2020-01-23,102.97935485839844,,,,,,
2020-01-24,101.99179077148438,,,,,,
2020-01-27,100.57003784179688,,,,,,
2020-01-28,101.29369354248048,,,,,,
2020-01-29,100.84249114990234,,,,,,
2020-01-30,101.28517150878906,,,,,,
2020-01-31,99.48029327392578,,,,,,
2020-02-03,99.83787536621094,,,,,,
2020-02-04,101.02127075195312,,,,,,
2020-02-05,102.7494888305664,,,,,,
2020-02-06,102.80909729003906,,,,,,
2020-02-07,102.20462036132812,,,,,,
2020-02-10,102.545166015625,,,,,,
2020-02-11,102.96234893798828,,,,,,
2020-02-12,103.37096405029295,,,,,,
2020-02-13,103.09854125976562,,,,,,
2020-02-14,102.94528198242188,,,,,,
2020-02-18,102.41748046875,,,,,,
2020-02-19,102.73246002197266,,,,,,
2020-02-20,102.63029479980467,,,,,,
2020-02-21,102.18760681152344,,,,,,
2020-02-24,99.06314086914062,,,,,,
2020-02-25,95.94721221923828,,,,,,
2020-02-26,95.12137603759766,,,,,,
2020-02-27,91.10304260253906,,,,,,
2020-02-28,89.81748962402344,,,,,,
2020-03-02,93.6570816040039,,,,,,
2020-03-03,91.05192565917967,,,,,,
2020-03-04,95.0702896118164,,,,,,
2020-03-05,91.92882537841795,,,,,,
2020-03-06,90.38788604736328,,,,,,
2020-03-09,83.18545532226562,,,,,,
2020-03-10,86.81221008300781,,,,,,
2020-03-11,82.41923522949219,,,,,,
2020-03-12,74.14412689208984,,,,,,
2020-03-13,80.9208755493164,,,,,,
2020-03-16,71.9561538696289,,,,,,
2020-03-17,76.79181671142578,,,,,,
2020-03-18,72.34778594970703,,,,,,
2020-03-19,71.53898620605469,,,,,,
2020-03-20,68.15062713623047,,,,,,
2020-03-23,65.34967041015625,,,,,,
2020-03-24,71.74330139160156,,,,,,
2020-03-25,73.0628890991211,,,,,,
2020-03-26,77.73654174804688,,,,,,
2020-03-27,75.68360137939453,,,,,,
2020-03-30,78.00281524658203,,,,,,
2020-03-31,76.49962615966797,,,,,,
2020-04-01,73.20977783203125,,,,,,
2020-04-02,75.10808563232422,,,,,,
2020-04-03,73.96566772460938,,,,,,
2020-04-06,78.38076782226562,,,,,,
2020-04-07,78.67281341552734,,,,,,
2020-04-08,81.85957336425781,,,,,,
2020-04-09,83.63764190673828,,,,,,
2020-04-13,82.05713653564453,,,,,,
2020-04-14,83.9554443359375,,,,,,
2020-04-15,81.61906433105469,,,,,,
2020-04-16,81.4902114868164,,,,,,
2020-04-17,84.34200286865234,,,,,,
2020-04-20,82.70137786865234,,,,,,
2020-04-21,80.40794372558594,,,,,,
2020-04-22,81.6276626586914,,,,,,
2020-04-23,81.773681640625,,,,,,
2020-04-24,82.7786865234375,,,,,,
2020-04-27,84.48802947998047,,,,,,
2020-04-28,84.87454223632812,,,,,,
2020-04-29,86.51519775390625,,,,,,
2020-04-30,84.65980529785156,,,,,,
2020-05-01,82.36637115478516,,,,,,
2020-05-04,82.09149169921875,,,,,,
2020-05-05,82.55534362792969,,,,,,
2020-05-06,81.33560180664062,,,,,,
2020-05-07,81.94547271728516,,,,,,
2020-05-08,83.82660675048828,,,,,,
2020-05-11,83.29407501220703,,,,,,
2020-05-12,81.55892944335938,,,,,,
2020-05-13,79.80664825439453,,,,,,
2020-05-14,81.0177993774414,,,,,,
2020-05-15,81.0006103515625,,,,,,
2020-05-18,84.15303039550781,,,,,,
2020-05-19,82.7271499633789,,,,,,
2020-05-20,84.05854797363281,,,,,,
2020-05-21,83.46585845947266,,,,,,
2020-05-22,83.46585845947266,,,,,,
2020-05-26,85.5445556640625,,,,,,
2020-05-27,87.52876281738281,,,,,,
2020-05-28,87.10787200927734,,,,,,
2020-05-29,87.09929656982422,,,,,,
2020-06-01,87.31402587890625,,,,,,
2020-06-02,88.18157958984375,,,,,,
2020-06-03,89.94245910644531,,,,,,
2020-06-04,90.34617614746094,,,,,,
2020-06-05,92.98323059082033,,,,,,
2020-06-08,94.62383270263672,,,,,,
2020-06-09,92.89730834960938,,,,,,
2020-06-10,91.16220092773438,,,,,,
2020-06-11,85.24392700195312,,,,,,
2020-06-12,86.47224426269531,,,,,,
2020-06-15,87.15940856933594,,,,,,
2020-06-16,88.85157775878906,,,,,,
2020-06-17,87.88954162597656,,,,,,
2020-06-18,87.84658813476562,,,,,,
2020-06-19,87.21953582763672,,,,,,
2020-06-22,87.15081787109375,,,,,,
2020-06-23,87.26248168945312,,,,,,
2020-06-24,84.83159637451172,,,,,,
2020-06-25,85.73545837402344,,,,,,
2020-06-26,83.91738891601562,,,,,,
2020-06-29,85.25064086914062,,,,,,
2020-06-30,86.22028350830078,,,,,,
2020-07-01,86.1856460571289,,,,,,
2020-07-02,86.58390808105469,,,,,,
2020-07-06,87.43233489990234,,,,,,
2020-07-07,86.3760986328125,,,,,,
2020-07-08,86.6445083618164,,,,,,
2020-07-09,85.16407012939453,,,,,,
2020-07-10,86.73974609375,,,,,,
2020-07-13,87.01677703857422,,,,,,
2020-07-14,88.33269500732422,,,,,,
2020-07-15,89.44951629638672,,,,,,
2020-07-16,89.63134765625,,,,,,
2020-07-17,89.78718566894531,,,,,,
2020-07-20,89.07725524902344,,,,,,
2020-07-21,90.13347625732422,,,,,,
2020-07-22,90.57501983642578,,,,,,
2020-07-23,90.514404296875,,,,,,
2020-07-24,89.67463684082031,,,,,,
2020-07-27,89.66596984863281,,,,,,
2020-07-28,89.64864349365234,,,,,,
2020-07-29,90.56635284423828,,,,,,
2020-07-30,89.71791076660156,,,,,,
2020-07-31,89.44087982177734,,,,,,
2020-08-03,89.71791076660156,,,,,,
2020-08-04,90.14214324951172,,,,,,
2020-08-05,90.80876159667967,,,,,,
2020-08-06,90.76547241210938,,,,,,
2020-08-07,91.82168579101562,,,,,,
2020-08-10,92.73072052001952,,,,,,
2020-08-11,92.66146850585938,,,,,,
2020-08-12,93.34542083740234,,,,,,
2020-08-13,92.60952758789062,,,,,,
2020-08-14,92.8519515991211,,,,,,
2020-08-17,92.53160858154295,,,,,,
2020-08-18,92.26323699951172,,,,,,
2020-08-19,91.97753143310548,,,,,,
2020-08-20,91.44940948486328,,,,,,
2020-08-21,91.52735137939452,,,,,,
2020-08-24,92.86060333251952,,,,,,
2020-08-25,92.73941040039062,,,,,,
2020-08-26,92.4883270263672,,,,,,
2020-08-27,93.25885009765624,,,,,,
2020-08-28,93.96874237060548,,,,,,
2020-08-31,93.180908203125,,,,,,
2020-09-01,93.16360473632812,,,,,,
2020-09-02,94.79122161865234,,,,,,
2020-09-03,93.0943603515625,,,,,,
2020-09-04,93.08568572998048,,,,,,
2020-09-08,91.4321060180664,,,,,,
2020-09-09,92.4969482421875,,,,,,
2020-09-10,91.1550521850586,,,,,,
2020-09-11,91.76974487304688,,,,,,
2020-09-14,92.8952178955078,,,,,,
2020-09-15,92.72206115722656,,,,,,
2020-09-16,93.30211639404295,,,,,,
2020-09-17,92.8952178955078,,,,,,
2020-09-18,92.19396209716795,,,,,,
2020-09-21,90.18541717529295,,,,,,
2020-09-22,90.26333618164062,,,,,,
2020-09-23,88.59243774414062,,,,,,
2020-09-24,88.7222900390625,,,,,,
2020-09-25,89.7039794921875,,,,,,
2020-09-28,91.0640869140625,,,,,,
2020-09-29,90.29684448242188,,,,,,
2020-09-30,91.11639404296876,,,,,,
2020-10-01,91.17741394042967,,,,,,
2020-10-02,91.26458740234376,,,,,,
2020-10-05,92.70313262939452,,,,,,
2020-10-06,91.83129119873048,,,,,,
2020-10-07,93.27855682373048,,,,,,
2020-10-08,94.4381103515625,,,,,,
2020-10-09,94.60375213623048,,,,,,
2020-10-12,95.29254150390624,,,,,,
2020-10-13,94.39452362060548,,,,,,
2020-10-14,93.97604370117188,,,,,,
2020-10-15,94.21142578125,,,,,,
2020-10-16,94.47297668457033,,,,,,
2020-10-19,93.1913833618164,,,,,,
2020-10-20,93.40933227539062,,,,,,
2020-10-21,93.1128921508789,,,,,,
2020-10-22,94.3160400390625,,,,,,
2020-10-23,94.41197204589844,,,,,,
2020-10-26,92.5897979736328,,,,,,
2020-10-27,91.35175323486328,,,,,,
2020-10-28,88.7100830078125,,,,,,
2020-10-29,89.25935363769531,,,,,,
2020-10-30,89.45987701416016,,,,,,
2020-11-02,91.0902328491211,,,,,,
2020-11-03,92.6595458984375,,,,,,
2020-11-04,92.947265625,,,,,,
2020-11-05,94.47297668457033,,,,,,
2020-11-06,94.20271301269533,,,,,,
2020-11-09,97.98651123046876,,,,,,
2020-11-10,99.43378448486328,,,,,,
2020-11-11,99.04144287109376,,,,,,
2020-11-12,97.77726745605467,,,,,,
2020-11-13,99.61685943603516,,,,,,
2020-11-16,101.29953002929688,,,,,,
2020-11-17,100.8287353515625,,,,,,
2020-11-18,99.61685943603516,,,,,,
2020-11-19,99.75636291503906,,,,,,
2020-11-20,99.28556823730467,,,,,,
2020-11-23,100.50613403320312,,,,,,
2020-11-24,102.61599731445312,,,,,,
2020-11-25,101.97956085205078,,,,,,
2020-11-27,101.97084045410156,,,,,,
2020-11-30,100.872314453125,,,,,,
2020-12-01,101.7790298461914,,,,,,
2020-12-02,102.42420196533205,,,,,,
2020-12-03,102.6247329711914,,,,,,
2020-12-04,103.88018035888672,,,,,,
2020-12-07,103.22630310058594,,,,,,
2020-12-08,103.69709777832033,,,,,,
2020-12-09,103.69709777832033,,,,,,
2020-12-10,103.35706329345705,,,,,,
2020-12-11,103.10423278808594,,,,,,
2020-12-14,101.97956085205078,,,,,,
2020-12-15,103.40935516357422,,,,,,
2020-12-16,103.24372863769533,,,,,,
2020-12-17,103.69709777832033,,,,,,
2020-12-18,103.13910675048828,,,,,,
2020-12-21,102.64217376708984,,,,,,
2020-12-22,101.88363647460938,,,,,,
2020-12-23,102.74677276611328,,,,,,
2020-12-24,102.9565658569336,,,,,,
2020-12-28,103.29007720947266,,,,,,
2020-12-29,103.1759796142578,,,,,,
2020-12-30,103.50953674316406,,,,,,
2020-12-31,104.41355895996094,,,,,,
2021-01-04,103.07942962646484,,,,,,
2021-01-05,103.85182189941406,,,,,,
2021-01-06,106.35334014892578,,,,,,
2021-01-07,107.1432647705078,,,,,,
2021-01-08,107.22227478027344,,,,,,
2021-01-11,107.4065933227539,,,,,,
2021-01-12,107.8542251586914,,,,,,
2021-01-13,107.93323516845705,,,,,,
2021-01-14,108.42474365234376,,,,,,
2021-01-15,107.37150573730467,,,,,,
2021-01-19,107.82789611816406,,,,,,
2021-01-20,108.09998321533205,,,,,,
2021-01-21,107.57335662841795,,,,,,
2021-01-22,106.92384338378906,,,,,,
2021-01-25,106.92384338378906,,,,,,
2021-01-26,106.59908294677734,,,,,,
2021-01-27,104.00103759765624,,,,,,
2021-01-28,105.34396362304688,,,,,,
2021-01-29,103.58850860595705,,,,,,
2021-02-01,104.3345718383789,,,,,,
2021-02-02,105.66871643066406,,,,,,
2021-02-03,106.0724639892578,,,,,,
2021-02-04,107.20471954345705,,,,,,
2021-02-05,107.76647186279295,,,,,,
2021-02-08,108.7670669555664,,,,,,
2021-02-09,108.72318267822266,,,,,,
2021-02-10,108.85482788085938,,,,,,
2021-02-11,108.72318267822266,,,,,,
2021-02-12,109.2498016357422,,,,,,
2021-02-16,109.41659545898438,,,,,,
2021-02-17,109.82911682128906,,,,,,
2021-02-18,109.2498016357422,,,,,,
2021-02-19,109.57455444335938,,,,,,
2021-02-22,110.3557357788086,,,,,,
2021-02-23,110.69805145263672,,,,,,
2021-02-24,112.18141174316406,,,,,,
2021-02-25,110.25040435791016,,,,,,
2021-02-26,108.7670669555664,,,,,,
2021-03-01,111.13690185546876,,,,,,
2021-03-02,110.88239288330078,,,,,,
2021-03-03,110.88239288330078,,,,,,
2021-03-04,109.82911682128906,,,,,,
2021-03-05,112.26918029785156,,,,,,
2021-03-08,113.58576202392578,,,,,,
2021-03-09,113.17323303222656,,,,,,
2021-03-10,114.69165802001952,,,,,,
2021-03-11,114.63021850585938,,,,,,
2021-03-12,115.67471313476562,,,,,,
2021-03-15,115.94685363769533,,,,,,
2021-03-16,115.20954132080078,,,,,,
2021-03-17,115.70105743408205,,,,,,
2021-03-18,115.2533950805664,,,,,,
2021-03-19,114.7531509399414,,,,,,
2021-03-22,114.87599182128906,,,,,,
2021-03-23,113.4804229736328,,,,,,
2021-03-24,113.56819915771484,,,,,,
2021-03-25,114.91497039794922,,,,,,
2021-03-26,116.76825714111328,,,,,,
2021-03-29,116.59175872802734,,,,,,
2021-03-30,116.5476303100586,,,,,,
2021-03-31,116.01811981201172,,,,,,
2021-04-01,116.6005859375,,,,,,
2021-04-05,117.54488372802734,,,,,,
2021-04-06,117.43016815185548,,,,,,
2021-04-07,117.39485931396484,,,,,,
2021-04-08,117.24484252929688,,,,,,
2021-04-09,117.92437744140624,,,,,,
2021-04-12,118.00382232666016,,,,,,
2021-04-13,117.62432861328124,,,,,,
2021-04-14,118.08326721191406,,,,,,
2021-04-15,118.76280212402344,,,,,,
2021-04-16,119.45118713378906,,,,,,
2021-04-19,119.15992736816406,,,,,,
2021-04-20,118.25093841552734,,,,,,
2021-04-21,119.4864730834961,,,,,,
2021-04-22,118.4980239868164,,,,,,
2021-04-23,119.40705108642578,,,,,,
2021-04-26,119.24820709228516,,,,,,
2021-04-27,119.47767639160156,,,,,,
2021-04-28,119.69830322265624,,,,,,
2021-04-29,120.74852752685548,,,,,,
2021-04-30,120.00717163085938,,,,,,
2021-05-03,121.18096160888672,,,,,,
2021-05-04,121.52513885498048,,,,,,
2021-05-05,122.14290618896484,,,,,,
2021-05-06,123.20195770263672,,,,,,
2021-05-07,124.09329986572266,,,,,,
2021-05-10,124.2697982788086,,,,,,
2021-05-11,122.59303283691406,,,,,,
2021-05-12,120.6160888671875,,,,,,
2021-05-13,122.33707427978516,,,,,,
2021-05-14,123.6961898803711,,,,,,
2021-05-17,123.80205535888672,,,,,,
2021-05-18,122.61946868896484,,,,,,
2021-05-19,121.90462493896484,,,,,,
2021-05-20,122.50473022460938,,,,,,
2021-05-21,122.94601440429688,,,,,,
2021-05-24,123.44905090332033,,,,,,
2021-05-25,122.68123626708984,,,,,,
2021-05-26,122.91070556640624,,,,,,
2021-05-27,123.33432006835938,,,,,,
2021-05-28,123.51085662841795,,,,,,
2021-06-01,123.6343994140625,,,,,,
2021-06-02,123.94327545166016,,,,,,
2021-06-03,124.19039916992188,,,,,,
2021-06-04,124.5875473022461,,,,,,
2021-06-07,124.4110107421875,,,,,,
2021-06-08,124.24331665039062,,,,,,
2021-06-09,123.83740997314452,,,,,,
2021-06-10,123.79327392578124,,,,,,
2021-06-11,123.88151550292967,,,,,,
2021-06-14,123.27254486083984,,,,,,
2021-06-15,123.42259216308594,,,,,,
2021-06-16,122.56654357910156,,,,,,
2021-06-17,121.05740356445312,,,,,,
2021-06-18,118.71866607666016,,,,,,
2021-06-21,120.97794342041016,,,,,,
2021-06-22,121.05740356445312,,,,,,
2021-06-23,120.65142059326172,,,,,,
2021-06-24,121.55831146240234,,,,,,
2021-06-25,122.33030700683594,,,,,,
2021-06-28,121.78900909423828,,,,,,
2021-06-29,121.49617767333984,,,,,,
2021-06-30,121.97539520263672,,,,,,
2021-07-01,122.80060577392578,,,,,,
2021-07-02,123.18214416503906,,,,,,
2021-07-06,121.90435028076172,,,,,,
2021-07-07,122.37466430664062,,,,,,
2021-07-08,121.15011596679688,,,,,,
2021-07-09,122.90705871582033,,,,,,
2021-07-12,123.4306182861328,,,,,,
2021-07-13,122.53438568115234,,,,,,
2021-07-14,122.47228240966795,,,,,,
2021-07-15,122.48998260498048,,,,,,
2021-07-16,121.55831146240234,,,,,,
2021-07-19,119.34879302978516,,,,,,
2021-07-20,121.27432250976562,,,,,,
2021-07-21,122.43677520751952,,,,,,
2021-07-22,122.03746795654295,,,,,,
2021-07-23,122.62313079833984,,,,,,
2021-07-26,123.00465393066406,,,,,,
2021-07-27,123.10226440429688,,,,,,
2021-07-28,122.80945587158205,,,,,,
2021-07-29,123.77670288085938,,,,,,
2021-07-30,123.20877075195312,,,,,,
2021-08-02,123.07564544677734,,,,,,
2021-08-03,124.37118530273438,,,,,,
2021-08-04,123.04019927978516,,,,,,
2021-08-05,123.61695861816406,,,,,,
2021-08-06,124.388916015625,,,,,,
2021-08-09,124.30908203125,,,,,,
2021-08-10,125.28514862060548,,,,,,
2021-08-11,126.06603240966795,,,,,,
2021-08-12,126.1903076171875,,,,,,
2021-08-13,126.16364288330078,,,,,,
2021-08-16,126.4298324584961,,,,,,
2021-08-17,125.95954895019533,,,,,,
2021-08-18,124.41558074951172,,,,,,
2021-08-19,124.03400421142578,,,,,,
2021-08-20,124.6285171508789,,,,,,
2021-08-23,125.258544921875,,,,,,
2021-08-24,125.53363037109376,,,,,,
2021-08-25,126.06603240966795,,,,,,
2021-08-26,125.3206558227539,,,,,,
2021-08-27,126.2168960571289,,,,,,
2021-08-30,125.89746856689452,,,,,,
2021-08-31,125.78205108642578,,,,,,
2021-09-01,125.48925018310548,,,,,,
2021-09-02,126.39437866210938,,,,,,
2021-09-03,125.89746856689452,,,,,,
2021-09-07,124.65514373779295,,,,,,
2021-09-08,124.5753173828125,,,,,,
2021-09-09,123.96299743652344,,,,,,
2021-09-10,123.16439056396484,,,,,,
2021-09-13,123.98077392578124,,,,,,
2021-09-14,122.5964813232422,,,,,,
2021-09-15,123.83879089355467,,,,,,
2021-09-16,123.31526184082033,,,,,,
2021-09-17,122.48114013671876,,,,,,
2021-09-20,120.65319061279295,,,,,,
2021-09-21,120.34264373779295,,,,,,
2021-09-22,121.35421752929688,,,,,,
2021-09-23,123.00465393066406,,,,,,
2021-09-24,123.16177368164062,,,,,,
2021-09-27,123.68836975097656,,,,,,
2021-09-28,122.33169555664062,,,,,,
2021-09-29,122.83151245117188,,,,,,
2021-09-30,120.82331848144533,,,,,,
2021-10-01,122.24246215820312,,,,,,
2021-10-04,121.7693862915039,,,,,,
2021-10-05,122.76011657714844,,,,,,
2021-10-06,122.98326873779295,,,,,,
2021-10-07,123.9739761352539,,,,,,
2021-10-08,124.09891510009766,,,,,,
2021-10-11,123.16177368164062,,,,,,
2021-10-12,122.79583740234376,,,,,,
2021-10-13,122.92970275878906,,,,,,
2021-10-14,124.88435363769533,,,,,,
2021-10-15,125.7412109375,,,,,,
2021-10-18,125.294921875,,,,,,
2021-10-19,126.41059112548828,,,,,,
2021-10-20,127.68697357177734,,,,,,
2021-10-21,127.4013442993164,,,,,,
2021-10-22,127.88327026367188,,,,,,
2021-10-25,128.0885772705078,,,,,,
2021-10-26,128.13320922851562,,,,,,
2021-10-27,126.4374008178711,,,,,,
2021-10-28,127.5976791381836,,,,,,
2021-10-29,127.4013442993164,,,,,,
2021-11-01,127.8654327392578,,,,,,
2021-11-02,128.4723663330078,,,,,,
2021-11-03,129.15963745117188,,,,,,
2021-11-04,128.64195251464844,,,,,,
2021-11-05,129.31138610839844,,,,,,
2021-11-08,129.55233764648438,,,,,,
2021-11-09,129.48988342285156,,,,,,
2021-11-10,129.2756805419922,,,,,,
2021-11-11,129.36492919921875,,,,,,
2021-11-12,129.7041015625,,,,,,
2021-11-15,129.7755126953125,,,,,,
2021-11-16,129.561279296875,,,,,,
2021-11-17,128.9811553955078,,,,,,
2021-11-18,128.49916076660156,,,,,,
2021-11-19,127.26744842529295,,,,,,
2021-11-22,128.0350341796875,,,,,,
2021-11-23,129.13282775878906,,,,,,
2021-11-24,129.07040405273438,,,,,,
2021-11-26,126.35706329345705,,,,,,
2021-11-29,126.63378143310548,,,,,,
2021-11-30,123.52770233154295,,,,,,
2021-12-01,122.78687286376952,,,,,,
2021-12-02,125.1789321899414,,,,,,
2021-12-03,125.11640167236328,,,,,,
2021-12-06,126.8033218383789,,,,,,
2021-12-07,128.2046356201172,,,,,,
2021-12-08,128.01718139648438,,,,,,
2021-12-09,127.79405975341795,,,,,,
2021-12-10,128.86508178710938,,,,,,
2021-12-13,128.32957458496094,,,,,,
2021-12-14,128.37420654296875,,,,,,
2021-12-15,129.57913208007812,,,,,,
2021-12-16,130.48060607910156,,,,,,
2021-12-17,128.55270385742188,,,,,,
2021-12-20,127.29422760009766,,,,,,
2021-12-21,128.77584838867188,,,,,,
2021-12-22,129.5166473388672,,,,,,
2021-12-23,130.28421020507812,,,,,,
2021-12-27,131.63409423828125,,,,,,
2021-12-28,131.9663543701172,,,,,,
2021-12-29,132.23582458496094,,,,,,
2021-12-30,132.06515502929688,,,,,,
2021-12-31,132.11903381347656,,,,,,
2022-01-03,132.66688537597656,,,,,,
2022-01-04,134.18467712402344,,,,,,
2022-01-05,133.34947204589844,,,,,,
2022-01-06,133.58294677734375,,,,,,
2022-01-07,134.19363403320312,,,,,,
2022-01-10,134.076904296875,,,,,,
2022-01-11,134.9929656982422,,,,,,
2022-01-12,135.01092529296875,,,,,,
2022-01-13,134.73251342773438,,,,,,
2022-01-14,134.54393005371094,,,,,,
2022-01-18,132.72076416015625,,,,,,
2022-01-19,131.55323791503906,,,,,,
2022-01-20,130.40367126464844,,,,,,
2022-01-21,128.88589477539062,,,,,,
2022-01-24,128.99368286132812,,,,,,
2022-01-25,128.87689208984375,,,,,,
2022-01-26,128.2302703857422,,,,,,
2022-01-27,128.01473999023438,,,,,,
2022-01-28,129.58644104003906,,,,,,
2022-01-31,130.7000274658203,,,,,,
2022-02-01,131.58018493652344,,,,,,
2022-02-02,132.75668334960938,,,,,,
2022-02-03,131.61610412597656,,,,,,
2022-02-04,131.4544219970703,,,,,,
2022-02-07,131.7059326171875,,,,,,
2022-02-08,132.5770721435547,,,,,,
2022-02-09,133.86138916015625,,,,,,
2022-02-10,131.9573974609375,,,,,,
2022-02-11,130.65516662597656,,,,,,
2022-02-14,129.5774383544922,,,,,,
2022-02-15,130.888671875,,,,,,
2022-02-16,131.20298767089844,,,,,,
2022-02-17,129.41580200195312,,,,,,
2022-02-18,128.92184448242188,,,,,,
2022-02-22,127.9698486328125,,,,,,
2022-02-23,126.52391052246094,,,,,,
2022-02-24,126.14671325683594,,,,,,
2022-02-25,129.90972900390625,,,,,,
2022-02-28,129.19125366210938,,,,,,
2022-03-01,127.25135040283205,,,,,,
2022-03-02,129.8648223876953,,,,,,
2022-03-03,130.19711303710938,,,,,,
2022-03-04,130.16119384765625,,,,,,
2022-03-07,127.57466888427734,,,,,,
2022-03-08,126.3173599243164,,,,,,
2022-03-09,128.20335388183594,,,,,,
2022-03-10,128.1853790283203,,,,,,
2022-03-11,127.2693099975586,,,,,,
2022-03-14,127.44891357421876,,,,,,
2022-03-15,128.93978881835938,,,,,,
2022-03-16,130.42166137695312,,,,,,
2022-03-17,132.07412719726562,,,,,,
2022-03-18,132.3076934814453,,,,,,
2022-03-21,132.8105926513672,,,,,,
2022-03-22,133.53807067871094,,,,,,
2022-03-23,132.2847900390625,,,,,,
2022-03-24,133.5488739013672,,,,,,
2022-03-25,134.93936157226562,,,,,,
2022-03-28,134.767822265625,,,,,,
2022-03-29,135.6165313720703,,,,,,
2022-03-30,135.40882873535156,,,,,,
2022-03-31,133.4314727783203,,,,,,
2022-04-01,133.9552001953125,,,,,,
2022-04-04,133.6030731201172,,,,,,
2022-04-05,132.9168701171875,,,,,,
2022-04-06,133.3863525390625,,,,,,
2022-04-07,134.09962463378906,,,,,,
2022-04-08,135.04769897460938,,,,,,
2022-04-11,133.8197479248047,,,,,,
2022-04-12,133.4946746826172,,,,,,
2022-04-13,134.16287231445312,,,,,,
2022-04-14,133.67530822753906,,,,,,
2022-04-18,133.62112426757812,,,,,,
2022-04-19,135.03866577148438,,,,,,
2022-04-20,136.15826416015625,,,,,,
2022-04-21,134.713623046875,,,,,,
2022-04-22,131.1923370361328,,,,,,
2022-04-25,131.1741943359375,,,,,,
2022-04-26,128.889892578125,,,,,,
2022-04-27,129.08853149414062,,,,,,
2022-04-28,130.97557067871094,,,,,,
2022-04-29,127.03888702392578,,,,,,
2022-05-02,127.09310150146484,,,,,,
2022-05-03,128.1765899658203,,,,,,
2022-05-04,131.59860229492188,,,,,,
2022-05-05,128.7273712158203,,,,,,
2022-05-06,128.6641845703125,,,,,,
2022-05-09,125.63040161132812,,,,,,
2022-05-10,125.25118255615234,,,,,,
2022-05-11,124.61009979248048,,,,,,
2022-05-12,124.82682037353516,,,,,,
2022-05-13,126.48817443847656,,,,,,
2022-05-16,126.90350341796876,,,,,,
2022-05-17,128.91697692871094,,,,,,
2022-05-18,124.62815856933594,,,,,,
2022-05-19,123.52661895751952,,,,,,
2022-05-20,123.77041625976562,,,,,,
2022-05-23,125.99153137207033,,,,,,
2022-05-24,126.51521301269533,,,,,,
2022-05-25,127.39103698730467,,,,,,
2022-05-26,129.08853149414062,,,,,,
2022-05-27,131.1471405029297,,,,,,
2022-05-31,130.09976196289062,,,,,,
2022-06-01,129.07952880859375,,,,,,
2022-06-02,130.17198181152344,,,,,,
2022-06-03,129.09754943847656,,,,,,
2022-06-06,129.34133911132812,,,,,,
2022-06-07,130.80404663085938,,,,,,
2022-06-08,129.09754943847656,,,,,,
2022-06-09,126.33464813232422,,,,,,
2022-06-10,123.64398956298828,,,,,,
2022-06-13,119.5538330078125,,,,,,
2022-06-14,118.714111328125,,,,,,
2022-06-15,119.32810974121094,,,,,,
2022-06-16,116.09569549560548,,,,,,
2022-06-17,115.58104705810548,,,,,,
2022-06-21,118.39811706542967,,,,,,
2022-06-22,118.11821746826172,,,,,,
2022-06-23,118.4680633544922,,,,,,
2022-06-24,121.52130889892578,,,,,,
2022-06-27,121.82117462158205,,,,,,
2022-06-28,120.71256256103516,,,,,,
2022-06-29,120.2581787109375,,,,,,
2022-06-30,119.84020233154295,,,,,,
2022-07-01,121.04883575439452,,,,,,
2022-07-05,119.7130126953125,,,,,,
2022-07-06,119.82202911376952,,,,,,
2022-07-07,121.04883575439452,,,,,,
2022-07-08,120.9397430419922,,,,,,
2022-07-11,120.24913024902344,,,,,,
2022-07-12,119.65845489501952,,,,,,
2022-07-13,118.83155059814452,,,,,,
2022-07-14,117.81378173828124,,,,,,
2022-07-15,120.18549346923828,,,,,,
2022-07-18,119.26773071289062,,,,,,
2022-07-19,121.95748901367188,,,,,,
2022-07-20,121.75758361816406,,,,,,
2022-07-21,122.24828338623048,,,,,,
2022-07-22,122.00289916992188,,,,,,
2022-07-25,122.93890380859376,,,,,,
2022-07-26,122.41185760498048,,,,,,
2022-07-27,123.82034301757812,,,,,,
2022-07-28,124.92898559570312,,,,,,
2022-07-29,125.90129852294922,,,,,,
2022-08-01,125.49237823486328,,,,,,
2022-08-02,124.510986328125,,,,,,
2022-08-03,125.39241790771484,,,,,,
2022-08-04,124.62908935546876,,,,,,
2022-08-05,124.94715118408205,,,,,,
2022-08-08,125.092529296875,,,,,,
2022-08-09,125.3015365600586,,,,,,
2022-08-10,127.06441497802734,,,,,,
2022-08-11,127.72777557373048,,,,,,
2022-08-12,129.5724639892578,,,,,,
2022-08-15,129.7814483642578,,,,,,
2022-08-16,130.3357696533203,,,,,,
2022-08-17,129.6542510986328,,,,,,
2022-08-18,130.0994873046875,,,,,,
2022-08-19,129.21807861328125,,,,,,
2022-08-22,127.10076904296876,,,,,,
2022-08-23,126.8735809326172,,,,,,
2022-08-24,127.24615478515624,,,,,,
2022-08-25,128.8000946044922,,,,,,
2022-08-26,125.3378677368164,,,,,,
2022-08-29,124.90169525146484,,,,,,
2022-08-30,123.52045440673828,,,,,,
2022-08-31,122.52996063232422,,,,,,
2022-09-01,123.08430480957033,,,,,,
2022-09-02,122.05747985839844,,,,,,
2022-09-06,121.70306396484376,,,,,,
2022-09-07,123.5295639038086,,,,,,
2022-09-08,124.4382553100586,,,,,,
2022-09-09,125.8831024169922,,,,,,
2022-09-12,126.98263549804688,,,,,,
2022-09-13,122.6390151977539,,,,,,
2022-09-14,122.82079315185548,,,,,,
2022-09-15,122.15739440917967,,,,,,
2022-09-16,121.32137298583984,,,,,,
2022-09-19,122.0937957763672,,,,,,
2022-09-20,120.52172088623048,,,,,,
2022-09-21,118.64071655273438,,,,,,
2022-09-22,118.05914306640624,,,,,,
2022-09-23,115.94963073730467,,,,,,
2022-09-26,114.31216430664062,,,,,,
2022-09-27,113.79988098144533,,,,,,
2022-09-28,116.15089416503906,,,,,,
2022-09-29,114.33961486816406,,,,,,
2022-09-30,112.95826721191406,,,,,,
2022-10-03,115.97708892822266,,,,,,
2022-10-04,119.3526611328125,,,,,,
2022-10-05,119.00504302978516,,,,,,
2022-10-06,117.52307891845705,,,,,,
2022-10-07,115.22695922851562,,,,,,
2022-10-10,114.64149475097656,,,,,,
2022-10-11,114.52257537841795,,,,,,
2022-10-12,114.06517791748048,,,,,,
2022-10-13,117.35840606689452,,,,,,
2022-10-14,115.54712677001952,,,,,,
2022-10-17,117.54138946533205,,,,,,
2022-10-18,119.12395477294922,,,,,,
2022-10-19,118.21833038330078,,,,,,
2022-10-20,117.2303237915039,,,,,,
2022-10-21,120.12106323242188,,,,,,
2022-10-24,121.71282196044922,,,,,,
2022-10-25,122.96607971191406,,,,,,
2022-10-26,123.73448944091795,,,,,,
2022-10-27,124.21018981933594,,,,,,
2022-10-28,126.74417877197266,,,,,,
2022-10-31,126.21358489990234,,,,,,
2022-11-01,126.46974182128906,,,,,,
2022-11-02,124.53038787841795,,,,,,
2022-11-03,124.27425384521484,,,,,,
2022-11-04,125.92084503173828,,,,,,
2022-11-07,127.00944519042967,,,,,,
2022-11-08,127.75959777832033,,,,,,
2022-11-09,125.6281280517578,,,,,,
2022-11-10,130.0373992919922,,,,,,
2022-11-11,130.11058044433594,,,,,,
2022-11-14,129.36961364746094,,,,,,
2022-11-15,129.86358642578125,,,,,,
2022-11-16,129.1134796142578,,,,,,
2022-11-17,129.12261962890625,,,,,,
2022-11-18,130.24781799316406,,,,,,
2022-11-21,130.38502502441406,,,,,,
2022-11-22,131.98590087890625,,,,,,
2022-11-23,132.36097717285156,,,,,,
2022-11-25,132.72689819335938,,,,,,
2022-11-28,130.91558837890625,,,,,,
2022-11-29,131.32723999023438,,,,,,
2022-11-30,133.7789306640625,,,,,,
2022-12-01,133.59593200683594,,,,,,
2022-12-02,133.55934143066406,,,,,,
2022-12-05,131.32723999023438,,,,,,
2022-12-06,130.17462158203125,,,,,,
2022-12-07,130.18377685546875,,,,,,
2022-12-08,130.83328247070312,,,,,,
2022-12-09,129.7721405029297,,,,,,
2022-12-12,131.6016845703125,,,,,,
2022-12-13,131.98590087890625,,,,,,
2022-12-14,131.50108337402344,,,,,,
2022-12-15,129.07687377929688,,,,,,
2022-12-16,127.75959777832033,,,,,,
2022-12-19,127.33876037597656,,,,,,
2022-12-20,127.63153076171876,,,,,,
2022-12-21,129.35130310058594,,,,,,
2022-12-22,128.36611938476562,,,,,,
2022-12-23,129.24163818359375,,,,,,
2022-12-27,129.54580688476562,,,,,,
2022-12-28,128.20948791503906,,,,,,
2022-12-29,129.64712524414062,,,,,,
2022-12-30,129.36146545410156,,,,,,
2023-01-03,129.1402587890625,,,,,,
2023-01-04,130.26461791992188,,,,,,
2023-01-05,129.4075164794922,,,,,,
2023-01-06,132.15379333496094,,,,,,
2023-01-09,131.16775512695312,,,,,,
2023-01-10,131.831298828125,,,,,,
2023-01-11,132.6606903076172,,,,,,
2023-01-12,132.9463653564453,,,,,,
2023-01-13,133.19520568847656,,,,,,
2023-01-17,132.43948364257812,,,,,,
2023-01-18,129.9512481689453,,,,,,
2023-01-19,129.06654357910156,,,,,,
2023-01-20,130.513427734375,,,,,,
2023-01-23,131.42578125,,,,,,
2023-01-24,131.46263122558594,,,,,,
2023-01-25,131.87730407714844,,,,,,
2023-01-26,132.67910766601562,,,,,,
2023-01-27,132.29208374023438,,,,,,
2023-01-30,131.315185546875,,,,,,
2023-01-31,132.96481323242188,,,,,,
2023-02-01,133.31500244140625,,,,,,
2023-02-02,133.33343505859375,,,,,,
2023-02-03,132.59616088867188,,,,,,
2023-02-06,132.23675537109375,,,,,,
2023-02-07,133.17677307128906,,,,,,
2023-02-08,132.29208374023438,,,,,,
2023-02-09,131.18614196777344,,,,,,
2023-02-10,132.47637939453125,,,,,,
2023-02-13,133.59149169921875,,,,,,
2023-02-14,133.03854370117188,,,,,,
2023-02-15,132.9924774169922,,,,,,
2023-02-16,131.89576721191406,,,,,,
2023-02-17,132.15379333496094,,,,,,
2023-02-21,130.03421020507812,,,,,,
2023-02-22,129.70242309570312,,,,,,
2023-02-23,129.9512481689453,,,,,,
2023-02-24,129.30616760253906,,,,,,
2023-02-27,129.2969512939453,,,,,,
2023-02-28,128.6610870361328,,,,,,
2023-03-01,128.51358032226562,,,,,,
2023-03-02,129.16793823242188,,,,,,
2023-03-03,130.72535705566406,,,,,,
2023-03-06,130.73460388183594,,,,,,
2023-03-07,128.56887817382812,,,,,,
2023-03-08,128.35690307617188,,,,,,
2023-03-09,125.90550994873048,,,,,,
2023-03-10,124.31121063232422,,,,,,
2023-03-13,123.26983642578124,,,,,,
2023-03-14,124.73513793945312,,,,,,
2023-03-15,123.11316680908205,,,,,,
2023-03-16,124.43102264404295,,,,,,
2023-03-17,122.33905029296876,,,,,,
2023-03-20,124.0439682006836,,,,,,
2023-03-21,125.41709899902344,,,,,,
2023-03-22,123.08554077148438,,,,,,
2023-03-23,122.521728515625,,,,,,
2023-03-24,123.57884216308594,,,,,,
2023-03-27,124.65447998046876,,,,,,
2023-03-28,124.73793029785156,,,,,,
2023-03-29,126.2215805053711,,,,,,
2023-03-30,126.69451141357422,,,,,,
2023-03-31,128.0668487548828,,,,,,
2023-04-03,129.10543823242188,,,,,,
2023-04-04,128.00196838378906,,,,,,
2023-04-05,128.73451232910156,,,,,,
2023-04-06,128.84580993652344,,,,,,
2023-04-10,129.25379943847656,,,,,,
2023-04-11,129.8287353515625,,,,,,
2023-04-12,129.61546325683594,,,,,,
2023-04-13,130.40365600585938,,,,,,
2023-04-14,130.2089080810547,,,,,,
2023-04-17,130.87657165527344,,,,,,
2023-04-18,130.9507293701172,,,,,,
2023-04-19,130.80235290527344,,,,,,
2023-04-20,130.05125427246094,,,,,,
2023-04-21,130.09762573242188,,,,,,
2023-04-24,130.487060546875,,,,,,
2023-04-25,129.04981994628906,,,,,,
2023-04-26,127.38997650146484,,,,,,
2023-04-27,129.19815063476562,,,,,,
2023-04-28,130.3386993408203,,,,,,
2023-05-01,130.44073486328125,,,,,,
2023-05-02,128.53050231933594,,,,,,
2023-05-03,127.47339630126952,,,,,,
2023-05-04,126.35140991210938,,,,,,
2023-05-05,128.33578491210938,,,,,,
2023-05-08,128.21527099609375,,,,,,
2023-05-09,127.72379302978516,,,,,,
2023-05-10,127.5012435913086,,,,,,
2023-05-11,126.96341705322266,,,,,,
2023-05-12,126.93560791015624,,,,,,
2023-05-15,127.35285949707033,,,,,,
2023-05-16,125.76724243164062,,,,,,
2023-05-17,127.22305297851562,,,,,,
2023-05-18,127.6310577392578,,,,,,
2023-05-19,127.6310577392578,,,,,,
2023-05-22,127.41777801513672,,,,,,
2023-05-23,126.70378112792967,,,,,,
2023-05-24,125.48902893066406,,,,,,
2023-05-25,124.9419174194336,,,,,,
2023-05-26,125.8877944946289,,,,,,
2023-05-30,125.507568359375,,,,,,
2023-05-31,124.9697494506836,,,,,,
2023-06-01,125.79505157470705,,,,,,
2023-06-02,128.27088928222656,,,,,,
2023-06-05,127.90925598144533,,,,,,
2023-06-06,128.3264923095703,,,,,,
2023-06-07,129.4299774169922,,,,,,
2023-06-08,129.67108154296875,,,,,,
2023-06-09,129.65255737304688,,,,,,
2023-06-12,130.02345275878906,,,,,,
2023-06-13,130.9507293701172,,,,,,
2023-06-14,130.47779846191406,,,,,,
2023-06-15,132.06346130371094,,,,,,
2023-06-16,132.02638244628906,,,,,,
2023-06-20,130.91363525390625,,,,,,
2023-06-21,130.9043426513672,,,,,,
2023-06-22,130.44073486328125,,,,,,
2023-06-23,129.49891662597656,,,,,,
2023-06-26,130.00294494628906,,,,,,
2023-06-27,130.82435607910156,,,,,,
2023-06-28,130.525634765625,,,,,,
2023-06-29,131.51504516601562,,,,,,
2023-06-30,132.6351318359375,,,,,,
2023-07-03,133.14849853515625,,,,,,
2023-07-05,132.57911682128906,,,,,,
2023-07-06,131.28170776367188,,,,,,
2023-07-07,131.0763397216797,,,,,,
2023-07-10,131.85105895996094,,,,,,
2023-07-11,133.12049865722656,,,,,,
2023-07-12,133.45651245117188,,,,,,
2023-07-13,133.745849609375,,,,,,
2023-07-14,133.31651306152344,,,,,,
2023-07-17,133.36317443847656,,,,,,
2023-07-18,134.3152313232422,,,,,,
2023-07-19,135.07130432128906,,,,,,
2023-07-20,136.25669860839844,,,,,,
2023-07-21,136.67672729492188,,,,,,
2023-07-24,137.37677001953125,,,,,,
2023-07-25,137.19007873535156,,,,,,
2023-07-26,137.3487548828125,,,,,,
2023-07-27,136.49005126953125,,,,,,
2023-07-28,136.93807983398438,,,,,,
2023-07-31,137.21807861328125,,,,,,
2023-08-01,136.9007568359375,,,,,,
2023-08-02,136.079345703125,,,,,,
2023-08-03,135.6966552734375,,,,,,
2023-08-04,135.08998107910156,,,,,,
2023-08-07,136.4620361328125,,,,,,
2023-08-08,135.84597778320312,,,,,,
2023-08-09,135.4259796142578,,,,,,
2023-08-10,135.21128845214844,,,,,,
2023-08-11,135.7806854248047,,,,,,
2023-08-14,135.64996337890625,,,,,,
2023-08-15,133.904541015625,,,,,,
2023-08-16,133.1578369140625,,,,,,
2023-08-17,132.59779357910156,,,,,,
2023-08-18,132.9151611328125,,,,,,
2023-08-21,132.70046997070312,,,,,,
2023-08-22,131.90708923339844,,,,,,
2023-08-23,132.7284698486328,,,,,,
2023-08-24,131.77638244628906,,,,,,
2023-08-25,132.48577880859375,,,,,,
2023-08-28,133.17648315429688,,,,,,
2023-08-29,134.32456970214844,,,,,,
2023-08-30,134.51126098632812,,,,,,
2023-08-31,133.95120239257812,,,,,,
2023-09-01,134.42724609375,,,,,,
2023-09-05,133.12049865722656,,,,,,
2023-09-06,132.75648498535156,,,,,,
2023-09-07,132.84046936035156,,,,,,
2023-09-08,133.1298370361328,,,,,,
2023-09-11,133.4378662109375,,,,,,
2023-09-12,133.56849670410156,,,,,,
2023-09-13,133.41915893554688,,,,,,
2023-09-14,134.9032745361328,,,,,,
2023-09-15,133.96987915039062,,,,,,
2023-09-18,134.0165557861328,,,,,,
2023-09-19,133.6711883544922,,,,,,
2023-09-20,133.33518981933594,,,,,,
2023-09-21,131.6604461669922,,,,,,
2023-09-22,131.20956420898438,,,,,,
2023-09-25,131.61343383789062,,,,,,
2023-09-26,129.98846435546875,,,,,,
2023-09-27,129.8475799560547,,,,,,
2023-09-28,130.40176391601562,,,,,,
2023-09-29,129.55638122558594,,,,,,
2023-10-02,128.30714416503906,,,,,,
2023-10-03,127.2081527709961,,,,,,
2023-10-04,127.35848999023438,,,,,,
2023-10-05,126.95458221435548,,,,,,
2023-10-06,127.79993438720705,,,,,,
2023-10-09,128.91766357421875,,,,,,
2023-10-10,129.69729614257812,,,,,,
2023-10-11,129.61276245117188,,,,,,
2023-10-12,128.6546630859375,,,,,,
2023-10-13,128.9740447998047,,,,,,
2023-10-16,130.26083374023438,,,,,,
2023-10-17,130.5802459716797,,,,,,
2023-10-18,129.237060546875,,,,,,
2023-10-19,128.0535430908203,,,,,,
2023-10-20,126.7761001586914,,,,,,
2023-10-23,125.79924011230467,,,,,,
2023-10-24,126.64460754394533,,,,,,
2023-10-25,125.98712158203124,,,,,,
2023-10-26,125.5550308227539,,,,,,
2023-10-27,123.8173370361328,,,,,,
2023-10-30,125.08538055419922,,,,,,
2023-10-31,126.13735961914062,,,,,,
2023-11-01,126.67278289794922,,,,,,
2023-11-02,129.05859375,,,,,,
2023-11-03,130.1763153076172,,,,,,
2023-11-06,129.77243041992188,,,,,,
2023-11-07,129.3122100830078,,,,,,
2023-11-08,128.9740447998047,,,,,,
2023-11-09,127.92205047607422,,,,,,
2023-11-10,129.2746124267578,,,,,,
2023-11-13,129.19944763183594,,,,,,
2023-11-14,131.51951599121094,,,,,,
2023-11-15,132.13006591796875,,,,,,
2023-11-16,131.8107147216797,,,,,,
2023-11-17,132.42124938964844,,,,,,
2023-11-20,132.81573486328125,,,,,,
2023-11-21,132.7406005859375,,,,,,
2023-11-22,133.1726531982422,,,,,,
2023-11-24,133.6798858642578,,,,,,
2023-11-27,133.20083618164062,,,,,,
2023-11-28,133.14450073242188,,,,,,
2023-11-29,133.29478454589844,,,,,,
2023-11-30,134.56280517578125,,,,,,
2023-12-01,135.7557373046875,,,,,,
2023-12-04,135.77450561523438,,,,,,
2023-12-05,134.8446044921875,,,,,,
2023-12-06,134.56280517578125,,,,,,
2023-12-07,134.87277221679688,,,,,,
2023-12-08,135.408203125,,,,,,
2023-12-11,136.68563842773438,,,,,,
2023-12-12,136.78890991210938,,,,,,
2023-12-13,138.95870971679688,,,,,,
2023-12-14,140.33949279785156,,,,,,
2023-12-15,139.5504608154297,,,,,,
2023-12-18,139.8979949951172,,,,,,
2023-12-19,140.84664916992188,,,,,,
2023-12-20,138.60174560546875,,,,,,
2023-12-21,139.9364471435547,,,,,,
2023-12-22,140.4755859375,,,,,,
2023-12-26,141.2228546142578,,,,,,
2023-12-27,141.4971466064453,,,,,,
2023-12-28,141.7147216796875,,,,,,
2023-12-29,141.4120635986328,,,,,,
2024-01-02,142.28224182128906,,,,,,
2024-01-03,141.39312744140625,,,,,,
2024-01-04,141.25125122070312,,,,,,
2024-01-05,141.52554321289062,,,,,,
2024-01-08,142.47142028808594,,,,,,
2024-01-09,141.6768798828125,,,,,,
2024-01-10,141.73361206054688,,,,,,
2024-01-11,141.27017211914062,,,,,,
2024-01-12,141.2985382080078,,,,,,
2024-01-16,140.3904571533203,,,,,,
2024-01-17,139.482421875,,,,,,
2024-01-18,139.92697143554688,,,,,,
2024-01-19,141.1282958984375,,,,,,
2024-01-22,141.5728302001953,,,,,,
2024-01-23,142.0836181640625,,,,,,
2024-01-24,141.61070251464844,,,,,,
2024-01-25,142.84979248046875,,,,,,
2024-01-26,142.92547607421875,,,,,,
2024-01-29,143.4173583984375,,,,,,
2024-01-30,143.9943389892578,,,,,,
2024-01-31,142.64169311523438,,,,,,
2024-02-01,144.0700225830078,,,,,,
2024-02-02,143.9849090576172,,,,,,
2024-02-05,142.96331787109375,,,,,,
2024-02-06,143.73895263671875,,,,,,
2024-02-07,144.15513610839844,,,,,,
2024-02-08,144.1929931640625,,,,,,
2024-02-09,144.15513610839844,,,,,,
2024-02-12,144.9781036376953,,,,,,
2024-02-13,143.0957489013672,,,,,,
2024-02-14,143.92811584472656,,,,,,
2024-02-15,145.65911865234375,,,,,,
2024-02-16,145.3091583251953,,,,,,
2024-02-20,145.28076171875,,,,,,
2024-02-21,145.95233154296875,,,,,,
2024-02-22,147.12527465820312,,,,,,
2024-02-23,147.58876037597656,,,,,,
2024-02-26,146.9928436279297,,,,,,
2024-02-27,147.20095825195312,,,,,,
2024-02-28,147.21986389160156,,,,,,
2024-02-29,147.39959716796875,,,,,,
2024-03-01,148.3549346923828,,,,,,
2024-03-04,148.64816284179688,,,,,,
2024-03-05,148.07119750976562,,,,,,
2024-03-06,149.0076141357422,,,,,,
2024-03-07,149.80218505859375,,,,,,
2024-03-08,149.6035614013672,,,,,,
2024-03-11,150.18997192382812,,,,,,
2024-03-12,150.58726501464844,,,,,,
2024-03-13,150.861572265625,,,,,,
2024-03-14,149.9440460205078,,,,,,
2024-03-15,149.8683624267578,,,,,,
2024-03-18,150.19944763183594,,,,,,
2024-03-19,151.0034637451172,,,,,,
2024-03-20,152.1763916015625,,,,,,
2024-03-21,153.45758056640625,,,,,,
2024-03-22,152.72462463378906,,,,,,
2024-03-25,152.45814514160156,,,,,,
2024-03-26,152.37246704101562,,,,,,
2024-03-27,154.55221557617188,,,,,,
2024-03-28,155.01861572265625,,,,,,
2024-04-01,154.40943908691406,,,,,,
2024-04-02,153.4195098876953,,,,,,
2024-04-03,153.4480438232422,,,,,,
2024-04-04,151.87750244140625,,,,,,
2024-04-05,152.87693786621094,,,,,,
2024-04-08,152.924560546875,,,,,,
2024-04-09,153.05780029296875,,,,,,
2024-04-10,151.12551879882812,,,,,,
2024-04-11,150.95419311523438,,,,,,
2024-04-12,148.75543212890625,,,,,,
2024-04-15,147.9463348388672,,,,,,
2024-04-16,147.36572265625,,,,,,
2024-04-17,147.1277618408203,,,,,,
2024-04-18,147.356201171875,,,,,,
2024-04-19,148.45083618164062,,,,,,
2024-04-22,149.50738525390625,,,,,,
2024-04-23,150.51634216308594,,,,,,
2024-04-24,150.6210479736328,,,,,,
2024-04-25,150.39260864257812,,,,,,
2024-04-26,150.3069610595703,,,,,,
2024-04-29,150.88755798339844,,,,,,
2024-04-30,148.95530700683594,,,,,,
2024-05-01,148.50796508789062,,,,,,
2024-05-02,149.2979736328125,,,,,,
2024-05-03,150.16415405273438,,,,,,
2024-05-06,151.17312622070312,,,,,,
2024-05-07,151.65858459472656,,,,,,
2024-05-08,151.89654541015625,,,,,,
2024-05-09,153.20054626464844,,,,,,
2024-05-10,153.62890625,,,,,,
2024-05-13,153.49563598632812,,,,,,
2024-05-14,154.13340759277344,,,,,,
2024-05-15,155.4945068359375,,,,,,
2024-05-16,155.35177612304688,,,,,,
2024-05-17,155.77056884765625,,,,,,
2024-05-20,155.1042938232422,,,,,,
2024-05-21,155.208984375,,,,,,
2024-05-22,154.60928344726562,,,,,,
2024-05-23,152.65802001953125,,,,,,
2024-05-24,153.10537719726562,,,,,,
2024-05-28,152.02027893066406,,,,,,
2024-05-29,150.43067932128906,,,,,,
2024-05-30,151.0779266357422,,,,,,
2024-05-31,153.4195098876953,,,,,,
2024-06-03,152.56283569335938,,,,,,
2024-06-04,152.32485961914062,,,,,,
2024-06-05,153.0482635498047,,,,,,
2024-06-06,152.90550231933594,,,,,,
2024-06-07,152.6675567626953,,,,,,
2024-06-10,153.2196044921875,,,,,,
2024-06-11,152.29632568359375,,,,,,
2024-06-12,152.53428649902344,,,,,,
2024-06-13,152.89598083496094,,,,,,
2024-06-14,152.47718811035156,,,,,,
2024-06-17,153.66700744628906,,,,,,
2024-06-18,154.23806762695312,,,,,,
2024-06-20,154.50465393066406,,,,,,
2024-06-21,154.14292907714844,,,,,,
2024-06-24,155.1042938232422,,,,,,
2024-06-25,153.8668670654297,,,,,,
2024-06-26,153.3909454345703,,,,,,
2024-06-27,153.20416259765625,,,,,,
2024-06-28,153.65435791015625,,,,,,
2024-07-01,153.0221405029297,,,,,,
2024-07-02,153.596923828125,,,,,,
2024-07-03,153.71182250976562,,,,,,
2024-07-05,153.57772827148438,,,,,,
2024-07-08,153.79803466796875,,,,,,
2024-07-09,153.8172149658203,,,,,,
2024-07-10,155.26358032226562,,,,,,
2024-07-11,156.48971557617188,,,,,,
2024-07-12,157.38052368164062,,,,,,
2024-07-15,157.98397827148438,,,,,,
2024-07-16,160.19671630859375,,,,,,
2024-07-17,160.57029724121094,,,,,,
2024-07-18,159.26756286621094,,,,,,
2024-07-19,158.1181182861328,,,,,,
2024-07-22,158.88442993164062,,,,,,
2024-07-23,158.3001251220703,,,,,,
2024-07-24,157.3230743408203,,,,,,
2024-07-25,157.87864685058594,,,,,,
2024-07-26,159.88063049316406,,,,,,
2024-07-29,159.64114379882812,,,,,,
2024-07-30,160.03387451171875,,,,,,
2024-07-31,160.93431091308594,,,,,,
2024-08-01,159.21009826660156,,,,,,
2024-08-02,156.7770538330078,,,,,,
2024-08-05,153.2233123779297,,,,,,
2024-08-06,154.47816467285156,,,,,,
2024-08-07,153.58729553222656,,,,,,
2024-08-08,156.2214813232422,,,,,,
2024-08-09,156.48971557617188,,,,,,
2024-08-12,155.85752868652344,,,,,,
2024-08-13,157.36138916015625,,,,,,
2024-08-14,158.3001251220703,,,,,,
2024-08-15,160.14883422851562,,,,,,
2024-08-16,160.6277618408203,,,,,,
2024-08-19,161.68141174316406,,,,,,
2024-08-20,161.2120819091797,,,,,,
2024-08-21,161.82513427734375,,,,,,
2024-08-22,161.52818298339844,,,,,,
2024-08-23,163.31942749023438,,,,,,
2024-08-26,163.5205841064453,,,,,,
2024-08-27,163.59719848632812,,,,,,
2024-08-28,163.4343719482422,,,,,,
2024-08-29,163.95166015625,,,,,,
2024-08-30,165.57044982910156,,,,,,
2024-09-03,163.76004028320312,,,,,,
2024-09-04,163.66427612304688,,,,,,
2024-09-05,162.44775390625,,,,,,
2024-09-06,160.36912536621094,,,,,,
2024-09-09,162.06459045410156,,,,,,
2024-09-10,162.24659729003906,,,,,,
2024-09-11,162.06459045410156,,,,,,
2024-09-12,163.0416717529297,,,,,,
2024-09-13,164.2102508544922,,,,,,
2024-09-16,165.51295471191406,,,,,,
2024-09-17,165.44593811035156,,,,,,
2024-09-18,165.08193969726562,,,,,,
2024-09-19,166.52835083007812,,,,,,
2024-09-20,166.37506103515625,,,,,,
2024-09-23,166.95938110351562,,,,,,
2024-09-24,167.03602600097656,,,,,,
2024-09-25,166.03982543945312,,,,,,
2024-09-26,166.96812438964844,,,,,,
2024-09-27,167.5073699951172,,,,,,
2024-09-30,168.10443115234375,,,,,,
2024-10-01,167.69996643066406,,,,,,
2024-10-02,167.5843963623047,,,,,,
2024-10-03,166.85256958007812,,,,,,
2024-10-04,168.1525421142578,,,,,,
2024-10-07,166.89108276367188,,,,,,
2024-10-08,167.07403564453125,,,,,,
2024-10-09,168.5377655029297,,,,,,
2024-10-10,168.0177459716797,,,,,,
2024-10-11,169.7799530029297,,,,,,
2024-10-14,170.8392333984375,,,,,,
2024-10-15,169.92440795898438,,,,,,
2024-10-16,171.16661071777344,,,,,,
2024-10-17,170.99330139160156,,,,,,
2024-10-18,171.23406982421875,,,,,,
2024-10-21,169.59701538085938,,,,,,
2024-10-22,169.3466339111328,,,,,,
2024-10-23,168.96145629882812,,,,,,
2024-10-24,168.3836669921875,,,,,,
2024-10-25,167.19923400878906,,,,,,
2024-10-28,168.11404418945312,,,,,,
2024-10-29,166.99700927734375,,,,,,
2024-10-30,166.88143920898438,,,,,,
2024-10-31,165.78367614746094,,,,,,
2024-11-01,165.82217407226562,,,,,,
2024-11-04,165.38885498046875,,,,,,
2024-11-05,167.1414794921875,,,,,,
2024-11-06,171.6385040283203,,,,,,
2024-11-07,171.1280975341797,,,,,,
2024-11-08,172.11033630371094,,,,,,
2024-11-11,172.53402709960938,,,,,,
2024-11-12,171.18589782714844,,,,,,
2024-11-13,171.40737915039062,,,,,,
2024-11-14,170.19406127929688,,,,,,
2024-11-15,169.6162567138672,,,,,,
2024-11-18,170.39625549316406,,,,,,
2024-11-19,169.7318115234375,,,,,,
2024-11-20,170.0784912109375,,,,,,
2024-11-21,172.1488494873047,,,,,,
2024-11-22,173.41033935546875,,,,,,
2024-11-25,174.49847412109375,,,,,,
2024-11-26,174.6236572265625,,,,,,
2024-11-27,174.54661560058594,,,,,,
2024-11-29,175.134033203125,,,,,,
2024-12-02,173.9688720703125,,,,,,
2024-12-03,173.06365966796875,,,,,,
2024-12-04,172.47625732421875,,,,,,
2024-12-05,172.1488494873047,,,,,,
2024-12-06,171.69625854492188,,,,,,
2024-12-09,170.675537109375,,,,,,
2024-12-10,169.5199432373047,,,,,,
2024-12-11,169.01922607421875,,,,,,
2024-12-12,168.22959899902344,,,,,,
2024-12-13,168.5762481689453,,,,,,
2024-12-16,167.96958923339844,,,,,,
2024-12-17,166.87179565429688,,,,,,
2024-12-18,162.65403747558594,,,,,,
2024-12-19,162.0858917236328,,,,,,
2024-12-20,163.98291015625,,,,,,
2024-12-23,164.53500366210938,,,,,,
2024-12-24,165.9103240966797,,,,,,
2024-12-26,166.27835083007812,,,,,,
2024-12-27,165.30014038085938,,,,,,
2024-12-30,163.6245574951172,,,,,,
2024-12-31,163.97323608398438,,,,,,
2025-01-02,163.74078369140625,,,,,,
2025-01-03,164.99989318847656,,,,,,
2025-01-06,164.76744079589844,,,,,,
2025-01-07,164.6511993408203,,,,,,
2025-01-08,164.80616760253906,,,,,,
2025-01-10,162.45263671875,,,,,,
2025-01-13,163.91514587402344,,,,,,
2025-01-14,165.193603515625,,,,,,
2025-01-15,167.02413940429688,,,,,,
2025-01-16,168.2348175048828,,,,,,
2025-01-17,169.1839599609375,,,,,,
2025-01-21,171.31475830078125,,,,,,
2025-01-22,170.4333953857422,,,,,,
2025-01-23,171.72154235839844,,,,,,
2025-01-24,171.67311096191406,,,,,,
2025-01-27,172.0218048095703,,,,,,
2025-01-28,170.57867431640625,,,,,,
2025-01-29,170.39462280273438,,,,,,
2025-01-30,172.1767578125,,,,,,
2025-01-31,171.14041137695312,,,,,,
2025-02-03,170.63677978515625,,,,,,
2025-02-04,170.63677978515625,,,,,,
2025-02-05,171.9927215576172,,,,,,
2025-02-06,171.76028442382812,,,,,,
2025-02-07,170.6561279296875,,,,,,
2025-02-10,171.28570556640625,,,,,,
2025-02-11,171.9055633544922,,,,,,
2025-02-12,170.9467010498047,,,,,,
2025-02-13,172.18643188476562,,,,,,
2025-02-14,171.78932189941406,,,,,,
2025-02-18,172.73851013183594,,,,,,
2025-02-19,173.57144165039062,,,,,,
2025-02-20,172.7869110107422,,,,,,
2025-02-21,170.79173278808594,,,,,,
2025-02-24,170.95639038085938,,,,,,
2025-02-25,171.37286376953125,,,,,,
2025-02-26,170.73362731933594,,,,,,
2025-02-27,170.15249633789062,,,,,,
2025-02-28,172.52542114257812,,,,,,
2025-03-03,170.93704223632812,,,,,,
2025-03-04,167.49871826171875,,,,,,
2025-03-05,168.89340209960938,,,,,,
2025-03-06,167.46966552734375,,,,,,
2025-03-07,168.96119689941406,,,,,,
2025-03-10,166.8788604736328,,,,,,
2025-03-11,164.84490966796875,,,,,,
2025-03-12,164.1088409423828,,,,,,
2025-03-13,163.26622009277344,,,,,,
2025-03-14,165.9103240966797,,,,,,
2025-03-17,168.1185760498047,,,,,,
2025-03-18,167.28564453125,,,,,,
2025-03-19,168.30259704589844,,,,,,
2025-03-20,167.96360778808594,,,,,,
2025-03-21,167.06288146972656,,,,,,
2025-03-24,169.05807495117188,,,,,,
2025-03-25,168.55441284179688,,,,,,
2025-03-26,168.75782775878906,,,,,,
2025-03-27,168.39056396484375,,,,,,
2025-03-28,166.4226531982422,,,,,,
2025-03-31,168.28338623046875,,,,,,
2025-04-01,167.89369201660156,,,,,,
2025-04-02,168.80946350097656,,,,,,
2025-04-03,162.5355987548828,,,,,,
2025-04-04,152.89102172851562,,,,,,
2025-04-07,151.64404296875,,,,,,
2025-04-08,149.70538330078125,,,,,,
2025-04-09,159.6422119140625,,,,,,
2025-04-10,155.47264099121094,,,,,,
2025-04-11,157.6548614501953,,,,,,
2025-04-14,159.72991943359375,,,,,,
2025-04-15,159.03823852539062,,,,,,
2025-04-16,157.21646118164062,,,,,,
2025-04-17,157.586669921875,,,,,,
2025-04-21,154.65432739257812,,,,,,
2025-04-22,158.14195251464844,,,,,,
2025-04-23,159.13565063476562,,,,,,
2025-04-24,160.8209991455078,,,,,,
2025-04-25,160.49952697753906,,,,,,
2025-04-28,161.02557373046875,,,,,,
2025-04-29,161.97056579589844,,,,,,
2025-04-30,162.1848907470703,,,,,,
2025-05-01,161.7952117919922,,,,,,
2025-05-02,164.2014923095703,,,,,,
2025-05-05,163.36366271972656,,,,,,
2025-05-06,162.27256774902344,,,,,,
2025-05-07,163.28575134277344,,,,,,
2025-05-08,163.96766662597656,,,,,,
2025-05-09,163.6949005126953,,,,,,
2025-05-12,167.11431884765625,,,,,,
2025-05-13,166.29600524902344,,,,,,
2025-05-14,165.0880126953125,,,,,,
2025-05-15,167.01690673828125,,,,,,
2025-05-16,168.63409423828125,,,,,,
2025-05-19,168.84841918945312,,,,,,
2025-05-20,168.51719665527344,,,,,,
2025-05-21,165.49717712402344,,,,,,
2025-05-22,164.8152313232422,,,,,,
2025-05-23,164.6788330078125,,,,,,
2025-05-27,167.2020263671875,,,,,,
2025-05-28,165.9745330810547,,,,,,
2025-05-29,166.70516967773438,,,,,,
2025-05-30,166.9682159423828,,,,,,
2025-06-02,167.24098205566406,,,,,,
2025-06-03,168.12750244140625,,,,,,
2025-06-04,167.26048278808594,,,,,,
2025-06-05,166.9000244140625,,,,,,
2025-06-06,168.55616760253906,,,,,,
2025-06-09,168.63409423828125,,,,,,
2025-06-10,169.52059936523438,,,,,,
2025-06-11,169.24783325195312,,,,,,
2025-06-12,170.2415313720703,,,,,,
2025-06-13,168.90689086914062,,,,,,
2025-06-16,169.72520446777344,,,,,,
2025-06-17,168.3223419189453,,,,,,
2025-06-18,168.57565307617188,,,,,,
2025-06-20,168.86790466308594,,,,,,
2025-06-23,170.1148681640625,,,,,,
2025-06-24,171.38133239746094,,,,,,
2025-06-25,170.45587158203125,,,,,,
2025-06-26,171.63461303710938,,,,,,
2025-06-27,172.11195373535156,,,,,,
2025-06-30,173.12484741210938,,,,,,
2025-07-01,174.90760803222656,,,,,,
2025-07-02,175.03494262695312,,,,,,
2025-07-03,175.9557342529297,,,,,,
2025-07-07,174.5549774169922,,,,,,
2025-07-08,174.46682739257812,,,,,,
2025-07-09,174.6039581298828,,,,,,
2025-07-10,175.7304229736328,,,,,,
2025-07-11,174.61373901367188,,,,,,
2025-07-14,174.79006958007812,,,,,,
2025-07-15,172.48812866210938,,,,,,
2025-07-16,173.35012817382812,,,,,,
2025-07-17,174.31008911132812,,,,,,
2025-07-18,174.02603149414062,,,,,,
2025-07-21,173.80072021484375,,,,,,
2025-07-22,175.2112579345703,,,,,,
2025-07-23,176.8765106201172,,,,,,
2025-07-24,176.2104034423828,,,,,,
2025-07-25,176.96466064453125,,,,,,
2025-07-28,176.06346130371094,,,,,,
2025-07-29,176.04388427734375,,,,,,
2025-07-30,175.05455017089844,,,,,,
2025-07-31,173.418701171875,,,,,,
2025-08-01,171.9199981689453,,,,,,
2025-08-04,173.5558319091797,,,,,,
2025-08-05,173.575439453125,,,,,,
2025-08-06,173.4088897705078,,,,,,
2025-08-07,173.26199340820312,,,,,,
2025-08-08,174.34927368164062,,,,,,
2025-08-11,173.9966278076172,,,,,,
2025-08-12,175.7598114013672,,,,,,
2025-08-13,177.11160278320312,,,,,,
2025-08-14,176.77853393554688,,,,,,
2025-08-15,176.5630340576172,,,,,,
2025-08-18,176.59243774414062,,,,,,
2025-08-19,177.425048828125,,,,,,
2025-08-20,177.92462158203125,,,,,,
2025-08-21,177.24871826171875,,,,,,
2025-08-22,179.74655151367188,,,,,,
2025-08-25,178.306640625,,,,,,
2025-08-26,178.79640197753906,,,,,,
2025-08-27,179.32537841796875,,,,,,
2025-08-28,179.4037322998047,,,,,,
2025-08-29,179.47230529785156,,,,,,
2025-09-02,178.86497497558594,,,,,,
2025-09-03,178.071533203125,,,,,,
2025-09-04,179.3939208984375,,,,,,
2025-09-05,178.8159942626953,,,,,,
2025-09-08,178.58090209960938,,,,,,
2025-09-09,178.73764038085938,,,,,,
2025-09-10,180.0502166748047,,,,,,
2025-09-11,182.25421142578125,,,,,,
2025-09-12,181.1472930908203,,,,,,
2025-09-15,180.794677734375,,,,,,
2025-09-16,180.59878540039065,,,,,,
2025-09-17,181.3824005126953,,,,,,
2025-09-18,182.0191345214844,,,,,,
2025-09-19,181.8819732666016,,,,,,
2025-09-22,182.00930786132807,,,,,,
2025-09-23,182.4501037597656,,,,,,
2025-09-24,182.09747314453125,,,,,,
2025-09-25,181.2550506591797,,,,,,
2025-09-26,182.75376892089844,,,,,,
2025-09-29,182.8847045898437,,,,,,
2025-09-30,183.6034240722656,,,,,,
2025-10-01,183.9775390625,,,,,,
2025-10-02,183.64279174804688,,,,,,
2025-10-03,184.6273193359375,,,,,,
2025-10-06,184.430419921875,,,,,,
2025-10-07,184.26304626464844,,,,,,
2025-10-08,184.1744537353516,,,,,,
2025-10-09,183.17022705078125,,,,,,
2025-10-10,180.03944396972656,,,,,,
2025-10-13,181.68359375,,,,,,
2025-10-14,183.24899291992188,,,,,,
2025-10-15,183.76092529296875,,,,,,
2025-10-16,181.86080932617188,,,,,,
2025-10-17,182.76657104492188,,,,,,
2025-10-20,184.12521362304688,,,,,,
2025-10-21,184.32211303710932,,,,,,
2025-10-22,183.76092529296875,,,,,,
2025-10-23,184.30242919921875,,,,,,
2025-10-24,185.2180328369141,,,,,,
2025-10-27,185.83827209472656,,,,,,
2025-10-28,184.5879364013672,,,,,,
2025-10-29,183.1210021972656,,,,,,
2025-10-30,182.72720336914065,,,,,,
2025-10-31,182.8847045898437,,,,,,
2025-11-03,182.01834106445312,,,,,,
2025-11-04,181.46701049804688,,,,,,
2025-11-05,182.3432464599609,,,,,,
2025-11-06,182.10694885253903,,,,,,
2025-11-07,183.27853393554688,,,,,,
2025-11-10,184.08583068847656,,,,,,
2025-11-11,185.6020050048828,,,,,,
2025-11-12,186.49789428710932,,,,,,
2025-11-13,184.6273193359375,,,,,,
2025-11-14,184.25320434570312,,,,,,
2025-11-17,182.195541381836,,,,,,
2025-11-18,182.17584228515625,,,,,,
2025-11-19,181.7525177001953,,,,,,
2025-11-20,180.0591278076172,,,,,,
2025-11-21,182.5401306152344,,,,,,
2025-11-24,182.43182373046875,,,,,,
2025-11-25,185.1097412109375,,,,,,
2025-11-26,186.301010131836,,,,,,
2025-11-28,187.5316619873047,,,,,,
2025-12-01,186.22222900390625,,,,,,
2025-12-02,185.9268951416016,,,,,,
2025-12-03,187.63995361328125,,,,,,
2025-12-04,187.6202545166016,,,,,,
2025-12-05,187.4135131835937,,,,,,
2025-12-08,186.5077514648437,,,,,,
2025-12-09,186.0056304931641,,,,,,
2025-12-10,188.5949249267578,,,,,,
2025-12-11,190.1504821777344,,,,,,
2025-12-12,189.5203857421875,,,,,,
2025-12-15,190.2390899658203,,,,,,
2025-12-16,188.3980255126953,,,,,,
2025-12-17,188.0140686035156,,,,,,
2025-12-18,187.90576171875,,,,,,
2025-12-19,188.33897399902344,,,,,,
2025-12-22,189.7897491455078,,,,,,
2025-12-23,189.9084930419922,,,,,,
2025-12-24,190.86843872070312,,,,,,
2025-12-26,190.77935791015625,,,,,,
2025-12-29,190.59133911132807,,,,,,
2025-12-30,190.3736267089844,,,,,,
2025-12-31,189.0079498291016,,,,,,
2026-01-02,190.80905151367188,,,,,,
2026-01-05,192.62994384765625,,,,,,
2026-01-06,194.25294494628903,,,,,,
2026-01-07,192.00650024414065,,,,,,
2026-01-08,193.530517578125,,,,,,
2026-01-09,194.77745056152344,,,,,,
2026-01-12,194.8566131591797,,,,,,
2026-01-13,194.54983520507807,,,,,,
2026-01-14,195.6285095214844,,,,,,
2026-01-15,196.3509521484375,,,,,,
2026-01-16,196.3113555908203,,,,,,
2026-01-20,193.69874572753903,,,,,,
2026-01-21,196.4004364013672,,,,,,
2026-01-22,196.71710205078125,,,,,,
2026-01-23,195.53944396972656,,,,,,
2026-01-26,196.20249938964844,,,,,,
2026-01-27,196.1530303955078,,,,,,
2026-01-28,196.232177734375,,,,,,
2026-01-29,197.5186920166016,,,,,,
2026-01-30,197.67703247070312,,,,,,
2026-02-02,199.35940551757807,,,,,,
2026-02-03,200.36880493164065,,,,,,
2026-02-04,201.48709106445312,,,,,,
2026-02-05,200.34901428222656,,,,,,
2026-02-06,204.2481384277344,,,,,,
2026-02-09,203.8819732666016,,,,,,
2026-02-10,203.69395446777344,,,,,,
2026-02-11,204.68356323242188,,,,,,
2026-02-12,202.48660278320312,,,,,,
2026-02-13,203.99082946777344,,,,,,
2026-02-17,203.71372985839844,,,,,,
2026-02-18,204.3965759277344,,,,,,
2026-02-19,203.98092651367188,,,,,,
2026-02-20,204.7330474853516,,,,,,
2026-02-23,203.1100616455078,,,,,,
2026-02-24,204.02052307128903,,,,,,
2026-02-25,204.5054168701172,,,,,,
2026-02-26,204.7825164794922,,,,,,
2026-02-27,205.1090850830078,,,,,,
2026-03-02,204.66375732421875,,,,,,
2026-03-03,202.150146484375,,,,,,
2026-03-04,202.86265563964844,,,,,,
2026-03-05,200.2302703857422,,,,,,
2026-03-06,197.95413208007807,,,,,,
2026-03-09,198.3895721435547,,,,,,
2026-03-10,197.84527587890625,,,,,,
2026-03-11,197.32077026367188,,,,,,
2026-03-12,194.95558166503903,,,,,,
2026-03-13,195.2227783203125,,,,,,
2026-03-16,196.70721435546875,,,,,,
2026-03-17,197.2613983154297,,,,,,
2026-03-18,194.7081756591797,,,,,,
2026-03-19,194.4310760498047,,,,,,
2026-03-20,192.50131225585932,,,,,,
2026-03-23,193.8571014404297,,,,,,
2026-03-24,194.9160003662109,,,,,,
2026-03-25,195.5790405273437,,,,,,
2026-03-26,194.233154296875,,,,,,
2026-03-27,192.40118408203125,,,,,,
2026-03-30,192.082748413086,,,,,,
2026-03-31,195.23719787597656,,,,,,
2026-04-01,195.70489501953125,,,,,,
2026-04-02,196.02333068847656,,,,,,
2026-04-06,196.869140625,,,,,,
2026-04-07,196.6104278564453,,,,,,
2026-04-08,200.98883056640625,,,,,,
2026-04-09,201.95407104492188,,,,,,
2026-04-10,200.32211303710932,,,,,,
2026-04-13,201.61573791503903,,,,,,
2026-04-14,201.9640350341797,,,,,,
2026-04-15,201.0485382080078,,,,,,
2026-04-16,201.5858917236328,,,,,,
2026-04-17,203.2377471923828,,,,,,
2026-04-20,203.2476959228516,,,,,,
2026-04-21,201.97398376464844,,,,,,
2026-04-22,201.8744659423828,,,,,,
2026-04-23,203.0984344482422,,,,,,
2026-04-24,202.53121948242188,,,,,,
2026-04-27,202.46157836914065,,,,,,
2026-04-28,202.5013732910156,,,,,,
2026-04-29,202.59092712402344,,,,,,
2026-04-30,205.7652740478516,,,,,,
2026-05-01,204.93934631347656,,,,,,
2026-05-04,203.64572143554688,,,,,,
2026-05-05,205.50656127929688,,,,,,
2026-05-06,206.91958618164065,,,,,,
2026-05-07,204.8995513916016,,,,,,
2026-05-08,206.0240020751953,,,,,,
2026-05-11,207.22805786132807,,,,,,
2026-05-12,207.48678588867188,,,,,,
2026-05-13,207.34747314453125,,,,,,
2026-05-14,207.9843292236328,,,,,,
2026-05-15,205.65582275390625,,,,,,
2026-05-18,206.36233520507807,,,,,,
2026-05-19,206.06381225585932,,,,,,
2026-05-20,207.35743713378903,,,,,,
2026-05-21,207.99429321289065,,,,,,
2026-05-22,209.86505126953125,,,,,,
2026-05-26,211.0890350341797,,,,,,
2026-05-27,210.83029174804688,,,,,,
2026-05-28,210.60142517089844,,,,,,
2026-05-29,210.81040954589844,,,,,,
2026-06-01,210.38250732421875,,,,,,
2026-06-02,212.2234344482422,,,,,,
2026-06-03,212.25328063964844,,,,,,
2026-06-04,213.8852386474609,,,,,,
2026-06-05,210.9795684814453,,,,,,
2026-06-08,211.51690673828125,,,,,,
2026-06-09,212.6413726806641,,,,,,
2026-06-10,210.5019073486328,,,,,,
2026-06-11,214.0245513916016,,,,,,
2026-06-12,216.02468872070312,,,,,,
2026-06-15,217.16905212402344,,,,,,
2026-06-16,216.96006774902344,,,,,,
2026-06-17,215.0295867919922,,,,,,
2026-06-18,215.4375762939453,,,,,,
2026-06-22,217.5770263671875,,,,,,
2026-06-23,216.36300659179688,,,,,,
2026-06-24,216.5222320556641,,,,,,
2026-06-25,219.4080047607422,,,,,,
2026-06-26,218.38999938964844,,,,,,
2026-06-29,218.6300048828125,,,,,,
2026-06-30,217.92999267578125,,,,,,
2026-07-01,217.3800048828125,,,,,,
2026-07-02,219.1699981689453,,,,,,
2026-07-06,219.44000244140625,,,,,,
2026-07-07,219.57000732421875,,,,,,
2026-07-08,217.63999938964844,,,,,,
2026-07-09,218.5599975585937,,,,,,
2026-07-10,219.1999969482422,,,,,,
2026-07-13,219.3600006103516,,,,,,
2026-07-14,218.6000061035156,,,,,,
2026-07-15,217.4900054931641,,,,,,
2026-07-16,218.8600006103516,,,,,,
2026-07-17,217.9199981689453,,,,,,
2026-07-20,216.9499969482422,,,,,,
2026-07-21,218.6300048828125,,,,,,
2026-07-22,219.33999633789065,,,,,,
2026-07-23,219.8600006103516,,,,,,
2026-07-24,221.0200042724609,,,,,,
2026-07-27,221.72000122070312,,,,,,
2026-07-28,222.9900054931641,,,,,,
2026-07-29,219.8000030517578,,,,,,
2026-07-30,220.5399932861328,,,,,,
2026-07-31,219.9499969482422,,,,,,
2026-08-03,221.0,,,,,,
2026-08-04,223.8699951171875,,,,,,
2026-08-05,223.9900054931641,,,,,,
2026-08-06,223.3699951171875,,,,,,
2026-08-07,224.3099975585937,,,,,,
2026-08-10,225.0200042724609,,,,,,
2026-08-11,225.3500061035156,,,,,,
2026-08-12,226.2899932861328,,,,,,
2026-08-13,227.0500030517578,,,,,,
2026-08-14,227.509994506836,,,,,,
2026-08-17,226.69000244140625,,,,,,
2026-08-25,226.79,227.02,227.04,225.92,1773535.0,226.616,8008.0
2026-08-26,226.83,226.28,227.34,226.15,1327538.0,226.956,5197.0
2026-08-27,225.45,226.15,226.15,224.91,1367063.0,225.614,5730.0
2026-08-28,225.2899932861328,,,,,,
2026-08-31,224.8500061035156,,,,,,
2026-09-01,223.96,224.8,225.45,223.52,1940189.0,224.2,5551.0
