date,close,open,high,low,volume,average,barCount
2006-11-16,27.67579841613769,,,,,,
2006-11-17,27.719675064086918,,,,,,
2006-11-20,27.730655670166016,,,,,,
2006-11-21,27.69774436950684,,,,,,
2006-11-22,27.703229904174805,,,,,,
2006-11-24,27.65935516357422,,,,,,
2006-11-27,27.3686637878418,,,,,,
2006-11-28,27.45094108581543,,,,,,
2006-11-29,27.74710273742676,,,,,,
2006-11-30,27.796463012695312,,,,,,
2006-12-01,27.63193130493164,,,,,,
2006-12-04,27.889694213867188,,,,,,
2006-12-05,28.004884719848636,,,,,,
2006-12-06,27.96100807189941,,,,,,
2006-12-07,27.91164970397949,,,,,,
2006-12-08,27.97197532653809,,,,,,
2006-12-11,27.99941635131836,,,,,,
2006-12-12,28.070709228515625,,,,,,
2006-12-13,28.142000198364254,,,,,,
2006-12-14,28.399789810180664,,,,,,
2006-12-15,28.438180923461918,,,,,,
2006-12-18,28.38332939147949,,,,,,
2006-12-19,28.47657585144043,,,,,,
2006-12-20,28.460113525390625,,,,,,
2006-12-21,28.37235450744629,,,,,,
2006-12-22,28.27056312561035,,,,,,
2006-12-26,28.441146850585938,,,,,,
2006-12-27,28.639272689819336,,,,,,
2006-12-28,28.644763946533203,,,,,,
2006-12-29,28.4576473236084,,,,,,
2007-01-03,28.463180541992188,,,,,,
2007-01-04,28.39161491394043,,,,,,
2007-01-05,28.193513870239254,,,,,,
2007-01-08,28.19900894165039,,,,,,
2007-01-09,28.176984786987305,,,,,,
2007-01-10,28.14396476745605,,,,,,
2007-01-11,28.24853515625,,,,,,
2007-01-12,28.34209632873535,,,,,,
2007-01-16,28.34209632873535,,,,,,
2007-01-17,28.35859680175781,,,,,,
2007-01-18,28.364103317260746,,,,,,
2007-01-19,28.463180541992188,,,,,,
2007-01-22,28.364103317260746,,,,,,
2007-01-23,28.43565368652344,,,,,,
2007-01-24,28.661291122436523,,,,,,
2007-01-25,28.347597122192383,,,,,,
2007-01-26,28.314577102661133,,,,,,
2007-01-29,28.331085205078125,,,,,,
2007-01-30,28.43014144897461,,,,,,
2007-01-31,28.61725616455078,,,,,,
2007-02-01,28.804367065429688,,,,,,
2007-02-02,28.8483829498291,,,,,,
2007-02-05,28.826398849487305,,,,,,
2007-02-06,28.859399795532227,,,,,,
2007-02-07,28.82088661193848,,,,,,
2007-02-08,28.804367065429688,,,,,,
2007-02-09,28.705303192138672,,,,,,
2007-02-12,28.644763946533203,,,,,,
2007-02-13,28.864896774291992,,,,,,
2007-02-14,29.052005767822266,,,,,,
2007-02-15,29.02450942993164,,,,,,
2007-02-16,28.99697494506836,,,,,,
2007-02-20,29.052005767822266,,,,,,
2007-02-21,28.969467163085938,,,,,,
2007-02-22,28.94745445251465,,,,,,
2007-02-23,28.88141441345215,,,,,,
2007-02-26,28.94745445251465,,,,,,
2007-02-27,28.10544776916504,,,,,,
2007-02-28,28.17149353027344,,,,,,
2007-03-01,28.10544776916504,,,,,,
2007-03-02,27.76424598693848,,,,,,
2007-03-05,27.5166015625,,,,,,
2007-03-06,27.92384529113769,,,,,,
2007-03-07,27.835792541503903,,,,,,
2007-03-08,28.03940963745117,,,,,,
2007-03-09,28.08893585205078,,,,,,
2007-03-12,28.08342742919922,,,,,,
2007-03-13,27.60464859008789,,,,,,
2007-03-14,27.71470832824707,,,,,,
2007-03-15,27.85229110717773,,,,,,
2007-03-16,27.72572326660156,,,,,,
2007-03-19,27.995380401611328,,,,,,
2007-03-20,28.22652816772461,,,,,,
2007-03-21,28.589746475219727,,,,,,
2007-03-22,28.705303192138672,,,,,,
2007-03-23,28.765851974487305,,,,,,
2007-03-26,28.786884307861328,,,,,,
2007-03-27,28.66517448425293,,,,,,
2007-03-28,28.47709274291992,,,,,,
2007-03-29,28.59325218200684,,,,,,
2007-03-30,28.521360397338867,,,,,,
2007-04-02,28.571128845214844,,,,,,
2007-04-03,28.748146057128903,,,,,,
2007-04-04,28.82558822631836,,,,,,
2007-04-05,28.886451721191406,,,,,,
2007-04-09,28.914098739624023,,,,,,
2007-04-10,29.019193649291992,,,,,,
2007-04-11,28.864315032958984,,,,,,
2007-04-12,28.925159454345703,,,,,,
2007-04-13,29.074501037597656,,,,,,
2007-04-16,29.411949157714844,,,,,,
2007-04-17,29.461732864379883,,,,,,
2007-04-18,29.539182662963867,,,,,,
2007-04-19,29.461732864379883,,,,,,
2007-04-20,29.671924591064453,,,,,,
2007-04-23,29.62215805053711,,,,,,
2007-04-24,29.57789802551269,,,,,,
2007-04-25,29.810232162475582,,,,,,
2007-04-26,29.920869827270508,,,,,,
2007-04-27,29.904268264770508,,,,,,
2007-04-30,29.72725486755371,,,,,,
2007-05-01,29.71065139770508,,,,,,
2007-05-02,29.93192481994629,,,,,,
2007-05-03,30.081279754638672,,,,,,
2007-05-04,30.1365909576416,,,,,,
2007-05-07,30.214046478271484,,,,,,
2007-05-08,30.175315856933597,,,,,,
2007-05-09,30.308082580566406,,,,,,
2007-05-10,29.93745231628418,,,,,,
2007-05-11,30.09234046936035,,,,,,
2007-05-14,30.064699172973636,,,,,,
2007-05-15,30.15318298339844,,,,,,
2007-05-16,30.418701171875,,,,,,
2007-05-17,30.41318130493164,,,,,,
2007-05-18,30.56806755065918,,,,,,
2007-05-21,30.56806755065918,,,,,,
2007-05-22,30.59573745727539,,,,,,
2007-05-23,30.55147933959961,,,,,,
2007-05-24,30.269367218017575,,,,,,
2007-05-25,30.341283798217773,,,,,,
2007-05-29,30.42425537109375,,,,,,
2007-05-30,30.5902042388916,,,,,,
2007-05-31,30.623390197753903,,,,,,
2007-06-01,30.66764640808105,,,,,,
2007-06-04,30.728479385375977,,,,,,
2007-06-05,30.54041290283203,,,,,,
2007-06-06,30.308082580566406,,,,,,
2007-06-07,29.777029037475582,,,,,,
2007-06-08,30.197433471679688,,,,,,
2007-06-11,30.125537872314453,,,,,,
2007-06-12,29.81575965881348,,,,,,
2007-06-13,30.15873146057129,,,,,,
2007-06-14,30.37998962402344,,,,,,
2007-06-15,30.56255531311035,,,,,,
2007-06-18,30.49614906311035,,,,,,
2007-06-19,30.57913017272949,,,,,,
2007-06-20,30.20851707458496,,,,,,
2007-06-21,30.22511863708496,,,,,,
2007-06-22,29.871068954467773,,,,,,
2007-06-25,29.796545028686523,,,,,,
2007-06-26,29.757614135742188,,,,,,
2007-06-27,30.03571891784668,,,,,,
2007-06-28,30.091354370117188,,,,,,
2007-06-29,29.99120712280273,,,,,,
2007-07-02,30.30270004272461,,,,,,
2007-07-03,30.31938743591309,,,,,,
2007-07-05,30.3750057220459,,,,,,
2007-07-06,30.358322143554688,,,,,,
2007-07-09,30.46401023864746,,,,,,
2007-07-10,30.04684829711914,,,,,,
2007-07-11,30.18589401245117,,,,,,
2007-07-12,30.792165756225582,,,,,,
2007-07-13,30.942354202270508,,,,,,
2007-07-16,30.91455078125,,,,,,
2007-07-17,30.83667755126953,,,,,,
2007-07-18,30.736553192138672,,,,,,
2007-07-19,30.853355407714844,,,,,,
2007-07-20,30.430633544921875,,,,,,
2007-07-23,30.647558212280277,,,,,,
2007-07-24,30.007911682128903,,,,,,
2007-07-25,30.04684829711914,,,,,,
2007-07-26,29.496192932128903,,,,,,
2007-07-27,29.06791305541992,,,,,,
2007-07-30,29.251449584960938,,,,,,
2007-07-31,28.978914260864254,,,,,,
2007-08-01,29.22364616394043,,,,,,
2007-08-02,29.357139587402344,,,,,,
2007-08-03,28.622936248779297,,,,,,
2007-08-06,29.27369880676269,,,,,,
2007-08-07,29.61855697631836,,,,,,
2007-08-08,29.996782302856445,,,,,,
2007-08-09,29.19027328491211,,,,,,
2007-08-10,29.21807098388672,,,,,,
2007-08-13,28.978914260864254,,,,,,
2007-08-14,28.64518165588379,,,,,,
2007-08-15,28.36707305908203,,,,,,
2007-08-16,28.678550720214844,,,,,,
2007-08-17,29.38494682312012,,,,,,
2007-08-20,29.31262969970703,,,,,,
2007-08-21,29.27369880676269,,,,,,
2007-08-22,29.540672302246094,,,,,,
2007-08-23,29.551816940307617,,,,,,
2007-08-24,29.81322860717773,,,,,,
2007-08-27,29.568500518798828,,,,,,
2007-08-28,28.91771507263184,,,,,,
2007-08-29,29.429443359375,,,,,,
2007-08-30,29.284826278686523,,,,,,
2007-08-31,29.53511428833008,,,,,,
2007-09-04,29.824357986450195,,,,,,
2007-09-05,29.51287841796875,,,,,,
2007-09-06,29.58518409729004,,,,,,
2007-09-07,29.19027328491211,,,,,,
2007-09-10,29.12352752685547,,,,,,
2007-09-11,29.446134567260746,,,,,,
2007-09-12,29.590749740600582,,,,,,
2007-09-13,29.757614135742188,,,,,,
2007-09-14,29.84659576416016,,,,,,
2007-09-17,29.70754623413086,,,,,,
2007-09-18,30.569679260253903,,,,,,
2007-09-19,30.74212455749512,,,,,,
2007-09-20,30.553003311157227,,,,,,
2007-09-21,30.664241790771484,,,,,,
2007-09-24,30.410131454467773,,,,,,
2007-09-25,30.410131454467773,,,,,,
2007-09-26,30.62282371520996,,,,,,
2007-09-27,30.65081596374512,,,,,,
2007-09-28,30.589252471923828,,,,,,
2007-10-01,30.913877487182617,,,,,,
2007-10-02,30.908281326293945,,,,,,
2007-10-03,30.83550262451172,,,,,,
2007-10-04,30.90269660949707,,,,,,
2007-10-05,31.12098503112793,,,,,,
2007-10-08,30.958669662475582,,,,,,
2007-10-09,31.15456771850586,,,,,,
2007-10-10,31.087404251098636,,,,,,
2007-10-11,31.01463890075684,,,,,,
2007-10-12,31.003442764282227,,,,,,
2007-10-15,30.77953338623047,,,,,,
2007-10-16,30.5500602722168,,,,,,
2007-10-17,30.404529571533203,,,,,,
2007-10-18,30.432514190673828,,,,,,
2007-10-19,29.760841369628903,,,,,,
2007-10-22,29.91196823120117,,,,,,
2007-10-23,29.967966079711918,,,,,,
2007-10-24,29.962337493896484,,,,,,
2007-10-25,30.09108161926269,,,,,,
2007-10-26,30.39333724975586,,,,,,
2007-10-29,30.561248779296875,,,,,,
2007-10-30,30.34855461120605,,,,,,
2007-10-31,30.49407958984375,,,,,,
2007-11-01,29.682483673095703,,,,,,
2007-11-02,29.5537223815918,,,,,,
2007-11-05,29.43059730529785,,,,,,
2007-11-06,29.67688751220703,,,,,,
2007-11-07,28.84287643432617,,,,,,
2007-11-08,29.038782119750977,,,,,,
2007-11-09,28.82609367370605,,,,,,
2007-11-12,28.669363021850582,,,,,,
2007-11-13,29.385818481445312,,,,,,
2007-11-14,29.262683868408203,,,,,,
2007-11-15,28.943626403808597,,,,,,
2007-11-16,28.910045623779297,,,,,,
2007-11-19,28.42309188842773,,,,,,
2007-11-20,28.557411193847656,,,,,,
2007-11-21,28.076047897338867,,,,,,
2007-11-23,28.47905731201172,,,,,,
2007-11-26,27.891334533691406,,,,,,
2007-11-27,28.288759231567383,,,,,,
2007-11-28,28.97161293029785,,,,,,
2007-11-29,29.08917617797852,,,,,,
2007-11-30,29.45298194885254,,,,,,
2007-12-03,29.27387809753418,,,,,,
2007-12-04,29.08356666564941,,,,,,
2007-12-05,29.46977806091309,,,,,,
2007-12-06,29.83359909057617,,,,,,
2007-12-07,29.889572143554688,,,,,,
2007-12-10,30.051902770996094,,,,,,
2007-12-11,29.43059730529785,,,,,,
2007-12-12,29.503368377685547,,,,,,
2007-12-13,29.536949157714844,,,,,,
2007-12-14,29.16831970214844,,,,,,
2007-12-17,28.78445053100586,,,,,,
2007-12-18,29.032846450805664,,,,,,
2007-12-19,28.863489151000977,,,,,,
2007-12-20,28.92558479309082,,,,,,
2007-12-21,29.30379867553711,,,,,,
2007-12-24,29.45057678222656,,,,,,
2007-12-26,29.495737075805664,,,,,,
2007-12-27,29.11750602722168,,,,,,
2007-12-28,29.049779891967773,,,,,,
2007-12-31,28.846548080444336,,,,,,
2008-01-02,28.485254287719727,,,,,,
2008-01-03,28.52478790283203,,,,,,
2008-01-04,28.02800178527832,,,,,,
2008-01-07,28.23123550415039,,,,,,
2008-01-08,27.75702667236328,,,,,,
2008-01-09,28.04493904113769,,,,,,
2008-01-10,28.45138359069824,,,,,,
2008-01-11,27.999778747558597,,,,,,
2008-01-14,28.129613876342773,,,,,,
2008-01-15,27.50301551818848,,,,,,
2008-01-16,27.706241607666016,,,,,,
2008-01-17,26.65624046325684,,,,,,
2008-01-18,26.379636764526367,,,,,,
2008-01-22,26.24415397644043,,,,,,
2008-01-23,27.07398223876953,,,,,,
2008-01-24,27.18123817443848,,,,,,
2008-01-25,26.735265731811523,,,,,,
2008-01-28,27.288494110107425,,,,,,
2008-01-29,27.54816436767578,,,,,,
2008-01-30,27.226394653320312,,,,,,
2008-01-31,27.90380477905273,,,,,,
2008-02-01,28.344141006469727,,,,,,
2008-02-04,27.999778747558597,,,,,,
2008-02-05,27.153005599975582,,,,,,
2008-02-06,26.966737747192383,,,,,,
2008-02-07,27.26027107238769,,,,,,
2008-02-08,26.92156791687012,,,,,,
2008-02-11,27.040111541748047,,,,,,
2008-02-12,27.226394653320312,,,,,,
2008-02-13,27.56510353088379,,,,,,
2008-02-14,27.169944763183597,,,,,,
2008-02-15,27.24333381652832,,,,,,
2008-02-19,27.158653259277344,,,,,,
2008-02-20,27.24898147583008,,,,,,
2008-02-21,26.927223205566406,,,,,,
2008-02-22,27.18123817443848,,,,,,
2008-02-25,27.514301300048828,,,,,,
2008-02-26,27.66107177734375,,,,,,
2008-02-27,27.576398849487305,,,,,,
2008-02-28,27.282854080200195,,,,,,
2008-02-29,26.5659236907959,,,,,,
2008-03-03,26.571577072143555,,,,,,
2008-03-04,26.49818420410156,,,,,,
2008-03-05,26.58285903930664,,,,,,
2008-03-06,25.967548370361328,,,,,,
2008-03-07,25.798189163208008,,,,,,
2008-03-10,25.493349075317383,,,,,,
2008-03-11,26.351402282714844,,,,,,
2008-03-12,26.2667236328125,,,,,,
2008-03-13,26.323183059692383,,,,,,
2008-03-14,25.86591911315918,,,,,,
2008-03-17,25.786890029907227,,,,,,
2008-03-18,26.59414291381836,,,,,,
2008-03-19,26.34575843811035,,,,,,
2008-03-20,27.158653259277344,,,,,,
2008-03-24,27.39011573791504,,,,,,
2008-03-25,27.430500030517575,,,,,,
2008-03-26,27.043670654296875,,,,,,
2008-03-27,27.043670654296875,,,,,,
2008-03-28,26.639780044555664,,,,,,
2008-03-31,26.83318328857422,,,,,,
2008-04-01,27.78319358825684,,,,,,
2008-04-02,27.658039093017575,,,,,,
2008-04-03,27.658039093017575,,,,,,
2008-04-04,27.601158142089844,,,,,,
2008-04-07,27.646657943725582,,,,,,
2008-04-08,27.53858757019043,,,,,,
2008-04-09,27.248464584350582,,,,,,
2008-04-10,27.276905059814453,,,,,,
2008-04-11,26.76493263244629,,,,,,
2008-04-14,26.491884231567383,,,,,,
2008-04-15,26.662540435791016,,,,,,
2008-04-16,27.14606475830078,,,,,,
2008-04-17,27.208641052246094,,,,,,
2008-04-18,27.49306297302246,,,,,,
2008-04-21,27.35085105895996,,,,,,
2008-04-22,27.1403751373291,,,,,,
2008-04-23,27.12900161743164,,,,,,
2008-04-24,27.44756507873535,,,,,,
2008-04-25,27.63528060913086,,,,,,
2008-04-28,27.69786834716797,,,,,,
2008-04-29,27.53289604187012,,,,,,
2008-04-30,27.424814224243164,,,,,,
2008-05-01,27.993667602539062,,,,,,
2008-05-02,28.130199432373047,,,,,,
2008-05-05,27.92540168762207,,,,,,
2008-05-06,28.06192779541016,,,,,,
2008-05-07,27.572715759277344,,,,,,
2008-05-08,27.504440307617188,,,,,,
2008-05-09,27.35654830932617,,,,,,
2008-05-12,27.669414520263672,,,,,,
2008-05-13,27.58978080749512,,,,,,
2008-05-14,27.771812438964844,,,,,,
2008-05-15,27.959529876708984,,,,,,
2008-05-16,27.919721603393555,,,,,,
2008-05-19,27.98797607421875,,,,,,
2008-05-20,27.646657943725582,,,,,,
2008-05-21,27.24277687072754,,,,,,
2008-05-22,27.35654830932617,,,,,,
2008-05-23,27.020923614501957,,,,,,
2008-05-27,27.1403751373291,,,,,,
2008-05-28,27.15175437927246,,,,,,
2008-05-29,27.46463203430176,,,,,,
2008-05-30,27.39066696166992,,,,,,
2008-06-02,27.13469696044922,,,,,,
2008-06-03,26.981098175048828,,,,,,
2008-06-04,26.86162757873535,,,,,,
2008-06-05,27.288293838500977,,,,,,
2008-06-06,26.434988021850582,,,,,,
2008-06-09,26.361045837402344,,,,,,
2008-06-10,26.389482498168945,,,,,,
2008-06-11,25.95146369934082,,,,,,
2008-06-12,25.98559188842773,,,,,,
2008-06-13,26.15056037902832,,,,,,
2008-06-16,26.287084579467773,,,,,,
2008-06-17,26.04816246032715,,,,,,
2008-06-18,25.763744354248047,,,,,,
2008-06-19,25.854751586914062,,,,,,
2008-06-20,25.411043167114254,,,,,,
2008-06-23,25.314327239990234,,,,,,
2008-06-24,25.33785629272461,,,,,,
2008-06-25,25.664831161499023,,,,,,
2008-06-26,24.73552703857422,,,,,,
2008-06-27,24.54622840881348,,,,,,
2008-06-30,24.563438415527344,,,,,,
2008-07-01,24.66668128967285,,,,,,
2008-07-02,24.316762924194336,,,,,,
2008-07-03,24.339719772338867,,,,,,
2008-07-07,24.138938903808597,,,,,,
2008-07-08,24.712596893310547,,,,,,
2008-07-09,24.299564361572266,,,,,,
2008-07-10,24.328243255615234,,,,,,
2008-07-11,24.13319969177246,,,,,,
2008-07-14,23.737384796142575,,,,,,
2008-07-15,23.462038040161133,,,,,,
2008-07-16,24.2593994140625,,,,,,
2008-07-17,24.64948081970215,,,,,,
2008-07-18,24.810108184814453,,,,,,
2008-07-21,24.701112747192383,,,,,,
2008-07-22,25.234601974487305,,,,,,
2008-07-23,25.44684410095215,,,,,,
2008-07-24,24.850255966186523,,,,,,
2008-07-25,24.718320846557617,,,,,,
2008-07-28,24.2823486328125,,,,,,
2008-07-29,24.95924186706543,,,,,,
2008-07-30,25.33785629272461,,,,,,
2008-07-31,25.039554595947266,,,,,,
2008-08-01,25.01087951660156,,,,,,
2008-08-04,24.919097900390625,,,,,,
2008-08-05,25.573055267333984,,,,,,
2008-08-06,25.65336036682129,,,,,,
2008-08-07,25.10265350341797,,,,,,
2008-08-08,25.745140075683597,,,,,,
2008-08-11,26.02622604370117,,,,,,
2008-08-12,25.65909194946289,,,,,,
2008-08-13,25.441112518310547,,,,,,
2008-08-14,25.561580657958984,,,,,,
2008-08-15,25.75087547302246,,,,,,
2008-08-18,25.36079216003418,,,,,,
2008-08-19,25.0223445892334,,,,,,
2008-08-20,25.10265350341797,,,,,,
2008-08-21,25.14280891418457,,,,,,
2008-08-22,25.504209518432617,,,,,,
2008-08-25,25.0223445892334,,,,,,
2008-08-26,25.028079986572266,,,,,,
2008-08-27,25.24033737182617,,,,,,
2008-08-28,25.722192764282227,,,,,,
2008-08-29,25.475521087646484,,,,,,
2008-09-02,25.60746192932129,,,,,,
2008-09-03,25.693511962890625,,,,,,
2008-09-04,24.98793029785156,,,,,,
2008-09-05,25.211647033691406,,,,,,
2008-09-08,25.9287052154541,,,,,,
2008-09-09,25.211647033691406,,,,,,
2008-09-10,25.125598907470703,,,,,,
2008-09-11,25.33785629272461,,,,,,
2008-09-12,25.45832633972168,,,,,,
2008-09-15,24.47738075256348,,,,,,
2008-09-16,24.77568626403809,,,,,,
2008-09-17,23.66280937194824,,,,,,
2008-09-18,24.76421546936035,,,,,,
2008-09-19,25.9344425201416,,,,,,
2008-09-22,24.95924186706543,,,,,,
2008-09-23,24.569181442260746,,,,,,
2008-09-24,24.46558952331543,,,,,,
2008-09-25,24.905372619628903,,,,,,
2008-09-26,25.188905715942383,,,,,,
2008-09-29,23.89850616455078,,,,,,
2008-09-30,24.28041648864746,,,,,,
2008-10-01,24.46558952331543,,,,,,
2008-10-02,23.82328414916992,,,,,,
2008-10-03,23.42979431152344,,,,,,
2008-10-06,22.648611068725582,,,,,,
2008-10-07,21.30034065246582,,,,,,
2008-10-08,20.820049285888672,,,,,,
2008-10-09,19.240324020385746,,,,,,
2008-10-10,20.33976554870605,,,,,,
2008-10-13,21.14988136291504,,,,,,
2008-10-14,21.398704528808597,,,,,,
2008-10-15,19.63380622863769,,,,,,
2008-10-16,20.322410583496094,,,,,,
2008-10-17,20.102523803710938,,,,,,
2008-10-20,20.976299285888672,,,,,,
2008-10-21,20.54808616638184,,,,,,
2008-10-22,19.57015991210937,,,,,,
2008-10-23,19.674320220947266,,,,,,
2008-10-24,18.99149703979492,,,,,,
2008-10-27,18.528583526611328,,,,,,
2008-10-28,20.559663772583008,,,,,,
2008-10-29,19.963647842407227,,,,,,
2008-10-30,20.484437942504883,,,,,,
2008-10-31,20.675392150878903,,,,,,
2008-11-03,20.75640296936035,,,,,,
2008-11-04,21.583881378173828,,,,,,
2008-11-05,20.39764213562012,,,,,,
2008-11-06,19.4602108001709,,,,,,
2008-11-07,20.021503448486328,,,,,,
2008-11-10,19.790048599243164,,,,,,
2008-11-11,19.50650405883789,,,,,,
2008-11-12,18.56907844543457,,,,,,
2008-11-13,19.87106704711914,,,,,,
2008-11-14,18.99149703979492,,,,,,
2008-11-17,18.661670684814453,,,,,,
2008-11-18,18.6558837890625,,,,,,
2008-11-19,17.63744354248047,,,,,,
2008-11-20,16.497493743896484,,,,,,
2008-11-21,17.37126922607422,,,,,,
2008-11-24,18.33183479309082,,,,,,
2008-11-25,18.667449951171875,,,,,,
2008-11-26,19.21717071533203,,,,,,
2008-11-28,19.529651641845703,,,,,,
2008-12-01,17.770536422729492,,,,,,
2008-12-02,18.580656051635746,,,,,,
2008-12-03,19.182456970214844,,,,,,
2008-12-04,18.6848087310791,,,,,,
2008-12-05,19.40813446044922,,,,,,
2008-12-08,19.830554962158203,,,,,,
2008-12-09,19.298192977905277,,,,,,
2008-12-10,19.48915100097656,,,,,,
2008-12-11,18.87577438354492,,,,,,
2008-12-12,18.96835708618164,,,,,,
2008-12-15,18.748464584350582,,,,,,
2008-12-16,19.720605850219727,,,,,,
2008-12-17,19.50072288513184,,,,,,
2008-12-18,19.15352439880371,,,,,,
2008-12-19,19.14196014404297,,,,,,
2008-12-22,18.87307929992676,,,,,,
2008-12-23,18.744495391845703,,,,,,
2008-12-24,18.756183624267575,,,,,,
2008-12-26,18.88477897644043,,,,,,
2008-12-29,18.756183624267575,,,,,,
2008-12-30,19.25300407409668,,,,,,
2008-12-31,19.63876724243164,,,,,,
2009-01-02,20.09466552734375,,,,,,
2009-01-05,19.907634735107425,,,,,,
2009-01-06,19.97776985168457,,,,,,
2009-01-07,19.35820770263672,,,,,,
2009-01-08,19.422502517700195,,,,,,
2009-01-09,19.00751495361328,,,,,,
2009-01-12,18.539918899536133,,,,,,
2009-01-13,18.52823829650879,,,,,,
2009-01-14,17.93206787109375,,,,,,
2009-01-15,17.803468704223633,,,,,,
2009-01-16,17.81516456604004,,,,,,
2009-01-20,16.80400276184082,,,,,,
2009-01-21,17.51123046875,,,,,,
2009-01-22,17.183917999267578,,,,,,
2009-01-23,17.289133071899414,,,,,,
2009-01-26,17.312509536743164,,,,,,
2009-01-27,17.528764724731445,,,,,,
2009-01-28,18.142478942871094,,,,,,
2009-01-29,17.45278549194336,,,,,,
2009-01-30,17.090402603149414,,,,,,
2009-02-02,17.014419555664062,,,,,,
2009-02-03,17.143003463745117,,,,,,
2009-02-04,16.979352951049805,,,,,,
2009-02-05,17.15469741821289,,,,,,
2009-02-06,17.709959030151367,,,,,,
2009-02-09,17.791790008544922,,,,,,
2009-02-10,16.80400276184082,,,,,,
2009-02-11,17.037796020507812,,,,,,
2009-02-12,16.98518943786621,,,,,,
2009-02-13,16.72217559814453,,,,,,
2009-02-17,15.938963890075684,,,,,,
2009-02-18,15.79867935180664,,,,,,
2009-02-19,15.582422256469728,,,,,,
2009-02-20,15.301871299743652,,,,,,
2009-02-23,14.828436851501465,,,,,,
2009-02-24,15.471376419067385,,,,,,
2009-02-25,15.342785835266112,,,,,,
2009-02-26,15.184969902038574,,,,,,
2009-02-27,14.758307456970217,,,,,,
2009-03-02,14.03938102722168,,,,,,
2009-03-03,13.782208442687988,,,,,,
2009-03-04,14.068601608276367,,,,,,
2009-03-05,13.402288436889648,,,,,,
2009-03-06,13.484111785888672,,,,,,
2009-03-09,13.408137321472168,,,,,,
2009-03-10,14.296555519104004,,,,,,
2009-03-11,14.355006217956545,,,,,,
2009-03-12,15.068076133728027,,,,,,
2009-03-13,15.249272346496582,,,,,,
2009-03-16,15.25510597229004,,,,,,
2009-03-17,15.740234375,,,,,,
2009-03-18,16.242895126342773,,,,,,
2009-03-19,15.956504821777344,,,,,,
2009-03-20,15.635035514831545,,,,,,
2009-03-23,16.79816436767578,,,,,,
2009-03-24,16.424074172973633,,,,,,
2009-03-25,16.695955276489258,,,,,,
2009-03-26,16.95599365234375,,,,,,
2009-03-27,16.67230796813965,,,,,,
2009-03-30,16.016292572021484,,,,,,
2009-03-31,16.18177604675293,,,,,,
2009-04-01,16.524564743041992,,,,,,
2009-04-02,16.926443099975586,,,,,,
2009-04-03,17.162843704223633,,,,,,
2009-04-06,17.04464340209961,,,,,,
2009-04-07,16.625028610229492,,,,,,
2009-04-08,16.72550392150879,,,,,,
2009-04-09,17.57655143737793,,,,,,
2009-04-13,17.730209350585938,,,,,,
2009-04-14,17.251493453979492,,,,,,
2009-04-15,17.600187301635742,,,,,,
2009-04-16,17.818866729736328,,,,,,
2009-04-17,17.990257263183594,,,,,,
2009-04-20,17.074199676513672,,,,,,
2009-04-21,17.452449798583984,,,,,,
2009-04-22,17.35196876525879,,,,,,
2009-04-23,17.523365020751953,,,,,,
2009-04-24,17.730209350585938,,,,,,
2009-04-27,17.582462310791016,,,,,,
2009-04-28,17.470169067382812,,,,,,
2009-04-29,17.76567268371582,,,,,,
2009-04-30,17.842506408691406,,,,,,
2009-05-01,17.872051239013672,,,,,,
2009-05-04,18.675825119018555,,,,,,
2009-05-05,18.569440841674805,,,,,,
2009-05-06,19.04815673828125,,,,,,
2009-05-07,18.82357788085937,,,,,,
2009-05-08,19.39093971252441,,,,,,
2009-05-11,18.894502639770508,,,,,,
2009-05-12,18.81174659729004,,,,,,
2009-05-13,18.327136993408203,,,,,,
2009-05-14,18.463064193725582,,,,,,
2009-05-15,18.23847961425781,,,,,,
2009-05-18,18.79994010925293,,,,,,
2009-05-19,18.72311019897461,,,,,,
2009-05-20,18.57535743713379,,,,,,
2009-05-21,18.303489685058597,,,,,,
2009-05-22,18.29166603088379,,,,,,
2009-05-26,18.72311019897461,,,,,,
2009-05-27,18.31529998779297,,,,,,
2009-05-28,18.58717536926269,,,,,,
2009-05-29,18.876766204833984,,,,,,
2009-06-01,19.33775520324707,,,,,,
2009-06-02,19.296388626098636,,,,,,
2009-06-03,19.00087547302246,,,,,,
2009-06-04,19.19590377807617,,,,,,
2009-06-05,19.154541015625,,,,,,
2009-06-08,19.13089942932129,,,,,,
2009-06-09,19.201818466186523,,,,,,
2009-06-10,19.13089942932129,,,,,,
2009-06-11,19.3259334564209,,,,,,
2009-06-12,19.373218536376957,,,,,,
2009-06-15,18.912227630615234,,,,,,
2009-06-16,18.64627265930176,,,,,,
2009-06-17,18.53398895263672,,,,,,
2009-06-18,18.752656936645508,,,,,,
2009-06-19,18.794017791748047,,,,,,
2009-06-22,18.28575897216797,,,,,,
2009-06-23,18.25621032714844,,,,,,
2009-06-24,18.39337921142578,,,,,,
2009-06-25,18.763160705566406,,,,,,
2009-06-26,18.721406936645508,,,,,,
2009-06-29,18.93612098693848,,,,,,
2009-06-30,18.822797775268555,,,,,,
2009-07-01,18.9182186126709,,,,,,
2009-07-02,18.435138702392575,,,,,,
2009-07-06,18.429170608520508,,,,,,
2009-07-07,18.083250045776367,,,,,,
2009-07-08,18.03553581237793,,,,,,
2009-07-09,18.053430557250977,,,,,,
2009-07-10,17.9997501373291,,,,,,
2009-07-13,18.47092056274414,,,,,,
2009-07-14,18.608095169067383,,,,,,
2009-07-15,19.180646896362305,,,,,,
2009-07-16,19.293964385986328,,,,,,
2009-07-17,19.22836685180664,,,,,,
2009-07-20,19.38343048095703,,,,,,
2009-07-21,19.460973739624023,,,,,,
2009-07-22,19.460973739624023,,,,,,
2009-07-23,19.95001602172852,,,,,,
2009-07-24,20.08123016357422,,,,,,
2009-07-27,20.206485748291016,,,,,,
2009-07-28,20.152801513671875,,,,,,
2009-07-29,20.051410675048828,,,,,,
2009-07-30,20.361547470092773,,,,,,
2009-07-31,20.433115005493164,,,,,,
2009-08-03,20.731321334838867,,,,,,
2009-08-04,20.84464454650879,,,,,,
2009-08-05,20.91024780273437,,,,,,
2009-08-06,20.84464454650879,,,,,,
2009-08-07,21.17863655090332,,,,,,
2009-08-10,21.12495422363281,,,,,,
2009-08-11,20.74324989318848,,,,,,
2009-08-12,21.005672454833984,,,,,,
2009-08-13,21.148815155029297,,,,,,
2009-08-14,20.98777961730957,,,,,,
2009-08-17,20.504682540893555,,,,,,
2009-08-18,20.6895751953125,,,,,,
2009-08-19,20.826753616333008,,,,,,
2009-08-20,21.035493850708008,,,,,,
2009-08-21,21.50069236755371,,,,,,
2009-08-24,21.458946228027344,,,,,,
2009-08-25,21.518592834472656,,,,,,
2009-08-26,21.54840850830078,,,,,,
2009-08-27,21.631908416748047,,,,,,
2009-08-28,21.584190368652344,,,,,,
2009-08-31,21.43509101867676,,,,,,
2009-09-01,20.898317337036133,,,,,,
2009-09-02,20.75517845153809,,,,,,
2009-09-03,20.963926315307617,,,,,,
2009-09-04,21.202489852905277,,,,,,
2009-09-08,21.375444412231445,,,,,,
2009-09-09,21.566303253173828,,,,,,
2009-09-10,21.72137451171875,,,,,,
2009-09-11,21.673660278320312,,,,,,
2009-09-14,21.834688186645508,,,,,,
2009-09-15,21.97782516479492,,,,,,
2009-09-16,22.371456146240234,,,,,,
2009-09-17,22.293930053710938,,,,,,
2009-09-18,22.353565216064453,,,,,,
2009-09-21,22.2044677734375,,,,,,
2009-09-22,22.353565216064453,,,,,,
2009-09-23,22.2044677734375,,,,,,
2009-09-24,21.950422286987305,,,,,,
2009-09-25,21.812301635742188,,,,,,
2009-09-28,22.20866584777832,,,,,,
2009-09-29,22.20265388488769,,,,,,
2009-09-30,22.05252456665039,,,,,,
2009-10-01,21.48799514770508,,,,,,
2009-10-02,21.37389373779297,,,,,,
2009-10-05,21.788278579711918,,,,,,
2009-10-06,22.07654571533203,,,,,,
2009-10-07,22.124588012695312,,,,,,
2009-10-08,22.268726348876957,,,,,,
2009-10-09,22.400850296020508,,,,,,
2009-10-12,22.54498672485352,,,,,,
2009-10-13,22.46089744567871,,,,,,
2009-10-14,22.83925437927246,,,,,,
2009-10-15,22.91132926940918,,,,,,
2009-10-16,22.64107131958008,,,,,,
2009-10-19,22.851261138916016,,,,,,
2009-10-20,22.69511604309082,,,,,,
2009-10-21,22.418872833251957,,,,,,
2009-10-22,22.70713996887207,,,,,,
2009-10-23,22.424867630004883,,,,,,
2009-10-26,22.064537048339844,,,,,,
2009-10-27,22.01049041748047,,,,,,
2009-10-28,21.626127243041992,,,,,,
2009-10-29,22.100568771362305,,,,,,
2009-10-30,21.45797348022461,,,,,,
2009-11-02,21.548051834106445,,,,,,
2009-11-03,21.51802062988281,,,,,,
2009-11-04,21.530038833618164,,,,,,
2009-11-05,21.962438583374023,,,,,,
2009-11-06,22.034507751464844,,,,,,
2009-11-09,22.55699157714844,,,,,,
2009-11-10,22.58701705932617,,,,,,
2009-11-11,22.67710304260254,,,,,,
2009-11-12,22.46089744567871,,,,,,
2009-11-13,22.53897857666016,,,,,,
2009-11-16,22.91132926940918,,,,,,
2009-11-17,22.88729858398437,,,,,,
2009-11-18,22.935340881347656,,,,,,
2009-11-19,22.64707565307617,,,,,,
2009-11-20,22.62906646728516,,,,,,
2009-11-23,22.91733169555664,,,,,,
2009-11-24,22.905323028564453,,,,,,
2009-11-25,23.00740623474121,,,,,,
2009-11-27,22.63506126403809,,,,,,
2009-11-30,22.76118850708008,,,,,,
2009-12-01,23.00140190124512,,,,,,
2009-12-02,23.04344367980957,,,,,,
2009-12-03,22.8632869720459,,,,,,
2009-12-04,23.019432067871094,,,,,,
2009-12-07,22.995407104492188,,,,,,
2009-12-08,22.713138580322266,,,,,,
2009-12-09,22.821250915527344,,,,,,
2009-12-10,22.88129425048828,,,,,,
2009-12-11,23.03143119812012,,,,,,
2009-12-14,23.169567108154297,,,,,,
2009-12-15,23.025434494018555,,,,,,
2009-12-16,23.00140190124512,,,,,,
2009-12-17,22.76118850708008,,,,,,
2009-12-18,22.803224563598636,,,,,,
2009-12-21,23.04344367980957,,,,,,
2009-12-22,23.09856414794922,,,,,,
2009-12-23,23.14095115661621,,,,,,
2009-12-24,23.2439079284668,,,,,,
2009-12-28,23.28024101257324,,,,,,
2009-12-29,23.28631019592285,,,,,,
2009-12-30,23.237852096557617,,,,,,
2009-12-31,23.013784408569336,,,,,,
2010-01-04,23.316591262817383,,,,,,
2010-01-05,23.316591262817383,,,,,,
2010-01-06,23.365036010742188,,,,,,
2010-01-07,23.40742492675781,,,,,,
2010-01-08,23.449819564819336,,,,,,
2010-01-11,23.56488800048828,,,,,,
2010-01-12,23.42559814453125,,,,,,
2010-01-13,23.62545585632324,,,,,,
2010-01-14,23.661785125732425,,,,,,
2010-01-15,23.449819564819336,,,,,,
2010-01-19,23.70418739318848,,,,,,
2010-01-20,23.49221611022949,,,,,,
2010-01-21,23.031938552856445,,,,,,
2010-01-22,22.61405563354492,,,,,,
2010-01-25,22.723068237304688,,,,,,
2010-01-26,22.662500381469727,,,,,,
2010-01-27,22.723068237304688,,,,,,
2010-01-28,22.50504875183105,,,,,,
2010-01-29,22.305185317993164,,,,,,
2010-02-01,22.5716609954834,,,,,,
2010-02-02,22.90475845336914,,,,,,
2010-02-03,22.72912979125977,,,,,,
2010-02-04,22.11138343811035,,,,,,
2010-02-05,22.11744499206543,,,,,,
2010-02-08,21.923641204833984,,,,,,
2010-02-09,22.21434211730957,,,,,,
2010-02-10,22.19011688232422,,,,,,
2010-02-11,22.38996696472168,,,,,,
2010-02-12,22.37786865234375,,,,,,
2010-02-16,22.72912979125977,,,,,,
2010-02-17,22.807859420776367,,,,,,
2010-02-18,22.97138023376465,,,,,,
2010-02-19,23.0258846282959,,,,,,
2010-02-22,22.989545822143555,,,,,,
2010-02-23,22.75334930419922,,,,,,
2010-02-24,22.941091537475582,,,,,,
2010-02-25,22.868417739868164,,,,,,
2010-02-26,22.85026359558105,,,,,,
2010-03-01,23.050106048583984,,,,,,
2010-03-02,23.12278175354004,,,,,,
2010-03-03,23.110675811767575,,,,,,
2010-03-04,23.183349609375,,,,,,
2010-03-05,23.467992782592773,,,,,,
2010-03-08,23.467992782592773,,,,,,
2010-03-09,23.50432586669922,,,,,,
2010-03-10,23.56488800048828,,,,,,
2010-03-11,23.637561798095703,,,,,,
2010-03-12,23.64362335205078,,,,,,
2010-03-15,23.722347259521484,,,,,,
2010-03-16,23.90404319763184,,,,,,
2010-03-17,24.0433349609375,,,,,,
2010-03-18,24.06150245666504,,,,,,
2010-03-19,23.964601516723636,,,,,,
2010-03-22,24.079666137695312,,,,,,
2010-03-23,24.285587310791016,,,,,,
2010-03-24,24.11600685119629,,,,,,
2010-03-25,24.030126571655277,,,,,,
2010-03-26,24.036212921142575,,,,,,
2010-03-29,24.17021751403809,,,,,,
2010-03-30,24.17631721496582,,,,,,
2010-03-31,24.10931396484375,,,,,,
2010-04-01,24.267688751220703,,,,,,
2010-04-05,24.413877487182617,,,,,,
2010-04-06,24.432151794433597,,,,,,
2010-04-07,24.27985954284668,,,,,,
2010-04-08,24.34687614440918,,,,,,
2010-04-09,24.535701751708984,,,,,,
2010-04-12,24.59661674499512,,,,,,
2010-04-13,24.620981216430664,,,,,,
2010-04-14,24.828073501586918,,,,,,
2010-04-15,24.858545303344727,,,,,,
2010-04-16,24.59051513671875,,,,,,
2010-04-19,24.68797492980957,,,,,,
2010-04-20,24.858545303344727,,,,,,
2010-04-21,24.828073501586918,,,,,,
2010-04-22,24.821985244750977,,,,,,
2010-04-23,24.962093353271484,,,,,,
2010-04-26,24.901180267333984,,,,,,
2010-04-27,24.40778541564941,,,,,,
2010-04-28,24.54179954528809,,,,,,
2010-04-29,24.846359252929688,,,,,,
2010-04-30,24.51743507385254,,,,,,
2010-05-03,24.828073501586918,,,,,,
2010-05-04,24.328582763671875,,,,,,
2010-05-05,24.151948928833008,,,,,,
2010-05-06,23.390535354614254,,,,,,
2010-05-07,23.122528076171875,,,,,,
2010-05-10,24.02402877807617,,,,,,
2010-05-11,23.993576049804688,,,,,,
2010-05-12,24.267688751220703,,,,,,
2010-05-13,24.02402877807617,,,,,,
2010-05-14,23.60373878479004,,,,,,
2010-05-17,23.664649963378903,,,,,,
2010-05-18,23.396629333496094,,,,,,
2010-05-19,23.274810791015625,,,,,,
2010-05-20,22.452486038208008,,,,,,
2010-05-21,22.629127502441406,,,,,,
2010-05-24,22.355016708374023,,,,,,
2010-05-25,22.31238174438477,,,,,,
2010-05-26,22.141817092895508,,,,,,
2010-05-27,22.848413467407227,,,,,,
2010-05-28,22.58648109436035,,,,,,
2010-06-01,22.30019760131836,,,,,,
2010-06-02,22.811864852905277,,,,,,
2010-06-03,22.87278175354004,,,,,,
2010-06-04,22.07481575012207,,,,,,
2010-06-07,21.83115768432617,,,,,,
2010-06-08,22.11136054992676,,,,,,
2010-06-09,22.05045318603516,,,,,,
2010-06-10,22.623023986816406,,,,,,
2010-06-11,22.69004249572754,,,,,,
2010-06-14,22.671770095825195,,,,,,
2010-06-15,23.1651611328125,,,,,,
2010-06-16,23.15296936035156,,,,,,
2010-06-17,23.201709747314453,,,,,,
2010-06-18,23.21997833251953,,,,,,
2010-06-21,23.140796661376957,,,,,,
2010-06-22,22.799678802490234,,,,,,
2010-06-23,22.70222282409668,,,,,,
2010-06-24,22.37270164489746,,,,,,
2010-06-25,22.38497734069824,,,,,,
2010-06-28,22.37883949279785,,,,,,
2010-06-29,21.7959041595459,,,,,,
2010-06-30,21.61181259155273,,,,,,
2010-07-01,21.56886863708496,,,,,,
2010-07-02,21.501361846923828,,,,,,
2010-07-06,21.587268829345703,,,,,,
2010-07-07,22.200883865356445,,,,,,
2010-07-08,22.44634056091309,,,,,,
2010-07-09,22.5506649017334,,,,,,
2010-07-12,22.587482452392575,,,,,,
2010-07-13,22.924968719482425,,,,,,
2010-07-14,22.869739532470703,,,,,,
2010-07-15,22.8942928314209,,,,,,
2010-07-16,22.360429763793945,,,,,,
2010-07-19,22.4586124420166,,,,,,
2010-07-20,22.73474884033203,,,,,,
2010-07-21,22.470888137817383,,,,,,
2010-07-22,22.937244415283203,,,,,,
2010-07-23,23.133594512939453,,,,,,
2010-07-26,23.391321182250977,,,,,,
2010-07-27,23.42814064025879,,,,,,
2010-07-28,23.287006378173828,,,,,,
2010-07-29,23.182689666748047,,,,,,
2010-07-30,23.18882942199707,,,,,,
2010-08-02,23.63064193725586,,,,,,
2010-08-03,23.544721603393555,,,,,,
2010-08-04,23.67359733581543,,,,,,
2010-08-05,23.61222648620605,,,,,,
2010-08-06,23.569276809692383,,,,,,
2010-08-09,23.716541290283203,,,,,,
2010-08-10,23.606088638305664,,,,,,
2010-08-11,23.04769515991211,,,,,,
2010-08-12,22.967920303344727,,,,,,
2010-08-13,22.90042495727539,,,,,,
2010-08-16,22.888145446777344,,,,,,
2010-08-17,23.17040634155273,,,,,,
2010-08-18,23.194971084594727,,,,,,
2010-08-19,22.80838203430176,,,,,,
2010-08-20,22.728609085083008,,,,,,
2010-08-23,22.685651779174805,,,,,,
2010-08-24,22.42792510986328,,,,,,
2010-08-25,22.50156784057617,,,,,,
2010-08-26,22.391115188598636,,,,,,
2010-08-27,22.716339111328125,,,,,,
2010-08-30,22.39724922180176,,,,,,
2010-08-31,22.415660858154297,,,,,,
2010-09-01,22.99860572814941,,,,,,
2010-09-02,23.16427993774414,,,,,,
2010-09-03,23.403594970703125,,,,,,
2010-09-07,23.158153533935547,,,,,,
2010-09-08,23.262466430664062,,,,,,
2010-09-09,23.391321182250977,,,,,,
2010-09-10,23.4894962310791,,,,,,
2010-09-13,23.72881507873535,,,,,,
2010-09-14,23.698129653930664,,,,,,
2010-09-15,23.777910232543945,,,,,,
2010-09-16,23.77177047729492,,,,,,
2010-09-17,23.79631233215332,,,,,,
2010-09-20,24.13380622863769,,,,,,
2010-09-21,24.09085273742676,,,,,,
2010-09-22,23.998802185058597,,,,,,
2010-09-23,23.80858421325684,,,,,,
2010-09-24,24.22018241882324,,,,,,
2010-09-27,24.11512565612793,,,,,,
2010-09-28,24.24490737915039,,,,,,
2010-09-29,24.146026611328125,,,,,,
2010-09-30,24.07804679870605,,,,,,
2010-10-01,24.18310546875,,,,,,
2010-10-04,23.99151611328125,,,,,,
2010-10-05,24.45503044128418,,,,,,
2010-10-06,24.516834259033203,,,,,,
2010-10-07,24.46738624572754,,,,,,
2010-10-08,24.60954093933105,,,,,,
2010-10-11,24.603364944458008,,,,,,
2010-10-12,24.67133331298828,,,,,,
2010-10-13,24.794946670532227,,,,,,
2010-10-14,24.76404190063477,,,,,,
2010-10-15,24.726951599121094,,,,,,
2010-10-18,24.869115829467773,,,,,,
2010-10-19,24.560102462768555,,,,,,
2010-10-20,24.807302474975582,,,,,,
2010-10-21,24.85674095153809,,,,,,
2010-10-22,24.85674095153809,,,,,,
2010-10-25,24.912368774414062,,,,,,
2010-10-26,24.912368774414062,,,,,,
2010-10-27,24.81966590881348,,,,,,
2010-10-28,24.862924575805664,,,,,,
2010-10-29,24.869115829467773,,,,,,
2010-11-01,24.844388961791992,,,,,,
2010-11-02,25.029800415039062,,,,,,
2010-11-03,25.07923126220703,,,,,,
2010-11-04,25.518030166625977,,,,,,
2010-11-05,25.555105209350582,,,,,,
2010-11-08,25.468584060668945,,,,,,
2010-11-09,25.33262062072754,,,,,,
2010-11-10,25.369701385498047,,,,,,
2010-11-11,25.33262062072754,,,,,,
2010-11-12,25.085411071777344,,,,,,
2010-11-15,25.097768783569336,,,,,,
2010-11-16,24.745508193969727,,,,,,
2010-11-17,24.745508193969727,,,,,,
2010-11-18,25.073055267333984,,,,,,
2010-11-19,25.128684997558597,,,,,,
2010-11-22,25.07923126220703,,,,,,
2010-11-23,24.75786590576172,,,,,,
2010-11-24,25.054523468017575,,,,,,
2010-11-26,24.875293731689453,,,,,,
2010-11-29,24.844388961791992,,,,,,
2010-11-30,24.73314666748047,,,,,,
2010-12-01,25.27081871032715,,,,,,
2010-12-02,25.54275131225586,,,,,,
2010-12-03,25.598373413085938,,,,,,
2010-12-06,25.561283111572266,,,,,,
2010-12-07,25.641626358032227,,,,,,
2010-12-08,25.71578788757324,,,,,,
2010-12-09,25.789941787719727,,,,,,
2010-12-10,25.9444580078125,,,,,,
2010-12-13,25.962987899780277,,,,,,
2010-12-14,26.06806182861328,,,,,,
2010-12-15,25.981544494628903,,,,,,
2010-12-16,26.14840316772461,,,,,,
2010-12-17,26.154590606689453,,,,,,
2010-12-20,26.160778045654297,,,,,,
2010-12-21,26.210205078125,,,,,,
2010-12-22,26.293025970458984,,,,,,
2010-12-23,26.28678703308105,,,,,,
2010-12-27,26.261882781982425,,,,,,
2010-12-28,26.30546760559082,,,,,,
2010-12-29,26.324142456054688,,,,,,
2010-12-30,26.28678703308105,,,,,,
2010-12-31,26.28678703308105,,,,,,
2011-01-03,26.44866752624512,,,,,,
2011-01-04,26.461122512817383,,,,,,
2011-01-05,26.49225425720215,,,,,,
2011-01-06,26.45488929748535,,,,,,
2011-01-07,26.42377281188965,,,,,,
2011-01-10,26.33037567138672,,,,,,
2011-01-11,26.38018226623535,,,,,,
2011-01-12,26.585641860961918,,,,,,
2011-01-13,26.529600143432617,,,,,,
2011-01-14,26.635448455810547,,,,,,
2011-01-18,26.71638298034668,,,,,,
2011-01-19,26.56074523925781,,,,,,
2011-01-20,26.579418182373047,,,,,,
2011-01-21,26.691490173339844,,,,,,
2011-01-24,26.840909957885746,,,,,,
2011-01-25,26.865816116333008,,,,,,
2011-01-26,26.94053649902344,,,,,,
2011-01-27,26.952978134155277,,,,,,
2011-01-28,26.566967010498047,,,,,,
2011-01-31,26.66659164428711,,,,,,
2011-02-01,27.0588321685791,,,,,,
2011-02-02,27.015249252319336,,,,,,
2011-02-03,27.0588321685791,,,,,,
2011-02-04,27.11486053466797,,,,,,
2011-02-07,27.23940086364746,,,,,,
2011-02-08,27.33278465270996,,,,,,
2011-02-09,27.28920555114746,,,,,,
2011-02-10,27.2767333984375,,,,,,
2011-02-11,27.370136260986328,,,,,,
2011-02-14,27.426179885864254,,,,,,
2011-02-15,27.351469039916992,,,,,,
2011-02-16,27.48220634460449,,,,,,
2011-02-17,27.644088745117188,,,,,,
2011-02-18,27.737478256225582,,,,,,
2011-02-22,27.40127182006836,,,,,,
2011-02-23,27.295429229736328,,,,,,
2011-02-24,27.25184440612793,,,,,,
2011-02-25,27.40127182006836,,,,,,
2011-02-28,27.60051155090332,,,,,,
2011-03-01,27.2767333984375,,,,,,
2011-03-02,27.326557159423828,,,,,,
2011-03-03,27.69389533996582,,,,,,
2011-03-04,27.51956558227539,,,,,,
2011-03-07,27.351469039916992,,,,,,
2011-03-08,27.58182716369629,,,,,,
2011-03-09,27.60051155090332,,,,,,
2011-03-10,27.158449172973636,,,,,,
2011-03-11,27.2767333984375,,,,,,
2011-03-14,27.133554458618164,,,,,,
2011-03-15,26.816015243530277,,,,,,
2011-03-16,26.34282112121582,,,,,,
2011-03-17,26.64168739318848,,,,,,
2011-03-18,26.784887313842773,,,,,,
2011-03-21,27.202035903930664,,,,,,
2011-03-22,27.146005630493164,,,,,,
2011-03-23,27.202035903930664,,,,,,
2011-03-24,27.40127182006836,,,,,,
2011-03-25,27.507862091064453,,,,,,
2011-03-28,27.47024917602539,,,,,,
2011-03-29,27.62073135375977,,,,,,
2011-03-30,27.840185165405277,,,,,,
2011-03-31,27.796300888061523,,,,,,
2011-04-01,27.940513610839844,,,,,,
2011-04-04,28.003219604492188,,,,,,
2011-04-05,28.034568786621094,,,,,,
2011-04-06,28.141176223754883,,,,,,
2011-04-07,28.084735870361328,,,,,,
2011-04-08,28.015758514404297,,,,,,
2011-04-11,28.003219604492188,,,,,,
2011-04-12,27.76494598388672,,,,,,
2011-04-13,27.76494598388672,,,,,,
2011-04-14,27.84645271301269,,,,,,
2011-04-15,28.022031784057617,,,,,,
2011-04-18,27.708515167236328,,,,,,
2011-04-19,27.827655792236328,,,,,,
2011-04-20,28.22895622253418,,,,,,
2011-04-21,28.26656913757324,,,,,,
2011-04-25,28.24776077270508,,,,,,
2011-04-26,28.56754493713379,,,,,,
2011-04-27,28.74938201904297,,,,,,
2011-04-28,28.881078720092773,,,,,,
2011-04-29,28.912410736083984,,,,,,
2011-05-02,28.9061336517334,,,,,,
2011-05-03,28.8371696472168,,,,,,
2011-05-04,28.705486297607425,,,,,,
2011-05-05,28.398242950439453,,,,,,
2011-05-06,28.49857711791992,,,,,,
2011-05-09,28.617712020874023,,,,,,
2011-05-10,28.799549102783203,,,,,,
2011-05-11,28.61143684387207,,,,,,
2011-05-12,28.80582427978516,,,,,,
2011-05-13,28.636518478393555,,,,,,
2011-05-16,28.548748016357425,,,,,,
2011-05-17,28.511125564575195,,,,,,
2011-05-18,28.74938201904297,,,,,,
2011-05-19,28.830904006958008,,,,,,
2011-05-20,28.636518478393555,,,,,,
2011-05-23,28.348094940185547,,,,,,
2011-05-24,28.291658401489254,,,,,,
2011-05-25,28.34182548522949,,,,,,
2011-05-26,28.410785675048828,,,,,,
2011-05-27,28.47976303100586,,,,,,
2011-05-31,28.743127822875977,,,,,,
2011-06-01,28.260303497314453,,,,,,
2011-06-02,28.12235641479492,,,,,,
2011-06-03,27.86526870727539,,,,,,
2011-06-06,27.66463279724121,,,,,,
2011-06-07,27.68343734741211,,,,,,
2011-06-08,27.66463279724121,,,,,,
2011-06-09,27.808847427368164,,,,,,
2011-06-10,27.42008781433105,,,,,,
2011-06-13,27.514129638671875,,,,,,
2011-06-14,27.827655792236328,,,,,,
2011-06-15,27.42008781433105,,,,,,
2011-06-16,27.56429672241211,,,,,,
2011-06-17,27.64581298828125,,,,,,
2011-06-20,27.84645271301269,,,,,,
2011-06-21,28.059659957885746,,,,,,
2011-06-22,27.884078979492188,,,,,,
2011-06-23,27.758668899536133,,,,,,
2011-06-24,27.49648094177246,,,,,,
2011-06-27,27.69865608215332,,,,,,
2011-06-28,28.001928329467773,,,,,,
2011-06-29,28.16618537902832,,,,,,
2011-06-30,28.425243377685547,,,,,,
2011-07-01,28.772735595703125,,,,,,
2011-07-05,28.715883255004883,,,,,,
2011-07-06,28.79800796508789,,,,,,
2011-07-07,29.031776428222656,,,,,,
2011-07-08,28.867504119873047,,,,,,
2011-07-11,28.526329040527344,,,,,,
2011-07-12,28.43154525756836,,,,,,
2011-07-13,28.48843002319336,,,,,,
2011-07-14,28.355751037597656,,,,,,
2011-07-15,28.425243377685547,,,,,,
2011-07-18,28.172515869140625,,,,,,
2011-07-19,28.51370429992676,,,,,,
2011-07-20,28.494741439819336,,,,,,
2011-07-21,28.823280334472656,,,,,,
2011-07-22,28.76643180847168,,,,,,
2011-07-25,28.60846519470215,,,,,,
2011-07-26,28.444202423095703,,,,,,
2011-07-27,28.02720069885254,,,,,,
2011-07-28,27.856609344482425,,,,,,
2011-07-29,27.648103713989254,,,,,,
2011-08-01,27.565975189208984,,,,,,
2011-08-02,26.99734115600586,,,,,,
2011-08-03,27.085798263549805,,,,,,
2011-08-04,26.011722564697266,,,,,,
2011-08-05,26.15072059631348,,,,,,
2011-08-08,24.760726928710938,,,,,,
2011-08-09,25.65789222717285,,,,,,
2011-08-10,24.653318405151367,,,,,,
2011-08-11,25.58208465576172,,,,,,
2011-08-12,25.790584564208984,,,,,,
2011-08-15,26.321304321289062,,,,,,
2011-08-16,26.20126724243164,,,,,,
2011-08-17,26.28970718383789,,,,,,
2011-08-18,25.43046188354492,,,,,,
2011-08-19,25.20931434631348,,,,,,
2011-08-22,25.202999114990234,,,,,,
2011-08-23,25.935895919799805,,,,,,
2011-08-24,26.28970718383789,,,,,,
2011-08-25,25.803220748901367,,,,,,
2011-08-26,26.08753967285156,,,,,,
2011-08-29,26.70671272277832,,,,,,
2011-08-30,26.78884506225586,,,,,,
2011-08-31,26.864660263061523,,,,,,
2011-09-01,26.66881561279297,,,,,,
2011-09-02,26.13176155090332,,,,,,
2011-09-06,25.954853057861328,,,,,,
2011-09-07,26.52980232238769,,,,,,
2011-09-08,26.321304321289062,,,,,,
2011-09-09,25.702131271362305,,,,,,
2011-09-12,25.82217025756836,,,,,,
2011-09-13,26.024349212646484,,,,,,
2011-09-14,26.35921669006348,,,,,,
2011-09-15,26.72567367553711,,,,,,
2011-09-16,26.92151260375977,,,,,,
2011-09-19,26.643526077270508,,,,,,
2011-09-20,26.71935272216797,,,,,,
2011-09-21,25.97381019592285,,,,,,
2011-09-22,25.310400009155277,,,,,,
2011-09-23,25.429468154907227,,,,,,
2011-09-26,25.92609214782715,,,,,,
2011-09-27,26.276273727416992,,,,,,
2011-09-28,25.8242130279541,,,,,,
2011-09-29,26.155292510986328,,,,,,
2011-09-30,25.73507499694824,,,,,,
2011-10-03,25.1047477722168,,,,,,
2011-10-04,25.512231826782227,,,,,,
2011-10-05,25.875152587890625,,,,,,
2011-10-06,26.136192321777344,,,,,,
2011-10-07,26.148927688598636,,,,,,
2011-10-10,26.849288940429688,,,,,,
2011-10-11,26.791996002197266,,,,,,
2011-10-12,27.01482582092285,,,,,,
2011-10-13,26.989362716674805,,,,,,
2011-10-14,27.307710647583008,,,,,,
2011-10-17,26.9129581451416,,,,,,
2011-10-18,27.358646392822266,,,,,,
2011-10-19,27.205833435058597,,,,,,
2011-10-20,27.33954429626465,,,,,,
2011-10-21,27.8043212890625,,,,,,
2011-10-24,27.938024520874023,,,,,,
2011-10-25,27.50507354736328,,,,,,
2011-10-26,27.79160499572754,,,,,,
2011-10-27,28.47922134399414,,,,,,
2011-10-28,28.396432876586918,,,,,,
2011-10-31,27.810705184936523,,,,,,
2011-11-01,27.19947052001953,,,,,,
2011-11-02,27.5623779296875,,,,,,
2011-11-03,27.99532699584961,,,,,,
2011-11-04,27.84253692626953,,,,,,
2011-11-07,28.05900764465332,,,,,,
2011-11-08,28.345508575439453,,,,,,
2011-11-09,27.50507354736328,,,,,,
2011-11-10,27.8043212890625,,,,,,
2011-11-11,28.256383895874023,,,,,,
2011-11-14,28.01443672180176,,,,,,
2011-11-15,28.103572845458984,,,,,,
2011-11-16,27.72156143188477,,,,,,
2011-11-17,27.4414119720459,,,,,,
2011-11-18,27.447772979736328,,,,,,
2011-11-21,27.008464813232425,,,,,,
2011-11-22,26.88112449645996,,,,,,
2011-11-23,26.390872955322266,,,,,,
2011-11-25,26.346302032470703,,,,,,
2011-11-28,26.982990264892575,,,,,,
2011-11-29,27.16763687133789,,,,,,
2011-11-30,28.16087913513184,,,,,,
2011-12-01,28.08446502685547,,,,,,
2011-12-02,28.033523559570312,,,,,,
2011-12-05,28.23728370666504,,,,,,
2011-12-06,28.33914375305176,,,,,,
2011-12-07,28.402816772460938,,,,,,
2011-12-08,27.96350860595703,,,,,,
2011-12-09,28.364612579345703,,,,,,
2011-12-12,28.05900764465332,,,,,,
2011-12-13,27.976228713989254,,,,,,
2011-12-14,27.77886390686035,,,,,,
2011-12-15,27.988962173461918,,,,,,
2011-12-16,28.0462703704834,,,,,,
2011-12-19,27.78522109985352,,,,,,
2011-12-20,28.504684448242188,,,,,,
2011-12-21,28.71977996826172,,,,,,
2011-12-22,28.85460662841797,,,,,,
2011-12-23,29.15639305114746,,,,,,
2011-12-27,29.18207359313965,,,,,,
2011-12-28,28.86104393005371,,,,,,
2011-12-29,29.188486099243164,,,,,,
2011-12-30,29.06007957458496,,,,,,
2012-01-03,29.329748153686523,,,,,,
2012-01-04,29.329748153686523,,,,,,
2012-01-05,29.329748153686523,,,,,,
2012-01-06,29.26553726196289,,,,,,
2012-01-09,29.29763984680176,,,,,,
2012-01-10,29.49026870727539,,,,,,
2012-01-11,29.47100830078125,,,,,,
2012-01-12,29.52236557006836,,,,,,
2012-01-13,29.45815086364746,,,,,,
2012-01-17,29.49026870727539,,,,,,
2012-01-18,29.689306259155277,,,,,,
2012-01-19,29.77277374267578,,,,,,
2012-01-20,29.914033889770508,,,,,,
2012-01-23,29.8626651763916,,,,,,
2012-01-24,29.77919006347656,,,,,,
2012-01-25,29.958969116210938,,,,,,
2012-01-26,29.88193130493164,,,,,,
2012-01-27,29.740671157836918,,,,,,
2012-01-30,29.631526947021484,,,,,,
2012-01-31,29.57373809814453,,,,,,
2012-02-01,29.811304092407227,,,,,,
2012-02-02,29.824138641357425,,,,,,
2012-02-03,30.132339477539062,,,,,,
2012-02-06,30.113073348999023,,,,,,
2012-02-07,30.19011878967285,,,,,,
2012-02-08,30.228639602661133,,,,,,
2012-02-09,30.215801239013672,,,,,,
2012-02-10,30.01035499572754,,,,,,
2012-02-13,30.19011878967285,,,,,,
2012-02-14,30.158016204833984,,,,,,
2012-02-15,30.016765594482425,,,,,,
2012-02-16,30.337797164916992,,,,,,
2012-02-17,30.45337677001953,,,,,,
2012-02-21,30.44694328308105,,,,,,
2012-02-22,30.337797164916992,,,,,,
2012-02-23,30.434112548828125,,,,,,
2012-02-24,30.485475540161133,,,,,,
2012-02-27,30.523998260498047,,,,,,
2012-02-28,30.601037979125977,,,,,,
2012-02-29,30.504735946655277,,,,,,
2012-03-01,30.60745620727539,,,,,,
2012-03-02,30.556100845336918,,,,,,
2012-03-05,30.536842346191406,,,,,,
2012-03-06,30.16444206237793,,,,,,
2012-03-07,30.337797164916992,,,,,,
2012-03-08,30.51757431030273,,,,,,
2012-03-09,30.613882064819336,,,,,,
2012-03-12,30.72945785522461,,,,,,
2012-03-13,31.17889976501465,,,,,,
2012-03-14,31.08902359008789,,,,,,
2012-03-15,31.223859786987305,,,,,,
2012-03-16,31.198169708251957,,,,,,
2012-03-19,31.24954032897949,,,,,,
2012-03-20,31.166061401367188,,,,,,
2012-03-21,31.114702224731445,,,,,,
2012-03-22,30.95417594909668,,,,,,
2012-03-23,31.037654876708984,,,,,,
2012-03-26,31.417770385742188,,,,,,
2012-03-27,31.346660614013672,,,,,,
2012-03-28,31.20443153381348,,,,,,
2012-03-29,31.17211151123047,,,,,,
2012-03-30,31.333724975585938,,,,,,
2012-04-02,31.51473999023437,,,,,,
2012-04-03,31.346660614013672,,,,,,
2012-04-04,31.126867294311523,,,,,,
2012-04-05,31.04928970336914,,,,,,
2012-04-09,30.726058959960938,,,,,,
2012-04-10,30.2412109375,,,,,,
2012-04-11,30.44808387756348,,,,,,
2012-04-12,30.75191879272461,,,,,,
2012-04-13,30.473934173583984,,,,,,
2012-04-16,30.622636795043945,,,,,,
2012-04-17,31.0169620513916,,,,,,
2012-04-18,30.89412879943848,,,,,,
2012-04-19,30.771299362182617,,,,,,
2012-04-20,30.99110412597656,,,,,,
2012-04-23,30.73252868652344,,,,,,
2012-04-24,30.907058715820312,,,,,,
2012-04-25,31.15918731689453,,,,,,
2012-04-26,31.37251853942871,,,,,,
2012-04-27,31.38544464111328,,,,,,
2012-04-30,31.3272647857666,,,,,,
2012-05-01,31.469480514526367,,,,,,
2012-05-02,31.38544464111328,,,,,,
2012-05-03,31.230287551879883,,,,,,
2012-05-04,30.868282318115234,,,,,,
2012-05-07,30.84242248535156,,,,,,
2012-05-08,30.758380889892575,,,,,,
2012-05-09,30.5385856628418,,,,,,
2012-05-10,30.69373893737793,,,,,,
2012-05-11,30.609691619873047,,,,,,
2012-05-14,30.34464454650879,,,,,,
2012-05-15,30.20890045166016,,,,,,
2012-05-16,30.15070533752441,,,,,,
2012-05-17,29.866283416748047,,,,,,
2012-05-18,29.685258865356445,,,,,,
2012-05-21,29.93738174438477,,,,,,
2012-05-22,29.98910140991211,,,,,,
2012-05-23,29.92445182800293,,,,,,
2012-05-24,30.086076736450195,,,,,,
2012-05-25,30.01495933532715,,,,,,
2012-05-29,30.26059913635254,,,,,,
2012-05-30,29.885656356811523,,,,,,
2012-05-31,29.866283416748047,,,,,,
2012-06-01,29.28445243835449,,,,,,
2012-06-04,29.25214385986328,,,,,,
2012-06-05,29.342647552490234,,,,,,
2012-06-06,29.95678329467773,,,,,,
2012-06-07,30.05375099182129,,,,,,
2012-06-08,30.273548126220703,,,,,,
2012-06-11,30.00203514099121,,,,,,
2012-06-12,30.305843353271484,,,,,,
2012-06-13,30.20890045166016,,,,,,
2012-06-14,30.57090187072754,,,,,,
2012-06-15,30.82303237915039,,,,,,
2012-06-18,30.835968017578125,,,,,,
2012-06-19,31.075145721435547,,,,,,
2012-06-20,31.036376953125,,,,,,
2012-06-21,30.48040199279785,,,,,,
2012-06-22,30.680814743041992,,,,,,
2012-06-25,30.283376693725582,,,,,,
2012-06-26,30.420202255249023,,,,,,
2012-06-27,30.67427444458008,,,,,,
2012-06-28,30.713380813598636,,,,,,
2012-06-29,31.35188865661621,,,,,,
2012-07-02,31.443113327026367,,,,,,
2012-07-03,31.586448669433597,,,,,,
2012-07-05,31.45613670349121,,,,,,
2012-07-06,31.215059280395508,,,,,,
2012-07-09,31.18899154663086,,,,,,
2012-07-10,31.05219078063965,,,,,,
2012-07-11,31.045669555664062,,,,,,
2012-07-12,30.96748352050781,,,,,,
2012-07-13,31.436580657958984,,,,,,
2012-07-16,31.36492919921875,,,,,,
2012-07-17,31.59947967529297,,,,,,
2012-07-18,31.80796241760254,,,,,,
2012-07-19,31.82098960876465,,,,,,
2012-07-20,31.625526428222656,,,,,,
2012-07-23,31.32582664489746,,,,,,
2012-07-24,31.045669555664062,,,,,,
2012-07-25,31.104305267333984,,,,,,
2012-07-26,31.61903190612793,,,,,,
2012-07-27,32.10114288330078,,,,,,
2012-07-30,32.140254974365234,,,,,,
2012-07-31,32.02296447753906,,,,,,
2012-08-01,31.98387908935547,,,,,,
2012-08-02,31.7232723236084,,,,,,
2012-08-03,32.224952697753906,,,,,,
2012-08-06,32.25752639770508,,,,,,
2012-08-07,32.29661560058594,,,,,,
2012-08-08,32.38133239746094,,,,,,
2012-08-09,32.37480545043945,,,,,,
2012-08-10,32.47254180908203,,,,,,
2012-08-13,32.40086364746094,,,,,,
2012-08-14,32.44646072387695,,,,,,
2012-08-15,32.43345260620117,,,,,,
2012-08-16,32.570255279541016,,,,,,
2012-08-17,32.563743591308594,,,,,,
2012-08-20,32.53767776489258,,,,,,
2012-08-21,32.42041015625,,,,,,
2012-08-22,32.342227935791016,,,,,,
2012-08-23,32.10114288330078,,,,,,
2012-08-24,32.316162109375,,,,,,
2012-08-27,32.316162109375,,,,,,
2012-08-28,32.32268142700195,,,,,,
2012-08-29,32.33571243286133,,,,,,
2012-08-30,32.146766662597656,,,,,,
2012-08-31,32.27055358886719,,,,,,
2012-09-04,32.23147201538086,,,,,,
2012-09-05,32.21192169189453,,,,,,
2012-09-06,32.79179000854492,,,,,,
2012-09-07,32.81133270263672,,,,,,
2012-09-10,32.70056915283203,,,,,,
2012-09-11,32.76572036743164,,,,,,
2012-09-12,32.79829788208008,,,,,,
2012-09-13,33.28042984008789,,,,,,
2012-09-14,33.27391815185547,,,,,,
2012-09-17,33.17618942260742,,,,,,
2012-09-18,33.20876693725586,,,,,,
2012-09-19,33.221797943115234,,,,,,
2012-09-20,33.3455810546875,,,,,,
2012-09-21,33.3260498046875,,,,,,
2012-09-24,33.36741256713867,,,,,,
2012-09-25,33.150691986083984,,,,,,
2012-09-26,33.03248977661133,,,,,,
2012-09-27,33.20323944091797,,,,,,
2012-09-28,33.09817886352539,,,,,,
2012-10-01,33.19009780883789,,,,,,
2012-10-02,33.22951889038086,,,,,,
2012-10-03,33.31488800048828,,,,,,
2012-10-04,33.57099533081055,,,,,,
2012-10-05,33.662933349609375,,,,,,
2012-10-08,33.610382080078125,,,,,,
2012-10-09,33.3280029296875,,,,,,
2012-10-10,33.04563522338867,,,,,,
2012-10-11,33.06532287597656,,,,,,
2012-10-12,32.95369338989258,,,,,,
2012-10-15,33.22294616699219,,,,,,
2012-10-16,33.472496032714844,,,,,,
2012-10-17,33.682640075683594,,,,,,
2012-10-18,33.70233917236328,,,,,,
2012-10-19,33.19009780883789,,,,,,
2012-10-22,33.12443542480469,,,,,,
2012-10-23,32.691001892089844,,,,,,
2012-10-24,32.63190078735352,,,,,,
2012-10-25,32.76323699951172,,,,,,
2012-10-26,32.73697280883789,,,,,,
2012-10-31,32.769813537597656,,,,,,
2012-11-01,33.03248977661133,,,,,,
2012-11-02,32.75011444091797,,,,,,
2012-11-05,32.74354934692383,,,,,,
2012-11-06,33.006221771240234,,,,,,
2012-11-07,32.31666946411133,,,,,,
2012-11-08,31.99489021301269,,,,,,
2012-11-09,31.98175811767578,,,,,,
2012-11-12,31.9292049407959,,,,,,
2012-11-13,31.8372802734375,,,,,,
2012-11-14,31.403858184814453,,,,,,
2012-11-15,31.318470001220703,,,,,,
2012-11-16,31.45639038085937,,,,,,
2012-11-19,31.93578720092773,,,,,,
2012-11-20,31.975191116333008,,,,,,
2012-11-21,32.07370376586914,,,,,,
2012-11-23,32.47429656982422,,,,,,
2012-11-26,32.38892364501953,,,,,,
2012-11-27,32.24444961547852,,,,,,
2012-11-28,32.51368713378906,,,,,,
2012-11-29,32.59906005859375,,,,,,
2012-11-30,32.65815734863281,,,,,,
2012-12-03,32.4874153137207,,,,,,
2012-12-04,32.4545783996582,,,,,,
2012-12-05,32.612205505371094,,,,,,
2012-12-06,32.65815734863281,,,,,,
2012-12-07,32.82891082763672,,,,,,
2012-12-10,32.86174392700195,,,,,,
2012-12-11,33.01279067993164,,,,,,
2012-12-12,33.039066314697266,,,,,,
2012-12-13,32.86832427978516,,,,,,
2012-12-14,32.79608154296875,,,,,,
2012-12-17,33.05876159667969,,,,,,
2012-12-18,33.308311462402344,,,,,,
2012-12-19,33.04563522338867,,,,,,
2012-12-20,33.20613098144531,,,,,,
2012-12-21,32.940853118896484,,,,,,
2012-12-24,32.814842224121094,,,,,,
2012-12-26,32.68219375610352,,,,,,
2012-12-27,32.64241409301758,,,,,,
2012-12-28,32.25111389160156,,,,,,
2012-12-31,32.7485237121582,,,,,,
2013-01-02,33.531097412109375,,,,,,
2013-01-03,33.47140884399414,,,,,,
2013-01-04,33.597412109375,,,,,,
2013-01-07,33.48466491699219,,,,,,
2013-01-08,33.358646392822266,,,,,,
2013-01-09,33.48466491699219,,,,,,
2013-01-10,33.72340393066406,,,,,,
2013-01-11,33.73668670654297,,,,,,
2013-01-14,33.796348571777344,,,,,,
2013-01-15,33.84278106689453,,,,,,
2013-01-16,33.76321029663086,,,,,,
2013-01-17,34.055015563964844,,,,,,
2013-01-18,34.16775131225586,,,,,,
2013-01-22,34.300392150878906,,,,,,
2013-01-23,34.293758392333984,,,,,,
2013-01-24,34.41312789916992,,,,,,
2013-01-25,34.605464935302734,,,,,,
2013-01-28,34.57892990112305,,,,,,
2013-01-29,34.83757019042969,,,,,,
2013-01-30,34.70494079589844,,,,,,
2013-01-31,34.59883499145508,,,,,,
2013-02-01,34.89727020263672,,,,,,
2013-02-04,34.572296142578125,,,,,,
2013-02-05,34.84420394897461,,,,,,
2013-02-06,34.903892517089844,,,,,,
2013-02-07,34.8707389831543,,,,,,
2013-02-08,34.97023010253906,,,,,,
2013-02-11,34.98347091674805,,,,,,
2013-02-12,35.06305694580078,,,,,,
2013-02-13,35.10285568237305,,,,,,
2013-02-14,35.09621810913086,,,,,,
2013-02-15,35.11612319946289,,,,,,
2013-02-19,35.39466094970703,,,,,,
2013-02-20,35.13600540161133,,,,,,
2013-02-21,34.9901008605957,,,,,,
2013-02-22,35.288551330566406,,,,,,
2013-02-25,34.744728088378906,,,,,,
2013-02-26,34.95695114135742,,,,,,
2013-02-27,35.368133544921875,,,,,,
2013-02-28,35.31507110595703,,,,,,
2013-03-01,35.4344596862793,,,,,,
2013-03-04,35.58699035644531,,,,,,
2013-03-05,35.87879180908203,,,,,,
2013-03-06,35.90532302856445,,,,,,
2013-03-07,35.94511795043945,,,,,,
2013-03-08,36.04458618164063,,,,,,
2013-03-11,36.1374397277832,,,,,,
2013-03-12,36.11752700805664,,,,,,
2013-03-13,36.16396331787109,,,,,,
2013-03-14,36.34966278076172,,,,,,
2013-03-15,36.22364807128906,,,,,,
2013-03-18,36.03132629394531,,,,,,
2013-03-19,36.07112121582031,,,,,,
2013-03-20,36.3032341003418,,,,,,
2013-03-21,36.08438491821289,,,,,,
2013-03-22,36.312042236328125,,,,,,
2013-03-25,36.22524642944336,,,,,,
2013-03-26,36.485626220703125,,,,,,
2013-03-27,36.47895812988281,,,,,,
2013-03-28,36.59244918823242,,,,,,
2013-04-01,36.56573867797852,,,,,,
2013-04-02,36.70594787597656,,,,,,
2013-04-03,36.41885757446289,,,,,,
2013-04-04,36.62582778930664,,,,,,
2013-04-05,36.485626220703125,,,,,,
2013-04-08,36.67923355102539,,,,,,
2013-04-09,36.819435119628906,,,,,,
2013-04-10,37.24003982543945,,,,,,
2013-04-11,37.34685134887695,,,,,,
2013-04-12,37.30011749267578,,,,,,
2013-04-15,36.52568054199219,,,,,,
2013-04-16,36.95296096801758,,,,,,
2013-04-17,36.559059143066406,,,,,,
2013-04-18,36.46559524536133,,,,,,
2013-04-19,36.839454650878906,,,,,,
2013-04-22,37.01972579956055,,,,,,
2013-04-23,37.35353088378906,,,,,,
2013-04-24,37.30680847167969,,,,,,
2013-04-25,37.42697143554688,,,,,,
2013-04-26,37.43363952636719,,,,,,
2013-04-29,37.65397262573242,,,,,,
2013-04-30,37.69402694702149,,,,,,
2013-05-01,37.3134765625,,,,,,
2013-05-02,37.56049728393555,,,,,,
2013-05-03,37.83422088623047,,,,,,
2013-05-06,37.780799865722656,,,,,,
2013-05-07,38.02116012573242,,,,,,
2013-05-08,38.10129165649414,,,,,,
2013-05-09,37.93436813354492,,,,,,
2013-05-10,38.0278434753418,,,,,,
2013-05-13,38.04118728637695,,,,,,
2013-05-14,38.45510482788086,,,,,,
2013-05-15,38.73551177978516,,,,,,
2013-05-16,38.62201690673828,,,,,,
2013-05-17,38.97585678100586,,,,,,
2013-05-20,38.9358024597168,,,,,,
2013-05-21,39.00257110595703,,,,,,
2013-05-22,38.76890182495117,,,,,,
2013-05-23,38.668739318847656,,,,,,
2013-05-24,38.662086486816406,,,,,,
2013-05-28,38.82897567749024,,,,,,
2013-05-29,38.47513961791992,,,,,,
2013-05-30,38.58864212036133,,,,,,
2013-05-31,37.96774673461914,,,,,,
2013-06-03,38.354957580566406,,,,,,
2013-06-04,38.248146057128906,,,,,,
2013-06-05,37.76746368408203,,,,,,
2013-06-06,38.08126068115234,,,,,,
2013-06-07,38.49517822265625,,,,,,
2013-06-10,38.52855682373047,,,,,,
2013-06-11,38.19474029541016,,,,,,
2013-06-12,37.961082458496094,,,,,,
2013-06-13,38.48183059692383,,,,,,
2013-06-14,38.29487609863281,,,,,,
2013-06-17,38.58196258544922,,,,,,
2013-06-18,38.84234237670898,,,,,,
2013-06-19,38.28152084350586,,,,,,
2013-06-20,37.3134765625,,,,,,
2013-06-21,37.60055923461914,,,,,,
2013-06-24,37.20977020263672,,,,,,
2013-06-25,37.53934097290039,,,,,,
2013-06-26,37.929473876953125,,,,,,
2013-06-27,38.15143966674805,,,,,,
2013-06-28,37.916011810302734,,,,,,
2013-07-01,38.10435104370117,,,,,,
2013-07-02,38.05727005004883,,,,,,
2013-07-03,38.09089279174805,,,,,,
2013-07-05,38.41376876831055,,,,,,
2013-07-08,38.68952178955078,,,,,,
2013-07-09,38.96531677246094,,,,,,
2013-07-10,38.97877502441406,,,,,,
2013-07-11,39.456329345703125,,,,,,
2013-07-12,39.44961166381836,,,,,,
2013-07-15,39.60431671142578,,,,,,
2013-07-16,39.46306610107422,,,,,,
2013-07-17,39.51686096191406,,,,,,
2013-07-18,39.69847106933594,,,,,,
2013-07-19,39.74557495117188,,,,,,
2013-07-22,39.806095123291016,,,,,,
2013-07-23,39.8262825012207,,,,,,
2013-07-24,39.61776351928711,,,,,,
2013-07-25,39.67829132080078,,,,,,
2013-07-26,39.705204010009766,,,,,,
2013-07-29,39.63121032714844,,,,,,
2013-07-30,39.63795471191406,,,,,,
2013-07-31,39.61103820800781,,,,,,
2013-08-01,39.9742546081543,,,,,,
2013-08-02,40.001163482666016,,,,,,
2013-08-05,39.88008499145508,,,,,,
2013-08-06,39.725379943847656,,,,,,
2013-08-07,39.65140151977539,,,,,,
2013-08-08,39.73883819580078,,,,,,
2013-08-09,39.61776351928711,,,,,,
2013-08-12,39.557220458984375,,,,,,
2013-08-13,39.5706787109375,,,,,,
2013-08-14,39.382354736328125,,,,,,
2013-08-15,38.81061172485352,,,,,,
2013-08-16,38.6357307434082,,,,,,
2013-08-19,38.42048263549805,,,,,,
2013-08-20,38.5146484375,,,,,,
2013-08-21,38.21197128295898,,,,,,
2013-08-22,38.48775100708008,,,,,,
2013-08-23,38.79716873168945,,,,,,
2013-08-26,38.53482818603516,,,,,,
2013-08-27,38.030372619628906,,,,,,
2013-08-28,38.131256103515625,,,,,,
2013-08-29,38.15817260742188,,,,,,
2013-08-30,38.0639877319336,,,,,,
2013-09-03,37.99673461914063,,,,,,
2013-09-04,38.27250671386719,,,,,,
2013-09-05,38.26578140258789,,,,,,
2013-09-06,38.27250671386719,,,,,,
2013-09-09,38.59537506103516,,,,,,
2013-09-10,38.91150665283203,,,,,,
2013-09-11,39.07292938232422,,,,,,
2013-09-12,38.938419342041016,,,,,,
2013-09-13,39.126739501953125,,,,,,
2013-09-16,39.41598510742188,,,,,,
2013-09-17,39.5706787109375,,,,,,
2013-09-18,40.05497741699219,,,,,,
2013-09-19,39.967533111572266,,,,,,
2013-09-20,39.65140151977539,,,,,,
2013-09-23,39.51384353637695,,,,,,
2013-09-24,39.39186477661133,,,,,,
2013-09-25,39.29021453857422,,,,,,
2013-09-26,39.35797119140625,,,,,,
2013-09-27,39.16823196411133,,,,,,
2013-09-30,38.958152770996094,,,,,,
2013-10-01,39.1953353881836,,,,,,
2013-10-02,39.12757110595703,,,,,,
2013-10-03,38.8226203918457,,,,,,
2013-10-04,39.0191535949707,,,,,,
2013-10-07,38.748085021972656,,,,,,
2013-10-08,38.422813415527344,,,,,,
2013-10-09,38.44990921020508,,,,,,
2013-10-10,39.23600769042969,,,,,,
2013-10-11,39.45962524414063,,,,,,
2013-10-14,39.59515380859375,,,,,,
2013-10-15,39.317325592041016,,,,,,
2013-10-16,39.80522155761719,,,,,,
2013-10-17,40.15761184692383,,,,,,
2013-10-18,40.32703399658203,,,,,,
2013-10-21,40.34056854248047,,,,,,
2013-10-22,40.611629486083984,,,,,,
2013-10-23,40.469329833984375,,,,,,
2013-10-24,40.54386138916016,,,,,,
2013-10-25,40.78104019165039,,,,,,
2013-10-28,40.90302276611328,,,,,,
2013-10-29,41.14020156860352,,,,,,
2013-10-30,40.91657257080078,,,,,,
2013-10-31,40.80813217163086,,,,,,
2013-11-01,40.93690490722656,,,,,,
2013-11-04,41.09275817871094,,,,,,
2013-11-05,40.97077941894531,,,,,,
2013-11-06,41.37738037109375,,,,,,
2013-11-07,40.9097900390625,,,,,,
2013-11-08,41.37738037109375,,,,,,
2013-11-11,41.35702896118164,,,,,,
2013-11-12,41.27573013305664,,,,,,
2013-11-13,41.50611877441406,,,,,,
2013-11-14,41.62133026123047,,,,,,
2013-11-15,41.83139801025391,,,,,,
2013-11-18,41.77042388916016,,,,,,
2013-11-19,41.71620559692383,,,,,,
2013-11-20,41.54679489135742,,,,,,
2013-11-21,41.81108474731445,,,,,,
2013-11-22,41.96015167236328,,,,,,
2013-11-25,41.89239883422852,,,,,,
2013-11-26,41.77042388916016,,,,,,
2013-11-27,41.79074096679688,,,,,,
2013-11-29,41.75008773803711,,,,,,
2013-12-02,41.58744430541992,,,,,,
2013-12-03,41.49257278442383,,,,,,
2013-12-04,41.47224807739258,,,,,,
2013-12-05,41.21474838256836,,,,,,
2013-12-06,41.74330520629883,,,,,,
2013-12-09,41.8585090637207,,,,,,
2013-12-10,41.66199493408203,,,,,,
2013-12-11,41.21474838256836,,,,,,
2013-12-12,41.07243347167969,,,,,,
2013-12-13,41.05888366699219,,,,,,
2013-12-16,41.30960464477539,,,,,,
2013-12-17,41.1740837097168,,,,,,
2013-12-18,41.872066497802734,,,,,,
2013-12-19,41.77042388916016,,,,,,
2013-12-20,41.97002029418945,,,,,,
2013-12-23,42.031532287597656,,,,,,
2013-12-24,42.222923278808594,,,,,,
2013-12-26,42.4621696472168,,,,,,
2013-12-27,42.523681640625,,,,,,
2013-12-30,42.523681640625,,,,,,
2013-12-31,42.598880767822266,,,,,,
2014-01-02,42.18874740600586,,,,,,
2014-01-03,42.1955680847168,,,,,,
2014-01-06,42.07938003540039,,,,,,
2014-01-07,42.31862258911133,,,,,,
2014-01-08,42.1955680847168,,,,,,
2014-01-09,42.17507553100586,,,,,,
2014-01-10,42.298118591308594,,,,,,
2014-01-13,41.86064910888672,,,,,,
2014-01-14,42.18191146850586,,,,,,
2014-01-15,42.3801383972168,,,,,,
2014-01-16,42.393802642822266,,,,,,
2014-01-17,42.18191146850586,,,,,,
2014-01-21,42.222923278808594,,,,,,
2014-01-22,42.222923278808594,,,,,,
2014-01-23,41.85380935668945,,,,,,
2014-01-24,41.101898193359375,,,,,,
2014-01-27,40.95837020874024,,,,,,
2014-01-28,41.19759750366211,,,,,,
2014-01-29,40.869476318359375,,,,,,
2014-01-30,41.12240982055664,,,,,,
2014-01-31,40.8968391418457,,,,,,
2014-02-03,39.97402191162109,,,,,,
2014-02-04,40.18593215942383,,,,,,
2014-02-05,40.11075592041016,,,,,,
2014-02-06,40.520877838134766,,,,,,
2014-02-07,40.98569107055664,,,,,,
2014-02-10,41.06772613525391,,,,,,
2014-02-11,41.52570724487305,,,,,,
2014-02-12,41.51203918457031,,,,,,
2014-02-13,41.71708297729492,,,,,,
2014-02-14,42.00419235229492,,,,,,
2014-02-18,41.95634460449219,,,,,,
2014-02-19,41.67609024047852,,,,,,
2014-02-20,41.98368453979492,,,,,,
2014-02-21,41.915321350097656,,,,,,
2014-02-24,42.086219787597656,,,,,,
2014-02-25,42.038368225097656,,,,,,
2014-02-26,42.038368225097656,,,,,,
2014-02-27,42.2434196472168,,,,,,
2014-02-28,42.37331771850586,,,,,,
2014-03-03,42.09305191040039,,,,,,
2014-03-04,42.68089294433594,,,,,,
2014-03-05,42.57152557373047,,,,,,
2014-03-06,42.64671325683594,,,,,,
2014-03-07,42.71508026123047,,,,,,
2014-03-10,42.68089294433594,,,,,,
2014-03-11,42.4621696472168,,,,,,
2014-03-12,42.51000213623047,,,,,,
2014-03-13,42.17507553100586,,,,,,
2014-03-14,42.10671615600586,,,,,,
2014-03-17,42.4826774597168,,,,,,
2014-03-18,42.76293563842773,,,,,,
2014-03-19,42.455326080322266,,,,,,
2014-03-20,42.76975631713867,,,,,,
2014-03-21,42.74925994873047,,,,,,
2014-03-24,42.73618698120117,,,,,,
2014-03-25,43.03890228271485,,,,,,
2014-03-26,42.8531494140625,,,,,,
2014-03-27,42.887542724609375,,,,,,
2014-03-28,43.10767364501953,,,,,,
2014-03-31,43.42415237426758,,,,,,
2014-04-01,43.57550048828125,,,,,,
2014-04-02,43.74060821533203,,,,,,
2014-04-03,43.747501373291016,,,,,,
2014-04-04,43.389739990234375,,,,,,
2014-04-07,43.05266189575195,,,,,,
2014-04-08,43.21776580810547,,,,,,
2014-04-09,43.52734375,,,,,,
2014-04-10,42.83250045776367,,,,,,
2014-04-11,42.55731964111328,,,,,,
2014-04-14,42.80498504638672,,,,,,
2014-04-15,43.06640625,,,,,,
2014-04-16,43.465423583984375,,,,,,
2014-04-17,43.58236312866211,,,,,,
2014-04-21,43.6993408203125,,,,,,
2014-04-22,43.80253219604492,,,,,,
2014-04-23,43.70620346069336,,,,,,
2014-04-24,43.89196014404297,,,,,,
2014-04-25,43.78876495361328,,,,,,
2014-04-28,44.16714096069336,,,,,,
2014-04-29,44.25658798217773,,,,,,
2014-04-30,44.339134216308594,,,,,,
2014-05-01,44.27034759521485,,,,,,
2014-05-02,44.18090057373047,,,,,,
2014-05-05,44.201541900634766,,,,,,
2014-05-06,43.88508605957031,,,,,,
2014-05-07,44.22218322753906,,,,,,
2014-05-08,44.1602668762207,,,,,,
2014-05-09,44.17402267456055,,,,,,
2014-05-12,44.42169189453125,,,,,,
2014-05-13,44.49736404418945,,,,,,
2014-05-14,44.373531341552734,,,,,,
2014-05-15,44.008907318115234,,,,,,
2014-05-16,44.16714096069336,,,,,,
2014-05-19,44.235939025878906,,,,,,
2014-05-20,43.98139953613281,,,,,,
2014-05-21,44.318504333496094,,,,,,
2014-05-22,44.3941764831543,,,,,,
2014-05-23,44.51112747192383,,,,,,
2014-05-27,44.70375442504883,,,,,,
2014-05-28,44.71752548217773,,,,,,
2014-05-29,44.93765640258789,,,,,,
2014-05-30,45.04086685180664,,,,,,
2014-06-02,45.027099609375,,,,,,
2014-06-03,45.033973693847656,,,,,,
2014-06-04,45.07526397705078,,,,,,
2014-06-05,45.37107849121094,,,,,,
2014-06-06,45.53619766235352,,,,,,
2014-06-09,45.61872482299805,,,,,,
2014-06-10,45.68065643310547,,,,,,
2014-06-11,45.48115158081055,,,,,,
2014-06-12,45.20597457885742,,,,,,
2014-06-13,45.3917236328125,,,,,,
2014-06-16,45.522422790527344,,,,,,
2014-06-17,45.59810256958008,,,,,,
2014-06-18,45.90769958496094,,,,,,
2014-06-19,45.99711990356445,,,,,,
2014-06-20,46.13471984863281,,,,,,
2014-06-23,46.09037780761719,,,,,,
2014-06-24,45.82015228271485,,,,,,
2014-06-25,45.9448471069336,,,,,,
2014-06-26,45.91022872924805,,,,,,
2014-06-27,45.96566390991211,,,,,,
2014-06-30,45.9517936706543,,,,,,
2014-07-01,46.166603088378906,,,,,,
2014-07-02,46.152740478515625,,,,,,
2014-07-03,46.36059188842773,,,,,,
2014-07-07,46.31901550292969,,,,,,
2014-07-08,46.11116409301758,,,,,,
2014-07-09,46.23588943481445,,,,,,
2014-07-10,46.12501525878906,,,,,,
2014-07-11,46.13194274902344,,,,,,
2014-07-14,46.31209182739258,,,,,,
2014-07-15,46.24281311035156,,,,,,
2014-07-16,46.52688980102539,,,,,,
2014-07-17,46.02800750732422,,,,,,
2014-07-18,46.40217590332031,,,,,,
2014-07-21,46.29130554199219,,,,,,
2014-07-22,46.43681335449219,,,,,,
2014-07-23,46.51995849609375,,,,,,
2014-07-24,46.52688980102539,,,,,,
2014-07-25,46.37446594238281,,,,,,
2014-07-28,46.42989349365234,,,,,,
2014-07-29,46.25666809082031,,,,,,
2014-07-30,46.104225158691406,,,,,,
2014-07-31,45.18270111083984,,,,,,
2014-08-01,45.09955978393555,,,,,,
2014-08-04,45.293548583984375,,,,,,
2014-08-05,44.85011672973633,,,,,,
2014-08-06,44.93325805664063,,,,,,
2014-08-07,44.75311279296875,,,,,,
2014-08-08,45.21734237670898,,,,,,
2014-08-11,45.35591506958008,,,,,,
2014-08-12,45.33512878417969,,,,,,
2014-08-13,45.62615585327149,,,,,,
2014-08-14,45.79936599731445,,,,,,
2014-08-15,45.79242706298828,,,,,,
2014-08-18,46.12501525878906,,,,,,
2014-08-19,46.34673690795898,,,,,,
2014-08-20,46.43681335449219,,,,,,
2014-08-21,46.582332611083984,,,,,,
2014-08-22,46.471466064453125,,,,,,
2014-08-25,46.679325103759766,,,,,,
2014-08-26,46.65853500366211,,,,,,
2014-08-27,46.741676330566406,,,,,,
2014-08-28,46.72782516479492,,,,,,
2014-08-29,46.8802604675293,,,,,,
2014-09-02,46.762474060058594,,,,,,
2014-09-03,46.72091293334961,,,,,,
2014-09-04,46.65853500366211,,,,,,
2014-09-05,46.90105819702149,,,,,,
2014-09-08,46.72782516479492,,,,,,
2014-09-09,46.47837829589844,,,,,,
2014-09-10,46.65853500366211,,,,,,
2014-09-11,46.76940536499024,,,,,,
2014-09-12,46.506107330322266,,,,,,
2014-09-15,46.5684700012207,,,,,,
2014-09-16,46.8525390625,,,,,,
2014-09-17,46.9149055480957,,,,,,
2014-09-18,47.12277603149414,,,,,,
2014-09-19,47.17819595336914,,,,,,
2014-09-22,46.9123649597168,,,,,,
2014-09-23,46.64027786254883,,,,,,
2014-09-24,46.891448974609375,,,,,,
2014-09-25,46.1867790222168,,,,,,
2014-09-26,46.51469039916992,,,,,,
2014-09-29,46.410037994384766,,,,,,
2014-09-30,46.333309173583984,,,,,,
2014-10-01,45.775150299072266,,,,,,
2014-10-02,45.75422286987305,,,,,,
2014-10-03,46.15888595581055,,,,,,
2014-10-06,46.13097381591797,,,,,,
2014-10-07,45.51002883911133,,,,,,
2014-10-08,46.29143524169922,,,,,,
2014-10-09,45.4542236328125,,,,,,
2014-10-10,45.06351089477539,,,,,,
2014-10-13,44.4635009765625,,,,,,
2014-10-14,44.44955062866211,,,,,,
2014-10-15,44.11466979980469,,,,,,
2014-10-16,44.01698684692383,,,,,,
2014-10-17,44.52629470825195,,,,,,
2014-10-20,44.96582794189453,,,,,,
2014-10-21,45.69840621948242,,,,,,
2014-10-22,45.53096771240234,,,,,,
2014-10-23,45.94261169433594,,,,,,
2014-10-24,46.31935501098633,,,,,,
2014-10-27,46.26352691650391,,,,,,
2014-10-28,46.73097610473633,,,,,,
2014-10-29,46.75192260742188,,,,,,
2014-10-30,46.98911666870117,,,,,,
2014-10-31,47.47751235961914,,,,,,
2014-11-03,47.57518005371094,,,,,,
2014-11-04,47.50542068481445,,,,,,
2014-11-05,47.81239700317383,,,,,,
2014-11-06,47.93797302246094,,,,,,
2014-11-07,48.04960250854492,,,,,,
2014-11-10,48.154258728027344,,,,,,
2014-11-11,48.175174713134766,,,,,,
2014-11-12,48.16820526123047,,,,,,
2014-11-13,48.23101043701172,,,,,,
2014-11-14,48.28682708740234,,,,,,
2014-11-17,48.38449478149414,,,,,,
2014-11-18,48.60078048706055,,,,,,
2014-11-19,48.53799057006836,,,,,,
2014-11-20,48.670555114746094,,,,,,
2014-11-21,48.879859924316406,,,,,,
2014-11-24,48.921722412109375,,,,,,
2014-11-25,48.8380012512207,,,,,,
2014-11-26,49.02637481689453,,,,,,
2014-11-28,48.914737701416016,,,,,,
2014-12-01,48.60776138305664,,,,,,
2014-12-02,48.879859924316406,,,,,,
2014-12-03,49.04030990600586,,,,,,
2014-12-04,48.94962692260742,,,,,,
2014-12-05,48.97752380371094,,,,,,
2014-12-08,48.54496383666992,,,,,,
2014-12-09,48.44032287597656,,,,,,
2014-12-10,47.65192794799805,,,,,,
2014-12-11,47.83331298828125,,,,,,
2014-12-12,47.02400970458984,,,,,,
2014-12-15,46.668190002441406,,,,,,
2014-12-16,46.40306854248047,,,,,,
2014-12-17,47.33796310424805,,,,,,
2014-12-18,48.47202682495117,,,,,,
2014-12-19,48.6268196105957,,,,,,
2014-12-22,48.87303161621094,,,,,,
2014-12-23,49.02780151367188,,,,,,
2014-12-24,49.0418701171875,,,,,,
2014-12-26,49.18961334228516,,,,,,
2014-12-29,49.210723876953125,,,,,,
2014-12-30,48.94338607788086,,,,,,
2014-12-31,48.36650466918945,,,,,,
2015-01-02,48.35243225097656,,,,,,
2015-01-05,47.480079650878906,,,,,,
2015-01-06,47.170536041259766,,,,,,
2015-01-07,47.705204010009766,,,,,,
2015-01-08,48.598663330078125,,,,,,
2015-01-09,48.225807189941406,,,,,,
2015-01-12,47.90921401977539,,,,,,
2015-01-13,47.81776428222656,,,,,,
2015-01-14,47.59968185424805,,,,,,
2015-01-15,47.261993408203125,,,,,,
2015-01-16,47.77556228637695,,,,,,
2015-01-20,47.93031692504883,,,,,,
2015-01-21,48.12026977539063,,,,,,
2015-01-22,48.76046752929688,,,,,,
2015-01-23,48.35947036743164,,,,,,
2015-01-26,48.47202682495117,,,,,,
2015-01-27,47.71223449707031,,,,,,
2015-01-28,47.23384475708008,,,,,,
2015-01-29,47.75443649291992,,,,,,
2015-01-30,46.973541259765625,,,,,,
2015-02-02,47.61372756958008,,,,,,
2015-02-03,48.24689865112305,,,,,,
2015-02-04,48.021785736083984,,,,,,
2015-02-05,48.52128601074219,,,,,,
2015-02-06,48.331329345703125,,,,,,
2015-02-09,48.15543746948242,,,,,,
2015-02-10,48.65494537353516,,,,,,
2015-02-11,48.6268196105957,,,,,,
2015-02-12,49.10520553588867,,,,,,
2015-02-13,49.25293350219727,,,,,,
2015-02-17,49.29513168334961,,,,,,
2015-02-18,49.2881088256836,,,,,,
2015-02-19,49.14741897583008,,,,,,
2015-02-20,49.365501403808594,,,,,,
2015-02-23,49.4077033996582,,,,,,
2015-02-24,49.58359146118164,,,,,,
2015-02-25,49.4428825378418,,,,,,
2015-02-26,49.4428825378418,,,,,,
2015-02-27,49.27404022216797,,,,,,
2015-03-02,49.42176055908203,,,,,,
2015-03-03,49.25293350219727,,,,,,
2015-03-04,48.99966430664063,,,,,,
2015-03-05,48.908203125,,,,,,
2015-03-06,48.23282623291016,,,,,,
2015-03-09,48.41574096679688,,,,,,
2015-03-10,47.69112014770508,,,,,,
2015-03-11,47.50117492675781,,,,,,
2015-03-12,48.049922943115234,,,,,,
2015-03-13,47.77556228637695,,,,,,
2015-03-16,48.34541320800781,,,,,,
2015-03-17,48.2398796081543,,,,,,
2015-03-18,48.86600875854492,,,,,,
2015-03-19,48.5283088684082,,,,,,
2015-03-20,48.887088775634766,,,,,,
2015-03-23,48.91685104370117,,,,,,
2015-03-24,48.53440475463867,,,,,,
2015-03-25,47.99614334106445,,,,,,
2015-03-26,47.86158752441406,,,,,,
2015-03-27,47.96074676513672,,,,,,
2015-03-30,48.56981658935547,,,,,,
2015-03-31,48.37151336669922,,,,,,
2015-04-01,48.05990219116211,,,,,,
2015-04-02,48.19446563720703,,,,,,
2015-04-06,48.55563735961914,,,,,,
2015-04-07,48.47067260742188,,,,,,
2015-04-08,48.47067260742188,,,,,,
2015-04-09,48.71855926513672,,,,,,
2015-04-10,49.11515045166016,,,,,,
2015-04-13,48.85310745239258,,,,,,
2015-04-14,48.9805908203125,,,,,,
2015-04-15,49.29220581054688,,,,,,
2015-04-16,49.26387405395508,,,,,,
2015-04-17,48.76811218261719,,,,,,
2015-04-20,49.22846603393555,,,,,,
2015-04-21,49.037235260009766,,,,,,
2015-04-22,49.28510284423828,,,,,,
2015-04-23,49.34178924560547,,,,,,
2015-04-24,49.5117416381836,,,,,,
2015-04-27,49.34178924560547,,,,,,
2015-04-28,49.72421646118164,,,,,,
2015-04-29,49.5117416381836,,,,,,
2015-04-30,49.19306182861328,,,,,,
2015-05-01,49.5117416381836,,,,,,
2015-05-04,49.65339660644531,,,,,,
2015-05-05,49.16472244262695,,,,,,
2015-05-06,48.952266693115234,,,,,,
2015-05-07,49.05140686035156,,,,,,
2015-05-08,49.681732177734375,,,,,,
2015-05-11,49.41260528564453,,,,,,
2015-05-12,49.28510284423828,,,,,,
2015-05-13,49.30636596679688,,,,,,
2015-05-14,49.752532958984375,,,,,,
2015-05-15,49.80921173095703,,,,,,
2015-05-18,49.85878753662109,,,,,,
2015-05-19,49.83753967285156,,,,,,
2015-05-20,49.88002014160156,,,,,,
2015-05-21,49.93669128417969,,,,,,
2015-05-22,49.72421646118164,,,,,,
2015-05-26,49.31343460083008,,,,,,
2015-05-27,49.65339660644531,,,,,,
2015-05-28,49.66048812866211,,,,,,
2015-05-29,49.377197265625,,,,,,
2015-06-01,49.3842658996582,,,,,,
2015-06-02,49.29928588867188,,,,,,
2015-06-03,49.32761764526367,,,,,,
2015-06-04,48.93100357055664,,,,,,
2015-06-05,48.72562789916992,,,,,,
2015-06-08,48.52732467651367,,,,,,
2015-06-09,48.5768928527832,,,,,,
2015-06-10,49.10805892944336,,,,,,
2015-06-11,49.24262619018555,,,,,,
2015-06-12,48.83185577392578,,,,,,
2015-06-15,48.59105682373047,,,,,,
2015-06-16,48.88143157958984,,,,,,
2015-06-17,49.00185394287109,,,,,,
2015-06-18,49.525909423828125,,,,,,
2015-06-19,49.24971771240234,,,,,,
2015-06-22,49.53299331665039,,,,,,
2015-06-23,49.4975814819336,,,,,,
2015-06-24,49.12931442260742,,,,,,
2015-06-25,48.938087463378906,,,,,,
2015-06-26,49.02376556396485,,,,,,
2015-06-29,48.08127975463867,,,,,,
2015-06-30,48.0670051574707,,,,,,
2015-07-01,48.3882942199707,,,,,,
2015-07-02,48.40258026123047,,,,,,
2015-07-06,48.24549865722656,,,,,,
2015-07-07,48.609649658203125,,,,,,
2015-07-08,47.93134307861328,,,,,,
2015-07-09,47.959903717041016,,,,,,
2015-07-10,48.466835021972656,,,,,,
2015-07-13,48.91667556762695,,,,,,
2015-07-14,49.07376480102539,,,,,,
2015-07-15,48.980934143066406,,,,,,
2015-07-16,49.34505844116211,,,,,,
2015-07-17,49.10945892333984,,,,,,
2015-07-20,49.07376480102539,,,,,,
2015-07-21,48.79528045654297,,,,,,
2015-07-22,48.65249252319336,,,,,,
2015-07-23,48.39543914794922,,,,,,
2015-07-24,47.91706085205078,,,,,,
2015-07-27,47.738563537597656,,,,,,
2015-07-28,48.27406692504883,,,,,,
2015-07-29,48.659645080566406,,,,,,
2015-07-30,48.68103790283203,,,,,,
2015-07-31,48.57394027709961,,,,,,
2015-08-03,48.43115234375,,,,,,
2015-08-04,48.338321685791016,,,,,,
2015-08-05,48.54537963867188,,,,,,
2015-08-06,48.3169059753418,,,,,,
2015-08-07,48.13840866088867,,,,,,
2015-08-10,48.7524528503418,,,,,,
2015-08-11,48.338321685791016,,,,,,
2015-08-12,48.42401123046875,,,,,,
2015-08-13,48.338321685791016,,,,,,
2015-08-14,48.552528381347656,,,,,,
2015-08-17,48.723876953125,,,,,,
2015-08-18,48.5667839050293,,,,,,
2015-08-19,48.15981674194336,,,,,,
2015-08-20,47.37441253662109,,,,,,
2015-08-21,46.06064987182617,,,,,,
2015-08-24,43.868629455566406,,,,,,
2015-08-25,43.447364807128906,,,,,,
2015-08-26,45.02532958984375,,,,,,
2015-08-27,46.06776809692383,,,,,,
2015-08-28,46.089202880859375,,,,,,
2015-08-31,45.82502746582031,,,,,,
2015-09-01,44.44699478149414,,,,,,
2015-09-02,45.13958358764648,,,,,,
2015-09-03,45.289512634277344,,,,,,
2015-09-04,44.568359375,,,,,,
2015-09-08,45.66079711914063,,,,,,
2015-09-09,45.01819610595703,,,,,,
2015-09-10,45.175289154052734,,,,,,
2015-09-11,45.26810073852539,,,,,,
2015-09-14,45.1324348449707,,,,,,
2015-09-15,45.74648666381836,,,,,,
2015-09-16,46.19629669189453,,,,,,
2015-09-17,46.082061767578125,,,,,,
2015-09-18,45.38234329223633,,,,,,
2015-09-21,45.57511520385742,,,,,,
2015-09-22,45.06818008422852,,,,,,
2015-09-23,44.9227180480957,,,,,,
2015-09-24,44.901145935058594,,,,,,
2015-09-25,45.06673812866211,,,,,,
2015-09-28,44.19549179077149,,,,,,
2015-09-29,44.36109161376953,,,,,,
2015-09-30,45.10994720458984,,,,,,
2015-10-01,45.06673812866211,,,,,,
2015-10-02,45.693153381347656,,,,,,
2015-10-05,46.686798095703125,,,,,,
2015-10-06,46.701202392578125,,,,,,
2015-10-07,47.140419006347656,,,,,,
2015-10-08,47.63725280761719,,,,,,
2015-10-09,47.54363632202149,,,,,,
2015-10-12,47.486026763916016,,,,,,
2015-10-13,47.2196159362793,,,,,,
2015-10-14,47.06121826171875,,,,,,
2015-10-15,47.6948356628418,,,,,,
2015-10-16,47.98284149169922,,,,,,
2015-10-19,47.88205337524414,,,,,,
2015-10-20,47.8316535949707,,,,,,
2015-10-21,47.63003921508789,,,,,,
2015-10-22,48.58048629760742,,,,,,
2015-10-23,49.01250457763672,,,,,,
2015-10-26,48.832496643066406,,,,,,
2015-10-27,48.6380729675293,,,,,,
2015-10-28,49.17090225219727,,,,,,
2015-10-29,49.03409957885742,,,,,,
2015-10-30,48.90448760986328,,,,,,
2015-11-02,49.43731689453125,,,,,,
2015-11-03,49.581321716308594,,,,,,
2015-11-04,49.45171737670898,,,,,,
2015-11-05,49.30051803588867,,,,,,
2015-11-06,49.21411895751953,,,,,,
2015-11-09,48.72448348999024,,,,,,
2015-11-10,48.832496643066406,,,,,,
2015-11-11,48.79648208618164,,,,,,
2015-11-12,48.09086227416992,,,,,,
2015-11-13,47.730838775634766,,,,,,
2015-11-16,48.46527862548828,,,,,,
2015-11-17,48.32847213745117,,,,,,
2015-11-18,48.93330001831055,,,,,,
2015-11-19,49.04130172729492,,,,,,
2015-11-20,49.07730865478516,,,,,,
2015-11-23,49.01971054077149,,,,,,
2015-11-24,49.1853141784668,,,,,,
2015-11-25,49.09169006347656,,,,,,
2015-11-27,49.1493034362793,,,,,,
2015-11-30,49.01250457763672,,,,,,
2015-12-01,49.44451904296875,,,,,,
2015-12-02,48.89009475708008,,,,,,
2015-12-03,48.27086639404297,,,,,,
2015-12-04,49.12770462036133,,,,,,
2015-12-07,48.803672790527344,,,,,,
2015-12-08,48.35728073120117,,,,,,
2015-12-09,48.220462799072266,,,,,,
2015-12-10,48.29248046875,,,,,,
2015-12-11,47.45723342895508,,,,,,
2015-12-14,47.74524688720703,,,,,,
2015-12-15,48.3356819152832,,,,,,
2015-12-16,49.01250457763672,,,,,,
2015-12-17,48.35728073120117,,,,,,
2015-12-18,47.52923202514648,,,,,,
2015-12-21,47.84095001220703,,,,,,
2015-12-22,48.3495979309082,,,,,,
2015-12-23,49.07621765136719,,,,,,
2015-12-24,48.93815612792969,,,,,,
2015-12-28,48.814640045166016,,,,,,
2015-12-29,49.27967071533203,,,,,,
2015-12-30,48.98175430297852,,,,,,
2015-12-31,48.50217819213867,,,,,,
2016-01-04,47.9208869934082,,,,,,
2016-01-05,48.16067123413086,,,,,,
2016-01-06,47.528507232666016,,,,,,
2016-01-07,46.50397109985352,,,,,,
2016-01-08,45.98081207275391,,,,,,
2016-01-11,46.03166198730469,,,,,,
2016-01-12,46.27870559692383,,,,,,
2016-01-13,45.41403198242188,,,,,,
2016-01-14,46.24238967895508,,,,,,
2016-01-15,45.3486328125,,,,,,
2016-01-19,45.34136962890625,,,,,,
2016-01-20,44.69466781616211,,,,,,
2016-01-21,44.99258041381836,,,,,,
2016-01-22,45.835479736328125,,,,,,
2016-01-25,45.18878173828125,,,,,,
2016-01-26,45.9444694519043,,,,,,
2016-01-27,45.71195602416992,,,,,,
2016-01-28,46.01713943481445,,,,,,
2016-01-29,47.13614273071289,,,,,,
2016-02-01,47.01986312866211,,,,,,
2016-02-02,46.25691604614258,,,,,,
2016-02-03,46.72196578979492,,,,,,
2016-02-04,46.79461669921875,,,,,,
2016-02-05,46.32231521606445,,,,,,
2016-02-08,46.10432434082031,,,,,,
2016-02-09,46.053466796875,,,,,,
2016-02-10,45.8572883605957,,,,,,
2016-02-11,45.29051971435547,,,,,,
2016-02-12,46.18424987792969,,,,,,
2016-02-16,46.85275650024414,,,,,,
2016-02-17,47.44130325317383,,,,,,
2016-02-18,47.44858169555664,,,,,,
2016-02-19,47.33232498168945,,,,,,
2016-02-22,47.89908218383789,,,,,,
2016-02-23,47.34686279296875,,,,,,
2016-02-24,47.48490524291992,,,,,,
2016-02-25,48.01534652709961,,,,,,
2016-02-26,47.75376892089844,,,,,,
2016-02-29,47.37591552734375,,,,,,
2016-03-01,48.32052993774414,,,,,,
2016-03-02,48.683837890625,,,,,,
2016-03-03,48.88003158569336,,,,,,
2016-03-04,49.06895446777344,,,,,,
2016-03-07,49.28694915771485,,,,,,
2016-03-08,48.87277221679688,,,,,,
2016-03-09,49.18521499633789,,,,,,
2016-03-10,49.170692443847656,,,,,,
2016-03-11,49.766510009765625,,,,,,
2016-03-14,49.65025329589844,,,,,,
2016-03-15,49.56829071044922,,,,,,
2016-03-16,49.83904266357422,,,,,,
2016-03-17,50.300048828125,,,,,,
2016-03-18,50.402488708496094,,,,,,
2016-03-21,50.43175506591797,,,,,,
2016-03-22,50.35857009887695,,,,,,
2016-03-23,50.058570861816406,,,,,,
2016-03-24,50.06587600708008,,,,,,
2016-03-28,50.07319641113281,,,,,,
2016-03-29,50.46102523803711,,,,,,
2016-03-30,50.63665008544922,,,,,,
2016-03-31,50.51956558227539,,,,,,
2016-04-01,50.74641418457031,,,,,,
2016-04-04,50.57810592651367,,,,,,
2016-04-05,50.11710739135742,,,,,,
2016-04-06,50.51956558227539,,,,,,
2016-04-07,50.051246643066406,,,,,,
2016-04-08,50.22685623168945,,,,,,
2016-04-11,50.13174819946289,,,,,,
2016-04-12,50.60004806518555,,,,,,
2016-04-13,50.97324752807617,,,,,,
2016-04-14,50.93665313720703,,,,,,
2016-04-15,50.90739440917969,,,,,,
2016-04-18,51.26594543457031,,,,,,
2016-04-19,51.55132293701172,,,,,,
2016-04-20,51.43424606323242,,,,,,
2016-04-21,51.04642105102539,,,,,,
2016-04-22,51.12692642211914,,,,,,
2016-04-25,51.0757064819336,,,,,,
2016-04-26,51.21471786499024,,,,,,
2016-04-27,51.514747619628906,,,,,,
2016-04-28,51.14886474609375,,,,,,
2016-04-29,50.885440826416016,,,,,,
2016-05-02,51.19276428222656,,,,,,
2016-05-03,50.76835250854492,,,,,,
2016-05-04,50.526885986328125,,,,,,
2016-05-05,50.49760437011719,,,,,,
2016-05-06,50.6951904296875,,,,,,
2016-05-09,50.68054962158203,,,,,,
2016-05-10,51.26594543457031,,,,,,
2016-05-11,50.98056411743164,,,,,,
2016-05-12,51.090328216552734,,,,,,
2016-05-13,50.570777893066406,,,,,,
2016-05-16,51.03177261352539,,,,,,
2016-05-17,50.504920959472656,,,,,,
2016-05-18,50.40980529785156,,,,,,
2016-05-19,50.31467819213867,,,,,,
2016-05-20,50.556148529052734,,,,,,
2016-05-23,50.44639587402344,,,,,,
2016-05-24,51.03910446166992,,,,,,
2016-05-25,51.44155883789063,,,,,,
2016-05-26,51.44155883789063,,,,,,
2016-05-27,51.624488830566406,,,,,,
2016-05-31,51.5952262878418,,,,,,
2016-06-01,51.68303298950195,,,,,,
2016-06-02,51.84401321411133,,,,,,
2016-06-03,51.82937240600586,,,,,,
2016-06-06,52.085487365722656,,,,,,
2016-06-07,52.2391471862793,,,,,,
2016-06-08,52.363563537597656,,,,,,
2016-06-09,52.30502700805664,,,,,,
2016-06-10,51.99036407470703,,,,,,
2016-06-13,51.57329177856445,,,,,,
2016-06-14,51.53668212890625,,,,,,
2016-06-15,51.4561882019043,,,,,,
2016-06-16,51.70500183105469,,,,,,
2016-06-17,51.64645004272461,,,,,,
2016-06-20,51.94647979736328,,,,,,
2016-06-21,52.09991836547852,,,,,,
2016-06-22,52.01139068603516,,,,,,
2016-06-23,52.70487594604492,,,,,,
2016-06-24,50.99329376220703,,,,,,
2016-06-27,50.314552307128906,,,,,,
2016-06-28,51.037559509277344,,,,,,
2016-06-29,51.84907913208008,,,,,,
2016-06-30,52.71962738037109,,,,,,
2016-07-01,52.74176406860352,,,,,,
2016-07-05,52.446659088134766,,,,,,
2016-07-06,52.72700119018555,,,,,,
2016-07-07,52.53518295288086,,,,,,
2016-07-08,53.28033065795898,,,,,,
2016-07-11,53.47211837768555,,,,,,
2016-07-12,53.80411148071289,,,,,,
2016-07-13,53.94430541992188,,,,,,
2016-07-14,54.16561508178711,,,,,,
2016-07-15,54.14348602294922,,,,,,
2016-07-18,54.12872695922852,,,,,,
2016-07-19,54.06971740722656,,,,,,
2016-07-20,54.23939514160156,,,,,,
2016-07-21,54.11398315429688,,,,,,
2016-07-22,54.372188568115234,,,,,,
2016-07-25,54.2246208190918,,,,,,
2016-07-26,54.2246208190918,,,,,,
2016-07-27,53.97380447387695,,,,,,
2016-07-28,53.87788391113281,,,,,,
2016-07-29,53.95904159545898,,,,,,
2016-08-01,53.80411148071289,,,,,,
2016-08-02,53.52378082275391,,,,,,
2016-08-03,53.59016799926758,,,,,,
2016-08-04,53.63442611694336,,,,,,
2016-08-05,53.914772033691406,,,,,,
2016-08-08,53.90739440917969,,,,,,
2016-08-09,53.88526916503906,,,,,,
2016-08-10,53.7451057434082,,,,,,
2016-08-11,54.02545928955078,,,,,,
2016-08-12,53.94430541992188,,,,,,
2016-08-15,54.03281784057617,,,,,,
2016-08-16,53.7303352355957,,,,,,
2016-08-17,53.89266204833984,,,,,,
2016-08-18,54.06971740722656,,,,,,
2016-08-19,53.914772033691406,,,,,,
2016-08-22,53.88526916503906,,,,,,
2016-08-23,53.97380447387695,,,,,,
2016-08-24,53.81887435913086,,,,,,
2016-08-25,53.826263427734375,,,,,,
2016-08-26,53.64180374145508,,,,,,
2016-08-29,54.00331497192383,,,,,,
2016-08-30,53.89266204833984,,,,,,
2016-08-31,53.79673385620117,,,,,,
2016-09-01,53.78936767578125,,,,,,
2016-09-02,54.04020690917969,,,,,,
2016-09-06,54.2246208190918,,,,,,
2016-09-07,54.21725082397461,,,,,,
2016-09-08,54.19511413574219,,,,,,
2016-09-09,52.85979080200195,,,,,,
2016-09-12,53.59016799926758,,,,,,
2016-09-13,52.75316619873047,,,,,,
2016-09-14,52.604637145996094,,,,,,
2016-09-15,53.10966110229492,,,,,,
2016-09-16,52.91656112670898,,,,,,
2016-09-19,52.94627380371094,,,,,,
2016-09-20,52.93883514404297,,,,,,
2016-09-21,53.52554702758789,,,,,,
2016-09-22,53.80776596069336,,,,,,
2016-09-23,53.54783630371094,,,,,,
2016-09-26,53.0873908996582,,,,,,
2016-09-27,53.38445663452149,,,,,,
2016-09-28,53.696380615234375,,,,,,
2016-09-29,53.22848129272461,,,,,,
2016-09-30,53.57754135131836,,,,,,
2016-10-03,53.41416931152344,,,,,,
2016-10-04,53.05767059326172,,,,,,
2016-10-05,53.33988571166992,,,,,,
2016-10-06,53.35476303100586,,,,,,
2016-10-07,53.265625,,,,,,
2016-10-10,53.42900466918945,,,,,,
2016-10-11,52.86456298828125,,,,,,
2016-10-12,52.8868408203125,,,,,,
2016-10-13,52.73087692260742,,,,,,
2016-10-14,52.75316619873047,,,,,,
2016-10-17,52.62690353393555,,,,,,
2016-10-18,52.827430725097656,,,,,,
2016-10-19,52.84971237182617,,,,,,
2016-10-20,52.68632125854492,,,,,,
2016-10-21,52.68632125854492,,,,,,
2016-10-24,52.90171432495117,,,,,,
2016-10-25,52.90171432495117,,,,,,
2016-10-26,52.97597885131836,,,,,,
2016-10-27,52.8942756652832,,,,,,
2016-10-28,52.79030227661133,,,,,,
2016-10-31,52.8942756652832,,,,,,
2016-11-01,52.537784576416016,,,,,,
2016-11-02,52.20356750488281,,,,,,
2016-11-03,52.11445999145508,,,,,,
2016-11-04,51.965911865234375,,,,,,
2016-11-07,53.02052688598633,,,,,,
2016-11-08,53.28047180175781,,,,,,
2016-11-09,53.97115707397461,,,,,,
2016-11-10,54.15683364868164,,,,,,
2016-11-11,54.104862213134766,,,,,,
2016-11-14,54.21626281738281,,,,,,
2016-11-15,54.617305755615234,,,,,,
2016-11-16,54.42421340942383,,,,,,
2016-11-17,54.58017349243164,,,,,,
2016-11-18,54.54303741455078,,,,,,
2016-11-21,54.91439437866211,,,,,,
2016-11-22,55.11491012573242,,,,,,
2016-11-23,55.07779312133789,,,,,,
2016-11-25,55.35255432128906,,,,,,
2016-11-28,55.218875885009766,,,,,,
2016-11-29,55.24859619140625,,,,,,
2016-11-30,55.12976837158203,,,,,,
2016-12-01,55.01836395263672,,,,,,
2016-12-02,55.05548858642578,,,,,,
2016-12-05,55.32284927368164,,,,,,
2016-12-06,55.54568099975586,,,,,,
2016-12-07,56.30322265625,,,,,,
2016-12-08,56.3848991394043,,,,,,
2016-12-09,56.76367568969727,,,,,,
2016-12-12,56.87508392333984,,,,,,
2016-12-13,57.23158645629883,,,,,,
2016-12-14,56.62257766723633,,,,,,
2016-12-15,56.91221618652344,,,,,,
2016-12-16,56.93450164794922,,,,,,
2016-12-19,57.12017822265625,,,,,,
2016-12-20,57.31327438354492,,,,,,
2016-12-21,57.17959213256836,,,,,,
2016-12-22,57.15486526489258,,,,,,
2016-12-23,57.22977828979492,,,,,,
2016-12-27,57.30469512939453,,,,,,
2016-12-28,56.85519027709961,,,,,,
2016-12-29,56.9226188659668,,,,,,
2016-12-30,56.76529312133789,,,,,,
2017-01-03,57.06495666503906,,,,,,
2017-01-04,57.22977828979492,,,,,,
2017-01-05,57.1024284362793,,,,,,
2017-01-06,57.1174201965332,,,,,,
2017-01-09,56.75779724121094,,,,,,
2017-01-10,56.66040802001953,,,,,,
2017-01-11,56.8252182006836,,,,,,
2017-01-12,56.705360412597656,,,,,,
2017-01-13,56.75779724121094,,,,,,
2017-01-17,56.60048675537109,,,,,,
2017-01-18,56.69036102294922,,,,,,
2017-01-19,56.48058319091797,,,,,,
2017-01-20,56.71283721923828,,,,,,
2017-01-23,56.5030632019043,,,,,,
2017-01-24,56.8252182006836,,,,,,
2017-01-25,57.29720306396485,,,,,,
2017-01-26,57.17734146118164,,,,,,
2017-01-27,57.16984939575195,,,,,,
2017-01-30,56.81024169921875,,,,,,
2017-01-31,56.7428092956543,,,,,,
2017-02-01,56.48058319091797,,,,,,
2017-02-02,56.60048675537109,,,,,,
2017-02-03,57.034969329833984,,,,,,
2017-02-06,56.90764617919922,,,,,,
2017-02-07,56.87019729614258,,,,,,
2017-02-08,56.90764617919922,,,,,,
2017-02-09,57.20730209350586,,,,,,
2017-02-10,57.38710021972656,,,,,,
2017-02-13,57.694278717041016,,,,,,
2017-02-14,57.91153717041016,,,,,,
2017-02-15,58.19622039794922,,,,,,
2017-02-16,58.21120834350586,,,,,,
2017-02-17,58.27115249633789,,,,,,
2017-02-21,58.61576843261719,,,,,,
2017-02-22,58.55583953857422,,,,,,
2017-02-23,58.76560592651367,,,,,,
2017-02-24,58.86298751831055,,,,,,
2017-02-27,58.892948150634766,,,,,,
2017-02-28,58.77308654785156,,,,,,
2017-03-01,59.50731658935547,,,,,,
2017-03-02,59.18512344360352,,,,,,
2017-03-03,59.19261932373047,,,,,,
2017-03-06,59.05778503417969,,,,,,
2017-03-07,58.84052276611328,,,,,,
2017-03-08,58.66820907592773,,,,,,
2017-03-09,58.72813034057617,,,,,,
2017-03-10,58.990352630615234,,,,,,
2017-03-13,58.9528923034668,,,,,,
2017-03-14,58.72813034057617,,,,,,
2017-03-15,59.26755905151367,,,,,,
2017-03-16,59.170143127441406,,,,,,
2017-03-17,59.13270950317383,,,,,,
2017-03-20,58.990352630615234,,,,,,
2017-03-21,58.39101791381836,,,,,,
2017-03-22,58.45892333984375,,,,,,
2017-03-23,58.39101028442383,,,,,,
2017-03-24,58.3155403137207,,,,,,
2017-03-27,58.21746444702149,,,,,,
2017-03-28,58.57965087890625,,,,,,
2017-03-29,58.57212448120117,,,,,,
2017-03-30,58.76830291748047,,,,,,
2017-03-31,58.594757080078125,,,,,,
2017-04-03,58.45137786865234,,,,,,
2017-04-04,58.57212448120117,,,,,,
2017-04-05,58.37591552734375,,,,,,
2017-04-06,58.46646881103516,,,,,,
2017-04-07,58.39857864379883,,,,,,
2017-04-10,58.39857864379883,,,,,,
2017-04-11,58.39857864379883,,,,,,
2017-04-12,58.20993041992188,,,,,,
2017-04-13,57.76469039916992,,,,,,
2017-04-17,58.15708923339844,,,,,,
2017-04-18,58.02880096435547,,,,,,
2017-04-19,57.80997467041016,,,,,,
2017-04-20,58.12690353393555,,,,,,
2017-04-21,57.96090316772461,,,,,,
2017-04-24,58.57965087890625,,,,,,
2017-04-25,58.86640548706055,,,,,,
2017-04-26,58.760780334472656,,,,,,
2017-04-27,58.76830291748047,,,,,,
2017-04-28,58.54946517944336,,,,,,
2017-05-01,58.5117301940918,,,,,,
2017-05-02,58.46646881103516,,,,,,
2017-05-03,58.45137786865234,,,,,,
2017-05-04,58.45137786865234,,,,,,
2017-05-05,58.70041275024414,,,,,,
2017-05-08,58.6400260925293,,,,,,
2017-05-09,58.44382858276367,,,,,,
2017-05-10,58.51929473876953,,,,,,
2017-05-11,58.33065032958984,,,,,,
2017-05-12,58.16462707519531,,,,,,
2017-05-15,58.50421524047852,,,,,,
2017-05-16,58.4815559387207,,,,,,
2017-05-17,57.63640213012695,,,,,,
2017-05-18,57.70431518554688,,,,,,
2017-05-19,58.06653594970703,,,,,,
2017-05-22,58.32310104370117,,,,,,
2017-05-23,58.489105224609375,,,,,,
2017-05-24,58.54192352294922,,,,,,
2017-05-25,58.753231048583984,,,,,,
2017-05-26,58.753231048583984,,,,,,
2017-05-30,58.73812103271485,,,,,,
2017-05-31,58.760780334472656,,,,,,
2017-06-01,59.2286262512207,,,,,,
2017-06-02,59.33424377441406,,,,,,
2017-06-05,59.31163024902344,,,,,,
2017-06-06,59.183326721191406,,,,,,
2017-06-07,59.183326721191406,,,,,,
2017-06-08,59.19841766357422,,,,,,
2017-06-09,59.5606575012207,,,,,,
2017-06-12,59.74174880981445,,,,,,
2017-06-13,59.847389221191406,,,,,,
2017-06-14,59.86249923706055,,,,,,
2017-06-15,59.847389221191406,,,,,,
2017-06-16,60.01339721679688,,,,,,
2017-06-19,60.26996994018555,,,,,,
2017-06-20,59.90019607543945,,,,,,
2017-06-21,59.636112213134766,,,,,,
2017-06-22,59.62100601196289,,,,,,
2017-06-23,59.73961639404297,,,,,,
2017-06-26,59.83086395263672,,,,,,
2017-06-27,59.40506362915039,,,,,,
2017-06-28,59.73201370239258,,,,,,
2017-06-29,59.32144546508789,,,,,,
2017-06-30,59.427879333496094,,,,,,
2017-07-03,59.6864013671875,,,,,,
2017-07-05,59.67879486083984,,,,,,
2017-07-06,59.1845703125,,,,,,
2017-07-07,59.39748001098633,,,,,,
2017-07-10,59.35945510864258,,,,,,
2017-07-11,59.26060104370117,,,,,,
2017-07-12,59.63316345214844,,,,,,
2017-07-13,59.701602935791016,,,,,,
2017-07-14,59.94490814208984,,,,,,
2017-07-17,59.94490814208984,,,,,,
2017-07-18,59.92210006713867,,,,,,
2017-07-19,60.180625915527344,,,,,,
2017-07-20,60.30227279663086,,,,,,
2017-07-21,60.18824005126953,,,,,,
2017-07-24,60.01335144042969,,,,,,
2017-07-25,60.21104431152344,,,,,,
2017-07-26,60.19581985473633,,,,,,
2017-07-27,60.46193313598633,,,,,,
2017-07-28,60.27945709228516,,,,,,
2017-07-31,60.38590240478516,,,,,,
2017-08-01,60.46193313598633,,,,,,
2017-08-02,60.37068557739258,,,,,,
2017-08-03,60.35548400878906,,,,,,
2017-08-04,60.446739196777344,,,,,,
2017-08-07,60.46953582763672,,,,,,
2017-08-08,60.37068557739258,,,,,,
2017-08-09,60.35548400878906,,,,,,
2017-08-10,59.815650939941406,,,,,,
2017-08-11,59.75482940673828,,,,,,
2017-08-14,60.26424789428711,,,,,,
2017-08-15,60.2718620300293,,,,,,
2017-08-16,60.317481994628906,,,,,,
2017-08-17,59.45068740844727,,,,,,
2017-08-18,59.32144546508789,,,,,,
2017-08-21,59.427879333496094,,,,,,
2017-08-22,59.89169692993164,,,,,,
2017-08-23,59.72440719604492,,,,,,
2017-08-24,59.709228515625,,,,,,
2017-08-25,59.899295806884766,,,,,,
2017-08-28,59.85367202758789,,,,,,
2017-08-29,59.86889266967773,,,,,,
2017-08-30,60.02095031738281,,,,,,
2017-08-31,60.27945709228516,,,,,,
2017-09-01,60.446739196777344,,,,,,
2017-09-05,59.99813461303711,,,,,,
2017-09-06,60.23382186889648,,,,,,
2017-09-07,60.26424789428711,,,,,,
2017-09-08,60.25665283203125,,,,,,
2017-09-11,60.90291976928711,,,,,,
2017-09-12,61.153846740722656,,,,,,
2017-09-13,61.22227478027344,,,,,,
2017-09-14,61.37434387207031,,,,,,
2017-09-15,61.518802642822266,,,,,,
2017-09-18,61.73930740356445,,,,,,
2017-09-19,61.89897918701172,,,,,,
2017-09-20,61.90814971923828,,,,,,
2017-09-21,61.75497817993164,,,,,,
2017-09-22,61.816219329833984,,,,,,
2017-09-25,61.99243927001953,,,,,,
2017-09-26,61.90814971923828,,,,,,
2017-09-27,61.90814971923828,,,,,,
2017-09-28,62.01539993286133,,,,,,
2017-09-29,62.09966659545898,,,,,,
2017-10-02,62.45201873779297,,,,,,
2017-10-03,62.57458114624024,,,,,,
2017-10-04,62.64351272583008,,,,,,
2017-10-05,62.8886604309082,,,,,,
2017-10-06,62.75843048095703,,,,,,
2017-10-09,62.75843048095703,,,,,,
2017-10-10,63.10314178466797,,,,,,
2017-10-11,63.15675735473633,,,,,,
2017-10-12,63.07250213623047,,,,,,
2017-10-13,63.08781433105469,,,,,,
2017-10-16,63.11844253540039,,,,,,
2017-10-17,63.17974853515625,,,,,,
2017-10-18,63.27931594848633,,,,,,
2017-10-19,63.45547866821289,,,,,,
2017-10-20,63.76955795288086,,,,,,
2017-10-23,63.6163444519043,,,,,,
2017-10-24,63.63933944702149,,,,,,
2017-10-25,63.24867248535156,,,,,,
2017-10-26,63.38654708862305,,,,,,
2017-10-27,63.57804489135742,,,,,,
2017-10-30,63.164398193359375,,,,,,
2017-10-31,63.17974853515625,,,,,,
2017-11-01,63.33293914794922,,,,,,
2017-11-02,63.417179107666016,,,,,,
2017-11-03,63.44016647338867,,,,,,
2017-11-06,63.33293914794922,,,,,,
2017-11-07,63.36359024047852,,,,,,
2017-11-08,63.50144577026367,,,,,,
2017-11-09,63.28695297241211,,,,,,
2017-11-10,63.21036529541016,,,,,,
2017-11-13,63.28695297241211,,,,,,
2017-11-14,63.225711822509766,,,,,,
2017-11-15,62.8886604309082,,,,,,
2017-11-16,63.36359024047852,,,,,,
2017-11-17,63.164398193359375,,,,,,
2017-11-20,63.29462432861328,,,,,,
2017-11-21,63.54740524291992,,,,,,
2017-11-22,63.50909805297852,,,,,,
2017-11-24,63.59336853027344,,,,,,
2017-11-27,63.60868835449219,,,,,,
2017-11-28,64.39766693115234,,,,,,
2017-11-29,64.72704315185547,,,,,,
2017-11-30,65.1176986694336,,,,,,
2017-12-01,65.1023941040039,,,,,,
2017-12-04,65.25559997558594,,,,,,
2017-12-05,64.97216796875,,,,,,
2017-12-06,64.94152069091797,,,,,,
2017-12-07,64.9951400756836,,,,,,
2017-12-08,65.36285400390625,,,,,,
2017-12-11,65.59264373779297,,,,,,
2017-12-12,65.74584197998047,,,,,,
2017-12-13,65.80712127685547,,,,,,
2017-12-14,65.40878295898438,,,,,,
2017-12-15,65.9526596069336,,,,,,
2017-12-18,66.25904846191406,,,,,,
2017-12-19,66.05989074707031,,,,,,
2017-12-20,66.00627899169922,,,,,,
2017-12-21,66.10118865966797,,,,,,
2017-12-22,66.132080078125,,,,,,
2017-12-26,66.09346771240234,,,,,,
2017-12-27,66.16295623779297,,,,,,
2017-12-28,66.2787094116211,,,,,,
2017-12-29,66.08576965332031,,,,,,
2018-01-02,66.3095703125,,,,,,
2018-01-03,66.52567291259766,,,,,,
2018-01-04,66.81892395019531,,,,,,
2018-01-05,67.11991882324219,,,,,,
2018-01-08,67.24340057373047,,,,,,
2018-01-09,67.3591537475586,,,,,,
2018-01-10,67.24340057373047,,,,,,
2018-01-11,67.6910171508789,,,,,,
2018-01-12,68.0691909790039,,,,,,
2018-01-16,67.87625122070312,,,,,,
2018-01-17,68.59400177001953,,,,,,
2018-01-18,68.37016296386719,,,,,,
2018-01-19,68.59400177001953,,,,,,
2018-01-22,69.17280578613281,,,,,,
2018-01-23,69.09561920166016,,,,,,
2018-01-24,69.06474304199219,,,,,,
2018-01-25,69.16509246826172,,,,,,
2018-01-26,70.16065216064453,,,,,,
2018-01-29,69.70530700683594,,,,,,
2018-01-30,68.82550811767578,,,,,,
2018-01-31,68.8023681640625,,,,,,
2018-02-01,68.7406005859375,,,,,,
2018-02-02,67.28199768066406,,,,,,
2018-02-05,64.4342041015625,,,,,,
2018-02-06,65.35259246826172,,,,,,
2018-02-07,65.22139739990234,,,,,,
2018-02-08,63.01416397094727,,,,,,
2018-02-09,63.99429321289063,,,,,,
2018-02-12,64.74288940429688,,,,,,
2018-02-13,64.95899963378906,,,,,,
2018-02-14,65.56868743896484,,,,,,
2018-02-15,66.3481674194336,,,,,,
2018-02-16,66.43306732177734,,,,,,
2018-02-20,65.79249572753906,,,,,,
2018-02-21,65.30628204345703,,,,,,
2018-02-22,65.39116668701172,,,,,,
2018-02-23,66.46393585205078,,,,,,
2018-02-26,67.25115203857422,,,,,,
2018-02-27,66.43306732177734,,,,,,
2018-02-28,65.5532455444336,,,,,,
2018-03-01,64.83551025390625,,,,,,
2018-03-02,65.08248138427734,,,,,,
2018-03-05,65.83109283447266,,,,,,
2018-03-06,65.8696517944336,,,,,,
2018-03-07,65.73846435546875,,,,,,
2018-03-08,66.06260681152344,,,,,,
2018-03-09,67.0582046508789,,,,,,
2018-03-12,66.86524963378906,,,,,,
2018-03-13,66.52567291259766,,,,,,
2018-03-14,66.06260681152344,,,,,,
2018-03-15,65.9931411743164,,,,,,
2018-03-16,66.17839050292969,,,,,,
2018-03-19,65.36032104492188,,,,,,
2018-03-20,65.39889526367188,,,,,,
2018-03-21,65.36801147460938,,,,,,
2018-03-22,63.71646881103516,,,,,,
2018-03-23,62.46622848510742,,,,,,
2018-03-26,64.05095672607422,,,,,,
2018-03-27,63.32779693603516,,,,,,
2018-03-28,63.397762298583984,,,,,,
2018-03-29,64.14427947998047,,,,,,
2018-04-02,62.70571899414063,,,,,,
2018-04-03,63.58439254760742,,,,,,
2018-04-04,64.32313537597656,,,,,,
2018-04-05,64.7352523803711,,,,,,
2018-04-06,63.43666076660156,,,,,,
2018-04-09,63.67770004272461,,,,,,
2018-04-10,64.72745513916016,,,,,,
2018-04-11,64.38530731201172,,,,,,
2018-04-12,64.81300354003906,,,,,,
2018-04-13,64.6808090209961,,,,,,
2018-04-16,65.21736907958984,,,,,,
2018-04-17,65.62948608398438,,,,,,
2018-04-18,65.54393768310547,,,,,,
2018-04-19,65.0462875366211,,,,,,
2018-04-20,64.6419448852539,,,,,,
2018-04-23,64.78189086914062,,,,,,
2018-04-24,64.15206146240234,,,,,,
2018-04-25,64.28423309326172,,,,,,
2018-04-26,64.7896728515625,,,,,,
2018-04-27,64.85967254638672,,,,,,
2018-04-30,64.22980499267578,,,,,,
2018-05-01,64.10539245605469,,,,,,
2018-05-02,63.491092681884766,,,,,,
2018-05-03,63.475547790527344,,,,,,
2018-05-04,64.15980529785156,,,,,,
2018-05-07,64.28423309326172,,,,,,
2018-05-08,64.15206146240234,,,,,,
2018-05-09,64.75857543945312,,,,,,
2018-05-10,65.34957885742188,,,,,,
2018-05-11,65.53616333007812,,,,,,
2018-05-14,65.64505004882812,,,,,,
2018-05-15,65.33401489257812,,,,,,
2018-05-16,65.6217041015625,,,,,,
2018-05-17,65.55953216552734,,,,,,
2018-05-18,65.3962173461914,,,,,,
2018-05-21,65.92497253417969,,,,,,
2018-05-22,65.75391387939453,,,,,,
2018-05-23,65.89385986328125,,,,,,
2018-05-24,65.72279357910156,,,,,,
2018-05-25,65.49730682373047,,,,,,
2018-05-29,64.79743957519531,,,,,,
2018-05-30,65.76167297363281,,,,,,
2018-05-31,65.25625610351562,,,,,,
2018-06-01,65.80831909179688,,,,,,
2018-06-04,66.04161834716797,,,,,,
2018-06-05,66.06494903564453,,,,,,
2018-06-06,66.5314712524414,,,,,,
2018-06-07,66.64037322998047,,,,,,
2018-06-08,66.85809326171875,,,,,,
2018-06-11,66.86588287353516,,,,,,
2018-06-12,66.83474731445312,,,,,,
2018-06-13,66.41488647460938,,,,,,
2018-06-14,66.4226303100586,,,,,,
2018-06-15,66.36043548583984,,,,,,
2018-06-18,65.97161865234375,,,,,,
2018-06-19,65.82390594482422,,,,,,
2018-06-20,65.80831909179688,,,,,,
2018-06-21,65.37287139892578,,,,,,
2018-06-22,65.70194244384766,,,,,,
2018-06-25,65.177001953125,,,,,,
2018-06-26,65.0908203125,,,,,,
2018-06-27,64.73043823242188,,,,,,
2018-06-28,65.004638671875,,,,,,
2018-06-29,65.06732940673828,,,,,,
2018-07-02,65.03600311279297,,,,,,
2018-07-03,65.02030181884766,,,,,,
2018-07-05,65.54525756835938,,,,,,
2018-07-06,65.96831512451172,,,,,,
2018-07-09,66.34436798095703,,,,,,
2018-07-10,66.79877471923828,,,,,,
2018-07-11,66.17201232910156,,,,,,
2018-07-12,66.46189880371094,,,,,,
2018-07-13,66.40705108642578,,,,,,
2018-07-16,66.45405578613281,,,,,,
2018-07-17,66.60291290283203,,,,,,
2018-07-18,66.6499252319336,,,,,,
2018-07-19,66.4775619506836,,,,,,
2018-07-20,66.30521392822266,,,,,,
2018-07-23,66.36004638671875,,,,,,
2018-07-24,66.73611450195312,,,,,,
2018-07-25,67.11219024658203,,,,,,
2018-07-26,67.4412612915039,,,,,,
2018-07-27,67.28455352783203,,,,,,
2018-07-30,67.39424133300781,,,,,,
2018-07-31,67.73113250732422,,,,,,
2018-08-01,67.30022430419922,,,,,,
2018-08-02,67.38641357421875,,,,,,
2018-08-03,67.87997436523438,,,,,,
2018-08-06,67.98184967041016,,,,,,
2018-08-07,68.13068389892578,,,,,,
2018-08-08,67.98966979980469,,,,,,
2018-08-09,67.85649108886719,,,,,,
2018-08-10,67.4412612915039,,,,,,
2018-08-13,67.15135192871094,,,,,,
2018-08-14,67.48822784423828,,,,,,
2018-08-15,67.22969818115234,,,,,,
2018-08-16,68.04451751708984,,,,,,
2018-08-17,68.42060089111328,,,,,,
2018-08-20,68.5616226196289,,,,,,
2018-08-21,68.64778900146484,,,,,,
2018-08-22,68.42060089111328,,,,,,
2018-08-23,68.20905303955078,,,,,,
2018-08-24,68.50675964355469,,,,,,
2018-08-27,68.875,,,,,,
2018-08-28,68.80448150634766,,,,,,
2018-08-29,68.92985534667969,,,,,,
2018-08-30,68.5694351196289,,,,,,
2018-08-31,68.48326873779297,,,,,,
2018-09-04,68.38140869140625,,,,,,
2018-09-05,68.74964904785156,,,,,,
2018-09-06,68.62428283691406,,,,,,
2018-09-07,68.4519271850586,,,,,,
2018-09-10,68.59293365478516,,,,,,
2018-09-11,68.51459503173828,,,,,,
2018-09-12,68.61646270751953,,,,,,
2018-09-13,68.92985534667969,,,,,,
2018-09-14,68.97684478759766,,,,,,
2018-09-17,68.97684478759766,,,,,,
2018-09-18,69.21189880371094,,,,,,
2018-09-19,69.2667236328125,,,,,,
2018-09-20,69.83866119384766,,,,,,
2018-09-21,69.99536895751953,,,,,,
2018-09-24,69.4234390258789,,,,,,
2018-09-25,69.03952026367188,,,,,,
2018-09-26,68.7253189086914,,,,,,
2018-09-27,68.7253189086914,,,,,,
2018-09-28,68.75689697265625,,,,,,
2018-10-01,69.0647964477539,,,,,,
2018-10-02,69.36480712890625,,,,,,
2018-10-03,69.39636993408203,,,,,,
2018-10-04,69.32532501220703,,,,,,
2018-10-05,69.12004852294922,,,,,,
2018-10-08,69.45953369140625,,,,,,
2018-10-09,69.23847198486328,,,,,,
2018-10-10,67.69895935058594,,,,,,
2018-10-11,65.82788848876953,,,,,,
2018-10-12,66.1673583984375,,,,,,
2018-10-15,66.08838653564453,,,,,,
2018-10-16,67.06737518310547,,,,,,
2018-10-17,67.28839874267578,,,,,,
2018-10-18,66.68051147460938,,,,,,
2018-10-19,66.74368286132812,,,,,,
2018-10-22,66.27787780761719,,,,,,
2018-10-23,65.922607421875,,,,,,
2018-10-24,64.46992492675781,,,,,,
2018-10-25,65.09363555908203,,,,,,
2018-10-26,64.2646713256836,,,,,,
2018-10-29,64.50940704345703,,,,,,
2018-10-30,65.6304931640625,,,,,,
2018-10-31,65.73313903808594,,,,,,
2018-11-01,66.23051452636719,,,,,,
2018-11-02,66.02522277832031,,,,,,
2018-11-05,66.68843078613281,,,,,,
2018-11-06,67.12265014648438,,,,,,
2018-11-07,68.0384521484375,,,,,,
2018-11-08,67.99896240234375,,,,,,
2018-11-09,67.69895935058594,,,,,,
2018-11-12,66.90158081054688,,,,,,
2018-11-13,66.75946807861328,,,,,,
2018-11-14,66.39630126953125,,,,,,
2018-11-15,66.98052215576172,,,,,,
2018-11-16,67.33580017089844,,,,,,
2018-11-19,67.05157470703125,,,,,,
2018-11-20,65.90680694580078,,,,,,
2018-11-21,65.80420684814453,,,,,,
2018-11-23,65.4094467163086,,,,,,
2018-11-26,66.19103240966797,,,,,,
2018-11-27,66.47525024414062,,,,,,
2018-11-28,67.44635009765625,,,,,,
2018-11-29,67.41472625732422,,,,,,
2018-11-30,68.07002258300781,,,,,,
2018-12-03,68.4726791381836,,,,,,
2018-12-04,66.6963119506836,,,,,,
2018-12-06,66.37261199951172,,,,,,
2018-12-07,65.25154113769531,,,,,,
2018-12-10,65.1646957397461,,,,,,
2018-12-11,65.1252212524414,,,,,,
2018-12-12,65.362060546875,,,,,,
2018-12-13,65.37786102294922,,,,,,
2018-12-14,64.3120346069336,,,,,,
2018-12-17,63.119903564453125,,,,,,
2018-12-18,62.80410003662109,,,,,,
2018-12-19,62.00673675537109,,,,,,
2018-12-20,61.2803840637207,,,,,,
2018-12-21,60.51460266113281,,,,,,
2018-12-24,58.76000213623047,,,,,,
2018-12-26,61.07978057861328,,,,,,
2018-12-27,61.67768859863281,,,,,,
2018-12-28,61.637813568115234,,,,,,
2018-12-31,62.17192840576172,,,,,,
2019-01-02,62.27554702758789,,,,,,
2019-01-03,61.14353942871094,,,,,,
2019-01-04,62.92124938964844,,,,,,
2019-01-07,63.22420120239258,,,,,,
2019-01-08,63.74236297607422,,,,,,
2019-01-09,63.7343864440918,,,,,,
2019-01-10,64.02932739257812,,,,,,
2019-01-11,64.10906982421875,,,,,,
2019-01-14,63.75828170776367,,,,,,
2019-01-15,64.13298034667969,,,,,,
2019-01-16,64.08515167236328,,,,,,
2019-01-17,64.58736419677734,,,,,,
2019-01-18,65.48818969726562,,,,,,
2019-01-22,64.76274108886719,,,,,,
2019-01-23,64.98594665527344,,,,,,
2019-01-24,64.90624237060547,,,,,,
2019-01-25,65.04175567626953,,,,,,
2019-01-28,64.71491241455078,,,,,,
2019-01-29,64.92217254638672,,,,,,
2019-01-30,65.4084701538086,,,,,,
2019-01-31,65.96648406982422,,,,,,
2019-02-01,66.18170928955078,,,,,,
2019-02-04,66.373046875,,,,,,
2019-02-05,66.5324935913086,,,,,,
2019-02-06,66.5802993774414,,,,,,
2019-02-07,66.10202026367188,,,,,,
2019-02-08,66.16578674316406,,,,,,
2019-02-11,66.2215805053711,,,,,,
2019-02-12,67.00281524658203,,,,,,
2019-02-13,67.24993133544922,,,,,,
2019-02-14,66.93904113769531,,,,,,
2019-02-15,67.85579681396484,,,,,,
2019-02-19,67.9913330078125,,,,,,
2019-02-20,68.27830505371094,,,,,,
2019-02-21,68.08697509765625,,,,,,
2019-02-22,68.42179107666016,,,,,,
2019-02-25,68.5652847290039,,,,,,
2019-02-26,68.44570922851562,,,,,,
2019-02-27,68.52542114257812,,,,,,
2019-02-28,68.45367431640625,,,,,,
2019-03-01,68.72471618652344,,,,,,
2019-03-04,68.49354553222656,,,,,,
2019-03-05,68.35002136230469,,,,,,
2019-03-06,67.9115982055664,,,,,,
2019-03-07,67.51301574707031,,,,,,
2019-03-08,67.39346313476562,,,,,,
2019-03-11,68.15074920654297,,,,,,
2019-03-12,68.1986083984375,,,,,,
2019-03-13,68.5652847290039,,,,,,
2019-03-14,68.47760009765625,,,,,,
2019-03-15,68.90011596679688,,,,,,
2019-03-18,69.13127899169922,,,,,,
2019-03-19,68.97183227539062,,,,,,
2019-03-20,68.47760009765625,,,,,,
2019-03-21,69.05953216552734,,,,,,
2019-03-22,68.02322387695312,,,,,,
2019-03-25,67.87217712402344,,,,,,
2019-03-26,68.571044921875,,,,,,
2019-03-27,68.29795837402344,,,,,,
2019-03-28,68.45056915283203,,,,,,
2019-03-29,68.81206512451172,,,,,,
2019-04-01,69.51094055175781,,,,,,
2019-04-02,69.35026550292969,,,,,,
2019-04-03,69.44666290283203,,,,,,
2019-04-04,69.67163848876953,,,,,,
2019-04-05,69.96080017089844,,,,,,
2019-04-08,70.081298828125,,,,,,
2019-04-09,69.59931182861328,,,,,,
2019-04-10,69.81621551513672,,,,,,
2019-04-11,69.90457153320312,,,,,,
2019-04-12,70.28214263916016,,,,,,
2019-04-15,70.25,,,,,,
2019-04-16,70.60345458984375,,,,,,
2019-04-17,70.55526733398438,,,,,,
2019-04-18,70.42671966552734,,,,,,
2019-04-22,70.3624496459961,,,,,,
2019-04-23,70.73200225830078,,,,,,
2019-04-24,70.4990234375,,,,,,
2019-04-25,70.10540008544922,,,,,,
2019-04-26,70.30624389648438,,,,,,
2019-04-29,70.40262603759766,,,,,,
2019-04-30,70.76410675048828,,,,,,
2019-05-01,70.13752746582031,,,,,,
2019-05-02,70.00898742675781,,,,,,
2019-05-03,70.56328582763672,,,,,,
2019-05-06,70.31427001953125,,,,,,
2019-05-07,69.3422622680664,,,,,,
2019-05-08,69.10124969482422,,,,,,
2019-05-09,68.90847778320312,,,,,,
2019-05-10,69.36634826660156,,,,,,
2019-05-13,68.08907318115234,,,,,,
2019-05-14,68.56303405761719,,,,,,
2019-05-15,68.74781036376953,,,,,,
2019-05-16,69.3021011352539,,,,,,
2019-05-17,69.03700256347656,,,,,,
2019-05-20,68.81206512451172,,,,,,
2019-05-21,69.3021011352539,,,,,,
2019-05-22,69.10124969482422,,,,,,
2019-05-23,68.41040802001953,,,,,,
2019-05-24,68.55499267578125,,,,,,
2019-05-28,67.58300018310547,,,,,,
2019-05-29,67.2054443359375,,,,,,
2019-05-30,67.21346282958984,,,,,,
2019-05-31,66.29768371582031,,,,,,
2019-06-03,67.02066802978516,,,,,,
2019-06-04,68.26580047607422,,,,,,
2019-06-05,68.63533782958984,,,,,,
2019-06-06,69.08518981933594,,,,,,
2019-06-07,69.38240051269531,,,,,,
2019-06-10,69.52702331542969,,,,,,
2019-06-11,69.66356658935547,,,,,,
2019-06-12,69.56716918945312,,,,,,
2019-06-13,69.85636901855469,,,,,,
2019-06-14,69.7439193725586,,,,,,
2019-06-17,69.58613586425781,,,,,,
2019-06-18,70.18488311767578,,,,,,
2019-06-19,70.26579284667969,,,,,,
2019-06-20,70.84838104248047,,,,,,
2019-06-21,70.89692687988281,,,,,,
2019-06-24,70.79983520507812,,,,,,
2019-06-25,70.3062744140625,,,,,,
2019-06-26,69.99067687988281,,,,,,
2019-06-27,70.20106506347656,,,,,,
2019-06-28,70.7027359008789,,,,,,
2019-07-01,71.13159942626953,,,,,,
2019-07-02,71.2772216796875,,,,,,
2019-07-03,71.81127166748047,,,,,,
2019-07-05,71.6737060546875,,,,,,
2019-07-08,71.32579040527344,,,,,,
2019-07-09,71.2691421508789,,,,,,
2019-07-10,71.47950744628906,,,,,,
2019-07-11,71.47950744628906,,,,,,
2019-07-12,71.7869873046875,,,,,,
2019-07-15,71.83553314208984,,,,,,
2019-07-16,71.60091400146484,,,,,,
2019-07-17,71.18824005126953,,,,,,
2019-07-18,71.57661437988281,,,,,,
2019-07-19,71.2772216796875,,,,,,
2019-07-22,71.19630432128906,,,,,,
2019-07-23,71.68988037109375,,,,,,
2019-07-24,72.11064147949219,,,,,,
2019-07-25,71.85173034667969,,,,,,
2019-07-26,72.19157409667969,,,,,,
2019-07-29,72.1834716796875,,,,,,
2019-07-30,71.981201171875,,,,,,
2019-07-31,71.21248626708984,,,,,,
2019-08-01,70.43573760986328,,,,,,
2019-08-02,70.1039810180664,,,,,,
2019-08-05,68.3805160522461,,,,,,
2019-08-06,69.01163482666016,,,,,,
2019-08-07,68.9468765258789,,,,,,
2019-08-08,70.06352233886719,,,,,,
2019-08-09,69.69942474365234,,,,,,
2019-08-12,68.97926330566406,,,,,,
2019-08-13,69.8045883178711,,,,,,
2019-08-14,67.88693237304688,,,,,,
2019-08-15,67.91120910644531,,,,,,
2019-08-16,68.97117614746094,,,,,,
2019-08-19,69.76415252685547,,,,,,
2019-08-20,69.1491928100586,,,,,,
2019-08-21,69.65895080566406,,,,,,
2019-08-22,69.72368621826172,,,,,,
2019-08-23,68.02448272705078,,,,,,
2019-08-26,68.64752960205078,,,,,,
2019-08-27,68.3724136352539,,,,,,
2019-08-28,68.95499420166016,,,,,,
2019-08-29,69.61040496826172,,,,,,
2019-08-30,69.715576171875,,,,,,
2019-09-03,69.5375747680664,,,,,,
2019-09-04,70.2496337890625,,,,,,
2019-09-05,71.00212097167969,,,,,,
2019-09-06,71.13966369628906,,,,,,
2019-09-09,71.5604476928711,,,,,,
2019-09-10,71.9326171875,,,,,,
2019-09-11,72.47476959228516,,,,,,
2019-09-12,72.62041473388672,,,,,,
2019-09-13,72.59613037109375,,,,,,
2019-09-16,72.27247619628906,,,,,,
2019-09-17,72.36148834228516,,,,,,
2019-09-18,72.43431091308594,,,,,,
2019-09-19,72.36958312988281,,,,,,
2019-09-20,72.31294250488281,,,,,,
2019-09-23,72.40192413330078,,,,,,
2019-09-24,71.99867248535156,,,,,,
2019-09-25,72.2598876953125,,,,,,
2019-09-26,72.17826080322266,,,,,,
2019-09-27,72.21092987060547,,,,,,
2019-09-30,72.43133544921875,,,,,,
2019-10-01,71.45175170898438,,,,,,
2019-10-02,70.17831420898438,,,,,,
2019-10-03,70.59461975097656,,,,,,
2019-10-04,71.54153442382812,,,,,,
2019-10-07,71.19053649902344,,,,,,
2019-10-08,70.07217407226562,,,,,,
2019-10-09,70.54563903808594,,,,,,
2019-10-10,70.97012329101562,,,,,,
2019-10-11,71.74562072753906,,,,,,
2019-10-14,71.6150131225586,,,,,,
2019-10-15,72.10478210449219,,,,,,
2019-10-16,72.01500701904297,,,,,,
2019-10-17,72.1946029663086,,,,,,
2019-10-18,72.13743591308594,,,,,,
2019-10-21,72.65989685058594,,,,,,
2019-10-22,72.7088623046875,,,,,,
2019-10-23,72.8231430053711,,,,,,
2019-10-24,72.5945816040039,,,,,,
2019-10-25,72.9701156616211,,,,,,
2019-10-28,73.17415618896484,,,,,,
2019-10-29,73.32108306884766,,,,,,
2019-10-30,73.4027328491211,,,,,,
2019-10-31,73.19049835205078,,,,,,
2019-11-01,73.79454040527344,,,,,,
2019-11-04,74.12925720214844,,,,,,
2019-11-05,74.16191101074219,,,,,,
2019-11-06,74.29251098632812,,,,,,
2019-11-07,74.50475311279297,,,,,,
2019-11-08,74.71697998046875,,,,,,
2019-11-11,74.43128204345703,,,,,,
2019-11-12,74.43944549560547,,,,,,
2019-11-13,74.34963989257812,,,,,,
2019-11-14,74.27617645263672,,,,,,
2019-11-15,74.69251251220703,,,,,,
2019-11-18,74.64353942871094,,,,,,
2019-11-19,74.4557876586914,,,,,,
2019-11-20,74.18638610839844,,,,,,
2019-11-21,74.24352264404297,,,,,,
2019-11-22,74.48843383789062,,,,,,
2019-11-25,74.82308959960938,,,,,,
2019-11-26,74.88841247558594,,,,,,
2019-11-27,75.14962768554688,,,,,,
2019-11-29,74.90475463867188,,,,,,
2019-12-02,74.50475311279297,,,,,,
2019-12-03,73.95780944824219,,,,,,
2019-12-04,74.54558563232422,,,,,,
2019-12-05,74.65984344482422,,,,,,
2019-12-06,75.29656982421875,,,,,,
2019-12-09,75.20677947998047,,,,,,
2019-12-10,75.09251403808594,,,,,,
2019-12-11,75.22310638427734,,,,,,
2019-12-12,76.0965805053711,,,,,,
2019-12-13,75.8924789428711,,,,,,
2019-12-16,76.38225555419922,,,,,,
2019-12-17,76.49655151367188,,,,,,
2019-12-18,76.45574188232422,,,,,,
2019-12-19,76.61084747314453,,,,,,
2019-12-20,77.11695861816406,,,,,,
2019-12-23,77.09143829345703,,,,,,
2019-12-24,77.06673431396484,,,,,,
2019-12-26,77.24781799316406,,,,,,
2019-12-27,77.26429748535156,,,,,,
2019-12-30,76.90213775634766,,,,,,
2019-12-31,77.132568359375,,,,,,
2020-01-02,77.34658813476562,,,,,,
2020-01-03,76.73749542236328,,,,,,
2020-01-06,76.77864074707031,,,,,,
2020-01-07,76.46588134765625,,,,,,
2020-01-08,76.66341400146484,,,,,,
2020-01-09,77.03380584716797,,,,,,
2020-01-10,76.73749542236328,,,,,,
2020-01-13,77.1655044555664,,,,,,
2020-01-14,77.25606536865234,,,,,,
2020-01-15,77.30541229248047,,,,,,
2020-01-16,77.8404541015625,,,,,,
2020-01-17,78.0133056640625,,,,,,
2020-01-21,77.66761016845703,,,,,,
2020-01-22,77.81575012207031,,,,,,
2020-01-23,77.73348236083984,,,,,,
2020-01-24,77.04203796386719,,,,,,
2020-01-27,76.10372161865234,,,,,,
2020-01-28,76.59757232666016,,,,,,
2020-01-29,76.18602752685547,,,,,,
2020-01-30,76.49882507324219,,,,,,
2020-01-31,75.19830322265625,,,,,,
2020-02-03,75.43699645996094,,,,,,
2020-02-04,76.25186920166016,,,,,,
2020-02-05,77.51119995117188,,,,,,
2020-02-06,77.5359115600586,,,,,,
2020-02-07,77.11614990234375,,,,,,
2020-02-10,77.37129211425781,,,,,,
2020-02-11,77.65933990478516,,,,,,
2020-02-12,77.86515045166016,,,,,,
2020-02-13,77.65933990478516,,,,,,
2020-02-14,77.58531188964844,,,,,,
2020-02-18,77.18196868896484,,,,,,
2020-02-19,77.31367492675781,,,,,,
2020-02-20,77.28075408935547,,,,,,
2020-02-21,76.91036987304688,,,,,,
2020-02-24,74.83615112304688,,,,,,
2020-02-25,72.68787384033203,,,,,,
2020-02-26,72.19400787353516,,,,,,
2020-02-27,69.12385559082031,,,,,,
2020-02-28,67.90565490722656,,,,,,
2020-03-02,71.04989624023438,,,,,,
2020-03-03,69.23907470703125,,,,,,
2020-03-04,72.10345458984375,,,,,,
2020-03-05,69.91401672363281,,,,,,
2020-03-06,68.83575439453125,,,,,,
2020-03-09,63.35391998291016,,,,,,
2020-03-10,65.92733764648438,,,,,,
2020-03-11,62.72713851928711,,,,,,
2020-03-12,56.54229736328125,,,,,,
2020-03-13,61.657657623291016,,,,,,
2020-03-16,55.45623016357422,,,,,,
2020-03-17,59.36943054199219,,,,,,
2020-03-18,56.39307403564453,,,,,,
2020-03-19,55.39820098876953,,,,,,
2020-03-20,52.76176834106445,,,,,,
2020-03-23,50.54816055297852,,,,,,
2020-03-24,54.9007682800293,,,,,,
2020-03-25,55.62203979492188,,,,,,
2020-03-26,59.41917419433594,,,,,,
2020-03-27,57.82735443115234,,,,,,
2020-03-30,59.7922477722168,,,,,,
2020-03-31,58.65642929077149,,,,,,
2020-04-01,56.202392578125,,,,,,
2020-04-02,58.06778717041016,,,,,,
2020-04-03,57.23042678833008,,,,,,
2020-04-06,60.56327819824219,,,,,,
2020-04-07,60.53840255737305,,,,,,
2020-04-08,62.66910934448242,,,,,,
2020-04-09,63.91270446777344,,,,,,
2020-04-13,62.85979461669922,,,,,,
2020-04-14,64.41844940185547,,,,,,
2020-04-15,62.43698501586914,,,,,,
2020-04-16,62.337493896484375,,,,,,
2020-04-17,64.56766510009766,,,,,,
2020-04-20,63.3157844543457,,,,,,
2020-04-21,61.59961700439453,,,,,,
2020-04-22,62.702274322509766,,,,,,
2020-04-23,62.68568801879883,,,,,,
2020-04-24,63.4981803894043,,,,,,
2020-04-27,64.70033264160156,,,,,,
2020-04-28,64.96563720703125,,,,,,
2020-04-29,66.06828308105469,,,,,,
2020-04-30,64.67546081542969,,,,,,
2020-05-01,62.94268035888672,,,,,,
2020-05-04,62.892948150634766,,,,,,
2020-05-05,63.22457504272461,,,,,,
2020-05-06,62.287742614746094,,,,,,
2020-05-07,62.63593292236328,,,,,,
2020-05-08,64.09507751464844,,,,,,
2020-05-11,63.75519180297852,,,,,,
2020-05-12,62.58620071411133,,,,,,
2020-05-13,61.350887298583984,,,,,,
2020-05-14,62.17164993286133,,,,,,
2020-05-15,62.13021469116211,,,,,,
2020-05-18,64.41844940185547,,,,,,
2020-05-19,63.34893035888672,,,,,,
2020-05-20,64.30238342285156,,,,,,
2020-05-21,63.85469055175781,,,,,,
2020-05-22,63.79664993286133,,,,,,
2020-05-26,65.19775390625,,,,,,
2020-05-27,66.5822982788086,,,,,,
2020-05-28,66.37503051757812,,,,,,
2020-05-29,66.50767517089844,,,,,,
2020-06-01,66.57401275634766,,,,,,
2020-06-02,67.31190490722656,,,,,,
2020-06-03,68.63009643554688,,,,,,
2020-06-04,68.91199493408203,,,,,,
2020-06-05,70.73590850830078,,,,,,
2020-06-08,71.94635772705078,,,,,,
2020-06-09,70.84369659423828,,,,,,
2020-06-10,69.63324737548828,,,,,,
2020-06-11,65.29723358154297,,,,,,
2020-06-12,66.1180191040039,,,,,,
2020-06-15,66.52423858642578,,,,,,
2020-06-16,67.85078430175781,,,,,,
2020-06-17,67.16263580322266,,,,,,
2020-06-18,67.2787094116211,,,,,,
2020-06-19,66.73983001708984,,,,,,
2020-06-22,66.63678741455078,,,,,,
2020-06-23,66.68704223632812,,,,,,
2020-06-24,64.96122741699219,,,,,,
2020-06-25,65.66494750976562,,,,,,
2020-06-26,64.1988296508789,,,,,,
2020-06-29,65.2125473022461,,,,,,
2020-06-30,66.00007629394531,,,,,,
2020-07-01,65.75711059570312,,,,,,
2020-07-02,66.13410949707031,,,,,,
2020-07-06,66.75406646728516,,,,,,
2020-07-07,66.0168228149414,,,,,,
2020-07-08,66.11734771728516,,,,,,
2020-07-09,64.9863510131836,,,,,,
2020-07-10,66.29328155517578,,,,,,
2020-07-13,66.40219116210938,,,,,,
2020-07-14,67.24833679199219,,,,,,
2020-07-15,68.08612823486328,,,,,,
2020-07-16,68.19503784179688,,,,,,
2020-07-17,68.32908630371094,,,,,,
2020-07-20,67.83480072021484,,,,,,
2020-07-21,68.7312240600586,,,,,,
2020-07-22,69.05794525146484,,,,,,
2020-07-23,69.00767517089844,,,,,,
2020-07-24,68.30394744873047,,,,,,
2020-07-27,68.34585571289062,,,,,,
2020-07-28,68.30394744873047,,,,,,
2020-07-29,68.83174896240234,,,,,,
2020-07-30,68.28718566894531,,,,,,
2020-07-31,68.02748107910156,,,,,,
2020-08-03,68.19503784179688,,,,,,
2020-08-04,68.63068389892578,,,,,,
2020-08-05,68.83174896240234,,,,,,
2020-08-06,68.7982406616211,,,,,,
2020-08-07,69.57736206054688,,,,,,
2020-08-10,70.21408081054688,,,,,,
2020-08-11,70.18895721435547,,,,,,
2020-08-12,70.76701354980469,,,,,,
2020-08-13,70.18895721435547,,,,,,
2020-08-14,70.35649871826172,,,,,,
2020-08-17,70.12191772460938,,,,,,
2020-08-18,69.86221313476562,,,,,,
2020-08-19,69.66114807128906,,,,,,
2020-08-20,69.29252624511719,,,,,,
2020-08-21,69.23389434814453,,,,,,
2020-08-24,70.27272033691406,,,,,,
2020-08-25,70.14707946777344,,,,,,
2020-08-26,69.84547424316406,,,,,,
2020-08-27,70.26435852050781,,,,,,
2020-08-28,70.73351287841797,,,,,,
2020-08-31,70.19731903076172,,,,,,
2020-09-01,70.14707946777344,,,,,,
2020-09-02,71.3618392944336,,,,,,
2020-09-03,70.0465316772461,,,,,,
2020-09-04,70.10517120361328,,,,,,
2020-09-08,68.67256927490234,,,,,,
2020-09-09,69.46846008300781,,,,,,
2020-09-10,68.36260223388672,,,,,,
2020-09-11,68.86524200439453,,,,,,
2020-09-14,69.65276336669922,,,,,,
2020-09-15,69.51871490478516,,,,,,
2020-09-16,69.92086029052734,,,,,,
2020-09-17,69.68627166748047,,,,,,
2020-09-18,69.13333129882812,,,,,,
2020-09-21,67.71797180175781,,,,,,
2020-09-22,67.80245208740234,,,,,,
2020-09-23,66.5434341430664,,,,,,
2020-09-24,66.7124252319336,,,,,,
2020-09-25,67.36307525634766,,,,,,
2020-09-28,68.39398193359375,,,,,,
2020-09-29,67.86162567138672,,,,,,
2020-09-30,68.38553619384766,,,,,,
2020-10-01,68.36018371582031,,,,,,
2020-10-02,68.44467163085938,,,,,,
2020-10-05,69.56007385253906,,,,,,
2020-10-06,69.05307006835938,,,,,,
2020-10-07,70.16000366210938,,,,,,
2020-10-08,71.01346588134766,,,,,,
2020-10-09,71.05571746826172,,,,,,
2020-10-12,71.63030242919922,,,,,,
2020-10-13,70.97966003417969,,,,,,
2020-10-14,70.67546844482422,,,,,,
2020-10-15,70.83600616455078,,,,,,
2020-10-16,71.02193450927734,,,,,,
2020-10-19,70.01637268066406,,,,,,
2020-10-20,70.18537139892578,,,,,,
2020-10-21,69.82201385498047,,,,,,
2020-10-22,70.81910705566406,,,,,,
2020-10-23,70.86137390136719,,,,,,
2020-10-26,69.59387969970703,,,,,,
2020-10-27,68.62213134765625,,,,,,
2020-10-28,66.65328979492188,,,,,,
2020-10-29,67.18562316894531,,,,,,
2020-10-30,67.21099090576172,,,,,,
2020-11-02,68.50382232666016,,,,,,
2020-11-03,69.56853485107422,,,,,,
2020-11-04,69.38259887695312,,,,,,
2020-11-05,70.52337646484375,,,,,,
2020-11-06,70.38815307617188,,,,,,
2020-11-09,73.14285278320312,,,,,,
2020-11-10,74.17374420166016,,,,,,
2020-11-11,74.06390380859375,,,,,,
2020-11-12,72.96540069580078,,,,,,
2020-11-13,74.22444915771484,,,,,,
2020-11-16,75.54266357421875,,,,,,
2020-11-17,75.16238403320312,,,,,,
2020-11-18,74.33431243896484,,,,,,
2020-11-19,74.51174926757812,,,,,,
2020-11-20,74.23287963867188,,,,,,
2020-11-23,75.20465087890625,,,,,,
2020-11-24,76.92842864990234,,,,,,
2020-11-25,76.42990112304688,,,,,,
2020-11-27,76.33694458007812,,,,,,
2020-11-30,75.44971466064453,,,,,,
2020-12-01,76.18485260009766,,,,,,
2020-12-02,76.64112854003906,,,,,,
2020-12-03,76.70028686523438,,,,,,
2020-12-04,77.79878997802734,,,,,,
2020-12-07,77.28334045410156,,,,,,
2020-12-08,77.77344512939453,,,,,,
2020-12-09,77.82413482666016,,,,,,
2020-12-10,77.6128921508789,,,,,,
2020-12-11,77.317138671875,,,,,,
2020-12-14,76.5143814086914,,,,,,
2020-12-15,77.55374145507812,,,,,,
2020-12-16,77.4269790649414,,,,,,
2020-12-17,77.60443878173828,,,,,,
2020-12-18,77.36784362792969,,,,,,
2020-12-21,76.88188934326172,,,,,,
2020-12-22,76.3106918334961,,,,,,
2020-12-23,76.89041137695312,,,,,,
2020-12-24,77.0523910522461,,,,,,
2020-12-28,77.24849700927734,,,,,,
2020-12-29,77.12911987304688,,,,,,
2020-12-30,77.35931396484375,,,,,,
2020-12-31,78.01576232910156,,,,,,
2021-01-04,77.06944274902344,,,,,,
2021-01-05,77.72590637207031,,,,,,
2021-01-06,79.6781997680664,,,,,,
2021-01-07,80.14710235595703,,,,,,
2021-01-08,80.1641616821289,,,,,,
2021-01-11,80.53074645996094,,,,,,
2021-01-12,80.98258972167969,,,,,,
2021-01-13,81.03374481201172,,,,,,
2021-01-14,81.52820587158203,,,,,,
2021-01-15,80.68419647216797,,,,,,
2021-01-19,81.05081176757812,,,,,,
2021-01-20,81.06784057617188,,,,,,
2021-01-21,80.61599731445312,,,,,,
2021-01-22,80.18975067138672,,,,,,
2021-01-25,80.36026000976562,,,,,,
2021-01-26,80.18975067138672,,,,,,
2021-01-27,78.21184539794922,,,,,,
2021-01-28,79.02175903320312,,,,,,
2021-01-29,77.57244873046875,,,,,,
2021-02-01,78.15216827392578,,,,,,
2021-02-02,79.05586242675781,,,,,,
2021-02-03,79.32014465332031,,,,,,
2021-02-04,80.26646423339844,,,,,,
2021-02-05,80.5904312133789,,,,,,
2021-02-08,81.34066772460938,,,,,,
2021-02-09,81.29802703857422,,,,,,
2021-02-10,81.34918975830078,,,,,,
2021-02-11,81.18720245361328,,,,,,
2021-02-12,81.63054656982422,,,,,,
2021-02-16,81.8606948852539,,,,,,
2021-02-17,82.21878814697266,,,,,,
2021-02-18,81.88629150390625,,,,,,
2021-02-19,82.12500762939453,,,,,,
2021-02-22,82.43190002441406,,,,,,
2021-02-23,82.6450424194336,,,,,,
2021-02-24,83.77039337158203,,,,,,
2021-02-25,82.34666442871094,,,,,,
2021-02-26,81.11901092529297,,,,,,
2021-03-01,82.89229583740234,,,,,,
2021-03-02,82.56831359863281,,,,,,
2021-03-03,82.52568817138672,,,,,,
2021-03-04,81.80958557128906,,,,,,
2021-03-05,83.65104675292969,,,,,,
2021-03-08,84.36717987060547,,,,,,
2021-03-09,84.22222900390625,,,,,,
2021-03-10,85.45842742919922,,,,,,
2021-03-11,85.44136047363281,,,,,,
2021-03-12,86.19160461425781,,,,,,
2021-03-15,86.45590209960938,,,,,,
2021-03-16,86.14898681640625,,,,,,
2021-03-17,86.35359954833984,,,,,,
2021-03-18,85.82500457763672,,,,,,
2021-03-19,85.526611328125,,,,,,
2021-03-22,85.5746841430664,,,,,,
2021-03-23,84.69934844970703,,,,,,
2021-03-24,84.77660369873047,,,,,,
2021-03-25,85.81494903564453,,,,,,
2021-03-26,87.38538360595703,,,,,,
2021-03-29,87.21373748779297,,,,,,
2021-03-30,87.04209899902344,,,,,,
2021-03-31,86.75035095214844,,,,,,
2021-04-01,87.18799591064453,,,,,,
2021-04-05,87.83161926269531,,,,,,
2021-04-06,87.7629623413086,,,,,,
2021-04-07,87.71147155761719,,,,,,
2021-04-08,87.61708068847656,,,,,,
2021-04-09,87.96893310546875,,,,,,
2021-04-12,88.01182556152344,,,,,,
2021-04-13,87.63424682617188,,,,,,
2021-04-14,87.98606872558594,,,,,,
2021-04-15,88.34649658203125,,,,,,
2021-04-16,88.88713073730469,,,,,,
2021-04-19,88.52671813964844,,,,,,
2021-04-20,87.94316864013672,,,,,,
2021-04-21,88.79273223876953,,,,,,
2021-04-22,87.88309478759766,,,,,,
2021-04-23,88.5782241821289,,,,,,
2021-04-26,88.37224578857422,,,,,,
2021-04-27,88.50955963134766,,,,,,
2021-04-28,88.5782241821289,,,,,,
2021-04-29,89.54791259765625,,,,,,
2021-04-30,88.96437072753906,,,,,,
2021-05-03,89.8997573852539,,,,,,
2021-05-04,90.1743621826172,,,,,,
2021-05-05,90.73214721679688,,,,,,
2021-05-06,91.67613220214844,,,,,,
2021-05-07,92.19102478027344,,,,,,
2021-05-10,92.25967407226562,,,,,,
2021-05-11,91.22130584716795,,,,,,
2021-05-12,89.82252502441406,,,,,,
2021-05-13,91.16981506347656,,,,,,
2021-05-14,92.18243408203124,,,,,,
2021-05-17,92.23391723632812,,,,,,
2021-05-18,91.30712127685548,,,,,,
2021-05-19,90.79222869873048,,,,,,
2021-05-20,91.28995513916016,,,,,,
2021-05-21,91.53881072998048,,,,,,
2021-05-24,91.8734893798828,,,,,,
2021-05-25,91.14405822753906,,,,,,
2021-05-26,91.30712127685548,,,,,,
2021-05-27,91.5302276611328,,,,,,
2021-05-28,91.65894317626952,,,,,,
2021-06-01,91.89065551757812,,,,,,
2021-06-02,92.10518646240234,,,,,,
2021-06-03,92.24250793457033,,,,,,
2021-06-04,92.63723754882812,,,,,,
2021-06-07,92.37122344970705,,,,,,
2021-06-08,92.20816040039062,,,,,,
2021-06-09,91.89065551757812,,,,,,
2021-06-10,92.0451431274414,,,,,,
2021-06-11,92.10518646240234,,,,,,
2021-06-14,91.70187377929688,,,,,,
2021-06-15,91.81341552734376,,,,,,
2021-06-16,91.1612319946289,,,,,,
2021-06-17,89.8825912475586,,,,,,
2021-06-18,88.1062240600586,,,,,,
2021-06-21,89.71587371826172,,,,,,
2021-06-22,89.8369140625,,,,,,
2021-06-23,89.47382354736328,,,,,,
2021-06-24,90.1999740600586,,,,,,
2021-06-25,90.73597717285156,,,,,,
2021-06-28,90.3815460205078,,,,,,
2021-06-29,90.10490417480467,,,,,,
2021-06-30,90.57171630859376,,,,,,
2021-07-01,91.1249771118164,,,,,,
2021-07-02,91.28923034667967,,,,,,
2021-07-06,90.23458862304688,,,,,,
2021-07-07,90.48528289794922,,,,,,
2021-07-08,89.68994903564453,,,,,,
2021-07-09,90.98666381835938,,,,,,
2021-07-12,91.3238296508789,,,,,,
2021-07-13,90.67546081542967,,,,,,
2021-07-14,90.6581802368164,,,,,,
2021-07-15,90.71003723144533,,,,,,
2021-07-16,89.9838638305664,,,,,,
2021-07-19,88.46238708496094,,,,,,
2021-07-20,89.6121597290039,,,,,,
2021-07-21,90.48528289794922,,,,,,
2021-07-22,90.04439544677734,,,,,,
2021-07-23,90.6149444580078,,,,,,
2021-07-26,91.01261138916016,,,,,,
2021-07-27,90.9521026611328,,,,,,
2021-07-28,90.81378173828124,,,,,,
2021-07-29,91.48806762695312,,,,,,
2021-07-30,91.0731201171875,,,,,,
2021-08-02,90.90019989013672,,,,,,
2021-08-03,91.85115814208984,,,,,,
2021-08-04,90.89157104492188,,,,,,
2021-08-05,91.47943115234376,,,,,,
2021-08-06,92.04999542236328,,,,,,
2021-08-09,91.95489501953124,,,,,,
2021-08-10,92.76750946044922,,,,,,
2021-08-11,93.4072265625,,,,,,
2021-08-12,93.51097106933594,,,,,,
2021-08-13,93.5368881225586,,,,,,
2021-08-16,93.67520141601562,,,,,,
2021-08-17,93.2343292236328,,,,,,
2021-08-18,92.06727600097656,,,,,,
2021-08-19,91.75606536865234,,,,,,
2021-08-20,92.30934143066406,,,,,,
2021-08-23,92.81938934326172,,,,,,
2021-08-24,92.83665466308594,,,,,,
2021-08-25,93.1565170288086,,,,,,
2021-08-26,92.58596801757812,,,,,,
2021-08-27,93.31211853027344,,,,,,
2021-08-30,93.0787124633789,,,,,,
2021-08-31,92.97498321533205,,,,,,
2021-09-01,92.62918090820312,,,,,,
2021-09-02,93.30348205566406,,,,,,
2021-09-03,93.00092315673828,,,,,,
2021-09-07,92.11915588378906,,,,,,
2021-09-08,92.11050415039062,,,,,,
2021-09-09,91.62639617919922,,,,,,
2021-09-10,91.15956115722656,,,,,,
2021-09-13,91.79928588867188,,,,,,
2021-09-14,90.8742904663086,,,,,,
2021-09-15,91.67825317382812,,,,,,
2021-09-16,91.24604034423828,,,,,,
2021-09-17,90.64954376220705,,,,,,
2021-09-20,89.24683380126953,,,,,,
2021-09-21,89.07268524169922,,,,,,
2021-09-22,89.8650131225586,,,,,,
2021-09-23,91.08399963378906,,,,,,
2021-09-24,91.28426361083984,,,,,,
2021-09-27,91.8763198852539,,,,,,
2021-09-28,90.90115356445312,,,,,,
2021-09-29,91.34520721435548,,,,,,
2021-09-30,89.98692321777344,,,,,,
2021-10-01,91.08399963378906,,,,,,
2021-10-04,90.8402099609375,,,,,,
2021-10-05,91.47582244873048,,,,,,
2021-10-06,91.6151351928711,,,,,,
2021-10-07,92.26814270019533,,,,,,
2021-10-08,92.25944519042967,,,,,,
2021-10-11,91.6151351928711,,,,,,
2021-10-12,91.26685333251952,,,,,,
2021-10-13,91.371337890625,,,,,,
2021-10-14,92.78187561035156,,,,,,
2021-10-15,93.35652923583984,,,,,,
2021-10-18,93.03436279296876,,,,,,
2021-10-19,93.90508270263672,,,,,,
2021-10-20,94.70611572265624,,,,,,
2021-10-21,94.37525939941406,,,,,,
2021-10-22,94.6190414428711,,,,,,
2021-10-25,94.81929779052734,,,,,,
2021-10-26,94.87155151367188,,,,,,
2021-10-27,93.65255737304688,,,,,,
2021-10-28,94.505859375,,,,,,
2021-10-29,94.41877746582033,,,,,,
2021-11-01,94.83672332763672,,,,,,
2021-11-02,95.23726654052734,,,,,,
2021-11-03,95.7683563232422,,,,,,
2021-11-04,95.48976135253906,,,,,,
2021-11-05,96.07310485839844,,,,,,
2021-11-08,96.06439208984376,,,,,,
2021-11-09,95.99474334716795,,,,,,
2021-11-10,95.97734832763672,,,,,,
2021-11-11,96.0818328857422,,,,,,
2021-11-12,96.22984313964844,,,,,,
2021-11-15,96.39527893066406,,,,,,
2021-11-16,96.3778839111328,,,,,,
2021-11-17,95.94251251220705,,,,,,
2021-11-18,95.64646911621094,,,,,,
2021-11-19,94.7844696044922,,,,,,
2021-11-22,95.48976135253906,,,,,,
2021-11-23,96.38656616210938,,,,,,
2021-11-24,96.22113800048828,,,,,,
2021-11-26,94.22722625732422,,,,,,
2021-11-29,94.4536361694336,,,,,,
2021-11-30,92.23334503173828,,,,,,
2021-12-01,91.74574279785156,,,,,,
2021-12-02,93.41749572753906,,,,,,
2021-12-03,93.495849609375,,,,,,
2021-12-06,94.6190414428711,,,,,,
2021-12-07,95.55069732666016,,,,,,
2021-12-08,95.2895050048828,,,,,,
2021-12-09,95.1676025390625,,,,,,
2021-12-10,95.84674072265624,,,,,,
2021-12-13,95.44622802734376,,,,,,
2021-12-14,95.57678985595705,,,,,,
2021-12-15,96.57814025878906,,,,,,
2021-12-16,97.2659683227539,,,,,,
2021-12-17,95.71612548828124,,,,,,
2021-12-20,94.9424285888672,,,,,,
2021-12-21,95.89966583251952,,,,,,
2021-12-22,96.47049713134766,,,,,,
2021-12-23,97.00621032714844,,,,,,
2021-12-27,98.0864028930664,,,,,,
2021-12-28,98.30596923828124,,,,,,
2021-12-29,98.49916076660156,,,,,,
2021-12-30,98.33230590820312,,,,,,
2021-12-31,98.45524597167967,,,,,,
2022-01-03,98.92069244384766,,,,,,
2022-01-04,100.13259887695312,,,,,,
2022-01-05,99.75498962402344,,,,,,
2022-01-06,100.13259887695312,,,,,,
2022-01-07,100.59805297851562,,,,,,
2022-01-10,100.50145721435548,,,,,,
2022-01-11,100.99325561523438,,,,,,
2022-01-12,101.0020523071289,,,,,,
2022-01-13,100.86150360107422,,,,,,
2022-01-14,100.68588256835938,,,,,,
2022-01-18,99.34222412109376,,,,,,
2022-01-19,98.53427124023438,,,,,,
2022-01-20,97.55068969726562,,,,,,
2022-01-21,96.47049713134766,,,,,,
2022-01-24,96.6725082397461,,,,,,
2022-01-25,96.74275207519533,,,,,,
2022-01-26,96.30365753173828,,,,,,
2022-01-27,96.1894760131836,,,,,,
2022-01-28,97.24333953857422,,,,,,
2022-01-31,97.93710327148438,,,,,,
2022-02-01,98.7801742553711,,,,,,
2022-02-02,99.60569763183594,,,,,,
2022-02-03,98.6747817993164,,,,,,
2022-02-04,98.5167236328125,,,,,,
2022-02-07,98.6484603881836,,,,,,
2022-02-08,99.24561309814452,,,,,,
2022-02-09,99.80767822265624,,,,,,
2022-02-10,98.5167236328125,,,,,,
2022-02-11,97.82292175292967,,,,,,
2022-02-14,97.08526611328124,,,,,,
2022-02-15,97.96345520019533,,,,,,
2022-02-16,98.1127471923828,,,,,,
2022-02-17,97.00621032714844,,,,,,
2022-02-18,96.79544067382812,,,,,,
2022-02-22,95.89090728759766,,,,,,
2022-02-23,94.8194808959961,,,,,,
2022-02-24,94.17840576171876,,,,,,
2022-02-25,97.0149917602539,,,,,,
2022-02-28,96.49684143066406,,,,,,
2022-03-01,95.04782104492188,,,,,,
2022-03-02,97.0149917602539,,,,,,
2022-03-03,97.2696762084961,,,,,,
2022-03-04,97.1818389892578,,,,,,
2022-03-07,95.53960418701172,,,,,,
2022-03-08,94.687744140625,,,,,,
2022-03-09,95.86455535888672,,,,,,
2022-03-10,95.72404479980467,,,,,,
2022-03-11,95.17955017089844,,,,,,
2022-03-14,95.31129455566406,,,,,,
2022-03-15,96.38267517089844,,,,,,
2022-03-16,97.32235717773438,,,,,,
2022-03-17,98.36744689941406,,,,,,
2022-03-18,98.52550506591795,,,,,,
2022-03-21,98.8188018798828,,,,,,
2022-03-22,99.38418579101562,,,,,,
2022-03-23,98.3947525024414,,,,,,
2022-03-24,99.36651611328124,,,,,,
2022-03-25,100.3912582397461,,,,,,
2022-03-28,100.1615982055664,,,,,,
2022-03-29,100.84180450439452,,,,,,
2022-03-30,100.55030822753906,,,,,,
2022-03-31,99.16332244873048,,,,,,
2022-04-01,99.5873565673828,,,,,,
2022-04-04,99.4548568725586,,,,,,
2022-04-05,98.8718032836914,,,,,,
2022-04-06,99.13682556152344,,,,,,
2022-04-07,99.61387634277344,,,,,,
2022-04-08,100.17926025390624,,,,,,
2022-04-11,99.36651611328124,,,,,,
2022-04-12,99.18982696533205,,,,,,
2022-04-13,99.6668701171875,,,,,,
2022-04-14,99.26049041748048,,,,,,
2022-04-18,99.34883880615234,,,,,,
2022-04-19,100.38241577148438,,,,,,
2022-04-20,101.2128448486328,,,,,,
2022-04-21,100.22342681884766,,,,,,
2022-04-22,97.77638244628906,,,,,,
2022-04-25,97.78521728515624,,,,,,
2022-04-26,96.19505310058594,,,,,,
2022-04-27,96.3364028930664,,,,,,
2022-04-28,97.8293685913086,,,,,,
2022-04-29,94.99359893798828,,,,,,
2022-05-02,95.3116226196289,,,,,,
2022-05-03,96.08905029296876,,,,,,
2022-05-04,98.80996704101562,,,,,,
2022-05-05,96.65442657470705,,,,,,
2022-05-06,96.7516098022461,,,,,,
2022-05-09,94.8787612915039,,,,,,
2022-05-10,94.47239685058594,,,,,,
2022-05-11,93.99535369873048,,,,,,
2022-05-12,94.27804565429688,,,,,,
2022-05-13,95.47064208984376,,,,,,
2022-05-16,95.88585662841795,,,,,,
2022-05-17,97.40533447265624,,,,,,
2022-05-18,94.19853973388672,,,,,,
2022-05-19,93.18260955810548,,,,,,
2022-05-20,93.47412872314452,,,,,,
2022-05-23,95.07312774658205,,,,,,
2022-05-24,95.6473388671875,,,,,,
2022-05-25,96.43358612060548,,,,,,
2022-05-26,97.66152954101562,,,,,,
2022-05-27,99.06614685058594,,,,,,
2022-05-31,98.33291625976562,,,,,,
2022-06-01,97.6438446044922,,,,,,
2022-06-02,98.48310089111328,,,,,,
2022-06-03,97.82054901123048,,,,,,
2022-06-06,97.96187591552734,,,,,,
2022-06-07,99.0131607055664,,,,,,
2022-06-08,97.7940444946289,,,,,,
2022-06-09,95.81517028808594,,,,,,
2022-06-10,93.8451690673828,,,,,,
2022-06-13,90.9475555419922,,,,,,
2022-06-14,90.20549011230467,,,,,,
2022-06-15,90.58537292480467,,,,,,
2022-06-16,88.21781921386719,,,,,,
2022-06-17,87.63475036621094,,,,,,
2022-06-21,89.7981948852539,,,,,,
2022-06-22,89.53086853027344,,,,,,
2022-06-23,89.6645278930664,,,,,,
2022-06-24,92.05249786376952,,,,,,
2022-06-27,92.23069763183594,,,,,,
2022-06-28,91.39311981201172,,,,,,
2022-06-29,90.9654541015625,,,,,,
2022-06-30,90.6179428100586,,,,,,
2022-07-01,91.53569793701172,,,,,,
2022-07-05,90.48429870605467,,,,,,
2022-07-06,90.49319458007812,,,,,,
2022-07-07,91.50896453857422,,,,,,
2022-07-08,91.33966064453124,,,,,,
2022-07-11,90.92980194091795,,,,,,
2022-07-12,90.43082427978516,,,,,,
2022-07-13,89.89620971679688,,,,,,
2022-07-14,89.23683166503906,,,,,,
2022-07-15,90.84069061279295,,,,,,
2022-07-18,90.26153564453124,,,,,,
2022-07-19,92.1505126953125,,,,,,
2022-07-20,92.03467559814452,,,,,,
2022-07-21,92.2039794921875,,,,,,
2022-07-22,92.03467559814452,,,,,,
2022-07-25,92.70295715332033,,,,,,
2022-07-26,92.26634216308594,,,,,,
2022-07-27,93.3623046875,,,,,,
2022-07-28,94.10186767578124,,,,,,
2022-07-29,94.78795623779295,,,,,,
2022-08-01,94.65431213378906,,,,,,
2022-08-02,93.85237884521484,,,,,,
2022-08-03,94.4760971069336,,,,,,
2022-08-04,93.83455657958984,,,,,,
2022-08-05,94.09294891357422,,,,,,
2022-08-08,94.19989013671876,,,,,,
2022-08-09,94.3513641357422,,,,,,
2022-08-10,95.7502899169922,,,,,,
2022-08-11,96.2403564453125,,,,,,
2022-08-12,97.52342987060548,,,,,,
2022-08-15,97.71944427490234,,,,,,
2022-08-16,98.24517059326172,,,,,,
2022-08-17,97.79965209960938,,,,,,
2022-08-18,98.26300048828124,,,,,,
2022-08-19,97.56797790527344,,,,,,
2022-08-22,96.01758575439452,,,,,,
2022-08-23,95.87500762939452,,,,,,
2022-08-24,96.01758575439452,,,,,,
2022-08-25,97.18482971191406,,,,,,
2022-08-26,94.66321563720705,,,,,,
2022-08-29,94.28006744384766,,,,,,
2022-08-30,93.1930160522461,,,,,,
2022-08-31,92.46237182617188,,,,,,
2022-09-01,92.87225341796876,,,,,,
2022-09-02,92.17723083496094,,,,,,
2022-09-06,91.81192779541016,,,,,,
2022-09-07,93.1306381225586,,,,,,
2022-09-08,93.79002380371094,,,,,,
2022-09-09,94.8948974609375,,,,,,
2022-09-12,95.6522445678711,,,,,,
2022-09-13,92.3554458618164,,,,,,
2022-09-14,92.79205322265624,,,,,,
2022-09-15,92.123779296875,,,,,,
2022-09-16,91.7317123413086,,,,,,
2022-09-19,92.33049011230467,,,,,,
2022-09-20,91.19039154052734,,,,,,
2022-09-21,89.88868713378906,,,,,,
2022-09-22,89.45780944824219,,,,,,
2022-09-23,87.76110076904297,,,,,,
2022-09-26,86.5042953491211,,,,,,
2022-09-27,86.09135437011719,,,,,,
2022-09-28,87.779052734375,,,,,,
2022-09-29,86.42350006103516,,,,,,
2022-09-30,85.17565155029297,,,,,,
2022-10-03,87.50975799560547,,,,,,
2022-10-04,90.08618927001952,,,,,,
2022-10-05,89.86178588867188,,,,,,
2022-10-06,88.73062133789062,,,,,,
2022-10-07,87.04293823242188,,,,,,
2022-10-10,86.7018051147461,,,,,,
2022-10-11,86.58509063720703,,,,,,
2022-10-12,86.30681610107422,,,,,,
2022-10-13,88.8922348022461,,,,,,
2022-10-14,87.48281860351562,,,,,,
2022-10-17,89.0179214477539,,,,,,
2022-10-18,90.1310806274414,,,,,,
2022-10-19,89.64630889892578,,,,,,
2022-10-20,88.78450012207031,,,,,,
2022-10-21,91.0198211669922,,,,,,
2022-10-24,92.14199829101562,,,,,,
2022-10-25,93.05765533447266,,,,,,
2022-10-26,93.6591339111328,,,,,,
2022-10-27,93.95538330078124,,,,,,
2022-10-28,95.88545989990234,,,,,,
2022-10-31,95.5892333984375,,,,,,
2022-11-01,95.85855102539062,,,,,,
2022-11-02,94.4311752319336,,,,,,
2022-11-03,94.27855682373048,,,,,,
2022-11-04,95.72388458251952,,,,,,
2022-11-07,96.54082489013672,,,,,,
2022-11-08,97.08840942382812,,,,,,
2022-11-09,95.42764282226562,,,,,,
2022-11-10,98.76715087890624,,,,,,
2022-11-11,99.00055694580078,,,,,,
2022-11-14,98.48886108398438,,,,,,
2022-11-15,98.93772888183594,,,,,,
2022-11-16,98.3272705078125,,,,,,
2022-11-17,98.39910888671876,,,,,,
2022-11-18,99.0993194580078,,,,,,
2022-11-21,99.35965728759766,,,,,,
2022-11-22,100.61646270751952,,,,,,
2022-11-23,100.66134643554688,,,,,,
2022-11-25,100.9845199584961,,,,,,
2022-11-28,99.61100769042967,,,,,,
2022-11-29,99.82647705078124,,,,,,
2022-11-30,101.57704162597656,,,,,,
2022-12-01,101.48723602294922,,,,,,
2022-12-02,101.4423599243164,,,,,,
2022-12-05,99.66487121582033,,,,,,
2022-12-06,98.65943908691406,,,,,,
2022-12-07,98.64146423339844,,,,,,
2022-12-08,99.1621551513672,,,,,,
2022-12-09,98.3003387451172,,,,,,
2022-12-12,99.75465393066406,,,,,,
2022-12-13,100.11375427246094,,,,,,
2022-12-14,99.66487121582033,,,,,,
2022-12-15,97.86045837402344,,,,,,
2022-12-16,96.94478607177734,,,,,,
2022-12-19,96.6050796508789,,,,,,
2022-12-20,96.8768539428711,,,,,,
2022-12-21,98.17227935791016,,,,,,
2022-12-22,97.34791564941406,,,,,,
2022-12-23,98.09981536865234,,,,,,
2022-12-27,98.38968658447266,,,,,,
2022-12-28,97.3388671875,,,,,,
2022-12-29,98.2719268798828,,,,,,
2022-12-30,98.02733612060548,,,,,,
2023-01-03,97.8552017211914,,,,,,
2023-01-04,98.68863677978516,,,,,,
2023-01-05,98.19039154052734,,,,,,
2023-01-06,100.346435546875,,,,,,
2023-01-09,99.48583221435548,,,,,,
2023-01-10,99.9568862915039,,,,,,
2023-01-11,100.45514678955078,,,,,,
2023-01-12,100.62728118896484,,,,,,
2023-01-13,100.9533920288086,,,,,,
2023-01-17,100.33737182617188,,,,,,
2023-01-18,98.32627868652344,,,,,,
2023-01-19,97.66497039794922,,,,,,
2023-01-20,98.63428497314452,,,,,,
2023-01-23,99.29558563232422,,,,,,
2023-01-24,99.40430450439452,,,,,,
2023-01-25,99.62171173095705,,,,,,
2023-01-26,100.2739715576172,,,,,,
2023-01-27,99.88443756103516,,,,,,
2023-01-30,99.18687438964844,,,,,,
2023-01-31,100.346435546875,,,,,,
2023-02-01,100.51854705810548,,,,,,
2023-02-02,100.40078735351562,,,,,,
2023-02-03,99.82101440429688,,,,,,
2023-02-06,99.61265563964844,,,,,,
2023-02-07,100.26490783691406,,,,,,
2023-02-08,99.50394439697266,,,,,,
2023-02-09,98.59803771972656,,,,,,
2023-02-10,99.70323944091795,,,,,,
2023-02-13,100.6363296508789,,,,,,
2023-02-14,100.14714813232422,,,,,,
2023-02-15,100.11090850830078,,,,,,
2023-02-16,99.313720703125,,,,,,
2023-02-17,99.4405288696289,,,,,,
2023-02-21,97.8552017211914,,,,,,
2023-02-22,97.59251403808594,,,,,,
2023-02-23,97.7827377319336,,,,,,
2023-02-24,97.42039489746094,,,,,,
2023-02-27,97.39319610595705,,,,,,
2023-02-28,96.82247924804688,,,,,,
2023-03-01,96.76814270019533,,,,,,
2023-03-02,97.23919677734376,,,,,,
2023-03-03,98.29911041259766,,,,,,
2023-03-06,98.28099060058594,,,,,,
2023-03-07,96.6050796508789,,,,,,
2023-03-08,96.42388916015624,,,,,,
2023-03-09,94.54869079589844,,,,,,
2023-03-10,93.59748840332033,,,,,,
2023-03-13,92.70064544677734,,,,,,
2023-03-14,93.77865600585938,,,,,,
2023-03-15,92.6191177368164,,,,,,
2023-03-16,93.50689697265624,,,,,,
2023-03-17,91.96687316894533,,,,,,
2023-03-20,93.24141693115234,,,,,,
2023-03-21,94.24500274658205,,,,,,
2023-03-22,92.43855285644533,,,,,,
2023-03-23,91.9823760986328,,,,,,
2023-03-24,92.78524017333984,,,,,,
2023-03-27,93.64285278320312,,,,,,
2023-03-28,93.8617935180664,,,,,,
2023-03-29,94.94750213623048,,,,,,
2023-03-30,95.22120666503906,,,,,,
2023-03-31,96.25214385986328,,,,,,
2023-04-03,96.98200988769533,,,,,,
2023-04-04,96.09705352783205,,,,,,
2023-04-05,96.64446258544922,,,,,,
2023-04-06,96.63533782958984,,,,,,
2023-04-10,96.93638610839844,,,,,,
2023-04-11,97.4199447631836,,,,,,
2023-04-12,97.15535736083984,,,,,,
2023-04-13,97.7118911743164,,,,,,
2023-04-14,97.6845245361328,,,,,,
2023-04-17,98.2045669555664,,,,,,
2023-04-18,98.21368408203124,,,,,,
2023-04-19,98.24105834960938,,,,,,
2023-04-20,97.62977600097656,,,,,,
2023-04-21,97.6024169921875,,,,,,
2023-04-24,97.93084716796876,,,,,,
2023-04-25,96.7721710205078,,,,,,
2023-04-26,95.50402069091795,,,,,,
2023-04-27,96.6261978149414,,,,,,
2023-04-28,97.47468566894533,,,,,,
2023-05-01,97.4290771484375,,,,,,
2023-05-02,95.73212432861328,,,,,,
2023-05-03,94.8015365600586,,,,,,
2023-05-04,93.85269165039062,,,,,,
2023-05-05,95.37628936767578,,,,,,
2023-05-08,95.30329132080078,,,,,,
2023-05-09,94.9110107421875,,,,,,
2023-05-10,94.70116424560548,,,,,,
2023-05-11,94.21761322021484,,,,,,
2023-05-12,94.24500274658205,,,,,,
2023-05-15,94.4913330078125,,,,,,
2023-05-16,93.15929412841795,,,,,,
2023-05-17,94.34535217285156,,,,,,
2023-05-18,94.65554809570312,,,,,,
2023-05-19,94.59169006347656,,,,,,
2023-05-22,94.41834259033205,,,,,,
2023-05-23,94.18111419677734,,,,,,
2023-05-24,93.37825012207033,,,,,,
2023-05-25,92.76699829101562,,,,,,
2023-05-26,93.4056396484375,,,,,,
2023-05-30,93.0589599609375,,,,,,
2023-05-31,92.47504425048828,,,,,,
2023-06-01,92.9403305053711,,,,,,
2023-06-02,94.9292449951172,,,,,,
2023-06-05,94.44568634033205,,,,,,
2023-06-06,94.82889556884766,,,,,,
2023-06-07,95.92369842529295,,,,,,
2023-06-08,96.08792877197266,,,,,,
2023-06-09,95.91458129882812,,,,,,
2023-06-12,96.14265441894533,,,,,,
2023-06-13,96.82691955566406,,,,,,
2023-06-14,96.5440902709961,,,,,,
2023-06-15,97.6662826538086,,,,,,
2023-06-16,97.7118911743164,,,,,,
2023-06-20,96.7156753540039,,,,,,
2023-06-21,96.58688354492188,,,,,,
2023-06-22,96.13613891601562,,,,,,
2023-06-23,95.24385833740234,,,,,,
2023-06-26,95.74060821533205,,,,,,
2023-06-27,96.35692596435548,,,,,,
2023-06-28,96.0533676147461,,,,,,
2023-06-29,96.81685638427734,,,,,,
2023-06-30,97.57115173339844,,,,,,
2023-07-03,98.09547424316406,,,,,,
2023-07-05,97.6355438232422,,,,,,
2023-07-06,96.56848907470705,,,,,,
2023-07-07,96.4856948852539,,,,,,
2023-07-10,97.08363342285156,,,,,,
2023-07-11,98.03108978271484,,,,,,
2023-07-12,98.45423889160156,,,,,,
2023-07-13,98.78539276123048,,,,,,
2023-07-14,98.08627319335938,,,,,,
2023-07-17,98.15985107421876,,,,,,
2023-07-18,98.80378723144533,,,,,,
2023-07-19,99.57646942138672,,,,,,
2023-07-20,100.47795867919922,,,,,,
2023-07-21,100.79071044921876,,,,,,
2023-07-24,101.35183715820312,,,,,,
2023-07-25,101.14946746826172,,,,,,
2023-07-26,101.49900817871094,,,,,,
2023-07-27,100.84590911865234,,,,,,
2023-07-28,101.34263610839844,,,,,,
2023-07-31,101.48983001708984,,,,,,
2023-08-01,101.23226165771484,,,,,,
2023-08-02,100.56072235107422,,,,,,
2023-08-03,100.30318450927734,,,,,,
2023-08-04,99.81565856933594,,,,,,
2023-08-07,100.6711196899414,,,,,,
2023-08-08,100.19280242919922,,,,,,
2023-08-09,100.00882720947266,,,,,,
2023-08-10,99.93522644042967,,,,,,
2023-08-11,100.34917449951172,,,,,,
2023-08-14,100.14679718017578,,,,,,
2023-08-15,98.7761688232422,,,,,,
2023-08-16,98.2426528930664,,,,,,
2023-08-17,98.04947662353516,,,,,,
2023-08-18,98.30706024169922,,,,,,
2023-08-21,98.03108978271484,,,,,,
2023-08-22,97.3871841430664,,,,,,
2023-08-23,97.91151428222656,,,,,,
2023-08-24,97.33199310302734,,,,,,
2023-08-25,97.8471221923828,,,,,,
2023-08-28,98.36224365234376,,,,,,
2023-08-29,99.13492584228516,,,,,,
2023-08-30,99.25452423095705,,,,,,
2023-08-31,99.06135559082033,,,,,,
2023-09-01,99.37411499023438,,,,,,
2023-09-05,98.38985443115234,,,,,,
2023-09-06,97.9574966430664,,,,,,
2023-09-07,97.9299087524414,,,,,,
2023-09-08,98.36224365234376,,,,,,
2023-09-11,98.55541229248048,,,,,,
2023-09-12,98.88656616210938,,,,,,
2023-09-13,98.78539276123048,,,,,,
2023-09-14,99.9536361694336,,,,,,
2023-09-15,99.13492584228516,,,,,,
2023-09-18,99.22298431396484,,,,,,
2023-09-19,98.8986587524414,,,,,,
2023-09-20,98.53726959228516,,,,,,
2023-09-21,97.2585220336914,,,,,,
2023-09-22,96.98053741455078,,,,,,
2023-09-25,97.2585220336914,,,,,,
2023-09-26,95.99832153320312,,,,,,
2023-09-27,95.97052764892578,,,,,,
2023-09-28,96.25777435302734,,,,,,
2023-09-29,95.7388687133789,,,,,,
2023-10-02,94.58985137939452,,,,,,
2023-10-03,93.83002471923828,,,,,,
2023-10-04,93.75588989257812,,,,,,
2023-10-05,93.3852310180664,,,,,,
2023-10-06,93.87635040283205,,,,,,
2023-10-09,94.84929656982422,,,,,,
2023-10-10,95.4330596923828,,,,,,
2023-10-11,95.32189178466795,,,,,,
2023-10-12,94.74737548828124,,,,,,
2023-10-13,94.94197082519533,,,,,,
2023-10-16,95.94271850585938,,,,,,
2023-10-17,96.34117126464844,,,,,,
2023-10-18,95.48867797851562,,,,,,
2023-10-19,94.70104217529295,,,,,,
2023-10-20,93.78368377685548,,,,,,
2023-10-23,92.98678588867188,,,,,,
2023-10-24,93.6539535522461,,,,,,
2023-10-25,93.17211151123048,,,,,,
2023-10-26,92.8848648071289,,,,,,
2023-10-27,91.46711730957033,,,,,,
2023-10-30,92.48640441894533,,,,,,
2023-10-31,93.0794448852539,,,,,,
2023-11-01,93.51496124267578,,,,,,
2023-11-02,95.4238052368164,,,,,,
2023-11-03,96.2021713256836,,,,,,
2023-11-06,95.86858367919922,,,,,,
2023-11-07,95.36821746826172,,,,,,
2023-11-08,94.97901916503906,,,,,,
2023-11-09,94.13579559326172,,,,,,
2023-11-10,95.11802673339844,,,,,,
2023-11-13,94.98829650878906,,,,,,
2023-11-14,96.86935424804688,,,,,,
2023-11-15,97.41605377197266,,,,,,
2023-11-16,96.98980712890624,,,,,,
2023-11-17,97.54579162597656,,,,,,
2023-11-20,97.75889587402344,,,,,,
2023-11-21,97.56431579589844,,,,,,
2023-11-22,97.91641998291016,,,,,,
2023-11-24,98.23148345947266,,,,,,
2023-11-27,97.9071807861328,,,,,,
2023-11-28,97.92569732666016,,,,,,
2023-11-29,98.06468963623048,,,,,,
2023-11-30,98.9079132080078,,,,,,
2023-12-01,99.9272003173828,,,,,,
2023-12-04,100.01986694335938,,,,,,
2023-12-05,99.35269165039062,,,,,,
2023-12-06,99.13958740234376,,,,,,
2023-12-07,99.4546356201172,,,,,,
2023-12-08,99.70481872558594,,,,,,
2023-12-11,100.69629669189452,,,,,,
2023-12-12,100.7333755493164,,,,,,
2023-12-13,102.47541809082033,,,,,,
2023-12-14,103.63370513916016,,,,,,
2023-12-15,103.13333129882812,,,,,,
2023-12-18,103.3579559326172,,,,,,
2023-12-19,104.1159896850586,,,,,,
2023-12-20,102.5437240600586,,,,,,
2023-12-21,103.36730194091795,,,,,,
2023-12-22,103.8352279663086,,,,,,
2023-12-26,104.5277862548828,,,,,,
2023-12-27,104.6400909423828,,,,,,
2023-12-28,104.65880584716795,,,,,,
2023-12-29,104.47162628173828,,,,,,
2024-01-02,105.16417694091795,,,,,,
2024-01-03,104.5277862548828,,,,,,
2024-01-04,104.43418884277344,,,,,,
2024-01-05,104.69625091552734,,,,,,
2024-01-08,105.28583526611328,,,,,,
2024-01-09,104.6120147705078,,,,,,
2024-01-10,104.62136840820312,,,,,,
2024-01-11,104.20958709716795,,,,,,
2024-01-12,104.3405990600586,,,,,,
2024-01-16,103.54511260986328,,,,,,
2024-01-17,102.9274444580078,,,,,,
2024-01-18,103.3017807006836,,,,,,
2024-01-19,104.46227264404295,,,,,,
2024-01-22,104.62136840820312,,,,,,
2024-01-23,104.9489288330078,,,,,,
2024-01-24,104.66815185546876,,,,,,
2024-01-25,105.8192901611328,,,,,,
2024-01-26,105.7444076538086,,,,,,
2024-01-29,106.05325317382812,,,,,,
2024-01-30,106.44632720947266,,,,,,
2024-01-31,105.2577667236328,,,,,,
2024-02-01,106.04389190673828,,,,,,
2024-02-02,105.87543487548828,,,,,,
2024-02-05,105.06122589111328,,,,,,
2024-02-06,105.49173736572266,,,,,,
2024-02-07,105.6882553100586,,,,,,
2024-02-08,105.7444076538086,,,,,,
2024-02-09,105.6414794921875,,,,,,
2024-02-12,106.37144470214844,,,,,,
2024-02-13,104.92083740234376,,,,,,
2024-02-14,105.43558502197266,,,,,,
2024-02-15,106.9049072265625,,,,,,
2024-02-16,106.62413024902344,,,,,,
2024-02-20,106.63349151611328,,,,,,
2024-02-21,107.1762924194336,,,,,,
2024-02-22,107.90628814697266,,,,,,
2024-02-23,108.1496124267578,,,,,,
2024-02-26,107.7284698486328,,,,,,
2024-02-27,107.88756561279295,,,,,,
2024-02-28,107.82205200195312,,,,,,
2024-02-29,108.01858520507812,,,,,,
2024-03-01,108.7111358642578,,,,,,
2024-03-04,109.01062774658205,,,,,,
2024-03-05,108.90768432617188,,,,,,
2024-03-06,109.58148956298828,,,,,,
2024-03-07,110.0775146484375,,,,,,
2024-03-08,109.8061065673828,,,,,,
2024-03-11,110.33018493652344,,,,,,
2024-03-12,110.5454559326172,,,,,,
2024-03-13,110.7419891357422,,,,,,
2024-03-14,110.12432098388672,,,,,,
2024-03-15,110.03585815429688,,,,,,
2024-03-18,110.19583129882812,,,,,,
2024-03-19,110.76051330566406,,,,,,
2024-03-20,111.72044372558594,,,,,,
2024-03-21,112.64275360107422,,,,,,
2024-03-22,112.06867218017578,,,,,,
2024-03-25,111.94631958007812,,,,,,
2024-03-26,111.68280792236328,,,,,,
2024-03-27,113.47093963623048,,,,,,
2024-03-28,113.86620330810548,,,,,,
2024-04-01,113.43328857421876,,,,,,
2024-04-02,112.990966796875,,,,,,
2024-04-03,112.7933349609375,,,,,,
2024-04-04,111.68280792236328,,,,,,
2024-04-05,112.23807525634766,,,,,,
2024-04-08,112.30394744873048,,,,,,
2024-04-09,112.52040100097656,,,,,,
2024-04-10,111.09931182861328,,,,,,
2024-04-11,110.95814514160156,,,,,,
2024-04-12,109.26412963867188,,,,,,
2024-04-15,108.7276840209961,,,,,,
2024-04-16,108.1441879272461,,,,,,
2024-04-17,107.95597076416016,,,,,,
2024-04-18,108.20066833496094,,,,,,
2024-04-19,109.11355590820312,,,,,,
2024-04-22,110.06407928466795,,,,,,
2024-04-23,110.73226928710938,,,,,,
2024-04-24,110.99578857421876,,,,,,
2024-04-25,110.6758041381836,,,,,,
2024-04-26,110.45936584472656,,,,,,
2024-04-29,111.0428466796875,,,,,,
2024-04-30,109.61234283447266,,,,,,
2024-05-01,109.16060638427734,,,,,,
2024-05-02,109.61234283447266,,,,,,
2024-05-03,110.23348236083984,,,,,,
2024-05-06,110.90167236328124,,,,,,
2024-05-07,111.24989318847656,,,,,,
2024-05-08,111.6075210571289,,,,,,
2024-05-09,112.44512176513672,,,,,,
2024-05-10,112.8121566772461,,,,,,
2024-05-13,112.80274200439452,,,,,,
2024-05-14,113.21683502197266,,,,,,
2024-05-15,114.12030792236328,,,,,,
2024-05-16,114.0638427734375,,,,,,
2024-05-17,114.35559844970705,,,,,,
2024-05-20,113.74385833740234,,,,,,
2024-05-21,113.88502502441406,,,,,,
2024-05-22,113.48035430908205,,,,,,
2024-05-23,111.96514892578124,,,,,,
2024-05-24,112.35100555419922,,,,,,
2024-05-28,111.71104431152344,,,,,,
2024-05-29,110.49700164794922,,,,,,
2024-05-30,111.12754821777344,,,,,,
2024-05-31,112.93450164794922,,,,,,
2024-06-03,112.1063232421875,,,,,,
2024-06-04,111.79573059082033,,,,,,
2024-06-05,112.25689697265624,,,,,,
2024-06-06,112.06867218017578,,,,,,
2024-06-07,111.9180908203125,,,,,,
2024-06-10,112.20042419433594,,,,,,
2024-06-11,111.5322265625,,,,,,
2024-06-12,111.50399780273438,,,,,,
2024-06-13,111.8051528930664,,,,,,
2024-06-14,111.4475326538086,,,,,,
2024-06-17,112.36040496826172,,,,,,
2024-06-18,112.75569152832033,,,,,,
2024-06-20,113.1415557861328,,,,,,
2024-06-21,112.84159088134766,,,,,,
2024-06-24,113.64842987060548,,,,,,
2024-06-25,112.75615692138672,,,,,,
2024-06-26,112.30055236816406,,,,,,
2024-06-27,112.30055236816406,,,,,,
2024-06-28,112.57581329345705,,,,,,
2024-07-01,112.32901763916016,,,,,,
2024-07-02,112.67074584960938,,,,,,
2024-07-03,112.83211517333984,,,,,,
2024-07-05,112.54734802246094,,,,,,
2024-07-08,112.7656707763672,,,,,,
2024-07-09,112.7941436767578,,,,,,
2024-07-10,113.8477554321289,,,,,,
2024-07-11,114.7874755859375,,,,,,
2024-07-12,115.30953979492188,,,,,,
2024-07-15,115.84109497070312,,,,,,
2024-07-16,117.55915069580078,,,,,,
2024-07-17,117.976806640625,,,,,,
2024-07-18,117.05606842041016,,,,,,
2024-07-19,116.21128845214844,,,,,,
2024-07-22,116.68588256835938,,,,,,
2024-07-23,116.0214385986328,,,,,,
2024-07-24,115.44242095947266,,,,,,
2024-07-25,115.8505859375,,,,,,
2024-07-26,117.24591064453124,,,,,,
2024-07-29,117.0465850830078,,,,,,
2024-07-30,117.22693634033205,,,,,,
2024-07-31,118.01478576660156,,,,,,
2024-08-01,116.42011260986328,,,,,,
2024-08-02,114.48372650146484,,,,,,
2024-08-05,111.911376953125,,,,,,
2024-08-06,112.68972778320312,,,,,,
2024-08-07,112.20561981201172,,,,,,
2024-08-08,114.17996215820312,,,,,,
2024-08-09,114.2369384765625,,,,,,
2024-08-12,113.8477554321289,,,,,,
2024-08-13,115.03426361083984,,,,,,
2024-08-14,115.54683685302734,,,,,,
2024-08-15,117.03710174560548,,,,,,
2024-08-16,117.43575286865234,,,,,,
2024-08-19,118.22360229492188,,,,,,
2024-08-20,117.61611938476562,,,,,,
2024-08-21,118.15715789794922,,,,,,
2024-08-22,117.90087127685548,,,,,,
2024-08-23,119.3816146850586,,,,,,
2024-08-26,119.5429916381836,,,,,,
2024-08-27,119.48605346679688,,,,,,
2024-08-28,119.30569458007812,,,,,,
2024-08-29,119.7423324584961,,,,,,
2024-08-30,120.89086151123048,,,,,,
2024-09-03,119.42908477783205,,,,,,
2024-09-04,119.31517791748048,,,,,,
2024-09-05,118.49884796142578,,,,,,
2024-09-06,116.8282699584961,,,,,,
2024-09-09,118.12867736816406,,,,,,
2024-09-10,117.91986083984376,,,,,,
2024-09-11,117.89137268066406,,,,,,
2024-09-12,118.52733612060548,,,,,,
2024-09-13,119.6189193725586,,,,,,
2024-09-16,120.50169372558594,,,,,,
2024-09-17,120.58712005615234,,,,,,
2024-09-18,120.28337860107422,,,,,,
2024-09-19,121.56480407714844,,,,,,
2024-09-20,121.35552978515624,,,,,,
2024-09-23,121.90019989013672,,,,,,
2024-09-24,122.05309295654295,,,,,,
2024-09-25,121.20264434814452,,,,,,
2024-09-26,121.7377471923828,,,,,,
2024-09-27,122.08175659179688,,,,,,
2024-09-30,122.502197265625,,,,,,
2024-10-01,122.23463439941406,,,,,,
2024-10-02,122.33975219726562,,,,,,
2024-10-03,121.9193115234375,,,,,,
2024-10-04,122.96085357666016,,,,,,
2024-10-07,122.16776275634766,,,,,,
2024-10-08,122.30152893066406,,,,,,
2024-10-09,123.4004135131836,,,,,,
2024-10-10,123.04686737060548,,,,,,
2024-10-11,124.32730865478516,,,,,,
2024-10-14,125.13953399658205,,,,,,
2024-10-15,124.55663299560548,,,,,,
2024-10-16,125.4739761352539,,,,,,
2024-10-17,125.62688446044922,,,,,,
2024-10-18,125.58863067626952,,,,,,
2024-10-21,124.36553192138672,,,,,,
2024-10-22,124.3846435546875,,,,,,
2024-10-23,123.95465850830078,,,,,,
2024-10-24,123.72530364990234,,,,,,
2024-10-25,122.72196197509766,,,,,,
2024-10-28,123.55330657958984,,,,,,
2024-10-29,122.8557586669922,,,,,,
2024-10-30,122.78887176513672,,,,,,
2024-10-31,122.10086059570312,,,,,,
2024-11-01,121.86198425292967,,,,,,
2024-11-04,121.63264465332033,,,,,,
2024-11-05,122.91310119628906,,,,,,
2024-11-06,126.47730255126952,,,,,,
2024-11-07,125.92308807373048,,,,,,
2024-11-08,126.61109161376952,,,,,,
2024-11-11,126.89775848388672,,,,,,
2024-11-12,125.8944091796875,,,,,,
2024-11-13,125.98997497558594,,,,,,
2024-11-14,125.30198669433594,,,,,,
2024-11-15,124.8910903930664,,,,,,
2024-11-18,125.52175903320312,,,,,,
2024-11-19,124.96753692626952,,,,,,
2024-11-20,125.0439682006836,,,,,,
2024-11-21,126.61109161376952,,,,,,
2024-11-22,127.6812973022461,,,,,,
2024-11-25,128.4457550048828,,,,,,
2024-11-26,128.48399353027344,,,,,,
2024-11-27,128.3119659423828,,,,,,
2024-11-29,128.7515411376953,,,,,,
2024-12-02,128.0635528564453,,,,,,
2024-12-03,127.49018096923828,,,,,,
2024-12-04,126.95507049560548,,,,,,
2024-12-05,127.02197265625,,,,,,
2024-12-06,126.89775848388672,,,,,,
2024-12-09,126.04730224609376,,,,,,
2024-12-10,125.38797760009766,,,,,,
2024-12-11,125.32109832763672,,,,,,
2024-12-12,124.88153076171876,,,,,,
2024-12-13,126.00907135009766,,,,,,
2024-12-16,125.97085571289062,,,,,,
2024-12-17,125.03443908691406,,,,,,
2024-12-18,121.5179672241211,,,,,,
2024-12-19,121.0497589111328,,,,,,
2024-12-20,122.40164184570312,,,,,,
2024-12-23,123.02751159667967,,,,,,
2024-12-24,124.20223999023438,,,,,,
2024-12-26,124.5488739013672,,,,,,
2024-12-27,123.86521911621094,,,,,,
2024-12-30,122.59422302246094,,,,,,
2024-12-31,122.85419464111328,,,,,,
2025-01-02,122.80606079101562,,,,,,
2025-01-03,123.65338897705078,,,,,,
2025-01-06,123.34527587890624,,,,,,
2025-01-07,123.01789093017578,,,,,,
2025-01-08,123.21045684814452,,,,,,
2025-01-10,121.42913055419922,,,,,,
2025-01-13,122.47866821289062,,,,,,
2025-01-14,123.51858520507812,,,,,,
2025-01-15,125.06883239746094,,,,,,
2025-01-16,125.86801147460938,,,,,,
2025-01-17,126.802001953125,,,,,,
2025-01-21,128.00559997558594,,,,,,
2025-01-22,127.11016082763672,,,,,,
2025-01-23,128.0634002685547,,,,,,
2025-01-24,128.12115478515625,,,,,,
2025-01-27,127.79378509521484,,,,,,
2025-01-28,126.9464340209961,,,,,,
2025-01-29,126.98497009277344,,,,,,
2025-01-30,128.07301330566406,,,,,,
2025-01-31,127.4471435546875,,,,,,
2025-02-03,127.01383972167967,,,,,,
2025-02-04,127.24492645263672,,,,,,
2025-02-05,128.37152099609375,,,,,,
2025-02-06,128.34262084960938,,,,,,
2025-02-07,127.40863037109376,,,,,,
2025-02-10,128.10191345214844,,,,,,
2025-02-11,128.84332275390625,,,,,,
2025-02-12,128.20782470703125,,,,,,
2025-02-13,128.97811889648438,,,,,,
2025-02-14,128.80484008789062,,,,,,
2025-02-18,129.50772094726562,,,,,,
2025-02-19,130.04693603515625,,,,,,
2025-02-20,129.60400390625,,,,,,
2025-02-21,128.37152099609375,,,,,,
2025-02-24,128.0634002685547,,,,,,
2025-02-25,128.246337890625,,,,,,
2025-02-26,127.97672271728516,,,,,,
2025-02-27,127.27381896972656,,,,,,
2025-02-28,129.0744171142578,,,,,,
2025-03-03,127.77452087402344,,,,,,
2025-03-04,125.16513061523438,,,,,,
2025-03-05,125.91616821289062,,,,,,
2025-03-06,124.75106811523438,,,,,,
2025-03-07,126.35909271240234,,,,,,
2025-03-10,124.68367767333984,,,,,,
2025-03-11,123.16232299804688,,,,,,
2025-03-12,122.50756072998048,,,,,,
2025-03-13,121.67948150634766,,,,,,
2025-03-14,123.51858520507812,,,,,,
2025-03-17,125.01105499267578,,,,,,
2025-03-18,124.3466567993164,,,,,,
2025-03-19,125.3576889038086,,,,,,
2025-03-20,124.97251892089844,,,,,,
2025-03-21,124.44915008544922,,,,,,
2025-03-24,125.74794006347656,,,,,,
2025-03-25,125.20514678955078,,,,,,
2025-03-26,125.33114624023438,,,,,,
2025-03-27,124.90467834472656,,,,,,
2025-03-28,123.62530517578124,,,,,,
2025-03-31,124.99192810058594,,,,,,
2025-04-01,124.72052764892578,,,,,,
2025-04-02,125.44744873046876,,,,,,
2025-04-03,120.2911605834961,,,,,,
2025-04-04,113.42901611328124,,,,,,
2025-04-07,112.61485290527344,,,,,,
2025-04-08,111.24823760986328,,,,,,
2025-04-09,118.90516662597656,,,,,,
2025-04-10,115.50316619873048,,,,,,
2025-04-11,117.29623413085938,,,,,,
2025-04-14,118.53685760498048,,,,,,
2025-04-15,118.18792724609376,,,,,,
2025-04-16,116.75347137451172,,,,,,
2025-04-17,117.12176513671876,,,,,,
2025-04-21,115.04761505126952,,,,,,
2025-04-22,117.33501434326172,,,,,,
2025-04-23,118.11038970947266,,,,,,
2025-04-24,119.62239074707033,,,,,,
2025-04-25,119.50608825683594,,,,,,
2025-04-28,119.9519271850586,,,,,,
2025-04-29,120.4850082397461,,,,,,
2025-04-30,120.57222747802734,,,,,,
2025-05-01,120.1457748413086,,,,,,
2025-05-02,122.0260772705078,,,,,,
2025-05-05,121.46392822265624,,,,,,
2025-05-06,120.71762084960938,,,,,,
2025-05-07,121.38639068603516,,,,,,
2025-05-08,121.99700927734376,,,,,,
2025-05-09,121.87100219726562,,,,,,
2025-05-12,124.80777740478516,,,,,,
2025-05-13,124.41039276123048,,,,,,
2025-05-14,123.63500213623048,,,,,,
2025-05-15,125.1857681274414,,,,,,
2025-05-16,125.95145416259766,,,,,,
2025-05-19,126.2034683227539,,,,,,
2025-05-20,126.09684753417967,,,,,,
2025-05-21,123.81916046142578,,,,,,
2025-05-22,123.3248519897461,,,,,,
2025-05-23,123.1794662475586,,,,,,
2025-05-27,125.09855651855467,,,,,,
2025-05-28,124.22623443603516,,,,,,
2025-05-29,124.79808044433594,,,,,,
2025-05-30,125.05007934570312,,,,,,
2025-06-02,125.4280776977539,,,,,,
2025-06-03,126.41668701171876,,,,,,
2025-06-04,125.90300750732422,,,,,,
2025-06-05,125.6025390625,,,,,,
2025-06-06,126.42638397216795,,,,,,
2025-06-09,126.4457778930664,,,,,,
2025-06-10,127.1048355102539,,,,,,
2025-06-11,127.2308578491211,,,,,,
2025-06-12,127.79299926757812,,,,,,
2025-06-13,126.52330017089844,,,,,,
2025-06-16,127.2114486694336,,,,,,
2025-06-17,126.06777954101562,,,,,,
2025-06-18,126.27132415771484,,,,,,
2025-06-20,126.46839904785156,,,,,,
2025-06-23,127.44408416748048,,,,,,
2025-06-24,128.41976928710938,,,,,,
2025-06-25,127.80509185791016,,,,,,
2025-06-26,128.96615600585938,,,,,,
2025-06-27,129.29788208007812,,,,,,
2025-06-30,130.06866455078125,,,,,,
2025-07-01,131.28829956054688,,,,,,
2025-07-02,131.72732543945312,,,,,,
2025-07-03,132.50790405273438,,,,,,
2025-07-07,131.4541473388672,,,,,,
2025-07-08,131.4346466064453,,,,,,
2025-07-09,131.66880798339844,,,,,,
2025-07-10,132.4103240966797,,,,,,
2025-07-11,131.62001037597656,,,,,,
2025-07-14,131.756591796875,,,,,,
2025-07-15,130.22479248046875,,,,,,
2025-07-16,130.84922790527344,,,,,,
2025-07-17,131.7371063232422,,,,,,
2025-07-18,131.41513061523438,,,,,,
2025-07-21,131.3370819091797,,,,,,
2025-07-22,132.16641235351562,,,,,,
2025-07-23,133.3372344970703,,,,,,
2025-07-24,132.77133178710938,,,,,,
2025-07-25,133.27870178222656,,,,,,
2025-07-28,132.8103485107422,,,,,,
2025-07-29,132.96646118164062,,,,,,
2025-07-30,132.39080810546875,,,,,,
2025-07-31,130.8687286376953,,,,,,
2025-08-01,129.6686553955078,,,,,,
2025-08-04,131.2004852294922,,,,,,
2025-08-05,131.00534057617188,,,,,,
2025-08-06,131.22975158691406,,,,,,
2025-08-07,131.32733154296875,,,,,,
2025-08-08,132.04931640625,,,,,,
2025-08-11,131.80540466308594,,,,,,
2025-08-12,133.3079833984375,,,,,,
2025-08-13,134.23486328125,,,,,,
2025-08-14,134.0494842529297,,,,,,
2025-08-15,133.65921020507812,,,,,,
2025-08-18,133.66896057128906,,,,,,
2025-08-19,133.9031219482422,,,,,,
2025-08-20,134.25437927246094,,,,,,
2025-08-21,133.86407470703125,,,,,,
2025-08-22,135.77645874023438,,,,,,
2025-08-25,134.91783142089844,,,,,,
2025-08-26,135.27882385253906,,,,,,
2025-08-27,135.7178955078125,,,,,,
2025-08-28,135.87400817871094,,,,,,
2025-08-29,135.7959442138672,,,,,,
2025-09-02,135.33738708496094,,,,,,
2025-09-03,134.89833068847656,,,,,,
2025-09-04,135.9032745361328,,,,,,
2025-09-05,136.15695190429688,,,,,,
2025-09-08,136.25453186035156,,,,,,
2025-09-09,136.2350311279297,,,,,,
2025-09-10,137.3570556640625,,,,,,
2025-09-11,138.57666015625,,,,,,
2025-09-12,137.9424591064453,,,,,,
2025-09-15,137.68878173828125,,,,,,
2025-09-16,137.45462036132812,,,,,,
2025-09-17,137.7278289794922,,,,,,
2025-09-18,138.07907104492188,,,,,,
2025-09-19,137.86508178710938,,,,,,
2025-09-22,137.51174926757812,,,,,,
2025-09-23,137.96322631835938,,,,,,
2025-09-24,137.92396545410156,,,,,,
2025-09-25,137.24671936035156,,,,,,
2025-09-26,138.17916870117188,,,,,,
2025-09-29,137.91415405273438,,,,,,
2025-09-30,138.34603881835938,,,,,,
2025-10-01,138.47364807128906,,,,,,
2025-10-02,138.30677795410156,,,,,,
2025-10-03,138.93495178222656,,,,,,
2025-10-06,138.6503143310547,,,,,,
2025-10-07,138.44419860839844,,,,,,
2025-10-08,138.64048767089844,,,,,,
2025-10-09,137.72769165039062,,,,,,
2025-10-10,134.9303436279297,,,,,,
2025-10-13,136.97189331054688,,,,,,
2025-10-14,137.9337921142578,,,,,,
2025-10-15,138.30677795410156,,,,,,
2025-10-16,136.9130096435547,,,,,,
2025-10-17,137.52154541015625,,,,,,
2025-10-20,138.62086486816406,,,,,,
2025-10-21,138.37547302246094,,,,,,
2025-10-22,137.9828643798828,,,,,,
2025-10-23,138.31658935546875,,,,,,
2025-10-24,139.00364685058594,,,,,,
2025-10-27,139.77906799316406,,,,,,
2025-10-28,139.24903869628906,,,,,,
2025-10-29,138.7975311279297,,,,,,
2025-10-30,138.24789428710938,,,,,,
2025-10-31,137.9828643798828,,,,,,
2025-11-03,137.1485595703125,,,,,,
2025-11-04,136.589111328125,,,,,,
2025-11-05,137.32525634765625,,,,,,
2025-11-06,136.9915313720703,,,,,,
2025-11-07,137.67860412597656,,,,,,
2025-11-10,138.424560546875,,,,,,
2025-11-11,139.45516967773438,,,,,,
2025-11-12,140.23056030273438,,,,,,
2025-11-13,138.64048767089844,,,,,,
2025-11-14,138.40492248535156,,,,,,
2025-11-17,136.96206665039062,,,,,,
2025-11-18,136.9326171875,,,,,,
2025-11-19,137.10931396484375,,,,,,
2025-11-20,135.87258911132812,,,,,,
2025-11-21,137.51174926757812,,,,,,
2025-11-24,138.61105346679688,,,,,,
2025-11-25,140.4661407470703,,,,,,
2025-11-26,141.72247314453125,,,,,,
2025-11-28,142.75308227539062,,,,,,
2025-12-01,141.3298797607422,,,,,,
2025-12-02,140.88818359375,,,,,,
2025-12-03,142.38992309570312,,,,,,
2025-12-04,142.42918395996094,,,,,,
2025-12-05,142.52732849121094,,,,,,
2025-12-08,142.10528564453125,,,,,,
2025-12-09,142.05621337890625,,,,,,
2025-12-10,144.07815551757812,,,,,,
2025-12-11,145.05967712402344,,,,,,
2025-12-12,143.3125457763672,,,,,,
2025-12-15,143.20458984375,,,,,,
2025-12-16,141.7715606689453,,,,,,
2025-12-17,141.39859008789062,,,,,,
2025-12-18,141.1531982421875,,,,,,
2025-12-19,141.61460876464844,,,,,,
2025-12-22,142.5236053466797,,,,,,
2025-12-23,142.67178344726562,,,,,,
2025-12-24,143.3238983154297,,,,,,
2025-12-26,143.35354614257812,,,,,,
2025-12-29,142.96820068359375,,,,,,
2025-12-30,142.82000732421875,,,,,,
2025-12-31,141.80233764648438,,,,,,
2026-01-02,143.02748107910156,,,,,,
2026-01-05,144.07481384277344,,,,,,
2026-01-06,145.00355529785156,,,,,,
2026-01-07,143.36343383789062,,,,,,
2026-01-08,144.5885772705078,,,,,,
2026-01-09,145.49757385253906,,,,,,
2026-01-12,145.87301635742188,,,,,,
2026-01-13,145.8236083984375,,,,,,
2026-01-14,146.2978973388672,,,,,,
2026-01-15,146.9302215576172,,,,,,
2026-01-16,147.0883026123047,,,,,,
2026-01-20,144.81582641601562,,,,,,
2026-01-21,146.50537109375,,,,,,
2026-01-22,146.6634521484375,,,,,,
2026-01-23,145.92242431640625,,,,,,
2026-01-26,146.63380432128906,,,,,,
2026-01-27,146.82154846191406,,,,,,
2026-01-28,146.91046142578125,,,,,,
2026-01-29,147.6909942626953,,,,,,
2026-01-30,148.16526794433594,,,,,,
2026-02-02,149.2224578857422,,,,,,
2026-02-03,150.12156677246094,,,,,,
2026-02-04,150.9613800048828,,,,,,
2026-02-05,150.1709747314453,,,,,,
2026-02-06,153.60931396484375,,,,,,
2026-02-09,153.87608337402344,,,,,,
2026-02-10,153.7871551513672,,,,,,
2026-02-11,154.62698364257812,,,,,,
2026-02-12,152.73983764648438,,,,,,
2026-02-13,153.510498046875,,,,,,
2026-02-17,153.27337646484375,,,,,,
2026-02-18,153.73777770996094,,,,,,
2026-02-19,153.34254455566406,,,,,,
2026-02-20,153.6982421875,,,,,,
2026-02-23,152.45330810546875,,,,,,
2026-02-24,152.8090057373047,,,,,,
2026-02-25,153.17459106445312,,,,,,
2026-02-26,153.07577514648438,,,,,,
2026-02-27,153.19435119628906,,,,,,
2026-03-02,153.2042236328125,,,,,,
2026-03-03,151.44552612304688,,,,,,
2026-03-04,151.76170349121094,,,,,,
2026-03-05,150.25001525878906,,,,,,
2026-03-06,148.93592834472656,,,,,,
2026-03-09,149.41018676757812,,,,,,
2026-03-10,148.9062957763672,,,,,,
2026-03-11,148.49130249023438,,,,,,
2026-03-12,146.95986938476562,,,,,,
2026-03-13,146.653564453125,,,,,,
2026-03-16,147.5922088623047,,,,,,
2026-03-17,147.77993774414062,,,,,,
2026-03-18,145.7445831298828,,,,,,
2026-03-19,145.7445831298828,,,,,,
2026-03-20,144.2756805419922,,,,,,
2026-03-23,145.77638244628906,,,,,,
2026-03-24,146.4521942138672,,,,,,
2026-03-25,147.17770385742188,,,,,,
2026-03-26,146.3130645751953,,,,,,
2026-03-27,144.8024139404297,,,,,,
2026-03-30,144.58377075195312,,,,,,
2026-03-31,147.18765258789062,,,,,,
2026-04-01,147.03855895996094,,,,,,
2026-04-02,147.19757080078125,,,,,,
2026-04-06,147.7740020751953,,,,,,
2026-04-07,148.17153930664062,,,,,,
2026-04-08,151.15306091308594,,,,,,
2026-04-09,151.72947692871094,,,,,,
2026-04-10,151.1232452392578,,,,,,
2026-04-13,152.2462921142578,,,,,,
2026-04-14,152.1767120361328,,,,,,
2026-04-15,152.10714721679688,,,,,,
2026-04-16,152.88233947753906,,,,,,
2026-04-17,154.15444946289062,,,,,,
2026-04-20,154.1246337890625,,,,,,
2026-04-21,153.39913940429688,,,,,,
2026-04-22,153.86624145507812,,,,,,
2026-04-23,154.87002563476562,,,,,,
2026-04-24,153.9954376220703,,,,,,
2026-04-27,153.64759826660156,,,,,,
2026-04-28,153.33949279785156,,,,,,
2026-04-29,153.5482177734375,,,,,,
2026-04-30,156.22164916992188,,,,,,
2026-05-01,155.5458221435547,,,,,,
2026-05-04,154.28366088867188,,,,,,
2026-05-05,155.366943359375,,,,,,
2026-05-06,155.98312377929688,,,,,,
2026-05-07,154.2041473388672,,,,,,
2026-05-08,154.50230407714844,,,,,,
2026-05-11,154.8501434326172,,,,,,
2026-05-12,154.9992218017578,,,,,,
2026-05-13,154.68118286132812,,,,,,
2026-05-14,156.27133178710938,,,,,,
2026-05-15,154.80044555664062,,,,,,
2026-05-18,155.66510009765625,,,,,,
2026-05-19,154.94952392578125,,,,,,
2026-05-20,155.7843475341797,,,,,,
2026-05-21,156.28126525878906,,,,,,
2026-05-22,157.7223358154297,,,,,,
2026-05-26,157.70245361328125,,,,,,
2026-05-27,157.3943634033203,,,,,,
2026-05-28,157.3446807861328,,,,,,
2026-05-29,158.20932006835938,,,,,,
2026-06-01,158.20932006835938,,,,,,
2026-06-02,160.1771240234375,,,,,,
2026-06-03,159.49136352539062,,,,,,
2026-06-04,159.411865234375,,,,,,
2026-06-05,157.2651824951172,,,,,,
2026-06-08,157.14590454101562,,,,,,
2026-06-09,157.86146545410156,,,,,,
2026-06-10,156.2415313720703,,,,,,
2026-06-11,158.0701904296875,,,,,,
2026-06-12,159.34230041503906,,,,,,
2026-06-15,159.47149658203125,,,,,,
2026-06-16,159.43174743652344,,,,,,
2026-06-17,158.10000610351562,,,,,,
2026-06-18,158.2100067138672,,,,,,
2026-06-22,158.38999938964844,,,,,,
2026-06-23,158.1300048828125,,,,,,
2026-06-24,157.99000549316406,,,,,,
2026-06-25,158.9499969482422,,,,,,
2026-06-26,158.22000122070312,,,,,,
2026-06-29,158.4499969482422,,,,,,
2026-06-30,158.02999877929688,,,,,,
2026-07-01,158.24000549316406,,,,,,
2026-07-02,159.47999572753906,,,,,,
2026-07-06,160.13999938964844,,,,,,
2026-07-07,160.63999938964844,,,,,,
2026-07-08,159.7899932861328,,,,,,
2026-07-09,160.5500030517578,,,,,,
2026-07-10,161.05999755859375,,,,,,
2026-07-13,160.86000061035156,,,,,,
2026-07-14,160.17999267578125,,,,,,
2026-07-15,160.10000610351562,,,,,,
2026-07-16,160.85000610351562,,,,,,
2026-07-17,160.16000366210938,,,,,,
2026-07-20,159.41000366210938,,,,,,
2026-07-21,160.5,,,,,,
2026-07-22,161.64999389648438,,,,,,
2026-07-23,161.27999877929688,,,,,,
2026-07-24,162.22999572753906,,,,,,
2026-07-27,162.72999572753906,,,,,,
2026-07-28,163.83999633789062,,,,,,
2026-07-29,161.6699981689453,,,,,,
2026-07-30,161.9600067138672,,,,,,
2026-07-31,161.9600067138672,,,,,,
2026-08-03,162.7899932861328,,,,,,
2026-08-04,165.3000030517578,,,,,,
2026-08-05,165.1300048828125,,,,,,
2026-08-06,164.77000427246094,,,,,,
2026-08-07,165.6300048828125,,,,,,
2026-08-10,166.05999755859375,,,,,,
2026-08-11,166.13999938964844,,,,,,
2026-08-12,166.6699981689453,,,,,,
2026-08-13,167.02999877929688,,,,,,
2026-08-14,166.52000427246094,,,,,,
2026-08-17,165.67999267578125,,,,,,
2026-08-25,164.83999633789062,,,,,,
2026-08-26,164.99000549316406,,,,,,
2026-08-26,164.99,164.69,165.31,164.54,539110.0,165.016,2360.0
2026-08-27,164.41000366210938,,,,,,
2026-08-27,164.41,164.39,164.75,163.92,744363.0,164.413,3093.0
2026-08-28,164.25,,,,,,
2026-08-28,164.25,164.89,165.03,163.85,669495.0,164.376,2745.0
2026-08-31,163.8699951171875,,,,,,
2026-08-31,163.87,164.03,164.32,163.55,1071898.0,163.871,4904.0
2026-09-01,163.5626983642578,,,,,,
2026-09-01,163.31,163.91,164.12,162.98,1456805.0,163.374,4271.0
