date,close,open,high,low,volume,average,barCount
2000-01-03,20.60181999206543,,,,,,
2000-01-04,19.55663299560547,,,,,,
2000-01-05,19.26630973815918,,,,,,
2000-01-06,18.6275634765625,,,,,,
2000-01-07,18.952747344970703,,,,,,
2000-01-10,19.67276382446289,,,,,,
2000-01-11,19.11533737182617,,,,,,
2000-01-12,19.034034729003903,,,,,,
2000-01-13,19.208240509033203,,,,,,
2000-01-14,19.649538040161133,,,,,,
2000-01-18,19.75406265258789,,,,,,
2000-01-19,19.78889846801757,,,,,,
2000-01-20,19.90502548217773,,,,,,
2000-01-21,19.928268432617188,,,,,,
2000-01-24,19.277908325195312,,,,,,
2000-01-25,19.69018173217773,,,,,,
2000-01-26,19.04565048217773,,,,,,
2000-01-27,18.85983657836914,,,,,,
2000-01-28,18.18627548217773,,,,,,
2000-01-31,18.790157318115234,,,,,,
2000-02-01,19.185009002685547,,,,,,
2000-02-02,19.32436752319336,,,,,,
2000-02-03,19.88179588317871,,,,,,
2000-02-04,20.114059448242188,,,,,,
2000-02-07,20.34632682800293,,,,,,
2000-02-08,20.53214263916016,,,,,,
2000-02-09,20.276657104492188,,,,,,
2000-02-10,20.75859260559082,,,,,,
2000-02-11,20.206966400146484,,,,,,
2000-02-14,20.218582153320312,,,,,,
2000-02-15,20.276657104492188,,,,,,
2000-02-16,20.1721305847168,,,,,,
2000-02-17,20.62504768371582,,,,,,
2000-02-18,19.928268432617188,,,,,,
2000-02-22,19.88179588317871,,,,,,
2000-02-23,20.48568344116211,,,,,,
2000-02-24,20.741182327270508,,,,,,
2000-02-25,20.54374885559082,,,,,,
2000-02-28,20.29987907409668,,,,,,
2000-02-29,20.764404296875,,,,,,
2000-03-01,20.973445892333984,,,,,,
2000-03-02,21.18248176574707,,,,,,
2000-03-03,21.76895332336425,,,,,,
2000-03-06,21.734113693237305,,,,,,
2000-03-07,21.136032104492188,,,,,,
2000-03-08,21.507652282714844,,,,,,
2000-03-09,22.15798759460449,,,,,,
2000-03-10,22.204439163208008,,,,,,
2000-03-13,21.87927627563477,,,,,,
2000-03-14,21.379901885986328,,,,,,
2000-03-15,21.008285522460938,,,,,,
2000-03-16,21.73991584777832,,,,,,
2000-03-17,22.25090217590332,,,,,,
2000-03-20,22.15798759460449,,,,,,
2000-03-21,22.73865127563477,,,,,,
2000-03-22,23.133495330810547,,,,,,
2000-03-23,23.57480239868164,,,,,,
2000-03-24,23.778032302856445,,,,,,
2000-03-27,23.96965789794922,,,,,,
2000-03-28,23.388992309570312,,,,,,
2000-03-29,22.703813552856445,,,,,,
2000-03-30,22.08831024169922,,,,,,
2000-03-31,22.506385803222656,,,,,,
2000-04-03,21.55410385131836,,,,,,
2000-04-04,21.345060348510746,,,,,,
2000-04-05,21.48442649841309,,,,,,
2000-04-06,21.76313781738281,,,,,,
2000-04-07,22.506385803222656,,,,,,
2000-04-10,21.69345664978028,,,,,,
2000-04-11,21.159252166748047,,,,,,
2000-04-12,19.78889846801757,,,,,,
2000-04-13,19.41147422790528,,,,,,
2000-04-14,18.39531135559082,,,,,,
2000-04-17,19.39404487609864,,,,,,
2000-04-18,20.497295379638672,,,,,,
2000-04-19,19.8237361907959,,,,,,
2000-04-20,19.649538040161133,,,,,,
2000-04-24,19.04565048217773,,,,,,
2000-04-25,20.148914337158203,,,,,,
2000-04-26,19.765668869018555,,,,,,
2000-04-27,20.38117408752441,,,,,,
2000-04-28,20.439245223999023,,,,,,
2000-05-01,20.72956657409668,,,,,,
2000-05-02,20.34632682800293,,,,,,
2000-05-03,19.46373176574707,,,,,,
2000-05-04,19.32436752319336,,,,,,
2000-05-05,19.852764129638672,,,,,,
2000-05-08,19.150165557861328,,,,,,
2000-05-09,18.79597282409668,,,,,,
2000-05-10,17.884326934814453,,,,,,
2000-05-11,18.38950538635254,,,,,,
2000-05-12,18.6275634765625,,,,,,
2000-05-15,18.975969314575195,,,,,,
2000-05-16,19.54501914978028,,,,,,
2000-05-17,19.26630973815918,,,,,,
2000-05-18,18.778549194335938,,,,,,
2000-05-19,18.046913146972656,,,,,,
2000-05-22,17.965627670288086,,,,,,
2000-05-23,17.094635009765625,,,,,,
2000-05-24,17.76820182800293,,,,,,
2000-05-25,17.477861404418945,,,,,,
2000-05-26,17.535938262939453,,,,,,
2000-05-30,18.674022674560547,,,,,,
2000-05-31,18.314014434814453,,,,,,
2000-06-01,19.138566970825195,,,,,,
2000-06-02,20.009552001953125,,,,,,
2000-06-05,20.067615509033203,,,,,,
2000-06-06,19.78889846801757,,,,,,
2000-06-07,20.160518646240234,,,,,,
2000-06-08,20.067615509033203,,,,,,
2000-06-09,20.114059448242188,,,,,,
2000-06-12,19.695995330810547,,,,,,
2000-06-13,20.114059448242188,,,,,,
2000-06-14,19.74244880676269,,,,,,
2000-06-15,20.137296676635746,,,,,,
2000-06-16,20.206966400146484,,,,,,
2000-06-19,20.845703125,,,,,,
2000-06-20,20.90376663208008,,,,,,
2000-06-21,21.089574813842773,,,,,,
2000-06-22,20.439245223999023,,,,,,
2000-06-23,20.003738403320312,,,,,,
2000-06-26,20.137296676635746,,,,,,
2000-06-27,19.939861297607425,,,,,,
2000-06-28,20.137296676635746,,,,,,
2000-06-29,19.74244880676269,,,,,,
2000-06-30,20.137296676635746,,,,,,
2000-07-03,20.276657104492188,,,,,,
2000-07-05,19.626314163208008,,,,,,
2000-07-06,19.928268432617188,,,,,,
2000-07-07,20.253427505493164,,,,,,
2000-07-10,20.032773971557617,,,,,,
2000-07-11,19.87019729614257,,,,,,
2000-07-12,20.38117408752441,,,,,,
2000-07-13,20.776020050048828,,,,,,
2000-07-14,21.159252166748047,,,,,,
2000-07-17,21.333457946777344,,,,,,
2000-07-18,20.90376663208008,,,,,,
2000-07-19,20.439245223999023,,,,,,
2000-07-20,20.86892318725586,,,,,,
2000-07-21,20.41600799560547,,,,,,
2000-07-24,19.916648864746094,,,,,,
2000-07-25,20.253427505493164,,,,,,
2000-07-26,19.986316680908203,,,,,,
2000-07-27,19.40566062927246,,,,,,
2000-07-28,18.685646057128903,,,,,,
2000-07-31,19.06887435913086,,,,,,
2000-08-01,18.84822654724121,,,,,,
2000-08-02,18.76693344116211,,,,,,
2000-08-03,19.12694549560547,,,,,,
2000-08-04,19.12694549560547,,,,,,
2000-08-07,19.521791458129883,,,,,,
2000-08-08,19.55663299560547,,,,,,
2000-08-09,19.626314163208008,,,,,,
2000-08-10,19.208240509033203,,,,,,
2000-08-11,19.277908325195312,,,,,,
2000-08-14,19.67276382446289,,,,,,
2000-08-15,19.71921730041504,,,,,,
2000-08-16,19.74244880676269,,,,,,
2000-08-17,20.114059448242188,,,,,,
2000-08-18,20.137296676635746,,,,,,
2000-08-21,20.230199813842773,,,,,,
2000-08-22,20.230199813842773,,,,,,
2000-08-23,20.427621841430664,,,,,,
2000-08-24,20.61923599243164,,,,,,
2000-08-25,20.549558639526367,,,,,,
2000-08-28,20.717952728271484,,,,,,
2000-08-29,20.741182327270508,,,,,,
2000-08-30,20.60181999206543,,,,,,
2000-08-31,21.008285522460938,,,,,,
2000-09-01,21.01988983154297,,,,,,
2000-09-05,20.54374885559082,,,,,,
2000-09-06,20.021160125732425,,,,,,
2000-09-07,20.34632682800293,,,,,,
2000-09-08,19.695995330810547,,,,,,
2000-09-11,19.185009002685547,,,,,,
2000-09-12,18.906288146972656,,,,,,
2000-09-13,19.09210777282715,,,,,,
2000-09-14,19.196617126464844,,,,,,
2000-09-15,18.86565017700196,,,,,,
2000-09-18,18.441761016845703,,,,,,
2000-09-19,19.16178703308105,,,,,,
2000-09-20,19.231464385986328,,,,,,
2000-09-21,18.83661460876465,,,,,,
2000-09-22,18.302404403686523,,,,,,
2000-09-25,17.919170379638672,,,,,,
2000-09-26,17.541744232177734,,,,,,
2000-09-27,17.419801712036133,,,,,,
2000-09-28,18.0236930847168,,,,,,
2000-09-29,17.233993530273438,,,,,,
2000-10-02,17.10625457763672,,,,,,
2000-10-03,16.653331756591797,,,,,,
2000-10-04,17.10044288635254,,,,,,
2000-10-05,16.8565673828125,,,,,,
2000-10-06,16.50817108154297,,,,,,
2000-10-09,16.415258407592773,,,,,,
2000-10-10,15.933310508728027,,,,,,
2000-10-11,15.422329902648926,,,,,,
2000-10-12,14.888123512268066,,,,,,
2000-10-13,16.142362594604492,,,,,,
2000-10-16,15.886869430541992,,,,,,
2000-10-17,15.468788146972656,,,,,,
2000-10-18,15.224913597106934,,,,,,
2000-10-19,16.577842712402344,,,,,,
2000-10-20,16.827533721923828,,,,,,
2000-10-23,16.723012924194336,,,,,,
2000-10-24,16.397838592529297,,,,,,
2000-10-25,15.242328643798828,,,,,,
2000-10-26,15.608141899108888,,,,,,
2000-10-27,15.741689682006836,,,,,,
2000-10-30,15.526854515075684,,,,,,
2000-10-31,16.246877670288086,,,,,,
2000-11-01,15.933310508728027,,,,,,
2000-11-02,16.345582962036133,,,,,,
2000-11-03,16.467514038085938,,,,,,
2000-11-06,16.2120304107666,,,,,,
2000-11-07,16.328161239624023,,,,,,
2000-11-08,15.468788146972656,,,,,,
2000-11-09,15.242328643798828,,,,,,
2000-11-10,14.40036678314209,,,,,,
2000-11-13,14.35391616821289,,,,,,
2000-11-14,15.13200569152832,,,,,,
2000-11-15,15.236517906188965,,,,,,
2000-11-16,14.748764991760254,,,,,,
2000-11-17,14.864897727966309,,,,,,
2000-11-20,14.261015892028809,,,,,,
2000-11-21,14.330692291259766,,,,,,
2000-11-22,13.808100700378418,,,,,,
2000-11-24,14.35391616821289,,,,,,
2000-11-27,14.272618293762209,,,,,,
2000-11-28,13.69776725769043,,,,,,
2000-11-29,13.633896827697754,,,,,,
2000-11-30,12.9138765335083,,,,,,
2000-12-01,13.082277297973633,,,,,,
2000-12-04,13.006787300109863,,,,,,
2000-12-05,14.237781524658203,,,,,,
2000-12-06,13.842933654785156,,,,,,
2000-12-07,13.3842134475708,,,,,,
2000-12-08,14.005528450012209,,,,,,
2000-12-11,14.533920288085938,,,,,,
2000-12-12,14.237781524658203,,,,,,
2000-12-13,13.633896827697754,,,,,,
2000-12-14,13.424856185913086,,,,,,
2000-12-15,12.890653610229492,,,,,,
2000-12-18,12.635162353515623,,,,,,
2000-12-19,12.263542175292969,,,,,,
2000-12-20,11.34610080718994,,,,,,
2000-12-21,11.380940437316896,,,,,,
2000-12-22,12.164827346801758,,,,,,
2000-12-26,11.96159839630127,,,,,,
2000-12-27,12.077731132507324,,,,,,
2000-12-28,12.01966381072998,,,,,,
2000-12-29,11.636428833007812,,,,,,
2001-01-02,10.962865829467772,,,,,,
2001-01-03,12.728069305419922,,,,,,
2001-01-04,12.855817794799805,,,,,,
2001-01-05,12.077731132507324,,,,,,
2001-01-08,12.042888641357422,,,,,,
2001-01-09,12.310002326965332,,,,,,
2001-01-10,12.68161678314209,,,,,,
2001-01-11,13.215821266174316,,,,,,
2001-01-12,13.01839828491211,,,,,,
2001-01-16,12.867426872253418,,,,,,
2001-01-17,13.26227855682373,,,,,,
2001-01-18,13.95907211303711,,,,,,
2001-01-19,14.150691032409668,,,,,,
2001-01-22,13.889391899108888,,,,,,
2001-01-23,14.121654510498049,,,,,,
2001-01-24,14.295845985412598,,,,,,
2001-01-25,13.796488761901855,,,,,,
2001-01-26,13.889391899108888,,,,,,
2001-01-29,14.181110382080078,,,,,,
2001-01-30,14.214563369750977,,,,,,
2001-01-31,13.861522674560549,,,,,,
2001-02-01,13.854084014892578,,,,,,
2001-02-02,13.244626998901367,,,,,,
2001-02-05,13.162867546081545,,,,,,
2001-02-06,13.24090576171875,,,,,,
2001-02-07,12.899018287658691,,,,,,
2001-02-08,12.70948600769043,,,,,,
2001-02-09,12.12232780456543,,,,,,
2001-02-12,12.22637939453125,,,,,,
2001-02-13,12.018269538879396,,,,,,
2001-02-14,12.300702095031738,,,,,,
2001-02-15,12.67232608795166,,,,,,
2001-02-16,11.88820457458496,,,,,,
2001-02-20,11.249015808105469,,,,,,
2001-02-21,10.962865829467772,,,,,,
2001-02-22,10.981444358825684,,,,,,
2001-02-23,10.899687767028809,,,,,,
2001-02-26,11.07435417175293,,,,,,
2001-02-27,10.650700569152832,,,,,,
2001-02-28,10.40914535522461,,,,,,
2001-03-01,10.702728271484377,,,,,,
2001-03-02,10.331104278564451,,,,,,
2001-03-05,10.55408000946045,,,,,,
2001-03-06,11.000025749206545,,,,,,
2001-03-07,11.014887809753418,,,,,,
2001-03-08,10.795636177062988,,,,,,
2001-03-09,10.089550971984863,,,,,,
2001-03-12,9.550697326660156,,,,,,
2001-03-13,10.026373863220217,,,,,,
2001-03-14,9.781102180480955,,,,,,
2001-03-15,9.665899276733398,,,,,,
2001-03-16,9.454075813293455,,,,,,
2001-03-19,9.74765968322754,,,,,,
2001-03-20,9.279413223266602,,,,,,
2001-03-21,9.324007987976074,,,,,,
2001-03-22,9.751379013061523,,,,,,
2001-03-23,9.959484100341797,,,,,,
2001-03-26,9.829413414001465,,,,,,
2001-03-27,10.145296096801758,,,,,,
2001-03-28,9.394617080688477,,,,,,
2001-03-29,9.271977424621582,,,,,,
2001-03-30,9.216236114501951,,,,,,
2001-04-02,8.993264198303223,,,,,,
2001-04-03,8.3912353515625,,,,,,
2001-04-04,8.231436729431152,,,,,,
2001-04-05,9.101034164428713,,,,,,
2001-04-06,8.677382469177246,,,,,,
2001-04-09,8.699682235717773,,,,,,
2001-04-10,9.283135414123535,,,,,,
2001-04-11,9.621307373046877,,,,,,
2001-04-12,9.862863540649414,,,,,,
2001-04-16,9.625020027160645,,,,,,
2001-04-17,9.725361824035645,,,,,,
2001-04-18,10.609819412231444,,,,,,
2001-04-19,11.278741836547852,,,,,,
2001-04-20,11.148675918579102,,,,,,
2001-04-23,10.531777381896973,,,,,,
2001-04-24,10.368263244628906,,,,,,
2001-04-25,10.5503568649292,,,,,,
2001-04-26,10.401716232299805,,,,,,
2001-04-27,10.542932510375977,,,,,,
2001-04-30,10.706445693969728,,,,,,
2001-05-01,10.962865829467772,,,,,,
2001-05-02,11.182120323181152,,,,,,
2001-05-03,10.825359344482422,,,,,,
2001-05-04,10.981444358825684,,,,,,
2001-05-07,10.970293045043944,,,,,,
2001-05-08,11.01860809326172,,,,,,
2001-05-09,10.866241455078123,,,,,,
2001-05-10,10.706445693969728,,,,,,
2001-05-11,10.591240882873535,,,,,,
2001-05-14,10.44258975982666,,,,,,
2001-05-15,10.424007415771484,,,,,,
2001-05-16,10.847658157348633,,,,,,
2001-05-17,10.910840034484863,,,,,,
2001-05-18,10.959148406982422,,,,,,
2001-05-21,11.44597053527832,,,,,,
2001-05-22,11.423672676086426,,,,,,
2001-05-23,11.144956588745115,,,,,,
2001-05-24,11.23043441772461,,,,,,
2001-05-25,11.01860809326172,,,,,,
2001-05-29,10.60610580444336,,,,,,
2001-05-30,10.17502498626709,,,,,,
2001-05-31,10.26792335510254,,,,,,
2001-06-01,10.44258975982666,,,,,,
2001-06-04,10.420294761657717,,,,,,
2001-06-05,10.832797050476074,,,,,,
2001-06-06,10.728741645812988,,,,,,
2001-06-07,11.033473014831545,,,,,,
2001-06-08,10.788199424743652,,,,,,
2001-06-11,10.609819412231444,,,,,,
2001-06-12,10.528064727783203,,,,,,
2001-06-13,10.290227890014648,,,,,,
2001-06-14,9.922321319580078,,,,,,
2001-06-15,9.829413414001465,,,,,,
2001-06-18,9.584141731262209,,,,,,
2001-06-19,9.621307373046877,,,,,,
2001-06-20,9.721644401550291,,,,,,
2001-06-21,9.90373992919922,,,,,,
2001-06-22,9.810833930969238,,,,,,
2001-06-25,9.952052116394045,,,,,,
2001-06-26,10.007793426513672,,,,,,
2001-06-27,10.030092239379885,,,,,,
2001-06-28,10.227048873901367,,,,,,
2001-06-29,10.468602180480955,,,,,,
2001-07-02,10.461174964904783,,,,,,
2001-07-03,10.424007415771484,,,,,,
2001-07-05,10.089550971984863,,,,,,
2001-07-06,9.625020027160645,,,,,,
2001-07-09,9.74765968322754,,,,,,
2001-07-10,9.450361251831056,,,,,,
2001-07-11,9.498671531677246,,,,,,
2001-07-12,10.13043212890625,,,,,,
2001-07-13,10.16015911102295,,,,,,
2001-07-16,9.91488552093506,,,,,,
2001-07-17,10.033807754516602,,,,,,
2001-07-18,9.651036262512209,,,,,,
2001-07-19,9.829413414001465,,,,,,
2001-07-20,9.773670196533203,,,,,,
2001-07-23,9.535831451416016,,,,,,
2001-07-24,9.409480094909668,,,,,,
2001-07-25,9.610157012939451,,,,,,
2001-07-26,9.792254447937012,,,,,,
2001-07-27,9.777386665344238,,,,,,
2001-07-30,9.74765968322754,,,,,,
2001-07-31,9.743938446044922,,,,,,
2001-08-01,10.004074096679688,,,,,,
2001-08-02,10.141573905944824,,,,,,
2001-08-03,9.996644020080566,,,,,,
2001-08-06,9.874011993408203,,,,,,
2001-08-07,9.818264961242676,,,,,,
2001-08-08,9.502384185791016,,,,,,
2001-08-09,9.506101608276367,,,,,,
2001-08-10,9.491240501403809,,,,,,
2001-08-13,9.528399467468262,,,,,,
2001-08-14,9.405763626098633,,,,,,
2001-08-15,9.193936347961426,,,,,,
2001-08-16,9.242252349853516,,,,,,
2001-08-17,8.967248916625977,,,,,,
2001-08-20,9.026713371276855,,,,,,
2001-08-21,8.762855529785156,,,,,,
2001-08-22,8.852046966552734,,,,,,
2001-08-23,8.844613075256348,,,,,,
2001-08-24,9.2756986618042,,,,,,
2001-08-27,9.253400802612305,,,,,,
2001-08-28,8.99698257446289,,,,,,
2001-08-29,8.82603645324707,,,,,,
2001-08-30,8.48414421081543,,,,,,
2001-08-31,8.55474853515625,,,,,,
2001-09-04,8.368939399719238,,,,,,
2001-09-05,8.298327445983887,,,,,,
2001-09-06,7.904411792755127,,,,,,
2001-09-07,7.811506271362305,,,,,,
2001-09-10,7.978733539581299,,,,,,
2001-09-17,7.469609260559082,,,,,,
2001-09-18,7.402716159820557,,,,,,
2001-09-19,7.335826873779297,,,,,,
2001-09-20,7.016231536865234,,,,,,
2001-09-21,6.815554618835449,,,,,,
2001-09-24,7.198326587677002,,,,,,
2001-09-25,7.265216827392578,,,,,,
2001-09-26,7.019948959350586,,,,,,
2001-09-27,6.964205741882324,,,,,,
2001-09-28,7.153735637664795,,,,,,
2001-10-01,7.060827255249023,,,,,,
2001-10-02,7.053393840789795,,,,,,
2001-10-03,7.525353908538818,,,,,,
2001-10-04,7.685154438018799,,,,,,
2001-10-05,7.681435585021973,,,,,,
2001-10-08,7.733460426330566,,,,,,
2001-10-09,7.555084705352783,,,,,,
2001-10-10,7.789205551147461,,,,,,
2001-10-11,8.164542198181152,,,,,,
2001-10-12,8.145963668823242,,,,,,
2001-10-15,8.090222358703613,,,,,,
2001-10-16,8.175695419311523,,,,,,
2001-10-17,7.804070949554443,,,,,,
2001-10-18,7.78549337387085,,,,,,
2001-10-19,7.889548301696777,,,,,,
2001-10-22,8.075359344482422,,,,,,
2001-10-23,8.08279037475586,,,,,,
2001-10-24,8.183128356933594,,,,,,
2001-10-25,8.380086898803711,,,,,,
2001-10-26,8.3912353515625,,,,,,
2001-10-29,7.989880084991455,,,,,,
2001-10-30,7.8263654708862305,,,,,,
2001-10-31,7.934140682220459,,,,,,
2001-11-01,8.20914363861084,,,,,,
2001-11-02,8.220290184020996,,,,,,
2001-11-05,8.472991943359375,,,,,,
2001-11-06,8.77029037475586,,,,,,
2001-11-07,8.733126640319824,,,,,,
2001-11-08,8.77772331237793,,,,,,
2001-11-09,8.744277000427246,,,,,,
2001-11-12,8.811171531677246,,,,,,
2001-11-13,9.123329162597656,,,,,,
2001-11-14,9.171642303466797,,,,,,
2001-11-15,9.115899085998535,,,,,,
2001-11-16,9.086166381835938,,,,,,
2001-11-19,9.2756986618042,,,,,,
2001-11-20,9.015559196472168,,,,,,
2001-11-21,8.926372528076172,,,,,,
2001-11-23,9.063872337341309,,,,,,
2001-11-26,9.219955444335938,,,,,,
2001-11-27,9.190225601196287,,,,,,
2001-11-28,8.900354385375977,,,,,,
2001-11-29,9.138195991516112,,,,,,
2001-11-30,9.11961555480957,,,,,,
2001-12-03,8.98954963684082,,,,,,
2001-12-04,9.271977424621582,,,,,,
2001-12-05,9.71792697906494,,,,,,
2001-12-06,9.691911697387695,,,,,,
2001-12-07,9.51353645324707,,,,,,
2001-12-10,9.305427551269531,,,,,,
2001-12-11,9.372318267822266,,,,,,
2001-12-12,9.409480094909668,,,,,,
2001-12-13,9.075020790100098,,,,,,
2001-12-14,9.112183570861816,,,,,,
2001-12-17,9.28684902191162,,,,,,
2001-12-18,9.324007987976074,,,,,,
2001-12-19,9.190225601196287,,,,,,
2001-12-20,8.874346733093262,,,,,,
2001-12-21,8.993264198303223,,,,,,
2001-12-24,8.95981502532959,,,,,,
2001-12-26,9.030425071716309,,,,,,
2001-12-27,9.108469009399414,,,,,,
2001-12-28,9.12704849243164,,,,,,
2001-12-31,8.918938636779785,,,,,,
2002-01-02,9.141912460327148,,,,,,
2002-01-03,9.543267250061035,,,,,,
2002-01-04,9.602725982666016,,,,,,
2002-01-07,9.498671531677246,,,,,,
2002-01-08,9.569283485412598,,,,,,
2002-01-09,9.494954109191896,,,,,,
2002-01-10,9.416916847229004,,,,,,
2002-01-11,9.327725410461426,,,,,,
2002-01-14,9.182788848876951,,,,,,
2002-01-15,9.242252349853516,,,,,,
2002-01-16,9.015559196472168,,,,,,
2002-01-17,9.238532066345217,,,,,,
2002-01-18,8.930087089538574,,,,,,
2002-01-22,8.610493659973145,,,,,,
2002-01-23,8.740564346313477,,,,,,
2002-01-24,8.87062931060791,,,,,,
2002-01-25,8.83718490600586,,,,,,
2002-01-28,8.900354385375977,,,,,,
2002-01-29,8.584479331970215,,,,,,
2002-01-30,8.695967674255371,,,,,,
2002-01-31,8.822319030761719,,,,,,
2002-02-01,8.65880298614502,,,,,,
2002-02-04,8.413533210754395,,,,,,
2002-02-05,8.283464431762695,,,,,,
2002-02-06,8.235156059265137,,,,,,
2002-02-07,8.112520217895508,,,,,,
2002-02-08,8.268599510192871,,,,,,
2002-02-11,8.454413414001465,,,,,,
2002-02-12,8.31690502166748,,,,,,
2002-02-13,8.45069408416748,,,,,,
2002-02-14,8.361506462097168,,,,,,
2002-02-15,8.119951248168945,,,,,,
2002-02-19,7.833803653717041,,,,,,
2002-02-20,7.930423736572266,,,,,,
2002-02-21,7.56251859664917,,,,,,
2002-02-22,7.6108317375183105,,,,,,
2002-02-25,7.867249488830566,,,,,,
2002-02-26,7.818938255310059,,,,,,
2002-02-27,7.763195514678955,,,,,,
2002-02-28,7.674004077911377,,,,,,
2002-03-01,8.060491561889648,,,,,,
2002-03-04,8.354071617126465,,,,,,
2002-03-05,8.380086898803711,,,,,,
2002-03-06,8.461845397949219,,,,,,
2002-03-07,8.432112693786621,,,,,,
2002-03-08,8.655086517333984,,,,,,
2002-03-11,8.681099891662598,,,,,,
2002-03-12,8.49528694152832,,,,,,
2002-03-13,8.27231502532959,,,,,,
2002-03-14,8.175695419311523,,,,,,
2002-03-15,8.235156059265137,,,,,,
2002-03-18,8.261168479919434,,,,,,
2002-03-19,8.294614791870117,,,,,,
2002-03-20,8.041905403137207,,,,,,
2002-03-21,8.20170783996582,,,,,,
2002-03-22,8.08279037475586,,,,,,
2002-03-25,7.900698661804199,,,,,,
2002-03-26,7.960152626037598,,,,,,
2002-03-27,7.956440448760986,,,,,,
2002-03-28,8.053058624267578,,,,,,
2002-04-01,8.142247200012207,,,,,,
2002-04-02,7.904411792755127,,,,,,
2002-04-03,7.781773567199707,,,,,,
2002-04-04,7.815219402313232,,,,,,
2002-04-05,7.692585945129394,,,,,,
2002-04-08,7.655421733856201,,,,,,
2002-04-09,7.462180137634277,,,,,,
2002-04-10,7.484477519989014,,,,,,
2002-04-11,7.235490798950195,,,,,,
2002-04-12,7.358127117156982,,,,,,
2002-04-15,7.376704692840576,,,,,,
2002-04-16,7.711164951324463,,,,,,
2002-04-17,7.740896224975586,,,,,,
2002-04-18,7.65913724899292,,,,,,
2002-04-19,7.636844635009766,,,,,,
2002-04-22,7.447314262390137,,,,,,
2002-04-23,7.294949531555176,,,,,,
2002-04-24,7.183464527130127,,,,,,
2002-04-25,7.231771945953369,,,,,,
2002-04-26,6.986501693725586,,,,,,
2002-04-29,6.941906929016113,,,,,,
2002-04-30,7.079407691955566,,,,,,
2002-05-01,7.019948959350586,,,,,,
2002-05-02,6.841567516326904,,,,,,
2002-05-03,6.678056716918945,,,,,,
2002-05-06,6.488528728485107,,,,,,
2002-05-07,6.488528728485107,,,,,,
2002-05-08,7.161166191101074,,,,,,
2002-05-09,6.927042007446289,,,,,,
2002-05-10,6.68920373916626,,,,,,
2002-05-13,6.953057765960693,,,,,,
2002-05-14,7.287515640258789,,,,,,
2002-05-15,7.265216827392578,,,,,,
2002-05-16,7.37299108505249,,,,,,
2002-05-17,7.410151481628418,,,,,,
2002-05-20,7.216906547546387,,,,,,
2002-05-21,7.038530826568604,,,,,,
2002-05-22,7.124002933502197,,,,,,
2002-05-23,7.179746150970459,,,,,,
2002-05-24,7.023665904998779,,,,,,
2002-05-28,6.960484981536865,,,,,,
2002-05-29,6.8304219245910645,,,,,,
2002-05-30,6.863865852355957,,,,,,
2002-05-31,6.785826206207275,,,,,,
2002-06-03,6.585154533386231,,,,,,
2002-06-04,6.678056716918945,,,,,,
2002-06-05,6.759812355041504,,,,,,
2002-06-06,6.5962982177734375,,,,,,
2002-06-07,6.451367378234863,,,,,,
2002-06-10,6.391904354095459,,,,,,
2002-06-11,6.250690937042236,,,,,,
2002-06-12,6.377042770385742,,,,,,
2002-06-13,6.269272327423096,,,,,,
2002-06-14,6.258122444152832,,,,,,
2002-06-17,6.4699482917785645,,,,,,
2002-06-18,6.399338722229004,,,,,,
2002-06-19,6.146636009216309,,,,,,
2002-06-20,6.005418300628662,,,,,,
2002-06-21,5.834471702575684,,,,,,
2002-06-24,5.934809684753418,,,,,,
2002-06-25,5.730419158935547,,,,,,
2002-06-26,5.734134674072266,,,,,,
2002-06-27,5.886501312255859,,,,,,
2002-06-28,5.8790693283081055,,,,,,
2002-07-01,5.630080699920654,,,,,,
2002-07-02,5.462849140167236,,,,,,
2002-07-03,5.663527488708496,,,,,,
2002-07-05,5.968254089355469,,,,,,
2002-07-08,5.789876461029053,,,,,,
2002-07-09,5.704403877258301,,,,,,
2002-07-10,5.55203914642334,,,,,,
2002-07-11,5.756431579589844,,,,,,
2002-07-12,5.730419158935547,,,,,,
2002-07-15,5.841904163360596,,,,,,
2002-07-16,5.775012016296387,,,,,,
2002-07-17,5.815893650054932,,,,,,
2002-07-18,5.693256378173828,,,,,,
2002-07-19,5.5148797035217285,,,,,,
2002-07-22,5.225012302398682,,,,,,
2002-07-23,4.964876651763916,,,,,,
2002-07-24,5.22129487991333,,,,,,
2002-07-25,4.909132480621338,,,,,,
2002-07-26,4.9760260581970215,,,,,,
2002-07-29,5.269606113433838,,,,,,
2002-07-30,5.351364135742188,,,,,,
2002-07-31,5.321633815765381,,,,,,
2002-08-01,5.087512493133545,,,,,,
2002-08-02,4.979742050170898,,,,,,
2002-08-05,4.764199733734131,,,,,,
2002-08-06,4.964876651763916,,,,,,
2002-08-07,5.05406665802002,,,,,,
2002-08-08,5.2398762702941895,,,,,,
2002-08-09,5.22129487991333,,,,,,
2002-08-12,5.172985076904297,,,,,,
2002-08-13,5.05406665802002,,,,,,
2002-08-14,5.369946002960205,,,,,,
2002-08-15,5.444270133972168,,,,,,
2002-08-16,5.574337959289551,,,,,,
2002-08-19,5.778729438781738,,,,,,
2002-08-20,5.615217208862305,,,,,,
2002-08-21,5.789876461029053,,,,,,
2002-08-22,5.856772422790527,,,,,,
2002-08-23,5.6449480056762695,,,,,,
2002-08-26,5.682107925415039,,,,,,
2002-08-27,5.492580890655518,,,,,,
2002-08-28,5.340215682983398,,,,,,
2002-08-29,5.414539813995361,,,,,,
2002-08-30,5.277040004730225,,,,,,
2002-09-03,5.016903877258301,,,,,,
2002-09-04,5.172985076904297,,,,,,
2002-09-05,4.998322010040283,,,,,,
2002-09-06,5.165552139282227,,,,,,
2002-09-09,5.22129487991333,,,,,,
2002-09-10,5.310487270355225,,,,,,
2002-09-11,5.340215682983398,,,,,,
2002-09-12,5.14325475692749,,,,,,
2002-09-13,5.165552139282227,,,,,,
2002-09-16,5.080079555511475,,,,,,
2002-09-17,5.016903877258301,,,,,,
2002-09-18,4.964876651763916,,,,,,
2002-09-19,4.741903305053711,,,,,,
2002-09-20,4.767915725708008,,,,,,
2002-09-23,4.619266033172607,,,,,,
2002-09-24,4.544942378997803,,,,,,
2002-09-25,4.719604969024658,,,,,,
2002-09-26,4.663862705230713,,,,,,
2002-09-27,4.54865837097168,,,,,,
2002-09-30,4.396295070648193,,,,,,
2002-10-01,4.634132385253906,,,,,,
2002-10-02,4.530076503753662,,,,,,
2002-10-03,4.518928527832031,,,,,,
2002-10-04,4.422306537628174,,,,,,
2002-10-07,4.344267845153809,,,,,,
2002-10-08,4.344267845153809,,,,,,
2002-10-09,4.303387641906738,,,,,,
2002-10-10,4.530076503753662,,,,,,
2002-10-11,4.816228866577148,,,,,,
2002-10-14,4.823660373687744,,,,,,
2002-10-15,5.128389358520508,,,,,,
2002-10-16,4.849673748016357,,,,,,
2002-10-17,5.05406665802002,,,,,,
2002-10-18,5.120957851409912,,,,,,
2002-10-21,5.225012302398682,,,,,,
2002-10-22,5.202714443206787,,,,,,
2002-10-23,5.343931674957275,,,,,,
2002-10-24,5.258456230163574,,,,,,
2002-10-25,5.399674892425537,,,,,,
2002-10-28,5.38852596282959,,,,,,
2002-10-29,5.299335956573486,,,,,,
2002-10-30,5.481432914733887,,,,,,
2002-10-31,5.485146522521973,,,,,,
2002-11-01,5.648661136627197,,,,,,
2002-11-04,5.867917060852051,,,,,,
2002-11-05,5.83075761795044,,,,,,
2002-11-06,5.923664093017578,,,,,,
2002-11-07,5.689541339874268,,,,,,
2002-11-08,5.648661136627197,,,,,,
2002-11-11,5.45170259475708,,,,,,
2002-11-12,5.604066848754883,,,,,,
2002-11-13,5.630080699920654,,,,,,
2002-11-14,5.856772422790527,,,,,,
2002-11-15,5.867917060852051,,,,,,
2002-11-18,5.801025867462158,,,,,,
2002-11-19,5.708120346069336,,,,,,
2002-11-20,5.945959091186523,,,,,,
2002-11-21,6.254406929016113,,,,,,
2002-11-22,6.2321062088012695,,,,,,
2002-11-25,6.325014114379883,,,,,,
2002-11-26,6.142921447753906,,,,,,
2002-11-27,6.391904354095459,,,,,,
2002-11-29,6.354743003845215,,,,,,
2002-12-02,6.373325347900391,,,,,,
2002-12-03,6.150351047515869,,,,,,
2002-12-04,6.057445526123047,,,,,,
2002-12-05,5.923664093017578,,,,,,
2002-12-06,5.979404926300049,,,,,,
2002-12-09,5.696972370147705,,,,,,
2002-12-10,5.789876461029053,,,,,,
2002-12-11,5.834471702575684,,,,,,
2002-12-12,5.808459758758545,,,,,,
2002-12-13,5.678391933441162,,,,,,
2002-12-16,5.871634483337402,,,,,,
2002-12-17,5.841904163360596,,,,,,
2002-12-18,5.682107925415039,,,,,,
2002-12-19,5.6598100662231445,,,,,,
2002-12-20,5.719803810119629,,,,,,
2002-12-23,5.7906012535095215,,,,,,
2002-12-24,5.730982780456543,,,,,,
2002-12-26,5.701172351837158,,,,,,
2002-12-27,5.600562572479248,,,,,,
2002-12-30,5.544669151306152,,,,,,
2002-12-31,5.5148606300354,,,,,,
2003-01-02,5.812958717346191,,,,,,
2003-01-03,5.835317611694336,,,,,,
2003-01-06,6.092429637908936,,,,,,
2003-01-07,6.155773639678955,,,,,,
2003-01-08,5.954555988311768,,,,,,
2003-01-09,6.129692554473877,,,,,,
2003-01-10,6.163228511810303,,,,,,
2003-01-13,6.129692554473877,,,,,,
2003-01-14,6.215395450592041,,,,,,
2003-01-15,6.092429637908936,,,,,,
2003-01-16,5.96201229095459,,,,,,
2003-01-17,5.671363830566406,,,,,,
2003-01-21,5.63409948348999,,,,,,
2003-01-22,5.596835136413574,,,,,,
2003-01-23,5.693718910217285,,,,,,
2003-01-24,5.4701457023620605,,,,,,
2003-01-27,5.410525798797607,,,,,,
2003-01-28,5.485049247741699,,,,,,
2003-01-29,5.563299655914307,,,,,,
2003-01-30,5.391892433166504,,,,,,
2003-01-31,5.384441375732422,,,,,,
2003-02-03,5.432882308959961,,,,,,
2003-02-04,5.339724540710449,,,,,,
2003-02-05,5.321093559265137,,,,,,
2003-02-06,5.291283130645752,,,,,,
2003-02-07,5.231662750244141,,,,,,
2003-02-10,5.287556171417236,,,,,,
2003-02-11,5.268928527832031,,,,,,
2003-02-12,5.198126792907715,,,,,,
2003-02-13,5.213033199310303,,,,,,
2003-02-14,5.3769850730896,,,,,,
2003-02-18,5.552121162414551,,,,,,
2003-02-19,5.5148606300354,,,,,,
2003-02-20,5.429155349731445,,,,,,
2003-02-21,5.496226787567139,,,,,,
2003-02-24,5.403070449829102,,,,,,
2003-02-25,5.417976379394531,,,,,,
2003-02-26,5.276378154754639,,,,,,
2003-02-27,5.328544616699219,,,,,,
2003-02-28,5.410525798797607,,,,,,
2003-03-03,5.317368030548096,,,,,,
2003-03-04,5.257745742797852,,,,,,
2003-03-05,5.309917449951172,,,,,,
2003-03-06,5.2428412437438965,,,,,,
2003-03-07,5.2167582511901855,,,,,,
2003-03-10,5.108696460723877,,,,,,
2003-03-11,5.082612037658691,,,,,,
2003-03-12,5.149685859680176,,,,,,
2003-03-13,5.42542839050293,,,,,,
2003-03-14,5.4440598487854,,,,,,
2003-03-17,5.693718910217285,,,,,,
2003-03-18,5.719803810119629,,,,,,
2003-03-19,5.708624362945557,,,,,,
2003-03-20,5.701172351837158,,,,,,
2003-03-21,5.786875247955322,,,,,,
2003-03-24,5.552121162414551,,,,,,
2003-03-25,5.630373954772949,,,,,,
2003-03-26,5.611743450164795,,,,,,
2003-03-27,5.548394680023193,,,,,,
2003-03-28,5.477594375610352,,,,,,
2003-03-31,5.328544616699219,,,,,,
2003-04-01,5.391892433166504,,,,,,
2003-04-02,5.622919082641602,,,,,,
2003-04-03,5.608014106750488,,,,,,
2003-04-04,5.544669151306152,,,,,,
2003-04-07,5.559573650360107,,,,,,
2003-04-08,5.5036821365356445,,,,,,
2003-04-09,5.384441375732422,,,,,,
2003-04-10,5.417976379394531,,,,,,
2003-04-11,5.369536399841309,,,,,,
2003-04-14,5.499952793121338,,,,,,
2003-04-15,5.51113224029541,,,,,,
2003-04-16,5.552121162414551,,,,,,
2003-04-17,5.667634010314941,,,,,,
2003-04-21,5.645277976989746,,,,,,
2003-04-22,5.768243312835693,,,,,,
2003-04-23,5.865126132965088,,,,,,
2003-04-24,5.812958717346191,,,,,,
2003-04-25,5.704899311065674,,,,,,
2003-04-28,5.824139595031738,,,,,,
2003-04-29,5.883759021759033,,,,,,
2003-04-30,5.816684246063232,,,,,,
2003-05-01,5.872580528259277,,,,,,
2003-05-02,5.995546340942383,,,,,,
2003-05-05,5.980640888214111,,,,,,
2003-05-06,6.088702201843262,,,,,,
2003-05-07,6.014174938201904,,,,,,
2003-05-08,5.917293071746826,,,,,,
2003-05-09,6.081251621246338,,,,,,
2003-05-12,6.174406051635742,,,,,,
2003-05-13,6.163228511810303,,,,,,
2003-05-14,6.140869617462158,,,,,,
2003-05-15,6.204216957092285,,,,,,
2003-05-16,6.148322582244873,,,,,,
2003-05-19,5.924746513366699,,,,,,
2003-05-20,5.935924053192139,,,,,,
2003-05-21,5.9433794021606445,,,,,,
2003-05-22,6.006724834442139,,,,,,
2003-05-23,6.014174938201904,,,,,,
2003-05-27,6.170682907104492,,,,,,
2003-05-28,6.211669445037842,,,,,,
2003-05-29,6.226574420928955,,,,,,
2003-05-30,6.316004276275635,,,,,,
2003-06-02,6.282466411590576,,,,,,
2003-06-03,6.338360786437988,,,,,,
2003-06-04,6.472507476806641,,,,,,
2003-06-05,6.472507476806641,,,,,,
2003-06-06,6.409160614013672,,,,,,
2003-06-09,6.316004276275635,,,,,,
2003-06-10,6.405433177947998,,,,,,
2003-06-11,6.44642448425293,,,,,,
2003-06-12,6.47623348236084,,,,,,
2003-06-13,6.3346357345581055,,,,,,
2003-06-16,6.491138458251953,,,,,,
2003-06-17,6.520948886871338,,,,,,
2003-06-18,6.584293365478516,,,,,,
2003-06-19,6.535854816436768,,,,,,
2003-06-20,6.528399467468262,,,,,,
2003-06-23,6.397982120513916,,,,,,
2003-06-24,6.371896743774414,,,,,,
2003-06-25,6.308550357818604,,,,,,
2003-06-26,6.427792072296143,,,,,,
2003-06-27,6.3793487548828125,,,,,,
2003-06-30,6.3607177734375,,,,,,
2003-07-01,6.4501495361328125,,,,,,
2003-07-02,6.584293365478516,,,,,,
2003-07-03,6.506042003631592,,,,,,
2003-07-07,6.72961950302124,,,,,,
2003-07-08,6.7817864418029785,,,,,,
2003-07-09,6.774333477020264,,,,,,
2003-07-10,6.617830276489258,,,,,,
2003-07-11,6.710988998413086,,,,,,
2003-07-14,6.7407965660095215,,,,,,
2003-07-15,6.751977920532227,,,,,,
2003-07-16,6.72961950302124,,,,,,
2003-07-17,6.524673938751221,,,,,,
2003-07-18,6.539580821990967,,,,,,
2003-07-21,6.394257545471191,,,,,,
2003-07-22,6.532125949859619,,,,,,
2003-07-23,6.569389343261719,,,,,,
2003-07-24,6.47623348236084,,,,,,
2003-07-25,6.614103317260742,,,,,,
2003-07-28,6.625283241271973,,,,,,
2003-07-29,6.561935901641846,,,,,,
2003-07-30,6.513497829437256,,,,,,
2003-07-31,6.558210849761963,,,,,,
2003-08-01,6.524673938751221,,,,,,
2003-08-04,6.580565929412842,,,,,,
2003-08-05,6.416611671447754,,,,,,
2003-08-06,6.356995582580566,,,,,,
2003-08-07,6.338360786437988,,,,,,
2003-08-08,6.330909729003906,,,,,,
2003-08-11,6.3607177734375,,,,,,
2003-08-12,6.457600116729736,,,,,,
2003-08-13,6.44642448425293,,,,,,
2003-08-14,6.502318859100342,,,,,,
2003-08-15,6.472507476806641,,,,,,
2003-08-18,6.662546157836914,,,,,,
2003-08-19,6.751977920532227,,,,,,
2003-08-20,6.714711666107178,,,,,,
2003-08-21,6.778059482574463,,,,,,
2003-08-22,6.766880989074707,,,,,,
2003-08-25,6.725892066955566,,,,,,
2003-08-26,6.763155937194824,,,,,,
2003-08-27,6.807872772216797,,,,,,
2003-08-28,6.848859786987305,,,,,,
2003-08-29,6.871217250823975,,,,,,
2003-09-02,7.020267486572266,,,,,,
2003-09-03,7.094791412353516,,,,,,
2003-09-04,7.161863327026367,,,,,,
2003-09-05,7.124602794647217,,,,,,
2003-09-08,7.2550225257873535,,,,,,
2003-09-09,7.176773071289063,,,,,,
2003-09-10,6.964373588562012,,,,,,
2003-09-11,7.046349048614502,,,,,,
2003-09-12,7.053802013397217,,,,,,
2003-09-15,7.012814521789551,,,,,,
2003-09-16,7.191674709320068,,,,,,
2003-09-17,7.180495738983154,,,,,,
2003-09-18,7.281105995178223,,,,,,
2003-09-19,7.288556575775146,,,,,,
2003-09-22,7.150684356689453,,,,,,
2003-09-23,7.191674709320068,,,,,,
2003-09-24,6.94573974609375,,,,,,
2003-09-25,6.89357328414917,,,,,,
2003-09-26,6.85630989074707,,,,,,
2003-09-29,6.968099117279053,,,,,,
2003-09-30,6.8115973472595215,,,,,,
2003-10-01,6.960646152496338,,,,,,
2003-10-02,6.94573974609375,,,,,,
2003-10-03,7.158135890960693,,,,,,
2003-10-06,7.195398807525635,,,,,,
2003-10-07,7.243841648101807,,,,,,
2003-10-08,7.191674709320068,,,,,,
2003-10-09,7.221481800079346,,,,,,
2003-10-10,7.281105995178223,,,,,,
2003-10-13,7.303464412689209,,,,,,
2003-10-14,7.2848310470581055,,,,,,
2003-10-15,7.329545974731445,,,,,,
2003-10-16,7.35562801361084,,,,,,
2003-10-17,7.236388206481934,,,,,,
2003-10-20,7.32209300994873,,,,,,
2003-10-21,7.363081455230713,,,,,,
2003-10-22,7.2550225257873535,,,,,,
2003-10-23,7.199126720428467,,,,,,
2003-10-24,7.091066360473633,,,,,,
2003-10-27,7.128328800201416,,,,,,
2003-10-28,7.299739837646484,,,,,,
2003-10-29,7.310911178588867,,,,,,
2003-10-30,7.303464412689209,,,,,,
2003-10-31,7.310911178588867,,,,,,
2003-11-03,7.482325077056885,,,,,,
2003-11-04,7.418974876403809,,,,,,
2003-11-05,7.4413323402404785,,,,,,
2003-11-06,7.50095272064209,,,,,,
2003-11-07,7.471142292022705,,,,,,
2003-11-10,7.37426233291626,,,,,,
2003-11-11,7.35562801361084,,,,,,
2003-11-12,7.512134075164795,,,,,,
2003-11-13,7.448787212371826,,,,,,
2003-11-14,7.3481764793396,,,,,,
2003-11-17,7.247568130493164,,,,,,
2003-11-18,7.158135890960693,,,,,,
2003-11-19,7.236388206481934,,,,,,
2003-11-20,7.124602794647217,,,,,,
2003-11-21,7.184222221374512,,,,,,
2003-11-24,7.366806983947754,,,,,,
2003-11-25,7.3593525886535645,,,,,,
2003-11-26,7.389167308807373,,,,,,
2003-11-28,7.415250301361084,,,,,,
2003-12-01,7.489771842956543,,,,,,
2003-12-02,7.456237316131592,,,,,,
2003-12-03,7.430156230926514,,,,,,
2003-12-04,7.523313522338867,,,,,,
2003-12-05,7.389167308807373,,,,,,
2003-12-08,7.4077959060668945,,,,,,
2003-12-09,7.247568130493164,,,,,,
2003-12-10,7.288556575775146,,,,,,
2003-12-11,7.426428318023682,,,,,,
2003-12-12,7.43388032913208,,,,,,
2003-12-15,7.34072732925415,,,,,,
2003-12-16,7.377986907958984,,,,,,
2003-12-17,7.366806983947754,,,,,,
2003-12-18,7.489771842956543,,,,,,
2003-12-19,7.463884830474853,,,,,,
2003-12-22,7.475141048431396,,,,,,
2003-12-23,7.535182952880859,,,,,,
2003-12-24,7.52017068862915,,,,,,
2003-12-26,7.535182952880859,,,,,,
2003-12-29,7.670273780822754,,,,,,
2003-12-30,7.659015655517578,,,,,,
2003-12-31,7.647758960723877,,,,,,
2004-01-02,7.685285091400146,,,,,,
2004-01-05,7.872913837432861,,,,,,
2004-01-06,7.944211006164551,,,,,,
2004-01-07,7.981736660003662,,,,,,
2004-01-08,8.139347076416016,,,,,,
2004-01-09,8.030519485473633,,,,,,
2004-01-12,8.154361724853516,,,,,,
2004-01-13,8.0380277633667,,,,,,
2004-01-14,8.135588645935059,,,,,,
2004-01-15,8.169366836547852,,,,,,
2004-01-16,8.27443790435791,,,,,,
2004-01-20,8.293203353881836,,,,,,
2004-01-21,8.22940444946289,,,,,,
2004-01-22,8.150601387023926,,,,,,
2004-01-23,8.12433910369873,,,,,,
2004-01-26,8.27443790435791,,,,,,
2004-01-27,8.1468505859375,,,,,,
2004-01-28,8.011759757995605,,,,,,
2004-01-29,7.970482349395752,,,,,,
2004-01-30,7.9742302894592285,,,,,,
2004-02-02,7.9742302894592285,,,,,,
2004-02-03,7.985495090484619,,,,,,
2004-02-04,7.790356636047363,,,,,,
2004-02-05,7.801615715026855,,,,,,
2004-02-06,7.966725826263428,,,,,,
2004-02-09,7.906681537628174,,,,,,
2004-02-10,7.970482349395752,,,,,,
2004-02-11,8.03427791595459,,,,,,
2004-02-12,7.959218978881836,,,,,,
2004-02-13,7.910442352294922,,,,,,
2004-02-17,8.026773452758789,,,,,,
2004-02-18,7.9892425537109375,,,,,,
2004-02-19,7.869163990020752,,,,,,
2004-02-20,7.831632614135742,,,,,,
2004-02-23,7.726562976837158,,,,,,
2004-02-24,7.73406982421875,,,,,,
2004-02-25,7.794109344482422,,,,,,
2004-02-26,7.81287145614624,,,,,,
2004-02-27,7.771590709686279,,,,,,
2004-03-01,7.865406513214111,,,,,,
2004-03-02,7.835384845733643,,,,,,
2004-03-03,7.797860622406006,,,,,,
2004-03-04,7.865406513214111,,,,,,
2004-03-05,7.805361270904541,,,,,,
2004-03-08,7.63650369644165,,,,,,
2004-03-09,7.63650369644165,,,,,,
2004-03-10,7.501406669616699,,,,,,
2004-03-11,7.418850898742676,,,,,,
2004-03-12,7.565201759338379,,,,,,
2004-03-15,7.422602653503418,,,,,,
2004-03-16,7.4676337242126465,,,,,,
2004-03-17,7.561450004577637,,,,,,
2004-03-18,7.51266622543335,,,,,,
2004-03-19,7.411343097686768,,,,,,
2004-03-22,7.291264533996582,,,,,,
2004-03-23,7.280004978179932,,,,,,
2004-03-24,7.317531585693359,,,,,,
2004-03-25,7.5501885414123535,,,,,,
2004-03-26,7.505160331726074,,,,,,
2004-03-29,7.602722644805908,,,,,,
2004-03-30,7.613986492156982,,,,,,
2004-03-31,7.565201759338379,,,,,,
2004-04-01,7.644006729125977,,,,,,
2004-04-02,7.835384845733643,,,,,,
2004-04-05,7.902929782867432,,,,,,
2004-04-06,7.820374488830566,,,,,,
2004-04-07,7.771590709686279,,,,,,
2004-04-08,7.786602020263672,,,,,,
2004-04-12,7.805361270904541,,,,,,
2004-04-13,7.707803726196289,,,,,,
2004-04-14,7.700295925140381,,,,,,
2004-04-15,7.610236167907715,,,,,,
2004-04-16,7.538932800292969,,,,,,
2004-04-19,7.625242710113525,,,,,,
2004-04-20,7.46012544631958,,,,,,
2004-04-21,7.572706699371338,,,,,,
2004-04-22,7.689034938812256,,,,,,
2004-04-23,7.790356636047363,,,,,,
2004-04-26,7.696540355682373,,,,,,
2004-04-27,7.674026012420654,,,,,,
2004-04-28,7.54268217086792,,,,,,
2004-04-29,7.430110931396484,,,,,,
2004-04-30,7.276251316070557,,,,,,
2004-05-03,7.317531585693359,,,,,,
2004-05-04,7.388829231262207,,,,,,
2004-05-05,7.426358222961426,,,,,,
2004-05-06,7.392585277557373,,,,,,
2004-05-07,7.355057239532471,,,,,,
2004-05-10,7.325036525726318,,,,,,
2004-05-11,7.422602653503418,,,,,,
2004-05-12,7.400085926055908,,,,,,
2004-05-13,7.400085926055908,,,,,,
2004-05-14,7.298769950866699,,,,,,
2004-05-17,7.21996545791626,,,,,,
2004-05-18,7.291264533996582,,,,,,
2004-05-19,7.325036525726318,,,,,,
2004-05-20,7.321285247802734,,,,,,
2004-05-21,7.343799591064453,,,,,,
2004-05-24,7.355057239532471,,,,,,
2004-05-25,7.493900299072266,,,,,,
2004-05-26,7.47889232635498,,,,,,
2004-05-27,7.523924827575684,,,,,,
2004-05-28,7.561450004577637,,,,,,
2004-06-01,7.508909225463867,,,,,,
2004-06-02,7.508909225463867,,,,,,
2004-06-03,7.411343097686768,,,,,,
2004-06-04,7.482644081115723,,,,,,
2004-06-07,7.655263900756836,,,,,,
2004-06-08,7.696540355682373,,,,,,
2004-06-09,7.610236167907715,,,,,,
2004-06-10,7.651511669158935,,,,,,
2004-06-14,7.546436786651611,,,,,,
2004-06-15,7.659015655517578,,,,,,
2004-06-16,7.625242710113525,,,,,,
2004-06-17,7.538932800292969,,,,,,
2004-06-18,7.553942203521728,,,,,,
2004-06-21,7.52017068862915,,,,,,
2004-06-22,7.598970890045166,,,,,,
2004-06-23,7.70404577255249,,,,,,
2004-06-24,7.666523456573486,,,,,,
2004-06-25,7.696540355682373,,,,,,
2004-06-28,7.63650369644165,,,,,,
2004-06-29,7.715305328369141,,,,,,
2004-06-30,7.767841339111328,,,,,,
2004-07-01,7.625242710113525,,,,,,
2004-07-02,7.54268217086792,,,,,,
2004-07-06,7.381326198577881,,,,,,
2004-07-07,7.430110931396484,,,,,,
2004-07-08,7.306273937225342,,,,,,
2004-07-09,7.366310596466064,,,,,,
2004-07-12,7.355057239532471,,,,,,
2004-07-13,7.321285247802734,,,,,,
2004-07-14,7.204953193664551,,,,,,
2004-07-15,7.167426586151123,,,,,,
2004-07-16,7.092375755310059,,,,,,
2004-07-19,7.114889621734619,,,,,,
2004-07-20,7.231220722198486,,,,,,
2004-07-21,7.1223978996276855,,,,,,
2004-07-22,7.197447299957275,,,,,,
2004-07-23,7.07361364364624,,,,,,
2004-07-26,7.114889621734619,,,,,,
2004-07-27,7.182438373565674,,,,,,
2004-07-28,7.178687572479248,,,,,,
2004-07-29,7.280004978179932,,,,,,
2004-07-30,7.295015335083008,,,,,,
2004-08-02,7.313778400421143,,,,,,
2004-08-03,7.193696975708008,,,,,,
2004-08-04,7.204953193664551,,,,,,
2004-08-05,7.096128463745117,,,,,,
2004-08-06,6.882233142852783,,,,,,
2004-08-09,6.927260398864746,,,,,,
2004-08-10,7.047342777252197,,,,,,
2004-08-11,6.870972156524658,,,,,,
2004-08-12,6.7358832359313965,,,,,,
2004-08-13,6.773409366607666,,,,,,
2004-08-16,6.833449840545654,,,,,,
2004-08-17,6.878480911254883,,,,,,
2004-08-18,6.991057395935059,,,,,,
2004-08-19,6.968541622161865,,,,,,
2004-08-20,7.002313613891602,,,,,,
2004-08-23,7.036088466644287,,,,,,
2004-08-24,6.998563289642334,,,,,,
2004-08-25,7.07736873626709,,,,,,
2004-08-26,7.039839267730713,,,,,,
2004-08-27,7.069862365722656,,,,,,
2004-08-30,6.998563289642334,,,,,,
2004-08-31,6.972292900085449,,,,,,
2004-09-01,7.024829864501953,,,,,,
2004-09-02,7.107389450073242,,,,,,
2004-09-03,6.953529357910156,,,,,,
2004-09-07,6.983550548553467,,,,,,
2004-09-08,6.991057395935059,,,,,,
2004-09-09,7.096128463745117,,,,,,
2004-09-10,7.21621036529541,,,,,,
2004-09-13,7.249987602233887,,,,,,
2004-09-14,7.280004978179932,,,,,,
2004-09-15,7.163672924041748,,,,,,
2004-09-16,7.178687572479248,,,,,,
2004-09-17,7.227473258972168,,,,,,
2004-09-20,7.253738880157471,,,,,,
2004-09-21,7.280004978179932,,,,,,
2004-09-22,7.159921646118164,,,,,,
2004-09-23,7.178687572479248,,,,,,
2004-09-24,7.118645191192627,,,,,,
2004-09-27,7.054846286773682,,,,,,
2004-09-28,7.07361364364624,,,,,,
2004-09-29,7.148661613464356,,,,,,
2004-09-30,7.174933433532715,,,,,,
2004-10-01,7.355057239532471,,,,,,
2004-10-04,7.415099143981934,,,,,,
2004-10-05,7.4676337242126465,,,,,,
2004-10-06,7.516418933868408,,,,,,
2004-10-07,7.43761396408081,,,,,,
2004-10-08,7.332539558410644,,,,,,
2004-10-11,7.355057239532471,,,,,,
2004-10-12,7.336296558380127,,,,,,
2004-10-13,7.310025691986084,,,,,,
2004-10-14,7.253738880157471,,,,,,
2004-10-15,7.298769950866699,,,,,,
2004-10-18,7.373816967010498,,,,,,
2004-10-19,7.373816967010498,,,,,,
2004-10-20,7.385075092315674,,,,,,
2004-10-21,7.448871612548828,,,,,,
2004-10-22,7.287508964538574,,,,,,
2004-10-25,7.276251316070557,,,,,,
2004-10-26,7.291264533996582,,,,,,
2004-10-27,7.4676337242126465,,,,,,
2004-10-28,7.486395359039307,,,,,,
2004-10-29,7.490154266357422,,,,,,
2004-11-01,7.5501885414123535,,,,,,
2004-11-02,7.561450004577637,,,,,,
2004-11-03,7.602722644805908,,,,,,
2004-11-04,7.689034938812256,,,,,,
2004-11-05,7.7565836906433105,,,,,,
2004-11-08,7.767841339111328,,,,,,
2004-11-09,7.764087200164795,,,,,,
2004-11-10,7.696540355682373,,,,,,
2004-11-11,7.794109344482422,,,,,,
2004-11-12,7.902929782867432,,,,,,
2004-11-15,7.947963237762451,,,,,,
2004-11-16,7.887923240661621,,,,,,
2004-11-17,7.977990627288818,,,,,,
2004-11-18,8.008005142211914,,,,,,
2004-11-19,7.884175300598144,,,,,,
2004-11-22,7.895431995391846,,,,,,
2004-11-23,7.861654281616211,,,,,,
2004-11-24,7.925448894500732,,,,,,
2004-11-26,7.914192199707031,,,,,,
2004-11-29,7.91794490814209,,,,,,
2004-11-30,7.872913837432861,,,,,,
2004-12-01,8.03427791595459,,,,,,
2004-12-02,8.056790351867676,,,,,,
2004-12-03,8.113078117370605,,,,,,
2004-12-06,8.1468505859375,,,,,,
2004-12-07,8.0380277633667,,,,,,
2004-12-08,8.030519485473633,,,,,,
2004-12-09,8.026773452758789,,,,,,
2004-12-10,7.985495090484619,,,,,,
2004-12-13,8.079304695129395,,,,,,
2004-12-14,8.094316482543945,,,,,,
2004-12-15,8.094316482543945,,,,,,
2004-12-16,8.060543060302734,,,,,,
2004-12-17,8.021504402160645,,,,,,
2004-12-20,7.975578308105469,,,,,,
2004-12-21,8.0635986328125,,,,,,
2004-12-22,8.078913688659668,,,,,,
2004-12-23,8.098048210144043,,,,,,
2004-12-27,8.048297882080078,,,,,,
2004-12-28,8.090394020080566,,,,,,
2004-12-29,8.090394020080566,,,,,,
2004-12-30,8.094218254089355,,,,,,
2004-12-31,8.078913688659668,,,,,,
2005-01-03,8.010025978088379,,,,,,
2005-01-04,7.86077356338501,,,,,,
2005-01-05,7.833977699279785,,,,,,
2005-01-06,7.811017513275146,,,,,,
2005-01-07,7.826326370239258,,,,,,
2005-01-10,7.826326370239258,,,,,,
2005-01-11,7.749781608581543,,,,,,
2005-01-12,7.791880130767822,,,,,,
2005-01-13,7.71534252166748,,,,,,
2005-01-14,7.738304138183594,,,,,,
2005-01-18,7.822499275207519,,,,,,
2005-01-19,7.657931804656982,,,,,,
2005-01-20,7.6043596267700195,,,,,,
2005-01-21,7.550778388977051,,,,,,
2005-01-24,7.489545822143555,,,,,,
2005-01-25,7.5010271072387695,,,,,,
2005-01-26,7.577569961547852,,,,,,
2005-01-27,7.569913387298584,,,,,,
2005-01-28,7.569913387298584,,,,,,
2005-01-31,7.623494148254394,,,,,,
2005-02-01,7.669416904449463,,,,,,
2005-02-02,7.673245429992676,,,,,,
2005-02-03,7.623494148254394,,,,,,
2005-02-04,7.753607273101807,,,,,,
2005-02-07,7.730652332305908,,,,,,
2005-02-08,7.768920421600342,,,,,,
2005-02-09,7.634971618652344,,,,,,
2005-02-10,7.650280475616455,,,,,,
2005-02-11,7.722996711730957,,,,,,
2005-02-14,7.738304138183594,,,,,,
2005-02-15,7.776574611663818,,,,,,
2005-02-16,7.749781608581543,,,,,,
2005-02-17,7.623494148254394,,,,,,
2005-02-18,7.608180522918701,,,,,,
2005-02-22,7.566086292266846,,,,,,
2005-02-23,7.543122291564941,,,,,,
2005-02-24,7.608180522918701,,,,,,
2005-02-25,7.657931804656982,,,,,,
2005-02-28,7.634971618652344,,,,,,
2005-03-01,7.726822376251221,,,,,,
2005-03-02,7.707686901092529,,,,,,
2005-03-03,7.650280475616455,,,,,,
2005-03-04,7.70003080368042,,,,,,
2005-03-07,7.757439136505127,,,,,,
2005-03-08,7.692375183105469,,,,,,
2005-03-09,7.677069187164307,,,,,,
2005-03-10,7.711516380310059,,,,,,
2005-03-11,7.612013816833496,,,,,,
2005-03-14,7.64262580871582,,,,,,
2005-03-15,7.566086292266846,,,,,,
2005-03-16,7.489545822143555,,,,,,
2005-03-17,7.485719203948975,,,,,,
2005-03-18,7.443622589111328,,,,,,
2005-03-21,7.443622589111328,,,,,,
2005-03-22,7.378559589385986,,,,,,
2005-03-23,7.409176826477051,,,,,,
2005-03-24,7.413003921508789,,,,,,
2005-03-28,7.420656681060791,,,,,,
2005-03-29,7.363254070281982,,,,,,
2005-03-30,7.474236965179443,,,,,,
2005-03-31,7.485719203948975,,,,,,
2005-04-01,7.420656681060791,,,,,,
2005-04-04,7.447448253631592,,,,,,
2005-04-05,7.462756156921387,,,,,,
2005-04-06,7.45127534866333,,,,,,
2005-04-07,7.550778388977051,,,,,,
2005-04-08,7.497204303741455,,,,,,
2005-04-11,7.455101013183594,,,,,,
2005-04-12,7.5010271072387695,,,,,,
2005-04-13,7.393872261047363,,,,,,
2005-04-14,7.2905354499816895,,,,,,
2005-04-15,7.068567752838135,,,,,,
2005-04-18,7.076223373413086,,,,,,
2005-04-19,7.16424560546875,,,,,,
2005-04-20,7.099183559417725,,,,,,
2005-04-21,7.2905354499816895,,,,,,
2005-04-22,7.202515125274658,,,,,,
2005-04-25,7.2522664070129395,,,,,,
2005-04-26,7.202515125274658,,,,,,
2005-04-27,7.229307651519775,,,,,,
2005-04-28,7.156591892242432,,,,,,
2005-04-29,7.221649646759033,,,,,,
2005-05-02,7.213997840881348,,,,,,
2005-05-03,7.263750553131103,,,,,,
2005-05-04,7.313503265380859,,,,,,
2005-05-05,7.302018642425537,,,,,,
2005-05-06,7.3211565017700195,,,,,,
2005-05-09,7.351768970489502,,,,,,
2005-05-10,7.275230884552002,,,,,,
2005-05-11,7.309672832489014,,,,,,
2005-05-12,7.317328929901123,,,,,,
2005-05-13,7.409176826477051,,,,,,
2005-05-16,7.478062629699707,,,,,,
2005-05-17,7.5048508644104,,,,,,
2005-05-18,7.612013816833496,,,,,,
2005-05-19,7.65410852432251,,,,,,
2005-05-20,7.665590763092041,,,,,,
2005-05-23,7.692375183105469,,,,,,
2005-05-24,7.730652332305908,,,,,,
2005-05-25,7.696205139160156,,,,,,
2005-05-26,7.784229278564453,,,,,,
2005-05-27,7.772747993469238,,,,,,
2005-05-31,7.722996711730957,,,,,,
2005-06-01,7.799538135528564,,,,,,
2005-06-02,7.833977699279785,,,,,,
2005-06-03,7.749781608581543,,,,,,
2005-06-06,7.738304138183594,,,,,,
2005-06-07,7.707686901092529,,,,,,
2005-06-08,7.722996711730957,,,,,,
2005-06-09,7.761269569396973,,,,,,
2005-06-10,7.719167709350586,,,,,,
2005-06-13,7.749781608581543,,,,,,
2005-06-14,7.703859329223633,,,,,,
2005-06-15,7.749781608581543,,,,,,
2005-06-16,7.76509428024292,,,,,,
2005-06-17,7.768920421600342,,,,,,
2005-06-20,7.757439136505127,,,,,,
2005-06-21,7.791880130767822,,,,,,
2005-06-22,7.807191848754883,,,,,,
2005-06-23,7.745954990386963,,,,,,
2005-06-24,7.650280475616455,,,,,,
2005-06-27,7.589047431945801,,,,,,
2005-06-28,7.684726715087891,,,,,,
2005-06-29,7.696205139160156,,,,,,
2005-06-30,7.623494148254394,,,,,,
2005-07-01,7.64262580871582,,,,,,
2005-07-05,7.692375183105469,,,,,,
2005-07-06,7.673245429992676,,,,,,
2005-07-07,7.688551902770996,,,,,,
2005-07-08,7.826326370239258,,,,,,
2005-07-11,7.9066925048828125,,,,,,
2005-07-12,7.948792934417725,,,,,,
2005-07-13,7.98323917388916,,,,,,
2005-07-14,8.052125930786133,,,,,,
2005-07-15,8.048297882080078,,,,,,
2005-07-18,8.002368927001953,,,,,,
2005-07-19,8.121014595031738,,,,,,
2005-07-20,8.094218254089355,,,,,,
2005-07-21,8.040645599365234,,,,,,
2005-07-22,8.021504402160645,,,,,,
2005-07-25,7.979407787322998,,,,,,
2005-07-26,8.040645599365234,,,,,,
2005-07-27,8.094218254089355,,,,,,
2005-07-28,8.098048210144043,,,,,,
2005-07-29,8.055953025817871,,,,,,
2005-08-01,8.059773445129395,,,,,,
2005-08-02,8.140143394470215,,,,,,
2005-08-03,8.19372844696045,,,,,,
2005-08-04,8.11717700958252,,,,,,
2005-08-05,8.098048210144043,,,,,,
2005-08-08,8.032987594604492,,,,,,
2005-08-09,8.094218254089355,,,,,,
2005-08-10,8.002368927001953,,,,,,
2005-08-11,8.0635986328125,,,,,,
2005-08-12,7.956448078155518,,,,,,
2005-08-15,7.998544216156006,,,,,,
2005-08-16,7.922003269195557,,,,,,
2005-08-17,7.990886688232422,,,,,,
2005-08-18,7.93731164932251,,,,,,
2005-08-19,7.944965362548828,,,,,,
2005-08-22,7.960268497467041,,,,,,
2005-08-23,7.956448078155518,,,,,,
2005-08-24,7.9066925048828125,,,,,,
2005-08-25,7.910521507263184,,,,,,
2005-08-26,7.883730411529541,,,,,,
2005-08-29,7.93731164932251,,,,,,
2005-08-30,7.93731164932251,,,,,,
2005-08-31,7.979407787322998,,,,,,
2005-09-01,7.960268497467041,,,,,,
2005-09-02,7.93731164932251,,,,,,
2005-09-06,8.02916145324707,,,,,,
2005-09-07,8.02916145324707,,,,,,
2005-09-08,8.048297882080078,,,,,,
2005-09-09,8.055953025817871,,,,,,
2005-09-12,8.07508659362793,,,,,,
2005-09-13,8.082738876342773,,,,,,
2005-09-14,7.998544216156006,,,,,,
2005-09-15,7.979407787322998,,,,,,
2005-09-16,8.02916145324707,,,,,,
2005-09-19,7.964101314544678,,,,,,
2005-09-20,7.933482646942139,,,,,,
2005-09-21,7.837807655334473,,,,,,
2005-09-22,7.868424415588379,,,,,,
2005-09-23,7.872251987457275,,,,,,
2005-09-26,7.86077356338501,,,,,,
2005-09-27,7.833977699279785,,,,,,
2005-09-28,7.883730411529541,,,,,,
2005-09-29,7.944965362548828,,,,,,
2005-09-30,7.998544216156006,,,,,,
2005-10-03,7.987061023712158,,,,,,
2005-10-04,7.9143452644348145,,,,,,
2005-10-05,7.803364753723144,,,,,,
2005-10-06,7.71534252166748,,,,,,
2005-10-07,7.734476566314697,,,,,,
2005-10-10,7.680897712707519,,,,,,
2005-10-11,7.623494148254394,,,,,,
2005-10-12,7.573743343353271,,,,,,
2005-10-13,7.6273193359375,,,,,,
2005-10-14,7.657931804656982,,,,,,
2005-10-17,7.650280475616455,,,,,,
2005-10-18,7.634971618652344,,,,,,
2005-10-19,7.730652332305908,,,,,,
2005-10-20,7.673245429992676,,,,,,
2005-10-21,7.719167709350586,,,,,,
2005-10-24,7.818674564361572,,,,,,
2005-10-25,7.76509428024292,,,,,,
2005-10-26,7.745954990386963,,,,,,
2005-10-27,7.661763668060303,,,,,,
2005-10-28,7.734476566314697,,,,,,
2005-10-31,7.814844608306885,,,,,,
2005-11-01,7.799538135528564,,,,,,
2005-11-02,7.887560367584228,,,,,,
2005-11-03,7.960268497467041,,,,,,
2005-11-04,7.994718074798584,,,,,,
2005-11-07,8.010025978088379,,,,,,
2005-11-08,8.0138521194458,,,,,,
2005-11-09,8.006199836730957,,,,,,
2005-11-10,8.07508659362793,,,,,,
2005-11-11,8.094218254089355,,,,,,
2005-11-14,8.101872444152832,,,,,,
2005-11-15,8.07508659362793,,,,,,
2005-11-16,8.10569953918457,,,,,,
2005-11-17,8.20137882232666,,,,,,
2005-11-18,8.247300148010254,,,,,,
2005-11-21,8.243474960327148,,,,,,
2005-11-22,8.297049522399902,,,,,,
2005-11-23,8.342975616455078,,,,,,
2005-11-25,8.365938186645508,,,,,,
2005-11-28,8.335328102111816,,,,,,
2005-11-29,8.335328102111816,,,,,,
2005-11-30,8.308534622192383,,,,,,
2005-12-01,8.434831619262695,,,,,,
2005-12-02,8.427172660827637,,,,,,
2005-12-05,8.385078430175781,,,,,,
2005-12-06,8.396556854248047,,,,,,
2005-12-07,8.381250381469727,,,,,,
2005-12-08,8.32001781463623,,,,,,
2005-12-09,8.350634574890137,,,,,,
2005-12-12,8.373595237731934,,,,,,
2005-12-13,8.346805572509766,,,,,,
2005-12-14,8.358288764953613,,,,,,
2005-12-15,8.323843002319336,,,,,,
2005-12-16,8.31151294708252,,,,,,
2005-12-19,8.21132755279541,,,,,,
2005-12-20,8.180499076843262,,,,,,
2005-12-21,8.18820571899414,,,,,,
2005-12-22,8.226740837097168,,,,,,
2005-12-23,8.242156028747559,,,,,,
2005-12-27,8.17279052734375,,,,,,
2005-12-28,8.153531074523926,,,,,,
2005-12-29,8.107294082641602,,,,,,
2005-12-30,8.053340911865234,,,,,,
2006-01-03,8.21132755279541,,,,,,
2006-01-04,8.307656288146973,,,,,,
2006-01-05,8.346189498901367,,,,,,
2006-01-06,8.477203369140625,,,,,,
2006-01-09,8.50417709350586,,,,,,
2006-01-10,8.496467590332031,,,,,,
2006-01-11,8.577388763427734,,,,,,
2006-01-12,8.531150817871094,,,,,,
2006-01-13,8.527292251586914,,,,,,
2006-01-17,8.442525863647461,,,,,,
2006-01-18,8.342342376708984,,,,,,
2006-01-19,8.41555404663086,,,,,,
2006-01-20,8.195919036865234,,,,,,
2006-01-23,8.165088653564453,,,,,,
2006-01-24,8.192065238952637,,,,,,
2006-01-25,8.219032287597656,,,,,,
2006-01-26,8.272978782653809,,,,,,
2006-01-27,8.365456581115723,,,,,,
2006-01-30,8.392428398132324,,,,,,
2006-01-31,8.323073387145996,,,,,,
2006-02-01,8.373167037963867,,,,,,
2006-02-02,8.257570266723633,,,,,,
2006-02-03,8.19976806640625,,,,,,
2006-02-06,8.176651954650879,,,,,,
2006-02-07,8.153531074523926,,,,,,
2006-02-08,8.31151294708252,,,,,,
2006-02-09,8.272978782653809,,,,,,
2006-02-10,8.338482856750488,,,,,,
2006-02-13,8.261418342590332,,,,,,
2006-02-14,8.373167037963867,,,,,,
2006-02-15,8.419404029846191,,,,,,
2006-02-16,8.496467590332031,,,,,,
2006-02-17,8.45023250579834,,,,,,
2006-02-21,8.357751846313477,,,,,,
2006-02-22,8.40013599395752,,,,,,
2006-02-23,8.357751846313477,,,,,,
2006-02-24,8.361604690551758,,,,,,
2006-02-27,8.438673973083496,,,,,,
2006-02-28,8.342342376708984,,,,,,
2006-03-01,8.50803279876709,,,,,,
2006-03-02,8.527292251586914,,,,,,
2006-03-03,8.477203369140625,,,,,,
2006-03-06,8.442525863647461,,,,,,
2006-03-07,8.388581275939941,,,,,,
2006-03-08,8.380870819091797,,,,,,
2006-03-09,8.330778121948242,,,,,,
2006-03-10,8.36931324005127,,,,,,
2006-03-13,8.40013599395752,,,,,,
2006-03-14,8.496467590332031,,,,,,
2006-03-15,8.54655933380127,,,,,,
2006-03-16,8.492618560791016,,,,,,
2006-03-17,8.519590377807617,,,,,,
2006-03-20,8.535000801086426,,,,,,
2006-03-21,8.500327110290527,,,,,,
2006-03-22,8.50417709350586,,,,,,
2006-03-23,8.484911918640137,,,,,,
2006-03-24,8.511884689331055,,,,,,
2006-03-27,8.523441314697266,,,,,,
2006-03-28,8.427107810974121,,,,,,
2006-03-29,8.554266929626465,,,,,,
2006-03-30,8.581241607666016,,,,,,
2006-03-31,8.531150817871094,,,,,,
2006-04-03,8.581241607666016,,,,,,
2006-04-04,8.61207103729248,,,,,,
2006-04-05,8.685282707214355,,,,,,
2006-04-06,8.67757511138916,,,,,,
2006-04-07,8.577388763427734,,,,,,
2006-04-10,8.565828323364258,,,,,,
2006-04-11,8.488768577575684,,,,,,
2006-04-12,8.50417709350586,,,,,,
2006-04-13,8.515740394592285,,,,,,
2006-04-17,8.423260688781738,,,,,,
2006-04-18,8.592801094055176,,,,,,
2006-04-19,8.585095405578613,,,,,,
2006-04-20,8.592801094055176,,,,,,
2006-04-21,8.500327110290527,,,,,,
2006-04-24,8.488768577575684,,,,,,
2006-04-25,8.484911918640137,,,,,,
2006-04-26,8.515740394592285,,,,,,
2006-04-27,8.600506782531738,,,,,,
2006-04-28,8.419404029846191,,,,,,
2006-05-01,8.35004711151123,,,,,,
2006-05-02,8.388581275939941,,,,,,
2006-05-03,8.36931324005127,,,,,,
2006-05-04,8.40013599395752,,,,,,
2006-05-05,8.446379661560059,,,,,,
2006-05-08,8.457940101623535,,,,,,
2006-05-09,8.423260688781738,,,,,,
2006-05-10,8.33462905883789,,,,,,
2006-05-11,8.161233901977539,,,,,,
2006-05-12,8.0841703414917,,,,,,
2006-05-15,8.091874122619629,,,,,,
2006-05-16,8.014805793762207,,,,,,
2006-05-17,7.906918048858643,,,,,,
2006-05-18,7.879944324493408,,,,,,
2006-05-19,7.937744140625,,,,,,
2006-05-22,7.868387699127197,,,,,,
2006-05-23,7.81058931350708,,,,,,
2006-05-24,7.887651443481445,,,,,,
2006-05-25,7.960864067077637,,,,,,
2006-05-26,7.999398708343506,,,,,,
2006-05-30,7.841414928436279,,,,,,
2006-05-31,7.872241497039795,,,,,,
2006-06-01,8.007104873657227,,,,,,
2006-06-02,7.980129718780518,,,,,,
2006-06-05,7.860679626464844,,,,,,
2006-06-06,7.860679626464844,,,,,,
2006-06-07,7.752785205841064,,,,,,
2006-06-08,7.71425724029541,,,,,,
2006-06-09,7.683428287506103,,,,,,
2006-06-12,7.540855407714844,,,,,,
2006-06-13,7.548566341400146,,,,,,
2006-06-14,7.5986552238464355,,,,,,
2006-06-15,7.791317462921143,,,,,,
2006-06-16,7.779760360717773,,,,,,
2006-06-19,7.745076656341553,,,,,,
2006-06-20,7.733520984649658,,,,,,
2006-06-21,7.833706855773926,,,,,,
2006-06-22,7.741225719451904,,,,,,
2006-06-23,7.718109607696533,,,,,,
2006-06-26,7.733520984649658,,,,,,
2006-06-27,7.629483222961426,,,,,,
2006-06-28,7.6795783042907715,,,,,,
2006-06-29,7.876092910766602,,,,,,
2006-06-30,7.833706855773926,,,,,,
2006-07-03,7.891510009765625,,,,,,
2006-07-05,7.7682013511657715,,,,,,
2006-07-06,7.775908470153809,,,,,,
2006-07-07,7.6988396644592285,,,,,,
2006-07-10,7.610214233398437,,,,,,
2006-07-11,7.641042709350586,,,,,,
2006-07-12,7.502325534820557,,,,,,
2006-07-13,7.379017353057861,,,,,,
2006-07-14,7.359753131866455,,,,,,
2006-07-17,7.382872581481934,,,,,,
2006-07-18,7.398285865783691,,,,,,
2006-07-19,7.506175518035889,,,,,,
2006-07-20,7.398285865783691,,,,,,
2006-07-21,7.321223735809326,,,,,,
2006-07-24,7.432964324951172,,,,,,
2006-07-25,7.513885498046875,,,,,,
2006-07-26,7.533152103424072,,,,,,
2006-07-27,7.5100297927856445,,,,,,
2006-07-28,7.641042709350586,,,,,,
2006-07-31,7.629483222961426,,,,,,
2006-08-01,7.521591663360596,,,,,,
2006-08-02,7.614071369171143,,,,,,
2006-08-03,7.637190341949463,,,,,,
2006-08-04,7.614071369171143,,,,,,
2006-08-07,7.587099552154541,,,,,,
2006-08-08,7.560124397277832,,,,,,
2006-08-09,7.606364727020264,,,,,,
2006-08-10,7.637190341949463,,,,,,
2006-08-11,7.594801902770996,,,,,,
2006-08-14,7.660307884216309,,,,,,
2006-08-15,7.837558269500732,,,,,,
2006-08-16,7.960864067077637,,,,,,
2006-08-17,7.995543479919434,,,,,,
2006-08-18,8.026369094848633,,,,,,
2006-08-21,7.972425937652588,,,,,,
2006-08-22,7.976280212402344,,,,,,
2006-08-23,7.937744140625,,,,,,
2006-08-24,7.96856689453125,,,,,,
2006-08-25,7.991687297821045,,,,,,
2006-08-28,8.064903259277344,,,,,,
2006-08-29,8.138113021850586,,,,,,
2006-08-30,8.195919036865234,,,,,,
2006-08-31,8.165088653564453,,,,,,
2006-09-01,8.19976806640625,,,,,,
2006-09-05,8.242156028747559,,,,,,
2006-09-06,8.107294082641602,,,,,,
2006-09-07,8.061050415039062,,,,,,
2006-09-08,8.126558303833008,,,,,,
2006-09-11,8.195919036865234,,,,,,
2006-09-12,8.338482856750488,,,,,,
2006-09-13,8.338482856750488,,,,,,
2006-09-14,8.357751846313477,,,,,,
2006-09-15,8.378600120544434,,,,,,
2006-09-18,8.37474250793457,,,,,,
2006-09-19,8.336133003234863,,,,,,
2006-09-20,8.471272468566895,,,,,,
2006-09-21,8.39018726348877,,,,,,
2006-09-22,8.339993476867676,,,,,,
2006-09-25,8.49057388305664,,,,,,
2006-09-26,8.54462718963623,,,,,,
2006-09-27,8.478985786437988,,,,,,
2006-09-28,8.521464347839355,,,,,,
2006-09-29,8.494436264038086,,,,,,
2006-10-02,8.432659149169922,,,,,,
2006-10-03,8.478985786437988,,,,,,
2006-10-04,8.610265731811523,,,,,,
2006-10-05,8.606407165527344,,,,,,
2006-10-06,8.610265731811523,,,,,,
2006-10-09,8.633435249328613,,,,,,
2006-10-10,8.641155242919922,,,,,,
2006-10-11,8.637295722961426,,,,,,
2006-10-12,8.764711380004883,,,,,,
2006-10-13,8.8071870803833,,,,,,
2006-10-16,8.803322792053223,,,,,,
2006-10-17,8.729958534240723,,,,,,
2006-10-18,8.706793785095215,,,,,,
2006-10-19,8.733823776245117,,,,,,
2006-10-20,8.787883758544922,,,,,,
2006-10-23,8.841936111450195,,,,,,
2006-10-24,8.78015422821045,,,,,,
2006-10-25,8.85737419128418,,,,,,
2006-10-26,8.903711318969727,,,,,,
2006-10-27,8.787883758544922,,,,,,
2006-10-30,8.818768501281738,,,,,,
2006-10-31,8.830353736877441,,,,,,
2006-11-01,8.79173755645752,,,,,,
2006-11-02,8.737683296203613,,,,,,
2006-11-03,8.737683296203613,,,,,,
2006-11-06,8.841936111450195,,,,,,
2006-11-07,8.888267517089844,,,,,,
2006-11-08,8.895990371704102,,,,,,
2006-11-09,8.892134666442871,,,,,,
2006-11-10,8.915295600891113,,,,,,
2006-11-13,8.992517471313477,,,,,,
2006-11-14,9.058159828186035,,,,,,
2006-11-15,9.077462196350098,,,,,,
2006-11-16,9.112213134765623,,,,,,
2006-11-17,9.127653121948242,,,,,,
2006-11-20,9.127653121948242,,,,,,
2006-11-21,9.123796463012695,,,,,,
2006-11-22,9.193293571472168,,,,,,
2006-11-24,9.173989295959473,,,,,,
2006-11-27,8.957768440246582,,,,,,
2006-11-28,9.004105567932129,,,,,,
2006-11-29,9.062020301818848,,,,,,
2006-11-30,9.081328392028809,,,,,,
2006-12-01,9.004105567932129,,,,,,
2006-12-04,9.1199369430542,,,,,,
2006-12-05,9.123796463012695,,,,,,
2006-12-06,9.065881729125977,,,,,,
2006-12-07,9.03113079071045,,,,,,
2006-12-08,9.03113079071045,,,,,,
2006-12-11,9.085187911987305,,,,,,
2006-12-12,9.054295539855955,,,,,,
2006-12-13,9.069737434387209,,,,,,
2006-12-14,9.14696216583252,,,,,,
2006-12-15,9.14890480041504,,,,,,
2006-12-18,9.113956451416016,,,,,,
2006-12-19,9.055706024169922,,,,,,
2006-12-20,9.059589385986328,,,,,,
2006-12-21,9.016874313354492,,,,,,
2006-12-22,8.946975708007812,,,,,,
2006-12-26,8.99746036529541,,,,,,
2006-12-27,9.063472747802734,,,,,,
2006-12-28,9.059589385986328,,,,,,
2006-12-29,9.032405853271484,,,,,,
2007-01-03,9.059589385986328,,,,,,
2007-01-04,9.199384689331056,,,,,,
2007-01-05,9.125602722167969,,,,,,
2007-01-08,9.152783393859863,,,,,,
2007-01-09,9.164435386657717,,,,,,
2007-01-10,9.211034774780272,,,,,,
2007-01-11,9.30423069000244,,,,,,
2007-01-12,9.327532768249512,,,,,,
2007-01-16,9.30811595916748,,,,,,
2007-01-17,9.187736511230469,,,,,,
2007-01-18,9.082889556884766,,,,,,
2007-01-19,9.079008102416992,,,,,,
2007-01-22,9.012990951538086,,,,,,
2007-01-23,9.012990951538086,,,,,,
2007-01-24,9.17608642578125,,,,,,
2007-01-25,9.063472747802734,,,,,,
2007-01-26,9.067359924316406,,,,,,
2007-01-29,9.106186866760254,,,,,,
2007-01-30,9.16055679321289,,,,,,
2007-01-31,9.214920997619627,,,,,,
2007-02-01,9.17608642578125,,,,,,
2007-02-02,9.22268009185791,,,,,,
2007-02-05,9.199384689331056,,,,,,
2007-02-06,9.187736511230469,,,,,,
2007-02-07,9.230451583862305,,,,,,
2007-02-08,9.242101669311523,,,,,,
2007-02-09,9.141135215759276,,,,,,
2007-02-12,9.102306365966797,,,,,,
2007-02-13,9.13725757598877,,,,,,
2007-02-14,9.265403747558594,,,,,,
2007-02-15,9.300350189208984,,,,,,
2007-02-16,9.28093719482422,,,,,,
2007-02-20,9.284818649291992,,,,,,
2007-02-21,9.269283294677734,,,,,,
2007-02-22,9.319766998291016,,,,,,
2007-02-23,9.311997413635254,,,,,,
2007-02-26,9.288700103759766,,,,,,
2007-02-27,8.931437492370605,,,,,,
2007-02-28,8.966391563415527,,,,,,
2007-03-01,8.958623886108398,,,,,,
2007-03-02,8.791648864746094,,,,,,
2007-03-05,8.811059951782227,,,,,,
2007-03-06,8.946975708007812,,,,,,
2007-03-07,8.834364891052246,,,,,,
2007-03-08,8.908143997192383,,,,,,
2007-03-09,8.931437492370605,,,,,,
2007-03-12,8.985808372497559,,,,,,
2007-03-13,8.842126846313477,,,,,,
2007-03-14,8.923676490783691,,,,,,
2007-03-15,8.927560806274414,,,,,,
2007-03-16,8.912026405334473,,,,,,
2007-03-19,8.970274925231934,,,,,,
2007-03-20,9.028523445129396,,,,,,
2007-03-21,9.211034774780272,,,,,,
2007-03-22,9.17608642578125,,,,,,
2007-03-23,9.152783393859863,,,,,,
2007-03-26,9.164435386657717,,,,,,
2007-03-27,9.168322563171388,,,,,,
2007-03-28,9.063472747802734,,,,,,
2007-03-29,9.075122833251951,,,,,,
2007-03-30,9.055706024169922,,,,,,
2007-04-02,9.102306365966797,,,,,,
2007-04-03,9.17608642578125,,,,,,
2007-04-04,9.230451583862305,,,,,,
2007-04-05,9.265403747558594,,,,,,
2007-04-09,9.265403747558594,,,,,,
2007-04-10,9.257635116577148,,,,,,
2007-04-11,9.172203063964844,,,,,,
2007-04-12,9.269283294677734,,,,,,
2007-04-13,9.277050971984863,,,,,,
2007-04-16,9.354717254638672,,,,,,
2007-04-17,9.37413501739502,,,,,,
2007-04-18,9.350829124450684,,,,,,
2007-04-19,9.354717254638672,,,,,,
2007-04-20,9.409077644348145,,,,,,
2007-04-23,9.389662742614746,,,,,,
2007-04-24,9.440147399902344,,,,,,
2007-04-25,9.510045051574709,,,,,,
2007-04-26,9.564409255981444,,,,,,
2007-04-27,9.556641578674316,,,,,,
2007-04-30,9.48285961151123,,,,,,
2007-05-01,9.529462814331056,,,,,,
2007-05-02,9.57994270324707,,,,,,
2007-05-03,9.673140525817873,,,,,,
2007-05-04,9.711971282958984,,,,,,
2007-05-07,9.700324058532717,,,,,,
2007-05-08,9.73915672302246,,,,,,
2007-05-09,9.727510452270508,,,,,,
2007-05-10,9.677026748657228,,,,,,
2007-05-11,9.781872749328612,,,,,,
2007-05-14,9.735274314880373,,,,,,
2007-05-15,9.719741821289062,,,,,,
2007-05-16,9.805171012878418,,,,,,
2007-05-17,9.777989387512209,,,,,,
2007-05-18,9.82846736907959,,,,,,
2007-05-21,9.871187210083008,,,,,,
2007-05-22,9.859538078308104,,,,,,
2007-05-23,9.8245849609375,,,,,,
2007-05-24,9.700324058532717,,,,,,
2007-05-25,9.781872749328612,,,,,,
2007-05-29,9.84012222290039,,,,,,
2007-05-30,9.913900375366213,,,,,,
2007-05-31,9.960501670837402,,,,,,
2007-06-01,9.960501670837402,,,,,,
2007-06-04,9.99544620513916,,,,,,
2007-06-05,9.960501670837402,,,,,,
2007-06-06,9.844002723693848,,,,,,
2007-06-07,9.704206466674805,,,,,,
2007-06-08,9.84012222290039,,,,,,
2007-06-11,9.859538078308104,,,,,,
2007-06-12,9.74303913116455,,,,,,
2007-06-13,9.86730670928955,,,,,,
2007-06-14,9.960501670837402,,,,,,
2007-06-15,10.01801300048828,,,,,,
2007-06-18,10.045211791992188,,,,,,
2007-06-19,10.041329383850098,,,,,,
2007-06-20,9.983038902282717,,,,,,
2007-06-21,10.033554077148438,,,,,,
2007-06-22,9.920863151550291,,,,,,
2007-06-25,9.885889053344728,,,,,,
2007-06-26,9.850915908813477,,,,,,
2007-06-27,9.948064804077148,,,,,,
2007-06-28,9.983038902282717,,,,,,
2007-06-29,9.948064804077148,,,,,,
2007-07-02,10.033554077148438,,,,,,
2007-07-03,10.10350227355957,,,,,,
2007-07-05,10.142364501953123,,,,,,
2007-07-06,10.161791801452637,,,,,,
2007-07-09,10.22008228302002,,,,,,
2007-07-10,10.10350227355957,,,,,,
2007-07-11,10.161791801452637,,,,,,
2007-07-12,10.332773208618164,,,,,,
2007-07-13,10.356094360351562,,,,,,
2007-07-16,10.387181282043455,,,,,,
2007-07-17,10.422149658203123,,,,,,
2007-07-18,10.367749214172363,,,,,,
2007-07-19,10.453237533569336,,,,,,
2007-07-20,10.414380073547363,,,,,,
2007-07-23,10.429924964904783,,,,,,
2007-07-24,10.325002670288086,,,,,,
2007-07-25,10.336654663085938,,,,,,
2007-07-26,10.181224822998049,,,,,,
2007-07-27,9.96360683441162,,,,,,
2007-07-30,9.99858283996582,,,,,,
2007-07-31,9.928633689880373,,,,,,
2007-08-01,10.02578353881836,,,,,,
2007-08-02,10.045211791992188,,,,,,
2007-08-03,9.850915908813477,,,,,,
2007-08-06,10.00635814666748,,,,,,
2007-08-07,10.02578353881836,,,,,,
2007-08-08,10.181224822998049,,,,,,
2007-08-09,9.948064804077148,,,,,,
2007-08-10,9.808172225952148,,,,,,
2007-08-13,9.944178581237791,,,,,,
2007-08-14,9.742111206054688,,,,,,
2007-08-15,9.617758750915527,,,,,,
2007-08-16,9.555581092834473,,,,,,
2007-08-17,9.648842811584473,,,,,,
2007-08-20,9.683822631835938,,,,,,
2007-08-21,9.714908599853516,,,,,,
2007-08-22,9.843143463134766,,,,,,
2007-08-23,9.87034797668457,,,,,,
2007-08-24,10.01024055480957,,,,,,
2007-08-27,9.955839157104492,,,,,,
2007-08-28,9.777082443237305,,,,,,
2007-08-29,10.01024055480957,,,,,,
2007-08-30,10.052988052368164,,,,,,
2007-08-31,10.119047164916992,,,,,,
2007-09-04,10.27448558807373,,,,,,
2007-09-05,10.165678024291992,,,,,,
2007-09-06,10.216198921203612,,,,,,
2007-09-07,10.00635814666748,,,,,,
2007-09-10,9.986921310424805,,,,,,
2007-09-11,10.130704879760742,,,,,,
2007-09-12,10.10350227355957,,,,,,
2007-09-13,10.10350227355957,,,,,,
2007-09-14,10.052988052368164,,,,,,
2007-09-17,10.049099922180176,,,,,,
2007-09-18,10.24728775024414,,,,,,
2007-09-19,10.286142349243164,,,,,,
2007-09-20,10.325002670288086,,,,,,
2007-09-21,10.404047012329102,,,,,,
2007-09-24,10.376792907714844,,,,,,
2007-09-25,10.48192024230957,,,,,,
2007-09-26,10.548110961914062,,,,,,
2007-09-27,10.540324211120604,,,,,,
2007-09-28,10.50139045715332,,,,,,
2007-10-01,10.614309310913086,,,,,,
2007-10-02,10.653246879577637,,,,,,
2007-10-03,10.528645515441896,,,,,,
2007-10-04,10.555902481079102,,,,,,
2007-10-05,10.668816566467283,,,,,,
2007-10-08,10.6882905960083,,,,,,
2007-10-09,10.766165733337402,,,,,,
2007-10-10,10.801209449768066,,,,,,
2007-10-11,10.68439483642578,,,,,,
2007-10-12,10.789525985717772,,,,,,
2007-10-15,10.711652755737305,,,,,,
2007-10-16,10.711652755737305,,,,,,
2007-10-17,10.801209449768066,,,,,,
2007-10-18,10.828463554382324,,,,,,
2007-10-19,10.571478843688965,,,,,,
2007-10-22,10.637672424316406,,,,,,
2007-10-23,10.754480361938477,,,,,,
2007-10-24,10.645455360412598,,,,,,
2007-10-25,10.735013008117676,,,,,,
2007-10-26,10.879084587097168,,,,,,
2007-10-29,10.910231590270996,,,,,,
2007-10-30,10.929697036743164,,,,,,
2007-10-31,11.058192253112791,,,,,,
2007-11-01,10.937485694885254,,,,,,
2007-11-02,10.960845947265623,,,,,,
2007-11-05,10.945276260375977,,,,,,
2007-11-06,11.003677368164062,,,,,,
2007-11-07,10.707759857177734,,,,,,
2007-11-08,10.326169967651367,,,,,,
2007-11-09,10.112018585205078,,,,,,
2007-11-12,9.948479652404783,,,,,,
2007-11-13,10.287235260009766,,,,,,
2007-11-14,10.228825569152832,,,,,,
2007-11-15,10.10422706604004,,,,,,
2007-11-16,10.248300552368164,,,,,,
2007-11-19,10.045820236206056,,,,,,
2007-11-20,10.131484031677246,,,,,,
2007-11-21,9.940695762634276,,,,,,
2007-11-23,10.03803825378418,,,,,,
2007-11-26,9.82777500152588,,,,,,
2007-11-27,9.936800003051758,,,,,,
2007-11-28,10.228825569152832,,,,,,
2007-11-29,10.279447555541992,,,,,,
2007-11-30,10.224933624267578,,,,,,
2007-12-03,10.162635803222656,,,,,,
2007-12-04,10.123698234558104,,,,,,
2007-12-05,10.357317924499512,,,,,,
2007-12-06,10.462454795837402,,,,,,
2007-12-07,10.474132537841797,,,,,,
2007-12-10,10.524747848510742,,,,,,
2007-12-11,10.36121654510498,,,,,,
2007-12-12,10.540324211120604,,,,,,
2007-12-13,10.48581600189209,,,,,,
2007-12-14,10.419620513916016,,,,,,
2007-12-17,10.221044540405272,,,,,,
2007-12-18,10.221044540405272,,,,,,
2007-12-19,10.287235260009766,,,,,,
2007-12-20,10.435195922851562,,,,,,
2007-12-21,10.569366455078123,,,,,,
2007-12-24,10.647601127624512,,,,,,
2007-12-26,10.706278800964355,,,,,,
2007-12-27,10.557632446289062,,,,,,
2007-12-28,10.506781578063965,,,,,,
2007-12-31,10.428544044494627,,,,,,
2008-01-02,10.217317581176758,,,,,,
2008-01-03,10.232961654663086,,,,,,
2008-01-04,9.833970069885254,,,,,,
2008-01-07,9.747909545898438,,,,,,
2008-01-08,9.489744186401367,,,,,,
2008-01-09,9.622742652893066,,,,,,
2008-01-10,9.638386726379396,,,,,,
2008-01-11,9.497567176818848,,,,,,
2008-01-14,9.689237594604492,,,,,,
2008-01-15,9.485832214355469,,,,,,
2008-01-16,9.27851104736328,,,,,,
2008-01-17,9.196365356445312,,,,,,
2008-01-18,9.035985946655272,,,,,,
2008-01-22,8.867786407470703,,,,,,
2008-01-23,8.946017265319824,,,,,,
2008-01-24,9.07510471343994,,,,,,
2008-01-25,8.934284210205078,,,,,,
2008-01-28,8.973400115966797,,,,,,
2008-01-29,9.05163288116455,,,,,,
2008-01-30,8.981224060058594,,,,,,
2008-01-31,9.09466552734375,,,,,,
2008-02-01,9.251129150390623,,,,,,
2008-02-04,9.059454917907717,,,,,,
2008-02-05,8.832579612731934,,,,,,
2008-02-06,8.734785079956055,,,,,,
2008-02-07,8.789551734924316,,,,,,
2008-02-08,8.723050117492676,,,,,,
2008-02-11,8.875605583190918,,,,,,
2008-02-12,8.895163536071777,,,,,,
2008-02-13,9.098572731018066,,,,,,
2008-02-14,8.918634414672852,,,,,,
2008-02-15,8.88734245300293,,,,,,
2008-02-19,8.805196762084961,,,,,,
2008-02-20,8.820844650268555,,,,,,
2008-02-21,8.805196762084961,,,,,,
2008-02-22,8.797379493713379,,,,,,
2008-02-25,8.848225593566895,,,,,,
2008-02-26,8.949932098388672,,,,,,
2008-02-27,8.957755088806152,,,,,,
2008-02-28,8.844313621520996,,,,,,
2008-02-29,8.664374351501465,,,,,,
2008-03-03,8.660468101501465,,,,,,
2008-03-04,8.672203063964844,,,,,,
2008-03-05,8.734785079956055,,,,,,
2008-03-06,8.613527297973633,,,,,,
2008-03-07,8.613527297973633,,,,,,
2008-03-10,8.519644737243652,,,,,,
2008-03-11,8.820844650268555,,,,,,
2008-03-12,8.730876922607422,,,,,,
2008-03-13,8.695672988891602,,,,,,
2008-03-14,8.586142539978027,,,,,,
2008-03-17,8.547025680541992,,,,,,
2008-03-18,8.930375099182129,,,,,,
2008-03-19,8.664374351501465,,,,,,
2008-03-20,8.760631561279297,,,,,,
2008-03-24,9.069741249084473,,,,,,
2008-03-25,9.07756519317627,,,,,,
2008-03-26,8.901487350463867,,,,,,
2008-03-27,8.83105754852295,,,,,,
2008-03-28,8.776275634765625,,,,,,
2008-03-31,8.764543533325195,,,,,,
2008-04-01,9.018868446350098,,,,,,
2008-04-02,9.12843132019043,,,,,,
2008-04-03,9.124515533447266,,,,,,
2008-04-04,9.093213081359863,,,,,,
2008-04-07,9.101041793823242,,,,,,
2008-04-08,9.0462646484375,,,,,,
2008-04-09,9.007134437561035,,,,,,
2008-04-10,9.08147430419922,,,,,,
2008-04-11,8.838888168334961,,,,,,
2008-04-14,8.803671836853027,,,,,,
2008-04-15,8.803671836853027,,,,,,
2008-04-16,9.163637161254885,,,,,,
2008-04-17,9.159729957580566,,,,,,
2008-04-18,9.320151329040527,,,,,,
2008-04-21,9.378846168518066,,,,,,
2008-04-22,9.331890106201172,,,,,,
2008-04-23,9.390583038330078,,,,,,
2008-04-24,9.504053115844728,,,,,,
2008-04-25,9.390583038330078,,,,,,
2008-04-28,9.390583038330078,,,,,,
2008-04-29,9.480576515197754,,,,,,
2008-04-30,9.31232738494873,,,,,,
2008-05-01,9.70359992980957,,,,,,
2008-05-02,9.69969081878662,,,,,,
2008-05-05,9.656648635864258,,,,,,
2008-05-06,9.774027824401855,,,,,,
2008-05-07,9.601868629455566,,,,,,
2008-05-08,9.61751651763916,,,,,,
2008-05-09,9.586219787597656,,,,,,
2008-05-12,9.7427339553833,,,,,,
2008-05-13,9.7427339553833,,,,,,
2008-05-14,9.762293815612791,,,,,,
2008-05-15,9.95010471343994,,,,,,
2008-05-16,9.926631927490234,,,,,,
2008-05-19,9.977493286132812,,,,,,
2008-05-20,9.82098388671875,,,,,,
2008-05-21,9.562743186950684,,,,,,
2008-05-22,9.5979585647583,,,,,,
2008-05-23,9.578391075134276,,,,,,
2008-05-27,9.734905242919922,,,,,,
2008-05-28,9.789680480957031,,,,,,
2008-05-29,9.860114097595217,,,,,,
2008-05-30,9.91880226135254,,,,,,
2008-06-02,9.777946472167969,,,,,,
2008-06-03,9.723163604736328,,,,,,
2008-06-04,9.7427339553833,,,,,,
2008-06-05,9.942278861999512,,,,,,
2008-06-06,9.672300338745115,,,,,,
2008-06-09,9.652732849121094,,,,,,
2008-06-10,9.609695434570312,,,,,,
2008-06-11,9.36319351196289,,,,,,
2008-06-12,9.46883773803711,,,,,,
2008-06-13,9.570571899414062,,,,,,
2008-06-16,9.59404468536377,,,,,,
2008-06-17,9.554920196533203,,,,,,
2008-06-18,9.453186988830566,,,,,,
2008-06-19,9.48840045928955,,,,,,
2008-06-20,9.319281578063965,,,,,,
2008-06-23,9.232954978942873,,,,,,
2008-06-24,9.221184730529783,,,,,,
2008-06-25,9.299664497375488,,,,,,
2008-06-26,9.123083114624023,,,,,,
2008-06-27,9.001445770263672,,,,,,
2008-06-30,8.989675521850586,,,,,,
2008-07-01,8.926887512207031,,,,,,
2008-07-02,8.809168815612793,,,,,,
2008-07-03,8.769932746887207,,,,,,
2008-07-07,8.868035316467285,,,,,,
2008-07-08,8.958283424377441,,,,,,
2008-07-09,8.69145393371582,,,,,,
2008-07-10,8.801319122314453,,,,,,
2008-07-11,8.718924522399902,,,,,,
2008-07-14,8.652215957641602,,,,,,
2008-07-15,8.632599830627441,,,,,,
2008-07-16,8.758163452148438,,,,,,
2008-07-17,8.848414421081543,,,,,,
2008-07-18,8.94650936126709,,,,,,
2008-07-21,8.769932746887207,,,,,,
2008-07-22,8.722846031188965,,,,,,
2008-07-23,8.879801750183105,,,,,,
2008-07-24,8.652215957641602,,,,,,
2008-07-25,8.773857116699219,,,,,,
2008-07-28,8.589436531066895,,,,,,
2008-07-29,8.762085914611816,,,,,,
2008-07-30,8.82094669342041,,,,,,
2008-07-31,8.769932746887207,,,,,,
2008-08-01,8.671834945678711,,,,,,
2008-08-04,8.714998245239258,,,,,,
2008-08-05,8.879801750183105,,,,,,
2008-08-06,9.00536823272705,,,,,,
2008-08-07,8.989675521850586,,,,,,
2008-08-08,9.16232204437256,,,,,,
2008-08-11,9.221184730529783,,,,,,
2008-08-12,9.240803718566896,,,,,,
2008-08-13,9.205488204956056,,,,,,
2008-08-14,9.276116371154783,,,,,,
2008-08-15,9.311433792114258,,,,,,
2008-08-18,9.19371223449707,,,,,,
2008-08-19,9.032835006713867,,,,,,
2008-08-20,9.052453994750977,,,,,,
2008-08-21,9.017136573791504,,,,,,
2008-08-22,9.142705917358398,,,,,,
2008-08-25,9.024988174438477,,,,,,
2008-08-26,8.989675521850586,,,,,,
2008-08-27,9.075998306274414,,,,,,
2008-08-28,9.130932807922363,,,,,,
2008-08-29,8.926887512207031,,,,,,
2008-09-02,8.875880241394043,,,,,,
2008-09-03,8.758163452148438,,,,,,
2008-09-04,8.444247245788574,,,,,,
2008-09-05,8.444247245788574,,,,,,
2008-09-08,8.546273231506348,,,,,,
2008-09-09,8.397157669067383,,,,,,
2008-09-10,8.35792350769043,,,,,,
2008-09-11,8.495260238647461,,,,,,
2008-09-12,8.534500122070312,,,,,,
2008-09-15,8.122489929199219,,,,,,
2008-09-16,8.275524139404297,,,,,,
2008-09-17,7.8164215087890625,,,,,,
2008-09-18,8.149953842163086,,,,,,
2008-09-19,8.209412574768066,,,,,,
2008-09-22,7.996791839599609,,,,,,
2008-09-23,7.992856502532959,,,,,,
2008-09-24,8.012544631958008,,,,,,
2008-09-25,8.150348663330078,,,,,,
2008-09-26,8.189723014831543,,,,,,
2008-09-29,7.480997085571289,,,,,,
2008-09-30,7.815671443939209,,,,,,
2008-10-01,7.744800567626953,,,,,,
2008-10-02,7.441620826721191,,,,,,
2008-10-03,7.335317134857178,,,,,,
2008-10-06,6.929768562316895,,,,,,
2008-10-07,6.575403213500977,,,,,,
2008-10-08,6.516340732574463,,,,,,
2008-10-09,6.299786567687988,,,,,,
2008-10-10,6.260414123535156,,,,,,
2008-10-13,6.992763519287109,,,,,,
2008-10-14,6.756521701812744,,,,,,
2008-10-15,6.248601913452148,,,,,,
2008-10-16,6.575403213500977,,,,,,
2008-10-17,6.512404441833496,,,,,,
2008-10-20,6.772270202636719,,,,,,
2008-10-21,6.417908668518066,,,,,,
2008-10-22,6.083231449127197,,,,,,
2008-10-23,6.221038818359375,,,,,,
2008-10-24,5.92967414855957,,,,,,
2008-10-27,5.8076171875,,,,,,
2008-10-28,6.614774703979492,,,,,,
2008-10-29,6.358844757080078,,,,,,
2008-10-30,6.595090389251709,,,,,,
2008-10-31,6.5557146072387695,,,,,,
2008-11-03,6.5557146072387695,,,,,,
2008-11-04,6.831332683563232,,,,,,
2008-11-05,6.417908668518066,,,,,,
2008-11-06,6.063546180725098,,,,,,
2008-11-07,6.236791133880615,,,,,,
2008-11-10,6.169856071472168,,,,,,
2008-11-11,6.035983562469482,,,,,,
2008-11-12,5.752492904663086,,,,,,
2008-11-13,6.11079216003418,,,,,,
2008-11-14,5.831241130828857,,,,,,
2008-11-17,5.665873527526856,,,,,,
2008-11-18,5.74461841583252,,,,,,
2008-11-19,5.425692081451416,,,,,,
2008-11-20,5.193387985229492,,,,,,
2008-11-21,5.4690022468566895,,,,,,
2008-11-24,5.736743450164795,,,,,,
2008-11-25,5.815492153167725,,,,,,
2008-11-26,5.996610641479492,,,,,,
2008-11-28,6.004482746124268,,,,,,
2008-12-01,5.571375846862793,,,,,,
2008-12-02,5.768242359161377,,,,,,
2008-12-03,5.9336137771606445,,,,,,
2008-12-04,5.69343376159668,,,,,,
2008-12-05,5.917862415313721,,,,,,
2008-12-08,6.193479061126709,,,,,,
2008-12-09,6.154106616973877,,,,,,
2008-12-10,6.102920055389404,,,,,,
2008-12-11,5.972985744476318,,,,,,
2008-12-12,6.043858528137207,,,,,,
2008-12-15,5.976924896240234,,,,,,
2008-12-16,6.287977695465088,,,,,,
2008-12-17,6.165918350219727,,,,,,
2008-12-18,5.992671966552734,,,,,,
2008-12-19,6.044526100158691,,,,,,
2008-12-22,5.961400508880615,,,,,,
2008-12-23,5.8782734870910645,,,,,,
2008-12-24,5.917858123779297,,,,,,
2008-12-26,5.90994119644165,,,,,,
2008-12-29,5.913900852203369,,,,,,
2008-12-30,6.024733543395996,,,,,,
2008-12-31,6.099946022033691,,,,,,
2009-01-02,6.329533576965332,,,,,,
2009-01-05,6.309742450714111,,,,,,
2009-01-06,6.456204414367676,,,,,,
2009-01-07,6.2503662109375,,,,,,
2009-01-08,6.293910980224609,,,,,,
2009-01-09,6.155364036560059,,,,,,
2009-01-12,6.044526100158691,,,,,,
2009-01-13,6.016818046569824,,,,,,
2009-01-14,5.834731578826904,,,,,,
2009-01-15,5.87431526184082,,,,,,
2009-01-16,5.913900852203369,,,,,,
2009-01-20,5.672436237335205,,,,,,
2009-01-21,5.945569038391113,,,,,,
2009-01-22,5.810980319976807,,,,,,
2009-01-23,5.894105911254883,,,,,,
2009-01-26,5.965358734130859,,,,,,
2009-01-27,6.000985622406006,,,,,,
2009-01-28,6.171198844909668,,,,,,
2009-01-29,5.989108562469482,,,,,,
2009-01-30,5.810980319976807,,,,,,
2009-02-02,5.90202522277832,,,,,,
2009-02-03,6.020775318145752,,,,,,
2009-02-04,6.016818046569824,,,,,,
2009-02-05,6.111821174621582,,,,,,
2009-02-06,6.321618556976318,,,,,,
2009-02-09,6.337453842163086,,,,,,
2009-02-10,6.0801544189453125,,,,,,
2009-02-11,6.092031478881836,,,,,,
2009-02-12,6.11974048614502,,,,,,
2009-02-13,6.092031478881836,,,,,,
2009-02-17,5.83868932723999,,,,,,
2009-02-18,5.842645645141602,,,,,,
2009-02-19,5.700144767761231,,,,,,
2009-02-20,5.75556230545044,,,,,,
2009-02-23,5.4903483390808105,,,,,,
2009-02-24,5.63681173324585,,,,,,
2009-02-25,5.688269138336182,,,,,,
2009-02-26,5.628894329071045,,,,,,
2009-02-27,5.58930778503418,,,,,,
2009-03-02,5.4547200202941895,,,,,,
2009-03-03,5.403261184692383,,,,,,
2009-03-04,5.545765399932861,,,,,,
2009-03-05,5.375553131103516,,,,,,
2009-03-06,5.403261184692383,,,,,,
2009-03-09,5.2330498695373535,,,,,,
2009-03-10,5.5338897705078125,,,,,,
2009-03-11,5.656602382659912,,,,,,
2009-03-12,5.818896293640137,,,,,,
2009-03-13,5.818896293640137,,,,,,
2009-03-16,5.76743745803833,,,,,,
2009-03-17,5.977234840393066,,,,,,
2009-03-18,6.060360431671143,,,,,,
2009-03-19,6.07619571685791,,,,,,
2009-03-20,5.983500003814697,,,,,,
2009-03-23,6.3375749588012695,,,,,,
2009-03-24,6.234137058258057,,,,,,
2009-03-25,6.269943714141846,,,,,,
2009-03-26,6.433056831359863,,,,,,
2009-03-27,6.293813228607178,,,,,,
2009-03-30,6.09887170791626,,,,,,
2009-03-31,6.214247703552246,,,,,,
2009-04-01,6.389293193817139,,,,,,
2009-04-02,6.556385517120361,,,,,,
2009-04-03,6.647888660430908,,,,,,
2009-04-06,6.580257415771484,,,,,,
2009-04-07,6.397252082824707,,,,,,
2009-04-08,6.492733955383301,,,,,,
2009-04-09,6.655844688415527,,,,,,
2009-04-13,6.655844688415527,,,,,,
2009-04-14,6.584235668182373,,,,,,
2009-04-15,6.56434440612793,,,,,,
2009-04-16,6.759285926818848,,,,,,
2009-04-17,6.747349262237549,,,,,,
2009-04-20,6.532515048980713,,,,,,
2009-04-21,6.64391040802002,,,,,,
2009-04-22,6.675740718841553,,,,,,
2009-04-23,6.707565784454346,,,,,,
2009-04-24,6.80304765701294,,,,,,
2009-04-27,6.771219253540039,,,,,,
2009-04-28,6.767241477966309,,,,,,
2009-04-29,6.842830657958984,,,,,,
2009-04-30,6.862722396850586,,,,,,
2009-05-01,6.954226016998291,,,,,,
2009-05-04,7.081536293029785,,,,,,
2009-05-05,7.037773132324219,,,,,,
2009-05-06,7.077555179595947,,,,,,
2009-05-07,6.807026386260986,,,,,,
2009-05-08,6.79906702041626,,,,,,
2009-05-11,6.818959712982178,,,,,,
2009-05-12,6.78315544128418,,,,,,
2009-05-13,6.612082958221436,,,,,,
2009-05-14,6.683695793151856,,,,,,
2009-05-15,6.683695793151856,,,,,,
2009-05-18,6.866697311401367,,,,,,
2009-05-19,6.906485557556152,,,,,,
2009-05-20,6.834874153137207,,,,,,
2009-05-21,6.715523719787598,,,,,,
2009-05-22,6.739394187927246,,,,,,
2009-05-26,6.914440155029297,,,,,,
2009-05-27,6.846811771392822,,,,,,
2009-05-28,6.946271896362305,,,,,,
2009-05-29,7.021858215332031,,,,,,
2009-06-01,7.22077751159668,,,,,,
2009-06-02,7.20486307144165,,,,,,
2009-06-03,7.125297546386719,,,,,,
2009-06-04,7.224758148193359,,,,,,
2009-06-05,7.296367168426514,,,,,,
2009-06-08,7.252604961395264,,,,,,
2009-06-09,7.284433364868164,,,,,,
2009-06-10,7.304326057434082,,,,,,
2009-06-11,7.332174777984619,,,,,,
2009-06-12,7.312281131744385,,,,,,
2009-06-15,7.236693382263184,,,,,,
2009-06-16,7.145188808441162,,,,,,
2009-06-17,7.184969902038574,,,,,,
2009-06-18,7.153146266937256,,,,,,
2009-06-19,7.241466522216797,,,,,,
2009-06-22,7.0616302490234375,,,,,,
2009-06-23,7.065624237060547,,,,,,
2009-06-24,7.165534973144531,,,,,,
2009-06-25,7.2694411277771,,,,,,
2009-06-26,7.257452487945557,,,,,,
2009-06-29,7.333382606506348,,,,,,
2009-06-30,7.277430534362793,,,,,,
2009-07-01,7.309402465820312,,,,,,
2009-07-02,7.125570297241211,,,,,,
2009-07-06,7.105586051940918,,,,,,
2009-07-07,6.929747104644775,,,,,,
2009-07-08,6.933743000030518,,,,,,
2009-07-09,6.977705955505371,,,,,,
2009-07-10,7.005678176879883,,,,,,
2009-07-13,7.13756275177002,,,,,,
2009-07-14,7.1455512046813965,,,,,,
2009-07-15,7.413309097290039,,,,,,
2009-07-16,7.521212100982666,,,,,,
2009-07-17,7.593147277832031,,,,,,
2009-07-20,7.661085605621338,,,,,,
2009-07-21,7.7050461769104,,,,,,
2009-07-22,7.749006748199463,,,,,,
2009-07-23,7.900868415832519,,,,,,
2009-07-24,7.852914810180664,,,,,,
2009-07-27,7.852914810180664,,,,,,
2009-07-28,7.868900775909424,,,,,,
2009-07-29,7.86090612411499,,,,,,
2009-07-30,7.900868415832519,,,,,,
2009-07-31,7.872897148132324,,,,,,
2009-08-03,7.980797290802002,,,,,,
2009-08-04,7.956819534301758,,,,,,
2009-08-05,7.884884834289551,,,,,,
2009-08-06,7.828934192657471,,,,,,
2009-08-07,7.908864498138428,,,,,,
2009-08-10,7.872897148132324,,,,,,
2009-08-11,7.760997295379639,,,,,,
2009-08-12,7.916855335235596,,,,,,
2009-08-13,7.95282506942749,,,,,,
2009-08-14,7.87689208984375,,,,,,
2009-08-17,7.689064502716064,,,,,,
2009-08-18,7.804955005645752,,,,,,
2009-08-19,7.824936866760254,,,,,,
2009-08-20,7.912858963012695,,,,,,
2009-08-21,8.028757095336914,,,,,,
2009-08-24,8.004775047302246,,,,,,
2009-08-25,8.024758338928223,,,,,,
2009-08-26,8.060725212097168,,,,,,
2009-08-27,8.076708793640137,,,,,,
2009-08-28,8.104686737060547,,,,,,
2009-08-31,8.000783920288086,,,,,,
2009-09-01,7.83692741394043,,,,,,
2009-09-02,7.852914810180664,,,,,,
2009-09-03,7.8888840675354,,,,,,
2009-09-04,8.028757095336914,,,,,,
2009-09-08,8.088701248168945,,,,,,
2009-09-09,8.148648262023926,,,,,,
2009-09-10,8.260546684265137,,,,,,
2009-09-11,8.268539428710938,,,,,,
2009-09-14,8.24056339263916,,,,,,
2009-09-15,8.296513557434082,,,,,,
2009-09-16,8.360457420349121,,,,,,
2009-09-17,8.328486442565918,,,,,,
2009-09-18,8.379426002502441,,,,,,
2009-09-21,8.343324661254883,,,,,,
2009-09-22,8.387450218200684,,,,,,
2009-09-23,8.387450218200684,,,,,,
2009-09-24,8.307225227355957,,,,,,
2009-09-25,8.255077362060547,,,,,,
2009-09-28,8.391464233398438,,,,,,
2009-09-29,8.347336769104004,,,,,,
2009-09-30,8.371405601501465,,,,,,
2009-10-01,8.122709274291992,,,,,,
2009-10-02,8.122709274291992,,,,,,
2009-10-05,8.190901756286621,,,,,,
2009-10-06,8.339315414428711,,,,,,
2009-10-07,8.32326889038086,,,,,,
2009-10-08,8.375415802001953,,,,,,
2009-10-09,8.431570053100586,,,,,,
2009-10-12,8.43558406829834,,,,,,
2009-10-13,8.467673301696777,,,,,,
2009-10-14,8.56795597076416,,,,,,
2009-10-15,8.551912307739258,,,,,,
2009-10-16,8.471687316894531,,,,,,
2009-10-19,8.563944816589355,,,,,,
2009-10-20,8.535862922668457,,,,,,
2009-10-21,8.539877891540527,,,,,,
2009-10-22,8.579988479614258,,,,,,
2009-10-23,8.555926322937012,,,,,,
2009-10-26,8.499761581420898,,,,,,
2009-10-27,8.455638885498047,,,,,,
2009-10-28,8.331292152404785,,,,,,
2009-10-29,8.491739273071289,,,,,,
2009-10-30,8.26711368560791,,,,,,
2009-11-02,8.3152494430542,,,,,,
2009-11-03,8.283158302307129,,,,,,
2009-11-04,8.331292152404785,,,,,,
2009-11-05,8.511796951293945,,,,,,
2009-11-06,8.52382755279541,,,,,,
2009-11-09,8.720377922058105,,,,,,
2009-11-10,8.716367721557617,,,,,,
2009-11-11,8.768514633178711,,,,,,
2009-11-12,8.70433521270752,,,,,,
2009-11-13,8.784558296203613,,,,,,
2009-11-16,8.880828857421875,,,,,,
2009-11-17,8.920939445495605,,,,,,
2009-11-18,8.872804641723633,,,,,,
2009-11-19,8.744450569152832,,,,,,
2009-11-20,8.700325012207031,,,,,,
2009-11-23,8.852750778198242,,,,,,
2009-11-24,8.836702346801758,,,,,,
2009-11-25,8.852750778198242,,,,,,
2009-11-27,8.708344459533691,,,,,,
2009-11-30,8.724393844604492,,,,,,
2009-12-01,8.864784240722656,,,,,,
2009-12-02,8.852750778198242,,,,,,
2009-12-03,8.856760025024414,,,,,,
2009-12-04,8.91291618347168,,,,,,
2009-12-07,8.896873474121094,,,,,,
2009-12-08,8.816648483276367,,,,,,
2009-12-09,8.900886535644531,,,,,,
2009-12-10,8.940996170043945,,,,,,
2009-12-11,8.920939445495605,,,,,,
2009-12-14,8.993145942687988,,,,,,
2009-12-15,8.936986923217773,,,,,,
2009-12-16,8.965065956115723,,,,,,
2009-12-17,8.856760025024414,,,,,,
2009-12-18,8.989200592041016,,,,,,
2009-12-21,9.069720268249512,,,,,,
2009-12-22,9.142176628112791,,,,,,
2009-12-23,9.178406715393066,,,,,,
2009-12-24,9.262950897216797,,,,,,
2009-12-28,9.291128158569336,,,,,,
2009-12-29,9.279050827026367,,,,,,
2009-12-30,9.311253547668455,,,,,,
2009-12-31,9.230742454528809,,,,,,
2010-01-04,9.367612838745115,,,,,,
2010-01-05,9.355536460876465,,,,,,
2010-01-06,9.250866889953612,,,,,,
2010-01-07,9.214640617370604,,,,,,
2010-01-08,9.275020599365234,,,,,,
2010-01-11,9.238789558410645,,,,,,
2010-01-12,9.13815212249756,,,,,,
2010-01-13,9.22671604156494,,,,,,
2010-01-14,9.250866889953612,,,,,,
2010-01-15,9.12204933166504,,,,,,
2010-01-19,9.279050827026367,,,,,,
2010-01-20,9.13010025024414,,,,,,
2010-01-21,9.033488273620604,,,,,,
2010-01-22,8.719490051269531,,,,,,
2010-01-25,8.791952133178711,,,,,,
2010-01-26,8.767794609069824,,,,,,
2010-01-27,8.84026050567627,,,,,,
2010-01-28,8.586647987365723,,,,,,
2010-01-29,8.43769645690918,,,,,,
2010-02-01,8.534309387207031,,,,,,
2010-02-02,8.618846893310547,,,,,,
2010-02-03,8.63897705078125,,,,,,
2010-02-04,8.397439956665039,,,,,,
2010-02-05,8.481977462768555,,,,,,
2010-02-08,8.445747375488281,,,,,,
2010-02-09,8.518205642700195,,,,,,
2010-02-10,8.494056701660156,,,,,,
2010-02-11,8.582620620727539,,,,,,
2010-02-12,8.598721504211426,,,,,,
2010-02-16,8.727540016174316,,,,,,
2010-02-17,8.751690864562988,,,,,,
2010-02-18,8.808050155639648,,,,,,
2010-02-19,8.783897399902344,,,,,,
2010-02-22,8.767794609069824,,,,,,
2010-02-23,8.659106254577637,,,,,,
2010-02-24,8.743642807006836,,,,,,
2010-02-25,8.719490051269531,,,,,,
2010-02-26,8.731565475463867,,,,,,
2010-03-01,8.844284057617188,,,,,,
2010-03-02,8.832204818725586,,,,,,
2010-03-03,8.836231231689453,,,,,,
2010-03-04,8.872461318969727,,,,,,
2010-03-05,8.981154441833496,,,,,,
2010-03-08,9.029459953308104,,,,,,
2010-03-09,9.069720268249512,,,,,,
2010-03-10,9.13010025024414,,,,,,
2010-03-11,9.166332244873049,,,,,,
2010-03-12,9.158283233642578,,,,,,
2010-03-15,9.150227546691896,,,,,,
2010-03-16,9.21866512298584,,,,,,
2010-03-17,9.24684715270996,,,,,,
2010-03-18,9.258925437927246,,,,,,
2010-03-19,9.203596115112305,,,,,,
2010-03-22,9.272245407104492,,,,,,
2010-03-23,9.361090660095217,,,,,,
2010-03-24,9.316667556762695,,,,,,
2010-03-25,9.332818031311035,,,,,,
2010-03-26,9.288405418395996,,,,,,
2010-03-29,9.316667556762695,,,,,,
2010-03-30,9.357051849365234,,,,,,
2010-03-31,9.328784942626951,,,,,,
2010-04-01,9.312631607055664,,,,,,
2010-04-05,9.421666145324709,,,,,,
2010-04-06,9.42974853515625,,,,,,
2010-04-07,9.393400192260742,,,,,,
2010-04-08,9.409553527832031,,,,,,
2010-04-09,9.482247352600098,,,,,,
2010-04-12,9.502442359924316,,,,,,
2010-04-13,9.530709266662598,,,,,,
2010-04-14,9.668015480041504,,,,,,
2010-04-15,9.71243953704834,,,,,,
2010-04-16,9.583207130432127,,,,,,
2010-04-19,9.603399276733398,,,,,,
2010-04-20,9.655899047851562,,,,,,
2010-04-21,9.676090240478516,,,,,,
2010-04-22,9.700321197509766,,,,,,
2010-04-23,9.724550247192385,,,,,,
2010-04-26,9.71243953704834,,,,,,
2010-04-27,9.522634506225586,,,,,,
2010-04-28,9.550901412963867,,,,,,
2010-04-29,9.647820472717283,,,,,,
2010-04-30,9.445900917053224,,,,,,
2010-05-03,9.5751314163208,,,,,,
2010-05-04,9.300515174865724,,,,,,
2010-05-05,9.260132789611816,,,,,,
2010-05-06,8.981478691101074,,,,,,
2010-05-07,8.783597946166992,,,,,,
2010-05-10,9.187439918518066,,,,,,
2010-05-11,9.126861572265623,,,,,,
2010-05-12,9.365132331848145,,,,,,
2010-05-13,9.227825164794922,,,,,,
2010-05-14,9.050135612487791,,,,,,
2010-05-17,9.094552040100098,,,,,,
2010-05-18,8.95725154876709,,,,,,
2010-05-19,8.888596534729004,,,,,,
2010-05-20,8.60590934753418,,,,,,
2010-05-21,8.670519828796387,,,,,,
2010-05-24,8.630136489868164,,,,,,
2010-05-25,8.60590934753418,,,,,,
2010-05-26,8.521100044250488,,,,,,
2010-05-27,8.811863899230957,,,,,,
2010-05-28,8.73917293548584,,,,,,
2010-06-01,8.654369354248047,,,,,,
2010-06-02,8.848212242126465,,,,,,
2010-06-03,8.937055587768555,,,,,,
2010-06-04,8.650325775146484,,,,,,
2010-06-07,8.52513599395752,,,,,,
2010-06-08,8.541292190551758,,,,,,
2010-06-09,8.496869087219238,,,,,,
2010-06-10,8.702828407287598,,,,,,
2010-06-11,8.779556274414062,,,,,,
2010-06-14,8.763401985168457,,,,,,
2010-06-15,8.993599891662598,,,,,,
2010-06-16,9.017826080322266,,,,,,
2010-06-17,9.050135612487791,,,,,,
2010-06-18,9.049726486206056,,,,,,
2010-06-21,8.984881401062012,,,,,,
2010-06-22,8.907881736755371,,,,,,
2010-06-23,8.891671180725098,,,,,,
2010-06-24,8.713349342346191,,,,,,
2010-06-25,8.705249786376953,,,,,,
2010-06-28,8.72145938873291,,,,,,
2010-06-29,8.39724349975586,,,,,,
2010-06-30,8.267552375793457,,,,,,
2010-07-01,8.235130310058594,,,,,,
2010-07-02,8.222973823547363,,,,,,
2010-07-06,8.30402660369873,,,,,,
2010-07-07,8.57150650024414,,,,,,
2010-07-08,8.624192237854004,,,,,,
2010-07-09,8.668769836425781,,,,,,
2010-07-12,8.709297180175781,,,,,,
2010-07-13,8.834938049316406,,,,,,
2010-07-14,8.887618064880371,,,,,,
2010-07-15,8.915989875793457,,,,,,
2010-07-16,8.660669326782227,,,,,,
2010-07-19,8.745773315429688,,,,,,
2010-07-20,8.802512168884277,,,,,,
2010-07-21,8.697142601013184,,,,,,
2010-07-22,8.932198524475098,,,,,,
2010-07-23,8.992993354797363,,,,,,
2010-07-26,9.049726486206056,,,,,,
2010-07-27,9.074047088623049,,,,,,
2010-07-28,9.00109577178955,,,,,,
2010-07-29,8.920042991638184,,,,,,
2010-07-30,8.883565902709961,,,,,,
2010-08-02,9.069991111755373,,,,,,
2010-08-03,9.021358489990234,,,,,,
2010-08-04,9.094307899475098,,,,,,
2010-08-05,9.053781509399414,,,,,,
2010-08-06,9.029465675354004,,,,,,
2010-08-09,9.090253829956056,,,,,,
2010-08-10,8.997045516967773,,,,,,
2010-08-11,8.782248497009277,,,,,,
2010-08-12,8.660669326782227,,,,,,
2010-08-13,8.620138168334961,,,,,,
2010-08-16,8.636351585388184,,,,,,
2010-08-17,8.729560852050781,,,,,,
2010-08-18,8.778199195861816,,,,,,
2010-08-19,8.672823905944824,,,,,,
2010-08-20,8.65256118774414,,,,,,
2010-08-23,8.575556755065918,,,,,,
2010-08-24,8.458029747009277,,,,,,
2010-08-25,8.510717391967773,,,,,,
2010-08-26,8.425606727600098,,,,,,
2010-08-27,8.526928901672363,,,,,,
2010-08-30,8.4134521484375,,,,,,
2010-08-31,8.385078430175781,,,,,,
2010-09-01,8.599874496459961,,,,,,
2010-09-02,8.67687702178955,,,,,,
2010-09-03,8.80656623840332,,,,,,
2010-09-07,8.733617782592773,,,,,,
2010-09-08,8.782248497009277,,,,,,
2010-09-09,8.80656623840332,,,,,,
2010-09-10,8.810615539550781,,,,,,
2010-09-13,8.968674659729004,,,,,,
2010-09-14,9.005147933959961,,,,,,
2010-09-15,9.061887741088867,,,,,,
2010-09-16,9.11457347869873,,,,,,
2010-09-17,9.16379165649414,,,,,,
2010-09-20,9.298009872436523,,,,,,
2010-09-21,9.281740188598633,,,,,,
2010-09-22,9.2369966506958,,,,,,
2010-09-23,9.224796295166016,,,,,,
2010-09-24,9.403763771057127,,,,,,
2010-09-27,9.407828330993652,,,,,,
2010-09-28,9.420024871826172,,,,,,
2010-09-29,9.399691581726074,,,,,,
2010-09-30,9.36309051513672,,,,,,
2010-10-01,9.36715316772461,,,,,,
2010-10-04,9.289875984191896,,,,,,
2010-10-05,9.472908020019531,,,,,,
2010-10-06,9.4281644821167,,,,,,
2010-10-07,9.4281644821167,,,,,,
2010-10-08,9.48104190826416,,,,,,
2010-10-11,9.497313499450684,,,,,,
2010-10-12,9.554254531860352,,,,,,
2010-10-13,9.631535530090332,,,,,,
2010-10-14,9.635601043701172,,,,,,
2010-10-15,9.798299789428713,,,,,,
2010-10-18,9.863375663757324,,,,,,
2010-10-19,9.688478469848633,,,,,,
2010-10-20,9.769826889038086,,,,,,
2010-10-21,9.777958869934082,,,,,,
2010-10-22,9.806436538696287,,,,,,
2010-10-25,9.834904670715332,,,,,,
2010-10-26,9.859302520751951,,,,,,
2010-10-27,9.887774467468262,,,,,,
2010-10-28,9.887774467468262,,,,,,
2010-10-29,9.90404987335205,,,,,,
2010-11-01,9.91218376159668,,,,,,
2010-11-02,10.009800910949709,,,,,,
2010-11-03,10.066741943359377,,,,,,
2010-11-04,10.21723747253418,,,,,,
2010-11-05,10.209101676940918,,,,,,
2010-11-08,10.21723747253418,,,,,,
2010-11-09,10.188761711120604,,,,,,
2010-11-10,10.19690227508545,,,,,,
2010-11-11,10.042336463928224,,,,,,
2010-11-12,9.899977684020996,,,,,,
2010-11-15,9.871512413024902,,,,,,
2010-11-16,9.692544937133787,,,,,,
2010-11-17,9.696612358093262,,,,,,
2010-11-18,9.859302520751951,,,,,,
2010-11-19,9.887774467468262,,,,,,
2010-11-22,9.944724082946776,,,,,,
2010-11-23,9.798299789428713,,,,,,
2010-11-24,9.960993766784668,,,,,,
2010-11-26,9.863375663757324,,,,,,
2010-11-29,9.838970184326172,,,,,,
2010-11-30,9.741352081298828,,,,,,
2010-12-01,9.948787689208984,,,,,,
2010-12-02,10.066741943359377,,,,,,
2010-12-03,10.091148376464844,,,,,,
2010-12-06,10.091148376464844,,,,,,
2010-12-07,10.103348731994627,,,,,,
2010-12-08,10.188761711120604,,,,,,
2010-12-09,10.19690227508545,,,,,,
2010-12-10,10.24570655822754,,,,,,
2010-12-13,10.225372314453123,,,,,,
2010-12-14,10.2416410446167,,,,,,
2010-12-15,10.200968742370604,,,,,,
2010-12-16,10.21723747253418,,,,,,
2010-12-17,10.23764705657959,,,,,,
2010-12-20,10.245809555053713,,,,,,
2010-12-21,10.30704402923584,,,,,,
2010-12-22,10.294795036315918,,,,,,
2010-12-23,10.290712356567385,,,,,,
2010-12-27,10.31112575531006,,,,,,
2010-12-28,10.298877716064451,,,,,,
2010-12-29,10.31928539276123,,,,,,
2010-12-30,10.294795036315918,,,,,,
2010-12-31,10.282547950744627,,,,,,
2011-01-03,10.396843910217283,,,,,,
2011-01-04,10.437664031982422,,,,,,
2011-01-05,10.498892784118652,,,,,,
2011-01-06,10.5601224899292,,,,,,
2011-01-07,10.51113510131836,,,,,,
2011-01-10,10.519304275512695,,,,,,
2011-01-11,10.502975463867188,,,,,,
2011-01-12,10.596861839294434,,,,,,
2011-01-13,10.58869743347168,,,,,,
2011-01-14,10.682584762573242,,,,,,
2011-01-18,10.694832801818848,,,,,,
2011-01-19,10.61727237701416,,,,,,
2011-01-20,10.5601224899292,,,,,,
2011-01-21,10.498892784118652,,,,,,
2011-01-24,10.645846366882324,,,,,,
2011-01-25,10.694832801818848,,,,,,
2011-01-26,10.756062507629396,,,,,,
2011-01-27,10.792797088623049,,,,,,
2011-01-28,10.543795585632324,,,,,,
2011-01-31,10.60910701751709,,,,,,
2011-02-01,10.78871726989746,,,,,,
2011-02-02,10.809125900268556,,,,,,
2011-02-03,10.82545566558838,,,,,,
2011-02-04,10.894850730895996,,,,,,
2011-02-07,10.94791316986084,,,,,,
2011-02-08,10.99281406402588,,,,,,
2011-02-09,10.972405433654783,,,,,,
2011-02-10,10.923423767089844,,,,,,
2011-02-11,10.980566024780272,,,,,,
2011-02-14,10.996895790100098,,,,,,
2011-02-15,10.956077575683594,,,,,,
2011-02-16,11.017304420471191,,,,,,
2011-02-17,11.0377197265625,,,,,,
2011-02-18,11.021387100219728,,,,,,
2011-02-22,10.751983642578123,,,,,,
2011-02-23,10.625435829162598,,,,,,
2011-02-24,10.662175178527832,,,,,,
2011-02-25,10.796879768371582,,,,,,
2011-02-28,10.841777801513672,,,,,,
2011-03-01,10.633597373962402,,,,,,
2011-03-02,10.6989107131958,,,,,,
2011-03-03,10.870356559753418,,,,,,
2011-03-04,10.784634590148926,,,,,,
2011-03-07,10.645846366882324,,,,,,
2011-03-08,10.735650062561035,,,,,,
2011-03-09,10.69074821472168,,,,,,
2011-03-10,10.490729331970217,,,,,,
2011-03-11,10.531549453735352,,,,,,
2011-03-14,10.482566833496094,,,,,,
2011-03-15,10.327452659606934,,,,,,
2011-03-16,10.074365615844728,,,,,,
2011-03-17,10.180496215820312,,,,,,
2011-03-18,10.198518753051758,,,,,,
2011-03-21,10.370545387268066,,,,,,
2011-03-22,10.354161262512209,,,,,,
2011-03-23,10.411500930786133,,,,,,
2011-03-24,10.575332641601562,,,,,,
2011-03-25,10.599905967712402,,,,,,
2011-03-28,10.575332641601562,,,,,,
2011-03-29,10.649054527282717,,,,,,
2011-03-30,10.694108963012695,,,,,,
2011-03-31,10.673627853393556,,,,,,
2011-04-01,10.653152465820312,,,,,,
2011-04-04,10.616290092468262,,,,,,
2011-04-05,10.599905967712402,,,,,,
2011-04-06,10.677725791931152,,,,,,
2011-04-07,10.681821823120115,,,,,,
2011-04-08,10.620384216308594,,,,,,
2011-04-11,10.60400104522705,,,,,,
2011-04-12,10.517990112304688,,,,,,
2011-04-13,10.583521842956545,,,,,,
2011-04-14,10.563047409057615,,,,,,
2011-04-15,10.542566299438477,,,,,,
2011-04-18,10.448362350463867,,,,,,
2011-04-19,10.47702980041504,,,,,,
2011-04-20,10.698205947875977,,,,,,
2011-04-21,10.79240894317627,,,,,,
2011-04-25,10.800601959228516,,,,,,
2011-04-26,10.890707969665527,,,,,,
2011-04-27,10.9562406539917,,,,,,
2011-04-28,10.96034049987793,,,,,,
2011-04-29,10.952141761779783,,,,,,
2011-05-02,10.911185264587402,,,,,,
2011-05-03,10.91528034210205,,,,,,
2011-05-04,10.882516860961914,,,,,,
2011-05-05,10.825176239013672,,,,,,
2011-05-06,10.84565258026123,,,,,,
2011-05-09,10.890707969665527,,,,,,
2011-05-10,10.989006996154783,,,,,,
2011-05-11,10.890707969665527,,,,,,
2011-05-12,10.972622871398926,,,,,,
2011-05-13,10.837464332580566,,,,,,
2011-05-16,10.681821823120115,,,,,,
2011-05-17,10.681821823120115,,,,,,
2011-05-18,10.759639739990234,,,,,,
2011-05-19,10.780121803283691,,,,,,
2011-05-20,10.718683242797852,,,,,,
2011-05-23,10.567143440246582,,,,,,
2011-05-24,10.53437328338623,,,,,,
2011-05-25,10.567143440246582,,,,,,
2011-05-26,10.636770248413086,,,,,,
2011-05-27,10.690013885498049,,,,,,
2011-05-31,10.837464332580566,,,,,,
2011-06-01,10.612191200256348,,,,,,
2011-06-02,10.620384216308594,,,,,,
2011-06-03,10.460650444030762,,,,,,
2011-06-06,10.38282871246338,,,,,,
2011-06-07,10.350068092346191,,,,,,
2011-06-08,10.280435562133787,,,,,,
2011-06-09,10.288626670837402,,,,,,
2011-06-10,10.145273208618164,,,,,,
2011-06-13,10.15346622467041,,,,,,
2011-06-14,10.280435562133787,,,,,,
2011-06-15,10.087932586669922,,,,,,
2011-06-16,10.063356399536133,,,,,,
2011-06-17,10.054314613342283,,,,,,
2011-06-20,10.091320991516112,,,,,,
2011-06-21,10.272257804870604,,,,,,
2011-06-22,10.198237419128418,,,,,,
2011-06-23,10.268144607543944,,,,,,
2011-06-24,10.091320991516112,,,,,,
2011-06-27,10.227023124694824,,,,,,
2011-06-28,10.35450267791748,,,,,,
2011-06-29,10.43674373626709,,,,,,
2011-06-30,10.56833839416504,,,,,,
2011-07-01,10.741049766540527,,,,,,
2011-07-05,10.75749683380127,,,,,,
2011-07-06,10.806839942932127,,,,,,
2011-07-07,10.938433647155762,,,,,,
2011-07-08,10.88497543334961,,,,,,
2011-07-11,10.704041481018066,,,,,,
2011-07-12,10.609457969665527,,,,,,
2011-07-13,10.63413143157959,,,,,,
2011-07-14,10.543663024902344,,,,,,
2011-07-15,10.658804893493652,,,,,,
2011-07-18,10.621796607971191,,,,,,
2011-07-19,10.876751899719238,,,,,,
2011-07-20,10.843856811523438,,,,,,
2011-07-21,10.89320182800293,,,,,,
2011-07-22,10.987780570983888,,,,,,
2011-07-25,10.95899486541748,,,,,,
2011-07-26,11.008340835571287,,,,,,
2011-07-27,10.7163724899292,,,,,,
2011-07-28,10.699928283691406,,,,,,
2011-07-29,10.613571166992188,,,,,,
2011-08-01,10.60534381866455,,,,,,
2011-08-02,10.383289337158203,,,,,,
2011-08-03,10.49020290374756,,,,,,
2011-08-04,10.06664752960205,,,,,,
2011-08-05,10.004961967468262,,,,,,
2011-08-08,9.441594123840332,,,,,,
2011-08-09,9.87337589263916,,,,,,
2011-08-10,9.486825942993164,,,,,,
2011-08-11,9.848706245422363,,,,,,
2011-08-12,9.918608665466309,,,,,,
2011-08-15,10.095431327819824,,,,,,
2011-08-16,10.021417617797852,,,,,,
2011-08-17,9.97618007659912,,,,,,
2011-08-18,9.490942001342772,,,,,,
2011-08-19,9.260655403137209,,,,,,
2011-08-22,9.310002326965332,,,,,,
2011-08-23,9.651312828063965,,,,,,
2011-08-24,9.737672805786133,,,,,,
2011-08-25,9.597858428955078,,,,,,
2011-08-26,9.78701877593994,,,,,,
2011-08-29,10.033746719360352,,,,,,
2011-08-30,10.074871063232422,,,,,,
2011-08-31,10.050200462341309,,,,,,
2011-09-01,9.939172744750977,,,,,,
2011-09-02,9.713004112243652,,,,,,
2011-09-06,9.667764663696287,,,,,,
2011-09-07,9.918608665466309,,,,,,
2011-09-08,9.869263648986816,,,,,,
2011-09-09,9.659542083740234,,,,,,
2011-09-12,9.774682998657228,,,,,,
2011-09-13,9.889822006225586,,,,,,
2011-09-14,10.037863731384276,,,,,,
2011-09-15,10.198237419128418,,,,,,
2011-09-16,10.3113431930542,,,,,,
2011-09-19,10.28657341003418,,,,,,
2011-09-20,10.261808395385742,,,,,,
2011-09-21,10.1090726852417,,,,,,
2011-09-22,9.795363426208496,,,,,,
2011-09-23,9.906811714172363,,,,,,
2011-09-26,10.030649185180664,,,,,,
2011-09-27,10.158613204956056,,,,,,
2011-09-28,10.014138221740724,,,,,,
2011-09-29,9.99349880218506,,,,,,
2011-09-30,9.74169921875,,,,,,
2011-10-03,9.522923469543455,,,,,,
2011-10-04,9.716930389404297,,,,,,
2011-10-05,9.919197082519531,,,,,,
2011-10-06,10.067798614501951,,,,,,
2011-10-07,10.030649185180664,,,,,,
2011-10-10,10.34023380279541,,,,,,
2011-10-11,10.38564109802246,,,,,,
2011-10-12,10.431048393249512,,,,,,
2011-10-13,10.546628952026367,,,,,,
2011-10-14,10.732379913330078,,,,,,
2011-10-17,10.56313705444336,,,,,,
2011-10-18,10.658079147338867,,,,,,
2011-10-19,10.45168685913086,,,,,,
2011-10-20,10.406282424926758,,,,,,
2011-10-21,10.538372039794922,,,,,,
2011-10-24,10.703490257263184,,,,,,
2011-10-25,10.5342435836792,,,,,,
2011-10-26,10.579651832580566,,,,,,
2011-10-27,10.8933687210083,,,,,,
2011-10-28,10.930519104003906,,,,,,
2011-10-31,10.7365083694458,,,,,,
2011-11-01,10.43930435180664,,,,,,
2011-11-02,10.567267417907717,,,,,,
2011-11-03,10.819064140319824,,,,,,
2011-11-04,10.753022193908691,,,,,,
2011-11-07,10.819064140319824,,,,,,
2011-11-08,10.942900657653809,,,,,,
2011-11-09,10.56313705444336,,,,,,
2011-11-10,10.596161842346191,,,,,,
2011-11-11,10.798425674438477,,,,,,
2011-11-14,10.715871810913086,,,,,,
2011-11-15,10.86034107208252,,,,,,
2011-11-16,10.699357986450195,,,,,,
2011-11-17,10.492966651916504,,,,,,
2011-11-18,10.406282424926758,,,,,,
2011-11-21,10.224658012390137,,,,,,
2011-11-22,10.208141326904297,,,,,,
2011-11-23,9.964603424072266,,,,,,
2011-11-25,9.91094207763672,,,,,,
2011-11-28,10.23703670501709,,,,,,
2011-11-29,10.183378219604492,,,,,,
2011-11-30,10.575525283813477,,,,,,
2011-12-01,10.633312225341797,,,,,,
2011-12-02,10.6250581741333,,,,,,
2011-12-05,10.744766235351562,,,,,,
2011-12-06,10.740635871887209,,,,,,
2011-12-07,10.753022193908691,,,,,,
2011-12-08,10.583780288696287,,,,,,
2011-12-09,10.74889087677002,,,,,,
2011-12-12,10.6126708984375,,,,,,
2011-12-13,10.513604164123535,,,,,,
2011-12-14,10.352620124816896,,,,,,
2011-12-15,10.327851295471191,,,,,,
2011-12-16,10.356462478637695,,,,,,
2011-12-19,10.256956100463867,,,,,,
2011-12-20,10.547170639038086,,,,,,
2011-12-21,10.373043060302734,,,,,,
2011-12-22,10.49327278137207,,,,,,
2011-12-23,10.59692096710205,,,,,,
2011-12-27,10.613505363464355,,,,,,
2011-12-28,10.505711555480955,,,,,,
2011-12-29,10.58448314666748,,,,,,
2011-12-30,10.551314353942873,,,,,,
2012-01-03,10.700565338134766,,,,,,
2012-01-04,10.729588508605955,,,,,,
2012-01-05,10.7627592086792,,,,,,
2012-01-06,10.766900062561035,,,,,,
2012-01-09,10.750323295593262,,,,,,
2012-01-10,10.787631034851074,,,,,,
2012-01-11,10.820801734924316,,,,,,
2012-01-12,10.874695777893066,,,,,,
2012-01-13,10.812506675720217,,,,,,
2012-01-17,10.862259864807127,,,,,,
2012-01-18,11.019800186157228,,,,,,
2012-01-19,11.098570823669434,,,,,,
2012-01-20,11.111013412475586,,,,,,
2012-01-23,11.148326873779297,,,,,,
2012-01-24,11.14003562927246,,,,,,
2012-01-25,11.227099418640137,,,,,,
2012-01-26,11.152473449707031,,,,,,
2012-01-27,11.152473449707031,,,,,,
2012-01-30,11.185640335083008,,,,,,
2012-01-31,11.20637035369873,,,,,,
2012-02-01,11.318307876586914,,,,,,
2012-02-02,11.347331047058104,,,,,,
2012-02-03,11.492435455322266,,,,,,
2012-02-06,11.496582984924316,,,,,,
2012-02-07,11.525604248046877,,,,,,
2012-02-08,11.596086502075195,,,,,,
2012-02-09,11.70802116394043,,,,,,
2012-02-10,11.62095832824707,,,,,,
2012-02-13,11.695584297180176,,,,,,
2012-02-14,11.716312408447266,,,,,,
2012-02-15,11.654126167297363,,,,,,
2012-02-16,11.82410717010498,,,,,,
2012-02-17,11.82410717010498,,,,,,
2012-02-21,11.873857498168944,,,,,,
2012-02-22,11.832398414611816,,,,,,
2012-02-23,11.878003120422363,,,,,,
2012-02-24,11.948484420776367,,,,,,
2012-02-27,11.96921730041504,,,,,,
2012-02-28,12.05627727508545,,,,,,
2012-02-29,12.002376556396484,,,,,,
2012-03-01,12.07286548614502,,,,,,
2012-03-02,12.05627727508545,,,,,,
2012-03-05,11.952630996704102,,,,,,
2012-03-06,11.836545944213867,,,,,,
2012-03-07,11.923609733581545,,,,,,
2012-03-08,12.043837547302246,,,,,,
2012-03-09,12.097738265991213,,,,,,
2012-03-12,12.114320755004885,,,,,,
2012-03-13,12.354781150817873,,,,,,
2012-03-14,12.400386810302734,,,,,,
2012-03-15,12.433555603027344,,,,,,
2012-03-16,12.42773151397705,,,,,,
2012-03-19,12.51923370361328,,,,,,
2012-03-20,12.506757736206056,,,,,,
2012-03-21,12.502593994140623,,,,,,
2012-03-22,12.47348403930664,,,,,,
2012-03-23,12.47348403930664,,,,,,
2012-03-26,12.656489372253418,,,,,,
2012-03-27,12.652332305908203,,,,,,
2012-03-28,12.60658073425293,,,,,,
2012-03-29,12.581622123718262,,,,,,
2012-03-30,12.544188499450684,,,,,,
2012-04-02,12.677285194396973,,,,,,
2012-04-03,12.66896629333496,,,,,,
2012-04-04,12.51923370361328,,,,,,
2012-04-05,12.548349380493164,,,,,,
2012-04-09,12.461003303527832,,,,,,
2012-04-10,12.286319732666016,,,,,,
2012-04-11,12.357028007507324,,,,,,
2012-04-12,12.510915756225586,,,,,,
2012-04-13,12.31543254852295,,,,,,
2012-04-16,12.186497688293455,,,,,,
2012-04-17,12.452686309814451,,,,,,
2012-04-18,12.36118507385254,,,,,,
2012-04-19,12.223929405212402,,,,,,
2012-04-20,12.178181648254396,,,,,,
2012-04-23,12.082514762878418,,,,,,
2012-04-24,12.05756378173828,,,,,,
2012-04-25,12.398614883422852,,,,,,
2012-04-26,12.49427890777588,,,,,,
2012-04-27,12.49012279510498,,,,,,
2012-04-30,12.402777671813965,,,,,,
2012-05-01,12.44436740875244,,,,,,
2012-05-02,12.452686309814451,,,,,,
2012-05-03,12.348708152770996,,,,,,
2012-05-04,12.09083366394043,,,,,,
2012-05-07,12.05756378173828,,,,,,
2012-05-08,12.015971183776855,,,,,,
2012-05-09,12.015971183776855,,,,,,
2012-05-10,11.924468994140623,,,,,,
2012-05-11,11.932788848876951,,,,,,
2012-05-14,11.82880687713623,,,,,,
2012-05-15,11.795531272888184,,,,,,
2012-05-16,11.699867248535156,,,,,,
2012-05-17,11.533502578735352,,,,,,
2012-05-18,11.425358772277832,,,,,,
2012-05-21,11.708189010620115,,,,,,
2012-05-22,11.670754432678224,,,,,,
2012-05-23,11.683237075805664,,,,,,
2012-05-24,11.616686820983888,,,,,,
2012-05-25,11.591732025146484,,,,,,
2012-05-29,11.745620727539062,,,,,,
2012-05-30,11.670754432678224,,,,,,
2012-05-31,11.616686820983888,,,,,,
2012-06-01,11.313065528869627,,,,,,
2012-06-04,11.37961196899414,,,,,,
2012-06-05,11.450316429138184,,,,,,
2012-06-06,11.71234893798828,,,,,,
2012-06-07,11.654118537902832,,,,,,
2012-06-08,11.78304958343506,,,,,,
2012-06-11,11.616686820983888,,,,,,
2012-06-12,11.73314380645752,,,,,,
2012-06-13,11.662436485290527,,,,,,
2012-06-14,11.720664978027344,,,,,,
2012-06-15,11.84550952911377,,,,,,
2012-06-18,11.933194160461426,,,,,,
2012-06-19,12.025046348571776,,,,,,
2012-06-20,12.045927047729492,,,,,,
2012-06-21,11.762002944946287,,,,,,
2012-06-22,11.891437530517578,,,,,,
2012-06-25,11.649267196655272,,,,,,
2012-06-26,11.695199012756348,,,,,,
2012-06-27,11.766180992126465,,,,,,
2012-06-28,11.670145988464355,,,,,,
2012-06-29,11.99582290649414,,,,,,
2012-07-02,12.062630653381348,,,,,,
2012-07-03,12.158666610717772,,,,,,
2012-07-05,12.158666610717772,,,,,,
2012-07-06,11.979121208190918,,,,,,
2012-07-09,11.95406723022461,,,,,,
2012-07-10,11.82045555114746,,,,,,
2012-07-11,11.766180992126465,,,,,,
2012-07-12,11.649267196655272,,,,,,
2012-07-13,11.803755760192873,,,,,,
2012-07-16,11.791230201721191,,,,,,
2012-07-17,11.837157249450684,,,,,,
2012-07-18,12.041747093200684,,,,,,
2012-07-19,12.146135330200195,,,,,,
2012-07-20,12.00834846496582,,,,,,
2012-07-23,11.891437530517578,,,,,,
2012-07-24,11.770355224609377,,,,,,
2012-07-25,11.7244234085083,,,,,,
2012-07-26,11.903964042663574,,,,,,
2012-07-27,12.162839889526367,,,,,,
2012-07-30,12.167006492614746,,,,,,
2012-07-31,12.217119216918944,,,,,,
2012-08-01,12.175362586975098,,,,,,
2012-08-02,12.096031188964844,,,,,,
2012-08-03,12.334027290344238,,,,,,
2012-08-06,12.421707153320312,,,,,,
2012-08-07,12.505221366882324,,,,,,
2012-08-08,12.509390830993652,,,,,,
2012-08-09,12.551146507263184,,,,,,
2012-08-10,12.580370903015137,,,,,,
2012-08-13,12.617949485778809,,,,,,
2012-08-14,12.592899322509766,,,,,,
2012-08-15,12.597076416015623,,,,,,
2012-08-16,12.768265724182127,,,,,,
2012-08-17,12.839247703552246,,,,,,
2012-08-20,12.85177230834961,,,,,,
2012-08-21,12.768265724182127,,,,,,
2012-08-22,12.789143562316896,,,,,,
2012-08-23,12.684757232666016,,,,,,
2012-08-24,12.764090538024902,,,,,,
2012-08-27,12.776616096496582,,,,,,
2012-08-28,12.747386932373049,,,,,,
2012-08-29,12.772438049316406,,,,,,
2012-08-30,12.630478858947754,,,,,,
2012-08-31,12.730684280395508,,,,,,
2012-09-04,12.730684280395508,,,,,,
2012-09-05,12.718158721923828,,,,,,
2012-09-06,13.00208568572998,,,,,,
2012-09-07,12.981207847595217,,,,,,
2012-09-10,12.84342098236084,,,,,,
2012-09-11,12.876822471618652,,,,,,
2012-09-12,12.947805404663086,,,,,,
2012-09-13,13.123170852661133,,,,,,
2012-09-14,13.18580436706543,,,,,,
2012-09-17,13.19832992553711,,,,,,
2012-09-18,13.206677436828612,,,,,,
2012-09-19,13.21920394897461,,,,,,
2012-09-20,13.194150924682615,,,,,,
2012-09-21,13.21092414855957,,,,,,
2012-09-24,13.127070426940918,,,,,,
2012-09-25,12.942593574523926,,,,,,
2012-09-26,12.85035228729248,,,,,,
2012-09-27,13.018062591552734,,,,,,
2012-09-28,12.925822257995604,,,,,,
2012-10-01,12.896475791931152,,,,,,
2012-10-02,12.91324234008789,,,,,,
2012-10-03,12.980327606201172,,,,,,
2012-10-04,13.018062591552734,,,,,,
2012-10-05,12.950976371765137,,,,,,
2012-10-08,12.816818237304688,,,,,,
2012-10-09,12.653305053710938,,,,,,
2012-10-10,12.602993965148926,,,,,,
2012-10-11,12.552680015563965,,,,,,
2012-10-12,12.544299125671388,,,,,,
2012-10-15,12.607186317443848,,,,,,
2012-10-16,12.779083251953123,,,,,,
2012-10-17,12.71200180053711,,,,,,
2012-10-18,12.565260887145996,,,,,,
2012-10-19,12.280166625976562,,,,,,
2012-10-22,12.364013671875,,,,,,
2012-10-23,12.229852676391602,,,,,,
2012-10-24,12.158576011657717,,,,,,
2012-10-25,12.133420944213867,,,,,,
2012-10-26,12.154383659362791,,,,,,
2012-10-31,12.104071617126465,,,,,,
2012-11-01,12.301127433776855,,,,,,
2012-11-02,12.141804695129396,,,,,,
2012-11-05,12.20889377593994,,,,,,
2012-11-06,12.263389587402344,,,,,,
2012-11-07,11.95732879638672,,,,,,
2012-11-08,11.785435676574709,,,,,,
2012-11-09,11.839938163757324,,,,,,
2012-11-12,11.82316780090332,,,,,,
2012-11-13,11.764470100402832,,,,,,
2012-11-14,11.647077560424805,,,,,,
2012-11-15,11.579996109008787,,,,,,
2012-11-16,11.596766471862791,,,,,,
2012-11-19,11.91540813446045,,,,,,
2012-11-20,11.865092277526855,,,,,,
2012-11-21,11.902830123901367,,,,,,
2012-11-23,12.095688819885254,,,,,,
2012-11-26,12.150187492370604,,,,,,
2012-11-27,12.095688819885254,,,,,,
2012-11-28,12.166964530944824,,,,,,
2012-11-29,12.225656509399414,,,,,,
2012-11-30,12.213082313537598,,,,,,
2012-12-03,12.19631004333496,,,,,,
2012-12-04,12.175348281860352,,,,,,
2012-12-05,12.053763389587402,,,,,,
2012-12-06,12.12503433227539,,,,,,
2012-12-07,12.06214714050293,,,,,,
2012-12-10,12.091490745544434,,,,,,
2012-12-11,12.255005836486816,,,,,,
2012-12-12,12.234044075012209,,,,,,
2012-12-13,12.145999908447266,,,,,,
2012-12-14,12.028606414794922,,,,,,
2012-12-17,12.175348281860352,,,,,,
2012-12-18,12.355631828308104,,,,,,
2012-12-19,12.292743682861328,,,,,,
2012-12-20,12.31370449066162,,,,,,
2012-12-21,12.207440376281738,,,,,,
2012-12-24,12.173707962036133,,,,,,
2012-12-26,12.106241226196287,,,,,,
2012-12-27,12.09359073638916,,,,,,
2012-12-28,11.958650588989258,,,,,,
2012-12-31,12.165275573730469,,,,,,
2013-01-02,12.570079803466797,,,,,,
2013-01-03,12.489962577819824,,,,,,
2013-01-04,12.439363479614258,,,,,,
2013-01-07,12.422492027282717,,,,,,
2013-01-08,12.376112937927246,,,,,,
2013-01-09,12.397196769714355,,,,,,
2013-01-10,12.460444450378418,,,,,,
2013-01-11,12.477313041687012,,,,,,
2013-01-14,12.397196769714355,,,,,,
2013-01-15,12.317076683044434,,,,,,
2013-01-16,12.359246253967283,,,,,,
2013-01-17,12.409846305847168,,,,,,
2013-01-18,12.392977714538574,,,,,,
2013-01-22,12.426712989807127,,,,,,
2013-01-23,12.557429313659668,,,,,,
2013-01-24,12.342377662658691,,,,,,
2013-01-25,12.35502815246582,,,,,,
2013-01-28,12.397196769714355,,,,,,
2013-01-29,12.414063453674316,,,,,,
2013-01-30,12.376112937927246,,,,,,
2013-01-31,12.397196769714355,,,,,,
2013-02-01,12.53634548187256,,,,,,
2013-02-04,12.371896743774414,,,,,,
2013-02-05,12.515263557434082,,,,,,
2013-02-06,12.51104736328125,,,,,,
2013-02-07,12.51104736328125,,,,,,
2013-02-08,12.620680809020996,,,,,,
2013-02-11,12.645981788635254,,,,,,
2013-02-12,12.603815078735352,,,,,,
2013-02-13,12.599597930908203,,,,,,
2013-02-14,12.565862655639648,,,,,,
2013-02-15,12.557429313659668,,,,,,
2013-02-19,12.641765594482422,,,,,,
2013-02-20,12.468881607055664,,,,,,
2013-02-21,12.367677688598633,,,,,,
2013-02-22,12.519481658935549,,,,,,
2013-02-25,12.342377662658691,,,,,,
2013-02-26,12.414063453674316,,,,,,
2013-02-27,12.519481658935549,,,,,,
2013-02-28,12.494178771972656,,,,,,
2013-03-01,12.515263557434082,,,,,,
2013-03-04,12.553214073181152,,,,,,
2013-03-05,12.726099967956545,,,,,,
2013-03-06,12.71766471862793,,,,,,
2013-03-07,12.747184753417969,,,,,,
2013-03-08,12.772486686706545,,,,,,
2013-03-11,12.802002906799316,,,,,,
2013-03-12,12.755619049072266,,,,,,
2013-03-13,12.747184753417969,,,,,,
2013-03-14,12.839950561523438,,,,,,
2013-03-15,12.786603927612305,,,,,,
2013-03-18,12.790837287902832,,,,,,
2013-03-19,12.773898124694824,,,,,,
2013-03-20,12.837409973144531,,,,,,
2013-03-21,12.69345474243164,,,,,,
2013-03-22,12.773898124694824,,,,,,
2013-03-25,12.744266510009766,,,,,,
2013-03-26,12.824712753295898,,,,,,
2013-03-27,12.790837287902832,,,,,,
2013-03-28,12.816243171691896,,,,,,
2013-04-01,12.731561660766602,,,,,,
2013-04-02,12.782366752624512,,,,,,
2013-04-03,12.68075466156006,,,,,,
2013-04-04,12.68498706817627,,,,,,
2013-04-05,12.587605476379396,,,,,,
2013-04-08,12.642647743225098,,,,,,
2013-04-09,12.731561660766602,,,,,,
2013-04-10,12.95596408843994,,,,,,
2013-04-11,12.913619995117188,,,,,,
2013-04-12,12.858582496643066,,,,,,
2013-04-15,12.646880149841309,,,,,,
2013-04-16,12.80354118347168,,,,,,
2013-04-17,12.541032791137695,,,,,,
2013-04-18,12.409780502319336,,,,,,
2013-04-19,12.426716804504396,,,,,,
2013-04-22,12.524096488952637,,,,,,
2013-04-23,12.659584045410156,,,,,,
2013-04-24,12.68075466156006,,,,,,
2013-04-25,12.723090171813965,,,,,,
2013-04-26,12.718859672546388,,,,,,
2013-04-29,12.900920867919922,,,,,,
2013-04-30,13.040641784667969,,,,,,
2013-05-01,12.926324844360352,,,,,,
2013-05-02,13.091447830200195,,,,,,
2013-05-03,13.2142333984375,,,,,,
2013-05-06,13.277746200561523,,,,,,
2013-05-07,13.26927661895752,,,,,,
2013-05-08,13.375128746032717,,,,,,
2013-05-09,13.33702278137207,,,,,,
2013-05-10,13.375128746032717,,,,,,
2013-05-13,13.341252326965332,,,,,,
2013-05-14,13.383594512939451,,,,,,
2013-05-15,13.425932884216309,,,,,,
2013-05-16,13.497912406921388,,,,,,
2013-05-17,13.633399963378906,,,,,,
2013-05-20,13.633399963378906,,,,,,
2013-05-21,13.591058731079102,,,,,,
2013-05-22,13.442870140075684,,,,,,
2013-05-23,13.438637733459473,,,,,,
2013-05-24,13.417466163635254,,,,,,
2013-05-28,13.48097801208496,,,,,,
2013-05-29,13.447107315063477,,,,,,
2013-05-30,13.531783103942873,,,,,,
2013-05-31,13.404762268066406,,,,,,
2013-06-03,13.472505569458008,,,,,,
2013-06-04,13.413232803344728,,,,,,
2013-06-05,13.281978607177734,,,,,,
2013-06-06,13.31161403656006,,,,,,
2013-06-07,13.43440055847168,,,,,,
2013-06-10,13.464037895202637,,,,,,
2013-06-11,13.324317932128906,,,,,,
2013-06-12,13.235405921936035,,,,,,
2013-06-13,13.387829780578612,,,,,,
2013-06-14,13.286211967468262,,,,,,
2013-06-17,13.409000396728516,,,,,,
2013-06-18,13.514850616455078,,,,,,
2013-06-19,13.358189582824709,,,,,,
2013-06-20,13.061814308166504,,,,,,
2013-06-21,12.983086585998535,,,,,,
2013-06-24,12.825640678405762,,,,,,
2013-06-25,12.932024002075195,,,,,,
2013-06-26,13.00861644744873,,,,,,
2013-06-27,13.07244873046875,,,,,,
2013-06-28,13.017128944396973,,,,,,
2013-07-01,13.08521842956543,,,,,,
2013-07-02,13.106493949890137,,,,,,
2013-07-03,13.18308925628662,,,,,,
2013-07-05,13.268198013305664,,,,,,
2013-07-08,13.259685516357422,,,,,,
2013-07-09,13.310750961303713,,,,,,
2013-07-10,13.353303909301758,,,,,,
2013-07-11,13.578835487365724,,,,,,
2013-07-12,13.587347030639648,,,,,,
2013-07-15,13.62564754486084,,,,,,
2013-07-16,13.634157180786133,,,,,,
2013-07-17,13.64692211151123,,,,,,
2013-07-18,13.61287784576416,,,,,,
2013-07-19,13.38309097290039,,,,,,
2013-07-22,13.421388626098633,,,,,,
2013-07-23,13.366071701049805,,,,,,
2013-07-24,13.45543384552002,,,,,,
2013-07-25,13.463942527770996,,,,,,
2013-07-26,13.502240180969238,,,,,,
2013-07-29,13.48096752166748,,,,,,
2013-07-30,13.54905128479004,,,,,,
2013-07-31,13.502240180969238,,,,,,
2013-08-01,13.64692211151123,,,,,,
2013-08-02,13.706498146057127,,,,,,
2013-08-05,13.736287117004396,,,,,,
2013-08-06,13.663949012756348,,,,,,
2013-08-07,13.629901885986328,,,,,,
2013-08-08,13.672456741333008,,,,,,
2013-08-09,13.604366302490234,,,,,,
2013-08-12,13.693731307983398,,,,,,
2013-08-13,13.787349700927734,,,,,,
2013-08-14,13.774580955505373,,,,,,
2013-08-15,13.553308486938477,,,,,,
2013-08-16,13.540539741516112,,,,,,
2013-08-19,13.497984886169434,,,,,,
2013-08-20,13.519262313842772,,,,,,
2013-08-21,13.48948097229004,,,,,,
2013-08-22,13.54905128479004,,,,,,
2013-08-23,13.64692211151123,,,,,,
2013-08-26,13.583097457885742,,,,,,
2013-08-27,13.344796180725098,,,,,,
2013-08-28,13.353303909301758,,,,,,
2013-08-29,13.42564582824707,,,,,,
2013-08-30,13.36181354522705,,,,,,
2013-09-03,13.374579429626465,,,,,,
2013-09-04,13.502240180969238,,,,,,
2013-09-05,13.51075267791748,,,,,,
2013-09-06,13.519262313842772,,,,,,
2013-09-09,13.680965423583984,,,,,,
2013-09-10,13.766071319580078,,,,,,
2013-09-11,13.70224380493164,,,,,,
2013-09-12,13.715010643005373,,,,,,
2013-09-13,13.727768898010254,,,,,,
2013-09-16,13.706498146057127,,,,,,
2013-09-17,13.774580955505373,,,,,,
2013-09-18,13.949051856994627,,,,,,
2013-09-19,13.95756721496582,,,,,,
2013-09-20,13.858365058898926,,,,,,
2013-09-23,13.901123046875,,,,,,
2013-09-24,13.84125518798828,,,,,,
2013-09-25,13.819875717163086,,,,,,
2013-09-26,13.871190071105955,,,,,,
2013-09-27,13.785669326782228,,,,,,
2013-09-30,13.700152397155762,,,,,,
2013-10-01,13.819875717163086,,,,,,
2013-10-02,13.82415771484375,,,,,,
2013-10-03,13.704429626464844,,,,,,
2013-10-04,13.760014533996582,,,,,,
2013-10-07,13.700152397155762,,,,,,
2013-10-08,13.48207950592041,,,,,,
2013-10-09,13.5333890914917,,,,,,
2013-10-10,13.760014533996582,,,,,,
2013-10-11,13.87546730041504,,,,,,
2013-10-14,13.922502517700195,,,,,,
2013-10-15,13.836983680725098,,,,,,
2013-10-16,13.969533920288086,,,,,,
2013-10-17,13.973814010620115,,,,,,
2013-10-18,14.213266372680664,,,,,,
2013-10-21,14.290230751037598,,,,,,
2013-10-22,14.285955429077148,,,,,,
2013-10-23,14.217540740966797,,,,,,
2013-10-24,14.251750946044922,,,,,,
2013-10-25,14.324440956115724,,,,,,
2013-10-28,14.371475219726562,,,,,,
2013-10-29,14.465548515319824,,,,,,
2013-10-30,14.435616493225098,,,,,,
2013-10-31,14.38858413696289,,,,,,
2013-11-01,14.392849922180176,,,,,,
2013-11-04,14.448445320129396,,,,,,
2013-11-05,14.409958839416504,,,,,,
2013-11-06,14.555342674255373,,,,,,
2013-11-07,14.367194175720217,,,,,,
2013-11-08,14.495481491088867,,,,,,
2013-11-11,14.512582778930664,,,,,,
2013-11-12,14.551058769226074,,,,,,
2013-11-13,14.675070762634276,,,,,,
2013-11-14,14.636588096618652,,,,,,
2013-11-15,14.666515350341797,,,,,,
2013-11-18,14.610929489135742,,,,,,
2013-11-19,14.55961799621582,,,,,,
2013-11-20,14.512582778930664,,,,,,
2013-11-21,14.636588096618652,,,,,,
2013-11-22,14.606656074523926,,,,,,
2013-11-25,14.606656074523926,,,,,,
2013-11-26,14.657968521118164,,,,,,
2013-11-27,14.773411750793455,,,,,,
2013-11-29,14.833280563354492,,,,,,
2013-12-02,14.786243438720703,,,,,,
2013-12-03,14.820446014404297,,,,,,
2013-12-04,14.833280563354492,,,,,,
2013-12-05,14.786243438720703,,,,,,
2013-12-06,14.888866424560549,,,,,,
2013-12-09,14.935907363891602,,,,,,
2013-12-10,14.905972480773926,,,,,,
2013-12-11,14.769143104553224,,,,,,
2013-12-12,14.670793533325195,,,,,,
2013-12-13,14.623759269714355,,,,,,
2013-12-16,14.769143104553224,,,,,,
2013-12-17,14.764863967895508,,,,,,
2013-12-18,14.880315780639648,,,,,,
2013-12-19,14.905972480773926,,,,,,
2013-12-20,15.022418975830078,,,,,,
2013-12-23,15.220085144042969,,,,,,
2013-12-24,15.26305866241455,,,,,,
2013-12-26,15.30172634124756,,,,,,
2013-12-27,15.288836479187012,,,,,,
2013-12-30,15.25875473022461,,,,,,
2013-12-31,15.357590675354004,,,,,,
2014-01-02,15.207192420959473,,,,,,
2014-01-03,15.134143829345703,,,,,,
2014-01-06,15.10836410522461,,,,,,
2014-01-07,15.245866775512695,,,,,,
2014-01-08,15.245866775512695,,,,,,
2014-01-09,15.147038459777832,,,,,,
2014-01-10,15.17711353302002,,,,,,
2014-01-13,15.013824462890623,,,,,,
2014-01-14,15.267348289489746,,,,,,
2014-01-15,15.452123641967772,,,,,,
2014-01-16,15.447829246520996,,,,,,
2014-01-17,15.361886024475098,,,,,,
2014-01-21,15.43923282623291,,,,,,
2014-01-22,15.422043800354004,,,,,,
2014-01-23,15.39196491241455,,,,,,
2014-01-24,15.095468521118164,,,,,,
2014-01-27,14.95366668701172,,,,,,
2014-01-28,14.86342716217041,,,,,,
2014-01-29,14.747411727905272,,,,,,
2014-01-30,14.92789077758789,,,,,,
2014-01-31,14.96225643157959,,,,,,
2014-02-03,14.648578643798828,,,,,,
2014-02-04,14.704444885253906,,,,,,
2014-02-05,14.717331886291504,,,,,,
2014-02-06,14.880615234375,,,,,,
2014-02-07,15.08258056640625,,,,,,
2014-02-10,15.112659454345703,,,,,,
2014-02-11,15.297423362731934,,,,,,
2014-02-12,15.357590675354004,,,,,,
2014-02-13,15.469311714172363,,,,,,
2014-02-14,15.499388694763184,,,,,,
2014-02-18,15.50798797607422,,,,,,
2014-02-19,15.456421852111816,,,,,,
2014-02-20,15.50798797607422,,,,,,
2014-02-21,15.447829246520996,,,,,,
2014-02-24,15.50798797607422,,,,,,
2014-02-25,15.465021133422852,,,,,,
2014-02-26,15.477906227111816,,,,,,
2014-02-27,15.602520942687988,,,,,,
2014-02-28,15.619711875915527,,,,,,
2014-03-03,15.452123641967772,,,,,,
2014-03-04,15.654082298278809,,,,,,
2014-03-05,15.675564765930176,,,,,,
2014-03-06,15.697050094604492,,,,,,
2014-03-07,15.649782180786133,,,,,,
2014-03-10,15.624011039733888,,,,,,
2014-03-11,15.589619636535645,,,,,,
2014-03-12,15.615412712097168,,,,,,
2014-03-13,15.404857635498049,,,,,,
2014-03-14,15.310325622558594,,,,,,
2014-03-17,15.490792274475098,,,,,,
2014-03-18,15.692752838134766,,,,,,
2014-03-19,15.628302574157717,,,,,,
2014-03-20,15.74862003326416,,,,,,
2014-03-21,15.669645309448242,,,,,,
2014-03-24,15.656692504882812,,,,,,
2014-03-25,15.75164031982422,,,,,,
2014-03-26,15.561758995056152,,,,,,
2014-03-27,15.505654335021973,,,,,,
2014-03-28,15.56607151031494,,,,,,
2014-03-31,15.686909675598145,,,,,,
2014-04-01,15.87247085571289,,,,,,
2014-04-02,15.881102561950684,,,,,,
2014-04-03,15.803422927856444,,,,,,
2014-04-04,15.501338005065918,,,,,,
2014-04-07,15.38050651550293,,,,,,
2014-04-08,15.51860237121582,,,,,,
2014-04-09,15.72574520111084,,,,,,
2014-04-10,15.363234519958496,,,,,,
2014-04-11,15.190628051757812,,,,,,
2014-04-14,15.341660499572754,,,,,,
2014-04-15,15.419341087341309,,,,,,
2014-04-16,15.570388793945312,,,,,,
2014-04-17,15.548810005187988,,,,,,
2014-04-21,15.609224319458008,,,,,,
2014-04-22,15.673958778381348,,,,,,
2014-04-23,15.505654335021973,,,,,,
2014-04-24,15.626489639282228,,,,,,
2014-04-25,15.427974700927734,,,,,,
2014-04-28,15.57470703125,,,,,,
2014-04-29,15.682589530944824,,,,,,
2014-04-30,15.730060577392578,,,,,,
2014-05-01,15.747328758239746,,,,,,
2014-05-02,15.704168319702148,,,,,,
2014-05-05,15.786162376403809,,,,,,
2014-05-06,15.609224319458008,,,,,,
2014-05-07,15.61785888671875,,,,,,
2014-05-08,15.661017417907717,,,,,,
2014-05-09,15.67827320098877,,,,,,
2014-05-12,15.889731407165527,,,,,,
2014-05-13,15.898366928100586,,,,,,
2014-05-14,15.82500171661377,,,,,,
2014-05-15,15.730060577392578,,,,,,
2014-05-16,15.829319953918455,,,,,,
2014-05-19,15.932891845703123,,,,,,
2014-05-20,15.842263221740724,,,,,,
2014-05-21,15.950159072875977,,,,,,
2014-05-22,15.980358123779297,,,,,,
2014-05-23,16.114147186279297,,,,,,
2014-05-27,16.25223731994629,,,,,,
2014-05-28,16.209087371826172,,,,,,
2014-05-29,16.304025650024414,,,,,,
2014-05-30,16.3212890625,,,,,,
2014-06-02,16.295391082763672,,,,,,
2014-06-03,16.269502639770508,,,,,,
2014-06-04,16.299711227416992,,,,,,
2014-06-05,16.407602310180664,,,,,,
2014-06-06,16.480966567993164,,,,,,
2014-06-09,16.532745361328125,,,,,,
2014-06-10,16.541385650634766,,,,,,
2014-06-11,16.502540588378906,,,,,,
2014-06-12,16.36012077331543,,,,,,
2014-06-13,16.45507049560547,,,,,,
2014-06-16,16.45507049560547,,,,,,
2014-06-17,16.49391746520996,,,,,,
2014-06-18,16.580224990844727,,,,,,
2014-06-19,16.550012588500977,,,,,,
2014-06-20,16.513595581054688,,,,,,
2014-06-23,16.561283111572266,,,,,,
2014-06-24,16.474576950073242,,,,,,
2014-06-25,16.53961181640625,,,,,,
2014-06-26,16.522266387939453,,,,,,
2014-06-27,16.621973037719727,,,,,,
2014-06-30,16.626314163208008,,,,,,
2014-07-01,16.795391082763672,,,,,,
2014-07-02,16.8127384185791,,,,,,
2014-07-03,16.886438369750977,,,,,,
2014-07-07,16.903779983520508,,,,,,
2014-07-08,16.752038955688477,,,,,,
2014-07-09,16.834409713745117,,,,,,
2014-07-10,16.786731719970703,,,,,,
2014-07-11,16.87343406677246,,,,,,
2014-07-14,16.994821548461914,,,,,,
2014-07-15,16.964479446411133,,,,,,
2014-07-16,17.120555877685547,,,,,,
2014-07-17,16.899444580078125,,,,,,
2014-07-18,17.103206634521484,,,,,,
2014-07-21,17.081531524658203,,,,,,
2014-07-22,17.224597930908203,,,,,,
2014-07-23,17.254945755004883,,,,,,
2014-07-24,17.241939544677734,,,,,,
2014-07-25,17.22026824951172,,,,,,
2014-07-28,17.2506103515625,,,,,,
2014-07-29,17.215932846069336,,,,,,
2014-07-30,17.233278274536133,,,,,,
2014-07-31,16.908117294311523,,,,,,
2014-08-01,16.81707191467285,,,,,,
2014-08-04,16.938465118408203,,,,,,
2014-08-05,16.778053283691406,,,,,,
2014-08-06,16.726030349731445,,,,,,
2014-08-07,16.65666389465332,,,,,,
2014-08-08,16.76504135131836,,,,,,
2014-08-11,16.847415924072266,,,,,,
2014-08-12,16.8387508392334,,,,,,
2014-08-13,17.003496170043945,,,,,,
2014-08-14,17.03384017944336,,,,,,
2014-08-15,17.03384017944336,,,,,,
2014-08-18,17.194252014160156,,,,,,
2014-08-19,17.302635192871094,,,,,,
2014-08-20,17.302635192871094,,,,,,
2014-08-21,17.385013580322266,,,,,,
2014-08-22,17.38934898376465,,,,,,
2014-08-25,17.406692504882812,,,,,,
2014-08-26,17.41535186767578,,,,,,
2014-08-27,17.411020278930664,,,,,,
2014-08-28,17.385013580322266,,,,,,
2014-08-29,17.463048934936523,,,,,,
2014-09-02,17.467384338378906,,,,,,
2014-09-03,17.372011184692383,,,,,,
2014-09-04,17.363332748413086,,,,,,
2014-09-05,17.467384338378906,,,,,,
2014-09-08,17.493396759033203,,,,,,
2014-09-09,17.36766815185547,,,,,,
2014-09-10,17.47171974182129,,,,,,
2014-09-11,17.510732650756836,,,,,,
2014-09-12,17.437034606933594,,,,,,
2014-09-15,17.33298683166504,,,,,,
2014-09-16,17.463048934936523,,,,,,
2014-09-17,17.497726440429688,,,,,,
2014-09-18,17.60177993774414,,,,,,
2014-09-19,17.564334869384766,,,,,,
2014-09-22,17.446781158447266,,,,,,
2014-09-23,17.407590866088867,,,,,,
2014-09-24,17.520797729492188,,,,,,
2014-09-25,17.13763999938965,,,,,,
2014-09-26,17.324859619140625,,,,,,
2014-09-29,17.320507049560547,,,,,,
2014-09-30,17.372756958007812,,,,,,
2014-10-01,17.10280418395996,,,,,,
2014-10-02,17.09409523010254,,,,,,
2014-10-03,17.23342514038086,,,,,,
2014-10-06,17.237781524658203,,,,,,
2014-10-07,16.967830657958984,,,,,,
2014-10-08,17.290035247802734,,,,,,
2014-10-09,17.002660751342773,,,,,,
2014-10-10,16.567251205444336,,,,,,
2014-10-13,16.38437843322754,,,,,,
2014-10-14,16.41050910949707,,,,,,
2014-10-15,16.297298431396484,,,,,,
2014-10-16,16.20151138305664,,,,,,
2014-10-17,16.393091201782227,,,,,,
2014-10-20,16.510648727416992,,,,,,
2014-10-21,16.83285903930664,,,,,,
2014-10-22,16.75447654724121,,,,,,
2014-10-23,16.941707611083984,,,,,,
2014-10-24,17.089744567871094,,,,,,
2014-10-27,17.10715675354004,,,,,,
2014-10-28,17.3422794342041,,,,,,
2014-10-29,17.324859619140625,,,,,,
2014-10-30,17.3814640045166,,,,,,
2014-10-31,17.65142059326172,,,,,,
2014-11-03,17.725440979003906,,,,,,
2014-11-04,17.721078872680664,,,,,,
2014-11-05,17.768980026245117,,,,,,
2014-11-06,17.760272979736328,,,,,,
2014-11-07,17.782039642333984,,,,,,
2014-11-10,17.829938888549805,,,,,,
2014-11-11,17.838647842407227,,,,,,
2014-11-12,17.89525032043457,,,,,,
2014-11-13,17.99104118347168,,,,,,
2014-11-14,18.117307662963867,,,,,,
2014-11-17,18.082469940185547,,,,,,
2014-11-18,18.143421173095703,,,,,,
2014-11-19,18.0258731842041,,,,,,
2014-11-20,18.117307662963867,,,,,,
2014-11-21,18.143421173095703,,,,,,
2014-11-24,18.239219665527344,,,,,,
2014-11-25,18.247926712036133,,,,,,
2014-11-26,18.413379669189453,,,,,,
2014-11-28,18.500457763671875,,,,,,
2014-12-01,18.29146957397461,,,,,,
2014-12-02,18.29582405090332,,,,,,
2014-12-03,18.361141204833984,,,,,,
2014-12-04,18.361141204833984,,,,,,
2014-12-05,18.339359283447266,,,,,,
2014-12-08,18.152135848999023,,,,,,
2014-12-09,18.147777557373047,,,,,,
2014-12-10,17.873483657836914,,,,,,
2014-12-11,17.95185089111328,,,,,,
2014-12-12,17.686254501342773,,,,,,
2014-12-15,17.577396392822266,,,,,,
2014-12-16,17.3422794342041,,,,,,
2014-12-17,17.668838500976562,,,,,,
2014-12-18,18.17390823364257,,,,,,
2014-12-19,18.194034576416016,,,,,,
2014-12-22,18.412872314453125,,,,,,
2014-12-23,18.46102333068848,,,,,,
2014-12-24,18.44351387023925,,,,,,
2014-12-26,18.52229118347168,,,,,,
2014-12-29,18.430383682250977,,,,,,
2014-12-30,18.29907989501953,,,,,,
2014-12-31,18.09775161743164,,,,,,
2015-01-02,18.06273651123047,,,,,,
2015-01-05,17.787002563476562,,,,,,
2015-01-06,17.57254981994629,,,,,,
2015-01-07,17.721351623535156,,,,,,
2015-01-08,18.110883712768555,,,,,,
2015-01-09,18.05398368835449,,,,,,
2015-01-12,17.843904495239258,,,,,,
2015-01-13,17.83077049255371,,,,,,
2015-01-14,17.730106353759766,,,,,,
2015-01-15,17.502521514892578,,,,,,
2015-01-16,17.67321014404297,,,,,,
2015-01-20,17.822021484375,,,,,,
2015-01-21,17.852651596069336,,,,,,
2015-01-22,18.14589500427246,,,,,,
2015-01-23,18.14151763916016,,,,,,
2015-01-26,18.067110061645508,,,,,,
2015-01-27,17.54628562927246,,,,,,
2015-01-28,17.515644073486328,,,,,,
2015-01-29,17.681964874267578,,,,,,
2015-01-30,17.463123321533203,,,,,,
2015-02-02,17.6425724029541,,,,,,
2015-02-03,17.843904495239258,,,,,,
2015-02-04,17.87891960144043,,,,,,
2015-02-05,18.04523468017578,,,,,,
2015-02-06,17.98833656311035,,,,,,
2015-02-09,17.962072372436523,,,,,,
2015-02-10,18.229049682617188,,,,,,
2015-02-11,18.29907989501953,,,,,,
2015-02-12,18.548555374145508,,,,,,
2015-02-13,18.66672134399414,,,,,,
2015-02-17,18.67547035217285,,,,,,
2015-02-18,18.692989349365234,,,,,,
2015-02-19,18.75863265991211,,,,,,
2015-02-20,18.854923248291016,,,,,,
2015-02-23,18.86805534362793,,,,,,
2015-02-24,18.92495346069336,,,,,,
2015-02-25,18.806781768798828,,,,,,
2015-02-26,18.92495346069336,,,,,,
2015-02-27,18.85930061340332,,,,,,
2015-03-02,19.00810813903809,,,,,,
2015-03-03,18.88118362426757,,,,,,
2015-03-04,18.806781768798828,,,,,,
2015-03-05,18.78489875793457,,,,,,
2015-03-06,18.55292320251465,,,,,,
2015-03-09,18.64046287536621,,,,,,
2015-03-10,18.25969123840332,,,,,,
2015-03-11,18.14151763916016,,,,,,
2015-03-12,18.25969123840332,,,,,,
2015-03-13,18.159025192260746,,,,,,
2015-03-16,18.37347984313965,,,,,,
2015-03-17,18.377864837646484,,,,,,
2015-03-18,18.62734031677246,,,,,,
2015-03-19,18.574819564819336,,,,,,
2015-03-20,18.694786071777344,,,,,,
2015-03-23,18.694786071777344,,,,,,
2015-03-24,18.633264541625977,,,,,,
2015-03-25,18.15425682067871,,,,,,
2015-03-26,18.16743469238281,,,,,,
2015-03-27,18.180614471435547,,,,,,
2015-03-30,18.40034866333008,,,,,,
2015-03-31,18.211381912231445,,,,,,
2015-04-01,18.18501281738281,,,,,,
2015-04-02,18.180614471435547,,,,,,
2015-04-06,18.35640525817871,,,,,,
2015-04-07,18.316850662231445,,,,,,
2015-04-08,18.373979568481445,,,,,,
2015-04-09,18.422319412231445,,,,,,
2015-04-10,18.492639541625977,,,,,,
2015-04-13,18.439903259277344,,,,,,
2015-04-14,18.382762908935547,,,,,,
2015-04-15,18.54536247253418,,,,,,
2015-04-16,18.479454040527344,,,,,,
2015-04-17,18.22456169128418,,,,,,
2015-04-20,18.536584854125977,,,,,,
2015-04-21,18.52779197692871,,,,,,
2015-04-22,18.716758728027344,,,,,,
2015-04-23,18.791467666625977,,,,,,
2015-04-24,18.95407485961914,,,,,,
2015-04-27,19.00680923461914,,,,,,
2015-04-28,19.068336486816406,,,,,,
2015-04-29,18.976043701171875,,,,,,
2015-04-30,18.712371826171875,,,,,,
2015-05-01,18.940881729125977,,,,,,
2015-05-04,18.958465576171875,,,,,,
2015-05-05,18.66402244567871,,,,,,
2015-05-06,18.50581932067871,,,,,,
2015-05-07,18.64204788208008,,,,,,
2015-05-08,18.910120010375977,,,,,,
2015-05-11,18.81344223022461,,,,,,
2015-05-12,18.712371826171875,,,,,,
2015-05-13,18.791467666625977,,,,,,
2015-05-14,19.094697952270508,,,,,,
2015-05-15,19.033172607421875,,,,,,
2015-05-18,19.12546730041504,,,,,,
2015-05-19,19.077119827270508,,,,,,
2015-05-20,19.090303421020508,,,,,,
2015-05-21,19.17380142211914,,,,,,
2015-05-22,19.160615921020508,,,,,,
2015-05-26,18.883758544921875,,,,,,
2015-05-27,19.239723205566406,,,,,,
2015-05-28,19.20017433166504,,,,,,
2015-05-29,19.059545516967773,,,,,,
2015-06-01,19.11227798461914,,,,,,
2015-06-02,19.07272720336914,,,,,,
2015-06-03,19.11227798461914,,,,,,
2015-06-04,18.936492919921875,,,,,,
2015-06-05,18.874971389770508,,,,,,
2015-06-08,18.66402244567871,,,,,,
2015-06-09,18.620080947875977,,,,,,
2015-06-10,18.910120010375977,,,,,,
2015-06-11,18.918914794921875,,,,,,
2015-06-12,18.751909255981445,,,,,,
2015-06-15,18.637657165527344,,,,,,
2015-06-16,18.760713577270508,,,,,,
2015-06-17,18.769500732421875,,,,,,
2015-06-18,18.936492919921875,,,,,,
2015-06-19,18.77889633178711,,,,,,
2015-06-22,18.93340110778809,,,,,,
2015-06-23,18.94664764404297,,,,,,
2015-06-24,18.858367919921875,,,,,,
2015-06-25,18.814208984375,,,,,,
2015-06-26,18.6552963256836,,,,,,
2015-06-29,18.257997512817383,,,,,,
2015-06-30,18.27565574645996,,,,,,
2015-07-01,18.399259567260746,,,,,,
2015-07-02,18.42574882507324,,,,,,
2015-07-06,18.350698471069336,,,,,,
2015-07-07,18.37718772888184,,,,,,
2015-07-08,18.07701110839844,,,,,,
2015-07-09,18.006378173828125,,,,,,
2015-07-10,18.29331398010254,,,,,,
2015-07-13,18.57141876220703,,,,,,
2015-07-14,18.642053604125977,,,,,,
2015-07-15,18.64646339416504,,,,,,
2015-07-16,18.88484573364257,,,,,,
2015-07-17,19.17619514465332,,,,,,
2015-07-20,19.277727127075195,,,,,,
2015-07-21,19.14971160888672,,,,,,
2015-07-22,18.84070587158203,,,,,,
2015-07-23,18.80097007751465,,,,,,
2015-07-24,18.69943618774414,,,,,,
2015-07-27,18.53168487548828,,,,,,
2015-07-28,18.69943618774414,,,,,,
2015-07-29,18.82304000854492,,,,,,
2015-07-30,18.858367919921875,,,,,,
2015-07-31,18.79655647277832,,,,,,
2015-08-03,18.695030212402344,,,,,,
2015-08-04,18.584659576416016,,,,,,
2015-08-05,18.76565361022949,,,,,,
2015-08-06,18.580245971679688,,,,,,
2015-08-07,18.593494415283203,,,,,,
2015-08-10,18.88484573364257,,,,,,
2015-08-11,18.602325439453125,,,,,,
2015-08-12,18.68619537353516,,,,,,
2015-08-13,18.63321685791016,,,,,,
2015-08-14,18.725923538208008,,,,,,
2015-08-17,18.831871032714844,,,,,,
2015-08-18,18.734760284423828,,,,,,
2015-08-19,18.611146926879883,,,,,,
2015-08-20,18.15646171569824,,,,,,
2015-08-21,17.46339988708496,,,,,,
2015-08-24,16.77475929260254,,,,,,
2015-08-25,16.642322540283203,,,,,,
2015-08-26,17.48106575012207,,,,,,
2015-08-27,17.887189865112305,,,,,,
2015-08-28,17.922500610351562,,,,,,
2015-08-31,17.759170532226562,,,,,,
2015-09-01,17.189720153808594,,,,,,
2015-09-02,17.60466766357422,,,,,,
2015-09-03,17.617902755737305,,,,,,
2015-09-04,17.348634719848633,,,,,,
2015-09-08,17.834213256835938,,,,,,
2015-09-09,17.600244522094727,,,,,,
2015-09-10,17.776830673217773,,,,,,
2015-09-11,17.860698699951172,,,,,,
2015-09-14,17.816553115844727,,,,,,
2015-09-15,18.046112060546875,,,,,,
2015-09-16,18.12115478515625,,,,,,
2015-09-17,17.99755096435547,,,,,,
2015-09-18,17.763856887817383,,,,,,
2015-09-21,17.94123077392578,,,,,,
2015-09-22,17.639698028564453,,,,,,
2015-09-23,17.684045791625977,,,,,,
2015-09-24,17.684045791625977,,,,,,
2015-09-25,17.65300750732422,,,,,,
2015-09-28,17.249479293823242,,,,,,
2015-09-29,17.174095153808594,,,,,,
2015-09-30,17.51553726196289,,,,,,
2015-10-01,17.52440071105957,,,,,,
2015-10-02,17.772729873657227,,,,,,
2015-10-05,18.123035430908203,,,,,,
2015-10-06,18.14521026611328,,,,,,
2015-10-07,18.229463577270508,,,,,,
2015-10-08,18.31371116638184,,,,,,
2015-10-09,18.393524169921875,,,,,,
2015-10-12,18.41570281982422,,,,,,
2015-10-13,18.37579345703125,,,,,,
2015-10-14,18.340320587158203,,,,,,
2015-10-15,18.575340270996094,,,,,,
2015-10-16,18.610809326171875,,,,,,
2015-10-19,18.6817684173584,,,,,,
2015-10-20,18.63298988342285,,,,,,
2015-10-21,18.491085052490234,,,,,,
2015-10-22,18.907909393310547,,,,,,
2015-10-23,19.43559455871582,,,,,,
2015-10-26,19.36021041870117,,,,,,
2015-10-27,19.24935340881348,,,,,,
2015-10-28,19.537586212158203,,,,,,
2015-10-29,19.48437118530273,,,,,,
2015-10-30,19.35578155517578,,,,,,
2015-11-02,19.52872085571289,,,,,,
2015-11-03,19.63071250915528,,,,,,
2015-11-04,19.652881622314453,,,,,,
2015-11-05,19.59523582458496,,,,,,
2015-11-06,19.66175079345703,,,,,,
2015-11-09,19.47107696533203,,,,,,
2015-11-10,19.34247589111328,,,,,,
2015-11-11,19.333606719970703,,,,,,
2015-11-12,19.16510391235352,,,,,,
2015-11-13,18.788185119628903,,,,,,
2015-11-16,19.07641220092773,,,,,,
2015-11-17,19.080848693847656,,,,,,
2015-11-18,19.36907958984375,,,,,,
2015-11-19,19.457761764526367,,,,,,
2015-11-20,19.59966087341309,,,,,,
2015-11-23,19.48437118530273,,,,,,
2015-11-24,19.488813400268555,,,,,,
2015-11-25,19.426734924316406,,,,,,
2015-11-27,19.47107696533203,,,,,,
2015-11-30,19.493242263793945,,,,,,
2015-12-01,19.66617774963379,,,,,,
2015-12-02,19.5420150756836,,,,,,
2015-12-03,19.28926467895508,,,,,,
2015-12-04,19.763734817504883,,,,,,
2015-12-07,19.66617774963379,,,,,,
2015-12-08,19.617403030395508,,,,,,
2015-12-09,19.32917022705078,,,,,,
2015-12-10,19.38237953186035,,,,,,
2015-12-11,18.978858947753903,,,,,,
2015-12-14,19.12519836425781,,,,,,
2015-12-15,19.209449768066406,,,,,,
2015-12-16,19.47107696533203,,,,,,
2015-12-17,19.16510391235352,,,,,,
2015-12-18,18.79342460632324,,,,,,
2015-12-21,18.98505401611328,,,,,,
2015-12-22,19.12320709228516,,,,,,
2015-12-23,19.283647537231445,,,,,,
2015-12-24,19.274730682373047,,,,,,
2015-12-28,19.26136016845703,,,,,,
2015-12-29,19.524303436279297,,,,,,
2015-12-30,19.35940361022949,,,,,,
2015-12-31,19.087554931640625,,,,,,
2016-01-04,18.83798789978028,,,,,,
2016-01-05,18.788965225219727,,,,,,
2016-01-06,18.55723190307617,,,,,,
2016-01-07,18.009065628051758,,,,,,
2016-01-08,17.866458892822266,,,,,,
2016-01-11,17.98232650756836,,,,,,
2016-01-12,18.19624710083008,,,,,,
2016-01-13,17.70601463317871,,,,,,
2016-01-14,18.04025650024414,,,,,,
2016-01-15,17.532209396362305,,,,,,
2016-01-19,17.550037384033203,,,,,,
2016-01-20,17.41187858581543,,,,,,
2016-01-21,17.50992774963379,,,,,,
2016-01-22,17.995695114135742,,,,,,
2016-01-25,17.78623390197754,,,,,,
2016-01-26,17.960037231445312,,,,,,
2016-01-27,17.590147018432617,,,,,,
2016-01-28,17.817432403564453,,,,,,
2016-01-29,18.37895774841309,,,,,,
2016-02-01,18.4458065032959,,,,,,
2016-02-02,18.116024017333984,,,,,,
2016-02-03,18.09374046325684,,,,,,
2016-02-04,18.111560821533203,,,,,,
2016-02-05,17.6035099029541,,,,,,
2016-02-08,17.349489212036133,,,,,,
2016-02-09,17.269277572631836,,,,,,
2016-02-10,17.2960147857666,,,,,,
2016-02-11,17.26036262512207,,,,,,
2016-02-12,17.501014709472656,,,,,,
2016-02-16,17.81297492980957,,,,,,
2016-02-17,18.178417205810547,,,,,,
2016-02-18,18.107112884521484,,,,,,
2016-02-19,18.12047576904297,,,,,,
2016-02-22,18.361133575439453,,,,,,
2016-02-23,18.071453094482425,,,,,,
2016-02-24,18.20960998535156,,,,,,
2016-02-25,18.4368953704834,,,,,,
2016-02-26,18.38787841796875,,,,,,
2016-02-29,18.25863647460937,,,,,,
2016-03-01,18.80233383178711,,,,,,
2016-03-02,18.85581970214844,,,,,,
2016-03-03,18.85581970214844,,,,,,
2016-03-04,18.90483856201172,,,,,,
2016-03-07,18.788965225219727,,,,,,
2016-03-08,18.673099517822266,,,,,,
2016-03-09,18.833534240722656,,,,,,
2016-03-10,18.81570816040039,,,,,,
2016-03-11,19.10538673400879,,,,,,
2016-03-14,19.12766456604004,,,,,,
2016-03-15,19.1989688873291,,,,,,
2016-03-16,19.42180061340332,,,,,,
2016-03-17,19.49311065673828,,,,,,
2016-03-18,19.52446174621582,,,,,,
2016-03-21,19.591646194458008,,,,,,
2016-03-22,19.59612274169922,,,,,,
2016-03-23,19.484149932861328,,,,,,
2016-03-24,19.53790283203125,,,,,,
2016-03-28,19.488624572753903,,,,,,
2016-03-29,19.7932071685791,,,,,,
2016-03-30,19.90966796875,,,,,,
2016-03-31,19.86935806274414,,,,,,
2016-04-01,20.021642684936523,,,,,,
2016-04-04,19.945497512817383,,,,,,
2016-04-05,19.752885818481445,,,,,,
2016-04-06,19.945497512817383,,,,,,
2016-04-07,19.65882682800293,,,,,,
2016-04-08,19.65882682800293,,,,,,
2016-04-11,19.605085372924805,,,,,,
2016-04-12,19.73945617675781,,,,,,
2016-04-13,19.94102096557617,,,,,,
2016-04-14,19.93653678894043,,,,,,
2016-04-15,19.86039161682129,,,,,,
2016-04-18,19.945497512817383,,,,,,
2016-04-19,19.833515167236328,,,,,,
2016-04-20,19.87383460998535,,,,,,
2016-04-21,19.80216789245605,,,,,,
2016-04-22,19.4572696685791,,,,,,
2016-04-25,19.461759567260746,,,,,,
2016-04-26,19.367691040039062,,,,,,
2016-04-27,19.27811050415039,,,,,,
2016-04-28,19.036245346069336,,,,,,
2016-04-29,18.87051773071289,,,,,,
2016-05-02,19.00936508178711,,,,,,
2016-05-03,18.834678649902344,,,,,,
2016-05-04,18.77644920349121,,,,,,
2016-05-05,18.78540229797364,,,,,,
2016-05-06,18.924257278442383,,,,,,
2016-05-09,18.924257278442383,,,,,,
2016-05-10,19.170610427856445,,,,,,
2016-05-11,19.031763076782227,,,,,,
2016-05-12,18.97801399230957,,,,,,
2016-05-13,18.90633773803711,,,,,,
2016-05-16,19.170610427856445,,,,,,
2016-05-17,18.97801399230957,,,,,,
2016-05-18,19.01384353637696,,,,,,
2016-05-19,18.910823822021484,,,,,,
2016-05-20,19.139259338378903,,,,,,
2016-05-23,19.10342597961425,,,,,,
2016-05-24,19.461759567260746,,,,,,
2016-05-25,19.59612274169922,,,,,,
2016-05-26,19.65882682800293,,,,,,
2016-05-27,19.752885818481445,,,,,,
2016-05-31,19.7932071685791,,,,,,
2016-06-01,19.743940353393555,,,,,,
2016-06-02,19.72602081298828,,,,,,
2016-06-03,19.68123435974121,,,,,,
2016-06-06,19.717065811157227,,,,,,
2016-06-07,19.79768753051757,,,,,,
2016-06-08,19.838001251220703,,,,,,
2016-06-09,19.84248161315918,,,,,,
2016-06-10,19.6901912689209,,,,,,
2016-06-13,19.47071647644043,,,,,,
2016-06-14,19.5155029296875,,,,,,
2016-06-15,19.46623611450196,,,,,,
2016-06-16,19.506542205810547,,,,,,
2016-06-17,19.37646675109864,,,,,,
2016-06-20,19.457483291625977,,,,,,
2016-06-21,19.592514038085938,,,,,,
2016-06-22,19.52500534057617,,,,,,
2016-06-23,19.79055595397949,,,,,,
2016-06-24,19.029890060424805,,,,,,
2016-06-27,18.64731788635254,,,,,,
2016-06-28,19.016395568847656,,,,,,
2016-06-29,19.308961868286133,,,,,,
2016-06-30,19.52049827575684,,,,,,
2016-07-01,19.565513610839844,,,,,,
2016-07-05,19.42148208618164,,,,,,
2016-07-06,19.55651092529297,,,,,,
2016-07-07,19.55651092529297,,,,,,
2016-07-08,19.86256980895996,,,,,,
2016-07-11,19.97959899902344,,,,,,
2016-07-12,20.14162826538086,,,,,,
2016-07-13,20.146127700805664,,,,,,
2016-07-14,20.27665328979492,,,,,,
2016-07-15,20.25864601135254,,,,,,
2016-07-18,20.3936767578125,,,,,,
2016-07-19,20.348670959472656,,,,,,
2016-07-20,20.61422348022461,,,,,,
2016-07-21,20.50620079040528,,,,,,
2016-07-22,20.627723693847656,,,,,,
2016-07-25,20.600719451904297,,,,,,
2016-07-26,20.645729064941406,,,,,,
2016-07-27,20.8167667388916,,,,,,
2016-07-28,20.830265045166016,,,,,,
2016-07-29,20.906784057617188,,,,,,
2016-08-01,20.94729232788086,,,,,,
2016-08-02,20.789758682250977,,,,,,
2016-08-03,20.861780166625977,,,,,,
2016-08-04,20.97429847717285,,,,,,
2016-08-05,21.17683982849121,,,,,,
2016-08-08,21.17233657836914,,,,,,
2016-08-09,21.21735382080078,,,,,,
2016-08-10,21.149831771850582,,,,,,
2016-08-11,21.22634696960449,,,,,,
2016-08-12,21.203838348388672,,,,,,
2016-08-15,21.30736541748047,,,,,,
2016-08-16,21.149831771850582,,,,,,
2016-08-17,21.140825271606445,,,,,,
2016-08-18,21.149831771850582,,,,,,
2016-08-19,21.16333770751953,,,,,,
2016-08-22,21.16333770751953,,,,,,
2016-08-23,21.23985481262207,,,,,,
2016-08-24,21.1228256225586,,,,,,
2016-08-25,21.16783332824707,,,,,,
2016-08-26,21.17683982849121,,,,,,
2016-08-29,21.257856369018555,,,,,,
2016-08-30,21.18584251403809,,,,,,
2016-08-31,21.149831771850582,,,,,,
2016-09-01,21.21735382080078,,,,,,
2016-09-02,21.31186294555664,,,,,,
2016-09-06,21.41988754272461,,,,,,
2016-09-07,21.473901748657227,,,,,,
2016-09-08,21.29835700988769,,,,,,
2016-09-09,20.776256561279297,,,,,,
2016-09-12,21.1228256225586,,,,,,
2016-09-13,20.96979522705078,,,,,,
2016-09-14,21.068811416625977,,,,,,
2016-09-15,21.415388107299805,,,,,,
2016-09-16,21.33674049377441,,,,,,
2016-09-19,21.296072006225582,,,,,,
2016-09-20,21.282514572143555,,,,,,
2016-09-21,21.522048950195312,,,,,,
2016-09-22,21.653112411499023,,,,,,
2016-09-23,21.46329498291016,,,,,,
2016-09-26,21.33674049377441,,,,,,
2016-09-27,21.571762084960938,,,,,,
2016-09-28,21.61243438720703,,,,,,
2016-09-29,21.481365203857425,,,,,,
2016-09-30,21.594362258911133,,,,,,
2016-10-03,21.53108024597168,,,,,,
2016-10-04,21.45426177978516,,,,,,
2016-10-05,21.53108024597168,,,,,,
2016-10-06,21.580791473388672,,,,,,
2016-10-07,21.522048950195312,,,,,,
2016-10-10,21.671192169189453,,,,,,
2016-10-11,21.42713737487793,,,,,,
2016-10-12,21.46329498291016,,,,,,
2016-10-13,21.32771110534668,,,,,,
2016-10-14,21.4090576171875,,,,,,
2016-10-17,21.36385726928711,,,,,,
2016-10-18,21.481365203857425,,,,,,
2016-10-19,21.522048950195312,,,,,,
2016-10-20,21.42262458801269,,,,,,
2016-10-21,21.481365203857425,,,,,,
2016-10-24,21.68927574157715,,,,,,
2016-10-25,21.61243438720703,,,,,,
2016-10-26,21.490413665771484,,,,,,
2016-10-27,21.46329498291016,,,,,,
2016-10-28,21.4406967163086,,,,,,
2016-10-31,21.43165397644043,,,,,,
2016-11-01,21.246356964111328,,,,,,
2016-11-02,21.11077117919922,,,,,,
2016-11-03,20.907390594482425,,,,,,
2016-11-04,20.871232986450195,,,,,,
2016-11-07,21.323184967041016,,,,,,
2016-11-08,21.42713737487793,,,,,,
2016-11-09,21.400014877319336,,,,,,
2016-11-10,21.056535720825195,,,,,,
2016-11-11,21.119813919067383,,,,,,
2016-11-14,20.79892349243164,,,,,,
2016-11-15,21.092693328857425,,,,,,
2016-11-16,21.287033081054688,,,,,,
2016-11-17,21.42262458801269,,,,,,
2016-11-18,21.404539108276367,,,,,,
2016-11-21,21.62148094177246,,,,,,
2016-11-22,21.68927574157715,,,,,,
2016-11-23,21.6033992767334,,,,,,
2016-11-25,21.69379234313965,,,,,,
2016-11-28,21.71186828613281,,,,,,
2016-11-29,21.72542381286621,,,,,,
2016-11-30,21.46780586242676,,,,,,
2016-12-01,21.024906158447266,,,,,,
2016-12-02,21.10173225402832,,,,,,
2016-12-05,21.305105209350582,,,,,,
2016-12-06,21.36838722229004,,,,,,
2016-12-07,21.7751407623291,,,,,,
2016-12-08,21.829376220703125,,,,,,
2016-12-09,21.98756599426269,,,,,,
2016-12-12,21.919767379760746,,,,,,
2016-12-13,22.195459365844727,,,,,,
2016-12-14,22.11862564086914,,,,,,
2016-12-15,22.218061447143555,,,,,,
2016-12-16,22.05736351013184,,,,,,
2016-12-19,22.21623992919922,,,,,,
2016-12-20,22.29794883728028,,,,,,
2016-12-21,22.25255584716797,,,,,,
2016-12-22,22.207162857055664,,,,,,
2016-12-23,22.229856491088867,,,,,,
2016-12-27,22.320646286010746,,,,,,
2016-12-28,22.120912551879883,,,,,,
2016-12-29,22.12545394897461,,,,,,
2016-12-30,21.95295143127441,,,,,,
2017-01-03,22.148149490356445,,,,,,
2017-01-04,22.225322723388672,,,,,,
2017-01-05,22.261638641357425,,,,,,
2017-01-06,22.4250602722168,,,,,,
2017-01-09,22.42051887512207,,,,,,
2017-01-10,22.4250602722168,,,,,,
2017-01-11,22.52947235107422,,,,,,
2017-01-12,22.47499656677246,,,,,,
2017-01-13,22.543081283569336,,,,,,
2017-01-17,22.456830978393555,,,,,,
2017-01-18,22.515850067138672,,,,,,
2017-01-19,22.48406791687012,,,,,,
2017-01-20,22.60663604736328,,,,,,
2017-01-23,22.64748764038086,,,,,,
2017-01-24,22.788217544555664,,,,,,
2017-01-25,23.006113052368164,,,,,,
2017-01-26,22.942556381225582,,,,,,
2017-01-27,23.033348083496094,,,,,,
2017-01-30,22.847225189208984,,,,,,
2017-01-31,22.73374938964844,,,,,,
2017-02-01,22.90624237060547,,,,,,
2017-02-02,22.8608455657959,,,,,,
2017-02-03,23.010650634765625,,,,,,
2017-02-06,23.02427291870117,,,,,,
2017-02-07,23.11506080627441,,,,,,
2017-02-08,23.155912399291992,,,,,,
2017-02-09,23.228546142578125,,,,,,
2017-02-10,23.2966423034668,,,,,,
2017-02-13,23.40104866027832,,,,,,
2017-02-14,23.47821998596192,,,,,,
2017-02-15,23.555389404296875,,,,,,
2017-02-16,23.60985946655273,,,,,,
2017-02-17,23.69157218933105,,,,,,
2017-02-21,23.814144134521484,,,,,,
2017-02-22,23.84137916564941,,,,,,
2017-02-23,23.83683967590332,,,,,,
2017-02-24,23.89131736755371,,,,,,
2017-02-27,23.8776969909668,,,,,,
2017-02-28,23.764205932617188,,,,,,
2017-03-01,24.100122451782227,,,,,,
2017-03-02,23.94124412536621,,,,,,
2017-03-03,23.99571990966797,,,,,,
2017-03-06,23.95940399169922,,,,,,
2017-03-07,23.95940399169922,,,,,,
2017-03-08,23.986644744873047,,,,,,
2017-03-09,23.98210334777832,,,,,,
2017-03-10,24.10920524597168,,,,,,
2017-03-13,24.13190269470215,,,,,,
2017-03-14,24.07743263244629,,,,,,
2017-03-15,24.2408504486084,,,,,,
2017-03-16,24.25446510314941,,,,,,
2017-03-17,24.30687141418457,,,,,,
2017-03-20,24.32966423034668,,,,,,
2017-03-21,23.97421646118164,,,,,,
2017-03-22,24.12459945678711,,,,,,
2017-03-23,24.060789108276367,,,,,,
2017-03-24,24.079030990600582,,,,,,
2017-03-27,24.079030990600582,,,,,,
2017-03-28,24.25218772888184,,,,,,
2017-03-29,24.293197631835938,,,,,,
2017-03-30,24.338773727416992,,,,,,
2017-03-31,24.293197631835938,,,,,,
2017-04-03,24.270416259765625,,,,,,
2017-04-04,24.288652420043945,,,,,,
2017-04-05,24.18839454650879,,,,,,
2017-04-06,24.192949295043945,,,,,,
2017-04-07,24.179283142089844,,,,,,
2017-04-10,24.133703231811523,,,,,,
2017-04-11,24.04257774353028,,,,,,
2017-04-12,23.960548400878903,,,,,,
2017-04-13,23.86485290527344,,,,,,
2017-04-17,24.08358383178711,,,,,,
2017-04-18,24.079030990600582,,,,,,
2017-04-19,24.060789108276367,,,,,,
2017-04-20,24.279529571533203,,,,,,
2017-04-21,24.22940254211425,,,,,,
2017-04-24,24.51649284362793,,,,,,
2017-04-25,24.644088745117188,,,,,,
2017-04-26,24.616743087768555,,,,,,
2017-04-27,24.71699905395508,,,,,,
2017-04-28,24.780799865722656,,,,,,
2017-05-01,24.96763610839844,,,,,,
2017-05-02,25.02231979370117,,,,,,
2017-05-03,24.97675514221192,,,,,,
2017-05-04,24.958520889282227,,,,,,
2017-05-05,25.049659729003903,,,,,,
2017-05-08,25.15903091430664,,,,,,
2017-05-09,25.190927505493164,,,,,,
2017-05-10,25.286630630493164,,,,,,
2017-05-11,25.254728317260746,,,,,,
2017-05-12,25.318523406982425,,,,,,
2017-05-15,25.45978546142578,,,,,,
2017-05-16,25.578271865844727,,,,,,
2017-05-17,24.88105583190918,,,,,,
2017-05-18,25.026880264282227,,,,,,
2017-05-19,25.172700881958008,,,,,,
2017-05-22,25.37320709228516,,,,,,
2017-05-23,25.418773651123047,,,,,,
2017-05-24,25.52358627319336,,,,,,
2017-05-25,25.705867767333984,,,,,,
2017-05-26,25.692197799682617,,,,,,
2017-05-30,25.80156135559082,,,,,,
2017-05-31,25.760547637939453,,,,,,
2017-06-01,25.8243465423584,,,,,,
2017-06-02,26.06131172180176,,,,,,
2017-06-05,26.08409881591797,,,,,,
2017-06-06,26.033966064453125,,,,,,
2017-06-07,26.11599540710449,,,,,,
2017-06-08,26.175235748291016,,,,,,
2017-06-09,25.52814292907715,,,,,,
2017-06-12,25.37775611877441,,,,,,
2017-06-13,25.560043334960938,,,,,,
2017-06-14,25.437009811401367,,,,,,
2017-06-15,25.32307815551757,,,,,,
2017-06-16,25.278703689575195,,,,,,
2017-06-19,25.65387344360352,,,,,,
2017-06-20,25.44798851013184,,,,,,
2017-06-21,25.589820861816406,,,,,,
2017-06-22,25.598976135253903,,,,,,
2017-06-23,25.759109497070312,,,,,,
2017-06-26,25.62184715270996,,,,,,
2017-06-27,25.200912475585938,,,,,,
2017-06-28,25.51661872863769,,,,,,
2017-06-29,25.05907821655273,,,,,,
2017-06-30,25.036211013793945,,,,,,
2017-07-03,24.862340927124023,,,,,,
2017-07-05,25.109411239624023,,,,,,
2017-07-06,24.880645751953125,,,,,,
2017-07-07,25.16889381408692,,,,,,
2017-07-10,25.351905822753903,,,,,,
2017-07-11,25.40680694580078,,,,,,
2017-07-12,25.73623275756836,,,,,,
2017-07-13,25.786561965942383,,,,,,
2017-07-14,26.015323638916016,,,,,,
2017-07-17,26.019899368286133,,,,,,
2017-07-18,26.138858795166016,,,,,,
2017-07-19,26.271543502807617,,,,,,
2017-07-20,26.32644462585449,,,,,,
2017-07-21,26.29442024230957,,,,,,
2017-07-24,26.358476638793945,,,,,,
2017-07-25,26.30814552307129,,,,,,
2017-07-26,26.408809661865234,,,,,,
2017-07-27,26.30814552307129,,,,,,
2017-07-28,26.28069877624512,,,,,,
2017-07-31,26.15258407592773,,,,,,
2017-08-01,26.285268783569336,,,,,,
2017-08-02,26.358476638793945,,,,,,
2017-08-03,26.298995971679688,,,,,,
2017-08-04,26.358476638793945,,,,,,
2017-08-07,26.51861572265625,,,,,,
2017-08-08,26.48200798034668,,,,,,
2017-08-09,26.468280792236328,,,,,,
2017-08-10,25.94669532775879,,,,,,
2017-08-11,26.125131607055664,,,,,,
2017-08-14,26.54149055480957,,,,,,
2017-08-15,26.582666397094727,,,,,,
2017-08-16,26.660449981689453,,,,,,
2017-08-17,26.138858795166016,,,,,,
2017-08-18,26.111406326293945,,,,,,
2017-08-21,26.10225296020508,,,,,,
2017-08-22,26.49116516113281,,,,,,
2017-08-23,26.42710876464844,,,,,,
2017-08-24,26.404232025146484,,,,,,
2017-08-25,26.399646759033203,,,,,,
2017-08-28,26.449989318847656,,,,,,
2017-08-29,26.56436920166016,,,,,,
2017-08-30,26.75653076171875,,,,,,
2017-08-31,26.916671752929688,,,,,,
2017-09-01,26.89379119873047,,,,,,
2017-09-05,26.655874252319336,,,,,,
2017-09-06,26.67875099182129,,,,,,
2017-09-07,26.77025413513184,,,,,,
2017-09-08,26.550642013549805,,,,,,
2017-09-11,26.925819396972656,,,,,,
2017-09-12,26.989870071411133,,,,,,
2017-09-13,26.953266143798828,,,,,,
2017-09-14,26.86176490783692,,,,,,
2017-09-15,26.97150611877441,,,,,,
2017-09-18,26.994461059570312,,,,,,
2017-09-19,27.113845825195312,,,,,,
2017-09-20,27.003644943237305,,,,,,
2017-09-21,26.85671043395996,,,,,,
2017-09-22,26.87049102783203,,,,,,
2017-09-25,26.55366897583008,,,,,,
2017-09-26,26.65008544921875,,,,,,
2017-09-27,26.92099571228028,,,,,,
2017-09-28,26.9531364440918,,,,,,
2017-09-29,27.13680458068848,,,,,,
2017-10-02,27.178131103515625,,,,,,
2017-10-03,27.24241065979004,,,,,,
2017-10-04,27.224040985107425,,,,,,
2017-10-05,27.485774993896484,,,,,,
2017-10-06,27.52709579467773,,,,,,
2017-10-09,27.59597396850586,,,,,,
2017-10-10,27.623523712158203,,,,,,
2017-10-11,27.71536064147949,,,,,,
2017-10-12,27.64647674560547,,,,,,
2017-10-13,27.779634475708008,,,,,,
2017-10-16,27.880659103393555,,,,,,
2017-10-17,27.880659103393555,,,,,,
2017-10-18,27.94953155517578,,,,,,
2017-10-19,27.86688232421875,,,,,,
2017-10-20,28.05513572692871,,,,,,
2017-10-23,27.921979904174805,,,,,,
2017-10-24,28.000043869018555,,,,,,
2017-10-25,27.848506927490234,,,,,,
2017-10-26,27.963308334350582,,,,,,
2017-10-27,28.71634292602539,,,,,,
2017-10-30,28.78062438964844,,,,,,
2017-10-31,28.90460205078125,,,,,,
2017-11-01,28.90919303894043,,,,,,
2017-11-02,28.9229736328125,,,,,,
2017-11-03,29.152551651000977,,,,,,
2017-11-06,29.21683883666992,,,,,,
2017-11-07,29.230600357055664,,,,,,
2017-11-08,29.391321182250977,,,,,,
2017-11-09,29.157140731811523,,,,,,
2017-11-10,29.157140731811523,,,,,,
2017-11-13,29.147958755493164,,,,,,
2017-11-14,29.088266372680664,,,,,,
2017-11-15,28.87245750427246,,,,,,
2017-11-16,29.27652740478516,,,,,,
2017-11-17,29.088266372680664,,,,,,
2017-11-20,29.198467254638672,,,,,,
2017-11-21,29.50611114501953,,,,,,
2017-11-22,29.45101356506348,,,,,,
2017-11-24,29.616310119628903,,,,,,
2017-11-27,29.616310119628903,,,,,,
2017-11-28,29.71273422241211,,,,,,
2017-11-29,29.056127548217773,,,,,,
2017-11-30,29.31326103210449,,,,,,
2017-12-01,29.16173553466797,,,,,,
2017-12-04,28.6933822631836,,,,,,
2017-12-05,28.70256996154785,,,,,,
2017-12-06,28.886228561401367,,,,,,
2017-12-07,29.065317153930664,,,,,,
2017-12-08,29.203060150146484,,,,,,
2017-12-11,29.455596923828125,,,,,,
2017-12-12,29.4464168548584,,,,,,
2017-12-13,29.455596923828125,,,,,,
2017-12-14,29.41886329650879,,,,,,
2017-12-15,29.7543888092041,,,,,,
2017-12-18,30.0170841217041,,,,,,
2017-12-19,29.832738876342773,,,,,,
2017-12-20,29.823522567749023,,,,,,
2017-12-21,29.76361083984375,,,,,,
2017-12-22,29.74516868591309,,,,,,
2017-12-26,29.5469913482666,,,,,,
2017-12-27,29.57925796508789,,,,,,
2017-12-28,29.629955291748047,,,,,,
2017-12-29,29.47325325012207,,,,,,
2018-01-02,29.837343215942383,,,,,,
2018-01-03,30.086219787597656,,,,,,
2018-01-04,30.23830986022949,,,,,,
2018-01-05,30.55632209777832,,,,,,
2018-01-08,30.671545028686523,,,,,,
2018-01-09,30.59319496154785,,,,,,
2018-01-10,30.48719024658203,,,,,,
2018-01-11,30.61162757873535,,,,,,
2018-01-12,30.79136657714844,,,,,,
2018-01-16,30.671545028686523,,,,,,
2018-01-17,31.13242149353028,,,,,,
2018-01-18,31.187715530395508,,,,,,
2018-01-19,31.24764442443848,,,,,,
2018-01-22,31.55183219909668,,,,,,
2018-01-23,31.690080642700195,,,,,,
2018-01-24,31.445819854736328,,,,,,
2018-01-25,31.39051628112793,,,,,,
2018-01-26,31.88825416564941,,,,,,
2018-01-29,31.597900390625,,,,,,
2018-01-30,31.312156677246094,,,,,,
2018-01-31,31.54720687866211,,,,,,
2018-02-01,31.57485580444336,,,,,,
2018-02-02,30.63926887512207,,,,,,
2018-02-05,29.358028411865234,,,,,,
2018-02-06,30.2014389038086,,,,,,
2018-02-07,29.81430625915528,,,,,,
2018-02-08,28.579147338867188,,,,,,
2018-02-09,29.279682159423828,,,,,,
2018-02-12,29.805078506469727,,,,,,
2018-02-13,29.878829956054688,,,,,,
2018-02-14,30.427270889282227,,,,,,
2018-02-15,31.00798416137696,,,,,,
2018-02-16,30.961898803710938,,,,,,
2018-02-20,30.98954391479492,,,,,,
2018-02-21,30.79136657714844,,,,,,
2018-02-22,30.8282413482666,,,,,,
2018-02-23,31.47346878051757,,,,,,
2018-02-26,31.96661376953125,,,,,,
2018-02-27,31.643999099731445,,,,,,
2018-02-28,31.41816711425781,,,,,,
2018-03-01,30.897369384765625,,,,,,
2018-03-02,31.19233131408692,,,,,,
2018-03-05,31.51034927368164,,,,,,
2018-03-06,31.579479217529297,,,,,,
2018-03-07,31.754610061645508,,,,,,
2018-03-08,31.89287376403809,,,,,,
2018-03-09,32.496612548828125,,,,,,
2018-03-12,32.59801483154297,,,,,,
2018-03-13,32.22471237182617,,,,,,
2018-03-14,32.197052001953125,,,,,,
2018-03-15,32.215476989746094,,,,,,
2018-03-16,32.18220138549805,,,,,,
2018-03-19,31.54419708251953,,,,,,
2018-03-20,31.53032875061035,,,,,,
2018-03-21,31.340782165527344,,,,,,
2018-03-22,30.53171157836914,,,,,,
2018-03-23,29.7180233001709,,,,,,
2018-03-26,30.846088409423828,,,,,,
2018-03-27,29.85672378540039,,,,,,
2018-03-28,29.65792655944824,,,,,,
2018-03-29,30.245079040527344,,,,,,
2018-04-02,29.523849487304688,,,,,,
2018-04-03,29.81510734558105,,,,,,
2018-04-04,30.23120880126953,,,,,,
2018-04-05,30.356035232543945,,,,,,
2018-04-06,29.611690521240234,,,,,,
2018-04-09,29.842845916748047,,,,,,
2018-04-10,30.57793617248535,,,,,,
2018-04-11,30.39763832092285,,,,,,
2018-04-12,30.76287651062012,,,,,,
2018-04-13,30.66115951538086,,,,,,
2018-04-16,30.896955490112305,,,,,,
2018-04-17,31.470224380493164,,,,,,
2018-04-18,31.38700485229492,,,,,,
2018-04-19,31.040264129638672,,,,,,
2018-04-20,30.61029815673828,,,,,,
2018-04-23,30.49935531616211,,,,,,
2018-04-24,29.967674255371094,,,,,,
2018-04-25,29.97231101989746,,,,,,
2018-04-26,30.51783943176269,,,,,,
2018-04-27,30.462352752685547,,,,,,
2018-04-30,30.263561248779297,,,,,,
2018-05-01,30.64267349243164,,,,,,
2018-05-02,30.61029815673828,,,,,,
2018-05-03,30.67965316772461,,,,,,
2018-05-04,31.262178421020508,,,,,,
2018-05-07,31.479461669921875,,,,,,
2018-05-08,31.54880714416504,,,,,,
2018-05-09,31.937162399291992,,,,,,
2018-05-10,32.35326385498047,,,,,,
2018-05-11,32.307037353515625,,,,,,
2018-05-14,32.30239486694336,,,,,,
2018-05-15,31.997270584106445,,,,,,
2018-05-16,32.140586853027344,,,,,,
2018-05-17,31.97416114807129,,,,,,
2018-05-18,31.84007453918457,,,,,,
2018-05-21,32.11747360229492,,,,,,
2018-05-22,32.071231842041016,,,,,,
2018-05-23,32.307037353515625,,,,,,
2018-05-24,32.270050048828125,,,,,,
2018-05-25,32.246925354003906,,,,,,
2018-05-29,32.071231842041016,,,,,,
2018-05-30,32.307037353515625,,,,,,
2018-05-31,32.31626510620117,,,,,,
2018-06-01,32.86643981933594,,,,,,
2018-06-04,33.12996292114258,,,,,,
2018-06-05,33.24553298950195,,,,,,
2018-06-06,33.46282196044922,,,,,,
2018-06-07,33.194679260253906,,,,,,
2018-06-08,33.13919448852539,,,,,,
2018-06-11,33.17618942260742,,,,,,
2018-06-12,33.338008880615234,,,,,,
2018-06-13,33.166927337646484,,,,,,
2018-06-14,33.402740478515625,,,,,,
2018-06-15,33.275146484375,,,,,,
2018-06-18,33.312259674072266,,,,,,
2018-06-19,33.14059829711914,,,,,,
2018-06-20,33.21018600463867,,,,,,
2018-06-21,32.95500564575195,,,,,,
2018-06-22,32.848297119140625,,,,,,
2018-06-25,32.16628646850586,,,,,,
2018-06-26,32.29618453979492,,,,,,
2018-06-27,31.855424880981445,,,,,,
2018-06-28,32.24516296386719,,,,,,
2018-06-29,32.23122787475586,,,,,,
2018-07-02,32.518890380859375,,,,,,
2018-07-03,32.13380813598633,,,,,,
2018-07-05,32.58847427368164,,,,,,
2018-07-06,32.96892166137695,,,,,,
2018-07-09,33.21946716308594,,,,,,
2018-07-10,33.29833221435547,,,,,,
2018-07-11,33.16843795776367,,,,,,
2018-07-12,33.69270706176758,,,,,,
2018-07-13,33.655574798583984,,,,,,
2018-07-16,33.57671356201172,,,,,,
2018-07-17,33.82724380493164,,,,,,
2018-07-18,33.771583557128906,,,,,,
2018-07-19,33.65093231201172,,,,,,
2018-07-20,33.660240173339844,,,,,,
2018-07-23,33.83188247680664,,,,,,
2018-07-24,34.01747512817383,,,,,,
2018-07-25,34.4443244934082,,,,,,
2018-07-26,33.915409088134766,,,,,,
2018-07-27,33.33544158935547,,,,,,
2018-07-30,32.81583023071289,,,,,,
2018-07-31,32.90397262573242,,,,,,
2018-08-01,33.20090866088867,,,,,,
2018-08-02,33.61847305297852,,,,,,
2018-08-03,33.73910140991211,,,,,,
2018-08-06,33.920040130615234,,,,,,
2018-08-07,34.04994583129883,,,,,,
2018-08-08,34.14273834228516,,,,,,
2018-08-09,34.15666961669922,,,,,,
2018-08-10,33.882930755615234,,,,,,
2018-08-13,33.83654022216797,,,,,,
2018-08-14,34.045310974121094,,,,,,
2018-08-15,33.73910140991211,,,,,,
2018-08-16,33.8875732421875,,,,,,
2018-08-17,33.9385986328125,,,,,,
2018-08-20,33.8875732421875,,,,,,
2018-08-21,33.943241119384766,,,,,,
2018-08-22,34.045310974121094,,,,,,
2018-08-23,34.11955642700195,,,,,,
2018-08-24,34.46288299560547,,,,,,
2018-08-27,34.77836608886719,,,,,,
2018-08-28,34.838680267333984,,,,,,
2018-08-29,35.15416717529297,,,,,,
2018-08-30,35.04746627807617,,,,,,
2018-08-31,35.075294494628906,,,,,,
2018-09-04,34.940757751464844,,,,,,
2018-09-05,34.5046272277832,,,,,,
2018-09-06,34.25410461425781,,,,,,
2018-09-07,34.13811492919922,,,,,,
2018-09-10,34.244808197021484,,,,,,
2018-09-11,34.5370979309082,,,,,,
2018-09-12,34.39328384399414,,,,,,
2018-09-13,34.79692459106445,,,,,,
2018-09-14,34.769081115722656,,,,,,
2018-09-17,34.33297348022461,,,,,,
2018-09-18,34.5510368347168,,,,,,
2018-09-19,34.46288299560547,,,,,,
2018-09-20,34.87115859985352,,,,,,
2018-09-21,34.733367919921875,,,,,,
2018-09-24,34.905609130859375,,,,,,
2018-09-25,34.86370086669922,,,,,,
2018-09-26,34.733367919921875,,,,,,
2018-09-27,34.93819808959961,,,,,,
2018-09-28,35.06854248046875,,,,,,
2018-10-01,35.23612594604492,,,,,,
2018-10-02,35.24078369140625,,,,,,
2018-10-03,35.347869873046875,,,,,,
2018-10-04,34.710079193115234,,,,,,
2018-10-05,34.27249526977539,,,,,,
2018-10-08,33.88610076904297,,,,,,
2018-10-09,34.00712585449219,,,,,,
2018-10-10,32.35913848876953,,,,,,
2018-10-11,31.94946479797364,,,,,,
2018-10-12,32.97365188598633,,,,,,
2018-10-15,32.43362808227539,,,,,,
2018-10-16,33.411251068115234,,,,,,
2018-10-17,33.257625579833984,,,,,,
2018-10-18,32.60588455200195,,,,,,
2018-10-19,32.591915130615234,,,,,,
2018-10-22,32.861915588378906,,,,,,
2018-10-23,32.73623275756836,,,,,,
2018-10-24,31.26978874206543,,,,,,
2018-10-25,32.345184326171875,,,,,,
2018-10-26,31.69808006286621,,,,,,
2018-10-29,31.162736892700195,,,,,,
2018-10-30,31.511869430541992,,,,,,
2018-10-31,32.26139068603516,,,,,,
2018-11-01,32.638458251953125,,,,,,
2018-11-02,32.00068664550781,,,,,,
2018-11-05,31.96809959411621,,,,,,
2018-11-06,32.16828536987305,,,,,,
2018-11-07,33.113311767578125,,,,,,
2018-11-08,33.085384368896484,,,,,,
2018-11-09,32.51277542114258,,,,,,
2018-11-12,31.367565155029297,,,,,,
2018-11-13,31.40481185913086,,,,,,
2018-11-14,31.02772331237793,,,,,,
2018-11-15,31.80516624450684,,,,,,
2018-11-16,31.75394630432129,,,,,,
2018-11-19,30.5435733795166,,,,,,
2018-11-20,29.887168884277344,,,,,,
2018-11-21,30.105966567993164,,,,,,
2018-11-23,29.83130645751953,,,,,,
2018-11-26,30.506322860717773,,,,,,
2018-11-27,30.56685447692871,,,,,,
2018-11-28,31.6375675201416,,,,,,
2018-11-29,31.33031272888184,,,,,,
2018-11-30,31.62825584411621,,,,,,
2018-12-03,32.32656478881836,,,,,,
2018-12-04,31.10219955444336,,,,,,
2018-12-06,31.172033309936523,,,,,,
2018-12-07,30.073383331298828,,,,,,
2018-12-10,30.48770904541016,,,,,,
2018-12-11,30.524951934814453,,,,,,
2018-12-12,30.76236724853516,,,,,,
2018-12-13,30.81357765197754,,,,,,
2018-12-14,30.059410095214844,,,,,,
2018-12-17,29.42163848876953,,,,,,
2018-12-18,29.654407501220703,,,,,,
2018-12-19,29.06783103942871,,,,,,
2018-12-20,28.54644203186035,,,,,,
2018-12-21,27.67912673950196,,,,,,
2018-12-24,26.94038963317871,,,,,,
2018-12-26,28.56748008728028,,,,,,
2018-12-27,28.773197174072266,,,,,,
2018-12-28,28.707746505737305,,,,,,
2018-12-31,28.978923797607425,,,,,,
2019-01-02,28.99762535095215,,,,,,
2019-01-03,27.5341854095459,,,,,,
2019-01-04,28.75449752807617,,,,,,
2019-01-07,29.01165199279785,,,,,,
2019-01-08,29.25477409362793,,,,,,
2019-01-09,29.63349723815918,,,,,,
2019-01-10,29.76441192626953,,,,,,
2019-01-11,29.70830726623535,,,,,,
2019-01-14,29.432451248168945,,,,,,
2019-01-15,29.876623153686523,,,,,,
2019-01-16,29.90467643737793,,,,,,
2019-01-17,30.09637260437012,,,,,,
2019-01-18,30.554576873779297,,,,,,
2019-01-22,30.04027557373047,,,,,,
2019-01-23,30.14313507080078,,,,,,
2019-01-24,30.39560317993164,,,,,,
2019-01-25,30.82574844360352,,,,,,
2019-01-28,30.41431427001953,,,,,,
2019-01-29,30.087024688720703,,,,,,
2019-01-30,31.02212905883789,,,,,,
2019-01-31,30.98939514160156,,,,,,
2019-02-01,31.1717529296875,,,,,,
2019-02-04,31.672033309936523,,,,,,
2019-02-05,31.93853187561035,,,,,,
2019-02-06,32.04607009887695,,,,,,
2019-02-07,31.6065673828125,,,,,,
2019-02-08,31.78891372680664,,,,,,
2019-02-11,31.77489280700684,,,,,,
2019-02-12,32.195682525634766,,,,,,
2019-02-13,32.237762451171875,,,,,,
2019-02-14,32.29387283325195,,,,,,
2019-02-15,32.551029205322266,,,,,,
2019-02-19,32.56037139892578,,,,,,
2019-02-20,32.59778594970703,,,,,,
2019-02-21,32.61180114746094,,,,,,
2019-02-22,33.02793502807617,,,,,,
2019-02-25,33.18689727783203,,,,,,
2019-02-26,33.257041931152344,,,,,,
2019-02-27,33.22429275512695,,,,,,
2019-02-28,33.13078308105469,,,,,,
2019-03-01,33.35520935058594,,,,,,
2019-03-04,33.228981018066406,,,,,,
2019-03-05,33.13078308105469,,,,,,
2019-03-06,32.957794189453125,,,,,,
2019-03-07,32.64454650878906,,,,,,
2019-03-08,32.639862060546875,,,,,,
2019-03-11,33.341182708740234,,,,,,
2019-03-12,33.537567138671875,,,,,,
2019-03-13,33.75731658935547,,,,,,
2019-03-14,33.82744598388672,,,,,,
2019-03-15,34.2369384765625,,,,,,
2019-03-18,34.3823356628418,,,,,,
2019-03-19,34.45271301269531,,,,,,
2019-03-20,34.35888671875,,,,,,
2019-03-21,35.22197341918945,,,,,,
2019-03-22,34.3917236328125,,,,,,
2019-03-25,34.24163818359375,,,,,,
2019-03-26,34.42925262451172,,,,,,
2019-03-27,34.23225402832031,,,,,,
2019-03-28,34.37297058105469,,,,,,
2019-03-29,34.710693359375,,,,,,
2019-04-01,35.18444061279297,,,,,,
2019-04-02,35.306392669677734,,,,,,
2019-04-03,35.59252166748047,,,,,,
2019-04-04,35.44242477416992,,,,,,
2019-04-05,35.611289978027344,,,,,,
2019-04-08,35.74732208251953,,,,,,
2019-04-09,35.57845687866211,,,,,,
2019-04-10,35.82706069946289,,,,,,
2019-04-11,35.780155181884766,,,,,,
2019-04-12,36.02876281738281,,,,,,
2019-04-15,36.01469421386719,,,,,,
2019-04-16,36.1976318359375,,,,,,
2019-04-17,36.399322509765625,,,,,,
2019-04-18,36.50252151489258,,,,,,
2019-04-22,36.586952209472656,,,,,,
2019-04-23,36.98564910888672,,,,,,
2019-04-24,36.99972915649414,,,,,,
2019-04-25,36.99033737182617,,,,,,
2019-04-26,36.84961700439453,,,,,,
2019-04-29,36.859004974365234,,,,,,
2019-04-30,36.91997909545898,,,,,,
2019-05-01,36.826168060302734,,,,,,
2019-05-02,36.63384628295898,,,,,,
2019-05-03,36.98095703125,,,,,,
2019-05-06,36.69483184814453,,,,,,
2019-05-07,35.90680313110352,,,,,,
2019-05-08,35.864585876464844,,,,,,
2019-05-09,35.62067413330078,,,,,,
2019-05-10,35.7332649230957,,,,,,
2019-05-13,34.38703918457031,,,,,,
2019-05-14,34.94053649902344,,,,,,
2019-05-15,35.32047271728516,,,,,,
2019-05-16,35.644134521484375,,,,,,
2019-05-17,35.35800552368164,,,,,,
2019-05-20,34.7435188293457,,,,,,
2019-05-21,35.17037582397461,,,,,,
2019-05-22,34.98744201660156,,,,,,
2019-05-23,34.37297058105469,,,,,,
2019-05-24,34.3823356628418,,,,,,
2019-05-28,34.28384017944336,,,,,,
2019-05-29,34.082157135009766,,,,,,
2019-05-30,34.293235778808594,,,,,,
2019-05-31,33.7209587097168,,,,,,
2019-06-03,33.12994766235352,,,,,,
2019-06-04,34.2369384765625,,,,,,
2019-06-05,34.682552337646484,,,,,,
2019-06-06,35.085941314697266,,,,,,
2019-06-07,35.73794174194336,,,,,,
2019-06-10,36.10381317138672,,,,,,
2019-06-11,36.10381317138672,,,,,,
2019-06-12,35.90210723876953,,,,,,
2019-06-13,36.00999069213867,,,,,,
2019-06-14,35.69571304321289,,,,,,
2019-06-17,35.723876953125,,,,,,
2019-06-18,36.37117385864258,,,,,,
2019-06-19,36.50252151489258,,,,,,
2019-06-20,37.03723907470703,,,,,,
2019-06-21,36.86214065551758,,,,,,
2019-06-24,36.9327507019043,,,,,,
2019-06-25,36.25490951538086,,,,,,
2019-06-26,36.645606994628906,,,,,,
2019-06-27,36.7397575378418,,,,,,
2019-06-28,36.73504257202149,,,,,,
2019-07-01,37.3187370300293,,,,,,
2019-07-02,37.41758728027344,,,,,,
2019-07-03,37.70473098754883,,,,,,
2019-07-05,37.63411712646485,,,,,,
2019-07-08,37.34696960449219,,,,,,
2019-07-09,37.478790283203125,,,,,,
2019-07-10,37.77533721923828,,,,,,
2019-07-11,37.91654968261719,,,,,,
2019-07-12,38.19427108764648,,,,,,
2019-07-15,38.32137298583984,,,,,,
2019-07-16,37.96364212036133,,,,,,
2019-07-17,37.8647689819336,,,,,,
2019-07-18,38.14720916748047,,,,,,
2019-07-19,37.982460021972656,,,,,,
2019-07-22,38.42022705078125,,,,,,
2019-07-23,38.63204193115234,,,,,,
2019-07-24,38.95212936401367,,,,,,
2019-07-25,38.79208755493164,,,,,,
2019-07-26,38.8768310546875,,,,,,
2019-07-29,38.85329055786133,,,,,,
2019-07-30,38.60380172729492,,,,,,
2019-07-31,38.020118713378906,,,,,,
2019-08-01,37.82712936401367,,,,,,
2019-08-02,37.21047592163086,,,,,,
2019-08-05,35.65709686279297,,,,,,
2019-08-06,36.25020217895508,,,,,,
2019-08-07,36.47614288330078,,,,,,
2019-08-08,37.37051773071289,,,,,,
2019-08-09,36.94686508178711,,,,,,
2019-08-12,36.4620361328125,,,,,,
2019-08-13,37.37522506713867,,,,,,
2019-08-14,36.226661682128906,,,,,,
2019-08-15,36.16075897216797,,,,,,
2019-08-16,36.8480110168457,,,,,,
2019-08-19,37.40817642211914,,,,,,
2019-08-20,37.21987533569336,,,,,,
2019-08-21,37.65765380859375,,,,,,
2019-08-22,37.56821441650391,,,,,,
2019-08-23,36.32551574707031,,,,,,
2019-08-26,36.82918167114258,,,,,,
2019-08-27,36.77270126342773,,,,,,
2019-08-28,36.80564880371094,,,,,,
2019-08-29,37.44584274291992,,,,,,
2019-08-30,37.4364128112793,,,,,,
2019-09-03,36.97982025146485,,,,,,
2019-09-04,37.61058044433594,,,,,,
2019-09-05,38.39668273925781,,,,,,
2019-09-06,38.36374282836914,,,,,,
2019-09-09,38.076602935791016,,,,,,
2019-09-10,37.88360977172852,,,,,,
2019-09-11,38.27901077270508,,,,,,
2019-09-12,38.48612976074219,,,,,,
2019-09-13,38.20369338989258,,,,,,
2019-09-16,38.10955047607422,,,,,,
2019-09-17,38.2648811340332,,,,,,
2019-09-18,38.26018142700195,,,,,,
2019-09-19,38.34490966796875,,,,,,
2019-09-20,37.897743225097656,,,,,,
2019-09-23,38.01578903198242,,,,,,
2019-09-24,37.64748764038086,,,,,,
2019-09-25,38.09606552124024,,,,,,
2019-09-26,38.13856506347656,,,,,,
2019-09-27,37.628604888916016,,,,,,
2019-09-30,38.025238037109375,,,,,,
2019-10-01,37.67109298706055,,,,,,
2019-10-02,36.96281433105469,,,,,,
2019-10-03,37.416114807128906,,,,,,
2019-10-04,38.03468322753906,,,,,,
2019-10-07,37.87413787841797,,,,,,
2019-10-08,37.18003082275391,,,,,,
2019-10-09,37.73248672485352,,,,,,
2019-10-10,37.99217987060547,,,,,,
2019-10-11,38.51630401611328,,,,,,
2019-10-14,38.49269485473633,,,,,,
2019-10-15,38.917667388916016,,,,,,
2019-10-16,38.64852142333984,,,,,,
2019-10-17,38.572975158691406,,,,,,
2019-10-18,38.20466613769531,,,,,,
2019-10-21,38.61547088623047,,,,,,
2019-10-22,38.09606552124024,,,,,,
2019-10-23,38.12911224365234,,,,,,
2019-10-24,38.68630599975586,,,,,,
2019-10-25,39.153770446777344,,,,,,
2019-10-28,39.64955520629883,,,,,,
2019-10-29,39.29069900512695,,,,,,
2019-10-30,39.53151321411133,,,,,,
2019-10-31,39.507904052734375,,,,,,
2019-11-01,39.9800910949707,,,,,,
2019-11-04,40.18785095214844,,,,,,
2019-11-05,40.14064025878906,,,,,,
2019-11-06,40.12174606323242,,,,,,
2019-11-07,40.438114166259766,,,,,,
2019-11-08,40.66476440429688,,,,,,
2019-11-11,40.68365097045898,,,,,,
2019-11-12,40.82057189941406,,,,,,
2019-11-13,40.910301208496094,,,,,,
2019-11-14,40.863094329833984,,,,,,
2019-11-15,41.1936149597168,,,,,,
2019-11-18,41.31638717651367,,,,,,
2019-11-19,41.39665222167969,,,,,,
2019-11-20,41.14639663696289,,,,,,
2019-11-21,40.93863677978516,,,,,,
2019-11-22,40.88668823242188,,,,,,
2019-11-25,41.48163986206055,,,,,,
2019-11-26,41.51941680908203,,,,,,
2019-11-27,41.75079727172852,,,,,,
2019-11-29,41.62802505493164,,,,,,
2019-12-02,41.03307723999024,,,,,,
2019-12-03,40.66947937011719,,,,,,
2019-12-04,40.83475112915039,,,,,,
2019-12-05,40.98584747314453,,,,,,
2019-12-06,41.439151763916016,,,,,,
2019-12-09,41.2219352722168,,,,,,
2019-12-10,41.25498580932617,,,,,,
2019-12-11,41.53359222412109,,,,,,
2019-12-12,41.97744369506836,,,,,,
2019-12-13,42.25602722167969,,,,,,
2019-12-16,42.63378143310547,,,,,,
2019-12-17,42.534629821777344,,,,,,
2019-12-18,42.52989959716797,,,,,,
2019-12-19,42.83681869506836,,,,,,
2019-12-20,43.085540771484375,,,,,,
2019-12-23,43.20869827270508,,,,,,
2019-12-24,43.22291946411133,,,,,,
2019-12-26,43.5450553894043,,,,,,
2019-12-27,43.540313720703125,,,,,,
2019-12-30,43.28923797607422,,,,,,
2019-12-31,43.42662048339844,,,,,,
2020-01-02,44.24142837524414,,,,,,
2020-01-03,43.744022369384766,,,,,,
2020-01-06,43.84823226928711,,,,,,
2020-01-07,43.82929611206055,,,,,,
2020-01-08,44.29827117919922,,,,,,
2020-01-09,44.800411224365234,,,,,,
2020-01-10,44.69621658325195,,,,,,
2020-01-13,45.25520706176758,,,,,,
2020-01-14,45.04204177856445,,,,,,
2020-01-15,45.094146728515625,,,,,,
2020-01-16,45.70051193237305,,,,,,
2020-01-17,46.0084342956543,,,,,,
2020-01-21,45.989479064941406,,,,,,
2020-01-22,46.1552848815918,,,,,,
2020-01-23,46.37320709228516,,,,,,
2020-01-24,46.1552848815918,,,,,,
2020-01-27,45.05624008178711,,,,,,
2020-01-28,45.91842651367188,,,,,,
2020-01-29,46.0368537902832,,,,,,
2020-01-30,46.434791564941406,,,,,,
2020-01-31,45.16046905517578,,,,,,
2020-02-03,45.75735092163086,,,,,,
2020-02-04,46.95589065551758,,,,,,
2020-02-05,47.23064041137695,,,,,,
2020-02-06,47.66175079345703,,,,,,
2020-02-07,47.22590637207031,,,,,,
2020-02-10,47.86544036865234,,,,,,
2020-02-11,47.704376220703125,,,,,,
2020-02-12,48.22073745727539,,,,,,
2020-02-13,48.09282684326172,,,,,,
2020-02-14,48.30126190185547,,,,,,
2020-02-18,48.12125778198242,,,,,,
2020-02-19,48.6944694519043,,,,,,
2020-02-20,48.187591552734375,,,,,,
2020-02-21,47.10747909545898,,,,,,
2020-02-24,45.16046905517578,,,,,,
2020-02-25,43.7155876159668,,,,,,
2020-02-26,43.914546966552734,,,,,,
2020-02-27,41.54591751098633,,,,,,
2020-02-28,41.86332321166992,,,,,,
2020-03-02,44.284061431884766,,,,,,
2020-03-03,42.60233688354492,,,,,,
2020-03-04,44.43092346191406,,,,,,
2020-03-05,43.02868270874024,,,,,,
2020-03-06,42.119136810302734,,,,,,
2020-03-09,38.92147064208984,,,,,,
2020-03-10,41.51749420166016,,,,,,
2020-03-11,39.5562629699707,,,,,,
2020-03-12,35.69538497924805,,,,,,
2020-03-13,39.88314056396485,,,,,,
2020-03-16,34.373680114746094,,,,,,
2020-03-17,36.71389389038086,,,,,,
2020-03-18,35.33060836791992,,,,,,
2020-03-19,35.458518981933594,,,,,,
2020-03-20,33.83363723754883,,,,,,
2020-03-23,33.52457427978516,,,,,,
2020-03-24,36.957984924316406,,,,,,
2020-03-25,36.91037368774414,,,,,,
2020-03-26,39.19615173339844,,,,,,
2020-03-27,37.42465972900391,,,,,,
2020-03-30,39.00089263916016,,,,,,
2020-03-31,38.27231216430664,,,,,,
2020-04-01,36.44845581054688,,,,,,
2020-04-02,37.30084991455078,,,,,,
2020-04-03,36.72465515136719,,,,,,
2020-04-06,39.85804748535156,,,,,,
2020-04-07,39.50090026855469,,,,,,
2020-04-08,40.56283187866211,,,,,,
2020-04-09,40.572364807128906,,,,,,
2020-04-13,40.662841796875,,,,,,
2020-04-14,42.36763000488281,,,,,,
2020-04-15,41.44380187988281,,,,,,
2020-04-16,41.94858169555664,,,,,,
2020-04-17,42.5057373046875,,,,,,
2020-04-20,41.82477188110352,,,,,,
2020-04-21,40.07233810424805,,,,,,
2020-04-22,41.61524200439453,,,,,,
2020-04-23,41.32952117919922,,,,,,
2020-04-24,42.20573043823242,,,,,,
2020-04-27,42.56764221191406,,,,,,
2020-04-28,42.00096130371094,,,,,,
2020-04-29,43.72480773925781,,,,,,
2020-04-30,43.52956008911133,,,,,,
2020-05-01,42.33430480957031,,,,,,
2020-05-04,42.8962287902832,,,,,,
2020-05-05,43.48670196533203,,,,,,
2020-05-06,43.824798583984375,,,,,,
2020-05-07,44.48197555541992,,,,,,
2020-05-08,45.13437271118164,,,,,,
2020-05-11,45.43437576293945,,,,,,
2020-05-12,44.49626159667969,,,,,,
2020-05-13,43.72957611083984,,,,,,
2020-05-14,44.2867317199707,,,,,,
2020-05-15,44.51053237915039,,,,,,
2020-05-18,45.60104751586914,,,,,,
2020-05-19,45.43437576293945,,,,,,
2020-05-20,46.42963409423828,,,,,,
2020-05-21,45.78200149536133,,,,,,
2020-05-22,45.94866943359375,,,,,,
2020-05-26,45.90104675292969,,,,,,
2020-05-27,46.1629638671875,,,,,,
2020-05-28,46.07248306274414,,,,,,
2020-05-29,46.653446197509766,,,,,,
2020-06-01,46.63916397094727,,,,,,
2020-06-02,47.077266693115234,,,,,,
2020-06-03,47.44395065307617,,,,,,
2020-06-04,47.0534553527832,,,,,,
2020-06-05,48.29158782958984,,,,,,
2020-06-08,48.53443908691406,,,,,,
2020-06-09,48.76301574707031,,,,,,
2020-06-10,49.57730865478516,,,,,,
2020-06-11,46.73440170288086,,,,,,
2020-06-12,47.33917617797852,,,,,,
2020-06-15,47.79632568359375,,,,,,
2020-06-16,48.81540298461914,,,,,,
2020-06-17,48.80588150024414,,,,,,
2020-06-18,49.024932861328125,,,,,,
2020-06-19,48.68682861328125,,,,,,
2020-06-22,49.60413360595703,,,,,,
2020-06-23,49.96226501464844,,,,,,
2020-06-24,48.8353271484375,,,,,,
2020-06-25,49.46086883544922,,,,,,
2020-06-26,48.48675155639648,,,,,,
2020-06-29,49.01679229736328,,,,,,
2020-06-30,49.895416259765625,,,,,,
2020-07-01,49.97658157348633,,,,,,
2020-07-02,50.26787185668945,,,,,,
2020-07-06,51.14650344848633,,,,,,
2020-07-07,50.61168670654297,,,,,,
2020-07-08,51.437782287597656,,,,,,
2020-07-09,51.624019622802734,,,,,,
2020-07-10,51.60968780517578,,,,,,
2020-07-13,50.54005813598633,,,,,,
2020-07-14,51.12262344360352,,,,,,
2020-07-15,51.39958572387695,,,,,,
2020-07-16,50.76448822021485,,,,,,
2020-07-17,51.01280212402344,,,,,,
2020-07-20,52.31641006469727,,,,,,
2020-07-21,51.7911491394043,,,,,,
2020-07-22,52.20657730102539,,,,,,
2020-07-23,50.85043716430664,,,,,,
2020-07-24,50.23443984985352,,,,,,
2020-07-27,51.027130126953125,,,,,,
2020-07-28,50.43024063110352,,,,,,
2020-07-29,51.16082382202149,,,,,,
2020-07-30,51.44734573364258,,,,,,
2020-07-31,52.73183822631836,,,,,,
2020-08-03,54.03068161010742,,,,,,
2020-08-04,54.16917037963867,,,,,,
2020-08-05,54.36971664428711,,,,,,
2020-08-06,55.13374328613281,,,,,,
2020-08-07,54.31241607666016,,,,,,
2020-08-10,54.15960693359375,,,,,,
2020-08-11,53.185489654541016,,,,,,
2020-08-12,54.39359664916992,,,,,,
2020-08-13,54.41746520996094,,,,,,
2020-08-14,54.37926483154297,,,,,,
2020-08-17,54.74217987060547,,,,,,
2020-08-18,54.94751739501953,,,,,,
2020-08-19,54.88066101074219,,,,,,
2020-08-20,55.61125183105469,,,,,,
2020-08-21,56.31797409057617,,,,,,
2020-08-24,56.80503845214844,,,,,,
2020-08-25,57.09154510498047,,,,,,
2020-08-26,58.25191116333008,,,,,,
2020-08-27,58.299652099609375,,,,,,
2020-08-28,58.81059265136719,,,,,,
2020-08-31,58.996829986572266,,,,,,
2020-09-01,60.123756408691406,,,,,,
2020-09-02,60.65857696533203,,,,,,
2020-09-03,57.20137405395508,,,,,,
2020-09-04,56.40393829345703,,,,,,
2020-09-08,53.85400772094727,,,,,,
2020-09-09,55.61125183105469,,,,,,
2020-09-10,54.35539627075195,,,,,,
2020-09-11,53.93996047973633,,,,,,
2020-09-14,55.07166290283203,,,,,,
2020-09-15,55.61603546142578,,,,,,
2020-09-16,54.75650787353516,,,,,,
2020-09-17,54.3028678894043,,,,,,
2020-09-18,53.36693954467773,,,,,,
2020-09-21,53.810577392578125,,,,,,
2020-09-22,54.66243362426758,,,,,,
2020-09-23,52.958717346191406,,,,,,
2020-09-24,53.25543594360352,,,,,,
2020-09-25,54.5284423828125,,,,,,
2020-09-28,55.57172393798828,,,,,,
2020-09-29,55.38507843017578,,,,,,
2020-09-30,55.84928894042969,,,,,,
2020-10-01,56.43793487548828,,,,,,
2020-10-02,55.00699615478516,,,,,,
2020-10-05,56.21300506591797,,,,,,
2020-10-06,55.34199905395508,,,,,,
2020-10-07,56.3565673828125,,,,,,
2020-10-08,56.64850616455078,,,,,,
2020-10-09,57.51470947265625,,,,,,
2020-10-12,59.08443832397461,,,,,,
2020-10-13,58.70636367797852,,,,,,
2020-10-14,58.39529037475586,,,,,,
2020-10-15,58.132083892822266,,,,,,
2020-10-16,57.96458053588867,,,,,,
2020-10-19,56.90214920043945,,,,,,
2020-10-20,57.09835815429688,,,,,,
2020-10-21,57.0122184753418,,,,,,
2020-10-22,56.74420928955078,,,,,,
2020-10-23,56.682010650634766,,,,,,
2020-10-26,55.45207977294922,,,,,,
2020-10-27,55.72965240478516,,,,,,
2020-10-28,53.36550521850586,,,,,,
2020-10-29,54.25564956665039,,,,,,
2020-10-30,53.05442810058594,,,,,,
2020-11-02,53.18842697143555,,,,,,
2020-11-03,54.12643814086914,,,,,,
2020-11-04,56.23213577270508,,,,,,
2020-11-05,57.97893142700195,,,,,,
2020-11-06,58.18472290039063,,,,,,
2020-11-09,57.76357650756836,,,,,,
2020-11-10,56.68678665161133,,,,,,
2020-11-11,58.03158187866211,,,,,,
2020-11-12,57.51470947265625,,,,,,
2020-11-13,58.00286102294922,,,,,,
2020-11-16,58.56279373168945,,,,,,
2020-11-17,58.23736190795898,,,,,,
2020-11-18,57.61522674560547,,,,,,
2020-11-19,58.07942962646485,,,,,,
2020-11-20,57.48121643066406,,,,,,
2020-11-23,57.46686553955078,,,,,,
2020-11-24,58.26607131958008,,,,,,
2020-11-25,58.3905143737793,,,,,,
2020-11-27,58.70157241821289,,,,,,
2020-11-30,59.09400177001953,,,,,,
2020-12-01,59.85014343261719,,,,,,
2020-12-02,59.759220123291016,,,,,,
2020-12-03,59.7209358215332,,,,,,
2020-12-04,60.31915283203125,,,,,,
2020-12-07,60.4914436340332,,,,,,
2020-12-08,60.68765640258789,,,,,,
2020-12-09,59.52471160888672,,,,,,
2020-12-10,59.610870361328125,,,,,,
2020-12-11,59.48643112182617,,,,,,
2020-12-14,59.70179748535156,,,,,,
2020-12-15,60.69721984863281,,,,,,
2020-12-16,61.10879135131836,,,,,,
2020-12-17,61.59215545654297,,,,,,
2020-12-18,61.37679290771485,,,,,,
2020-12-21,61.43818283081055,,,,,,
2020-12-22,61.97064971923828,,,,,,
2020-12-23,61.50054931640625,,,,,,
2020-12-24,61.90827560424805,,,,,,
2020-12-28,62.6086311340332,,,,,,
2020-12-29,62.31120681762695,,,,,,
2020-12-30,62.27764129638672,,,,,,
2020-12-31,62.368770599365234,,,,,,
2021-01-04,61.351844787597656,,,,,,
2021-01-05,61.74998092651367,,,,,,
2021-01-06,60.6850814819336,,,,,,
2021-01-07,62.3208122253418,,,,,,
2021-01-08,62.72374725341797,,,,,,
2021-01-11,62.20568084716797,,,,,,
2021-01-12,61.90827560424805,,,,,,
2021-01-13,62.30162048339844,,,,,,
2021-01-14,61.754791259765625,,,,,,
2021-01-15,61.12158966064453,,,,,,
2021-01-19,61.91786956787109,,,,,,
2021-01-20,63.1458740234375,,,,,,
2021-01-21,63.96135330200195,,,,,,
2021-01-22,63.71669769287109,,,,,,
2021-01-25,64.24915313720703,,,,,,
2021-01-26,64.29232025146484,,,,,,
2021-01-27,63.078704833984375,,,,,,
2021-01-28,63.33772277832031,,,,,,
2021-01-29,61.84592056274414,,,,,,
2021-02-01,63.39531326293945,,,,,,
2021-02-02,64.2539291381836,,,,,,
2021-02-03,64.03327941894531,,,,,,
2021-02-04,65.05501556396484,,,,,,
2021-02-05,64.9111099243164,,,,,,
2021-02-08,65.59227752685547,,,,,,
2021-02-09,65.51551818847656,,,,,,
2021-02-10,65.41960144042969,,,,,,
2021-02-11,66.13910675048828,,,,,,
2021-02-12,66.47968292236328,,,,,,
2021-02-16,66.26384735107422,,,,,,
2021-02-17,65.6786117553711,,,,,,
2021-02-18,65.35721588134766,,,,,,
2021-02-19,65.26129150390625,,,,,,
2021-02-22,63.82223129272461,,,,,,
2021-02-23,63.644752502441406,,,,,,
2021-02-24,64.6185073852539,,,,,,
2021-02-25,62.35920333862305,,,,,,
2021-02-26,62.69016647338867,,,,,,
2021-03-01,64.70965576171875,,,,,,
2021-03-02,63.6831169128418,,,,,,
2021-03-03,62.08097457885742,,,,,,
2021-03-04,60.70906829833984,,,,,,
2021-03-05,61.85551071166992,,,,,,
2021-03-08,60.35890197753906,,,,,,
2021-03-09,62.41196060180664,,,,,,
2021-03-10,62.16250991821289,,,,,,
2021-03-11,63.49124526977539,,,,,,
2021-03-12,63.03554534912109,,,,,,
2021-03-15,63.70710754394531,,,,,,
2021-03-16,64.1867904663086,,,,,,
2021-03-17,64.13402557373047,,,,,,
2021-03-18,62.35440444946289,,,,,,
2021-03-19,62.16732025146485,,,,,,
2021-03-22,63.38972473144531,,,,,,
2021-03-23,62.99557113647461,,,,,,
2021-03-24,62.23124313354492,,,,,,
2021-03-25,62.19279479980469,,,,,,
2021-03-26,63.77428436279297,,,,,,
2021-03-29,63.44260025024414,,,,,,
2021-03-30,62.84173583984375,,,,,,
2021-03-31,63.841590881347656,,,,,,
2021-04-01,65.12506103515625,,,,,,
2021-04-05,66.47100830078125,,,,,,
2021-04-06,66.18740844726562,,,,,,
2021-04-07,66.53832244873047,,,,,,
2021-04-08,67.49971008300781,,,,,,
2021-04-09,68.14865112304688,,,,,,
2021-04-12,67.8217544555664,,,,,,
2021-04-13,68.46109771728516,,,,,,
2021-04-14,67.73524475097656,,,,,,
2021-04-15,68.89854431152344,,,,,,
2021-04-16,68.88410186767578,,,,,,
2021-04-19,68.31208038330078,,,,,,
2021-04-20,67.7063980102539,,,,,,
2021-04-21,68.38899993896484,,,,,,
2021-04-22,67.58622741699219,,,,,,
2021-04-23,68.595703125,,,,,,
2021-04-26,68.94660186767578,,,,,,
2021-04-27,68.77836608886719,,,,,,
2021-04-28,68.13904571533203,,,,,,
2021-04-29,68.08135223388672,,,,,,
2021-04-30,67.15360260009766,,,,,,
2021-05-03,66.96611022949219,,,,,,
2021-05-04,65.76438903808594,,,,,,
2021-05-05,65.60575866699219,,,,,,
2021-05-06,66.26432037353516,,,,,,
2021-05-07,66.83154296875,,,,,,
2021-05-10,65.14427947998047,,,,,,
2021-05-11,64.94721984863281,,,,,,
2021-05-12,63.12054061889648,,,,,,
2021-05-13,63.95696640014648,,,,,,
2021-05-14,65.36540985107422,,,,,,
2021-05-17,64.88468170166016,,,,,,
2021-05-18,64.36553192138672,,,,,,
2021-05-19,64.59146118164062,,,,,,
2021-05-20,65.82686614990234,,,,,,
2021-05-21,65.46634674072266,,,,,,
2021-05-24,66.629638671875,,,,,,
2021-05-25,66.64886474609375,,,,,,
2021-05-26,66.64405059814453,,,,,,
2021-05-27,66.29317474365234,,,,,,
2021-05-28,66.52869415283203,,,,,,
2021-06-01,66.2018051147461,,,,,,
2021-06-02,66.65849304199219,,,,,,
2021-06-03,66.03837585449219,,,,,,
2021-06-04,67.30743408203125,,,,,,
2021-06-07,67.29300689697266,,,,,,
2021-06-08,67.29781341552734,,,,,,
2021-06-09,67.34587860107422,,,,,,
2021-06-10,67.84098052978516,,,,,,
2021-06-11,68.24479675292969,,,,,,
2021-06-14,68.9369888305664,,,,,,
2021-06-15,68.51399230957031,,,,,,
2021-06-16,68.14382934570312,,,,,,
2021-06-17,68.93218231201172,,,,,,
2021-06-18,68.30245208740234,,,,,,
2021-06-21,69.03447723388672,,,,,,
2021-06-22,69.66051483154297,,,,,,
2021-06-23,69.58348083496094,,,,,,
2021-06-24,70.02169799804688,,,,,,
2021-06-25,69.93982696533203,,,,,,
2021-06-28,70.67183685302734,,,,,,
2021-06-29,71.18712615966797,,,,,,
2021-06-30,71.11007690429688,,,,,,
2021-07-01,71.23046875,,,,,,
2021-07-02,72.1695785522461,,,,,,
2021-07-06,72.44406127929688,,,,,,
2021-07-07,72.83894348144531,,,,,,
2021-07-08,72.1502914428711,,,,,,
2021-07-09,72.81487274169922,,,,,,
2021-07-12,72.8726577758789,,,,,,
2021-07-13,73.17124938964844,,,,,,
2021-07-14,73.71061706542969,,,,,,
2021-07-15,73.10382843017578,,,,,,
2021-07-16,72.3814468383789,,,,,,
2021-07-19,71.38456726074219,,,,,,
2021-07-20,72.44406127929688,,,,,,
2021-07-21,73.1423568725586,,,,,,
2021-07-22,73.68170166015625,,,,,,
2021-07-23,74.4137191772461,,,,,,
2021-07-26,74.37520599365234,,,,,,
2021-07-27,73.67208862304688,,,,,,
2021-07-28,73.58058166503906,,,,,,
2021-07-29,73.92251586914062,,,,,,
2021-07-30,73.87432098388672,,,,,,
2021-08-02,73.60948181152344,,,,,,
2021-08-03,74.0814208984375,,,,,,
2021-08-04,74.23072052001953,,,,,,
2021-08-05,74.64006042480469,,,,,,
2021-08-06,74.57746124267578,,,,,,
2021-08-09,74.33665466308594,,,,,,
2021-08-10,73.80211639404297,,,,,,
2021-08-11,73.81173706054688,,,,,,
2021-08-12,74.23554229736328,,,,,,
2021-08-13,74.64006042480469,,,,,,
2021-08-16,74.9771728515625,,,,,,
2021-08-17,74.35591888427734,,,,,,
2021-08-18,73.33014678955078,,,,,,
2021-08-19,74.04772186279297,,,,,,
2021-08-20,75.00125885009766,,,,,,
2021-08-23,75.96922302246094,,,,,,
2021-08-24,75.88253021240234,,,,,,
2021-08-25,75.83918762207031,,,,,,
2021-08-26,75.36243438720703,,,,,,
2021-08-27,76.08960723876953,,,,,,
2021-08-30,76.90829467773438,,,,,,
2021-08-31,76.5037612915039,,,,,,
2021-09-01,76.52303314208984,,,,,,
2021-09-02,76.44115447998047,,,,,,
2021-09-03,76.74456024169922,,,,,,
2021-09-07,76.7638168334961,,,,,,
2021-09-08,76.47005462646484,,,,,,
2021-09-09,76.18109130859375,,,,,,
2021-09-10,75.42984008789062,,,,,,
2021-09-13,75.45392608642578,,,,,,
2021-09-14,75.35762023925781,,,,,,
2021-09-15,76.01738739013672,,,,,,
2021-09-16,76.06071472167969,,,,,,
2021-09-17,74.87603759765625,,,,,,
2021-09-20,73.51222229003906,,,,,,
2021-09-21,73.5411376953125,,,,,,
2021-09-22,74.5494384765625,,,,,,
2021-09-23,75.54806518554688,,,,,,
2021-09-24,75.60112762451172,,,,,,
2021-09-27,74.86782836914062,,,,,,
2021-09-28,72.64865112304688,,,,,,
2021-09-29,72.5570068359375,,,,,,
2021-09-30,72.03599548339844,,,,,,
2021-10-01,73.12145233154297,,,,,,
2021-10-04,71.42811584472656,,,,,,
2021-10-05,72.44603729248047,,,,,,
2021-10-06,72.91883087158203,,,,,,
2021-10-07,73.58457946777344,,,,,,
2021-10-08,73.30958557128906,,,,,,
2021-10-11,72.90435791015625,,,,,,
2021-10-12,72.5280532836914,,,,,,
2021-10-13,72.97187805175781,,,,,,
2021-10-14,74.6169662475586,,,,,,
2021-10-15,75.21519470214844,,,,,,
2021-10-18,75.85197448730469,,,,,,
2021-10-19,76.60456848144531,,,,,,
2021-10-20,76.3923110961914,,,,,,
2021-10-21,76.68657684326172,,,,,,
2021-10-22,76.4212417602539,,,,,,
2021-10-25,76.6720962524414,,,,,,
2021-10-26,76.88921356201172,,,,,,
2021-10-27,76.8216552734375,,,,,,
2021-10-28,77.59355163574219,,,,,,
2021-10-29,77.92642974853516,,,,,,
2021-11-01,77.81063842773438,,,,,,
2021-11-02,78.49568176269531,,,,,,
2021-11-03,78.95397186279297,,,,,,
2021-11-04,80.18899536132812,,,,,,
2021-11-05,80.60388946533203,,,,,,
2021-11-08,81.03805541992188,,,,,,
2021-11-09,80.70520782470703,,,,,,
2021-11-10,79.37368774414062,,,,,,
2021-11-11,79.74518585205078,,,,,,
2021-11-12,80.71483612060547,,,,,,
2021-11-15,80.63285064697266,,,,,,
2021-11-16,81.4819107055664,,,,,,
2021-11-17,81.2358627319336,,,,,,
2021-11-18,82.04634857177734,,,,,,
2021-11-19,82.6445541381836,,,,,,
2021-11-22,81.7231216430664,,,,,,
2021-11-23,81.53497314453125,,,,,,
2021-11-24,82.12835693359375,,,,,,
2021-11-26,80.07806396484375,,,,,,
2021-11-29,82.08011627197266,,,,,,
2021-11-30,81.39505767822266,,,,,,
2021-12-01,80.2806625366211,,,,,,
2021-12-02,81.0187759399414,,,,,,
2021-12-03,79.66316223144531,,,,,,
2021-12-06,80.42053985595703,,,,,,
2021-12-07,83.22828674316406,,,,,,
2021-12-08,83.60941314697266,,,,,,
2021-12-09,82.70728302001953,,,,,,
2021-12-10,84.36683654785156,,,,,,
2021-12-13,83.11250305175781,,,,,,
2021-12-14,81.74723052978516,,,,,,
2021-12-15,83.91334533691406,,,,,,
2021-12-16,81.53497314453125,,,,,,
2021-12-17,80.98983001708984,,,,,,
2021-12-20,80.02653503417969,,,,,,
2021-12-21,82.05171966552734,,,,,,
2021-12-22,83.124755859375,,,,,,
2021-12-23,83.58876037597656,,,,,,
2021-12-27,85.38192749023438,,,,,,
2021-12-28,84.93727111816406,,,,,,
2021-12-29,85.00977325439453,,,,,,
2021-12-30,84.44908905029297,,,,,,
2021-12-31,84.03825378417969,,,,,,
2022-01-03,84.83575439453125,,,,,,
2022-01-04,83.93675994873047,,,,,,
2022-01-05,81.3557357788086,,,,,,
2022-01-06,80.94486236572266,,,,,,
2022-01-07,80.20052337646484,,,,,,
2022-01-10,80.21504211425781,,,,,,
2022-01-11,81.17687225341797,,,,,,
2022-01-12,81.5587158203125,,,,,,
2022-01-13,79.44652557373047,,,,,,
2022-01-14,80.11837005615234,,,,,,
2022-01-18,78.19466400146484,,,,,,
2022-01-19,77.10233306884766,,,,,,
2022-01-20,76.10663604736328,,,,,,
2022-01-21,74.59378814697266,,,,,,
2022-01-24,74.98046875,,,,,,
2022-01-25,73.24526977539062,,,,,,
2022-01-26,73.67544555664062,,,,,,
2022-01-27,73.16796112060547,,,,,,
2022-01-28,76.36764526367188,,,,,,
2022-01-31,78.28650665283203,,,,,,
2022-02-01,78.48950958251953,,,,,,
2022-02-02,79.12751007080078,,,,,,
2022-02-03,76.83165740966797,,,,,,
2022-02-04,77.14099884033203,,,,,,
2022-02-07,76.62864685058594,,,,,,
2022-02-08,77.57600402832031,,,,,,
2022-02-09,79.29669189453125,,,,,,
2022-02-10,77.22317504882812,,,,,,
2022-02-11,74.86446380615234,,,,,,
2022-02-14,74.84030151367188,,,,,,
2022-02-15,76.8074951171875,,,,,,
2022-02-16,76.73017120361328,,,,,,
2022-02-17,74.43428802490234,,,,,,
2022-02-18,73.6802749633789,,,,,,
2022-02-22,72.99877166748047,,,,,,
2022-02-23,71.1717758178711,,,,,,
2022-02-24,73.60295867919922,,,,,,
2022-02-25,74.60345458984375,,,,,,
2022-02-28,74.46814727783203,,,,,,
2022-03-01,72.97943878173828,,,,,,
2022-03-02,74.5599365234375,,,,,,
2022-03-03,73.67062377929688,,,,,,
2022-03-04,72.38011169433594,,,,,,
2022-03-07,69.73140716552734,,,,,,
2022-03-08,69.39307403564453,,,,,,
2022-03-09,72.1384506225586,,,,,,
2022-03-10,70.87691497802734,,,,,,
2022-03-11,69.62991333007812,,,,,,
2022-03-14,68.33938598632812,,,,,,
2022-03-15,70.63525390625,,,,,,
2022-03-16,72.93109893798828,,,,,,
2022-03-17,73.44827270507812,,,,,,
2022-03-18,74.95148468017578,,,,,,
2022-03-21,74.80911254882812,,,,,,
2022-03-22,75.88411712646484,,,,,,
2022-03-23,74.71709442138672,,,,,,
2022-03-24,76.65885925292969,,,,,,
2022-03-25,76.61531066894531,,,,,,
2022-03-28,77.5256576538086,,,,,,
2022-03-29,79.17204284667969,,,,,,
2022-03-30,78.11641693115234,,,,,,
2022-03-31,76.9591064453125,,,,,,
2022-04-01,76.73151397705078,,,,,,
2022-04-04,78.18905639648438,,,,,,
2022-04-05,76.54267883300781,,,,,,
2022-04-06,74.73162078857422,,,,,,
2022-04-07,74.84785461425781,,,,,,
2022-04-08,73.80191802978516,,,,,,
2022-04-11,71.94244384765625,,,,,,
2022-04-12,71.62286376953125,,,,,,
2022-04-13,72.77532196044922,,,,,,
2022-04-14,71.00788116455078,,,,,,
2022-04-18,71.24031829833984,,,,,,
2022-04-19,72.57678985595703,,,,,,
2022-04-20,72.5090103149414,,,,,,
2022-04-21,71.27903747558594,,,,,,
2022-04-22,69.28401184082031,,,,,,
2022-04-25,70.32511901855469,,,,,,
2022-04-26,67.70541381835938,,,,,,
2022-04-27,68.70777130126953,,,,,,
2022-04-28,71.45822143554688,,,,,,
2022-04-29,68.48017883300781,,,,,,
2022-05-02,69.52129364013672,,,,,,
2022-05-03,69.64234161376953,,,,,,
2022-05-04,72.08771514892578,,,,,,
2022-05-05,68.62060546875,,,,,,
2022-05-06,68.06858825683594,,,,,,
2022-05-09,65.43435668945312,,,,,,
2022-05-10,66.43189239501953,,,,,,
2022-05-11,64.33515930175781,,,,,,
2022-05-12,63.67174530029297,,,,,,
2022-05-13,65.78785705566406,,,,,,
2022-05-16,65.2067642211914,,,,,,
2022-05-17,67.09529113769531,,,,,,
2022-05-18,64.0252456665039,,,,,,
2022-05-19,63.32311630249024,,,,,,
2022-05-20,63.46355056762695,,,,,,
2022-05-23,64.92107391357422,,,,,,
2022-05-24,63.95745849609375,,,,,,
2022-05-25,64.70317840576172,,,,,,
2022-05-26,66.2575454711914,,,,,,
2022-05-27,68.49954223632812,,,,,,
2022-05-31,68.01049041748047,,,,,,
2022-06-01,67.8071060180664,,,,,,
2022-06-02,69.44865417480469,,,,,,
2022-06-03,67.78773498535156,,,,,,
2022-06-06,67.7925796508789,,,,,,
2022-06-07,68.60123443603516,,,,,,
2022-06-08,67.82647705078125,,,,,,
2022-06-09,66.01542663574219,,,,,,
2022-06-10,63.47806167602539,,,,,,
2022-06-13,60.664669036865234,,,,,,
2022-06-14,61.04720687866211,,,,,,
2022-06-15,62.33528518676758,,,,,,
2022-06-16,59.797889709472656,,,,,,
2022-06-17,60.34507751464844,,,,,,
2022-06-21,61.88069534301758,,,,,,
2022-06-22,61.61852645874024,,,,,,
2022-06-23,62.540958404541016,,,,,,
2022-06-24,64.78876495361328,,,,,,
2022-06-27,64.35183715820312,,,,,,
2022-06-28,62.424434661865234,,,,,,
2022-06-29,62.550662994384766,,,,,,
2022-06-30,61.71562194824219,,,,,,
2022-07-01,61.85641479492188,,,,,,
2022-07-05,62.633182525634766,,,,,,
2022-07-06,63.17208862304688,,,,,,
2022-07-07,64.47805786132812,,,,,,
2022-07-08,64.5071792602539,,,,,,
2022-07-11,63.61874771118164,,,,,,
2022-07-12,62.74971389770508,,,,,,
2022-07-13,62.58465194702149,,,,,,
2022-07-14,63.15753555297852,,,,,,
2022-07-15,64.26929473876953,,,,,,
2022-07-18,63.64786529541016,,,,,,
2022-07-19,65.58984375,,,,,,
2022-07-20,66.61421966552734,,,,,,
2022-07-21,67.55121612548828,,,,,,
2022-07-22,66.61906433105469,,,,,,
2022-07-25,66.19668579101562,,,,,,
2022-07-26,65.1237564086914,,,,,,
2022-07-27,67.92504119873047,,,,,,
2022-07-28,68.95913696289062,,,,,,
2022-07-29,70.01750946044922,,,,,,
2022-08-01,69.86702728271484,,,,,,
2022-08-02,69.37181854248047,,,,,,
2022-08-03,71.2166748046875,,,,,,
2022-08-04,71.54194641113281,,,,,,
2022-08-05,71.37688446044922,,,,,,
2022-08-08,70.77002716064453,,,,,,
2022-08-09,70.06121063232422,,,,,,
2022-08-10,71.97403717041016,,,,,,
2022-08-11,71.69244384765625,,,,,,
2022-08-12,73.11980438232422,,,,,,
2022-08-15,73.58101654052734,,,,,,
2022-08-16,73.38195037841797,,,,,,
2022-08-17,72.8576431274414,,,,,,
2022-08-18,73.23631286621094,,,,,,
2022-08-19,71.90605926513672,,,,,,
2022-08-22,69.90098571777344,,,,,,
2022-08-23,69.71650695800781,,,,,,
2022-08-24,69.76020050048828,,,,,,
2022-08-25,70.93995666503906,,,,,,
2022-08-26,67.91048431396484,,,,,,
2022-08-29,67.01232147216797,,,,,,
2022-08-30,66.31322479248047,,,,,,
2022-08-31,65.6675033569336,,,,,,
2022-09-01,65.34709167480469,,,,,,
2022-09-02,64.49748992919922,,,,,,
2022-09-06,64.07025909423828,,,,,,
2022-09-07,65.09465789794922,,,,,,
2022-09-08,65.31795501708984,,,,,,
2022-09-09,66.60938262939453,,,,,,
2022-09-12,67.67745971679688,,,,,,
2022-09-13,64.08480834960938,,,,,,
2022-09-14,64.31784057617188,,,,,,
2022-09-15,62.83708953857422,,,,,,
2022-09-16,62.487552642822266,,,,,,
2022-09-19,62.99712371826172,,,,,,
2022-09-20,62.627235412597656,,,,,,
2022-09-21,61.64898681640625,,,,,,
2022-09-22,61.02115249633789,,,,,,
2022-09-23,60.22298812866211,,,,,,
2022-09-26,59.8044319152832,,,,,,
2022-09-27,59.88228988647461,,,,,,
2022-09-28,60.51499176025391,,,,,,
2022-09-29,58.938114166259766,,,,,,
2022-09-30,57.80900573730469,,,,,,
2022-10-03,59.60001754760742,,,,,,
2022-10-04,61.60031509399414,,,,,,
2022-10-05,61.80472183227539,,,,,,
2022-10-06,61.2985725402832,,,,,,
2022-10-07,58.77751541137695,,,,,,
2022-10-10,57.78953170776367,,,,,,
2022-10-11,56.90375900268555,,,,,,
2022-10-12,56.728546142578125,,,,,,
2022-10-13,58.49036407470703,,,,,,
2022-10-14,56.84535217285156,,,,,,
2022-10-17,58.57797622680664,,,,,,
2022-10-18,59.07439041137695,,,,,,
2022-10-19,58.904052734375,,,,,,
2022-10-20,58.938114166259766,,,,,,
2022-10-21,60.51499176025391,,,,,,
2022-10-24,61.35209655761719,,,,,,
2022-10-25,62.525020599365234,,,,,,
2022-10-26,61.133087158203125,,,,,,
2022-10-27,60.4371223449707,,,,,,
2022-10-28,63.06525039672852,,,,,,
2022-10-31,62.233009338378906,,,,,,
2022-11-01,61.71225738525391,,,,,,
2022-11-02,59.58055877685547,,,,,,
2022-11-03,57.828460693359375,,,,,,
2022-11-04,58.88458633422852,,,,,,
2022-11-07,59.86770248413086,,,,,,
2022-11-08,60.441986083984375,,,,,,
2022-11-09,58.8699836730957,,,,,,
2022-11-10,63.70769500732422,,,,,,
2022-11-11,64.79786682128906,,,,,,
2022-11-14,64.2430419921875,,,,,,
2022-11-15,65.02173614501953,,,,,,
2022-11-16,64.131103515625,,,,,,
2022-11-17,64.21382904052734,,,,,,
2022-11-18,64.2868423461914,,,,,,
2022-11-21,63.59573745727539,,,,,,
2022-11-22,64.8270492553711,,,,,,
2022-11-23,65.4013671875,,,,,,
2022-11-25,65.02173614501953,,,,,,
2022-11-28,63.62980270385742,,,,,,
2022-11-29,63.00685119628906,,,,,,
2022-11-30,66.17032623291016,,,,,,
2022-12-01,66.26280975341797,,,,,,
2022-12-02,65.87832641601562,,,,,,
2022-12-05,64.78327178955078,,,,,,
2022-12-06,63.39619827270508,,,,,,
2022-12-07,63.074981689453125,,,,,,
2022-12-08,64.10677337646484,,,,,,
2022-12-09,63.71254348754883,,,,,,
2022-12-12,65.10448455810547,,,,,,
2022-12-13,65.87345886230469,,,,,,
2022-12-14,65.3186264038086,,,,,,
2022-12-15,62.87544631958008,,,,,,
2022-12-16,62.0432014465332,,,,,,
2022-12-19,61.21589279174805,,,,,,
2022-12-20,61.30862808227539,,,,,,
2022-12-21,62.3238525390625,,,,,,
2022-12-22,60.75221252441406,,,,,,
2022-12-23,60.81566619873047,,,,,,
2022-12-27,60.23971939086914,,,,,,
2022-12-28,59.26842498779297,,,,,,
2022-12-29,60.82055282592773,,,,,,
2022-12-30,60.737571716308594,,,,,,
2023-01-03,60.16162490844727,,,,,,
2023-01-04,60.317813873291016,,,,,,
2023-01-05,59.14640426635742,,,,,,
2023-01-06,60.87910842895508,,,,,,
2023-01-09,61.58683776855469,,,,,,
2023-01-10,61.96754455566406,,,,,,
2023-01-11,63.04134750366211,,,,,,
2023-01-12,63.5098991394043,,,,,,
2023-01-13,63.69049835205078,,,,,,
2023-01-17,63.97845458984375,,,,,,
2023-01-18,63.15359115600586,,,,,,
2023-01-19,62.41658401489258,,,,,,
2023-01-20,64.10536193847656,,,,,,
2023-01-23,65.56476593017578,,,,,,
2023-01-24,65.53546905517578,,,,,,
2023-01-25,65.3988037109375,,,,,,
2023-01-26,66.44332122802734,,,,,,
2023-01-27,66.72151184082031,,,,,,
2023-01-30,65.44760131835938,,,,,,
2023-01-31,66.3603286743164,,,,,,
2023-02-01,67.9222183227539,,,,,,
2023-02-02,69.77693939208984,,,,,,
2023-02-03,69.19610595703125,,,,,,
2023-02-06,68.35171508789062,,,,,,
2023-02-07,70.0600357055664,,,,,,
2023-02-08,69.21563720703125,,,,,,
2023-02-09,68.83493041992188,,,,,,
2023-02-10,68.5176773071289,,,,,,
2023-02-13,69.7037124633789,,,,,,
2023-02-14,70.00146484375,,,,,,
2023-02-15,70.32847595214844,,,,,,
2023-02-16,69.10824584960938,,,,,,
2023-02-17,68.24433135986328,,,,,,
2023-02-21,66.6239013671875,,,,,,
2023-02-22,66.52627563476562,,,,,,
2023-02-23,67.62934875488281,,,,,,
2023-02-24,66.42375946044922,,,,,,
2023-02-27,66.78008270263672,,,,,,
2023-02-28,66.63365936279297,,,,,,
2023-03-01,66.14556884765625,,,,,,
2023-03-02,66.96068572998047,,,,,,
2023-03-03,68.40054321289062,,,,,,
2023-03-06,68.72755432128906,,,,,,
2023-03-07,67.87339782714844,,,,,,
2023-03-08,68.43470001220703,,,,,,
2023-03-09,67.45365142822266,,,,,,
2023-03-10,66.2676010131836,,,,,,
2023-03-13,66.6287612915039,,,,,,
2023-03-14,68.166259765625,,,,,,
2023-03-15,68.20530700683594,,,,,,
2023-03-16,70.11860656738281,,,,,,
2023-03-17,70.02098846435547,,,,,,
2023-03-20,70.2098159790039,,,,,,
2023-03-21,70.77723693847656,,,,,,
2023-03-22,70.07283020019531,,,,,,
2023-03-23,71.21258544921875,,,,,,
2023-03-24,71.39846801757812,,,,,,
2023-03-27,70.84571075439453,,,,,,
2023-03-28,70.51309204101562,,,,,,
2023-03-29,71.99037170410156,,,,,,
2023-03-30,72.82684326171875,,,,,,
2023-03-31,73.8687515258789,,,,,,
2023-04-03,73.7513656616211,,,,,,
2023-04-04,73.34535217285156,,,,,,
2023-04-05,72.50888061523438,,,,,,
2023-04-06,72.91978454589844,,,,,,
2023-04-10,72.8806381225586,,,,,,
2023-04-11,72.1958236694336,,,,,,
2023-04-12,71.78491973876953,,,,,,
2023-04-13,73.12032318115234,,,,,,
2023-04-14,72.7143325805664,,,,,,
2023-04-17,72.97846984863281,,,,,,
2023-04-18,73.2034912109375,,,,,,
2023-04-19,72.9931411743164,,,,,,
2023-04-20,72.51377868652344,,,,,,
2023-04-21,72.2789535522461,,,,,,
2023-04-24,71.96101379394531,,,,,,
2023-04-25,70.4250259399414,,,,,,
2023-04-26,71.47186279296875,,,,,,
2023-04-27,72.98827362060547,,,,,,
2023-04-28,73.78071594238281,,,,,,
2023-05-01,73.8247299194336,,,,,,
2023-05-02,73.13500213623047,,,,,,
2023-05-03,72.51866912841797,,,,,,
2023-05-04,72.17134857177734,,,,,,
2023-05-05,73.98126220703125,,,,,,
2023-05-08,73.94213104248047,,,,,,
2023-05-09,73.37469482421875,,,,,,
2023-05-10,74.26985931396484,,,,,,
2023-05-11,73.93724822998047,,,,,,
2023-05-12,73.83940887451172,,,,,,
2023-05-15,74.45085906982422,,,,,,
2023-05-16,74.52912902832031,,,,,,
2023-05-17,75.52213287353516,,,,,,
2023-05-18,77.0678939819336,,,,,,
2023-05-19,77.03365325927734,,,,,,
2023-05-22,77.1803970336914,,,,,,
2023-05-23,76.04065704345703,,,,,,
2023-05-24,75.48299407958984,,,,,,
2023-05-25,78.37886047363281,,,,,,
2023-05-26,80.60455322265625,,,,,,
2023-05-30,81.0350112915039,,,,,,
2023-05-31,80.35997009277344,,,,,,
2023-06-01,81.17687225341797,,,,,,
2023-06-02,81.6415786743164,,,,,,
2023-06-05,81.1719970703125,,,,,,
2023-06-06,81.15239715576172,,,,,,
2023-06-07,79.93928527832031,,,,,,
2023-06-08,80.80510711669922,,,,,,
2023-06-09,81.20622253417969,,,,,,
2023-06-12,82.97211456298828,,,,,,
2023-06-13,83.47594451904297,,,,,,
2023-06-14,84.33688354492188,,,,,,
2023-06-15,85.42282104492188,,,,,,
2023-06-16,84.71842956542969,,,,,,
2023-06-20,84.14588928222656,,,,,,
2023-06-21,82.90081024169922,,,,,,
2023-06-22,83.5772476196289,,,,,,
2023-06-23,82.67041778564453,,,,,,
2023-06-26,82.07727813720703,,,,,,
2023-06-27,83.6949234008789,,,,,,
2023-06-28,83.74392700195312,,,,,,
2023-06-29,83.8909912109375,,,,,,
2023-06-30,85.22429656982422,,,,,,
2023-07-03,85.04295349121094,,,,,,
2023-07-05,84.5184326171875,,,,,,
2023-07-06,84.29293823242188,,,,,,
2023-07-07,83.92530822753906,,,,,,
2023-07-10,84.14588928222656,,,,,,
2023-07-11,84.3272476196289,,,,,,
2023-07-12,85.28311920166016,,,,,,
2023-07-13,86.39586639404297,,,,,,
2023-07-14,86.26841735839844,,,,,,
2023-07-17,87.371337890625,,,,,,
2023-07-18,88.36151123046875,,,,,,
2023-07-19,88.14093780517578,,,,,,
2023-07-20,86.38115692138672,,,,,,
2023-07-21,86.3370361328125,,,,,,
2023-07-24,86.48898315429688,,,,,,
2023-07-25,87.4791488647461,,,,,,
2023-07-26,86.30271911621094,,,,,,
2023-07-27,86.05271911621094,,,,,,
2023-07-28,87.22428131103516,,,,,,
2023-07-31,87.42526245117188,,,,,,
2023-08-01,87.57231140136719,,,,,,
2023-08-02,85.40567016601562,,,,,,
2023-08-03,85.05764770507812,,,,,,
2023-08-04,83.90080261230469,,,,,,
2023-08-07,84.13607788085938,,,,,,
2023-08-08,83.48904418945312,,,,,,
2023-08-09,82.41060638427734,,,,,,
2023-08-10,82.42041778564453,,,,,,
2023-08-11,81.81259155273438,,,,,,
2023-08-14,83.11650085449219,,,,,,
2023-08-15,82.2978744506836,,,,,,
2023-08-16,81.5135726928711,,,,,,
2023-08-17,80.73906707763672,,,,,,
2023-08-18,80.86162567138672,,,,,,
2023-08-21,82.40573120117188,,,,,,
2023-08-22,82.31258392333984,,,,,,
2023-08-23,83.7978515625,,,,,,
2023-08-24,81.86650085449219,,,,,,
2023-08-25,82.69982147216797,,,,,,
2023-08-28,83.37628173828125,,,,,,
2023-08-29,85.04784393310547,,,,,,
2023-08-30,85.68998718261719,,,,,,
2023-08-31,86.10665130615234,,,,,,
2023-09-01,86.37134552001953,,,,,,
2023-09-05,86.68016815185547,,,,,,
2023-09-06,85.76351165771484,,,,,,
2023-09-07,84.5233383178711,,,,,,
2023-09-08,84.69978332519531,,,,,,
2023-09-11,85.14097595214844,,,,,,
2023-09-12,83.59688568115234,,,,,,
2023-09-13,83.80764770507812,,,,,,
2023-09-14,84.41548919677734,,,,,,
2023-09-15,82.79296112060547,,,,,,
2023-09-18,83.19087219238281,,,,,,
2023-09-19,83.14665222167969,,,,,,
2023-09-20,81.8399658203125,,,,,,
2023-09-21,80.59223175048828,,,,,,
2023-09-22,80.76416015625,,,,,,
2023-09-25,81.0245132446289,,,,,,
2023-09-26,79.5655517578125,,,,,,
2023-09-27,79.68836212158203,,,,,,
2023-09-28,80.25328063964844,,,,,,
2023-09-29,80.52837371826172,,,,,,
2023-10-02,81.39293670654297,,,,,,
2023-10-03,80.01258087158203,,,,,,
2023-10-04,81.00978088378906,,,,,,
2023-10-05,81.11785125732422,,,,,,
2023-10-06,82.63577270507812,,,,,,
2023-10-09,83.06314849853516,,,,,,
2023-10-10,83.19087219238281,,,,,,
2023-10-11,83.96209716796875,,,,,,
2023-10-12,84.04071044921875,,,,,,
2023-10-13,82.83718872070312,,,,,,
2023-10-16,83.63297271728516,,,,,,
2023-10-17,83.24491119384766,,,,,,
2023-10-18,82.39013671875,,,,,,
2023-10-19,81.91856384277344,,,,,,
2023-10-20,80.53329467773438,,,,,,
2023-10-23,80.62662506103516,,,,,,
2023-10-24,81.18170928955078,,,,,,
2023-10-25,80.22380828857422,,,,,,
2023-10-26,78.69115447998047,,,,,,
2023-10-27,79.14798736572266,,,,,,
2023-10-30,79.99784088134766,,,,,,
2023-10-31,80.56766510009766,,,,,,
2023-11-01,82.12488555908203,,,,,,
2023-11-02,83.51506805419922,,,,,,
2023-11-03,84.37474060058594,,,,,,
2023-11-06,84.92984008789062,,,,,,
2023-11-07,85.8582763671875,,,,,,
2023-11-08,86.34461212158203,,,,,,
2023-11-09,85.9417953491211,,,,,,
2023-11-10,88.18673706054688,,,,,,
2023-11-13,87.67094421386719,,,,,,
2023-11-14,89.4246597290039,,,,,,
2023-11-15,89.53763580322266,,,,,,
2023-11-16,89.98465728759766,,,,,,
2023-11-17,89.79800415039062,,,,,,
2023-11-20,91.09976196289062,,,,,,
2023-11-21,90.3629150390625,,,,,,
2023-11-22,90.76573181152344,,,,,,
2023-11-24,90.58887481689452,,,,,,
2023-11-27,90.58397674560548,,,,,,
2023-11-28,90.7559051513672,,,,,,
2023-11-29,90.8246841430664,,,,,,
2023-11-30,90.95730590820312,,,,,,
2023-12-01,91.1636199951172,,,,,,
2023-12-04,90.05345916748047,,,,,,
2023-12-05,90.59378051757812,,,,,,
2023-12-06,89.82746887207031,,,,,,
2023-12-07,90.91802215576172,,,,,,
2023-12-08,91.69417572021484,,,,,,
2023-12-11,92.49488067626952,,,,,,
2023-12-12,93.10892486572266,,,,,,
2023-12-13,93.92930603027344,,,,,,
2023-12-14,93.69841003417967,,,,,,
2023-12-15,94.16999053955078,,,,,,
2023-12-18,94.45162200927734,,,,,,
2023-12-19,94.81100463867188,,,,,,
2023-12-20,93.37834930419922,,,,,,
2023-12-21,94.42698669433594,,,,,,
2023-12-22,94.5500717163086,,,,,,
2023-12-26,94.94392395019533,,,,,,
2023-12-27,94.93899536132812,,,,,,
2023-12-28,95.05224609375,,,,,,
2023-12-29,94.7617645263672,,,,,,
2024-01-02,92.28048706054688,,,,,,
2024-01-03,91.34014892578124,,,,,,
2024-01-04,90.67058563232422,,,,,,
2024-01-05,90.6459732055664,,,,,,
2024-01-08,92.92050170898438,,,,,,
2024-01-09,93.06819152832033,,,,,,
2024-01-10,93.86082458496094,,,,,,
2024-01-11,94.33836364746094,,,,,,
2024-01-12,94.64360809326172,,,,,,
2024-01-16,94.87992095947266,,,,,,
2024-01-17,94.4122314453125,,,,,,
2024-01-18,96.32735443115234,,,,,,
2024-01-19,98.54769897460938,,,,,,
2024-01-22,98.98095703125,,,,,,
2024-01-23,99.37972259521484,,,,,,
2024-01-24,100.06404113769533,,,,,,
2024-01-25,100.4825439453125,,,,,,
2024-01-26,99.32557678222656,,,,,,
2024-01-29,100.2363739013672,,,,,,
2024-01-30,99.40927124023438,,,,,,
2024-01-31,97.32183837890624,,,,,,
2024-02-01,98.54769897460938,,,,,,
2024-02-02,99.56681823730467,,,,,,
2024-02-05,99.79327392578124,,,,,,
2024-02-06,99.33541870117188,,,,,,
2024-02-07,100.64990997314452,,,,,,
2024-02-08,100.96499633789062,,,,,,
2024-02-09,102.32379150390624,,,,,,
2024-02-12,101.5459442138672,,,,,,
2024-02-13,99.82281494140624,,,,,,
2024-02-14,100.8665542602539,,,,,,
2024-02-15,100.6548309326172,,,,,,
2024-02-16,99.72927856445312,,,,,,
2024-02-20,98.71509552001952,,,,,,
2024-02-21,98.09478759765624,,,,,,
2024-02-22,101.30469512939452,,,,,,
2024-02-23,101.0683822631836,,,,,,
2024-02-26,101.16686248779295,,,,,,
2024-02-27,101.25547790527344,,,,,,
2024-02-28,100.77792358398438,,,,,,
2024-02-29,101.9004135131836,,,,,,
2024-03-01,103.76136779785156,,,,,,
2024-03-04,103.76136779785156,,,,,,
2024-03-05,101.21116638183594,,,,,,
2024-03-06,102.01364135742188,,,,,,
2024-03-07,103.62353515625,,,,,,
2024-03-08,102.08257293701172,,,,,,
2024-03-11,101.80194854736328,,,,,,
2024-03-12,103.8893814086914,,,,,,
2024-03-13,102.76689910888672,,,,,,
2024-03-14,102.7865982055664,,,,,,
2024-03-15,101.23577880859376,,,,,,
2024-03-18,101.7333526611328,,,,,,
2024-03-19,102.2610092163086,,,,,,
2024-03-20,103.40506744384766,,,,,,
2024-03-21,103.47903442382812,,,,,,
2024-03-22,103.51356506347656,,,,,,
2024-03-25,102.82811737060548,,,,,,
2024-03-26,102.40402221679688,,,,,,
2024-03-27,102.92674255371094,,,,,,
2024-03-28,102.70482635498048,,,,,,
2024-04-01,102.9908447265625,,,,,,
2024-04-02,101.99964141845705,,,,,,
2024-04-03,102.27086639404295,,,,,,
2024-04-04,100.65338134765624,,,,,,
2024-04-05,101.80731964111328,,,,,,
2024-04-08,101.68897247314452,,,,,,
2024-04-09,102.20183563232422,,,,,,
2024-04-10,100.94927215576172,,,,,,
2024-04-11,102.96617889404295,,,,,,
2024-04-12,101.29938507080078,,,,,,
2024-04-15,99.37618255615234,,,,,,
2024-04-16,99.49452209472656,,,,,,
2024-04-17,98.05950927734376,,,,,,
2024-04-18,96.94010162353516,,,,,,
2024-04-19,94.94290924072266,,,,,,
2024-04-22,95.79109954833984,,,,,,
2024-04-23,97.2113265991211,,,,,,
2024-04-24,97.65514373779295,,,,,,
2024-04-25,97.4430923461914,,,,,,
2024-04-26,98.54278564453124,,,,,,
2024-04-29,98.96688079833984,,,,,,
2024-04-30,96.7872314453125,,,,,,
2024-05-01,95.7960205078125,,,,,,
2024-05-02,97.1768035888672,,,,,,
2024-05-03,99.88410186767578,,,,,,
2024-05-06,101.05774688720705,,,,,,
2024-05-07,100.72735595703124,,,,,,
2024-05-08,101.01337432861328,,,,,,
2024-05-09,100.98377990722656,,,,,,
2024-05-10,101.35857391357422,,,,,,
2024-05-13,101.8369140625,,,,,,
2024-05-14,102.73934173583984,,,,,,
2024-05-15,105.05215454101562,,,,,,
2024-05-16,104.68722534179688,,,,,,
2024-05-17,104.45545196533205,,,,,,
2024-05-20,105.683349609375,,,,,,
2024-05-21,105.85594177246094,,,,,,
2024-05-22,106.09264373779295,,,,,,
2024-05-23,105.22966003417967,,,,,,
2024-05-24,106.1173095703125,,,,,,
2024-05-28,106.56605529785156,,,,,,
2024-05-29,105.89046478271484,,,,,,
2024-05-30,103.47410583496094,,,,,,
2024-05-31,103.63685607910156,,,,,,
2024-06-03,103.89820861816406,,,,,,
2024-06-04,104.11518096923828,,,,,,
2024-06-05,106.42798614501952,,,,,,
2024-06-06,106.07292938232422,,,,,,
2024-06-07,106.31948852539062,,,,,,
2024-06-10,106.59070587158205,,,,,,
2024-06-11,108.5730972290039,,,,,,
2024-06-12,110.9746551513672,,,,,,
2024-06-13,111.85244750976562,,,,,,
2024-06-14,112.27159881591795,,,,,,
2024-06-17,113.97290802001952,,,,,,
2024-06-18,114.1159210205078,,,,,,
2024-06-20,112.8337631225586,,,,,,
2024-06-21,112.63652801513672,,,,,,
2024-06-24,109.87507629394533,,,,,,
2024-06-25,111.8905792236328,,,,,,
2024-06-26,111.76215362548828,,,,,,
2024-06-27,111.81649017333984,,,,,,
2024-06-28,111.75721740722656,,,,,,
2024-07-01,112.60194396972656,,,,,,
2024-07-02,113.16510009765624,,,,,,
2024-07-03,114.6915512084961,,,,,,
2024-07-05,115.04229736328124,,,,,,
2024-07-08,115.82776641845705,,,,,,
2024-07-09,115.73389434814452,,,,,,
2024-07-10,117.41349029541016,,,,,,
2024-07-11,114.47420501708984,,,,,,
2024-07-12,115.49676513671876,,,,,,
2024-07-15,115.70426177978516,,,,,,
2024-07-16,115.3189468383789,,,,,,
2024-07-17,110.83342742919922,,,,,,
2024-07-18,110.84331512451172,,,,,,
2024-07-19,109.109375,,,,,,
2024-07-22,111.69300079345705,,,,,,
2024-07-23,111.2483901977539,,,,,,
2024-07-24,106.6443328857422,,,,,,
2024-07-25,105.5031967163086,,,,,,
2024-07-26,106.8419189453125,,,,,,
2024-07-29,106.36769104003906,,,,,,
2024-07-30,103.69515991210938,,,,,,
2024-07-31,108.08679962158205,,,,,,
2024-08-01,104.05577850341795,,,,,,
2024-08-02,101.1313018798828,,,,,,
2024-08-05,97.76223754882812,,,,,,
2024-08-06,99.0910873413086,,,,,,
2024-08-07,97.485595703125,,,,,,
2024-08-08,101.12637329101562,,,,,,
2024-08-09,101.58084869384766,,,,,,
2024-08-12,102.41075134277344,,,,,,
2024-08-13,105.55753326416016,,,,,,
2024-08-14,106.13550567626952,,,,,,
2024-08-15,109.18841552734376,,,,,,
2024-08-16,109.3711929321289,,,,,,
2024-08-19,111.17428588867188,,,,,,
2024-08-20,110.7840347290039,,,,,,
2024-08-21,111.43610382080078,,,,,,
2024-08-22,108.87226104736328,,,,,,
2024-08-23,110.63582611083984,,,,,,
2024-08-26,109.24769592285156,,,,,,
2024-08-27,109.90965270996094,,,,,,
2024-08-28,108.39308166503906,,,,,,
2024-08-29,107.41496276855467,,,,,,
2024-08-30,108.84262084960938,,,,,,
2024-09-03,103.84336853027344,,,,,,
2024-09-04,103.57659912109376,,,,,,
2024-09-05,103.41851806640624,,,,,,
2024-09-06,100.73611450195312,,,,,,
2024-09-09,102.38605499267578,,,,,,
2024-09-10,103.9174575805664,,,,,,
2024-09-11,107.46436309814452,,,,,,
2024-09-12,108.3535614013672,,,,,,
2024-09-13,108.89696502685548,,,,,,
2024-09-16,108.48200225830078,,,,,,
2024-09-17,108.26958465576172,,,,,,
2024-09-18,107.28157806396484,,,,,,
2024-09-19,110.4678726196289,,,,,,
2024-09-20,109.92940521240234,,,,,,
2024-09-23,109.90912628173828,,,,,,
2024-09-24,110.6613540649414,,,,,,
2024-09-25,110.97808074951172,,,,,,
2024-09-26,112.44789123535156,,,,,,
2024-09-27,111.39873504638672,,,,,,
2024-09-30,111.72535705566406,,,,,,
2024-10-01,109.00348663330078,,,,,,
2024-10-02,109.81015014648438,,,,,,
2024-10-03,110.26544189453124,,,,,,
2024-10-04,111.49275970458984,,,,,,
2024-10-07,110.72569274902344,,,,,,
2024-10-08,112.7943115234375,,,,,,
2024-10-09,114.05625915527344,,,,,,
2024-10-10,114.02658081054688,,,,,,
2024-10-11,114.22451782226562,,,,,,
2024-10-14,115.7141342163086,,,,,,
2024-10-15,113.17042541503906,,,,,,
2024-10-16,113.52178192138672,,,,,,
2024-10-17,113.8682098388672,,,,,,
2024-10-18,114.27401733398438,,,,,,
2024-10-21,114.80850219726562,,,,,,
2024-10-22,114.6897201538086,,,,,,
2024-10-23,113.04669952392578,,,,,,
2024-10-24,113.3782730102539,,,,,,
2024-10-25,113.9671859741211,,,,,,
2024-10-28,113.93254852294922,,,,,,
2024-10-29,115.46669006347656,,,,,,
2024-10-30,113.6306610107422,,,,,,
2024-10-31,109.98336029052734,,,,,,
2024-11-01,110.809814453125,,,,,,
2024-11-04,110.72569274902344,,,,,,
2024-11-05,112.2845687866211,,,,,,
2024-11-06,115.4815444946289,,,,,,
2024-11-07,117.4957275390625,,,,,,
2024-11-08,117.36705780029295,,,,,,
2024-11-11,116.71875762939452,,,,,,
2024-11-12,116.8672103881836,,,,,,
2024-11-13,116.46141815185548,,,,,,
2024-11-14,116.06549072265624,,,,,,
2024-11-15,113.1852798461914,,,,,,
2024-11-18,113.55147552490234,,,,,,
2024-11-19,114.48186492919922,,,,,,
2024-11-20,114.38288879394533,,,,,,
2024-11-21,115.54586791992188,,,,,,
2024-11-22,115.60525512695312,,,,,,
2024-11-25,115.60030364990234,,,,,,
2024-11-26,116.1793212890625,,,,,,
2024-11-27,114.60558319091795,,,,,,
2024-11-29,115.66958618164062,,,,,,
2024-12-02,116.76824951171876,,,,,,
2024-12-03,117.18889617919922,,,,,,
2024-12-04,119.33175659179688,,,,,,
2024-12-05,118.72798919677734,,,,,,
2024-12-06,119.18822479248048,,,,,,
2024-12-09,118.41126251220705,,,,,,
2024-12-10,116.76824951171876,,,,,,
2024-12-11,118.4607391357422,,,,,,
2024-12-12,117.79759979248048,,,,,,
2024-12-13,118.30238342285156,,,,,,
2024-12-16,119.48516082763672,,,,,,
2024-12-17,118.76262664794922,,,,,,
2024-12-18,114.93222045898438,,,,,,
2024-12-19,115.05594635009766,,,,,,
2024-12-20,116.77320098876952,,,,,,
2024-12-23,118.01044464111328,,,,,,
2024-12-24,119.22985076904295,,,,,,
2024-12-26,119.30915832519533,,,,,,
2024-12-27,117.72293853759766,,,,,,
2024-12-30,116.22593688964844,,,,,,
2024-12-31,115.25933074951172,,,,,,
2025-01-02,114.9866943359375,,,,,,
2025-01-03,116.86042022705078,,,,,,
2025-01-06,118.34751892089844,,,,,,
2025-01-07,115.97313690185548,,,,,,
2025-01-08,115.93347930908205,,,,,,
2025-01-10,113.40542602539062,,,,,,
2025-01-13,112.60240173339844,,,,,,
2025-01-14,112.8998031616211,,,,,,
2025-01-15,115.1453094482422,,,,,,
2025-01-16,114.25801849365234,,,,,,
2025-01-17,116.04747772216795,,,,,,
2025-01-21,117.01409149169922,,,,,,
2025-01-22,119.65615844726562,,,,,,
2025-01-23,119.86930847167967,,,,,,
2025-01-24,118.62015533447266,,,,,,
2025-01-27,112.80563354492188,,,,,,
2025-01-28,115.81451416015624,,,,,,
2025-01-29,114.87269592285156,,,,,,
2025-01-30,115.08583068847656,,,,,,
2025-01-31,114.41168212890624,,,,,,
2025-02-03,112.87007904052734,,,,,,
2025-02-04,114.49596405029295,,,,,,
2025-02-05,116.08715057373048,,,,,,
2025-02-06,116.40438079833984,,,,,,
2025-02-07,115.40804290771484,,,,,,
2025-02-10,117.09341430664062,,,,,,
2025-02-11,117.14793395996094,,,,,,
2025-02-12,116.89513397216795,,,,,,
2025-02-13,118.55076599121094,,,,,,
2025-02-14,118.95226287841795,,,,,,
2025-02-18,120.03783416748048,,,,,,
2025-02-19,120.0477523803711,,,,,,
2025-02-20,119.66606903076172,,,,,,
2025-02-21,116.42420959472656,,,,,,
2025-02-24,114.75867462158205,,,,,,
2025-02-25,113.27157592773438,,,,,,
2025-02-26,114.50587463378906,,,,,,
2025-02-27,110.3370590209961,,,,,,
2025-02-28,111.79440307617188,,,,,,
2025-03-03,108.39392852783205,,,,,,
2025-03-04,108.3096694946289,,,,,,
2025-03-05,109.83145141601562,,,,,,
2025-03-06,106.7829132080078,,,,,,
2025-03-07,108.3294906616211,,,,,,
2025-03-10,103.7244644165039,,,,,,
2025-03-11,103.3031234741211,,,,,,
2025-03-12,104.92901611328124,,,,,,
2025-03-13,102.93630981445312,,,,,,
2025-03-14,106.0492935180664,,,,,,
2025-03-17,106.78787231445312,,,,,,
2025-03-18,105.16199493408205,,,,,,
2025-03-19,106.53010559082033,,,,,,
2025-03-20,105.77169799804688,,,,,,
2025-03-21,106.05919647216795,,,,,,
2025-03-24,108.06781768798828,,,,,,
2025-03-25,108.42534637451172,,,,,,
2025-03-26,106.0070571899414,,,,,,
2025-03-27,105.02881622314452,,,,,,
2025-03-28,102.48143768310548,,,,,,
2025-03-31,102.53109741210938,,,,,,
2025-04-01,103.2809066772461,,,,,,
2025-04-02,104.04562377929688,,,,,,
2025-04-03,96.9447250366211,,,,,,
2025-04-04,90.55887603759766,,,,,,
2025-04-07,91.10013580322266,,,,,,
2025-04-08,89.24794006347656,,,,,,
2025-04-09,101.23009490966795,,,,,,
2025-04-10,96.51766967773438,,,,,,
2025-04-11,98.49401092529295,,,,,,
2025-04-14,99.3927993774414,,,,,,
2025-04-15,99.75528717041016,,,,,,
2025-04-16,96.28925323486328,,,,,,
2025-04-17,95.76786041259766,,,,,,
2025-04-21,93.29496002197266,,,,,,
2025-04-22,95.56924438476562,,,,,,
2025-04-23,98.34007263183594,,,,,,
2025-04-24,102.00969696044922,,,,,,
2025-04-25,103.5192642211914,,,,,,
2025-04-28,103.3504409790039,,,,,,
2025-04-29,103.83210754394533,,,,,,
2025-04-30,104.26412200927734,,,,,,
2025-05-01,105.79354095458984,,,,,,
2025-05-02,107.56131744384766,,,,,,
2025-05-05,106.99027252197266,,,,,,
2025-05-06,106.1014175415039,,,,,,
2025-05-07,107.16407012939452,,,,,,
2025-05-08,108.1869888305664,,,,,,
2025-05-09,108.05292510986328,,,,,,
2025-05-12,113.06824493408205,,,,,,
2025-05-13,115.5113525390625,,,,,,
2025-05-14,116.26117706298828,,,,,,
2025-05-15,116.4200668334961,,,,,,
2025-05-16,116.63856506347656,,,,,,
2025-05-19,116.4697265625,,,,,,
2025-05-20,116.03274536132812,,,,,,
2025-05-21,113.85282135009766,,,,,,
2025-05-22,113.88262176513672,,,,,,
2025-05-23,112.62629699707033,,,,,,
2025-05-27,115.30279541015624,,,,,,
2025-05-28,114.82609558105467,,,,,,
2025-05-29,115.0197525024414,,,,,,
2025-05-30,114.66222381591795,,,,,,
2025-06-02,115.67521667480467,,,,,,
2025-06-03,117.41320037841795,,,,,,
2025-06-04,117.58700561523438,,,,,,
2025-06-05,117.25431060791016,,,,,,
2025-06-06,118.36164855957033,,,,,,
2025-06-09,118.942626953125,,,,,,
2025-06-10,119.60802459716795,,,,,,
2025-06-11,119.34484100341795,,,,,,
2025-06-12,120.45220184326172,,,,,,
2025-06-13,118.76386260986328,,,,,,
2025-06-16,120.6855697631836,,,,,,
2025-06-17,119.83148193359376,,,,,,
2025-06-18,119.9754867553711,,,,,,
2025-06-20,119.44415283203124,,,,,,
2025-06-23,120.80602264404295,,,,,,
2025-06-24,122.97463989257812,,,,,,
2025-06-25,124.02413177490234,,,,,,
2025-06-26,124.879638671875,,,,,,
2025-06-27,124.7304229736328,,,,,,
2025-06-30,125.95399475097656,,,,,,
2025-07-01,124.82989501953124,,,,,,
2025-07-02,126.14797973632812,,,,,,
2025-07-03,127.80925750732422,,,,,,
2025-07-07,126.79459381103516,,,,,,
2025-07-08,127.47602081298828,,,,,,
2025-07-09,128.2419891357422,,,,,,
2025-07-10,127.8192138671875,,,,,,
2025-07-11,127.25715637207033,,,,,,
2025-07-14,127.15270233154295,,,,,,
2025-07-15,128.28179931640625,,,,,,
2025-07-16,128.67967224121094,,,,,,
2025-07-17,129.8485565185547,,,,,,
2025-07-18,129.76400756835938,,,,,,
2025-07-21,129.93313598632812,,,,,,
2025-07-22,128.7294464111328,,,,,,
2025-07-23,129.465576171875,,,,,,
2025-07-24,130.0126953125,,,,,,
2025-07-25,130.31112670898438,,,,,,
2025-07-28,131.3506622314453,,,,,,
2025-07-29,131.35565185546875,,,,,,
2025-07-30,131.64910888671875,,,,,,
2025-07-31,130.68418884277344,,,,,,
2025-08-01,127.86398315429688,,,,,,
2025-08-04,130.46034240722656,,,,,,
2025-08-05,129.3810272216797,,,,,,
2025-08-06,130.83834838867188,,,,,,
2025-08-07,130.9577178955078,,,,,,
2025-08-08,132.26588439941406,,,,,,
2025-08-11,131.3705596923828,,,,,,
2025-08-12,133.40489196777344,,,,,,
2025-08-13,133.4546356201172,,,,,,
2025-08-14,133.16615295410156,,,,,,
2025-08-15,132.15646362304688,,,,,,
2025-08-18,132.43995666503906,,,,,,
2025-08-19,130.12709045410156,,,,,,
2025-08-20,129.24671936035156,,,,,,
2025-08-21,128.77919006347656,,,,,,
2025-08-22,130.5250244140625,,,,,,
2025-08-25,130.23155212402344,,,,,,
2025-08-26,130.8284149169922,,,,,,
2025-08-27,131.5347137451172,,,,,,
2025-08-28,132.57424926757812,,,,,,
2025-08-29,130.53993225097656,,,,,,
2025-09-02,129.22183227539062,,,,,,
2025-09-03,129.99281311035156,,,,,,
2025-09-04,130.63446044921875,,,,,,
2025-09-05,130.7438507080078,,,,,,
2025-09-08,131.72372436523438,,,,,,
2025-09-09,131.97738647460938,,,,,,
2025-09-10,134.3698272705078,,,,,,
2025-09-11,134.82244873046875,,,,,,
2025-09-12,134.73291015625,,,,,,
2025-09-15,135.94656372070312,,,,,,
2025-09-16,135.4740447998047,,,,,,
2025-09-17,135.00648498535156,,,,,,
2025-09-18,137.33926391601562,,,,,,
2025-09-19,138.73194885253906,,,,,,
2025-09-22,140.77285766601562,,,,,,
2025-09-23,139.55767822265625,,,,,,
2025-09-24,138.69607543945312,,,,,,
2025-09-25,138.45205688476562,,,,,,
2025-09-26,138.87039184570312,,,,,,
2025-09-29,139.61244201660156,,,,,,
2025-09-30,140.3744354248047,,,,,,
2025-10-01,141.74899291992188,,,,,,
2025-10-02,142.51596069335938,,,,,,
2025-10-03,141.79879760742188,,,,,,
2025-10-06,143.23312377929688,,,,,,
2025-10-07,142.27691650390625,,,,,,
2025-10-08,144.77203369140625,,,,,,
2025-10-09,144.5279998779297,,,,,,
2025-10-10,138.6462860107422,,,,,,
2025-10-13,142.02293395996094,,,,,,
2025-10-14,140.20013427734375,,,,,,
2025-10-15,141.58963012695312,,,,,,
2025-10-16,141.6942138671875,,,,,,
2025-10-17,141.9432373046875,,,,,,
2025-10-20,143.52696228027344,,,,,,
2025-10-21,143.60166931152344,,,,,,
2025-10-22,142.18228149414062,,,,,,
2025-10-23,143.9751739501953,,,,,,
2025-10-24,146.21133422851562,,,,,,
2025-10-27,148.91067504882812,,,,,,
2025-10-28,150.3848114013672,,,,,,
2025-10-29,151.46554565429688,,,,,,
2025-10-30,149.60292053222656,,,,,,
2025-10-31,149.74732971191406,,,,,,
2025-11-03,150.3599090576172,,,,,,
2025-11-04,146.390625,,,,,,
2025-11-05,146.96337890625,,,,,,
2025-11-06,144.0100555419922,,,,,,
2025-11-07,143.5120086669922,,,,,,
2025-11-10,147.18251037597656,,,,,,
2025-11-11,145.92747497558594,,,,,,
2025-11-12,146.38067626953125,,,,,,
2025-11-13,142.73011779785156,,,,,,
2025-11-14,143.50704956054688,,,,,,
2025-11-17,141.2609405517578,,,,,,
2025-11-18,138.96502685546875,,,,,,
2025-11-19,139.93118286132812,,,,,,
2025-11-20,135.53857421875,,,,,,
2025-11-21,136.0615234375,,,,,,
2025-11-24,139.3036651611328,,,,,,
2025-11-25,139.6772003173828,,,,,,
2025-11-26,141.33065795898438,,,,,,
2025-11-28,142.5458526611328,,,,,,
2025-12-01,142.610595703125,,,,,,
2025-12-02,144.07977294921875,,,,,,
2025-12-03,144.4234161376953,,,,,,
2025-12-04,144.96128845214844,,,,,,
2025-12-05,146.02207946777344,,,,,,
2025-12-08,147.04803466796875,,,,,,
2025-12-09,147.43649291992188,,,,,,
2025-12-10,148.1436767578125,,,,,,
2025-12-11,147.38668823242188,,,,,,
2025-12-12,143.12356567382812,,,,,,
2025-12-15,141.73904418945312,,,,,,
2025-12-16,141.99801635742188,,,,,,
2025-12-17,138.8404998779297,,,,,,
2025-12-18,140.98204040527344,,,,,,
2025-12-19,144.0299835205078,,,,,,
2025-12-22,144.80706787109375,,,,,,
2025-12-23,145.59515380859375,,,,,,
2025-12-24,145.94430541992188,,,,,,
2025-12-26,146.17373657226562,,,,,,
2025-12-29,145.51535034179688,,,,,,
2025-12-30,145.0564727783203,,,,,,
2025-12-31,143.61996459960938,,,,,,
2026-01-02,143.94915771484375,,,,,,
2026-01-05,144.26837158203125,,,,,,
2026-01-06,146.29344177246094,,,,,,
2026-01-07,146.17373657226562,,,,,,
2026-01-08,143.88931274414062,,,,,,
2026-01-09,145.79466247558594,,,,,,
2026-01-12,146.43310546875,,,,,,
2026-01-13,146.1238555908203,,,,,,
2026-01-14,144.3481903076172,,,,,,
2026-01-15,145.10635375976562,,,,,,
2026-01-16,145.2659454345703,,,,,,
2026-01-20,141.49514770507812,,,,,,
2026-01-21,143.46034240722656,,,,,,
2026-01-22,144.5277557373047,,,,,,
2026-01-23,144.73724365234375,,,,,,
2026-01-26,145.72483825683594,,,,,,
2026-01-27,147.69004821777344,,,,,,
2026-01-28,148.86717224121094,,,,,,
2026-01-29,146.51290893554688,,,,,,
2026-01-30,143.5301971435547,,,,,,
2026-02-02,144.9068145751953,,,,,,
2026-02-03,141.73455810546875,,,,,,
2026-02-04,137.7841796875,,,,,,
2026-02-05,135.3002471923828,,,,,,
2026-02-06,140.786865234375,,,,,,
2026-02-09,143.00148010253906,,,,,,
2026-02-10,142.20343017578125,,,,,,
2026-02-11,142.62240600585938,,,,,,
2026-02-12,138.87155151367188,,,,,,
2026-02-13,139.22068786621094,,,,,,
2026-02-17,139.14088439941406,,,,,,
2026-02-18,140.56741333007812,,,,,,
2026-02-19,139.86911010742188,,,,,,
2026-02-20,140.53749084472656,,,,,,
2026-02-23,138.1832275390625,,,,,,
2026-02-24,139.97885131835938,,,,,,
2026-02-25,142.66229248046875,,,,,,
2026-02-26,140.6671600341797,,,,,,
2026-02-27,138.42262268066406,,,,,,
2026-03-02,139.2007293701172,,,,,,
2026-03-03,137.1656951904297,,,,,,
2026-03-04,139.5,,,,,,
2026-03-05,139.83917236328125,,,,,,
2026-03-06,136.95620727539062,,,,,,
2026-03-09,139.42019653320312,,,,,,
2026-03-10,139.42019653320312,,,,,,
2026-03-11,140.08856201171875,,,,,,
2026-03-12,137.50486755371094,,,,,,
2026-03-13,136.4674072265625,,,,,,
2026-03-16,138.44259643554688,,,,,,
2026-03-17,139.2007293701172,,,,,,
2026-03-18,137.62457275390625,,,,,,
2026-03-19,138.0934295654297,,,,,,
2026-03-20,134.96107482910156,,,,,,
2026-03-23,136.78689575195312,,,,,,
2026-03-24,135.9878387451172,,,,,,
2026-03-25,136.5971221923828,,,,,,
2026-03-26,132.34219360351562,,,,,,
2026-03-27,129.76527404785156,,,,,,
2026-03-30,127.34815216064452,,,,,,
2026-03-31,132.74171447753906,,,,,,
2026-04-01,134.74932861328125,,,,,,
2026-04-02,135.8280487060547,,,,,,
2026-04-06,136.61709594726562,,,,,,
2026-04-07,137.2663116455078,,,,,,
2026-04-08,141.52125549316406,,,,,,
2026-04-09,141.9008026123047,,,,,,
2026-04-10,142.45013427734375,,,,,,
2026-04-13,145.43658447265625,,,,,,
2026-04-14,147.76380920410156,,,,,,
2026-04-15,150.12100219726562,,,,,,
2026-04-16,151.83895874023438,,,,,,
2026-04-17,154.1661834716797,,,,,,
2026-04-20,154.37591552734375,,,,,,
2026-04-21,154.50576782226562,,,,,,
2026-04-22,157.90171813964844,,,,,,
2026-04-23,155.65440368652344,,,,,,
2026-04-24,160.02919006347656,,,,,,
2026-04-27,160.37876892089844,,,,,,
2026-04-28,157.66201782226562,,,,,,
2026-04-29,158.92050170898438,,,,,,
2026-04-30,159.31004333496094,,,,,,
2026-05-01,161.67721557617188,,,,,,
2026-05-04,161.8570098876953,,,,,,
2026-05-05,165.4327392578125,,,,,,
2026-05-06,169.82749938964844,,,,,,
2026-05-07,169.4879150390625,,,,,,
2026-05-08,175.31097412109375,,,,,,
2026-05-11,177.66815185546875,,,,,,
2026-05-12,174.99134826660156,,,,,,
2026-05-13,176.63938903808594,,,,,,
2026-05-14,179.28622436523438,,,,,,
2026-05-15,176.05007934570312,,,,,,
2026-05-18,174.15234375,,,,,,
2026-05-19,173.03367614746094,,,,,,
2026-05-20,176.9290313720703,,,,,,
2026-05-21,178.38729858398438,,,,,,
2026-05-22,180.17515563964844,,,,,,
2026-05-26,184.9195098876953,,,,,,
2026-05-27,184.21034240722656,,,,,,
2026-05-28,186.62747192382807,,,,,,
2026-05-29,190.79251098632807,,,,,,
2026-06-01,195.52685546875,,,,,,
2026-06-02,197.9739532470703,,,,,,
2026-06-03,195.9962921142578,,,,,,
2026-06-04,192.93994140625,,,,,,
2026-06-05,180.08526611328125,,,,,,
2026-06-08,183.9606475830078,,,,,,
2026-06-09,180.55471801757807,,,,,,
2026-06-10,176.41964721679688,,,,,,
2026-06-11,182.99180603027344,,,,,,
2026-06-12,184.5799102783203,,,,,,
2026-06-15,191.56158447265625,,,,,,
2026-06-16,186.21795654296875,,,,,,
2026-06-17,185.57872009277344,,,,,,
2026-06-18,191.2120056152344,,,,,,
2026-06-22,192.1499938964844,,,,,,
2026-06-23,184.19000244140625,,,,,,
2026-06-24,183.0500030517578,,,,,,
2026-06-25,184.57000732421875,,,,,,
2026-06-26,181.1100006103516,,,,,,
2026-06-29,185.41000366210932,,,,,,
2026-06-30,190.5200042724609,,,,,,
2026-07-01,185.6199951171875,,,,,,
2026-07-02,180.58999633789065,,,,,,
2026-07-06,183.57000732421875,,,,,,
2026-07-07,179.17999267578125,,,,,,
2026-07-08,181.3999938964844,,,,,,
2026-07-09,185.3500061035156,,,,,,
2026-07-10,185.77999877929688,,,,,,
2026-07-13,181.27999877929688,,,,,,
2026-07-14,183.6199951171875,,,,,,
2026-07-15,181.5800018310547,,,,,,
2026-07-16,177.52000427246094,,,,,,
2026-07-17,175.58999633789062,,,,,,
2026-07-20,175.7100067138672,,,,,,
2026-07-21,180.77999877929688,,,,,,
2026-07-22,180.2700042724609,,,,,,
2026-07-23,178.4499969482422,,,,,,
2026-07-24,175.8800048828125,,,,,,
2026-07-27,174.3000030517578,,,,,,
2026-07-28,171.08999633789062,,,,,,
2026-07-29,166.57000732421875,,,,,,
2026-07-30,175.72999572753906,,,,,,
2026-07-31,175.35000610351562,,,,,,
2026-08-03,178.0399932861328,,,,,,
2026-08-04,186.8999938964844,,,,,,
2026-08-05,185.91000366210932,,,,,,
2026-08-06,185.3300018310547,,,,,,
2026-08-07,187.97000122070312,,,,,,
2026-08-10,186.32000732421875,,,,,,
2026-08-11,186.08999633789065,,,,,,
2026-08-12,188.8600006103516,,,,,,
2026-08-13,190.7700042724609,,,,,,
2026-08-14,190.009994506836,,,,,,
2026-08-17,190.32000732421875,,,,,,
2026-08-25,181.7400054931641,,,,,,
2026-08-26,182.83999633789065,,,,,,
2026-08-27,188.6100006103516,,,,,,
2026-08-28,185.69000244140625,,,,,,
2026-08-31,186.5,185.77,186.65,185.28,2868466.0,185.994,16439.0
2026-09-01,183.64,183.7,184.92,182.63,4898021.0,183.605,25265.0
