date,close,open,high,low,volume,average,barCount
2000-01-03,17.025697708129883,,,,,,
2000-01-04,16.699596405029297,,,,,,
2000-01-05,17.60999298095703,,,,,,
2000-01-06,18.520381927490234,,,,,,
2000-01-07,18.466033935546875,,,,,,
2000-01-10,18.20786476135254,,,,,,
2000-01-11,18.262216567993164,,,,,,
2000-01-12,18.15351295471192,,,,,,
2000-01-13,18.574743270874023,,,,,,
2000-01-14,18.20786476135254,,,,,,
2000-01-18,18.425268173217773,,,,,,
2000-01-19,18.60191345214844,,,,,,
2000-01-20,18.19426918029785,,,,,,
2000-01-21,18.47962188720703,,,,,,
2000-01-24,18.31656837463379,,,,,,
2000-01-25,18.275798797607425,,,,,,
2000-01-26,18.15351295471192,,,,,,
2000-01-27,17.60999298095703,,,,,,
2000-01-28,17.147998809814453,,,,,,
2000-01-31,18.01763343811035,,,,,,
2000-02-01,18.0855712890625,,,,,,
2000-02-02,18.221445083618164,,,,,,
2000-02-03,17.90892219543457,,,,,,
2000-02-04,17.582822799682617,,,,,,
2000-02-07,17.555639266967773,,,,,,
2000-02-08,17.161588668823242,,,,,,
2000-02-09,16.67022705078125,,,,,,
2000-02-10,16.588241577148438,,,,,,
2000-02-11,16.15098762512207,,,,,,
2000-02-14,16.711214065551758,,,,,,
2000-02-15,17.33976173400879,,,,,,
2000-02-16,17.490074157714844,,,,,,
2000-02-17,17.025495529174805,,,,,,
2000-02-18,16.39695167541504,,,,,,
2000-02-22,16.492597579956055,,,,,,
2000-02-23,16.31495475769043,,,,,,
2000-02-24,15.918704986572266,,,,,,
2000-02-25,15.536108016967772,,,,,,
2000-02-28,16.069000244140625,,,,,,
2000-02-29,16.465269088745117,,,,,,
2000-03-01,16.629234313964844,,,,,,
2000-03-02,16.834196090698242,,,,,,
2000-03-03,16.54724884033203,,,,,,
2000-03-06,15.94603443145752,,,,,,
2000-03-07,17.490074157714844,,,,,,
2000-03-08,17.408098220825195,,,,,,
2000-03-09,17.585729598999023,,,,,,
2000-03-10,16.841020584106445,,,,,,
2000-03-13,16.588241577148438,,,,,,
2000-03-14,16.888853073120117,,,,,,
2000-03-15,16.9981689453125,,,,,,
2000-03-16,17.435420989990234,,,,,,
2000-03-17,16.861530303955078,,,,,,
2000-03-20,16.36961555480957,,,,,,
2000-03-21,16.834196090698242,,,,,,
2000-03-22,16.383281707763672,,,,,,
2000-03-23,16.506258010864258,,,,,,
2000-03-24,16.888853073120117,,,,,,
2000-03-27,16.728294372558594,,,,,,
2000-03-28,17.27144432067871,,,,,,
2000-03-29,17.59937858581543,,,,,,
2000-03-30,17.189453125,,,,,,
2000-03-31,17.05282211303711,,,,,,
2000-04-03,17.59937858581543,,,,,,
2000-04-04,18.03664207458496,,,,,,
2000-04-05,17.435420989990234,,,,,,
2000-04-06,17.87266731262207,,,,,,
2000-04-07,17.394420623779297,,,,,,
2000-04-10,17.10748291015625,,,,,,
2000-04-11,17.353439331054688,,,,,,
2000-04-12,17.476411819458008,,,,,,
2000-04-13,17.490074157714844,,,,,,
2000-04-14,17.21678924560547,,,,,,
2000-04-17,16.506258010864258,,,,,,
2000-04-18,16.656566619873047,,,,,,
2000-04-19,16.92983627319336,,,,,,
2000-04-20,17.27144432067871,,,,,,
2000-04-24,17.462745666503906,,,,,,
2000-04-25,17.70870590209961,,,,,,
2000-04-26,17.517393112182617,,,,,,
2000-04-27,17.64037322998047,,,,,,
2000-04-28,16.984498977661133,,,,,,
2000-05-01,17.05282211303711,,,,,,
2000-05-02,17.10748291015625,,,,,,
2000-05-03,16.943513870239258,,,,,,
2000-05-04,17.380765914916992,,,,,,
2000-05-05,17.490074157714844,,,,,,
2000-05-08,17.585729598999023,,,,,,
2000-05-09,17.367101669311523,,,,,,
2000-05-10,17.818017959594727,,,,,,
2000-05-11,18.23071479797364,,,,,,
2000-05-12,18.03150177001953,,,,,,
2000-05-15,18.3818302154541,,,,,,
2000-05-16,18.299406051635746,,,,,,
2000-05-17,17.88725471496582,,,,,,
2000-05-18,17.904430389404297,,,,,,
2000-05-19,17.969682693481445,,,,,,
2000-05-22,18.31313705444336,,,,,,
2000-05-23,18.24445152282715,,,,,,
2000-05-24,18.23071479797364,,,,,,
2000-05-25,17.900997161865234,,,,,,
2000-05-26,18.10705947875977,,,,,,
2000-05-30,18.35434913635254,,,,,,
2000-05-31,18.31313705444336,,,,,,
2000-06-01,18.23071479797364,,,,,,
2000-06-02,17.406417846679688,,,,,,
2000-06-05,17.433883666992188,,,,,,
2000-06-06,18.093324661254883,,,,,,
2000-06-07,17.832298278808594,,,,,,
2000-06-08,17.598752975463867,,,,,,
2000-06-09,17.406417846679688,,,,,,
2000-06-12,17.74987030029297,,,,,,
2000-06-13,17.846033096313477,,,,,,
2000-06-14,18.16201400756836,,,,,,
2000-06-15,18.12080764770508,,,,,,
2000-06-16,18.54668617248535,,,,,,
2000-06-19,18.47800064086914,,,,,,
2000-06-20,18.299406051635746,,,,,,
2000-06-21,18.45396423339844,,,,,,
2000-06-22,18.175756454467773,,,,,,
2000-06-23,18.27194023132324,,,,,,
2000-06-26,18.32344436645508,,,,,,
2000-06-27,18.03837203979492,,,,,,
2000-06-28,18.052106857299805,,,,,,
2000-06-29,17.849472045898438,,,,,,
2000-06-30,17.255298614501953,,,,,,
2000-07-03,17.48540496826172,,,,,,
2000-07-05,16.91184425354004,,,,,,
2000-07-06,17.186594009399414,,,,,,
2000-07-07,17.25873565673828,,,,,,
2000-07-10,17.172863006591797,,,,,,
2000-07-11,17.708656311035156,,,,,,
2000-07-12,17.279335021972656,,,,,,
2000-07-13,17.1453800201416,,,,,,
2000-07-14,17.04922103881836,,,,,,
2000-07-17,17.310245513916016,,,,,,
2000-07-18,17.186594009399414,,,,,,
2000-07-19,17.296512603759766,,,,,,
2000-07-20,17.172863006591797,,,,,,
2000-07-21,16.95305824279785,,,,,,
2000-07-24,16.980527877807617,,,,,,
2000-07-25,16.568368911743164,,,,,,
2000-07-26,16.746976852416992,,,,,,
2000-07-27,17.69491958618164,,,,,,
2000-07-28,17.58501434326172,,,,,,
2000-07-31,17.626232147216797,,,,,,
2000-08-01,17.58501434326172,,,,,,
2000-08-02,18.21697425842285,,,,,,
2000-08-03,17.900997161865234,,,,,,
2000-08-04,17.959381103515625,,,,,,
2000-08-07,17.780778884887695,,,,,,
2000-08-08,17.760175704956055,,,,,,
2000-08-09,17.818559646606445,,,,,,
2000-08-10,17.901994705200195,,,,,,
2000-08-11,17.984874725341797,,,,,,
2000-08-14,18.2473258972168,,,,,,
2000-08-15,17.971052169799805,,,,,,
2000-08-16,18.29222297668457,,,,,,
2000-08-17,18.523588180541992,,,,,,
2000-08-18,18.32675170898437,,,,,,
2000-08-21,18.45452690124512,,,,,,
2000-08-22,18.37165260314941,,,,,,
2000-08-23,18.67553329467773,,,,,,
2000-08-24,18.330198287963867,,,,,,
2000-08-25,18.330198287963867,,,,,,
2000-08-28,18.30258178710937,,,,,,
2000-08-29,18.236963272094727,,,,,,
2000-08-30,17.981416702270508,,,,,,
2000-08-31,18.043581008911133,,,,,,
2000-09-01,18.2335205078125,,,,,,
2000-09-05,18.42689514160156,,,,,,
2000-09-06,18.344013214111328,,,,,,
2000-09-07,18.509780883789062,,,,,,
2000-09-08,18.45452690124512,,,,,,
2000-09-11,18.7825927734375,,,,,,
2000-09-12,18.951793670654297,,,,,,
2000-09-13,18.96561622619629,,,,,,
2000-09-14,18.84475326538086,,,,,,
2000-09-15,19.449079513549805,,,,,,
2000-09-18,19.811687469482425,,,,,,
2000-09-19,19.449079513549805,,,,,,
2000-09-20,19.117572784423828,,,,,,
2000-09-21,19.07612419128418,,,,,,
2000-09-22,19.117572784423828,,,,,,
2000-09-25,18.975976943969727,,,,,,
2000-09-26,19.14519119262696,,,,,,
2000-09-27,19.72534370422364,,,,,,
2000-09-28,19.701169967651367,,,,,,
2000-09-29,19.69426155090332,,,,,,
2000-10-02,20.208812713623047,,,,,,
2000-10-03,20.070669174194336,,,,,,
2000-10-04,19.72534370422364,,,,,,
2000-10-05,19.71152877807617,,,,,,
2000-10-06,19.766780853271484,,,,,,
2000-10-09,20.139738082885746,,,,,,
2000-10-10,20.62321281433105,,,,,,
2000-10-11,20.71989631652832,,,,,,
2000-10-12,20.802770614624023,,,,,,
2000-10-13,20.001611709594727,,,,,,
2000-10-16,19.407649993896484,,,,,,
2000-10-17,19.407649993896484,,,,,,
2000-10-18,19.131362915039062,,,,,,
2000-10-19,19.117572784423828,,,,,,
2000-10-20,19.545766830444336,,,,,,
2000-10-23,19.683910369873047,,,,,,
2000-10-24,19.17281150817871,,,,,,
2000-10-25,19.26951026916504,,,,,,
2000-10-26,19.39382743835449,,,,,,
2000-10-27,19.35239028930664,,,,,,
2000-10-30,19.766780853271484,,,,,,
2000-10-31,19.71152877807617,,,,,,
2000-11-01,20.34695625305176,,,,,,
2000-11-02,19.49053001403809,,,,,,
2000-11-03,19.33856773376465,,,,,,
2000-11-06,19.60102653503418,,,,,,
2000-11-07,19.67009162902832,,,,,,
2000-11-08,20.043045043945312,,,,,,
2000-11-09,19.9603214263916,,,,,,
2000-11-10,19.89092445373535,,,,,,
2000-11-13,19.974199295043945,,,,,,
2000-11-14,19.9603214263916,,,,,,
2000-11-15,20.071367263793945,,,,,,
2000-11-16,20.14076232910156,,,,,,
2000-11-17,20.05748748779297,,,,,,
2000-11-20,20.29345321655273,,,,,,
2000-11-21,20.682113647460938,,,,,,
2000-11-22,20.931968688964844,,,,,,
2000-11-24,20.973613739013672,,,,,,
2000-11-27,20.682113647460938,,,,,,
2000-11-28,20.668228149414062,,,,,,
2000-11-29,19.75211906433105,,,,,,
2000-11-30,19.54391098022461,,,,,,
2000-12-01,19.724349975585938,,,,,,
2000-12-04,20.14076232910156,,,,,,
2000-12-05,19.627185821533203,,,,,,
2000-12-06,19.155242919921875,,,,,,
2000-12-07,19.54391098022461,,,,,,
2000-12-08,19.654943466186523,,,,,,
2000-12-11,19.044187545776367,,,,,,
2000-12-12,19.22464179992676,,,,,,
2000-12-13,19.47449493408203,,,,,,
2000-12-14,18.988683700561523,,,,,,
2000-12-15,18.68330764770508,,,,,,
2000-12-18,19.183006286621094,,,,,,
2000-12-19,19.36345863342285,,,,,,
2000-12-20,18.919279098510746,,,,,,
2000-12-21,18.822105407714844,,,,,,
2000-12-22,19.280168533325195,,,,,,
2000-12-26,19.668825149536133,,,,,,
2000-12-27,19.48838233947754,,,,,,
2000-12-28,19.294055938720703,,,,,,
2000-12-29,19.30793190002441,,,,,,
2001-01-02,19.79375648498535,,,,,,
2001-01-03,18.933162689208984,,,,,,
2001-01-04,18.405696868896484,,,,,,
2001-01-05,18.48898124694824,,,,,,
2001-01-08,18.405696868896484,,,,,,
2001-01-09,18.211366653442383,,,,,,
2001-01-10,17.98927116394043,,,,,,
2001-01-11,18.15584945678711,,,,,,
2001-01-12,18.39181327819824,,,,,,
2001-01-16,18.169727325439453,,,,,,
2001-01-17,17.82270622253418,,,,,,
2001-01-18,17.572853088378906,,,,,,
2001-01-19,17.642257690429688,,,,,,
2001-01-22,17.82270622253418,,,,,,
2001-01-23,18.169727325439453,,,,,,
2001-01-24,18.12807846069336,,,,,,
2001-01-25,18.32241439819336,,,,,,
2001-01-26,17.98927116394043,,,,,,
2001-01-29,17.81160545349121,,,,,,
2001-01-30,18.2069149017334,,,,,,
2001-01-31,18.688854217529297,,,,,,
2001-02-01,18.54227638244629,,,,,,
2001-02-02,18.43124008178711,,,,,,
2001-02-05,18.83321762084961,,,,,,
2001-02-06,18.73105812072754,,,,,,
2001-02-07,18.8337516784668,,,,,,
2001-02-08,18.8650131225586,,,,,,
2001-02-09,19.16863441467285,,,,,,
2001-02-12,19.14630508422852,,,,,,
2001-02-13,18.929750442504883,,,,,,
2001-02-14,18.737749099731445,,,,,,
2001-02-15,18.41850471496582,,,,,,
2001-02-16,18.75783920288086,,,,,,
2001-02-20,18.70873069763184,,,,,,
2001-02-21,18.64621353149414,,,,,,
2001-02-22,18.80026054382324,,,,,,
2001-02-23,18.64174461364746,,,,,,
2001-02-26,18.70873069763184,,,,,,
2001-02-27,18.37384605407715,,,,,,
2001-02-28,18.094776153564453,,,,,,
2001-03-01,18.17291641235352,,,,,,
2001-03-02,18.57700729370117,,,,,,
2001-03-05,18.71988868713379,,,,,,
2001-03-06,18.66407966613769,,,,,,
2001-03-07,18.80026054382324,,,,,,
2001-03-08,19.16639518737793,,,,,,
2001-03-09,19.197654724121094,,,,,,
2001-03-12,18.69980239868164,,,,,,
2001-03-13,18.597097396850582,,,,,,
2001-03-14,18.449756622314453,,,,,,
2001-03-15,18.51895523071289,,,,,,
2001-03-16,18.239887237548828,,,,,,
2001-03-19,18.141660690307617,,,,,,
2001-03-20,18.007715225219727,,,,,,
2001-03-21,17.817941665649414,,,,,,
2001-03-22,17.346874237060547,,,,,,
2001-03-23,17.168272018432617,,,,,,
2001-03-26,17.469667434692383,,,,,,
2001-03-27,18.003246307373047,,,,,,
2001-03-28,17.558969497680664,,,,,,
2001-03-29,17.478591918945312,,,,,,
2001-03-30,18.083616256713867,,,,,,
2001-04-02,17.77106475830078,,,,,,
2001-04-03,17.391529083251953,,,,,,
2001-04-04,17.57012176513672,,,,,,
2001-04-05,18.06798553466797,,,,,,
2001-04-06,18.32918739318848,,,,,,
2001-04-09,18.42073440551757,,,,,,
2001-04-10,18.75338554382324,,,,,,
2001-04-11,18.29347038269043,,,,,,
2001-04-12,18.306869506835938,,,,,,
2001-04-16,18.876184463500977,,,,,,
2001-04-17,18.911890029907227,,,,,,
2001-04-18,19.005651473999023,,,,,,
2001-04-19,18.853843688964844,,,,,,
2001-04-20,19.01458549499512,,,,,,
2001-04-23,19.64639663696289,,,,,,
2001-04-24,19.53253555297852,,,,,,
2001-04-25,19.88973999023437,,,,,,
2001-04-26,19.836164474487305,,,,,,
2001-04-27,19.88304901123047,,,,,,
2001-04-30,19.780345916748047,,,,,,
2001-05-01,19.82500457763672,,,,,,
2001-05-02,19.31152534484864,,,,,,
2001-05-03,19.222211837768555,,,,,,
2001-05-04,19.54593086242676,,,,,,
2001-05-07,19.68881607055664,,,,,,
2001-05-08,19.811613082885746,,,,,,
2001-05-09,20.03038787841797,,,,,,
2001-05-10,19.765661239624023,,,,,,
2001-05-11,19.662464141845703,,,,,,
2001-05-14,19.981040954589844,,,,,,
2001-05-15,20.068532943725582,,,,,,
2001-05-16,20.07975196838379,,,,,,
2001-05-17,19.90700340270996,,,,,,
2001-05-18,20.23678970336914,,,,,,
2001-05-21,19.911495208740234,,,,,,
2001-05-22,19.92494201660156,,,,,,
2001-05-23,19.579435348510746,,,,,,
2001-05-24,19.72751235961914,,,,,,
2001-05-25,19.765661239624023,,,,,,
2001-05-29,19.69835662841797,,,,,,
2001-05-30,19.938405990600582,,,,,,
2001-05-31,19.911495208740234,,,,,,
2001-06-01,19.956348419189453,,,,,,
2001-06-04,20.378149032592773,,,,,,
2001-06-05,20.539684295654297,,,,,,
2001-06-06,20.05732154846192,,,,,,
2001-06-07,20.00796890258789,,,,,,
2001-06-08,20.055070877075195,,,,,,
2001-06-11,20.1246337890625,,,,,,
2001-06-12,20.21885299682617,,,,,,
2001-06-13,20.18744659423828,,,,,,
2001-06-14,19.933921813964844,,,,,,
2001-06-15,19.945140838623047,,,,,,
2001-06-18,19.8598690032959,,,,,,
2001-06-19,19.83070182800293,,,,,,
2001-06-20,19.68707275390625,,,,,,
2001-06-21,19.83966827392578,,,,,,
2001-06-22,19.951873779296875,,,,,,
2001-06-25,19.86434936523437,,,,,,
2001-06-26,19.873329162597656,,,,,,
2001-06-27,19.572628021240234,,,,,,
2001-06-28,19.48286247253418,,,,,,
2001-06-29,19.60179901123047,,,,,,
2001-07-02,19.680343627929688,,,,,,
2001-07-03,19.59955406188965,,,,,,
2001-07-05,19.523256301879883,,,,,,
2001-07-06,19.47837257385254,,,,,,
2001-07-09,19.460424423217773,,,,,,
2001-07-10,19.2449951171875,,,,,,
2001-07-11,19.06322479248047,,,,,,
2001-07-12,19.17542839050293,,,,,,
2001-07-13,19.294363021850582,,,,,,
2001-07-16,19.296606063842773,,,,,,
2001-07-17,19.14176750183105,,,,,,
2001-07-18,18.90615463256836,,,,,,
2001-07-19,19.33475685119629,,,,,,
2001-07-20,19.460424423217773,,,,,,
2001-07-23,19.07445335388184,,,,,,
2001-07-24,18.387767791748047,,,,,,
2001-07-25,18.908388137817383,,,,,,
2001-07-26,19.173185348510746,,,,,,
2001-07-27,19.177675247192383,,,,,,
2001-07-30,19.0340518951416,,,,,,
2001-07-31,18.742321014404297,,,,,,
2001-08-01,18.670520782470703,,,,,,
2001-08-02,18.72887420654297,,,,,,
2001-08-03,18.517921447753903,,,,,,
2001-08-06,18.333904266357425,,,,,,
2001-08-07,18.57177352905273,,,,,,
2001-08-08,18.513442993164062,,,,,,
2001-08-09,18.481840133666992,,,,,,
2001-08-10,18.662368774414062,,,,,,
2001-08-13,18.68494415283203,,,,,,
2001-08-14,18.572111129760746,,,,,,
2001-08-15,18.73007202148437,,,,,,
2001-08-16,18.635290145874023,,,,,,
2001-08-17,18.26520347595215,,,,,,
2001-08-20,18.391578674316406,,,,,,
2001-08-21,18.22909545898437,,,,,,
2001-08-22,18.37352180480957,,,,,,
2001-08-23,18.454757690429688,,,,,,
2001-08-24,18.820350646972656,,,,,,
2001-08-27,18.52696418762207,,,,,,
2001-08-28,18.28326416015625,,,,,,
2001-08-29,18.224586486816406,,,,,,
2001-08-30,18.120779037475582,,,,,,
2001-08-31,18.120779037475582,,,,,,
2001-09-04,18.391578674316406,,,,,,
2001-09-05,18.60369873046875,,,,,,
2001-09-06,18.45926856994629,,,,,,
2001-09-07,18.45926856994629,,,,,,
2001-09-10,18.612722396850582,,,,,,
2001-09-17,18.120779037475582,,,,,,
2001-09-18,17.818391799926758,,,,,,
2001-09-19,17.335474014282227,,,,,,
2001-09-20,16.7081241607666,,,,,,
2001-09-21,16.171049118041992,,,,,,
2001-09-24,16.184589385986328,,,,,,
2001-09-25,16.374147415161133,,,,,,
2001-09-26,16.252288818359375,,,,,,
2001-09-27,17.339984893798828,,,,,,
2001-09-28,17.78228759765625,,,,,,
2001-10-01,17.642375946044922,,,,,,
2001-10-02,18.048568725585938,,,,,,
2001-10-03,17.98087501525879,,,,,,
2001-10-04,18.31485176086425,,,,,,
2001-10-05,18.3644962310791,,,,,,
2001-10-08,18.47732734680176,,,,,,
2001-10-09,18.53149604797364,,,,,,
2001-10-10,19.082109451293945,,,,,,
2001-10-11,18.99635124206543,,,,,,
2001-10-12,19.08661651611328,,,,,,
2001-10-15,18.797765731811523,,,,,,
2001-10-16,18.8428955078125,,,,,,
2001-10-17,18.70298767089844,,,,,,
2001-10-18,18.233613967895508,,,,,,
2001-10-19,18.296798706054688,,,,,,
2001-10-22,18.558568954467773,,,,,,
2001-10-23,18.44573783874512,,,,,,
2001-10-24,17.98990249633789,,,,,,
2001-10-25,18.305831909179688,,,,,,
2001-10-26,18.53149604797364,,,,,,
2001-10-29,18.359983444213867,,,,,,
2001-10-30,17.80936050415039,,,,,,
2001-10-31,17.804853439331055,,,,,,
2001-11-01,18.274242401123047,,,,,,
2001-11-02,17.94476318359375,,,,,,
2001-11-05,17.77777099609375,,,,,,
2001-11-06,17.81388282775879,,,,,,
2001-11-07,17.741243362426758,,,,,,
2001-11-08,17.931909561157227,,,,,,
2001-11-09,18.272390365600582,,,,,,
2001-11-12,18.186124801635746,,,,,,
2001-11-13,18.385883331298828,,,,,,
2001-11-14,17.56873321533203,,,,,,
2001-11-15,16.883235931396484,,,,,,
2001-11-16,17.042131423950195,,,,,,
2001-11-19,16.801511764526367,,,,,,
2001-11-20,17.232799530029297,,,,,,
2001-11-21,17.19648551940918,,,,,,
2001-11-23,17.450698852539062,,,,,,
2001-11-26,17.146547317504883,,,,,,
2001-11-27,16.955873489379883,,,,,,
2001-11-28,16.842382431030273,,,,,,
2001-11-29,17.001266479492188,,,,,,
2001-11-30,16.978565216064453,,,,,,
2001-12-03,17.09659767150879,,,,,,
2001-12-04,17.391679763793945,,,,,,
2001-12-05,17.65045166015625,,,,,,
2001-12-06,16.946788787841797,,,,,,
2001-12-07,17.282726287841797,,,,,,
2001-12-10,17.046669006347656,,,,,,
2001-12-11,16.710721969604492,,,,,,
2001-12-12,16.987655639648438,,,,,,
2001-12-13,16.542749404907227,,,,,,
2001-12-14,16.733417510986328,,,,,,
2001-12-17,17.01034164428711,,,,,,
2001-12-18,17.046669006347656,,,,,,
2001-12-19,17.409847259521484,,,,,,
2001-12-20,17.387136459350586,,,,,,
2001-12-21,17.477937698364258,,,,,,
2001-12-24,17.704931259155273,,,,,,
2001-12-26,17.97730827331543,,,,,,
2001-12-27,18.06356239318848,,,,,,
2001-12-28,18.05902099609375,,,,,,
2001-12-31,17.841106414794922,,,,,,
2002-01-02,17.97730827331543,,,,,,
2002-01-03,18.00454330444336,,,,,,
2002-01-04,18.158897399902344,,,,,,
2002-01-07,18.00000762939453,,,,,,
2002-01-08,18.0227108001709,,,,,,
2002-01-09,17.813875198364258,,,,,,
2002-01-10,17.881977081298828,,,,,,
2002-01-11,17.477937698364258,,,,,,
2002-01-14,17.541492462158203,,,,,,
2002-01-15,17.841106414794922,,,,,,
2002-01-16,17.477937698364258,,,,,,
2002-01-17,17.541492462158203,,,,,,
2002-01-18,17.43254280090332,,,,,,
2002-01-22,17.26003646850586,,,,,,
2002-01-23,17.65953254699707,,,,,,
2002-01-24,17.614131927490234,,,,,,
2002-01-25,17.777570724487305,,,,,,
2002-01-28,17.686765670776367,,,,,,
2002-01-29,17.228252410888672,,,,,,
2002-01-30,17.56418800354004,,,,,,
2002-01-31,17.727622985839844,,,,,,
2002-02-01,17.704931259155273,,,,,,
2002-02-04,17.409847259521484,,,,,,
2002-02-05,17.400768280029297,,,,,,
2002-02-06,17.66860580444336,,,,,,
2002-02-07,17.49049949645996,,,,,,
2002-02-08,17.485939025878906,,,,,,
2002-02-11,17.581838607788086,,,,,,
2002-02-12,17.536176681518555,,,,,,
2002-02-13,17.645769119262695,,,,,,
2002-02-14,17.810184478759766,,,,,,
2002-02-15,17.764509201049805,,,,,,
2002-02-19,17.70513343811035,,,,,,
2002-02-20,17.80561065673828,,,,,,
2002-02-21,17.878679275512695,,,,,,
2002-02-22,18.595645904541016,,,,,,
2002-02-25,18.7235164642334,,,,,,
2002-02-26,18.595645904541016,,,,,,
2002-02-27,18.686986923217773,,,,,,
2002-02-28,18.86052322387696,,,,,,
2002-03-01,19.18018913269043,,,,,,
2002-03-04,19.47701835632324,,,,,,
2002-03-05,19.40852165222168,,,,,,
2002-03-06,19.73276138305664,,,,,,
2002-03-07,19.586620330810547,,,,,,
2002-03-08,19.59575462341309,,,,,,
2002-03-11,19.8606185913086,,,,,,
2002-03-12,20.093530654907227,,,,,,
2002-03-13,19.691654205322266,,,,,,
2002-03-14,19.746458053588867,,,,,,
2002-03-15,19.91543197631836,,,,,,
2002-03-18,19.97480201721192,,,,,,
2002-03-19,20.002197265625,,,,,,
2002-03-20,19.878894805908203,,,,,,
2002-03-21,19.878894805908203,,,,,,
2002-03-22,19.85150146484375,,,,,,
2002-03-25,19.568357467651367,,,,,,
2002-03-26,19.97480201721192,,,,,,
2002-03-27,20.070701599121094,,,,,,
2002-03-28,20.015893936157227,,,,,,
2002-04-01,20.015893936157227,,,,,,
2002-04-02,20.267066955566406,,,,,,
2002-04-03,19.951953887939453,,,,,,
2002-04-04,19.705360412597656,,,,,,
2002-04-05,19.467891693115234,,,,,,
2002-04-08,19.746458053588867,,,,,,
2002-04-09,19.50898551940918,,,,,,
2002-04-10,19.719057083129883,,,,,,
2002-04-11,19.36284828186035,,,,,,
2002-04-12,18.86052322387696,,,,,,
2002-04-15,18.99751853942871,,,,,,
2002-04-16,19.30806350708008,,,,,,
2002-04-17,19.28065490722656,,,,,,
2002-04-18,19.390260696411133,,,,,,
2002-04-19,19.417659759521484,,,,,,
2002-04-22,19.1116886138916,,,,,,
2002-04-23,18.88335227966309,,,,,,
2002-04-24,18.40384292602539,,,,,,
2002-04-25,18.513442993164062,,,,,,
2002-04-26,18.266849517822266,,,,,,
2002-04-29,18.129846572875977,,,,,,
2002-04-30,18.3444766998291,,,,,,
2002-05-01,18.581945419311523,,,,,,
2002-05-02,18.632179260253903,,,,,,
2002-05-03,18.536279678344727,,,,,,
2002-05-06,17.924341201782227,,,,,,
2002-05-07,17.8558406829834,,,,,,
2002-05-08,18.271413803100582,,,,,,
2002-05-09,18.0784969329834,,,,,,
2002-05-10,17.894784927368164,,,,,,
2002-05-13,18.377058029174805,,,,,,
2002-05-14,18.63886260986328,,,,,,
2002-05-15,18.239255905151367,,,,,,
2002-05-16,18.496477127075195,,,,,,
2002-05-17,18.46432304382324,,,,,,
2002-05-20,18.18413734436035,,,,,,
2002-05-21,18.26682472229004,,,,,,
2002-05-22,18.569969177246094,,,,,,
2002-05-23,18.78584289550781,,,,,,
2002-05-24,18.478103637695312,,,,,,
2002-05-28,18.298974990844727,,,,,,
2002-05-29,18.510257720947266,,,,,,
2002-05-30,18.07391357421875,,,,,,
2002-05-31,18.340301513671875,,,,,,
2002-06-03,17.94989776611328,,,,,,
2002-06-04,18.01878929138184,,,,,,
2002-06-05,18.170360565185547,,,,,,
2002-06-06,17.9820556640625,,,,,,
2002-06-07,18.106056213378903,,,,,,
2002-06-10,17.972864151000977,,,,,,
2002-06-11,17.926921844482422,,,,,,
2002-06-12,18.234668731689453,,,,,,
2002-06-13,18.0784969329834,,,,,,
2002-06-14,17.9820556640625,,,,,,
2002-06-17,18.38623809814453,,,,,,
2002-06-18,18.340301513671875,,,,,,
2002-06-19,18.083097457885746,,,,,,
2002-06-20,18.253040313720703,,,,,,
2002-06-21,18.027978897094727,,,,,,
2002-06-24,18.372453689575195,,,,,,
2002-06-25,18.188739776611328,,,,,,
2002-06-26,18.119844436645508,,,,,,
2002-06-27,18.48729133605957,,,,,,
2002-06-28,18.79502868652344,,,,,,
2002-07-01,18.6710147857666,,,,,,
2002-07-02,18.445945739746094,,,,,,
2002-07-03,18.33112525939941,,,,,,
2002-07-05,18.611303329467773,,,,,,
2002-07-08,18.537817001342773,,,,,,
2002-07-09,18.28060340881348,,,,,,
2002-07-10,17.559480667114258,,,,,,
2002-07-11,17.040454864501953,,,,,,
2002-07-12,16.778654098510742,,,,,,
2002-07-15,16.420387268066406,,,,,,
2002-07-16,16.167768478393555,,,,,,
2002-07-17,16.35609245300293,,,,,,
2002-07-18,15.961082458496094,,,,,,
2002-07-19,14.88170051574707,,,,,,
2002-07-22,13.903364181518556,,,,,,
2002-07-23,14.201910972595217,,,,,,
2002-07-24,15.584442138671877,,,,,,
2002-07-25,15.570667266845703,,,,,,
2002-07-26,16.11724281311035,,,,,,
2002-07-29,16.686784744262695,,,,,,
2002-07-30,16.38364028930664,,,,,,
2002-07-31,16.884292602539062,,,,,,
2002-08-01,15.45583152770996,,,,,,
2002-08-02,15.437472343444824,,,,,,
2002-08-05,14.927624702453612,,,,,,
2002-08-06,15.3410062789917,,,,,,
2002-08-07,15.754387855529783,,,,,,
2002-08-08,16.53521156311035,,,,,,
2002-08-09,16.687761306762695,,,,,,
2002-08-12,16.5167293548584,,,,,,
2002-08-13,16.10531234741211,,,,,,
2002-08-14,16.821823120117188,,,,,,
2002-08-15,17.168514251708984,,,,,,
2002-08-16,17.034465789794922,,,,,,
2002-08-19,17.177770614624023,,,,,,
2002-08-20,16.724742889404297,,,,,,
2002-08-21,16.84493064880371,,,,,,
2002-08-22,17.117671966552734,,,,,,
2002-08-23,16.710874557495117,,,,,,
2002-08-26,16.951251983642578,,,,,,
2002-08-27,17.057584762573242,,,,,,
2002-08-28,16.46586799621582,,,,,,
2002-08-29,16.359546661376953,,,,,,
2002-08-30,16.387300491333008,,,,,,
2002-09-03,15.541341781616213,,,,,,
2002-09-04,15.633798599243164,,,,,,
2002-09-05,15.610689163208008,,,,,,
2002-09-06,15.860309600830078,,,,,,
2002-09-09,15.717005729675291,,,,,,
2002-09-10,16.082189559936523,,,,,,
2002-09-11,15.994362831115724,,,,,,
2002-09-12,15.527473449707031,,,,,,
2002-09-13,15.753985404968262,,,,,,
2002-09-16,15.9019136428833,,,,,,
2002-09-17,15.287102699279783,,,,,,
2002-09-18,15.347193717956545,,,,,,
2002-09-19,14.958892822265623,,,,,,
2002-09-20,15.19465160369873,,,,,,
2002-09-23,15.125304222106934,,,,,,
2002-09-24,14.769367218017578,,,,,,
2002-09-25,15.07446002960205,,,,,,
2002-09-26,15.786341667175291,,,,,,
2002-09-27,15.171533584594728,,,,,,
2002-09-30,14.74624729156494,,,,,,
2002-10-01,15.68002223968506,,,,,,
2002-10-02,15.09294891357422,,,,,,
2002-10-03,15.33795166015625,,,,,,
2002-10-04,15.282477378845217,,,,,,
2002-10-07,15.34256649017334,,,,,,
2002-10-08,15.11606216430664,,,,,,
2002-10-09,15.176155090332031,,,,,,
2002-10-10,15.619937896728516,,,,,,
2002-10-11,15.966629981994627,,,,,,
2002-10-14,16.14691162109375,,,,,,
2002-10-15,16.780221939086914,,,,,,
2002-10-16,16.424266815185547,,,,,,
2002-10-17,16.780221939086914,,,,,,
2002-10-18,16.64153289794922,,,,,,
2002-10-21,16.64153289794922,,,,,,
2002-10-22,16.262487411499023,,,,,,
2002-10-23,16.23937225341797,,,,,,
2002-10-24,16.026729583740234,,,,,,
2002-10-25,16.230119705200195,,,,,,
2002-10-28,16.01285171508789,,,,,,
2002-10-29,15.36106014251709,,,,,,
2002-10-30,15.753985404968262,,,,,,
2002-10-31,15.559839248657228,,,,,,
2002-11-01,16.0221004486084,,,,,,
2002-11-04,15.837188720703123,,,,,,
2002-11-05,16.4473876953125,,,,,,
2002-11-06,16.230119705200195,,,,,,
2002-11-07,16.043996810913086,,,,,,
2002-11-08,16.10448455810547,,,,,,
2002-11-11,15.76015567779541,,,,,,
2002-11-12,15.83926010131836,,,,,,
2002-11-13,15.541461944580078,,,,,,
2002-11-14,16.053302764892578,,,,,,
2002-11-15,16.216157913208008,,,,,,
2002-11-18,16.272001266479492,,,,,,
2002-11-19,16.379026412963867,,,,,,
2002-11-20,16.39763641357422,,,,,,
2002-11-21,16.220821380615234,,,,,,
2002-11-22,15.923016548156738,,,,,,
2002-11-25,16.09983253479004,,,,,,
2002-11-26,15.802034378051758,,,,,,
2002-11-27,16.267343521118164,,,,,,
2002-11-29,16.192893981933594,,,,,,
2002-12-02,16.09052848815918,,,,,,
2002-12-03,16.23942756652832,,,,,,
2002-12-04,16.178937911987305,,,,,,
2002-12-05,16.178937911987305,,,,,,
2002-12-06,16.35576057434082,,,,,,
2002-12-09,16.057952880859375,,,,,,
2002-12-10,16.3045711517334,,,,,,
2002-12-11,16.295265197753906,,,,,,
2002-12-12,16.230121612548828,,,,,,
2002-12-13,16.3045711517334,,,,,,
2002-12-16,16.686134338378906,,,,,,
2002-12-17,16.527925491333008,,,,,,
2002-12-18,16.537221908569336,,,,,,
2002-12-19,16.35576057434082,,,,,,
2002-12-20,16.611679077148438,,,,,,
2002-12-23,16.63494873046875,,,,,,
2002-12-24,16.481393814086914,,,,,,
2002-12-26,16.43485450744629,,,,,,
2002-12-27,16.118444442749023,,,,,,
2002-12-30,16.16962432861328,,,,,,
2002-12-31,16.258037567138672,,,,,,
2003-01-02,16.504661560058594,,,,,,
2003-01-03,16.518611907958984,,,,,,
2003-01-06,16.9280948638916,,,,,,
2003-01-07,16.35576057434082,,,,,,
2003-01-08,16.28595733642578,,,,,,
2003-01-09,16.630287170410156,,,,,,
2003-01-10,16.39763641357422,,,,,,
2003-01-13,16.332487106323242,,,,,,
2003-01-14,16.481393814086914,,,,,,
2003-01-15,16.253387451171875,,,,,,
2003-01-16,16.327831268310547,,,,,,
2003-01-17,16.155677795410156,,,,,,
2003-01-21,15.783424377441406,,,,,,
2003-01-22,15.583333015441896,,,,,,
2003-01-23,15.54611110687256,,,,,,
2003-01-24,15.211084365844728,,,,,,
2003-01-27,14.806264877319336,,,,,,
2003-01-28,15.19711971282959,,,,,,
2003-01-29,15.750844955444336,,,,,,
2003-01-30,15.462353706359863,,,,,,
2003-01-31,15.890439987182615,,,,,,
2003-02-03,16.11378288269043,,,,,,
2003-02-04,16.11378288269043,,,,,,
2003-02-05,15.881138801574709,,,,,,
2003-02-06,15.745283126831056,,,,,,
2003-02-07,15.623478889465332,,,,,,
2003-02-10,15.745283126831056,,,,,,
2003-02-11,15.632848739624023,,,,,,
2003-02-12,15.3189697265625,,,,,,
2003-02-13,15.52041244506836,,,,,,
2003-02-14,15.665639877319336,,,,,,
2003-02-18,15.810870170593262,,,,,,
2003-02-19,15.824920654296877,,,,,,
2003-02-20,15.754651069641112,,,,,,
2003-02-21,16.012310028076172,,,,,,
2003-02-24,15.927990913391112,,,,,,
2003-02-25,15.993568420410156,,,,,,
2003-02-26,15.853020668029783,,,,,,
2003-02-27,15.918611526489258,,,,,,
2003-02-28,15.937349319458008,,,,,,
2003-03-03,16.143476486206055,,,,,,
2003-03-04,16.035730361938477,,,,,,
2003-03-05,16.358972549438477,,,,,,
2003-03-06,16.190324783325195,,,,,,
2003-03-07,16.298076629638672,,,,,,
2003-03-10,16.091941833496094,,,,,,
2003-03-11,16.195011138916016,,,,,,
2003-03-12,15.956094741821287,,,,,,
2003-03-13,16.15753936767578,,,,,,
2003-03-14,16.110685348510742,,,,,,
2003-03-17,16.419876098632812,,,,,,
2003-03-18,16.51357078552246,,,,,,
2003-03-19,16.672855377197266,,,,,,
2003-03-20,16.672855377197266,,,,,,
2003-03-21,16.864927291870117,,,,,,
2003-03-24,16.54167938232422,,,,,,
2003-03-25,16.710329055786133,,,,,,
2003-03-26,16.79932975769043,,,,,,
2003-03-27,16.827442169189453,,,,,,
2003-03-28,16.878971099853516,,,,,,
2003-03-31,16.37302589416504,,,,,,
2003-04-01,16.700965881347656,,,,,,
2003-04-02,16.724380493164062,,,,,,
2003-04-03,16.419876098632812,,,,,,
2003-04-04,16.640058517456055,,,,,,
2003-04-07,16.419876098632812,,,,,,
2003-04-08,16.19969367980957,,,,,,
2003-04-09,16.148160934448242,,,,,,
2003-04-10,16.246545791625977,,,,,,
2003-04-11,16.082582473754883,,,,,,
2003-04-14,16.33555793762207,,,,,,
2003-04-15,16.419876098632812,,,,,,
2003-04-16,16.251232147216797,,,,,,
2003-04-17,16.410507202148438,,,,,,
2003-04-21,16.33555793762207,,,,,,
2003-04-22,16.593212127685547,,,,,,
2003-04-23,16.555734634399414,,,,,,
2003-04-24,16.457355499267578,,,,,,
2003-04-25,16.298076629638672,,,,,,
2003-04-28,16.588520050048828,,,,,,
2003-04-29,16.31682014465332,,,,,,
2003-04-30,16.490148544311523,,,,,,
2003-05-01,16.621320724487305,,,,,,
2003-05-02,16.8836669921875,,,,,,
2003-05-05,16.607261657714844,,,,,,
2003-05-06,16.490148544311523,,,,,,
2003-05-07,16.588520050048828,,,,,,
2003-05-08,16.555734634399414,,,,,,
2003-05-09,16.735021591186523,,,,,,
2003-05-12,16.77276611328125,,,,,,
2003-05-13,16.76332664489746,,,,,,
2003-05-14,16.612348556518555,,,,,,
2003-05-15,16.650100708007812,,,,,,
2003-05-16,16.7255802154541,,,,,,
2003-05-19,16.532146453857422,,,,,,
2003-05-20,16.664243698120117,,,,,,
2003-05-21,16.886003494262695,,,,,,
2003-05-22,16.96148109436035,,,,,,
2003-05-23,16.97564697265625,,,,,,
2003-05-27,17.320064544677734,,,,,,
2003-05-28,17.1973876953125,,,,,,
2003-05-29,16.970930099487305,,,,,,
2003-05-30,17.17380142211914,,,,,,
2003-06-02,17.25872802734375,,,,,,
2003-06-03,17.44744300842285,,,,,,
2003-06-04,17.645612716674805,,,,,,
2003-06-05,17.532373428344727,,,,,,
2003-06-06,17.617294311523438,,,,,,
2003-06-09,17.673925399780273,,,,,,
2003-06-10,17.711671829223633,,,,,,
2003-06-11,18.02305793762207,,,,,,
2003-06-12,18.02305793762207,,,,,,
2003-06-13,17.895666122436523,,,,,,
2003-06-16,18.07495307922364,,,,,,
2003-06-17,17.77299690246582,,,,,,
2003-06-18,17.617294311523438,,,,,,
2003-06-19,17.400266647338867,,,,,,
2003-06-20,17.404991149902344,,,,,,
2003-06-23,17.428579330444336,,,,,,
2003-06-24,17.40970802307129,,,,,,
2003-06-25,17.29646110534668,,,,,,
2003-06-26,17.315345764160156,,,,,,
2003-06-27,17.159648895263672,,,,,,
2003-06-30,16.942611694335938,,,,,,
2003-07-01,17.069995880126953,,,,,,
2003-07-02,17.1171817779541,,,,,,
2003-07-03,17.013381958007812,,,,,,
2003-07-07,17.0086727142334,,,,,,
2003-07-08,16.8199520111084,,,,,,
2003-07-09,16.919017791748047,,,,,,
2003-07-10,16.749174118041992,,,,,,
2003-07-11,16.79636573791504,,,,,,
2003-07-14,16.654817581176758,,,,,,
2003-07-15,16.602916717529297,,,,,,
2003-07-16,16.475521087646484,,,,,,
2003-07-17,16.60763168334961,,,,,,
2003-07-18,16.92845916748047,,,,,,
2003-07-21,16.692554473876953,,,,,,
2003-07-22,16.852964401245117,,,,,,
2003-07-23,16.829381942749023,,,,,,
2003-07-24,16.6312255859375,,,,,,
2003-07-25,16.871843338012695,,,,,,
2003-07-28,16.867130279541016,,,,,,
2003-07-29,16.716142654418945,,,,,,
2003-07-30,16.664243698120117,,,,,,
2003-07-31,16.786924362182617,,,,,,
2003-08-01,16.668964385986328,,,,,,
2003-08-04,16.80108070373535,,,,,,
2003-08-05,16.678403854370117,,,,,,
2003-08-06,16.867130279541016,,,,,,
2003-08-07,17.103029251098633,,,,,,
2003-08-08,17.230419158935547,,,,,,
2003-08-11,17.34918785095215,,,,,,
2003-08-12,17.439441680908203,,,,,,
2003-08-13,17.33967399597168,,,,,,
2003-08-14,17.548709869384766,,,,,,
2003-08-15,17.496458053588867,,,,,,
2003-08-18,17.53920555114746,,,,,,
2003-08-19,17.425193786621094,,,,,,
2003-08-20,17.482202529907227,,,,,,
2003-08-21,17.600967407226562,,,,,,
2003-08-22,17.353933334350586,,,,,,
2003-08-25,17.467945098876953,,,,,,
2003-08-26,17.496458053588867,,,,,,
2003-08-27,17.69597625732422,,,,,,
2003-08-28,17.838491439819336,,,,,,
2003-08-29,17.90975570678711,,,,,,
2003-09-02,18.03802299499512,,,,,,
2003-09-03,18.09026908874512,,,,,,
2003-09-04,18.12828063964844,,,,,,
2003-09-05,18.03802299499512,,,,,,
2003-09-08,18.27555274963379,,,,,,
2003-09-09,18.104528427124023,,,,,,
2003-09-10,18.05227851867676,,,,,,
2003-09-11,18.05227851867676,,,,,,
2003-09-12,17.924007415771484,,,,,,
2003-09-15,17.819480895996094,,,,,,
2003-09-16,17.91450309753418,,,,,,
2003-09-17,17.501203536987305,,,,,,
2003-09-18,17.615217208862305,,,,,,
2003-09-19,17.57246971130371,,,,,,
2003-09-22,17.444194793701172,,,,,,
2003-09-23,17.6057186126709,,,,,,
2003-09-24,17.529705047607422,,,,,,
2003-09-25,17.648468017578125,,,,,,
2003-09-26,17.472698211669922,,,,,,
2003-09-29,17.586715698242188,,,,,,
2003-09-30,17.387191772460938,,,,,,
2003-10-01,17.743486404418945,,,,,,
2003-10-02,17.843250274658203,,,,,,
2003-10-03,17.93350601196289,,,,,,
2003-10-06,18.09502601623535,,,,,,
2003-10-07,18.21379470825196,,,,,,
2003-10-08,18.071271896362305,,,,,,
2003-10-09,18.02852249145508,,,,,,
2003-10-10,18.19479179382324,,,,,,
2003-10-13,18.280303955078125,,,,,,
2003-10-14,18.40382194519043,,,,,,
2003-10-15,18.285051345825195,,,,,,
2003-10-16,18.484575271606445,,,,,,
2003-10-17,18.36580848693848,,,,,,
2003-10-20,18.3468074798584,,,,,,
2003-10-21,18.21854019165039,,,,,,
2003-10-22,17.743486404418945,,,,,,
2003-10-23,17.86225128173828,,,,,,
2003-10-24,17.98101043701172,,,,,,
2003-10-27,17.928752899169922,,,,,,
2003-10-28,18.05227851867676,,,,,,
2003-10-29,17.962020874023438,,,,,,
2003-10-30,17.244672775268555,,,,,,
2003-10-31,17.377685546875,,,,,,
2003-11-03,17.425193786621094,,,,,,
2003-11-04,17.254161834716797,,,,,,
2003-11-05,17.116403579711914,,,,,,
2003-11-06,17.064146041870117,,,,,,
2003-11-07,17.011520385742188,,,,,,
2003-11-10,17.107202529907227,,,,,,
2003-11-11,17.245939254760742,,,,,,
2003-11-12,17.231578826904297,,,,,,
2003-11-13,17.346393585205078,,,,,,
2003-11-14,17.22201156616211,,,,,,
2003-11-17,17.03066635131836,,,,,,
2003-11-18,16.815387725830078,,,,,,
2003-11-19,16.954113006591797,,,,,,
2003-11-20,16.891921997070312,,,,,,
2003-11-21,16.906278610229492,,,,,,
2003-11-24,17.011520385742188,,,,,,
2003-11-25,17.13591194152832,,,,,,
2003-11-26,17.35597038269043,,,,,,
2003-11-28,17.31769561767578,,,,,,
2003-12-01,17.408586502075195,,,,,,
2003-12-02,17.46120262145996,,,,,,
2003-12-03,17.48033905029297,,,,,,
2003-12-04,17.709976196289062,,,,,,
2003-12-05,17.59515380859375,,,,,,
2003-12-08,17.891759872436523,,,,,,
2003-12-09,18.00657081604004,,,,,,
2003-12-10,18.07832717895508,,,,,,
2003-12-11,18.13573455810547,,,,,,
2003-12-12,18.207490921020508,,,,,,
2003-12-15,18.08311080932617,,,,,,
2003-12-16,18.403640747070312,,,,,,
2003-12-17,18.59977912902832,,,,,,
2003-12-18,18.853328704833984,,,,,,
2003-12-19,18.9442138671875,,,,,,
2003-12-22,18.882030487060547,,,,,,
2003-12-23,19.01597595214844,,,,,,
2003-12-24,19.05425262451172,,,,,,
2003-12-26,19.15949249267578,,,,,,
2003-12-29,19.413036346435547,,,,,,
2003-12-30,19.46088218688965,,,,,,
2003-12-31,19.61396026611328,,,,,,
2004-01-02,19.43695068359375,,,,,,
2004-01-05,19.89143753051757,,,,,,
2004-01-06,19.75747871398925,,,,,,
2004-01-07,19.61396026611328,,,,,,
2004-01-08,19.566131591796875,,,,,,
2004-01-09,19.27431297302246,,,,,,
2004-01-12,19.546987533569336,,,,,,
2004-01-13,19.46088218688965,,,,,,
2004-01-14,19.46088218688965,,,,,,
2004-01-15,19.2695255279541,,,,,,
2004-01-16,19.37476921081543,,,,,,
2004-01-20,19.556560516357425,,,,,,
2004-01-21,19.81966781616211,,,,,,
2004-01-22,19.74790954589844,,,,,,
2004-01-23,19.633102416992188,,,,,,
2004-01-26,19.8770751953125,,,,,,
2004-01-27,19.704858779907227,,,,,,
2004-01-28,19.523067474365234,,,,,,
2004-01-29,19.838802337646484,,,,,,
2004-01-30,19.51350975036621,,,,,,
2004-02-02,19.46566390991211,,,,,,
2004-02-03,19.33171463012696,,,,,,
2004-02-04,19.30301094055176,,,,,,
2004-02-05,19.31735610961914,,,,,,
2004-02-06,19.37955474853516,,,,,,
2004-02-09,19.605791091918945,,,,,,
2004-02-10,19.7790756225586,,,,,,
2004-02-11,20.178617477416992,,,,,,
2004-02-12,20.173797607421875,,,,,,
2004-02-13,20.173797607421875,,,,,,
2004-02-17,20.327831268310547,,,,,,
2004-02-18,20.1208438873291,,,,,,
2004-02-19,20.19305229187012,,,,,,
2004-02-20,20.2315673828125,,,,,,
2004-02-23,20.496315002441406,,,,,,
2004-02-24,20.366334915161133,,,,,,
2004-02-25,20.530004501342773,,,,,,
2004-02-26,20.366334915161133,,,,,,
2004-02-27,20.2989501953125,,,,,,
2004-03-01,20.46742248535156,,,,,,
2004-03-02,20.236373901367188,,,,,,
2004-03-03,20.168981552124023,,,,,,
2004-03-04,20.09678077697754,,,,,,
2004-03-05,20.45298957824707,,,,,,
2004-03-08,20.48667335510254,,,,,,
2004-03-09,20.59256935119629,,,,,,
2004-03-10,20.424102783203125,,,,,,
2004-03-11,19.904237747192383,,,,,,
2004-03-12,20.2315673828125,,,,,,
2004-03-15,20.111207962036133,,,,,,
2004-03-16,20.250810623168945,,,,,,
2004-03-17,20.3326473236084,,,,,,
2004-03-18,20.438549041748047,,,,,,
2004-03-19,19.97644424438477,,,,,,
2004-03-22,19.706880569458008,,,,,,
2004-03-23,19.620229721069336,,,,,,
2004-03-24,19.302534103393555,,,,,,
2004-03-25,19.37473487854004,,,,,,
2004-03-26,19.61061286926269,,,,,,
2004-03-29,19.7790756225586,,,,,,
2004-03-30,20.00050544738769,,,,,,
2004-03-31,20.01975440979004,,,,,,
2004-04-01,19.986064910888672,,,,,,
2004-04-02,20.173797607421875,,,,,,
2004-04-05,20.337459564208984,,,,,,
2004-04-06,20.30856704711914,,,,,,
2004-04-07,20.168981552124023,,,,,,
2004-04-08,20.43373107910156,,,,,,
2004-04-12,20.75143051147461,,,,,,
2004-04-13,20.61183357238769,,,,,,
2004-04-14,20.84288787841797,,,,,,
2004-04-15,21.02581214904785,,,,,,
2004-04-16,21.112443923950195,,,,,,
2004-04-19,21.049867630004883,,,,,,
2004-04-20,20.84288787841797,,,,,,
2004-04-21,20.67441177368164,,,,,,
2004-04-22,20.84288787841797,,,,,,
2004-04-23,20.68403625488281,,,,,,
2004-04-26,20.70329093933105,,,,,,
2004-04-27,21.05948829650879,,,,,,
2004-04-28,20.756248474121094,,,,,,
2004-04-29,20.4770565032959,,,,,,
2004-04-30,20.48186683654785,,,,,,
2004-05-03,21.02581214904785,,,,,,
2004-05-04,20.948793411254883,,,,,,
2004-05-05,21.175020217895508,,,,,,
2004-05-06,21.098011016845703,,,,,,
2004-05-07,20.81882095336914,,,,,,
2004-05-10,20.241195678710938,,,,,,
2004-05-11,20.6384506225586,,,,,,
2004-05-12,20.83224296569824,,,,,,
2004-05-13,20.70143318176269,,,,,,
2004-05-14,20.96304512023925,,,,,,
2004-05-17,20.8564682006836,,,,,,
2004-05-18,20.68205070495605,,,,,,
2004-05-19,20.6384506225586,,,,,,
2004-05-20,20.70143318176269,,,,,,
2004-05-21,20.6384506225586,,,,,,
2004-05-24,20.73534774780273,,,,,,
2004-05-25,21.229507446289062,,,,,,
2004-05-26,21.09869956970215,,,,,,
2004-05-27,21.011499404907227,,,,,,
2004-05-28,20.953357696533203,,,,,,
2004-06-01,21.171367645263672,,,,,,
2004-06-02,21.21012687683105,,,,,,
2004-06-03,21.09869956970215,,,,,,
2004-06-04,21.011499404907227,,,,,,
2004-06-07,21.31671714782715,,,,,,
2004-06-08,21.263416290283203,,,,,,
2004-06-09,21.05024719238281,,,,,,
2004-06-10,21.307016372680664,,,,,,
2004-06-14,21.244043350219727,,,,,,
2004-06-15,21.35547065734864,,,,,,
2004-06-16,21.67037010192871,,,,,,
2004-06-17,21.68974494934082,,,,,,
2004-06-18,21.79149055480957,,,,,,
2004-06-21,21.67037010192871,,,,,,
2004-06-22,21.75274085998535,,,,,,
2004-06-23,22.02404022216797,,,,,,
2004-06-24,21.93199920654297,,,,,,
2004-06-25,21.43783569335937,,,,,,
2004-06-28,21.50081443786621,,,,,,
2004-06-29,21.59285926818848,,,,,,
2004-06-30,21.51534652709961,,,,,,
2004-07-01,21.6025447845459,,,,,,
2004-07-02,21.6655330657959,,,,,,
2004-07-06,21.84963035583496,,,,,,
2004-07-07,21.98043632507324,,,,,,
2004-07-08,21.95621109008789,,,,,,
2004-07-09,22.01919174194336,,,,,,
2004-07-12,22.01435279846192,,,,,,
2004-07-13,21.90292358398437,,,,,,
2004-07-14,22.02404022216797,,,,,,
2004-07-15,21.95621109008789,,,,,,
2004-07-16,22.20330047607422,,,,,,
2004-07-19,22.237211227416992,,,,,,
2004-07-20,22.237211227416992,,,,,,
2004-07-21,21.8835506439209,,,,,,
2004-07-22,21.99012756347656,,,,,,
2004-07-23,21.95621109008789,,,,,,
2004-07-26,21.9610595703125,,,,,,
2004-07-27,21.999813079833984,,,,,,
2004-07-28,22.19359588623047,,,,,,
2004-07-29,22.300195693969727,,,,,,
2004-07-30,22.43099975585937,,,,,,
2004-08-02,22.406757354736328,,,,,,
2004-08-03,22.71682548522949,,,,,,
2004-08-04,22.40192413330078,,,,,,
2004-08-05,22.20330047607422,,,,,,
2004-08-06,21.859317779541016,,,,,,
2004-08-09,22.072486877441406,,,,,,
2004-08-10,21.9416732788086,,,,,,
2004-08-11,21.99528312683105,,,,,,
2004-08-12,21.717485427856445,,,,,,
2004-08-13,21.89293670654297,,,,,,
2004-08-16,21.97580337524414,,,,,,
2004-08-17,21.62000846862793,,,,,,
2004-08-18,21.839332580566406,,,,,,
2004-08-19,21.97580337524414,,,,,,
2004-08-20,22.053783416748047,,,,,,
2004-08-23,21.927064895629883,,,,,,
2004-08-24,21.85882377624512,,,,,,
2004-08-25,22.02452278137207,,,,,,
2004-08-26,22.053783416748047,,,,,,
2004-08-27,22.146381378173828,,,,,,
2004-08-30,21.99528312683105,,,,,,
2004-08-31,22.46803855895996,,,,,,
2004-09-01,22.633750915527344,,,,,,
2004-09-02,22.896944046020508,,,,,,
2004-09-03,22.93592071533203,,,,,,
2004-09-07,22.97978973388672,,,,,,
2004-09-08,22.940793991088867,,,,,,
2004-09-09,23.14062690734864,,,,,,
2004-09-10,23.08700561523437,,,,,,
2004-09-13,23.150371551513672,,,,,,
2004-09-14,23.13575935363769,,,,,,
2004-09-15,23.11626434326172,,,,,,
2004-09-16,23.174747467041016,,,,,,
2004-09-17,23.574392318725582,,,,,,
2004-09-20,23.496414184570312,,,,,,
2004-09-21,24.120250701904297,,,,,,
2004-09-22,23.813203811645508,,,,,,
2004-09-23,23.27709007263184,,,,,,
2004-09-24,23.31120681762696,,,,,,
2004-09-27,23.37456512451172,,,,,,
2004-09-28,23.65237617492676,,,,,,
2004-09-29,23.467159271240234,,,,,,
2004-09-30,23.554893493652344,,,,,,
2004-10-01,23.82781410217285,,,,,,
2004-10-04,23.84244537353516,,,,,,
2004-10-05,24.037397384643555,,,,,,
2004-10-06,24.383434295654297,,,,,,
2004-10-07,24.24209785461425,,,,,,
2004-10-08,24.290830612182617,,,,,,
2004-10-11,24.266469955444336,,,,,,
2004-10-12,24.0617733001709,,,,,,
2004-10-13,23.62801170349121,,,,,,
2004-10-14,23.740100860595703,,,,,,
2004-10-15,23.89118194580078,,,,,,
2004-10-18,23.75959014892578,,,,,,
2004-10-19,23.54514503479004,,,,,,
2004-10-20,23.818084716796875,,,,,,
2004-10-21,23.78883171081543,,,,,,
2004-10-22,23.7352237701416,,,,,,
2004-10-25,23.78883171081543,,,,,,
2004-10-26,24.07151985168457,,,,,,
2004-10-27,23.85706901550293,,,,,,
2004-10-28,23.691362380981445,,,,,,
2004-10-29,23.9886474609375,,,,,,
2004-11-01,23.793710708618164,,,,,,
2004-11-02,23.6036434173584,,,,,,
2004-11-03,24.013029098510746,,,,,,
2004-11-04,24.46141815185547,,,,,,
2004-11-05,24.55888938903809,,,,,,
2004-11-08,24.45166778564453,,,,,,
2004-11-09,24.162553787231445,,,,,,
2004-11-10,24.338960647583008,,,,,,
2004-11-11,24.33406639099121,,,,,,
2004-11-12,24.706478118896484,,,,,,
2004-11-15,24.29487419128418,,,,,,
2004-11-16,24.21155166625977,,,,,,
2004-11-17,24.50065803527832,,,,,,
2004-11-18,24.52516746520996,,,,,,
2004-11-19,24.68687057495117,,,,,,
2004-11-22,24.94658088684082,,,,,,
2004-11-23,25.088672637939453,,,,,,
2004-11-24,25.23079490661621,,,,,,
2004-11-26,25.309194564819336,,,,,,
2004-11-29,25.171987533569336,,,,,,
2004-11-30,25.113178253173828,,,,,,
2004-12-01,25.064184188842773,,,,,,
2004-12-02,24.58397483825684,,,,,,
2004-12-03,24.63296890258789,,,,,,
2004-12-06,24.56926155090332,,,,,,
2004-12-07,24.353666305541992,,,,,,
2004-12-08,24.510467529296875,,,,,,
2004-12-09,24.657474517822266,,,,,,
2004-12-10,24.57417297363281,,,,,,
2004-12-13,24.8289852142334,,,,,,
2004-12-14,24.824085235595703,,,,,,
2004-12-15,24.75057029724121,,,,,,
2004-12-16,24.54966735839844,,,,,,
2004-12-17,24.402664184570312,,,,,,
2004-12-20,25.02008819580078,,,,,,
2004-12-21,25.328786849975582,,,,,,
2004-12-22,25.13278579711914,,,,,,
2004-12-23,25.466007232666016,,,,,,
2004-12-27,24.931882858276367,,,,,,
2004-12-28,25.015186309814453,,,,,,
2004-12-29,25.05437660217285,,,,,,
2004-12-30,25.005380630493164,,,,,,
2004-12-31,25.11808967590332,,,,,,
2005-01-03,24.54476356506348,,,,,,
2005-01-04,24.37816429138184,,,,,,
2005-01-05,24.25076103210449,,,,,,
2005-01-06,24.559473037719727,,,,,,
2005-01-07,24.39777374267578,,,,,,
2005-01-10,24.490869522094727,,,,,,
2005-01-11,24.42717361450196,,,,,,
2005-01-12,24.78976821899414,,,,,,
2005-01-13,24.77017402648925,,,,,,
2005-01-14,25.02496910095215,,,,,,
2005-01-18,25.23569679260254,,,,,,
2005-01-19,25.015186309814453,,,,,,
2005-01-20,24.85348320007324,,,,,,
2005-01-21,24.716285705566406,,,,,,
2005-01-24,25.05437660217285,,,,,,
2005-01-25,25.15239524841309,,,,,,
2005-01-26,25.333681106567383,,,,,,
2005-01-27,25.358200073242188,,,,,,
2005-01-28,25.122982025146484,,,,,,
2005-01-31,25.284692764282227,,,,,,
2005-02-01,26.103012084960938,,,,,,
2005-02-02,26.426427841186523,,,,,,
2005-02-03,26.71552848815918,,,,,,
2005-02-04,27.09282875061035,,,,,,
2005-02-07,27.1467399597168,,,,,,
2005-02-08,27.46680450439453,,,,,,
2005-02-09,27.34862518310547,,,,,,
2005-02-10,27.742563247680664,,,,,,
2005-02-11,27.62930488586425,,,,,,
2005-02-14,27.98383522033692,,,,,,
2005-02-15,28.02816200256348,,,,,,
2005-02-16,28.796321868896484,,,,,,
2005-02-17,28.623979568481445,,,,,,
2005-02-18,29.254274368286133,,,,,,
2005-02-22,28.68307304382324,,,,,,
2005-02-23,29.259183883666992,,,,,,
2005-02-24,30.10121726989746,,,,,,
2005-02-25,31.150054931640625,,,,,,
2005-02-28,31.174673080444336,,,,,,
2005-03-01,30.5788631439209,,,,,,
2005-03-02,30.86443901062012,,,,,,
2005-03-03,31.046649932861328,,,,,,
2005-03-04,31.302703857421875,,,,,,
2005-03-07,31.02202415466309,,,,,,
2005-03-08,31.07128143310547,,,,,,
2005-03-09,29.93380355834961,,,,,,
2005-03-10,29.72698974609375,,,,,,
2005-03-11,30.06183242797852,,,,,,
2005-03-14,30.17508125305176,,,,,,
2005-03-15,29.71714401245117,,,,,,
2005-03-16,29.68759155273437,,,,,,
2005-03-17,30.278478622436523,,,,,,
2005-03-18,30.84968376159668,,,,,,
2005-03-21,30.603496551513672,,,,,,
2005-03-22,29.98796463012696,,,,,,
2005-03-23,29.58911323547364,,,,,,
2005-03-24,29.05238342285156,,,,,,
2005-03-28,28.998210906982425,,,,,,
2005-03-29,28.69291114807129,,,,,,
2005-03-30,29.170551300048828,,,,,,
2005-03-31,29.34781837463379,,,,,,
2005-04-01,29.81562042236328,,,,,,
2005-04-04,29.864866256713867,,,,,,
2005-04-05,29.5743408203125,,,,,,
2005-04-06,29.98796463012696,,,,,,
2005-04-07,29.96334648132324,,,,,,
2005-04-08,29.549713134765625,,,,,,
2005-04-11,29.68759155273437,,,,,,
2005-04-12,29.756542205810547,,,,,,
2005-04-13,29.1262321472168,,,,,,
2005-04-14,28.929271697998047,,,,,,
2005-04-15,27.66868782043457,,,,,,
2005-04-18,28.190662384033203,,,,,,
2005-04-19,28.87018394470215,,,,,,
2005-04-20,28.13648796081543,,,,,,
2005-04-21,29.19025230407715,,,,,,
2005-04-22,29.259183883666992,,,,,,
2005-04-25,29.52509498596192,,,,,,
2005-04-26,29.185327529907227,,,,,,
2005-04-27,28.7470932006836,,,,,,
2005-04-28,27.575124740600582,,,,,,
2005-04-29,28.08231735229492,,,,,,
2005-05-02,28.43194007873535,,,,,,
2005-05-03,27.82133674621582,,,,,,
2005-05-04,28.18081855773925,,,,,,
2005-05-05,28.46149253845215,,,,,,
2005-05-06,28.363012313842773,,,,,,
2005-05-09,28.564891815185547,,,,,,
2005-05-10,28.18081855773925,,,,,,
2005-05-11,28.354034423828125,,,,,,
2005-05-12,27.13157844543457,,,,,,
2005-05-13,26.577266693115234,,,,,,
2005-05-16,26.40404510498047,,,,,,
2005-05-17,26.656455993652344,,,,,,
2005-05-18,26.55251884460449,,,,,,
2005-05-19,27.136520385742188,,,,,,
2005-05-20,26.730688095092773,,,,,,
2005-05-23,27.0969352722168,,,,,,
2005-05-24,27.24046516418457,,,,,,
2005-05-25,27.557205200195312,,,,,,
2005-05-26,27.824472427368164,,,,,,
2005-05-27,28.11151695251465,,,,,,
2005-05-31,27.81455993652344,,,,,,
2005-06-01,28.28474998474121,,,,,,
2005-06-02,28.36888313293457,,,,,,
2005-06-03,28.28474998474121,,,,,,
2005-06-06,28.50745391845703,,,,,,
2005-06-07,28.433210372924805,,,,,,
2005-06-08,28.076879501342773,,,,,,
2005-06-09,28.92318725585937,,,,,,
2005-06-10,28.893489837646484,,,,,,
2005-06-13,28.928136825561523,,,,,,
2005-06-14,28.977632522583008,,,,,,
2005-06-15,29.32406997680664,,,,,,
2005-06-16,29.754657745361328,,,,,,
2005-06-17,30.13573837280273,,,,,,
2005-06-20,30.115951538085938,,,,,,
2005-06-21,29.452754974365234,,,,,,
2005-06-22,29.53194236755371,,,,,,
2005-06-23,29.21024513244629,,,,,,
2005-06-24,28.7796630859375,,,,,,
2005-06-27,29.348838806152344,,,,,,
2005-06-28,29.244888305664062,,,,,,
2005-06-29,28.92318725585937,,,,,,
2005-06-30,28.443115234375,,,,,,
2005-07-01,28.858842849731445,,,,,,
2005-07-05,29.764556884765625,,,,,,
2005-07-06,29.254785537719727,,,,,,
2005-07-07,29.457704544067383,,,,,,
2005-07-08,29.3983154296875,,,,,,
2005-07-11,29.680419921875,,,,,,
2005-07-12,29.64083480834961,,,,,,
2005-07-13,29.57649040222168,,,,,,
2005-07-14,28.99742889404297,,,,,,
2005-07-15,28.784610748291016,,,,,,
2005-07-18,28.7796630859375,,,,,,
2005-07-19,29.091466903686523,,,,,,
2005-07-20,29.200345993041992,,,,,,
2005-07-21,28.650983810424805,,,,,,
2005-07-22,29.44780158996582,,,,,,
2005-07-25,29.665573120117188,,,,,,
2005-07-26,29.497285842895508,,,,,,
2005-07-27,29.497285842895508,,,,,,
2005-07-28,29.69527053833008,,,,,,
2005-07-29,29.07662773132324,,,,,,
2005-08-01,29.31417465209961,,,,,,
2005-08-02,29.60121726989746,,,,,,
2005-08-03,29.200345993041992,,,,,,
2005-08-04,28.962787628173828,,,,,,
2005-08-05,28.74995803833008,,,,,,
2005-08-08,29.126100540161133,,,,,,
2005-08-09,29.42801094055176,,,,,,
2005-08-10,29.79107666015625,,,,,,
2005-08-11,30.31328392028809,,,,,,
2005-08-12,30.363019943237305,,,,,,
2005-08-15,30.04970359802246,,,,,,
2005-08-16,29.37828063964844,,,,,,
2005-08-17,28.93564414978028,,,,,,
2005-08-18,28.900814056396484,,,,,,
2005-08-19,29.25392723083496,,,,,,
2005-08-22,29.37828063964844,,,,,,
2005-08-23,29.343461990356445,,,,,,
2005-08-24,29.283784866333008,,,,,,
2005-08-25,29.432994842529297,,,,,,
2005-08-26,29.05002212524414,,,,,,
2005-08-29,29.05499649047852,,,,,,
2005-08-30,29.149486541748047,,,,,,
2005-08-31,29.79107666015625,,,,,,
2005-09-01,30.67634963989257,,,,,,
2005-09-02,30.179000854492188,,,,,,
2005-09-06,30.36799049377441,,,,,,
2005-09-07,30.56692886352539,,,,,,
2005-09-08,30.487361907958984,,,,,,
2005-09-09,31.43233299255371,,,,,,
2005-09-12,31.09412384033203,,,,,,
2005-09-13,30.77084350585937,,,,,,
2005-09-14,31.06926155090332,,,,,,
2005-09-15,31.06427764892578,,,,,,
2005-09-16,31.680986404418945,,,,,,
2005-09-19,32.143524169921875,,,,,,
2005-09-20,32.093772888183594,,,,,,
2005-09-21,32.31262969970703,,,,,,
2005-09-22,32.317596435546875,,,,,,
2005-09-23,31.745649337768555,,,,,,
2005-09-26,32.12860107421875,,,,,,
2005-09-27,32.1385612487793,,,,,,
2005-09-28,32.1783332824707,,,,,,
2005-09-29,32.22807312011719,,,,,,
2005-09-30,31.601423263549805,,,,,,
2005-10-03,31.07920455932617,,,,,,
2005-10-04,30.11435317993164,,,,,,
2005-10-05,29.3185977935791,,,,,,
2005-10-06,29.12959098815918,,,,,,
2005-10-07,29.6418571472168,,,,,,
2005-10-10,29.09478187561035,,,,,,
2005-10-11,29.54241180419922,,,,,,
2005-10-12,29.31361389160156,,,,,,
2005-10-13,28.925683975219727,,,,,,
2005-10-14,29.164419174194336,,,,,,
2005-10-17,29.27384185791016,,,,,,
2005-10-18,28.000608444213867,,,,,,
2005-10-19,28.433311462402344,,,,,,
2005-10-20,27.453536987304688,,,,,,
2005-10-21,27.538095474243164,,,,,,
2005-10-24,28.27416038513184,,,,,,
2005-10-25,28.4482364654541,,,,,,
2005-10-26,27.95089340209961,,,,,,
2005-10-27,27.652484893798828,,,,,,
2005-10-28,28.00559425354004,,,,,,
2005-10-31,27.92104721069336,,,,,,
2005-11-01,28.05036354064941,,,,,,
2005-11-02,28.53776741027832,,,,,,
2005-11-03,29.12959098815918,,,,,,
2005-11-04,28.79637718200684,,,,,,
2005-11-07,28.39849853515625,,,,,,
2005-11-08,28.678447723388672,,,,,,
2005-11-09,28.74342155456543,,,,,,
2005-11-10,28.218536376953125,,,,,,
2005-11-11,28.253536224365234,,,,,,
2005-11-14,28.318523406982425,,,,,,
2005-11-15,28.208532333374023,,,,,,
2005-11-16,28.58345031738281,,,,,,
2005-11-17,28.683433532714844,,,,,,
2005-11-18,29.11833572387696,,,,,,
2005-11-21,29.67820930480957,,,,,,
2005-11-22,29.823177337646484,,,,,,
2005-11-23,29.92814445495605,,,,,,
2005-11-25,30.04812812805176,,,,,,
2005-11-28,29.363296508789062,,,,,,
2005-11-29,29.1633243560791,,,,,,
2005-11-30,29.008373260498047,,,,,,
2005-12-01,29.668210983276367,,,,,,
2005-12-02,29.528244018554688,,,,,,
2005-12-05,29.74818992614746,,,,,,
2005-12-06,29.83817481994629,,,,,,
2005-12-07,29.503246307373047,,,,,,
2005-12-08,29.703197479248047,,,,,,
2005-12-09,29.243297576904297,,,,,,
2005-12-12,29.42326736450196,,,,,,
2005-12-13,29.523250579833984,,,,,,
2005-12-14,29.923152923583984,,,,,,
2005-12-15,29.73821830749512,,,,,,
2005-12-16,29.02335929870605,,,,,,
2005-12-19,28.843395233154297,,,,,,
2005-12-20,28.9583683013916,,,,,,
2005-12-21,28.79342460632324,,,,,,
2005-12-22,28.543460845947266,,,,,,
2005-12-23,28.543460845947266,,,,,,
2005-12-27,27.928600311279297,,,,,,
2005-12-28,28.11856460571289,,,,,,
2005-12-29,28.113574981689453,,,,,,
2005-12-30,28.07857322692871,,,,,,
2006-01-03,29.22830581665039,,,,,,
2006-01-04,29.278295516967773,,,,,,
2006-01-05,29.133337020874023,,,,,,
2006-01-06,29.70818901062012,,,,,,
2006-01-09,29.69321250915528,,,,,,
2006-01-10,29.923152923583984,,,,,,
2006-01-11,30.128108978271484,,,,,,
2006-01-12,29.81317901611328,,,,,,
2006-01-13,30.478015899658203,,,,,,
2006-01-17,30.76296806335449,,,,,,
2006-01-18,30.333051681518555,,,,,,
2006-01-19,30.742963790893555,,,,,,
2006-01-20,30.258060455322266,,,,,,
2006-01-23,30.59299659729004,,,,,,
2006-01-24,30.473020553588867,,,,,,
2006-01-25,30.098114013671875,,,,,,
2006-01-26,29.968128204345703,,,,,,
2006-01-27,30.637996673583984,,,,,,
2006-01-30,31.54778480529785,,,,,,
2006-01-31,31.367816925048828,,,,,,
2006-02-01,30.9679012298584,,,,,,
2006-02-02,30.9679012298584,,,,,,
2006-02-03,30.68798065185547,,,,,,
2006-02-06,30.977903366088867,,,,,,
2006-02-07,30.268075942993164,,,,,,
2006-02-08,30.34847450256348,,,,,,
2006-02-09,30.112281799316406,,,,,,
2006-02-10,29.86603736877441,,,,,,
2006-02-13,29.95148086547852,,,,,,
2006-02-14,29.92635536193848,,,,,,
2006-02-15,30.03187370300293,,,,,,
2006-02-16,30.278135299682617,,,,,,
2006-02-17,30.428890228271484,,,,,,
2006-02-21,30.534421920776367,,,,,,
2006-02-22,30.28314208984375,,,,,,
2006-02-23,30.06704902648925,,,,,,
2006-02-24,30.363569259643555,,,,,,
2006-02-27,30.112281799316406,,,,,,
2006-02-28,29.83588600158692,,,,,,
2006-03-01,30.323347091674805,,,,,,
2006-03-02,30.57966041564941,,,,,,
2006-03-03,30.644975662231445,,,,,,
2006-03-06,30.14243698120117,,,,,,
2006-03-07,30.07710266113281,,,,,,
2006-03-08,30.00674819946289,,,,,,
2006-03-09,29.609739303588867,,,,,,
2006-03-10,29.740407943725582,,,,,,
2006-03-13,29.971582412719727,,,,,,
2006-03-14,30.55956268310547,,,,,,
2006-03-15,30.665082931518555,,,,,,
2006-03-16,30.97666358947754,,,,,,
2006-03-17,30.68015480041504,,,,,,
2006-03-20,30.48416519165039,,,,,,
2006-03-21,30.51431655883789,,,,,,
2006-03-22,30.68015480041504,,,,,,
2006-03-23,30.78067970275879,,,,,,
2006-03-24,30.74046516418457,,,,,,
2006-03-27,30.80077171325684,,,,,,
2006-03-28,30.629892349243164,,,,,,
2006-03-29,30.795738220214844,,,,,,
2006-03-30,30.71534538269043,,,,,,
2006-03-31,30.584686279296875,,,,,,
2006-04-03,30.67011070251465,,,,,,
2006-04-04,31.03193092346192,,,,,,
2006-04-05,31.23798370361328,,,,,,
2006-04-06,31.202800750732425,,,,,,
2006-04-07,30.82086944580078,,,,,,
2006-04-10,31.12742042541504,,,,,,
2006-04-11,31.157569885253903,,,,,,
2006-04-12,30.88619041442871,,,,,,
2006-04-13,30.936464309692383,,,,,,
2006-04-17,31.18269920349121,,,,,,
2006-04-18,31.93149375915528,,,,,,
2006-04-19,32.313411712646484,,,,,,
2006-04-20,32.122459411621094,,,,,,
2006-04-21,32.66520690917969,,,,,,
2006-04-24,32.36869430541992,,,,,,
2006-04-25,32.13752365112305,,,,,,
2006-04-26,31.71035957336425,,,,,,
2006-04-27,31.36863899230957,,,,,,
2006-04-28,31.700319290161133,,,,,,
2006-05-01,31.87117958068848,,,,,,
2006-05-02,32.49937438964844,,,,,,
2006-05-03,32.047061920166016,,,,,,
2006-05-04,31.815898895263672,,,,,,
2006-05-05,32.16264724731445,,,,,,
2006-05-08,32.01692199707031,,,,,,
2006-05-09,32.13249588012695,,,,,,
2006-05-10,32.26382064819336,,,,,,
2006-05-11,32.05168914794922,,,,,,
2006-05-12,31.43550491333008,,,,,,
2006-05-15,31.31429481506348,,,,,,
2006-05-16,31.294090270996094,,,,,,
2006-05-17,30.39507102966309,,,,,,
2006-05-18,30.248592376708984,,,,,,
2006-05-19,30.531423568725582,,,,,,
2006-05-22,30.698110580444336,,,,,,
2006-05-23,30.501121520996094,,,,,,
2006-05-24,30.35464859008789,,,,,,
2006-05-25,31.07185745239257,,,,,,
2006-05-26,31.102163314819336,,,,,,
2006-05-30,30.40515899658203,,,,,,
2006-05-31,30.76376724243164,,,,,,
2006-06-01,30.864782333374023,,,,,,
2006-06-02,31.137508392333984,,,,,,
2006-06-05,30.32941246032715,,,,,,
2006-06-06,30.506193161010746,,,,,,
2006-06-07,29.708175659179688,,,,,,
2006-06-08,30.08698272705078,,,,,,
2006-06-09,29.698070526123047,,,,,,
2006-06-12,29.41523170471192,,,,,,
2006-06-13,28.6121768951416,,,,,,
2006-06-14,29.19299697875977,,,,,,
2006-06-15,29.85968971252441,,,,,,
2006-06-16,29.698070526123047,,,,,,
2006-06-19,28.985929489135746,,,,,,
2006-06-20,28.985929489135746,,,,,,
2006-06-21,29.32431602478028,,,,,,
2006-06-22,29.27886199951172,,,,,,
2006-06-23,29.344528198242188,,,,,,
2006-06-26,29.708175659179688,,,,,,
2006-06-27,30.127370834350582,,,,,,
2006-06-28,30.869834899902344,,,,,,
2006-06-29,31.50117492675781,,,,,,
2006-06-30,30.985990524291992,,,,,,
2006-07-03,31.390050888061523,,,,,,
2006-07-05,31.59207344055176,,,,,,
2006-07-06,32.05674362182617,,,,,,
2006-07-07,31.7385482788086,,,,,,
2006-07-10,31.839555740356445,,,,,,
2006-07-11,32.314327239990234,,,,,,
2006-07-12,32.30928039550781,,,,,,
2006-07-13,32.35978317260742,,,,,,
2006-07-14,32.77899169921875,,,,,,
2006-07-17,32.324432373046875,,,,,,
2006-07-18,32.63251876831055,,,,,,
2006-07-19,32.65777587890625,,,,,,
2006-07-20,32.450714111328125,,,,,,
2006-07-21,32.28907012939453,,,,,,
2006-07-24,33.01132583618164,,,,,,
2006-07-25,33.20323181152344,,,,,,
2006-07-26,33.63761138916016,,,,,,
2006-07-27,33.57194900512695,,,,,,
2006-07-28,33.839622497558594,,,,,,
2006-07-31,34.213382720947266,,,,,,
2006-08-01,34.43561553955078,,,,,,
2006-08-02,34.58712387084961,,,,,,
2006-08-03,34.53158187866211,,,,,,
2006-08-04,34.69321060180664,,,,,,
2006-08-07,34.96593475341797,,,,,,
2006-08-08,34.98613357543945,,,,,,
2006-08-09,34.99625015258789,,,,,,
2006-08-10,35.18398666381836,,,,,,
2006-08-11,35.381874084472656,,,,,,
2006-08-14,35.1383171081543,,,,,,
2006-08-15,34.85417175292969,,,,,,
2006-08-16,34.28586959838867,,,,,,
2006-08-17,34.54465866088867,,,,,,
2006-08-18,35.06220626831055,,,,,,
2006-08-21,35.432613372802734,,,,,,
2006-08-22,35.62543487548828,,,,,,
2006-08-23,35.33112716674805,,,,,,
2006-08-24,35.88421630859375,,,,,,
2006-08-25,35.73708724975586,,,,,,
2006-08-28,35.569618225097656,,,,,,
2006-08-29,35.219512939453125,,,,,,
2006-08-30,34.656288146972656,,,,,,
2006-08-31,34.336612701416016,,,,,,
2006-09-01,34.55479431152344,,,,,,
2006-09-05,34.74760055541992,,,,,,
2006-09-06,34.087982177734375,,,,,,
2006-09-07,34.34676742553711,,,,,,
2006-09-08,33.900230407714844,,,,,,
2006-09-11,32.95138168334961,,,,,,
2006-09-12,32.82958221435547,,,,,,
2006-09-13,33.164485931396484,,,,,,
2006-09-14,32.834659576416016,,,,,,
2006-09-15,32.80423355102539,,,,,,
2006-09-18,33.641456604003906,,,,,,
2006-09-19,33.23550796508789,,,,,,
2006-09-20,32.53022766113281,,,,,,
2006-09-21,32.87017822265625,,,,,,
2006-09-22,32.93614959716797,,,,,,
2006-09-25,33.01226043701172,,,,,,
2006-09-26,33.70741653442383,,,,,,
2006-09-27,34.062599182128906,,,,,,
2006-09-28,34.23004913330078,,,,,,
2006-09-29,34.04737854003906,,,,,,
2006-10-02,33.99662780761719,,,,,,
2006-10-03,33.18986129760742,,,,,,
2006-10-04,33.79876708984375,,,,,,
2006-10-05,34.15900802612305,,,,,,
2006-10-06,34.26050567626953,,,,,,
2006-10-09,33.768310546875,,,,,,
2006-10-10,34.09812545776367,,,,,,
2006-10-11,33.75815200805664,,,,,,
2006-10-12,34.326473236083984,,,,,,
2006-10-13,34.70701599121094,,,,,,
2006-10-16,35.432613372802734,,,,,,
2006-10-17,35.219512939453125,,,,,,
2006-10-18,35.09772872924805,,,,,,
2006-10-19,35.381874084472656,,,,,,
2006-10-20,35.29054260253906,,,,,,
2006-10-23,35.47829818725586,,,,,,
2006-10-24,35.46305847167969,,,,,,
2006-10-25,36.03134536743164,,,,,,
2006-10-26,36.34088516235352,,,,,,
2006-10-27,36.25970077514648,,,,,,
2006-10-30,35.94510269165039,,,,,,
2006-10-31,36.23942184448242,,,,,,
2006-11-01,36.056732177734375,,,,,,
2006-11-02,36.12271118164063,,,,,,
2006-11-03,36.60982894897461,,,,,,
2006-11-06,36.99546051025391,,,,,,
2006-11-07,36.80263900756836,,,,,,
2006-11-08,37.61448287963867,,,,,,
2006-11-09,38.02219009399414,,,,,,
2006-11-10,37.92536926269531,,,,,,
2006-11-13,37.93046569824219,,,,,,
2006-11-14,37.94064331054688,,,,,,
2006-11-15,38.1190299987793,,,,,,
2006-11-16,37.033538818359375,,,,,,
2006-11-17,37.24247741699219,,,,,,
2006-11-20,36.9112434387207,,,,,,
2006-11-21,37.40046310424805,,,,,,
2006-11-22,37.155853271484375,,,,,,
2006-11-24,36.8857421875,,,,,,
2006-11-27,36.931602478027344,,,,,,
2006-11-28,37.79286575317383,,,,,,
2006-11-29,38.7458381652832,,,,,,
2006-11-30,39.14333724975586,,,,,,
2006-12-01,39.342079162597656,,,,,,
2006-12-04,39.63254928588867,,,,,,
2006-12-05,39.780372619628906,,,,,,
2006-12-06,38.8885383605957,,,,,,
2006-12-07,38.58275604248047,,,,,,
2006-12-08,38.47574234008789,,,,,,
2006-12-11,38.40439224243164,,,,,,
2006-12-12,38.85792541503906,,,,,,
2006-12-13,39.42361831665039,,,,,,
2006-12-14,40.12179183959961,,,,,,
2006-12-15,39.39305114746094,,,,,,
2006-12-18,38.480838775634766,,,,,,
2006-12-19,39.23506927490234,,,,,,
2006-12-20,38.77132797241211,,,,,,
2006-12-21,38.66429138183594,,,,,,
2006-12-22,38.42986297607422,,,,,,
2006-12-26,38.75602340698242,,,,,,
2006-12-27,39.21978378295898,,,,,,
2006-12-28,39.408321380615234,,,,,,
2006-12-29,39.051605224609375,,,,,,
2007-01-03,37.76738357543945,,,,,,
2007-01-04,37.05901336669922,,,,,,
2007-01-05,37.32401657104492,,,,,,
2007-01-08,37.02335357666016,,,,,,
2007-01-09,36.73794555664063,,,,,,
2007-01-10,36.17738342285156,,,,,,
2007-01-11,36.17228698730469,,,,,,
2007-01-12,37.02845764160156,,,,,,
2007-01-16,36.503536224365234,,,,,,
2007-01-17,36.92650985717773,,,,,,
2007-01-18,36.67169952392578,,,,,,
2007-01-19,37.4718017578125,,,,,,
2007-01-22,37.15075302124024,,,,,,
2007-01-23,37.96103286743164,,,,,,
2007-01-24,38.16997528076172,,,,,,
2007-01-25,37.46669769287109,,,,,,
2007-01-26,37.51256942749024,,,,,,
2007-01-29,37.30364227294922,,,,,,
2007-01-30,37.91008377075195,,,,,,
2007-01-31,37.76227951049805,,,,,,
2007-02-01,38.26169967651367,,,,,,
2007-02-02,38.496131896972656,,,,,,
2007-02-05,38.5623779296875,,,,,,
2007-02-06,38.455360412597656,,,,,,
2007-02-07,38.276214599609375,,,,,,
2007-02-08,38.6191291809082,,,,,,
2007-02-09,38.49628448486328,,,,,,
2007-02-12,38.17899703979492,,,,,,
2007-02-13,38.61400604248047,,,,,,
2007-02-14,38.69076919555664,,,,,,
2007-02-15,38.55770492553711,,,,,,
2007-02-16,38.532135009765625,,,,,,
2007-02-20,38.31717300415039,,,,,,
2007-02-21,38.27112579345703,,,,,,
2007-02-22,38.42464828491211,,,,,,
2007-02-23,38.49628448486328,,,,,,
2007-02-26,38.58841323852539,,,,,,
2007-02-27,36.761348724365234,,,,,,
2007-02-28,36.68458557128906,,,,,,
2007-03-01,36.33145904541016,,,,,,
2007-03-02,35.82989883422852,,,,,,
2007-03-05,35.814544677734375,,,,,,
2007-03-06,36.33658599853516,,,,,,
2007-03-07,36.66411590576172,,,,,,
2007-03-08,36.77158737182617,,,,,,
2007-03-09,36.39799118041992,,,,,,
2007-03-12,36.2700309753418,,,,,,
2007-03-13,35.77873611450195,,,,,,
2007-03-14,36.34680938720703,,,,,,
2007-03-15,36.17793655395508,,,,,,
2007-03-16,35.753143310546875,,,,,,
2007-03-19,36.38774108886719,,,,,,
2007-03-20,36.84834289550781,,,,,,
2007-03-21,37.47784805297852,,,,,,
2007-03-22,38.05615234375,,,,,,
2007-03-23,38.39393615722656,,,,,,
2007-03-26,38.62423324584961,,,,,,
2007-03-27,38.7470703125,,,,,,
2007-03-28,38.67031097412109,,,,,,
2007-03-29,39.01832580566406,,,,,,
2007-03-30,38.61400604248047,,,,,,
2007-04-02,38.977386474609375,,,,,,
2007-04-03,39.30489730834961,,,,,,
2007-04-04,39.463565826416016,,,,,,
2007-04-05,39.51985931396485,,,,,,
2007-04-09,39.30489730834961,,,,,,
2007-04-10,39.69898223876953,,,,,,
2007-04-11,39.28955841064453,,,,,,
2007-04-12,39.60686111450195,,,,,,
2007-04-13,39.61710357666016,,,,,,
2007-04-16,40.00606536865234,,,,,,
2007-04-17,40.1237678527832,,,,,,
2007-04-18,40.021427154541016,,,,,,
2007-04-19,39.64268112182617,,,,,,
2007-04-20,40.81980514526367,,,,,,
2007-04-23,40.5331916809082,,,,,,
2007-04-24,40.22612380981445,,,,,,
2007-04-25,40.90168380737305,,,,,,
2007-04-26,41.22408676147461,,,,,,
2007-04-27,41.12686538696289,,,,,,
2007-04-30,40.62531661987305,,,,,,
2007-05-01,40.76861572265625,,,,,,
2007-05-02,40.85050582885742,,,,,,
2007-05-03,41.29062271118164,,,,,,
2007-05-04,41.22408676147461,,,,,,
2007-05-07,41.36739730834961,,,,,,
2007-05-08,41.64888000488281,,,,,,
2007-05-09,41.66933822631836,,,,,,
2007-05-10,40.80582809448242,,,,,,
2007-05-11,41.7515869140625,,,,,,
2007-05-14,41.761863708496094,,,,,,
2007-05-15,41.70019912719727,,,,,,
2007-05-16,41.86467742919922,,,,,,
2007-05-17,42.044551849365234,,,,,,
2007-05-18,42.79498672485352,,,,,,
2007-05-21,42.9646110534668,,,,,,
2007-05-22,42.54313659667969,,,,,,
2007-05-23,42.656211853027344,,,,,,
2007-05-24,42.29128646850586,,,,,,
2007-05-25,42.92349243164063,,,,,,
2007-05-29,42.46604537963867,,,,,,
2007-05-30,43.17534255981445,,,,,,
2007-05-31,42.74873733520508,,,,,,
2007-06-01,43.28841018676758,,,,,,
2007-06-04,43.28841018676758,,,,,,
2007-06-05,43.30899429321289,,,,,,
2007-06-06,42.98003387451172,,,,,,
2007-06-07,42.12679290771485,,,,,,
2007-06-08,42.49687957763672,,,,,,
2007-06-11,42.69219207763672,,,,,,
2007-06-12,42.14736557006836,,,,,,
2007-06-13,42.84123992919922,,,,,,
2007-06-14,43.57112121582031,,,,,,
2007-06-15,44.172508239746094,,,,,,
2007-06-18,44.38837814331055,,,,,,
2007-06-19,44.12107849121094,,,,,,
2007-06-20,42.56884002685547,,,,,,
2007-06-21,43.32954406738281,,,,,,
2007-06-22,42.41463088989258,,,,,,
2007-06-25,42.33755493164063,,,,,,
2007-06-26,42.05484008789063,,,,,,
2007-06-27,42.9080810546875,,,,,,
2007-06-28,42.96974182128906,,,,,,
2007-06-29,43.11367416381836,,,,,,
2007-07-02,43.59683609008789,,,,,,
2007-07-03,43.87438583374024,,,,,,
2007-07-05,43.771583557128906,,,,,,
2007-07-06,44.43976974487305,,,,,,
2007-07-09,44.9434928894043,,,,,,
2007-07-10,44.46033477783203,,,,,,
2007-07-11,44.86638259887695,,,,,,
2007-07-12,46.0639877319336,,,,,,
2007-07-13,46.42891693115234,,,,,,
2007-07-16,46.105098724365234,,,,,,
2007-07-17,45.79155349731445,,,,,,
2007-07-18,46.850399017333984,,,,,,
2007-07-19,47.43634414672852,,,,,,
2007-07-20,47.25643539428711,,,,,,
2007-07-23,48.02744674682617,,,,,,
2007-07-24,46.6910400390625,,,,,,
2007-07-25,47.693336486816406,,,,,,
2007-07-26,45.34954452514648,,,,,,
2007-07-27,43.99262619018555,,,,,,
2007-07-30,44.20846176147461,,,,,,
2007-07-31,43.75615310668945,,,,,,
2007-08-01,44.12107849121094,,,,,,
2007-08-02,43.78185272216797,,,,,,
2007-08-03,42.1884880065918,,,,,,
2007-08-06,42.93892288208008,,,,,,
2007-08-07,44.04912185668945,,,,,,
2007-08-08,45.17991256713867,,,,,,
2007-08-09,43.14155197143555,,,,,,
2007-08-10,43.61112976074219,,,,,,
2007-08-13,42.79062271118164,,,,,,
2007-08-14,42.89900588989258,,,,,,
2007-08-15,42.15589141845703,,,,,,
2007-08-16,41.62952423095703,,,,,,
2007-08-17,43.42019271850586,,,,,,
2007-08-20,43.62144470214844,,,,,,
2007-08-21,42.909324645996094,,,,,,
2007-08-22,43.131229400634766,,,,,,
2007-08-23,43.21892929077149,,,,,,
2007-08-24,44.22007369995117,,,,,,
2007-08-27,43.92593002319336,,,,,,
2007-08-28,42.83190155029297,,,,,,
2007-08-29,43.982688903808594,,,,,,
2007-08-30,44.070404052734375,,,,,,
2007-08-31,44.2407112121582,,,,,,
2007-09-04,45.0147705078125,,,,,,
2007-09-05,45.00960540771485,,,,,,
2007-09-06,45.148956298828125,,,,,,
2007-09-07,44.25103378295898,,,,,,
2007-09-10,43.7917366027832,,,,,,
2007-09-11,44.86512756347656,,,,,,
2007-09-12,45.23152542114258,,,,,,
2007-09-13,45.73208618164063,,,,,,
2007-09-14,45.757904052734375,,,,,,
2007-09-17,46.06236267089844,,,,,,
2007-09-18,47.352481842041016,,,,,,
2007-09-19,47.53826141357422,,,,,,
2007-09-20,47.522762298583984,,,,,,
2007-09-21,47.63630676269531,,,,,,
2007-09-24,47.33697891235352,,,,,,
2007-09-25,47.4556770324707,,,,,,
2007-09-26,47.667266845703125,,,,,,
2007-09-27,47.97689437866211,,,,,,
2007-09-28,47.76533889770508,,,,,,
2007-10-01,48.48261642456055,,,,,,
2007-10-02,47.60017013549805,,,,,,
2007-10-03,47.130592346191406,,,,,,
2007-10-04,46.91899871826172,,,,,,
2007-10-05,47.14606475830078,,,,,,
2007-10-08,46.79515075683594,,,,,,
2007-10-09,47.82208251953125,,,,,,
2007-10-10,48.0594596862793,,,,,,
2007-10-11,47.81692123413086,,,,,,
2007-10-12,48.24007415771485,,,,,,
2007-10-15,48.93158721923828,,,,,,
2007-10-16,48.89028930664063,,,,,,
2007-10-17,48.92124557495117,,,,,,
2007-10-18,49.05027389526367,,,,,,
2007-10-19,47.54856491088867,,,,,,
2007-10-22,46.91382598876953,,,,,,
2007-10-23,47.14091110229492,,,,,,
2007-10-24,47.54343032836914,,,,,,
2007-10-25,47.25442123413086,,,,,,
2007-10-26,47.5847053527832,,,,,,
2007-10-29,48.30715560913086,,,,,,
2007-10-30,47.03251266479492,,,,,,
2007-10-31,47.47114944458008,,,,,,
2007-11-01,45.670166015625,,,,,,
2007-11-02,45.376014709472656,,,,,,
2007-11-05,45.23667526245117,,,,,,
2007-11-06,46.64032745361328,,,,,,
2007-11-07,45.17422866821289,,,,,,
2007-11-08,46.32431411743164,,,,,,
2007-11-09,44.99292755126953,,,,,,
2007-11-12,43.79622268676758,,,,,,
2007-11-13,45.00846099853516,,,,,,
2007-11-14,44.7131462097168,,,,,,
2007-11-15,43.770301818847656,,,,,,
2007-11-16,44.08633804321289,,,,,,
2007-11-19,43.57344436645508,,,,,,
2007-11-20,45.49543380737305,,,,,,
2007-11-21,45.091346740722656,,,,,,
2007-11-23,45.7389030456543,,,,,,
2007-11-26,44.38677215576172,,,,,,
2007-11-27,44.74943161010742,,,,,,
2007-11-28,45.54722595214844,,,,,,
2007-11-29,45.89432907104492,,,,,,
2007-11-30,46.18962478637695,,,,,,
2007-12-03,46.02902221679688,,,,,,
2007-12-04,45.65084457397461,,,,,,
2007-12-05,46.58333587646485,,,,,,
2007-12-06,47.37078475952149,,,,,,
2007-12-07,47.401851654052734,,,,,,
2007-12-10,47.67644119262695,,,,,,
2007-12-11,46.769832611083984,,,,,,
2007-12-12,47.61945343017578,,,,,,
2007-12-13,48.03389739990234,,,,,,
2007-12-14,47.236087799072266,,,,,,
2007-12-17,46.56781005859375,,,,,,
2007-12-18,47.36039352416992,,,,,,
2007-12-19,47.3656005859375,,,,,,
2007-12-20,47.72823333740234,,,,,,
2007-12-21,48.401702880859375,,,,,,
2007-12-24,48.52087020874024,,,,,,
2007-12-26,49.11661911010742,,,,,,
2007-12-27,48.52602767944336,,,,,,
2007-12-28,49.21504592895508,,,,,,
2007-12-31,48.53641891479492,,,,,,
2008-01-02,48.443153381347656,,,,,,
2008-01-03,48.60893630981445,,,,,,
2008-01-04,47.70236206054688,,,,,,
2008-01-07,47.25681686401367,,,,,,
2008-01-08,46.650691986083984,,,,,,
2008-01-09,47.43296051025391,,,,,,
2008-01-10,47.48474884033203,,,,,,
2008-01-11,46.78020858764648,,,,,,
2008-01-14,47.05477523803711,,,,,,
2008-01-15,46.11708068847656,,,,,,
2008-01-16,44.82716751098633,,,,,,
2008-01-17,43.469844818115234,,,,,,
2008-01-18,44.075950622558594,,,,,,
2008-01-22,42.713478088378906,,,,,,
2008-01-23,43.23152160644531,,,,,,
2008-01-24,44.55257797241211,,,,,,
2008-01-25,43.485382080078125,,,,,,
2008-01-28,44.10186004638672,,,,,,
2008-01-29,44.075950622558594,,,,,,
2008-01-30,44.17958450317383,,,,,,
2008-01-31,44.39715194702149,,,,,,
2008-02-01,44.52667617797852,,,,,,
2008-02-04,44.26244735717773,,,,,,
2008-02-05,42.537353515625,,,,,,
2008-02-06,42.19026184082031,,,,,,
2008-02-07,42.60649871826172,,,,,,
2008-02-08,42.51283264160156,,,,,,
2008-02-11,43.29847717285156,,,,,,
2008-02-12,43.90200424194336,,,,,,
2008-02-13,44.47950744628906,,,,,,
2008-02-14,44.51073455810547,,,,,,
2008-02-15,44.4171028137207,,,,,,
2008-02-19,45.270355224609375,,,,,,
2008-02-20,45.83747482299805,,,,,,
2008-02-21,45.22351837158203,,,,,,
2008-02-22,45.35360336303711,,,,,,
2008-02-25,46.373382568359375,,,,,,
2008-02-26,46.768798828125,,,,,,
2008-02-27,46.50865173339844,,,,,,
2008-02-28,46.50343322753906,,,,,,
2008-02-29,45.270355224609375,,,,,,
2008-03-03,45.65538024902344,,,,,,
2008-03-04,45.1038703918457,,,,,,
2008-03-05,45.36400604248047,,,,,,
2008-03-06,43.96965408325195,,,,,,
2008-03-07,42.91866302490234,,,,,,
2008-03-10,42.903053283691406,,,,,,
2008-03-11,45.0986442565918,,,,,,
2008-03-12,44.72926712036133,,,,,,
2008-03-13,45.29117965698242,,,,,,
2008-03-14,44.69804763793945,,,,,,
2008-03-17,44.63559341430664,,,,,,
2008-03-18,46.02997589111328,,,,,,
2008-03-19,43.928035736083984,,,,,,
2008-03-20,44.22459030151367,,,,,,
2008-03-24,44.71885299682617,,,,,,
2008-03-25,44.32862854003906,,,,,,
2008-03-26,44.88014221191406,,,,,,
2008-03-27,44.84892272949219,,,,,,
2008-03-28,44.33904647827149,,,,,,
2008-03-31,44.00606918334961,,,,,,
2008-04-01,45.27558517456055,,,,,,
2008-04-02,46.05596923828125,,,,,,
2008-04-03,45.90510940551758,,,,,,
2008-04-04,46.17045974731445,,,,,,
2008-04-07,46.26409530639648,,,,,,
2008-04-08,46.62311172485352,,,,,,
2008-04-09,46.6699447631836,,,,,,
2008-04-10,46.591896057128906,,,,,,
2008-04-11,46.1080207824707,,,,,,
2008-04-14,46.6699447631836,,,,,,
2008-04-15,47.242279052734375,,,,,,
2008-04-16,48.32965850830078,,,,,,
2008-04-17,48.5845947265625,,,,,,
2008-04-18,48.90718078613281,,,,,,
2008-04-21,49.042442321777344,,,,,,
2008-04-22,49.11006927490234,,,,,,
2008-04-23,49.02166748046875,,,,,,
2008-04-24,48.17877960205078,,,,,,
2008-04-25,48.10594177246094,,,,,,
2008-04-28,48.100730895996094,,,,,,
2008-04-29,47.75733184814453,,,,,,
2008-04-30,48.42332458496094,,,,,,
2008-05-01,46.6699447631836,,,,,,
2008-05-02,46.62311172485352,,,,,,
2008-05-05,46.57107925415039,,,,,,
2008-05-06,46.86243438720703,,,,,,
2008-05-07,46.21208190917969,,,,,,
2008-05-08,46.78961181640625,,,,,,
2008-05-09,46.41853332519531,,,,,,
2008-05-12,46.61191940307617,,,,,,
2008-05-13,46.86798095703125,,,,,,
2008-05-14,46.98820114135742,,,,,,
2008-05-15,47.71463394165039,,,,,,
2008-05-16,48.43059921264648,,,,,,
2008-05-19,49.313812255859375,,,,,,
2008-05-20,49.4183349609375,,,,,,
2008-05-21,48.95322036743164,,,,,,
2008-05-22,48.34696578979492,,,,,,
2008-05-23,47.40106201171875,,,,,,
2008-05-27,46.93071365356445,,,,,,
2008-05-28,47.25995635986328,,,,,,
2008-05-29,46.69552612304688,,,,,,
2008-05-30,46.38718795776367,,,,,,
2008-06-02,45.89070510864258,,,,,,
2008-06-03,44.79323196411133,,,,,,
2008-06-04,44.81412506103516,,,,,,
2008-06-05,46.67463302612305,,,,,,
2008-06-06,45.3576545715332,,,,,,
2008-06-09,46.54920959472656,,,,,,
2008-06-10,45.93251419067383,,,,,,
2008-06-11,46.308815002441406,,,,,,
2008-06-12,45.498756408691406,,,,,,
2008-06-13,46.17813491821289,,,,,,
2008-06-16,45.984771728515625,,,,,,
2008-06-17,46.31401824951172,,,,,,
2008-06-18,45.90118408203125,,,,,,
2008-06-19,44.83501815795898,,,,,,
2008-06-20,44.375144958496094,,,,,,
2008-06-23,45.83321762084961,,,,,,
2008-06-24,45.425567626953125,,,,,,
2008-06-25,45.78097152709961,,,,,,
2008-06-26,45.15904998779297,,,,,,
2008-06-27,45.23221969604492,,,,,,
2008-06-30,46.05793380737305,,,,,,
2008-07-01,46.17292785644531,,,,,,
2008-07-02,45.681671142578125,,,,,,
2008-07-03,46.1311149597168,,,,,,
2008-07-07,45.44126129150391,,,,,,
2008-07-08,44.91341781616211,,,,,,
2008-07-09,44.061553955078125,,,,,,
2008-07-10,44.97611999511719,,,,,,
2008-07-11,44.67302703857422,,,,,,
2008-07-14,44.64165878295898,,,,,,
2008-07-15,42.95361709594727,,,,,,
2008-07-16,42.23239517211914,,,,,,
2008-07-17,41.9815673828125,,,,,,
2008-07-18,42.61392211914063,,,,,,
2008-07-21,43.366493225097656,,,,,,
2008-07-22,43.30377197265625,,,,,,
2008-07-23,42.32648086547852,,,,,,
2008-07-24,42.227176666259766,,,,,,
2008-07-25,42.697532653808594,,,,,,
2008-07-28,42.164459228515625,,,,,,
2008-07-29,42.279441833496094,,,,,,
2008-07-30,44.09815216064453,,,,,,
2008-07-31,42.03382110595703,,,,,,
2008-08-01,41.66276168823242,,,,,,
2008-08-04,40.03221130371094,,,,,,
2008-08-05,40.94678497314453,,,,,,
2008-08-06,40.93632888793945,,,,,,
2008-08-07,40.471221923828125,,,,,,
2008-08-08,41.1401596069336,,,,,,
2008-08-11,41.05610275268555,,,,,,
2008-08-12,40.38374328613281,,,,,,
2008-08-13,41.06134414672852,,,,,,
2008-08-14,40.68314743041992,,,,,,
2008-08-15,40.4835319519043,,,,,,
2008-08-18,40.19987869262695,,,,,,
2008-08-19,40.94578552246094,,,,,,
2008-08-20,41.39753341674805,,,,,,
2008-08-21,42.20648193359375,,,,,,
2008-08-22,42.18019485473633,,,,,,
2008-08-25,41.34501647949219,,,,,,
2008-08-26,41.996341705322266,,,,,,
2008-08-27,42.26951217651367,,,,,,
2008-08-28,42.6424560546875,,,,,,
2008-08-29,42.02787780761719,,,,,,
2008-09-02,40.6148796081543,,,,,,
2008-09-03,40.98255920410156,,,,,,
2008-09-04,39.99504470825195,,,,,,
2008-09-05,39.72189712524414,,,,,,
2008-09-08,40.32596969604492,,,,,,
2008-09-09,38.48222351074219,,,,,,
2008-09-10,39.527530670166016,,,,,,
2008-09-11,39.69037628173828,,,,,,
2008-09-12,40.70941162109375,,,,,,
2008-09-15,38.47696685791016,,,,,,
2008-09-16,40.14736557006836,,,,,,
2008-09-17,39.54328918457031,,,,,,
2008-09-18,40.84073257446289,,,,,,
2008-09-19,41.81777191162109,,,,,,
2008-09-22,41.434303283691406,,,,,,
2008-09-23,40.80921936035156,,,,,,
2008-09-24,40.98781967163086,,,,,,
2008-09-25,42.37456130981445,,,,,,
2008-09-26,42.364070892333984,,,,,,
2008-09-29,38.9024543762207,,,,,,
2008-09-30,40.79344177246094,,,,,,
2008-10-01,41.27672576904297,,,,,,
2008-10-02,40.70941162109375,,,,,,
2008-10-03,40.94054412841797,,,,,,
2008-10-06,40.6148796081543,,,,,,
2008-10-07,39.958274841308594,,,,,,
2008-10-08,40.44677734375,,,,,,
2008-10-09,35.7192268371582,,,,,,
2008-10-10,32.756649017333984,,,,,,
2008-10-13,38.38768005371094,,,,,,
2008-10-14,38.06199645996094,,,,,,
2008-10-15,32.75138092041016,,,,,,
2008-10-16,36.48088455200195,,,,,,
2008-10-17,35.7402458190918,,,,,,
2008-10-20,39.39094543457031,,,,,,
2008-10-21,37.55770492553711,,,,,,
2008-10-22,33.917510986328125,,,,,,
2008-10-23,36.97466278076172,,,,,,
2008-10-24,36.26552963256836,,,,,,
2008-10-27,34.715938568115234,,,,,,
2008-10-28,39.32266616821289,,,,,,
2008-10-29,39.21235275268555,,,,,,
2008-10-30,39.42247772216797,,,,,,
2008-10-31,38.933963775634766,,,,,,
2008-11-03,39.02326202392578,,,,,,
2008-11-04,40.70415496826172,,,,,,
2008-11-05,38.70807266235352,,,,,,
2008-11-06,36.74877548217773,,,,,,
2008-11-07,39.06803131103516,,,,,,
2008-11-10,39.105010986328125,,,,,,
2008-11-11,38.38124465942383,,,,,,
2008-11-12,36.41593933105469,,,,,,
2008-11-13,39.8393669128418,,,,,,
2008-11-14,38.925392150878906,,,,,,
2008-11-17,38.76688766479492,,,,,,
2008-11-18,40.32540512084961,,,,,,
2008-11-19,38.78804397583008,,,,,,
2008-11-20,36.19407272338867,,,,,,
2008-11-21,40.050662994384766,,,,,,
2008-11-24,41.63032913208008,,,,,,
2008-11-25,41.26578140258789,,,,,,
2008-11-26,42.73446273803711,,,,,,
2008-11-28,42.3435173034668,,,,,,
2008-12-01,39.25822830200195,,,,,,
2008-12-02,41.00162887573242,,,,,,
2008-12-03,41.6989860534668,,,,,,
2008-12-04,40.29368591308594,,,,,,
2008-12-05,40.46804428100586,,,,,,
2008-12-08,42.052955627441406,,,,,,
2008-12-09,41.31333160400391,,,,,,
2008-12-10,42.30126953125,,,,,,
2008-12-11,42.27483367919922,,,,,,
2008-12-12,42.50201034545898,,,,,,
2008-12-15,42.23785400390625,,,,,,
2008-12-16,43.923126220703125,,,,,,
2008-12-17,42.82426071166992,,,,,,
2008-12-18,40.67935562133789,,,,,,
2008-12-19,39.63331985473633,,,,,,
2008-12-22,39.57520294189453,,,,,,
2008-12-23,39.675594329833984,,,,,,
2008-12-24,40.03484344482422,,,,,,
2008-12-26,40.77974319458008,,,,,,
2008-12-29,41.21824264526367,,,,,,
2008-12-30,41.51937484741211,,,,,,
2008-12-31,42.17447280883789,,,,,,
2009-01-02,43.13069534301758,,,,,,
2009-01-05,43.125396728515625,,,,,,
2009-01-06,42.42276382446289,,,,,,
2009-01-07,41.339752197265625,,,,,,
2009-01-08,41.78352355957031,,,,,,
2009-01-09,40.980506896972656,,,,,,
2009-01-12,40.43634796142578,,,,,,
2009-01-13,41.16540145874024,,,,,,
2009-01-14,39.675594329833984,,,,,,
2009-01-15,40.49974822998047,,,,,,
2009-01-16,41.26048278808594,,,,,,
2009-01-20,40.30427169799805,,,,,,
2009-01-21,41.87332534790039,,,,,,
2009-01-22,41.32917404174805,,,,,,
2009-01-23,41.22879409790039,,,,,,
2009-01-26,41.52465057373047,,,,,,
2009-01-27,41.69370651245117,,,,,,
2009-01-28,41.86805725097656,,,,,,
2009-01-29,40.67935562133789,,,,,,
2009-01-30,40.40464019775391,,,,,,
2009-02-02,40.51558303833008,,,,,,
2009-02-03,41.27106094360352,,,,,,
2009-02-04,41.02803039550781,,,,,,
2009-02-05,42.14806365966797,,,,,,
2009-02-06,42.65777587890625,,,,,,
2009-02-09,42.20113754272461,,,,,,
2009-02-10,40.42773818969727,,,,,,
2009-02-11,39.599403381347656,,,,,,
2009-02-12,39.939231872558594,,,,,,
2009-02-13,39.60472106933594,,,,,,
2009-02-17,37.84723663330078,,,,,,
2009-02-18,38.197662353515625,,,,,,
2009-02-19,38.31446075439453,,,,,,
2009-02-20,37.820682525634766,,,,,,
2009-02-23,36.79592514038086,,,,,,
2009-02-24,38.27729797363281,,,,,,
2009-02-25,38.25606918334961,,,,,,
2009-02-26,37.67201614379883,,,,,,
2009-02-27,36.05257034301758,,,,,,
2009-03-02,34.46498107910156,,,,,,
2009-03-03,34.17295455932617,,,,,,
2009-03-04,34.87382125854492,,,,,,
2009-03-05,33.03666687011719,,,,,,
2009-03-06,33.99772262573242,,,,,,
2009-03-09,34.28445816040039,,,,,,
2009-03-10,35.78177261352539,,,,,,
2009-03-11,34.92159652709961,,,,,,
2009-03-12,35.65434646606445,,,,,,
2009-03-13,35.68089294433594,,,,,,
2009-03-16,35.55876922607422,,,,,,
2009-03-17,36.68441390991211,,,,,,
2009-03-18,36.72687530517578,,,,,,
2009-03-19,36.280879974365234,,,,,,
2009-03-20,35.09150695800781,,,,,,
2009-03-23,37.449005126953125,,,,,,
2009-03-24,36.83838272094727,,,,,,
2009-03-25,37.25254440307617,,,,,,
2009-03-26,37.820682525634766,,,,,,
2009-03-27,37.156982421875,,,,,,
2009-03-30,36.44015502929688,,,,,,
2009-03-31,36.15876007080078,,,,,,
2009-04-01,36.758750915527344,,,,,,
2009-04-02,37.30033493041992,,,,,,
2009-04-03,37.40120697021485,,,,,,
2009-04-06,37.19413757324219,,,,,,
2009-04-07,36.48264694213867,,,,,,
2009-04-08,36.61539459228516,,,,,,
2009-04-09,37.0826416015625,,,,,,
2009-04-13,36.11627197265625,,,,,,
2009-04-14,35.94636917114258,,,,,,
2009-04-15,36.18000030517578,,,,,,
2009-04-16,35.79237747192383,,,,,,
2009-04-17,35.44194030761719,,,,,,
2009-04-20,34.66673278808594,,,,,,
2009-04-21,35.16585922241211,,,,,,
2009-04-22,34.38002014160156,,,,,,
2009-04-23,34.889747619628906,,,,,,
2009-04-24,35.346370697021484,,,,,,
2009-04-27,35.11275100708008,,,,,,
2009-04-28,35.6171760559082,,,,,,
2009-04-29,36.33928680419922,,,,,,
2009-04-30,35.399471282958984,,,,,,
2009-05-01,36.11096954345703,,,,,,
2009-05-04,36.21184539794922,,,,,,
2009-05-05,35.91981887817383,,,,,,
2009-05-06,36.41362380981445,,,,,,
2009-05-07,36.599456787109375,,,,,,
2009-05-08,37.59238052368164,,,,,,
2009-05-11,36.999473571777344,,,,,,
2009-05-12,37.827396392822266,,,,,,
2009-05-13,37.266544342041016,,,,,,
2009-05-14,37.261207580566406,,,,,,
2009-05-15,36.91400909423828,,,,,,
2009-05-18,37.65646743774414,,,,,,
2009-05-19,37.66712951660156,,,,,,
2009-05-20,37.18108749389648,,,,,,
2009-05-21,36.529422760009766,,,,,,
2009-05-22,36.76444625854492,,,,,,
2009-05-26,37.28790283203125,,,,,,
2009-05-27,36.48136520385742,,,,,,
2009-05-28,36.97810745239258,,,,,,
2009-05-29,37.04220581054688,,,,,,
2009-06-01,38.32946395874024,,,,,,
2009-06-02,38.94905471801758,,,,,,
2009-06-03,38.50038528442383,,,,,,
2009-06-04,38.981101989746094,,,,,,
2009-06-05,38.97576522827149,,,,,,
2009-06-08,39.08258819580078,,,,,,
2009-06-09,39.05589294433594,,,,,,
2009-06-10,39.44045639038086,,,,,,
2009-06-11,39.55265045166016,,,,,,
2009-06-12,39.40843200683594,,,,,,
2009-06-15,38.89030838012695,,,,,,
2009-06-16,38.26002502441406,,,,,,
2009-06-17,38.14786529541016,,,,,,
2009-06-18,38.15854263305664,,,,,,
2009-06-19,37.950233459472656,,,,,,
2009-06-22,36.76979064941406,,,,,,
2009-06-23,36.82855224609375,,,,,,
2009-06-24,36.56148910522461,,,,,,
2009-06-25,37.325294494628906,,,,,,
2009-06-26,36.881961822509766,,,,,,
2009-06-29,37.69919967651367,,,,,,
2009-06-30,37.34131622314453,,,,,,
2009-07-01,37.6884994506836,,,,,,
2009-07-02,36.58283233642578,,,,,,
2009-07-06,36.37452697753906,,,,,,
2009-07-07,35.551971435546875,,,,,,
2009-07-08,35.39173126220703,,,,,,
2009-07-09,35.23683166503906,,,,,,
2009-07-10,34.78281784057617,,,,,,
2009-07-13,35.092613220214844,,,,,,
2009-07-14,35.37036895751953,,,,,,
2009-07-15,36.556148529052734,,,,,,
2009-07-16,36.566837310791016,,,,,,
2009-07-17,36.598880767822266,,,,,,
2009-07-20,36.823204040527344,,,,,,
2009-07-21,37.64042663574219,,,,,,
2009-07-22,37.38405227661133,,,,,,
2009-07-23,38.24933624267578,,,,,,
2009-07-24,38.6125602722168,,,,,,
2009-07-27,38.85825729370117,,,,,,
2009-07-28,38.39891052246094,,,,,,
2009-07-29,38.153202056884766,,,,,,
2009-07-30,37.77397155761719,,,,,,
2009-07-31,37.59770202636719,,,,,,
2009-08-03,37.736595153808594,,,,,,
2009-08-04,37.70988082885742,,,,,,
2009-08-05,37.40542602539063,,,,,,
2009-08-06,37.24517059326172,,,,,,
2009-08-07,37.10630035400391,,,,,,
2009-08-10,36.9514045715332,,,,,,
2009-08-11,36.612831115722656,,,,,,
2009-08-12,37.13948822021485,,,,,,
2009-08-13,36.946022033691406,,,,,,
2009-08-14,36.65581512451172,,,,,,
2009-08-17,35.76375961303711,,,,,,
2009-08-18,35.73150634765625,,,,,,
2009-08-19,36.54298400878906,,,,,,
2009-08-20,36.86004257202149,,,,,,
2009-08-21,37.57478713989258,,,,,,
2009-08-24,38.31637954711914,,,,,,
2009-08-25,37.98320388793945,,,,,,
2009-08-26,38.35400772094727,,,,,,
2009-08-27,38.07993316650391,,,,,,
2009-08-28,37.6822624206543,,,,,,
2009-08-31,37.16099548339844,,,,,,
2009-09-01,36.763309478759766,,,,,,
2009-09-02,36.63970184326172,,,,,,
2009-09-03,36.68270111083984,,,,,,
2009-09-04,37.17710876464844,,,,,,
2009-09-08,37.967098236083984,,,,,,
2009-09-09,37.88648223876953,,,,,,
2009-09-10,37.967098236083984,,,,,,
2009-09-11,37.607025146484375,,,,,,
2009-09-14,37.617774963378906,,,,,,
2009-09-15,37.34368896484375,,,,,,
2009-09-16,37.800479888916016,,,,,,
2009-09-17,37.53179168701172,,,,,,
2009-09-18,37.612403869628906,,,,,,
2009-09-21,37.3867073059082,,,,,,
2009-09-22,37.52642440795898,,,,,,
2009-09-23,37.08037567138672,,,,,,
2009-09-24,37.042755126953125,,,,,,
2009-09-25,36.91915130615234,,,,,,
2009-09-28,37.397438049316406,,,,,,
2009-09-29,37.11798477172852,,,,,,
2009-09-30,36.87078857421875,,,,,,
2009-10-01,36.15068435668945,,,,,,
2009-10-02,35.779869079589844,,,,,,
2009-10-05,36.31727981567383,,,,,,
2009-10-06,36.89767074584961,,,,,,
2009-10-07,36.90303802490234,,,,,,
2009-10-08,37.10724639892578,,,,,,
2009-10-09,37.22547149658203,,,,,,
2009-10-12,37.687644958496094,,,,,,
2009-10-13,37.75751495361328,,,,,,
2009-10-14,38.60658645629883,,,,,,
2009-10-15,39.197715759277344,,,,,,
2009-10-16,39.29444885253906,,,,,,
2009-10-19,39.56313705444336,,,,,,
2009-10-20,39.24072647094727,,,,,,
2009-10-21,39.39654541015625,,,,,,
2009-10-22,40.00381088256836,,,,,,
2009-10-23,39.53627395629883,,,,,,
2009-10-26,39.35356521606445,,,,,,
2009-10-27,40.25638198852539,,,,,,
2009-10-28,39.6813850402832,,,,,,
2009-10-29,39.745853424072266,,,,,,
2009-10-30,38.51521301269531,,,,,,
2009-11-02,38.77318572998047,,,,,,
2009-11-03,38.55284118652344,,,,,,
2009-11-04,38.31637954711914,,,,,,
2009-11-05,38.96126937866211,,,,,,
2009-11-06,39.00424957275391,,,,,,
2009-11-09,39.37722396850586,,,,,,
2009-11-10,39.24748229980469,,,,,,
2009-11-11,39.4096565246582,,,,,,
2009-11-12,38.86370849609375,,,,,,
2009-11-13,39.171817779541016,,,,,,
2009-11-16,40.231258392333984,,,,,,
2009-11-17,40.55555725097656,,,,,,
2009-11-18,40.68528366088867,,,,,,
2009-11-19,40.35014343261719,,,,,,
2009-11-20,40.2042236328125,,,,,,
2009-11-23,40.91772079467773,,,,,,
2009-11-24,41.06364440917969,,,,,,
2009-11-25,41.33391189575195,,,,,,
2009-11-27,40.46907043457031,,,,,,
2009-11-30,40.5771713256836,,,,,,
2009-12-01,41.10148620605469,,,,,,
2009-12-02,40.96637344360352,,,,,,
2009-12-03,40.5339241027832,,,,,,
2009-12-04,40.13395690917969,,,,,,
2009-12-07,39.874507904052734,,,,,,
2009-12-08,39.4312629699707,,,,,,
2009-12-09,39.34479522705078,,,,,,
2009-12-10,39.13399124145508,,,,,,
2009-12-11,39.36640167236328,,,,,,
2009-12-14,37.66916275024414,,,,,,
2009-12-15,37.38808441162109,,,,,,
2009-12-16,36.98810195922852,,,,,,
2009-12-17,36.87458038330078,,,,,,
2009-12-18,36.86917495727539,,,,,,
2009-12-21,37.03134536743164,,,,,,
2009-12-22,37.063777923583984,,,,,,
2009-12-23,36.89620590209961,,,,,,
2009-12-24,37.1124267578125,,,,,,
2009-12-28,37.33943176269531,,,,,,
2009-12-29,37.20970916748047,,,,,,
2009-12-30,37.1718635559082,,,,,,
2009-12-31,36.85836791992188,,,,,,
2010-01-04,37.37728118896485,,,,,,
2010-01-05,37.52320861816406,,,,,,
2010-01-06,37.8475341796875,,,,,,
2010-01-07,37.72861862182617,,,,,,
2010-01-08,37.5772705078125,,,,,,
2010-01-11,37.99887847900391,,,,,,
2010-01-12,37.8097038269043,,,,,,
2010-01-13,37.65835189819336,,,,,,
2010-01-14,37.66375350952149,,,,,,
2010-01-15,37.35565185546875,,,,,,
2010-01-19,37.44213485717773,,,,,,
2010-01-20,36.77188491821289,,,,,,
2010-01-21,36.052978515625,,,,,,
2010-01-22,35.72868347167969,,,,,,
2010-01-25,35.59355163574219,,,,,,
2010-01-26,35.631370544433594,,,,,,
2010-01-27,35.42598342895508,,,,,,
2010-01-28,35.11247253417969,,,,,,
2010-01-29,34.826011657714844,,,,,,
2010-02-01,35.77189636230469,,,,,,
2010-02-02,36.19351577758789,,,,,,
2010-02-03,35.99893951416016,,,,,,
2010-02-04,34.982765197753906,,,,,,
2010-02-05,35.02598571777344,,,,,,
2010-02-08,35.009674072265625,,,,,,
2010-02-09,35.472110748291016,,,,,,
2010-02-10,35.28169250488281,,,,,,
2010-02-11,35.49387741088867,,,,,,
2010-02-12,35.25448989868164,,,,,,
2010-02-16,36.0596809387207,,,,,,
2010-02-17,35.77678298950195,,,,,,
2010-02-18,35.885581970214844,,,,,,
2010-02-19,35.83663558959961,,,,,,
2010-02-22,35.58091354370117,,,,,,
2010-02-23,35.33067321777344,,,,,,
2010-02-24,35.66253662109375,,,,,,
2010-02-25,35.4394645690918,,,,,,
2010-02-26,35.363311767578125,,,,,,
2010-03-01,35.58091354370117,,,,,,
2010-03-02,35.62989044189453,,,,,,
2010-03-03,35.59724807739258,,,,,,
2010-03-04,35.58091354370117,,,,,,
2010-03-05,36.16306686401367,,,,,,
2010-03-08,36.16850662231445,,,,,,
2010-03-09,36.33171081542969,,,,,,
2010-03-10,36.57109451293945,,,,,,
2010-03-11,36.57109451293945,,,,,,
2010-03-12,36.342586517333984,,,,,,
2010-03-15,36.07057189941406,,,,,,
2010-03-16,36.21745681762695,,,,,,
2010-03-17,36.647274017333984,,,,,,
2010-03-18,36.66360092163086,,,,,,
2010-03-19,36.47317123413086,,,,,,
2010-03-22,36.435096740722656,,,,,,
2010-03-23,36.4241943359375,,,,,,
2010-03-24,36.17937850952149,,,,,,
2010-03-25,36.07057189941406,,,,,,
2010-03-26,36.20114135742188,,,,,,
2010-03-29,36.61462020874024,,,,,,
2010-03-30,36.47860336303711,,,,,,
2010-03-31,36.44053268432617,,,,,,
2010-04-01,36.78327941894531,,,,,,
2010-04-05,37.09882354736328,,,,,,
2010-04-06,36.94105911254883,,,,,,
2010-04-07,36.63638305664063,,,,,,
2010-04-08,36.91928863525391,,,,,,
2010-04-09,37.408939361572266,,,,,,
2010-04-12,37.381744384765625,,,,,,
2010-04-13,37.35454177856445,,,,,,
2010-04-14,37.32733154296875,,,,,,
2010-04-15,37.136905670166016,,,,,,
2010-04-16,36.95737075805664,,,,,,
2010-04-19,37.12057876586914,,,,,,
2010-04-20,37.52318572998047,,,,,,
2010-04-21,37.49599075317383,,,,,,
2010-04-22,37.30012893676758,,,,,,
2010-04-23,37.67007446289063,,,,,,
2010-04-26,37.6972885131836,,,,,,
2010-04-27,37.14234924316406,,,,,,
2010-04-28,37.642879486083984,,,,,,
2010-04-29,37.35454177856445,,,,,,
2010-04-30,36.87031173706055,,,,,,
2010-05-03,36.90841293334961,,,,,,
2010-05-04,36.16306686401367,,,,,,
2010-05-05,35.999855041503906,,,,,,
2010-05-06,34.75941848754883,,,,,,
2010-05-07,34.656044006347656,,,,,,
2010-05-10,35.48845291137695,,,,,,
2010-05-11,35.30767059326172,,,,,,
2010-05-12,35.55416488647461,,,,,,
2010-05-13,35.4610481262207,,,,,,
2010-05-14,34.83662033081055,,,,,,
2010-05-17,34.655860900878906,,,,,,
2010-05-18,34.39295959472656,,,,,,
2010-05-19,34.20671844482422,,,,,,
2010-05-20,33.045494079589844,,,,,,
2010-05-21,33.34674072265625,,,,,,
2010-05-24,32.96880340576172,,,,,,
2010-05-25,32.70589065551758,,,,,,
2010-05-26,32.48678207397461,,,,,,
2010-05-27,33.664451599121094,,,,,,
2010-05-28,33.11669921875,,,,,,
2010-06-01,32.45392990112305,,,,,,
2010-06-02,33.286502838134766,,,,,,
2010-06-03,33.71921920776367,,,,,,
2010-06-04,32.607295989990234,,,,,,
2010-06-07,32.48130798339844,,,,,,
2010-06-08,33.54393768310547,,,,,,
2010-06-09,32.88115692138672,,,,,,
2010-06-10,33.89996719360352,,,,,,
2010-06-11,33.883544921875,,,,,,
2010-06-14,33.61515045166016,,,,,,
2010-06-15,34.23957443237305,,,,,,
2010-06-16,34.23957443237305,,,,,,
2010-06-17,34.28887176513672,,,,,,
2010-06-18,34.56275177001953,,,,,,
2010-06-21,34.57917404174805,,,,,,
2010-06-22,33.92736053466797,,,,,,
2010-06-23,33.467262268066406,,,,,,
2010-06-24,32.903072357177734,,,,,,
2010-06-25,32.37176513671875,,,,,,
2010-06-28,32.02668380737305,,,,,,
2010-06-29,31.380352020263672,,,,,,
2010-06-30,31.259843826293945,,,,,,
2010-07-01,31.00787353515625,,,,,,
2010-07-02,30.985963821411133,,,,,,
2010-07-06,31.473461151123047,,,,,,
2010-07-07,32.00477600097656,,,,,,
2010-07-08,32.212921142578125,,,,,,
2010-07-09,32.19648742675781,,,,,,
2010-07-12,32.28412628173828,,,,,,
2010-07-13,32.54704284667969,,,,,,
2010-07-14,32.45939254760742,,,,,,
2010-07-15,32.46489334106445,,,,,,
2010-07-16,31.7473258972168,,,,,,
2010-07-19,32.00477600097656,,,,,,
2010-07-20,32.28959655761719,,,,,,
2010-07-21,31.862354278564453,,,,,,
2010-07-22,32.525142669677734,,,,,,
2010-07-23,32.71136474609375,,,,,,
2010-07-26,33.078365325927734,,,,,,
2010-07-27,33.30841827392578,,,,,,
2010-07-28,33.363182067871094,,,,,,
2010-07-29,33.05097198486328,,,,,,
2010-07-30,32.6894645690918,,,,,,
2010-08-02,33.92736053466797,,,,,,
2010-08-03,34.3546028137207,,,,,,
2010-08-04,34.3546028137207,,,,,,
2010-08-05,34.34912872314453,,,,,,
2010-08-06,33.94379425048828,,,,,,
2010-08-09,34.20671844482422,,,,,,
2010-08-10,33.921878814697266,,,,,,
2010-08-11,33.31505584716797,,,,,,
2010-08-12,33.22679138183594,,,,,,
2010-08-13,33.05025100708008,,,,,,
2010-08-16,33.03370666503906,,,,,,
2010-08-17,33.552268981933594,,,,,,
2010-08-18,33.182655334472656,,,,,,
2010-08-19,32.70821762084961,,,,,,
2010-08-20,32.48756408691406,,,,,,
2010-08-23,32.82407760620117,,,,,,
2010-08-24,32.51514434814453,,,,,,
2010-08-25,32.49859619140625,,,,,,
2010-08-26,32.26137924194336,,,,,,
2010-08-27,32.989559173583984,,,,,,
2010-08-30,32.548240661621094,,,,,,
2010-08-31,32.60893249511719,,,,,,
2010-09-01,33.6019172668457,,,,,,
2010-09-02,33.68466567993164,,,,,,
2010-09-03,33.828102111816406,,,,,,
2010-09-07,33.403316497802734,,,,,,
2010-09-08,33.51365661621094,,,,,,
2010-09-09,33.679161071777344,,,,,,
2010-09-10,33.76190948486328,,,,,,
2010-09-13,33.651573181152344,,,,,,
2010-09-14,33.65708541870117,,,,,,
2010-09-15,33.651573181152344,,,,,,
2010-09-16,33.63501739501953,,,,,,
2010-09-17,33.53020095825195,,,,,,
2010-09-20,33.95499038696289,,,,,,
2010-09-21,33.94947814941406,,,,,,
2010-09-22,33.89981842041016,,,,,,
2010-09-23,33.73431396484375,,,,,,
2010-09-24,34.0653190612793,,,,,,
2010-09-27,34.043243408203125,,,,,,
2010-09-28,34.2363395690918,,,,,,
2010-09-29,33.9770393371582,,,,,,
2010-09-30,34.08738327026367,,,,,,
2010-10-01,34.50111770629883,,,,,,
2010-10-04,34.30804443359375,,,,,,
2010-10-05,34.898338317871094,,,,,,
2010-10-06,35.2734489440918,,,,,,
2010-10-07,35.22381591796875,,,,,,
2010-10-08,35.51617813110352,,,,,,
2010-10-11,35.609989166259766,,,,,,
2010-10-12,35.69272232055664,,,,,,
2010-10-13,35.88029861450195,,,,,,
2010-10-14,36.02372360229492,,,,,,
2010-10-15,35.963035583496094,,,,,,
2010-10-18,36.56436920166016,,,,,,
2010-10-19,35.9244270324707,,,,,,
2010-10-20,36.4154167175293,,,,,,
2010-10-21,36.58642578125,,,,,,
2010-10-22,36.59746170043945,,,,,,
2010-10-25,36.52023696899414,,,,,,
2010-10-26,36.702274322509766,,,,,,
2010-10-27,36.22783660888672,,,,,,
2010-10-28,36.53126907348633,,,,,,
2010-10-29,36.680206298828125,,,,,,
2010-11-01,36.93397903442383,,,,,,
2010-11-02,37.424949645996094,,,,,,
2010-11-03,37.49666213989258,,,,,,
2010-11-04,38.27452087402344,,,,,,
2010-11-05,38.61655426025391,,,,,,
2010-11-08,38.79309844970703,,,,,,
2010-11-09,39.20944595336914,,,,,,
2010-11-10,39.48701858520508,,,,,,
2010-11-11,39.87559127807617,,,,,,
2010-11-12,39.4092903137207,,,,,,
2010-11-15,39.12617874145508,,,,,,
2010-11-16,38.2712516784668,,,,,,
2010-11-17,38.31011962890625,,,,,,
2010-11-18,39.03179931640625,,,,,,
2010-11-19,39.15949249267578,,,,,,
2010-11-22,38.96518707275391,,,,,,
2010-11-23,38.29345703125,,,,,,
2010-11-24,38.7930908203125,,,,,,
2010-11-26,38.43225860595703,,,,,,
2010-11-29,38.55437088012695,,,,,,
2010-11-30,38.61544799804688,,,,,,
2010-12-01,39.59805679321289,,,,,,
2010-12-02,39.68131637573242,,,,,,
2010-12-03,39.52032852172852,,,,,,
2010-12-06,39.58695602416992,,,,,,
2010-12-07,39.670196533203125,,,,,,
2010-12-08,39.88670349121094,,,,,,
2010-12-09,39.969974517822266,,,,,,
2010-12-10,40.06990814208984,,,,,,
2010-12-13,40.16983413696289,,,,,,
2010-12-14,40.06990814208984,,,,,,
2010-12-15,39.88670349121094,,,,,,
2010-12-16,40.09212112426758,,,,,,
2010-12-17,40.0643424987793,,,,,,
2010-12-20,40.09212112426758,,,,,,
2010-12-21,40.36968231201172,,,,,,
2010-12-22,40.4140853881836,,,,,,
2010-12-23,40.63615036010742,,,,,,
2010-12-27,40.53068542480469,,,,,,
2010-12-28,40.758277893066406,,,,,,
2010-12-29,40.73052978515625,,,,,,
2010-12-30,40.7249755859375,,,,,,
2010-12-31,40.591739654541016,,,,,,
2011-01-03,41.385589599609375,,,,,,
2011-01-04,41.57988357543945,,,,,,
2011-01-05,41.468841552734375,,,,,,
2011-01-06,41.73533630371094,,,,,,
2011-01-07,41.96291732788086,,,,,,
2011-01-10,41.70756912231445,,,,,,
2011-01-11,42.01844787597656,,,,,,
2011-01-12,42.51252365112305,,,,,,
2011-01-13,42.58469009399414,,,,,,
2011-01-14,43.21200180053711,,,,,,
2011-01-18,43.69496154785156,,,,,,
2011-01-19,43.43405151367188,,,,,,
2011-01-20,43.16202163696289,,,,,,
2011-01-21,43.84483337402344,,,,,,
2011-01-24,43.62834167480469,,,,,,
2011-01-25,43.67830657958984,,,,,,
2011-01-26,44.22235870361328,,,,,,
2011-01-27,44.34445571899414,,,,,,
2011-01-28,43.85041427612305,,,,,,
2011-01-31,44.78858184814453,,,,,,
2011-02-01,46.58170700073242,,,,,,
2011-02-02,46.30411148071289,,,,,,
2011-02-03,46.32077407836914,,,,,,
2011-02-04,46.23194122314453,,,,,,
2011-02-07,46.59278869628906,,,,,,
2011-02-08,46.30818176269531,,,,,,
2011-02-09,46.06819915771485,,,,,,
2011-02-10,46.43095779418945,,,,,,
2011-02-11,46.21889877319336,,,,,,
2011-02-14,47.385250091552734,,,,,,
2011-02-15,46.30257797241211,,,,,,
2011-02-16,46.70439910888672,,,,,,
2011-02-17,46.81040954589844,,,,,,
2011-02-18,47.15643310546875,,,,,,
2011-02-22,47.68099594116211,,,,,,
2011-02-23,48.59066009521485,,,,,,
2011-02-24,47.97677993774414,,,,,,
2011-02-25,47.62520599365234,,,,,,
2011-02-28,47.731239318847656,,,,,,
2011-03-01,47.323848724365234,,,,,,
2011-03-02,47.48012161254883,,,,,,
2011-03-03,47.89308547973633,,,,,,
2011-03-04,47.48012161254883,,,,,,
2011-03-07,47.279205322265625,,,,,,
2011-03-08,47.21224212646485,,,,,,
2011-03-09,47.08945846557617,,,,,,
2011-03-10,45.41526412963867,,,,,,
2011-03-11,45.8282470703125,,,,,,
2011-03-14,45.97333908081055,,,,,,
2011-03-15,45.42084884643555,,,,,,
2011-03-16,44.260066986083984,,,,,,
2011-03-17,45.29249572753906,,,,,,
2011-03-18,45.11949920654297,,,,,,
2011-03-21,46.23004913330078,,,,,,
2011-03-22,46.07379150390625,,,,,,
2011-03-23,46.09612655639648,,,,,,
2011-03-24,46.16866683959961,,,,,,
2011-03-25,46.66533660888672,,,,,,
2011-03-28,46.58162307739258,,,,,,
2011-03-29,46.4588623046875,,,,,,
2011-03-30,47.15085220336914,,,,,,
2011-03-31,46.949951171875,,,,,,
2011-04-01,47.25689315795898,,,,,,
2011-04-04,47.362918853759766,,,,,,
2011-04-05,47.66984176635742,,,,,,
2011-04-06,47.535919189453125,,,,,,
2011-04-07,47.85958480834961,,,,,,
2011-04-08,47.96561050415039,,,,,,
2011-04-11,47.52475738525391,,,,,,
2011-04-12,46.419769287109375,,,,,,
2011-04-13,46.40862655639648,,,,,,
2011-04-14,46.56489181518555,,,,,,
2011-04-15,47.03923797607422,,,,,,
2011-04-18,46.3751335144043,,,,,,
2011-04-19,46.76578903198242,,,,,,
2011-04-20,47.79819488525391,,,,,,
2011-04-21,48.19443130493164,,,,,,
2011-04-25,48.11630630493164,,,,,,
2011-04-26,48.78597259521485,,,,,,
2011-04-27,48.98687744140625,,,,,,
2011-04-28,48.7413330078125,,,,,,
2011-04-29,49.09849548339844,,,,,,
2011-05-02,48.53486251831055,,,,,,
2011-05-03,47.78147888183594,,,,,,
2011-05-04,47.329437255859375,,,,,,
2011-05-05,46.107269287109375,,,,,,
2011-05-06,46.146331787109375,,,,,,
2011-05-09,46.419769287109375,,,,,,
2011-05-10,46.509090423583984,,,,,,
2011-05-11,45.52692794799805,,,,,,
2011-05-12,45.48764419555664,,,,,,
2011-05-13,45.38661193847656,,,,,,
2011-05-16,45.03306579589844,,,,,,
2011-05-17,45.1284408569336,,,,,,
2011-05-18,45.87487411499024,,,,,,
2011-05-19,46.20601272583008,,,,,,
2011-05-20,45.77947998046875,,,,,,
2011-05-23,45.27438354492188,,,,,,
2011-05-24,45.62234115600586,,,,,,
2011-05-25,45.99836730957031,,,,,,
2011-05-26,46.23965835571289,,,,,,
2011-05-27,46.3743782043457,,,,,,
2011-05-31,46.84580612182617,,,,,,
2011-06-01,46.03765106201172,,,,,,
2011-06-02,45.64478302001953,,,,,,
2011-06-03,45.56060409545898,,,,,,
2011-06-06,45.06110763549805,,,,,,
2011-06-07,44.898345947265625,,,,,,
2011-06-08,45.324893951416016,,,,,,
2011-06-09,45.56060409545898,,,,,,
2011-06-10,44.77487564086914,,,,,,
2011-06-13,44.4661979675293,,,,,,
2011-06-14,45.11161422729492,,,,,,
2011-06-15,44.14630126953125,,,,,,
2011-06-16,44.46058654785156,,,,,,
2011-06-17,44.34833908081055,,,,,,
2011-06-20,44.73558807373047,,,,,,
2011-06-21,45.21824264526367,,,,,,
2011-06-22,44.797340393066406,,,,,,
2011-06-23,44.02281951904297,,,,,,
2011-06-24,43.09118270874024,,,,,,
2011-06-27,43.73098373413086,,,,,,
2011-06-28,44.69069290161133,,,,,,
2011-06-29,45.03866195678711,,,,,,
2011-06-30,45.6728401184082,,,,,,
2011-07-01,46.02643585205078,,,,,,
2011-07-05,45.79631805419922,,,,,,
2011-07-06,45.77947998046875,,,,,,
2011-07-07,46.22286605834961,,,,,,
2011-07-08,46.25651931762695,,,,,,
2011-07-11,45.96468353271485,,,,,,
2011-07-12,45.95907211303711,,,,,,
2011-07-13,46.29018020629883,,,,,,
2011-07-14,46.15549087524414,,,,,,
2011-07-15,46.58203125,,,,,,
2011-07-18,46.38560485839844,,,,,,
2011-07-19,46.93560028076172,,,,,,
2011-07-20,46.75040054321289,,,,,,
2011-07-21,47.71571350097656,,,,,,
2011-07-22,47.827972412109375,,,,,,
2011-07-25,47.46315002441406,,,,,,
2011-07-26,47.35092926025391,,,,,,
2011-07-27,46.75602722167969,,,,,,
2011-07-28,45.71774673461914,,,,,,
2011-07-29,44.78050994873047,,,,,,
2011-08-01,44.67384338378906,,,,,,
2011-08-02,43.68610000610352,,,,,,
2011-08-03,43.61874771118164,,,,,,
2011-08-04,41.441184997558594,,,,,,
2011-08-05,41.99117660522461,,,,,,
2011-08-08,39.39268493652344,,,,,,
2011-08-09,40.20645904541016,,,,,,
2011-08-10,38.43257141113281,,,,,,
2011-08-11,40.43809509277344,,,,,,
2011-08-12,40.67536163330078,,,,,,
2011-08-15,41.96907043457031,,,,,,
2011-08-16,41.52278137207031,,,,,,
2011-08-17,41.8956413269043,,,,,,
2011-08-18,40.07653045654297,,,,,,
2011-08-19,39.4325065612793,,,,,,
2011-08-22,39.64717864990234,,,,,,
2011-08-23,41.61317443847656,,,,,,
2011-08-24,41.54536056518555,,,,,,
2011-08-25,40.54542541503906,,,,,,
2011-08-26,41.03691482543945,,,,,,
2011-08-29,41.87303161621094,,,,,,
2011-08-30,41.75439453125,,,,,,
2011-08-31,41.81654739379883,,,,,,
2011-09-01,41.51712417602539,,,,,,
2011-09-02,40.75444412231445,,,,,,
2011-09-06,40.19516754150391,,,,,,
2011-09-07,41.607513427734375,,,,,,
2011-09-08,41.138614654541016,,,,,,
2011-09-09,40.1160774230957,,,,,,
2011-09-12,40.58497619628906,,,,,,
2011-09-13,40.477638244628906,,,,,,
2011-09-14,41.03691482543945,,,,,,
2011-09-15,41.81089401245117,,,,,,
2011-09-16,42.11593246459961,,,,,,
2011-09-19,41.63575744628906,,,,,,
2011-09-20,41.81089401245117,,,,,,
2011-09-21,40.65842056274414,,,,,,
2011-09-22,39.11613845825195,,,,,,
2011-09-23,39.15567779541016,,,,,,
2011-09-26,40.51718521118164,,,,,,
2011-09-27,41.189453125,,,,,,
2011-09-28,40.71490097045898,,,,,,
2011-09-29,41.73744201660156,,,,,,
2011-09-30,41.0312728881836,,,,,,
2011-10-03,40.19516754150391,,,,,,
2011-10-04,41.14425659179688,,,,,,
2011-10-05,41.776981353759766,,,,,,
2011-10-06,41.743106842041016,,,,,,
2011-10-07,41.5566635131836,,,,,,
2011-10-10,43.093292236328125,,,,,,
2011-10-11,43.0876579284668,,,,,,
2011-10-12,43.59043884277344,,,,,,
2011-10-13,43.144134521484375,,,,,,
2011-10-14,44.12711334228516,,,,,,
2011-10-17,43.76556396484375,,,,,,
2011-10-18,44.56777572631836,,,,,,
2011-10-19,44.307884216308594,,,,,,
2011-10-20,44.46607971191406,,,,,,
2011-10-21,45.26828384399414,,,,,,
2011-10-24,45.2908935546875,,,,,,
2011-10-25,44.87848281860352,,,,,,
2011-10-26,45.7993278503418,,,,,,
2011-10-27,46.25691986083984,,,,,,
2011-10-28,46.030948638916016,,,,,,
2011-10-31,44.115814208984375,,,,,,
2011-11-01,42.90122604370117,,,,,,
2011-11-02,43.70906829833984,,,,,,
2011-11-03,44.550811767578125,,,,,,
2011-11-04,44.35874557495117,,,,,,
2011-11-07,44.82763671875,,,,,,
2011-11-08,45.327754974365234,,,,,,
2011-11-09,43.98088455200195,,,,,,
2011-11-10,44.725341796875,,,,,,
2011-11-11,45.30500793457031,,,,,,
2011-11-14,44.87311553955078,,,,,,
2011-11-15,44.94697952270508,,,,,,
2011-11-16,44.469608306884766,,,,,,
2011-11-17,44.24798202514648,,,,,,
2011-11-18,44.27070617675781,,,,,,
2011-11-21,43.70809173583984,,,,,,
2011-11-22,43.20797729492188,,,,,,
2011-11-23,42.383934020996094,,,,,,
2011-11-25,41.997501373291016,,,,,,
2011-11-28,43.10000991821289,,,,,,
2011-11-29,43.71945190429688,,,,,,
2011-11-30,45.71419906616211,,,,,,
2011-12-01,45.344818115234375,,,,,,
2011-12-02,45.344818115234375,,,,,,
2011-12-05,45.71988677978516,,,,,,
2011-12-06,45.93014144897461,,,,,,
2011-12-07,46.07789993286133,,,,,,
2011-12-08,45.3902587890625,,,,,,
2011-12-09,46.22565460205078,,,,,,
2011-12-12,45.4925651550293,,,,,,
2011-12-13,45.76533508300781,,,,,,
2011-12-14,45.1458854675293,,,,,,
2011-12-15,45.48119735717773,,,,,,
2011-12-16,45.55507278442383,,,,,,
2011-12-19,45.19703674316406,,,,,,
2011-12-20,46.60075378417969,,,,,,
2011-12-21,47.23725128173828,,,,,,
2011-12-22,47.902156829833984,,,,,,
2011-12-23,48.43068313598633,,,,,,
2011-12-27,48.46477508544922,,,,,,
2011-12-28,47.83964538574219,,,,,,
2011-12-29,48.459075927734375,,,,,,
2011-12-30,48.16926956176758,,,,,,
2012-01-03,48.87393951416016,,,,,,
2012-01-04,48.88530731201172,,,,,,
2012-01-05,48.737552642822266,,,,,,
2012-01-06,48.37385559082031,,,,,,
2012-01-09,48.589805603027344,,,,,,
2012-01-10,48.71482849121094,,,,,,
2012-01-11,48.35111618041992,,,,,,
2012-01-12,48.15788269042969,,,,,,
2012-01-13,48.237449645996094,,,,,,
2012-01-17,48.697784423828125,,,,,,
2012-01-18,49.12968444824219,,,,,,
2012-01-19,49.459320068359375,,,,,,
2012-01-20,49.72072219848633,,,,,,
2012-01-23,49.70936965942383,,,,,,
2012-01-24,49.544559478759766,,,,,,
2012-01-25,49.56727981567383,,,,,,
2012-01-26,49.31155776977539,,,,,,
2012-01-27,48.77734375,,,,,,
2012-01-30,48.58412551879883,,,,,,
2012-01-31,47.58959579467773,,,,,,
2012-02-01,47.720306396484375,,,,,,
2012-02-02,47.470245361328125,,,,,,
2012-02-03,48.26020050048828,,,,,,
2012-02-06,48.73186874389648,,,,,,
2012-02-07,49.06718063354492,,,,,,
2012-02-08,48.75289535522461,,,,,,
2012-02-09,48.50147247314453,,,,,,
2012-02-10,47.88436508178711,,,,,,
2012-02-13,48.23862075805664,,,,,,
2012-02-14,48.38148498535156,,,,,,
2012-02-15,48.06720352172852,,,,,,
2012-02-16,48.80432891845703,,,,,,
2012-02-17,48.92433166503906,,,,,,
2012-02-21,49.46715927124024,,,,,,
2012-02-22,49.66714859008789,,,,,,
2012-02-23,49.72430419921875,,,,,,
2012-02-24,49.90715408325195,,,,,,
2012-02-27,49.84429168701172,,,,,,
2012-02-28,49.79288101196289,,,,,,
2012-02-29,49.427154541015625,,,,,,
2012-03-01,49.61572647094727,,,,,,
2012-03-02,49.33001327514648,,,,,,
2012-03-05,49.71857070922852,,,,,,
2012-03-06,49.061466217041016,,,,,,
2012-03-07,49.0443229675293,,,,,,
2012-03-08,48.472900390625,,,,,,
2012-03-09,48.17006301879883,,,,,,
2012-03-12,48.88430404663086,,,,,,
2012-03-13,49.63288116455078,,,,,,
2012-03-14,49.15288925170898,,,,,,
2012-03-15,49.19287490844727,,,,,,
2012-03-16,49.39288330078125,,,,,,
2012-03-19,49.7071533203125,,,,,,
2012-03-20,49.48429489135742,,,,,,
2012-03-21,49.14717483520508,,,,,,
2012-03-22,48.75861740112305,,,,,,
2012-03-23,48.88430404663086,,,,,,
2012-03-26,49.73002243041992,,,,,,
2012-03-27,49.4957389831543,,,,,,
2012-03-28,49.061466217041016,,,,,,
2012-03-29,49.18716049194336,,,,,,
2012-03-30,49.55859756469727,,,,,,
2012-04-02,49.75284957885742,,,,,,
2012-04-03,49.0443229675293,,,,,,
2012-04-04,48.5586166381836,,,,,,
2012-04-05,48.46717071533203,,,,,,
2012-04-09,47.930057525634766,,,,,,
2012-04-10,46.95294570922852,,,,,,
2012-04-11,47.25579071044922,,,,,,
2012-04-12,47.77005386352539,,,,,,
2012-04-13,47.39863967895508,,,,,,
2012-04-16,48.00436019897461,,,,,,
2012-04-17,48.82717514038086,,,,,,
2012-04-18,48.99861526489258,,,,,,
2012-04-19,48.73003768920898,,,,,,
2012-04-20,48.7414665222168,,,,,,
2012-04-23,48.96432495117188,,,,,,
2012-04-24,49.3185920715332,,,,,,
2012-04-25,49.62715911865234,,,,,,
2012-04-26,49.18146133422852,,,,,,
2012-04-27,49.18716049194336,,,,,,
2012-04-30,49.33573532104492,,,,,,
2012-05-01,49.73574447631836,,,,,,
2012-05-02,49.2557487487793,,,,,,
2012-05-03,48.94146728515625,,,,,,
2012-05-04,48.324344635009766,,,,,,
2012-05-07,48.27290344238281,,,,,,
2012-05-08,48.01005935668945,,,,,,
2012-05-09,47.60436630249024,,,,,,
2012-05-10,47.661903381347656,,,,,,
2012-05-11,47.811485290527344,,,,,,
2012-05-14,47.24763107299805,,,,,,
2012-05-15,47.05778121948242,,,,,,
2012-05-16,47.27640914916992,,,,,,
2012-05-17,47.12682342529297,,,,,,
2012-05-18,46.8736686706543,,,,,,
2012-05-21,47.20162963867188,,,,,,
2012-05-22,47.14982986450195,,,,,,
2012-05-23,47.20162963867188,,,,,,
2012-05-24,47.529544830322266,,,,,,
2012-05-25,47.22463607788086,,,,,,
2012-05-29,47.13833618164063,,,,,,
2012-05-30,45.90710067749024,,,,,,
2012-05-31,45.23968505859375,,,,,,
2012-06-01,44.831180572509766,,,,,,
2012-06-04,44.77939987182617,,,,,,
2012-06-05,44.64706802368164,,,,,,
2012-06-06,46.13148880004883,,,,,,
2012-06-07,46.424903869628906,,,,,,
2012-06-08,46.51119995117188,,,,,,
2012-06-11,46.18324661254883,,,,,,
2012-06-12,46.75284576416016,,,,,,
2012-06-13,46.3903694152832,,,,,,
2012-06-14,47.25338745117188,,,,,,
2012-06-15,47.88051986694336,,,,,,
2012-06-18,47.81725311279297,,,,,,
2012-06-19,48.60544967651367,,,,,,
2012-06-20,48.88739776611328,,,,,,
2012-06-21,47.24187469482422,,,,,,
2012-06-22,47.24187469482422,,,,,,
2012-06-25,46.74132537841797,,,,,,
2012-06-26,47.40874099731445,,,,,,
2012-06-27,47.86901473999024,,,,,,
2012-06-28,47.811485290527344,,,,,,
2012-06-29,49.23259735107422,,,,,,
2012-07-02,49.10027313232422,,,,,,
2012-07-03,49.64108657836914,,,,,,
2012-07-05,49.23259735107422,,,,,,
2012-07-06,48.78956985473633,,,,,,
2012-07-09,48.127925872802734,,,,,,
2012-07-10,47.81725311279297,,,,,,
2012-07-11,48.54791641235352,,,,,,
2012-07-12,48.398345947265625,,,,,,
2012-07-13,49.17507553100586,,,,,,
2012-07-16,48.93341445922852,,,,,,
2012-07-17,49.32464218139648,,,,,,
2012-07-18,49.60082244873047,,,,,,
2012-07-19,49.60082244873047,,,,,,
2012-07-20,49.45122146606445,,,,,,
2012-07-23,49.02546310424805,,,,,,
2012-07-24,48.66300964355469,,,,,,
2012-07-25,49.04273223876953,,,,,,
2012-07-26,49.77915573120117,,,,,,
2012-07-27,50.31427001953125,,,,,,
2012-07-30,50.37752532958984,,,,,,
2012-07-31,49.969032287597656,,,,,,
2012-08-01,50.00358200073242,,,,,,
2012-08-02,49.41094207763672,,,,,,
2012-08-03,50.37178039550781,,,,,,
2012-08-06,50.31427001953125,,,,,,
2012-08-07,50.58466720581055,,,,,,
2012-08-08,50.791778564453125,,,,,,
2012-08-09,51.0755500793457,,,,,,
2012-08-10,51.21453857421875,,,,,,
2012-08-13,51.04080581665039,,,,,,
2012-08-14,51.0755500793457,,,,,,
2012-08-15,50.959720611572266,,,,,,
2012-08-16,51.34770965576172,,,,,,
2012-08-17,51.19137191772461,,,,,,
2012-08-20,50.93077087402344,,,,,,
2012-08-21,50.64702606201172,,,,,,
2012-08-22,50.80338668823242,,,,,,
2012-08-23,50.56014633178711,,,,,,
2012-08-24,50.98868942260742,,,,,,
2012-08-27,50.809173583984375,,,,,,
2012-08-28,51.01764678955078,,,,,,
2012-08-29,50.90182113647461,,,,,,
2012-08-30,50.4964599609375,,,,,,
2012-08-31,50.55437088012695,,,,,,
2012-09-04,50.45014572143555,,,,,,
2012-09-05,50.57172775268555,,,,,,
2012-09-06,51.53302383422852,,,,,,
2012-09-07,52.07157516479492,,,,,,
2012-09-10,51.81678771972656,,,,,,
2012-09-11,51.89785003662109,,,,,,
2012-09-12,51.857303619384766,,,,,,
2012-09-13,52.83018493652344,,,,,,
2012-09-14,53.4498291015625,,,,,,
2012-09-17,53.22394943237305,,,,,,
2012-09-18,53.0733757019043,,,,,,
2012-09-19,52.44799041748047,,,,,,
2012-09-20,52.99813079833984,,,,,,
2012-09-21,53.229736328125,,,,,,
2012-09-24,53.20658874511719,,,,,,
2012-09-25,53.12550735473633,,,,,,
2012-09-26,52.83018493652344,,,,,,
2012-09-27,53.1602783203125,,,,,,
2012-09-28,52.95758438110352,,,,,,
2012-10-01,53.1602783203125,,,,,,
2012-10-02,53.11392974853516,,,,,,
2012-10-03,53.102352142333984,,,,,,
2012-10-04,53.40346908569336,,,,,,
2012-10-05,53.59458923339844,,,,,,
2012-10-08,53.66985702514648,,,,,,
2012-10-09,53.351341247558594,,,,,,
2012-10-10,52.71434020996094,,,,,,
2012-10-11,52.795440673828125,,,,,,
2012-10-12,52.71434020996094,,,,,,
2012-10-15,52.99232864379883,,,,,,
2012-10-16,53.49612808227539,,,,,,
2012-10-17,54.08100509643555,,,,,,
2012-10-18,54.13313674926758,,,,,,
2012-10-19,53.36293411254883,,,,,,
2012-10-22,53.38608932495117,,,,,,
2012-10-23,52.222145080566406,,,,,,
2012-10-24,52.04839706420898,,,,,,
2012-10-25,52.36690521240234,,,,,,
2012-10-26,52.47694396972656,,,,,,
2012-10-31,52.795440673828125,,,,,,
2012-11-01,53.04444122314453,,,,,,
2012-11-02,52.27425384521485,,,,,,
2012-11-05,52.48274230957031,,,,,,
2012-11-06,53.05022430419922,,,,,,
2012-11-07,51.38368988037109,,,,,,
2012-11-08,50.73686218261719,,,,,,
2012-11-09,50.81843566894531,,,,,,
2012-11-12,50.88254165649414,,,,,,
2012-11-13,50.387245178222656,,,,,,
2012-11-14,50.1541633605957,,,,,,
2012-11-15,50.19493865966797,,,,,,
2012-11-16,50.37558364868164,,,,,,
2012-11-19,51.08648681640625,,,,,,
2012-11-20,50.987422943115234,,,,,,
2012-11-21,51.28461456298828,,,,,,
2012-11-23,51.9139518737793,,,,,,
2012-11-26,51.64008331298828,,,,,,
2012-11-27,50.90000534057617,,,,,,
2012-11-28,51.33706283569336,,,,,,
2012-11-29,51.34870910644531,,,,,,
2012-11-30,51.36037063598633,,,,,,
2012-12-03,51.051513671875,,,,,,
2012-12-04,50.806766510009766,,,,,,
2012-12-05,51.1214599609375,,,,,,
2012-12-06,51.27877807617188,,,,,,
2012-12-07,51.62841796875,,,,,,
2012-12-10,51.517704010009766,,,,,,
2012-12-11,51.85567092895508,,,,,,
2012-12-12,52.12369918823242,,,,,,
2012-12-13,51.61677551269531,,,,,,
2012-12-14,51.325416564941406,,,,,,
2012-12-17,51.7857551574707,,,,,,
2012-12-18,52.18780517578125,,,,,,
2012-12-19,51.53519058227539,,,,,,
2012-12-20,51.7973861694336,,,,,,
2012-12-21,50.83009338378906,,,,,,
2012-12-24,50.64945602416992,,,,,,
2012-12-26,50.73686218261719,,,,,,
2012-12-27,50.61449432373047,,,,,,
2012-12-28,49.58890914916992,,,,,,
2012-12-31,50.43385314941406,,,,,,
2013-01-02,51.692508697509766,,,,,,
2013-01-03,51.59927368164063,,,,,,
2013-01-04,51.838172912597656,,,,,,
2013-01-07,51.23799133300781,,,,,,
2013-01-08,51.55850601196289,,,,,,
2013-01-09,51.36037063598633,,,,,,
2013-01-10,51.91975784301758,,,,,,
2013-01-11,52.21696853637695,,,,,,
2013-01-14,52.199466705322266,,,,,,
2013-01-15,52.17033004760742,,,,,,
2013-01-16,52.135379791259766,,,,,,
2013-01-17,52.56074142456055,,,,,,
2013-01-18,52.91038513183594,,,,,,
2013-01-22,52.98030853271485,,,,,,
2013-01-23,52.85211563110352,,,,,,
2013-01-24,53.23086166381836,,,,,,
2013-01-25,53.45232391357422,,,,,,
2013-01-28,53.09101104736328,,,,,,
2013-01-29,53.46978759765625,,,,,,
2013-01-30,52.83462142944336,,,,,,
2013-01-31,52.42673110961914,,,,,,
2013-02-01,52.46751403808594,,,,,,
2013-02-04,51.94890213012695,,,,,,
2013-02-05,52.29271697998047,,,,,,
2013-02-06,52.32184219360352,,,,,,
2013-02-07,51.75299453735352,,,,,,
2013-02-08,51.964111328125,,,,,,
2013-02-11,51.77058029174805,,,,,,
2013-02-12,51.87616729736328,,,,,,
2013-02-13,51.99929428100586,,,,,,
2013-02-14,51.91133499145508,,,,,,
2013-02-15,51.8174934387207,,,,,,
2013-02-19,52.38047790527344,,,,,,
2013-02-20,52.17522048950195,,,,,,
2013-02-21,51.9523811340332,,,,,,
2013-02-22,52.31011199951172,,,,,,
2013-02-25,51.430450439453125,,,,,,
2013-02-26,51.90546798706055,,,,,,
2013-02-27,52.50362777709961,,,,,,
2013-02-28,52.51536560058594,,,,,,
2013-03-01,52.44499588012695,,,,,,
2013-03-04,52.16350173950195,,,,,,
2013-03-05,52.550567626953125,,,,,,
2013-03-06,52.52121353149414,,,,,,
2013-03-07,52.02275466918945,,,,,,
2013-03-08,52.17522048950195,,,,,,
2013-03-11,52.28663635253906,,,,,,
2013-03-12,52.28663635253906,,,,,,
2013-03-13,52.34528732299805,,,,,,
2013-03-14,52.67957305908203,,,,,,
2013-03-15,52.409786224365234,,,,,,
2013-03-18,52.05794525146485,,,,,,
2013-03-19,51.946537017822266,,,,,,
2013-03-20,51.975830078125,,,,,,
2013-03-21,51.70609664916992,,,,,,
2013-03-22,52.3629035949707,,,,,,
2013-03-25,52.20455932617188,,,,,,
2013-03-26,52.85548400878906,,,,,,
2013-03-27,53.119388580322266,,,,,,
2013-03-28,52.8437728881836,,,,,,
2013-04-01,53.23081588745117,,,,,,
2013-04-02,53.119388580322266,,,,,,
2013-04-03,52.73821640014648,,,,,,
2013-04-04,52.644378662109375,,,,,,
2013-04-05,52.19869613647461,,,,,,
2013-04-08,51.958251953125,,,,,,
2013-04-09,52.05794525146485,,,,,,
2013-04-10,52.005157470703125,,,,,,
2013-04-11,52.32183456420898,,,,,,
2013-04-12,52.18696212768555,,,,,,
2013-04-15,50.72087860107422,,,,,,
2013-04-16,50.791236877441406,,,,,,
2013-04-17,50.480445861816406,,,,,,
2013-04-18,50.797096252441406,,,,,,
2013-04-19,51.28385162353516,,,,,,
2013-04-22,51.659156799316406,,,,,,
2013-04-23,52.368751525878906,,,,,,
2013-04-24,52.44499588012695,,,,,,
2013-04-25,51.647438049316406,,,,,,
2013-04-26,51.60638427734375,,,,,,
2013-04-29,51.7295150756836,,,,,,
2013-04-30,52.18696212768555,,,,,,
2013-05-01,51.31904220581055,,,,,,
2013-05-02,51.975830078125,,,,,,
2013-05-03,52.79098892211914,,,,,,
2013-05-06,53.119388580322266,,,,,,
2013-05-07,53.45365905761719,,,,,,
2013-05-08,53.77619934082031,,,,,,
2013-05-09,53.7525749206543,,,,,,
2013-05-10,53.227046966552734,,,,,,
2013-05-13,53.20344161987305,,,,,,
2013-05-14,53.799835205078125,,,,,,
2013-05-15,53.87657928466797,,,,,,
2013-05-16,53.55772018432617,,,,,,
2013-05-17,54.183631896972656,,,,,,
2013-05-20,54.63238525390625,,,,,,
2013-05-21,54.79774475097656,,,,,,
2013-05-22,54.437538146972656,,,,,,
2013-05-23,54.20134735107422,,,,,,
2013-05-24,54.04782485961914,,,,,,
2013-05-28,54.54973220825195,,,,,,
2013-05-29,54.372596740722656,,,,,,
2013-05-30,54.37850570678711,,,,,,
2013-05-31,53.421913146972656,,,,,,
2013-06-03,54.00650024414063,,,,,,
2013-06-04,53.61086654663086,,,,,,
2013-06-05,52.93770599365234,,,,,,
2013-06-06,53.28020477294922,,,,,,
2013-06-07,54.00058364868164,,,,,,
2013-06-10,53.80572509765625,,,,,,
2013-06-11,53.41600036621094,,,,,,
2013-06-12,52.9908447265625,,,,,,
2013-06-13,53.929718017578125,,,,,,
2013-06-14,53.48686218261719,,,,,,
2013-06-17,54.03602600097656,,,,,,
2013-06-18,54.28402328491211,,,,,,
2013-06-19,53.73487091064453,,,,,,
2013-06-20,52.58341979980469,,,,,,
2013-06-21,52.83732223510742,,,,,,
2013-06-24,52.246849060058594,,,,,,
2013-06-25,52.61883544921875,,,,,,
2013-06-26,53.02627182006836,,,,,,
2013-06-27,53.16799545288086,,,,,,
2013-06-28,53.35103225708008,,,,,,
2013-07-01,53.32152557373047,,,,,,
2013-07-02,53.52229690551758,,,,,,
2013-07-03,53.55180740356445,,,,,,
2013-07-05,54.07143783569336,,,,,,
2013-07-08,54.47296905517578,,,,,,
2013-07-09,55.11661911010742,,,,,,
2013-07-10,54.809547424316406,,,,,,
2013-07-11,55.07526397705078,,,,,,
2013-07-12,55.15204620361328,,,,,,
2013-07-15,55.06346893310547,,,,,,
2013-07-16,55.0930061340332,,,,,,
2013-07-17,55.18747329711914,,,,,,
2013-07-18,55.73073959350586,,,,,,
2013-07-19,56.197227478027344,,,,,,
2013-07-22,55.9964485168457,,,,,,
2013-07-23,56.21493911743164,,,,,,
2013-07-24,56.09092330932617,,,,,,
2013-07-25,56.07912063598633,,,,,,
2013-07-26,55.97285079956055,,,,,,
2013-07-29,55.524051666259766,,,,,,
2013-07-30,55.3941650390625,,,,,,
2013-07-31,55.35873031616211,,,,,,
2013-08-01,54.75641632080078,,,,,,
2013-08-02,54.295841217041016,,,,,,
2013-08-05,54.083255767822266,,,,,,
2013-08-06,54.012393951416016,,,,,,
2013-08-07,53.93560791015625,,,,,,
2013-08-08,54.19544219970703,,,,,,
2013-08-09,53.93979263305664,,,,,,
2013-08-12,53.44630432128906,,,,,,
2013-08-13,53.15493774414063,,,,,,
2013-08-14,52.88737869262695,,,,,,
2013-08-15,52.41769027709961,,,,,,
2013-08-16,52.26902389526367,,,,,,
2013-08-19,51.68040466308594,,,,,,
2013-08-20,51.62687683105469,,,,,,
2013-08-21,51.38310241699219,,,,,,
2013-08-22,51.71607208251953,,,,,,
2013-08-23,52.0371322631836,,,,,,
2013-08-26,51.78147888183594,,,,,,
2013-08-27,51.620941162109375,,,,,,
2013-08-28,52.821998596191406,,,,,,
2013-08-29,51.88852691650391,,,,,,
2013-08-30,51.8231086730957,,,,,,
2013-09-03,51.817138671875,,,,,,
2013-09-04,52.17984771728516,,,,,,
2013-09-05,51.9360580444336,,,,,,
2013-09-06,51.87662506103516,,,,,,
2013-09-09,52.346336364746094,,,,,,
2013-09-10,52.21552658081055,,,,,,
2013-09-11,52.821998596191406,,,,,,
2013-09-12,52.3106575012207,,,,,,
2013-09-13,52.56037521362305,,,,,,
2013-09-16,52.72091674804688,,,,,,
2013-09-17,52.881439208984375,,,,,,
2013-09-18,53.2619743347168,,,,,,
2013-09-19,53.083614349365234,,,,,,
2013-09-20,52.714969635009766,,,,,,
2013-09-23,52.17389297485352,,,,,,
2013-09-24,51.94202423095703,,,,,,
2013-09-25,51.81119918823242,,,,,,
2013-09-26,51.76958084106445,,,,,,
2013-09-27,51.66850280761719,,,,,,
2013-09-30,51.15717315673828,,,,,,
2013-10-01,51.13338851928711,,,,,,
2013-10-02,51.180965423583984,,,,,,
2013-10-03,50.83610534667969,,,,,,
2013-10-04,51.323673248291016,,,,,,
2013-10-07,51.07394027709961,,,,,,
2013-10-08,50.84205627441406,,,,,,
2013-10-09,50.63394546508789,,,,,,
2013-10-10,51.15717315673828,,,,,,
2013-10-11,51.698238372802734,,,,,,
2013-10-14,52.08472442626953,,,,,,
2013-10-15,51.60309219360352,,,,,,
2013-10-16,51.91228103637695,,,,,,
2013-10-17,52.01335525512695,,,,,,
2013-10-18,52.05499649047852,,,,,,
2013-10-21,51.864723205566406,,,,,,
2013-10-22,52.3106575012207,,,,,,
2013-10-23,52.09063720703125,,,,,,
2013-10-24,52.57225799560547,,,,,,
2013-10-25,52.3047103881836,,,,,,
2013-10-28,52.45929718017578,,,,,,
2013-10-29,52.8754768371582,,,,,,
2013-10-30,52.804161071777344,,,,,,
2013-10-31,53.28575897216797,,,,,,
2013-11-01,53.40467071533203,,,,,,
2013-11-04,54.76029968261719,,,,,,
2013-11-05,54.69489288330078,,,,,,
2013-11-06,55.42621994018555,,,,,,
2013-11-07,55.04909133911133,,,,,,
2013-11-08,55.51002502441406,,,,,,
2013-11-11,55.647705078125,,,,,,
2013-11-12,55.47411346435547,,,,,,
2013-11-13,55.42621994018555,,,,,,
2013-11-14,55.80335235595703,,,,,,
2013-11-15,57.0305290222168,,,,,,
2013-11-18,57.13826370239258,,,,,,
2013-11-19,57.120304107666016,,,,,,
2013-11-20,56.67733383178711,,,,,,
2013-11-21,56.68330764770508,,,,,,
2013-11-22,56.87491226196289,,,,,,
2013-11-25,56.92279052734375,,,,,,
2013-11-26,56.43189239501953,,,,,,
2013-11-27,56.15054321289063,,,,,,
2013-11-29,55.95900344848633,,,,,,
2013-12-02,55.982940673828125,,,,,,
2013-12-03,56.50373840332031,,,,,,
2013-12-04,56.67135238647461,,,,,,
2013-12-05,56.34807968139648,,,,,,
2013-12-06,57.25800323486328,,,,,,
2013-12-09,57.37173843383789,,,,,,
2013-12-10,57.29391860961914,,,,,,
2013-12-11,56.42593002319336,,,,,,
2013-12-12,57.08439254760742,,,,,,
2013-12-13,57.054473876953125,,,,,,
2013-12-16,58.19782257080078,,,,,,
2013-12-17,57.91648864746094,,,,,,
2013-12-18,59.58662414550781,,,,,,
2013-12-19,59.52078628540039,,,,,,
2013-12-20,59.071815490722656,,,,,,
2013-12-23,58.97005844116211,,,,,,
2013-12-24,59.39505386352539,,,,,,
2013-12-26,60.4007682800293,,,,,,
2013-12-27,60.765907287597656,,,,,,
2013-12-30,60.04756546020508,,,,,,
2013-12-31,60.580345153808594,,,,,,
2014-01-02,59.71235275268555,,,,,,
2014-01-03,59.56866836547852,,,,,,
2014-01-06,59.658477783203125,,,,,,
2014-01-07,60.50252532958984,,,,,,
2014-01-08,60.30497741699219,,,,,,
2014-01-09,59.71833801269531,,,,,,
2014-01-10,60.17326354980469,,,,,,
2014-01-13,58.9940185546875,,,,,,
2014-01-14,59.335205078125,,,,,,
2014-01-15,59.131683349609375,,,,,,
2014-01-16,59.22747421264648,,,,,,
2014-01-17,59.359169006347656,,,,,,
2014-01-21,58.96405029296875,,,,,,
2014-01-22,58.59292602539063,,,,,,
2014-01-23,58.04816818237305,,,,,,
2014-01-24,56.77910614013672,,,,,,
2014-01-27,56.82099914550781,,,,,,
2014-01-28,57.25800323486328,,,,,,
2014-01-29,56.93475341796875,,,,,,
2014-01-30,56.264286041259766,,,,,,
2014-01-31,55.16881942749024,,,,,,
2014-02-03,53.905723571777344,,,,,,
2014-02-04,53.88776397705078,,,,,,
2014-02-05,53.62437057495117,,,,,,
2014-02-06,54.13679885864258,,,,,,
2014-02-07,54.60704040527344,,,,,,
2014-02-10,53.96798324584961,,,,,,
2014-02-11,54.763790130615234,,,,,,
2014-02-12,54.90848159790039,,,,,,
2014-02-13,55.11947250366211,,,,,,
2014-02-14,56.73513412475586,,,,,,
2014-02-18,56.71102523803711,,,,,,
2014-02-19,56.6386604309082,,,,,,
2014-02-20,57.494747161865234,,,,,,
2014-02-21,57.289737701416016,,,,,,
2014-02-24,58.13980484008789,,,,,,
2014-02-25,58.06141662597656,,,,,,
2014-02-26,57.747928619384766,,,,,,
2014-02-27,57.77808380126953,,,,,,
2014-02-28,58.03730773925781,,,,,,
2014-03-03,57.57310485839844,,,,,,
2014-03-04,58.18803405761719,,,,,,
2014-03-05,56.54823684692383,,,,,,
2014-03-06,56.52410507202149,,,,,,
2014-03-07,57.2656364440918,,,,,,
2014-03-10,57.57310485839844,,,,,,
2014-03-11,56.67485427856445,,,,,,
2014-03-12,56.79540252685547,,,,,,
2014-03-13,56.451805114746094,,,,,,
2014-03-14,56.349308013916016,,,,,,
2014-03-17,56.861724853515625,,,,,,
2014-03-18,57.09685134887695,,,,,,
2014-03-19,56.50604248046875,,,,,,
2014-03-20,57.01845550537109,,,,,,
2014-03-21,56.855712890625,,,,,,
2014-03-24,57.05463790893555,,,,,,
2014-03-25,57.217430114746094,,,,,,
2014-03-26,57.09080505371094,,,,,,
2014-03-27,58.019229888916016,,,,,,
2014-03-28,58.89939880371094,,,,,,
2014-03-31,58.88734436035156,,,,,,
2014-04-01,58.91748809814453,,,,,,
2014-04-02,59.050106048583984,,,,,,
2014-04-03,59.03804397583008,,,,,,
2014-04-04,58.69441986083984,,,,,,
2014-04-07,58.34476852416992,,,,,,
2014-04-08,58.74869537353516,,,,,,
2014-04-09,58.67634582519531,,,,,,
2014-04-10,58.34476852416992,,,,,,
2014-04-11,58.30860137939453,,,,,,
2014-04-14,58.99585723876953,,,,,,
2014-04-15,59.49020385742188,,,,,,
2014-04-16,60.24980163574219,,,,,,
2014-04-17,60.539180755615234,,,,,,
2014-04-21,60.84663009643555,,,,,,
2014-04-22,60.50904846191406,,,,,,
2014-04-23,60.58740997314453,,,,,,
2014-04-24,60.29201126098633,,,,,,
2014-04-25,60.53314208984375,,,,,,
2014-04-28,60.99132537841797,,,,,,
2014-04-29,61.16011428833008,,,,,,
2014-04-30,61.7388801574707,,,,,,
2014-05-01,61.13599395751953,,,,,,
2014-05-02,61.49772262573242,,,,,,
2014-05-05,62.04027557373047,,,,,,
2014-05-06,61.89561080932617,,,,,,
2014-05-07,62.16086196899414,,,,,,
2014-05-08,61.68459701538086,,,,,,
2014-05-09,61.87881088256836,,,,,,
2014-05-12,62.048789978027344,,,,,,
2014-05-13,62.12767791748047,,,,,,
2014-05-14,62.08518600463867,,,,,,
2014-05-15,61.16867065429688,,,,,,
2014-05-16,61.14442825317383,,,,,,
2014-05-19,61.223331451416016,,,,,,
2014-05-20,61.1019287109375,,,,,,
2014-05-21,61.92739486694336,,,,,,
2014-05-22,61.60569381713867,,,,,,
2014-05-23,61.49646759033203,,,,,,
2014-05-27,61.52073287963867,,,,,,
2014-05-28,61.33863067626953,,,,,,
2014-05-29,61.46611022949219,,,,,,
2014-05-30,61.01694107055664,,,,,,
2014-06-02,60.65884780883789,,,,,,
2014-06-03,60.93198776245117,,,,,,
2014-06-04,60.71957015991211,,,,,,
2014-06-05,61.02909469604492,,,,,,
2014-06-06,61.666385650634766,,,,,,
2014-06-09,61.61783981323242,,,,,,
2014-06-10,61.5814323425293,,,,,,
2014-06-11,61.87881088256836,,,,,,
2014-06-12,61.70280456542969,,,,,,
2014-06-13,62.30370330810547,,,,,,
2014-06-16,62.467552185058594,,,,,,
2014-06-17,62.16411209106445,,,,,,
2014-06-18,62.35224533081055,,,,,,
2014-06-19,62.291542053222656,,,,,,
2014-06-20,63.019927978515625,,,,,,
2014-06-23,63.3537483215332,,,,,,
2014-06-24,62.35224533081055,,,,,,
2014-06-25,61.9941520690918,,,,,,
2014-06-26,61.92739486694336,,,,,,
2014-06-27,61.4296760559082,,,,,,
2014-06-30,61.108009338378906,,,,,,
2014-07-01,61.52073287963867,,,,,,
2014-07-02,61.64820861816406,,,,,,
2014-07-03,62.26728439331055,,,,,,
2014-07-07,62.30370330810547,,,,,,
2014-07-08,62.41296005249024,,,,,,
2014-07-09,62.84997177124024,,,,,,
2014-07-10,62.25514602661133,,,,,,
2014-07-11,61.7513542175293,,,,,,
2014-07-14,62.3218879699707,,,,,,
2014-07-15,62.145904541015625,,,,,,
2014-07-16,62.98348617553711,,,,,,
2014-07-17,62.09733963012695,,,,,,
2014-07-18,62.35224533081055,,,,,,
2014-07-21,62.56469345092773,,,,,,
2014-07-22,62.8438720703125,,,,,,
2014-07-23,63.27482604980469,,,,,,
2014-07-24,63.29302978515625,,,,,,
2014-07-25,62.62538528442383,,,,,,
2014-07-28,63.34767532348633,,,,,,
2014-07-29,62.84997177124024,,,,,,
2014-07-30,62.6678581237793,,,,,,
2014-07-31,60.05191040039063,,,,,,
2014-08-01,59.96693801879883,,,,,,
2014-08-04,60.774147033691406,,,,,,
2014-08-05,59.60274505615234,,,,,,
2014-08-06,60.07617568969727,,,,,,
2014-08-07,59.64525985717773,,,,,,
2014-08-08,60.5374755859375,,,,,,
2014-08-11,60.341888427734375,,,,,,
2014-08-12,60.1952018737793,,,,,,
2014-08-13,60.56191635131836,,,,,,
2014-08-14,60.56191635131836,,,,,,
2014-08-15,60.52523040771485,,,,,,
2014-08-18,60.824703216552734,,,,,,
2014-08-19,60.80636978149414,,,,,,
2014-08-20,60.934757232666016,,,,,,
2014-08-21,60.67803955078125,,,,,,
2014-08-22,60.20130920410156,,,,,,
2014-08-25,60.35408401489258,,,,,,
2014-08-26,60.89805221557617,,,,,,
2014-08-27,60.8308219909668,,,,,,
2014-08-28,60.855281829833984,,,,,,
2014-08-29,60.78806686401367,,,,,,
2014-09-02,60.1952018737793,,,,,,
2014-09-03,60.57414245605469,,,,,,
2014-09-04,60.11575698852539,,,,,,
2014-09-05,60.66579818725586,,,,,,
2014-09-08,59.75513458251953,,,,,,
2014-09-09,59.522911071777344,,,,,,
2014-09-10,59.16840744018555,,,,,,
2014-09-11,59.30290222167969,,,,,,
2014-09-12,58.53890228271485,,,,,,
2014-09-15,58.85061264038086,,,,,,
2014-09-16,59.54734802246094,,,,,,
2014-09-17,59.33345413208008,,,,,,
2014-09-18,59.04619598388672,,,,,,
2014-09-19,59.35791778564453,,,,,,
2014-09-22,59.00338363647461,,,,,,
2014-09-23,58.691707611083984,,,,,,
2014-09-24,58.5633544921875,,,,,,
2014-09-25,57.60380172729492,,,,,,
2014-09-26,58.32500076293945,,,,,,
2014-09-29,57.71382141113281,,,,,,
2014-09-30,57.48158264160156,,,,,,
2014-10-01,56.754241943359375,,,,,,
2014-10-02,57.02317428588867,,,,,,
2014-10-03,57.40211486816406,,,,,,
2014-10-06,57.768821716308594,,,,,,
2014-10-07,57.06598663330078,,,,,,
2014-10-08,57.82383728027344,,,,,,
2014-10-09,56.11863708496094,,,,,,
2014-10-10,55.984188079833984,,,,,,
2014-10-13,55.51968383789063,,,,,,
2014-10-14,55.34243392944336,,,,,,
2014-10-15,55.140743255615234,,,,,,
2014-10-16,55.37300109863281,,,,,,
2014-10-17,55.74580383300781,,,,,,
2014-10-20,56.08809280395508,,,,,,
2014-10-21,57.237091064453125,,,,,,
2014-10-22,56.919281005859375,,,,,,
2014-10-23,57.51823806762695,,,,,,
2014-10-24,57.75049591064453,,,,,,
2014-10-27,57.27374267578125,,,,,,
2014-10-28,58.123321533203125,,,,,,
2014-10-29,57.81159591674805,,,,,,
2014-10-30,57.726036071777344,,,,,,
2014-10-31,59.10733413696289,,,,,,
2014-11-03,58.2210693359375,,,,,,
2014-11-04,57.768821716308594,,,,,,
2014-11-05,58.10494613647461,,,,,,
2014-11-06,58.832252502441406,,,,,,
2014-11-07,59.46016693115234,,,,,,
2014-11-10,59.26936340332031,,,,,,
2014-11-11,59.3493766784668,,,,,,
2014-11-12,58.71531677246094,,,,,,
2014-11-13,58.272071838378906,,,,,,
2014-11-14,58.53679656982422,,,,,,
2014-11-17,58.54910659790039,,,,,,
2014-11-18,58.4013786315918,,,,,,
2014-11-19,58.85689163208008,,,,,,
2014-11-20,58.986175537109375,,,,,,
2014-11-21,59.59559631347656,,,,,,
2014-11-24,58.92462921142578,,,,,,
2014-11-25,58.34594345092773,,,,,,
2014-11-26,58.16126251220703,,,,,,
2014-11-28,55.7358512878418,,,,,,
2014-12-01,56.850074768066406,,,,,,
2014-12-02,57.98276519775391,,,,,,
2014-12-03,58.450592041015625,,,,,,
2014-12-04,58.09357452392578,,,,,,
2014-12-05,57.754974365234375,,,,,,
2014-12-08,56.44991302490234,,,,,,
2014-12-09,56.25293731689453,,,,,,
2014-12-10,54.584693908691406,,,,,,
2014-12-11,54.91093444824219,,,,,,
2014-12-12,53.31039047241211,,,,,,
2014-12-15,53.49508285522461,,,,,,
2014-12-16,53.193450927734375,,,,,,
2014-12-17,54.80015182495117,,,,,,
2014-12-18,56.11750411987305,,,,,,
2014-12-19,57.644187927246094,,,,,,
2014-12-22,57.4533576965332,,,,,,
2014-12-23,58.22900390625,,,,,,
2014-12-24,57.73036956787109,,,,,,
2014-12-26,57.37947845458984,,,,,,
2014-12-29,57.29327774047852,,,,,,
2014-12-30,57.26250076293945,,,,,,
2014-12-31,56.9116096496582,,,,,,
2015-01-02,57.145545959472656,,,,,,
2015-01-05,55.58192825317383,,,,,,
2015-01-06,55.28644943237305,,,,,,
2015-01-07,55.846641540527344,,,,,,
2015-01-08,56.77618789672852,,,,,,
2015-01-09,56.6961669921875,,,,,,
2015-01-12,55.606571197509766,,,,,,
2015-01-13,55.403438568115234,,,,,,
2015-01-14,55.24336624145508,,,,,,
2015-01-15,54.76320266723633,,,,,,
2015-01-16,56.092891693115234,,,,,,
2015-01-20,56.07441329956055,,,,,,
2015-01-21,56.55457305908203,,,,,,
2015-01-22,57.17018127441406,,,,,,
2015-01-23,55.95128631591797,,,,,,
2015-01-26,56.48686599731445,,,,,,
2015-01-27,55.988224029541016,,,,,,
2015-01-28,54.14145278930664,,,,,,
2015-01-29,53.9136848449707,,,,,,
2015-01-30,53.8151741027832,,,,,,
2015-02-02,55.1448860168457,,,,,,
2015-02-03,56.78848648071289,,,,,,
2015-02-04,56.30219268798828,,,,,,
2015-02-05,56.85622787475586,,,,,,
2015-02-06,56.75079345703125,,,,,,
2015-02-09,56.787994384765625,,,,,,
2015-02-10,56.4468879699707,,,,,,
2015-02-11,56.19259262084961,,,,,,
2015-02-12,57.29037094116211,,,,,,
2015-02-13,57.91062545776367,,,,,,
2015-02-17,57.7121467590332,,,,,,
2015-02-18,56.4468879699707,,,,,,
2015-02-19,55.47311401367188,,,,,,
2015-02-20,55.77082443237305,,,,,,
2015-02-23,55.206424713134766,,,,,,
2015-02-24,55.460716247558594,,,,,,
2015-02-25,55.57234954833984,,,,,,
2015-02-26,54.98312759399414,,,,,,
2015-02-27,54.91491317749024,,,,,,
2015-03-02,54.60480117797852,,,,,,
2015-03-03,54.34429168701172,,,,,,
2015-03-04,54.0713996887207,,,,,,
2015-03-05,53.79849624633789,,,,,,
2015-03-06,53.11004638671875,,,,,,
2015-03-09,52.81853485107422,,,,,,
2015-03-10,52.26033401489258,,,,,,
2015-03-11,52.11148071289063,,,,,,
2015-03-12,52.23551940917969,,,,,,
2015-03-13,52.0184440612793,,,,,,
2015-03-16,52.57044982910156,,,,,,
2015-03-17,52.148685455322266,,,,,,
2015-03-18,53.38296508789063,,,,,,
2015-03-19,52.35337066650391,,,,,,
2015-03-20,52.43400955200195,,,,,,
2015-03-23,52.98601531982422,,,,,,
2015-03-24,52.42160415649414,,,,,,
2015-03-25,52.63248062133789,,,,,,
2015-03-26,52.29756546020508,,,,,,
2015-03-27,51.83858489990234,,,,,,
2015-03-30,53.11004638671875,,,,,,
2015-03-31,52.71929931640625,,,,,,
2015-04-01,52.38438415527344,,,,,,
2015-04-02,52.28515625,,,,,,
2015-04-06,52.79994201660156,,,,,,
2015-04-07,53.18449783325195,,,,,,
2015-04-08,52.13627624511719,,,,,,
2015-04-09,52.502227783203125,,,,,,
2015-04-10,53.06663513183594,,,,,,
2015-04-13,52.93017959594727,,,,,,
2015-04-14,53.730281829833984,,,,,,
2015-04-15,54.62960433959961,,,,,,
2015-04-16,54.41252899169922,,,,,,
2015-04-17,53.91635513305664,,,,,,
2015-04-20,54.10861587524414,,,,,,
2015-04-21,53.88532638549805,,,,,,
2015-04-22,54.24507141113281,,,,,,
2015-04-23,54.29469680786133,,,,,,
2015-04-24,53.9411506652832,,,,,,
2015-04-27,53.96595764160156,,,,,,
2015-04-28,54.45592880249024,,,,,,
2015-04-29,54.4993782043457,,,,,,
2015-04-30,54.18925476074219,,,,,,
2015-05-01,55.10717010498047,,,,,,
2015-05-04,55.268436431884766,,,,,,
2015-05-05,54.95832824707031,,,,,,
2015-05-06,54.69784164428711,,,,,,
2015-05-07,54.33190155029297,,,,,,
2015-05-08,55.19402313232422,,,,,,
2015-05-11,54.26847839355469,,,,,,
2015-05-12,54.41856002807617,,,,,,
2015-05-13,54.13091278076172,,,,,,
2015-05-14,54.38730239868164,,,,,,
2015-05-15,54.624942779541016,,,,,,
2015-05-18,54.312255859375,,,,,,
2015-05-19,54.39981460571289,,,,,,
2015-05-20,54.48735046386719,,,,,,
2015-05-21,54.537384033203125,,,,,,
2015-05-22,54.10588455200195,,,,,,
2015-05-26,53.37420272827149,,,,,,
2015-05-27,53.22413635253906,,,,,,
2015-05-28,53.22413635253906,,,,,,
2015-05-29,53.28042984008789,,,,,,
2015-06-01,53.23664855957031,,,,,,
2015-06-02,53.24289321899414,,,,,,
2015-06-03,53.12408447265625,,,,,,
2015-06-04,52.66756820678711,,,,,,
2015-06-05,52.705074310302734,,,,,,
2015-06-08,53.06153106689453,,,,,,
2015-06-09,52.89270782470703,,,,,,
2015-06-10,53.28667449951172,,,,,,
2015-06-11,53.21162033081055,,,,,,
2015-06-12,52.54249572753906,,,,,,
2015-06-15,52.35490036010742,,,,,,
2015-06-16,52.95526123046875,,,,,,
2015-06-17,52.98651123046875,,,,,,
2015-06-18,53.45552444458008,,,,,,
2015-06-19,53.28667449951172,,,,,,
2015-06-22,53.26165771484375,,,,,,
2015-06-23,53.19913101196289,,,,,,
2015-06-24,52.95526123046875,,,,,,
2015-06-25,52.486209869384766,,,,,,
2015-06-26,52.44243621826172,,,,,,
2015-06-29,51.79206848144531,,,,,,
2015-06-30,52.02970886230469,,,,,,
2015-07-01,51.51065826416016,,,,,,
2015-07-02,51.9921875,,,,,,
2015-07-06,51.6107063293457,,,,,,
2015-07-07,51.82333755493164,,,,,,
2015-07-08,51.2605094909668,,,,,,
2015-07-09,51.02914047241211,,,,,,
2015-07-10,51.41686248779297,,,,,,
2015-07-13,51.54191970825195,,,,,,
2015-07-14,51.973419189453125,,,,,,
2015-07-15,51.75456237792969,,,,,,
2015-07-16,51.84833908081055,,,,,,
2015-07-17,51.66074752807617,,,,,,
2015-07-20,51.12919998168945,,,,,,
2015-07-21,51.06666946411133,,,,,,
2015-07-22,51.14795684814453,,,,,,
2015-07-23,50.74148178100586,,,,,,
2015-07-24,49.99103927612305,,,,,,
2015-07-27,49.5657958984375,,,,,,
2015-07-28,51.57946014404297,,,,,,
2015-07-29,51.9921875,,,,,,
2015-07-30,51.910892486572266,,,,,,
2015-07-31,49.53453063964844,,,,,,
2015-08-03,48.81537628173828,,,,,,
2015-08-04,48.25880813598633,,,,,,
2015-08-05,48.25880813598633,,,,,,
2015-08-06,48.834129333496094,,,,,,
2015-08-07,48.046180725097656,,,,,,
2015-08-10,49.246856689453125,,,,,,
2015-08-11,48.91232681274414,,,,,,
2015-08-12,49.732906341552734,,,,,,
2015-08-13,49.64453506469727,,,,,,
2015-08-14,49.46148300170898,,,,,,
2015-08-17,49.72026824951172,,,,,,
2015-08-18,49.17111587524414,,,,,,
2015-08-19,48.11700820922852,,,,,,
2015-08-20,47.06920623779297,,,,,,
2015-08-21,45.52904510498047,,,,,,
2015-08-24,43.37663269042969,,,,,,
2015-08-25,43.37031555175781,,,,,,
2015-08-26,45.7625846862793,,,,,,
2015-08-27,47.24593734741211,,,,,,
2015-08-28,47.38480758666992,,,,,,
2015-08-31,47.49211502075195,,,,,,
2015-09-01,45.49747848510742,,,,,,
2015-09-02,46.22338485717773,,,,,,
2015-09-03,46.57685089111328,,,,,,
2015-09-04,45.737342834472656,,,,,,
2015-09-08,46.39381408691406,,,,,,
2015-09-09,45.44700241088867,,,,,,
2015-09-10,45.77522659301758,,,,,,
2015-09-11,45.88252639770508,,,,,,
2015-09-14,45.756290435791016,,,,,,
2015-09-15,45.98982238769531,,,,,,
2015-09-16,46.898773193359375,,,,,,
2015-09-17,46.999759674072266,,,,,,
2015-09-18,45.876197814941406,,,,,,
2015-09-21,46.32436752319336,,,,,,
2015-09-22,45.9140853881836,,,,,,
2015-09-23,45.6363639831543,,,,,,
2015-09-24,45.90777587890625,,,,,,
2015-09-25,46.22338485717773,,,,,,
2015-09-28,45.82572555541992,,,,,,
2015-09-29,46.05927276611328,,,,,,
2015-09-30,46.930320739746094,,,,,,
2015-10-01,46.74728393554688,,,,,,
2015-10-02,47.89606094360352,,,,,,
2015-10-05,48.483097076416016,,,,,,
2015-10-06,49.16481399536133,,,,,,
2015-10-07,49.9916877746582,,,,,,
2015-10-08,50.51559829711914,,,,,,
2015-10-09,50.029563903808594,,,,,,
2015-10-12,50.0548210144043,,,,,,
2015-10-13,49.96644592285156,,,,,,
2015-10-14,50.59766006469727,,,,,,
2015-10-15,51.43083572387695,,,,,,
2015-10-16,52.062049865722656,,,,,,
2015-10-19,51.12155532836914,,,,,,
2015-10-20,51.02055358886719,,,,,,
2015-10-21,50.62920379638672,,,,,,
2015-10-22,52.32084655761719,,,,,,
2015-10-23,52.37765884399414,,,,,,
2015-10-26,51.26673889160156,,,,,,
2015-10-27,51.1846809387207,,,,,,
2015-10-28,51.93580627441406,,,,,,
2015-10-29,51.90425491333008,,,,,,
2015-10-30,52.226165771484375,,,,,,
2015-11-02,53.82944107055664,,,,,,
2015-11-03,54.820430755615234,,,,,,
2015-11-04,54.27128601074219,,,,,,
2015-11-05,53.53277587890625,,,,,,
2015-11-06,53.31816864013672,,,,,,
2015-11-09,52.17844772338867,,,,,,
2015-11-10,52.4331283569336,,,,,,
2015-11-11,51.96833038330078,,,,,,
2015-11-12,50.56120300292969,,,,,,
2015-11-13,49.72711181640625,,,,,,
2015-11-16,51.50990676879883,,,,,,
2015-11-17,50.9113883972168,,,,,,
2015-11-18,51.40802383422852,,,,,,
2015-11-19,51.12789535522461,,,,,,
2015-11-20,50.80317306518555,,,,,,
2015-11-23,51.11513137817383,,,,,,
2015-11-24,52.13388442993164,,,,,,
2015-11-25,51.73274230957031,,,,,,
2015-11-27,51.720008850097656,,,,,,
2015-11-30,51.99380874633789,,,,,,
2015-12-01,52.1402473449707,,,,,,
2015-12-02,50.65034866333008,,,,,,
2015-12-03,49.92448806762695,,,,,,
2015-12-04,50.21101379394531,,,,,,
2015-12-07,48.89938735961914,,,,,,
2015-12-08,47.5177116394043,,,,,,
2015-12-09,48.15443801879883,,,,,,
2015-12-10,48.19264602661133,,,,,,
2015-12-11,47.33309173583984,,,,,,
2015-12-14,48.40911865234375,,,,,,
2015-12-15,50.57394409179688,,,,,,
2015-12-16,50.395652770996094,,,,,,
2015-12-17,49.63796615600586,,,,,,
2015-12-18,49.20499420166016,,,,,,
2015-12-21,49.1922721862793,,,,,,
2015-12-22,49.44058990478516,,,,,,
2015-12-23,51.0578498840332,,,,,,
2015-12-24,50.51027297973633,,,,,,
2015-12-28,50.13460922241211,,,,,,
2015-12-29,50.40202713012695,,,,,,
2015-12-30,49.73347091674805,,,,,,
2015-12-31,49.631595611572266,,,,,,
2016-01-04,49.319610595703125,,,,,,
2016-01-05,49.7398567199707,,,,,,
2016-01-06,49.32597732543945,,,,,,
2016-01-07,48.53646469116211,,,,,,
2016-01-08,47.555931091308594,,,,,,
2016-01-11,46.919219970703125,,,,,,
2016-01-12,47.880645751953125,,,,,,
2016-01-13,48.16715240478516,,,,,,
2016-01-14,50.37657165527344,,,,,,
2016-01-15,49.396034240722656,,,,,,
2016-01-19,48.64470672607422,,,,,,
2016-01-20,46.594486236572266,,,,,,
2016-01-21,47.18025588989258,,,,,,
2016-01-22,48.75295639038086,,,,,,
2016-01-25,47.1038703918457,,,,,,
2016-01-26,48.83571243286133,,,,,,
2016-01-27,47.937965393066406,,,,,,
2016-01-28,49.020355224609375,,,,,,
2016-01-29,49.56794738769531,,,,,,
2016-02-01,48.57466506958008,,,,,,
2016-02-02,47.49225997924805,,,,,,
2016-02-03,49.96907043457031,,,,,,
2016-02-04,50.8286247253418,,,,,,
2016-02-05,50.98780059814453,,,,,,
2016-02-08,51.67545700073242,,,,,,
2016-02-09,51.4505729675293,,,,,,
2016-02-10,50.981563568115234,,,,,,
2016-02-11,51.14217758178711,,,,,,
2016-02-12,52.06094741821289,,,,,,
2016-02-16,52.18302154541016,,,,,,
2016-02-17,52.68415832519531,,,,,,
2016-02-18,52.97328186035156,,,,,,
2016-02-19,53.005401611328125,,,,,,
2016-02-22,52.9347038269043,,,,,,
2016-02-23,52.18943405151367,,,,,,
2016-02-24,52.3757438659668,,,,,,
2016-02-25,52.69059371948242,,,,,,
2016-02-26,52.523529052734375,,,,,,
2016-02-29,51.495548248291016,,,,,,
2016-03-01,52.2215690612793,,,,,,
2016-03-02,53.1338996887207,,,,,,
2016-03-03,52.94115447998047,,,,,,
2016-03-04,52.87047576904297,,,,,,
2016-03-07,54.26469802856445,,,,,,
2016-03-08,53.08892059326172,,,,,,
2016-03-09,52.94115447998047,,,,,,
2016-03-10,52.7997932434082,,,,,,
2016-03-11,52.80623626708984,,,,,,
2016-03-14,52.94759368896485,,,,,,
2016-03-15,53.21099472045898,,,,,,
2016-03-16,53.24312210083008,,,,,,
2016-03-17,54.03337478637695,,,,,,
2016-03-18,54.097618103027344,,,,,,
2016-03-21,53.72499465942383,,,,,,
2016-03-22,54.04624557495117,,,,,,
2016-03-23,53.80849075317383,,,,,,
2016-03-24,53.956298828125,,,,,,
2016-03-28,54.110477447509766,,,,,,
2016-03-29,54.30965042114258,,,,,,
2016-03-30,54.30322647094727,,,,,,
2016-03-31,53.70570755004883,,,,,,
2016-04-01,53.30094909667969,,,,,,
2016-04-04,53.429447174072266,,,,,,
2016-04-05,52.8190803527832,,,,,,
2016-04-06,53.52581787109375,,,,,,
2016-04-07,52.921875,,,,,,
2016-04-08,53.461570739746094,,,,,,
2016-04-11,53.5322380065918,,,,,,
2016-04-12,54.193992614746094,,,,,,
2016-04-13,54.50239562988281,,,,,,
2016-04-14,54.88789749145508,,,,,,
2016-04-15,54.59235382080078,,,,,,
2016-04-18,55.11275863647461,,,,,,
2016-04-19,55.38905715942383,,,,,,
2016-04-20,55.768104553222656,,,,,,
2016-04-21,55.761661529541016,,,,,,
2016-04-22,56.23712158203125,,,,,,
2016-04-25,56.10862731933594,,,,,,
2016-04-26,56.30137252807617,,,,,,
2016-04-27,56.83464431762695,,,,,,
2016-04-28,56.55835723876953,,,,,,
2016-04-29,56.79610061645508,,,,,,
2016-05-02,57.265113830566406,,,,,,
2016-05-03,56.60976409912109,,,,,,
2016-05-04,56.50054931640625,,,,,,
2016-05-05,56.564788818359375,,,,,,
2016-05-06,56.86676025390625,,,,,,
2016-05-09,56.90531539916992,,,,,,
2016-05-10,57.81764602661133,,,,,,
2016-05-11,57.53906631469727,,,,,,
2016-05-12,58.09622573852539,,,,,,
2016-05-13,57.441871643066406,,,,,,
2016-05-16,58.03146362304688,,,,,,
2016-05-17,58.00553512573242,,,,,,
2016-05-18,57.88893127441406,,,,,,
2016-05-19,58.38129806518555,,,,,,
2016-05-20,58.14158248901367,,,,,,
2016-05-23,58.0509033203125,,,,,,
2016-05-24,58.09622573852539,,,,,,
2016-05-25,58.478511810302734,,,,,,
2016-05-26,58.18046569824219,,,,,,
2016-05-27,58.31650161743164,,,,,,
2016-05-31,57.67512512207031,,,,,,
2016-06-01,57.81765365600586,,,,,,
2016-06-02,57.35765075683594,,,,,,
2016-06-03,57.25399398803711,,,,,,
2016-06-06,57.88242721557617,,,,,,
2016-06-07,58.77004623413086,,,,,,
2016-06-08,58.821895599365234,,,,,,
2016-06-09,58.74413299560547,,,,,,
2016-06-10,58.2971076965332,,,,,,
2016-06-13,58.69230651855469,,,,,,
2016-06-14,58.58864974975586,,,,,,
2016-06-15,58.4137077331543,,,,,,
2016-06-16,59.10047149658203,,,,,,
2016-06-17,58.77651977539063,,,,,,
2016-06-20,59.035675048828125,,,,,,
2016-06-21,59.301307678222656,,,,,,
2016-06-22,59.06808090209961,,,,,,
2016-06-23,59.47624206542969,,,,,,
2016-06-24,57.914825439453125,,,,,,
2016-06-27,57.57144165039063,,,,,,
2016-06-28,58.89962768554688,,,,,,
2016-06-29,59.90385818481445,,,,,,
2016-06-30,60.733158111572266,,,,,,
2016-07-01,60.79794692993164,,,,,,
2016-07-05,60.26667022705078,,,,,,
2016-07-06,60.959922790527344,,,,,,
2016-07-07,60.22779846191406,,,,,,
2016-07-08,60.60359573364258,,,,,,
2016-07-11,60.83030700683594,,,,,,
2016-07-12,61.51709747314453,,,,,,
2016-07-13,61.47174835205078,,,,,,
2016-07-14,61.51709747314453,,,,,,
2016-07-15,61.62726211547852,,,,,,
2016-07-18,61.432891845703125,,,,,,
2016-07-19,61.20610427856445,,,,,,
2016-07-20,60.85625076293945,,,,,,
2016-07-21,60.80440902709961,,,,,,
2016-07-22,60.9080696105957,,,,,,
2016-07-25,59.73540496826172,,,,,,
2016-07-26,59.301307678222656,,,,,,
2016-07-27,58.89962768554688,,,,,,
2016-07-28,58.43963241577149,,,,,,
2016-07-29,57.62977981567383,,,,,,
2016-08-01,55.62776565551758,,,,,,
2016-08-02,56.39230346679688,,,,,,
2016-08-03,56.68385696411133,,,,,,
2016-08-04,56.67736053466797,,,,,,
2016-08-05,56.72919845581055,,,,,,
2016-08-08,57.39652633666992,,,,,,
2016-08-09,57.46778869628906,,,,,,
2016-08-10,56.46153259277344,,,,,,
2016-08-11,56.664100646972656,,,,,,
2016-08-12,57.402442932128906,,,,,,
2016-08-15,57.37630462646485,,,,,,
2016-08-16,57.448184967041016,,,,,,
2016-08-17,57.57234954833984,,,,,,
2016-08-18,58.09506607055664,,,,,,
2016-08-19,57.36978149414063,,,,,,
2016-08-22,57.493927001953125,,,,,,
2016-08-23,57.31751251220703,,,,,,
2016-08-24,57.5135383605957,,,,,,
2016-08-25,57.147605895996094,,,,,,
2016-08-26,57.023475646972656,,,,,,
2016-08-29,57.39589691162109,,,,,,
2016-08-30,57.18681716918945,,,,,,
2016-08-31,56.93851852416992,,,,,,
2016-09-01,56.74248504638672,,,,,,
2016-09-02,57.12148666381836,,,,,,
2016-09-06,57.87289047241211,,,,,,
2016-09-07,57.65729141235352,,,,,,
2016-09-08,58.18655776977539,,,,,,
2016-09-09,56.74248504638672,,,,,,
2016-09-12,57.036529541015625,,,,,,
2016-09-13,55.67742538452149,,,,,,
2016-09-14,55.27885437011719,,,,,,
2016-09-15,55.592506408691406,,,,,,
2016-09-16,54.90640640258789,,,,,,
2016-09-19,54.77571105957031,,,,,,
2016-09-20,53.93282318115234,,,,,,
2016-09-21,54.42940902709961,,,,,,
2016-09-22,54.58623504638672,,,,,,
2016-09-23,54.52742385864258,,,,,,
2016-09-26,54.27259063720703,,,,,,
2016-09-27,54.39020538330078,,,,,,
2016-09-28,56.781700134277344,,,,,,
2016-09-29,56.49419403076172,,,,,,
2016-09-30,57.02999877929688,,,,,,
2016-10-03,56.87971496582031,,,,,,
2016-10-04,56.35698699951172,,,,,,
2016-10-05,56.84704208374024,,,,,,
2016-10-06,56.87319564819336,,,,,,
2016-10-07,56.67714691162109,,,,,,
2016-10-10,57.7879524230957,,,,,,
2016-10-11,57.33058166503906,,,,,,
2016-10-12,56.9319953918457,,,,,,
2016-10-13,56.55954360961914,,,,,,
2016-10-14,56.54648208618164,,,,,,
2016-10-17,56.54648208618164,,,,,,
2016-10-18,56.69675064086914,,,,,,
2016-10-19,56.95811462402344,,,,,,
2016-10-20,56.98426055908203,,,,,,
2016-10-21,56.598751068115234,,,,,,
2016-10-24,56.78823471069336,,,,,,
2016-10-25,56.664100646972656,,,,,,
2016-10-26,56.90584945678711,,,,,,
2016-10-27,56.7947883605957,,,,,,
2016-10-28,55.39645004272461,,,,,,
2016-10-31,54.44247055053711,,,,,,
2016-11-01,54.658111572265625,,,,,,
2016-11-02,54.52742385864258,,,,,,
2016-11-03,54.66464614868164,,,,,,
2016-11-04,54.605838775634766,,,,,,
2016-11-07,55.83424758911133,,,,,,
2016-11-08,56.236358642578125,,,,,,
2016-11-09,56.85601806640625,,,,,,
2016-11-10,57.38336944580078,,,,,,
2016-11-11,56.47368240356445,,,,,,
2016-11-14,56.216583251953125,,,,,,
2016-11-15,57.23176193237305,,,,,,
2016-11-16,56.52641677856445,,,,,,
2016-11-17,56.18363952636719,,,,,,
2016-11-18,56.216583251953125,,,,,,
2016-11-21,57.01422500610352,,,,,,
2016-11-22,57.139461517333984,,,,,,
2016-11-23,57.29767990112305,,,,,,
2016-11-25,57.42952728271485,,,,,,
2016-11-28,57.00104904174805,,,,,,
2016-11-29,56.62529373168945,,,,,,
2016-11-30,57.54816055297852,,,,,,
2016-12-01,57.50862884521485,,,,,,
2016-12-02,57.37679290771485,,,,,,
2016-12-05,57.666839599609375,,,,,,
2016-12-06,57.71957015991211,,,,,,
2016-12-07,58.05574417114258,,,,,,
2016-12-08,58.22056198120117,,,,,,
2016-12-09,58.66881942749024,,,,,,
2016-12-12,59.97404098510742,,,,,,
2016-12-13,61.02876281738281,,,,,,
2016-12-14,59.71035003662109,,,,,,
2016-12-15,59.91468811035156,,,,,,
2016-12-16,60.10585403442383,,,,,,
2016-12-19,59.604888916015625,,,,,,
2016-12-20,59.611473083496094,,,,,,
2016-12-21,59.51258087158203,,,,,,
2016-12-22,59.90152359008789,,,,,,
2016-12-23,59.79602813720703,,,,,,
2016-12-27,59.82242965698242,,,,,,
2016-12-28,59.5257682800293,,,,,,
2016-12-29,59.55874252319336,,,,,,
2016-12-30,59.4994010925293,,,,,,
2017-01-03,59.91468811035156,,,,,,
2017-01-04,59.25551223754883,,,,,,
2017-01-05,58.3721809387207,,,,,,
2017-01-06,58.33921051025391,,,,,,
2017-01-09,57.37679290771485,,,,,,
2017-01-10,56.64507293701172,,,,,,
2017-01-11,57.22515869140625,,,,,,
2017-01-12,56.91533279418945,,,,,,
2017-01-13,56.92191696166992,,,,,,
2017-01-17,57.58773040771485,,,,,,
2017-01-18,56.87577438354492,,,,,,
2017-01-19,55.85401916503906,,,,,,
2017-01-20,56.61871337890625,,,,,,
2017-01-23,56.0122299194336,,,,,,
2017-01-24,56.091339111328125,,,,,,
2017-01-25,56.25613021850586,,,,,,
2017-01-26,56.42752456665039,,,,,,
2017-01-27,56.368202209472656,,,,,,
2017-01-30,55.93972396850586,,,,,,
2017-01-31,55.30030059814453,,,,,,
2017-02-01,54.6740608215332,,,,,,
2017-02-02,55.01025772094727,,,,,,
2017-02-03,55.06957244873047,,,,,,
2017-02-06,54.91796875,,,,,,
2017-02-07,54.56199645996094,,,,,,
2017-02-08,54.202781677246094,,,,,,
2017-02-09,54.44225311279297,,,,,,
2017-02-10,54.89461517333984,,,,,,
2017-02-13,55.21393585205078,,,,,,
2017-02-14,55.09417724609375,,,,,,
2017-02-15,55.320350646972656,,,,,,
2017-02-16,54.7482795715332,,,,,,
2017-02-17,54.38906097412109,,,,,,
2017-02-21,54.47551727294922,,,,,,
2017-02-22,53.8369026184082,,,,,,
2017-02-23,54.40234375,,,,,,
2017-02-24,53.93669128417969,,,,,,
2017-02-27,54.24269104003906,,,,,,
2017-02-28,54.09635162353516,,,,,,
2017-03-01,55.22723388671875,,,,,,
2017-03-02,55.413482666015625,,,,,,
2017-03-03,54.85469436645508,,,,,,
2017-03-06,55.100833892822266,,,,,,
2017-03-07,54.89461517333984,,,,,,
2017-03-08,53.903411865234375,,,,,,
2017-03-09,54.32918167114258,,,,,,
2017-03-10,54.28926849365234,,,,,,
2017-03-13,54.16286849975586,,,,,,
2017-03-14,53.8768196105957,,,,,,
2017-03-15,54.54869842529297,,,,,,
2017-03-16,54.59524917602539,,,,,,
2017-03-17,54.54869842529297,,,,,,
2017-03-20,54.54869842529297,,,,,,
2017-03-21,54.43560409545898,,,,,,
2017-03-22,54.38906097412109,,,,,,
2017-03-23,54.4555549621582,,,,,,
2017-03-24,54.036468505859375,,,,,,
2017-03-27,54.04977798461914,,,,,,
2017-03-28,54.44225311279297,,,,,,
2017-03-29,54.56201171875,,,,,,
2017-03-30,55.67957305908203,,,,,,
2017-03-31,54.55534744262695,,,,,,
2017-04-03,54.59524917602539,,,,,,
2017-04-04,54.79483413696289,,,,,,
2017-04-05,54.90126800537109,,,,,,
2017-04-06,55.2205810546875,,,,,,
2017-04-07,55.05426025390625,,,,,,
2017-04-10,55.3004035949707,,,,,,
2017-04-11,55.10747528076172,,,,,,
2017-04-12,55.1939811706543,,,,,,
2017-04-13,54.34248352050781,,,,,,
2017-04-17,54.26930236816406,,,,,,
2017-04-18,53.91673278808594,,,,,,
2017-04-19,53.5442008972168,,,,,,
2017-04-20,53.89011764526367,,,,,,
2017-04-21,53.67724609375,,,,,,
2017-04-24,53.95664596557617,,,,,,
2017-04-25,54.36907577514648,,,,,,
2017-04-26,54.14955520629883,,,,,,
2017-04-27,54.05641174316406,,,,,,
2017-04-28,54.31586456298828,,,,,,
2017-05-01,54.58860397338867,,,,,,
2017-05-02,54.58196258544922,,,,,,
2017-05-03,55.014347076416016,,,,,,
2017-05-04,54.3092155456543,,,,,,
2017-05-05,54.56201171875,,,,,,
2017-05-08,55.1407470703125,,,,,,
2017-05-09,54.754920959472656,,,,,,
2017-05-10,55.00337219238281,,,,,,
2017-05-11,55.473426818847656,,,,,,
2017-05-12,55.43314743041992,,,,,,
2017-05-15,55.601016998291016,,,,,,
2017-05-16,55.43314743041992,,,,,,
2017-05-17,55.0571174621582,,,,,,
2017-05-18,54.895938873291016,,,,,,
2017-05-19,55.01679611206055,,,,,,
2017-05-22,55.25855255126953,,,,,,
2017-05-23,55.45328140258789,,,,,,
2017-05-24,55.25855255126953,,,,,,
2017-05-25,54.895938873291016,,,,,,
2017-05-26,54.76163101196289,,,,,,
2017-05-30,54.45945358276367,,,,,,
2017-05-31,54.05653762817383,,,,,,
2017-06-01,54.19084930419922,,,,,,
2017-06-02,53.38503646850586,,,,,,
2017-06-05,53.80137252807617,,,,,,
2017-06-06,54.5333251953125,,,,,,
2017-06-07,54.33186340332031,,,,,,
2017-06-08,54.13713073730469,,,,,,
2017-06-09,55.15109634399414,,,,,,
2017-06-12,55.68832778930664,,,,,,
2017-06-13,55.708457946777344,,,,,,
2017-06-14,55.11080551147461,,,,,,
2017-06-15,55.238399505615234,,,,,,
2017-06-16,56.06435394287109,,,,,,
2017-06-19,55.574161529541016,,,,,,
2017-06-20,55.27199935913086,,,,,,
2017-06-21,54.687767028808594,,,,,,
2017-06-22,54.44601821899414,,,,,,
2017-06-23,54.80192565917969,,,,,,
2017-06-26,54.5534553527832,,,,,,
2017-06-27,54.4661865234375,,,,,,
2017-06-28,54.74819946289063,,,,,,
2017-06-29,54.19084930419922,,,,,,
2017-06-30,54.21099853515625,,,,,,
2017-07-03,55.13096237182617,,,,,,
2017-07-05,54.29158020019531,,,,,,
2017-07-06,53.80137252807617,,,,,,
2017-07-07,53.86852264404297,,,,,,
2017-07-10,53.828243255615234,,,,,,
2017-07-11,54.12370681762695,,,,,,
2017-07-12,54.36544036865234,,,,,,
2017-07-13,54.372161865234375,,,,,,
2017-07-14,54.580322265625,,,,,,
2017-07-17,54.29828643798828,,,,,,
2017-07-18,54.12370681762695,,,,,,
2017-07-19,54.29158020019531,,,,,,
2017-07-20,54.29828643798828,,,,,,
2017-07-21,53.80137252807617,,,,,,
2017-07-24,53.63349151611328,,,,,,
2017-07-25,53.902103424072266,,,,,,
2017-07-26,53.96924209594727,,,,,,
2017-07-27,54.27814483642578,,,,,,
2017-07-28,53.452186584472656,,,,,,
2017-07-31,53.74763870239258,,,,,,
2017-08-01,53.83494186401367,,,,,,
2017-08-02,54.12370681762695,,,,,,
2017-08-03,54.049835205078125,,,,,,
2017-08-04,53.86180114746094,,,,,,
2017-08-07,53.828243255615234,,,,,,
2017-08-08,53.69392776489258,,,,,,
2017-08-09,53.86180114746094,,,,,,
2017-08-10,53.54313659667969,,,,,,
2017-08-11,53.02784729003906,,,,,,
2017-08-14,53.04140853881836,,,,,,
2017-08-15,52.9125862121582,,,,,,
2017-08-16,52.52613067626953,,,,,,
2017-08-17,51.70570755004883,,,,,,
2017-08-18,51.96336364746094,,,,,,
2017-08-21,51.78707885742188,,,,,,
2017-08-22,52.03114700317383,,,,,,
2017-08-23,51.94302749633789,,,,,,
2017-08-24,51.7531623840332,,,,,,
2017-08-25,52.01758575439453,,,,,,
2017-08-28,51.84809494018555,,,,,,
2017-08-29,51.83452987670898,,,,,,
2017-08-30,51.59722137451172,,,,,,
2017-08-31,51.7531623840332,,,,,,
2017-09-01,51.915897369384766,,,,,,
2017-09-05,52.329498291015625,,,,,,
2017-09-06,53.41431427001953,,,,,,
2017-09-07,53.58382034301758,,,,,,
2017-09-08,53.4414176940918,,,,,,
2017-09-11,53.73299407958984,,,,,,
2017-09-12,53.90249252319336,,,,,,
2017-09-13,54.08555603027344,,,,,,
2017-09-14,54.30250549316406,,,,,,
2017-09-15,54.2889518737793,,,,,,
2017-09-18,54.30250549316406,,,,,,
2017-09-19,54.39066696166992,,,,,,
2017-09-20,54.61440658569336,,,,,,
2017-09-21,54.16691970825195,,,,,,
2017-09-22,54.1872444152832,,,,,,
2017-09-25,54.90597152709961,,,,,,
2017-09-26,54.84494018554688,,,,,,
2017-09-27,55.211055755615234,,,,,,
2017-09-28,55.72634506225586,,,,,,
2017-09-29,55.5839729309082,,,,,,
2017-10-02,55.346656799316406,,,,,,
2017-10-03,55.434837341308594,,,,,,
2017-10-04,55.45516204833984,,,,,,
2017-10-05,55.61109161376953,,,,,,
2017-10-06,55.40091323852539,,,,,,
2017-10-09,55.61786651611328,,,,,,
2017-10-10,55.773807525634766,,,,,,
2017-10-11,56.00434875488281,,,,,,
2017-10-12,55.88908767700195,,,,,,
2017-10-13,55.87553405761719,,,,,,
2017-10-16,56.146728515625,,,,,,
2017-10-17,56.24843978881836,,,,,,
2017-10-18,56.11283493041992,,,,,,
2017-10-19,56.09927749633789,,,,,,
2017-10-20,56.35013198852539,,,,,,
2017-10-23,56.43827438354492,,,,,,
2017-10-24,56.59423065185547,,,,,,
2017-10-25,56.39080047607422,,,,,,
2017-10-26,56.59423065185547,,,,,,
2017-10-27,56.75693893432617,,,,,,
2017-10-30,56.64170837402344,,,,,,
2017-10-31,56.51287460327149,,,,,,
2017-11-01,56.86543655395508,,,,,,
2017-11-02,56.63490676879883,,,,,,
2017-11-03,56.397586822509766,,,,,,
2017-11-06,56.7840576171875,,,,,,
2017-11-07,56.66881942749024,,,,,,
2017-11-08,56.59423065185547,,,,,,
2017-11-09,56.9332389831543,,,,,,
2017-11-10,56.75531768798828,,,,,,
2017-11-13,56.72108459472656,,,,,,
2017-11-14,56.27631378173828,,,,,,
2017-11-15,55.57150268554688,,,,,,
2017-11-16,55.12669372558594,,,,,,
2017-11-17,54.90771865844727,,,,,,
2017-11-20,55.11985397338867,,,,,,
2017-11-21,55.33882141113281,,,,,,
2017-11-22,55.4962158203125,,,,,,
2017-11-24,55.71518707275391,,,,,,
2017-11-27,55.5030403137207,,,,,,
2017-11-28,55.886268615722656,,,,,,
2017-11-29,56.296836853027344,,,,,,
2017-11-30,56.99481964111328,,,,,,
2017-12-01,57.11116027832031,,,,,,
2017-12-04,57.18642425537109,,,,,,
2017-12-05,56.72108459472656,,,,,,
2017-12-06,56.30367660522461,,,,,,
2017-12-07,56.48844909667969,,,,,,
2017-12-08,56.56373596191406,,,,,,
2017-12-11,56.81690216064453,,,,,,
2017-12-12,56.63215255737305,,,,,,
2017-12-13,56.87848663330078,,,,,,
2017-12-14,56.72795486450195,,,,,,
2017-12-15,56.81690216064453,,,,,,
2017-12-18,56.75531768798828,,,,,,
2017-12-19,56.41316223144531,,,,,,
2017-12-20,56.70741653442383,,,,,,
2017-12-21,57.37801361083984,,,,,,
2017-12-22,57.46013259887695,,,,,,
2017-12-26,57.46697616577149,,,,,,
2017-12-27,57.412235260009766,,,,,,
2017-12-28,57.49433898925781,,,,,,
2017-12-29,57.234317779541016,,,,,,
2018-01-02,58.18549728393555,,,,,,
2018-01-03,59.32822799682617,,,,,,
2018-01-04,59.4103889465332,,,,,,
2018-01-05,59.36248016357422,,,,,,
2018-01-08,59.62935256958008,,,,,,
2018-01-09,59.37616729736328,,,,,,
2018-01-10,58.90399932861328,,,,,,
2018-01-11,59.485652923583984,,,,,,
2018-01-12,59.88938522338867,,,,,,
2018-01-16,59.51302337646485,,,,,,
2018-01-17,60.21784973144531,,,,,,
2018-01-18,59.82779312133789,,,,,,
2018-01-19,59.63619995117188,,,,,,
2018-01-22,60.38891220092773,,,,,,
2018-01-23,60.423118591308594,,,,,,
2018-01-24,60.58053207397461,,,,,,
2018-01-25,60.47102355957031,,,,,,
2018-01-26,60.902122497558594,,,,,,
2018-01-29,60.22469329833984,,,,,,
2018-01-30,59.38298034667969,,,,,,
2018-01-31,59.73882293701172,,,,,,
2018-02-01,60.95004653930664,,,,,,
2018-02-02,57.84333038330078,,,,,,
2018-02-05,54.551902770996094,,,,,,
2018-02-06,53.614402770996094,,,,,,
2018-02-07,52.64955520629883,,,,,,
2018-02-08,52.0542221069336,,,,,,
2018-02-09,52.38603591918945,,,,,,
2018-02-12,52.828460693359375,,,,,,
2018-02-13,52.74552154541016,,,,,,
2018-02-14,52.85611343383789,,,,,,
2018-02-15,52.68328857421875,,,,,,
2018-02-16,52.911415100097656,,,,,,
2018-02-20,52.36529541015625,,,,,,
2018-02-21,51.770790100097656,,,,,,
2018-02-22,52.44133758544922,,,,,,
2018-02-23,53.595794677734375,,,,,,
2018-02-26,54.50138473510742,,,,,,
2018-02-27,53.57504653930664,,,,,,
2018-02-28,52.35839080810547,,,,,,
2018-03-01,51.985084533691406,,,,,,
2018-03-02,52.22705078125,,,,,,
2018-03-05,52.72476959228516,,,,,,
2018-03-06,52.66255569458008,,,,,,
2018-03-07,51.33527755737305,,,,,,
2018-03-08,51.23847961425781,,,,,,
2018-03-09,51.54266357421875,,,,,,
2018-03-12,52.01274490356445,,,,,,
2018-03-13,51.52192306518555,,,,,,
2018-03-14,50.879032135009766,,,,,,
2018-03-15,51.44588851928711,,,,,,
2018-03-16,51.92979431152344,,,,,,
2018-03-19,51.25924682617188,,,,,,
2018-03-20,51.14862823486328,,,,,,
2018-03-21,51.874473571777344,,,,,,
2018-03-22,50.80989456176758,,,,,,
2018-03-23,50.3882064819336,,,,,,
2018-03-26,51.155540466308594,,,,,,
2018-03-27,50.94814300537109,,,,,,
2018-03-28,50.3328971862793,,,,,,
2018-03-29,51.57722854614258,,,,,,
2018-04-02,50.6163330078125,,,,,,
2018-04-03,51.860652923583984,,,,,,
2018-04-04,51.7569694519043,,,,,,
2018-04-05,52.55194854736328,,,,,,
2018-04-06,51.7569694519043,,,,,,
2018-04-09,51.7569694519043,,,,,,
2018-04-10,53.27780532836914,,,,,,
2018-04-11,53.52667236328125,,,,,,
2018-04-12,53.381492614746094,,,,,,
2018-04-13,53.810089111328125,,,,,,
2018-04-16,54.29400634765625,,,,,,
2018-04-17,54.14882278442383,,,,,,
2018-04-18,54.76408767700195,,,,,,
2018-04-19,54.90232467651367,,,,,,
2018-04-20,54.61199188232422,,,,,,
2018-04-23,55.00603103637695,,,,,,
2018-04-24,54.16264724731445,,,,,,
2018-04-25,54.957637786865234,,,,,,
2018-04-26,55.89780807495117,,,,,,
2018-04-27,53.77553939819336,,,,,,
2018-04-30,53.74788665771485,,,,,,
2018-05-01,53.19483184814453,,,,,,
2018-05-02,53.09114074707031,,,,,,
2018-05-03,52.911415100097656,,,,,,
2018-05-04,53.1602783203125,,,,,,
2018-05-07,53.74095153808594,,,,,,
2018-05-08,53.98292541503906,,,,,,
2018-05-09,55.25488662719727,,,,,,
2018-05-10,56.492305755615234,,,,,,
2018-05-11,56.75766372680664,,,,,,
2018-05-14,57.141727447509766,,,,,,
2018-05-15,57.1137924194336,,,,,,
2018-05-16,57.2744026184082,,,,,,
2018-05-17,57.17664337158203,,,,,,
2018-05-18,56.77163696289063,,,,,,
2018-05-21,57.45595550537109,,,,,,
2018-05-22,57.009063720703125,,,,,,
2018-05-23,57.36518096923828,,,,,,
2018-05-24,56.0523796081543,,,,,,
2018-05-25,54.9630241394043,,,,,,
2018-05-29,54.760520935058594,,,,,,
2018-05-30,56.91128540039063,,,,,,
2018-05-31,56.729713439941406,,,,,,
2018-06-01,57.141727447509766,,,,,,
2018-06-04,56.54118347167969,,,,,,
2018-06-05,56.338680267333984,,,,,,
2018-06-06,57.30233383178711,,,,,,
2018-06-07,57.87493133544922,,,,,,
2018-06-08,58.37770462036133,,,,,,
2018-06-11,58.02856063842773,,,,,,
2018-06-12,57.55370330810547,,,,,,
2018-06-13,56.91825866699219,,,,,,
2018-06-14,57.183624267578125,,,,,,
2018-06-15,56.32472610473633,,,,,,
2018-06-18,56.43644714355469,,,,,,
2018-06-19,56.35264205932617,,,,,,
2018-06-20,56.17807388305664,,,,,,
2018-06-21,55.64736175537109,,,,,,
2018-06-22,56.82747268676758,,,,,,
2018-06-25,55.68228912353516,,,,,,
2018-06-26,56.31074905395508,,,,,,
2018-06-27,57.05791473388672,,,,,,
2018-06-28,57.23947143554688,,,,,,
2018-06-29,57.77019119262695,,,,,,
2018-07-02,57.09285354614258,,,,,,
2018-07-03,57.42802047729492,,,,,,
2018-07-05,57.47690963745117,,,,,,
2018-07-06,57.49087524414063,,,,,,
2018-07-09,57.888919830322266,,,,,,
2018-07-10,58.41961288452149,,,,,,
2018-07-11,57.67243194580078,,,,,,
2018-07-12,57.74224853515625,,,,,,
2018-07-13,58.17521286010742,,,,,,
2018-07-16,57.60258483886719,,,,,,
2018-07-17,57.47690963745117,,,,,,
2018-07-18,57.414058685302734,,,,,,
2018-07-19,57.26742172241211,,,,,,
2018-07-20,56.84146881103516,,,,,,
2018-07-23,56.84146881103516,,,,,,
2018-07-24,57.96572494506836,,,,,,
2018-07-25,58.3707160949707,,,,,,
2018-07-26,58.82461929321289,,,,,,
2018-07-27,57.204566955566406,,,,,,
2018-07-30,57.07887268066406,,,,,,
2018-07-31,56.91825866699219,,,,,,
2018-08-01,56.136192321777344,,,,,,
2018-08-02,55.80099487304688,,,,,,
2018-08-03,56.00350570678711,,,,,,
2018-08-06,55.98954772949219,,,,,,
2018-08-07,56.75068283081055,,,,,,
2018-08-08,56.37360382080078,,,,,,
2018-08-09,56.08730316162109,,,,,,
2018-08-10,56.03085708618164,,,,,,
2018-08-13,55.42410659790039,,,,,,
2018-08-14,55.247745513916016,,,,,,
2018-08-15,54.28121566772461,,,,,,
2018-08-16,55.02903747558594,,,,,,
2018-08-17,55.21247482299805,,,,,,
2018-08-20,55.60049057006836,,,,,,
2018-08-21,55.6146125793457,,,,,,
2018-08-22,56.41181182861328,,,,,,
2018-08-23,55.79098129272461,,,,,,
2018-08-24,56.17195892333984,,,,,,
2018-08-27,56.72222900390625,,,,,,
2018-08-28,56.63758850097656,,,,,,
2018-08-29,57.04679107666016,,,,,,
2018-08-30,56.79984664916992,,,,,,
2018-08-31,56.55997085571289,,,,,,
2018-09-04,56.64463424682617,,,,,,
2018-09-05,57.39951705932617,,,,,,
2018-09-06,56.76456451416016,,,,,,
2018-09-07,57.73112106323242,,,,,,
2018-09-10,57.64642333984375,,,,,,
2018-09-11,58.4577751159668,,,,,,
2018-09-12,58.64826965332031,,,,,,
2018-09-13,58.07680892944336,,,,,,
2018-09-14,58.50010299682617,,,,,,
2018-09-17,58.84579086303711,,,,,,
2018-09-18,59.001014709472656,,,,,,
2018-09-19,59.70649719238281,,,,,,
2018-09-20,59.84054565429688,,,,,,
2018-09-21,60.08748245239258,,,,,,
2018-09-24,61.09634780883789,,,,,,
2018-09-25,61.025787353515625,,,,,,
2018-09-26,60.517822265625,,,,,,
2018-09-27,60.510780334472656,,,,,,
2018-09-28,59.98164367675781,,,,,,
2018-10-01,60.53900909423828,,,,,,
2018-10-02,60.99757766723633,,,,,,
2018-10-03,60.77886581420898,,,,,,
2018-10-04,60.37675094604492,,,,,,
2018-10-05,60.20740509033203,,,,,,
2018-10-08,60.76476287841797,,,,,,
2018-10-09,61.0328369140625,,,,,,
2018-10-10,59.62890625,,,,,,
2018-10-11,57.56884002685547,,,,,,
2018-10-12,57.41362762451172,,,,,,
2018-10-15,57.01854705810547,,,,,,
2018-10-16,57.2866439819336,,,,,,
2018-10-17,57.4983024597168,,,,,,
2018-10-18,57.74522399902344,,,,,,
2018-10-19,57.82987976074219,,,,,,
2018-10-22,57.25138092041016,,,,,,
2018-10-23,56.32716369628906,,,,,,
2018-10-24,54.76095581054688,,,,,,
2018-10-25,55.247745513916016,,,,,,
2018-10-26,54.69745635986328,,,,,,
2018-10-29,54.35882186889648,,,,,,
2018-10-30,55.5793342590332,,,,,,
2018-10-31,56.214298248291016,,,,,,
2018-11-01,56.91271209716797,,,,,,
2018-11-02,57.815765380859375,,,,,,
2018-11-05,57.59706497192383,,,,,,
2018-11-06,57.843994140625,,,,,,
2018-11-07,58.57771682739258,,,,,,
2018-11-08,57.64642333984375,,,,,,
2018-11-09,57.6322021484375,,,,,,
2018-11-12,56.89104461669922,,,,,,
2018-11-13,55.586875915527344,,,,,,
2018-11-14,55.15216064453125,,,,,,
2018-11-15,55.7222785949707,,,,,,
2018-11-16,56.2710189819336,,,,,,
2018-11-19,56.456321716308594,,,,,,
2018-11-20,54.85285568237305,,,,,,
2018-11-21,55.2733154296875,,,,,,
2018-11-23,53.79813003540039,,,,,,
2018-11-26,54.859981536865234,,,,,,
2018-11-27,54.90987396240234,,,,,,
2018-11-28,55.90756988525391,,,,,,
2018-11-29,56.34229278564453,,,,,,
2018-11-30,56.65586853027344,,,,,,
2018-12-03,57.88163757324219,,,,,,
2018-12-04,56.60596466064453,,,,,,
2018-12-06,55.86481857299805,,,,,,
2018-12-07,55.330322265625,,,,,,
2018-12-10,54.54639434814453,,,,,,
2018-12-11,54.64617538452149,,,,,,
2018-12-12,54.17584228515625,,,,,,
2018-12-13,54.859981536865234,,,,,,
2018-12-14,53.86227798461914,,,,,,
2018-12-17,52.76478576660156,,,,,,
2018-12-18,51.31096649169922,,,,,,
2018-12-19,50.4415397644043,,,,,,
2018-12-20,48.90933227539063,,,,,,
2018-12-21,48.54589080810547,,,,,,
2018-12-24,46.68587112426758,,,,,,
2018-12-26,48.91646957397461,,,,,,
2018-12-27,49.130252838134766,,,,,,
2018-12-28,48.58151626586914,,,,,,
2018-12-31,48.59576416015625,,,,,,
2019-01-02,49.66474914550781,,,,,,
2019-01-03,48.9022102355957,,,,,,
2019-01-04,50.70521545410156,,,,,,
2019-01-07,50.96889877319336,,,,,,
2019-01-08,51.33946990966797,,,,,,
2019-01-09,51.61029052734375,,,,,,
2019-01-10,51.34659194946289,,,,,,
2019-01-11,51.11142349243164,,,,,,
2019-01-14,51.04728698730469,,,,,,
2019-01-15,51.07578659057617,,,,,,
2019-01-16,51.05441284179688,,,,,,
2019-01-17,51.40359878540039,,,,,,
2019-01-18,52.0164909362793,,,,,,
2019-01-22,51.23258209228516,,,,,,
2019-01-23,50.81210708618164,,,,,,
2019-01-24,50.88338851928711,,,,,,
2019-01-25,51.11142349243164,,,,,,
2019-01-28,50.76935195922852,,,,,,
2019-01-29,50.96176910400391,,,,,,
2019-01-30,51.51763153076172,,,,,,
2019-01-31,52.223175048828125,,,,,,
2019-02-01,54.10456466674805,,,,,,
2019-02-04,53.32064056396485,,,,,,
2019-02-05,53.8693962097168,,,,,,
2019-02-06,53.63422775268555,,,,,,
2019-02-07,53.22087478637695,,,,,,
2019-02-08,53.30734252929688,,,,,,
2019-02-11,53.39381408691406,,,,,,
2019-02-12,54.3305549621582,,,,,,
2019-02-13,54.94303894042969,,,,,,
2019-02-14,54.95744705200195,,,,,,
2019-02-15,55.99505615234375,,,,,,
2019-02-19,56.3697509765625,,,,,,
2019-02-20,56.58591842651367,,,,,,
2019-02-21,56.07431411743164,,,,,,
2019-02-22,56.50663757324219,,,,,,
2019-02-25,56.56429290771485,,,,,,
2019-02-26,56.679595947265625,,,,,,
2019-02-27,57.26325607299805,,,,,,
2019-02-28,56.94618988037109,,,,,,
2019-03-01,57.645145416259766,,,,,,
2019-03-04,57.8685188293457,,,,,,
2019-03-05,57.78205108642578,,,,,,
2019-03-06,57.12633514404297,,,,,,
2019-03-07,57.760440826416016,,,,,,
2019-03-08,56.93179702758789,,,,,,
2019-03-11,57.486610412597656,,,,,,
2019-03-12,57.645145416259766,,,,,,
2019-03-13,58.15673828125,,,,,,
2019-03-14,57.96220779418945,,,,,,
2019-03-15,57.753231048583984,,,,,,
2019-03-18,58.42335510253906,,,,,,
2019-03-19,58.27203750610352,,,,,,
2019-03-20,58.59629440307617,,,,,,
2019-03-21,58.9349365234375,,,,,,
2019-03-22,57.99101638793945,,,,,,
2019-03-25,57.58748626708984,,,,,,
2019-03-26,58.33688354492188,,,,,,
2019-03-27,57.89012908935547,,,,,,
2019-03-28,58.17836380004883,,,,,,
2019-03-29,58.22159576416016,,,,,,
2019-04-01,58.8917121887207,,,,,,
2019-04-02,58.63951873779297,,,,,,
2019-04-03,58.29364776611328,,,,,,
2019-04-04,59.12229537963867,,,,,,
2019-04-05,59.43935394287109,,,,,,
2019-04-08,59.80685424804688,,,,,,
2019-04-09,59.035831451416016,,,,,,
2019-04-10,58.76922225952149,,,,,,
2019-04-11,59.05023956298828,,,,,,
2019-04-12,58.308067321777344,,,,,,
2019-04-15,58.11351013183594,,,,,,
2019-04-16,58.50981903076172,,,,,,
2019-04-17,58.67554473876953,,,,,,
2019-04-18,58.45937347412109,,,,,,
2019-04-22,59.73479843139648,,,,,,
2019-04-23,60.08065032958984,,,,,,
2019-04-24,58.913352966308594,,,,,,
2019-04-25,59.24480056762695,,,,,,
2019-04-26,57.99821853637695,,,,,,
2019-04-29,57.62353897094727,,,,,,
2019-04-30,57.846900939941406,,,,,,
2019-05-01,56.68678665161133,,,,,,
2019-05-02,55.692413330078125,,,,,,
2019-05-03,55.82210922241211,,,,,,
2019-05-06,55.5771369934082,,,,,,
2019-05-07,55.28169250488281,,,,,,
2019-05-08,55.3681640625,,,,,,
2019-05-09,55.317718505859375,,,,,,
2019-05-10,55.79874038696289,,,,,,
2019-05-13,55.17926025390625,,,,,,
2019-05-14,55.25211715698242,,,,,,
2019-05-15,55.660274505615234,,,,,,
2019-05-16,55.65298461914063,,,,,,
2019-05-17,55.32501983642578,,,,,,
2019-05-20,55.31771469116211,,,,,,
2019-05-21,55.57281875610352,,,,,,
2019-05-22,55.069923400878906,,,,,,
2019-05-23,53.7799072265625,,,,,,
2019-05-24,54.005836486816406,,,,,,
2019-05-28,52.91989517211914,,,,,,
2019-05-29,52.591922760009766,,,,,,
2019-05-30,52.45343399047852,,,,,,
2019-05-31,51.5788459777832,,,,,,
2019-06-03,52.38784790039063,,,,,,
2019-06-04,53.63414001464844,,,,,,
2019-06-05,53.18955612182617,,,,,,
2019-06-06,54.15888977050781,,,,,,
2019-06-07,54.35568618774414,,,,,,
2019-06-10,54.59619522094727,,,,,,
2019-06-11,54.545166015625,,,,,,
2019-06-12,53.9548225402832,,,,,,
2019-06-13,54.42856216430664,,,,,,
2019-06-14,54.18803024291992,,,,,,
2019-06-17,54.72736740112305,,,,,,
2019-06-18,55.20111083984375,,,,,,
2019-06-19,54.89499282836914,,,,,,
2019-06-20,55.83521270751953,,,,,,
2019-06-21,56.622318267822266,,,,,,
2019-06-24,56.08297348022461,,,,,,
2019-06-25,55.587398529052734,,,,,,
2019-06-26,55.82788848876953,,,,,,
2019-06-27,55.259403228759766,,,,,,
2019-06-28,55.84976196289063,,,,,,
2019-07-01,55.79874038696289,,,,,,
2019-07-02,55.18654251098633,,,,,,
2019-07-03,55.71128845214844,,,,,,
2019-07-05,55.48534393310547,,,,,,
2019-07-08,55.74044418334961,,,,,,
2019-07-09,55.70400619506836,,,,,,
2019-07-10,56.49113464355469,,,,,,
2019-07-11,56.53486251831055,,,,,,
2019-07-12,56.57859802246094,,,,,,
2019-07-15,56.17775344848633,,,,,,
2019-07-16,55.33959579467773,,,,,,
2019-07-17,55.01161956787109,,,,,,
2019-07-18,54.545166015625,,,,,,
2019-07-19,54.65449142456055,,,,,,
2019-07-22,54.71280288696289,,,,,,
2019-07-23,54.93144607543945,,,,,,
2019-07-24,54.92416000366211,,,,,,
2019-07-25,54.61076736450195,,,,,,
2019-07-26,54.52331161499024,,,,,,
2019-07-29,54.909576416015625,,,,,,
2019-07-30,54.916873931884766,,,,,,
2019-07-31,54.1953353881836,,,,,,
2019-08-01,52.81056594848633,,,,,,
2019-08-02,52.29309844970703,,,,,,
2019-08-05,51.22172164916992,,,,,,
2019-08-06,51.71733856201172,,,,,,
2019-08-07,51.382080078125,,,,,,
2019-08-08,52.75226593017578,,,,,,
2019-08-09,51.6298713684082,,,,,,
2019-08-12,51.37899017333984,,,,,,
2019-08-13,52.01356506347656,,,,,,
2019-08-14,49.91798782348633,,,,,,
2019-08-15,49.622825622558594,,,,,,
2019-08-16,50.39760971069336,,,,,,
2019-08-19,51.24617004394531,,,,,,
2019-08-20,50.93626022338867,,,,,,
2019-08-21,51.44541549682617,,,,,,
2019-08-22,51.33471298217773,,,,,,
2019-08-23,49.79990768432617,,,,,,
2019-08-26,50.065555572509766,,,,,,
2019-08-27,49.578556060791016,,,,,,
2019-08-28,49.940128326416016,,,,,,
2019-08-29,50.4935188293457,,,,,,
2019-08-30,50.53042221069336,,,,,,
2019-09-03,50.589454650878906,,,,,,
2019-09-04,51.12811279296875,,,,,,
2019-09-05,51.85123062133789,,,,,,
2019-09-06,52.33823776245117,,,,,,
2019-09-09,52.75145721435547,,,,,,
2019-09-10,53.17943572998047,,,,,,
2019-09-11,53.07612609863281,,,,,,
2019-09-12,53.11302185058594,,,,,,
2019-09-13,53.60003280639648,,,,,,
2019-09-16,54.404327392578125,,,,,,
2019-09-17,53.99110794067383,,,,,,
2019-09-18,53.73283004760742,,,,,,
2019-09-19,53.37127304077149,,,,,,
2019-09-20,53.186805725097656,,,,,,
2019-09-23,53.22370910644531,,,,,,
2019-09-24,52.49318313598633,,,,,,
2019-09-25,52.64815521240234,,,,,,
2019-09-26,52.36775588989258,,,,,,
2019-09-27,52.744083404541016,,,,,,
2019-09-30,52.10211944580078,,,,,,
2019-10-01,50.877227783203125,,,,,,
2019-10-02,49.54903793334961,,,,,,
2019-10-03,50.16147613525391,,,,,,
2019-10-04,50.89198684692383,,,,,,
2019-10-07,50.19098663330078,,,,,,
2019-10-08,49.21697616577149,,,,,,
2019-10-09,49.76302337646485,,,,,,
2019-10-10,50.36071395874024,,,,,,
2019-10-11,50.89936828613281,,,,,,
2019-10-14,51.04693603515625,,,,,,
2019-10-15,51.22403717041016,,,,,,
2019-10-16,50.34596252441406,,,,,,
2019-10-17,50.27953720092773,,,,,,
2019-10-18,49.88846206665039,,,,,,
2019-10-21,50.72228240966797,,,,,,
2019-10-22,50.98052597045898,,,,,,
2019-10-23,51.467533111572266,,,,,,
2019-10-24,50.98052597045898,,,,,,
2019-10-25,51.09860229492188,,,,,,
2019-10-28,50.64849472045898,,,,,,
2019-10-29,50.50092315673828,,,,,,
2019-10-30,49.96963119506836,,,,,,
2019-10-31,49.85895156860352,,,,,,
2019-11-01,51.35685348510742,,,,,,
2019-11-04,52.88428497314453,,,,,,
2019-11-05,53.932071685791016,,,,,,
2019-11-06,52.75145721435547,,,,,,
2019-11-07,53.87306213378906,,,,,,
2019-11-08,52.84994888305664,,,,,,
2019-11-11,52.5288200378418,,,,,,
2019-11-12,51.80445098876953,,,,,,
2019-11-13,51.378787994384766,,,,,,
2019-11-14,51.15475463867188,,,,,,
2019-11-15,51.670040130615234,,,,,,
2019-11-18,51.169677734375,,,,,,
2019-11-19,50.646934509277344,,,,,,
2019-11-20,50.80376434326172,,,,,,
2019-11-21,52.02848815917969,,,,,,
2019-11-22,51.80445098876953,,,,,,
2019-11-25,51.4609375,,,,,,
2019-11-26,51.33397674560547,,,,,,
2019-11-27,51.30410385131836,,,,,,
2019-11-29,50.87843322753906,,,,,,
2019-12-02,51.09500503540039,,,,,,
2019-12-03,50.69173812866211,,,,,,
2019-12-04,51.26676940917969,,,,,,
2019-12-05,51.087547302246094,,,,,,
2019-12-06,51.90900039672852,,,,,,
2019-12-09,52.0210189819336,,,,,,
2019-12-10,51.572940826416016,,,,,,
2019-12-11,51.49826431274414,,,,,,
2019-12-12,52.5288200378418,,,,,,
2019-12-13,51.69990158081055,,,,,,
2019-12-16,52.27492904663086,,,,,,
2019-12-17,52.03595352172852,,,,,,
2019-12-18,52.17784881591797,,,,,,
2019-12-19,51.81938171386719,,,,,,
2019-12-20,52.2301139831543,,,,,,
2019-12-23,52.491493225097656,,,,,,
2019-12-24,52.28986358642578,,,,,,
2019-12-26,52.37200927734375,,,,,,
2019-12-27,52.19277191162109,,,,,,
2019-12-30,51.88660430908203,,,,,,
2019-12-31,52.110626220703125,,,,,,
2020-01-02,52.9470329284668,,,,,,
2020-01-03,52.52136993408203,,,,,,
2020-01-06,52.92462921142578,,,,,,
2020-01-07,52.491493225097656,,,,,,
2020-01-08,51.69990158081055,,,,,,
2020-01-09,52.095699310302734,,,,,,
2020-01-10,51.6326789855957,,,,,,
2020-01-13,52.125579833984375,,,,,,
2020-01-14,51.677490234375,,,,,,
2020-01-15,51.59535217285156,,,,,,
2020-01-16,51.39371109008789,,,,,,
2020-01-17,51.199554443359375,,,,,,
2020-01-21,50.46771240234375,,,,,,
2020-01-22,50.17646408081055,,,,,,
2020-01-23,49.86281204223633,,,,,,
2020-01-24,49.526763916015625,,,,,,
2020-01-27,48.34684371948242,,,,,,
2020-01-28,48.27962875366211,,,,,,
2020-01-29,47.87636184692383,,,,,,
2020-01-30,48.38417816162109,,,,,,
2020-01-31,46.390262603759766,,,,,,
2020-02-03,45.35223007202149,,,,,,
2020-02-04,44.7846794128418,,,,,,
2020-02-05,46.84579849243164,,,,,,
2020-02-06,46.211036682128906,,,,,,
2020-02-07,45.90486145019531,,,,,,
2020-02-10,45.420047760009766,,,,,,
2020-02-11,45.851837158203125,,,,,,
2020-02-12,46.412376403808594,,,,,,
2020-02-13,46.15483474731445,,,,,,
2020-02-14,45.94273376464844,,,,,,
2020-02-18,45.35945510864258,,,,,,
2020-02-19,45.70790481567383,,,,,,
2020-02-20,45.34430313110352,,,,,,
2020-02-21,44.791316986083984,,,,,,
2020-02-24,42.69303512573242,,,,,,
2020-02-25,41.05681610107422,,,,,,
2020-02-26,40.15537643432617,,,,,,
2020-02-27,37.73893737792969,,,,,,
2020-02-28,38.966102600097656,,,,,,
2020-03-02,40.81442260742188,,,,,,
2020-03-03,38.860050201416016,,,,,,
2020-03-04,39.70845413208008,,,,,,
2020-03-05,37.9586181640625,,,,,,
2020-03-06,36.12545394897461,,,,,,
2020-03-09,31.70919418334961,,,,,,
2020-03-10,32.88333511352539,,,,,,
2020-03-11,31.800092697143555,,,,,,
2020-03-12,28.16406440734864,,,,,,
2020-03-13,28.876115798950195,,,,,,
2020-03-16,26.12638282775879,,,,,,
2020-03-17,27.8837833404541,,,,,,
2020-03-18,25.08859062194824,,,,,,
2020-03-19,26.080928802490234,,,,,,
2020-03-20,24.800743103027344,,,,,,
2020-03-23,23.823558807373047,,,,,,
2020-03-24,26.846004486083984,,,,,,
2020-03-25,28.247390747070312,,,,,,
2020-03-26,29.40637969970703,,,,,,
2020-03-27,27.98983764648437,,,,,,
2020-03-30,28.40646743774414,,,,,,
2020-03-31,28.762500762939453,,,,,,
2020-04-01,28.429187774658203,,,,,,
2020-04-02,30.603233337402344,,,,,,
2020-04-03,29.70180892944336,,,,,,
2020-04-06,30.65625762939453,,,,,,
2020-04-07,31.239532470703125,,,,,,
2020-04-08,33.21663284301758,,,,,,
2020-04-09,32.67122268676758,,,,,,
2020-04-13,32.39094924926758,,,,,,
2020-04-14,32.14097213745117,,,,,,
2020-04-15,30.6638298034668,,,,,,
2020-04-16,29.65635299682617,,,,,,
2020-04-17,32.73939895629883,,,,,,
2020-04-20,31.194089889526367,,,,,,
2020-04-21,31.02743911743164,,,,,,
2020-04-22,31.91372299194336,,,,,,
2020-04-23,32.913631439208984,,,,,,
2020-04-24,33.125732421875,,,,,,
2020-04-27,33.28479766845703,,,,,,
2020-04-28,34.065040588378906,,,,,,
2020-04-29,35.95121765136719,,,,,,
2020-04-30,35.2012939453125,,,,,,
2020-05-01,32.678794860839844,,,,,,
2020-05-04,33.996864318847656,,,,,,
2020-05-05,33.958988189697266,,,,,,
2020-05-06,33.32268142700195,,,,,,
2020-05-07,33.51205062866211,,,,,,
2020-05-08,34.98161315917969,,,,,,
2020-05-11,34.6483154296875,,,,,,
2020-05-12,34.06917190551758,,,,,,
2020-05-13,32.37806701660156,,,,,,
2020-05-14,32.663780212402344,,,,,,
2020-05-15,32.43210983276367,,,,,,
2020-05-18,35.01125717163086,,,,,,
2020-05-19,33.93017578125,,,,,,
2020-05-20,35.03440856933594,,,,,,
2020-05-21,34.408935546875,,,,,,
2020-05-22,34.4398307800293,,,,,,
2020-05-26,35.451393127441406,,,,,,
2020-05-27,35.70622253417969,,,,,,
2020-05-28,34.77958679199219,,,,,,
2020-05-29,35.11164093017578,,,,,,
2020-06-01,35.73711013793945,,,,,,
2020-06-02,36.53246688842773,,,,,,
2020-06-03,38.02280426025391,,,,,,
2020-06-04,37.914695739746094,,,,,,
2020-06-05,40.9880256652832,,,,,,
2020-06-08,42.26985549926758,,,,,,
2020-06-09,41.32778930664063,,,,,,
2020-06-10,39.11159896850586,,,,,,
2020-06-11,35.65989303588867,,,,,,
2020-06-12,36.42436218261719,,,,,,
2020-06-15,36.40120315551758,,,,,,
2020-06-16,37.21971893310547,,,,,,
2020-06-17,36.00737380981445,,,,,,
2020-06-18,36.2313117980957,,,,,,
2020-06-19,35.505455017089844,,,,,,
2020-06-22,35.84521484375,,,,,,
2020-06-23,36.06142807006836,,,,,,
2020-06-24,34.36260223388672,,,,,,
2020-06-25,34.87997817993164,,,,,,
2020-06-26,33.68306350708008,,,,,,
2020-06-29,34.223609924316406,,,,,,
2020-06-30,34.5324821472168,,,,,,
2020-07-01,33.75257110595703,,,,,,
2020-07-02,34.038291931152344,,,,,,
2020-07-06,34.27766418457031,,,,,,
2020-07-07,33.389644622802734,,,,,,
2020-07-08,33.31241607666016,,,,,,
2020-07-09,31.93791389465332,,,,,,
2020-07-10,32.93405532836914,,,,,,
2020-07-13,32.9417724609375,,,,,,
2020-07-14,34.03057098388672,,,,,,
2020-07-15,34.46299362182617,,,,,,
2020-07-16,34.19272232055664,,,,,,
2020-07-17,33.605857849121094,,,,,,
2020-07-20,32.81821060180664,,,,,,
2020-07-21,34.47843551635742,,,,,,
2020-07-22,33.675350189208984,,,,,,
2020-07-23,33.74485397338867,,,,,,
2020-07-24,33.536354064941406,,,,,,
2020-07-27,34.03057098388672,,,,,,
2020-07-28,33.6290283203125,,,,,,
2020-07-29,33.99967956542969,,,,,,
2020-07-30,32.33174514770508,,,,,,
2020-07-31,32.493900299072266,,,,,,
2020-08-03,32.62517166137695,,,,,,
2020-08-04,33.567237854003906,,,,,,
2020-08-05,33.86067581176758,,,,,,
2020-08-06,33.69852066040039,,,,,,
2020-08-07,33.544071197509766,,,,,,
2020-08-10,34.370330810546875,,,,,,
2020-08-11,34.72554016113281,,,,,,
2020-08-12,34.7176628112793,,,,,,
2020-08-13,33.86723709106445,,,,,,
2020-08-14,34.016849517822266,,,,,,
2020-08-17,33.57589340209961,,,,,,
2020-08-18,33.410526275634766,,,,,,
2020-08-19,33.040435791015625,,,,,,
2020-08-20,32.5364990234375,,,,,,
2020-08-21,32.292388916015625,,,,,,
2020-08-24,33.24517822265625,,,,,,
2020-08-25,32.19001770019531,,,,,,
2020-08-26,31.50496292114257,,,,,,
2020-08-27,31.292354583740234,,,,,,
2020-08-28,32.040401458740234,,,,,,
2020-08-31,31.44983673095703,,,,,,
2020-09-01,31.048254013061523,,,,,,
2020-09-02,30.859262466430664,,,,,,
2020-09-03,30.796274185180664,,,,,,
2020-09-04,30.77265167236328,,,,,,
2020-09-08,30.06397247314453,,,,,,
2020-09-09,29.882858276367188,,,,,,
2020-09-10,29.134796142578125,,,,,,
2020-09-11,29.056058883666992,,,,,,
2020-09-14,28.86708068847656,,,,,,
2020-09-15,28.559988021850582,,,,,,
2020-09-16,29.77261734008789,,,,,,
2020-09-17,29.764741897583008,,,,,,
2020-09-18,29.2844181060791,,,,,,
2020-09-21,28.68596649169922,,,,,,
2020-09-22,27.97728538513184,,,,,,
2020-09-23,27.07961845397949,,,,,,
2020-09-24,27.024497985839844,,,,,,
2020-09-25,27.276477813720703,,,,,,
2020-09-28,27.80405616760254,,,,,,
2020-09-29,26.99300193786621,,,,,,
2020-09-30,27.03238296508789,,,,,,
2020-10-01,26.087461471557617,,,,,,
2020-10-02,25.969348907470703,,,,,,
2020-10-05,26.56779289245605,,,,,,
2020-10-06,26.29219436645508,,,,,,
2020-10-07,26.37880516052246,,,,,,
2020-10-08,27.764678955078125,,,,,,
2020-10-09,27.35522079467773,,,,,,
2020-10-12,27.26860237121582,,,,,,
2020-10-13,26.94576072692871,,,,,,
2020-10-14,26.89063835144043,,,,,,
2020-10-15,27.126861572265625,,,,,,
2020-10-16,26.85126304626465,,,,,,
2020-10-19,26.31581687927246,,,,,,
2020-10-20,26.536296844482425,,,,,,
2020-10-21,26.111082077026367,,,,,,
2020-10-22,27.44970893859864,,,,,,
2020-10-23,26.89850616455078,,,,,,
2020-10-26,26.260692596435547,,,,,,
2020-10-27,25.843355178833008,,,,,,
2020-10-28,24.85907554626465,,,,,,
2020-10-29,25.961471557617188,,,,,,
2020-10-30,25.68587303161621,,,,,,
2020-11-02,26.764646530151367,,,,,,
2020-11-03,26.307939529418945,,,,,,
2020-11-04,26.16619873046875,,,,,,
2020-11-05,26.118955612182617,,,,,,
2020-11-06,25.811857223510746,,,,,,
2020-11-09,29.079679489135746,,,,,,
2020-11-10,29.724828720092773,,,,,,
2020-11-11,29.41838264465332,,,,,,
2020-11-12,28.41035461425781,,,,,,
2020-11-13,29.095815658569336,,,,,,
2020-11-16,30.77317237854004,,,,,,
2020-11-17,31.1844539642334,,,,,,
2020-11-18,30.00706672668457,,,,,,
2020-11-19,30.160295486450195,,,,,,
2020-11-20,29.78933334350586,,,,,,
2020-11-23,31.74088859558105,,,,,,
2020-11-24,33.853721618652344,,,,,,
2020-11-25,32.910194396972656,,,,,,
2020-11-27,32.41022109985352,,,,,,
2020-11-30,30.74898338317871,,,,,,
2020-12-01,31.04735565185547,,,,,,
2020-12-02,32.20861053466797,,,,,,
2020-12-03,32.42634963989258,,,,,,
2020-12-04,33.61178970336914,,,,,,
2020-12-07,32.9827766418457,,,,,,
2020-12-08,34.06338882446289,,,,,,
2020-12-09,34.51498794555664,,,,,,
2020-12-10,35.49076461791992,,,,,,
2020-12-11,35.32141876220703,,,,,,
2020-12-14,34.04726028442383,,,,,,
2020-12-15,34.708526611328125,,,,,,
2020-12-16,35.24077224731445,,,,,,
2020-12-17,35.063358306884766,,,,,,
2020-12-18,34.458534240722656,,,,,,
2020-12-21,33.829524993896484,,,,,,
2020-12-22,33.25696563720703,,,,,,
2020-12-23,33.68436813354492,,,,,,
2020-12-24,33.54727935791016,,,,,,
2020-12-28,33.660179138183594,,,,,,
2020-12-29,33.28116226196289,,,,,,
2020-12-30,33.54727935791016,,,,,,
2020-12-31,33.240840911865234,,,,,,
2021-01-04,33.46664047241211,,,,,,
2021-01-05,35.07948684692383,,,,,,
2021-01-06,35.9746208190918,,,,,,
2021-01-07,36.25686264038086,,,,,,
2021-01-08,36.66007232666016,,,,,,
2021-01-11,37.772945404052734,,,,,,
2021-01-12,38.611629486083984,,,,,,
2021-01-13,39.04710388183594,,,,,,
2021-01-14,40.57124328613281,,,,,,
2021-01-15,38.61968612670898,,,,,,
2021-01-19,39.38579559326172,,,,,,
2021-01-20,39.94221878051758,,,,,,
2021-01-21,38.7971076965332,,,,,,
2021-01-22,38.24873733520508,,,,,,
2021-01-25,37.82133102416992,,,,,,
2021-01-26,36.990718841552734,,,,,,
2021-01-27,36.57138442993164,,,,,,
2021-01-28,37.14393997192383,,,,,,
2021-01-29,36.160099029541016,,,,,,
2021-02-01,36.224605560302734,,,,,,
2021-02-02,36.79717254638672,,,,,,
2021-02-03,38.24067306518555,,,,,,
2021-02-04,38.97452926635742,,,,,,
2021-02-05,40.28092575073242,,,,,,
2021-02-08,42.014739990234375,,,,,,
2021-02-09,41.52267456054688,,,,,,
2021-02-10,41.92452621459961,,,,,,
2021-02-11,40.8747673034668,,,,,,
2021-02-12,41.43245315551758,,,,,,
2021-02-16,42.67903900146485,,,,,,
2021-02-17,43.34333419799805,,,,,,
2021-02-18,42.66264343261719,,,,,,
2021-02-19,42.94966506958008,,,,,,
2021-02-22,44.532501220703125,,,,,,
2021-02-23,45.14759063720703,,,,,,
2021-02-24,46.50079345703125,,,,,,
2021-02-25,45.72987365722656,,,,,,
2021-02-26,44.58991241455078,,,,,,
2021-03-01,46.2547607421875,,,,,,
2021-03-02,45.98411560058594,,,,,,
2021-03-03,46.35317611694336,,,,,,
2021-03-04,48.14924240112305,,,,,,
2021-03-05,49.96990585327149,,,,,,
2021-03-08,49.92068862915039,,,,,,
2021-03-09,49.1497802734375,,,,,,
2021-03-10,50.6588134765625,,,,,,
2021-03-11,50.28154754638672,,,,,,
2021-03-12,50.82283020019531,,,,,,
2021-03-15,49.52704620361328,,,,,,
2021-03-16,48.47727584838867,,,,,,
2021-03-17,48.69050979614258,,,,,,
2021-03-18,46.591007232666016,,,,,,
2021-03-19,46.32856369018555,,,,,,
2021-03-22,45.85289764404297,,,,,,
2021-03-23,45.28702545166016,,,,,,
2021-03-24,46.20554733276367,,,,,,
2021-03-25,46.07433319091797,,,,,,
2021-03-26,47.32911682128906,,,,,,
2021-03-29,47.07488250732422,,,,,,
2021-03-30,46.49259567260742,,,,,,
2021-03-31,45.78729248046875,,,,,,
2021-04-01,47.066673278808594,,,,,,
2021-04-05,46.33677291870117,,,,,,
2021-04-06,46.20554733276367,,,,,,
2021-04-07,46.410587310791016,,,,,,
2021-04-08,45.92670822143555,,,,,,
2021-04-09,45.82009506225586,,,,,,
2021-04-12,45.51665115356445,,,,,,
2021-04-13,45.688873291015625,,,,,,
2021-04-14,47.0092658996582,,,,,,
2021-04-15,46.73043441772461,,,,,,
2021-04-16,46.46798706054688,,,,,,
2021-04-19,46.32036209106445,,,,,,
2021-04-20,45.34442901611328,,,,,,
2021-04-21,45.92670822143555,,,,,,
2021-04-22,45.32802200317383,,,,,,
2021-04-23,45.57404708862305,,,,,,
2021-04-26,45.66427230834961,,,,,,
2021-04-27,46.26295471191406,,,,,,
2021-04-28,47.65716552734375,,,,,,
2021-04-29,48.33786392211914,,,,,,
2021-04-30,46.943660736083984,,,,,,
2021-05-03,48.23945236206055,,,,,,
2021-05-04,48.54289245605469,,,,,,
2021-05-05,50.00271224975586,,,,,,
2021-05-06,50.4783821105957,,,,,,
2021-05-07,51.200077056884766,,,,,,
2021-05-10,51.3231086730957,,,,,,
2021-05-11,49.69106674194336,,,,,,
2021-05-12,49.95731735229492,,,,,,
2021-05-13,49.341590881347656,,,,,,
2021-05-14,50.564727783203125,,,,,,
2021-05-17,51.74627685546875,,,,,,
2021-05-18,50.281829833984375,,,,,,
2021-05-19,49.07532501220703,,,,,,
2021-05-20,48.95883941650391,,,,,,
2021-05-21,49.02540588378906,,,,,,
2021-05-24,49.59953308105469,,,,,,
2021-05-25,48.47624588012695,,,,,,
2021-05-26,49.04204940795898,,,,,,
2021-05-27,48.72587203979492,,,,,,
2021-05-28,48.56776809692383,,,,,,
2021-06-01,50.30678939819336,,,,,,
2021-06-02,50.7061767578125,,,,,,
2021-06-03,50.905879974365234,,,,,,
2021-06-04,51.13053131103516,,,,,,
2021-06-07,50.79770660400391,,,,,,
2021-06-08,51.69633865356445,,,,,,
2021-06-09,52.1290168762207,,,,,,
2021-06-10,52.21223068237305,,,,,,
2021-06-11,51.7296257019043,,,,,,
2021-06-14,51.64641189575195,,,,,,
2021-06-15,53.52690124511719,,,,,,
2021-06-16,53.33550643920898,,,,,,
2021-06-17,51.57986068725586,,,,,,
2021-06-18,50.25687026977539,,,,,,
2021-06-21,52.079097747802734,,,,,,
2021-06-22,53.07757568359375,,,,,,
2021-06-23,53.46865081787109,,,,,,
2021-06-24,53.68498229980469,,,,,,
2021-06-25,53.80147171020508,,,,,,
2021-06-28,52.42856216430664,,,,,,
2021-06-29,52.10404968261719,,,,,,
2021-06-30,52.48680114746094,,,,,,
2021-07-01,52.63657760620117,,,,,,
2021-07-02,52.56169128417969,,,,,,
2021-07-06,51.0639762878418,,,,,,
2021-07-07,50.26518630981445,,,,,,
2021-07-08,50.04053115844727,,,,,,
2021-07-09,50.94747924804688,,,,,,
2021-07-12,50.89755630493164,,,,,,
2021-07-13,50.65625762939453,,,,,,
2021-07-14,49.5329704284668,,,,,,
2021-07-15,49.05037307739258,,,,,,
2021-07-16,47.69410705566406,,,,,,
2021-07-19,46.05492782592773,,,,,,
2021-07-20,46.5624885559082,,,,,,
2021-07-21,48.06020736694336,,,,,,
2021-07-22,47.51936721801758,,,,,,
2021-07-23,47.46113586425781,,,,,,
2021-07-26,48.65929412841797,,,,,,
2021-07-27,48.11845397949219,,,,,,
2021-07-28,48.44295883178711,,,,,,
2021-07-29,49.03373336791992,,,,,,
2021-07-30,47.90211486816406,,,,,,
2021-08-02,47.91044235229492,,,,,,
2021-08-03,48.42631912231445,,,,,,
2021-08-04,47.29470443725586,,,,,,
2021-08-05,47.59425354003906,,,,,,
2021-08-06,48.14341735839844,,,,,,
2021-08-09,47.59425354003906,,,,,,
2021-08-10,48.4096794128418,,,,,,
2021-08-11,48.55112838745117,,,,,,
2021-08-12,48.44132614135742,,,,,,
2021-08-13,47.95142364501953,,,,,,
2021-08-16,47.2503547668457,,,,,,
2021-08-17,46.92938232421875,,,,,,
2021-08-18,45.94113159179688,,,,,,
2021-08-19,44.53899765014648,,,,,,
2021-08-20,44.54743194580078,,,,,,
2021-08-23,46.380348205566406,,,,,,
2021-08-24,46.76044845581055,,,,,,
2021-08-25,46.84490966796875,,,,,,
2021-08-26,46.211421966552734,,,,,,
2021-08-27,47.10676574707031,,,,,,
2021-08-30,46.59151840209961,,,,,,
2021-08-31,46.05093765258789,,,,,,
2021-09-01,45.41744613647461,,,,,,
2021-09-02,46.5239486694336,,,,,,
2021-09-03,46.346561431884766,,,,,,
2021-09-07,46.07627487182617,,,,,,
2021-09-08,45.6539421081543,,,,,,
2021-09-09,45.6877326965332,,,,,,
2021-09-10,45.594818115234375,,,,,,
2021-09-13,46.76889419555664,,,,,,
2021-09-14,46.10161972045898,,,,,,
2021-09-15,47.65578842163086,,,,,,
2021-09-16,47.14898681640625,,,,,,
2021-09-17,46.59151840209961,,,,,,
2021-09-20,45.3498649597168,,,,,,
2021-09-21,45.3076286315918,,,,,,
2021-09-22,46.63374710083008,,,,,,
2021-09-23,48.21326446533203,,,,,,
2021-09-24,48.64404296875,,,,,,
2021-09-27,50.08840560913086,,,,,,
2021-09-28,50.61209487915039,,,,,,
2021-09-29,50.57831954956055,,,,,,
2021-09-30,49.68297576904297,,,,,,
2021-10-01,51.46521759033203,,,,,,
2021-10-04,52.13249969482422,,,,,,
2021-10-05,52.04802322387695,,,,,,
2021-10-06,51.09355926513672,,,,,,
2021-10-07,51.23714447021485,,,,,,
2021-10-08,52.521034240722656,,,,,,
2021-10-11,51.99734878540039,,,,,,
2021-10-12,51.7270622253418,,,,,,
2021-10-13,51.583457946777344,,,,,,
2021-10-14,52.36900329589844,,,,,,
2021-10-15,52.86735153198242,,,,,,
2021-10-18,52.84201049804688,,,,,,
2021-10-19,53.63599395751953,,,,,,
2021-10-20,53.93162155151367,,,,,,
2021-10-21,52.95181655883789,,,,,,
2021-10-22,53.31501388549805,,,,,,
2021-10-25,54.35395812988281,,,,,,
2021-10-26,55.61249923706055,,,,,,
2021-10-27,54.16812896728516,,,,,,
2021-10-28,54.32017135620117,,,,,,
2021-10-29,54.45531463623047,,,,,,
2021-11-01,55.43511581420898,,,,,,
2021-11-02,54.75094604492188,,,,,,
2021-11-03,53.99919509887695,,,,,,
2021-11-04,54.40463638305664,,,,,,
2021-11-05,54.91987609863281,,,,,,
2021-11-08,55.511138916015625,,,,,,
2021-11-09,56.05171585083008,,,,,,
2021-11-10,54.94746780395508,,,,,,
2021-11-11,55.0501823425293,,,,,,
2021-11-12,54.6307373046875,,,,,,
2021-11-15,55.1015510559082,,,,,,
2021-11-16,55.65795516967773,,,,,,
2021-11-17,55.0501823425293,,,,,,
2021-11-18,54.45098876953125,,,,,,
2021-11-19,51.93430709838867,,,,,,
2021-11-22,52.65334701538086,,,,,,
2021-11-23,54.04009246826172,,,,,,
2021-11-24,54.33969497680664,,,,,,
2021-11-26,52.4307975769043,,,,,,
2021-11-29,52.72183609008789,,,,,,
2021-11-30,51.22381210327149,,,,,,
2021-12-01,51.18100738525391,,,,,,
2021-12-02,52.45647048950195,,,,,,
2021-12-03,52.12262344360352,,,,,,
2021-12-06,52.71327590942383,,,,,,
2021-12-07,53.30392837524414,,,,,,
2021-12-08,53.45800018310547,,,,,,
2021-12-09,53.5949592590332,,,,,,
2021-12-10,53.93737030029297,,,,,,
2021-12-13,52.756080627441406,,,,,,
2021-12-14,52.67903137207031,,,,,,
2021-12-15,52.44791412353516,,,,,,
2021-12-16,52.533504486083984,,,,,,
2021-12-17,51.38645553588867,,,,,,
2021-12-20,50.641727447509766,,,,,,
2021-12-21,51.78878021240234,,,,,,
2021-12-22,52.20822525024414,,,,,,
2021-12-23,52.2338981628418,,,,,,
2021-12-27,52.978641510009766,,,,,,
2021-12-28,52.80743789672852,,,,,,
2021-12-29,52.345191955566406,,,,,,
2021-12-30,52.03702545166016,,,,,,
2021-12-31,52.37943649291992,,,,,,
2022-01-03,54.391056060791016,,,,,,
2022-01-04,56.43692779541016,,,,,,
2022-01-05,57.13885498046875,,,,,,
2022-01-06,58.48280715942383,,,,,,
2022-01-07,58.96216583251953,,,,,,
2022-01-10,58.611209869384766,,,,,,
2022-01-11,61.07651519775391,,,,,,
2022-01-12,60.896759033203125,,,,,,
2022-01-13,60.46018981933594,,,,,,
2022-01-14,61.52165222167969,,,,,,
2022-01-18,62.55743408203125,,,,,,
2022-01-19,62.583106994628906,,,,,,
2022-01-20,62.72005081176758,,,,,,
2022-01-21,61.778446197509766,,,,,,
2022-01-24,62.309181213378906,,,,,,
2022-01-25,64.14104461669922,,,,,,
2022-01-26,63.4904670715332,,,,,,
2022-01-27,64.30368041992188,,,,,,
2022-01-28,64.4406509399414,,,,,,
2022-01-31,65.02273559570312,,,,,,
2022-02-01,69.19152069091797,,,,,,
2022-02-02,69.01175689697266,,,,,,
2022-02-03,68.20709991455078,,,,,,
2022-02-04,69.68801879882812,,,,,,
2022-02-07,70.52691650390625,,,,,,
2022-02-08,68.70360565185547,,,,,,
2022-02-09,68.37472534179688,,,,,,
2022-02-10,67.7169418334961,,,,,,
2022-02-11,69.4219741821289,,,,,,
2022-02-14,68.3573989868164,,,,,,
2022-02-15,67.50054931640625,,,,,,
2022-02-16,67.81212615966797,,,,,,
2022-02-17,67.70826721191406,,,,,,
2022-02-18,66.95527648925781,,,,,,
2022-02-22,66.17633056640625,,,,,,
2022-02-23,66.44463348388672,,,,,,
2022-02-24,65.60511016845703,,,,,,
2022-02-25,67.37071228027344,,,,,,
2022-02-28,67.87271881103516,,,,,,
2022-03-01,68.52183532714844,,,,,,
2022-03-02,69.69892120361328,,,,,,
2022-03-03,70.14033508300781,,,,,,
2022-03-04,72.78010559082031,,,,,,
2022-03-07,75.402587890625,,,,,,
2022-03-08,75.97381591796875,,,,,,
2022-03-09,71.65496063232422,,,,,,
2022-03-10,73.8792953491211,,,,,,
2022-03-11,73.49848175048828,,,,,,
2022-03-14,70.86734771728516,,,,,,
2022-03-15,66.83411407470703,,,,,,
2022-03-16,66.5831298828125,,,,,,
2022-03-17,68.3573989868164,,,,,,
2022-03-18,68.08910369873047,,,,,,
2022-03-21,71.1443099975586,,,,,,
2022-03-22,70.83273315429688,,,,,,
2022-03-23,71.94922637939453,,,,,,
2022-03-24,72.16560363769531,,,,,,
2022-03-25,73.74079895019531,,,,,,
2022-03-28,71.67227172851562,,,,,,
2022-03-29,71.29143524169922,,,,,,
2022-03-30,72.51180267333984,,,,,,
2022-03-31,71.48186492919922,,,,,,
2022-04-01,71.94058990478516,,,,,,
2022-04-04,71.9751968383789,,,,,,
2022-04-05,71.60302734375,,,,,,
2022-04-06,72.3992919921875,,,,,,
2022-04-07,73.61100769042969,,,,,,
2022-04-08,75.16024017333984,,,,,,
2022-04-11,72.57238006591797,,,,,,
2022-04-12,74.0870132446289,,,,,,
2022-04-13,75.13426971435547,,,,,,
2022-04-14,76.01709747314453,,,,,,
2022-04-18,76.64025115966797,,,,,,
2022-04-19,75.95651245117188,,,,,,
2022-04-20,76.12960815429688,,,,,,
2022-04-21,75.32469177246094,,,,,,
2022-04-22,73.68023681640625,,,,,,
2022-04-25,71.19625091552734,,,,,,
2022-04-26,71.22220611572266,,,,,,
2022-04-27,73.25613403320312,,,,,,
2022-04-28,75.4718246459961,,,,,,
2022-04-29,73.78409576416016,,,,,,
2022-05-02,74.78807830810547,,,,,,
2022-05-03,76.32865905761719,,,,,,
2022-05-04,79.36658477783203,,,,,,
2022-05-05,78.16353607177734,,,,,,
2022-05-06,79.35794067382812,,,,,,
2022-05-09,73.10035705566406,,,,,,
2022-05-10,73.58502960205078,,,,,,
2022-05-11,75.11697387695312,,,,,,
2022-05-12,75.4579849243164,,,,,,
2022-05-13,77.69635772705078,,,,,,
2022-05-16,79.52378845214844,,,,,,
2022-05-17,80.53804016113281,,,,,,
2022-05-18,79.26146697998047,,,,,,
2022-05-19,79.6899185180664,,,,,,
2022-05-20,80.31946563720703,,,,,,
2022-05-23,82.09443664550781,,,,,,
2022-05-24,82.54035949707031,,,,,,
2022-05-25,84.20166778564453,,,,,,
2022-05-26,84.49894714355469,,,,,,
2022-05-27,85.32960510253906,,,,,,
2022-05-31,83.93933868408203,,,,,,
2022-06-01,85.54817962646484,,,,,,
2022-06-02,85.39952850341797,,,,,,
2022-06-03,86.64114379882812,,,,,,
2022-06-06,86.42255401611328,,,,,,
2022-06-07,90.3834457397461,,,,,,
2022-06-08,91.45016479492188,,,,,,
2022-06-09,89.47408294677734,,,,,,
2022-06-10,87.83902740478516,,,,,,
2022-06-13,83.80819702148438,,,,,,
2022-06-14,84.02677917480469,,,,,,
2022-06-15,82.96880340576172,,,,,,
2022-06-16,79.90849304199219,,,,,,
2022-06-17,75.30060577392578,,,,,,
2022-06-21,79.98721313476562,,,,,,
2022-06-22,76.82199096679688,,,,,,
2022-06-23,74.5049057006836,,,,,,
2022-06-24,75.98260498046875,,,,,,
2022-06-27,77.84498596191406,,,,,,
2022-06-28,80.00469207763672,,,,,,
2022-06-29,77.0493392944336,,,,,,
2022-06-30,74.8808822631836,,,,,,
2022-07-01,76.5509262084961,,,,,,
2022-07-05,74.15516662597656,,,,,,
2022-07-06,72.81736755371094,,,,,,
2022-07-07,75.14320373535156,,,,,,
2022-07-08,75.26561737060547,,,,,,
2022-07-11,74.8808822631836,,,,,,
2022-07-12,73.88411712646484,,,,,,
2022-07-13,74.181396484375,,,,,,
2022-07-14,72.6949691772461,,,,,,
2022-07-15,73.91908264160156,,,,,,
2022-07-18,75.28309631347656,,,,,,
2022-07-19,77.18048095703125,,,,,,
2022-07-20,78.02861022949219,,,,,,
2022-07-21,76.72581481933594,,,,,,
2022-07-22,76.13996887207031,,,,,,
2022-07-25,78.6756591796875,,,,,,
2022-07-26,78.36959838867188,,,,,,
2022-07-27,80.0658950805664,,,,,,
2022-07-28,81.00147247314453,,,,,,
2022-07-29,84.75251770019531,,,,,,
2022-08-01,82.61031341552734,,,,,,
2022-08-02,82.25180053710938,,,,,,
2022-08-03,79.5849838256836,,,,,,
2022-08-04,76.23616790771484,,,,,,
2022-08-05,77.33785247802734,,,,,,
2022-08-08,77.77505493164062,,,,,,
2022-08-09,79.20901489257812,,,,,,
2022-08-10,79.96095275878906,,,,,,
2022-08-11,82.27407836914062,,,,,,
2022-08-12,82.98919677734375,,,,,,
2022-08-15,81.5059814453125,,,,,,
2022-08-16,80.74671936035156,,,,,,
2022-08-17,81.40003204345703,,,,,,
2022-08-18,83.32466125488281,,,,,,
2022-08-19,83.0598373413086,,,,,,
2022-08-22,82.99803161621094,,,,,,
2022-08-23,86.52064514160156,,,,,,
2022-08-24,87.03269958496094,,,,,,
2022-08-25,87.48297119140625,,,,,,
2022-08-26,86.40587615966797,,,,,,
2022-08-29,88.39232635498047,,,,,,
2022-08-30,85.02860260009766,,,,,,
2022-08-31,84.3929443359375,,,,,,
2022-09-01,82.87442016601562,,,,,,
2022-09-02,84.3929443359375,,,,,,
2022-09-06,83.82791900634766,,,,,,
2022-09-07,83.11278533935547,,,,,,
2022-09-08,83.79259490966797,,,,,,
2022-09-09,85.19635772705078,,,,,,
2022-09-12,86.17632293701172,,,,,,
2022-09-13,84.16340637207031,,,,,,
2022-09-14,86.22929382324219,,,,,,
2022-09-15,83.72196197509766,,,,,,
2022-09-16,82.29173278808594,,,,,,
2022-09-19,82.28289794921875,,,,,,
2022-09-20,81.6119155883789,,,,,,
2022-09-21,80.29646301269531,,,,,,
2022-09-22,79.9609603881836,,,,,,
2022-09-23,75.70558166503906,,,,,,
2022-09-26,74.14290618896484,,,,,,
2022-09-27,75.69673919677734,,,,,,
2022-09-28,78.4512710571289,,,,,,
2022-09-29,78.29235076904297,,,,,,
2022-09-30,77.08283996582031,,,,,,
2022-10-03,81.15283203125,,,,,,
2022-10-04,84.11043548583984,,,,,,
2022-10-05,87.50945281982422,,,,,,
2022-10-06,90.10507202148438,,,,,,
2022-10-07,89.19571685791016,,,,,,
2022-10-10,87.26226043701172,,,,,,
2022-10-11,86.52064514160156,,,,,,
2022-10-12,86.90027618408203,,,,,,
2022-10-13,89.93734741210938,,,,,,
2022-10-14,87.57125854492188,,,,,,
2022-10-17,88.83374786376953,,,,,,
2022-10-18,88.99266052246094,,,,,,
2022-10-19,91.63243865966795,,,,,,
2022-10-20,91.75602722167967,,,,,,
2022-10-21,93.4599609375,,,,,,
2022-10-24,94.11326599121094,,,,,,
2022-10-25,93.47762298583984,,,,,,
2022-10-26,94.59002685546876,,,,,,
2022-10-27,94.9520034790039,,,,,,
2022-10-28,97.73300170898438,,,,,,
2022-10-31,97.83014678955078,,,,,,
2022-11-01,98.80128479003906,,,,,,
2022-11-02,96.77069854736328,,,,,,
2022-11-03,98.08616638183594,,,,,,
2022-11-04,99.15443420410156,,,,,,
2022-11-07,100.32864379882812,,,,,,
2022-11-08,100.6464614868164,,,,,,
2022-11-09,96.14387512207033,,,,,,
2022-11-10,97.5564422607422,,,,,,
2022-11-11,100.60231018066406,,,,,,
2022-11-14,100.89602661132812,,,,,,
2022-11-15,101.57239532470705,,,,,,
2022-11-16,100.48663330078124,,,,,,
2022-11-17,100.62010955810548,,,,,,
2022-11-18,99.7479476928711,,,,,,
2022-11-21,98.76009368896484,,,,,,
2022-11-22,101.61690521240234,,,,,,
2022-11-23,101.10960388183594,,,,,,
2022-11-25,100.75362396240234,,,,,,
2022-11-28,97.72771453857422,,,,,,
2022-11-29,98.3773956298828,,,,,,
2022-11-30,99.08936309814452,,,,,,
2022-12-01,98.6087875366211,,,,,,
2022-12-02,97.772216796875,,,,,,
2022-12-05,95.0934066772461,,,,,,
2022-12-06,92.45018005371094,,,,,,
2022-12-07,92.24549102783205,,,,,,
2022-12-08,92.93075561523438,,,,,,
2022-12-09,92.14761352539062,,,,,,
2022-12-12,94.4170379638672,,,,,,
2022-12-13,95.44937896728516,,,,,,
2022-12-14,94.74632263183594,,,,,,
2022-12-15,93.83854675292967,,,,,,
2022-12-16,93.1799545288086,,,,,,
2022-12-19,93.59825134277344,,,,,,
2022-12-20,94.95101928710938,,,,,,
2022-12-21,96.17025756835938,,,,,,
2022-12-22,94.23014068603516,,,,,,
2022-12-23,96.72205352783205,,,,,,
2022-12-27,98.06591033935548,,,,,,
2022-12-28,96.45503997802734,,,,,,
2022-12-29,97.18482971191406,,,,,,
2022-12-30,98.16381072998048,,,,,,
2023-01-03,94.79080963134766,,,,,,
2023-01-04,95.06671905517578,,,,,,
2023-01-05,97.19373321533205,,,,,,
2023-01-06,98.36849975585938,,,,,,
2023-01-09,96.53515625,,,,,,
2023-01-10,97.97691345214844,,,,,,
2023-01-11,99.11607360839844,,,,,,
2023-01-12,100.76251983642578,,,,,,
2023-01-13,100.70022583007812,,,,,,
2023-01-17,100.50443267822266,,,,,,
2023-01-18,98.43970489501952,,,,,,
2023-01-19,99.07157135009766,,,,,,
2023-01-20,100.87820434570312,,,,,,
2023-01-23,100.3531265258789,,,,,,
2023-01-24,101.28761291503906,,,,,,
2023-01-25,100.75362396240234,,,,,,
2023-01-26,104.80299377441406,,,,,,
2023-01-27,102.8895492553711,,,,,,
2023-01-30,101.06511688232422,,,,,,
2023-01-31,103.24554443359376,,,,,,
2023-02-01,102.1152801513672,,,,,,
2023-02-02,98.9202651977539,,,,,,
2023-02-03,99.60554504394533,,,,,,
2023-02-06,99.43646240234376,,,,,,
2023-02-07,102.27545928955078,,,,,,
2023-02-08,101.385498046875,,,,,,
2023-02-09,101.76820373535156,,,,,,
2023-02-10,106.0578384399414,,,,,,
2023-02-13,105.64529418945312,,,,,,
2023-02-14,104.40770721435548,,,,,,
2023-02-15,104.09381866455078,,,,,,
2023-02-16,103.78889465332033,,,,,,
2023-02-17,99.7980499267578,,,,,,
2023-02-21,99.69938659667967,,,,,,
2023-02-22,98.40797424316406,,,,,,
2023-02-23,99.31375885009766,,,,,,
2023-02-24,99.32273864746094,,,,,,
2023-02-27,99.14338684082033,,,,,,
2023-02-28,98.56941986083984,,,,,,
2023-03-01,99.44828033447266,,,,,,
2023-03-02,99.90567016601562,,,,,,
2023-03-03,101.17018127441406,,,,,,
2023-03-06,102.06698608398438,,,,,,
2023-03-07,100.093994140625,,,,,,
2023-03-08,98.63217163085938,,,,,,
2023-03-09,97.86988830566406,,,,,,
2023-03-10,96.65917205810548,,,,,,
2023-03-13,95.54713439941406,,,,,,
2023-03-14,95.90585327148438,,,,,,
2023-03-15,91.134765625,,,,,,
2023-03-16,90.60564422607422,,,,,,
2023-03-17,89.53842163085938,,,,,,
2023-03-20,91.87913513183594,,,,,,
2023-03-21,95.99552917480467,,,,,,
2023-03-22,93.79832458496094,,,,,,
2023-03-23,92.74008178710938,,,,,,
2023-03-24,92.8477020263672,,,,,,
2023-03-27,94.88347625732422,,,,,,
2023-03-28,96.06729125976562,,,,,,
2023-03-29,97.7174072265625,,,,,,
2023-03-30,98.19274139404295,,,,,,
2023-03-31,98.34519958496094,,,,,,
2023-04-03,104.14762115478516,,,,,,
2023-04-04,103.15213775634766,,,,,,
2023-04-05,104.91889190673828,,,,,,
2023-04-06,103.17906188964844,,,,,,
2023-04-10,102.72166442871094,,,,,,
2023-04-11,103.4480972290039,,,,,,
2023-04-12,103.34048461914062,,,,,,
2023-04-13,103.82474517822266,,,,,,
2023-04-14,104.07586669921876,,,,,,
2023-04-17,102.86518096923828,,,,,,
2023-04-18,104.8740463256836,,,,,,
2023-04-19,104.5422134399414,,,,,,
2023-04-20,103.70819091796876,,,,,,
2023-04-21,104.04000091552734,,,,,,
2023-04-24,106.0040283203125,,,,,,
2023-04-25,104.49738311767578,,,,,,
2023-04-26,103.53777313232422,,,,,,
2023-04-27,104.775390625,,,,,,
2023-04-28,106.12957763671876,,,,,,
2023-05-01,102.83827209472656,,,,,,
2023-05-02,98.73980712890624,,,,,,
2023-05-03,96.793701171875,,,,,,
2023-05-04,95.09871673583984,,,,,,
2023-05-05,97.46631622314452,,,,,,
2023-05-08,97.85195922851562,,,,,,
2023-05-09,97.87885284423828,,,,,,
2023-05-10,96.6233139038086,,,,,,
2023-05-11,94.87450408935548,,,,,,
2023-05-12,94.86554718017578,,,,,,
2023-05-15,95.04646301269533,,,,,,
2023-05-16,92.7397232055664,,,,,,
2023-05-17,94.82030487060548,,,,,,
2023-05-18,95.6796875,,,,,,
2023-05-19,96.12294006347656,,,,,,
2023-05-22,94.9560089111328,,,,,,
2023-05-23,96.24958038330078,,,,,,
2023-05-24,97.3260498046875,,,,,,
2023-05-25,95.5801773071289,,,,,,
2023-05-26,94.9560089111328,,,,,,
2023-05-30,94.1147003173828,,,,,,
2023-05-31,92.43215942382812,,,,,,
2023-06-01,93.49959564208984,,,,,,
2023-06-02,95.6706314086914,,,,,,
2023-06-05,95.24547576904295,,,,,,
2023-06-06,96.0234375,,,,,,
2023-06-07,98.17637634277344,,,,,,
2023-06-08,97.86881256103516,,,,,,
2023-06-09,97.14513397216795,,,,,,
2023-06-12,96.26766967773438,,,,,,
2023-06-13,96.28577423095705,,,,,,
2023-06-14,95.12786865234376,,,,,,
2023-06-15,95.7882308959961,,,,,,
2023-06-16,95.1007308959961,,,,,,
2023-06-20,92.92063903808594,,,,,,
2023-06-21,93.9609375,,,,,,
2023-06-22,93.44532775878906,,,,,,
2023-06-23,92.63117980957033,,,,,,
2023-06-26,94.34087371826172,,,,,,
2023-06-27,94.57605743408205,,,,,,
2023-06-28,95.34498596191406,,,,,,
2023-06-29,96.5209503173828,,,,,,
2023-06-30,97.01847839355467,,,,,,
2023-07-03,97.20845794677734,,,,,,
2023-07-05,96.71092987060548,,,,,,
2023-07-06,93.1015625,,,,,,
2023-07-07,93.31867218017578,,,,,,
2023-07-10,94.70272064208984,,,,,,
2023-07-11,95.86060333251952,,,,,,
2023-07-12,96.33099365234376,,,,,,
2023-07-13,94.56702423095705,,,,,,
2023-07-14,91.3104476928711,,,,,,
2023-07-17,91.7084732055664,,,,,,
2023-07-18,91.2923583984375,,,,,,
2023-07-19,91.9255828857422,,,,,,
2023-07-20,93.5448226928711,,,,,,
2023-07-21,93.97903442382812,,,,,,
2023-07-24,95.45352172851562,,,,,,
2023-07-25,95.59827423095705,,,,,,
2023-07-26,95.06454467773438,,,,,,
2023-07-27,95.36306762695312,,,,,,
2023-07-28,94.22328186035156,,,,,,
2023-07-31,97.00942993164062,,,,,,
2023-08-01,96.44860076904295,,,,,,
2023-08-02,95.24547576904295,,,,,,
2023-08-03,96.90089416503906,,,,,,
2023-08-04,97.17227172851562,,,,,,
2023-08-07,96.97325897216795,,,,,,
2023-08-08,97.45269012451172,,,,,,
2023-08-09,99.1081085205078,,,,,,
2023-08-10,99.6147003173828,,,,,,
2023-08-11,101.16156005859376,,,,,,
2023-08-14,101.24298095703124,,,,,,
2023-08-15,98.64373016357422,,,,,,
2023-08-16,96.98384857177734,,,,,,
2023-08-17,98.86261749267578,,,,,,
2023-08-18,100.35832214355467,,,,,,
2023-08-21,99.14533233642578,,,,,,
2023-08-22,98.58899688720705,,,,,,
2023-08-23,97.72258758544922,,,,,,
2023-08-24,96.99298095703124,,,,,,
2023-08-25,98.72581481933594,,,,,,
2023-08-28,99.55574798583984,,,,,,
2023-08-29,100.14855194091795,,,,,,
2023-08-30,101.12442016601562,,,,,,
2023-08-31,101.40714263916016,,,,,,
2023-09-01,103.53214263916016,,,,,,
2023-09-05,103.54124450683594,,,,,,
2023-09-06,104.4350357055664,,,,,,
2023-09-07,103.92430114746094,,,,,,
2023-09-08,105.43824768066406,,,,,,
2023-09-11,104.1158218383789,,,,,,
2023-09-12,107.15282440185548,,,,,,
2023-09-13,106.19522094726562,,,,,,
2023-09-14,108.09222412109376,,,,,,
2023-09-15,106.43235778808594,,,,,,
2023-09-18,107.28962707519533,,,,,,
2023-09-19,107.00691986083984,,,,,,
2023-09-20,106.15876007080078,,,,,,
2023-09-21,104.66302490234376,,,,,,
2023-09-22,104.8271942138672,,,,,,
2023-09-25,106.00371551513672,,,,,,
2023-09-26,106.1678695678711,,,,,,
2023-09-27,109.6244125366211,,,,,,
2023-09-28,108.95864868164062,,,,,,
2023-09-29,107.23492431640624,,,,,,
2023-10-02,105.45648956298828,,,,,,
2023-10-03,105.6388931274414,,,,,,
2023-10-04,101.68986511230467,,,,,,
2023-10-05,99.40070343017578,,,,,,
2023-10-06,97.74082946777344,,,,,,
2023-10-09,101.16089630126952,,,,,,
2023-10-10,100.73224639892578,,,,,,
2023-10-11,97.12065887451172,,,,,,
2023-10-12,97.1024169921875,,,,,,
2023-10-13,100.20327758789062,,,,,,
2023-10-16,100.27623748779295,,,,,,
2023-10-17,101.58953857421876,,,,,,
2023-10-18,103.01229095458984,,,,,,
2023-10-19,103.0761260986328,,,,,,
2023-10-20,101.30680847167967,,,,,,
2023-10-23,99.82022094726562,,,,,,
2023-10-24,98.85350036621094,,,,,,
2023-10-25,99.03589630126952,,,,,,
2023-10-26,98.13299560546876,,,,,,
2023-10-27,96.26335906982422,,,,,,
2023-10-30,96.5643310546875,,,,,,
2023-10-31,96.53697204589844,,,,,,
2023-11-01,96.34544372558594,,,,,,
2023-11-02,99.5101547241211,,,,,,
2023-11-03,98.29714965820312,,,,,,
2023-11-06,96.55520629882812,,,,,,
2023-11-07,95.041259765625,,,,,,
2023-11-08,93.8738784790039,,,,,,
2023-11-09,93.90123748779295,,,,,,
2023-11-10,94.62173461914062,,,,,,
2023-11-13,95.61583709716795,,,,,,
2023-11-14,95.98397064208984,,,,,,
2023-11-15,95.40415954589844,,,,,,
2023-11-16,94.29972076416016,,,,,,
2023-11-17,96.60061645507812,,,,,,
2023-11-20,96.17726135253906,,,,,,
2023-11-21,96.14043426513672,,,,,,
2023-11-22,95.72628021240234,,,,,,
2023-11-24,96.24166870117188,,,,,,
2023-11-27,95.68025970458984,,,,,,
2023-11-28,95.62503051757812,,,,,,
2023-11-29,94.18927764892578,,,,,,
2023-11-30,94.5574188232422,,,,,,
2023-12-01,94.78751373291016,,,,,,
2023-12-04,94.2721176147461,,,,,,
2023-12-05,92.44060516357422,,,,,,
2023-12-06,91.21652221679688,,,,,,
2023-12-07,90.58148193359376,,,,,,
2023-12-08,91.62149810791016,,,,,,
2023-12-11,91.68592071533205,,,,,,
2023-12-12,90.2409439086914,,,,,,
2023-12-13,91.04165649414062,,,,,,
2023-12-14,93.48981475830078,,,,,,
2023-12-15,92.86398315429688,,,,,,
2023-12-18,93.55423736572266,,,,,,
2023-12-19,94.78751373291016,,,,,,
2023-12-20,93.20449829101562,,,,,,
2023-12-21,93.62786102294922,,,,,,
2023-12-22,93.79352569580078,,,,,,
2023-12-26,94.00521850585938,,,,,,
2023-12-27,93.56344604492188,,,,,,
2023-12-28,92.21052551269533,,,,,,
2023-12-29,92.01724243164062,,,,,,
2024-01-02,94.20769500732422,,,,,,
2024-01-03,94.99919128417967,,,,,,
2024-01-04,94.1708755493164,,,,,,
2024-01-05,94.45618438720705,,,,,,
2024-01-08,92.88237762451172,,,,,,
2024-01-09,91.73192596435548,,,,,,
2024-01-10,90.8299789428711,,,,,,
2024-01-11,90.8115692138672,,,,,,
2024-01-12,91.9896240234375,,,,,,
2024-01-16,89.90963745117188,,,,,,
2024-01-17,89.25618743896484,,,,,,
2024-01-18,89.09049987792969,,,,,,
2024-01-19,89.22856140136719,,,,,,
2024-01-22,89.10892486572266,,,,,,
2024-01-23,90.11211395263672,,,,,,
2024-01-24,91.66749572753906,,,,,,
2024-01-25,93.99600982666016,,,,,,
2024-01-26,94.79672241210938,,,,,,
2024-01-29,94.91636657714844,,,,,,
2024-01-30,96.4993667602539,,,,,,
2024-01-31,94.62184143066406,,,,,,
2024-02-01,94.23529052734376,,,,,,
2024-02-02,93.84874725341795,,,,,,
2024-02-05,93.4622039794922,,,,,,
2024-02-06,94.1064453125,,,,,,
2024-02-07,94.07884216308594,,,,,,
2024-02-08,95.68946838378906,,,,,,
2024-02-09,93.66468048095705,,,,,,
2024-02-12,94.9531707763672,,,,,,
2024-02-13,94.13573455810548,,,,,,
2024-02-14,93.67127990722656,,,,,,
2024-02-15,96.3558349609375,,,,,,
2024-02-16,96.3558349609375,,,,,,
2024-02-20,95.44548797607422,,,,,,
2024-02-21,97.39620208740234,,,,,,
2024-02-22,97.31260681152344,,,,,,
2024-02-23,96.45800018310548,,,,,,
2024-02-26,96.8388671875,,,,,,
2024-02-27,96.63450622558594,,,,,,
2024-02-28,96.90389251708984,,,,,,
2024-02-29,97.08966827392578,,,,,,
2024-03-01,98.31582641601562,,,,,,
2024-03-04,96.9410400390625,,,,,,
2024-03-05,98.13004302978516,,,,,,
2024-03-06,99.17971801757812,,,,,,
2024-03-07,99.737060546875,,,,,,
2024-03-08,100.67525482177734,,,,,,
2024-03-11,101.2697525024414,,,,,,
2024-03-12,100.6195297241211,,,,,,
2024-03-13,101.74351501464844,,,,,,
2024-03-14,103.54560089111328,,,,,,
2024-03-15,103.35980987548828,,,,,,
2024-03-18,104.31658172607422,,,,,,
2024-03-19,105.05042266845705,,,,,,
2024-03-20,104.9575424194336,,,,,,
2024-03-21,105.42198944091795,,,,,,
2024-03-22,105.42198944091795,,,,,,
2024-03-25,106.49952697753906,,,,,,
2024-03-26,105.7006607055664,,,,,,
2024-03-27,106.7967758178711,,,,,,
2024-03-28,107.97649383544922,,,,,,
2024-04-01,108.67317199707033,,,,,,
2024-04-02,110.80038452148438,,,,,,
2024-04-03,110.81896209716795,,,,,,
2024-04-04,111.2091064453125,,,,,,
2024-04-05,112.74180603027344,,,,,,
2024-04-08,111.98009490966795,,,,,,
2024-04-09,112.56531524658205,,,,,,
2024-04-10,113.5127944946289,,,,,,
2024-04-11,113.13194274902344,,,,,,
2024-04-12,111.81288146972656,,,,,,
2024-04-15,111.17195892333984,,,,,,
2024-04-16,110.25232696533205,,,,,,
2024-04-17,110.19659423828124,,,,,,
2024-04-18,110.09440612792967,,,,,,
2024-04-19,111.35772705078124,,,,,,
2024-04-22,111.98937225341795,,,,,,
2024-04-23,112.42597198486328,,,,,,
2024-04-24,112.44457244873048,,,,,,
2024-04-25,112.70464324951172,,,,,,
2024-04-26,109.57422637939452,,,,,,
2024-04-29,111.13478088378906,,,,,,
2024-04-30,109.86217498779295,,,,,,
2024-05-01,107.78141021728516,,,,,,
2024-05-02,107.97649383544922,,,,,,
2024-05-03,107.7535629272461,,,,,,
2024-05-06,108.4502410888672,,,,,,
2024-05-07,107.91146087646484,,,,,,
2024-05-08,107.89289093017578,,,,,,
2024-05-09,110.02009582519533,,,,,,
2024-05-10,109.57422637939452,,,,,,
2024-05-13,109.52777099609376,,,,,,
2024-05-14,110.19266510009766,,,,,,
2024-05-15,111.04483032226562,,,,,,
2024-05-16,110.37995147705078,,,,,,
2024-05-17,112.03746795654295,,,,,,
2024-05-20,111.12909698486328,,,,,,
2024-05-21,110.36122131347656,,,,,,
2024-05-22,108.14183044433594,,,,,,
2024-05-23,106.2969970703125,,,,,,
2024-05-24,106.21272277832033,,,,,,
2024-05-28,107.56122589111328,,,,,,
2024-05-29,106.40937042236328,,,,,,
2024-05-30,106.74649810791016,,,,,,
2024-05-31,109.80870819091795,,,,,,
2024-06-03,107.1772689819336,,,,,,
2024-06-04,105.5103759765625,,,,,,
2024-06-05,105.93180084228516,,,,,,
2024-06-06,106.72777557373048,,,,,,
2024-06-07,105.5853042602539,,,,,,
2024-06-10,105.89432525634766,,,,,,
2024-06-11,105.04214477539062,,,,,,
2024-06-12,103.88095092773438,,,,,,
2024-06-13,103.04750061035156,,,,,,
2024-06-14,102.1766128540039,,,,,,
2024-06-17,101.47425842285156,,,,,,
2024-06-18,102.42945098876952,,,,,,
2024-06-20,104.63948059082033,,,,,,
2024-06-21,103.72175598144533,,,,,,
2024-06-24,106.80268096923828,,,,,,
2024-06-25,107.10235595703124,,,,,,
2024-06-26,107.13981628417967,,,,,,
2024-06-27,107.5986785888672,,,,,,
2024-06-28,107.80470275878906,,,,,,
2024-07-01,107.65486145019533,,,,,,
2024-07-02,106.9244384765625,,,,,,
2024-07-03,107.46756744384766,,,,,,
2024-07-05,106.16590118408205,,,,,,
2024-07-08,105.051513671875,,,,,,
2024-07-09,103.89031219482422,,,,,,
2024-07-10,104.80804443359376,,,,,,
2024-07-11,106.05353546142578,,,,,,
2024-07-12,106.07225799560548,,,,,,
2024-07-15,107.88898468017578,,,,,,
2024-07-16,108.6662368774414,,,,,,
2024-07-17,110.16455841064452,,,,,,
2024-07-18,111.2508544921875,,,,,,
2024-07-19,108.69434356689452,,,,,,
2024-07-22,107.9451675415039,,,,,,
2024-07-23,106.20336151123048,,,,,,
2024-07-24,107.70167541503906,,,,,,
2024-07-25,109.96790313720705,,,,,,
2024-07-26,109.87425994873048,,,,,,
2024-07-29,108.72242736816406,,,,,,
2024-07-30,110.66088104248048,,,,,,
2024-07-31,111.05419921875,,,,,,
2024-08-01,109.51839447021484,,,,,,
2024-08-02,109.4528579711914,,,,,,
2024-08-05,107.47694396972656,,,,,,
2024-08-06,106.90570068359376,,,,,,
2024-08-07,108.32910919189452,,,,,,
2024-08-08,110.39866638183594,,,,,,
2024-08-09,111.29766845703124,,,,,,
2024-08-12,111.43814086914062,,,,,,
2024-08-13,110.3705825805664,,,,,,
2024-08-14,111.39132690429688,,,,,,
2024-08-15,112.0804443359375,,,,,,
2024-08-16,111.55178833007812,,,,,,
2024-08-19,111.89163970947266,,,,,,
2024-08-20,108.16285705566406,,,,,,
2024-08-21,107.47374725341795,,,,,,
2024-08-22,108.30445861816406,,,,,,
2024-08-23,109.80541229248048,,,,,,
2024-08-26,112.1559600830078,,,,,,
2024-08-27,111.08924102783205,,,,,,
2024-08-28,109.99420928955078,,,,,,
2024-08-29,111.5140380859375,,,,,,
2024-08-30,111.33468627929688,,,,,,
2024-09-03,109.00302124023438,,,,,,
2024-09-04,107.67198181152344,,,,,,
2024-09-05,106.83182525634766,,,,,,
2024-09-06,106.33150482177734,,,,,,
2024-09-09,108.56877136230467,,,,,,
2024-09-10,104.61344146728516,,,,,,
2024-09-11,103.57504272460938,,,,,,
2024-09-12,105.00048065185548,,,,,,
2024-09-13,104.92495727539062,,,,,,
2024-09-16,106.3975830078125,,,,,,
2024-09-17,107.78526306152344,,,,,,
2024-09-18,108.16285705566406,,,,,,
2024-09-19,109.50333404541016,,,,,,
2024-09-20,108.81421661376952,,,,,,
2024-09-23,110.78717041015624,,,,,,
2024-09-24,110.49452209472656,,,,,,
2024-09-25,108.34221649169922,,,,,,
2024-09-26,106.4825439453125,,,,,,
2024-09-27,109.33341217041016,,,,,,
2024-09-30,110.6550064086914,,,,,,
2024-10-01,113.21324157714844,,,,,,
2024-10-02,114.71418762207033,,,,,,
2024-10-03,115.71481323242188,,,,,,
2024-10-04,117.83879852294922,,,,,,
2024-10-07,118.34854888916016,,,,,,
2024-10-08,115.20504760742188,,,,,,
2024-10-09,115.25223541259766,,,,,,
2024-10-10,116.24346160888672,,,,,,
2024-10-11,116.6871337890625,,,,,,
2024-10-14,117.1308135986328,,,,,,
2024-10-15,113.60971069335938,,,,,,
2024-10-16,113.90235137939452,,,,,,
2024-10-17,113.60971069335938,,,,,,
2024-10-18,113.28874969482422,,,,,,
2024-10-21,113.35482788085938,,,,,,
2024-10-22,113.9400863647461,,,,,,
2024-10-23,113.53418731689452,,,,,,
2024-10-24,112.89227294921876,,,,,,
2024-10-25,112.7978744506836,,,,,,
2024-10-28,112.24092864990234,,,,,,
2024-10-29,110.71163177490234,,,,,,
2024-10-30,110.15467834472656,,,,,,
2024-10-31,110.2396469116211,,,,,,
2024-11-01,108.51214599609376,,,,,,
2024-11-04,111.9671630859375,,,,,,
2024-11-05,112.29754638671876,,,,,,
2024-11-06,114.22331237792967,,,,,,
2024-11-07,114.3648910522461,,,,,,
2024-11-08,114.32715606689452,,,,,,
2024-11-11,113.72298431396484,,,,,,
2024-11-12,113.60971069335938,,,,,,
2024-11-13,114.66698455810548,,,,,,
2024-11-14,114.7431182861328,,,,,,
2024-11-15,113.55343627929688,,,,,,
2024-11-18,114.50518798828124,,,,,,
2024-11-19,112.90624237060548,,,,,,
2024-11-20,114.51470184326172,,,,,,
2024-11-21,116.04701232910156,,,,,,
2024-11-22,115.9137725830078,,,,,,
2024-11-25,114.18158721923828,,,,,,
2024-11-26,112.27808380126952,,,,,,
2024-11-27,111.98303985595705,,,,,,
2024-11-29,112.26856231689452,,,,,,
2024-12-02,112.16387176513672,,,,,,
2024-12-03,111.99256896972656,,,,,,
2024-12-04,108.76612091064452,,,,,,
2024-12-05,109.24200439453124,,,,,,
2024-12-06,108.0903778076172,,,,,,
2024-12-09,107.45270538330078,,,,,,
2024-12-10,107.23380279541016,,,,,,
2024-12-11,106.51998901367188,,,,,,
2024-12-12,106.42481231689452,,,,,,
2024-12-13,105.4920883178711,,,,,,
2024-12-16,103.23644256591795,,,,,,
2024-12-17,102.79865264892578,,,,,,
2024-12-18,101.2853546142578,,,,,,
2024-12-19,100.41927337646484,,,,,,
2024-12-20,100.76190185546876,,,,,,
2024-12-23,101.17115020751952,,,,,,
2024-12-24,101.26631927490234,,,,,,
2024-12-26,101.35198211669922,,,,,,
2024-12-27,101.34246826171876,,,,,,
2024-12-30,100.6572036743164,,,,,,
2024-12-31,102.37986755371094,,,,,,
2025-01-02,102.13240814208984,,,,,,
2025-01-03,102.65587615966795,,,,,,
2025-01-06,102.54167175292967,,,,,,
2025-01-07,103.50293731689452,,,,,,
2025-01-08,101.770751953125,,,,,,
2025-01-10,101.39956665039062,,,,,,
2025-01-13,104.01687622070312,,,,,,
2025-01-14,104.42613220214844,,,,,,
2025-01-15,106.12976837158205,,,,,,
2025-01-16,105.94893646240234,,,,,,
2025-01-17,106.90069580078124,,,,,,
2025-01-21,106.09171295166016,,,,,,
2025-01-22,104.24530029296876,,,,,,
2025-01-23,104.83538818359376,,,,,,
2025-01-24,103.41727447509766,,,,,,
2025-01-27,104.85442352294922,,,,,,
2025-01-28,102.82718658447266,,,,,,
2025-01-29,103.4268035888672,,,,,,
2025-01-30,104.28337860107422,,,,,,
2025-01-31,101.67557525634766,,,,,,
2025-02-03,101.92301940917967,,,,,,
2025-02-04,104.6545639038086,,,,,,
2025-02-05,104.5784149169922,,,,,,
2025-02-06,103.19837951660156,,,,,,
2025-02-07,103.6361846923828,,,,,,
2025-02-10,105.61583709716795,,,,,,
2025-02-11,106.28205108642578,,,,,,
2025-02-12,103.08436584472656,,,,,,
2025-02-13,103.8333740234375,,,,,,
2025-02-14,103.9390106201172,,,,,,
2025-02-18,105.76350402832033,,,,,,
2025-02-19,105.91715240478516,,,,,,
2025-02-20,107.5496063232422,,,,,,
2025-02-21,106.29166412353516,,,,,,
2025-02-24,106.84859466552734,,,,,,
2025-02-25,105.36980438232422,,,,,,
2025-02-26,105.11052703857422,,,,,,
2025-02-27,105.77310943603516,,,,,,
2025-02-28,106.90621948242188,,,,,,
2025-03-03,103.4780731201172,,,,,,
2025-03-04,103.2668228149414,,,,,,
2025-03-05,101.25027465820312,,,,,,
2025-03-06,103.34364318847656,,,,,,
2025-03-07,104.6880111694336,,,,,,
2025-03-10,107.35755157470705,,,,,,
2025-03-11,104.82245635986328,,,,,,
2025-03-12,104.79364013671876,,,,,,
2025-03-13,104.3519287109375,,,,,,
2025-03-14,107.45358276367188,,,,,,
2025-03-17,109.23966979980467,,,,,,
2025-03-18,109.12442779541016,,,,,,
2025-03-19,110.82410430908205,,,,,,
2025-03-20,111.29463958740234,,,,,,
2025-03-21,110.9105224609375,,,,,,
2025-03-24,111.19861602783205,,,,,,
2025-03-25,111.95721435546876,,,,,,
2025-03-26,113.5704574584961,,,,,,
2025-03-27,113.20555877685548,,,,,,
2025-03-28,113.05191802978516,,,,,,
2025-03-31,114.2042236328125,,,,,,
2025-04-01,114.3098602294922,,,,,,
2025-04-02,113.95455932617188,,,,,,
2025-04-03,107.9625244140625,,,,,,
2025-04-04,100.19397735595705,,,,,,
2025-04-07,98.84961700439452,,,,,,
2025-04-08,96.76583099365234,,,,,,
2025-04-09,101.59595489501952,,,,,,
2025-04-10,95.95921325683594,,,,,,
2025-04-11,99.04165649414062,,,,,,
2025-04-14,99.28172302246094,,,,,,
2025-04-15,99.00325012207033,,,,,,
2025-04-16,100.04994201660156,,,,,,
2025-04-17,102.67144775390624,,,,,,
2025-04-21,101.1638412475586,,,,,,
2025-04-22,103.9966278076172,,,,,,
2025-04-23,103.10358428955078,,,,,,
2025-04-24,104.3134994506836,,,,,,
2025-04-25,104.2559051513672,,,,,,
2025-04-28,104.3134994506836,,,,,,
2025-04-29,104.0542449951172,,,,,,
2025-04-30,101.4327163696289,,,,,,
2025-05-01,101.5767593383789,,,,,,
2025-05-02,101.98967742919922,,,,,,
2025-05-05,99.16648864746094,,,,,,
2025-05-06,100.5492706298828,,,,,,
2025-05-07,100.45325469970705,,,,,,
2025-05-08,101.85523223876952,,,,,,
2025-05-09,103.04595184326172,,,,,,
2025-05-12,104.82245635986328,,,,,,
2025-05-13,105.11052703857422,,,,,,
2025-05-14,104.1694793701172,,,,,,
2025-05-15,105.2258071899414,,,,,,
2025-05-16,104.8478546142578,,,,,,
2025-05-19,103.18098449707033,,,,,,
2025-05-20,101.70793151855467,,,,,,
2025-05-21,100.4577865600586,,,,,,
2025-05-22,99.7891082763672,,,,,,
2025-05-23,99.84725189208984,,,,,,
2025-05-27,100.32210540771484,,,,,,
2025-05-28,98.9556655883789,,,,,,
2025-05-29,99.51776123046876,,,,,,
2025-05-30,99.13980865478516,,,,,,
2025-06-02,99.86663055419922,,,,,,
2025-06-03,100.59346771240234,,,,,,
2025-06-04,99.13980865478516,,,,,,
2025-06-05,98.68431854248048,,,,,,
2025-06-06,101.04894256591795,,,,,,
2025-06-09,101.72732543945312,,,,,,
2025-06-10,103.9078140258789,,,,,,
2025-06-11,105.9332504272461,,,,,,
2025-06-12,106.34027099609376,,,,,,
2025-06-13,108.6564483642578,,,,,,
2025-06-16,109.0053253173828,,,,,,
2025-06-17,110.4783706665039,,,,,,
2025-06-18,109.69339752197266,,,,,,
2025-06-20,111.15674591064452,,,,,,
2025-06-23,108.28817749023438,,,,,,
2025-06-24,104.9932098388672,,,,,,
2025-06-25,105.02229309082033,,,,,,
2025-06-26,106.5922393798828,,,,,,
2025-06-27,106.00109100341795,,,,,,
2025-06-30,104.46990203857422,,,,,,
2025-07-01,105.86541748046876,,,,,,
2025-07-02,107.61949920654295,,,,,,
2025-07-03,108.73397064208984,,,,,,
2025-07-07,107.67764282226562,,,,,,
2025-07-08,110.6624984741211,,,,,,
2025-07-09,110.28456115722656,,,,,,
2025-07-10,111.379638671875,,,,,,
2025-07-11,111.86418914794922,,,,,,
2025-07-14,110.4008331298828,,,,,,
2025-07-15,109.42204284667967,,,,,,
2025-07-16,108.76304626464844,,,,,,
2025-07-17,108.21066284179688,,,,,,
2025-07-18,104.4408187866211,,,,,,
2025-07-21,104.71217346191406,,,,,,
2025-07-22,105.18704223632812,,,,,,
2025-07-23,106.53409576416016,,,,,,
2025-07-24,107.36753845214844,,,,,,
2025-07-25,106.98957824707033,,,,,,
2025-07-28,107.99745178222656,,,,,,
2025-07-29,109.39295959472656,,,,,,
2025-07-30,108.44325256347656,,,,,,
2025-07-31,108.19126892089844,,,,,,
2025-08-01,106.25305938720705,,,,,,
2025-08-04,104.05318450927734,,,,,,
2025-08-05,103.9272003173828,,,,,,
2025-08-06,103.21974182128906,,,,,,
2025-08-07,102.67704010009766,,,,,,
2025-08-08,103.50079345703124,,,,,,
2025-08-11,102.5607452392578,,,,,,
2025-08-12,102.85148620605467,,,,,,
2025-08-13,104.27606964111328,,,,,,
2025-08-14,104.0628662109375,,,,,,
2025-08-15,104.16068267822266,,,,,,
2025-08-18,104.38565826416016,,,,,,
2025-08-19,105.07034301757812,,,,,,
2025-08-20,106.15605926513672,,,,,,
2025-08-21,106.84075927734376,,,,,,
2025-08-22,108.84591674804688,,,,,,
2025-08-25,109.29583740234376,,,,,,
2025-08-26,109.05130767822266,,,,,,
2025-08-27,110.28375244140624,,,,,,
2025-08-28,110.8706283569336,,,,,,
2025-08-29,111.7900619506836,,,,,,
2025-09-02,112.18132019042967,,,,,,
2025-09-03,109.46212768554688,,,,,,
2025-09-04,109.94141387939452,,,,,,
2025-09-05,106.84075927734376,,,,,,
2025-09-08,107.44718933105467,,,,,,
2025-09-09,108.2296905517578,,,,,,
2025-09-10,110.03922271728516,,,,,,
2025-09-11,109.68709564208984,,,,,,
2025-09-12,109.7066650390625,,,,,,
2025-09-15,109.89250946044922,,,,,,
2025-09-16,112.17153930664062,,,,,,
2025-09-17,112.7681884765625,,,,,,
2025-09-18,111.43795013427734,,,,,,
2025-09-19,110.35222625732422,,,,,,
2025-09-22,109.56971740722656,,,,,,
2025-09-23,111.4574966430664,,,,,,
2025-09-24,112.05416107177734,,,,,,
2025-09-25,113.06163024902344,,,,,,
2025-09-26,114.6559829711914,,,,,,
2025-09-29,111.72159576416016,,,,,,
2025-09-30,110.28375244140624,,,,,,
2025-10-01,109.54037475585938,,,,,,
2025-10-02,108.8556900024414,,,,,,
2025-10-03,110.78260040283205,,,,,,
2025-10-06,111.70203399658205,,,,,,
2025-10-07,111.76072692871094,,,,,,
2025-10-08,111.52597045898438,,,,,,
2025-10-09,110.44025421142578,,,,,,
2025-10-10,108.30793762207033,,,,,,
2025-10-13,109.78490447998048,,,,,,
2025-10-14,109.83381652832033,,,,,,
2025-10-15,109.16868591308594,,,,,,
2025-10-16,108.21990966796876,,,,,,
2025-10-17,109.78490447998048,,,,,,
2025-10-20,110.2348403930664,,,,,,
2025-10-21,110.24462890625,,,,,,
2025-10-22,112.2008819580078,,,,,,
2025-10-23,113.44310760498048,,,,,,
2025-10-24,112.86600494384766,,,,,,
2025-10-27,113.40398406982422,,,,,,
2025-10-28,112.51387786865234,,,,,,
2025-10-29,113.90282440185548,,,,,,
2025-10-30,112.18132019042967,,,,,,
2025-10-31,111.85853576660156,,,,,,
2025-11-03,111.27166748046876,,,,,,
2025-11-04,111.6433563232422,,,,,,
2025-11-05,111.19341278076172,,,,,,
2025-11-06,111.99547576904295,,,,,,
2025-11-07,114.6559829711914,,,,,,
2025-11-10,115.63410949707033,,,,,,
2025-11-11,117.15998077392578,,,,,,
2025-11-12,115.53629302978516,,,,,,
2025-11-13,116.19164276123048,,,,,,
2025-11-14,117.70126342773438,,,,,,
2025-11-17,116.11270141601562,,,,,,
2025-11-18,117.4447250366211,,,,,,
2025-11-19,115.78709411621094,,,,,,
2025-11-20,115.46148681640624,,,,,,
2025-11-21,115.52069091796876,,,,,,
2025-11-24,114.42547607421876,,,,,,
2025-11-25,112.98491668701172,,,,,,
2025-11-26,113.241455078125,,,,,,
2025-11-28,114.37614440917967,,,,,,
2025-12-01,115.0766830444336,,,,,,
2025-12-02,113.84333038330078,,,,,,
2025-12-03,116.2311019897461,,,,,,
2025-12-04,115.57989501953124,,,,,,
2025-12-05,114.98788452148438,,,,,,
2025-12-08,114.4353485107422,,,,,,
2025-12-09,116.67510986328124,,,,,,
2025-12-10,117.94792938232422,,,,,,
2025-12-11,117.94792938232422,,,,,,
2025-12-12,117.23751831054688,,,,,,
2025-12-15,116.19164276123048,,,,,,
2025-12-16,113.15265655517578,,,,,,
2025-12-17,115.84630584716795,,,,,,
2025-12-18,114.98788452148438,,,,,,
2025-12-19,115.1358871459961,,,,,,
2025-12-22,116.5764389038086,,,,,,
2025-12-23,117.82952117919922,,,,,,
2025-12-24,117.63219451904295,,,,,,
2025-12-26,117.5236587524414,,,,,,
2025-12-29,118.92474365234376,,,,,,
2025-12-30,119.3786163330078,,,,,,
2025-12-31,118.73727416992188,,,,,,
2026-01-02,121.01651000976562,,,,,,
2026-01-05,123.69041442871094,,,,,,
2026-01-06,119.43782806396484,,,,,,
2026-01-07,116.9119110107422,,,,,,
2026-01-08,121.2730484008789,,,,,,
2026-01-09,122.95040893554688,,,,,,
2026-01-12,122.3781280517578,,,,,,
2026-01-13,124.85469818115234,,,,,,
2026-01-14,128.4659423828125,,,,,,
2026-01-15,127.41021728515624,,,,,,
2026-01-16,128.1600799560547,,,,,,
2026-01-20,128.72250366210938,,,,,,
2026-01-21,131.83055114746094,,,,,,
2026-01-22,131.8601531982422,,,,,,
2026-01-23,133.1724395751953,,,,,,
2026-01-26,133.04415893554688,,,,,,
2026-01-27,135.0076446533203,,,,,,
2026-01-28,135.74766540527344,,,,,,
2026-01-29,138.63864135742188,,,,,,
2026-01-30,139.51678466796875,,,,,,
2026-02-02,136.55673217773438,,,,,,
2026-02-03,141.8157501220703,,,,,,
2026-02-04,145.6243438720703,,,,,,
2026-02-05,144.1344757080078,,,,,,
2026-02-06,147.06491088867188,,,,,,
2026-02-09,149.19613647460938,,,,,,
2026-02-10,149.57107543945312,,,,,,
2026-02-11,153.4882049560547,,,,,,
2026-02-12,148.91920471191406,,,,,,
2026-02-13,147.44918823242188,,,,,,
2026-02-17,145.20443725585938,,,,,,
2026-02-18,149.66415405273438,,,,,,
2026-02-19,149.95220947265625,,,,,,
2026-02-20,146.28707885742188,,,,,,
2026-02-23,149.74362182617188,,,,,,
2026-02-24,148.25372314453125,,,,,,
2026-02-25,148.05508422851562,,,,,,
2026-02-26,147.53857421875,,,,,,
2026-02-27,151.47189331054688,,,,,,
2026-03-02,153.1802978515625,,,,,,
2026-03-03,150.80641174316406,,,,,,
2026-03-04,148.80996704101562,,,,,,
2026-03-05,149.74362182617188,,,,,,
2026-03-06,150.1905975341797,,,,,,
2026-03-09,149.42578125,,,,,,
2026-03-10,147.13136291503906,,,,,,
2026-03-11,150.55809020996094,,,,,,
2026-03-12,152.4949493408203,,,,,,
2026-03-13,155.06747436523438,,,,,,
2026-03-16,156.1699981689453,,,,,,
2026-03-17,157.73934936523438,,,,,,
2026-03-18,156.52757263183594,,,,,,
2026-03-19,157.09373474121094,,,,,,
2026-03-20,158.5935516357422,,,,,,
2026-03-23,160.04371643066406,,,,,,
2026-03-24,164.2650604248047,,,,,,
2026-03-25,162.1593475341797,,,,,,
2026-03-26,164.31471252441406,,,,,,
2026-03-27,169.8372344970703,,,,,,
2026-03-30,170.31399536132812,,,,,,
2026-03-31,168.51620483398438,,,,,,
2026-04-01,159.69607543945312,,,,,,
2026-04-02,159.60667419433594,,,,,,
2026-04-06,162.2686004638672,,,,,,
2026-04-07,162.8049774169922,,,,,,
2026-04-08,155.16680908203125,,,,,,
2026-04-09,153.99476623535156,,,,,,
2026-04-10,151.4818115234375,,,,,,
2026-04-13,151.61094665527344,,,,,,
2026-04-14,148.23387145996094,,,,,,
2026-04-15,148.0054168701172,,,,,,
2026-04-16,150.9553985595703,,,,,,
2026-04-17,145.45274353027344,,,,,,
2026-04-20,146.6843719482422,,,,,,
2026-04-21,147.35980224609375,,,,,,
2026-04-22,148.4921112060547,,,,,,
2026-04-23,149.51516723632812,,,,,,
2026-04-24,147.90609741210938,,,,,,
2026-04-27,147.19094848632812,,,,,,
2026-04-28,149.5449676513672,,,,,,
2026-04-29,153.62725830078125,,,,,,
2026-04-30,153.28955078125,,,,,,
2026-05-01,151.72019958496094,,,,,,
2026-05-04,152.65386962890625,,,,,,
2026-05-05,153.83584594726562,,,,,,
2026-05-06,147.6875762939453,,,,,,
2026-05-07,145.591796875,,,,,,
2026-05-08,143.59535217285156,,,,,,
2026-05-11,148.6708984375,,,,,,
2026-05-12,149.614501953125,,,,,,
2026-05-13,150.5481719970703,,,,,,
2026-05-14,151.75,,,,,,
2026-05-15,157.9199981689453,,,,,,
2026-05-18,160.49000549316406,,,,,,
2026-05-19,162.5500030517578,,,,,,
2026-05-20,156.27999877929688,,,,,,
2026-05-21,155.2899932861328,,,,,,
2026-05-22,154.9199981689453,,,,,,
2026-05-26,149.80999755859375,,,,,,
2026-05-27,147.89999389648438,,,,,,
2026-05-28,146.9600067138672,,,,,,
2026-05-29,145.25999450683594,,,,,,
2026-06-01,149.3800048828125,,,,,,
2026-06-02,149.55999755859375,,,,,,
2026-06-03,152.52999877929688,,,,,,
2026-06-04,152.0399932861328,,,,,,
2026-06-05,149.9199981689453,,,,,,
2026-06-08,151.75,,,,,,
2026-06-09,148.91000366210938,,,,,,
2026-06-10,150.6199951171875,,,,,,
2026-06-11,146.60000610351562,,,,,,
2026-06-12,147.00999450683594,,,,,,
2026-06-15,140.9199981689453,,,,,,
2026-06-16,141.86000061035156,,,,,,
2026-06-17,140.74000549316406,,,,,,
2026-06-18,137.80999755859375,,,,,,
2026-06-22,138.47000122070312,,,,,,
2026-06-23,139.72999572753906,,,,,,
2026-06-24,136.89999389648438,,,,,,
2026-06-25,137.5500030517578,,,,,,
2026-06-26,136.5399932861328,,,,,,
2026-06-29,136.05999755859375,,,,,,
2026-06-30,136.72000122070312,,,,,,
2026-07-01,136.27999877929688,,,,,,
2026-07-02,137.08999633789062,,,,,,
2026-07-06,135.56,,,,,,
2026-07-07,140.78,,,,,,
2026-07-08,140.22,,,,,,
2026-07-09,136.58,,,,,,
2026-07-10,137.99,,,,,,
2026-07-13,143.58,,,,,,
2026-07-14,144.16,,,,,,
2026-07-15,143.58,,,,,,
2026-07-16,145.01,,,,,,
2026-07-17,146.41,,,,,,
2026-07-20,147.41,,,,,,
2026-07-21,150.73,,,,,,
2026-07-22,153.46,,,,,,
2026-07-23,155.88,,,,,,
2026-07-24,155.93,,,,,,
2026-07-27,153.77,,,,,,
2026-07-28,152.06,,,,,,
2026-07-29,155.74,,,,,,
2026-07-30,155.96,,,,,,
2026-07-31,154.44,,,,,,
2026-08-03,154.06,,,,,,
2026-08-04,152.97,,,,,,
2026-08-05,150.65,,,,,,
2026-08-06,153.84,,,,,,
2026-08-07,152.06,,,,,,
2026-08-10,158.76,,,,,,
2026-08-11,158.77,,,,,,
2026-08-12,158.72,,,,,,
2026-08-13,157.59,,,,,,
2026-08-14,159.07,,,,,,
2026-08-17,161.46,,,,,,
2026-08-18,165.56,,,,,,
2026-08-19,164.77,,,,,,
2026-08-20,166.15,,,,,,
2026-08-21,165.11,,,,,,
2026-08-24,164.05,,,,,,
2026-08-25,160.64,,,,,,
2026-08-26,158.19,,,,,,
2026-08-27,156.44,,,,,,
2026-08-28,156.71,,,,,,
2026-08-31,160.95,159.94,161.59,158.74,5373403.0,160.182,28608.0
2026-09-01,164.55,163.6,164.7,162.21,4841314.0,163.683,25715.0
